Time,Driver,DriverNumber,LapTime,LapNumber,Stint,PitOutTime,PitInTime,Sector1Time,Sector2Time,Sector3Time,Sector1SessionTime,Sector2SessionTime,Sector3SessionTime,SpeedI1,SpeedI2,SpeedFL,SpeedST,IsPersonalBest,Compound,TyreLife,FreshTyre,Team,LapStartTime,LapStartDate,TrackStatus,Position,Deleted,DeletedReason,FastF1Generated,IsAccurate
0 days 00:49:09.819000,ANT,12,NaT,1.0,1.0,NaT,NaT,NaT,0 days 00:00:38.780000,0 days 00:00:25.089000,NaT,0 days 00:48:44.789000,0 days 00:49:09.977000,310.0,265.0,254.0,317.0,False,MEDIUM,1.0,True,Mercedes,0 days 00:47:33.017000,,1,2.0,,,False,False
0 days 00:50:42.200000,ANT,12,0 days 00:01:32.381000,2.0,1.0,NaT,NaT,0 days 00:00:29.664000,0 days 00:00:37.183000,0 days 00:00:25.534000,0 days 00:49:39.542000,0 days 00:50:16.725000,0 days 00:50:42.259000,295.0,261.0,254.0,301.0,True,MEDIUM,2.0,True,Mercedes,0 days 00:49:09.819000,,12,2.0,,,False,True
0 days 00:52:14.530000,ANT,12,0 days 00:01:32.330000,3.0,1.0,NaT,NaT,0 days 00:00:29.633000,0 days 00:00:37.217000,0 days 00:00:25.480000,0 days 00:51:11.892000,0 days 00:51:49.109000,0 days 00:52:14.589000,297.0,262.0,254.0,303.0,True,MEDIUM,3.0,True,Mercedes,0 days 00:50:42.200000,,1,2.0,,,False,True
0 days 00:53:46.500000,ANT,12,0 days 00:01:31.970000,4.0,1.0,NaT,NaT,0 days 00:00:29.446000,0 days 00:00:37.273000,0 days 00:00:25.251000,0 days 00:52:44.035000,0 days 00:53:21.308000,0 days 00:53:46.559000,307.0,262.0,256.0,303.0,True,MEDIUM,4.0,True,Mercedes,0 days 00:52:14.530000,,1,2.0,,,False,True
0 days 00:55:18.475000,ANT,12,0 days 00:01:31.975000,5.0,1.0,NaT,NaT,0 days 00:00:29.367000,0 days 00:00:37.193000,0 days 00:00:25.415000,0 days 00:54:15.926000,0 days 00:54:53.119000,0 days 00:55:18.534000,312.0,265.0,250.0,308.0,False,MEDIUM,5.0,True,Mercedes,0 days 00:53:46.500000,,1,2.0,,,False,True
0 days 00:56:50.579000,ANT,12,0 days 00:01:32.104000,6.0,1.0,NaT,NaT,0 days 00:00:29.434000,0 days 00:00:37.345000,0 days 00:00:25.325000,0 days 00:55:47.968000,0 days 00:56:25.313000,0 days 00:56:50.638000,313.0,262.0,255.0,309.0,False,MEDIUM,6.0,True,Mercedes,0 days 00:55:18.475000,,1,2.0,,,False,True
0 days 00:58:23.029000,ANT,12,0 days 00:01:32.450000,7.0,1.0,NaT,NaT,0 days 00:00:29.386000,0 days 00:00:37.522000,0 days 00:00:25.542000,0 days 00:57:20.024000,0 days 00:57:57.546000,0 days 00:58:23.088000,318.0,264.0,255.0,314.0,False,MEDIUM,7.0,True,Mercedes,0 days 00:56:50.579000,,1,2.0,,,False,True
0 days 00:59:55.478000,ANT,12,0 days 00:01:32.449000,8.0,1.0,NaT,NaT,0 days 00:00:29.600000,0 days 00:00:37.846000,0 days 00:00:25.003000,0 days 00:58:52.688000,0 days 00:59:30.534000,0 days 00:59:55.537000,305.0,262.0,252.0,318.0,False,MEDIUM,8.0,True,Mercedes,0 days 00:58:23.029000,,1,1.0,,,False,True
0 days 01:01:27.941000,ANT,12,0 days 00:01:32.463000,9.0,1.0,NaT,NaT,0 days 00:00:29.759000,0 days 00:00:37.160000,0 days 00:00:25.544000,0 days 01:00:25.296000,0 days 01:01:02.456000,0 days 01:01:28,294.0,262.0,255.0,296.0,False,MEDIUM,9.0,True,Mercedes,0 days 00:59:55.478000,,1,1.0,,,False,True
0 days 01:03:00.385000,ANT,12,0 days 00:01:32.444000,10.0,1.0,NaT,NaT,0 days 00:00:29.588000,0 days 00:00:37.223000,0 days 00:00:25.633000,0 days 01:01:57.588000,0 days 01:02:34.811000,0 days 01:03:00.444000,302.0,261.0,253.0,294.0,False,MEDIUM,10.0,True,Mercedes,0 days 01:01:27.941000,,1,1.0,,,False,True
0 days 01:04:32.468000,ANT,12,0 days 00:01:32.083000,11.0,1.0,NaT,NaT,0 days 00:00:29.612000,0 days 00:00:37.121000,0 days 00:00:25.350000,0 days 01:03:30.056000,0 days 01:04:07.177000,0 days 01:04:32.527000,302.0,263.0,253.0,297.0,False,MEDIUM,11.0,True,Mercedes,0 days 01:03:00.385000,,1,1.0,,,False,True
0 days 01:06:04.751000,ANT,12,0 days 00:01:32.283000,12.0,1.0,NaT,NaT,0 days 00:00:29.798000,0 days 00:00:37.144000,0 days 00:00:25.341000,0 days 01:05:02.325000,0 days 01:05:39.469000,0 days 01:06:04.810000,301.0,262.0,254.0,299.0,False,MEDIUM,12.0,True,Mercedes,0 days 01:04:32.468000,,1,1.0,,,False,True
0 days 01:07:37.325000,ANT,12,0 days 00:01:32.574000,13.0,1.0,NaT,NaT,0 days 00:00:29.934000,0 days 00:00:37.266000,0 days 00:00:25.374000,0 days 01:06:34.744000,0 days 01:07:12.010000,0 days 01:07:37.384000,299.0,262.0,253.0,302.0,False,MEDIUM,13.0,True,Mercedes,0 days 01:06:04.751000,,1,1.0,,,False,True
0 days 01:09:09.671000,ANT,12,0 days 00:01:32.346000,14.0,1.0,NaT,NaT,0 days 00:00:29.794000,0 days 00:00:37.253000,0 days 00:00:25.299000,0 days 01:08:07.178000,0 days 01:08:44.431000,0 days 01:09:09.730000,300.0,261.0,253.0,298.0,False,MEDIUM,14.0,True,Mercedes,0 days 01:07:37.325000,,1,1.0,,,False,True
0 days 01:10:41.739000,ANT,12,0 days 00:01:32.068000,15.0,1.0,NaT,NaT,0 days 00:00:29.699000,0 days 00:00:37.135000,0 days 00:00:25.234000,0 days 01:09:39.429000,0 days 01:10:16.564000,0 days 01:10:41.798000,303.0,262.0,255.0,299.0,False,MEDIUM,15.0,True,Mercedes,0 days 01:09:09.671000,,1,1.0,,,False,True
0 days 01:12:13.786000,ANT,12,0 days 00:01:32.047000,16.0,1.0,NaT,NaT,0 days 00:00:29.709000,0 days 00:00:37.134000,0 days 00:00:25.204000,0 days 01:11:11.507000,0 days 01:11:48.641000,0 days 01:12:13.845000,299.0,262.0,254.0,299.0,False,MEDIUM,16.0,True,Mercedes,0 days 01:10:41.739000,,1,1.0,,,False,True
0 days 01:13:45.393000,ANT,12,0 days 00:01:31.607000,17.0,1.0,NaT,NaT,0 days 00:00:29.606000,0 days 00:00:37.078000,0 days 00:00:24.923000,0 days 01:12:43.451000,0 days 01:13:20.529000,0 days 01:13:45.452000,294.0,266.0,255.0,312.0,True,MEDIUM,17.0,True,Mercedes,0 days 01:12:13.786000,,1,1.0,,,False,True
0 days 00:49:08.748000,HAM,44,NaT,1.0,1.0,NaT,NaT,NaT,0 days 00:00:37.302000,0 days 00:00:25.686000,NaT,0 days 00:48:43.274000,0 days 00:49:09.136000,290.0,261.0,250.0,297.0,False,MEDIUM,1.0,True,Ferrari,0 days 00:47:33.017000,,1,1.0,,,False,False
0 days 00:50:40.863000,HAM,44,0 days 00:01:32.115000,2.0,1.0,NaT,NaT,0 days 00:00:29.928000,0 days 00:00:36.754000,0 days 00:00:25.433000,0 days 00:49:38.753000,0 days 00:50:15.507000,0 days 00:50:40.940000,286.0,260.0,250.0,298.0,True,MEDIUM,2.0,True,Ferrari,0 days 00:49:08.748000,,12,1.0,,,False,True
0 days 00:52:13.407000,HAM,44,0 days 00:01:32.544000,3.0,1.0,NaT,NaT,0 days 00:00:30.141000,0 days 00:00:37.124000,0 days 00:00:25.279000,0 days 00:51:11.081000,0 days 00:51:48.205000,0 days 00:52:13.484000,289.0,261.0,249.0,300.0,False,MEDIUM,3.0,True,Ferrari,0 days 00:50:40.863000,,1,1.0,,,False,True
0 days 00:53:45.626000,HAM,44,0 days 00:01:32.219000,4.0,1.0,NaT,NaT,0 days 00:00:29.853000,0 days 00:00:36.911000,0 days 00:00:25.455000,0 days 00:52:43.337000,0 days 00:53:20.248000,0 days 00:53:45.703000,291.0,259.0,250.0,299.0,False,MEDIUM,4.0,True,Ferrari,0 days 00:52:13.407000,,1,1.0,,,False,True
0 days 00:55:17.534000,HAM,44,0 days 00:01:31.908000,5.0,1.0,NaT,NaT,0 days 00:00:29.740000,0 days 00:00:36.889000,0 days 00:00:25.279000,0 days 00:54:15.443000,0 days 00:54:52.332000,0 days 00:55:17.611000,300.0,261.0,250.0,299.0,True,MEDIUM,5.0,True,Ferrari,0 days 00:53:45.626000,,1,1.0,,,False,True
0 days 00:56:49.843000,HAM,44,0 days 00:01:32.309000,6.0,1.0,NaT,NaT,0 days 00:00:29.937000,0 days 00:00:37.148000,0 days 00:00:25.224000,0 days 00:55:47.548000,0 days 00:56:24.696000,0 days 00:56:49.920000,285.0,257.0,250.0,297.0,False,MEDIUM,6.0,True,Ferrari,0 days 00:55:17.534000,,1,1.0,,,False,True
0 days 00:58:22.433000,HAM,44,0 days 00:01:32.590000,7.0,1.0,NaT,NaT,0 days 00:00:29.848000,0 days 00:00:37.170000,0 days 00:00:25.572000,0 days 00:57:19.768000,0 days 00:57:56.938000,0 days 00:58:22.510000,295.0,255.0,248.0,299.0,False,MEDIUM,7.0,True,Ferrari,0 days 00:56:49.843000,,1,1.0,,,False,True
0 days 00:59:56.350000,HAM,44,0 days 00:01:33.917000,8.0,1.0,NaT,NaT,0 days 00:00:30.133000,0 days 00:00:37.493000,0 days 00:00:26.291000,0 days 00:58:52.643000,0 days 00:59:30.136000,0 days 00:59:56.427000,305.0,250.0,249.0,292.0,False,MEDIUM,8.0,True,Ferrari,0 days 00:58:22.433000,,1,2.0,,,False,True
0 days 01:01:28.737000,HAM,44,0 days 00:01:32.387000,9.0,1.0,NaT,NaT,0 days 00:00:29.887000,0 days 00:00:37.122000,0 days 00:00:25.378000,0 days 01:00:26.314000,0 days 01:01:03.436000,0 days 01:01:28.814000,295.0,265.0,250.0,318.0,False,MEDIUM,9.0,True,Ferrari,0 days 00:59:56.350000,,1,2.0,,,False,True
0 days 01:03:01.222000,HAM,44,0 days 00:01:32.485000,10.0,1.0,NaT,NaT,0 days 00:00:29.954000,0 days 00:00:37.076000,0 days 00:00:25.455000,0 days 01:01:58.768000,0 days 01:02:35.844000,0 days 01:03:01.299000,294.0,258.0,249.0,308.0,False,MEDIUM,10.0,True,Ferrari,0 days 01:01:28.737000,,1,2.0,,,False,True
0 days 01:04:33.672000,HAM,44,0 days 00:01:32.450000,11.0,1.0,NaT,NaT,0 days 00:00:29.944000,0 days 00:00:37.261000,0 days 00:00:25.245000,0 days 01:03:31.243000,0 days 01:04:08.504000,0 days 01:04:33.749000,295.0,262.0,250.0,308.0,False,MEDIUM,11.0,True,Ferrari,0 days 01:03:01.222000,,1,2.0,,,False,True
0 days 01:06:06.413000,HAM,44,0 days 00:01:32.741000,12.0,1.0,NaT,NaT,0 days 00:00:30.168000,0 days 00:00:37.318000,0 days 00:00:25.255000,0 days 01:05:03.917000,0 days 01:05:41.235000,0 days 01:06:06.490000,293.0,262.0,251.0,308.0,False,MEDIUM,12.0,True,Ferrari,0 days 01:04:33.672000,,1,2.0,,,False,True
0 days 01:07:38.738000,HAM,44,0 days 00:01:32.325000,13.0,1.0,NaT,NaT,0 days 00:00:29.954000,0 days 00:00:37.033000,0 days 00:00:25.338000,0 days 01:06:36.444000,0 days 01:07:13.477000,0 days 01:07:38.815000,296.0,260.0,252.0,306.0,False,MEDIUM,13.0,True,Ferrari,0 days 01:06:06.413000,,1,2.0,,,False,True
0 days 01:09:11.156000,HAM,44,0 days 00:01:32.418000,14.0,1.0,NaT,NaT,0 days 00:00:30.023000,0 days 00:00:36.972000,0 days 00:00:25.423000,0 days 01:08:08.838000,0 days 01:08:45.810000,0 days 01:09:11.233000,295.0,259.0,251.0,304.0,False,MEDIUM,14.0,True,Ferrari,0 days 01:07:38.738000,,1,2.0,,,False,True
0 days 01:10:43.700000,HAM,44,0 days 00:01:32.544000,15.0,1.0,NaT,NaT,0 days 00:00:29.971000,0 days 00:00:37.270000,0 days 00:00:25.303000,0 days 01:09:41.204000,0 days 01:10:18.474000,0 days 01:10:43.777000,294.0,262.0,250.0,308.0,False,MEDIUM,15.0,True,Ferrari,0 days 01:09:11.156000,,1,2.0,,,False,True
0 days 01:12:16.092000,HAM,44,0 days 00:01:32.392000,16.0,1.0,NaT,NaT,0 days 00:00:29.938000,0 days 00:00:37.160000,0 days 00:00:25.294000,0 days 01:11:13.715000,0 days 01:11:50.875000,0 days 01:12:16.169000,295.0,262.0,250.0,307.0,False,MEDIUM,16.0,True,Ferrari,0 days 01:10:43.700000,,1,2.0,,,False,True
0 days 01:13:48.138000,HAM,44,0 days 00:01:32.046000,17.0,1.0,NaT,NaT,0 days 00:00:29.751000,0 days 00:00:36.994000,0 days 00:00:25.301000,0 days 01:12:45.920000,0 days 01:13:22.914000,0 days 01:13:48.215000,295.0,261.0,247.0,305.0,False,MEDIUM,17.0,True,Ferrari,0 days 01:12:16.092000,,1,2.0,,,False,True
0 days 00:49:11.032000,NOR,1,NaT,1.0,1.0,NaT,NaT,NaT,0 days 00:00:38.422000,0 days 00:00:26.585000,NaT,0 days 00:48:44.508000,0 days 00:49:11.219000,311.0,258.0,244.0,300.0,False,MEDIUM,1.0,True,McLaren,0 days 00:47:33.017000,,1,4.0,,,False,False
0 days 00:50:44.981000,NOR,1,0 days 00:01:33.949000,2.0,1.0,NaT,NaT,0 days 00:00:29.956000,0 days 00:00:37.966000,0 days 00:00:26.027000,0 days 00:49:41.048000,0 days 00:50:19.014000,0 days 00:50:45.041000,313.0,259.0,246.0,318.0,True,MEDIUM,2.0,True,McLaren,0 days 00:49:11.032000,,12,3.0,,,False,True
0 days 00:52:18.685000,NOR,1,0 days 00:01:33.704000,3.0,1.0,NaT,NaT,0 days 00:00:30.477000,0 days 00:00:37.583000,0 days 00:00:25.644000,0 days 00:51:15.518000,0 days 00:51:53.101000,0 days 00:52:18.745000,291.0,260.0,255.0,295.0,True,MEDIUM,3.0,True,McLaren,0 days 00:50:44.981000,,1,3.0,,,False,True
0 days 00:53:51.543000,NOR,1,0 days 00:01:32.858000,4.0,1.0,NaT,NaT,0 days 00:00:29.738000,0 days 00:00:37.452000,0 days 00:00:25.668000,0 days 00:52:48.483000,0 days 00:53:25.935000,0 days 00:53:51.603000,294.0,258.0,255.0,296.0,True,MEDIUM,4.0,True,McLaren,0 days 00:52:18.685000,,1,3.0,,,False,True
0 days 00:55:23.949000,NOR,1,0 days 00:01:32.406000,5.0,1.0,NaT,NaT,0 days 00:00:29.631000,0 days 00:00:37.228000,0 days 00:00:25.547000,0 days 00:54:21.234000,0 days 00:54:58.462000,0 days 00:55:24.009000,295.0,260.0,252.0,294.0,True,MEDIUM,5.0,True,McLaren,0 days 00:53:51.543000,,1,3.0,,,False,True
0 days 00:56:56.448000,NOR,1,0 days 00:01:32.499000,6.0,1.0,NaT,NaT,0 days 00:00:29.886000,0 days 00:00:37.088000,0 days 00:00:25.525000,0 days 00:55:53.895000,0 days 00:56:30.983000,0 days 00:56:56.508000,293.0,261.0,253.0,295.0,False,MEDIUM,6.0,True,McLaren,0 days 00:55:23.949000,,1,3.0,,,False,True
0 days 00:58:28.681000,NOR,1,0 days 00:01:32.233000,7.0,1.0,NaT,NaT,0 days 00:00:29.664000,0 days 00:00:37.168000,0 days 00:00:25.401000,0 days 00:57:26.172000,0 days 00:58:03.340000,0 days 00:58:28.741000,297.0,261.0,254.0,297.0,True,MEDIUM,7.0,True,McLaren,0 days 00:56:56.448000,,1,3.0,,,False,True
0 days 01:00:01.243000,NOR,1,0 days 00:01:32.562000,8.0,1.0,NaT,NaT,0 days 00:00:29.793000,0 days 00:00:37.135000,0 days 00:00:25.634000,0 days 00:58:58.534000,0 days 00:59:35.669000,0 days 01:00:01.303000,296.0,260.0,254.0,299.0,False,MEDIUM,8.0,True,McLaren,0 days 00:58:28.681000,,1,3.0,,,False,True
0 days 01:01:33.906000,NOR,1,0 days 00:01:32.663000,9.0,1.0,NaT,NaT,0 days 00:00:29.750000,0 days 00:00:37.388000,0 days 00:00:25.525000,0 days 01:00:31.053000,0 days 01:01:08.441000,0 days 01:01:33.966000,296.0,259.0,254.0,297.0,False,MEDIUM,9.0,True,McLaren,0 days 01:00:01.243000,,1,3.0,,,False,True
0 days 01:03:06.852000,NOR,1,0 days 00:01:32.946000,10.0,1.0,NaT,NaT,0 days 00:00:29.879000,0 days 00:00:37.479000,0 days 00:00:25.588000,0 days 01:02:03.845000,0 days 01:02:41.324000,0 days 01:03:06.912000,294.0,256.0,253.0,296.0,False,MEDIUM,10.0,True,McLaren,0 days 01:01:33.906000,,1,3.0,,,False,True
0 days 01:04:39.415000,NOR,1,0 days 00:01:32.563000,11.0,1.0,NaT,NaT,0 days 00:00:29.786000,0 days 00:00:37.263000,0 days 00:00:25.514000,0 days 01:03:36.698000,0 days 01:04:13.961000,0 days 01:04:39.475000,295.0,258.0,253.0,297.0,False,MEDIUM,11.0,True,McLaren,0 days 01:03:06.852000,,1,3.0,,,False,True
0 days 01:06:11.887000,NOR,1,0 days 00:01:32.472000,12.0,1.0,NaT,NaT,0 days 00:00:29.780000,0 days 00:00:37.232000,0 days 00:00:25.460000,0 days 01:05:09.255000,0 days 01:05:46.487000,0 days 01:06:11.947000,295.0,259.0,255.0,296.0,False,MEDIUM,12.0,True,McLaren,0 days 01:04:39.415000,,1,3.0,,,False,True
0 days 01:07:44.764000,NOR,1,0 days 00:01:32.877000,13.0,1.0,NaT,NaT,0 days 00:00:29.810000,0 days 00:00:37.300000,0 days 00:00:25.767000,0 days 01:06:41.757000,0 days 01:07:19.057000,0 days 01:07:44.824000,294.0,259.0,254.0,292.0,False,MEDIUM,13.0,True,McLaren,0 days 01:06:11.887000,,1,3.0,,,False,True
0 days 01:09:17.658000,NOR,1,0 days 00:01:32.894000,14.0,1.0,NaT,NaT,0 days 00:00:29.954000,0 days 00:00:37.255000,0 days 00:00:25.685000,0 days 01:08:14.778000,0 days 01:08:52.033000,0 days 01:09:17.718000,284.0,259.0,256.0,295.0,False,MEDIUM,14.0,True,McLaren,0 days 01:07:44.764000,,1,3.0,,,False,True
0 days 01:10:50.683000,NOR,1,0 days 00:01:33.025000,15.0,1.0,NaT,NaT,0 days 00:00:29.854000,0 days 00:00:37.760000,0 days 00:00:25.411000,0 days 01:09:47.572000,0 days 01:10:25.332000,0 days 01:10:50.743000,285.0,262.0,254.0,298.0,False,MEDIUM,15.0,True,McLaren,0 days 01:09:17.658000,,1,3.0,,,False,True
0 days 01:12:22.986000,NOR,1,0 days 00:01:32.303000,16.0,1.0,NaT,NaT,0 days 00:00:29.757000,0 days 00:00:37.213000,0 days 00:00:25.333000,0 days 01:11:20.500000,0 days 01:11:57.713000,0 days 01:12:23.046000,295.0,258.0,255.0,297.0,False,MEDIUM,16.0,True,McLaren,0 days 01:10:50.683000,,1,3.0,,,False,True
0 days 01:13:55.176000,NOR,1,0 days 00:01:32.190000,17.0,1.0,NaT,NaT,0 days 00:00:29.775000,0 days 00:00:37.048000,0 days 00:00:25.367000,0 days 01:12:52.821000,0 days 01:13:29.869000,0 days 01:13:55.236000,298.0,261.0,254.0,306.0,True,MEDIUM,17.0,True,McLaren,0 days 01:12:22.986000,,1,3.0,,,False,True
0 days 00:49:10.738000,RUS,63,NaT,1.0,1.0,NaT,NaT,NaT,0 days 00:00:38.852000,0 days 00:00:25.269000,NaT,0 days 00:48:45.586000,0 days 00:49:10.893000,304.0,266.0,249.0,336.0,False,MEDIUM,1.0,True,Mercedes,0 days 00:47:33.017000,,1,3.0,,,False,False
0 days 00:50:45.356000,RUS,63,0 days 00:01:34.618000,2.0,1.0,NaT,NaT,0 days 00:00:30.181000,0 days 00:00:38.354000,0 days 00:00:26.083000,0 days 00:49:41.004000,0 days 00:50:19.358000,0 days 00:50:45.441000,305.0,265.0,242.0,325.0,True,MEDIUM,2.0,True,Mercedes,0 days 00:49:10.738000,,12,4.0,,,False,True
0 days 00:52:20.262000,RUS,63,0 days 00:01:34.906000,3.0,1.0,NaT,NaT,0 days 00:00:30.236000,0 days 00:00:39.132000,0 days 00:00:25.538000,0 days 00:51:15.677000,0 days 00:51:54.809000,0 days 00:52:20.347000,307.0,265.0,241.0,333.0,False,MEDIUM,3.0,True,Mercedes,0 days 00:50:45.356000,,1,5.0,,,False,True
0 days 00:53:53.509000,RUS,63,0 days 00:01:33.247000,4.0,1.0,NaT,NaT,0 days 00:00:30.368000,0 days 00:00:37.421000,0 days 00:00:25.458000,0 days 00:52:50.715000,0 days 00:53:28.136000,0 days 00:53:53.594000,303.0,263.0,253.0,309.0,True,MEDIUM,4.0,True,Mercedes,0 days 00:52:20.262000,,1,5.0,,,False,True
0 days 00:55:26.016000,RUS,63,0 days 00:01:32.507000,5.0,1.0,NaT,NaT,0 days 00:00:29.639000,0 days 00:00:37.402000,0 days 00:00:25.466000,0 days 00:54:23.233000,0 days 00:55:00.635000,0 days 00:55:26.101000,306.0,265.0,249.0,311.0,True,MEDIUM,5.0,True,Mercedes,0 days 00:53:53.509000,,1,5.0,,,False,True
0 days 00:56:58.449000,RUS,63,0 days 00:01:32.433000,6.0,1.0,NaT,NaT,0 days 00:00:29.766000,0 days 00:00:37.189000,0 days 00:00:25.478000,0 days 00:55:55.867000,0 days 00:56:33.056000,0 days 00:56:58.534000,309.0,265.0,251.0,312.0,True,MEDIUM,6.0,True,Mercedes,0 days 00:55:26.016000,,1,5.0,,,False,True
0 days 00:58:30.598000,RUS,63,0 days 00:01:32.149000,7.0,1.0,NaT,NaT,0 days 00:00:29.510000,0 days 00:00:37.182000,0 days 00:00:25.457000,0 days 00:57:28.044000,0 days 00:58:05.226000,0 days 00:58:30.683000,311.0,265.0,252.0,318.0,True,MEDIUM,7.0,True,Mercedes,0 days 00:56:58.449000,,1,5.0,,,False,True
0 days 01:00:03.942000,RUS,63,0 days 00:01:33.344000,8.0,1.0,NaT,NaT,0 days 00:00:29.632000,0 days 00:00:37.254000,0 days 00:00:26.458000,0 days 00:59:00.315000,0 days 00:59:37.569000,0 days 01:00:04.027000,313.0,268.0,240.0,323.0,False,MEDIUM,8.0,True,Mercedes,0 days 00:58:30.598000,,1,5.0,,,False,True
0 days 01:01:36.430000,RUS,63,0 days 00:01:32.488000,9.0,1.0,NaT,NaT,0 days 00:00:29.826000,0 days 00:00:37.576000,0 days 00:00:25.086000,0 days 01:00:33.853000,0 days 01:01:11.429000,0 days 01:01:36.515000,315.0,265.0,245.0,325.0,False,MEDIUM,9.0,True,Mercedes,0 days 01:00:03.942000,,1,4.0,,,False,True
0 days 01:03:09.832000,RUS,63,0 days 00:01:33.402000,10.0,1.0,NaT,NaT,0 days 00:00:30.364000,0 days 00:00:37.436000,0 days 00:00:25.602000,0 days 01:02:06.879000,0 days 01:02:44.315000,0 days 01:03:09.917000,318.0,262.0,252.0,299.0,False,MEDIUM,10.0,True,Mercedes,0 days 01:01:36.430000,,1,4.0,,,False,True
0 days 01:04:42.288000,RUS,63,0 days 00:01:32.456000,11.0,1.0,NaT,NaT,0 days 00:00:29.889000,0 days 00:00:37.224000,0 days 00:00:25.343000,0 days 01:03:39.806000,0 days 01:04:17.030000,0 days 01:04:42.373000,306.0,265.0,250.0,304.0,False,MEDIUM,11.0,True,Mercedes,0 days 01:03:09.832000,,1,4.0,,,False,True
0 days 01:06:14.708000,RUS,63,0 days 00:01:32.420000,12.0,1.0,NaT,NaT,0 days 00:00:29.900000,0 days 00:00:37.218000,0 days 00:00:25.302000,0 days 01:05:12.273000,0 days 01:05:49.491000,0 days 01:06:14.793000,301.0,264.0,251.0,307.0,False,MEDIUM,12.0,True,Mercedes,0 days 01:04:42.288000,,1,4.0,,,False,True
0 days 01:07:47.149000,RUS,63,0 days 00:01:32.441000,13.0,1.0,NaT,NaT,0 days 00:00:29.939000,0 days 00:00:37.297000,0 days 00:00:25.205000,0 days 01:06:44.732000,0 days 01:07:22.029000,0 days 01:07:47.234000,301.0,264.0,252.0,309.0,False,MEDIUM,13.0,True,Mercedes,0 days 01:06:14.708000,,1,4.0,,,False,True
0 days 01:09:19.444000,RUS,63,0 days 00:01:32.295000,14.0,1.0,NaT,NaT,0 days 00:00:29.908000,0 days 00:00:37.084000,0 days 00:00:25.303000,0 days 01:08:17.142000,0 days 01:08:54.226000,0 days 01:09:19.529000,303.0,264.0,251.0,308.0,False,MEDIUM,14.0,True,Mercedes,0 days 01:07:47.149000,,1,4.0,,,False,True
0 days 01:10:51.837000,RUS,63,0 days 00:01:32.393000,15.0,1.0,NaT,NaT,0 days 00:00:29.924000,0 days 00:00:37.203000,0 days 00:00:25.266000,0 days 01:09:49.453000,0 days 01:10:26.656000,0 days 01:10:51.922000,307.0,265.0,250.0,311.0,False,MEDIUM,15.0,True,Mercedes,0 days 01:09:19.444000,,1,4.0,,,False,True
0 days 01:12:24.055000,RUS,63,0 days 00:01:32.218000,16.0,1.0,NaT,NaT,0 days 00:00:29.861000,0 days 00:00:37.261000,0 days 00:00:25.096000,0 days 01:11:21.783000,0 days 01:11:59.044000,0 days 01:12:24.140000,306.0,266.0,250.0,315.0,False,MEDIUM,16.0,True,Mercedes,0 days 01:10:51.837000,,1,4.0,,,False,True
0 days 01:13:56.032000,RUS,63,0 days 00:01:31.977000,17.0,1.0,NaT,NaT,0 days 00:00:29.782000,0 days 00:00:36.756000,0 days 00:00:25.439000,0 days 01:12:53.922000,0 days 01:13:30.678000,0 days 01:13:56.117000,305.0,263.0,247.0,309.0,True,MEDIUM,17.0,True,Mercedes,0 days 01:12:24.055000,,1,4.0,,,False,True
0 days 00:49:12.235000,LEC,16,NaT,1.0,1.0,NaT,NaT,NaT,0 days 00:00:38.912000,0 days 00:00:25.733000,NaT,0 days 00:48:46.571000,0 days 00:49:12.275000,314.0,259.0,253.0,315.0,False,MEDIUM,1.0,True,Ferrari,0 days 00:47:33.017000,,1,7.0,,,False,False
0 days 00:50:46.611000,LEC,16,0 days 00:01:34.376000,2.0,1.0,NaT,NaT,0 days 00:00:30.032000,0 days 00:00:38.537000,0 days 00:00:25.807000,0 days 00:49:42.307000,0 days 00:50:20.844000,0 days 00:50:46.651000,301.0,264.0,250.0,324.0,True,MEDIUM,2.0,True,Ferrari,0 days 00:49:12.235000,,12,7.0,,,False,True
0 days 00:52:21.146000,LEC,16,0 days 00:01:34.535000,3.0,1.0,NaT,NaT,0 days 00:00:30.041000,0 days 00:00:38.580000,0 days 00:00:25.914000,0 days 00:51:16.692000,0 days 00:51:55.272000,0 days 00:52:21.186000,322.0,259.0,252.0,309.0,False,MEDIUM,3.0,True,Ferrari,0 days 00:50:46.611000,,1,7.0,,,False,True
0 days 00:53:54.390000,LEC,16,0 days 00:01:33.244000,4.0,1.0,NaT,NaT,0 days 00:00:29.848000,0 days 00:00:37.752000,0 days 00:00:25.644000,0 days 00:52:51.034000,0 days 00:53:28.786000,0 days 00:53:54.430000,319.0,258.0,254.0,303.0,True,MEDIUM,4.0,True,Ferrari,0 days 00:52:21.146000,,1,6.0,,,False,True
0 days 00:55:26.988000,LEC,16,0 days 00:01:32.598000,5.0,1.0,NaT,NaT,0 days 00:00:29.438000,0 days 00:00:37.438000,0 days 00:00:25.722000,0 days 00:54:23.868000,0 days 00:55:01.306000,0 days 00:55:27.028000,317.0,255.0,254.0,297.0,True,MEDIUM,5.0,True,Ferrari,0 days 00:53:54.390000,,1,6.0,,,False,True
0 days 00:56:59.630000,LEC,16,0 days 00:01:32.642000,6.0,1.0,NaT,NaT,0 days 00:00:29.427000,0 days 00:00:37.438000,0 days 00:00:25.777000,0 days 00:55:56.455000,0 days 00:56:33.893000,0 days 00:56:59.670000,316.0,256.0,252.0,298.0,False,MEDIUM,6.0,True,Ferrari,0 days 00:55:26.988000,,1,6.0,,,False,True
0 days 00:58:32.150000,LEC,16,0 days 00:01:32.520000,7.0,1.0,NaT,NaT,0 days 00:00:29.711000,0 days 00:00:37.259000,0 days 00:00:25.550000,0 days 00:57:29.381000,0 days 00:58:06.640000,0 days 00:58:32.190000,294.0,260.0,252.0,302.0,True,MEDIUM,7.0,True,Ferrari,0 days 00:56:59.630000,,1,6.0,,,False,True
0 days 01:00:04.754000,LEC,16,0 days 00:01:32.604000,8.0,1.0,NaT,NaT,0 days 00:00:29.858000,0 days 00:00:37.153000,0 days 00:00:25.593000,0 days 00:59:02.048000,0 days 00:59:39.201000,0 days 01:00:04.794000,294.0,258.0,253.0,302.0,False,MEDIUM,8.0,True,Ferrari,0 days 00:58:32.150000,,1,6.0,,,False,True
0 days 01:01:37.554000,LEC,16,0 days 00:01:32.800000,9.0,1.0,NaT,NaT,0 days 00:00:29.925000,0 days 00:00:37.261000,0 days 00:00:25.614000,0 days 01:00:34.719000,0 days 01:01:11.980000,0 days 01:01:37.594000,298.0,261.0,252.0,309.0,False,MEDIUM,9.0,True,Ferrari,0 days 01:00:04.754000,,1,6.0,,,False,True
0 days 01:03:10.644000,LEC,16,0 days 00:01:33.090000,10.0,1.0,NaT,NaT,0 days 00:00:29.983000,0 days 00:00:37.772000,0 days 00:00:25.335000,0 days 01:02:07.577000,0 days 01:02:45.349000,0 days 01:03:10.684000,305.0,264.0,251.0,318.0,False,MEDIUM,10.0,True,Ferrari,0 days 01:01:37.554000,,1,5.0,,,False,True
0 days 01:04:43.314000,LEC,16,0 days 00:01:32.670000,11.0,1.0,NaT,NaT,0 days 00:00:29.858000,0 days 00:00:37.241000,0 days 00:00:25.571000,0 days 01:03:40.542000,0 days 01:04:17.783000,0 days 01:04:43.354000,296.0,260.0,251.0,309.0,False,MEDIUM,11.0,True,Ferrari,0 days 01:03:10.644000,,1,5.0,,,False,True
0 days 01:06:15.852000,LEC,16,0 days 00:01:32.538000,12.0,1.0,NaT,NaT,0 days 00:00:29.739000,0 days 00:00:37.355000,0 days 00:00:25.444000,0 days 01:05:13.093000,0 days 01:05:50.448000,0 days 01:06:15.892000,296.0,259.0,254.0,305.0,False,MEDIUM,12.0,True,Ferrari,0 days 01:04:43.314000,,1,5.0,,,False,True
0 days 01:07:48.185000,LEC,16,0 days 00:01:32.333000,13.0,1.0,NaT,NaT,0 days 00:00:29.779000,0 days 00:00:36.977000,0 days 00:00:25.577000,0 days 01:06:45.671000,0 days 01:07:22.648000,0 days 01:07:48.225000,295.0,260.0,253.0,306.0,True,MEDIUM,13.0,True,Ferrari,0 days 01:06:15.852000,,1,5.0,,,False,True
0 days 01:09:20.774000,LEC,16,0 days 00:01:32.589000,14.0,1.0,NaT,NaT,0 days 00:00:29.940000,0 days 00:00:37.272000,0 days 00:00:25.377000,0 days 01:08:18.165000,0 days 01:08:55.437000,0 days 01:09:20.814000,292.0,263.0,251.0,304.0,False,MEDIUM,14.0,True,Ferrari,0 days 01:07:48.185000,,1,5.0,,,False,True
0 days 01:10:53.366000,LEC,16,0 days 00:01:32.592000,15.0,1.0,NaT,NaT,0 days 00:00:30.037000,0 days 00:00:37.024000,0 days 00:00:25.531000,0 days 01:09:50.851000,0 days 01:10:27.875000,0 days 01:10:53.406000,295.0,260.0,250.0,302.0,False,MEDIUM,15.0,True,Ferrari,0 days 01:09:20.774000,,1,5.0,,,False,True
0 days 01:12:25.855000,LEC,16,0 days 00:01:32.489000,16.0,1.0,NaT,NaT,0 days 00:00:29.862000,0 days 00:00:36.990000,0 days 00:00:25.637000,0 days 01:11:23.268000,0 days 01:12:00.258000,0 days 01:12:25.895000,295.0,258.0,250.0,303.0,False,MEDIUM,16.0,True,Ferrari,0 days 01:10:53.366000,,1,5.0,,,False,True
0 days 01:13:58.013000,LEC,16,0 days 00:01:32.158000,17.0,1.0,NaT,NaT,0 days 00:00:29.835000,0 days 00:00:36.900000,0 days 00:00:25.423000,0 days 01:12:55.730000,0 days 01:13:32.630000,0 days 01:13:58.053000,294.0,265.0,251.0,315.0,True,MEDIUM,17.0,True,Ferrari,0 days 01:12:25.855000,,1,5.0,,,False,True
0 days 00:49:11.898000,VER,3,NaT,1.0,1.0,NaT,NaT,NaT,0 days 00:00:38.844000,0 days 00:00:25.908000,NaT,0 days 00:48:46.149000,0 days 00:49:12.027000,313.0,258.0,253.0,311.0,False,MEDIUM,4.0,False,Red Bull Racing,0 days 00:47:33.017000,,1,6.0,,,False,False
0 days 00:50:45.577000,VER,3,0 days 00:01:33.679000,2.0,1.0,NaT,NaT,0 days 00:00:29.931000,0 days 00:00:37.888000,0 days 00:00:25.860000,0 days 00:49:41.882000,0 days 00:50:19.770000,0 days 00:50:45.630000,302.0,259.0,252.0,308.0,True,MEDIUM,5.0,False,Red Bull Racing,0 days 00:49:11.898000,,12,5.0,,,False,True
0 days 00:52:19.317000,VER,3,0 days 00:01:33.740000,3.0,1.0,NaT,NaT,0 days 00:00:29.964000,0 days 00:00:38.094000,0 days 00:00:25.682000,0 days 00:51:15.594000,0 days 00:51:53.688000,0 days 00:52:19.370000,312.0,257.0,254.0,306.0,False,MEDIUM,6.0,False,Red Bull Racing,0 days 00:50:45.577000,,1,4.0,,,False,True
0 days 00:53:52.290000,VER,3,0 days 00:01:32.973000,4.0,1.0,NaT,NaT,0 days 00:00:29.555000,0 days 00:00:37.635000,0 days 00:00:25.783000,0 days 00:52:48.925000,0 days 00:53:26.560000,0 days 00:53:52.343000,305.0,259.0,254.0,308.0,True,MEDIUM,7.0,False,Red Bull Racing,0 days 00:52:19.317000,,1,4.0,,,False,True
0 days 00:55:24.978000,VER,3,0 days 00:01:32.688000,5.0,1.0,NaT,NaT,0 days 00:00:29.378000,0 days 00:00:37.684000,0 days 00:00:25.626000,0 days 00:54:21.721000,0 days 00:54:59.405000,0 days 00:55:25.031000,305.0,259.0,253.0,303.0,True,MEDIUM,8.0,False,Red Bull Racing,0 days 00:53:52.290000,,1,4.0,,,False,True
0 days 00:56:57.467000,VER,3,0 days 00:01:32.489000,6.0,1.0,NaT,NaT,0 days 00:00:29.423000,0 days 00:00:37.499000,0 days 00:00:25.567000,0 days 00:55:54.454000,0 days 00:56:31.953000,0 days 00:56:57.520000,302.0,260.0,255.0,302.0,True,MEDIUM,9.0,False,Red Bull Racing,0 days 00:55:24.978000,,1,4.0,,,False,True
0 days 00:58:29.860000,VER,3,0 days 00:01:32.393000,7.0,1.0,NaT,NaT,0 days 00:00:29.431000,0 days 00:00:37.421000,0 days 00:00:25.541000,0 days 00:57:26.951000,0 days 00:58:04.372000,0 days 00:58:29.913000,303.0,261.0,255.0,304.0,True,MEDIUM,10.0,False,Red Bull Racing,0 days 00:56:57.467000,,1,4.0,,,False,True
0 days 01:00:03.504000,VER,3,0 days 00:01:33.644000,8.0,1.0,NaT,NaT,0 days 00:00:29.611000,0 days 00:00:37.595000,0 days 00:00:26.438000,0 days 00:58:59.524000,0 days 00:59:37.119000,0 days 01:00:03.557000,298.0,260.0,253.0,303.0,False,MEDIUM,11.0,False,Red Bull Racing,0 days 00:58:29.860000,,1,4.0,,,False,True
0 days 01:01:37.008000,VER,3,0 days 00:01:33.504000,9.0,1.0,NaT,NaT,0 days 00:00:29.777000,0 days 00:00:37.607000,0 days 00:00:26.120000,0 days 01:00:33.334000,0 days 01:01:10.941000,0 days 01:01:37.061000,295.0,259.0,255.0,298.0,False,MEDIUM,12.0,False,Red Bull Racing,0 days 01:00:03.504000,,1,5.0,,,False,True
0 days 01:03:11.059000,VER,3,0 days 00:01:34.051000,10.0,1.0,NaT,NaT,0 days 00:00:30.076000,0 days 00:00:37.949000,0 days 00:00:26.026000,0 days 01:02:07.137000,0 days 01:02:45.086000,0 days 01:03:11.112000,314.0,259.0,254.0,304.0,False,MEDIUM,13.0,False,Red Bull Racing,0 days 01:01:37.008000,,1,6.0,,,False,True
0 days 01:04:44.351000,VER,3,0 days 00:01:33.292000,11.0,1.0,NaT,NaT,0 days 00:00:29.584000,0 days 00:00:38.082000,0 days 00:00:25.626000,0 days 01:03:40.696000,0 days 01:04:18.778000,0 days 01:04:44.404000,315.0,259.0,251.0,308.0,False,MEDIUM,14.0,False,Red Bull Racing,0 days 01:03:11.059000,,1,6.0,,,False,True
0 days 01:06:17.113000,VER,3,0 days 00:01:32.762000,12.0,1.0,NaT,NaT,0 days 00:00:29.574000,0 days 00:00:37.667000,0 days 00:00:25.521000,0 days 01:05:13.978000,0 days 01:05:51.645000,0 days 01:06:17.166000,300.0,258.0,255.0,303.0,False,MEDIUM,15.0,False,Red Bull Racing,0 days 01:04:44.351000,,1,6.0,,,False,True
0 days 01:07:50.236000,VER,3,0 days 00:01:33.123000,13.0,1.0,NaT,NaT,0 days 00:00:29.797000,0 days 00:00:37.725000,0 days 00:00:25.601000,0 days 01:06:46.963000,0 days 01:07:24.688000,0 days 01:07:50.289000,299.0,258.0,256.0,301.0,False,MEDIUM,16.0,False,Red Bull Racing,0 days 01:06:17.113000,,1,6.0,,,False,True
0 days 01:09:23.259000,VER,3,0 days 00:01:33.023000,14.0,1.0,NaT,NaT,0 days 00:00:29.798000,0 days 00:00:37.749000,0 days 00:00:25.476000,0 days 01:08:20.087000,0 days 01:08:57.836000,0 days 01:09:23.312000,293.0,258.0,257.0,300.0,False,MEDIUM,17.0,False,Red Bull Racing,0 days 01:07:50.236000,,1,6.0,,,False,True
0 days 01:10:56.548000,VER,3,0 days 00:01:33.289000,15.0,1.0,NaT,NaT,0 days 00:00:29.826000,0 days 00:00:37.709000,0 days 00:00:25.754000,0 days 01:09:53.138000,0 days 01:10:30.847000,0 days 01:10:56.601000,293.0,259.0,255.0,301.0,False,MEDIUM,18.0,False,Red Bull Racing,0 days 01:09:23.259000,,1,6.0,,,False,True
0 days 01:12:29.529000,VER,3,0 days 00:01:32.981000,16.0,1.0,NaT,NaT,0 days 00:00:29.585000,0 days 00:00:37.872000,0 days 00:00:25.524000,0 days 01:11:26.186000,0 days 01:12:04.058000,0 days 01:12:29.582000,300.0,257.0,256.0,301.0,False,MEDIUM,19.0,False,Red Bull Racing,0 days 01:10:56.548000,,1,6.0,,,False,True
0 days 01:14:01.943000,VER,3,0 days 00:01:32.414000,17.0,1.0,NaT,NaT,0 days 00:00:29.560000,0 days 00:00:37.468000,0 days 00:00:25.386000,0 days 01:12:59.142000,0 days 01:13:36.610000,0 days 01:14:01.996000,293.0,260.0,255.0,299.0,False,MEDIUM,20.0,False,Red Bull Racing,0 days 01:12:29.529000,,1,6.0,,,False,True
0 days 00:49:11.656000,PIA,81,NaT,1.0,1.0,NaT,NaT,NaT,0 days 00:00:38.617000,0 days 00:00:26.491000,NaT,0 days 00:48:45.274000,0 days 00:49:11.852000,322.0,260.0,244.0,327.0,False,MEDIUM,1.0,True,McLaren,0 days 00:47:33.017000,,1,5.0,,,False,False
0 days 00:50:46.275000,PIA,81,0 days 00:01:34.619000,2.0,1.0,NaT,NaT,0 days 00:00:30.636000,0 days 00:00:38.162000,0 days 00:00:25.821000,0 days 00:49:42.346000,0 days 00:50:20.508000,0 days 00:50:46.329000,319.0,262.0,252.0,318.0,True,MEDIUM,2.0,True,McLaren,0 days 00:49:11.656000,,12,6.0,,,False,True
0 days 00:52:20.672000,PIA,81,0 days 00:01:34.397000,3.0,1.0,NaT,NaT,0 days 00:00:30.027000,0 days 00:00:38.106000,0 days 00:00:26.264000,0 days 00:51:16.356000,0 days 00:51:54.462000,0 days 00:52:20.726000,314.0,259.0,248.0,310.0,True,MEDIUM,3.0,True,McLaren,0 days 00:50:46.275000,,1,6.0,,,False,True
0 days 00:53:55.352000,PIA,81,0 days 00:01:34.680000,4.0,1.0,NaT,NaT,0 days 00:00:30.315000,0 days 00:00:38.554000,0 days 00:00:25.811000,0 days 00:52:51.041000,0 days 00:53:29.595000,0 days 00:53:55.406000,315.0,256.0,255.0,304.0,False,MEDIUM,4.0,True,McLaren,0 days 00:52:20.672000,,1,7.0,,,False,True
0 days 00:55:28.164000,PIA,81,0 days 00:01:32.812000,5.0,1.0,NaT,NaT,0 days 00:00:29.681000,0 days 00:00:37.488000,0 days 00:00:25.643000,0 days 00:54:25.087000,0 days 00:55:02.575000,0 days 00:55:28.218000,301.0,262.0,255.0,306.0,True,MEDIUM,5.0,True,McLaren,0 days 00:53:55.352000,,1,7.0,,,False,True
0 days 00:57:01.118000,PIA,81,0 days 00:01:32.954000,6.0,1.0,NaT,NaT,0 days 00:00:29.699000,0 days 00:00:37.630000,0 days 00:00:25.625000,0 days 00:55:57.917000,0 days 00:56:35.547000,0 days 00:57:01.172000,296.0,260.0,256.0,303.0,False,MEDIUM,6.0,True,McLaren,0 days 00:55:28.164000,,1,7.0,,,False,True
0 days 00:58:33.690000,PIA,81,0 days 00:01:32.572000,7.0,1.0,NaT,NaT,0 days 00:00:29.646000,0 days 00:00:37.379000,0 days 00:00:25.547000,0 days 00:57:30.818000,0 days 00:58:08.197000,0 days 00:58:33.744000,299.0,261.0,254.0,303.0,True,MEDIUM,7.0,True,McLaren,0 days 00:57:01.118000,,1,7.0,,,False,True
0 days 01:00:06.124000,PIA,81,0 days 00:01:32.434000,8.0,1.0,NaT,NaT,0 days 00:00:29.748000,0 days 00:00:37.181000,0 days 00:00:25.505000,0 days 00:59:03.492000,0 days 00:59:40.673000,0 days 01:00:06.178000,300.0,257.0,254.0,304.0,True,MEDIUM,8.0,True,McLaren,0 days 00:58:33.690000,,1,7.0,,,False,True
0 days 01:01:39.043000,PIA,81,0 days 00:01:32.919000,9.0,1.0,NaT,NaT,0 days 00:00:29.834000,0 days 00:00:37.566000,0 days 00:00:25.519000,0 days 01:00:36.012000,0 days 01:01:13.578000,0 days 01:01:39.097000,301.0,259.0,256.0,307.0,False,MEDIUM,9.0,True,McLaren,0 days 01:00:06.124000,,1,7.0,,,False,True
0 days 01:03:12.150000,PIA,81,0 days 00:01:33.107000,10.0,1.0,NaT,NaT,0 days 00:00:29.768000,0 days 00:00:37.722000,0 days 00:00:25.617000,0 days 01:02:08.865000,0 days 01:02:46.587000,0 days 01:03:12.204000,299.0,258.0,255.0,307.0,False,MEDIUM,10.0,True,McLaren,0 days 01:01:39.043000,,1,7.0,,,False,True
0 days 01:04:45.791000,PIA,81,0 days 00:01:33.641000,11.0,1.0,NaT,NaT,0 days 00:00:29.878000,0 days 00:00:37.866000,0 days 00:00:25.897000,0 days 01:03:42.082000,0 days 01:04:19.948000,0 days 01:04:45.845000,299.0,258.0,253.0,307.0,False,MEDIUM,11.0,True,McLaren,0 days 01:03:12.150000,,1,7.0,,,False,True
0 days 01:06:19.255000,PIA,81,0 days 00:01:33.464000,12.0,1.0,NaT,NaT,0 days 00:00:29.952000,0 days 00:00:37.772000,0 days 00:00:25.740000,0 days 01:05:15.797000,0 days 01:05:53.569000,0 days 01:06:19.309000,293.0,257.0,255.0,300.0,False,MEDIUM,12.0,True,McLaren,0 days 01:04:45.791000,,1,7.0,,,False,True
0 days 01:07:51.962000,PIA,81,0 days 00:01:32.707000,13.0,1.0,NaT,NaT,0 days 00:00:29.728000,0 days 00:00:37.428000,0 days 00:00:25.551000,0 days 01:06:49.037000,0 days 01:07:26.465000,0 days 01:07:52.016000,297.0,259.0,255.0,301.0,False,MEDIUM,13.0,True,McLaren,0 days 01:06:19.255000,,1,7.0,,,False,True
0 days 01:09:24.839000,PIA,81,0 days 00:01:32.877000,14.0,1.0,NaT,NaT,0 days 00:00:29.749000,0 days 00:00:37.407000,0 days 00:00:25.721000,0 days 01:08:21.765000,0 days 01:08:59.172000,0 days 01:09:24.893000,301.0,256.0,254.0,298.0,False,MEDIUM,14.0,True,McLaren,0 days 01:07:51.962000,,1,7.0,,,False,True
0 days 01:10:57.981000,PIA,81,0 days 00:01:33.142000,15.0,1.0,NaT,NaT,0 days 00:00:29.826000,0 days 00:00:37.637000,0 days 00:00:25.679000,0 days 01:09:54.719000,0 days 01:10:32.356000,0 days 01:10:58.035000,300.0,260.0,252.0,301.0,False,MEDIUM,15.0,True,McLaren,0 days 01:09:24.839000,,1,7.0,,,False,True
0 days 01:12:30.721000,PIA,81,0 days 00:01:32.740000,16.0,1.0,NaT,NaT,0 days 00:00:29.564000,0 days 00:00:37.587000,0 days 00:00:25.589000,0 days 01:11:27.599000,0 days 01:12:05.186000,0 days 01:12:30.775000,300.0,260.0,249.0,306.0,False,MEDIUM,16.0,True,McLaren,0 days 01:10:57.981000,,1,7.0,,,False,True
0 days 01:14:02.944000,PIA,81,0 days 00:01:32.223000,17.0,1.0,NaT,NaT,0 days 00:00:29.510000,0 days 00:00:37.380000,0 days 00:00:25.333000,0 days 01:13:00.285000,0 days 01:13:37.665000,0 days 01:14:02.998000,300.0,262.0,248.0,324.0,True,MEDIUM,17.0,True,McLaren,0 days 01:12:30.721000,,1,7.0,,,False,True
0 days 00:49:14.003000,LAW,30,NaT,1.0,1.0,NaT,NaT,NaT,0 days 00:00:39.594000,0 days 00:00:26.164000,NaT,0 days 00:48:48.055000,0 days 00:49:14.036000,317.0,262.0,245.0,317.0,False,MEDIUM,4.0,False,Racing Bulls,0 days 00:47:33.017000,,1,9.0,,,False,False
0 days 00:50:49.211000,LAW,30,0 days 00:01:35.208000,2.0,1.0,NaT,NaT,0 days 00:00:30.493000,0 days 00:00:38.516000,0 days 00:00:26.199000,0 days 00:49:44.529000,0 days 00:50:23.045000,0 days 00:50:49.244000,298.0,260.0,251.0,305.0,True,MEDIUM,5.0,False,Racing Bulls,0 days 00:49:14.003000,,12,9.0,,,False,True
0 days 00:52:23.904000,LAW,30,0 days 00:01:34.693000,3.0,1.0,NaT,NaT,0 days 00:00:29.863000,0 days 00:00:38.806000,0 days 00:00:26.024000,0 days 00:51:19.107000,0 days 00:51:57.913000,0 days 00:52:23.937000,304.0,260.0,253.0,310.0,True,MEDIUM,6.0,False,Racing Bulls,0 days 00:50:49.211000,,1,9.0,,,False,True
0 days 00:53:57.484000,LAW,30,0 days 00:01:33.580000,4.0,1.0,NaT,NaT,0 days 00:00:29.792000,0 days 00:00:38.584000,0 days 00:00:25.204000,0 days 00:52:53.729000,0 days 00:53:32.313000,0 days 00:53:57.517000,307.0,263.0,254.0,335.0,True,MEDIUM,7.0,False,Racing Bulls,0 days 00:52:23.904000,,1,8.0,,,False,True
0 days 00:55:31.618000,LAW,30,0 days 00:01:34.134000,5.0,1.0,NaT,NaT,0 days 00:00:30.132000,0 days 00:00:38.227000,0 days 00:00:25.775000,0 days 00:54:27.649000,0 days 00:55:05.876000,0 days 00:55:31.651000,293.0,259.0,254.0,297.0,False,MEDIUM,8.0,False,Racing Bulls,0 days 00:53:57.484000,,1,8.0,,,False,True
0 days 00:57:05.446000,LAW,30,0 days 00:01:33.828000,6.0,1.0,NaT,NaT,0 days 00:00:29.807000,0 days 00:00:38.138000,0 days 00:00:25.883000,0 days 00:56:01.458000,0 days 00:56:39.596000,0 days 00:57:05.479000,290.0,259.0,254.0,296.0,False,MEDIUM,9.0,False,Racing Bulls,0 days 00:55:31.618000,,1,8.0,,,False,True
0 days 00:58:39.114000,LAW,30,0 days 00:01:33.668000,7.0,1.0,NaT,NaT,0 days 00:00:29.795000,0 days 00:00:38.112000,0 days 00:00:25.761000,0 days 00:57:35.274000,0 days 00:58:13.386000,0 days 00:58:39.147000,291.0,259.0,255.0,295.0,False,MEDIUM,10.0,False,Racing Bulls,0 days 00:57:05.446000,,1,8.0,,,False,True
0 days 01:00:12.483000,LAW,30,0 days 00:01:33.369000,8.0,1.0,NaT,NaT,0 days 00:00:29.819000,0 days 00:00:37.937000,0 days 00:00:25.613000,0 days 00:59:08.966000,0 days 00:59:46.903000,0 days 01:00:12.516000,293.0,259.0,255.0,299.0,True,MEDIUM,11.0,False,Racing Bulls,0 days 00:58:39.114000,,1,8.0,,,False,True
0 days 01:01:46.220000,LAW,30,0 days 00:01:33.737000,9.0,1.0,NaT,NaT,0 days 00:00:29.795000,0 days 00:00:38.127000,0 days 00:00:25.815000,0 days 01:00:42.311000,0 days 01:01:20.438000,0 days 01:01:46.253000,291.0,258.0,254.0,296.0,False,MEDIUM,12.0,False,Racing Bulls,0 days 01:00:12.483000,,1,8.0,,,False,True
0 days 01:03:19.751000,LAW,30,0 days 00:01:33.531000,10.0,1.0,NaT,NaT,0 days 00:00:29.896000,0 days 00:00:38.039000,0 days 00:00:25.596000,0 days 01:02:16.149000,0 days 01:02:54.188000,0 days 01:03:19.784000,290.0,259.0,254.0,298.0,False,MEDIUM,13.0,False,Racing Bulls,0 days 01:01:46.220000,,1,8.0,,,False,True
0 days 01:04:53.406000,LAW,30,0 days 00:01:33.655000,11.0,1.0,NaT,NaT,0 days 00:00:29.876000,0 days 00:00:38.140000,0 days 00:00:25.639000,0 days 01:03:49.660000,0 days 01:04:27.800000,0 days 01:04:53.439000,291.0,259.0,255.0,296.0,False,MEDIUM,14.0,False,Racing Bulls,0 days 01:03:19.751000,,1,8.0,,,False,True
0 days 01:06:27.160000,LAW,30,0 days 00:01:33.754000,12.0,1.0,NaT,NaT,0 days 00:00:29.983000,0 days 00:00:38.177000,0 days 00:00:25.594000,0 days 01:05:23.422000,0 days 01:06:01.599000,0 days 01:06:27.193000,290.0,255.0,255.0,299.0,False,MEDIUM,15.0,False,Racing Bulls,0 days 01:04:53.406000,,1,8.0,,,False,True
0 days 01:08:00.935000,LAW,30,0 days 00:01:33.775000,13.0,1.0,NaT,NaT,0 days 00:00:29.945000,0 days 00:00:38.234000,0 days 00:00:25.596000,0 days 01:06:57.138000,0 days 01:07:35.372000,0 days 01:08:00.968000,289.0,258.0,256.0,297.0,False,MEDIUM,16.0,False,Racing Bulls,0 days 01:06:27.160000,,1,8.0,,,False,True
0 days 01:09:34.887000,LAW,30,0 days 00:01:33.952000,14.0,1.0,NaT,NaT,0 days 00:00:29.964000,0 days 00:00:38.283000,0 days 00:00:25.705000,0 days 01:08:30.932000,0 days 01:09:09.215000,0 days 01:09:34.920000,289.0,259.0,256.0,297.0,False,MEDIUM,17.0,False,Racing Bulls,0 days 01:08:00.935000,,1,8.0,,,False,True
0 days 01:11:09.122000,LAW,30,0 days 00:01:34.235000,15.0,1.0,NaT,NaT,0 days 00:00:29.969000,0 days 00:00:38.218000,0 days 00:00:26.048000,0 days 01:10:04.889000,0 days 01:10:43.107000,0 days 01:11:09.155000,289.0,261.0,255.0,299.0,False,MEDIUM,18.0,False,Racing Bulls,0 days 01:09:34.887000,,1,8.0,,,False,True
0 days 01:12:42.173000,LAW,30,0 days 00:01:33.051000,16.0,1.0,NaT,NaT,0 days 00:00:29.871000,0 days 00:00:38.095000,0 days 00:00:25.085000,0 days 01:11:39.026000,0 days 01:12:17.121000,0 days 01:12:42.206000,291.0,262.0,254.0,320.0,True,MEDIUM,19.0,False,Racing Bulls,0 days 01:11:09.122000,,1,8.0,,,False,True
0 days 01:14:15.626000,LAW,30,0 days 00:01:33.453000,17.0,1.0,NaT,NaT,0 days 00:00:29.991000,0 days 00:00:38.036000,0 days 00:00:25.426000,0 days 01:13:12.197000,0 days 01:13:50.233000,0 days 01:14:15.659000,288.0,263.0,255.0,304.0,False,MEDIUM,20.0,False,Racing Bulls,0 days 01:12:42.173000,,1,8.0,,,False,True
0 days 00:49:16.056000,HAD,6,NaT,1.0,1.0,NaT,NaT,NaT,0 days 00:00:40.450000,0 days 00:00:27.246000,NaT,0 days 00:48:48.977000,0 days 00:49:16.277000,318.0,259.0,240.0,317.0,False,MEDIUM,6.0,False,Red Bull Racing,0 days 00:47:33.017000,,1,13.0,,,False,False
0 days 00:50:51.798000,HAD,6,0 days 00:01:35.742000,2.0,1.0,NaT,NaT,0 days 00:00:30.964000,0 days 00:00:38.734000,0 days 00:00:26.044000,0 days 00:49:47.042000,0 days 00:50:25.776000,0 days 00:50:51.820000,304.0,261.0,250.0,314.0,True,MEDIUM,7.0,False,Red Bull Racing,0 days 00:49:16.056000,,12,13.0,,,False,True
0 days 00:52:26.125000,HAD,6,0 days 00:01:34.327000,3.0,1.0,NaT,NaT,0 days 00:00:29.979000,0 days 00:00:38.423000,0 days 00:00:25.925000,0 days 00:51:21.799000,0 days 00:52:00.222000,0 days 00:52:26.147000,304.0,259.0,254.0,309.0,True,MEDIUM,8.0,False,Red Bull Racing,0 days 00:50:51.798000,,1,12.0,,,False,True
0 days 00:54:00.412000,HAD,6,0 days 00:01:34.287000,4.0,1.0,NaT,NaT,0 days 00:00:29.898000,0 days 00:00:38.319000,0 days 00:00:26.070000,0 days 00:52:56.045000,0 days 00:53:34.364000,0 days 00:54:00.434000,314.0,260.0,252.0,329.0,True,MEDIUM,9.0,False,Red Bull Racing,0 days 00:52:26.125000,,1,12.0,,,False,True
0 days 00:55:34.693000,HAD,6,0 days 00:01:34.281000,5.0,1.0,NaT,NaT,0 days 00:00:29.875000,0 days 00:00:38.341000,0 days 00:00:26.065000,0 days 00:54:30.309000,0 days 00:55:08.650000,0 days 00:55:34.715000,308.0,263.0,241.0,330.0,True,MEDIUM,10.0,False,Red Bull Racing,0 days 00:54:00.412000,,1,12.0,,,False,True
0 days 00:57:08.159000,HAD,6,0 days 00:01:33.466000,6.0,1.0,NaT,NaT,0 days 00:00:29.884000,0 days 00:00:38.059000,0 days 00:00:25.523000,0 days 00:56:04.599000,0 days 00:56:42.658000,0 days 00:57:08.181000,302.0,262.0,252.0,320.0,True,MEDIUM,11.0,False,Red Bull Racing,0 days 00:55:34.693000,,1,11.0,,,False,True
0 days 00:58:41.698000,HAD,6,0 days 00:01:33.539000,7.0,1.0,NaT,NaT,0 days 00:00:29.813000,0 days 00:00:38.228000,0 days 00:00:25.498000,0 days 00:57:37.994000,0 days 00:58:16.222000,0 days 00:58:41.720000,311.0,262.0,255.0,324.0,False,MEDIUM,12.0,False,Red Bull Racing,0 days 00:57:08.159000,,1,10.0,,,False,True
0 days 01:00:15.161000,HAD,6,0 days 00:01:33.463000,8.0,1.0,NaT,NaT,0 days 00:00:29.805000,0 days 00:00:37.919000,0 days 00:00:25.739000,0 days 00:59:11.525000,0 days 00:59:49.444000,0 days 01:00:15.183000,299.0,258.0,255.0,305.0,True,MEDIUM,13.0,False,Red Bull Racing,0 days 00:58:41.698000,,1,10.0,,,False,True
0 days 01:01:48.161000,HAD,6,0 days 00:01:33,9.0,1.0,NaT,NaT,0 days 00:00:29.467000,0 days 00:00:38.095000,0 days 00:00:25.438000,0 days 01:00:44.650000,0 days 01:01:22.745000,0 days 01:01:48.183000,308.0,263.0,255.0,320.0,True,MEDIUM,14.0,False,Red Bull Racing,0 days 01:00:15.161000,,1,9.0,,,False,True
0 days 01:03:21.708000,HAD,6,0 days 00:01:33.547000,10.0,1.0,NaT,NaT,0 days 00:00:29.953000,0 days 00:00:37.974000,0 days 00:00:25.620000,0 days 01:02:18.136000,0 days 01:02:56.110000,0 days 01:03:21.730000,292.0,256.0,255.0,298.0,False,MEDIUM,15.0,False,Red Bull Racing,0 days 01:01:48.161000,,1,9.0,,,False,True
0 days 01:04:55.123000,HAD,6,0 days 00:01:33.415000,11.0,1.0,NaT,NaT,0 days 00:00:29.877000,0 days 00:00:37.936000,0 days 00:00:25.602000,0 days 01:03:51.607000,0 days 01:04:29.543000,0 days 01:04:55.145000,294.0,258.0,255.0,301.0,False,MEDIUM,16.0,False,Red Bull Racing,0 days 01:03:21.708000,,1,9.0,,,False,True
0 days 01:06:28.593000,HAD,6,0 days 00:01:33.470000,12.0,1.0,NaT,NaT,0 days 00:00:29.936000,0 days 00:00:37.947000,0 days 00:00:25.587000,0 days 01:05:25.081000,0 days 01:06:03.028000,0 days 01:06:28.615000,296.0,258.0,257.0,302.0,False,MEDIUM,17.0,False,Red Bull Racing,0 days 01:04:55.123000,,1,9.0,,,False,True
0 days 01:08:02.057000,HAD,6,0 days 00:01:33.464000,13.0,1.0,NaT,NaT,0 days 00:00:29.820000,0 days 00:00:38.029000,0 days 00:00:25.615000,0 days 01:06:58.435000,0 days 01:07:36.464000,0 days 01:08:02.079000,296.0,258.0,255.0,301.0,False,MEDIUM,18.0,False,Red Bull Racing,0 days 01:06:28.593000,,1,9.0,,,False,True
0 days 01:09:35.661000,HAD,6,0 days 00:01:33.604000,14.0,1.0,NaT,NaT,0 days 00:00:29.992000,0 days 00:00:37.916000,0 days 00:00:25.696000,0 days 01:08:32.071000,0 days 01:09:09.987000,0 days 01:09:35.683000,293.0,260.0,255.0,303.0,False,MEDIUM,19.0,False,Red Bull Racing,0 days 01:08:02.057000,,1,9.0,,,False,True
0 days 01:11:09.591000,HAD,6,0 days 00:01:33.930000,15.0,1.0,NaT,NaT,0 days 00:00:29.973000,0 days 00:00:38.140000,0 days 00:00:25.817000,0 days 01:10:05.656000,0 days 01:10:43.796000,0 days 01:11:09.613000,292.0,263.0,250.0,340.0,False,MEDIUM,20.0,False,Red Bull Racing,0 days 01:09:35.661000,,1,9.0,,,False,True
0 days 01:12:43.036000,HAD,6,0 days 00:01:33.445000,16.0,1.0,NaT,NaT,0 days 00:00:30.029000,0 days 00:00:38.119000,0 days 00:00:25.297000,0 days 01:11:39.642000,0 days 01:12:17.761000,0 days 01:12:43.058000,293.0,263.0,252.0,325.0,False,MEDIUM,21.0,False,Red Bull Racing,0 days 01:11:09.591000,,1,9.0,,,False,True
0 days 01:14:16.346000,HAD,6,0 days 00:01:33.310000,17.0,1.0,NaT,NaT,0 days 00:00:29.940000,0 days 00:00:37.957000,0 days 00:00:25.413000,0 days 01:13:12.998000,0 days 01:13:50.955000,0 days 01:14:16.368000,290.0,264.0,251.0,323.0,False,MEDIUM,22.0,False,Red Bull Racing,0 days 01:12:43.036000,,1,9.0,,,False,True
0 days 00:49:14.852000,LIN,41,NaT,1.0,1.0,NaT,NaT,NaT,0 days 00:00:40.258000,0 days 00:00:26.444000,NaT,0 days 00:48:48.617000,0 days 00:49:14.955000,305.0,264.0,250.0,325.0,False,MEDIUM,4.0,False,Racing Bulls,0 days 00:47:33.017000,,1,10.0,,,False,False
0 days 00:50:49.730000,LIN,41,0 days 00:01:34.878000,2.0,1.0,NaT,NaT,0 days 00:00:30.101000,0 days 00:00:38.725000,0 days 00:00:26.052000,0 days 00:49:45.036000,0 days 00:50:23.761000,0 days 00:50:49.813000,309.0,261.0,252.0,310.0,True,MEDIUM,5.0,False,Racing Bulls,0 days 00:49:14.852000,,12,10.0,,,False,True
0 days 00:52:24.438000,LIN,41,0 days 00:01:34.708000,3.0,1.0,NaT,NaT,0 days 00:00:29.897000,0 days 00:00:38.907000,0 days 00:00:25.904000,0 days 00:51:19.710000,0 days 00:51:58.617000,0 days 00:52:24.521000,307.0,261.0,251.0,312.0,True,MEDIUM,6.0,False,Racing Bulls,0 days 00:50:49.730000,,1,10.0,,,False,True
0 days 00:53:58.720000,LIN,41,0 days 00:01:34.282000,4.0,1.0,NaT,NaT,0 days 00:00:29.664000,0 days 00:00:38.696000,0 days 00:00:25.922000,0 days 00:52:54.185000,0 days 00:53:32.881000,0 days 00:53:58.803000,312.0,261.0,251.0,311.0,True,MEDIUM,7.0,False,Racing Bulls,0 days 00:52:24.438000,,1,10.0,,,False,True
0 days 00:55:32.795000,LIN,41,0 days 00:01:34.075000,5.0,1.0,NaT,NaT,0 days 00:00:29.685000,0 days 00:00:38.639000,0 days 00:00:25.751000,0 days 00:54:28.488000,0 days 00:55:07.127000,0 days 00:55:32.878000,325.0,262.0,250.0,306.0,True,MEDIUM,8.0,False,Racing Bulls,0 days 00:53:58.720000,,1,9.0,,,False,True
0 days 00:57:06.897000,LIN,41,0 days 00:01:34.102000,6.0,1.0,NaT,NaT,0 days 00:00:29.991000,0 days 00:00:38.288000,0 days 00:00:25.823000,0 days 00:56:02.869000,0 days 00:56:41.157000,0 days 00:57:06.980000,293.0,261.0,254.0,302.0,False,MEDIUM,9.0,False,Racing Bulls,0 days 00:55:32.795000,,1,9.0,,,False,True
0 days 00:58:40.704000,LIN,41,0 days 00:01:33.807000,7.0,1.0,NaT,NaT,0 days 00:00:29.877000,0 days 00:00:38.178000,0 days 00:00:25.752000,0 days 00:57:36.857000,0 days 00:58:15.035000,0 days 00:58:40.787000,295.0,258.0,255.0,301.0,True,MEDIUM,10.0,False,Racing Bulls,0 days 00:57:06.897000,,1,9.0,,,False,True
0 days 01:00:14.276000,LIN,41,0 days 00:01:33.572000,8.0,1.0,NaT,NaT,0 days 00:00:29.836000,0 days 00:00:38.050000,0 days 00:00:25.686000,0 days 00:59:10.623000,0 days 00:59:48.673000,0 days 01:00:14.359000,295.0,258.0,255.0,302.0,True,MEDIUM,11.0,False,Racing Bulls,0 days 00:58:40.704000,,1,9.0,,,False,True
0 days 01:01:48.993000,LIN,41,0 days 00:01:34.717000,9.0,1.0,NaT,NaT,0 days 00:00:29.797000,0 days 00:00:38.127000,0 days 00:00:26.793000,0 days 01:00:44.156000,0 days 01:01:22.283000,0 days 01:01:49.076000,296.0,258.0,252.0,299.0,False,MEDIUM,12.0,False,Racing Bulls,0 days 01:00:14.276000,,1,10.0,,,False,True
0 days 01:03:22.970000,LIN,41,0 days 00:01:33.977000,10.0,1.0,NaT,NaT,0 days 00:00:30.065000,0 days 00:00:38.214000,0 days 00:00:25.698000,0 days 01:02:19.141000,0 days 01:02:57.355000,0 days 01:03:23.053000,301.0,260.0,254.0,308.0,False,MEDIUM,13.0,False,Racing Bulls,0 days 01:01:48.993000,,1,10.0,,,False,True
0 days 01:04:56.691000,LIN,41,0 days 00:01:33.721000,11.0,1.0,NaT,NaT,0 days 00:00:29.863000,0 days 00:00:38.112000,0 days 00:00:25.746000,0 days 01:03:52.916000,0 days 01:04:31.028000,0 days 01:04:56.774000,296.0,260.0,254.0,304.0,False,MEDIUM,14.0,False,Racing Bulls,0 days 01:03:22.970000,,1,10.0,,,False,True
0 days 01:06:30.614000,LIN,41,0 days 00:01:33.923000,12.0,1.0,NaT,NaT,0 days 00:00:30.055000,0 days 00:00:38.215000,0 days 00:00:25.653000,0 days 01:05:26.829000,0 days 01:06:05.044000,0 days 01:06:30.697000,293.0,259.0,254.0,300.0,False,MEDIUM,15.0,False,Racing Bulls,0 days 01:04:56.691000,,1,10.0,,,False,True
0 days 01:08:04.473000,LIN,41,0 days 00:01:33.859000,13.0,1.0,NaT,NaT,0 days 00:00:30.127000,0 days 00:00:38.068000,0 days 00:00:25.664000,0 days 01:07:00.824000,0 days 01:07:38.892000,0 days 01:08:04.556000,292.0,260.0,255.0,300.0,False,MEDIUM,16.0,False,Racing Bulls,0 days 01:06:30.614000,,1,10.0,,,False,True
0 days 01:09:38.484000,LIN,41,0 days 00:01:34.011000,14.0,1.0,NaT,NaT,0 days 00:00:29.945000,0 days 00:00:38.392000,0 days 00:00:25.674000,0 days 01:08:34.501000,0 days 01:09:12.893000,0 days 01:09:38.567000,291.0,260.0,255.0,299.0,False,MEDIUM,17.0,False,Racing Bulls,0 days 01:08:04.473000,,1,10.0,,,False,True
0 days 01:11:12.752000,LIN,41,0 days 00:01:34.268000,15.0,1.0,NaT,NaT,0 days 00:00:30.067000,0 days 00:00:38.491000,0 days 00:00:25.710000,0 days 01:10:08.634000,0 days 01:10:47.125000,0 days 01:11:12.835000,292.0,260.0,254.0,299.0,False,MEDIUM,18.0,False,Racing Bulls,0 days 01:09:38.484000,,1,10.0,,,False,True
0 days 01:12:46.600000,LIN,41,0 days 00:01:33.848000,16.0,1.0,NaT,NaT,0 days 00:00:29.953000,0 days 00:00:38.297000,0 days 00:00:25.598000,0 days 01:11:42.788000,0 days 01:12:21.085000,0 days 01:12:46.683000,293.0,259.0,254.0,300.0,False,MEDIUM,19.0,False,Racing Bulls,0 days 01:11:12.752000,,1,10.0,,,False,True
0 days 01:14:20.503000,LIN,41,0 days 00:01:33.903000,17.0,1.0,NaT,NaT,0 days 00:00:29.973000,0 days 00:00:38.156000,0 days 00:00:25.774000,0 days 01:13:16.656000,0 days 01:13:54.812000,0 days 01:14:20.586000,289.0,259.0,255.0,297.0,False,MEDIUM,20.0,False,Racing Bulls,0 days 01:12:46.600000,,1,10.0,,,False,True
0 days 00:49:13.404000,GAS,10,NaT,1.0,1.0,NaT,NaT,NaT,0 days 00:00:39.813000,0 days 00:00:26.063000,NaT,0 days 00:48:47.461000,0 days 00:49:13.509000,331.0,254.0,252.0,306.0,False,MEDIUM,4.0,False,Alpine,0 days 00:47:33.017000,,1,8.0,,,False,False
0 days 00:50:48.673000,GAS,10,0 days 00:01:35.269000,2.0,1.0,NaT,NaT,0 days 00:00:30.102000,0 days 00:00:38.816000,0 days 00:00:26.351000,0 days 00:49:43.581000,0 days 00:50:22.397000,0 days 00:50:48.748000,310.0,255.0,249.0,301.0,True,MEDIUM,5.0,False,Alpine,0 days 00:49:13.404000,,12,8.0,,,False,True
0 days 00:52:23.322000,GAS,10,0 days 00:01:34.649000,3.0,1.0,NaT,NaT,0 days 00:00:30.073000,0 days 00:00:38.525000,0 days 00:00:26.051000,0 days 00:51:18.821000,0 days 00:51:57.346000,0 days 00:52:23.397000,305.0,253.0,250.0,299.0,True,MEDIUM,6.0,False,Alpine,0 days 00:50:48.673000,,1,8.0,,,False,True
0 days 00:53:58.260000,GAS,10,0 days 00:01:34.938000,4.0,1.0,NaT,NaT,0 days 00:00:30.044000,0 days 00:00:38.484000,0 days 00:00:26.410000,0 days 00:52:53.441000,0 days 00:53:31.925000,0 days 00:53:58.335000,301.0,256.0,251.0,297.0,False,MEDIUM,7.0,False,Alpine,0 days 00:52:23.322000,,1,9.0,,,False,True
0 days 00:55:33.549000,GAS,10,0 days 00:01:35.289000,5.0,1.0,NaT,NaT,0 days 00:00:30.235000,0 days 00:00:39.140000,0 days 00:00:25.914000,0 days 00:54:28.570000,0 days 00:55:07.710000,0 days 00:55:33.624000,297.0,259.0,246.0,312.0,False,MEDIUM,8.0,False,Alpine,0 days 00:53:58.260000,,1,10.0,,,False,True
0 days 00:57:07.722000,GAS,10,0 days 00:01:34.173000,6.0,1.0,NaT,NaT,0 days 00:00:29.886000,0 days 00:00:38.417000,0 days 00:00:25.870000,0 days 00:56:03.510000,0 days 00:56:41.927000,0 days 00:57:07.797000,302.0,257.0,250.0,309.0,True,MEDIUM,9.0,False,Alpine,0 days 00:55:33.549000,,1,10.0,,,False,True
0 days 00:58:42.591000,GAS,10,0 days 00:01:34.869000,7.0,1.0,NaT,NaT,0 days 00:00:29.886000,0 days 00:00:38.243000,0 days 00:00:26.740000,NaT,0 days 00:58:15.926000,0 days 00:58:42.666000,301.0,257.0,251.0,310.0,False,MEDIUM,10.0,False,Alpine,0 days 00:57:07.722000,,1,11.0,,,False,True
0 days 01:00:16.533000,GAS,10,0 days 00:01:33.942000,8.0,1.0,NaT,NaT,0 days 00:00:29.931000,0 days 00:00:38.234000,0 days 00:00:25.777000,0 days 00:59:12.597000,0 days 00:59:50.831000,0 days 01:00:16.608000,303.0,256.0,250.0,308.0,True,MEDIUM,11.0,False,Alpine,0 days 00:58:42.591000,,1,11.0,,,False,True
0 days 01:01:51.053000,GAS,10,0 days 00:01:34.520000,9.0,1.0,NaT,NaT,0 days 00:00:29.971000,0 days 00:00:38.265000,0 days 00:00:26.284000,0 days 01:00:46.579000,0 days 01:01:24.844000,0 days 01:01:51.128000,298.0,251.0,250.0,298.0,False,MEDIUM,12.0,False,Alpine,0 days 01:00:16.533000,,1,11.0,,,False,True
0 days 01:03:25.496000,GAS,10,0 days 00:01:34.443000,10.0,1.0,NaT,NaT,0 days 00:00:30.139000,0 days 00:00:38.220000,0 days 00:00:26.084000,0 days 01:02:21.267000,0 days 01:02:59.487000,0 days 01:03:25.571000,295.0,253.0,242.0,300.0,False,MEDIUM,13.0,False,Alpine,0 days 01:01:51.053000,,1,11.0,,,False,True
0 days 01:04:59.884000,GAS,10,0 days 00:01:34.388000,11.0,1.0,NaT,NaT,0 days 00:00:30.117000,0 days 00:00:38.219000,0 days 00:00:26.052000,0 days 01:03:55.688000,0 days 01:04:33.907000,0 days 01:04:59.959000,297.0,252.0,249.0,298.0,False,MEDIUM,14.0,False,Alpine,0 days 01:03:25.496000,,1,11.0,,,False,True
0 days 01:06:34.239000,GAS,10,0 days 00:01:34.355000,12.0,1.0,NaT,NaT,0 days 00:00:30.094000,0 days 00:00:38.272000,0 days 00:00:25.989000,0 days 01:05:30.053000,0 days 01:06:08.325000,0 days 01:06:34.314000,294.0,255.0,249.0,295.0,False,MEDIUM,15.0,False,Alpine,0 days 01:04:59.884000,,1,11.0,,,False,True
0 days 01:08:08.443000,GAS,10,0 days 00:01:34.204000,13.0,1.0,NaT,NaT,0 days 00:00:30.165000,0 days 00:00:38.133000,0 days 00:00:25.906000,0 days 01:07:04.479000,0 days 01:07:42.612000,0 days 01:08:08.518000,293.0,256.0,252.0,297.0,False,MEDIUM,16.0,False,Alpine,0 days 01:06:34.239000,,1,11.0,,,False,True
0 days 01:09:43.030000,GAS,10,0 days 00:01:34.587000,14.0,1.0,NaT,NaT,0 days 00:00:30.087000,0 days 00:00:38.429000,0 days 00:00:26.071000,0 days 01:08:38.605000,0 days 01:09:17.034000,0 days 01:09:43.105000,293.0,255.0,251.0,297.0,False,MEDIUM,17.0,False,Alpine,0 days 01:08:08.443000,,1,11.0,,,False,True
0 days 01:11:17.584000,GAS,10,0 days 00:01:34.554000,15.0,1.0,NaT,NaT,0 days 00:00:30.145000,0 days 00:00:38.384000,0 days 00:00:26.025000,0 days 01:10:13.250000,0 days 01:10:51.634000,0 days 01:11:17.659000,294.0,255.0,252.0,297.0,False,MEDIUM,18.0,False,Alpine,0 days 01:09:43.030000,,1,11.0,,,False,True
0 days 01:12:51.786000,GAS,10,0 days 00:01:34.202000,16.0,1.0,NaT,NaT,0 days 00:00:30.029000,0 days 00:00:38.336000,0 days 00:00:25.837000,0 days 01:11:47.688000,0 days 01:12:26.024000,0 days 01:12:51.861000,296.0,256.0,249.0,299.0,False,MEDIUM,19.0,False,Alpine,0 days 01:11:17.584000,,1,11.0,,,False,True
0 days 01:14:25.666000,GAS,10,0 days 00:01:33.880000,17.0,1.0,NaT,NaT,0 days 00:00:29.992000,0 days 00:00:38.117000,0 days 00:00:25.771000,0 days 01:13:21.853000,0 days 01:13:59.970000,0 days 01:14:25.741000,292.0,257.0,247.0,306.0,True,MEDIUM,20.0,False,Alpine,0 days 01:12:51.786000,,1,11.0,,,False,True
0 days 00:49:15.266000,COL,43,NaT,1.0,1.0,NaT,NaT,NaT,0 days 00:00:40.151000,0 days 00:00:27.048000,NaT,0 days 00:48:48.367000,0 days 00:49:15.371000,316.0,254.0,214.0,331.0,False,MEDIUM,4.0,False,Alpine,0 days 00:47:33.017000,,1,11.0,,,False,False
0 days 00:50:50.975000,COL,43,0 days 00:01:35.709000,2.0,1.0,NaT,NaT,0 days 00:00:30.917000,0 days 00:00:38.440000,0 days 00:00:26.352000,0 days 00:49:46.256000,0 days 00:50:24.696000,0 days 00:50:51.048000,288.0,256.0,249.0,302.0,True,MEDIUM,5.0,False,Alpine,0 days 00:49:15.266000,,12,11.0,,,False,True
0 days 00:52:25.728000,COL,43,0 days 00:01:34.753000,3.0,1.0,NaT,NaT,0 days 00:00:30.100000,0 days 00:00:38.533000,0 days 00:00:26.120000,0 days 00:51:21.148000,0 days 00:51:59.681000,0 days 00:52:25.801000,306.0,255.0,246.0,302.0,True,MEDIUM,6.0,False,Alpine,0 days 00:50:50.975000,,1,11.0,,,False,True
0 days 00:53:59.957000,COL,43,0 days 00:01:34.229000,4.0,1.0,NaT,NaT,0 days 00:00:30.007000,0 days 00:00:38.064000,0 days 00:00:26.158000,0 days 00:52:55.808000,0 days 00:53:33.872000,0 days 00:54:00.030000,314.0,256.0,250.0,303.0,True,MEDIUM,7.0,False,Alpine,0 days 00:52:25.728000,,1,11.0,,,False,True
0 days 00:55:34.504000,COL,43,0 days 00:01:34.547000,5.0,1.0,NaT,NaT,0 days 00:00:29.952000,0 days 00:00:38.335000,0 days 00:00:26.260000,0 days 00:54:29.982000,0 days 00:55:08.317000,0 days 00:55:34.577000,306.0,257.0,236.0,326.0,False,MEDIUM,8.0,False,Alpine,0 days 00:53:59.957000,,1,11.0,,,False,True
0 days 00:57:10.008000,COL,43,0 days 00:01:35.504000,6.0,1.0,NaT,NaT,0 days 00:00:31.006000,0 days 00:00:38.385000,0 days 00:00:26.113000,0 days 00:56:05.583000,0 days 00:56:43.968000,0 days 00:57:10.081000,299.0,257.0,248.0,302.0,False,MEDIUM,9.0,False,Alpine,0 days 00:55:34.504000,,1,12.0,,,False,True
0 days 00:58:44.493000,COL,43,0 days 00:01:34.485000,7.0,1.0,NaT,NaT,0 days 00:00:30.156000,0 days 00:00:38.136000,0 days 00:00:26.193000,0 days 00:57:40.237000,0 days 00:58:18.373000,0 days 00:58:44.566000,298.0,257.0,249.0,301.0,False,MEDIUM,10.0,False,Alpine,0 days 00:57:10.008000,,1,12.0,,,False,True
0 days 01:00:18.633000,COL,43,0 days 00:01:34.140000,8.0,1.0,NaT,NaT,0 days 00:00:30.001000,0 days 00:00:38.205000,0 days 00:00:25.934000,0 days 00:59:14.567000,0 days 00:59:52.772000,0 days 01:00:18.706000,301.0,256.0,253.0,302.0,True,MEDIUM,11.0,False,Alpine,0 days 00:58:44.493000,,1,12.0,,,False,True
0 days 01:01:52.531000,COL,43,0 days 00:01:33.898000,9.0,1.0,NaT,NaT,0 days 00:00:29.843000,0 days 00:00:38.041000,0 days 00:00:26.014000,0 days 01:00:48.549000,0 days 01:01:26.590000,0 days 01:01:52.604000,303.0,255.0,248.0,297.0,True,MEDIUM,12.0,False,Alpine,0 days 01:00:18.633000,,1,12.0,,,False,True
0 days 01:03:26.747000,COL,43,0 days 00:01:34.216000,10.0,1.0,NaT,NaT,0 days 00:00:30.075000,0 days 00:00:38.216000,0 days 00:00:25.925000,0 days 01:02:22.679000,0 days 01:03:00.895000,0 days 01:03:26.820000,301.0,255.0,245.0,304.0,False,MEDIUM,13.0,False,Alpine,0 days 01:01:52.531000,,1,12.0,,,False,True
0 days 01:05:00.956000,COL,43,0 days 00:01:34.209000,11.0,1.0,NaT,NaT,0 days 00:00:29.972000,0 days 00:00:38.302000,0 days 00:00:25.935000,0 days 01:03:56.792000,0 days 01:04:35.094000,0 days 01:05:01.029000,304.0,255.0,252.0,301.0,False,MEDIUM,14.0,False,Alpine,0 days 01:03:26.747000,,1,12.0,,,False,True
0 days 01:06:35.685000,COL,43,0 days 00:01:34.729000,12.0,1.0,NaT,NaT,0 days 00:00:30.104000,0 days 00:00:38.449000,0 days 00:00:26.176000,0 days 01:05:31.133000,0 days 01:06:09.582000,0 days 01:06:35.758000,297.0,255.0,250.0,301.0,False,MEDIUM,15.0,False,Alpine,0 days 01:05:00.956000,,1,12.0,,,False,True
0 days 01:08:09.989000,COL,43,0 days 00:01:34.304000,13.0,1.0,NaT,NaT,0 days 00:00:30.050000,0 days 00:00:38.279000,0 days 00:00:25.975000,0 days 01:07:05.808000,0 days 01:07:44.087000,0 days 01:08:10.062000,299.0,254.0,252.0,300.0,False,MEDIUM,16.0,False,Alpine,0 days 01:06:35.685000,,1,12.0,,,False,True
0 days 01:09:44.358000,COL,43,0 days 00:01:34.369000,14.0,1.0,NaT,NaT,0 days 00:00:29.971000,0 days 00:00:38.305000,0 days 00:00:26.093000,0 days 01:08:40.033000,0 days 01:09:18.338000,0 days 01:09:44.431000,300.0,255.0,248.0,301.0,False,MEDIUM,17.0,False,Alpine,0 days 01:08:09.989000,,1,12.0,,,False,True
0 days 01:11:18.944000,COL,43,0 days 00:01:34.586000,15.0,1.0,NaT,NaT,0 days 00:00:30.133000,0 days 00:00:38.426000,0 days 00:00:26.027000,0 days 01:10:14.564000,0 days 01:10:52.990000,0 days 01:11:19.017000,302.0,257.0,249.0,311.0,False,MEDIUM,18.0,False,Alpine,0 days 01:09:44.358000,,1,12.0,,,False,True
0 days 01:12:52.899000,COL,43,0 days 00:01:33.955000,16.0,1.0,NaT,NaT,0 days 00:00:30.069000,0 days 00:00:38.130000,0 days 00:00:25.756000,0 days 01:11:49.086000,0 days 01:12:27.216000,0 days 01:12:52.972000,298.0,257.0,251.0,303.0,False,MEDIUM,19.0,False,Alpine,0 days 01:11:18.944000,,1,12.0,,,False,True
0 days 01:14:26.419000,COL,43,0 days 00:01:33.520000,17.0,1.0,NaT,NaT,0 days 00:00:29.804000,0 days 00:00:38.178000,0 days 00:00:25.538000,0 days 01:13:22.776000,0 days 01:14:00.954000,0 days 01:14:26.492000,300.0,257.0,240.0,329.0,True,MEDIUM,20.0,False,Alpine,0 days 01:12:52.899000,,1,12.0,,,False,True
0 days 00:49:17.980000,BOR,5,NaT,1.0,1.0,NaT,NaT,NaT,0 days 00:00:40.496000,0 days 00:00:27.183000,NaT,0 days 00:48:51.118000,0 days 00:49:17.980000,318.0,257.0,240.0,328.0,False,MEDIUM,7.0,False,Audi,0 days 00:47:33.017000,,1,16.0,,,False,False
0 days 00:50:54.199000,BOR,5,0 days 00:01:36.219000,2.0,1.0,NaT,NaT,0 days 00:00:30.432000,0 days 00:00:39.284000,0 days 00:00:26.503000,0 days 00:49:48.412000,0 days 00:50:27.696000,0 days 00:50:54.199000,307.0,259.0,247.0,307.0,True,MEDIUM,8.0,False,Audi,0 days 00:49:17.980000,,12,16.0,,,False,True
0 days 00:52:30.259000,BOR,5,0 days 00:01:36.060000,3.0,1.0,NaT,NaT,0 days 00:00:30.601000,0 days 00:00:39.073000,0 days 00:00:26.386000,0 days 00:51:24.800000,0 days 00:52:03.873000,0 days 00:52:30.259000,298.0,259.0,246.0,317.0,True,MEDIUM,9.0,False,Audi,0 days 00:50:54.199000,,1,16.0,,,False,True
0 days 00:54:05.248000,BOR,5,0 days 00:01:34.989000,4.0,1.0,NaT,NaT,0 days 00:00:30.340000,0 days 00:00:38.480000,0 days 00:00:26.169000,0 days 00:53:00.599000,0 days 00:53:39.079000,0 days 00:54:05.248000,293.0,261.0,249.0,316.0,True,MEDIUM,10.0,False,Audi,0 days 00:52:30.259000,,1,16.0,,,False,True
0 days 00:55:39.909000,BOR,5,0 days 00:01:34.661000,5.0,1.0,NaT,NaT,0 days 00:00:30.043000,0 days 00:00:38.449000,0 days 00:00:26.169000,0 days 00:54:35.291000,0 days 00:55:13.740000,0 days 00:55:39.909000,299.0,261.0,249.0,317.0,True,MEDIUM,11.0,False,Audi,0 days 00:54:05.248000,,1,16.0,,,False,True
0 days 00:57:13.437000,BOR,5,0 days 00:01:33.528000,6.0,1.0,NaT,NaT,0 days 00:00:29.926000,0 days 00:00:38.226000,0 days 00:00:25.376000,0 days 00:56:09.835000,0 days 00:56:48.061000,0 days 00:57:13.437000,301.0,262.0,247.0,328.0,True,MEDIUM,12.0,False,Audi,0 days 00:55:39.909000,,1,15.0,,,False,True
0 days 00:58:47.732000,BOR,5,0 days 00:01:34.295000,7.0,1.0,NaT,NaT,0 days 00:00:29.995000,0 days 00:00:38.383000,0 days 00:00:25.917000,0 days 00:57:43.432000,0 days 00:58:21.815000,0 days 00:58:47.732000,294.0,257.0,250.0,300.0,False,MEDIUM,13.0,False,Audi,0 days 00:57:13.437000,,1,15.0,,,False,True
0 days 01:00:21.636000,BOR,5,0 days 00:01:33.904000,8.0,1.0,NaT,NaT,0 days 00:00:30.054000,0 days 00:00:38.111000,0 days 00:00:25.739000,0 days 00:59:17.786000,0 days 00:59:55.897000,0 days 01:00:21.636000,293.0,258.0,252.0,300.0,False,MEDIUM,14.0,False,Audi,0 days 00:58:47.732000,,1,15.0,,,False,True
0 days 01:01:55.738000,BOR,5,0 days 00:01:34.102000,9.0,1.0,NaT,NaT,0 days 00:00:29.911000,0 days 00:00:38.254000,0 days 00:00:25.937000,0 days 01:00:51.547000,0 days 01:01:29.801000,0 days 01:01:55.738000,296.0,258.0,249.0,301.0,False,MEDIUM,15.0,False,Audi,0 days 01:00:21.636000,,1,15.0,,,False,True
0 days 01:03:30.037000,BOR,5,0 days 00:01:34.299000,10.0,1.0,NaT,NaT,0 days 00:00:30.032000,0 days 00:00:38.228000,0 days 00:00:26.039000,0 days 01:02:25.770000,0 days 01:03:03.998000,0 days 01:03:30.037000,296.0,260.0,246.0,311.0,False,MEDIUM,16.0,False,Audi,0 days 01:01:55.738000,,1,15.0,,,False,True
0 days 01:05:03.759000,BOR,5,0 days 00:01:33.722000,11.0,1.0,NaT,NaT,0 days 00:00:29.951000,0 days 00:00:38.337000,0 days 00:00:25.434000,0 days 01:03:59.988000,0 days 01:04:38.325000,0 days 01:05:03.759000,309.0,260.0,249.0,333.0,False,MEDIUM,17.0,False,Audi,0 days 01:03:30.037000,,1,14.0,,,False,True
0 days 01:06:38.034000,BOR,5,0 days 00:01:34.275000,12.0,1.0,NaT,NaT,0 days 00:00:30.120000,0 days 00:00:38.406000,0 days 00:00:25.749000,0 days 01:05:33.879000,0 days 01:06:12.285000,0 days 01:06:38.034000,290.0,254.0,251.0,300.0,False,MEDIUM,18.0,False,Audi,0 days 01:05:03.759000,,1,14.0,,,False,True
0 days 01:08:12.260000,BOR,5,0 days 00:01:34.226000,13.0,1.0,NaT,NaT,0 days 00:00:30.031000,0 days 00:00:38.362000,0 days 00:00:25.833000,0 days 01:07:08.065000,0 days 01:07:46.427000,0 days 01:08:12.260000,294.0,259.0,251.0,299.0,False,MEDIUM,19.0,False,Audi,0 days 01:06:38.034000,,1,14.0,,,False,True
0 days 01:09:46.128000,BOR,5,0 days 00:01:33.868000,14.0,1.0,NaT,NaT,0 days 00:00:30.075000,0 days 00:00:38.093000,0 days 00:00:25.700000,0 days 01:08:42.335000,0 days 01:09:20.428000,0 days 01:09:46.128000,290.0,261.0,250.0,301.0,False,MEDIUM,20.0,False,Audi,0 days 01:08:12.260000,,1,14.0,,,False,True
0 days 01:11:20.155000,BOR,5,0 days 00:01:34.027000,15.0,1.0,NaT,NaT,0 days 00:00:29.991000,0 days 00:00:38.280000,0 days 00:00:25.756000,0 days 01:10:16.119000,0 days 01:10:54.399000,0 days 01:11:20.155000,296.0,260.0,249.0,308.0,False,MEDIUM,21.0,False,Audi,0 days 01:09:46.128000,,1,14.0,,,False,True
0 days 01:12:54.386000,BOR,5,0 days 00:01:34.231000,16.0,1.0,NaT,NaT,0 days 00:00:30.062000,0 days 00:00:38.380000,0 days 00:00:25.789000,0 days 01:11:50.217000,0 days 01:12:28.597000,0 days 01:12:54.386000,302.0,260.0,248.0,321.0,False,MEDIUM,22.0,False,Audi,0 days 01:11:20.155000,,1,14.0,,,False,True
0 days 01:14:27.892000,BOR,5,0 days 00:01:33.506000,17.0,1.0,NaT,NaT,0 days 00:00:29.895000,0 days 00:00:38.199000,0 days 00:00:25.412000,0 days 01:13:24.281000,0 days 01:14:02.480000,0 days 01:14:27.892000,293.0,261.0,248.0,331.0,True,MEDIUM,23.0,False,Audi,0 days 01:12:54.386000,,1,14.0,,,False,True
0 days 00:49:15.832000,BEA,87,NaT,1.0,1.0,NaT,NaT,NaT,0 days 00:00:40.186000,0 days 00:00:26.808000,NaT,0 days 00:48:49.149000,0 days 00:49:15.886000,306.0,263.0,243.0,319.0,False,MEDIUM,1.0,True,Haas F1 Team,0 days 00:47:33.017000,,1,12.0,,,False,False
0 days 00:50:51.439000,BEA,87,0 days 00:01:35.607000,2.0,1.0,NaT,NaT,0 days 00:00:30.843000,0 days 00:00:38.537000,0 days 00:00:26.227000,0 days 00:49:46.729000,0 days 00:50:25.266000,0 days 00:50:51.493000,300.0,262.0,246.0,319.0,True,MEDIUM,2.0,True,Haas F1 Team,0 days 00:49:15.832000,,12,12.0,,,False,True
0 days 00:52:27.503000,BEA,87,0 days 00:01:36.064000,3.0,1.0,NaT,NaT,0 days 00:00:30.379000,0 days 00:00:39.341000,0 days 00:00:26.344000,0 days 00:51:21.872000,0 days 00:52:01.213000,0 days 00:52:27.557000,310.0,259.0,247.0,305.0,False,MEDIUM,3.0,True,Haas F1 Team,0 days 00:50:51.439000,,1,13.0,,,False,True
0 days 00:54:01.984000,BEA,87,0 days 00:01:34.481000,4.0,1.0,NaT,NaT,0 days 00:00:30.133000,0 days 00:00:38.283000,0 days 00:00:26.065000,0 days 00:52:57.690000,0 days 00:53:35.973000,0 days 00:54:02.038000,295.0,261.0,249.0,304.0,True,MEDIUM,4.0,True,Haas F1 Team,0 days 00:52:27.503000,,1,13.0,,,False,True
0 days 00:55:36.339000,BEA,87,0 days 00:01:34.355000,5.0,1.0,NaT,NaT,0 days 00:00:30.067000,0 days 00:00:38.198000,0 days 00:00:26.090000,0 days 00:54:32.105000,0 days 00:55:10.303000,0 days 00:55:36.393000,292.0,262.0,247.0,302.0,True,MEDIUM,5.0,True,Haas F1 Team,0 days 00:54:01.984000,,1,13.0,,,False,True
0 days 00:57:10.800000,BEA,87,0 days 00:01:34.461000,6.0,1.0,NaT,NaT,0 days 00:00:30.064000,0 days 00:00:38.250000,0 days 00:00:26.147000,0 days 00:56:06.457000,0 days 00:56:44.707000,0 days 00:57:10.854000,295.0,260.0,248.0,306.0,False,MEDIUM,6.0,True,Haas F1 Team,0 days 00:55:36.339000,,1,13.0,,,False,True
0 days 00:58:45.240000,BEA,87,0 days 00:01:34.440000,7.0,1.0,NaT,NaT,0 days 00:00:29.799000,0 days 00:00:38.441000,0 days 00:00:26.200000,0 days 00:57:40.653000,0 days 00:58:19.094000,0 days 00:58:45.294000,311.0,259.0,249.0,308.0,False,MEDIUM,7.0,True,Haas F1 Team,0 days 00:57:10.800000,,1,13.0,,,False,True
0 days 01:00:19.628000,BEA,87,0 days 00:01:34.388000,8.0,1.0,NaT,NaT,0 days 00:00:29.760000,0 days 00:00:38.395000,0 days 00:00:26.233000,0 days 00:59:15.054000,0 days 00:59:53.449000,0 days 01:00:19.682000,311.0,257.0,249.0,304.0,False,MEDIUM,8.0,True,Haas F1 Team,0 days 00:58:45.240000,,1,13.0,,,False,True
0 days 01:01:54.449000,BEA,87,0 days 00:01:34.821000,9.0,1.0,NaT,NaT,0 days 00:00:29.704000,0 days 00:00:38.215000,0 days 00:00:26.902000,0 days 01:00:49.386000,0 days 01:01:27.601000,0 days 01:01:54.503000,310.0,256.0,243.0,299.0,False,MEDIUM,9.0,True,Haas F1 Team,0 days 01:00:19.628000,,1,14.0,,,False,True
0 days 01:03:29.665000,BEA,87,0 days 00:01:35.216000,10.0,1.0,NaT,NaT,0 days 00:00:30.125000,0 days 00:00:38.724000,0 days 00:00:26.367000,0 days 01:02:24.628000,0 days 01:03:03.352000,0 days 01:03:29.719000,308.0,255.0,247.0,305.0,False,MEDIUM,10.0,True,Haas F1 Team,0 days 01:01:54.449000,,1,14.0,,,False,True
0 days 01:05:04.634000,BEA,87,0 days 00:01:34.969000,11.0,1.0,NaT,NaT,0 days 00:00:29.823000,0 days 00:00:38.471000,0 days 00:00:26.675000,0 days 01:03:59.542000,0 days 01:04:38.013000,0 days 01:05:04.688000,309.0,257.0,247.0,304.0,False,MEDIUM,11.0,True,Haas F1 Team,0 days 01:03:29.665000,,1,15.0,,,False,True
0 days 01:06:39.085000,BEA,87,0 days 00:01:34.451000,12.0,1.0,NaT,NaT,0 days 00:00:29.833000,0 days 00:00:38.606000,0 days 00:00:26.012000,0 days 01:05:34.521000,0 days 01:06:13.127000,0 days 01:06:39.139000,309.0,258.0,249.0,309.0,False,MEDIUM,12.0,True,Haas F1 Team,0 days 01:05:04.634000,,1,15.0,,,False,True
0 days 01:08:13.770000,BEA,87,0 days 00:01:34.685000,13.0,1.0,NaT,NaT,0 days 00:00:29.817000,0 days 00:00:38.680000,0 days 00:00:26.188000,0 days 01:07:08.956000,0 days 01:07:47.636000,0 days 01:08:13.824000,308.0,256.0,249.0,296.0,False,MEDIUM,13.0,True,Haas F1 Team,0 days 01:06:39.085000,,1,15.0,,,False,True
0 days 01:09:48.527000,BEA,87,0 days 00:01:34.757000,14.0,1.0,NaT,NaT,0 days 00:00:30.088000,0 days 00:00:38.500000,0 days 00:00:26.169000,0 days 01:08:43.912000,0 days 01:09:22.412000,0 days 01:09:48.581000,290.0,259.0,248.0,298.0,False,MEDIUM,14.0,True,Haas F1 Team,0 days 01:08:13.770000,,1,15.0,,,False,True
0 days 01:11:23.273000,BEA,87,0 days 00:01:34.746000,15.0,1.0,NaT,NaT,0 days 00:00:30.299000,0 days 00:00:38.322000,0 days 00:00:26.125000,0 days 01:10:18.880000,0 days 01:10:57.202000,0 days 01:11:23.327000,289.0,257.0,248.0,299.0,False,MEDIUM,15.0,True,Haas F1 Team,0 days 01:09:48.527000,,1,15.0,,,False,True
0 days 01:12:57.603000,BEA,87,0 days 00:01:34.330000,16.0,1.0,NaT,NaT,0 days 00:00:30.285000,0 days 00:00:38.240000,0 days 00:00:25.805000,0 days 01:11:53.612000,0 days 01:12:31.852000,0 days 01:12:57.657000,290.0,260.0,250.0,304.0,True,MEDIUM,16.0,True,Haas F1 Team,0 days 01:11:23.273000,,1,15.0,,,False,True
0 days 01:14:31.177000,BEA,87,0 days 00:01:33.574000,17.0,1.0,NaT,NaT,0 days 00:00:30.080000,0 days 00:00:38.076000,0 days 00:00:25.418000,0 days 01:13:27.737000,0 days 01:14:05.813000,0 days 01:14:31.231000,289.0,264.0,246.0,312.0,True,MEDIUM,17.0,True,Haas F1 Team,0 days 01:12:57.603000,,1,15.0,,,False,True
0 days 00:49:16.641000,HUL,27,NaT,1.0,1.0,NaT,NaT,NaT,0 days 00:00:40.015000,0 days 00:00:26.907000,NaT,0 days 00:48:49.867000,0 days 00:49:16.777000,316.0,258.0,244.0,316.0,False,MEDIUM,7.0,False,Audi,0 days 00:47:33.017000,,1,14.0,,,False,False
0 days 00:50:53.295000,HUL,27,0 days 00:01:36.654000,2.0,1.0,NaT,NaT,0 days 00:00:31.094000,0 days 00:00:39.134000,0 days 00:00:26.426000,0 days 00:49:47.787000,0 days 00:50:26.921000,0 days 00:50:53.347000,320.0,256.0,247.0,304.0,True,MEDIUM,8.0,False,Audi,0 days 00:49:16.641000,,12,14.0,,,False,True
0 days 00:52:29.064000,HUL,27,0 days 00:01:35.769000,3.0,1.0,NaT,NaT,0 days 00:00:30.549000,0 days 00:00:38.932000,0 days 00:00:26.288000,0 days 00:51:23.896000,0 days 00:52:02.828000,0 days 00:52:29.116000,288.0,254.0,245.0,296.0,True,MEDIUM,9.0,False,Audi,0 days 00:50:53.295000,,1,14.0,,,False,True
0 days 00:54:03.939000,HUL,27,0 days 00:01:34.875000,4.0,1.0,NaT,NaT,0 days 00:00:30.229000,0 days 00:00:38.617000,0 days 00:00:26.029000,0 days 00:52:59.345000,0 days 00:53:37.962000,0 days 00:54:03.991000,289.0,260.0,251.0,301.0,True,MEDIUM,10.0,False,Audi,0 days 00:52:29.064000,,1,14.0,,,False,True
0 days 00:55:38.150000,HUL,27,0 days 00:01:34.211000,5.0,1.0,NaT,NaT,0 days 00:00:30.154000,0 days 00:00:38.274000,0 days 00:00:25.783000,0 days 00:54:34.145000,0 days 00:55:12.419000,0 days 00:55:38.202000,289.0,259.0,251.0,300.0,True,MEDIUM,11.0,False,Audi,0 days 00:54:03.939000,,1,14.0,,,False,True
0 days 00:57:12.254000,HUL,27,0 days 00:01:34.104000,6.0,1.0,NaT,NaT,0 days 00:00:29.886000,0 days 00:00:38.384000,0 days 00:00:25.834000,0 days 00:56:08.088000,0 days 00:56:46.472000,0 days 00:57:12.306000,293.0,259.0,252.0,301.0,True,MEDIUM,12.0,False,Audi,0 days 00:55:38.150000,,1,14.0,,,False,True
0 days 00:58:46.120000,HUL,27,0 days 00:01:33.866000,7.0,1.0,NaT,NaT,0 days 00:00:29.944000,0 days 00:00:38.111000,0 days 00:00:25.811000,0 days 00:57:42.250000,0 days 00:58:20.361000,0 days 00:58:46.172000,295.0,262.0,253.0,307.0,True,MEDIUM,13.0,False,Audi,0 days 00:57:12.254000,,1,14.0,,,False,True
0 days 01:00:20.084000,HUL,27,0 days 00:01:33.964000,8.0,1.0,NaT,NaT,0 days 00:00:29.828000,0 days 00:00:37.929000,0 days 00:00:26.207000,0 days 00:59:16,0 days 00:59:53.929000,0 days 01:00:20.136000,295.0,261.0,249.0,319.0,False,MEDIUM,14.0,False,Audi,0 days 00:58:46.120000,,1,14.0,,,False,True
0 days 01:01:53.750000,HUL,27,0 days 00:01:33.666000,9.0,1.0,NaT,NaT,0 days 00:00:30.033000,0 days 00:00:37.966000,0 days 00:00:25.667000,0 days 01:00:50.169000,0 days 01:01:28.135000,0 days 01:01:53.802000,295.0,257.0,248.0,337.0,True,MEDIUM,15.0,False,Audi,0 days 01:00:20.084000,,1,13.0,,,False,True
0 days 01:03:28.620000,HUL,27,0 days 00:01:34.870000,10.0,1.0,NaT,NaT,0 days 00:00:30.260000,0 days 00:00:38.555000,0 days 00:00:26.055000,0 days 01:02:24.062000,0 days 01:03:02.617000,0 days 01:03:28.672000,288.0,255.0,249.0,298.0,False,MEDIUM,16.0,False,Audi,0 days 01:01:53.750000,,1,13.0,,,False,True
0 days 01:05:02.914000,HUL,27,0 days 00:01:34.294000,11.0,1.0,NaT,NaT,0 days 00:00:30.109000,0 days 00:00:38.250000,0 days 00:00:25.935000,0 days 01:03:58.781000,0 days 01:04:37.031000,0 days 01:05:02.966000,289.0,257.0,250.0,301.0,False,MEDIUM,17.0,False,Audi,0 days 01:03:28.620000,,1,13.0,,,False,True
0 days 01:06:36.902000,HUL,27,0 days 00:01:33.988000,12.0,1.0,NaT,NaT,0 days 00:00:30.081000,0 days 00:00:38.216000,0 days 00:00:25.691000,0 days 01:05:33.047000,0 days 01:06:11.263000,0 days 01:06:36.954000,288.0,255.0,251.0,302.0,False,MEDIUM,18.0,False,Audi,0 days 01:05:02.914000,,1,13.0,,,False,True
0 days 01:08:10.902000,HUL,27,0 days 00:01:34,13.0,1.0,NaT,NaT,0 days 00:00:29.932000,0 days 00:00:38.295000,0 days 00:00:25.773000,0 days 01:07:06.886000,0 days 01:07:45.181000,0 days 01:08:10.954000,292.0,259.0,253.0,300.0,False,MEDIUM,19.0,False,Audi,0 days 01:06:36.902000,,1,13.0,,,False,True
0 days 01:09:44.916000,HUL,27,0 days 00:01:34.014000,14.0,1.0,NaT,NaT,0 days 00:00:29.976000,0 days 00:00:38.128000,0 days 00:00:25.910000,0 days 01:08:40.930000,0 days 01:09:19.058000,0 days 01:09:44.968000,293.0,262.0,248.0,310.0,False,MEDIUM,20.0,False,Audi,0 days 01:08:10.902000,,1,13.0,,,False,True
0 days 01:11:19.651000,HUL,27,0 days 00:01:34.735000,15.0,1.0,NaT,NaT,0 days 00:00:29.816000,0 days 00:00:39.068000,0 days 00:00:25.851000,0 days 01:10:14.784000,0 days 01:10:53.852000,0 days 01:11:19.703000,307.0,261.0,247.0,316.0,False,MEDIUM,21.0,False,Audi,0 days 01:09:44.916000,,1,13.0,,,False,True
0 days 01:12:53.576000,HUL,27,0 days 00:01:33.925000,16.0,1.0,NaT,NaT,0 days 00:00:30.249000,0 days 00:00:38.296000,0 days 00:00:25.380000,0 days 01:11:49.952000,0 days 01:12:28.248000,0 days 01:12:53.628000,280.0,263.0,249.0,335.0,False,MEDIUM,22.0,False,Audi,0 days 01:11:19.651000,,1,13.0,,,False,True
0 days 01:14:27.073000,HUL,27,0 days 00:01:33.497000,17.0,1.0,NaT,NaT,0 days 00:00:30.127000,0 days 00:00:38.235000,0 days 00:00:25.135000,0 days 01:13:23.755000,0 days 01:14:01.990000,0 days 01:14:27.125000,278.0,266.0,246.0,329.0,True,MEDIUM,23.0,False,Audi,0 days 01:12:53.576000,,1,13.0,,,False,True
0 days 00:49:16.884000,OCO,31,NaT,1.0,1.0,NaT,NaT,NaT,0 days 00:00:40.222000,0 days 00:00:26.797000,NaT,0 days 00:48:50.258000,0 days 00:49:17.042000,298.0,264.0,233.0,329.0,False,MEDIUM,1.0,True,Haas F1 Team,0 days 00:47:33.017000,,1,15.0,,,False,False
0 days 00:50:53.867000,OCO,31,0 days 00:01:36.983000,2.0,1.0,NaT,NaT,0 days 00:00:30.991000,0 days 00:00:39.582000,0 days 00:00:26.410000,0 days 00:49:47.947000,0 days 00:50:27.529000,0 days 00:50:53.939000,297.0,261.0,245.0,315.0,True,MEDIUM,2.0,True,Haas F1 Team,0 days 00:49:16.884000,,12,15.0,,,False,True
0 days 00:52:29.867000,OCO,31,0 days 00:01:36,3.0,1.0,NaT,NaT,0 days 00:00:30.834000,0 days 00:00:38.882000,0 days 00:00:26.284000,0 days 00:51:24.773000,0 days 00:52:03.655000,0 days 00:52:29.939000,293.0,261.0,248.0,309.0,True,MEDIUM,3.0,True,Haas F1 Team,0 days 00:50:53.867000,,1,15.0,,,False,True
0 days 00:54:04.881000,OCO,31,0 days 00:01:35.014000,4.0,1.0,NaT,NaT,0 days 00:00:29.776000,0 days 00:00:39.045000,0 days 00:00:26.193000,0 days 00:52:59.715000,0 days 00:53:38.760000,0 days 00:54:04.953000,308.0,258.0,249.0,306.0,True,MEDIUM,4.0,True,Haas F1 Team,0 days 00:52:29.867000,,1,15.0,,,False,True
0 days 00:55:39.520000,OCO,31,0 days 00:01:34.639000,5.0,1.0,NaT,NaT,0 days 00:00:29.782000,0 days 00:00:38.580000,0 days 00:00:26.277000,0 days 00:54:34.735000,0 days 00:55:13.315000,0 days 00:55:39.592000,311.0,259.0,247.0,303.0,True,MEDIUM,5.0,True,Haas F1 Team,0 days 00:54:04.881000,,1,15.0,,,False,True
0 days 00:57:14.212000,OCO,31,0 days 00:01:34.692000,6.0,1.0,NaT,NaT,0 days 00:00:29.699000,0 days 00:00:38.498000,0 days 00:00:26.495000,0 days 00:56:09.291000,0 days 00:56:47.789000,0 days 00:57:14.284000,307.0,258.0,248.0,299.0,False,MEDIUM,6.0,True,Haas F1 Team,0 days 00:55:39.520000,,1,16.0,,,False,True
0 days 00:58:48.654000,OCO,31,0 days 00:01:34.442000,7.0,1.0,NaT,NaT,0 days 00:00:30.052000,0 days 00:00:38.516000,0 days 00:00:25.874000,0 days 00:57:44.336000,0 days 00:58:22.852000,0 days 00:58:48.726000,298.0,258.0,250.0,305.0,True,MEDIUM,7.0,True,Haas F1 Team,0 days 00:57:14.212000,,1,16.0,,,False,True
0 days 01:00:23.256000,OCO,31,0 days 00:01:34.602000,8.0,1.0,NaT,NaT,0 days 00:00:30.165000,0 days 00:00:38.359000,0 days 00:00:26.078000,0 days 00:59:18.891000,0 days 00:59:57.250000,0 days 01:00:23.328000,294.0,260.0,249.0,306.0,False,MEDIUM,8.0,True,Haas F1 Team,0 days 00:58:48.654000,,1,16.0,,,False,True
0 days 01:01:57.655000,OCO,31,0 days 00:01:34.399000,9.0,1.0,NaT,NaT,0 days 00:00:30.254000,0 days 00:00:38.223000,0 days 00:00:25.922000,0 days 01:00:53.582000,0 days 01:01:31.805000,0 days 01:01:57.727000,288.0,258.0,247.0,298.0,True,MEDIUM,9.0,True,Haas F1 Team,0 days 01:00:23.256000,,1,16.0,,,False,True
0 days 01:03:32.833000,OCO,31,0 days 00:01:35.178000,10.0,1.0,NaT,NaT,0 days 00:00:30.403000,0 days 00:00:38.581000,0 days 00:00:26.194000,0 days 01:02:28.130000,0 days 01:03:06.711000,0 days 01:03:32.905000,287.0,256.0,248.0,298.0,False,MEDIUM,10.0,True,Haas F1 Team,0 days 01:01:57.655000,,1,16.0,,,False,True
0 days 01:05:07.506000,OCO,31,0 days 00:01:34.673000,11.0,1.0,NaT,NaT,0 days 00:00:30.184000,0 days 00:00:38.365000,0 days 00:00:26.124000,0 days 01:04:03.089000,0 days 01:04:41.454000,0 days 01:05:07.578000,291.0,256.0,250.0,298.0,False,MEDIUM,11.0,True,Haas F1 Team,0 days 01:03:32.833000,,1,16.0,,,False,True
0 days 01:06:42.099000,OCO,31,0 days 00:01:34.593000,12.0,1.0,NaT,NaT,0 days 00:00:30.296000,0 days 00:00:38.329000,0 days 00:00:25.968000,0 days 01:05:37.874000,0 days 01:06:16.203000,0 days 01:06:42.171000,288.0,258.0,251.0,298.0,False,MEDIUM,12.0,True,Haas F1 Team,0 days 01:05:07.506000,,1,16.0,,,False,True
0 days 01:08:16.802000,OCO,31,0 days 00:01:34.703000,13.0,1.0,NaT,NaT,0 days 00:00:30.278000,0 days 00:00:38.326000,0 days 00:00:26.099000,0 days 01:07:12.449000,0 days 01:07:50.775000,0 days 01:08:16.874000,288.0,257.0,251.0,293.0,False,MEDIUM,13.0,True,Haas F1 Team,0 days 01:06:42.099000,,1,16.0,,,False,True
0 days 01:09:51.518000,OCO,31,0 days 00:01:34.716000,14.0,1.0,NaT,NaT,0 days 00:00:30.154000,0 days 00:00:38.397000,0 days 00:00:26.165000,0 days 01:08:47.028000,0 days 01:09:25.425000,0 days 01:09:51.590000,288.0,258.0,249.0,295.0,False,MEDIUM,14.0,True,Haas F1 Team,0 days 01:08:16.802000,,1,16.0,,,False,True
0 days 01:11:26.248000,OCO,31,0 days 00:01:34.730000,15.0,1.0,NaT,NaT,0 days 00:00:30.258000,0 days 00:00:38.493000,0 days 00:00:25.979000,0 days 01:10:21.848000,0 days 01:11:00.341000,0 days 01:11:26.320000,290.0,258.0,251.0,299.0,False,MEDIUM,15.0,True,Haas F1 Team,0 days 01:09:51.518000,,1,16.0,,,False,True
0 days 01:13:00.738000,OCO,31,0 days 00:01:34.490000,16.0,1.0,NaT,NaT,0 days 00:00:30.143000,0 days 00:00:38.287000,0 days 00:00:26.060000,0 days 01:11:56.463000,0 days 01:12:34.750000,0 days 01:13:00.810000,290.0,259.0,250.0,297.0,False,MEDIUM,16.0,True,Haas F1 Team,0 days 01:11:26.248000,,1,16.0,,,False,True
0 days 01:14:35.203000,OCO,31,0 days 00:01:34.465000,17.0,1.0,NaT,NaT,0 days 00:00:30.135000,0 days 00:00:38.145000,0 days 00:00:26.185000,0 days 01:13:30.945000,0 days 01:14:09.090000,0 days 01:14:35.275000,288.0,259.0,246.0,297.0,False,MEDIUM,17.0,True,Haas F1 Team,0 days 01:13:00.738000,,1,16.0,,,False,True
0 days 00:49:18.376000,SAI,55,NaT,1.0,1.0,NaT,NaT,NaT,0 days 00:00:40.649000,0 days 00:00:27.826000,NaT,0 days 00:48:50.711000,0 days 00:49:18.574000,297.0,259.0,229.0,321.0,False,MEDIUM,1.0,True,Williams,0 days 00:47:33.017000,,1,17.0,,,False,False
0 days 00:50:55.152000,SAI,55,0 days 00:01:36.776000,2.0,1.0,NaT,NaT,0 days 00:00:30.585000,0 days 00:00:39.629000,0 days 00:00:26.562000,0 days 00:49:49.050000,0 days 00:50:28.679000,0 days 00:50:55.241000,315.0,257.0,243.0,307.0,True,MEDIUM,2.0,True,Williams,0 days 00:49:18.376000,,12,17.0,,,False,True
0 days 00:52:31.013000,SAI,55,0 days 00:01:35.861000,3.0,1.0,NaT,NaT,0 days 00:00:30.047000,0 days 00:00:39.448000,0 days 00:00:26.366000,0 days 00:51:25.288000,0 days 00:52:04.736000,0 days 00:52:31.102000,316.0,259.0,245.0,312.0,True,MEDIUM,3.0,True,Williams,0 days 00:50:55.152000,,1,17.0,,,False,True
0 days 00:54:06.351000,SAI,55,0 days 00:01:35.338000,4.0,1.0,NaT,NaT,0 days 00:00:29.909000,0 days 00:00:39.026000,0 days 00:00:26.403000,0 days 00:53:01.011000,0 days 00:53:40.037000,0 days 00:54:06.440000,313.0,259.0,245.0,309.0,True,MEDIUM,4.0,True,Williams,0 days 00:52:31.013000,,1,17.0,,,False,True
0 days 00:55:40.922000,SAI,55,0 days 00:01:34.571000,5.0,1.0,NaT,NaT,0 days 00:00:29.781000,0 days 00:00:38.681000,0 days 00:00:26.109000,0 days 00:54:36.221000,0 days 00:55:14.902000,0 days 00:55:41.011000,305.0,260.0,248.0,310.0,True,MEDIUM,5.0,True,Williams,0 days 00:54:06.351000,,1,17.0,,,False,True
0 days 00:57:15.443000,SAI,55,0 days 00:01:34.521000,6.0,1.0,NaT,NaT,0 days 00:00:29.748000,0 days 00:00:38.671000,0 days 00:00:26.102000,0 days 00:56:10.759000,0 days 00:56:49.430000,0 days 00:57:15.532000,308.0,261.0,248.0,308.0,True,MEDIUM,6.0,True,Williams,0 days 00:55:40.922000,,1,17.0,,,False,True
0 days 00:58:49.849000,SAI,55,0 days 00:01:34.406000,7.0,1.0,NaT,NaT,0 days 00:00:29.705000,0 days 00:00:38.541000,0 days 00:00:26.160000,0 days 00:57:45.237000,0 days 00:58:23.778000,0 days 00:58:49.938000,303.0,261.0,251.0,310.0,True,MEDIUM,7.0,True,Williams,0 days 00:57:15.443000,,1,17.0,,,False,True
0 days 01:00:24.638000,SAI,55,0 days 00:01:34.789000,8.0,1.0,NaT,NaT,0 days 00:00:29.804000,0 days 00:00:38.713000,0 days 00:00:26.272000,0 days 00:59:19.742000,0 days 00:59:58.455000,0 days 01:00:24.727000,306.0,256.0,251.0,301.0,False,MEDIUM,8.0,True,Williams,0 days 00:58:49.849000,,1,17.0,,,False,True
0 days 01:01:58.890000,SAI,55,0 days 00:01:34.252000,9.0,1.0,NaT,NaT,0 days 00:00:29.795000,0 days 00:00:38.403000,0 days 00:00:26.054000,0 days 01:00:54.522000,0 days 01:01:32.925000,0 days 01:01:58.979000,306.0,257.0,249.0,305.0,True,MEDIUM,9.0,True,Williams,0 days 01:00:24.638000,,1,17.0,,,False,True
0 days 01:03:33.646000,SAI,55,0 days 00:01:34.756000,10.0,1.0,NaT,NaT,0 days 00:00:30.183000,0 days 00:00:38.348000,0 days 00:00:26.225000,0 days 01:02:29.162000,0 days 01:03:07.510000,0 days 01:03:33.735000,300.0,259.0,247.0,311.0,False,MEDIUM,10.0,True,Williams,0 days 01:01:58.890000,,1,17.0,,,False,True
0 days 01:05:08.398000,SAI,55,0 days 00:01:34.752000,11.0,1.0,NaT,NaT,0 days 00:00:29.678000,0 days 00:00:38.872000,0 days 00:00:26.202000,0 days 01:04:03.413000,0 days 01:04:42.285000,0 days 01:05:08.487000,314.0,258.0,248.0,311.0,False,MEDIUM,11.0,True,Williams,0 days 01:03:33.646000,,1,17.0,,,False,True
0 days 01:06:43.036000,SAI,55,0 days 00:01:34.638000,12.0,1.0,NaT,NaT,0 days 00:00:29.886000,0 days 00:00:38.678000,0 days 00:00:26.074000,0 days 01:05:38.373000,0 days 01:06:17.051000,0 days 01:06:43.125000,306.0,257.0,251.0,311.0,False,MEDIUM,12.0,True,Williams,0 days 01:05:08.398000,,1,17.0,,,False,True
0 days 01:08:17.497000,SAI,55,0 days 00:01:34.461000,13.0,1.0,NaT,NaT,0 days 00:00:29.657000,0 days 00:00:38.653000,0 days 00:00:26.151000,0 days 01:07:12.782000,0 days 01:07:51.435000,0 days 01:08:17.586000,314.0,260.0,248.0,314.0,False,MEDIUM,13.0,True,Williams,0 days 01:06:43.036000,,1,17.0,,,False,True
0 days 01:09:52.312000,SAI,55,0 days 00:01:34.815000,14.0,1.0,NaT,NaT,0 days 00:00:29.826000,0 days 00:00:38.675000,0 days 00:00:26.314000,0 days 01:08:47.412000,0 days 01:09:26.087000,0 days 01:09:52.401000,314.0,258.0,243.0,338.0,False,MEDIUM,14.0,True,Williams,0 days 01:08:17.497000,,1,17.0,,,False,True
0 days 01:11:27.312000,SAI,55,0 days 00:01:35,15.0,1.0,NaT,NaT,0 days 00:00:30.289000,0 days 00:00:38.594000,0 days 00:00:26.117000,0 days 01:10:22.690000,0 days 01:11:01.284000,0 days 01:11:27.401000,302.0,259.0,252.0,312.0,False,MEDIUM,15.0,True,Williams,0 days 01:09:52.312000,,1,17.0,,,False,True
0 days 01:13:01.586000,SAI,55,0 days 00:01:34.274000,16.0,1.0,NaT,NaT,0 days 00:00:29.740000,0 days 00:00:38.440000,0 days 00:00:26.094000,0 days 01:11:57.141000,0 days 01:12:35.581000,0 days 01:13:01.675000,305.0,260.0,249.0,313.0,False,MEDIUM,16.0,True,Williams,0 days 01:11:27.312000,,1,17.0,,,False,True
0 days 01:14:35.772000,SAI,55,0 days 00:01:34.186000,17.0,1.0,NaT,NaT,0 days 00:00:29.455000,0 days 00:00:38.673000,0 days 00:00:26.058000,0 days 01:13:31.130000,0 days 01:14:09.803000,0 days 01:14:35.861000,323.0,264.0,234.0,336.0,True,MEDIUM,17.0,True,Williams,0 days 01:13:01.586000,,1,17.0,,,False,True
0 days 00:49:21.384000,ALB,23,NaT,1.0,1.0,0 days 00:47:47.033000,NaT,NaT,0 days 00:00:38.808000,0 days 00:00:26.524000,NaT,0 days 00:48:55.039000,0 days 00:49:21.504000,301.0,260.0,248.0,306.0,False,MEDIUM,1.0,True,Williams,0 days 00:47:33.017000,,1,22.0,,,False,False
0 days 00:50:58.776000,ALB,23,0 days 00:01:37.392000,2.0,1.0,NaT,NaT,0 days 00:00:30.059000,0 days 00:00:39.984000,0 days 00:00:27.349000,0 days 00:49:51.453000,0 days 00:50:31.437000,0 days 00:50:58.786000,319.0,256.0,243.0,310.0,True,MEDIUM,2.0,True,Williams,0 days 00:49:21.384000,,12,19.0,,,False,True
0 days 00:52:34.098000,ALB,23,0 days 00:01:35.322000,3.0,1.0,NaT,NaT,0 days 00:00:30.033000,0 days 00:00:39.048000,0 days 00:00:26.241000,0 days 00:51:28.819000,0 days 00:52:07.867000,0 days 00:52:34.108000,306.0,259.0,248.0,301.0,True,MEDIUM,3.0,True,Williams,0 days 00:50:58.776000,,1,18.0,,,False,True
0 days 00:54:08.674000,ALB,23,0 days 00:01:34.576000,4.0,1.0,NaT,NaT,0 days 00:00:29.922000,0 days 00:00:38.428000,0 days 00:00:26.226000,0 days 00:53:04.030000,0 days 00:53:42.458000,0 days 00:54:08.684000,297.0,257.0,251.0,297.0,True,MEDIUM,4.0,True,Williams,0 days 00:52:34.098000,,1,18.0,,,False,True
0 days 00:55:43.102000,ALB,23,0 days 00:01:34.428000,5.0,1.0,NaT,NaT,0 days 00:00:30.001000,0 days 00:00:38.238000,0 days 00:00:26.189000,0 days 00:54:38.685000,0 days 00:55:16.923000,0 days 00:55:43.112000,295.0,258.0,248.0,304.0,True,MEDIUM,5.0,True,Williams,0 days 00:54:08.674000,,1,18.0,,,False,True
0 days 00:57:17.758000,ALB,23,0 days 00:01:34.656000,6.0,1.0,NaT,NaT,0 days 00:00:30.069000,0 days 00:00:38.531000,0 days 00:00:26.056000,0 days 00:56:13.181000,0 days 00:56:51.712000,0 days 00:57:17.768000,295.0,260.0,248.0,304.0,False,MEDIUM,6.0,True,Williams,0 days 00:55:43.102000,,1,18.0,,,False,True
0 days 00:58:52.131000,ALB,23,0 days 00:01:34.373000,7.0,1.0,NaT,NaT,0 days 00:00:29.909000,0 days 00:00:38.409000,0 days 00:00:26.055000,0 days 00:57:47.677000,0 days 00:58:26.086000,0 days 00:58:52.141000,296.0,259.0,251.0,301.0,True,MEDIUM,7.0,True,Williams,0 days 00:57:17.758000,,1,18.0,,,False,True
0 days 01:00:26.558000,ALB,23,0 days 00:01:34.427000,8.0,1.0,NaT,NaT,0 days 00:00:30.065000,0 days 00:00:38.278000,0 days 00:00:26.084000,0 days 00:59:22.206000,0 days 01:00:00.484000,0 days 01:00:26.568000,293.0,256.0,251.0,303.0,False,MEDIUM,8.0,True,Williams,0 days 00:58:52.131000,,1,18.0,,,False,True
0 days 01:02:00.858000,ALB,23,0 days 00:01:34.300000,9.0,1.0,NaT,NaT,0 days 00:00:29.944000,0 days 00:00:38.268000,0 days 00:00:26.088000,0 days 01:00:56.512000,0 days 01:01:34.780000,0 days 01:02:00.868000,297.0,256.0,250.0,300.0,True,MEDIUM,9.0,True,Williams,0 days 01:00:26.558000,,1,18.0,,,False,True
0 days 01:03:35.462000,ALB,23,0 days 00:01:34.604000,10.0,1.0,NaT,NaT,0 days 00:00:30.079000,0 days 00:00:38.363000,0 days 00:00:26.162000,0 days 01:02:30.947000,0 days 01:03:09.310000,0 days 01:03:35.472000,296.0,256.0,250.0,301.0,False,MEDIUM,10.0,True,Williams,0 days 01:02:00.858000,,1,18.0,,,False,True
0 days 01:05:09.839000,ALB,23,0 days 00:01:34.377000,11.0,1.0,NaT,NaT,0 days 00:00:29.975000,0 days 00:00:38.478000,0 days 00:00:25.924000,0 days 01:04:05.447000,0 days 01:04:43.925000,0 days 01:05:09.849000,297.0,258.0,250.0,304.0,False,MEDIUM,11.0,True,Williams,0 days 01:03:35.462000,,1,18.0,,,False,True
0 days 01:06:44.246000,ALB,23,0 days 00:01:34.407000,12.0,1.0,NaT,NaT,0 days 00:00:30.050000,0 days 00:00:38.380000,0 days 00:00:25.977000,0 days 01:05:39.899000,0 days 01:06:18.279000,0 days 01:06:44.256000,296.0,256.0,250.0,306.0,False,MEDIUM,12.0,True,Williams,0 days 01:05:09.839000,,1,18.0,,,False,True
0 days 01:08:18.554000,ALB,23,0 days 00:01:34.308000,13.0,1.0,NaT,NaT,0 days 00:00:29.943000,0 days 00:00:38.352000,0 days 00:00:26.013000,0 days 01:07:14.199000,0 days 01:07:52.551000,0 days 01:08:18.564000,299.0,256.0,249.0,302.0,False,MEDIUM,13.0,True,Williams,0 days 01:06:44.246000,,1,18.0,,,False,True
0 days 01:09:53.263000,ALB,23,0 days 00:01:34.709000,14.0,1.0,NaT,NaT,0 days 00:00:30.073000,0 days 00:00:38.503000,0 days 00:00:26.133000,0 days 01:08:48.637000,0 days 01:09:27.140000,0 days 01:09:53.273000,298.0,255.0,248.0,302.0,False,MEDIUM,14.0,True,Williams,0 days 01:08:18.554000,,1,18.0,,,False,True
0 days 01:11:28.053000,ALB,23,0 days 00:01:34.790000,15.0,1.0,NaT,NaT,0 days 00:00:30.116000,0 days 00:00:38.511000,0 days 00:00:26.163000,0 days 01:10:23.389000,0 days 01:11:01.900000,0 days 01:11:28.063000,306.0,257.0,247.0,311.0,False,MEDIUM,15.0,True,Williams,0 days 01:09:53.263000,,1,18.0,,,False,True
0 days 01:13:02.161000,ALB,23,0 days 00:01:34.108000,16.0,1.0,NaT,NaT,0 days 00:00:29.742000,0 days 00:00:38.393000,0 days 00:00:25.973000,0 days 01:11:57.805000,0 days 01:12:36.198000,0 days 01:13:02.171000,311.0,259.0,247.0,315.0,True,MEDIUM,16.0,True,Williams,0 days 01:11:28.053000,,1,18.0,,,False,True
0 days 01:14:36.150000,ALB,23,0 days 00:01:33.989000,17.0,1.0,NaT,NaT,0 days 00:00:29.988000,0 days 00:00:38.147000,0 days 00:00:25.854000,0 days 01:13:32.159000,0 days 01:14:10.306000,0 days 01:14:36.160000,307.0,262.0,240.0,336.0,True,MEDIUM,17.0,True,Williams,0 days 01:13:02.161000,,1,18.0,,,False,True
0 days 00:49:20.039000,BOT,77,NaT,1.0,1.0,NaT,NaT,NaT,0 days 00:00:41.662000,0 days 00:00:27.040000,NaT,0 days 00:48:53.195000,0 days 00:49:20.214000,279.0,256.0,240.0,311.0,False,SOFT,1.0,True,Cadillac,0 days 00:47:33.017000,,1,21.0,,,False,False
0 days 00:50:58.200000,BOT,77,0 days 00:01:38.161000,2.0,1.0,NaT,NaT,0 days 00:00:30.921000,0 days 00:00:40.091000,0 days 00:00:27.149000,0 days 00:49:51.015000,0 days 00:50:31.106000,0 days 00:50:58.255000,295.0,256.0,242.0,306.0,True,SOFT,2.0,True,Cadillac,0 days 00:49:20.039000,,12,18.0,,,False,True
0 days 00:52:35.816000,BOT,77,0 days 00:01:37.616000,3.0,1.0,NaT,NaT,0 days 00:00:30.554000,0 days 00:00:40.121000,0 days 00:00:26.941000,0 days 00:51:28.809000,0 days 00:52:08.930000,0 days 00:52:35.871000,289.0,256.0,242.0,300.0,True,SOFT,3.0,True,Cadillac,0 days 00:50:58.200000,,1,19.0,,,False,True
0 days 00:54:12.765000,BOT,77,0 days 00:01:36.949000,4.0,1.0,NaT,NaT,0 days 00:00:30.626000,0 days 00:00:39.412000,0 days 00:00:26.911000,0 days 00:53:06.497000,0 days 00:53:45.909000,0 days 00:54:12.820000,291.0,255.0,244.0,293.0,True,SOFT,4.0,True,Cadillac,0 days 00:52:35.816000,,1,19.0,,,False,True
0 days 00:55:48.535000,BOT,77,0 days 00:01:35.770000,5.0,1.0,NaT,NaT,0 days 00:00:30.409000,0 days 00:00:39.094000,0 days 00:00:26.267000,0 days 00:54:43.229000,0 days 00:55:22.323000,0 days 00:55:48.590000,287.0,255.0,242.0,298.0,True,SOFT,5.0,True,Cadillac,0 days 00:54:12.765000,,1,19.0,,,False,True
0 days 00:57:24.212000,BOT,77,0 days 00:01:35.677000,6.0,1.0,NaT,NaT,0 days 00:00:30.460000,0 days 00:00:39,0 days 00:00:26.217000,0 days 00:56:19.050000,0 days 00:56:58.050000,0 days 00:57:24.267000,286.0,256.0,247.0,296.0,True,SOFT,6.0,True,Cadillac,0 days 00:55:48.535000,,1,19.0,,,False,True
0 days 00:58:59.805000,BOT,77,0 days 00:01:35.593000,7.0,1.0,NaT,NaT,0 days 00:00:30.369000,0 days 00:00:39.040000,0 days 00:00:26.184000,0 days 00:57:54.636000,0 days 00:58:33.676000,0 days 00:58:59.860000,285.0,256.0,250.0,296.0,True,SOFT,7.0,True,Cadillac,0 days 00:57:24.212000,,1,19.0,,,False,True
0 days 01:00:35.309000,BOT,77,0 days 00:01:35.504000,8.0,1.0,NaT,NaT,0 days 00:00:30.416000,0 days 00:00:39.002000,0 days 00:00:26.086000,0 days 00:59:30.276000,0 days 01:00:09.278000,0 days 01:00:35.364000,284.0,256.0,250.0,299.0,True,SOFT,8.0,True,Cadillac,0 days 00:58:59.805000,,1,19.0,,,False,True
0 days 01:02:10.956000,BOT,77,0 days 00:01:35.647000,9.0,1.0,NaT,NaT,0 days 00:00:30.446000,0 days 00:00:38.903000,0 days 00:00:26.298000,0 days 01:01:05.810000,0 days 01:01:44.713000,0 days 01:02:11.011000,283.0,255.0,248.0,295.0,False,SOFT,9.0,True,Cadillac,0 days 01:00:35.309000,,1,19.0,,,False,True
0 days 01:03:46.995000,BOT,77,0 days 00:01:36.039000,10.0,1.0,NaT,NaT,0 days 00:00:30.501000,0 days 00:00:39.107000,0 days 00:00:26.431000,0 days 01:02:41.512000,0 days 01:03:20.619000,0 days 01:03:47.050000,282.0,254.0,245.0,294.0,False,SOFT,10.0,True,Cadillac,0 days 01:02:10.956000,,1,19.0,,,False,True
0 days 01:05:23.698000,BOT,77,0 days 00:01:36.703000,11.0,1.0,NaT,NaT,0 days 00:00:30.722000,0 days 00:00:39.203000,0 days 00:00:26.778000,0 days 01:04:17.772000,0 days 01:04:56.975000,0 days 01:05:23.753000,282.0,254.0,246.0,293.0,False,SOFT,11.0,True,Cadillac,0 days 01:03:46.995000,,1,19.0,,,False,True
0 days 01:07:00.035000,BOT,77,0 days 00:01:36.337000,12.0,1.0,NaT,NaT,0 days 00:00:30.683000,0 days 00:00:39.333000,0 days 00:00:26.321000,0 days 01:05:54.436000,0 days 01:06:33.769000,0 days 01:07:00.090000,280.0,254.0,246.0,297.0,False,SOFT,12.0,True,Cadillac,0 days 01:05:23.698000,,1,19.0,,,False,True
0 days 01:08:36.310000,BOT,77,0 days 00:01:36.275000,13.0,1.0,NaT,NaT,0 days 00:00:30.709000,0 days 00:00:39.222000,0 days 00:00:26.344000,0 days 01:07:30.799000,0 days 01:08:10.021000,0 days 01:08:36.365000,280.0,255.0,245.0,295.0,False,SOFT,13.0,True,Cadillac,0 days 01:07:00.035000,,1,19.0,,,False,True
0 days 01:10:12.530000,BOT,77,0 days 00:01:36.220000,14.0,1.0,NaT,NaT,0 days 00:00:30.731000,0 days 00:00:39.209000,0 days 00:00:26.280000,0 days 01:09:07.096000,0 days 01:09:46.305000,0 days 01:10:12.585000,282.0,254.0,247.0,298.0,False,SOFT,14.0,True,Cadillac,0 days 01:08:36.310000,,1,19.0,,,False,True
0 days 01:11:48.983000,BOT,77,0 days 00:01:36.453000,15.0,1.0,NaT,NaT,0 days 00:00:30.770000,0 days 00:00:39.275000,0 days 00:00:26.408000,0 days 01:10:43.355000,0 days 01:11:22.630000,0 days 01:11:49.038000,282.0,252.0,247.0,293.0,False,SOFT,15.0,True,Cadillac,0 days 01:10:12.530000,,1,19.0,,,False,True
0 days 01:13:25.139000,BOT,77,0 days 00:01:36.156000,16.0,1.0,NaT,NaT,0 days 00:00:30.462000,0 days 00:00:39.095000,0 days 00:00:26.599000,0 days 01:12:19.500000,0 days 01:12:58.595000,0 days 01:13:25.194000,287.0,256.0,245.0,293.0,False,SOFT,16.0,True,Cadillac,0 days 01:11:48.983000,,1,19.0,,,False,True
0 days 01:15:00.510000,BOT,77,0 days 00:01:35.371000,17.0,1.0,NaT,NaT,0 days 00:00:30.296000,0 days 00:00:38.998000,0 days 00:00:26.077000,0 days 01:13:55.490000,0 days 01:14:34.488000,0 days 01:15:00.565000,292.0,259.0,238.0,308.0,True,SOFT,17.0,True,Cadillac,0 days 01:13:25.139000,,1,19.0,,,False,True
0 days 00:49:18.594000,ALO,14,NaT,1.0,1.0,NaT,NaT,NaT,0 days 00:00:40.669000,0 days 00:00:27.325000,NaT,0 days 00:48:51.524000,0 days 00:49:18.746000,317.0,256.0,222.0,316.0,False,SOFT,1.0,True,Aston Martin,0 days 00:47:33.017000,,1,18.0,,,False,False
0 days 00:51:01.743000,ALO,14,0 days 00:01:43.149000,2.0,1.0,NaT,NaT,0 days 00:00:37.083000,0 days 00:00:39.647000,0 days 00:00:26.419000,0 days 00:49:55.677000,0 days 00:50:35.324000,0 days 00:51:01.743000,293.0,253.0,241.0,302.0,True,SOFT,2.0,True,Aston Martin,0 days 00:49:18.594000,,12,22.0,,,False,True
0 days 00:52:38.639000,ALO,14,0 days 00:01:36.896000,3.0,1.0,NaT,NaT,0 days 00:00:30.937000,0 days 00:00:39.494000,0 days 00:00:26.465000,0 days 00:51:32.680000,0 days 00:52:12.174000,0 days 00:52:38.639000,283.0,254.0,238.0,298.0,True,SOFT,3.0,True,Aston Martin,0 days 00:51:01.743000,,1,21.0,,,False,True
0 days 00:54:15.477000,ALO,14,0 days 00:01:36.838000,4.0,1.0,NaT,NaT,0 days 00:00:30.932000,0 days 00:00:39.487000,0 days 00:00:26.419000,0 days 00:53:09.571000,0 days 00:53:49.058000,0 days 00:54:15.477000,285.0,255.0,243.0,302.0,True,SOFT,4.0,True,Aston Martin,0 days 00:52:38.639000,,1,21.0,,,False,True
0 days 00:55:52.034000,ALO,14,0 days 00:01:36.557000,5.0,1.0,NaT,NaT,0 days 00:00:30.778000,0 days 00:00:39.362000,0 days 00:00:26.417000,0 days 00:54:46.255000,0 days 00:55:25.617000,0 days 00:55:52.034000,284.0,258.0,243.0,305.0,True,SOFT,5.0,True,Aston Martin,0 days 00:54:15.477000,,1,21.0,,,False,True
0 days 00:57:28.722000,ALO,14,0 days 00:01:36.688000,6.0,1.0,NaT,NaT,0 days 00:00:30.680000,0 days 00:00:39.630000,0 days 00:00:26.378000,0 days 00:56:22.714000,0 days 00:57:02.344000,0 days 00:57:28.722000,288.0,256.0,240.0,315.0,False,SOFT,6.0,True,Aston Martin,0 days 00:55:52.034000,,1,21.0,,,False,True
0 days 00:59:05.572000,ALO,14,0 days 00:01:36.850000,7.0,1.0,NaT,NaT,0 days 00:00:30.776000,0 days 00:00:39.742000,0 days 00:00:26.332000,0 days 00:57:59.498000,0 days 00:58:39.240000,0 days 00:59:05.572000,288.0,257.0,245.0,325.0,False,SOFT,7.0,True,Aston Martin,0 days 00:57:28.722000,,1,21.0,,,False,True
0 days 01:00:41.873000,ALO,14,0 days 00:01:36.301000,8.0,1.0,NaT,NaT,0 days 00:00:30.516000,0 days 00:00:39.868000,0 days 00:00:25.917000,0 days 00:59:36.088000,0 days 01:00:15.956000,0 days 01:00:41.873000,294.0,257.0,240.0,332.0,True,SOFT,8.0,True,Aston Martin,0 days 00:59:05.572000,,1,20.0,,,False,True
0 days 01:02:19.079000,ALO,14,0 days 00:01:37.206000,9.0,1.0,NaT,NaT,0 days 00:00:31.141000,0 days 00:00:39.625000,0 days 00:00:26.440000,0 days 01:01:13.014000,0 days 01:01:52.639000,0 days 01:02:19.079000,275.0,248.0,243.0,294.0,False,SOFT,9.0,True,Aston Martin,0 days 01:00:41.873000,,1,20.0,,,False,True
0 days 01:03:56.183000,ALO,14,0 days 00:01:37.104000,10.0,1.0,NaT,NaT,0 days 00:00:31.057000,0 days 00:00:39.621000,0 days 00:00:26.426000,0 days 01:02:50.136000,0 days 01:03:29.757000,0 days 01:03:56.183000,275.0,253.0,242.0,294.0,False,SOFT,10.0,True,Aston Martin,0 days 01:02:19.079000,,1,20.0,,,False,True
0 days 01:05:33.548000,ALO,14,0 days 00:01:37.365000,11.0,1.0,NaT,NaT,0 days 00:00:31.182000,0 days 00:00:39.735000,0 days 00:00:26.448000,0 days 01:04:27.365000,0 days 01:05:07.100000,0 days 01:05:33.548000,275.0,253.0,243.0,294.0,False,SOFT,11.0,True,Aston Martin,0 days 01:03:56.183000,,1,20.0,,,False,True
0 days 01:07:10.918000,ALO,14,0 days 00:01:37.370000,12.0,1.0,NaT,NaT,0 days 00:00:31.227000,0 days 00:00:39.765000,0 days 00:00:26.378000,0 days 01:06:04.775000,0 days 01:06:44.540000,0 days 01:07:10.918000,272.0,250.0,243.0,295.0,False,SOFT,12.0,True,Aston Martin,0 days 01:05:33.548000,,1,20.0,,,False,True
0 days 01:08:47.917000,ALO,14,0 days 00:01:36.999000,13.0,1.0,NaT,NaT,0 days 00:00:31.017000,0 days 00:00:39.585000,0 days 00:00:26.397000,0 days 01:07:41.935000,0 days 01:08:21.520000,0 days 01:08:47.917000,276.0,254.0,246.0,295.0,False,SOFT,13.0,True,Aston Martin,0 days 01:07:10.918000,,1,20.0,,,False,True
0 days 01:10:24.905000,ALO,14,0 days 00:01:36.988000,14.0,1.0,NaT,NaT,0 days 00:00:30.903000,0 days 00:00:39.708000,0 days 00:00:26.377000,0 days 01:09:18.820000,0 days 01:09:58.528000,0 days 01:10:24.905000,275.0,251.0,240.0,297.0,False,SOFT,14.0,True,Aston Martin,0 days 01:08:47.917000,,1,20.0,,,False,True
0 days 01:12:02.184000,ALO,14,0 days 00:01:37.279000,15.0,1.0,NaT,NaT,0 days 00:00:31.169000,0 days 00:00:39.686000,0 days 00:00:26.424000,0 days 01:10:56.074000,0 days 01:11:35.760000,0 days 01:12:02.184000,278.0,252.0,243.0,296.0,False,SOFT,15.0,True,Aston Martin,0 days 01:10:24.905000,,1,20.0,,,False,True
0 days 01:13:39.246000,ALO,14,0 days 00:01:37.062000,16.0,1.0,NaT,NaT,0 days 00:00:31.042000,0 days 00:00:39.636000,0 days 00:00:26.384000,0 days 01:12:33.226000,0 days 01:13:12.862000,0 days 01:13:39.246000,279.0,253.0,245.0,295.0,False,SOFT,16.0,True,Aston Martin,0 days 01:12:02.184000,,1,20.0,,,False,True
0 days 01:15:17.265000,ALO,14,0 days 00:01:38.019000,17.0,1.0,NaT,NaT,0 days 00:00:31.046000,0 days 00:00:39.934000,0 days 00:00:27.039000,0 days 01:14:10.292000,0 days 01:14:50.226000,0 days 01:15:17.265000,277.0,252.0,236.0,273.0,False,SOFT,17.0,True,Aston Martin,0 days 01:13:39.246000,,1,20.0,,,False,True
0 days 00:49:19.491000,STR,18,NaT,1.0,1.0,NaT,NaT,NaT,0 days 00:00:41.112000,0 days 00:00:27.421000,NaT,0 days 00:48:52.336000,0 days 00:49:19.636000,295.0,252.0,245.0,306.0,False,SOFT,1.0,True,Aston Martin,0 days 00:47:33.017000,,1,20.0,,,False,False
0 days 00:50:59.326000,STR,18,0 days 00:01:39.835000,2.0,1.0,NaT,NaT,0 days 00:00:30.946000,0 days 00:00:41.851000,0 days 00:00:27.038000,0 days 00:49:50.526000,0 days 00:50:32.377000,0 days 00:50:59.415000,277.0,250.0,239.0,313.0,True,SOFT,2.0,True,Aston Martin,0 days 00:49:19.491000,,12,20.0,,,False,True
0 days 00:52:37.020000,STR,18,0 days 00:01:37.694000,3.0,1.0,NaT,NaT,0 days 00:00:30.978000,0 days 00:00:40.057000,0 days 00:00:26.659000,0 days 00:51:30.393000,0 days 00:52:10.450000,0 days 00:52:37.109000,288.0,253.0,240.0,304.0,True,SOFT,3.0,True,Aston Martin,0 days 00:50:59.326000,,1,20.0,,,False,True
0 days 00:54:14.111000,STR,18,0 days 00:01:37.091000,4.0,1.0,NaT,NaT,0 days 00:00:31.075000,0 days 00:00:39.655000,0 days 00:00:26.361000,0 days 00:53:08.184000,0 days 00:53:47.839000,0 days 00:54:14.200000,284.0,254.0,241.0,298.0,True,SOFT,4.0,True,Aston Martin,0 days 00:52:37.020000,,1,20.0,,,False,True
0 days 00:55:51.076000,STR,18,0 days 00:01:36.965000,5.0,1.0,NaT,NaT,0 days 00:00:31.117000,0 days 00:00:39.636000,0 days 00:00:26.212000,0 days 00:54:45.317000,0 days 00:55:24.953000,0 days 00:55:51.165000,276.0,254.0,240.0,297.0,True,SOFT,5.0,True,Aston Martin,0 days 00:54:14.111000,,1,20.0,,,False,True
0 days 00:57:28.005000,STR,18,0 days 00:01:36.929000,6.0,1.0,NaT,NaT,0 days 00:00:31.029000,0 days 00:00:39.663000,0 days 00:00:26.237000,0 days 00:56:22.194000,0 days 00:57:01.857000,0 days 00:57:28.094000,274.0,252.0,244.0,298.0,True,SOFT,6.0,True,Aston Martin,0 days 00:55:51.076000,,1,20.0,,,False,True
0 days 00:59:04.781000,STR,18,0 days 00:01:36.776000,7.0,1.0,NaT,NaT,0 days 00:00:30.886000,0 days 00:00:39.763000,0 days 00:00:26.127000,0 days 00:57:58.980000,0 days 00:58:38.743000,0 days 00:59:04.870000,286.0,254.0,243.0,293.0,True,SOFT,7.0,True,Aston Martin,0 days 00:57:28.005000,,1,20.0,,,False,True
0 days 01:00:42.429000,STR,18,0 days 00:01:37.648000,8.0,1.0,NaT,NaT,0 days 00:00:31.003000,0 days 00:00:39.782000,0 days 00:00:26.863000,0 days 00:59:35.873000,0 days 01:00:15.655000,0 days 01:00:42.518000,274.0,251.0,242.0,300.0,False,SOFT,8.0,True,Aston Martin,0 days 00:59:04.781000,,1,21.0,,,False,True
0 days 01:02:19.833000,STR,18,0 days 00:01:37.404000,9.0,1.0,NaT,NaT,0 days 00:00:30.864000,0 days 00:00:40.017000,0 days 00:00:26.523000,0 days 01:01:13.382000,0 days 01:01:53.399000,0 days 01:02:19.922000,280.0,253.0,241.0,304.0,False,SOFT,9.0,True,Aston Martin,0 days 01:00:42.429000,,1,21.0,,,False,True
0 days 01:03:57.451000,STR,18,0 days 00:01:37.618000,10.0,1.0,NaT,NaT,0 days 00:00:30.962000,0 days 00:00:40.047000,0 days 00:00:26.609000,0 days 01:02:50.884000,0 days 01:03:30.931000,0 days 01:03:57.540000,286.0,244.0,240.0,306.0,False,SOFT,10.0,True,Aston Martin,0 days 01:02:19.833000,,1,21.0,,,False,True
0 days 01:05:34.991000,STR,18,0 days 00:01:37.540000,11.0,1.0,NaT,NaT,0 days 00:00:30.974000,0 days 00:00:40.050000,0 days 00:00:26.516000,0 days 01:04:28.514000,0 days 01:05:08.564000,0 days 01:05:35.080000,283.0,252.0,241.0,299.0,False,SOFT,11.0,True,Aston Martin,0 days 01:03:57.451000,,1,21.0,,,False,True
0 days 01:07:12.540000,STR,18,0 days 00:01:37.549000,12.0,1.0,NaT,NaT,0 days 00:00:30.998000,0 days 00:00:40.049000,0 days 00:00:26.502000,0 days 01:06:06.078000,0 days 01:06:46.127000,0 days 01:07:12.629000,280.0,250.0,240.0,298.0,False,SOFT,12.0,True,Aston Martin,0 days 01:05:34.991000,,1,21.0,,,False,True
0 days 01:08:51.350000,STR,18,0 days 00:01:38.810000,13.0,1.0,NaT,NaT,0 days 00:00:31.237000,0 days 00:00:40.587000,0 days 00:00:26.986000,0 days 01:07:43.866000,0 days 01:08:24.453000,0 days 01:08:51.439000,277.0,247.0,240.0,295.0,False,SOFT,13.0,True,Aston Martin,0 days 01:07:12.540000,,1,21.0,,,False,True
0 days 01:10:29.862000,STR,18,0 days 00:01:38.512000,14.0,1.0,NaT,0 days 01:10:23.963000,0 days 00:00:31.276000,0 days 00:00:40.953000,0 days 00:00:26.283000,0 days 01:09:22.715000,0 days 01:10:03.668000,0 days 01:10:29.951000,277.0,242.0,,300.0,False,SOFT,14.0,True,Aston Martin,0 days 01:08:51.350000,,1,21.0,,,False,False
0 days 01:12:32.642000,STR,18,0 days 00:02:02.780000,15.0,2.0,0 days 01:10:55.103000,NaT,0 days 00:00:55.241000,0 days 00:00:41.135000,0 days 00:00:26.404000,0 days 01:11:25.192000,0 days 01:12:06.327000,0 days 01:12:32.731000,276.0,257.0,244.0,307.0,False,MEDIUM,6.0,False,Aston Martin,0 days 01:10:29.862000,,1,21.0,,,False,False
0 days 01:14:07.670000,STR,18,0 days 00:01:35.028000,16.0,2.0,NaT,NaT,0 days 00:00:30.235000,0 days 00:00:38.826000,0 days 00:00:25.967000,0 days 01:13:02.966000,0 days 01:13:41.792000,0 days 01:14:07.759000,289.0,257.0,242.0,320.0,True,MEDIUM,7.0,False,Aston Martin,0 days 01:12:32.642000,,1,21.0,,,False,True
0 days 00:49:18.896000,PER,11,NaT,1.0,1.0,NaT,NaT,NaT,0 days 00:00:41.261000,0 days 00:00:26.582000,NaT,0 days 00:48:52.477000,0 days 00:49:19.011000,292.0,262.0,245.0,320.0,False,MEDIUM,1.0,True,Cadillac,0 days 00:47:33.017000,,1,19.0,,,False,False
0 days 00:51:00.319000,PER,11,0 days 00:01:41.423000,2.0,1.0,NaT,0 days 00:50:54.083000,0 days 00:00:31.418000,0 days 00:00:40.159000,0 days 00:00:29.846000,0 days 00:49:50.378000,0 days 00:50:30.537000,0 days 00:51:00.383000,309.0,253.0,,303.0,False,MEDIUM,2.0,True,Cadillac,0 days 00:49:18.896000,,12,21.0,,,False,False
0 days 00:53:18.208000,PER,11,0 days 00:02:17.889000,3.0,2.0,0 days 00:51:42.733000,NaT,0 days 00:01:11.730000,0 days 00:00:39.516000,0 days 00:00:26.643000,0 days 00:52:12.113000,0 days 00:52:51.629000,0 days 00:53:18.272000,283.0,253.0,251.0,291.0,False,MEDIUM,3.0,False,Cadillac,0 days 00:51:00.319000,,1,22.0,,,False,False
0 days 00:54:53.655000,PER,11,0 days 00:01:35.447000,4.0,2.0,NaT,NaT,0 days 00:00:30.156000,0 days 00:00:38.881000,0 days 00:00:26.410000,0 days 00:53:48.428000,0 days 00:54:27.309000,0 days 00:54:53.719000,283.0,254.0,250.0,291.0,True,MEDIUM,4.0,False,Cadillac,0 days 00:53:18.208000,,1,22.0,,,False,True
0 days 00:56:29.066000,PER,11,0 days 00:01:35.411000,5.0,2.0,NaT,NaT,0 days 00:00:30.322000,0 days 00:00:38.646000,0 days 00:00:26.443000,0 days 00:55:24.041000,0 days 00:56:02.687000,0 days 00:56:29.130000,283.0,255.0,248.0,290.0,True,MEDIUM,5.0,False,Cadillac,0 days 00:54:53.655000,,1,22.0,,,False,True
0 days 00:58:04.862000,PER,11,0 days 00:01:35.796000,6.0,2.0,NaT,NaT,0 days 00:00:30.502000,0 days 00:00:38.829000,0 days 00:00:26.465000,0 days 00:56:59.632000,0 days 00:57:38.461000,0 days 00:58:04.926000,282.0,251.0,248.0,289.0,False,MEDIUM,6.0,False,Cadillac,0 days 00:56:29.066000,,1,22.0,,,False,True
0 days 00:59:40.090000,PER,11,0 days 00:01:35.228000,7.0,2.0,NaT,NaT,0 days 00:00:30.443000,0 days 00:00:38.636000,0 days 00:00:26.149000,0 days 00:58:35.369000,0 days 00:59:14.005000,0 days 00:59:40.154000,284.0,255.0,249.0,297.0,True,MEDIUM,7.0,False,Cadillac,0 days 00:58:04.862000,,1,22.0,,,False,True
0 days 01:01:15.143000,PER,11,0 days 00:01:35.053000,8.0,2.0,NaT,NaT,0 days 00:00:30.290000,0 days 00:00:38.517000,0 days 00:00:26.246000,0 days 01:00:10.444000,0 days 01:00:48.961000,0 days 01:01:15.207000,281.0,253.0,248.0,295.0,True,MEDIUM,8.0,False,Cadillac,0 days 00:59:40.090000,,1,22.0,,,False,True
0 days 01:02:50.987000,PER,11,0 days 00:01:35.844000,9.0,2.0,NaT,NaT,0 days 00:00:30.434000,0 days 00:00:38.922000,0 days 00:00:26.488000,0 days 01:01:45.641000,0 days 01:02:24.563000,0 days 01:02:51.051000,280.0,248.0,249.0,296.0,False,MEDIUM,9.0,False,Cadillac,0 days 01:01:15.143000,,1,22.0,,,False,True
0 days 01:04:26.405000,PER,11,0 days 00:01:35.418000,10.0,2.0,NaT,NaT,0 days 00:00:30.434000,0 days 00:00:38.694000,0 days 00:00:26.290000,NaT,0 days 01:04:00.179000,0 days 01:04:26.469000,281.0,254.0,249.0,295.0,False,MEDIUM,10.0,False,Cadillac,0 days 01:02:50.987000,,1,22.0,,,False,True
0 days 01:06:01.849000,PER,11,0 days 00:01:35.444000,11.0,2.0,NaT,NaT,0 days 00:00:30.635000,0 days 00:00:38.629000,0 days 00:00:26.180000,0 days 01:04:57.104000,0 days 01:05:35.733000,0 days 01:06:01.913000,281.0,254.0,249.0,294.0,False,MEDIUM,11.0,False,Cadillac,0 days 01:04:26.405000,,1,22.0,,,False,True
0 days 01:07:40.535000,PER,11,0 days 00:01:38.686000,12.0,2.0,NaT,NaT,0 days 00:00:30.486000,0 days 00:00:38.786000,0 days 00:00:29.414000,0 days 01:06:32.399000,0 days 01:07:11.185000,0 days 01:07:40.599000,282.0,249.0,248.0,209.0,False,MEDIUM,12.0,False,Cadillac,0 days 01:06:01.849000,,1,22.0,,,False,True
0 days 01:09:15.892000,PER,11,0 days 00:01:35.357000,13.0,2.0,NaT,NaT,0 days 00:00:30.378000,0 days 00:00:38.879000,0 days 00:00:26.100000,0 days 01:08:10.977000,0 days 01:08:49.856000,0 days 01:09:15.956000,286.0,255.0,251.0,298.0,False,MEDIUM,13.0,False,Cadillac,0 days 01:07:40.535000,,1,22.0,,,False,True
0 days 01:10:59.139000,PER,11,0 days 00:01:43.247000,14.0,2.0,NaT,NaT,0 days 00:00:30.283000,0 days 00:00:43.492000,0 days 00:00:29.472000,0 days 01:09:46.239000,0 days 01:10:29.731000,0 days 01:10:59.203000,285.0,252.0,243.0,224.0,False,MEDIUM,14.0,False,Cadillac,0 days 01:09:15.892000,,1,22.0,,,False,True
0 days 01:12:34.431000,PER,11,0 days 00:01:35.292000,15.0,2.0,NaT,NaT,0 days 00:00:30.419000,0 days 00:00:38.746000,0 days 00:00:26.127000,0 days 01:11:29.622000,0 days 01:12:08.368000,0 days 01:12:34.495000,289.0,254.0,249.0,305.0,False,MEDIUM,15.0,False,Cadillac,0 days 01:10:59.139000,,1,22.0,,,False,True
0 days 01:14:08.959000,PER,11,0 days 00:01:34.528000,16.0,2.0,NaT,NaT,0 days 00:00:29.995000,0 days 00:00:38.454000,0 days 00:00:26.079000,0 days 01:13:04.490000,0 days 01:13:42.944000,0 days 01:14:09.023000,291.0,257.0,243.0,301.0,True,MEDIUM,16.0,False,Cadillac,0 days 01:12:34.431000,,1,22.0,,,False,True
