Time,Driver,DriverNumber,LapTime,LapNumber,Stint,PitOutTime,PitInTime,Sector1Time,Sector2Time,Sector3Time,Sector1SessionTime,Sector2SessionTime,Sector3SessionTime,SpeedI1,SpeedI2,SpeedFL,SpeedST,IsPersonalBest,Compound,TyreLife,FreshTyre,Team,LapStartTime,LapStartDate,TrackStatus,Position,Deleted,DeletedReason,FastF1Generated,IsAccurate
0 days 00:58:47.973000,NOR,1,0 days 00:01:54.469000,1.0,1.0,NaT,NaT,NaT,0 days 00:00:45.326000,0 days 00:00:25.270000,NaT,0 days 00:58:22.745000,0 days 00:58:48.103000,184.0,196.0,321.0,328.0,False,MEDIUM,1.0,True,McLaren,0 days 00:56:53.247000,,1,4.0,,,False,False
0 days 01:00:38.175000,NOR,1,0 days 00:01:50.202000,2.0,1.0,NaT,NaT,0 days 00:00:39.575000,0 days 00:00:45.259000,0 days 00:00:25.368000,0 days 00:59:27.568000,0 days 01:00:12.827000,0 days 01:00:38.195000,183.0,198.0,321.0,323.0,True,MEDIUM,2.0,True,McLaren,0 days 00:58:47.973000,,1,5.0,,,False,True
0 days 01:02:29.094000,NOR,1,0 days 00:01:50.919000,3.0,1.0,NaT,NaT,0 days 00:00:40.277000,0 days 00:00:45.170000,0 days 00:00:25.472000,0 days 01:01:18.472000,0 days 01:02:03.642000,0 days 01:02:29.114000,177.0,205.0,318.0,325.0,False,MEDIUM,3.0,True,McLaren,0 days 01:00:38.175000,,1,6.0,,,False,True
0 days 01:04:18.571000,NOR,1,0 days 00:01:49.477000,4.0,1.0,NaT,NaT,0 days 00:00:39.242000,0 days 00:00:44.847000,0 days 00:00:25.388000,0 days 01:03:08.356000,0 days 01:03:53.203000,0 days 01:04:18.591000,185.0,200.0,321.0,330.0,True,MEDIUM,4.0,True,McLaren,0 days 01:02:29.094000,,1,6.0,,,False,True
0 days 01:06:07.708000,NOR,1,0 days 00:01:49.137000,5.0,1.0,NaT,NaT,0 days 00:00:39.028000,0 days 00:00:44.642000,0 days 00:00:25.467000,0 days 01:04:57.619000,0 days 01:05:42.261000,0 days 01:06:07.728000,187.0,200.0,320.0,327.0,True,MEDIUM,5.0,True,McLaren,0 days 01:04:18.571000,,1,6.0,,,False,True
0 days 01:07:55.953000,NOR,1,0 days 00:01:48.245000,6.0,1.0,NaT,NaT,0 days 00:00:38.682000,0 days 00:00:44.319000,0 days 00:00:25.244000,0 days 01:06:46.410000,0 days 01:07:30.729000,0 days 01:07:55.973000,194.0,202.0,322.0,332.0,True,MEDIUM,6.0,True,McLaren,0 days 01:06:07.708000,,1,6.0,,,False,True
0 days 01:09:44.540000,NOR,1,0 days 00:01:48.587000,7.0,1.0,NaT,NaT,0 days 00:00:38.761000,0 days 00:00:44.417000,0 days 00:00:25.409000,0 days 01:08:34.734000,0 days 01:09:19.151000,0 days 01:09:44.560000,194.0,198.0,320.0,332.0,False,MEDIUM,7.0,True,McLaren,0 days 01:07:55.953000,,1,6.0,,,False,True
0 days 01:11:33.091000,NOR,1,0 days 00:01:48.551000,8.0,1.0,NaT,NaT,0 days 00:00:38.779000,0 days 00:00:44.486000,0 days 00:00:25.286000,0 days 01:10:23.339000,0 days 01:11:07.825000,0 days 01:11:33.111000,197.0,200.0,321.0,332.0,False,MEDIUM,8.0,True,McLaren,0 days 01:09:44.540000,,1,6.0,,,False,True
0 days 01:13:22.456000,NOR,1,0 days 00:01:49.365000,9.0,1.0,NaT,NaT,0 days 00:00:38.604000,0 days 00:00:45.237000,0 days 00:00:25.524000,0 days 01:12:11.715000,0 days 01:12:56.952000,0 days 01:13:22.476000,200.0,196.0,316.0,328.0,False,MEDIUM,9.0,True,McLaren,0 days 01:11:33.091000,,12,6.0,,,False,True
0 days 01:15:10.944000,NOR,1,0 days 00:01:48.488000,10.0,1.0,NaT,NaT,0 days 00:00:38.579000,0 days 00:00:44.523000,0 days 00:00:25.386000,0 days 01:14:01.055000,0 days 01:14:45.578000,0 days 01:15:10.964000,202.0,198.0,315.0,325.0,False,MEDIUM,10.0,True,McLaren,0 days 01:13:22.456000,,1,6.0,,,False,True
0 days 01:16:59.506000,NOR,1,0 days 00:01:48.562000,11.0,1.0,NaT,NaT,0 days 00:00:38.572000,0 days 00:00:44.498000,0 days 00:00:25.492000,0 days 01:15:49.536000,0 days 01:16:34.034000,0 days 01:16:59.526000,196.0,203.0,314.0,324.0,False,MEDIUM,11.0,True,McLaren,0 days 01:15:10.944000,,1,6.0,,,False,True
0 days 01:18:47.804000,NOR,1,0 days 00:01:48.298000,12.0,1.0,NaT,NaT,0 days 00:00:38.540000,0 days 00:00:44.423000,0 days 00:00:25.335000,0 days 01:17:38.066000,0 days 01:18:22.489000,0 days 01:18:47.824000,202.0,202.0,314.0,327.0,False,MEDIUM,12.0,True,McLaren,0 days 01:16:59.506000,,1,6.0,,,False,True
0 days 01:20:36.251000,NOR,1,0 days 00:01:48.447000,13.0,1.0,NaT,NaT,0 days 00:00:38.490000,0 days 00:00:44.538000,0 days 00:00:25.419000,0 days 01:19:26.314000,0 days 01:20:10.852000,0 days 01:20:36.271000,197.0,202.0,313.0,325.0,False,MEDIUM,13.0,True,McLaren,0 days 01:18:47.804000,,1,6.0,,,False,True
0 days 01:22:24.353000,NOR,1,0 days 00:01:48.102000,14.0,1.0,NaT,NaT,0 days 00:00:38.399000,0 days 00:00:44.269000,0 days 00:00:25.434000,0 days 01:21:14.670000,0 days 01:21:58.939000,0 days 01:22:24.373000,200.0,202.0,312.0,326.0,True,MEDIUM,14.0,True,McLaren,0 days 01:20:36.251000,,1,6.0,,,False,True
0 days 01:24:12.725000,NOR,1,0 days 00:01:48.372000,15.0,1.0,NaT,NaT,0 days 00:00:38.462000,0 days 00:00:44.404000,0 days 00:00:25.506000,0 days 01:23:02.835000,0 days 01:23:47.239000,0 days 01:24:12.745000,197.0,200.0,310.0,325.0,False,MEDIUM,15.0,True,McLaren,0 days 01:22:24.353000,,1,6.0,,,False,True
0 days 01:26:02.701000,NOR,1,0 days 00:01:49.976000,16.0,1.0,NaT,NaT,0 days 00:00:38.610000,0 days 00:00:45.695000,0 days 00:00:25.671000,0 days 01:24:51.355000,0 days 01:25:37.050000,0 days 01:26:02.721000,202.0,198.0,306.0,315.0,False,MEDIUM,16.0,True,McLaren,0 days 01:24:12.725000,,1,7.0,,,False,True
0 days 01:27:52.109000,NOR,1,0 days 00:01:49.408000,17.0,1.0,NaT,NaT,0 days 00:00:39.482000,0 days 00:00:44.553000,0 days 00:00:25.373000,0 days 01:26:42.203000,0 days 01:27:26.756000,0 days 01:27:52.129000,184.0,200.0,315.0,327.0,False,MEDIUM,17.0,True,McLaren,0 days 01:26:02.701000,,1,7.0,,,False,True
0 days 01:29:40.499000,NOR,1,0 days 00:01:48.390000,18.0,1.0,NaT,NaT,0 days 00:00:38.573000,0 days 00:00:44.431000,0 days 00:00:25.386000,0 days 01:28:30.702000,0 days 01:29:15.133000,0 days 01:29:40.519000,194.0,199.0,315.0,327.0,False,MEDIUM,18.0,True,McLaren,0 days 01:27:52.109000,,1,7.0,,,False,True
0 days 01:31:29.040000,NOR,1,0 days 00:01:48.541000,19.0,1.0,NaT,NaT,0 days 00:00:38.609000,0 days 00:00:44.530000,0 days 00:00:25.402000,0 days 01:30:19.128000,0 days 01:31:03.658000,0 days 01:31:29.060000,190.0,205.0,313.0,326.0,False,MEDIUM,19.0,True,McLaren,0 days 01:29:40.499000,,1,7.0,,,False,True
0 days 01:33:17.281000,NOR,1,0 days 00:01:48.241000,20.0,1.0,NaT,NaT,0 days 00:00:38.445000,0 days 00:00:44.411000,0 days 00:00:25.385000,0 days 01:32:07.505000,0 days 01:32:51.916000,0 days 01:33:17.301000,199.0,207.0,313.0,327.0,False,MEDIUM,20.0,True,McLaren,0 days 01:31:29.040000,,1,7.0,,,False,True
0 days 01:35:05.453000,NOR,1,0 days 00:01:48.172000,21.0,1.0,NaT,NaT,0 days 00:00:38.484000,0 days 00:00:44.325000,0 days 00:00:25.363000,0 days 01:33:55.785000,0 days 01:34:40.110000,0 days 01:35:05.473000,198.0,205.0,312.0,326.0,False,MEDIUM,21.0,True,McLaren,0 days 01:33:17.281000,,1,7.0,,,False,True
0 days 01:36:53.488000,NOR,1,0 days 00:01:48.035000,22.0,1.0,NaT,NaT,0 days 00:00:38.442000,0 days 00:00:44.256000,0 days 00:00:25.337000,0 days 01:35:43.915000,0 days 01:36:28.171000,0 days 01:36:53.508000,191.0,204.0,310.0,319.0,True,MEDIUM,22.0,True,McLaren,0 days 01:35:05.453000,,1,7.0,,,False,True
0 days 01:38:42.393000,NOR,1,0 days 00:01:48.905000,23.0,1.0,NaT,NaT,0 days 00:00:38.568000,0 days 00:00:44.607000,0 days 00:00:25.730000,0 days 01:37:32.076000,0 days 01:38:16.683000,0 days 01:38:42.413000,193.0,208.0,309.0,322.0,False,MEDIUM,23.0,True,McLaren,0 days 01:36:53.488000,,1,7.0,,,False,True
0 days 01:40:30.726000,NOR,1,0 days 00:01:48.333000,24.0,1.0,NaT,NaT,0 days 00:00:38.543000,0 days 00:00:44.180000,0 days 00:00:25.610000,0 days 01:39:20.956000,0 days 01:40:05.136000,0 days 01:40:30.746000,201.0,205.0,309.0,321.0,False,MEDIUM,24.0,True,McLaren,0 days 01:38:42.393000,,1,7.0,,,False,True
0 days 01:42:18.768000,NOR,1,0 days 00:01:48.042000,25.0,1.0,NaT,NaT,0 days 00:00:38.351000,0 days 00:00:44.100000,0 days 00:00:25.591000,0 days 01:41:09.097000,0 days 01:41:53.197000,0 days 01:42:18.788000,198.0,199.0,307.0,314.0,False,MEDIUM,25.0,True,McLaren,0 days 01:40:30.726000,,1,7.0,,,False,True
0 days 01:44:06.749000,NOR,1,0 days 00:01:47.981000,26.0,1.0,NaT,NaT,0 days 00:00:38.386000,0 days 00:00:43.994000,0 days 00:00:25.601000,0 days 01:42:57.174000,0 days 01:43:41.168000,0 days 01:44:06.769000,196.0,208.0,307.0,315.0,True,MEDIUM,26.0,True,McLaren,0 days 01:42:18.768000,,1,7.0,,,False,True
0 days 01:45:54.710000,NOR,1,0 days 00:01:47.961000,27.0,1.0,NaT,NaT,0 days 00:00:38.276000,0 days 00:00:44.132000,0 days 00:00:25.553000,0 days 01:44:45.045000,0 days 01:45:29.177000,0 days 01:45:54.730000,202.0,208.0,307.0,315.0,True,MEDIUM,27.0,True,McLaren,0 days 01:44:06.749000,,1,7.0,,,False,True
0 days 01:47:42.471000,NOR,1,0 days 00:01:47.761000,28.0,1.0,NaT,NaT,0 days 00:00:38.317000,0 days 00:00:43.867000,0 days 00:00:25.577000,0 days 01:46:33.047000,0 days 01:47:16.914000,0 days 01:47:42.491000,196.0,212.0,306.0,316.0,True,MEDIUM,28.0,True,McLaren,0 days 01:45:54.710000,,1,7.0,,,False,True
0 days 01:49:30.559000,NOR,1,0 days 00:01:48.088000,29.0,1.0,NaT,NaT,0 days 00:00:38.404000,0 days 00:00:44.053000,0 days 00:00:25.631000,0 days 01:48:20.895000,0 days 01:49:04.948000,0 days 01:49:30.579000,199.0,209.0,306.0,315.0,False,MEDIUM,29.0,True,McLaren,0 days 01:47:42.471000,,1,7.0,,,False,True
0 days 01:51:49.612000,NOR,1,0 days 00:02:19.053000,30.0,1.0,NaT,0 days 01:51:48.410000,0 days 00:00:49.766000,0 days 00:00:46.953000,0 days 00:00:42.334000,0 days 01:50:20.345000,0 days 01:51:07.298000,0 days 01:51:49.632000,180.0,198.0,,243.0,False,MEDIUM,30.0,True,McLaren,0 days 01:49:30.559000,,124,9.0,,,False,False
0 days 01:54:34.417000,NOR,1,NaT,31.0,2.0,0 days 01:52:09.239000,NaT,0 days 00:01:07.942000,0 days 00:00:58.022000,0 days 00:00:38.877000,0 days 01:52:57.636000,0 days 01:53:55.560000,0 days 01:54:34.652000,107.0,179.0,260.0,231.0,False,SOFT,1.0,True,McLaren,0 days 01:51:49.612000,,4,9.0,,,False,False
0 days 01:56:46.747000,NOR,1,0 days 00:02:12.330000,32.0,2.0,NaT,NaT,0 days 00:00:47.071000,0 days 00:00:55.916000,0 days 00:00:29.343000,0 days 01:55:21.508000,0 days 01:56:17.424000,0 days 01:56:46.767000,115.0,177.0,261.0,281.0,False,SOFT,2.0,True,McLaren,0 days 01:54:34.417000,,4,9.0,,,False,False
0 days 01:59:15.764000,NOR,1,0 days 00:02:29.017000,33.0,2.0,NaT,NaT,0 days 00:00:44.949000,0 days 00:01:06.127000,0 days 00:00:37.941000,0 days 01:57:31.716000,0 days 01:58:37.843000,0 days 01:59:15.784000,118.0,134.0,241.0,203.0,False,SOFT,3.0,True,McLaren,0 days 01:56:46.747000,,4,9.0,,,False,False
0 days 02:02:00.300000,NOR,1,NaT,34.0,2.0,NaT,NaT,0 days 00:01:03.746000,0 days 00:01:02.299000,0 days 00:00:38.412000,0 days 02:00:19.609000,0 days 02:01:21.948000,0 days 02:02:00.373000,166.0,185.0,245.0,234.0,False,SOFT,4.0,True,McLaren,0 days 01:59:15.764000,,4,9.0,,,False,False
0 days 02:04:29.846000,NOR,1,0 days 00:02:29.546000,35.0,2.0,NaT,NaT,0 days 00:00:51.791000,0 days 00:01:03.079000,0 days 00:00:34.676000,0 days 02:02:52.111000,0 days 02:03:55.190000,0 days 02:04:29.866000,160.0,145.0,306.0,233.0,False,SOFT,5.0,True,McLaren,0 days 02:02:00.300000,,41,9.0,,,False,False
0 days 02:06:59.846000,NOR,1,NaT,36.0,2.0,NaT,NaT,NaT,NaT,NaT,NaT,NaT,NaT,,,,,,SOFT,6.0,True,McLaren,0 days 02:04:29.846000,,124,,,,True,False
0 days 00:58:51.001000,GAS,10,0 days 00:01:57.497000,1.0,1.0,NaT,NaT,NaT,0 days 00:00:46.044000,0 days 00:00:25.213000,NaT,0 days 00:58:25.858000,0 days 00:58:51.127000,167.0,190.0,325.0,335.0,False,MEDIUM,1.0,True,Alpine,0 days 00:56:53.247000,,1,8.0,,,False,False
0 days 01:00:41.268000,GAS,10,0 days 00:01:50.267000,2.0,1.0,NaT,NaT,0 days 00:00:39.864000,0 days 00:00:45.212000,0 days 00:00:25.191000,0 days 00:59:30.891000,0 days 01:00:16.103000,0 days 01:00:41.294000,185.0,201.0,325.0,332.0,True,MEDIUM,2.0,True,Alpine,0 days 00:58:51.001000,,1,8.0,,,False,True
0 days 01:02:30.525000,GAS,10,0 days 00:01:49.257000,3.0,1.0,NaT,NaT,0 days 00:00:39.291000,0 days 00:00:44.842000,0 days 00:00:25.124000,0 days 01:01:20.585000,0 days 01:02:05.427000,0 days 01:02:30.551000,184.0,202.0,328.0,332.0,True,MEDIUM,3.0,True,Alpine,0 days 01:00:41.268000,,1,8.0,,,False,True
0 days 01:04:19.905000,GAS,10,0 days 00:01:49.380000,4.0,1.0,NaT,NaT,0 days 00:00:39.302000,0 days 00:00:45.126000,0 days 00:00:24.952000,0 days 01:03:09.853000,0 days 01:03:54.979000,0 days 01:04:19.931000,190.0,201.0,334.0,337.0,False,MEDIUM,4.0,True,Alpine,0 days 01:02:30.525000,,1,8.0,,,False,True
0 days 01:06:09.248000,GAS,10,0 days 00:01:49.343000,5.0,1.0,NaT,NaT,0 days 00:00:39.326000,0 days 00:00:44.861000,0 days 00:00:25.156000,0 days 01:04:59.257000,0 days 01:05:44.118000,0 days 01:06:09.274000,188.0,206.0,330.0,335.0,False,MEDIUM,5.0,True,Alpine,0 days 01:04:19.905000,,1,8.0,,,False,True
0 days 01:07:58.452000,GAS,10,0 days 00:01:49.204000,6.0,1.0,NaT,NaT,0 days 00:00:39.254000,0 days 00:00:44.730000,0 days 00:00:25.220000,0 days 01:06:48.528000,0 days 01:07:33.258000,0 days 01:07:58.478000,186.0,197.0,324.0,330.0,True,MEDIUM,6.0,True,Alpine,0 days 01:06:09.248000,,1,8.0,,,False,True
0 days 01:09:47.685000,GAS,10,0 days 00:01:49.233000,7.0,1.0,NaT,NaT,0 days 00:00:39.006000,0 days 00:00:44.925000,0 days 00:00:25.302000,0 days 01:08:37.484000,0 days 01:09:22.409000,0 days 01:09:47.711000,192.0,196.0,320.0,324.0,False,MEDIUM,7.0,True,Alpine,0 days 01:07:58.452000,,1,8.0,,,False,True
0 days 01:11:36.606000,GAS,10,0 days 00:01:48.921000,8.0,1.0,NaT,NaT,0 days 00:00:38.923000,0 days 00:00:44.667000,0 days 00:00:25.331000,0 days 01:10:26.634000,0 days 01:11:11.301000,0 days 01:11:36.632000,189.0,199.0,321.0,321.0,True,MEDIUM,8.0,True,Alpine,0 days 01:09:47.685000,,1,8.0,,,False,True
0 days 01:13:25.408000,GAS,10,0 days 00:01:48.802000,9.0,1.0,NaT,NaT,0 days 00:00:38.770000,0 days 00:00:44.775000,0 days 00:00:25.257000,0 days 01:12:15.402000,0 days 01:13:00.177000,0 days 01:13:25.434000,193.0,199.0,320.0,324.0,True,MEDIUM,9.0,True,Alpine,0 days 01:11:36.606000,,12,8.0,,,False,True
0 days 01:15:14.334000,GAS,10,0 days 00:01:48.926000,10.0,1.0,NaT,NaT,0 days 00:00:38.979000,0 days 00:00:44.677000,0 days 00:00:25.270000,0 days 01:14:04.413000,0 days 01:14:49.090000,0 days 01:15:14.360000,190.0,196.0,317.0,319.0,False,MEDIUM,10.0,True,Alpine,0 days 01:13:25.408000,,1,8.0,,,False,True
0 days 01:17:03.327000,GAS,10,0 days 00:01:48.993000,11.0,1.0,NaT,NaT,0 days 00:00:38.879000,0 days 00:00:44.769000,0 days 00:00:25.345000,0 days 01:15:53.239000,0 days 01:16:38.008000,0 days 01:17:03.353000,194.0,204.0,317.0,322.0,False,MEDIUM,11.0,True,Alpine,0 days 01:15:14.334000,,1,8.0,,,False,True
0 days 01:18:51.963000,GAS,10,0 days 00:01:48.636000,12.0,1.0,NaT,NaT,0 days 00:00:38.750000,0 days 00:00:44.604000,0 days 00:00:25.282000,0 days 01:17:42.103000,0 days 01:18:26.707000,0 days 01:18:51.989000,191.0,203.0,316.0,320.0,True,MEDIUM,12.0,True,Alpine,0 days 01:17:03.327000,,1,8.0,,,False,True
0 days 01:20:40.547000,GAS,10,0 days 00:01:48.584000,13.0,1.0,NaT,NaT,0 days 00:00:38.607000,0 days 00:00:44.520000,0 days 00:00:25.457000,0 days 01:19:30.596000,0 days 01:20:15.116000,0 days 01:20:40.573000,195.0,205.0,314.0,317.0,True,MEDIUM,13.0,True,Alpine,0 days 01:18:51.963000,,1,8.0,,,False,True
0 days 01:22:29.089000,GAS,10,0 days 00:01:48.542000,14.0,1.0,NaT,NaT,0 days 00:00:38.597000,0 days 00:00:44.569000,0 days 00:00:25.376000,0 days 01:21:19.170000,0 days 01:22:03.739000,0 days 01:22:29.115000,193.0,202.0,313.0,319.0,True,MEDIUM,14.0,True,Alpine,0 days 01:20:40.547000,,1,8.0,,,False,True
0 days 01:24:17.978000,GAS,10,0 days 00:01:48.889000,15.0,1.0,NaT,NaT,0 days 00:00:38.958000,0 days 00:00:44.528000,0 days 00:00:25.403000,0 days 01:23:08.073000,0 days 01:23:52.601000,0 days 01:24:18.004000,194.0,204.0,312.0,320.0,False,MEDIUM,15.0,True,Alpine,0 days 01:22:29.089000,,1,8.0,,,False,True
0 days 01:26:06.424000,GAS,10,0 days 00:01:48.446000,16.0,1.0,NaT,NaT,0 days 00:00:38.768000,0 days 00:00:44.212000,0 days 00:00:25.466000,0 days 01:24:56.772000,0 days 01:25:40.984000,0 days 01:26:06.450000,193.0,201.0,314.0,319.0,True,MEDIUM,16.0,True,Alpine,0 days 01:24:17.978000,,1,8.0,,,False,True
0 days 01:27:54.975000,GAS,10,0 days 00:01:48.551000,17.0,1.0,NaT,NaT,0 days 00:00:38.825000,0 days 00:00:44.341000,0 days 00:00:25.385000,0 days 01:26:45.275000,0 days 01:27:29.616000,0 days 01:27:55.001000,190.0,203.0,314.0,318.0,False,MEDIUM,17.0,True,Alpine,0 days 01:26:06.424000,,1,8.0,,,False,True
0 days 01:29:43.276000,GAS,10,0 days 00:01:48.301000,18.0,1.0,NaT,NaT,0 days 00:00:38.602000,0 days 00:00:44.356000,0 days 00:00:25.343000,0 days 01:28:33.603000,0 days 01:29:17.959000,0 days 01:29:43.302000,195.0,205.0,315.0,319.0,True,MEDIUM,18.0,True,Alpine,0 days 01:27:54.975000,,1,8.0,,,False,True
0 days 01:31:31.794000,GAS,10,0 days 00:01:48.518000,19.0,1.0,NaT,NaT,0 days 00:00:38.770000,0 days 00:00:44.394000,0 days 00:00:25.354000,0 days 01:30:22.072000,0 days 01:31:06.466000,0 days 01:31:31.820000,191.0,204.0,315.0,319.0,False,MEDIUM,19.0,True,Alpine,0 days 01:29:43.276000,,1,8.0,,,False,True
0 days 01:33:19.938000,GAS,10,0 days 00:01:48.144000,20.0,1.0,NaT,NaT,0 days 00:00:38.688000,0 days 00:00:44.162000,0 days 00:00:25.294000,0 days 01:32:10.508000,0 days 01:32:54.670000,0 days 01:33:19.964000,196.0,212.0,315.0,320.0,True,MEDIUM,20.0,True,Alpine,0 days 01:31:31.794000,,1,8.0,,,False,True
0 days 01:35:08.167000,GAS,10,0 days 00:01:48.229000,21.0,1.0,NaT,NaT,0 days 00:00:38.640000,0 days 00:00:44.298000,0 days 00:00:25.291000,0 days 01:33:58.604000,0 days 01:34:42.902000,0 days 01:35:08.193000,198.0,209.0,315.0,320.0,False,MEDIUM,21.0,True,Alpine,0 days 01:33:19.938000,,1,8.0,,,False,True
0 days 01:36:56.360000,GAS,10,0 days 00:01:48.193000,22.0,1.0,NaT,NaT,0 days 00:00:38.641000,0 days 00:00:44.299000,0 days 00:00:25.253000,0 days 01:35:46.834000,0 days 01:36:31.133000,0 days 01:36:56.386000,193.0,208.0,314.0,320.0,False,MEDIUM,22.0,True,Alpine,0 days 01:35:08.167000,,1,8.0,,,False,True
0 days 01:38:44.643000,GAS,10,0 days 00:01:48.283000,23.0,1.0,NaT,NaT,0 days 00:00:38.656000,0 days 00:00:44.178000,0 days 00:00:25.449000,0 days 01:37:35.042000,0 days 01:38:19.220000,0 days 01:38:44.669000,196.0,205.0,316.0,322.0,False,MEDIUM,23.0,True,Alpine,0 days 01:36:56.360000,,1,8.0,,,False,True
0 days 01:40:33.172000,GAS,10,0 days 00:01:48.529000,24.0,1.0,NaT,NaT,0 days 00:00:38.729000,0 days 00:00:44.304000,0 days 00:00:25.496000,0 days 01:39:23.398000,0 days 01:40:07.702000,0 days 01:40:33.198000,197.0,203.0,315.0,319.0,False,MEDIUM,24.0,True,Alpine,0 days 01:38:44.643000,,1,8.0,,,False,True
0 days 01:42:21.391000,GAS,10,0 days 00:01:48.219000,25.0,1.0,NaT,NaT,0 days 00:00:38.609000,0 days 00:00:44.270000,0 days 00:00:25.340000,0 days 01:41:11.807000,0 days 01:41:56.077000,0 days 01:42:21.417000,192.0,204.0,314.0,319.0,False,MEDIUM,25.0,True,Alpine,0 days 01:40:33.172000,,1,8.0,,,False,True
0 days 01:44:09.378000,GAS,10,0 days 00:01:47.987000,26.0,1.0,NaT,NaT,0 days 00:00:38.452000,0 days 00:00:44.065000,0 days 00:00:25.470000,0 days 01:42:59.869000,0 days 01:43:43.934000,0 days 01:44:09.404000,198.0,208.0,314.0,317.0,True,MEDIUM,26.0,True,Alpine,0 days 01:42:21.391000,,1,8.0,,,False,True
0 days 01:45:57.421000,GAS,10,0 days 00:01:48.043000,27.0,1.0,NaT,NaT,0 days 00:00:38.468000,0 days 00:00:44.235000,0 days 00:00:25.340000,0 days 01:44:47.872000,0 days 01:45:32.107000,0 days 01:45:57.447000,195.0,208.0,315.0,320.0,False,MEDIUM,27.0,True,Alpine,0 days 01:44:09.378000,,1,8.0,,,False,True
0 days 01:47:45.243000,GAS,10,0 days 00:01:47.822000,28.0,1.0,NaT,NaT,0 days 00:00:38.476000,0 days 00:00:44.040000,0 days 00:00:25.306000,0 days 01:46:35.923000,0 days 01:47:19.963000,0 days 01:47:45.269000,199.0,210.0,314.0,319.0,True,MEDIUM,28.0,True,Alpine,0 days 01:45:57.421000,,1,8.0,,,False,True
0 days 01:49:33.242000,GAS,10,0 days 00:01:47.999000,29.0,1.0,NaT,NaT,0 days 00:00:38.465000,0 days 00:00:44.144000,0 days 00:00:25.390000,0 days 01:48:23.734000,0 days 01:49:07.878000,0 days 01:49:33.268000,201.0,210.0,315.0,319.0,False,MEDIUM,29.0,True,Alpine,0 days 01:47:45.243000,,1,8.0,,,False,True
0 days 01:51:33.613000,GAS,10,0 days 00:02:00.371000,30.0,1.0,NaT,0 days 01:51:32.346000,0 days 00:00:39.176000,0 days 00:00:44.319000,0 days 00:00:36.876000,0 days 01:50:12.444000,0 days 01:50:56.763000,0 days 01:51:33.639000,196.0,201.0,,133.0,False,MEDIUM,30.0,True,Alpine,0 days 01:49:33.242000,,124,7.0,,,False,False
0 days 01:54:17.656000,GAS,10,NaT,31.0,2.0,0 days 01:51:53.147000,NaT,0 days 00:01:06.023000,0 days 00:00:59.072000,0 days 00:00:38.897000,0 days 01:52:39.713000,0 days 01:53:38.816000,0 days 01:54:17.747000,97.0,185.0,302.0,134.0,False,SOFT,1.0,True,Alpine,0 days 01:51:33.613000,,4,7.0,,,False,False
0 days 01:56:34.115000,GAS,10,0 days 00:02:16.459000,32.0,2.0,NaT,NaT,0 days 00:00:46.322000,0 days 00:00:55.475000,0 days 00:00:34.662000,0 days 01:55:04.004000,0 days 01:55:59.479000,0 days 01:56:34.141000,127.0,189.0,248.0,246.0,False,SOFT,2.0,True,Alpine,0 days 01:54:17.656000,,4,7.0,,,False,False
0 days 01:59:12.376000,GAS,10,NaT,33.0,2.0,NaT,NaT,0 days 00:00:53.330000,0 days 00:01:07.999000,0 days 00:00:36.892000,0 days 01:57:27.511000,0 days 01:58:35.514000,0 days 01:59:12.443000,84.0,182.0,246.0,190.0,False,SOFT,3.0,True,Alpine,0 days 01:56:34.115000,,4,7.0,,,False,False
0 days 02:01:57.370000,GAS,10,NaT,34.0,2.0,NaT,NaT,0 days 00:01:04.044000,0 days 00:01:03.127000,0 days 00:00:37.831000,0 days 02:00:16.438000,0 days 02:01:19.597000,0 days 02:01:57.428000,152.0,179.0,261.0,221.0,False,SOFT,4.0,True,Alpine,0 days 01:59:12.376000,,4,7.0,,,False,False
0 days 02:04:29.604000,GAS,10,NaT,35.0,2.0,NaT,NaT,0 days 00:00:52.892000,0 days 00:01:03.188000,0 days 00:00:36.188000,0 days 02:02:50.269000,0 days 02:03:53.442000,0 days 02:04:29.897000,165.0,172.0,292.0,238.0,False,SOFT,5.0,True,Alpine,0 days 02:01:57.370000,,41,7.0,,,False,False
0 days 02:06:59.604000,GAS,10,NaT,36.0,2.0,NaT,NaT,NaT,NaT,NaT,NaT,NaT,NaT,,,,,,SOFT,6.0,True,Alpine,0 days 02:04:29.604000,,124,,,,True,False
0 days 00:58:58.778000,PER,11,0 days 00:02:05.274000,1.0,1.0,NaT,NaT,NaT,0 days 00:00:49.820000,0 days 00:00:25.262000,NaT,0 days 00:58:33.720000,0 days 00:58:58.938000,154.0,180.0,329.0,340.0,False,MEDIUM,1.0,True,Cadillac,0 days 00:56:53.247000,,1,19.0,,,False,False
0 days 01:00:49.909000,PER,11,0 days 00:01:51.131000,2.0,1.0,NaT,NaT,0 days 00:00:40.058000,0 days 00:00:45.847000,0 days 00:00:25.226000,0 days 00:59:38.855000,0 days 01:00:24.702000,0 days 01:00:49.928000,178.0,184.0,334.0,338.0,True,MEDIUM,2.0,True,Cadillac,0 days 00:58:58.778000,,1,19.0,,,False,True
0 days 01:02:40.900000,PER,11,0 days 00:01:50.991000,3.0,1.0,NaT,NaT,0 days 00:00:40.101000,0 days 00:00:45.502000,0 days 00:00:25.388000,0 days 01:01:30.029000,0 days 01:02:15.531000,0 days 01:02:40.919000,173.0,192.0,324.0,331.0,True,MEDIUM,3.0,True,Cadillac,0 days 01:00:49.909000,,1,19.0,,,False,True
0 days 01:04:30.980000,PER,11,0 days 00:01:50.080000,4.0,1.0,NaT,NaT,0 days 00:00:39.648000,0 days 00:00:45.153000,0 days 00:00:25.279000,0 days 01:03:20.567000,0 days 01:04:05.720000,0 days 01:04:30.999000,178.0,195.0,329.0,335.0,True,MEDIUM,4.0,True,Cadillac,0 days 01:02:40.900000,,1,19.0,,,False,True
0 days 01:06:21.361000,PER,11,0 days 00:01:50.381000,5.0,1.0,NaT,NaT,0 days 00:00:39.721000,0 days 00:00:45.401000,0 days 00:00:25.259000,0 days 01:05:10.720000,0 days 01:05:56.121000,0 days 01:06:21.380000,187.0,189.0,332.0,336.0,False,MEDIUM,5.0,True,Cadillac,0 days 01:04:30.980000,,1,19.0,,,False,True
0 days 01:08:11.867000,PER,11,0 days 00:01:50.506000,6.0,1.0,NaT,NaT,0 days 00:00:39.723000,0 days 00:00:45.399000,0 days 00:00:25.384000,0 days 01:07:01.103000,0 days 01:07:46.502000,0 days 01:08:11.886000,181.0,193.0,322.0,333.0,False,MEDIUM,6.0,True,Cadillac,0 days 01:06:21.361000,,1,19.0,,,False,True
0 days 01:10:02.276000,PER,11,0 days 00:01:50.409000,7.0,1.0,NaT,NaT,0 days 00:00:39.613000,0 days 00:00:45.463000,0 days 00:00:25.333000,0 days 01:08:51.499000,0 days 01:09:36.962000,0 days 01:10:02.295000,184.0,191.0,325.0,336.0,False,MEDIUM,7.0,True,Cadillac,0 days 01:08:11.867000,,1,19.0,,,False,True
0 days 01:11:52.202000,PER,11,0 days 00:01:49.926000,8.0,1.0,NaT,NaT,0 days 00:00:39.480000,0 days 00:00:45.117000,0 days 00:00:25.329000,0 days 01:10:41.775000,0 days 01:11:26.892000,0 days 01:11:52.221000,186.0,197.0,326.0,335.0,True,MEDIUM,8.0,True,Cadillac,0 days 01:10:02.276000,,12,19.0,,,False,True
0 days 01:13:42.263000,PER,11,0 days 00:01:50.061000,9.0,1.0,NaT,NaT,0 days 00:00:39.382000,0 days 00:00:45.425000,0 days 00:00:25.254000,0 days 01:12:31.603000,0 days 01:13:17.028000,0 days 01:13:42.282000,179.0,183.0,332.0,338.0,False,MEDIUM,9.0,True,Cadillac,0 days 01:11:52.202000,,1,19.0,,,False,True
0 days 01:15:32.714000,PER,11,0 days 00:01:50.451000,10.0,1.0,NaT,NaT,0 days 00:00:39.761000,0 days 00:00:45.375000,0 days 00:00:25.315000,0 days 01:14:22.043000,0 days 01:15:07.418000,0 days 01:15:32.733000,183.0,191.0,323.0,334.0,False,MEDIUM,10.0,True,Cadillac,0 days 01:13:42.263000,,1,19.0,,,False,True
0 days 01:17:22.796000,PER,11,0 days 00:01:50.082000,11.0,1.0,NaT,NaT,0 days 00:00:39.453000,0 days 00:00:45.217000,0 days 00:00:25.412000,0 days 01:16:12.186000,0 days 01:16:57.403000,0 days 01:17:22.815000,178.0,191.0,321.0,332.0,False,MEDIUM,11.0,True,Cadillac,0 days 01:15:32.714000,,1,19.0,,,False,True
0 days 01:19:12.407000,PER,11,0 days 00:01:49.611000,12.0,1.0,NaT,NaT,0 days 00:00:39.191000,0 days 00:00:45.129000,0 days 00:00:25.291000,0 days 01:18:02.006000,0 days 01:18:47.135000,0 days 01:19:12.426000,185.0,194.0,323.0,336.0,True,MEDIUM,12.0,True,Cadillac,0 days 01:17:22.796000,,1,19.0,,,False,True
0 days 01:21:03.167000,PER,11,0 days 00:01:50.760000,13.0,1.0,NaT,NaT,0 days 00:00:39.996000,0 days 00:00:45.417000,0 days 00:00:25.347000,0 days 01:19:52.422000,0 days 01:20:37.839000,0 days 01:21:03.186000,180.0,193.0,323.0,335.0,False,MEDIUM,13.0,True,Cadillac,0 days 01:19:12.407000,,1,19.0,,,False,True
0 days 01:22:52.871000,PER,11,0 days 00:01:49.704000,14.0,1.0,NaT,NaT,0 days 00:00:39.291000,0 days 00:00:45.110000,0 days 00:00:25.303000,0 days 01:21:42.477000,0 days 01:22:27.587000,0 days 01:22:52.890000,182.0,201.0,322.0,335.0,False,MEDIUM,14.0,True,Cadillac,0 days 01:21:03.167000,,1,19.0,,,False,True
0 days 01:24:42.581000,PER,11,0 days 00:01:49.710000,15.0,1.0,NaT,NaT,0 days 00:00:39.150000,0 days 00:00:45.118000,0 days 00:00:25.442000,0 days 01:23:32.040000,0 days 01:24:17.158000,0 days 01:24:42.600000,182.0,196.0,319.0,331.0,False,MEDIUM,15.0,True,Cadillac,0 days 01:22:52.871000,,1,19.0,,,False,True
0 days 01:26:32.751000,PER,11,0 days 00:01:50.170000,16.0,1.0,NaT,NaT,0 days 00:00:39.640000,0 days 00:00:44.983000,0 days 00:00:25.547000,0 days 01:25:22.240000,0 days 01:26:07.223000,0 days 01:26:32.770000,191.0,196.0,316.0,328.0,False,MEDIUM,16.0,True,Cadillac,0 days 01:24:42.581000,,1,19.0,,,False,True
0 days 01:28:22.608000,PER,11,0 days 00:01:49.857000,17.0,1.0,NaT,NaT,0 days 00:00:39.310000,0 days 00:00:44.905000,0 days 00:00:25.642000,0 days 01:27:12.080000,0 days 01:27:56.985000,0 days 01:28:22.627000,191.0,197.0,309.0,324.0,False,MEDIUM,17.0,True,Cadillac,0 days 01:26:32.751000,,1,19.0,,,False,True
0 days 01:30:12.627000,PER,11,0 days 00:01:50.019000,18.0,1.0,NaT,NaT,0 days 00:00:39.315000,0 days 00:00:45.189000,0 days 00:00:25.515000,0 days 01:29:01.942000,0 days 01:29:47.131000,0 days 01:30:12.646000,189.0,195.0,317.0,328.0,False,MEDIUM,18.0,True,Cadillac,0 days 01:28:22.608000,,1,19.0,,,False,True
0 days 01:32:02.322000,PER,11,0 days 00:01:49.695000,19.0,1.0,NaT,NaT,0 days 00:00:39.035000,0 days 00:00:45.265000,0 days 00:00:25.395000,0 days 01:30:51.681000,0 days 01:31:36.946000,0 days 01:32:02.341000,187.0,193.0,319.0,331.0,False,MEDIUM,19.0,True,Cadillac,0 days 01:30:12.627000,,1,19.0,,,False,True
0 days 01:33:52.118000,PER,11,0 days 00:01:49.796000,20.0,1.0,NaT,NaT,0 days 00:00:39.334000,0 days 00:00:45.114000,0 days 00:00:25.348000,0 days 01:32:41.675000,0 days 01:33:26.789000,0 days 01:33:52.137000,186.0,195.0,312.0,336.0,False,MEDIUM,20.0,True,Cadillac,0 days 01:32:02.322000,,1,18.0,,,False,True
0 days 01:35:41.612000,PER,11,0 days 00:01:49.494000,21.0,1.0,NaT,NaT,0 days 00:00:39.258000,0 days 00:00:44.592000,0 days 00:00:25.644000,0 days 01:34:31.395000,0 days 01:35:15.987000,0 days 01:35:41.631000,191.0,196.0,308.0,325.0,True,MEDIUM,21.0,True,Cadillac,0 days 01:33:52.118000,,1,18.0,,,False,True
0 days 01:37:31.505000,PER,11,0 days 00:01:49.893000,22.0,1.0,NaT,NaT,0 days 00:00:39.063000,0 days 00:00:45.104000,0 days 00:00:25.726000,0 days 01:36:20.694000,0 days 01:37:05.798000,0 days 01:37:31.524000,191.0,197.0,307.0,324.0,False,MEDIUM,22.0,True,Cadillac,0 days 01:35:41.612000,,1,18.0,,,False,True
0 days 01:39:21.714000,PER,11,0 days 00:01:50.209000,23.0,1.0,NaT,NaT,0 days 00:00:39.150000,0 days 00:00:45.186000,0 days 00:00:25.873000,0 days 01:38:10.674000,0 days 01:38:55.860000,0 days 01:39:21.733000,186.0,202.0,305.0,322.0,False,MEDIUM,23.0,True,Cadillac,0 days 01:37:31.505000,,1,18.0,,,False,True
0 days 01:41:11.811000,PER,11,0 days 00:01:50.097000,24.0,1.0,NaT,NaT,0 days 00:00:39.300000,0 days 00:00:44.972000,0 days 00:00:25.825000,0 days 01:40:01.033000,0 days 01:40:46.005000,0 days 01:41:11.830000,193.0,201.0,305.0,322.0,False,MEDIUM,24.0,True,Cadillac,0 days 01:39:21.714000,,1,18.0,,,False,True
0 days 01:43:01.396000,PER,11,0 days 00:01:49.585000,25.0,1.0,NaT,NaT,0 days 00:00:39.051000,0 days 00:00:44.710000,0 days 00:00:25.824000,0 days 01:41:50.881000,0 days 01:42:35.591000,0 days 01:43:01.415000,186.0,199.0,304.0,323.0,False,MEDIUM,25.0,True,Cadillac,0 days 01:41:11.811000,,1,18.0,,,False,True
0 days 01:44:51.083000,PER,11,0 days 00:01:49.687000,26.0,1.0,NaT,NaT,0 days 00:00:39.111000,0 days 00:00:44.800000,0 days 00:00:25.776000,0 days 01:43:40.526000,0 days 01:44:25.326000,0 days 01:44:51.102000,197.0,198.0,305.0,324.0,False,MEDIUM,26.0,True,Cadillac,0 days 01:43:01.396000,,1,18.0,,,False,True
0 days 01:46:40.598000,PER,11,0 days 00:01:49.515000,27.0,1.0,NaT,NaT,0 days 00:00:39.033000,0 days 00:00:44.678000,0 days 00:00:25.804000,0 days 01:45:30.135000,0 days 01:46:14.813000,0 days 01:46:40.617000,198.0,205.0,304.0,322.0,False,MEDIUM,27.0,True,Cadillac,0 days 01:44:51.083000,,1,18.0,,,False,True
0 days 01:48:30.157000,PER,11,0 days 00:01:49.559000,28.0,1.0,NaT,NaT,0 days 00:00:39.120000,0 days 00:00:44.650000,0 days 00:00:25.789000,0 days 01:47:19.737000,0 days 01:48:04.387000,0 days 01:48:30.176000,189.0,201.0,305.0,324.0,False,MEDIUM,28.0,True,Cadillac,0 days 01:46:40.598000,,1,18.0,,,False,True
0 days 01:50:19.560000,PER,11,0 days 00:01:49.403000,29.0,1.0,NaT,NaT,0 days 00:00:39.139000,0 days 00:00:44.502000,0 days 00:00:25.762000,0 days 01:49:09.315000,0 days 01:49:53.817000,0 days 01:50:19.579000,189.0,198.0,304.0,323.0,True,MEDIUM,29.0,True,Cadillac,0 days 01:48:30.157000,,12,18.0,,,False,True
0 days 01:52:40.056000,PER,11,0 days 00:02:20.496000,30.0,1.0,NaT,0 days 01:52:38.737000,0 days 00:00:39.374000,0 days 00:00:58.135000,0 days 00:00:42.987000,0 days 01:50:58.953000,0 days 01:51:57.088000,0 days 01:52:40.075000,174.0,143.0,,195.0,False,MEDIUM,30.0,True,Cadillac,0 days 01:50:19.560000,,124,17.0,,,False,False
0 days 01:55:27.832000,PER,11,NaT,31.0,2.0,0 days 01:53:01.168000,NaT,0 days 00:01:08.812000,0 days 00:00:59.956000,0 days 00:00:38.948000,0 days 01:53:48.993000,0 days 01:54:48.926000,0 days 01:55:27.869000,137.0,166.0,277.0,220.0,False,SOFT,1.0,True,Cadillac,0 days 01:52:40.056000,,4,17.0,,,False,False
0 days 01:57:33.682000,PER,11,0 days 00:02:05.850000,32.0,2.0,NaT,NaT,0 days 00:00:44.267000,0 days 00:00:55.507000,0 days 00:00:26.076000,0 days 01:56:12.118000,0 days 01:57:07.625000,0 days 01:57:33.701000,125.0,193.0,301.0,320.0,False,SOFT,2.0,True,Cadillac,0 days 01:55:27.832000,,4,17.0,,,False,False
0 days 01:59:33.702000,PER,11,0 days 00:02:00.020000,33.0,2.0,NaT,NaT,0 days 00:00:44.469000,0 days 00:00:49.624000,0 days 00:00:25.927000,0 days 01:58:18.170000,0 days 01:59:07.794000,0 days 01:59:33.721000,103.0,190.0,301.0,322.0,False,SOFT,3.0,True,Cadillac,0 days 01:57:33.682000,,4,17.0,,,False,False
0 days 02:02:09.191000,PER,11,NaT,34.0,2.0,NaT,NaT,0 days 00:00:55.436000,0 days 00:01:03.412000,0 days 00:00:36.738000,0 days 02:00:29.248000,0 days 02:01:32.716000,0 days 02:02:09.402000,113.0,149.0,268.0,198.0,False,SOFT,4.0,True,Cadillac,0 days 01:59:33.702000,,4,17.0,,,False,False
0 days 02:04:31.500000,PER,11,0 days 00:02:22.309000,35.0,2.0,NaT,NaT,0 days 00:00:53.990000,0 days 00:00:58.634000,0 days 00:00:29.685000,0 days 02:03:03.200000,0 days 02:04:01.834000,0 days 02:04:31.519000,164.0,158.0,309.0,295.0,False,SOFT,5.0,True,Cadillac,0 days 02:02:09.191000,,41,17.0,,,False,False
0 days 02:06:59.187000,PER,11,0 days 00:02:27.687000,36.0,2.0,NaT,0 days 02:06:58.039000,0 days 00:00:44.137000,0 days 00:00:59.780000,0 days 00:00:43.770000,0 days 02:05:15.656000,0 days 02:06:15.436000,0 days 02:06:59.206000,143.0,138.0,,193.0,False,SOFT,6.0,True,Cadillac,0 days 02:04:31.500000,,124,14.0,,,False,False
0 days 02:09:39.290000,PER,11,NaT,37.0,3.0,0 days 02:07:13.221000,NaT,0 days 00:01:00.452000,0 days 00:01:01.155000,0 days 00:00:38.455000,0 days 02:07:59.970000,0 days 02:09:00.980000,0 days 02:09:39.406000,118.0,136.0,209.0,196.0,False,SOFT,7.0,False,Cadillac,0 days 02:06:59.187000,,4,14.0,,,False,False
0 days 02:12:07.900000,PER,11,0 days 00:02:28.610000,38.0,3.0,NaT,NaT,0 days 00:00:56.172000,0 days 00:01:01.240000,0 days 00:00:31.198000,0 days 02:10:35.481000,0 days 02:11:36.721000,0 days 02:12:07.919000,165.0,113.0,341.0,302.0,False,SOFT,8.0,False,Cadillac,0 days 02:09:39.290000,,41,14.0,,,False,False
0 days 02:13:59.064000,PER,11,0 days 00:01:51.164000,39.0,3.0,NaT,NaT,0 days 00:00:40.771000,0 days 00:00:45.326000,0 days 00:00:25.067000,0 days 02:12:48.690000,0 days 02:13:34.016000,0 days 02:13:59.083000,174.0,198.0,324.0,335.0,False,SOFT,9.0,False,Cadillac,0 days 02:12:07.900000,,1,13.0,,,False,True
0 days 02:15:49.017000,PER,11,0 days 00:01:49.953000,40.0,3.0,NaT,NaT,0 days 00:00:40.231000,0 days 00:00:44.689000,0 days 00:00:25.033000,0 days 02:14:39.314000,0 days 02:15:24.003000,0 days 02:15:49.036000,192.0,197.0,321.0,337.0,False,SOFT,10.0,False,Cadillac,0 days 02:13:59.064000,,12,13.0,,,False,True
0 days 02:17:36.609000,PER,11,0 days 00:01:47.592000,41.0,3.0,NaT,NaT,0 days 00:00:38.517000,0 days 00:00:44.184000,0 days 00:00:24.891000,0 days 02:16:27.553000,0 days 02:17:11.737000,0 days 02:17:36.628000,191.0,201.0,325.0,339.0,True,SOFT,11.0,False,Cadillac,0 days 02:15:49.017000,,1,13.0,,,False,True
0 days 02:19:24.120000,PER,11,0 days 00:01:47.511000,42.0,3.0,NaT,NaT,0 days 00:00:38.479000,0 days 00:00:44.093000,0 days 00:00:24.939000,0 days 02:18:15.107000,0 days 02:18:59.200000,0 days 02:19:24.139000,183.0,199.0,324.0,338.0,True,SOFT,12.0,False,Cadillac,0 days 02:17:36.609000,,1,13.0,,,False,True
0 days 02:21:11.483000,PER,11,0 days 00:01:47.363000,43.0,3.0,NaT,NaT,0 days 00:00:38.295000,0 days 00:00:44.144000,0 days 00:00:24.924000,0 days 02:20:02.434000,0 days 02:20:46.578000,0 days 02:21:11.502000,187.0,209.0,320.0,338.0,True,SOFT,13.0,False,Cadillac,0 days 02:19:24.120000,,1,13.0,,,False,True
0 days 02:22:59.385000,PER,11,0 days 00:01:47.902000,44.0,3.0,NaT,NaT,0 days 00:00:38.609000,0 days 00:00:44.194000,0 days 00:00:25.099000,0 days 02:21:50.111000,0 days 02:22:34.305000,0 days 02:22:59.404000,188.0,204.0,316.0,332.0,False,SOFT,14.0,False,Cadillac,0 days 02:21:11.483000,,1,14.0,,,False,True
0 days 02:24:47.901000,PER,11,0 days 00:01:48.516000,45.0,3.0,NaT,NaT,0 days 00:00:39.021000,0 days 00:00:44.306000,0 days 00:00:25.189000,0 days 02:23:38.425000,0 days 02:24:22.731000,0 days 02:24:47.920000,190.0,199.0,318.0,332.0,False,SOFT,15.0,False,Cadillac,0 days 02:22:59.385000,,1,14.0,,,False,True
0 days 02:26:35.653000,PER,11,0 days 00:01:47.752000,46.0,3.0,NaT,NaT,0 days 00:00:38.511000,0 days 00:00:44.036000,0 days 00:00:25.205000,0 days 02:25:26.431000,0 days 02:26:10.467000,0 days 02:26:35.672000,192.0,201.0,312.0,328.0,False,SOFT,16.0,False,Cadillac,0 days 02:24:47.901000,,1,14.0,,,False,True
0 days 02:28:24.602000,PER,11,0 days 00:01:48.949000,47.0,3.0,NaT,NaT,0 days 00:00:39.253000,0 days 00:00:44.329000,0 days 00:00:25.367000,0 days 02:27:14.925000,0 days 02:27:59.254000,0 days 02:28:24.621000,185.0,210.0,311.0,327.0,False,SOFT,17.0,False,Cadillac,0 days 02:26:35.653000,,1,15.0,,,False,True
0 days 02:30:12.499000,PER,11,0 days 00:01:47.897000,48.0,3.0,NaT,NaT,0 days 00:00:38.497000,0 days 00:00:43.985000,0 days 00:00:25.415000,0 days 02:29:03.118000,0 days 02:29:47.103000,0 days 02:30:12.518000,187.0,211.0,310.0,327.0,False,SOFT,18.0,False,Cadillac,0 days 02:28:24.602000,,1,15.0,,,False,True
0 days 02:32:00.881000,PER,11,0 days 00:01:48.382000,49.0,3.0,NaT,NaT,0 days 00:00:38.992000,0 days 00:00:43.866000,0 days 00:00:25.524000,0 days 02:30:51.510000,0 days 02:31:35.376000,0 days 02:32:00.900000,196.0,212.0,307.0,324.0,False,SOFT,19.0,False,Cadillac,0 days 02:30:12.499000,,1,15.0,,,False,True
0 days 02:33:48.385000,PER,11,0 days 00:01:47.504000,50.0,3.0,NaT,NaT,0 days 00:00:38.428000,0 days 00:00:43.756000,0 days 00:00:25.320000,0 days 02:32:39.328000,0 days 02:33:23.084000,0 days 02:33:48.404000,192.0,209.0,308.0,326.0,False,SOFT,20.0,False,Cadillac,0 days 02:32:00.881000,,12,15.0,,,False,True
0 days 02:35:37.051000,PER,11,0 days 00:01:48.666000,51.0,3.0,NaT,NaT,0 days 00:00:38.403000,0 days 00:00:44.676000,0 days 00:00:25.587000,0 days 02:34:26.807000,0 days 02:35:11.483000,0 days 02:35:37.070000,191.0,193.0,308.0,326.0,False,SOFT,21.0,False,Cadillac,0 days 02:33:48.385000,,12,15.0,,,False,True
0 days 00:58:56.635000,ANT,12,0 days 00:02:03.131000,1.0,1.0,NaT,NaT,NaT,0 days 00:00:48.908000,0 days 00:00:24.882000,NaT,0 days 00:58:31.880000,0 days 00:58:56.838000,163.0,183.0,343.0,345.0,False,MEDIUM,3.0,False,Mercedes,0 days 00:56:53.247000,,1,17.0,,,False,False
0 days 01:00:48.272000,ANT,12,0 days 00:01:51.637000,2.0,1.0,NaT,NaT,0 days 00:00:40.823000,0 days 00:00:45.943000,0 days 00:00:24.871000,0 days 00:59:37.484000,0 days 01:00:23.427000,0 days 01:00:48.298000,172.0,192.0,334.0,342.0,True,MEDIUM,4.0,False,Mercedes,0 days 00:58:56.635000,,1,17.0,,,False,True
0 days 01:02:39.016000,ANT,12,0 days 00:01:50.744000,3.0,1.0,NaT,NaT,0 days 00:00:40.197000,0 days 00:00:45.511000,0 days 00:00:25.036000,0 days 01:01:28.495000,0 days 01:02:14.006000,0 days 01:02:39.042000,173.0,189.0,334.0,344.0,True,MEDIUM,5.0,False,Mercedes,0 days 01:00:48.272000,,1,16.0,,,False,True
0 days 01:04:28.967000,ANT,12,0 days 00:01:49.951000,4.0,1.0,NaT,NaT,0 days 00:00:39.372000,0 days 00:00:45.537000,0 days 00:00:25.042000,0 days 01:03:18.414000,0 days 01:04:03.951000,0 days 01:04:28.993000,187.0,190.0,341.0,339.0,True,MEDIUM,6.0,False,Mercedes,0 days 01:02:39.016000,,1,16.0,,,False,True
0 days 01:06:17.880000,ANT,12,0 days 00:01:48.913000,5.0,1.0,NaT,NaT,0 days 00:00:39.214000,0 days 00:00:44.711000,0 days 00:00:24.988000,0 days 01:05:08.207000,0 days 01:05:52.918000,0 days 01:06:17.906000,191.0,195.0,332.0,338.0,True,MEDIUM,7.0,False,Mercedes,0 days 01:04:28.967000,,1,15.0,,,False,True
0 days 01:08:06.125000,ANT,12,0 days 00:01:48.245000,6.0,1.0,NaT,NaT,0 days 00:00:39.094000,0 days 00:00:44.275000,0 days 00:00:24.876000,0 days 01:06:57,0 days 01:07:41.275000,0 days 01:08:06.151000,194.0,194.0,335.0,339.0,True,MEDIUM,8.0,False,Mercedes,0 days 01:06:17.880000,,1,14.0,,,False,True
0 days 01:09:55.558000,ANT,12,0 days 00:01:49.433000,7.0,1.0,NaT,NaT,0 days 00:00:39.291000,0 days 00:00:45.208000,0 days 00:00:24.934000,0 days 01:08:45.442000,0 days 01:09:30.650000,0 days 01:09:55.584000,187.0,193.0,337.0,340.0,False,MEDIUM,9.0,False,Mercedes,0 days 01:08:06.125000,,1,14.0,,,False,True
0 days 01:11:45.034000,ANT,12,0 days 00:01:49.476000,8.0,1.0,NaT,NaT,0 days 00:00:39.549000,0 days 00:00:45.080000,0 days 00:00:24.847000,0 days 01:10:35.133000,0 days 01:11:20.213000,0 days 01:11:45.060000,180.0,195.0,338.0,339.0,False,MEDIUM,10.0,False,Mercedes,0 days 01:09:55.558000,,12,14.0,,,False,True
0 days 01:13:34.905000,ANT,12,0 days 00:01:49.871000,9.0,1.0,NaT,NaT,0 days 00:00:39.408000,0 days 00:00:45.612000,0 days 00:00:24.851000,0 days 01:12:24.468000,0 days 01:13:10.080000,0 days 01:13:34.931000,183.0,191.0,340.0,341.0,False,MEDIUM,11.0,False,Mercedes,0 days 01:11:45.034000,,21,14.0,,,False,True
0 days 01:15:23.023000,ANT,12,0 days 00:01:48.118000,10.0,1.0,NaT,NaT,0 days 00:00:39.056000,0 days 00:00:44.507000,0 days 00:00:24.555000,0 days 01:14:13.987000,0 days 01:14:58.494000,0 days 01:15:23.049000,193.0,196.0,344.0,345.0,True,MEDIUM,12.0,False,Mercedes,0 days 01:13:34.905000,,1,13.0,,,False,True
0 days 01:17:13.335000,ANT,12,0 days 00:01:50.312000,11.0,1.0,NaT,NaT,0 days 00:00:40.393000,0 days 00:00:45.241000,0 days 00:00:24.678000,0 days 01:16:03.442000,0 days 01:16:48.683000,0 days 01:17:13.361000,182.0,196.0,342.0,344.0,False,MEDIUM,13.0,False,Mercedes,0 days 01:15:23.023000,,1,13.0,,,False,True
0 days 01:19:02.571000,ANT,12,0 days 00:01:49.236000,12.0,1.0,NaT,NaT,0 days 00:00:39.575000,0 days 00:00:44.723000,0 days 00:00:24.938000,0 days 01:17:52.936000,0 days 01:18:37.659000,0 days 01:19:02.597000,185.0,200.0,328.0,338.0,False,MEDIUM,14.0,False,Mercedes,0 days 01:17:13.335000,,1,11.0,,,False,True
0 days 01:20:50.706000,ANT,12,0 days 00:01:48.135000,13.0,1.0,NaT,NaT,0 days 00:00:38.766000,0 days 00:00:44.140000,0 days 00:00:25.229000,0 days 01:19:41.363000,0 days 01:20:25.503000,0 days 01:20:50.732000,196.0,201.0,317.0,330.0,False,MEDIUM,15.0,False,Mercedes,0 days 01:19:02.571000,,1,11.0,,,False,True
0 days 01:22:38.772000,ANT,12,0 days 00:01:48.066000,14.0,1.0,NaT,NaT,0 days 00:00:38.799000,0 days 00:00:44.122000,0 days 00:00:25.145000,0 days 01:21:29.531000,0 days 01:22:13.653000,0 days 01:22:38.798000,197.0,205.0,319.0,331.0,True,MEDIUM,16.0,False,Mercedes,0 days 01:20:50.706000,,1,11.0,,,False,True
0 days 01:24:26.834000,ANT,12,0 days 00:01:48.062000,15.0,1.0,NaT,NaT,0 days 00:00:38.628000,0 days 00:00:44.372000,0 days 00:00:25.062000,0 days 01:23:17.426000,0 days 01:24:01.798000,0 days 01:24:26.860000,195.0,205.0,325.0,334.0,True,MEDIUM,17.0,False,Mercedes,0 days 01:22:38.772000,,1,11.0,,,False,True
0 days 01:26:15.306000,ANT,12,0 days 00:01:48.472000,16.0,1.0,NaT,NaT,0 days 00:00:38.902000,0 days 00:00:44.598000,0 days 00:00:24.972000,0 days 01:25:05.762000,0 days 01:25:50.360000,0 days 01:26:15.332000,192.0,202.0,333.0,336.0,False,MEDIUM,18.0,False,Mercedes,0 days 01:24:26.834000,,1,11.0,,,False,True
0 days 01:28:03.158000,ANT,12,0 days 00:01:47.852000,17.0,1.0,NaT,NaT,0 days 00:00:38.731000,0 days 00:00:43.767000,0 days 00:00:25.354000,0 days 01:26:54.063000,0 days 01:27:37.830000,0 days 01:28:03.184000,198.0,203.0,313.0,324.0,True,MEDIUM,19.0,False,Mercedes,0 days 01:26:15.306000,,1,10.0,,,False,True
0 days 01:29:51.211000,ANT,12,0 days 00:01:48.053000,18.0,1.0,NaT,NaT,0 days 00:00:38.630000,0 days 00:00:44.079000,0 days 00:00:25.344000,0 days 01:28:41.814000,0 days 01:29:25.893000,0 days 01:29:51.237000,200.0,207.0,314.0,326.0,False,MEDIUM,20.0,False,Mercedes,0 days 01:28:03.158000,,1,10.0,,,False,True
0 days 01:31:39.071000,ANT,12,0 days 00:01:47.860000,19.0,1.0,NaT,NaT,0 days 00:00:38.519000,0 days 00:00:44.038000,0 days 00:00:25.303000,0 days 01:30:29.756000,0 days 01:31:13.794000,0 days 01:31:39.097000,200.0,204.0,315.0,326.0,False,MEDIUM,21.0,False,Mercedes,0 days 01:29:51.211000,,1,10.0,,,False,True
0 days 01:33:27.080000,ANT,12,0 days 00:01:48.009000,20.0,1.0,NaT,NaT,0 days 00:00:38.524000,0 days 00:00:44.213000,0 days 00:00:25.272000,0 days 01:32:17.621000,0 days 01:33:01.834000,0 days 01:33:27.106000,196.0,205.0,317.0,329.0,False,MEDIUM,22.0,False,Mercedes,0 days 01:31:39.071000,,1,10.0,,,False,True
0 days 01:35:14.812000,ANT,12,0 days 00:01:47.732000,21.0,1.0,NaT,NaT,0 days 00:00:38.341000,0 days 00:00:44.336000,0 days 00:00:25.055000,0 days 01:34:05.447000,0 days 01:34:49.783000,0 days 01:35:14.838000,199.0,204.0,326.0,331.0,True,MEDIUM,23.0,False,Mercedes,0 days 01:33:27.080000,,1,10.0,,,False,True
0 days 01:37:03.143000,ANT,12,0 days 00:01:48.331000,22.0,1.0,NaT,NaT,0 days 00:00:39.109000,0 days 00:00:44.488000,0 days 00:00:24.734000,0 days 01:35:53.947000,0 days 01:36:38.435000,0 days 01:37:03.169000,188.0,205.0,323.0,334.0,False,MEDIUM,24.0,False,Mercedes,0 days 01:35:14.812000,,1,9.0,,,False,True
0 days 01:38:51.044000,ANT,12,0 days 00:01:47.901000,23.0,1.0,NaT,NaT,0 days 00:00:38.701000,0 days 00:00:43.737000,0 days 00:00:25.463000,0 days 01:37:41.870000,0 days 01:38:25.607000,0 days 01:38:51.070000,203.0,208.0,313.0,327.0,False,MEDIUM,25.0,False,Mercedes,0 days 01:37:03.143000,,1,9.0,,,False,True
0 days 01:40:38.562000,ANT,12,0 days 00:01:47.518000,24.0,1.0,NaT,NaT,0 days 00:00:38.300000,0 days 00:00:43.889000,0 days 00:00:25.329000,0 days 01:39:29.370000,0 days 01:40:13.259000,0 days 01:40:38.588000,199.0,208.0,314.0,329.0,True,MEDIUM,26.0,False,Mercedes,0 days 01:38:51.044000,,1,9.0,,,False,True
0 days 01:42:26.461000,ANT,12,0 days 00:01:47.899000,25.0,1.0,NaT,NaT,0 days 00:00:38.459000,0 days 00:00:44.144000,0 days 00:00:25.296000,0 days 01:41:17.047000,0 days 01:42:01.191000,0 days 01:42:26.487000,201.0,207.0,313.0,326.0,False,MEDIUM,27.0,False,Mercedes,0 days 01:40:38.562000,,1,9.0,,,False,True
0 days 01:44:14.043000,ANT,12,0 days 00:01:47.582000,26.0,1.0,NaT,NaT,0 days 00:00:38.276000,0 days 00:00:43.929000,0 days 00:00:25.377000,0 days 01:43:04.763000,0 days 01:43:48.692000,0 days 01:44:14.069000,204.0,207.0,313.0,325.0,False,MEDIUM,28.0,False,Mercedes,0 days 01:42:26.461000,,1,9.0,,,False,True
0 days 01:46:01.597000,ANT,12,0 days 00:01:47.554000,27.0,1.0,NaT,NaT,0 days 00:00:38.083000,0 days 00:00:44.157000,0 days 00:00:25.314000,0 days 01:44:52.152000,0 days 01:45:36.309000,0 days 01:46:01.623000,205.0,211.0,314.0,326.0,False,MEDIUM,29.0,False,Mercedes,0 days 01:44:14.043000,,1,9.0,,,False,True
0 days 01:47:48.886000,ANT,12,0 days 00:01:47.289000,28.0,1.0,NaT,NaT,0 days 00:00:38.121000,0 days 00:00:43.827000,0 days 00:00:25.341000,0 days 01:46:39.744000,0 days 01:47:23.571000,0 days 01:47:48.912000,204.0,207.0,315.0,327.0,True,MEDIUM,30.0,False,Mercedes,0 days 01:46:01.597000,,1,9.0,,,False,True
0 days 01:49:36.338000,ANT,12,0 days 00:01:47.452000,29.0,1.0,NaT,NaT,0 days 00:00:38.248000,0 days 00:00:43.878000,0 days 00:00:25.326000,0 days 01:48:27.160000,0 days 01:49:11.038000,0 days 01:49:36.364000,200.0,209.0,316.0,326.0,False,MEDIUM,31.0,False,Mercedes,0 days 01:47:48.886000,,1,9.0,,,False,True
0 days 01:51:38.807000,ANT,12,0 days 00:02:02.469000,30.0,1.0,NaT,0 days 01:51:37.529000,0 days 00:00:38.703000,0 days 00:00:44.177000,0 days 00:00:39.589000,0 days 01:50:15.067000,0 days 01:50:59.244000,0 days 01:51:38.833000,197.0,201.0,,122.0,False,MEDIUM,32.0,False,Mercedes,0 days 01:49:36.338000,,124,8.0,,,False,False
0 days 01:54:22.238000,ANT,12,NaT,31.0,2.0,0 days 01:51:58.391000,NaT,0 days 00:01:05.511000,0 days 00:01:00.375000,0 days 00:00:37.517000,0 days 01:52:44.411000,0 days 01:53:44.747000,0 days 01:54:22.379000,102.0,169.0,252.0,169.0,False,SOFT,1.0,False,Mercedes,0 days 01:51:38.807000,,4,8.0,,,False,False
0 days 01:56:34.783000,ANT,12,0 days 00:02:12.545000,32.0,2.0,NaT,NaT,0 days 00:00:46.082000,0 days 00:00:54.015000,0 days 00:00:32.448000,0 days 01:55:08.346000,0 days 01:56:02.361000,0 days 01:56:34.809000,113.0,184.0,252.0,209.0,False,SOFT,2.0,False,Mercedes,0 days 01:54:22.238000,,4,8.0,,,False,False
0 days 01:59:14.472000,ANT,12,NaT,33.0,2.0,NaT,NaT,0 days 00:00:53.456000,0 days 00:01:08.357000,0 days 00:00:37.780000,0 days 01:57:28.375000,0 days 01:58:36.834000,0 days 01:59:14.498000,79.0,166.0,248.0,178.0,False,SOFT,3.0,False,Mercedes,0 days 01:56:34.783000,,4,8.0,,,False,False
0 days 02:01:58.452000,ANT,12,NaT,34.0,2.0,NaT,NaT,0 days 00:01:03.354000,0 days 00:01:02.653000,0 days 00:00:38.071000,0 days 02:00:17.754000,0 days 02:01:20.574000,0 days 02:01:58.524000,150.0,170.0,255.0,217.0,False,SOFT,4.0,False,Mercedes,0 days 01:59:14.472000,,4,8.0,,,False,False
0 days 02:04:29.776000,ANT,12,NaT,35.0,2.0,NaT,NaT,0 days 00:00:52.904000,0 days 00:01:02.765000,0 days 00:00:35.615000,0 days 02:02:51.441000,0 days 02:03:54.353000,0 days 02:04:30.056000,154.0,154.0,286.0,228.0,False,SOFT,5.0,False,Mercedes,0 days 02:01:58.452000,,41,8.0,,,False,False
0 days 02:06:50.287000,ANT,12,0 days 00:02:20.511000,36.0,2.0,NaT,0 days 02:06:48.895000,0 days 00:00:41.282000,0 days 00:00:55.663000,0 days 00:00:43.566000,0 days 02:05:11.084000,0 days 02:06:06.747000,0 days 02:06:50.313000,187.0,145.0,,212.0,False,SOFT,6.0,False,Mercedes,0 days 02:04:29.776000,,124,7.0,,,False,False
0 days 02:09:32.257000,ANT,12,NaT,37.0,3.0,0 days 02:07:05.410000,NaT,0 days 00:01:00.692000,0 days 00:01:01.332000,0 days 00:00:39.932000,0 days 02:07:51.117000,0 days 02:08:52.351000,0 days 02:09:32.311000,151.0,160.0,237.0,199.0,False,SOFT,7.0,False,Mercedes,0 days 02:06:50.287000,,4,7.0,,,False,False
0 days 02:12:05.148000,ANT,12,NaT,38.0,3.0,NaT,NaT,0 days 00:00:55.019000,0 days 00:01:04.406000,0 days 00:00:33.546000,0 days 02:10:27.370000,0 days 02:11:31.790000,0 days 02:12:05.399000,153.0,157.0,343.0,245.0,False,SOFT,8.0,False,Mercedes,0 days 02:09:32.257000,,41,7.0,,,False,False
0 days 02:13:54.483000,ANT,12,0 days 00:01:49.335000,39.0,3.0,NaT,NaT,0 days 00:00:40.061000,0 days 00:00:44.569000,0 days 00:00:24.705000,0 days 02:12:45.235000,0 days 02:13:29.804000,0 days 02:13:54.509000,186.0,205.0,337.0,342.0,False,SOFT,9.0,False,Mercedes,0 days 02:12:05.148000,,1,7.0,,,False,True
0 days 02:15:41.732000,ANT,12,0 days 00:01:47.249000,40.0,3.0,NaT,NaT,0 days 00:00:38.821000,0 days 00:00:43.901000,0 days 00:00:24.527000,0 days 02:14:33.330000,0 days 02:15:17.231000,0 days 02:15:41.758000,198.0,201.0,340.0,343.0,True,SOFT,10.0,False,Mercedes,0 days 02:13:54.483000,,12,6.0,,,False,True
0 days 02:17:28.798000,ANT,12,0 days 00:01:47.066000,41.0,3.0,NaT,NaT,0 days 00:00:38.505000,0 days 00:00:44.081000,0 days 00:00:24.480000,0 days 02:16:20.263000,0 days 02:17:04.344000,0 days 02:17:28.824000,194.0,205.0,338.0,343.0,True,SOFT,11.0,False,Mercedes,0 days 02:15:41.732000,,1,6.0,,,False,True
0 days 02:19:16.208000,ANT,12,0 days 00:01:47.410000,42.0,3.0,NaT,NaT,0 days 00:00:39.062000,0 days 00:00:43.875000,0 days 00:00:24.473000,0 days 02:18:07.886000,0 days 02:18:51.761000,0 days 02:19:16.234000,193.0,207.0,322.0,343.0,False,SOFT,12.0,False,Mercedes,0 days 02:17:28.798000,,1,5.0,,,False,True
0 days 02:21:02.264000,ANT,12,0 days 00:01:46.056000,43.0,3.0,NaT,NaT,0 days 00:00:37.759000,0 days 00:00:43.372000,0 days 00:00:24.925000,0 days 02:19:53.993000,0 days 02:20:37.365000,0 days 02:21:02.290000,205.0,210.0,318.0,332.0,True,SOFT,13.0,False,Mercedes,0 days 02:19:16.208000,,1,5.0,,,False,True
0 days 02:22:48.473000,ANT,12,0 days 00:01:46.209000,44.0,3.0,NaT,NaT,0 days 00:00:37.946000,0 days 00:00:43.273000,0 days 00:00:24.990000,0 days 02:21:40.236000,0 days 02:22:23.509000,0 days 02:22:48.499000,204.0,212.0,317.0,329.0,False,SOFT,14.0,False,Mercedes,0 days 02:21:02.264000,,1,5.0,,,False,True
0 days 02:24:34.111000,ANT,12,0 days 00:01:45.638000,45.0,3.0,NaT,NaT,0 days 00:00:37.602000,0 days 00:00:43.072000,0 days 00:00:24.964000,0 days 02:23:26.101000,0 days 02:24:09.173000,0 days 02:24:34.137000,203.0,213.0,316.0,329.0,True,SOFT,15.0,False,Mercedes,0 days 02:22:48.473000,,1,5.0,,,False,True
0 days 02:26:19.662000,ANT,12,0 days 00:01:45.551000,46.0,3.0,NaT,NaT,0 days 00:00:37.551000,0 days 00:00:42.992000,0 days 00:00:25.008000,0 days 02:25:11.688000,0 days 02:25:54.680000,0 days 02:26:19.688000,205.0,212.0,318.0,329.0,True,SOFT,16.0,False,Mercedes,0 days 02:24:34.111000,,1,5.0,,,False,True
0 days 02:28:05.465000,ANT,12,0 days 00:01:45.803000,47.0,3.0,NaT,NaT,0 days 00:00:37.664000,0 days 00:00:43.168000,0 days 00:00:24.971000,0 days 02:26:57.352000,0 days 02:27:40.520000,0 days 02:28:05.491000,203.0,212.0,318.0,328.0,False,SOFT,17.0,False,Mercedes,0 days 02:26:19.662000,,1,5.0,,,False,True
0 days 02:29:51.181000,ANT,12,0 days 00:01:45.716000,48.0,3.0,NaT,NaT,0 days 00:00:37.704000,0 days 00:00:43.044000,0 days 00:00:24.968000,0 days 02:28:43.195000,0 days 02:29:26.239000,0 days 02:29:51.207000,203.0,211.0,320.0,331.0,False,SOFT,18.0,False,Mercedes,0 days 02:28:05.465000,,1,5.0,,,False,True
0 days 02:31:36.714000,ANT,12,0 days 00:01:45.533000,49.0,3.0,NaT,NaT,0 days 00:00:37.548000,0 days 00:00:43.127000,0 days 00:00:24.858000,0 days 02:30:28.755000,0 days 02:31:11.882000,0 days 02:31:36.740000,207.0,208.0,321.0,334.0,True,SOFT,19.0,False,Mercedes,0 days 02:29:51.181000,,1,5.0,,,False,True
0 days 02:33:22.127000,ANT,12,0 days 00:01:45.413000,50.0,3.0,NaT,NaT,0 days 00:00:37.588000,0 days 00:00:43.077000,0 days 00:00:24.748000,0 days 02:32:14.328000,0 days 02:32:57.405000,0 days 02:33:22.153000,203.0,206.0,326.0,335.0,True,SOFT,20.0,False,Mercedes,0 days 02:31:36.714000,,12,5.0,,,False,True
0 days 02:35:10.159000,ANT,12,0 days 00:01:48.032000,51.0,3.0,NaT,NaT,0 days 00:00:37.558000,0 days 00:00:45.801000,0 days 00:00:24.673000,0 days 02:33:59.711000,0 days 02:34:45.512000,0 days 02:35:10.185000,206.0,204.0,315.0,331.0,False,SOFT,21.0,False,Mercedes,0 days 02:33:22.127000,,12,5.0,,,False,True
0 days 00:58:58.888000,ALO,14,0 days 00:02:05.384000,1.0,1.0,NaT,NaT,NaT,0 days 00:00:49.542000,0 days 00:00:25.947000,NaT,0 days 00:58:33.048000,0 days 00:58:59.036000,156.0,187.0,311.0,316.0,False,SOFT,1.0,True,Aston Martin,0 days 00:56:53.247000,,1,20.0,,,False,False
0 days 01:00:51.698000,ALO,14,0 days 00:01:52.810000,2.0,1.0,NaT,NaT,0 days 00:00:40.623000,0 days 00:00:46.290000,0 days 00:00:25.897000,0 days 00:59:39.562000,0 days 01:00:25.852000,0 days 01:00:51.749000,172.0,197.0,307.0,321.0,True,SOFT,2.0,True,Aston Martin,0 days 00:58:58.888000,,1,20.0,,,False,True
0 days 01:02:44.531000,ALO,14,0 days 00:01:52.833000,3.0,1.0,NaT,NaT,0 days 00:00:40.288000,0 days 00:00:46.204000,0 days 00:00:26.341000,0 days 01:01:32.037000,0 days 01:02:18.241000,0 days 01:02:44.582000,185.0,186.0,299.0,310.0,False,SOFT,3.0,True,Aston Martin,0 days 01:00:51.698000,,1,21.0,,,False,True
0 days 01:04:37.329000,ALO,14,0 days 00:01:52.798000,4.0,1.0,NaT,NaT,0 days 00:00:40.929000,0 days 00:00:45.843000,0 days 00:00:26.026000,0 days 01:03:25.511000,0 days 01:04:11.354000,0 days 01:04:37.380000,174.0,190.0,305.0,314.0,True,SOFT,4.0,True,Aston Martin,0 days 01:02:44.531000,,1,21.0,,,False,True
0 days 01:06:29.575000,ALO,14,0 days 00:01:52.246000,5.0,1.0,NaT,NaT,0 days 00:00:40.198000,0 days 00:00:45.940000,0 days 00:00:26.108000,0 days 01:05:17.578000,0 days 01:06:03.518000,0 days 01:06:29.626000,182.0,193.0,301.0,308.0,True,SOFT,5.0,True,Aston Martin,0 days 01:04:37.329000,,1,21.0,,,False,True
0 days 01:08:21.273000,ALO,14,0 days 00:01:51.698000,6.0,1.0,NaT,NaT,0 days 00:00:39.970000,0 days 00:00:45.626000,0 days 00:00:26.102000,0 days 01:07:09.596000,0 days 01:07:55.222000,0 days 01:08:21.324000,186.0,207.0,302.0,306.0,True,SOFT,6.0,True,Aston Martin,0 days 01:06:29.575000,,1,21.0,,,False,True
0 days 01:10:12.687000,ALO,14,0 days 00:01:51.414000,7.0,1.0,NaT,NaT,0 days 00:00:39.694000,0 days 00:00:45.722000,0 days 00:00:25.998000,0 days 01:09:01.018000,0 days 01:09:46.740000,0 days 01:10:12.738000,188.0,201.0,305.0,312.0,True,SOFT,7.0,True,Aston Martin,0 days 01:08:21.273000,,1,21.0,,,False,True
0 days 01:12:04.831000,ALO,14,0 days 00:01:52.144000,8.0,1.0,NaT,NaT,0 days 00:00:40.064000,0 days 00:00:45.983000,0 days 00:00:26.097000,0 days 01:10:52.802000,0 days 01:11:38.785000,0 days 01:12:04.882000,185.0,198.0,303.0,309.0,False,SOFT,8.0,True,Aston Martin,0 days 01:10:12.687000,,12,21.0,,,False,True
0 days 01:13:57.175000,ALO,14,0 days 00:01:52.344000,9.0,1.0,NaT,NaT,0 days 00:00:39.783000,0 days 00:00:46.223000,0 days 00:00:26.338000,0 days 01:12:44.665000,0 days 01:13:30.888000,0 days 01:13:57.226000,177.0,191.0,301.0,303.0,False,SOFT,9.0,True,Aston Martin,0 days 01:12:04.831000,,1,21.0,,,False,True
0 days 01:15:48.490000,ALO,14,0 days 00:01:51.315000,10.0,1.0,NaT,NaT,0 days 00:00:39.808000,0 days 00:00:45.504000,0 days 00:00:26.003000,0 days 01:14:37.034000,0 days 01:15:22.538000,0 days 01:15:48.541000,185.0,198.0,306.0,310.0,True,SOFT,10.0,True,Aston Martin,0 days 01:13:57.175000,,1,21.0,,,False,True
0 days 01:17:41.031000,ALO,14,0 days 00:01:52.541000,11.0,1.0,NaT,NaT,0 days 00:00:40.852000,0 days 00:00:45.889000,0 days 00:00:25.800000,0 days 01:16:29.393000,0 days 01:17:15.282000,0 days 01:17:41.082000,181.0,197.0,311.0,313.0,False,SOFT,11.0,True,Aston Martin,0 days 01:15:48.490000,,1,21.0,,,False,True
0 days 01:19:33.418000,ALO,14,0 days 00:01:52.387000,12.0,1.0,NaT,NaT,0 days 00:00:40.387000,0 days 00:00:46.041000,0 days 00:00:25.959000,0 days 01:18:21.469000,0 days 01:19:07.510000,0 days 01:19:33.469000,183.0,200.0,305.0,307.0,False,SOFT,12.0,True,Aston Martin,0 days 01:17:41.031000,,1,21.0,,,False,True
0 days 01:21:24.718000,ALO,14,0 days 00:01:51.300000,13.0,1.0,NaT,NaT,0 days 00:00:39.175000,0 days 00:00:45.634000,0 days 00:00:26.491000,0 days 01:20:12.644000,0 days 01:20:58.278000,0 days 01:21:24.769000,189.0,190.0,291.0,301.0,True,SOFT,13.0,True,Aston Martin,0 days 01:19:33.418000,,1,20.0,,,False,True
0 days 01:23:17.933000,ALO,14,0 days 00:01:53.215000,14.0,1.0,NaT,NaT,0 days 00:00:40.817000,0 days 00:00:46.111000,0 days 00:00:26.287000,0 days 01:22:05.586000,0 days 01:22:51.697000,0 days 01:23:17.984000,186.0,195.0,298.0,302.0,False,SOFT,14.0,True,Aston Martin,0 days 01:21:24.718000,,1,21.0,,,False,True
0 days 01:25:08.901000,ALO,14,0 days 00:01:50.968000,15.0,1.0,NaT,NaT,0 days 00:00:39.391000,0 days 00:00:45.363000,0 days 00:00:26.214000,0 days 01:23:57.375000,0 days 01:24:42.738000,0 days 01:25:08.952000,192.0,200.0,300.0,303.0,True,SOFT,15.0,True,Aston Martin,0 days 01:23:17.933000,,1,21.0,,,False,True
0 days 01:27:00.761000,ALO,14,0 days 00:01:51.860000,16.0,1.0,NaT,NaT,0 days 00:00:40.116000,0 days 00:00:45.639000,0 days 00:00:26.105000,0 days 01:25:49.068000,0 days 01:26:34.707000,0 days 01:27:00.812000,187.0,194.0,302.0,306.0,False,SOFT,16.0,True,Aston Martin,0 days 01:25:08.901000,,1,21.0,,,False,True
0 days 01:28:52.135000,ALO,14,0 days 00:01:51.374000,17.0,1.0,NaT,NaT,0 days 00:00:39.015000,0 days 00:00:45.985000,0 days 00:00:26.374000,0 days 01:27:39.827000,0 days 01:28:25.812000,0 days 01:28:52.186000,184.0,190.0,290.0,301.0,False,SOFT,17.0,True,Aston Martin,0 days 01:27:00.761000,,1,21.0,,,False,True
0 days 01:30:44.250000,ALO,14,0 days 00:01:52.115000,18.0,1.0,NaT,NaT,0 days 00:00:40.419000,0 days 00:00:45.676000,0 days 00:00:26.020000,0 days 01:29:32.605000,0 days 01:30:18.281000,0 days 01:30:44.301000,186.0,200.0,303.0,308.0,False,SOFT,18.0,True,Aston Martin,0 days 01:28:52.135000,,1,21.0,,,False,True
0 days 01:32:36.287000,ALO,14,0 days 00:01:52.037000,19.0,1.0,NaT,NaT,0 days 00:00:39.531000,0 days 00:00:45.723000,0 days 00:00:26.783000,0 days 01:31:23.832000,0 days 01:32:09.555000,0 days 01:32:36.338000,185.0,190.0,293.0,293.0,False,SOFT,19.0,True,Aston Martin,0 days 01:30:44.250000,,1,21.0,,,False,True
0 days 01:34:34.214000,ALO,14,0 days 00:01:57.927000,20.0,1.0,NaT,0 days 01:34:33.073000,0 days 00:00:39.747000,0 days 00:00:46.420000,0 days 00:00:31.760000,0 days 01:33:16.085000,0 days 01:34:02.505000,0 days 01:34:34.265000,184.0,185.0,,290.0,False,SOFT,20.0,True,Aston Martin,0 days 01:32:36.287000,,1,21.0,,,False,False
0 days 00:58:47.171000,LEC,16,0 days 00:01:53.667000,1.0,1.0,NaT,NaT,NaT,0 days 00:00:45.031000,0 days 00:00:25.243000,NaT,0 days 00:58:22.115000,0 days 00:58:47.390000,181.0,195.0,326.0,336.0,False,SOFT,1.0,True,Ferrari,0 days 00:56:53.247000,,1,3.0,,,False,False
0 days 01:00:37.554000,LEC,16,0 days 00:01:50.383000,2.0,1.0,NaT,NaT,0 days 00:00:39.909000,0 days 00:00:45.123000,0 days 00:00:25.351000,0 days 00:59:27.109000,0 days 01:00:12.232000,0 days 01:00:37.583000,183.0,208.0,321.0,330.0,True,SOFT,2.0,True,Ferrari,0 days 00:58:47.171000,,1,3.0,,,False,True
0 days 01:02:26.828000,LEC,16,0 days 00:01:49.274000,3.0,1.0,NaT,NaT,0 days 00:00:39.246000,0 days 00:00:44.631000,0 days 00:00:25.397000,0 days 01:01:16.829000,0 days 01:02:01.460000,0 days 01:02:26.857000,193.0,211.0,319.0,329.0,True,SOFT,3.0,True,Ferrari,0 days 01:00:37.554000,,1,3.0,,,False,True
0 days 01:04:17.415000,LEC,16,0 days 00:01:50.587000,4.0,1.0,NaT,NaT,0 days 00:00:40.234000,0 days 00:00:44.959000,0 days 00:00:25.394000,0 days 01:03:07.091000,0 days 01:03:52.050000,0 days 01:04:17.444000,185.0,204.0,321.0,329.0,False,SOFT,4.0,True,Ferrari,0 days 01:02:26.828000,,1,5.0,,,False,True
0 days 01:06:06.578000,LEC,16,0 days 00:01:49.163000,5.0,1.0,NaT,NaT,0 days 00:00:39.402000,0 days 00:00:44.562000,0 days 00:00:25.199000,0 days 01:04:56.846000,0 days 01:05:41.408000,0 days 01:06:06.607000,190.0,205.0,323.0,328.0,True,SOFT,5.0,True,Ferrari,0 days 01:04:17.415000,,1,5.0,,,False,True
0 days 01:07:55.187000,LEC,16,0 days 00:01:48.609000,6.0,1.0,NaT,NaT,0 days 00:00:38.859000,0 days 00:00:44.501000,0 days 00:00:25.249000,0 days 01:06:45.466000,0 days 01:07:29.967000,0 days 01:07:55.216000,194.0,209.0,319.0,330.0,True,SOFT,6.0,True,Ferrari,0 days 01:06:06.578000,,1,5.0,,,False,True
0 days 01:09:43.567000,LEC,16,0 days 00:01:48.380000,7.0,1.0,NaT,NaT,0 days 00:00:38.731000,0 days 00:00:44.302000,0 days 00:00:25.347000,0 days 01:08:33.947000,0 days 01:09:18.249000,0 days 01:09:43.596000,197.0,205.0,320.0,330.0,True,SOFT,7.0,True,Ferrari,0 days 01:07:55.187000,,1,5.0,,,False,True
0 days 01:11:32.187000,LEC,16,0 days 00:01:48.620000,8.0,1.0,NaT,NaT,0 days 00:00:38.709000,0 days 00:00:44.529000,0 days 00:00:25.382000,0 days 01:10:22.305000,0 days 01:11:06.834000,0 days 01:11:32.216000,199.0,210.0,319.0,330.0,False,SOFT,8.0,True,Ferrari,0 days 01:09:43.567000,,1,5.0,,,False,True
0 days 01:13:21.112000,LEC,16,0 days 00:01:48.925000,9.0,1.0,NaT,NaT,0 days 00:00:38.671000,0 days 00:00:44.814000,0 days 00:00:25.440000,0 days 01:12:10.887000,0 days 01:12:55.701000,0 days 01:13:21.141000,197.0,203.0,317.0,328.0,False,SOFT,9.0,True,Ferrari,0 days 01:11:32.187000,,12,5.0,,,False,True
0 days 01:15:09.523000,LEC,16,0 days 00:01:48.411000,10.0,1.0,NaT,NaT,0 days 00:00:38.751000,0 days 00:00:44.338000,0 days 00:00:25.322000,0 days 01:13:59.892000,0 days 01:14:44.230000,0 days 01:15:09.552000,198.0,205.0,316.0,327.0,False,SOFT,10.0,True,Ferrari,0 days 01:13:21.112000,,1,5.0,,,False,True
0 days 01:16:57.945000,LEC,16,0 days 00:01:48.422000,11.0,1.0,NaT,NaT,0 days 00:00:38.637000,0 days 00:00:44.362000,0 days 00:00:25.423000,0 days 01:15:48.189000,0 days 01:16:32.551000,0 days 01:16:57.974000,201.0,206.0,316.0,326.0,False,SOFT,11.0,True,Ferrari,0 days 01:15:09.523000,,1,5.0,,,False,True
0 days 01:18:46.052000,LEC,16,0 days 00:01:48.107000,12.0,1.0,NaT,NaT,0 days 00:00:38.689000,0 days 00:00:44.123000,0 days 00:00:25.295000,0 days 01:17:36.663000,0 days 01:18:20.786000,0 days 01:18:46.081000,198.0,208.0,317.0,329.0,True,SOFT,12.0,True,Ferrari,0 days 01:16:57.945000,,1,5.0,,,False,True
0 days 01:20:34.124000,LEC,16,0 days 00:01:48.072000,13.0,1.0,NaT,NaT,0 days 00:00:38.618000,0 days 00:00:44.193000,0 days 00:00:25.261000,0 days 01:19:24.699000,0 days 01:20:08.892000,0 days 01:20:34.153000,198.0,213.0,317.0,328.0,True,SOFT,13.0,True,Ferrari,0 days 01:18:46.052000,,1,5.0,,,False,True
0 days 01:22:22.232000,LEC,16,0 days 00:01:48.108000,14.0,1.0,NaT,NaT,0 days 00:00:38.516000,0 days 00:00:44.256000,0 days 00:00:25.336000,0 days 01:21:12.669000,0 days 01:21:56.925000,0 days 01:22:22.261000,200.0,208.0,316.0,328.0,False,SOFT,14.0,True,Ferrari,0 days 01:20:34.124000,,1,5.0,,,False,True
0 days 01:24:10.042000,LEC,16,0 days 00:01:47.810000,15.0,1.0,NaT,NaT,0 days 00:00:38.522000,0 days 00:00:44.106000,0 days 00:00:25.182000,0 days 01:23:00.783000,0 days 01:23:44.889000,0 days 01:24:10.071000,199.0,210.0,317.0,331.0,True,SOFT,15.0,True,Ferrari,0 days 01:22:22.232000,,1,5.0,,,False,True
0 days 01:25:58.259000,LEC,16,0 days 00:01:48.217000,16.0,1.0,NaT,NaT,0 days 00:00:38.861000,0 days 00:00:44.013000,0 days 00:00:25.343000,0 days 01:24:48.932000,0 days 01:25:32.945000,0 days 01:25:58.288000,198.0,210.0,317.0,328.0,False,SOFT,16.0,True,Ferrari,0 days 01:24:10.042000,,1,5.0,,,False,True
0 days 01:27:46.341000,LEC,16,0 days 00:01:48.082000,17.0,1.0,NaT,NaT,0 days 00:00:38.706000,0 days 00:00:44.048000,0 days 00:00:25.328000,0 days 01:26:36.994000,0 days 01:27:21.042000,0 days 01:27:46.370000,198.0,212.0,316.0,327.0,False,SOFT,17.0,True,Ferrari,0 days 01:25:58.259000,,1,5.0,,,False,True
0 days 01:29:34.394000,LEC,16,0 days 00:01:48.053000,18.0,1.0,NaT,NaT,0 days 00:00:38.559000,0 days 00:00:44.101000,0 days 00:00:25.393000,0 days 01:28:24.929000,0 days 01:29:09.030000,0 days 01:29:34.423000,199.0,212.0,315.0,327.0,False,SOFT,18.0,True,Ferrari,0 days 01:27:46.341000,,1,5.0,,,False,True
0 days 01:31:22.317000,LEC,16,0 days 00:01:47.923000,19.0,1.0,NaT,NaT,0 days 00:00:38.557000,0 days 00:00:44.061000,0 days 00:00:25.305000,0 days 01:30:12.980000,0 days 01:30:57.041000,0 days 01:31:22.346000,201.0,212.0,315.0,328.0,False,SOFT,19.0,True,Ferrari,0 days 01:29:34.394000,,1,5.0,,,False,True
0 days 01:33:10.441000,LEC,16,0 days 00:01:48.124000,20.0,1.0,NaT,NaT,0 days 00:00:38.781000,0 days 00:00:44.079000,0 days 00:00:25.264000,0 days 01:32:01.127000,0 days 01:32:45.206000,0 days 01:33:10.470000,198.0,214.0,315.0,330.0,False,SOFT,20.0,True,Ferrari,0 days 01:31:22.317000,,1,5.0,,,False,True
0 days 01:34:58.221000,LEC,16,0 days 00:01:47.780000,21.0,1.0,NaT,NaT,0 days 00:00:38.460000,0 days 00:00:44.118000,0 days 00:00:25.202000,0 days 01:33:48.930000,0 days 01:34:33.048000,0 days 01:34:58.250000,200.0,211.0,316.0,329.0,True,SOFT,21.0,True,Ferrari,0 days 01:33:10.441000,,1,5.0,,,False,True
0 days 01:36:46.040000,LEC,16,0 days 00:01:47.819000,22.0,1.0,NaT,NaT,0 days 00:00:38.519000,0 days 00:00:43.988000,0 days 00:00:25.312000,0 days 01:35:36.769000,0 days 01:36:20.757000,0 days 01:36:46.069000,205.0,208.0,314.0,328.0,False,SOFT,22.0,True,Ferrari,0 days 01:34:58.221000,,1,5.0,,,False,True
0 days 01:38:33.609000,LEC,16,0 days 00:01:47.569000,23.0,1.0,NaT,NaT,0 days 00:00:38.435000,0 days 00:00:43.829000,0 days 00:00:25.305000,0 days 01:37:24.504000,0 days 01:38:08.333000,0 days 01:38:33.638000,202.0,213.0,317.0,330.0,True,SOFT,23.0,True,Ferrari,0 days 01:36:46.040000,,1,5.0,,,False,True
0 days 01:40:21.282000,LEC,16,0 days 00:01:47.673000,24.0,1.0,NaT,NaT,0 days 00:00:38.441000,0 days 00:00:43.869000,0 days 00:00:25.363000,0 days 01:39:12.079000,0 days 01:39:55.948000,0 days 01:40:21.311000,204.0,211.0,315.0,329.0,False,SOFT,24.0,True,Ferrari,0 days 01:38:33.609000,,1,5.0,,,False,True
0 days 01:42:08.981000,LEC,16,0 days 00:01:47.699000,25.0,1.0,NaT,NaT,0 days 00:00:38.414000,0 days 00:00:44.003000,0 days 00:00:25.282000,0 days 01:40:59.725000,0 days 01:41:43.728000,0 days 01:42:09.010000,206.0,206.0,315.0,330.0,False,SOFT,25.0,True,Ferrari,0 days 01:40:21.282000,,1,5.0,,,False,True
0 days 01:43:56.710000,LEC,16,0 days 00:01:47.729000,26.0,1.0,NaT,NaT,0 days 00:00:38.498000,0 days 00:00:43.943000,0 days 00:00:25.288000,0 days 01:42:47.508000,0 days 01:43:31.451000,0 days 01:43:56.739000,201.0,212.0,316.0,330.0,False,SOFT,26.0,True,Ferrari,0 days 01:42:08.981000,,1,5.0,,,False,True
0 days 01:45:44.431000,LEC,16,0 days 00:01:47.721000,27.0,1.0,NaT,NaT,0 days 00:00:38.504000,0 days 00:00:44.071000,0 days 00:00:25.146000,0 days 01:44:35.243000,0 days 01:45:19.314000,0 days 01:45:44.460000,204.0,206.0,318.0,333.0,False,SOFT,27.0,True,Ferrari,0 days 01:43:56.710000,,1,5.0,,,False,True
0 days 01:47:32.179000,LEC,16,0 days 00:01:47.748000,28.0,1.0,NaT,NaT,0 days 00:00:38.453000,0 days 00:00:43.966000,0 days 00:00:25.329000,0 days 01:46:22.913000,0 days 01:47:06.879000,0 days 01:47:32.208000,204.0,211.0,315.0,329.0,False,SOFT,28.0,True,Ferrari,0 days 01:45:44.431000,,1,5.0,,,False,True
0 days 01:49:19.387000,LEC,16,0 days 00:01:47.208000,29.0,1.0,NaT,NaT,0 days 00:00:38.276000,0 days 00:00:43.686000,0 days 00:00:25.246000,0 days 01:48:10.484000,0 days 01:48:54.170000,0 days 01:49:19.416000,203.0,209.0,316.0,329.0,True,SOFT,29.0,True,Ferrari,0 days 01:47:32.179000,,1,5.0,,,False,True
0 days 01:51:06.803000,LEC,16,0 days 00:01:47.416000,30.0,1.0,NaT,NaT,0 days 00:00:38.252000,0 days 00:00:43.809000,0 days 00:00:25.355000,0 days 01:49:57.668000,0 days 01:50:41.477000,0 days 01:51:06.832000,206.0,208.0,316.0,330.0,False,SOFT,30.0,True,Ferrari,0 days 01:49:19.387000,,12,5.0,,,False,True
0 days 01:53:41.821000,LEC,16,NaT,31.0,1.0,NaT,0 days 01:53:40.429000,0 days 00:00:54.019000,0 days 00:00:59.314000,0 days 00:00:41.607000,0 days 01:52:00.969000,0 days 01:53:00.248000,0 days 01:53:41.850000,124.0,135.0,,194.0,False,SOFT,31.0,True,Ferrari,0 days 01:51:06.803000,,24,5.0,,,False,False
0 days 01:56:28.852000,LEC,16,NaT,32.0,2.0,0 days 01:54:02.517000,NaT,0 days 00:01:08.772000,0 days 00:00:59.982000,0 days 00:00:38.311000,0 days 01:54:50.669000,0 days 01:55:50.570000,0 days 01:56:29.003000,114.0,175.0,252.0,198.0,False,MEDIUM,1.0,True,Ferrari,0 days 01:53:41.821000,,4,5.0,,,False,False
0 days 01:59:09.049000,LEC,16,NaT,33.0,2.0,NaT,NaT,0 days 00:00:55.177000,0 days 00:01:08.576000,0 days 00:00:36.391000,0 days 01:57:24.111000,0 days 01:58:32.721000,0 days 01:59:09.174000,81.0,163.0,204.0,206.0,False,MEDIUM,2.0,True,Ferrari,0 days 01:56:28.852000,,4,5.0,,,False,False
0 days 02:01:54.993000,LEC,16,NaT,34.0,2.0,NaT,NaT,0 days 00:01:05.111000,0 days 00:01:03.424000,0 days 00:00:37.368000,0 days 02:00:14.240000,0 days 02:01:17.654000,0 days 02:01:55.054000,98.0,170.0,243.0,215.0,False,MEDIUM,3.0,True,Ferrari,0 days 01:59:09.049000,,4,5.0,,,False,False
0 days 02:04:29.303000,LEC,16,NaT,35.0,2.0,NaT,NaT,0 days 00:00:52.728000,0 days 00:01:02.796000,0 days 00:00:38.937000,0 days 02:02:47.850000,0 days 02:03:50.564000,0 days 02:04:29.615000,166.0,145.0,292.0,205.0,False,MEDIUM,4.0,True,Ferrari,0 days 02:01:54.993000,,41,5.0,,,False,False
0 days 02:06:47.999000,LEC,16,0 days 00:02:18.696000,36.0,2.0,NaT,0 days 02:06:46.653000,0 days 00:00:40.376000,0 days 00:00:54.147000,0 days 00:00:44.173000,0 days 02:05:09.708000,0 days 02:06:03.855000,0 days 02:06:48.028000,185.0,124.0,,253.0,False,MEDIUM,5.0,True,Ferrari,0 days 02:04:29.303000,,124,5.0,,,False,False
0 days 02:09:28.308000,LEC,16,NaT,37.0,3.0,0 days 02:07:02.187000,NaT,0 days 00:01:00.250000,0 days 00:01:00.979000,0 days 00:00:38.956000,0 days 02:07:48.458000,0 days 02:08:49.381000,0 days 02:09:28.395000,127.0,182.0,271.0,182.0,False,MEDIUM,6.0,False,Ferrari,0 days 02:06:47.999000,,4,5.0,,,False,False
0 days 02:12:04.660000,LEC,16,NaT,38.0,3.0,NaT,NaT,0 days 00:00:56.678000,0 days 00:01:03.886000,0 days 00:00:35.895000,0 days 02:10:25.018000,0 days 02:11:28.851000,0 days 02:12:04.804000,139.0,140.0,341.0,213.0,False,MEDIUM,7.0,False,Ferrari,0 days 02:09:28.308000,,41,5.0,,,False,False
0 days 02:13:53.263000,LEC,16,0 days 00:01:48.603000,39.0,3.0,NaT,NaT,0 days 00:00:39.688000,0 days 00:00:44.162000,0 days 00:00:24.753000,0 days 02:12:44.377000,0 days 02:13:28.539000,0 days 02:13:53.292000,185.0,206.0,335.0,339.0,False,MEDIUM,8.0,False,Ferrari,0 days 02:12:04.660000,,1,5.0,,,False,True
0 days 02:15:40.306000,LEC,16,0 days 00:01:47.043000,40.0,3.0,NaT,NaT,0 days 00:00:38.708000,0 days 00:00:43.457000,0 days 00:00:24.878000,0 days 02:14:32,0 days 02:15:15.457000,0 days 02:15:40.335000,201.0,210.0,322.0,332.0,True,MEDIUM,9.0,False,Ferrari,0 days 02:13:53.263000,,12,4.0,,,False,True
0 days 02:17:26.658000,LEC,16,0 days 00:01:46.352000,41.0,3.0,NaT,NaT,0 days 00:00:37.979000,0 days 00:00:43.503000,0 days 00:00:24.870000,0 days 02:16:18.314000,0 days 02:17:01.817000,0 days 02:17:26.687000,202.0,213.0,321.0,330.0,True,MEDIUM,10.0,False,Ferrari,0 days 02:15:40.306000,,1,4.0,,,False,True
0 days 02:19:12.679000,LEC,16,0 days 00:01:46.021000,42.0,3.0,NaT,NaT,0 days 00:00:38.044000,0 days 00:00:43.223000,0 days 00:00:24.754000,0 days 02:18:04.731000,0 days 02:18:47.954000,0 days 02:19:12.708000,204.0,212.0,324.0,333.0,True,MEDIUM,11.0,False,Ferrari,0 days 02:17:26.658000,,1,4.0,,,False,True
0 days 02:20:58.881000,LEC,16,0 days 00:01:46.202000,43.0,3.0,NaT,NaT,0 days 00:00:37.893000,0 days 00:00:43.447000,0 days 00:00:24.862000,0 days 02:19:50.601000,0 days 02:20:34.048000,0 days 02:20:58.910000,201.0,215.0,322.0,331.0,False,MEDIUM,12.0,False,Ferrari,0 days 02:19:12.679000,,1,4.0,,,False,True
0 days 02:22:44.665000,LEC,16,0 days 00:01:45.784000,44.0,3.0,NaT,NaT,0 days 00:00:37.787000,0 days 00:00:43.185000,0 days 00:00:24.812000,0 days 02:21:36.697000,0 days 02:22:19.882000,0 days 02:22:44.694000,205.0,213.0,322.0,329.0,True,MEDIUM,13.0,False,Ferrari,0 days 02:20:58.881000,,1,4.0,,,False,True
0 days 02:24:30.597000,LEC,16,0 days 00:01:45.932000,45.0,3.0,NaT,NaT,0 days 00:00:37.821000,0 days 00:00:43.263000,0 days 00:00:24.848000,0 days 02:23:22.515000,0 days 02:24:05.778000,0 days 02:24:30.626000,204.0,209.0,319.0,331.0,False,MEDIUM,14.0,False,Ferrari,0 days 02:22:44.665000,,1,4.0,,,False,True
0 days 02:26:16.634000,LEC,16,0 days 00:01:46.037000,46.0,3.0,NaT,NaT,0 days 00:00:37.848000,0 days 00:00:43.255000,0 days 00:00:24.934000,0 days 02:25:08.474000,0 days 02:25:51.729000,0 days 02:26:16.663000,204.0,213.0,319.0,330.0,False,MEDIUM,15.0,False,Ferrari,0 days 02:24:30.597000,,1,4.0,,,False,True
0 days 02:28:02.606000,LEC,16,0 days 00:01:45.972000,47.0,3.0,NaT,NaT,0 days 00:00:37.804000,0 days 00:00:43.270000,0 days 00:00:24.898000,0 days 02:26:54.467000,0 days 02:27:37.737000,0 days 02:28:02.635000,203.0,212.0,318.0,329.0,False,MEDIUM,16.0,False,Ferrari,0 days 02:26:16.634000,,1,4.0,,,False,True
0 days 02:29:48.681000,LEC,16,0 days 00:01:46.075000,48.0,3.0,NaT,NaT,0 days 00:00:37.901000,0 days 00:00:43.201000,0 days 00:00:24.973000,0 days 02:28:40.536000,0 days 02:29:23.737000,0 days 02:29:48.710000,207.0,210.0,318.0,329.0,False,MEDIUM,17.0,False,Ferrari,0 days 02:28:02.606000,,1,4.0,,,False,True
0 days 02:31:34.804000,LEC,16,0 days 00:01:46.123000,49.0,3.0,NaT,NaT,0 days 00:00:37.851000,0 days 00:00:43.360000,0 days 00:00:24.912000,0 days 02:30:26.561000,0 days 02:31:09.921000,0 days 02:31:34.833000,202.0,213.0,315.0,330.0,False,MEDIUM,18.0,False,Ferrari,0 days 02:29:48.681000,,1,4.0,,,False,True
0 days 02:33:21.088000,LEC,16,0 days 00:01:46.284000,50.0,3.0,NaT,NaT,0 days 00:00:38.036000,0 days 00:00:43.289000,0 days 00:00:24.959000,0 days 02:32:12.869000,0 days 02:32:56.158000,0 days 02:33:21.117000,206.0,210.0,314.0,325.0,False,MEDIUM,19.0,False,Ferrari,0 days 02:31:34.804000,,12,4.0,,,False,True
0 days 02:35:09.787000,LEC,16,0 days 00:01:48.699000,51.0,3.0,NaT,NaT,0 days 00:00:37.930000,0 days 00:00:45.487000,0 days 00:00:25.282000,0 days 02:33:59.047000,0 days 02:34:44.534000,0 days 02:35:09.816000,205.0,206.0,281.0,323.0,False,MEDIUM,20.0,False,Ferrari,0 days 02:33:21.088000,,12,4.0,,,False,True
0 days 00:59:01.391000,STR,18,0 days 00:02:07.887000,1.0,1.0,NaT,NaT,NaT,0 days 00:00:51.109000,0 days 00:00:26.149000,NaT,0 days 00:58:35.313000,0 days 00:59:01.557000,160.0,188.0,308.0,314.0,False,SOFT,1.0,True,Aston Martin,0 days 00:56:53.247000,,1,22.0,,,False,False
0 days 01:00:53.544000,STR,18,0 days 00:01:52.153000,2.0,1.0,NaT,NaT,0 days 00:00:40.512000,0 days 00:00:45.788000,0 days 00:00:25.853000,0 days 00:59:41.959000,0 days 01:00:27.747000,0 days 01:00:53.600000,179.0,201.0,308.0,321.0,True,SOFT,2.0,True,Aston Martin,0 days 00:59:01.391000,,1,22.0,,,False,True
0 days 01:02:45.626000,STR,18,0 days 00:01:52.082000,3.0,1.0,NaT,NaT,0 days 00:00:40.333000,0 days 00:00:45.942000,0 days 00:00:25.807000,0 days 01:01:33.933000,0 days 01:02:19.875000,0 days 01:02:45.682000,182.0,201.0,308.0,318.0,True,SOFT,3.0,True,Aston Martin,0 days 01:00:53.544000,,1,22.0,,,False,True
0 days 01:04:37.984000,STR,18,0 days 00:01:52.358000,4.0,1.0,NaT,NaT,0 days 00:00:40.603000,0 days 00:00:46.030000,0 days 00:00:25.725000,0 days 01:03:26.285000,0 days 01:04:12.315000,0 days 01:04:38.040000,180.0,194.0,311.0,321.0,False,SOFT,4.0,True,Aston Martin,0 days 01:02:45.626000,,1,22.0,,,False,True
0 days 01:06:30.336000,STR,18,0 days 00:01:52.352000,5.0,1.0,NaT,NaT,0 days 00:00:40.187000,0 days 00:00:46.243000,0 days 00:00:25.922000,0 days 01:05:18.227000,0 days 01:06:04.470000,0 days 01:06:30.392000,184.0,192.0,310.0,318.0,False,SOFT,5.0,True,Aston Martin,0 days 01:04:37.984000,,1,22.0,,,False,True
0 days 01:08:22.210000,STR,18,0 days 00:01:51.874000,6.0,1.0,NaT,NaT,0 days 00:00:40.228000,0 days 00:00:45.909000,0 days 00:00:25.737000,0 days 01:07:10.620000,0 days 01:07:56.529000,0 days 01:08:22.266000,183.0,200.0,309.0,320.0,True,SOFT,6.0,True,Aston Martin,0 days 01:06:30.336000,,1,22.0,,,False,True
0 days 01:10:13.933000,STR,18,0 days 00:01:51.723000,7.0,1.0,NaT,NaT,0 days 00:00:39.886000,0 days 00:00:45.937000,0 days 00:00:25.900000,0 days 01:09:02.152000,0 days 01:09:48.089000,0 days 01:10:13.989000,190.0,197.0,305.0,317.0,True,SOFT,7.0,True,Aston Martin,0 days 01:08:22.210000,,1,22.0,,,False,True
0 days 01:12:43.933000,STR,18,NaT,8.0,1.0,NaT,NaT,NaT,NaT,NaT,NaT,NaT,NaT,,,,,,SOFT,8.0,True,Aston Martin,0 days 01:10:13.933000,,12,,,,True,False
0 days 00:58:52.974000,ALB,23,0 days 00:01:59.470000,1.0,1.0,NaT,NaT,NaT,0 days 00:00:46.756000,0 days 00:00:25.119000,NaT,0 days 00:58:27.941000,0 days 00:58:53.127000,166.0,188.0,326.0,342.0,False,SOFT,1.0,True,Williams,0 days 00:56:53.247000,,1,11.0,,,False,False
0 days 01:00:44.775000,ALB,23,0 days 00:01:51.801000,2.0,1.0,NaT,NaT,0 days 00:00:41.062000,0 days 00:00:45.450000,0 days 00:00:25.289000,0 days 00:59:34.046000,0 days 01:00:19.496000,0 days 01:00:44.785000,171.0,195.0,336.0,336.0,True,SOFT,2.0,True,Williams,0 days 00:58:52.974000,,1,12.0,,,False,True
0 days 01:02:35.163000,ALB,23,0 days 00:01:50.388000,3.0,1.0,NaT,NaT,0 days 00:00:39.788000,0 days 00:00:45.391000,0 days 00:00:25.209000,0 days 01:01:24.573000,0 days 01:02:09.964000,0 days 01:02:35.173000,179.0,190.0,331.0,334.0,True,SOFT,3.0,True,Williams,0 days 01:00:44.775000,,1,12.0,,,False,True
0 days 01:04:25.225000,ALB,23,0 days 00:01:50.062000,4.0,1.0,NaT,NaT,0 days 00:00:39.449000,0 days 00:00:45.308000,0 days 00:00:25.305000,0 days 01:03:14.622000,0 days 01:03:59.930000,0 days 01:04:25.235000,187.0,194.0,328.0,334.0,True,SOFT,4.0,True,Williams,0 days 01:02:35.163000,,1,12.0,,,False,True
0 days 01:06:14.776000,ALB,23,0 days 00:01:49.551000,5.0,1.0,NaT,NaT,0 days 00:00:39.285000,0 days 00:00:44.947000,0 days 00:00:25.319000,0 days 01:05:04.520000,0 days 01:05:49.467000,0 days 01:06:14.786000,188.0,201.0,327.0,333.0,True,SOFT,5.0,True,Williams,0 days 01:04:25.225000,,1,12.0,,,False,True
0 days 01:08:04.608000,ALB,23,0 days 00:01:49.832000,6.0,1.0,NaT,NaT,0 days 00:00:39.458000,0 days 00:00:45.361000,0 days 00:00:25.013000,0 days 01:06:54.244000,0 days 01:07:39.605000,0 days 01:08:04.618000,184.0,193.0,331.0,335.0,False,SOFT,6.0,True,Williams,0 days 01:06:14.776000,,1,12.0,,,False,True
0 days 01:09:54.308000,ALB,23,0 days 00:01:49.700000,7.0,1.0,NaT,NaT,0 days 00:00:39.469000,0 days 00:00:45.089000,0 days 00:00:25.142000,0 days 01:08:44.087000,0 days 01:09:29.176000,0 days 01:09:54.318000,193.0,193.0,335.0,343.0,False,SOFT,7.0,True,Williams,0 days 01:08:04.608000,,1,12.0,,,False,True
0 days 01:11:43.827000,ALB,23,0 days 00:01:49.519000,8.0,1.0,NaT,NaT,0 days 00:00:39.443000,0 days 00:00:45.135000,0 days 00:00:24.941000,0 days 01:10:33.761000,0 days 01:11:18.896000,0 days 01:11:43.837000,190.0,188.0,336.0,340.0,True,SOFT,8.0,True,Williams,0 days 01:09:54.308000,,12,12.0,,,False,True
0 days 01:13:33.494000,ALB,23,0 days 00:01:49.667000,9.0,1.0,NaT,NaT,0 days 00:00:39.530000,0 days 00:00:45.020000,0 days 00:00:25.117000,0 days 01:12:23.367000,0 days 01:13:08.387000,0 days 01:13:33.504000,195.0,191.0,331.0,340.0,False,SOFT,9.0,True,Williams,0 days 01:11:43.827000,,21,12.0,,,False,True
0 days 01:15:22.743000,ALB,23,0 days 00:01:49.249000,10.0,1.0,NaT,NaT,0 days 00:00:39.354000,0 days 00:00:44.934000,0 days 00:00:24.961000,0 days 01:14:12.858000,0 days 01:14:57.792000,0 days 01:15:22.753000,191.0,198.0,334.0,337.0,True,SOFT,10.0,True,Williams,0 days 01:13:33.494000,,1,12.0,,,False,True
0 days 01:17:13.075000,ALB,23,0 days 00:01:50.332000,11.0,1.0,NaT,NaT,0 days 00:00:40.252000,0 days 00:00:45.114000,0 days 00:00:24.966000,0 days 01:16:03.005000,0 days 01:16:48.119000,0 days 01:17:13.085000,186.0,191.0,333.0,337.0,False,SOFT,11.0,True,Williams,0 days 01:15:22.743000,,1,12.0,,,False,True
0 days 01:19:03.516000,ALB,23,0 days 00:01:50.441000,12.0,1.0,NaT,NaT,0 days 00:00:40.311000,0 days 00:00:45.148000,0 days 00:00:24.982000,0 days 01:17:53.396000,0 days 01:18:38.544000,0 days 01:19:03.526000,178.0,188.0,330.0,336.0,False,SOFT,12.0,True,Williams,0 days 01:17:13.075000,,1,13.0,,,False,True
0 days 01:20:53.101000,ALB,23,0 days 00:01:49.585000,13.0,1.0,NaT,NaT,0 days 00:00:39.635000,0 days 00:00:44.984000,0 days 00:00:24.966000,0 days 01:19:43.161000,0 days 01:20:28.145000,0 days 01:20:53.111000,181.0,198.0,334.0,335.0,False,SOFT,13.0,True,Williams,0 days 01:19:03.516000,,1,13.0,,,False,True
0 days 01:22:42.307000,ALB,23,0 days 00:01:49.206000,14.0,1.0,NaT,NaT,0 days 00:00:39.501000,0 days 00:00:44.770000,0 days 00:00:24.935000,0 days 01:21:32.612000,0 days 01:22:17.382000,0 days 01:22:42.317000,194.0,196.0,329.0,335.0,True,SOFT,14.0,True,Williams,0 days 01:20:53.101000,,1,13.0,,,False,True
0 days 01:24:31.330000,ALB,23,0 days 00:01:49.023000,15.0,1.0,NaT,NaT,0 days 00:00:39.400000,0 days 00:00:44.583000,0 days 00:00:25.040000,0 days 01:23:21.717000,0 days 01:24:06.300000,0 days 01:24:31.340000,193.0,196.0,325.0,335.0,True,SOFT,15.0,True,Williams,0 days 01:22:42.307000,,1,13.0,,,False,True
0 days 01:26:20.811000,ALB,23,0 days 00:01:49.481000,16.0,1.0,NaT,NaT,0 days 00:00:39.270000,0 days 00:00:44.922000,0 days 00:00:25.289000,0 days 01:25:10.610000,0 days 01:25:55.532000,0 days 01:26:20.821000,195.0,193.0,324.0,332.0,False,SOFT,16.0,True,Williams,0 days 01:24:31.330000,,1,13.0,,,False,True
0 days 01:28:09.526000,ALB,23,0 days 00:01:48.715000,17.0,1.0,NaT,NaT,0 days 00:00:39.048000,0 days 00:00:44.503000,0 days 00:00:25.164000,0 days 01:26:59.869000,0 days 01:27:44.372000,0 days 01:28:09.536000,192.0,200.0,324.0,328.0,True,SOFT,17.0,True,Williams,0 days 01:26:20.811000,,1,13.0,,,False,True
0 days 01:29:58.733000,ALB,23,0 days 00:01:49.207000,18.0,1.0,NaT,NaT,0 days 00:00:39.066000,0 days 00:00:44.829000,0 days 00:00:25.312000,0 days 01:28:48.602000,0 days 01:29:33.431000,0 days 01:29:58.743000,188.0,196.0,322.0,325.0,False,SOFT,18.0,True,Williams,0 days 01:28:09.526000,,1,13.0,,,False,True
0 days 01:31:47.726000,ALB,23,0 days 00:01:48.993000,19.0,1.0,NaT,NaT,0 days 00:00:38.981000,0 days 00:00:44.738000,0 days 00:00:25.274000,0 days 01:30:37.724000,0 days 01:31:22.462000,0 days 01:31:47.736000,191.0,206.0,321.0,329.0,False,SOFT,19.0,True,Williams,0 days 01:29:58.733000,,1,13.0,,,False,True
0 days 01:33:36.589000,ALB,23,0 days 00:01:48.863000,20.0,1.0,NaT,NaT,0 days 00:00:38.968000,0 days 00:00:44.725000,0 days 00:00:25.170000,0 days 01:32:26.704000,0 days 01:33:11.429000,0 days 01:33:36.599000,194.0,204.0,322.0,329.0,False,SOFT,20.0,True,Williams,0 days 01:31:47.726000,,1,13.0,,,False,True
0 days 01:35:25.390000,ALB,23,0 days 00:01:48.801000,21.0,1.0,NaT,NaT,0 days 00:00:38.878000,0 days 00:00:44.748000,0 days 00:00:25.175000,0 days 01:34:15.477000,0 days 01:35:00.225000,0 days 01:35:25.400000,191.0,201.0,323.0,328.0,False,SOFT,21.0,True,Williams,0 days 01:33:36.589000,,1,13.0,,,False,True
0 days 01:37:14.481000,ALB,23,0 days 00:01:49.091000,22.0,1.0,NaT,NaT,0 days 00:00:39.043000,0 days 00:00:44.768000,0 days 00:00:25.280000,0 days 01:36:04.443000,0 days 01:36:49.211000,0 days 01:37:14.491000,194.0,202.0,321.0,325.0,False,SOFT,22.0,True,Williams,0 days 01:35:25.390000,,1,13.0,,,False,True
0 days 01:39:03.386000,ALB,23,0 days 00:01:48.905000,23.0,1.0,NaT,NaT,0 days 00:00:38.876000,0 days 00:00:44.747000,0 days 00:00:25.282000,0 days 01:37:53.367000,0 days 01:38:38.114000,0 days 01:39:03.396000,192.0,198.0,324.0,326.0,False,SOFT,23.0,True,Williams,0 days 01:37:14.481000,,1,13.0,,,False,True
0 days 01:40:52.705000,ALB,23,0 days 00:01:49.319000,24.0,1.0,NaT,NaT,0 days 00:00:39.193000,0 days 00:00:44.712000,0 days 00:00:25.414000,0 days 01:39:42.589000,0 days 01:40:27.301000,0 days 01:40:52.715000,191.0,201.0,321.0,326.0,False,SOFT,24.0,True,Williams,0 days 01:39:03.386000,,1,13.0,,,False,True
0 days 01:42:41.439000,ALB,23,0 days 00:01:48.734000,25.0,1.0,NaT,NaT,0 days 00:00:38.926000,0 days 00:00:44.666000,0 days 00:00:25.142000,0 days 01:41:31.641000,0 days 01:42:16.307000,0 days 01:42:41.449000,191.0,204.0,326.0,329.0,False,SOFT,25.0,True,Williams,0 days 01:40:52.705000,,1,13.0,,,False,True
0 days 01:44:30.072000,ALB,23,0 days 00:01:48.633000,26.0,1.0,NaT,NaT,0 days 00:00:38.873000,0 days 00:00:44.517000,0 days 00:00:25.243000,0 days 01:43:20.322000,0 days 01:44:04.839000,0 days 01:44:30.082000,196.0,200.0,323.0,330.0,True,SOFT,26.0,True,Williams,0 days 01:42:41.439000,,1,13.0,,,False,True
0 days 01:46:18.634000,ALB,23,0 days 00:01:48.562000,27.0,1.0,NaT,NaT,0 days 00:00:38.891000,0 days 00:00:44.510000,0 days 00:00:25.161000,0 days 01:45:08.973000,0 days 01:45:53.483000,0 days 01:46:18.644000,198.0,203.0,325.0,328.0,True,SOFT,27.0,True,Williams,0 days 01:44:30.072000,,1,13.0,,,False,True
0 days 01:48:08.940000,ALB,23,0 days 00:01:50.306000,28.0,1.0,NaT,NaT,0 days 00:00:40.370000,0 days 00:00:44.579000,0 days 00:00:25.357000,0 days 01:46:59.014000,0 days 01:47:43.593000,0 days 01:48:08.950000,182.0,206.0,316.0,328.0,False,SOFT,28.0,True,Williams,0 days 01:46:18.634000,,1,13.0,,,False,True
0 days 01:49:57.383000,ALB,23,0 days 00:01:48.443000,29.0,1.0,NaT,NaT,0 days 00:00:39.003000,0 days 00:00:44.292000,0 days 00:00:25.148000,0 days 01:48:47.953000,0 days 01:49:32.245000,0 days 01:49:57.393000,198.0,208.0,319.0,331.0,True,SOFT,29.0,True,Williams,0 days 01:48:08.940000,,12,13.0,,,False,True
0 days 01:52:27.383000,ALB,23,NaT,30.0,1.0,NaT,NaT,NaT,NaT,NaT,NaT,NaT,NaT,,,,,,SOFT,30.0,True,Williams,0 days 01:49:57.383000,,124,,,,True,False
0 days 00:58:56.283000,HUL,27,0 days 00:02:02.779000,1.0,1.0,NaT,NaT,NaT,0 days 00:00:48.117000,0 days 00:00:25.947000,NaT,0 days 00:58:30.475000,0 days 00:58:56.745000,163.0,190.0,314.0,329.0,False,MEDIUM,1.0,True,Audi,0 days 00:56:53.247000,,1,16.0,,,False,False
0 days 01:00:47.764000,HUL,27,0 days 00:01:51.481000,2.0,1.0,NaT,NaT,0 days 00:00:40.105000,0 days 00:00:45.582000,0 days 00:00:25.794000,0 days 00:59:36.418000,0 days 01:00:22,0 days 01:00:47.794000,180.0,193.0,311.0,320.0,True,MEDIUM,2.0,True,Audi,0 days 00:58:56.283000,,1,16.0,,,False,True
0 days 01:02:39.175000,HUL,27,0 days 00:01:51.411000,3.0,1.0,NaT,NaT,0 days 00:00:40.218000,0 days 00:00:45.466000,0 days 00:00:25.727000,0 days 01:01:28.012000,0 days 01:02:13.478000,0 days 01:02:39.205000,190.0,178.0,327.0,325.0,True,MEDIUM,3.0,True,Audi,0 days 01:00:47.764000,,1,17.0,,,False,True
0 days 01:04:29.873000,HUL,27,0 days 00:01:50.698000,4.0,1.0,NaT,NaT,0 days 00:00:39.637000,0 days 00:00:45.522000,0 days 00:00:25.539000,0 days 01:03:18.842000,0 days 01:04:04.364000,0 days 01:04:29.903000,188.0,196.0,322.0,330.0,True,MEDIUM,4.0,True,Audi,0 days 01:02:39.175000,,1,17.0,,,False,True
0 days 01:06:20.278000,HUL,27,0 days 00:01:50.405000,5.0,1.0,NaT,NaT,0 days 00:00:39.532000,0 days 00:00:45.613000,0 days 00:00:25.260000,0 days 01:05:09.435000,0 days 01:05:55.048000,0 days 01:06:20.308000,187.0,199.0,327.0,331.0,True,MEDIUM,5.0,True,Audi,0 days 01:04:29.873000,,1,17.0,,,False,True
0 days 01:08:10.085000,HUL,27,0 days 00:01:49.807000,6.0,1.0,NaT,NaT,0 days 00:00:39.544000,0 days 00:00:45.384000,0 days 00:00:24.879000,0 days 01:06:59.852000,0 days 01:07:45.236000,0 days 01:08:10.115000,190.0,199.0,330.0,343.0,True,MEDIUM,6.0,True,Audi,0 days 01:06:20.278000,,1,17.0,,,False,True
0 days 01:10:00.793000,HUL,27,0 days 00:01:50.708000,7.0,1.0,NaT,NaT,0 days 00:00:40.268000,0 days 00:00:45.310000,0 days 00:00:25.130000,0 days 01:08:50.383000,0 days 01:09:35.693000,0 days 01:10:00.823000,195.0,204.0,325.0,333.0,False,MEDIUM,7.0,True,Audi,0 days 01:08:10.085000,,1,17.0,,,False,True
0 days 01:11:50.443000,HUL,27,0 days 00:01:49.650000,8.0,1.0,NaT,NaT,0 days 00:00:39.490000,0 days 00:00:45.179000,0 days 00:00:24.981000,0 days 01:10:40.313000,0 days 01:11:25.492000,0 days 01:11:50.473000,191.0,196.0,339.0,336.0,True,MEDIUM,8.0,True,Audi,0 days 01:10:00.793000,,12,17.0,,,False,True
0 days 01:13:39.764000,HUL,27,0 days 00:01:49.321000,9.0,1.0,NaT,NaT,0 days 00:00:39.010000,0 days 00:00:44.771000,0 days 00:00:25.540000,0 days 01:12:29.483000,0 days 01:13:14.254000,0 days 01:13:39.794000,196.0,209.0,313.0,328.0,True,MEDIUM,9.0,True,Audi,0 days 01:11:50.443000,,1,16.0,,,False,True
0 days 01:15:30.063000,HUL,27,0 days 00:01:50.299000,10.0,1.0,NaT,NaT,0 days 00:00:39.309000,0 days 00:00:45.289000,0 days 00:00:25.701000,0 days 01:14:19.103000,0 days 01:15:04.392000,0 days 01:15:30.093000,193.0,195.0,309.0,323.0,False,MEDIUM,10.0,True,Audi,0 days 01:13:39.764000,,1,16.0,,,False,True
0 days 01:17:19.905000,HUL,27,0 days 00:01:49.842000,11.0,1.0,NaT,NaT,0 days 00:00:39.213000,0 days 00:00:44.900000,0 days 00:00:25.729000,0 days 01:16:09.306000,0 days 01:16:54.206000,0 days 01:17:19.935000,199.0,203.0,308.0,322.0,False,MEDIUM,11.0,True,Audi,0 days 01:15:30.063000,,1,16.0,,,False,True
0 days 01:19:09.575000,HUL,27,0 days 00:01:49.670000,12.0,1.0,NaT,NaT,0 days 00:00:39.249000,0 days 00:00:44.737000,0 days 00:00:25.684000,0 days 01:17:59.184000,0 days 01:18:43.921000,0 days 01:19:09.605000,189.0,208.0,311.0,326.0,False,MEDIUM,12.0,True,Audi,0 days 01:17:19.905000,,1,16.0,,,False,True
0 days 01:20:59.065000,HUL,27,0 days 00:01:49.490000,13.0,1.0,NaT,NaT,0 days 00:00:38.964000,0 days 00:00:44.790000,0 days 00:00:25.736000,0 days 01:19:48.569000,0 days 01:20:33.359000,0 days 01:20:59.095000,199.0,200.0,310.0,325.0,False,MEDIUM,13.0,True,Audi,0 days 01:19:09.575000,,1,16.0,,,False,True
0 days 01:22:48.499000,HUL,27,0 days 00:01:49.434000,14.0,1.0,NaT,NaT,0 days 00:00:39.091000,0 days 00:00:44.676000,0 days 00:00:25.667000,0 days 01:21:38.186000,0 days 01:22:22.862000,0 days 01:22:48.529000,202.0,205.0,310.0,327.0,False,MEDIUM,14.0,True,Audi,0 days 01:20:59.065000,,1,16.0,,,False,True
0 days 01:24:38.153000,HUL,27,0 days 00:01:49.654000,15.0,1.0,NaT,NaT,0 days 00:00:39.282000,0 days 00:00:44.676000,0 days 00:00:25.696000,0 days 01:23:27.811000,0 days 01:24:12.487000,0 days 01:24:38.183000,199.0,206.0,309.0,326.0,False,MEDIUM,15.0,True,Audi,0 days 01:22:48.499000,,1,16.0,,,False,True
0 days 01:26:27.683000,HUL,27,0 days 00:01:49.530000,16.0,1.0,NaT,NaT,0 days 00:00:39.207000,0 days 00:00:44.558000,0 days 00:00:25.765000,0 days 01:25:17.390000,0 days 01:26:01.948000,0 days 01:26:27.713000,196.0,206.0,310.0,325.0,False,MEDIUM,16.0,True,Audi,0 days 01:24:38.153000,,1,16.0,,,False,True
0 days 01:28:17.265000,HUL,27,0 days 00:01:49.582000,17.0,1.0,NaT,NaT,0 days 00:00:39.146000,0 days 00:00:44.656000,0 days 00:00:25.780000,0 days 01:27:06.859000,0 days 01:27:51.515000,0 days 01:28:17.295000,197.0,198.0,309.0,324.0,False,MEDIUM,17.0,True,Audi,0 days 01:26:27.683000,,1,16.0,,,False,True
0 days 01:30:07.097000,HUL,27,0 days 00:01:49.832000,18.0,1.0,NaT,NaT,0 days 00:00:39.175000,0 days 00:00:44.792000,0 days 00:00:25.865000,0 days 01:28:56.470000,0 days 01:29:41.262000,0 days 01:30:07.127000,198.0,200.0,306.0,322.0,False,MEDIUM,18.0,True,Audi,0 days 01:28:17.265000,,1,16.0,,,False,True
0 days 01:31:56.550000,HUL,27,0 days 00:01:49.453000,19.0,1.0,NaT,NaT,0 days 00:00:39.068000,0 days 00:00:44.600000,0 days 00:00:25.785000,0 days 01:30:46.195000,0 days 01:31:30.795000,0 days 01:31:56.580000,194.0,206.0,305.0,321.0,False,MEDIUM,19.0,True,Audi,0 days 01:30:07.097000,,1,16.0,,,False,True
0 days 01:33:46.016000,HUL,27,0 days 00:01:49.466000,20.0,1.0,NaT,NaT,0 days 00:00:39.093000,0 days 00:00:44.695000,0 days 00:00:25.678000,0 days 01:32:35.673000,0 days 01:33:20.368000,0 days 01:33:46.046000,202.0,204.0,305.0,324.0,False,MEDIUM,20.0,True,Audi,0 days 01:31:56.550000,,1,16.0,,,False,True
0 days 01:35:35.646000,HUL,27,0 days 00:01:49.630000,21.0,1.0,NaT,NaT,0 days 00:00:39.276000,0 days 00:00:44.611000,0 days 00:00:25.743000,0 days 01:34:25.322000,0 days 01:35:09.933000,0 days 01:35:35.676000,195.0,205.0,305.0,323.0,False,MEDIUM,21.0,True,Audi,0 days 01:33:46.016000,,1,16.0,,,False,True
0 days 01:37:25.488000,HUL,27,0 days 00:01:49.842000,22.0,1.0,NaT,NaT,0 days 00:00:39.435000,0 days 00:00:44.559000,0 days 00:00:25.848000,0 days 01:36:15.111000,0 days 01:36:59.670000,0 days 01:37:25.518000,196.0,203.0,303.0,320.0,False,MEDIUM,22.0,True,Audi,0 days 01:35:35.646000,,1,16.0,,,False,True
0 days 01:39:15.234000,HUL,27,0 days 00:01:49.746000,23.0,1.0,NaT,NaT,0 days 00:00:39.162000,0 days 00:00:44.608000,0 days 00:00:25.976000,0 days 01:38:04.680000,0 days 01:38:49.288000,0 days 01:39:15.264000,197.0,205.0,303.0,320.0,False,MEDIUM,23.0,True,Audi,0 days 01:37:25.488000,,1,16.0,,,False,True
0 days 01:41:05.079000,HUL,27,0 days 00:01:49.845000,24.0,1.0,NaT,NaT,0 days 00:00:39.276000,0 days 00:00:44.659000,0 days 00:00:25.910000,0 days 01:39:54.540000,0 days 01:40:39.199000,0 days 01:41:05.109000,197.0,199.0,303.0,320.0,False,MEDIUM,24.0,True,Audi,0 days 01:39:15.234000,,1,16.0,,,False,True
0 days 01:42:54.425000,HUL,27,0 days 00:01:49.346000,25.0,1.0,NaT,NaT,0 days 00:00:39.111000,0 days 00:00:44.427000,0 days 00:00:25.808000,0 days 01:41:44.220000,0 days 01:42:28.647000,0 days 01:42:54.455000,198.0,205.0,301.0,315.0,False,MEDIUM,25.0,True,Audi,0 days 01:41:05.079000,,1,16.0,,,False,True
0 days 01:44:44.111000,HUL,27,0 days 00:01:49.686000,26.0,1.0,NaT,NaT,0 days 00:00:39.335000,0 days 00:00:44.463000,0 days 00:00:25.888000,0 days 01:43:33.790000,0 days 01:44:18.253000,0 days 01:44:44.141000,197.0,205.0,301.0,315.0,False,MEDIUM,26.0,True,Audi,0 days 01:42:54.425000,,1,16.0,,,False,True
0 days 01:46:34.508000,HUL,27,0 days 00:01:50.397000,27.0,1.0,NaT,NaT,0 days 00:00:40.162000,0 days 00:00:44.641000,0 days 00:00:25.594000,0 days 01:45:24.303000,0 days 01:46:08.944000,0 days 01:46:34.538000,191.0,203.0,313.0,323.0,False,MEDIUM,27.0,True,Audi,0 days 01:44:44.111000,,1,17.0,,,False,True
0 days 01:48:23.522000,HUL,27,0 days 00:01:49.014000,28.0,1.0,NaT,NaT,0 days 00:00:39.001000,0 days 00:00:44.498000,0 days 00:00:25.515000,0 days 01:47:13.539000,0 days 01:47:58.037000,0 days 01:48:23.552000,194.0,205.0,316.0,329.0,True,MEDIUM,28.0,True,Audi,0 days 01:46:34.508000,,1,17.0,,,False,True
0 days 01:50:12.603000,HUL,27,0 days 00:01:49.081000,29.0,1.0,NaT,NaT,0 days 00:00:39.044000,0 days 00:00:44.552000,0 days 00:00:25.485000,0 days 01:49:02.596000,0 days 01:49:47.148000,0 days 01:50:12.633000,198.0,197.0,314.0,328.0,False,MEDIUM,29.0,True,Audi,0 days 01:48:23.522000,,12,17.0,,,False,True
0 days 01:52:26.945000,HUL,27,0 days 00:02:14.342000,30.0,1.0,NaT,NaT,0 days 00:00:39.254000,0 days 00:00:55.857000,0 days 00:00:39.231000,0 days 01:50:51.887000,0 days 01:51:47.744000,0 days 01:52:26.975000,161.0,146.0,192.0,176.0,False,MEDIUM,30.0,True,Audi,0 days 01:50:12.603000,,124,15.0,,,False,False
0 days 01:55:00.210000,HUL,27,NaT,31.0,1.0,NaT,NaT,0 days 00:00:56.131000,0 days 00:00:59.821000,0 days 00:00:37.258000,0 days 01:53:23.271000,0 days 01:54:23.047000,0 days 01:55:00.240000,93.0,151.0,268.0,183.0,False,MEDIUM,31.0,True,Audi,0 days 01:52:26.945000,,4,14.0,,,False,False
0 days 01:57:07.836000,HUL,27,0 days 00:02:07.626000,32.0,1.0,NaT,0 days 01:57:06.502000,0 days 00:00:44.356000,0 days 00:00:51,0 days 00:00:32.270000,0 days 01:55:44.596000,0 days 01:56:35.596000,0 days 01:57:07.866000,87.0,168.0,,271.0,False,MEDIUM,32.0,True,Audi,0 days 01:55:00.210000,,4,14.0,,,False,False
0 days 01:59:23.780000,HUL,27,0 days 00:02:15.944000,33.0,2.0,0 days 01:57:26.638000,NaT,0 days 00:00:58.008000,0 days 00:00:47.482000,0 days 00:00:30.454000,0 days 01:58:05.874000,0 days 01:58:53.356000,0 days 01:59:23.810000,95.0,200.0,236.0,189.0,False,SOFT,1.0,True,Audi,0 days 01:57:07.836000,,4,15.0,,,False,False
0 days 02:02:07.562000,HUL,27,NaT,34.0,2.0,NaT,NaT,0 days 00:01:02.704000,0 days 00:01:03.453000,0 days 00:00:37.637000,0 days 02:00:26.551000,0 days 02:01:30.016000,0 days 02:02:07.650000,156.0,123.0,217.0,203.0,False,SOFT,2.0,True,Audi,0 days 01:59:23.780000,,4,15.0,,,False,False
0 days 02:04:30.931000,HUL,27,0 days 00:02:23.369000,35.0,2.0,NaT,NaT,0 days 00:00:52.662000,0 days 00:00:59.631000,0 days 00:00:31.076000,0 days 02:03:00.254000,0 days 02:03:59.885000,0 days 02:04:30.961000,186.0,154.0,322.0,284.0,False,SOFT,3.0,True,Audi,0 days 02:02:07.562000,,41,15.0,,,False,False
0 days 02:06:55.477000,HUL,27,0 days 00:02:24.546000,36.0,2.0,NaT,0 days 02:06:54.091000,0 days 00:00:43.396000,0 days 00:00:57.491000,0 days 00:00:43.659000,0 days 02:05:14.357000,0 days 02:06:11.848000,0 days 02:06:55.507000,154.0,151.0,,233.0,False,SOFT,4.0,True,Audi,0 days 02:04:30.931000,,124,11.0,,,False,False
0 days 02:09:37.166000,HUL,27,NaT,37.0,3.0,0 days 02:07:09.270000,NaT,0 days 00:01:00.955000,0 days 00:01:01.123000,0 days 00:00:39.653000,0 days 02:07:56.496000,0 days 02:08:57.576000,0 days 02:09:37.362000,114.0,180.0,210.0,200.0,False,SOFT,5.0,False,Audi,0 days 02:06:55.477000,,4,11.0,,,False,False
0 days 02:12:07.036000,HUL,27,0 days 00:02:29.870000,38.0,3.0,NaT,NaT,0 days 00:00:54.460000,0 days 00:01:03.339000,0 days 00:00:32.071000,0 days 02:10:31.656000,0 days 02:11:34.995000,0 days 02:12:07.066000,178.0,103.0,338.0,255.0,False,SOFT,6.0,False,Audi,0 days 02:09:37.166000,,41,11.0,,,False,False
0 days 02:13:57.739000,HUL,27,0 days 00:01:50.703000,39.0,3.0,NaT,NaT,0 days 00:00:40.287000,0 days 00:00:44.977000,0 days 00:00:25.439000,0 days 02:12:47.353000,0 days 02:13:32.330000,0 days 02:13:57.769000,179.0,201.0,316.0,326.0,False,SOFT,7.0,False,Audi,0 days 02:12:07.036000,,1,11.0,,,False,True
0 days 02:15:45.992000,HUL,27,0 days 00:01:48.253000,40.0,3.0,NaT,NaT,0 days 00:00:39.027000,0 days 00:00:44.028000,0 days 00:00:25.198000,0 days 02:14:36.796000,0 days 02:15:20.824000,0 days 02:15:46.022000,194.0,204.0,321.0,337.0,True,SOFT,8.0,False,Audi,0 days 02:13:57.739000,,12,10.0,,,False,True
0 days 02:17:33.467000,HUL,27,0 days 00:01:47.475000,41.0,3.0,NaT,NaT,0 days 00:00:38.301000,0 days 00:00:44.350000,0 days 00:00:24.824000,0 days 02:16:24.323000,0 days 02:17:08.673000,0 days 02:17:33.497000,201.0,201.0,323.0,330.0,True,SOFT,9.0,False,Audi,0 days 02:15:45.992000,,1,10.0,,,False,True
0 days 02:19:20.997000,HUL,27,0 days 00:01:47.530000,42.0,3.0,NaT,NaT,0 days 00:00:38.414000,0 days 00:00:44.217000,0 days 00:00:24.899000,0 days 02:18:11.911000,0 days 02:18:56.128000,0 days 02:19:21.027000,196.0,212.0,323.0,327.0,False,SOFT,10.0,False,Audi,0 days 02:17:33.467000,,1,10.0,,,False,True
0 days 02:21:08.285000,HUL,27,0 days 00:01:47.288000,43.0,3.0,NaT,NaT,0 days 00:00:38.259000,0 days 00:00:44.316000,0 days 00:00:24.713000,0 days 02:19:59.286000,0 days 02:20:43.602000,0 days 02:21:08.315000,202.0,206.0,325.0,331.0,True,SOFT,11.0,False,Audi,0 days 02:19:20.997000,,1,10.0,,,False,True
0 days 02:22:55.328000,HUL,27,0 days 00:01:47.043000,44.0,3.0,NaT,NaT,0 days 00:00:38.217000,0 days 00:00:44.091000,0 days 00:00:24.735000,0 days 02:21:46.532000,0 days 02:22:30.623000,0 days 02:22:55.358000,198.0,208.0,324.0,332.0,True,SOFT,12.0,False,Audi,0 days 02:21:08.285000,,1,10.0,,,False,True
0 days 02:24:42.178000,HUL,27,0 days 00:01:46.850000,45.0,3.0,NaT,NaT,0 days 00:00:38.085000,0 days 00:00:44.246000,0 days 00:00:24.519000,0 days 02:23:33.443000,0 days 02:24:17.689000,0 days 02:24:42.208000,201.0,208.0,330.0,337.0,True,SOFT,13.0,False,Audi,0 days 02:22:55.328000,,1,10.0,,,False,True
0 days 02:26:29.445000,HUL,27,0 days 00:01:47.267000,46.0,3.0,NaT,NaT,0 days 00:00:38.348000,0 days 00:00:44.252000,0 days 00:00:24.667000,0 days 02:25:20.556000,0 days 02:26:04.808000,0 days 02:26:29.475000,200.0,207.0,326.0,333.0,False,SOFT,14.0,False,Audi,0 days 02:24:42.178000,,1,10.0,,,False,True
0 days 02:28:16.871000,HUL,27,0 days 00:01:47.426000,47.0,3.0,NaT,NaT,0 days 00:00:38.424000,0 days 00:00:44.460000,0 days 00:00:24.542000,0 days 02:27:07.899000,0 days 02:27:52.359000,0 days 02:28:16.901000,192.0,208.0,331.0,335.0,False,SOFT,15.0,False,Audi,0 days 02:26:29.445000,,1,10.0,,,False,True
0 days 02:30:05.663000,HUL,27,0 days 00:01:48.792000,48.0,3.0,NaT,NaT,0 days 00:00:38.860000,0 days 00:00:44.448000,0 days 00:00:25.484000,0 days 02:28:55.761000,0 days 02:29:40.209000,0 days 02:30:05.693000,198.0,212.0,315.0,321.0,False,SOFT,16.0,False,Audi,0 days 02:28:16.871000,,1,10.0,,,False,True
0 days 02:31:52.990000,HUL,27,0 days 00:01:47.327000,49.0,3.0,NaT,NaT,0 days 00:00:38.833000,0 days 00:00:43.871000,0 days 00:00:24.623000,0 days 02:30:44.526000,0 days 02:31:28.397000,0 days 02:31:53.020000,193.0,204.0,329.0,333.0,False,SOFT,17.0,False,Audi,0 days 02:30:05.663000,,1,11.0,,,False,True
0 days 02:33:40.614000,HUL,27,0 days 00:01:47.624000,50.0,3.0,NaT,NaT,0 days 00:00:38.477000,0 days 00:00:44.172000,0 days 00:00:24.975000,0 days 02:32:31.497000,0 days 02:33:15.669000,0 days 02:33:40.644000,196.0,201.0,323.0,330.0,False,SOFT,18.0,False,Audi,0 days 02:31:52.990000,,12,11.0,,,False,True
0 days 02:35:28.879000,HUL,27,0 days 00:01:48.265000,51.0,3.0,NaT,NaT,0 days 00:00:38.395000,0 days 00:00:44.726000,0 days 00:00:25.144000,0 days 02:34:19.039000,0 days 02:35:03.765000,0 days 02:35:28.909000,200.0,188.0,324.0,334.0,False,SOFT,19.0,False,Audi,0 days 02:33:40.614000,,12,11.0,,,False,True
0 days 00:58:49.614000,VER,3,0 days 00:01:56.110000,1.0,1.0,NaT,NaT,NaT,0 days 00:00:45.736000,0 days 00:00:24.842000,NaT,0 days 00:58:24.940000,0 days 00:58:49.836000,181.0,197.0,335.0,343.0,False,MEDIUM,1.0,True,Red Bull Racing,0 days 00:56:53.247000,,1,7.0,,,False,False
0 days 01:00:38.850000,VER,3,0 days 00:01:49.236000,2.0,1.0,NaT,NaT,0 days 00:00:39.463000,0 days 00:00:44.774000,0 days 00:00:24.999000,0 days 00:59:29.085000,0 days 01:00:13.859000,0 days 01:00:38.858000,184.0,200.0,330.0,339.0,True,MEDIUM,2.0,True,Red Bull Racing,0 days 00:58:49.614000,,1,6.0,,,False,True
0 days 01:02:27.873000,VER,3,0 days 00:01:49.023000,3.0,1.0,NaT,NaT,0 days 00:00:39.245000,0 days 00:00:44.763000,0 days 00:00:25.015000,0 days 01:01:18.103000,0 days 01:02:02.866000,0 days 01:02:27.881000,183.0,206.0,326.0,338.0,True,MEDIUM,3.0,True,Red Bull Racing,0 days 01:00:38.850000,,1,5.0,,,False,True
0 days 01:04:17.330000,VER,3,0 days 00:01:49.457000,4.0,1.0,NaT,NaT,0 days 00:00:39.529000,0 days 00:00:45.137000,0 days 00:00:24.791000,0 days 01:03:07.410000,0 days 01:03:52.547000,0 days 01:04:17.338000,183.0,208.0,328.0,344.0,False,MEDIUM,4.0,True,Red Bull Racing,0 days 01:02:27.873000,,1,4.0,,,False,True
0 days 01:06:05.181000,VER,3,0 days 00:01:47.851000,5.0,1.0,NaT,NaT,0 days 00:00:38.665000,0 days 00:00:44.205000,0 days 00:00:24.981000,0 days 01:04:56.003000,0 days 01:05:40.208000,0 days 01:06:05.189000,189.0,206.0,328.0,334.0,True,MEDIUM,5.0,True,Red Bull Racing,0 days 01:04:17.330000,,1,4.0,,,False,True
0 days 01:07:52.755000,VER,3,0 days 00:01:47.574000,6.0,1.0,NaT,NaT,0 days 00:00:38.662000,0 days 00:00:44.169000,0 days 00:00:24.743000,0 days 01:06:43.851000,0 days 01:07:28.020000,0 days 01:07:52.763000,192.0,206.0,337.0,340.0,True,MEDIUM,6.0,True,Red Bull Racing,0 days 01:06:05.181000,,1,4.0,,,False,True
0 days 01:09:40.686000,VER,3,0 days 00:01:47.931000,7.0,1.0,NaT,NaT,0 days 00:00:38.500000,0 days 00:00:44.149000,0 days 00:00:25.282000,0 days 01:08:31.263000,0 days 01:09:15.412000,0 days 01:09:40.694000,188.0,208.0,320.0,330.0,False,MEDIUM,7.0,True,Red Bull Racing,0 days 01:07:52.755000,,1,3.0,,,False,True
0 days 01:11:28.605000,VER,3,0 days 00:01:47.919000,8.0,1.0,NaT,NaT,0 days 00:00:38.523000,0 days 00:00:44.307000,0 days 00:00:25.089000,0 days 01:10:19.217000,0 days 01:11:03.524000,0 days 01:11:28.613000,192.0,206.0,325.0,331.0,False,MEDIUM,8.0,True,Red Bull Racing,0 days 01:09:40.686000,,1,3.0,,,False,True
0 days 01:13:17.473000,VER,3,0 days 00:01:48.868000,9.0,1.0,NaT,NaT,0 days 00:00:39.061000,0 days 00:00:44.589000,0 days 00:00:25.218000,0 days 01:12:07.674000,0 days 01:12:52.263000,0 days 01:13:17.481000,191.0,200.0,321.0,330.0,False,MEDIUM,9.0,True,Red Bull Racing,0 days 01:11:28.605000,,12,3.0,,,False,True
0 days 01:15:05.492000,VER,3,0 days 00:01:48.019000,10.0,1.0,NaT,NaT,0 days 00:00:38.736000,0 days 00:00:44.290000,0 days 00:00:24.993000,0 days 01:13:56.217000,0 days 01:14:40.507000,0 days 01:15:05.500000,191.0,209.0,325.0,331.0,False,MEDIUM,10.0,True,Red Bull Racing,0 days 01:13:17.473000,,1,3.0,,,False,True
0 days 01:16:54.049000,VER,3,0 days 00:01:48.557000,11.0,1.0,NaT,NaT,0 days 00:00:38.906000,0 days 00:00:44.542000,0 days 00:00:25.109000,0 days 01:15:44.406000,0 days 01:16:28.948000,0 days 01:16:54.057000,191.0,207.0,323.0,330.0,False,MEDIUM,11.0,True,Red Bull Racing,0 days 01:15:05.492000,,1,3.0,,,False,True
0 days 01:18:42.456000,VER,3,0 days 00:01:48.407000,12.0,1.0,NaT,NaT,0 days 00:00:38.832000,0 days 00:00:44.458000,0 days 00:00:25.117000,0 days 01:17:32.889000,0 days 01:18:17.347000,0 days 01:18:42.464000,192.0,209.0,320.0,329.0,False,MEDIUM,12.0,True,Red Bull Racing,0 days 01:16:54.049000,,1,3.0,,,False,True
0 days 01:20:30.457000,VER,3,0 days 00:01:48.001000,13.0,1.0,NaT,NaT,0 days 00:00:38.547000,0 days 00:00:44.313000,0 days 00:00:25.141000,0 days 01:19:21.011000,0 days 01:20:05.324000,0 days 01:20:30.465000,193.0,207.0,321.0,329.0,False,MEDIUM,13.0,True,Red Bull Racing,0 days 01:18:42.456000,,1,3.0,,,False,True
0 days 01:22:18.468000,VER,3,0 days 00:01:48.011000,14.0,1.0,NaT,NaT,0 days 00:00:38.601000,0 days 00:00:44.281000,0 days 00:00:25.129000,0 days 01:21:09.066000,0 days 01:21:53.347000,0 days 01:22:18.476000,191.0,210.0,319.0,330.0,False,MEDIUM,14.0,True,Red Bull Racing,0 days 01:20:30.457000,,1,3.0,,,False,True
0 days 01:24:06.600000,VER,3,0 days 00:01:48.132000,15.0,1.0,NaT,NaT,0 days 00:00:38.641000,0 days 00:00:44.437000,0 days 00:00:25.054000,0 days 01:22:57.117000,0 days 01:23:41.554000,0 days 01:24:06.608000,188.0,207.0,318.0,330.0,False,MEDIUM,15.0,True,Red Bull Racing,0 days 01:22:18.468000,,1,3.0,,,False,True
0 days 01:25:54.542000,VER,3,0 days 00:01:47.942000,16.0,1.0,NaT,NaT,0 days 00:00:38.578000,0 days 00:00:44.153000,0 days 00:00:25.211000,0 days 01:24:45.186000,0 days 01:25:29.339000,0 days 01:25:54.550000,195.0,207.0,317.0,328.0,False,MEDIUM,16.0,True,Red Bull Racing,0 days 01:24:06.600000,,1,3.0,,,False,True
0 days 01:27:42.229000,VER,3,0 days 00:01:47.687000,17.0,1.0,NaT,NaT,0 days 00:00:38.582000,0 days 00:00:43.942000,0 days 00:00:25.163000,0 days 01:26:33.132000,0 days 01:27:17.074000,0 days 01:27:42.237000,193.0,210.0,321.0,330.0,False,MEDIUM,17.0,True,Red Bull Racing,0 days 01:25:54.542000,,1,3.0,,,False,True
0 days 01:29:30.145000,VER,3,0 days 00:01:47.916000,18.0,1.0,NaT,NaT,0 days 00:00:38.662000,0 days 00:00:44.165000,0 days 00:00:25.089000,0 days 01:28:20.899000,0 days 01:29:05.064000,0 days 01:29:30.153000,193.0,207.0,321.0,330.0,False,MEDIUM,18.0,True,Red Bull Racing,0 days 01:27:42.229000,,1,3.0,,,False,True
0 days 01:31:18.599000,VER,3,0 days 00:01:48.454000,19.0,1.0,NaT,NaT,0 days 00:00:38.655000,0 days 00:00:44.325000,0 days 00:00:25.474000,0 days 01:30:08.808000,0 days 01:30:53.133000,0 days 01:31:18.607000,197.0,211.0,317.0,328.0,False,MEDIUM,19.0,True,Red Bull Racing,0 days 01:29:30.145000,,1,3.0,,,False,True
0 days 01:33:06.437000,VER,3,0 days 00:01:47.838000,20.0,1.0,NaT,NaT,0 days 00:00:38.553000,0 days 00:00:44.217000,0 days 00:00:25.068000,0 days 01:31:57.160000,0 days 01:32:41.377000,0 days 01:33:06.445000,198.0,209.0,318.0,330.0,False,MEDIUM,20.0,True,Red Bull Racing,0 days 01:31:18.599000,,1,3.0,,,False,True
0 days 01:34:54.100000,VER,3,0 days 00:01:47.663000,21.0,1.0,NaT,NaT,0 days 00:00:38.437000,0 days 00:00:44.164000,0 days 00:00:25.062000,0 days 01:33:44.882000,0 days 01:34:29.046000,0 days 01:34:54.108000,196.0,211.0,319.0,331.0,False,MEDIUM,21.0,True,Red Bull Racing,0 days 01:33:06.437000,,1,3.0,,,False,True
0 days 01:36:41.755000,VER,3,0 days 00:01:47.655000,22.0,1.0,NaT,NaT,0 days 00:00:38.399000,0 days 00:00:44.178000,0 days 00:00:25.078000,0 days 01:35:32.507000,0 days 01:36:16.685000,0 days 01:36:41.763000,196.0,211.0,317.0,330.0,False,MEDIUM,22.0,True,Red Bull Racing,0 days 01:34:54.100000,,1,3.0,,,False,True
0 days 01:38:29.140000,VER,3,0 days 00:01:47.385000,23.0,1.0,NaT,NaT,0 days 00:00:38.326000,0 days 00:00:43.943000,0 days 00:00:25.116000,0 days 01:37:20.089000,0 days 01:38:04.032000,0 days 01:38:29.148000,196.0,208.0,321.0,331.0,True,MEDIUM,23.0,True,Red Bull Racing,0 days 01:36:41.755000,,1,3.0,,,False,True
0 days 01:40:16.637000,VER,3,0 days 00:01:47.497000,24.0,1.0,NaT,NaT,0 days 00:00:38.292000,0 days 00:00:44.071000,0 days 00:00:25.134000,0 days 01:39:07.440000,0 days 01:39:51.511000,0 days 01:40:16.645000,198.0,211.0,320.0,331.0,False,MEDIUM,24.0,True,Red Bull Racing,0 days 01:38:29.140000,,1,3.0,,,False,True
0 days 01:42:03.844000,VER,3,0 days 00:01:47.207000,25.0,1.0,NaT,NaT,0 days 00:00:38.080000,0 days 00:00:44.140000,0 days 00:00:24.987000,0 days 01:40:54.725000,0 days 01:41:38.865000,0 days 01:42:03.852000,196.0,212.0,321.0,332.0,True,MEDIUM,25.0,True,Red Bull Racing,0 days 01:40:16.637000,,1,3.0,,,False,True
0 days 01:43:51.644000,VER,3,0 days 00:01:47.800000,26.0,1.0,NaT,NaT,0 days 00:00:38.427000,0 days 00:00:44.242000,0 days 00:00:25.131000,0 days 01:42:42.279000,0 days 01:43:26.521000,0 days 01:43:51.652000,197.0,204.0,317.0,331.0,False,MEDIUM,26.0,True,Red Bull Racing,0 days 01:42:03.844000,,1,3.0,,,False,True
0 days 01:45:39.124000,VER,3,0 days 00:01:47.480000,27.0,1.0,NaT,NaT,0 days 00:00:38.251000,0 days 00:00:44.147000,0 days 00:00:25.082000,0 days 01:44:29.903000,0 days 01:45:14.050000,0 days 01:45:39.132000,196.0,205.0,318.0,330.0,False,MEDIUM,27.0,True,Red Bull Racing,0 days 01:43:51.644000,,1,3.0,,,False,True
0 days 01:47:26.494000,VER,3,0 days 00:01:47.370000,28.0,1.0,NaT,NaT,0 days 00:00:38.113000,0 days 00:00:44.007000,0 days 00:00:25.250000,0 days 01:46:17.245000,0 days 01:47:01.252000,0 days 01:47:26.502000,196.0,207.0,318.0,330.0,False,MEDIUM,28.0,True,Red Bull Racing,0 days 01:45:39.124000,,1,3.0,,,False,True
0 days 01:49:13.801000,VER,3,0 days 00:01:47.307000,29.0,1.0,NaT,NaT,0 days 00:00:38.222000,0 days 00:00:43.987000,0 days 00:00:25.098000,0 days 01:48:04.724000,0 days 01:48:48.711000,0 days 01:49:13.809000,200.0,208.0,318.0,330.0,False,MEDIUM,29.0,True,Red Bull Racing,0 days 01:47:26.494000,,1,3.0,,,False,True
0 days 01:51:01.091000,VER,3,0 days 00:01:47.290000,30.0,1.0,NaT,NaT,0 days 00:00:38.187000,0 days 00:00:43.992000,0 days 00:00:25.111000,0 days 01:49:51.996000,0 days 01:50:35.988000,0 days 01:51:01.099000,197.0,207.0,318.0,331.0,False,MEDIUM,30.0,True,Red Bull Racing,0 days 01:49:13.801000,,12,3.0,,,False,True
0 days 01:53:33.415000,VER,3,NaT,31.0,1.0,NaT,0 days 01:53:32.136000,0 days 00:00:51.798000,0 days 00:00:59.335000,0 days 00:00:41.120000,0 days 01:51:52.968000,0 days 01:52:52.315000,0 days 01:53:33.433000,112.0,137.0,,196.0,False,MEDIUM,31.0,True,Red Bull Racing,0 days 01:51:01.091000,,24,3.0,,,False,False
0 days 01:56:20.431000,VER,3,NaT,32.0,2.0,0 days 01:53:52.865000,NaT,0 days 00:01:08.571000,0 days 00:00:57.817000,0 days 00:00:40.599000,0 days 01:54:42.054000,0 days 01:55:39.840000,0 days 01:56:20.474000,102.0,183.0,207.0,198.0,False,SOFT,1.0,True,Red Bull Racing,0 days 01:53:33.415000,,4,3.0,,,False,False
0 days 01:59:06.658000,VER,3,NaT,33.0,2.0,NaT,NaT,0 days 00:01:00.588000,0 days 00:01:07.570000,0 days 00:00:38.058000,0 days 01:57:21.038000,0 days 01:58:28.693000,0 days 01:59:06.751000,80.0,189.0,170.0,213.0,False,SOFT,2.0,True,Red Bull Racing,0 days 01:56:20.431000,,4,3.0,,,False,False
0 days 02:01:51.404000,VER,3,NaT,34.0,2.0,NaT,NaT,0 days 00:01:05.179000,0 days 00:01:01.540000,0 days 00:00:38.047000,0 days 02:00:11.849000,0 days 02:01:13.452000,0 days 02:01:51.412000,162.0,185.0,265.0,227.0,False,SOFT,3.0,True,Red Bull Racing,0 days 01:59:06.658000,,4,3.0,,,False,False
0 days 02:04:28.871000,VER,3,NaT,35.0,2.0,NaT,NaT,0 days 00:00:53.670000,0 days 00:01:02.727000,0 days 00:00:41.118000,0 days 02:02:45.198000,0 days 02:03:47.877000,0 days 02:04:29.103000,140.0,162.0,297.0,182.0,False,SOFT,4.0,True,Red Bull Racing,0 days 02:01:51.404000,,41,3.0,,,False,False
0 days 02:06:38.809000,VER,3,0 days 00:02:09.938000,36.0,2.0,NaT,0 days 02:06:37.589000,0 days 00:00:38.488000,0 days 00:00:49.854000,0 days 00:00:41.596000,0 days 02:05:07.367000,0 days 02:05:57.221000,0 days 02:06:38.817000,194.0,149.0,,116.0,False,SOFT,5.0,True,Red Bull Racing,0 days 02:04:28.871000,,124,2.0,,,False,False
0 days 02:09:23.350000,VER,3,NaT,37.0,3.0,0 days 02:06:52.708000,NaT,0 days 00:01:02.542000,0 days 00:01:02.059000,0 days 00:00:39.891000,0 days 02:07:41.526000,0 days 02:08:43.551000,0 days 02:09:23.358000,96.0,159.0,206.0,238.0,False,SOFT,6.0,False,Red Bull Racing,0 days 02:06:38.809000,,4,2.0,,,False,False
0 days 02:12:04.198000,VER,3,NaT,38.0,3.0,NaT,NaT,0 days 00:00:58.524000,0 days 00:01:02.469000,0 days 00:00:39.894000,0 days 02:10:21.875000,0 days 02:11:24.424000,0 days 02:12:04.350000,130.0,166.0,334.0,191.0,False,SOFT,7.0,False,Red Bull Racing,0 days 02:09:23.350000,,41,2.0,,,False,False
0 days 02:13:50.620000,VER,3,0 days 00:01:46.422000,39.0,3.0,NaT,NaT,0 days 00:00:38.087000,0 days 00:00:43.509000,0 days 00:00:24.826000,0 days 02:12:42.293000,0 days 02:13:25.802000,0 days 02:13:50.628000,193.0,213.0,324.0,334.0,True,SOFT,8.0,False,Red Bull Racing,0 days 02:12:04.198000,,1,2.0,,,False,True
0 days 02:15:36.816000,VER,3,0 days 00:01:46.196000,40.0,3.0,NaT,NaT,0 days 00:00:38.238000,0 days 00:00:43.107000,0 days 00:00:24.851000,0 days 02:14:28.866000,0 days 02:15:11.973000,0 days 02:15:36.824000,199.0,216.0,322.0,333.0,True,SOFT,9.0,False,Red Bull Racing,0 days 02:13:50.620000,,12,2.0,,,False,True
0 days 02:17:22.600000,VER,3,0 days 00:01:45.784000,41.0,3.0,NaT,NaT,0 days 00:00:37.724000,0 days 00:00:43.123000,0 days 00:00:24.937000,0 days 02:16:14.548000,0 days 02:16:57.671000,0 days 02:17:22.608000,201.0,215.0,320.0,332.0,True,SOFT,10.0,False,Red Bull Racing,0 days 02:15:36.816000,,1,2.0,,,False,True
0 days 02:19:07.989000,VER,3,0 days 00:01:45.389000,42.0,3.0,NaT,NaT,0 days 00:00:37.600000,0 days 00:00:43.014000,0 days 00:00:24.775000,0 days 02:18:00.208000,0 days 02:18:43.222000,0 days 02:19:07.997000,201.0,216.0,321.0,332.0,True,SOFT,11.0,False,Red Bull Racing,0 days 02:17:22.600000,,1,2.0,,,False,True
0 days 02:20:53.563000,VER,3,0 days 00:01:45.574000,43.0,3.0,NaT,NaT,0 days 00:00:37.620000,0 days 00:00:43.109000,0 days 00:00:24.845000,0 days 02:19:45.617000,0 days 02:20:28.726000,0 days 02:20:53.571000,200.0,214.0,322.0,335.0,False,SOFT,12.0,False,Red Bull Racing,0 days 02:19:07.989000,,1,2.0,,,False,True
0 days 02:22:38.698000,VER,3,0 days 00:01:45.135000,44.0,3.0,NaT,NaT,0 days 00:00:37.449000,0 days 00:00:42.998000,0 days 00:00:24.688000,0 days 02:21:31.020000,0 days 02:22:14.018000,0 days 02:22:38.706000,207.0,209.0,323.0,336.0,True,SOFT,13.0,False,Red Bull Racing,0 days 02:20:53.563000,,1,2.0,,,False,True
0 days 02:24:23.768000,VER,3,0 days 00:01:45.070000,45.0,3.0,NaT,NaT,0 days 00:00:37.532000,0 days 00:00:42.851000,0 days 00:00:24.687000,0 days 02:23:16.238000,0 days 02:23:59.089000,0 days 02:24:23.776000,203.0,214.0,323.0,333.0,True,SOFT,14.0,False,Red Bull Racing,0 days 02:22:38.698000,,1,2.0,,,False,True
0 days 02:26:09.039000,VER,3,0 days 00:01:45.271000,46.0,3.0,NaT,NaT,0 days 00:00:37.411000,0 days 00:00:43.154000,0 days 00:00:24.706000,0 days 02:25:01.187000,0 days 02:25:44.341000,0 days 02:26:09.047000,202.0,213.0,324.0,334.0,False,SOFT,15.0,False,Red Bull Racing,0 days 02:24:23.768000,,1,2.0,,,False,True
0 days 02:27:54.175000,VER,3,0 days 00:01:45.136000,47.0,3.0,NaT,NaT,0 days 00:00:37.376000,0 days 00:00:43.098000,0 days 00:00:24.662000,0 days 02:26:46.423000,0 days 02:27:29.521000,0 days 02:27:54.183000,200.0,217.0,321.0,333.0,False,SOFT,16.0,False,Red Bull Racing,0 days 02:26:09.039000,,1,2.0,,,False,True
0 days 02:29:39.168000,VER,3,0 days 00:01:44.993000,48.0,3.0,NaT,NaT,0 days 00:00:37.222000,0 days 00:00:42.999000,0 days 00:00:24.772000,0 days 02:28:31.405000,0 days 02:29:14.404000,0 days 02:29:39.176000,201.0,213.0,320.0,332.0,True,SOFT,17.0,False,Red Bull Racing,0 days 02:27:54.175000,,1,2.0,,,False,True
0 days 02:31:24.188000,VER,3,0 days 00:01:45.020000,49.0,3.0,NaT,NaT,0 days 00:00:37.169000,0 days 00:00:43.101000,0 days 00:00:24.750000,0 days 02:30:16.345000,0 days 02:30:59.446000,0 days 02:31:24.196000,205.0,217.0,321.0,332.0,False,SOFT,18.0,False,Red Bull Racing,0 days 02:29:39.168000,,1,2.0,,,False,True
0 days 02:33:09.376000,VER,3,0 days 00:01:45.188000,50.0,3.0,NaT,NaT,0 days 00:00:37.122000,0 days 00:00:43.387000,0 days 00:00:24.679000,0 days 02:32:01.318000,0 days 02:32:44.705000,0 days 02:33:09.384000,205.0,213.0,320.0,332.0,False,SOFT,19.0,False,Red Bull Racing,0 days 02:31:24.188000,,12,2.0,,,False,True
0 days 02:34:55.896000,VER,3,0 days 00:01:46.520000,51.0,3.0,NaT,NaT,0 days 00:00:37.171000,0 days 00:00:44.237000,0 days 00:00:25.112000,0 days 02:33:46.555000,0 days 02:34:30.792000,0 days 02:34:55.904000,208.0,205.0,327.0,330.0,False,SOFT,20.0,False,Red Bull Racing,0 days 02:33:09.376000,,12,2.0,,,False,True
0 days 00:58:51.989000,LAW,30,0 days 00:01:58.485000,1.0,1.0,NaT,NaT,NaT,0 days 00:00:46.340000,0 days 00:00:24.896000,NaT,0 days 00:58:27.203000,0 days 00:58:52.203000,155.0,192.0,334.0,341.0,False,SOFT,1.0,True,Racing Bulls,0 days 00:56:53.247000,,1,10.0,,,False,False
0 days 01:00:43.275000,LAW,30,0 days 00:01:51.286000,2.0,1.0,NaT,NaT,0 days 00:00:40.469000,0 days 00:00:45.556000,0 days 00:00:25.261000,0 days 00:59:32.522000,0 days 01:00:18.078000,0 days 01:00:43.339000,173.0,189.0,320.0,332.0,True,SOFT,2.0,True,Racing Bulls,0 days 00:58:51.989000,,1,10.0,,,False,True
0 days 01:02:33.678000,LAW,30,0 days 00:01:50.403000,3.0,1.0,NaT,NaT,0 days 00:00:39.819000,0 days 00:00:45.233000,0 days 00:00:25.351000,0 days 01:01:23.158000,0 days 01:02:08.391000,0 days 01:02:33.742000,177.0,197.0,316.0,328.0,True,SOFT,3.0,True,Racing Bulls,0 days 01:00:43.275000,,1,10.0,,,False,True
0 days 01:04:23.627000,LAW,30,0 days 00:01:49.949000,4.0,1.0,NaT,NaT,0 days 00:00:39.473000,0 days 00:00:45.069000,0 days 00:00:25.407000,0 days 01:03:13.215000,0 days 01:03:58.284000,0 days 01:04:23.691000,182.0,189.0,316.0,328.0,True,SOFT,4.0,True,Racing Bulls,0 days 01:02:33.678000,,1,10.0,,,False,True
0 days 01:06:13.205000,LAW,30,0 days 00:01:49.578000,5.0,1.0,NaT,NaT,0 days 00:00:39.314000,0 days 00:00:44.822000,0 days 00:00:25.442000,0 days 01:05:03.005000,0 days 01:05:47.827000,0 days 01:06:13.269000,187.0,201.0,314.0,325.0,True,SOFT,5.0,True,Racing Bulls,0 days 01:04:23.627000,,1,10.0,,,False,True
0 days 01:08:03.972000,LAW,30,0 days 00:01:50.767000,6.0,1.0,NaT,NaT,0 days 00:00:40.438000,0 days 00:00:45.219000,0 days 00:00:25.110000,0 days 01:06:53.707000,0 days 01:07:38.926000,0 days 01:08:04.036000,178.0,197.0,322.0,332.0,False,SOFT,6.0,True,Racing Bulls,0 days 01:06:13.205000,,1,11.0,,,False,True
0 days 01:09:53.805000,LAW,30,0 days 00:01:49.833000,7.0,1.0,NaT,NaT,0 days 00:00:39.447000,0 days 00:00:45.013000,0 days 00:00:25.373000,0 days 01:08:43.483000,0 days 01:09:28.496000,0 days 01:09:53.869000,186.0,194.0,320.0,332.0,False,SOFT,7.0,True,Racing Bulls,0 days 01:08:03.972000,,1,11.0,,,False,True
0 days 01:11:43.526000,LAW,30,0 days 00:01:49.721000,8.0,1.0,NaT,NaT,0 days 00:00:39.262000,0 days 00:00:45.039000,0 days 00:00:25.420000,0 days 01:10:33.131000,0 days 01:11:18.170000,0 days 01:11:43.590000,188.0,192.0,318.0,329.0,False,SOFT,8.0,True,Racing Bulls,0 days 01:09:53.805000,,12,11.0,,,False,True
0 days 01:13:32.815000,LAW,30,0 days 00:01:49.289000,9.0,1.0,NaT,NaT,0 days 00:00:39.108000,0 days 00:00:44.828000,0 days 00:00:25.353000,0 days 01:12:22.698000,0 days 01:13:07.526000,0 days 01:13:32.879000,196.0,194.0,317.0,329.0,True,SOFT,9.0,True,Racing Bulls,0 days 01:11:43.526000,,21,11.0,,,False,True
0 days 01:15:22.438000,LAW,30,0 days 00:01:49.623000,10.0,1.0,NaT,NaT,0 days 00:00:39.242000,0 days 00:00:45.025000,0 days 00:00:25.356000,0 days 01:14:12.121000,0 days 01:14:57.146000,0 days 01:15:22.502000,194.0,198.0,315.0,328.0,False,SOFT,10.0,True,Racing Bulls,0 days 01:13:32.815000,,1,11.0,,,False,True
0 days 01:17:12.856000,LAW,30,0 days 00:01:50.418000,11.0,1.0,NaT,NaT,0 days 00:00:39.976000,0 days 00:00:44.941000,0 days 00:00:25.501000,0 days 01:16:02.478000,0 days 01:16:47.419000,0 days 01:17:12.920000,185.0,196.0,311.0,326.0,False,SOFT,11.0,True,Racing Bulls,0 days 01:15:22.438000,,1,11.0,,,False,True
0 days 01:19:02.580000,LAW,30,0 days 00:01:49.724000,12.0,1.0,NaT,NaT,0 days 00:00:39.396000,0 days 00:00:44.907000,0 days 00:00:25.421000,0 days 01:17:52.316000,0 days 01:18:37.223000,0 days 01:19:02.644000,186.0,195.0,311.0,326.0,False,SOFT,12.0,True,Racing Bulls,0 days 01:17:12.856000,,1,12.0,,,False,True
0 days 01:20:52.846000,LAW,30,0 days 00:01:50.266000,13.0,1.0,NaT,NaT,0 days 00:00:39.973000,0 days 00:00:44.887000,0 days 00:00:25.406000,0 days 01:19:42.617000,0 days 01:20:27.504000,0 days 01:20:52.910000,190.0,200.0,313.0,326.0,False,SOFT,13.0,True,Racing Bulls,0 days 01:19:02.580000,,1,12.0,,,False,True
0 days 01:22:41.895000,LAW,30,0 days 00:01:49.049000,14.0,1.0,NaT,NaT,0 days 00:00:38.982000,0 days 00:00:44.676000,0 days 00:00:25.391000,0 days 01:21:31.892000,0 days 01:22:16.568000,0 days 01:22:41.959000,197.0,196.0,311.0,326.0,True,SOFT,14.0,True,Racing Bulls,0 days 01:20:52.846000,,1,12.0,,,False,True
0 days 01:24:30.629000,LAW,30,0 days 00:01:48.734000,15.0,1.0,NaT,NaT,0 days 00:00:38.837000,0 days 00:00:44.561000,0 days 00:00:25.336000,0 days 01:23:20.796000,0 days 01:24:05.357000,0 days 01:24:30.693000,192.0,197.0,311.0,328.0,True,SOFT,15.0,True,Racing Bulls,0 days 01:22:41.895000,,1,12.0,,,False,True
0 days 01:26:19.687000,LAW,30,0 days 00:01:49.058000,16.0,1.0,NaT,NaT,0 days 00:00:38.973000,0 days 00:00:44.599000,0 days 00:00:25.486000,0 days 01:25:09.666000,0 days 01:25:54.265000,0 days 01:26:19.751000,194.0,196.0,311.0,325.0,False,SOFT,16.0,True,Racing Bulls,0 days 01:24:30.629000,,1,12.0,,,False,True
0 days 01:28:08.705000,LAW,30,0 days 00:01:49.018000,17.0,1.0,NaT,NaT,0 days 00:00:38.897000,0 days 00:00:44.617000,0 days 00:00:25.504000,0 days 01:26:58.648000,0 days 01:27:43.265000,0 days 01:28:08.769000,195.0,196.0,310.0,325.0,False,SOFT,17.0,True,Racing Bulls,0 days 01:26:19.687000,,1,12.0,,,False,True
0 days 01:29:57.647000,LAW,30,0 days 00:01:48.942000,18.0,1.0,NaT,NaT,0 days 00:00:38.817000,0 days 00:00:44.622000,0 days 00:00:25.503000,0 days 01:28:47.586000,0 days 01:29:32.208000,0 days 01:29:57.711000,196.0,200.0,311.0,325.0,False,SOFT,18.0,True,Racing Bulls,0 days 01:28:08.705000,,1,12.0,,,False,True
0 days 01:31:46.731000,LAW,30,0 days 00:01:49.084000,19.0,1.0,NaT,NaT,0 days 00:00:38.952000,0 days 00:00:44.654000,0 days 00:00:25.478000,0 days 01:30:36.663000,0 days 01:31:21.317000,0 days 01:31:46.795000,188.0,201.0,309.0,324.0,False,SOFT,19.0,True,Racing Bulls,0 days 01:29:57.647000,,1,12.0,,,False,True
0 days 01:33:35.659000,LAW,30,0 days 00:01:48.928000,20.0,1.0,NaT,NaT,0 days 00:00:38.856000,0 days 00:00:44.586000,0 days 00:00:25.486000,0 days 01:32:25.651000,0 days 01:33:10.237000,0 days 01:33:35.723000,199.0,205.0,309.0,325.0,False,SOFT,20.0,True,Racing Bulls,0 days 01:31:46.731000,,1,12.0,,,False,True
0 days 01:35:24.367000,LAW,30,0 days 00:01:48.708000,21.0,1.0,NaT,NaT,0 days 00:00:38.767000,0 days 00:00:44.507000,0 days 00:00:25.434000,0 days 01:34:14.490000,0 days 01:34:58.997000,0 days 01:35:24.431000,196.0,201.0,310.0,326.0,True,SOFT,21.0,True,Racing Bulls,0 days 01:33:35.659000,,1,12.0,,,False,True
0 days 01:37:13.520000,LAW,30,0 days 00:01:49.153000,22.0,1.0,NaT,NaT,0 days 00:00:39.015000,0 days 00:00:44.599000,0 days 00:00:25.539000,0 days 01:36:03.446000,0 days 01:36:48.045000,0 days 01:37:13.584000,193.0,203.0,309.0,324.0,False,SOFT,22.0,True,Racing Bulls,0 days 01:35:24.367000,,1,12.0,,,False,True
0 days 01:39:02.449000,LAW,30,0 days 00:01:48.929000,23.0,1.0,NaT,NaT,0 days 00:00:38.774000,0 days 00:00:44.667000,0 days 00:00:25.488000,0 days 01:37:52.358000,0 days 01:38:37.025000,0 days 01:39:02.513000,196.0,198.0,311.0,326.0,False,SOFT,23.0,True,Racing Bulls,0 days 01:37:13.520000,,1,12.0,,,False,True
0 days 01:40:51.499000,LAW,30,0 days 00:01:49.050000,24.0,1.0,NaT,NaT,0 days 00:00:38.952000,0 days 00:00:44.561000,0 days 00:00:25.537000,0 days 01:39:41.465000,0 days 01:40:26.026000,0 days 01:40:51.563000,192.0,203.0,310.0,325.0,False,SOFT,24.0,True,Racing Bulls,0 days 01:39:02.449000,,1,12.0,,,False,True
0 days 01:42:40.356000,LAW,30,0 days 00:01:48.857000,25.0,1.0,NaT,NaT,0 days 00:00:38.854000,0 days 00:00:44.605000,0 days 00:00:25.398000,0 days 01:41:30.417000,0 days 01:42:15.022000,0 days 01:42:40.420000,195.0,204.0,310.0,327.0,False,SOFT,25.0,True,Racing Bulls,0 days 01:40:51.499000,,1,12.0,,,False,True
0 days 01:44:29.016000,LAW,30,0 days 00:01:48.660000,26.0,1.0,NaT,NaT,0 days 00:00:38.596000,0 days 00:00:44.536000,0 days 00:00:25.528000,0 days 01:43:19.016000,0 days 01:44:03.552000,0 days 01:44:29.080000,198.0,206.0,310.0,326.0,True,SOFT,26.0,True,Racing Bulls,0 days 01:42:40.356000,,1,12.0,,,False,True
0 days 01:46:17.520000,LAW,30,0 days 00:01:48.504000,27.0,1.0,NaT,NaT,0 days 00:00:38.585000,0 days 00:00:44.518000,0 days 00:00:25.401000,0 days 01:45:07.665000,0 days 01:45:52.183000,0 days 01:46:17.584000,195.0,202.0,310.0,325.0,True,SOFT,27.0,True,Racing Bulls,0 days 01:44:29.016000,,1,12.0,,,False,True
0 days 01:48:06.094000,LAW,30,0 days 00:01:48.574000,28.0,1.0,NaT,NaT,0 days 00:00:38.644000,0 days 00:00:44.442000,0 days 00:00:25.488000,0 days 01:46:56.228000,0 days 01:47:40.670000,0 days 01:48:06.158000,197.0,201.0,311.0,327.0,False,SOFT,28.0,True,Racing Bulls,0 days 01:46:17.520000,,1,12.0,,,False,True
0 days 01:49:54.357000,LAW,30,0 days 00:01:48.263000,29.0,1.0,NaT,NaT,0 days 00:00:38.731000,0 days 00:00:44.249000,0 days 00:00:25.283000,0 days 01:48:44.889000,0 days 01:49:29.138000,0 days 01:49:54.421000,197.0,199.0,316.0,329.0,True,SOFT,29.0,True,Racing Bulls,0 days 01:48:06.094000,,12,12.0,,,False,True
0 days 01:52:00.901000,LAW,30,0 days 00:02:06.544000,30.0,1.0,NaT,NaT,0 days 00:00:38.990000,0 days 00:00:48.888000,0 days 00:00:38.666000,0 days 01:50:33.411000,0 days 01:51:22.299000,0 days 01:52:00.965000,197.0,165.0,203.0,202.0,False,SOFT,30.0,True,Racing Bulls,0 days 01:49:54.357000,,124,12.0,,,False,False
0 days 01:54:36.156000,LAW,30,NaT,31.0,1.0,NaT,0 days 01:54:34.818000,0 days 00:00:55.860000,0 days 00:00:57.707000,0 days 00:00:41.664000,0 days 01:52:56.936000,0 days 01:53:54.645000,0 days 01:54:36.271000,116.0,151.0,,177.0,False,SOFT,31.0,True,Racing Bulls,0 days 01:52:00.901000,,4,10.0,,,False,False
0 days 01:57:00.747000,LAW,30,0 days 00:02:24.591000,32.0,2.0,0 days 01:54:56.515000,NaT,0 days 00:01:02.449000,0 days 00:00:54.402000,0 days 00:00:27.740000,0 days 01:55:38.669000,0 days 01:56:33.071000,0 days 01:57:00.811000,120.0,186.0,292.0,284.0,False,MEDIUM,1.0,True,Racing Bulls,0 days 01:54:36.156000,,4,12.0,,,False,False
0 days 01:59:20.426000,LAW,30,0 days 00:02:19.679000,33.0,2.0,NaT,NaT,0 days 00:00:44.576000,0 days 00:00:56.839000,0 days 00:00:38.264000,0 days 01:57:45.387000,0 days 01:58:42.226000,0 days 01:59:20.490000,123.0,134.0,198.0,177.0,False,MEDIUM,2.0,True,Racing Bulls,0 days 01:57:00.747000,,4,12.0,,,False,False
0 days 02:02:04.873000,LAW,30,NaT,34.0,2.0,NaT,NaT,0 days 00:01:02.495000,0 days 00:01:03.175000,0 days 00:00:38.806000,0 days 02:00:22.956000,0 days 02:01:26.238000,0 days 02:02:05.039000,164.0,176.0,247.0,245.0,False,MEDIUM,3.0,True,Racing Bulls,0 days 01:59:20.426000,,4,12.0,,,False,False
0 days 02:04:30.590000,LAW,30,0 days 00:02:25.717000,35.0,2.0,NaT,NaT,0 days 00:00:50.940000,0 days 00:01:01.086000,0 days 00:00:33.691000,0 days 02:02:55.877000,0 days 02:03:56.963000,0 days 02:04:30.654000,163.0,141.0,287.0,234.0,False,MEDIUM,4.0,True,Racing Bulls,0 days 02:02:04.873000,,41,12.0,,,False,False
0 days 02:07:01.365000,LAW,30,NaT,36.0,2.0,NaT,0 days 02:07:00.054000,0 days 00:00:51.800000,0 days 00:00:57.073000,0 days 00:00:41.878000,0 days 02:05:22.543000,0 days 02:06:19.551000,0 days 02:07:01.532000,173.0,152.0,,189.0,False,MEDIUM,5.0,True,Racing Bulls,0 days 02:04:30.590000,,124,15.0,,,False,False
0 days 02:09:50.042000,LAW,30,NaT,37.0,3.0,0 days 02:07:23.776000,NaT,0 days 00:01:10.565000,0 days 00:01:00.591000,0 days 00:00:37.549000,0 days 02:08:12.017000,0 days 02:09:12.557000,0 days 02:09:50.231000,90.0,128.0,287.0,209.0,False,SOFT,1.0,True,Racing Bulls,0 days 02:07:01.365000,,4,15.0,,,False,False
0 days 02:12:08.210000,LAW,30,0 days 00:02:18.168000,38.0,3.0,NaT,NaT,0 days 00:00:48.587000,0 days 00:00:58.832000,0 days 00:00:30.749000,0 days 02:10:38.693000,0 days 02:11:37.525000,0 days 02:12:08.274000,160.0,114.0,332.0,309.0,False,SOFT,2.0,True,Racing Bulls,0 days 02:09:50.042000,,41,15.0,,,False,False
0 days 02:13:59.262000,LAW,30,0 days 00:01:51.052000,39.0,3.0,NaT,NaT,0 days 00:00:41.264000,0 days 00:00:45.172000,0 days 00:00:24.616000,0 days 02:12:49.538000,0 days 02:13:34.710000,0 days 02:13:59.326000,185.0,191.0,341.0,342.0,False,SOFT,3.0,True,Racing Bulls,0 days 02:12:08.210000,,1,14.0,,,False,True
0 days 02:15:47.955000,LAW,30,0 days 00:01:48.693000,40.0,3.0,NaT,NaT,0 days 00:00:39.505000,0 days 00:00:44.435000,0 days 00:00:24.753000,0 days 02:14:38.831000,0 days 02:15:23.266000,0 days 02:15:48.019000,191.0,195.0,330.0,339.0,False,SOFT,4.0,True,Racing Bulls,0 days 02:13:59.262000,,12,12.0,,,False,True
0 days 02:17:35.774000,LAW,30,0 days 00:01:47.819000,41.0,3.0,NaT,NaT,0 days 00:00:38.674000,0 days 00:00:44.410000,0 days 00:00:24.735000,0 days 02:16:26.693000,0 days 02:17:11.103000,0 days 02:17:35.838000,192.0,204.0,327.0,337.0,True,SOFT,5.0,True,Racing Bulls,0 days 02:15:47.955000,,1,12.0,,,False,True
0 days 02:19:23.164000,LAW,30,0 days 00:01:47.390000,42.0,3.0,NaT,NaT,0 days 00:00:38.633000,0 days 00:00:44.074000,0 days 00:00:24.683000,0 days 02:18:14.471000,0 days 02:18:58.545000,0 days 02:19:23.228000,184.0,201.0,327.0,341.0,True,SOFT,6.0,True,Racing Bulls,0 days 02:17:35.774000,,1,12.0,,,False,True
0 days 02:21:10.379000,LAW,30,0 days 00:01:47.215000,43.0,3.0,NaT,NaT,0 days 00:00:38.316000,0 days 00:00:44.206000,0 days 00:00:24.693000,0 days 02:20:01.544000,0 days 02:20:45.750000,0 days 02:21:10.443000,194.0,198.0,329.0,338.0,True,SOFT,7.0,True,Racing Bulls,0 days 02:19:23.164000,,1,12.0,,,False,True
0 days 02:22:57.639000,LAW,30,0 days 00:01:47.260000,44.0,3.0,NaT,NaT,0 days 00:00:38.259000,0 days 00:00:44.347000,0 days 00:00:24.654000,0 days 02:21:48.702000,0 days 02:22:33.049000,0 days 02:22:57.703000,193.0,200.0,328.0,338.0,False,SOFT,8.0,True,Racing Bulls,0 days 02:21:10.379000,,1,12.0,,,False,True
0 days 02:24:44.833000,LAW,30,0 days 00:01:47.194000,45.0,3.0,NaT,NaT,0 days 00:00:38.282000,0 days 00:00:44.247000,0 days 00:00:24.665000,0 days 02:23:35.985000,0 days 02:24:20.232000,0 days 02:24:44.897000,188.0,199.0,328.0,338.0,True,SOFT,9.0,True,Racing Bulls,0 days 02:22:57.639000,,1,12.0,,,False,True
0 days 02:26:31.739000,LAW,30,0 days 00:01:46.906000,46.0,3.0,NaT,NaT,0 days 00:00:38.197000,0 days 00:00:44.129000,0 days 00:00:24.580000,0 days 02:25:23.094000,0 days 02:26:07.223000,0 days 02:26:31.803000,195.0,201.0,329.0,341.0,True,SOFT,10.0,True,Racing Bulls,0 days 02:24:44.833000,,1,12.0,,,False,True
0 days 02:28:18.671000,LAW,30,0 days 00:01:46.932000,47.0,3.0,NaT,NaT,0 days 00:00:38.293000,0 days 00:00:44.293000,0 days 00:00:24.346000,0 days 02:27:10.096000,0 days 02:27:54.389000,0 days 02:28:18.735000,185.0,199.0,339.0,347.0,False,SOFT,11.0,True,Racing Bulls,0 days 02:26:31.739000,,1,12.0,,,False,True
0 days 02:30:06.136000,LAW,30,0 days 00:01:47.465000,48.0,3.0,NaT,NaT,0 days 00:00:38.675000,0 days 00:00:44.435000,0 days 00:00:24.355000,0 days 02:28:57.410000,0 days 02:29:41.845000,0 days 02:30:06.200000,190.0,202.0,339.0,349.0,False,SOFT,12.0,True,Racing Bulls,0 days 02:28:18.671000,,1,12.0,,,False,True
0 days 02:31:54.091000,LAW,30,0 days 00:01:47.955000,49.0,3.0,NaT,NaT,0 days 00:00:39.001000,0 days 00:00:44.249000,0 days 00:00:24.705000,0 days 02:30:45.201000,0 days 02:31:29.450000,0 days 02:31:54.155000,188.0,204.0,327.0,336.0,False,SOFT,13.0,True,Racing Bulls,0 days 02:30:06.136000,,1,12.0,,,False,True
0 days 02:33:41.779000,LAW,30,0 days 00:01:47.688000,50.0,3.0,NaT,NaT,0 days 00:00:38.510000,0 days 00:00:44.425000,0 days 00:00:24.753000,0 days 02:32:32.665000,0 days 02:33:17.090000,0 days 02:33:41.843000,190.0,200.0,324.0,335.0,False,SOFT,14.0,True,Racing Bulls,0 days 02:31:54.091000,,12,12.0,,,False,True
0 days 02:35:29.651000,LAW,30,0 days 00:01:47.872000,51.0,3.0,NaT,NaT,0 days 00:00:38.431000,0 days 00:00:44.698000,0 days 00:00:24.743000,0 days 02:34:20.274000,0 days 02:35:04.972000,0 days 02:35:29.715000,197.0,195.0,318.0,338.0,False,SOFT,15.0,True,Racing Bulls,0 days 02:33:41.779000,,12,12.0,,,False,True
0 days 00:58:54.133000,OCO,31,0 days 00:02:00.629000,1.0,1.0,NaT,NaT,NaT,0 days 00:00:47.224000,0 days 00:00:25.307000,NaT,0 days 00:58:28.972000,0 days 00:58:54.232000,169.0,190.0,324.0,340.0,False,SOFT,1.0,True,Haas F1 Team,0 days 00:56:53.247000,,1,13.0,,,False,False
0 days 01:00:45.225000,OCO,31,0 days 00:01:51.092000,2.0,1.0,NaT,NaT,0 days 00:00:40.454000,0 days 00:00:45.560000,0 days 00:00:25.078000,0 days 00:59:34.608000,0 days 01:00:20.168000,0 days 01:00:45.246000,166.0,192.0,335.0,341.0,True,SOFT,2.0,True,Haas F1 Team,0 days 00:58:54.133000,,1,13.0,,,False,True
0 days 01:02:35.973000,OCO,31,0 days 00:01:50.748000,3.0,1.0,NaT,NaT,0 days 00:00:40.160000,0 days 00:00:45.234000,0 days 00:00:25.354000,0 days 01:01:25.406000,0 days 01:02:10.640000,0 days 01:02:35.994000,176.0,187.0,329.0,340.0,True,SOFT,3.0,True,Haas F1 Team,0 days 01:00:45.225000,,1,13.0,,,False,True
0 days 01:04:25.748000,OCO,31,0 days 00:01:49.775000,4.0,1.0,NaT,NaT,0 days 00:00:39.539000,0 days 00:00:45.160000,0 days 00:00:25.076000,0 days 01:03:15.533000,0 days 01:04:00.693000,0 days 01:04:25.769000,184.0,189.0,330.0,340.0,True,SOFT,4.0,True,Haas F1 Team,0 days 01:02:35.973000,,1,13.0,,,False,True
0 days 01:06:15.193000,OCO,31,0 days 00:01:49.445000,5.0,1.0,NaT,NaT,0 days 00:00:39.598000,0 days 00:00:44.773000,0 days 00:00:25.074000,0 days 01:05:05.367000,0 days 01:05:50.140000,0 days 01:06:15.214000,184.0,196.0,334.0,338.0,True,SOFT,5.0,True,Haas F1 Team,0 days 01:04:25.748000,,1,13.0,,,False,True
0 days 01:08:05.357000,OCO,31,0 days 00:01:50.164000,6.0,1.0,NaT,NaT,0 days 00:00:39.644000,0 days 00:00:45.261000,0 days 00:00:25.259000,0 days 01:06:54.858000,0 days 01:07:40.119000,0 days 01:08:05.378000,182.0,188.0,331.0,342.0,False,SOFT,6.0,True,Haas F1 Team,0 days 01:06:15.193000,,1,13.0,,,False,True
0 days 01:09:55.133000,OCO,31,0 days 00:01:49.776000,7.0,1.0,NaT,NaT,0 days 00:00:39.577000,0 days 00:00:45.076000,0 days 00:00:25.123000,0 days 01:08:44.955000,0 days 01:09:30.031000,0 days 01:09:55.154000,182.0,196.0,328.0,341.0,False,SOFT,7.0,True,Haas F1 Team,0 days 01:08:05.357000,,1,13.0,,,False,True
0 days 01:11:44.632000,OCO,31,0 days 00:01:49.499000,8.0,1.0,NaT,NaT,0 days 00:00:39.478000,0 days 00:00:44.888000,0 days 00:00:25.133000,0 days 01:10:34.632000,0 days 01:11:19.520000,0 days 01:11:44.653000,180.0,197.0,329.0,339.0,False,SOFT,8.0,True,Haas F1 Team,0 days 01:09:55.133000,,12,13.0,,,False,True
0 days 01:13:34.669000,OCO,31,0 days 00:01:50.037000,9.0,1.0,NaT,NaT,0 days 00:00:39.483000,0 days 00:00:45.247000,0 days 00:00:25.307000,0 days 01:12:24.136000,0 days 01:13:09.383000,0 days 01:13:34.690000,176.0,193.0,321.0,336.0,False,SOFT,9.0,True,Haas F1 Team,0 days 01:11:44.632000,,21,13.0,,,False,True
0 days 01:15:25.165000,OCO,31,0 days 00:01:50.496000,10.0,1.0,NaT,NaT,0 days 00:00:40.260000,0 days 00:00:44.845000,0 days 00:00:25.391000,0 days 01:14:14.950000,0 days 01:14:59.795000,0 days 01:15:25.186000,180.0,196.0,317.0,329.0,False,SOFT,10.0,True,Haas F1 Team,0 days 01:13:34.669000,,1,14.0,,,False,True
0 days 01:17:14.780000,OCO,31,0 days 00:01:49.615000,11.0,1.0,NaT,NaT,0 days 00:00:39.527000,0 days 00:00:44.832000,0 days 00:00:25.256000,0 days 01:16:04.713000,0 days 01:16:49.545000,0 days 01:17:14.801000,183.0,195.0,320.0,335.0,False,SOFT,11.0,True,Haas F1 Team,0 days 01:15:25.165000,,1,14.0,,,False,True
0 days 01:19:03.992000,OCO,31,0 days 00:01:49.212000,12.0,1.0,NaT,NaT,0 days 00:00:39.437000,0 days 00:00:44.845000,0 days 00:00:24.930000,0 days 01:17:54.238000,0 days 01:18:39.083000,0 days 01:19:04.013000,180.0,192.0,333.0,341.0,True,SOFT,12.0,True,Haas F1 Team,0 days 01:17:14.780000,,1,14.0,,,False,True
0 days 01:20:53.856000,OCO,31,0 days 00:01:49.864000,13.0,1.0,NaT,NaT,0 days 00:00:39.577000,0 days 00:00:45.187000,0 days 00:00:25.100000,0 days 01:19:43.590000,0 days 01:20:28.777000,0 days 01:20:53.877000,181.0,197.0,327.0,337.0,False,SOFT,13.0,True,Haas F1 Team,0 days 01:19:03.992000,,1,14.0,,,False,True
0 days 01:22:43.390000,OCO,31,0 days 00:01:49.534000,14.0,1.0,NaT,NaT,0 days 00:00:39.561000,0 days 00:00:44.743000,0 days 00:00:25.230000,0 days 01:21:33.438000,0 days 01:22:18.181000,0 days 01:22:43.411000,176.0,201.0,322.0,335.0,False,SOFT,14.0,True,Haas F1 Team,0 days 01:20:53.856000,,1,14.0,,,False,True
0 days 01:24:32.709000,OCO,31,0 days 00:01:49.319000,15.0,1.0,NaT,NaT,0 days 00:00:39.310000,0 days 00:00:44.717000,0 days 00:00:25.292000,0 days 01:23:22.721000,0 days 01:24:07.438000,0 days 01:24:32.730000,185.0,194.0,318.0,331.0,False,SOFT,15.0,True,Haas F1 Team,0 days 01:22:43.390000,,1,14.0,,,False,True
0 days 01:26:22.133000,OCO,31,0 days 00:01:49.424000,16.0,1.0,NaT,NaT,0 days 00:00:39.258000,0 days 00:00:44.781000,0 days 00:00:25.385000,0 days 01:25:11.988000,0 days 01:25:56.769000,0 days 01:26:22.154000,190.0,199.0,318.0,330.0,False,SOFT,16.0,True,Haas F1 Team,0 days 01:24:32.709000,,1,14.0,,,False,True
0 days 01:28:11.313000,OCO,31,0 days 00:01:49.180000,17.0,1.0,NaT,NaT,0 days 00:00:39.188000,0 days 00:00:44.554000,0 days 00:00:25.438000,0 days 01:27:01.342000,0 days 01:27:45.896000,0 days 01:28:11.334000,188.0,199.0,315.0,327.0,True,SOFT,17.0,True,Haas F1 Team,0 days 01:26:22.133000,,1,14.0,,,False,True
0 days 01:30:00.328000,OCO,31,0 days 00:01:49.015000,18.0,1.0,NaT,NaT,0 days 00:00:39.009000,0 days 00:00:44.542000,0 days 00:00:25.464000,0 days 01:28:50.343000,0 days 01:29:34.885000,0 days 01:30:00.349000,197.0,199.0,316.0,327.0,True,SOFT,18.0,True,Haas F1 Team,0 days 01:28:11.313000,,1,14.0,,,False,True
0 days 01:31:49.405000,OCO,31,0 days 00:01:49.077000,19.0,1.0,NaT,NaT,0 days 00:00:39.079000,0 days 00:00:44.550000,0 days 00:00:25.448000,0 days 01:30:39.428000,0 days 01:31:23.978000,0 days 01:31:49.426000,191.0,205.0,314.0,327.0,False,SOFT,19.0,True,Haas F1 Team,0 days 01:30:00.328000,,1,14.0,,,False,True
0 days 01:33:38.305000,OCO,31,0 days 00:01:48.900000,20.0,1.0,NaT,NaT,0 days 00:00:39.028000,0 days 00:00:44.515000,0 days 00:00:25.357000,0 days 01:32:28.454000,0 days 01:33:12.969000,0 days 01:33:38.326000,186.0,201.0,315.0,330.0,True,SOFT,20.0,True,Haas F1 Team,0 days 01:31:49.405000,,1,14.0,,,False,True
0 days 01:35:26.810000,OCO,31,0 days 00:01:48.505000,21.0,1.0,NaT,NaT,0 days 00:00:38.832000,0 days 00:00:44.368000,0 days 00:00:25.305000,0 days 01:34:17.158000,0 days 01:35:01.526000,0 days 01:35:26.831000,191.0,203.0,317.0,330.0,True,SOFT,21.0,True,Haas F1 Team,0 days 01:33:38.305000,,1,14.0,,,False,True
0 days 01:37:15.650000,OCO,31,0 days 00:01:48.840000,22.0,1.0,NaT,NaT,0 days 00:00:38.982000,0 days 00:00:44.534000,0 days 00:00:25.324000,0 days 01:36:05.813000,0 days 01:36:50.347000,0 days 01:37:15.671000,190.0,202.0,318.0,331.0,False,SOFT,22.0,True,Haas F1 Team,0 days 01:35:26.810000,,1,14.0,,,False,True
0 days 01:39:04.493000,OCO,31,0 days 00:01:48.843000,23.0,1.0,NaT,NaT,0 days 00:00:38.984000,0 days 00:00:44.551000,0 days 00:00:25.308000,0 days 01:37:54.655000,0 days 01:38:39.206000,0 days 01:39:04.514000,187.0,201.0,319.0,333.0,False,SOFT,23.0,True,Haas F1 Team,0 days 01:37:15.650000,,1,14.0,,,False,True
0 days 01:40:53.173000,OCO,31,0 days 00:01:48.680000,24.0,1.0,NaT,NaT,0 days 00:00:39.040000,0 days 00:00:44.507000,0 days 00:00:25.133000,0 days 01:39:43.554000,0 days 01:40:28.061000,0 days 01:40:53.194000,188.0,204.0,329.0,339.0,False,SOFT,24.0,True,Haas F1 Team,0 days 01:39:04.493000,,1,14.0,,,False,True
0 days 01:42:41.773000,OCO,31,0 days 00:01:48.600000,25.0,1.0,NaT,NaT,0 days 00:00:39.107000,0 days 00:00:44.600000,0 days 00:00:24.893000,0 days 01:41:32.301000,0 days 01:42:16.901000,0 days 01:42:41.794000,188.0,208.0,333.0,340.0,False,SOFT,25.0,True,Haas F1 Team,0 days 01:40:53.173000,,1,14.0,,,False,True
0 days 01:44:30.798000,OCO,31,0 days 00:01:49.025000,26.0,1.0,NaT,NaT,0 days 00:00:39.175000,0 days 00:00:44.684000,0 days 00:00:25.166000,0 days 01:43:20.969000,0 days 01:44:05.653000,0 days 01:44:30.819000,187.0,200.0,325.0,337.0,False,SOFT,26.0,True,Haas F1 Team,0 days 01:42:41.773000,,1,14.0,,,False,True
0 days 01:46:18.819000,OCO,31,0 days 00:01:48.021000,27.0,1.0,NaT,NaT,0 days 00:00:38.931000,0 days 00:00:44.309000,0 days 00:00:24.781000,0 days 01:45:09.750000,0 days 01:45:54.059000,0 days 01:46:18.840000,182.0,203.0,338.0,343.0,True,SOFT,27.0,True,Haas F1 Team,0 days 01:44:30.798000,,1,14.0,,,False,True
0 days 01:48:09.653000,OCO,31,0 days 00:01:50.834000,28.0,1.0,NaT,NaT,0 days 00:00:40.832000,0 days 00:00:44.858000,0 days 00:00:25.144000,0 days 01:46:59.672000,0 days 01:47:44.530000,0 days 01:48:09.674000,175.0,203.0,321.0,337.0,False,SOFT,28.0,True,Haas F1 Team,0 days 01:46:18.819000,,1,14.0,,,False,True
0 days 01:49:57.953000,OCO,31,0 days 00:01:48.300000,29.0,1.0,NaT,NaT,0 days 00:00:39.083000,0 days 00:00:44.237000,0 days 00:00:24.980000,0 days 01:48:48.757000,0 days 01:49:32.994000,0 days 01:49:57.974000,184.0,200.0,326.0,338.0,False,SOFT,29.0,True,Haas F1 Team,0 days 01:48:09.653000,,12,14.0,,,False,True
0 days 01:52:09.029000,OCO,31,0 days 00:02:11.076000,30.0,1.0,NaT,0 days 01:52:07.734000,0 days 00:00:39.090000,0 days 00:00:51.350000,0 days 00:00:40.636000,0 days 01:50:37.064000,0 days 01:51:28.414000,0 days 01:52:09.050000,192.0,155.0,,240.0,False,SOFT,30.0,True,Haas F1 Team,0 days 01:49:57.953000,,124,13.0,,,False,False
0 days 01:54:53.806000,OCO,31,NaT,31.0,2.0,0 days 01:52:29.132000,NaT,0 days 00:01:08.218000,0 days 00:00:59.610000,0 days 00:00:36.958000,0 days 01:53:17.413000,0 days 01:54:16.869000,0 days 01:54:54.036000,104.0,137.0,303.0,224.0,False,MEDIUM,1.0,True,Haas F1 Team,0 days 01:52:09.029000,,4,13.0,,,False,False
0 days 01:57:03.196000,OCO,31,0 days 00:02:09.390000,32.0,2.0,NaT,NaT,0 days 00:00:46.348000,0 days 00:00:54.473000,0 days 00:00:28.569000,0 days 01:55:40.175000,0 days 01:56:34.648000,0 days 01:57:03.217000,102.0,174.0,294.0,280.0,False,MEDIUM,2.0,True,Haas F1 Team,0 days 01:54:53.806000,,4,13.0,,,False,False
0 days 01:59:20.932000,OCO,31,0 days 00:02:17.736000,33.0,2.0,NaT,NaT,0 days 00:00:43.875000,0 days 00:00:56.219000,0 days 00:00:37.642000,0 days 01:57:47.092000,0 days 01:58:43.311000,0 days 01:59:20.953000,113.0,124.0,195.0,179.0,False,MEDIUM,3.0,True,Haas F1 Team,0 days 01:57:03.196000,,4,13.0,,,False,False
0 days 02:02:05.530000,OCO,31,NaT,34.0,2.0,NaT,NaT,0 days 00:01:03.168000,0 days 00:01:04.095000,0 days 00:00:37.291000,0 days 02:00:24.249000,0 days 02:01:28.342000,0 days 02:02:05.612000,154.0,140.0,223.0,228.0,False,MEDIUM,4.0,True,Haas F1 Team,0 days 01:59:20.932000,,4,13.0,,,False,False
0 days 02:04:30.636000,OCO,31,0 days 00:02:25.106000,35.0,2.0,NaT,NaT,0 days 00:00:51.924000,0 days 00:01:00.574000,0 days 00:00:32.608000,0 days 02:02:57.475000,0 days 02:03:58.049000,0 days 02:04:30.657000,175.0,149.0,294.0,278.0,False,MEDIUM,5.0,True,Haas F1 Team,0 days 02:02:05.530000,,41,13.0,,,False,False
0 days 02:06:51.463000,OCO,31,0 days 00:02:20.827000,36.0,2.0,NaT,0 days 02:06:50.192000,0 days 00:00:41.285000,0 days 00:00:55.981000,0 days 00:00:43.561000,0 days 02:05:11.942000,0 days 02:06:07.923000,0 days 02:06:51.484000,174.0,149.0,,223.0,False,MEDIUM,6.0,True,Haas F1 Team,0 days 02:04:30.636000,,124,8.0,,,False,False
0 days 02:09:33.297000,OCO,31,NaT,37.0,3.0,0 days 02:07:06.348000,NaT,0 days 00:01:00.593000,0 days 00:01:01.555000,0 days 00:00:39.670000,0 days 02:07:52.167000,0 days 02:08:53.703000,0 days 02:09:33.318000,146.0,132.0,243.0,200.0,False,MEDIUM,7.0,False,Haas F1 Team,0 days 02:06:51.463000,,4,8.0,,,False,False
0 days 02:12:06.319000,OCO,31,NaT,38.0,3.0,NaT,NaT,0 days 00:00:55.266000,0 days 00:01:04.072000,0 days 00:00:33.750000,0 days 02:10:28.689000,0 days 02:11:32.750000,0 days 02:12:06.651000,135.0,133.0,334.0,233.0,False,MEDIUM,8.0,False,Haas F1 Team,0 days 02:09:33.297000,,41,8.0,,,False,False
0 days 02:13:55.227000,OCO,31,0 days 00:01:48.908000,39.0,3.0,NaT,NaT,0 days 00:00:39.548000,0 days 00:00:44.435000,0 days 00:00:24.925000,0 days 02:12:45.888000,0 days 02:13:30.323000,0 days 02:13:55.248000,187.0,198.0,330.0,338.0,False,MEDIUM,9.0,False,Haas F1 Team,0 days 02:12:06.319000,,1,8.0,,,False,True
0 days 02:15:43.758000,OCO,31,0 days 00:01:48.531000,40.0,3.0,NaT,NaT,0 days 00:00:39.388000,0 days 00:00:43.896000,0 days 00:00:25.247000,0 days 02:14:34.636000,0 days 02:15:18.532000,0 days 02:15:43.779000,191.0,207.0,315.0,330.0,False,MEDIUM,10.0,False,Haas F1 Team,0 days 02:13:55.227000,,12,7.0,,,False,True
0 days 02:17:31.618000,OCO,31,0 days 00:01:47.860000,41.0,3.0,NaT,NaT,0 days 00:00:38.800000,0 days 00:00:43.745000,0 days 00:00:25.315000,0 days 02:16:22.579000,0 days 02:17:06.324000,0 days 02:17:31.639000,189.0,205.0,312.0,327.0,True,MEDIUM,11.0,False,Haas F1 Team,0 days 02:15:43.758000,,1,7.0,,,False,True
0 days 02:19:19.114000,OCO,31,0 days 00:01:47.496000,42.0,3.0,NaT,NaT,0 days 00:00:38.618000,0 days 00:00:43.605000,0 days 00:00:25.273000,0 days 02:18:10.257000,0 days 02:18:53.862000,0 days 02:19:19.135000,193.0,216.0,313.0,328.0,True,MEDIUM,12.0,False,Haas F1 Team,0 days 02:17:31.618000,,1,7.0,,,False,True
0 days 02:21:06.310000,OCO,31,0 days 00:01:47.196000,43.0,3.0,NaT,NaT,0 days 00:00:38.504000,0 days 00:00:43.528000,0 days 00:00:25.164000,0 days 02:19:57.639000,0 days 02:20:41.167000,0 days 02:21:06.331000,196.0,210.0,314.0,329.0,True,MEDIUM,13.0,False,Haas F1 Team,0 days 02:19:19.114000,,1,7.0,,,False,True
0 days 02:22:53.378000,OCO,31,0 days 00:01:47.068000,44.0,3.0,NaT,NaT,0 days 00:00:38.379000,0 days 00:00:43.447000,0 days 00:00:25.242000,0 days 02:21:44.710000,0 days 02:22:28.157000,0 days 02:22:53.399000,201.0,209.0,311.0,327.0,True,MEDIUM,14.0,False,Haas F1 Team,0 days 02:21:06.310000,,1,7.0,,,False,True
0 days 02:24:40.552000,OCO,31,0 days 00:01:47.174000,45.0,3.0,NaT,NaT,0 days 00:00:38.296000,0 days 00:00:43.571000,0 days 00:00:25.307000,0 days 02:23:31.695000,0 days 02:24:15.266000,0 days 02:24:40.573000,196.0,202.0,310.0,327.0,False,MEDIUM,15.0,False,Haas F1 Team,0 days 02:22:53.378000,,1,7.0,,,False,True
0 days 02:26:27.880000,OCO,31,0 days 00:01:47.328000,46.0,3.0,NaT,NaT,0 days 00:00:38.360000,0 days 00:00:43.616000,0 days 00:00:25.352000,0 days 02:25:18.933000,0 days 02:26:02.549000,0 days 02:26:27.901000,198.0,210.0,309.0,326.0,False,MEDIUM,16.0,False,Haas F1 Team,0 days 02:24:40.552000,,1,7.0,,,False,True
0 days 02:28:15.441000,OCO,31,0 days 00:01:47.561000,47.0,3.0,NaT,NaT,0 days 00:00:38.507000,0 days 00:00:43.702000,0 days 00:00:25.352000,0 days 02:27:06.408000,0 days 02:27:50.110000,0 days 02:28:15.462000,190.0,210.0,307.0,325.0,False,MEDIUM,17.0,False,Haas F1 Team,0 days 02:26:27.880000,,1,7.0,,,False,True
0 days 02:30:03.139000,OCO,31,0 days 00:01:47.698000,48.0,3.0,NaT,NaT,0 days 00:00:38.631000,0 days 00:00:43.698000,0 days 00:00:25.369000,0 days 02:28:54.093000,0 days 02:29:37.791000,0 days 02:30:03.160000,192.0,208.0,307.0,326.0,False,MEDIUM,18.0,False,Haas F1 Team,0 days 02:28:15.441000,,1,7.0,,,False,True
0 days 02:31:50.272000,OCO,31,0 days 00:01:47.133000,49.0,3.0,NaT,NaT,0 days 00:00:38.343000,0 days 00:00:43.434000,0 days 00:00:25.356000,0 days 02:30:41.503000,0 days 02:31:24.937000,0 days 02:31:50.293000,199.0,208.0,307.0,326.0,False,MEDIUM,19.0,False,Haas F1 Team,0 days 02:30:03.139000,,1,7.0,,,False,True
0 days 02:33:37.896000,OCO,31,0 days 00:01:47.624000,50.0,3.0,NaT,NaT,0 days 00:00:38.808000,0 days 00:00:43.341000,0 days 00:00:25.475000,0 days 02:32:29.101000,0 days 02:33:12.442000,0 days 02:33:37.917000,196.0,212.0,304.0,322.0,False,MEDIUM,20.0,False,Haas F1 Team,0 days 02:31:50.272000,,12,7.0,,,False,True
0 days 02:35:26.821000,OCO,31,0 days 00:01:48.925000,51.0,3.0,NaT,NaT,0 days 00:00:38.421000,0 days 00:00:44.673000,0 days 00:00:25.831000,0 days 02:34:16.338000,0 days 02:35:01.011000,0 days 02:35:26.842000,195.0,193.0,322.0,322.0,False,MEDIUM,21.0,False,Haas F1 Team,0 days 02:33:37.896000,,12,8.0,,,False,True
0 days 00:58:54.864000,LIN,41,0 days 00:02:01.360000,1.0,1.0,NaT,NaT,NaT,0 days 00:00:47.844000,0 days 00:00:25.044000,NaT,0 days 00:58:29.948000,0 days 00:58:54.991000,161.0,192.0,329.0,338.0,False,MEDIUM,1.0,True,Racing Bulls,0 days 00:56:53.247000,,1,14.0,,,False,False
0 days 01:00:46.533000,LIN,41,0 days 00:01:51.669000,2.0,1.0,NaT,NaT,0 days 00:00:40.510000,0 days 00:00:46.072000,0 days 00:00:25.087000,0 days 00:59:35.442000,0 days 01:00:21.514000,0 days 01:00:46.601000,170.0,200.0,323.0,333.0,True,MEDIUM,2.0,True,Racing Bulls,0 days 00:58:54.864000,,1,14.0,,,False,True
0 days 01:02:37.322000,LIN,41,0 days 00:01:50.789000,3.0,1.0,NaT,NaT,0 days 00:00:39.868000,0 days 00:00:45.767000,0 days 00:00:25.154000,0 days 01:01:26.469000,0 days 01:02:12.236000,0 days 01:02:37.390000,179.0,199.0,321.0,331.0,True,MEDIUM,3.0,True,Racing Bulls,0 days 01:00:46.533000,,1,14.0,,,False,True
0 days 01:04:27.578000,LIN,41,0 days 00:01:50.256000,4.0,1.0,NaT,NaT,0 days 00:00:39.539000,0 days 00:00:45.512000,0 days 00:00:25.205000,0 days 01:03:16.929000,0 days 01:04:02.441000,0 days 01:04:27.646000,186.0,195.0,319.0,332.0,True,MEDIUM,4.0,True,Racing Bulls,0 days 01:02:37.322000,,1,14.0,,,False,True
0 days 01:06:17.829000,LIN,41,0 days 00:01:50.251000,5.0,1.0,NaT,NaT,0 days 00:00:39.508000,0 days 00:00:45.309000,0 days 00:00:25.434000,0 days 01:05:07.154000,0 days 01:05:52.463000,0 days 01:06:17.897000,189.0,193.0,317.0,328.0,True,MEDIUM,5.0,True,Racing Bulls,0 days 01:04:27.578000,,1,14.0,,,False,True
0 days 01:08:08.799000,LIN,41,0 days 00:01:50.970000,6.0,1.0,NaT,NaT,0 days 00:00:40.342000,0 days 00:00:45.362000,0 days 00:00:25.266000,0 days 01:06:58.239000,0 days 01:07:43.601000,0 days 01:08:08.867000,185.0,193.0,316.0,330.0,False,MEDIUM,6.0,True,Racing Bulls,0 days 01:06:17.829000,,1,15.0,,,False,True
0 days 01:09:58.780000,LIN,41,0 days 00:01:49.981000,7.0,1.0,NaT,NaT,0 days 00:00:39.351000,0 days 00:00:45.214000,0 days 00:00:25.416000,0 days 01:08:48.218000,0 days 01:09:33.432000,0 days 01:09:58.848000,192.0,197.0,314.0,329.0,True,MEDIUM,7.0,True,Racing Bulls,0 days 01:08:08.799000,,1,15.0,,,False,True
0 days 01:11:48.590000,LIN,41,0 days 00:01:49.810000,8.0,1.0,NaT,NaT,0 days 00:00:39.319000,0 days 00:00:45.073000,0 days 00:00:25.418000,0 days 01:10:38.167000,0 days 01:11:23.240000,0 days 01:11:48.658000,190.0,198.0,314.0,327.0,True,MEDIUM,8.0,True,Racing Bulls,0 days 01:09:58.780000,,12,15.0,,,False,True
0 days 01:13:38.447000,LIN,41,0 days 00:01:49.857000,9.0,1.0,NaT,NaT,0 days 00:00:39.079000,0 days 00:00:45.406000,0 days 00:00:25.372000,0 days 01:12:27.737000,0 days 01:13:13.143000,0 days 01:13:38.515000,192.0,199.0,314.0,328.0,False,MEDIUM,9.0,True,Racing Bulls,0 days 01:11:48.590000,,1,15.0,,,False,True
0 days 01:15:28.101000,LIN,41,0 days 00:01:49.654000,10.0,1.0,NaT,NaT,0 days 00:00:39.155000,0 days 00:00:45.147000,0 days 00:00:25.352000,0 days 01:14:17.670000,0 days 01:15:02.817000,0 days 01:15:28.169000,200.0,197.0,312.0,327.0,True,MEDIUM,10.0,True,Racing Bulls,0 days 01:13:38.447000,,1,15.0,,,False,True
0 days 01:17:17.466000,LIN,41,0 days 00:01:49.365000,11.0,1.0,NaT,NaT,0 days 00:00:39.018000,0 days 00:00:44.959000,0 days 00:00:25.388000,0 days 01:16:07.187000,0 days 01:16:52.146000,0 days 01:17:17.534000,194.0,193.0,314.0,327.0,True,MEDIUM,11.0,True,Racing Bulls,0 days 01:15:28.101000,,1,15.0,,,False,True
0 days 01:19:06.805000,LIN,41,0 days 00:01:49.339000,12.0,1.0,NaT,NaT,0 days 00:00:39.005000,0 days 00:00:45.090000,0 days 00:00:25.244000,0 days 01:17:56.539000,0 days 01:18:41.629000,0 days 01:19:06.873000,194.0,197.0,316.0,329.0,True,MEDIUM,12.0,True,Racing Bulls,0 days 01:17:17.466000,,1,15.0,,,False,True
0 days 01:20:56.108000,LIN,41,0 days 00:01:49.303000,13.0,1.0,NaT,NaT,0 days 00:00:39.066000,0 days 00:00:44.995000,0 days 00:00:25.242000,0 days 01:19:45.939000,0 days 01:20:30.934000,0 days 01:20:56.176000,197.0,208.0,317.0,330.0,True,MEDIUM,13.0,True,Racing Bulls,0 days 01:19:06.805000,,1,15.0,,,False,True
0 days 01:22:45.423000,LIN,41,0 days 00:01:49.315000,14.0,1.0,NaT,NaT,0 days 00:00:38.930000,0 days 00:00:45.103000,0 days 00:00:25.282000,0 days 01:21:35.106000,0 days 01:22:20.209000,0 days 01:22:45.491000,195.0,198.0,316.0,331.0,False,MEDIUM,14.0,True,Racing Bulls,0 days 01:20:56.108000,,1,15.0,,,False,True
0 days 01:24:35.098000,LIN,41,0 days 00:01:49.675000,15.0,1.0,NaT,NaT,0 days 00:00:39.199000,0 days 00:00:45.218000,0 days 00:00:25.258000,0 days 01:23:24.690000,0 days 01:24:09.908000,0 days 01:24:35.166000,191.0,198.0,314.0,330.0,False,MEDIUM,15.0,True,Racing Bulls,0 days 01:22:45.423000,,1,15.0,,,False,True
0 days 01:26:24.597000,LIN,41,0 days 00:01:49.499000,16.0,1.0,NaT,NaT,0 days 00:00:39.161000,0 days 00:00:44.962000,0 days 00:00:25.376000,0 days 01:25:14.327000,0 days 01:25:59.289000,0 days 01:26:24.665000,194.0,202.0,315.0,329.0,False,MEDIUM,16.0,True,Racing Bulls,0 days 01:24:35.098000,,1,15.0,,,False,True
0 days 01:28:13.699000,LIN,41,0 days 00:01:49.102000,17.0,1.0,NaT,NaT,0 days 00:00:38.997000,0 days 00:00:44.835000,0 days 00:00:25.270000,0 days 01:27:03.662000,0 days 01:27:48.497000,0 days 01:28:13.767000,198.0,200.0,315.0,328.0,True,MEDIUM,17.0,True,Racing Bulls,0 days 01:26:24.597000,,1,15.0,,,False,True
0 days 01:30:03.079000,LIN,41,0 days 00:01:49.380000,18.0,1.0,NaT,NaT,0 days 00:00:38.953000,0 days 00:00:44.959000,0 days 00:00:25.468000,0 days 01:28:52.720000,0 days 01:29:37.679000,0 days 01:30:03.147000,196.0,199.0,313.0,327.0,False,MEDIUM,18.0,True,Racing Bulls,0 days 01:28:13.699000,,1,15.0,,,False,True
0 days 01:31:52.359000,LIN,41,0 days 00:01:49.280000,19.0,1.0,NaT,NaT,0 days 00:00:39.090000,0 days 00:00:44.865000,0 days 00:00:25.325000,0 days 01:30:42.237000,0 days 01:31:27.102000,0 days 01:31:52.427000,198.0,198.0,312.0,328.0,False,MEDIUM,19.0,True,Racing Bulls,0 days 01:30:03.079000,,1,15.0,,,False,True
0 days 01:33:41.602000,LIN,41,0 days 00:01:49.243000,20.0,1.0,NaT,NaT,0 days 00:00:39.039000,0 days 00:00:44.884000,0 days 00:00:25.320000,0 days 01:32:31.466000,0 days 01:33:16.350000,0 days 01:33:41.670000,198.0,204.0,312.0,328.0,False,MEDIUM,20.0,True,Racing Bulls,0 days 01:31:52.359000,,1,15.0,,,False,True
0 days 01:35:30.728000,LIN,41,0 days 00:01:49.126000,21.0,1.0,NaT,NaT,0 days 00:00:38.851000,0 days 00:00:44.920000,0 days 00:00:25.355000,0 days 01:34:20.521000,0 days 01:35:05.441000,0 days 01:35:30.796000,187.0,206.0,311.0,328.0,False,MEDIUM,21.0,True,Racing Bulls,0 days 01:33:41.602000,,1,15.0,,,False,True
0 days 01:37:19.870000,LIN,41,0 days 00:01:49.142000,22.0,1.0,NaT,NaT,0 days 00:00:39.014000,0 days 00:00:44.798000,0 days 00:00:25.330000,0 days 01:36:09.810000,0 days 01:36:54.608000,0 days 01:37:19.938000,194.0,201.0,311.0,327.0,False,MEDIUM,22.0,True,Racing Bulls,0 days 01:35:30.728000,,1,15.0,,,False,True
0 days 01:39:09.042000,LIN,41,0 days 00:01:49.172000,23.0,1.0,NaT,NaT,0 days 00:00:38.917000,0 days 00:00:44.812000,0 days 00:00:25.443000,0 days 01:37:58.855000,0 days 01:38:43.667000,0 days 01:39:09.110000,195.0,201.0,310.0,327.0,False,MEDIUM,23.0,True,Racing Bulls,0 days 01:37:19.870000,,1,15.0,,,False,True
0 days 01:40:58.453000,LIN,41,0 days 00:01:49.411000,24.0,1.0,NaT,NaT,0 days 00:00:38.971000,0 days 00:00:44.981000,0 days 00:00:25.459000,0 days 01:39:48.081000,0 days 01:40:33.062000,0 days 01:40:58.521000,194.0,202.0,311.0,327.0,False,MEDIUM,24.0,True,Racing Bulls,0 days 01:39:09.042000,,1,15.0,,,False,True
0 days 01:42:47.677000,LIN,41,0 days 00:01:49.224000,25.0,1.0,NaT,NaT,0 days 00:00:38.955000,0 days 00:00:44.910000,0 days 00:00:25.359000,0 days 01:41:37.476000,0 days 01:42:22.386000,0 days 01:42:47.745000,197.0,207.0,309.0,327.0,False,MEDIUM,25.0,True,Racing Bulls,0 days 01:40:58.453000,,1,15.0,,,False,True
0 days 01:44:36.770000,LIN,41,0 days 00:01:49.093000,26.0,1.0,NaT,NaT,0 days 00:00:38.840000,0 days 00:00:44.726000,0 days 00:00:25.527000,0 days 01:43:26.585000,0 days 01:44:11.311000,0 days 01:44:36.838000,195.0,204.0,310.0,326.0,True,MEDIUM,26.0,True,Racing Bulls,0 days 01:42:47.677000,,1,15.0,,,False,True
0 days 01:46:25.659000,LIN,41,0 days 00:01:48.889000,27.0,1.0,NaT,NaT,0 days 00:00:38.807000,0 days 00:00:44.688000,0 days 00:00:25.394000,0 days 01:45:15.645000,0 days 01:46:00.333000,0 days 01:46:25.727000,195.0,201.0,309.0,326.0,True,MEDIUM,27.0,True,Racing Bulls,0 days 01:44:36.770000,,1,15.0,,,False,True
0 days 01:48:14.700000,LIN,41,0 days 00:01:49.041000,28.0,1.0,NaT,NaT,0 days 00:00:38.919000,0 days 00:00:44.685000,0 days 00:00:25.437000,0 days 01:47:04.646000,0 days 01:47:49.331000,0 days 01:48:14.768000,192.0,198.0,310.0,327.0,False,MEDIUM,28.0,True,Racing Bulls,0 days 01:46:25.659000,,1,15.0,,,False,True
0 days 01:50:03.643000,LIN,41,0 days 00:01:48.943000,29.0,1.0,NaT,NaT,0 days 00:00:38.853000,0 days 00:00:44.671000,0 days 00:00:25.419000,0 days 01:48:53.621000,0 days 01:49:38.292000,0 days 01:50:03.711000,200.0,204.0,309.0,326.0,False,MEDIUM,29.0,True,Racing Bulls,0 days 01:48:14.700000,,12,15.0,,,False,True
0 days 01:52:17.648000,LIN,41,0 days 00:02:14.005000,30.0,1.0,NaT,0 days 01:52:16.446000,0 days 00:00:38.900000,0 days 00:00:53.370000,0 days 00:00:41.735000,0 days 01:50:42.611000,0 days 01:51:35.981000,0 days 01:52:17.716000,186.0,159.0,,214.0,False,MEDIUM,30.0,True,Racing Bulls,0 days 01:50:03.643000,,124,14.0,,,False,False
0 days 01:55:03.359000,LIN,41,NaT,31.0,2.0,0 days 01:52:38.491000,NaT,0 days 00:01:08.757000,0 days 00:00:59.636000,0 days 00:00:37.319000,0 days 01:53:26.626000,0 days 01:54:26.192000,0 days 01:55:03.610000,101.0,154.0,293.0,181.0,False,SOFT,1.0,True,Racing Bulls,0 days 01:52:17.648000,,4,15.0,,,False,False
0 days 01:57:09.342000,LIN,41,0 days 00:02:05.983000,32.0,2.0,NaT,NaT,0 days 00:00:43.281000,0 days 00:00:53.968000,0 days 00:00:28.734000,0 days 01:55:46.708000,0 days 01:56:40.676000,0 days 01:57:09.410000,94.0,191.0,273.0,268.0,False,SOFT,2.0,True,Racing Bulls,0 days 01:55:03.359000,,4,15.0,,,False,False
0 days 01:59:22.016000,LIN,41,0 days 00:02:12.674000,33.0,2.0,NaT,NaT,0 days 00:00:40.515000,0 days 00:00:54.337000,0 days 00:00:37.822000,0 days 01:57:49.925000,0 days 01:58:44.262000,0 days 01:59:22.084000,135.0,129.0,245.0,183.0,False,SOFT,3.0,True,Racing Bulls,0 days 01:57:09.342000,,4,14.0,,,False,False
0 days 02:02:06.407000,LIN,41,NaT,34.0,2.0,NaT,NaT,0 days 00:01:03.015000,0 days 00:01:03.844000,0 days 00:00:37.544000,0 days 02:00:25.094000,0 days 02:01:29.030000,0 days 02:02:06.569000,170.0,141.0,229.0,217.0,False,SOFT,4.0,True,Racing Bulls,0 days 01:59:22.016000,,4,14.0,,,False,False
0 days 02:04:30.803000,LIN,41,0 days 00:02:24.396000,35.0,2.0,NaT,NaT,0 days 00:00:52.101000,0 days 00:01:00.199000,0 days 00:00:32.096000,0 days 02:02:58.576000,0 days 02:03:58.775000,0 days 02:04:30.871000,190.0,141.0,308.0,278.0,False,SOFT,5.0,True,Racing Bulls,0 days 02:02:06.407000,,41,14.0,,,False,False
0 days 02:06:53.458000,LIN,41,0 days 00:02:22.655000,36.0,2.0,NaT,0 days 02:06:52.237000,0 days 00:00:43.184000,0 days 00:00:56.313000,0 days 00:00:43.158000,0 days 02:05:14.055000,0 days 02:06:10.368000,0 days 02:06:53.526000,149.0,123.0,,207.0,False,SOFT,6.0,True,Racing Bulls,0 days 02:04:30.803000,,124,10.0,,,False,False
0 days 02:09:35.723000,LIN,41,NaT,37.0,3.0,0 days 02:07:08.261000,NaT,0 days 00:01:02.250000,0 days 00:00:59.833000,0 days 00:00:40.106000,0 days 02:07:55.852000,0 days 02:08:55.746000,0 days 02:09:35.832000,131.0,157.0,260.0,231.0,False,SOFT,7.0,False,Racing Bulls,0 days 02:06:53.458000,,4,10.0,,,False,False
0 days 02:12:06.720000,LIN,41,NaT,38.0,3.0,NaT,NaT,0 days 00:00:54.714000,0 days 00:01:03.570000,0 days 00:00:32.807000,0 days 02:10:30.417000,0 days 02:11:34.141000,0 days 02:12:06.970000,172.0,151.0,344.0,246.0,False,SOFT,8.0,False,Racing Bulls,0 days 02:09:35.723000,,41,10.0,,,False,False
0 days 02:13:56.011000,LIN,41,0 days 00:01:49.291000,39.0,3.0,NaT,NaT,0 days 00:00:40.076000,0 days 00:00:44.778000,0 days 00:00:24.437000,0 days 02:12:46.864000,0 days 02:13:31.642000,0 days 02:13:56.079000,193.0,204.0,348.0,344.0,False,SOFT,9.0,False,Racing Bulls,0 days 02:12:06.720000,,1,10.0,,,False,True
0 days 02:15:44.655000,LIN,41,0 days 00:01:48.644000,40.0,3.0,NaT,NaT,0 days 00:00:39.718000,0 days 00:00:44.436000,0 days 00:00:24.490000,0 days 02:14:35.797000,0 days 02:15:20.233000,0 days 02:15:44.723000,186.0,209.0,339.0,345.0,True,SOFT,10.0,False,Racing Bulls,0 days 02:13:56.011000,,12,9.0,,,False,True
0 days 02:17:32.584000,LIN,41,0 days 00:01:47.929000,41.0,3.0,NaT,NaT,0 days 00:00:38.950000,0 days 00:00:44.428000,0 days 00:00:24.551000,0 days 02:16:23.673000,0 days 02:17:08.101000,0 days 02:17:32.652000,182.0,204.0,335.0,344.0,True,SOFT,11.0,False,Racing Bulls,0 days 02:15:44.655000,,1,9.0,,,False,True
0 days 02:19:20.028000,LIN,41,0 days 00:01:47.444000,42.0,3.0,NaT,NaT,0 days 00:00:38.770000,0 days 00:00:44.211000,0 days 00:00:24.463000,0 days 02:18:11.422000,0 days 02:18:55.633000,0 days 02:19:20.096000,189.0,201.0,337.0,344.0,True,SOFT,12.0,False,Racing Bulls,0 days 02:17:32.584000,,1,9.0,,,False,True
0 days 02:21:07.587000,LIN,41,0 days 00:01:47.559000,43.0,3.0,NaT,NaT,0 days 00:00:38.709000,0 days 00:00:44.322000,0 days 00:00:24.528000,0 days 02:19:58.805000,0 days 02:20:43.127000,0 days 02:21:07.655000,186.0,209.0,328.0,343.0,False,SOFT,13.0,False,Racing Bulls,0 days 02:19:20.028000,,1,9.0,,,False,True
0 days 02:22:54.436000,LIN,41,0 days 00:01:46.849000,44.0,3.0,NaT,NaT,0 days 00:00:38.398000,0 days 00:00:44.026000,0 days 00:00:24.425000,0 days 02:21:46.053000,0 days 02:22:30.079000,0 days 02:22:54.504000,188.0,209.0,337.0,344.0,True,SOFT,14.0,False,Racing Bulls,0 days 02:21:07.587000,,1,9.0,,,False,True
0 days 02:24:41.652000,LIN,41,0 days 00:01:47.216000,45.0,3.0,NaT,NaT,0 days 00:00:38.546000,0 days 00:00:44.111000,0 days 00:00:24.559000,0 days 02:23:33.050000,0 days 02:24:17.161000,0 days 02:24:41.720000,188.0,206.0,332.0,343.0,False,SOFT,15.0,False,Racing Bulls,0 days 02:22:54.436000,,1,9.0,,,False,True
0 days 02:26:28.647000,LIN,41,0 days 00:01:46.995000,46.0,3.0,NaT,NaT,0 days 00:00:38.376000,0 days 00:00:44.200000,0 days 00:00:24.419000,0 days 02:25:20.096000,0 days 02:26:04.296000,0 days 02:26:28.715000,188.0,208.0,338.0,344.0,False,SOFT,16.0,False,Racing Bulls,0 days 02:24:41.652000,,1,9.0,,,False,True
0 days 02:28:16.391000,LIN,41,0 days 00:01:47.744000,47.0,3.0,NaT,NaT,0 days 00:00:38.846000,0 days 00:00:44.344000,0 days 00:00:24.554000,0 days 02:27:07.561000,0 days 02:27:51.905000,0 days 02:28:16.459000,185.0,204.0,334.0,343.0,False,SOFT,17.0,False,Racing Bulls,0 days 02:26:28.647000,,1,9.0,,,False,True
0 days 02:30:03.800000,LIN,41,0 days 00:01:47.409000,48.0,3.0,NaT,NaT,0 days 00:00:38.561000,0 days 00:00:43.928000,0 days 00:00:24.920000,0 days 02:28:55.020000,0 days 02:29:38.948000,0 days 02:30:03.868000,194.0,209.0,314.0,331.0,False,SOFT,18.0,False,Racing Bulls,0 days 02:28:16.391000,,1,8.0,,,False,True
0 days 02:31:50.657000,LIN,41,0 days 00:01:46.857000,49.0,3.0,NaT,NaT,0 days 00:00:38.352000,0 days 00:00:43.816000,0 days 00:00:24.689000,0 days 02:30:42.220000,0 days 02:31:26.036000,0 days 02:31:50.725000,200.0,209.0,326.0,336.0,False,SOFT,19.0,False,Racing Bulls,0 days 02:30:03.800000,,1,8.0,,,False,True
0 days 02:33:38.452000,LIN,41,0 days 00:01:47.795000,50.0,3.0,NaT,NaT,0 days 00:00:38.885000,0 days 00:00:44.175000,0 days 00:00:24.735000,0 days 02:32:29.610000,0 days 02:33:13.785000,0 days 02:33:38.520000,194.0,202.0,324.0,334.0,False,SOFT,20.0,False,Racing Bulls,0 days 02:31:50.657000,,12,8.0,,,False,True
0 days 02:35:26.775000,LIN,41,0 days 00:01:48.323000,51.0,3.0,NaT,NaT,0 days 00:00:38.403000,0 days 00:00:45.039000,0 days 00:00:24.881000,0 days 02:34:16.923000,0 days 02:35:01.962000,0 days 02:35:26.843000,194.0,200.0,313.0,345.0,False,SOFT,21.0,False,Racing Bulls,0 days 02:33:38.452000,,12,7.0,,,False,True
0 days 00:58:51.539000,COL,43,0 days 00:01:58.035000,1.0,1.0,NaT,NaT,NaT,0 days 00:00:46.191000,0 days 00:00:24.974000,NaT,0 days 00:58:26.742000,0 days 00:58:51.999000,165.0,198.0,332.0,338.0,False,MEDIUM,1.0,True,Alpine,0 days 00:56:53.247000,,1,9.0,,,False,False
0 days 01:00:41.986000,COL,43,0 days 00:01:50.447000,2.0,1.0,NaT,NaT,0 days 00:00:40.092000,0 days 00:00:45.265000,0 days 00:00:25.090000,0 days 00:59:31.691000,0 days 01:00:16.956000,0 days 01:00:42.046000,176.0,195.0,328.0,334.0,True,MEDIUM,2.0,True,Alpine,0 days 00:58:51.539000,,1,9.0,,,False,True
0 days 01:02:31.703000,COL,43,0 days 00:01:49.717000,3.0,1.0,NaT,NaT,0 days 00:00:39.481000,0 days 00:00:45.110000,0 days 00:00:25.126000,0 days 01:01:21.527000,0 days 01:02:06.637000,0 days 01:02:31.763000,178.0,207.0,326.0,331.0,True,MEDIUM,3.0,True,Alpine,0 days 01:00:41.986000,,1,9.0,,,False,True
0 days 01:04:21.535000,COL,43,0 days 00:01:49.832000,4.0,1.0,NaT,NaT,0 days 00:00:39.267000,0 days 00:00:45.165000,0 days 00:00:25.400000,0 days 01:03:11.030000,0 days 01:03:56.195000,0 days 01:04:21.595000,183.0,196.0,323.0,325.0,False,MEDIUM,4.0,True,Alpine,0 days 01:02:31.703000,,1,9.0,,,False,True
0 days 01:06:10.830000,COL,43,0 days 00:01:49.295000,5.0,1.0,NaT,NaT,0 days 00:00:39.268000,0 days 00:00:44.809000,0 days 00:00:25.218000,0 days 01:05:00.863000,0 days 01:05:45.672000,0 days 01:06:10.890000,187.0,203.0,323.0,327.0,True,MEDIUM,5.0,True,Alpine,0 days 01:04:21.535000,,1,9.0,,,False,True
0 days 01:07:59.631000,COL,43,0 days 00:01:48.801000,6.0,1.0,NaT,NaT,0 days 00:00:38.885000,0 days 00:00:44.835000,0 days 00:00:25.081000,0 days 01:06:49.775000,0 days 01:07:34.610000,0 days 01:07:59.691000,191.0,195.0,324.0,330.0,True,MEDIUM,6.0,True,Alpine,0 days 01:06:10.830000,,1,9.0,,,False,True
0 days 01:09:48.998000,COL,43,0 days 00:01:49.367000,7.0,1.0,NaT,NaT,0 days 00:00:39.102000,0 days 00:00:44.947000,0 days 00:00:25.318000,0 days 01:08:38.793000,0 days 01:09:23.740000,0 days 01:09:49.058000,195.0,201.0,322.0,327.0,False,MEDIUM,7.0,True,Alpine,0 days 01:07:59.631000,,1,9.0,,,False,True
0 days 01:11:38.530000,COL,43,0 days 00:01:49.532000,8.0,1.0,NaT,NaT,0 days 00:00:39.036000,0 days 00:00:45.137000,0 days 00:00:25.359000,0 days 01:10:28.094000,0 days 01:11:13.231000,0 days 01:11:38.590000,187.0,201.0,321.0,323.0,False,MEDIUM,8.0,True,Alpine,0 days 01:09:48.998000,,1,9.0,,,False,True
0 days 01:13:27.872000,COL,43,0 days 00:01:49.342000,9.0,1.0,NaT,NaT,0 days 00:00:38.875000,0 days 00:00:44.972000,0 days 00:00:25.495000,0 days 01:12:17.465000,0 days 01:13:02.437000,0 days 01:13:27.932000,192.0,190.0,317.0,320.0,False,MEDIUM,9.0,True,Alpine,0 days 01:11:38.530000,,12,9.0,,,False,True
0 days 01:15:17.361000,COL,43,0 days 00:01:49.489000,10.0,1.0,NaT,NaT,0 days 00:00:39.200000,0 days 00:00:44.794000,0 days 00:00:25.495000,0 days 01:14:07.132000,0 days 01:14:51.926000,0 days 01:15:17.421000,195.0,199.0,314.0,316.0,False,MEDIUM,10.0,True,Alpine,0 days 01:13:27.872000,,1,9.0,,,False,True
0 days 01:17:06.219000,COL,43,0 days 00:01:48.858000,11.0,1.0,NaT,NaT,0 days 00:00:38.825000,0 days 00:00:44.596000,0 days 00:00:25.437000,0 days 01:15:56.246000,0 days 01:16:40.842000,0 days 01:17:06.279000,194.0,199.0,314.0,319.0,False,MEDIUM,11.0,True,Alpine,0 days 01:15:17.361000,,1,9.0,,,False,True
0 days 01:18:55.133000,COL,43,0 days 00:01:48.914000,12.0,1.0,NaT,NaT,0 days 00:00:38.940000,0 days 00:00:44.631000,0 days 00:00:25.343000,0 days 01:17:45.219000,0 days 01:18:29.850000,0 days 01:18:55.193000,194.0,204.0,317.0,321.0,False,MEDIUM,12.0,True,Alpine,0 days 01:17:06.219000,,1,9.0,,,False,True
0 days 01:20:44.105000,COL,43,0 days 00:01:48.972000,13.0,1.0,NaT,NaT,0 days 00:00:38.804000,0 days 00:00:44.655000,0 days 00:00:25.513000,0 days 01:19:33.997000,0 days 01:20:18.652000,0 days 01:20:44.165000,192.0,201.0,314.0,318.0,False,MEDIUM,13.0,True,Alpine,0 days 01:18:55.133000,,1,9.0,,,False,True
0 days 01:22:32.648000,COL,43,0 days 00:01:48.543000,14.0,1.0,NaT,NaT,0 days 00:00:38.842000,0 days 00:00:44.274000,0 days 00:00:25.427000,0 days 01:21:23.007000,0 days 01:22:07.281000,0 days 01:22:32.708000,191.0,206.0,314.0,320.0,True,MEDIUM,14.0,True,Alpine,0 days 01:20:44.105000,,1,9.0,,,False,True
0 days 01:24:21.393000,COL,43,0 days 00:01:48.745000,15.0,1.0,NaT,NaT,0 days 00:00:38.794000,0 days 00:00:44.548000,0 days 00:00:25.403000,0 days 01:23:11.502000,0 days 01:23:56.050000,0 days 01:24:21.453000,191.0,209.0,314.0,320.0,False,MEDIUM,15.0,True,Alpine,0 days 01:22:32.648000,,1,9.0,,,False,True
0 days 01:26:10.021000,COL,43,0 days 00:01:48.628000,16.0,1.0,NaT,NaT,0 days 00:00:38.918000,0 days 00:00:44.274000,0 days 00:00:25.436000,0 days 01:25:00.371000,0 days 01:25:44.645000,0 days 01:26:10.081000,195.0,204.0,315.0,319.0,False,MEDIUM,16.0,True,Alpine,0 days 01:24:21.393000,,1,9.0,,,False,True
0 days 01:27:58.505000,COL,43,0 days 00:01:48.484000,17.0,1.0,NaT,NaT,0 days 00:00:38.774000,0 days 00:00:44.283000,0 days 00:00:25.427000,0 days 01:26:48.855000,0 days 01:27:33.138000,0 days 01:27:58.565000,190.0,207.0,314.0,318.0,True,MEDIUM,17.0,True,Alpine,0 days 01:26:10.021000,,1,9.0,,,False,True
0 days 01:29:47.337000,COL,43,0 days 00:01:48.832000,18.0,1.0,NaT,NaT,0 days 00:00:38.856000,0 days 00:00:44.481000,0 days 00:00:25.495000,0 days 01:28:37.421000,0 days 01:29:21.902000,0 days 01:29:47.397000,195.0,206.0,313.0,318.0,False,MEDIUM,18.0,True,Alpine,0 days 01:27:58.505000,,1,9.0,,,False,True
0 days 01:31:36.096000,COL,43,0 days 00:01:48.759000,19.0,1.0,NaT,NaT,0 days 00:00:38.783000,0 days 00:00:44.506000,0 days 00:00:25.470000,0 days 01:30:26.180000,0 days 01:31:10.686000,0 days 01:31:36.156000,195.0,210.0,312.0,318.0,False,MEDIUM,19.0,True,Alpine,0 days 01:29:47.337000,,1,9.0,,,False,True
0 days 01:33:25.133000,COL,43,0 days 00:01:49.037000,20.0,1.0,NaT,NaT,0 days 00:00:38.997000,0 days 00:00:44.497000,0 days 00:00:25.543000,0 days 01:32:15.153000,0 days 01:32:59.650000,0 days 01:33:25.193000,196.0,196.0,311.0,318.0,False,MEDIUM,20.0,True,Alpine,0 days 01:31:36.096000,,1,9.0,,,False,True
0 days 01:35:14.254000,COL,43,0 days 00:01:49.121000,21.0,1.0,NaT,NaT,0 days 00:00:38.967000,0 days 00:00:44.726000,0 days 00:00:25.428000,0 days 01:34:04.160000,0 days 01:34:48.886000,0 days 01:35:14.314000,200.0,199.0,311.0,320.0,False,MEDIUM,21.0,True,Alpine,0 days 01:33:25.133000,,1,9.0,,,False,True
0 days 01:37:03.153000,COL,43,0 days 00:01:48.899000,22.0,1.0,NaT,NaT,0 days 00:00:39.085000,0 days 00:00:44.336000,0 days 00:00:25.478000,0 days 01:35:53.399000,0 days 01:36:37.735000,0 days 01:37:03.213000,199.0,202.0,309.0,317.0,False,MEDIUM,22.0,True,Alpine,0 days 01:35:14.254000,,1,10.0,,,False,True
0 days 01:38:52.707000,COL,43,0 days 00:01:49.554000,23.0,1.0,NaT,NaT,0 days 00:00:39.656000,0 days 00:00:44.475000,0 days 00:00:25.423000,0 days 01:37:42.869000,0 days 01:38:27.344000,0 days 01:38:52.767000,196.0,206.0,317.0,319.0,False,MEDIUM,23.0,True,Alpine,0 days 01:37:03.153000,,1,10.0,,,False,True
0 days 01:40:41.610000,COL,43,0 days 00:01:48.903000,24.0,1.0,NaT,NaT,0 days 00:00:38.871000,0 days 00:00:44.508000,0 days 00:00:25.524000,0 days 01:39:31.638000,0 days 01:40:16.146000,0 days 01:40:41.670000,194.0,207.0,314.0,322.0,False,MEDIUM,24.0,True,Alpine,0 days 01:38:52.707000,,1,10.0,,,False,True
0 days 01:42:30.909000,COL,43,0 days 00:01:49.299000,25.0,1.0,NaT,NaT,0 days 00:00:39.075000,0 days 00:00:44.755000,0 days 00:00:25.469000,0 days 01:41:20.745000,0 days 01:42:05.500000,0 days 01:42:30.969000,193.0,203.0,312.0,320.0,False,MEDIUM,25.0,True,Alpine,0 days 01:40:41.610000,,1,10.0,,,False,True
0 days 01:44:19.761000,COL,43,0 days 00:01:48.852000,26.0,1.0,NaT,NaT,0 days 00:00:38.885000,0 days 00:00:44.379000,0 days 00:00:25.588000,0 days 01:43:09.854000,0 days 01:43:54.233000,0 days 01:44:19.821000,201.0,208.0,311.0,319.0,False,MEDIUM,26.0,True,Alpine,0 days 01:42:30.909000,,1,10.0,,,False,True
0 days 01:46:08.671000,COL,43,0 days 00:01:48.910000,27.0,1.0,NaT,NaT,0 days 00:00:38.817000,0 days 00:00:44.591000,0 days 00:00:25.502000,0 days 01:44:58.638000,0 days 01:45:43.229000,0 days 01:46:08.731000,198.0,205.0,310.0,317.0,False,MEDIUM,27.0,True,Alpine,0 days 01:44:19.761000,,1,10.0,,,False,True
0 days 01:47:57.426000,COL,43,0 days 00:01:48.755000,28.0,1.0,NaT,NaT,0 days 00:00:38.868000,0 days 00:00:44.319000,0 days 00:00:25.568000,0 days 01:46:47.599000,0 days 01:47:31.918000,0 days 01:47:57.486000,194.0,207.0,310.0,317.0,False,MEDIUM,28.0,True,Alpine,0 days 01:46:08.671000,,1,10.0,,,False,True
0 days 01:49:46.229000,COL,43,0 days 00:01:48.803000,29.0,1.0,NaT,NaT,0 days 00:00:38.899000,0 days 00:00:44.343000,0 days 00:00:25.561000,0 days 01:48:36.385000,0 days 01:49:20.728000,0 days 01:49:46.289000,201.0,202.0,310.0,318.0,False,MEDIUM,29.0,True,Alpine,0 days 01:47:57.426000,,12,10.0,,,False,True
0 days 01:51:52.497000,COL,43,0 days 00:02:06.268000,30.0,1.0,NaT,0 days 01:51:51.288000,0 days 00:00:39.013000,0 days 00:00:44.447000,0 days 00:00:42.808000,0 days 01:50:25.302000,0 days 01:51:09.749000,0 days 01:51:52.557000,201.0,193.0,,196.0,False,MEDIUM,30.0,True,Alpine,0 days 01:49:46.229000,,124,10.0,,,False,False
0 days 01:54:38.423000,COL,43,NaT,31.0,2.0,0 days 01:52:11.946000,NaT,0 days 00:01:10.285000,0 days 00:00:56.884000,0 days 00:00:38.702000,0 days 01:53:02.904000,0 days 01:53:59.847000,0 days 01:54:38.603000,82.0,172.0,257.0,196.0,False,SOFT,1.0,True,Alpine,0 days 01:51:52.497000,,4,11.0,,,False,False
0 days 01:56:49.707000,COL,43,0 days 00:02:11.284000,32.0,2.0,NaT,NaT,0 days 00:00:45.821000,0 days 00:00:56.802000,0 days 00:00:28.661000,0 days 01:55:24.304000,0 days 01:56:21.106000,0 days 01:56:49.767000,101.0,174.0,280.0,289.0,False,SOFT,2.0,True,Alpine,0 days 01:54:38.423000,,4,10.0,,,False,False
0 days 01:59:17.715000,COL,43,0 days 00:02:28.008000,33.0,2.0,NaT,NaT,0 days 00:00:45.643000,0 days 00:01:04.433000,0 days 00:00:37.932000,0 days 01:57:35.410000,0 days 01:58:39.843000,0 days 01:59:17.775000,92.0,164.0,235.0,174.0,False,SOFT,3.0,True,Alpine,0 days 01:56:49.707000,,4,10.0,,,False,False
0 days 02:02:01.062000,COL,43,NaT,34.0,2.0,NaT,NaT,0 days 00:01:02.757000,0 days 00:01:02.506000,0 days 00:00:38.072000,0 days 02:00:20.578000,0 days 02:01:23.050000,0 days 02:02:01.152000,151.0,172.0,259.0,238.0,False,SOFT,4.0,True,Alpine,0 days 01:59:17.715000,,4,10.0,,,False,False
0 days 02:04:30.062000,COL,43,0 days 00:02:29,35.0,2.0,NaT,NaT,0 days 00:00:52.182000,0 days 00:01:02.460000,0 days 00:00:34.358000,0 days 02:02:53.304000,0 days 02:03:55.764000,0 days 02:04:30.122000,141.0,143.0,313.0,238.0,False,SOFT,5.0,True,Alpine,0 days 02:02:01.062000,,41,10.0,,,False,False
0 days 02:08:41.412000,COL,43,NaT,36.0,2.0,NaT,0 days 02:08:40.131000,NaT,0 days 00:01:24.850000,0 days 00:00:56.095000,NaT,0 days 02:07:45.377000,0 days 02:08:41.523000,98.0,101.0,,158.0,False,SOFT,6.0,True,Alpine,0 days 02:04:30.062000,,124,17.0,,,False,False
0 days 00:58:49.310000,HAM,44,0 days 00:01:55.806000,1.0,1.0,NaT,NaT,NaT,0 days 00:00:45.252000,0 days 00:00:25.430000,NaT,0 days 00:58:23.949000,0 days 00:58:49.530000,185.0,198.0,326.0,341.0,False,SOFT,1.0,True,Ferrari,0 days 00:56:53.247000,,1,6.0,,,False,False
0 days 01:00:40.038000,HAM,44,0 days 00:01:50.728000,2.0,1.0,NaT,NaT,0 days 00:00:40.386000,0 days 00:00:45.122000,0 days 00:00:25.220000,0 days 00:59:29.747000,0 days 01:00:14.869000,0 days 01:00:40.089000,176.0,198.0,323.0,334.0,True,SOFT,2.0,True,Ferrari,0 days 00:58:49.310000,,1,7.0,,,False,True
0 days 01:02:29.437000,HAM,44,0 days 00:01:49.399000,3.0,1.0,NaT,NaT,0 days 00:00:39.272000,0 days 00:00:45.050000,0 days 00:00:25.077000,0 days 01:01:19.361000,0 days 01:02:04.411000,0 days 01:02:29.488000,185.0,198.0,333.0,338.0,True,SOFT,3.0,True,Ferrari,0 days 01:00:40.038000,,1,7.0,,,False,True
0 days 01:04:19.346000,HAM,44,0 days 00:01:49.909000,4.0,1.0,NaT,NaT,0 days 00:00:39.582000,0 days 00:00:45.172000,0 days 00:00:25.155000,0 days 01:03:09.070000,0 days 01:03:54.242000,0 days 01:04:19.397000,180.0,209.0,325.0,328.0,False,SOFT,4.0,True,Ferrari,0 days 01:02:29.437000,,1,7.0,,,False,True
0 days 01:06:08.207000,HAM,44,0 days 00:01:48.861000,5.0,1.0,NaT,NaT,0 days 00:00:39.217000,0 days 00:00:44.534000,0 days 00:00:25.110000,0 days 01:04:58.614000,0 days 01:05:43.148000,0 days 01:06:08.258000,190.0,210.0,331.0,336.0,True,SOFT,5.0,True,Ferrari,0 days 01:04:19.346000,,1,7.0,,,False,True
0 days 01:07:57.082000,HAM,44,0 days 00:01:48.875000,6.0,1.0,NaT,NaT,0 days 00:00:39.004000,0 days 00:00:44.698000,0 days 00:00:25.173000,0 days 01:06:47.262000,0 days 01:07:31.960000,0 days 01:07:57.133000,188.0,199.0,324.0,332.0,False,SOFT,6.0,True,Ferrari,0 days 01:06:08.207000,,1,7.0,,,False,True
0 days 01:09:46.143000,HAM,44,0 days 00:01:49.061000,7.0,1.0,NaT,NaT,0 days 00:00:38.841000,0 days 00:00:44.874000,0 days 00:00:25.346000,0 days 01:08:35.974000,0 days 01:09:20.848000,0 days 01:09:46.194000,194.0,204.0,319.0,330.0,False,SOFT,7.0,True,Ferrari,0 days 01:07:57.082000,,1,7.0,,,False,True
0 days 01:11:34.931000,HAM,44,0 days 00:01:48.788000,8.0,1.0,NaT,NaT,0 days 00:00:38.919000,0 days 00:00:44.494000,0 days 00:00:25.375000,0 days 01:10:25.113000,0 days 01:11:09.607000,0 days 01:11:34.982000,196.0,212.0,320.0,330.0,True,SOFT,8.0,True,Ferrari,0 days 01:09:46.143000,,1,7.0,,,False,True
0 days 01:13:23.516000,HAM,44,0 days 00:01:48.585000,9.0,1.0,NaT,NaT,0 days 00:00:38.643000,0 days 00:00:44.684000,0 days 00:00:25.258000,0 days 01:12:13.625000,0 days 01:12:58.309000,0 days 01:13:23.567000,198.0,204.0,323.0,331.0,True,SOFT,9.0,True,Ferrari,0 days 01:11:34.931000,,12,7.0,,,False,True
0 days 01:15:12.224000,HAM,44,0 days 00:01:48.708000,10.0,1.0,NaT,NaT,0 days 00:00:39.318000,0 days 00:00:44.136000,0 days 00:00:25.254000,0 days 01:14:02.885000,0 days 01:14:47.021000,0 days 01:15:12.275000,194.0,210.0,320.0,330.0,False,SOFT,10.0,True,Ferrari,0 days 01:13:23.516000,,1,7.0,,,False,True
0 days 01:17:00.573000,HAM,44,0 days 00:01:48.349000,11.0,1.0,NaT,NaT,0 days 00:00:38.660000,0 days 00:00:44.457000,0 days 00:00:25.232000,0 days 01:15:50.935000,0 days 01:16:35.392000,0 days 01:17:00.624000,189.0,208.0,323.0,329.0,True,SOFT,11.0,True,Ferrari,0 days 01:15:12.224000,,1,7.0,,,False,True
0 days 01:18:48.957000,HAM,44,0 days 00:01:48.384000,12.0,1.0,NaT,NaT,0 days 00:00:38.771000,0 days 00:00:44.451000,0 days 00:00:25.162000,0 days 01:17:39.395000,0 days 01:18:23.846000,0 days 01:18:49.008000,192.0,212.0,322.0,331.0,False,SOFT,12.0,True,Ferrari,0 days 01:17:00.573000,,1,7.0,,,False,True
0 days 01:20:36.999000,HAM,44,0 days 00:01:48.042000,13.0,1.0,NaT,NaT,0 days 00:00:38.724000,0 days 00:00:44.158000,0 days 00:00:25.160000,0 days 01:19:27.732000,0 days 01:20:11.890000,0 days 01:20:37.050000,196.0,208.0,325.0,332.0,True,SOFT,13.0,True,Ferrari,0 days 01:18:48.957000,,1,7.0,,,False,True
0 days 01:22:25.083000,HAM,44,0 days 00:01:48.084000,14.0,1.0,NaT,NaT,0 days 00:00:38.612000,0 days 00:00:44.446000,0 days 00:00:25.026000,0 days 01:21:15.662000,0 days 01:22:00.108000,0 days 01:22:25.134000,191.0,210.0,325.0,334.0,False,SOFT,14.0,True,Ferrari,0 days 01:20:36.999000,,1,7.0,,,False,True
0 days 01:24:13.201000,HAM,44,0 days 00:01:48.118000,15.0,1.0,NaT,NaT,0 days 00:00:38.690000,0 days 00:00:44.432000,0 days 00:00:24.996000,0 days 01:23:03.824000,0 days 01:23:48.256000,0 days 01:24:13.252000,191.0,207.0,327.0,338.0,False,SOFT,15.0,True,Ferrari,0 days 01:22:25.083000,,1,7.0,,,False,True
0 days 01:26:02.534000,HAM,44,0 days 00:01:49.333000,16.0,1.0,NaT,NaT,0 days 00:00:38.971000,0 days 00:00:45.365000,0 days 00:00:24.997000,0 days 01:24:52.223000,0 days 01:25:37.588000,0 days 01:26:02.585000,189.0,190.0,319.0,332.0,False,SOFT,16.0,True,Ferrari,0 days 01:24:13.201000,,1,6.0,,,False,True
0 days 01:27:50.784000,HAM,44,0 days 00:01:48.250000,17.0,1.0,NaT,NaT,0 days 00:00:38.720000,0 days 00:00:44.098000,0 days 00:00:25.432000,0 days 01:26:41.305000,0 days 01:27:25.403000,0 days 01:27:50.835000,192.0,207.0,312.0,327.0,False,SOFT,17.0,True,Ferrari,0 days 01:26:02.534000,,1,6.0,,,False,True
0 days 01:29:39.360000,HAM,44,0 days 00:01:48.576000,18.0,1.0,NaT,NaT,0 days 00:00:38.771000,0 days 00:00:44.281000,0 days 00:00:25.524000,0 days 01:28:29.606000,0 days 01:29:13.887000,0 days 01:29:39.411000,191.0,208.0,310.0,324.0,False,SOFT,18.0,True,Ferrari,0 days 01:27:50.784000,,1,6.0,,,False,True
0 days 01:31:27.697000,HAM,44,0 days 00:01:48.337000,19.0,1.0,NaT,NaT,0 days 00:00:38.830000,0 days 00:00:44.039000,0 days 00:00:25.468000,0 days 01:30:18.241000,0 days 01:31:02.280000,0 days 01:31:27.748000,193.0,214.0,310.0,325.0,False,SOFT,19.0,True,Ferrari,0 days 01:29:39.360000,,1,6.0,,,False,True
0 days 01:33:15.760000,HAM,44,0 days 00:01:48.063000,20.0,1.0,NaT,NaT,0 days 00:00:38.690000,0 days 00:00:43.932000,0 days 00:00:25.441000,0 days 01:32:06.438000,0 days 01:32:50.370000,0 days 01:33:15.811000,194.0,216.0,310.0,326.0,False,SOFT,20.0,True,Ferrari,0 days 01:31:27.697000,,1,6.0,,,False,True
0 days 01:35:03.829000,HAM,44,0 days 00:01:48.069000,21.0,1.0,NaT,NaT,0 days 00:00:38.619000,0 days 00:00:44.022000,0 days 00:00:25.428000,0 days 01:33:54.430000,0 days 01:34:38.452000,0 days 01:35:03.880000,196.0,213.0,311.0,327.0,False,SOFT,21.0,True,Ferrari,0 days 01:33:15.760000,,1,6.0,,,False,True
0 days 01:36:51.809000,HAM,44,0 days 00:01:47.980000,22.0,1.0,NaT,NaT,0 days 00:00:38.707000,0 days 00:00:43.847000,0 days 00:00:25.426000,0 days 01:35:42.587000,0 days 01:36:26.434000,0 days 01:36:51.860000,191.0,211.0,309.0,325.0,True,SOFT,22.0,True,Ferrari,0 days 01:35:03.829000,,1,6.0,,,False,True
0 days 01:38:39.870000,HAM,44,0 days 00:01:48.061000,23.0,1.0,NaT,NaT,0 days 00:00:38.649000,0 days 00:00:43.875000,0 days 00:00:25.537000,0 days 01:37:30.509000,0 days 01:38:14.384000,0 days 01:38:39.921000,197.0,212.0,310.0,326.0,False,SOFT,23.0,True,Ferrari,0 days 01:36:51.809000,,1,6.0,,,False,True
0 days 01:40:27.805000,HAM,44,0 days 00:01:47.935000,24.0,1.0,NaT,NaT,0 days 00:00:38.494000,0 days 00:00:43.866000,0 days 00:00:25.575000,0 days 01:39:18.415000,0 days 01:40:02.281000,0 days 01:40:27.856000,198.0,214.0,310.0,326.0,True,SOFT,24.0,True,Ferrari,0 days 01:38:39.870000,,1,6.0,,,False,True
0 days 01:42:15.931000,HAM,44,0 days 00:01:48.126000,25.0,1.0,NaT,NaT,0 days 00:00:38.703000,0 days 00:00:43.991000,0 days 00:00:25.432000,0 days 01:41:06.559000,0 days 01:41:50.550000,0 days 01:42:15.982000,192.0,210.0,309.0,327.0,False,SOFT,25.0,True,Ferrari,0 days 01:40:27.805000,,1,6.0,,,False,True
0 days 01:44:03.860000,HAM,44,0 days 00:01:47.929000,26.0,1.0,NaT,NaT,0 days 00:00:38.526000,0 days 00:00:43.881000,0 days 00:00:25.522000,0 days 01:42:54.508000,0 days 01:43:38.389000,0 days 01:44:03.911000,197.0,210.0,309.0,325.0,True,SOFT,26.0,True,Ferrari,0 days 01:42:15.931000,,1,6.0,,,False,True
0 days 01:45:51.467000,HAM,44,0 days 00:01:47.607000,27.0,1.0,NaT,NaT,0 days 00:00:38.451000,0 days 00:00:43.691000,0 days 00:00:25.465000,0 days 01:44:42.362000,0 days 01:45:26.053000,0 days 01:45:51.518000,197.0,211.0,309.0,324.0,True,SOFT,27.0,True,Ferrari,0 days 01:44:03.860000,,1,6.0,,,False,True
0 days 01:47:38.954000,HAM,44,0 days 00:01:47.487000,28.0,1.0,NaT,NaT,0 days 00:00:38.457000,0 days 00:00:43.560000,0 days 00:00:25.470000,0 days 01:46:29.975000,0 days 01:47:13.535000,0 days 01:47:39.005000,204.0,208.0,309.0,326.0,True,SOFT,28.0,True,Ferrari,0 days 01:45:51.467000,,1,6.0,,,False,True
0 days 01:49:26.555000,HAM,44,0 days 00:01:47.601000,29.0,1.0,NaT,NaT,0 days 00:00:38.446000,0 days 00:00:43.679000,0 days 00:00:25.476000,0 days 01:48:17.451000,0 days 01:49:01.130000,0 days 01:49:26.606000,206.0,211.0,310.0,326.0,False,SOFT,29.0,True,Ferrari,0 days 01:47:38.954000,,1,6.0,,,False,True
0 days 01:51:20.464000,HAM,44,0 days 00:01:53.909000,30.0,1.0,NaT,NaT,0 days 00:00:38.345000,0 days 00:00:43.775000,0 days 00:00:31.789000,0 days 01:50:04.951000,0 days 01:50:48.726000,0 days 01:51:20.515000,197.0,210.0,131.0,327.0,False,SOFT,30.0,True,Ferrari,0 days 01:49:26.555000,,124,6.0,,,False,False
0 days 01:53:53.763000,HAM,44,NaT,31.0,1.0,NaT,0 days 01:53:52.473000,0 days 00:00:51.444000,0 days 00:01:00.464000,0 days 00:00:41.368000,0 days 01:52:12.046000,0 days 01:53:12.616000,0 days 01:53:53.814000,144.0,153.0,,182.0,False,SOFT,31.0,True,Ferrari,0 days 01:51:20.464000,,4,6.0,,,False,False
0 days 01:56:31.305000,HAM,44,NaT,32.0,2.0,0 days 01:54:14.629000,NaT,0 days 00:00:59.199000,0 days 00:01:00.600000,0 days 00:00:37.713000,0 days 01:54:53.181000,0 days 01:55:53.643000,0 days 01:56:31.414000,119.0,167.0,266.0,150.0,False,MEDIUM,1.0,True,Ferrari,0 days 01:53:53.763000,,4,6.0,,,False,False
0 days 01:59:10.402000,HAM,44,NaT,33.0,2.0,NaT,NaT,0 days 00:00:53.650000,0 days 00:01:09.331000,0 days 00:00:36.081000,0 days 01:57:25.050000,0 days 01:58:34.372000,0 days 01:59:10.496000,87.0,169.0,242.0,206.0,False,MEDIUM,2.0,True,Ferrari,0 days 01:56:31.305000,,4,6.0,,,False,False
0 days 02:01:55.735000,HAM,44,NaT,34.0,2.0,NaT,NaT,0 days 00:01:04.582000,0 days 00:01:03.429000,0 days 00:00:37.398000,0 days 02:00:15.138000,0 days 02:01:18.388000,0 days 02:01:55.849000,123.0,172.0,245.0,232.0,False,MEDIUM,3.0,True,Ferrari,0 days 01:59:10.402000,,4,6.0,,,False,False
0 days 02:04:29.555000,HAM,44,NaT,35.0,2.0,NaT,NaT,0 days 00:00:52.702000,0 days 00:01:04.211000,0 days 00:00:36.889000,0 days 02:02:48.524000,0 days 02:03:52.763000,0 days 02:04:29.805000,160.0,160.0,296.0,223.0,False,MEDIUM,4.0,True,Ferrari,0 days 02:01:55.735000,,41,6.0,,,False,False
0 days 02:06:48.907000,HAM,44,0 days 00:02:19.352000,36.0,2.0,NaT,0 days 02:06:47.591000,0 days 00:00:40.663000,0 days 00:00:54.981000,0 days 00:00:43.708000,0 days 02:05:10.269000,0 days 02:06:05.250000,0 days 02:06:48.958000,177.0,157.0,,205.0,False,MEDIUM,5.0,True,Ferrari,0 days 02:04:29.555000,,124,6.0,,,False,False
0 days 02:09:30.266000,HAM,44,NaT,37.0,3.0,0 days 02:07:04.050000,NaT,0 days 00:01:00.818000,0 days 00:01:01.768000,0 days 00:00:38.720000,0 days 02:07:49.857000,0 days 02:08:51.605000,0 days 02:09:30.317000,165.0,176.0,257.0,204.0,False,MEDIUM,6.0,False,Ferrari,0 days 02:06:48.907000,,4,6.0,,,False,False
0 days 02:12:05.026000,HAM,44,NaT,38.0,3.0,NaT,NaT,0 days 00:00:55.488000,0 days 00:01:04.835000,0 days 00:00:34.495000,0 days 02:10:25.838000,0 days 02:11:30.694000,0 days 02:12:05.279000,148.0,149.0,340.0,232.0,False,MEDIUM,7.0,False,Ferrari,0 days 02:09:30.266000,,41,6.0,,,False,False
0 days 02:13:53.900000,HAM,44,0 days 00:01:48.874000,39.0,3.0,NaT,NaT,0 days 00:00:39.837000,0 days 00:00:44.277000,0 days 00:00:24.760000,0 days 02:12:44.914000,0 days 02:13:29.191000,0 days 02:13:53.951000,193.0,204.0,333.0,339.0,False,MEDIUM,8.0,False,Ferrari,0 days 02:12:05.026000,,1,6.0,,,False,True
0 days 02:15:41.458000,HAM,44,0 days 00:01:47.558000,40.0,3.0,NaT,NaT,0 days 00:00:38.811000,0 days 00:00:43.812000,0 days 00:00:24.935000,0 days 02:14:32.762000,0 days 02:15:16.574000,0 days 02:15:41.509000,195.0,216.0,324.0,334.0,False,MEDIUM,9.0,False,Ferrari,0 days 02:13:53.900000,,12,5.0,,,False,True
0 days 02:17:28.783000,HAM,44,0 days 00:01:47.325000,41.0,3.0,NaT,NaT,0 days 00:00:38.385000,0 days 00:00:43.832000,0 days 00:00:25.108000,0 days 02:16:19.894000,0 days 02:17:03.726000,0 days 02:17:28.834000,198.0,210.0,316.0,330.0,True,MEDIUM,10.0,False,Ferrari,0 days 02:15:41.458000,,1,5.0,,,False,True
0 days 02:19:16.359000,HAM,44,0 days 00:01:47.576000,42.0,3.0,NaT,NaT,0 days 00:00:38.659000,0 days 00:00:43.773000,0 days 00:00:25.144000,0 days 02:18:07.493000,0 days 02:18:51.266000,0 days 02:19:16.410000,201.0,217.0,314.0,328.0,False,MEDIUM,11.0,False,Ferrari,0 days 02:17:28.783000,,1,6.0,,,False,True
0 days 02:21:03.915000,HAM,44,0 days 00:01:47.556000,43.0,3.0,NaT,NaT,0 days 00:00:38.545000,0 days 00:00:44.060000,0 days 00:00:24.951000,0 days 02:19:54.955000,0 days 02:20:39.015000,0 days 02:21:03.966000,196.0,211.0,319.0,332.0,False,MEDIUM,12.0,False,Ferrari,0 days 02:19:16.359000,,1,6.0,,,False,True
0 days 02:22:50.338000,HAM,44,0 days 00:01:46.423000,44.0,3.0,NaT,NaT,0 days 00:00:38.066000,0 days 00:00:43.382000,0 days 00:00:24.975000,0 days 02:21:42.032000,0 days 02:22:25.414000,0 days 02:22:50.389000,203.0,218.0,318.0,330.0,True,MEDIUM,13.0,False,Ferrari,0 days 02:21:03.915000,,1,6.0,,,False,True
0 days 02:24:36.629000,HAM,44,0 days 00:01:46.291000,45.0,3.0,NaT,NaT,0 days 00:00:38.036000,0 days 00:00:43.179000,0 days 00:00:25.076000,0 days 02:23:28.425000,0 days 02:24:11.604000,0 days 02:24:36.680000,204.0,214.0,314.0,329.0,True,MEDIUM,14.0,False,Ferrari,0 days 02:22:50.338000,,1,6.0,,,False,True
0 days 02:26:22.853000,HAM,44,0 days 00:01:46.224000,46.0,3.0,NaT,NaT,0 days 00:00:37.999000,0 days 00:00:43.177000,0 days 00:00:25.048000,0 days 02:25:14.679000,0 days 02:25:57.856000,0 days 02:26:22.904000,204.0,214.0,315.0,329.0,True,MEDIUM,15.0,False,Ferrari,0 days 02:24:36.629000,,1,6.0,,,False,True
0 days 02:28:09.363000,HAM,44,0 days 00:01:46.510000,47.0,3.0,NaT,NaT,0 days 00:00:38.131000,0 days 00:00:43.264000,0 days 00:00:25.115000,0 days 02:27:01.035000,0 days 02:27:44.299000,0 days 02:28:09.414000,202.0,214.0,313.0,328.0,False,MEDIUM,16.0,False,Ferrari,0 days 02:26:22.853000,,1,6.0,,,False,True
0 days 02:29:55.839000,HAM,44,0 days 00:01:46.476000,48.0,3.0,NaT,NaT,0 days 00:00:38.118000,0 days 00:00:43.182000,0 days 00:00:25.176000,0 days 02:28:47.532000,0 days 02:29:30.714000,0 days 02:29:55.890000,202.0,214.0,313.0,329.0,False,MEDIUM,17.0,False,Ferrari,0 days 02:28:09.363000,,1,6.0,,,False,True
0 days 02:31:42.009000,HAM,44,0 days 00:01:46.170000,49.0,3.0,NaT,NaT,0 days 00:00:37.964000,0 days 00:00:43.086000,0 days 00:00:25.120000,0 days 02:30:33.854000,0 days 02:31:16.940000,0 days 02:31:42.060000,204.0,212.0,312.0,329.0,True,MEDIUM,18.0,False,Ferrari,0 days 02:29:55.839000,,1,6.0,,,False,True
0 days 02:33:28.315000,HAM,44,0 days 00:01:46.306000,50.0,3.0,NaT,NaT,0 days 00:00:37.977000,0 days 00:00:43.126000,0 days 00:00:25.203000,0 days 02:32:20.037000,0 days 02:33:03.163000,0 days 02:33:28.366000,208.0,213.0,311.0,327.0,False,MEDIUM,19.0,False,Ferrari,0 days 02:31:42.009000,,12,6.0,,,False,True
0 days 02:35:18.054000,HAM,44,0 days 00:01:49.739000,51.0,3.0,NaT,NaT,0 days 00:00:38.239000,0 days 00:00:45.239000,0 days 00:00:26.261000,0 days 02:34:06.605000,0 days 02:34:51.844000,0 days 02:35:18.105000,198.0,185.0,284.0,328.0,False,MEDIUM,20.0,False,Ferrari,0 days 02:33:28.315000,,12,6.0,,,False,True
0 days 00:58:57.827000,BOR,5,0 days 00:02:04.323000,1.0,1.0,NaT,NaT,NaT,0 days 00:00:48.912000,0 days 00:00:25.724000,NaT,0 days 00:58:32.194000,0 days 00:58:57.945000,164.0,182.0,322.0,334.0,False,MEDIUM,1.0,True,Audi,0 days 00:56:53.247000,,1,18.0,,,False,False
0 days 01:00:49.649000,BOR,5,0 days 00:01:51.822000,2.0,1.0,NaT,NaT,0 days 00:00:40.270000,0 days 00:00:45.833000,0 days 00:00:25.719000,0 days 00:59:38.136000,0 days 01:00:23.969000,0 days 01:00:49.688000,180.0,192.0,319.0,331.0,True,MEDIUM,2.0,True,Audi,0 days 00:58:57.827000,,1,18.0,,,False,True
0 days 01:02:40.035000,BOR,5,0 days 00:01:50.386000,3.0,1.0,NaT,NaT,0 days 00:00:39.466000,0 days 00:00:45.362000,0 days 00:00:25.558000,0 days 01:01:29.154000,0 days 01:02:14.516000,0 days 01:02:40.074000,180.0,194.0,325.0,334.0,True,MEDIUM,3.0,True,Audi,0 days 01:00:49.649000,,1,18.0,,,False,True
0 days 01:04:30.361000,BOR,5,0 days 00:01:50.326000,4.0,1.0,NaT,NaT,0 days 00:00:39.434000,0 days 00:00:45.484000,0 days 00:00:25.408000,0 days 01:03:19.508000,0 days 01:04:04.992000,0 days 01:04:30.400000,188.0,198.0,328.0,329.0,True,MEDIUM,4.0,True,Audi,0 days 01:02:40.035000,,1,18.0,,,False,True
0 days 01:06:20.913000,BOR,5,0 days 00:01:50.552000,5.0,1.0,NaT,NaT,0 days 00:00:39.518000,0 days 00:00:45.678000,0 days 00:00:25.356000,0 days 01:05:09.918000,0 days 01:05:55.596000,0 days 01:06:20.952000,187.0,201.0,326.0,330.0,False,MEDIUM,5.0,True,Audi,0 days 01:04:30.361000,,1,18.0,,,False,True
0 days 01:08:10.748000,BOR,5,0 days 00:01:49.835000,6.0,1.0,NaT,NaT,0 days 00:00:39.447000,0 days 00:00:45.362000,0 days 00:00:25.026000,0 days 01:07:00.399000,0 days 01:07:45.761000,0 days 01:08:10.787000,188.0,200.0,327.0,338.0,True,MEDIUM,6.0,True,Audi,0 days 01:06:20.913000,,1,18.0,,,False,True
0 days 01:10:01.488000,BOR,5,0 days 00:01:50.740000,7.0,1.0,NaT,NaT,0 days 00:00:40.038000,0 days 00:00:45.406000,0 days 00:00:25.296000,0 days 01:08:50.825000,0 days 01:09:36.231000,0 days 01:10:01.527000,185.0,202.0,325.0,333.0,False,MEDIUM,7.0,True,Audi,0 days 01:08:10.748000,,1,18.0,,,False,True
0 days 01:11:51.543000,BOR,5,0 days 00:01:50.055000,8.0,1.0,NaT,NaT,0 days 00:00:39.418000,0 days 00:00:45.259000,0 days 00:00:25.378000,0 days 01:10:40.945000,0 days 01:11:26.204000,0 days 01:11:51.582000,189.0,204.0,320.0,332.0,False,MEDIUM,8.0,True,Audi,0 days 01:10:01.488000,,12,18.0,,,False,True
0 days 01:13:41.727000,BOR,5,0 days 00:01:50.184000,9.0,1.0,NaT,NaT,0 days 00:00:39.366000,0 days 00:00:45.696000,0 days 00:00:25.122000,0 days 01:12:30.948000,0 days 01:13:16.644000,0 days 01:13:41.766000,190.0,197.0,336.0,339.0,False,MEDIUM,9.0,True,Audi,0 days 01:11:51.543000,,1,18.0,,,False,True
0 days 01:15:31.704000,BOR,5,0 days 00:01:49.977000,10.0,1.0,NaT,NaT,0 days 00:00:39.648000,0 days 00:00:45.323000,0 days 00:00:25.006000,0 days 01:14:21.414000,0 days 01:15:06.737000,0 days 01:15:31.743000,186.0,198.0,335.0,338.0,False,MEDIUM,10.0,True,Audi,0 days 01:13:41.727000,,1,18.0,,,False,True
0 days 01:17:21.871000,BOR,5,0 days 00:01:50.167000,11.0,1.0,NaT,NaT,0 days 00:00:39.582000,0 days 00:00:45.341000,0 days 00:00:25.244000,0 days 01:16:11.325000,0 days 01:16:56.666000,0 days 01:17:21.910000,187.0,198.0,321.0,331.0,False,MEDIUM,11.0,True,Audi,0 days 01:15:31.704000,,1,18.0,,,False,True
0 days 01:19:11.268000,BOR,5,0 days 00:01:49.397000,12.0,1.0,NaT,NaT,0 days 00:00:39.174000,0 days 00:00:45.378000,0 days 00:00:24.845000,0 days 01:18:01.084000,0 days 01:18:46.462000,0 days 01:19:11.307000,189.0,203.0,339.0,341.0,True,MEDIUM,12.0,True,Audi,0 days 01:17:21.871000,,1,18.0,,,False,True
0 days 01:21:02.328000,BOR,5,0 days 00:01:51.060000,13.0,1.0,NaT,NaT,0 days 00:00:40.511000,0 days 00:00:45.390000,0 days 00:00:25.159000,0 days 01:19:51.818000,0 days 01:20:37.208000,0 days 01:21:02.367000,189.0,202.0,327.0,331.0,False,MEDIUM,13.0,True,Audi,0 days 01:19:11.268000,,1,18.0,,,False,True
0 days 01:22:52.113000,BOR,5,0 days 00:01:49.785000,14.0,1.0,NaT,NaT,0 days 00:00:39.289000,0 days 00:00:45.180000,0 days 00:00:25.316000,0 days 01:21:41.656000,0 days 01:22:26.836000,0 days 01:22:52.152000,190.0,206.0,318.0,333.0,False,MEDIUM,14.0,True,Audi,0 days 01:21:02.328000,,1,18.0,,,False,True
0 days 01:24:41.453000,BOR,5,0 days 00:01:49.340000,15.0,1.0,NaT,NaT,0 days 00:00:39.144000,0 days 00:00:44.990000,0 days 00:00:25.206000,0 days 01:23:31.296000,0 days 01:24:16.286000,0 days 01:24:41.492000,191.0,205.0,319.0,332.0,True,MEDIUM,15.0,True,Audi,0 days 01:22:52.113000,,1,18.0,,,False,True
0 days 01:26:30.905000,BOR,5,0 days 00:01:49.452000,16.0,1.0,NaT,NaT,0 days 00:00:39.334000,0 days 00:00:45.087000,0 days 00:00:25.031000,0 days 01:25:20.826000,0 days 01:26:05.913000,0 days 01:26:30.944000,195.0,210.0,332.0,333.0,False,MEDIUM,16.0,True,Audi,0 days 01:24:41.453000,,1,18.0,,,False,True
0 days 01:28:20.243000,BOR,5,0 days 00:01:49.338000,17.0,1.0,NaT,NaT,0 days 00:00:39.405000,0 days 00:00:44.830000,0 days 00:00:25.103000,0 days 01:27:10.349000,0 days 01:27:55.179000,0 days 01:28:20.282000,193.0,202.0,333.0,321.0,True,MEDIUM,17.0,True,Audi,0 days 01:26:30.905000,,1,18.0,,,False,True
0 days 01:30:09.955000,BOR,5,0 days 00:01:49.712000,18.0,1.0,NaT,NaT,0 days 00:00:39.245000,0 days 00:00:44.750000,0 days 00:00:25.717000,0 days 01:28:59.527000,0 days 01:29:44.277000,0 days 01:30:09.994000,196.0,211.0,308.0,323.0,False,MEDIUM,18.0,True,Audi,0 days 01:28:20.243000,,1,17.0,,,False,True
0 days 01:31:59.652000,BOR,5,0 days 00:01:49.697000,19.0,1.0,NaT,NaT,0 days 00:00:39.145000,0 days 00:00:44.860000,0 days 00:00:25.692000,0 days 01:30:49.139000,0 days 01:31:33.999000,0 days 01:31:59.691000,195.0,209.0,305.0,320.0,False,MEDIUM,19.0,True,Audi,0 days 01:30:09.955000,,1,17.0,,,False,True
0 days 01:33:48.869000,BOR,5,0 days 00:01:49.217000,20.0,1.0,NaT,NaT,0 days 00:00:38.968000,0 days 00:00:44.557000,0 days 00:00:25.692000,0 days 01:32:38.659000,0 days 01:33:23.216000,0 days 01:33:48.908000,200.0,209.0,309.0,326.0,True,MEDIUM,20.0,True,Audi,0 days 01:31:59.652000,,1,17.0,,,False,True
0 days 01:35:37.865000,BOR,5,0 days 00:01:48.996000,21.0,1.0,NaT,NaT,0 days 00:00:38.838000,0 days 00:00:44.548000,0 days 00:00:25.610000,0 days 01:34:27.746000,0 days 01:35:12.294000,0 days 01:35:37.904000,199.0,208.0,311.0,327.0,True,MEDIUM,21.0,True,Audi,0 days 01:33:48.869000,,1,17.0,,,False,True
0 days 01:37:26.970000,BOR,5,0 days 00:01:49.105000,22.0,1.0,NaT,NaT,0 days 00:00:38.996000,0 days 00:00:44.479000,0 days 00:00:25.630000,0 days 01:36:16.900000,0 days 01:37:01.379000,0 days 01:37:27.009000,193.0,207.0,311.0,326.0,False,MEDIUM,22.0,True,Audi,0 days 01:35:37.865000,,1,17.0,,,False,True
0 days 01:39:16.176000,BOR,5,0 days 00:01:49.206000,23.0,1.0,NaT,NaT,0 days 00:00:38.961000,0 days 00:00:44.655000,0 days 00:00:25.590000,0 days 01:38:05.970000,0 days 01:38:50.625000,0 days 01:39:16.215000,198.0,211.0,314.0,327.0,False,MEDIUM,23.0,True,Audi,0 days 01:37:26.970000,,1,17.0,,,False,True
0 days 01:41:05.684000,BOR,5,0 days 00:01:49.508000,24.0,1.0,NaT,NaT,0 days 00:00:39.057000,0 days 00:00:44.929000,0 days 00:00:25.522000,0 days 01:39:55.272000,0 days 01:40:40.201000,0 days 01:41:05.723000,192.0,208.0,317.0,327.0,False,MEDIUM,24.0,True,Audi,0 days 01:39:16.176000,,1,17.0,,,False,True
0 days 01:42:54.677000,BOR,5,0 days 00:01:48.993000,25.0,1.0,NaT,NaT,0 days 00:00:39.153000,0 days 00:00:44.434000,0 days 00:00:25.406000,0 days 01:41:44.876000,0 days 01:42:29.310000,0 days 01:42:54.716000,192.0,211.0,322.0,329.0,True,MEDIUM,25.0,True,Audi,0 days 01:41:05.684000,,1,17.0,,,False,True
0 days 01:44:44.520000,BOR,5,0 days 00:01:49.843000,26.0,1.0,NaT,NaT,0 days 00:00:39.678000,0 days 00:00:44.616000,0 days 00:00:25.549000,0 days 01:43:34.394000,0 days 01:44:19.010000,0 days 01:44:44.559000,194.0,209.0,316.0,317.0,False,MEDIUM,26.0,True,Audi,0 days 01:42:54.677000,,1,17.0,,,False,True
0 days 01:46:33.787000,BOR,5,0 days 00:01:49.267000,27.0,1.0,NaT,NaT,0 days 00:00:39.023000,0 days 00:00:44.285000,0 days 00:00:25.959000,0 days 01:45:23.582000,0 days 01:46:07.867000,0 days 01:46:33.826000,196.0,214.0,302.0,316.0,False,MEDIUM,27.0,True,Audi,0 days 01:44:44.520000,,1,16.0,,,False,True
0 days 01:48:22.959000,BOR,5,0 days 00:01:49.172000,28.0,1.0,NaT,NaT,0 days 00:00:38.989000,0 days 00:00:44.258000,0 days 00:00:25.925000,0 days 01:47:12.815000,0 days 01:47:57.073000,0 days 01:48:22.998000,200.0,212.0,302.0,321.0,False,MEDIUM,28.0,True,Audi,0 days 01:46:33.787000,,1,16.0,,,False,True
0 days 01:50:11.868000,BOR,5,0 days 00:01:48.909000,29.0,1.0,NaT,NaT,0 days 00:00:38.929000,0 days 00:00:44.207000,0 days 00:00:25.773000,0 days 01:49:01.927000,0 days 01:49:46.134000,0 days 01:50:11.907000,198.0,211.0,302.0,320.0,True,MEDIUM,29.0,True,Audi,0 days 01:48:22.959000,,12,16.0,,,False,True
0 days 01:52:28.295000,BOR,5,0 days 00:02:16.427000,30.0,1.0,NaT,0 days 01:52:27.076000,0 days 00:00:39.082000,0 days 00:00:55.828000,0 days 00:00:41.517000,0 days 01:50:50.989000,0 days 01:51:46.817000,0 days 01:52:28.334000,180.0,168.0,,198.0,False,MEDIUM,30.0,True,Audi,0 days 01:50:11.868000,,124,16.0,,,False,False
0 days 01:55:13.477000,BOR,5,NaT,31.0,2.0,0 days 01:52:47.518000,NaT,0 days 00:01:07.353000,0 days 00:00:59.516000,0 days 00:00:38.299000,0 days 01:53:35.701000,0 days 01:54:35.217000,0 days 01:55:13.577000,152.0,145.0,270.0,185.0,False,SOFT,1.0,True,Audi,0 days 01:52:28.295000,,4,16.0,,,False,False
0 days 01:57:24.305000,BOR,5,0 days 00:02:10.828000,32.0,2.0,NaT,NaT,0 days 00:00:48.397000,0 days 00:00:53.974000,0 days 00:00:28.457000,0 days 01:56:01.913000,0 days 01:56:55.887000,0 days 01:57:24.344000,123.0,197.0,286.0,279.0,False,SOFT,2.0,True,Audi,0 days 01:55:13.477000,,4,16.0,,,False,False
0 days 01:59:25.970000,BOR,5,0 days 00:02:01.665000,33.0,2.0,NaT,NaT,0 days 00:00:43.197000,0 days 00:00:48.804000,0 days 00:00:29.664000,0 days 01:58:07.541000,0 days 01:58:56.345000,0 days 01:59:26.009000,116.0,206.0,238.0,291.0,False,SOFT,3.0,True,Audi,0 days 01:57:24.305000,,4,16.0,,,False,False
0 days 02:02:08.686000,BOR,5,NaT,34.0,2.0,NaT,NaT,0 days 00:01:02.090000,0 days 00:01:02.905000,0 days 00:00:37.703000,0 days 02:00:28.168000,0 days 02:01:31.173000,0 days 02:02:08.868000,139.0,155.0,253.0,209.0,False,SOFT,4.0,True,Audi,0 days 01:59:25.970000,,4,16.0,,,False,False
0 days 02:04:31.466000,BOR,5,0 days 00:02:22.780000,35.0,2.0,NaT,NaT,0 days 00:00:53.418000,0 days 00:00:58.652000,0 days 00:00:30.710000,0 days 02:03:02.143000,0 days 02:04:00.795000,0 days 02:04:31.505000,174.0,164.0,301.0,293.0,False,SOFT,5.0,True,Audi,0 days 02:02:08.686000,,41,16.0,,,False,False
0 days 02:06:57.839000,BOR,5,0 days 00:02:26.373000,36.0,2.0,NaT,0 days 02:06:56.530000,0 days 00:00:44.963000,0 days 00:00:58.063000,0 days 00:00:43.347000,0 days 02:05:16.468000,0 days 02:06:14.531000,0 days 02:06:57.878000,167.0,141.0,,197.0,False,SOFT,6.0,True,Audi,0 days 02:04:31.466000,,124,13.0,,,False,False
0 days 02:09:38.407000,BOR,5,NaT,37.0,3.0,0 days 02:07:11.839000,NaT,0 days 00:01:00.851000,0 days 00:01:01.260000,0 days 00:00:38.501000,0 days 02:07:58.815000,0 days 02:08:59.989000,0 days 02:09:38.554000,135.0,157.0,215.0,188.0,False,SOFT,7.0,False,Audi,0 days 02:06:57.839000,,4,13.0,,,False,False
0 days 02:12:07.416000,BOR,5,0 days 00:02:29.009000,38.0,3.0,NaT,NaT,0 days 00:00:55.873000,0 days 00:01:01.652000,0 days 00:00:31.484000,0 days 02:10:34.319000,0 days 02:11:35.971000,0 days 02:12:07.455000,172.0,103.0,329.0,307.0,False,SOFT,8.0,False,Audi,0 days 02:09:38.407000,,41,13.0,,,False,False
0 days 02:14:00.613000,BOR,5,0 days 00:01:53.197000,39.0,3.0,NaT,NaT,0 days 00:00:42.074000,0 days 00:00:45.672000,0 days 00:00:25.451000,0 days 02:12:49.529000,0 days 02:13:35.201000,0 days 02:14:00.652000,191.0,205.0,316.0,316.0,False,SOFT,9.0,False,Audi,0 days 02:12:07.416000,,1,15.0,,,False,True
0 days 02:15:49.712000,BOR,5,0 days 00:01:49.099000,40.0,3.0,NaT,NaT,0 days 00:00:39.447000,0 days 00:00:44.501000,0 days 00:00:25.151000,0 days 02:14:40.099000,0 days 02:15:24.600000,0 days 02:15:49.751000,192.0,199.0,321.0,328.0,False,SOFT,10.0,False,Audi,0 days 02:14:00.613000,,12,14.0,,,False,True
0 days 02:17:37.712000,BOR,5,0 days 00:01:48,41.0,3.0,NaT,NaT,0 days 00:00:38.306000,0 days 00:00:44.178000,0 days 00:00:25.516000,0 days 02:16:28.057000,0 days 02:17:12.235000,0 days 02:17:37.751000,198.0,215.0,318.0,330.0,True,SOFT,11.0,False,Audi,0 days 02:15:49.712000,,1,14.0,,,False,True
0 days 02:19:24.637000,BOR,5,0 days 00:01:46.925000,42.0,3.0,NaT,NaT,0 days 00:00:38.333000,0 days 00:00:43.763000,0 days 00:00:24.829000,0 days 02:18:16.084000,0 days 02:18:59.847000,0 days 02:19:24.676000,195.0,210.0,325.0,326.0,True,SOFT,12.0,False,Audi,0 days 02:17:37.712000,,1,14.0,,,False,True
0 days 02:21:11.529000,BOR,5,0 days 00:01:46.892000,43.0,3.0,NaT,NaT,0 days 00:00:38.317000,0 days 00:00:44.089000,0 days 00:00:24.486000,0 days 02:20:02.993000,0 days 02:20:47.082000,0 days 02:21:11.568000,198.0,213.0,337.0,335.0,True,SOFT,13.0,False,Audi,0 days 02:19:24.637000,,1,14.0,,,False,True
0 days 02:22:59.374000,BOR,5,0 days 00:01:47.845000,44.0,3.0,NaT,NaT,0 days 00:00:39.014000,0 days 00:00:44.192000,0 days 00:00:24.639000,0 days 02:21:50.582000,0 days 02:22:34.774000,0 days 02:22:59.413000,193.0,212.0,317.0,338.0,False,SOFT,14.0,False,Audi,0 days 02:21:11.529000,,1,13.0,,,False,True
0 days 02:24:46.146000,BOR,5,0 days 00:01:46.772000,45.0,3.0,NaT,NaT,0 days 00:00:38.221000,0 days 00:00:43.378000,0 days 00:00:25.173000,0 days 02:23:37.634000,0 days 02:24:21.012000,0 days 02:24:46.185000,203.0,209.0,316.0,330.0,True,SOFT,15.0,False,Audi,0 days 02:22:59.374000,,1,13.0,,,False,True
0 days 02:26:32.482000,BOR,5,0 days 00:01:46.336000,46.0,3.0,NaT,NaT,0 days 00:00:38.054000,0 days 00:00:43.530000,0 days 00:00:24.752000,0 days 02:25:24.239000,0 days 02:26:07.769000,0 days 02:26:32.521000,202.0,212.0,322.0,330.0,True,SOFT,16.0,False,Audi,0 days 02:24:46.146000,,1,13.0,,,False,True
0 days 02:28:19.456000,BOR,5,0 days 00:01:46.974000,47.0,3.0,NaT,NaT,0 days 00:00:37.988000,0 days 00:00:44.226000,0 days 00:00:24.760000,0 days 02:27:10.509000,0 days 02:27:54.735000,0 days 02:28:19.495000,197.0,209.0,325.0,330.0,False,SOFT,17.0,False,Audi,0 days 02:26:32.482000,,1,13.0,,,False,True
0 days 02:30:07.220000,BOR,5,0 days 00:01:47.764000,48.0,3.0,NaT,NaT,0 days 00:00:38.238000,0 days 00:00:44.456000,0 days 00:00:25.070000,0 days 02:28:57.733000,0 days 02:29:42.189000,0 days 02:30:07.259000,183.0,211.0,323.0,339.0,False,SOFT,18.0,False,Audi,0 days 02:28:19.456000,,1,13.0,,,False,True
0 days 02:31:54.459000,BOR,5,0 days 00:01:47.239000,49.0,3.0,NaT,NaT,0 days 00:00:38.244000,0 days 00:00:44.262000,0 days 00:00:24.733000,0 days 02:30:45.503000,0 days 02:31:29.765000,0 days 02:31:54.498000,189.0,213.0,325.0,332.0,False,SOFT,19.0,False,Audi,0 days 02:30:07.220000,,1,13.0,,,False,True
0 days 02:33:42.260000,BOR,5,0 days 00:01:47.801000,50.0,3.0,NaT,NaT,0 days 00:00:38.305000,0 days 00:00:44.576000,0 days 00:00:24.920000,0 days 02:32:32.803000,0 days 02:33:17.379000,0 days 02:33:42.299000,182.0,205.0,322.0,326.0,False,SOFT,20.0,False,Audi,0 days 02:31:54.459000,,12,13.0,,,False,True
0 days 02:35:29.865000,BOR,5,0 days 00:01:47.605000,51.0,3.0,NaT,NaT,0 days 00:00:38.352000,0 days 00:00:44.592000,0 days 00:00:24.661000,0 days 02:34:20.651000,0 days 02:35:05.243000,0 days 02:35:29.904000,189.0,190.0,330.0,334.0,False,SOFT,21.0,False,Audi,0 days 02:33:42.260000,,12,13.0,,,False,True
0 days 00:58:56.272000,SAI,55,0 days 00:02:02.768000,1.0,1.0,NaT,NaT,NaT,0 days 00:00:48.751000,0 days 00:00:25.027000,NaT,0 days 00:58:31.362000,0 days 00:58:56.401000,150.0,185.0,340.0,343.0,False,MEDIUM,1.0,True,Williams,0 days 00:56:53.247000,,1,15.0,,,False,False
0 days 01:00:47.654000,SAI,55,0 days 00:01:51.382000,2.0,1.0,NaT,NaT,0 days 00:00:40.694000,0 days 00:00:45.869000,0 days 00:00:24.819000,0 days 00:59:36.983000,0 days 01:00:22.852000,0 days 01:00:47.671000,175.0,188.0,337.0,344.0,True,MEDIUM,2.0,True,Williams,0 days 00:58:56.272000,,1,15.0,,,False,True
0 days 01:02:38.454000,SAI,55,0 days 00:01:50.800000,3.0,1.0,NaT,NaT,0 days 00:00:39.724000,0 days 00:00:45.700000,0 days 00:00:25.376000,0 days 01:01:27.395000,0 days 01:02:13.095000,0 days 01:02:38.471000,176.0,189.0,334.0,326.0,True,MEDIUM,3.0,True,Williams,0 days 01:00:47.654000,,1,15.0,,,False,True
0 days 01:04:28.752000,SAI,55,0 days 00:01:50.298000,4.0,1.0,NaT,NaT,0 days 00:00:39.488000,0 days 00:00:45.620000,0 days 00:00:25.190000,0 days 01:03:17.959000,0 days 01:04:03.579000,0 days 01:04:28.769000,176.0,194.0,329.0,335.0,True,MEDIUM,4.0,True,Williams,0 days 01:02:38.454000,,1,15.0,,,False,True
0 days 01:06:19.811000,SAI,55,0 days 00:01:51.059000,5.0,1.0,NaT,NaT,0 days 00:00:40.385000,0 days 00:00:45.259000,0 days 00:00:25.415000,0 days 01:05:09.154000,0 days 01:05:54.413000,0 days 01:06:19.828000,176.0,193.0,324.0,331.0,False,MEDIUM,5.0,True,Williams,0 days 01:04:28.752000,,1,16.0,,,False,True
0 days 01:08:10,SAI,55,0 days 00:01:50.189000,6.0,1.0,NaT,NaT,0 days 00:00:39.500000,0 days 00:00:45.364000,0 days 00:00:25.325000,0 days 01:06:59.328000,0 days 01:07:44.692000,0 days 01:08:10.017000,183.0,191.0,325.0,329.0,True,MEDIUM,6.0,True,Williams,0 days 01:06:19.811000,,1,16.0,,,False,True
0 days 01:10:00.414000,SAI,55,0 days 00:01:50.414000,7.0,1.0,NaT,NaT,0 days 00:00:39.775000,0 days 00:00:45.358000,0 days 00:00:25.281000,0 days 01:08:49.792000,0 days 01:09:35.150000,0 days 01:10:00.431000,192.0,194.0,325.0,334.0,False,MEDIUM,7.0,True,Williams,0 days 01:08:10,,1,16.0,,,False,True
0 days 01:11:50.339000,SAI,55,0 days 00:01:49.925000,8.0,1.0,NaT,NaT,0 days 00:00:39.251000,0 days 00:00:45.366000,0 days 00:00:25.308000,0 days 01:10:39.682000,0 days 01:11:25.048000,0 days 01:11:50.356000,186.0,191.0,324.0,333.0,True,MEDIUM,8.0,True,Williams,0 days 01:10:00.414000,,12,16.0,,,False,True
0 days 01:13:41.521000,SAI,55,0 days 00:01:51.182000,9.0,1.0,NaT,NaT,0 days 00:00:40.069000,0 days 00:00:45.656000,0 days 00:00:25.457000,0 days 01:12:30.425000,0 days 01:13:16.081000,0 days 01:13:41.538000,187.0,184.0,325.0,333.0,False,MEDIUM,9.0,True,Williams,0 days 01:11:50.339000,,1,17.0,,,False,True
0 days 01:15:31.456000,SAI,55,0 days 00:01:49.935000,10.0,1.0,NaT,NaT,0 days 00:00:39.334000,0 days 00:00:45.384000,0 days 00:00:25.217000,0 days 01:14:20.872000,0 days 01:15:06.256000,0 days 01:15:31.473000,192.0,192.0,327.0,333.0,False,MEDIUM,10.0,True,Williams,0 days 01:13:41.521000,,1,17.0,,,False,True
0 days 01:17:21.285000,SAI,55,0 days 00:01:49.829000,11.0,1.0,NaT,NaT,0 days 00:00:39.391000,0 days 00:00:45.158000,0 days 00:00:25.280000,0 days 01:16:10.864000,0 days 01:16:56.022000,0 days 01:17:21.302000,177.0,194.0,323.0,330.0,True,MEDIUM,11.0,True,Williams,0 days 01:15:31.456000,,1,17.0,,,False,True
0 days 01:19:11.129000,SAI,55,0 days 00:01:49.844000,12.0,1.0,NaT,NaT,0 days 00:00:39.259000,0 days 00:00:45.377000,0 days 00:00:25.208000,0 days 01:18:00.561000,0 days 01:18:45.938000,0 days 01:19:11.146000,189.0,191.0,326.0,334.0,False,MEDIUM,12.0,True,Williams,0 days 01:17:21.285000,,1,17.0,,,False,True
0 days 01:21:01.966000,SAI,55,0 days 00:01:50.837000,13.0,1.0,NaT,NaT,0 days 00:00:40.222000,0 days 00:00:45.167000,0 days 00:00:25.448000,0 days 01:19:51.368000,0 days 01:20:36.535000,0 days 01:21:01.983000,186.0,192.0,320.0,329.0,False,MEDIUM,13.0,True,Williams,0 days 01:19:11.129000,,1,17.0,,,False,True
0 days 01:22:51.285000,SAI,55,0 days 00:01:49.319000,14.0,1.0,NaT,NaT,0 days 00:00:39.038000,0 days 00:00:44.918000,0 days 00:00:25.363000,0 days 01:21:41.021000,0 days 01:22:25.939000,0 days 01:22:51.302000,188.0,198.0,320.0,332.0,True,MEDIUM,14.0,True,Williams,0 days 01:21:01.966000,,1,17.0,,,False,True
0 days 01:24:40.632000,SAI,55,0 days 00:01:49.347000,15.0,1.0,NaT,NaT,0 days 00:00:39.162000,0 days 00:00:44.983000,0 days 00:00:25.202000,0 days 01:23:30.464000,0 days 01:24:15.447000,0 days 01:24:40.649000,189.0,197.0,320.0,333.0,False,MEDIUM,15.0,True,Williams,0 days 01:22:51.285000,,1,17.0,,,False,True
0 days 01:26:30.661000,SAI,55,0 days 00:01:50.029000,16.0,1.0,NaT,NaT,0 days 00:00:39.640000,0 days 00:00:45.069000,0 days 00:00:25.320000,0 days 01:25:20.289000,0 days 01:26:05.358000,0 days 01:26:30.678000,194.0,201.0,321.0,330.0,False,MEDIUM,16.0,True,Williams,0 days 01:24:40.632000,,1,17.0,,,False,True
0 days 01:28:20.218000,SAI,55,0 days 00:01:49.557000,17.0,1.0,NaT,NaT,0 days 00:00:39.107000,0 days 00:00:45.059000,0 days 00:00:25.391000,0 days 01:27:09.785000,0 days 01:27:54.844000,0 days 01:28:20.235000,190.0,191.0,322.0,325.0,False,MEDIUM,17.0,True,Williams,0 days 01:26:30.661000,,1,17.0,,,False,True
0 days 01:30:11.314000,SAI,55,0 days 00:01:51.096000,18.0,1.0,NaT,NaT,0 days 00:00:40.077000,0 days 00:00:45.431000,0 days 00:00:25.588000,0 days 01:29:00.312000,0 days 01:29:45.743000,0 days 01:30:11.331000,185.0,192.0,323.0,328.0,False,MEDIUM,18.0,True,Williams,0 days 01:28:20.218000,,1,18.0,,,False,True
0 days 01:32:01.269000,SAI,55,0 days 00:01:49.955000,19.0,1.0,NaT,NaT,0 days 00:00:39.327000,0 days 00:00:45.195000,0 days 00:00:25.433000,0 days 01:30:50.658000,0 days 01:31:35.853000,0 days 01:32:01.286000,189.0,192.0,320.0,330.0,False,MEDIUM,19.0,True,Williams,0 days 01:30:11.314000,,1,18.0,,,False,True
0 days 01:33:54.724000,SAI,55,0 days 00:01:53.455000,20.0,1.0,NaT,0 days 01:33:53.400000,0 days 00:00:39.612000,0 days 00:00:45.108000,0 days 00:00:28.735000,0 days 01:32:40.898000,0 days 01:33:26.006000,0 days 01:33:54.741000,185.0,194.0,,330.0,False,MEDIUM,20.0,True,Williams,0 days 01:32:01.269000,,1,19.0,,,False,False
0 days 01:36:02.451000,SAI,55,0 days 00:02:07.727000,21.0,2.0,0 days 01:34:14.188000,NaT,0 days 00:00:57.001000,0 days 00:00:45.077000,0 days 00:00:25.649000,0 days 01:34:51.742000,0 days 01:35:36.819000,0 days 01:36:02.468000,181.0,194.0,313.0,320.0,False,SOFT,5.0,False,Williams,0 days 01:33:54.724000,,1,19.0,,,False,False
0 days 01:37:51.374000,SAI,55,0 days 00:01:48.923000,22.0,2.0,NaT,NaT,0 days 00:00:39.088000,0 days 00:00:44.300000,0 days 00:00:25.535000,0 days 01:36:41.556000,0 days 01:37:25.856000,0 days 01:37:51.391000,194.0,197.0,313.0,327.0,True,SOFT,6.0,False,Williams,0 days 01:36:02.451000,,1,19.0,,,False,True
0 days 01:39:40.300000,SAI,55,0 days 00:01:48.926000,23.0,2.0,NaT,NaT,0 days 00:00:39.044000,0 days 00:00:44.345000,0 days 00:00:25.537000,0 days 01:38:30.435000,0 days 01:39:14.780000,0 days 01:39:40.317000,194.0,195.0,311.0,327.0,False,SOFT,7.0,False,Williams,0 days 01:37:51.374000,,1,19.0,,,False,True
0 days 01:41:29.154000,SAI,55,0 days 00:01:48.854000,24.0,2.0,NaT,NaT,0 days 00:00:38.989000,0 days 00:00:44.292000,0 days 00:00:25.573000,0 days 01:40:19.306000,0 days 01:41:03.598000,0 days 01:41:29.171000,192.0,200.0,315.0,323.0,True,SOFT,8.0,False,Williams,0 days 01:39:40.300000,,1,19.0,,,False,True
0 days 01:43:17.765000,SAI,55,0 days 00:01:48.611000,25.0,2.0,NaT,NaT,0 days 00:00:38.785000,0 days 00:00:44.209000,0 days 00:00:25.617000,0 days 01:42:07.956000,0 days 01:42:52.165000,0 days 01:43:17.782000,197.0,201.0,312.0,326.0,True,SOFT,9.0,False,Williams,0 days 01:41:29.154000,,1,19.0,,,False,True
0 days 01:45:06.492000,SAI,55,0 days 00:01:48.727000,26.0,2.0,NaT,NaT,0 days 00:00:38.868000,0 days 00:00:44.416000,0 days 00:00:25.443000,0 days 01:43:56.650000,0 days 01:44:41.066000,0 days 01:45:06.509000,193.0,201.0,313.0,328.0,False,SOFT,10.0,False,Williams,0 days 01:43:17.765000,,1,19.0,,,False,True
0 days 01:46:55.147000,SAI,55,0 days 00:01:48.655000,27.0,2.0,NaT,NaT,0 days 00:00:38.886000,0 days 00:00:44.234000,0 days 00:00:25.535000,0 days 01:45:45.395000,0 days 01:46:29.629000,0 days 01:46:55.164000,194.0,203.0,312.0,326.0,False,SOFT,11.0,False,Williams,0 days 01:45:06.492000,,1,19.0,,,False,True
0 days 01:48:43.844000,SAI,55,0 days 00:01:48.697000,28.0,2.0,NaT,NaT,0 days 00:00:38.749000,0 days 00:00:44.431000,0 days 00:00:25.517000,0 days 01:47:33.913000,0 days 01:48:18.344000,0 days 01:48:43.861000,198.0,201.0,314.0,327.0,False,SOFT,12.0,False,Williams,0 days 01:46:55.147000,,1,19.0,,,False,True
0 days 01:50:32.547000,SAI,55,0 days 00:01:48.703000,29.0,2.0,NaT,NaT,0 days 00:00:38.856000,0 days 00:00:44.465000,0 days 00:00:25.382000,0 days 01:49:22.717000,0 days 01:50:07.182000,0 days 01:50:32.564000,194.0,202.0,315.0,329.0,False,SOFT,13.0,False,Williams,0 days 01:48:43.844000,,12,19.0,,,False,True
0 days 01:52:56.136000,SAI,55,0 days 00:02:23.589000,30.0,2.0,NaT,0 days 01:52:54.913000,0 days 00:00:40.105000,0 days 00:01:03.640000,0 days 00:00:39.844000,0 days 01:51:12.669000,0 days 01:52:16.309000,0 days 01:52:56.153000,125.0,145.0,,144.0,False,SOFT,14.0,False,Williams,0 days 01:50:32.547000,,124,18.0,,,False,False
0 days 01:55:43.704000,SAI,55,NaT,31.0,3.0,0 days 01:53:16.347000,NaT,0 days 00:01:08.605000,0 days 00:01:02.780000,0 days 00:00:36.124000,0 days 01:54:04.914000,0 days 01:55:07.709000,0 days 01:55:43.753000,115.0,113.0,275.0,188.0,False,SOFT,5.0,False,Williams,0 days 01:52:56.136000,,4,18.0,,,False,False
0 days 01:57:57.596000,SAI,55,0 days 00:02:13.892000,32.0,3.0,NaT,NaT,0 days 00:00:45.520000,0 days 00:00:58.884000,0 days 00:00:29.488000,0 days 01:56:29.241000,0 days 01:57:28.125000,0 days 01:57:57.613000,125.0,167.0,283.0,252.0,False,SOFT,6.0,False,Williams,0 days 01:55:43.704000,,4,18.0,,,False,False
0 days 01:59:56.686000,SAI,55,0 days 00:01:59.090000,33.0,3.0,NaT,NaT,0 days 00:00:42.942000,0 days 00:00:50.042000,0 days 00:00:26.106000,0 days 01:58:40.555000,0 days 01:59:30.597000,0 days 01:59:56.703000,101.0,187.0,305.0,320.0,False,SOFT,7.0,False,Williams,0 days 01:57:57.596000,,4,18.0,,,False,False
0 days 02:02:11.711000,SAI,55,0 days 00:02:15.025000,34.0,3.0,NaT,NaT,0 days 00:00:40.030000,0 days 00:00:56.991000,0 days 00:00:38.004000,0 days 02:00:36.733000,0 days 02:01:33.724000,0 days 02:02:11.728000,172.0,128.0,250.0,180.0,False,SOFT,8.0,False,Williams,0 days 01:59:56.686000,,4,18.0,,,False,False
0 days 02:04:31.753000,SAI,55,0 days 00:02:20.042000,35.0,3.0,NaT,NaT,0 days 00:00:53.111000,0 days 00:00:57.966000,0 days 00:00:28.965000,0 days 02:03:04.839000,0 days 02:04:02.805000,0 days 02:04:31.770000,163.0,157.0,314.0,315.0,False,SOFT,9.0,False,Williams,0 days 02:02:11.711000,,41,18.0,,,False,False
0 days 02:06:56.318000,SAI,55,0 days 00:02:24.565000,36.0,3.0,NaT,0 days 02:06:55.044000,0 days 00:00:42.888000,0 days 00:00:59.224000,0 days 00:00:42.453000,0 days 02:05:14.658000,0 days 02:06:13.882000,0 days 02:06:56.335000,152.0,141.0,,198.0,False,SOFT,10.0,False,Williams,0 days 02:04:31.753000,,124,12.0,,,False,False
0 days 02:09:37.997000,SAI,55,NaT,37.0,4.0,0 days 02:07:10.933000,NaT,0 days 00:01:01.099000,0 days 00:01:01.362000,0 days 00:00:39.251000,0 days 02:07:57.545000,0 days 02:08:58.933000,0 days 02:09:38.073000,97.0,142.0,211.0,201.0,False,SOFT,11.0,False,Williams,0 days 02:06:56.318000,,4,12.0,,,False,False
0 days 02:12:07.157000,SAI,55,0 days 00:02:29.160000,38.0,4.0,NaT,NaT,0 days 00:00:54.985000,0 days 00:01:02.620000,0 days 00:00:31.555000,0 days 02:10:32.999000,0 days 02:11:35.619000,0 days 02:12:07.174000,163.0,100.0,344.0,297.0,False,SOFT,12.0,False,Williams,0 days 02:09:37.997000,,41,12.0,,,False,False
0 days 02:13:57.928000,SAI,55,0 days 00:01:50.771000,39.0,4.0,NaT,NaT,0 days 00:00:40.868000,0 days 00:00:45.160000,0 days 00:00:24.743000,0 days 02:12:48.042000,0 days 02:13:33.202000,0 days 02:13:57.945000,181.0,189.0,344.0,340.0,False,SOFT,13.0,False,Williams,0 days 02:12:07.157000,,1,12.0,,,False,True
0 days 02:15:47.156000,SAI,55,0 days 00:01:49.228000,40.0,4.0,NaT,NaT,0 days 00:00:39.663000,0 days 00:00:44.633000,0 days 00:00:24.932000,0 days 02:14:37.608000,0 days 02:15:22.241000,0 days 02:15:47.173000,186.0,196.0,335.0,335.0,False,SOFT,14.0,False,Williams,0 days 02:13:57.928000,,12,11.0,,,False,True
0 days 02:17:34.875000,SAI,55,0 days 00:01:47.719000,41.0,4.0,NaT,NaT,0 days 00:00:38.524000,0 days 00:00:44.340000,0 days 00:00:24.855000,0 days 02:16:25.697000,0 days 02:17:10.037000,0 days 02:17:34.892000,191.0,202.0,329.0,337.0,True,SOFT,15.0,False,Williams,0 days 02:15:47.156000,,1,11.0,,,False,True
0 days 02:19:22.213000,SAI,55,0 days 00:01:47.338000,42.0,4.0,NaT,NaT,0 days 00:00:38.489000,0 days 00:00:44.094000,0 days 00:00:24.755000,0 days 02:18:13.381000,0 days 02:18:57.475000,0 days 02:19:22.230000,192.0,203.0,332.0,338.0,True,SOFT,16.0,False,Williams,0 days 02:17:34.875000,,1,11.0,,,False,True
0 days 02:21:09.405000,SAI,55,0 days 00:01:47.192000,43.0,4.0,NaT,NaT,0 days 00:00:38.379000,0 days 00:00:44.082000,0 days 00:00:24.731000,0 days 02:20:00.609000,0 days 02:20:44.691000,0 days 02:21:09.422000,199.0,205.0,332.0,339.0,True,SOFT,17.0,False,Williams,0 days 02:19:22.213000,,1,11.0,,,False,True
0 days 02:22:56.766000,SAI,55,0 days 00:01:47.361000,44.0,4.0,NaT,NaT,0 days 00:00:38.401000,0 days 00:00:44.123000,0 days 00:00:24.837000,0 days 02:21:47.823000,0 days 02:22:31.946000,0 days 02:22:56.783000,195.0,204.0,329.0,336.0,False,SOFT,18.0,False,Williams,0 days 02:21:09.405000,,1,11.0,,,False,True
0 days 02:24:43.941000,SAI,55,0 days 00:01:47.175000,45.0,4.0,NaT,NaT,0 days 00:00:38.292000,0 days 00:00:44.067000,0 days 00:00:24.816000,0 days 02:23:35.075000,0 days 02:24:19.142000,0 days 02:24:43.958000,195.0,198.0,329.0,337.0,True,SOFT,19.0,False,Williams,0 days 02:22:56.766000,,1,11.0,,,False,True
0 days 02:26:31.019000,SAI,55,0 days 00:01:47.078000,46.0,4.0,NaT,NaT,0 days 00:00:38.178000,0 days 00:00:44.131000,0 days 00:00:24.769000,0 days 02:25:22.136000,0 days 02:26:06.267000,0 days 02:26:31.036000,199.0,202.0,329.0,337.0,True,SOFT,20.0,False,Williams,0 days 02:24:43.941000,,1,11.0,,,False,True
0 days 02:28:18.408000,SAI,55,0 days 00:01:47.389000,47.0,4.0,NaT,NaT,0 days 00:00:38.379000,0 days 00:00:44.236000,0 days 00:00:24.774000,0 days 02:27:09.415000,0 days 02:27:53.651000,0 days 02:28:18.425000,196.0,201.0,329.0,338.0,False,SOFT,21.0,False,Williams,0 days 02:26:31.019000,,1,11.0,,,False,True
0 days 02:30:05.748000,SAI,55,0 days 00:01:47.340000,48.0,4.0,NaT,NaT,0 days 00:00:38.396000,0 days 00:00:44.420000,0 days 00:00:24.524000,0 days 02:28:56.821000,0 days 02:29:41.241000,0 days 02:30:05.765000,195.0,204.0,343.0,347.0,False,SOFT,22.0,False,Williams,0 days 02:28:18.408000,,1,11.0,,,False,True
0 days 02:31:52.485000,SAI,55,0 days 00:01:46.737000,49.0,4.0,NaT,NaT,0 days 00:00:38.310000,0 days 00:00:43.869000,0 days 00:00:24.558000,0 days 02:30:44.075000,0 days 02:31:27.944000,0 days 02:31:52.502000,200.0,204.0,335.0,344.0,True,SOFT,23.0,False,Williams,0 days 02:30:05.748000,,1,10.0,,,False,True
0 days 02:33:39.720000,SAI,55,0 days 00:01:47.235000,50.0,4.0,NaT,NaT,0 days 00:00:38.531000,0 days 00:00:44.201000,0 days 00:00:24.503000,0 days 02:32:31.033000,0 days 02:33:15.234000,0 days 02:33:39.737000,193.0,200.0,336.0,345.0,False,SOFT,24.0,False,Williams,0 days 02:31:52.485000,,12,10.0,,,False,True
0 days 02:35:28.089000,SAI,55,0 days 00:01:48.369000,51.0,4.0,NaT,NaT,0 days 00:00:38.699000,0 days 00:00:44.899000,0 days 00:00:24.771000,0 days 02:34:18.436000,0 days 02:35:03.335000,0 days 02:35:28.106000,191.0,186.0,333.0,343.0,False,SOFT,25.0,False,Williams,0 days 02:33:39.720000,,12,10.0,,,False,True
0 days 00:58:48.104000,HAD,6,0 days 00:01:54.600000,1.0,1.0,NaT,NaT,NaT,0 days 00:00:45.404000,0 days 00:00:24.907000,NaT,0 days 00:58:23.284000,0 days 00:58:48.300000,182.0,193.0,339.0,341.0,False,SOFT,1.0,True,Red Bull Racing,0 days 00:56:53.247000,,1,5.0,,,False,False
0 days 01:00:38.080000,HAD,6,0 days 00:01:49.976000,2.0,1.0,NaT,NaT,0 days 00:00:39.999000,0 days 00:00:45.047000,0 days 00:00:24.930000,0 days 00:59:28.135000,0 days 01:00:13.182000,0 days 01:00:38.112000,186.0,198.0,329.0,342.0,True,SOFT,2.0,True,Red Bull Racing,0 days 00:58:48.104000,,1,4.0,,,False,True
0 days 01:02:26.913000,HAD,6,0 days 00:01:48.833000,3.0,1.0,NaT,NaT,0 days 00:00:39.269000,0 days 00:00:44.692000,0 days 00:00:24.872000,0 days 01:01:17.381000,0 days 01:02:02.073000,0 days 01:02:26.945000,193.0,209.0,338.0,340.0,True,SOFT,3.0,True,Red Bull Racing,0 days 01:00:38.080000,,1,4.0,,,False,True
0 days 01:04:16.235000,HAD,6,0 days 00:01:49.322000,4.0,1.0,NaT,NaT,0 days 00:00:39.631000,0 days 00:00:44.324000,0 days 00:00:25.367000,0 days 01:03:06.576000,0 days 01:03:50.900000,0 days 01:04:16.267000,189.0,205.0,316.0,327.0,False,SOFT,4.0,True,Red Bull Racing,0 days 01:02:26.913000,,1,3.0,,,False,True
0 days 01:06:04.682000,HAD,6,0 days 00:01:48.447000,5.0,1.0,NaT,NaT,0 days 00:00:38.722000,0 days 00:00:44.244000,0 days 00:00:25.481000,0 days 01:04:54.989000,0 days 01:05:39.233000,0 days 01:06:04.714000,196.0,204.0,317.0,322.0,True,SOFT,5.0,True,Red Bull Racing,0 days 01:04:16.235000,,1,3.0,,,False,True
0 days 01:07:52.676000,HAD,6,0 days 00:01:47.994000,6.0,1.0,NaT,NaT,0 days 00:00:38.518000,0 days 00:00:44.164000,0 days 00:00:25.312000,0 days 01:06:43.232000,0 days 01:07:27.396000,0 days 01:07:52.708000,197.0,215.0,318.0,326.0,True,SOFT,6.0,True,Red Bull Racing,0 days 01:06:04.682000,,1,3.0,,,False,True
0 days 01:09:41.709000,HAD,6,0 days 00:01:49.033000,7.0,1.0,NaT,NaT,0 days 00:00:39.116000,0 days 00:00:44.730000,0 days 00:00:25.187000,0 days 01:08:31.824000,0 days 01:09:16.554000,0 days 01:09:41.741000,194.0,208.0,322.0,332.0,False,SOFT,7.0,True,Red Bull Racing,0 days 01:07:52.676000,,1,4.0,,,False,True
0 days 01:11:29.644000,HAD,6,0 days 00:01:47.935000,8.0,1.0,NaT,NaT,0 days 00:00:38.390000,0 days 00:00:44.412000,0 days 00:00:25.133000,0 days 01:10:20.131000,0 days 01:11:04.543000,0 days 01:11:29.676000,198.0,209.0,324.0,333.0,True,SOFT,8.0,True,Red Bull Racing,0 days 01:09:41.709000,,1,4.0,,,False,True
0 days 01:13:17.892000,HAD,6,0 days 00:01:48.248000,9.0,1.0,NaT,NaT,0 days 00:00:38.504000,0 days 00:00:44.716000,0 days 00:00:25.028000,0 days 01:12:08.180000,0 days 01:12:52.896000,0 days 01:13:17.924000,194.0,202.0,331.0,338.0,False,SOFT,9.0,True,Red Bull Racing,0 days 01:11:29.644000,,12,4.0,,,False,True
0 days 01:15:06.535000,HAD,6,0 days 00:01:48.643000,10.0,1.0,NaT,NaT,0 days 00:00:38.850000,0 days 00:00:44.679000,0 days 00:00:25.114000,0 days 01:13:56.774000,0 days 01:14:41.453000,0 days 01:15:06.567000,189.0,204.0,323.0,332.0,False,SOFT,10.0,True,Red Bull Racing,0 days 01:13:17.892000,,1,4.0,,,False,True
0 days 01:16:54.901000,HAD,6,0 days 00:01:48.366000,11.0,1.0,NaT,NaT,0 days 00:00:38.568000,0 days 00:00:44.746000,0 days 00:00:25.052000,0 days 01:15:45.135000,0 days 01:16:29.881000,0 days 01:16:54.933000,188.0,204.0,324.0,334.0,False,SOFT,11.0,True,Red Bull Racing,0 days 01:15:06.535000,,1,4.0,,,False,True
0 days 01:18:43.044000,HAD,6,0 days 00:01:48.143000,12.0,1.0,NaT,NaT,0 days 00:00:38.530000,0 days 00:00:44.671000,0 days 00:00:24.942000,0 days 01:17:33.463000,0 days 01:18:18.134000,0 days 01:18:43.076000,193.0,209.0,327.0,336.0,False,SOFT,12.0,True,Red Bull Racing,0 days 01:16:54.901000,,1,4.0,,,False,True
0 days 01:20:31.174000,HAD,6,0 days 00:01:48.130000,13.0,1.0,NaT,NaT,0 days 00:00:38.567000,0 days 00:00:44.524000,0 days 00:00:25.039000,0 days 01:19:21.643000,0 days 01:20:06.167000,0 days 01:20:31.206000,185.0,206.0,326.0,334.0,False,SOFT,13.0,True,Red Bull Racing,0 days 01:18:43.044000,,1,4.0,,,False,True
0 days 01:22:19.185000,HAD,6,0 days 00:01:48.011000,14.0,1.0,NaT,NaT,0 days 00:00:38.484000,0 days 00:00:44.467000,0 days 00:00:25.060000,0 days 01:21:09.690000,0 days 01:21:54.157000,0 days 01:22:19.217000,194.0,200.0,324.0,335.0,False,SOFT,14.0,True,Red Bull Racing,0 days 01:20:31.174000,,1,4.0,,,False,True
0 days 01:24:07.365000,HAD,6,0 days 00:01:48.180000,15.0,1.0,NaT,NaT,0 days 00:00:38.592000,0 days 00:00:44.609000,0 days 00:00:24.979000,0 days 01:22:57.809000,0 days 01:23:42.418000,0 days 01:24:07.397000,196.0,206.0,324.0,336.0,False,SOFT,15.0,True,Red Bull Racing,0 days 01:22:19.185000,,1,4.0,,,False,True
0 days 01:25:55.248000,HAD,6,0 days 00:01:47.883000,16.0,1.0,NaT,NaT,0 days 00:00:38.513000,0 days 00:00:44.394000,0 days 00:00:24.976000,0 days 01:24:45.910000,0 days 01:25:30.304000,0 days 01:25:55.280000,199.0,210.0,325.0,334.0,True,SOFT,16.0,True,Red Bull Racing,0 days 01:24:07.365000,,1,4.0,,,False,True
0 days 01:27:43.157000,HAD,6,0 days 00:01:47.909000,17.0,1.0,NaT,NaT,0 days 00:00:38.455000,0 days 00:00:44.406000,0 days 00:00:25.048000,0 days 01:26:33.735000,0 days 01:27:18.141000,0 days 01:27:43.189000,195.0,206.0,323.0,333.0,False,SOFT,17.0,True,Red Bull Racing,0 days 01:25:55.248000,,1,4.0,,,False,True
0 days 01:29:31.178000,HAD,6,0 days 00:01:48.021000,18.0,1.0,NaT,NaT,0 days 00:00:38.517000,0 days 00:00:44.448000,0 days 00:00:25.056000,0 days 01:28:21.706000,0 days 01:29:06.154000,0 days 01:29:31.210000,197.0,208.0,322.0,332.0,False,SOFT,18.0,True,Red Bull Racing,0 days 01:27:43.157000,,1,4.0,,,False,True
0 days 01:31:18.776000,HAD,6,0 days 00:01:47.598000,19.0,1.0,NaT,NaT,0 days 00:00:38.413000,0 days 00:00:44.413000,0 days 00:00:24.772000,0 days 01:30:09.623000,0 days 01:30:54.036000,0 days 01:31:18.808000,199.0,209.0,334.0,338.0,True,SOFT,19.0,True,Red Bull Racing,0 days 01:29:31.178000,,1,4.0,,,False,True
0 days 01:33:07.097000,HAD,6,0 days 00:01:48.321000,20.0,1.0,NaT,NaT,0 days 00:00:38.955000,0 days 00:00:44.413000,0 days 00:00:24.953000,0 days 01:31:57.763000,0 days 01:32:42.176000,0 days 01:33:07.129000,199.0,206.0,325.0,337.0,False,SOFT,20.0,True,Red Bull Racing,0 days 01:31:18.776000,,1,4.0,,,False,True
0 days 01:34:54.644000,HAD,6,0 days 00:01:47.547000,21.0,1.0,NaT,NaT,0 days 00:00:38.336000,0 days 00:00:44.382000,0 days 00:00:24.829000,0 days 01:33:45.465000,0 days 01:34:29.847000,0 days 01:34:54.676000,199.0,207.0,329.0,338.0,True,SOFT,21.0,True,Red Bull Racing,0 days 01:33:07.097000,,1,4.0,,,False,True
0 days 01:36:42.450000,HAD,6,0 days 00:01:47.806000,22.0,1.0,NaT,NaT,0 days 00:00:38.437000,0 days 00:00:44.431000,0 days 00:00:24.938000,0 days 01:35:33.113000,0 days 01:36:17.544000,0 days 01:36:42.482000,199.0,209.0,325.0,336.0,False,SOFT,22.0,True,Red Bull Racing,0 days 01:34:54.644000,,1,4.0,,,False,True
0 days 01:38:29.894000,HAD,6,0 days 00:01:47.444000,23.0,1.0,NaT,NaT,0 days 00:00:38.385000,0 days 00:00:44.137000,0 days 00:00:24.922000,0 days 01:37:20.867000,0 days 01:38:05.004000,0 days 01:38:29.926000,198.0,211.0,327.0,337.0,True,SOFT,23.0,True,Red Bull Racing,0 days 01:36:42.450000,,1,4.0,,,False,True
0 days 01:40:17.143000,HAD,6,0 days 00:01:47.249000,24.0,1.0,NaT,NaT,0 days 00:00:38.249000,0 days 00:00:44.093000,0 days 00:00:24.907000,0 days 01:39:08.175000,0 days 01:39:52.268000,0 days 01:40:17.175000,203.0,209.0,329.0,339.0,True,SOFT,24.0,True,Red Bull Racing,0 days 01:38:29.894000,,1,4.0,,,False,True
0 days 01:42:04.625000,HAD,6,0 days 00:01:47.482000,25.0,1.0,NaT,NaT,0 days 00:00:38.289000,0 days 00:00:44.299000,0 days 00:00:24.894000,0 days 01:40:55.464000,0 days 01:41:39.763000,0 days 01:42:04.657000,207.0,209.0,326.0,338.0,False,SOFT,25.0,True,Red Bull Racing,0 days 01:40:17.143000,,1,4.0,,,False,True
0 days 01:43:51.797000,HAD,6,0 days 00:01:47.172000,26.0,1.0,NaT,NaT,0 days 00:00:38.247000,0 days 00:00:44.206000,0 days 00:00:24.719000,0 days 01:42:42.904000,0 days 01:43:27.110000,0 days 01:43:51.829000,197.0,210.0,336.0,342.0,True,SOFT,26.0,True,Red Bull Racing,0 days 01:42:04.625000,,1,4.0,,,False,True
0 days 01:45:39.789000,HAD,6,0 days 00:01:47.992000,27.0,1.0,NaT,NaT,0 days 00:00:38.672000,0 days 00:00:44.494000,0 days 00:00:24.826000,0 days 01:44:30.501000,0 days 01:45:14.995000,0 days 01:45:39.821000,199.0,208.0,327.0,339.0,False,SOFT,27.0,True,Red Bull Racing,0 days 01:43:51.797000,,1,4.0,,,False,True
0 days 01:47:27.038000,HAD,6,0 days 00:01:47.249000,28.0,1.0,NaT,NaT,0 days 00:00:38.191000,0 days 00:00:44.128000,0 days 00:00:24.930000,0 days 01:46:18.012000,0 days 01:47:02.140000,0 days 01:47:27.070000,201.0,208.0,328.0,338.0,False,SOFT,28.0,True,Red Bull Racing,0 days 01:45:39.789000,,1,4.0,,,False,True
0 days 01:49:14.375000,HAD,6,0 days 00:01:47.337000,29.0,1.0,NaT,NaT,0 days 00:00:38.233000,0 days 00:00:44.246000,0 days 00:00:24.858000,0 days 01:48:05.303000,0 days 01:48:49.549000,0 days 01:49:14.407000,203.0,207.0,329.0,338.0,False,SOFT,29.0,True,Red Bull Racing,0 days 01:47:27.038000,,1,4.0,,,False,True
0 days 01:51:01.749000,HAD,6,0 days 00:01:47.374000,30.0,1.0,NaT,NaT,0 days 00:00:38.267000,0 days 00:00:44.209000,0 days 00:00:24.898000,0 days 01:49:52.674000,0 days 01:50:36.883000,0 days 01:51:01.781000,200.0,207.0,327.0,338.0,False,SOFT,30.0,True,Red Bull Racing,0 days 01:49:14.375000,,12,4.0,,,False,True
0 days 01:53:39.304000,HAD,6,NaT,31.0,1.0,NaT,0 days 01:53:37.791000,0 days 00:00:52.051000,0 days 00:01:00.430000,0 days 00:00:45.013000,0 days 01:51:53.893000,0 days 01:52:54.372000,0 days 01:53:39.445000,112.0,144.0,,146.0,False,SOFT,31.0,True,Red Bull Racing,0 days 01:51:01.749000,,24,4.0,,,False,False
0 days 01:56:22.043000,HAD,6,NaT,32.0,2.0,0 days 01:53:59.776000,NaT,0 days 00:01:04.113000,0 days 00:00:59.230000,0 days 00:00:39.332000,0 days 01:54:43.549000,0 days 01:55:42.780000,0 days 01:56:22.075000,120.0,168.0,242.0,190.0,False,MEDIUM,1.0,True,Red Bull Racing,0 days 01:53:39.304000,,4,4.0,,,False,False
0 days 01:59:07.486000,HAD,6,NaT,33.0,2.0,NaT,NaT,0 days 00:01:00.706000,0 days 00:01:07.638000,0 days 00:00:37.198000,0 days 01:57:22.682000,0 days 01:58:30.438000,0 days 01:59:07.653000,73.0,176.0,200.0,190.0,False,MEDIUM,2.0,True,Red Bull Racing,0 days 01:56:22.043000,,4,4.0,,,False,False
0 days 02:01:53.363000,HAD,6,NaT,34.0,2.0,NaT,NaT,0 days 00:01:05.416000,0 days 00:01:01.696000,0 days 00:00:38.711000,0 days 02:00:13.057000,0 days 02:01:14.684000,0 days 02:01:53.531000,123.0,173.0,246.0,225.0,False,MEDIUM,3.0,True,Red Bull Racing,0 days 01:59:07.486000,,4,4.0,,,False,False
0 days 02:04:29.293000,HAD,6,NaT,35.0,2.0,NaT,NaT,0 days 00:00:52.814000,0 days 00:01:02.689000,0 days 00:00:40.461000,0 days 02:02:46.241000,0 days 02:03:48.915000,0 days 02:04:29.443000,141.0,147.0,293.0,193.0,False,MEDIUM,4.0,True,Red Bull Racing,0 days 02:01:53.363000,,41,4.0,,,False,False
0 days 02:06:45.556000,HAD,6,0 days 00:02:16.263000,36.0,2.0,NaT,0 days 02:06:44.298000,0 days 00:00:39.453000,0 days 00:00:53.521000,0 days 00:00:43.289000,0 days 02:05:08.778000,0 days 02:06:02.299000,0 days 02:06:45.588000,184.0,121.0,,215.0,False,MEDIUM,5.0,True,Red Bull Racing,0 days 02:04:29.293000,,124,4.0,,,False,False
0 days 02:09:26.569000,HAD,6,NaT,37.0,3.0,0 days 02:06:59.457000,NaT,0 days 00:00:58.844000,0 days 00:01:02.113000,0 days 00:00:40.046000,0 days 02:07:44.442000,0 days 02:08:46.586000,0 days 02:09:26.699000,130.0,185.0,257.0,151.0,False,MEDIUM,6.0,False,Red Bull Racing,0 days 02:06:45.556000,,4,4.0,,,False,False
0 days 02:12:04.488000,HAD,6,NaT,38.0,3.0,NaT,NaT,0 days 00:00:57.337000,0 days 00:01:02.951000,0 days 00:00:37.670000,0 days 02:10:23.967000,0 days 02:11:26.850000,0 days 02:12:05.001000,123.0,105.0,338.0,203.0,False,MEDIUM,7.0,False,Red Bull Racing,0 days 02:09:26.569000,,41,4.0,,,False,False
0 days 02:13:52.741000,HAD,6,0 days 00:01:48.253000,39.0,3.0,NaT,NaT,0 days 00:00:39.364000,0 days 00:00:44.017000,0 days 00:00:24.872000,0 days 02:12:43.884000,0 days 02:13:27.901000,0 days 02:13:52.773000,192.0,209.0,333.0,335.0,False,MEDIUM,8.0,False,Red Bull Racing,0 days 02:12:04.488000,,1,4.0,,,False,True
0 days 02:15:39.369000,HAD,6,0 days 00:01:46.628000,40.0,3.0,NaT,NaT,0 days 00:00:38.347000,0 days 00:00:43.193000,0 days 00:00:25.088000,0 days 02:14:31.120000,0 days 02:15:14.313000,0 days 02:15:39.401000,204.0,219.0,314.0,329.0,True,MEDIUM,9.0,False,Red Bull Racing,0 days 02:13:52.741000,,12,3.0,,,False,True
0 days 02:17:25.620000,HAD,6,0 days 00:01:46.251000,41.0,3.0,NaT,NaT,0 days 00:00:37.718000,0 days 00:00:43.444000,0 days 00:00:25.089000,0 days 02:16:17.119000,0 days 02:17:00.563000,0 days 02:17:25.652000,205.0,218.0,313.0,328.0,True,MEDIUM,10.0,False,Red Bull Racing,0 days 02:15:39.369000,,1,3.0,,,False,True
0 days 02:19:11.775000,HAD,6,0 days 00:01:46.155000,42.0,3.0,NaT,NaT,0 days 00:00:37.846000,0 days 00:00:43.246000,0 days 00:00:25.063000,0 days 02:18:03.498000,0 days 02:18:46.744000,0 days 02:19:11.807000,204.0,213.0,313.0,327.0,True,MEDIUM,11.0,False,Red Bull Racing,0 days 02:17:25.620000,,1,3.0,,,False,True
0 days 02:20:57.942000,HAD,6,0 days 00:01:46.167000,43.0,3.0,NaT,NaT,0 days 00:00:37.718000,0 days 00:00:43.360000,0 days 00:00:25.089000,0 days 02:19:49.525000,0 days 02:20:32.885000,0 days 02:20:57.974000,204.0,216.0,312.0,327.0,False,MEDIUM,12.0,False,Red Bull Racing,0 days 02:19:11.775000,,1,3.0,,,False,True
0 days 02:22:43.788000,HAD,6,0 days 00:01:45.846000,44.0,3.0,NaT,NaT,0 days 00:00:37.534000,0 days 00:00:43.254000,0 days 00:00:25.058000,0 days 02:21:35.508000,0 days 02:22:18.762000,0 days 02:22:43.820000,209.0,218.0,310.0,326.0,True,MEDIUM,13.0,False,Red Bull Racing,0 days 02:20:57.942000,,1,3.0,,,False,True
0 days 02:24:29.521000,HAD,6,0 days 00:01:45.733000,45.0,3.0,NaT,NaT,0 days 00:00:37.478000,0 days 00:00:43.085000,0 days 00:00:25.170000,0 days 02:23:21.298000,0 days 02:24:04.383000,0 days 02:24:29.553000,207.0,214.0,309.0,326.0,True,MEDIUM,14.0,False,Red Bull Racing,0 days 02:22:43.788000,,1,3.0,,,False,True
0 days 02:26:15.377000,HAD,6,0 days 00:01:45.856000,46.0,3.0,NaT,NaT,0 days 00:00:37.517000,0 days 00:00:43.110000,0 days 00:00:25.229000,0 days 02:25:07.070000,0 days 02:25:50.180000,0 days 02:26:15.409000,210.0,214.0,309.0,325.0,False,MEDIUM,15.0,False,Red Bull Racing,0 days 02:24:29.521000,,1,3.0,,,False,True
0 days 02:28:01.221000,HAD,6,0 days 00:01:45.844000,47.0,3.0,NaT,NaT,0 days 00:00:37.512000,0 days 00:00:43.204000,0 days 00:00:25.128000,0 days 02:26:52.921000,0 days 02:27:36.125000,0 days 02:28:01.253000,207.0,220.0,308.0,325.0,False,MEDIUM,16.0,False,Red Bull Racing,0 days 02:26:15.377000,,1,3.0,,,False,True
0 days 02:29:47.013000,HAD,6,0 days 00:01:45.792000,48.0,3.0,NaT,NaT,0 days 00:00:37.544000,0 days 00:00:43.119000,0 days 00:00:25.129000,0 days 02:28:38.797000,0 days 02:29:21.916000,0 days 02:29:47.045000,206.0,219.0,309.0,326.0,False,MEDIUM,17.0,False,Red Bull Racing,0 days 02:28:01.221000,,1,3.0,,,False,True
0 days 02:31:32.631000,HAD,6,0 days 00:01:45.618000,49.0,3.0,NaT,NaT,0 days 00:00:37.426000,0 days 00:00:43.145000,0 days 00:00:25.047000,0 days 02:30:24.471000,0 days 02:31:07.616000,0 days 02:31:32.663000,207.0,219.0,309.0,326.0,True,MEDIUM,18.0,False,Red Bull Racing,0 days 02:29:47.013000,,1,3.0,,,False,True
0 days 02:33:18.563000,HAD,6,0 days 00:01:45.932000,50.0,3.0,NaT,NaT,0 days 00:00:37.485000,0 days 00:00:43.338000,0 days 00:00:25.109000,0 days 02:32:10.148000,0 days 02:32:53.486000,0 days 02:33:18.595000,212.0,211.0,309.0,326.0,False,MEDIUM,19.0,False,Red Bull Racing,0 days 02:31:32.631000,,12,3.0,,,False,True
0 days 02:35:06.368000,HAD,6,0 days 00:01:47.805000,51.0,3.0,NaT,NaT,0 days 00:00:37.534000,0 days 00:00:44.792000,0 days 00:00:25.479000,0 days 02:33:56.129000,0 days 02:34:40.921000,0 days 02:35:06.400000,205.0,207.0,285.0,325.0,False,MEDIUM,20.0,False,Red Bull Racing,0 days 02:33:18.563000,,12,3.0,,,False,True
0 days 00:58:45.408000,RUS,63,0 days 00:01:51.904000,1.0,1.0,NaT,NaT,NaT,0 days 00:00:44.470000,0 days 00:00:25.661000,NaT,0 days 00:58:19.772000,0 days 00:58:45.510000,187.0,201.0,308.0,322.0,False,MEDIUM,3.0,False,Mercedes,0 days 00:56:53.247000,,1,1.0,,,False,False
0 days 01:00:34.943000,RUS,63,0 days 00:01:49.535000,2.0,1.0,NaT,NaT,0 days 00:00:39.418000,0 days 00:00:44.492000,0 days 00:00:25.625000,0 days 00:59:24.850000,0 days 01:00:09.342000,0 days 01:00:34.967000,188.0,208.0,309.0,322.0,True,MEDIUM,4.0,False,Mercedes,0 days 00:58:45.408000,,1,1.0,,,False,True
0 days 01:02:23.801000,RUS,63,0 days 00:01:48.858000,3.0,1.0,NaT,NaT,0 days 00:00:38.852000,0 days 00:00:44.227000,0 days 00:00:25.779000,0 days 01:01:13.819000,0 days 01:01:58.046000,0 days 01:02:23.825000,192.0,206.0,309.0,322.0,True,MEDIUM,5.0,False,Mercedes,0 days 01:00:34.943000,,1,1.0,,,False,True
0 days 01:04:12.420000,RUS,63,0 days 00:01:48.619000,4.0,1.0,NaT,NaT,0 days 00:00:38.904000,0 days 00:00:44.135000,0 days 00:00:25.580000,0 days 01:03:02.729000,0 days 01:03:46.864000,0 days 01:04:12.444000,191.0,203.0,309.0,321.0,True,MEDIUM,6.0,False,Mercedes,0 days 01:02:23.801000,,1,1.0,,,False,True
0 days 01:06:00.589000,RUS,63,0 days 00:01:48.169000,5.0,1.0,NaT,NaT,0 days 00:00:38.550000,0 days 00:00:44.074000,0 days 00:00:25.545000,0 days 01:04:50.994000,0 days 01:05:35.068000,0 days 01:06:00.613000,199.0,202.0,310.0,322.0,True,MEDIUM,7.0,False,Mercedes,0 days 01:04:12.420000,,1,1.0,,,False,True
0 days 01:07:48.521000,RUS,63,0 days 00:01:47.932000,6.0,1.0,NaT,NaT,0 days 00:00:38.614000,0 days 00:00:43.892000,0 days 00:00:25.426000,0 days 01:06:39.227000,0 days 01:07:23.119000,0 days 01:07:48.545000,196.0,204.0,311.0,326.0,True,MEDIUM,8.0,False,Mercedes,0 days 01:06:00.589000,,1,1.0,,,False,True
0 days 01:09:36.333000,RUS,63,0 days 00:01:47.812000,7.0,1.0,NaT,NaT,0 days 00:00:38.434000,0 days 00:00:43.907000,0 days 00:00:25.471000,0 days 01:08:26.979000,0 days 01:09:10.886000,0 days 01:09:36.357000,196.0,207.0,311.0,324.0,True,MEDIUM,9.0,False,Mercedes,0 days 01:07:48.521000,,1,1.0,,,False,True
0 days 01:11:24.020000,RUS,63,0 days 00:01:47.687000,8.0,1.0,NaT,NaT,0 days 00:00:38.330000,0 days 00:00:43.835000,0 days 00:00:25.522000,0 days 01:10:14.687000,0 days 01:10:58.522000,0 days 01:11:24.044000,197.0,202.0,310.0,323.0,True,MEDIUM,10.0,False,Mercedes,0 days 01:09:36.333000,,1,1.0,,,False,True
0 days 01:13:12.036000,RUS,63,0 days 00:01:48.016000,9.0,1.0,NaT,NaT,0 days 00:00:38.235000,0 days 00:00:44.178000,0 days 00:00:25.603000,0 days 01:12:02.279000,0 days 01:12:46.457000,0 days 01:13:12.060000,197.0,199.0,311.0,323.0,False,MEDIUM,11.0,False,Mercedes,0 days 01:11:24.020000,,12,1.0,,,False,True
0 days 01:14:59.927000,RUS,63,0 days 00:01:47.891000,10.0,1.0,NaT,NaT,0 days 00:00:38.468000,0 days 00:00:43.927000,0 days 00:00:25.496000,0 days 01:13:50.528000,0 days 01:14:34.455000,0 days 01:14:59.951000,192.0,205.0,310.0,322.0,False,MEDIUM,12.0,False,Mercedes,0 days 01:13:12.036000,,1,1.0,,,False,True
0 days 01:16:47.796000,RUS,63,0 days 00:01:47.869000,11.0,1.0,NaT,NaT,0 days 00:00:38.395000,0 days 00:00:43.958000,0 days 00:00:25.516000,0 days 01:15:38.346000,0 days 01:16:22.304000,0 days 01:16:47.820000,197.0,206.0,310.0,322.0,False,MEDIUM,13.0,False,Mercedes,0 days 01:14:59.927000,,1,1.0,,,False,True
0 days 01:18:35.293000,RUS,63,0 days 00:01:47.497000,12.0,1.0,NaT,NaT,0 days 00:00:38.178000,0 days 00:00:43.901000,0 days 00:00:25.418000,0 days 01:17:25.998000,0 days 01:18:09.899000,0 days 01:18:35.317000,195.0,206.0,310.0,323.0,True,MEDIUM,14.0,False,Mercedes,0 days 01:16:47.796000,,1,1.0,,,False,True
0 days 01:20:22.900000,RUS,63,0 days 00:01:47.607000,13.0,1.0,NaT,NaT,0 days 00:00:38.265000,0 days 00:00:43.885000,0 days 00:00:25.457000,0 days 01:19:13.582000,0 days 01:19:57.467000,0 days 01:20:22.924000,194.0,206.0,310.0,322.0,False,MEDIUM,15.0,False,Mercedes,0 days 01:18:35.293000,,1,1.0,,,False,True
0 days 01:22:10.466000,RUS,63,0 days 00:01:47.566000,14.0,1.0,NaT,NaT,0 days 00:00:38.350000,0 days 00:00:43.749000,0 days 00:00:25.467000,0 days 01:21:01.274000,0 days 01:21:45.023000,0 days 01:22:10.490000,200.0,208.0,310.0,325.0,False,MEDIUM,16.0,False,Mercedes,0 days 01:20:22.900000,,1,1.0,,,False,True
0 days 01:23:58.477000,RUS,63,0 days 00:01:48.011000,15.0,1.0,NaT,NaT,0 days 00:00:38.617000,0 days 00:00:44.042000,0 days 00:00:25.352000,0 days 01:22:49.107000,0 days 01:23:33.149000,0 days 01:23:58.501000,195.0,205.0,311.0,325.0,False,MEDIUM,17.0,False,Mercedes,0 days 01:22:10.466000,,1,1.0,,,False,True
0 days 01:25:45.980000,RUS,63,0 days 00:01:47.503000,16.0,1.0,NaT,NaT,0 days 00:00:38.311000,0 days 00:00:43.817000,0 days 00:00:25.375000,0 days 01:24:36.812000,0 days 01:25:20.629000,0 days 01:25:46.004000,197.0,205.0,310.0,324.0,False,MEDIUM,18.0,False,Mercedes,0 days 01:23:58.477000,,1,1.0,,,False,True
0 days 01:27:33.905000,RUS,63,0 days 00:01:47.925000,17.0,1.0,NaT,NaT,0 days 00:00:38.444000,0 days 00:00:44.061000,0 days 00:00:25.420000,0 days 01:26:24.448000,0 days 01:27:08.509000,0 days 01:27:33.929000,191.0,207.0,311.0,325.0,False,MEDIUM,19.0,False,Mercedes,0 days 01:25:45.980000,,1,1.0,,,False,True
0 days 01:29:21.775000,RUS,63,0 days 00:01:47.870000,18.0,1.0,NaT,NaT,0 days 00:00:38.457000,0 days 00:00:43.953000,0 days 00:00:25.460000,0 days 01:28:12.386000,0 days 01:28:56.339000,0 days 01:29:21.799000,197.0,207.0,311.0,323.0,False,MEDIUM,20.0,False,Mercedes,0 days 01:27:33.905000,,1,1.0,,,False,True
0 days 01:31:09.355000,RUS,63,0 days 00:01:47.580000,19.0,1.0,NaT,NaT,0 days 00:00:38.193000,0 days 00:00:43.935000,0 days 00:00:25.452000,0 days 01:29:59.992000,0 days 01:30:43.927000,0 days 01:31:09.379000,199.0,207.0,310.0,324.0,False,MEDIUM,21.0,False,Mercedes,0 days 01:29:21.775000,,1,1.0,,,False,True
0 days 01:32:56.927000,RUS,63,0 days 00:01:47.572000,20.0,1.0,NaT,NaT,0 days 00:00:38.229000,0 days 00:00:43.933000,0 days 00:00:25.410000,0 days 01:31:47.608000,0 days 01:32:31.541000,0 days 01:32:56.951000,200.0,207.0,311.0,324.0,False,MEDIUM,22.0,False,Mercedes,0 days 01:31:09.355000,,1,1.0,,,False,True
0 days 01:34:44.392000,RUS,63,0 days 00:01:47.465000,21.0,1.0,NaT,NaT,0 days 00:00:38.183000,0 days 00:00:43.967000,0 days 00:00:25.315000,0 days 01:33:35.134000,0 days 01:34:19.101000,0 days 01:34:44.416000,201.0,212.0,310.0,323.0,True,MEDIUM,23.0,False,Mercedes,0 days 01:32:56.927000,,1,1.0,,,False,True
0 days 01:36:31.583000,RUS,63,0 days 00:01:47.191000,22.0,1.0,NaT,NaT,0 days 00:00:38.171000,0 days 00:00:43.704000,0 days 00:00:25.316000,0 days 01:35:22.587000,0 days 01:36:06.291000,0 days 01:36:31.607000,201.0,209.0,311.0,325.0,True,MEDIUM,24.0,False,Mercedes,0 days 01:34:44.392000,,1,1.0,,,False,True
0 days 01:38:18.692000,RUS,63,0 days 00:01:47.109000,23.0,1.0,NaT,NaT,0 days 00:00:38.069000,0 days 00:00:43.650000,0 days 00:00:25.390000,0 days 01:37:09.676000,0 days 01:37:53.326000,0 days 01:38:18.716000,200.0,209.0,313.0,326.0,True,MEDIUM,25.0,False,Mercedes,0 days 01:36:31.583000,,1,1.0,,,False,True
0 days 01:40:06.055000,RUS,63,0 days 00:01:47.363000,24.0,1.0,NaT,NaT,0 days 00:00:38.228000,0 days 00:00:43.768000,0 days 00:00:25.367000,0 days 01:38:56.944000,0 days 01:39:40.712000,0 days 01:40:06.079000,197.0,204.0,315.0,325.0,False,MEDIUM,26.0,False,Mercedes,0 days 01:38:18.692000,,1,1.0,,,False,True
0 days 01:41:53.419000,RUS,63,0 days 00:01:47.364000,25.0,1.0,NaT,NaT,0 days 00:00:38.166000,0 days 00:00:43.777000,0 days 00:00:25.421000,0 days 01:40:44.245000,0 days 01:41:28.022000,0 days 01:41:53.443000,197.0,210.0,311.0,324.0,False,MEDIUM,27.0,False,Mercedes,0 days 01:40:06.055000,,1,1.0,,,False,True
0 days 01:43:40.595000,RUS,63,0 days 00:01:47.176000,26.0,1.0,NaT,NaT,0 days 00:00:38.040000,0 days 00:00:43.740000,0 days 00:00:25.396000,0 days 01:42:31.483000,0 days 01:43:15.223000,0 days 01:43:40.619000,200.0,208.0,311.0,325.0,False,MEDIUM,28.0,False,Mercedes,0 days 01:41:53.419000,,1,1.0,,,False,True
0 days 01:45:27.653000,RUS,63,0 days 00:01:47.058000,27.0,1.0,NaT,NaT,0 days 00:00:37.957000,0 days 00:00:43.731000,0 days 00:00:25.370000,0 days 01:44:18.576000,0 days 01:45:02.307000,0 days 01:45:27.677000,203.0,208.0,311.0,324.0,True,MEDIUM,29.0,False,Mercedes,0 days 01:43:40.595000,,1,1.0,,,False,True
0 days 01:47:14.658000,RUS,63,0 days 00:01:47.005000,28.0,1.0,NaT,NaT,0 days 00:00:37.837000,0 days 00:00:43.786000,0 days 00:00:25.382000,0 days 01:46:05.514000,0 days 01:46:49.300000,0 days 01:47:14.682000,196.0,212.0,311.0,324.0,True,MEDIUM,30.0,False,Mercedes,0 days 01:45:27.653000,,1,1.0,,,False,True
0 days 01:49:01.649000,RUS,63,0 days 00:01:46.991000,29.0,1.0,NaT,NaT,0 days 00:00:37.986000,0 days 00:00:43.656000,0 days 00:00:25.349000,0 days 01:47:52.668000,0 days 01:48:36.324000,0 days 01:49:01.673000,200.0,212.0,311.0,326.0,True,MEDIUM,31.0,False,Mercedes,0 days 01:47:14.658000,,1,1.0,,,False,True
0 days 01:50:48.586000,RUS,63,0 days 00:01:46.937000,30.0,1.0,NaT,NaT,0 days 00:00:37.927000,0 days 00:00:43.650000,0 days 00:00:25.360000,0 days 01:49:39.600000,0 days 01:50:23.250000,0 days 01:50:48.610000,197.0,208.0,311.0,325.0,True,MEDIUM,32.0,False,Mercedes,0 days 01:49:01.649000,,12,1.0,,,False,True
0 days 01:53:16.834000,RUS,63,0 days 00:02:28.248000,31.0,1.0,NaT,0 days 01:53:15.528000,0 days 00:00:46.717000,0 days 00:00:59.279000,0 days 00:00:42.252000,0 days 01:51:35.327000,0 days 01:52:34.606000,0 days 01:53:16.858000,106.0,162.0,,187.0,False,MEDIUM,33.0,False,Mercedes,0 days 01:50:48.586000,,124,1.0,,,False,False
0 days 01:56:17.986000,RUS,63,NaT,32.0,2.0,0 days 01:53:36.289000,NaT,0 days 00:01:09.980000,0 days 00:01:08.433000,0 days 00:00:42.633000,0 days 01:54:26.972000,0 days 01:55:35.377000,0 days 01:56:18.050000,75.0,130.0,204.0,181.0,False,SOFT,1.0,False,Mercedes,0 days 01:53:16.834000,,4,1.0,,,False,False
0 days 01:59:05.233000,RUS,63,NaT,33.0,2.0,NaT,NaT,0 days 00:01:00.133000,0 days 00:01:07.147000,0 days 00:00:40.039000,0 days 01:57:18.071000,0 days 01:58:25.389000,0 days 01:59:05.404000,70.0,149.0,129.0,213.0,False,SOFT,2.0,False,Mercedes,0 days 01:56:17.986000,,4,1.0,,,False,False
0 days 02:01:49.834000,RUS,63,NaT,34.0,2.0,NaT,NaT,0 days 00:01:04.481000,0 days 00:01:01.047000,0 days 00:00:39.106000,0 days 02:00:09.794000,0 days 02:01:10.875000,0 days 02:01:49.858000,154.0,137.0,221.0,221.0,False,SOFT,3.0,False,Mercedes,0 days 01:59:05.233000,,4,1.0,,,False,False
0 days 02:04:28.493000,RUS,63,NaT,35.0,2.0,NaT,NaT,0 days 00:00:53.490000,0 days 00:01:02.156000,0 days 00:00:42.972000,0 days 02:02:43.408000,0 days 02:03:45.617000,0 days 02:04:28.652000,137.0,118.0,299.0,183.0,False,SOFT,4.0,False,Mercedes,0 days 02:01:49.834000,,41,1.0,,,False,False
0 days 02:06:37.492000,RUS,63,0 days 00:02:08.999000,36.0,2.0,NaT,0 days 02:06:36.309000,0 days 00:00:37.957000,0 days 00:00:49.594000,0 days 00:00:41.448000,0 days 02:05:06.474000,0 days 02:05:56.068000,0 days 02:06:37.516000,193.0,131.0,,119.0,False,SOFT,5.0,False,Mercedes,0 days 02:04:28.493000,,124,1.0,,,False,False
0 days 02:09:22.288000,RUS,63,NaT,37.0,3.0,0 days 02:06:51.351000,NaT,0 days 00:01:03.316000,0 days 00:01:01.528000,0 days 00:00:39.930000,0 days 02:07:40.854000,0 days 02:08:42.428000,0 days 02:09:22.458000,99.0,142.0,225.0,215.0,False,SOFT,6.0,False,Mercedes,0 days 02:06:37.492000,,4,1.0,,,False,False
0 days 02:12:03.810000,RUS,63,NaT,38.0,3.0,NaT,NaT,0 days 00:00:59.141000,0 days 00:01:02.459000,0 days 00:00:39.969000,0 days 02:10:21.568000,0 days 02:11:23.941000,0 days 02:12:04.038000,120.0,141.0,327.0,186.0,False,SOFT,7.0,False,Mercedes,0 days 02:09:22.288000,,41,1.0,,,False,False
0 days 02:13:50.142000,RUS,63,0 days 00:01:46.332000,39.0,3.0,NaT,NaT,0 days 00:00:37.835000,0 days 00:00:43.243000,0 days 00:00:25.254000,0 days 02:12:41.669000,0 days 02:13:24.912000,0 days 02:13:50.166000,200.0,207.0,311.0,327.0,True,SOFT,8.0,False,Mercedes,0 days 02:12:03.810000,,1,1.0,,,False,True
0 days 02:15:36.181000,RUS,63,0 days 00:01:46.039000,40.0,3.0,NaT,NaT,0 days 00:00:37.949000,0 days 00:00:42.852000,0 days 00:00:25.238000,0 days 02:14:28.115000,0 days 02:15:10.967000,0 days 02:15:36.205000,205.0,209.0,310.0,325.0,True,SOFT,9.0,False,Mercedes,0 days 02:13:50.142000,,12,1.0,,,False,True
0 days 02:17:21.801000,RUS,63,0 days 00:01:45.620000,41.0,3.0,NaT,NaT,0 days 00:00:37.545000,0 days 00:00:42.867000,0 days 00:00:25.208000,0 days 02:16:13.750000,0 days 02:16:56.617000,0 days 02:17:21.825000,206.0,211.0,310.0,326.0,True,SOFT,10.0,False,Mercedes,0 days 02:15:36.181000,,1,1.0,,,False,True
0 days 02:19:07.281000,RUS,63,0 days 00:01:45.480000,42.0,3.0,NaT,NaT,0 days 00:00:37.418000,0 days 00:00:42.903000,0 days 00:00:25.159000,0 days 02:17:59.243000,0 days 02:18:42.146000,0 days 02:19:07.305000,203.0,212.0,309.0,325.0,True,SOFT,11.0,False,Mercedes,0 days 02:17:21.801000,,1,1.0,,,False,True
0 days 02:20:53.002000,RUS,63,0 days 00:01:45.721000,43.0,3.0,NaT,NaT,0 days 00:00:37.408000,0 days 00:00:43.067000,0 days 00:00:25.246000,0 days 02:19:44.713000,0 days 02:20:27.780000,0 days 02:20:53.026000,205.0,212.0,310.0,324.0,False,SOFT,12.0,False,Mercedes,0 days 02:19:07.281000,,1,1.0,,,False,True
0 days 02:22:38.166000,RUS,63,0 days 00:01:45.164000,44.0,3.0,NaT,NaT,0 days 00:00:37.130000,0 days 00:00:42.863000,0 days 00:00:25.171000,0 days 02:21:30.156000,0 days 02:22:13.019000,0 days 02:22:38.190000,203.0,217.0,309.0,325.0,True,SOFT,13.0,False,Mercedes,0 days 02:20:53.002000,,1,1.0,,,False,True
0 days 02:24:23.221000,RUS,63,0 days 00:01:45.055000,45.0,3.0,NaT,NaT,0 days 00:00:37.244000,0 days 00:00:42.646000,0 days 00:00:25.165000,0 days 02:23:15.434000,0 days 02:23:58.080000,0 days 02:24:23.245000,208.0,217.0,309.0,324.0,True,SOFT,14.0,False,Mercedes,0 days 02:22:38.166000,,1,1.0,,,False,True
0 days 02:26:08.480000,RUS,63,0 days 00:01:45.259000,46.0,3.0,NaT,NaT,0 days 00:00:37.253000,0 days 00:00:42.802000,0 days 00:00:25.204000,0 days 02:25:00.498000,0 days 02:25:43.300000,0 days 02:26:08.504000,209.0,217.0,310.0,324.0,False,SOFT,15.0,False,Mercedes,0 days 02:24:23.221000,,1,1.0,,,False,True
0 days 02:27:53.517000,RUS,63,0 days 00:01:45.037000,47.0,3.0,NaT,NaT,0 days 00:00:37.095000,0 days 00:00:42.663000,0 days 00:00:25.279000,0 days 02:26:45.599000,0 days 02:27:28.262000,0 days 02:27:53.541000,209.0,214.0,308.0,321.0,True,SOFT,16.0,False,Mercedes,0 days 02:26:08.480000,,1,1.0,,,False,True
0 days 02:29:38.513000,RUS,63,0 days 00:01:44.996000,48.0,3.0,NaT,NaT,0 days 00:00:37.083000,0 days 00:00:42.693000,0 days 00:00:25.220000,0 days 02:28:30.624000,0 days 02:29:13.317000,0 days 02:29:38.537000,205.0,217.0,309.0,322.0,True,SOFT,17.0,False,Mercedes,0 days 02:27:53.517000,,1,1.0,,,False,True
0 days 02:31:23.429000,RUS,63,0 days 00:01:44.916000,49.0,3.0,NaT,NaT,0 days 00:00:37.056000,0 days 00:00:42.656000,0 days 00:00:25.204000,0 days 02:30:15.593000,0 days 02:30:58.249000,0 days 02:31:23.453000,207.0,217.0,309.0,323.0,True,SOFT,18.0,False,Mercedes,0 days 02:29:38.513000,,1,1.0,,,False,True
0 days 02:33:08.434000,RUS,63,0 days 00:01:45.005000,50.0,3.0,NaT,NaT,0 days 00:00:37.143000,0 days 00:00:42.615000,0 days 00:00:25.247000,0 days 02:32:00.596000,0 days 02:32:43.211000,0 days 02:33:08.458000,208.0,215.0,309.0,322.0,False,SOFT,19.0,False,Mercedes,0 days 02:31:23.429000,,12,1.0,,,False,True
0 days 02:34:55.664000,RUS,63,0 days 00:01:47.230000,51.0,3.0,NaT,NaT,0 days 00:00:37.324000,0 days 00:00:44.674000,0 days 00:00:25.232000,0 days 02:33:45.782000,0 days 02:34:30.456000,0 days 02:34:55.688000,204.0,209.0,308.0,317.0,False,SOFT,20.0,False,Mercedes,0 days 02:33:08.434000,,12,1.0,,,False,True
0 days 00:59:00.270000,BOT,77,0 days 00:02:06.766000,1.0,1.0,NaT,NaT,NaT,0 days 00:00:50.331000,0 days 00:00:25.883000,NaT,0 days 00:58:34.626000,0 days 00:59:00.428000,171.0,187.0,316.0,329.0,False,MEDIUM,1.0,True,Cadillac,0 days 00:56:53.247000,,1,21.0,,,False,False
0 days 01:00:52.257000,BOT,77,0 days 00:01:51.987000,2.0,1.0,NaT,NaT,0 days 00:00:40.286000,0 days 00:00:45.988000,0 days 00:00:25.713000,0 days 00:59:40.573000,0 days 01:00:26.561000,0 days 01:00:52.274000,185.0,199.0,321.0,328.0,True,MEDIUM,2.0,True,Cadillac,0 days 00:59:00.270000,,1,21.0,,,False,True
0 days 01:02:44.383000,BOT,77,0 days 00:01:52.126000,3.0,1.0,NaT,NaT,0 days 00:00:40.273000,0 days 00:00:46.151000,0 days 00:00:25.702000,0 days 01:01:32.547000,0 days 01:02:18.698000,0 days 01:02:44.400000,176.0,188.0,315.0,331.0,False,MEDIUM,3.0,True,Cadillac,0 days 01:00:52.257000,,1,20.0,,,False,True
0 days 01:04:36.231000,BOT,77,0 days 00:01:51.848000,4.0,1.0,NaT,NaT,0 days 00:00:40.190000,0 days 00:00:45.661000,0 days 00:00:25.997000,0 days 01:03:24.590000,0 days 01:04:10.251000,0 days 01:04:36.248000,180.0,197.0,306.0,319.0,True,MEDIUM,4.0,True,Cadillac,0 days 01:02:44.383000,,1,20.0,,,False,True
0 days 01:06:28.199000,BOT,77,0 days 00:01:51.968000,5.0,1.0,NaT,NaT,0 days 00:00:40.383000,0 days 00:00:45.507000,0 days 00:00:26.078000,0 days 01:05:16.631000,0 days 01:06:02.138000,0 days 01:06:28.216000,175.0,199.0,304.0,318.0,False,MEDIUM,5.0,True,Cadillac,0 days 01:04:36.231000,,1,20.0,,,False,True
0 days 01:08:20.126000,BOT,77,0 days 00:01:51.927000,6.0,1.0,NaT,NaT,0 days 00:00:40.428000,0 days 00:00:45.563000,0 days 00:00:25.936000,0 days 01:07:08.644000,0 days 01:07:54.207000,0 days 01:08:20.143000,181.0,207.0,304.0,320.0,False,MEDIUM,6.0,True,Cadillac,0 days 01:06:28.199000,,1,20.0,,,False,True
0 days 01:10:11.916000,BOT,77,0 days 00:01:51.790000,7.0,1.0,NaT,NaT,0 days 00:00:40.152000,0 days 00:00:45.577000,0 days 00:00:26.061000,0 days 01:09:00.295000,0 days 01:09:45.872000,0 days 01:10:11.933000,185.0,201.0,302.0,320.0,True,MEDIUM,7.0,True,Cadillac,0 days 01:08:20.126000,,1,20.0,,,False,True
0 days 01:12:03.782000,BOT,77,0 days 00:01:51.866000,8.0,1.0,NaT,NaT,0 days 00:00:40.207000,0 days 00:00:45.571000,0 days 00:00:26.088000,0 days 01:10:52.140000,0 days 01:11:37.711000,0 days 01:12:03.799000,185.0,203.0,302.0,318.0,False,MEDIUM,8.0,True,Cadillac,0 days 01:10:11.916000,,12,20.0,,,False,True
0 days 01:13:56.106000,BOT,77,0 days 00:01:52.324000,9.0,1.0,NaT,NaT,0 days 00:00:40.054000,0 days 00:00:46.023000,0 days 00:00:26.247000,0 days 01:12:43.853000,0 days 01:13:29.876000,0 days 01:13:56.123000,185.0,191.0,300.0,314.0,False,MEDIUM,9.0,True,Cadillac,0 days 01:12:03.782000,,1,20.0,,,False,True
0 days 01:15:47.878000,BOT,77,0 days 00:01:51.772000,10.0,1.0,NaT,NaT,0 days 00:00:40.150000,0 days 00:00:45.496000,0 days 00:00:26.126000,0 days 01:14:36.273000,0 days 01:15:21.769000,0 days 01:15:47.895000,190.0,203.0,300.0,317.0,True,MEDIUM,10.0,True,Cadillac,0 days 01:13:56.106000,,1,20.0,,,False,True
0 days 01:17:40.725000,BOT,77,0 days 00:01:52.847000,11.0,1.0,NaT,NaT,0 days 00:00:40.998000,0 days 00:00:45.612000,0 days 00:00:26.237000,0 days 01:16:28.893000,0 days 01:17:14.505000,0 days 01:17:40.742000,184.0,202.0,299.0,314.0,False,MEDIUM,11.0,True,Cadillac,0 days 01:15:47.878000,,1,20.0,,,False,True
0 days 01:19:32.864000,BOT,77,0 days 00:01:52.139000,12.0,1.0,NaT,NaT,0 days 00:00:40.233000,0 days 00:00:45.757000,0 days 00:00:26.149000,0 days 01:18:20.975000,0 days 01:19:06.732000,0 days 01:19:32.881000,188.0,211.0,299.0,315.0,False,MEDIUM,12.0,True,Cadillac,0 days 01:17:40.725000,,1,20.0,,,False,True
0 days 01:21:24.904000,BOT,77,0 days 00:01:52.040000,13.0,1.0,NaT,NaT,0 days 00:00:40.489000,0 days 00:00:45.839000,0 days 00:00:25.712000,0 days 01:20:13.370000,0 days 01:20:59.209000,0 days 01:21:24.921000,187.0,205.0,318.0,326.0,False,MEDIUM,13.0,True,Cadillac,0 days 01:19:32.864000,,1,21.0,,,False,True
0 days 01:23:16.514000,BOT,77,0 days 00:01:51.610000,14.0,1.0,NaT,NaT,0 days 00:00:39.945000,0 days 00:00:45.577000,0 days 00:00:26.088000,0 days 01:22:04.866000,0 days 01:22:50.443000,0 days 01:23:16.531000,183.0,199.0,299.0,319.0,True,MEDIUM,14.0,True,Cadillac,0 days 01:21:24.904000,,1,20.0,,,False,True
0 days 01:25:07.967000,BOT,77,0 days 00:01:51.453000,15.0,1.0,NaT,NaT,0 days 00:00:39.875000,0 days 00:00:45.445000,0 days 00:00:26.133000,0 days 01:23:56.406000,0 days 01:24:41.851000,0 days 01:25:07.984000,191.0,209.0,297.0,317.0,True,MEDIUM,15.0,True,Cadillac,0 days 01:23:16.514000,,1,20.0,,,False,True
0 days 01:27:00.040000,BOT,77,0 days 00:01:52.073000,16.0,1.0,NaT,NaT,0 days 00:00:40.181000,0 days 00:00:45.661000,0 days 00:00:26.231000,0 days 01:25:48.165000,0 days 01:26:33.826000,0 days 01:27:00.057000,189.0,203.0,298.0,317.0,False,MEDIUM,16.0,True,Cadillac,0 days 01:25:07.967000,,1,20.0,,,False,True
0 days 01:28:52.032000,BOT,77,0 days 00:01:51.992000,17.0,1.0,NaT,NaT,0 days 00:00:40.375000,0 days 00:00:45.846000,0 days 00:00:25.771000,0 days 01:27:40.432000,0 days 01:28:26.278000,0 days 01:28:52.049000,182.0,189.0,307.0,327.0,False,MEDIUM,17.0,True,Cadillac,0 days 01:27:00.040000,,1,20.0,,,False,True
0 days 01:30:43.607000,BOT,77,0 days 00:01:51.575000,18.0,1.0,NaT,NaT,0 days 00:00:39.930000,0 days 00:00:45.417000,0 days 00:00:26.228000,0 days 01:29:31.979000,0 days 01:30:17.396000,0 days 01:30:43.624000,189.0,204.0,298.0,316.0,False,MEDIUM,18.0,True,Cadillac,0 days 01:28:52.032000,,1,20.0,,,False,True
0 days 01:32:35.996000,BOT,77,0 days 00:01:52.389000,19.0,1.0,NaT,NaT,0 days 00:00:40.740000,0 days 00:00:45.838000,0 days 00:00:25.811000,0 days 01:31:24.364000,0 days 01:32:10.202000,0 days 01:32:36.013000,187.0,201.0,302.0,330.0,False,MEDIUM,19.0,True,Cadillac,0 days 01:30:43.607000,,1,20.0,,,False,True
0 days 01:34:28.906000,BOT,77,0 days 00:01:52.910000,20.0,1.0,NaT,NaT,0 days 00:00:40.856000,0 days 00:00:45.945000,0 days 00:00:26.109000,0 days 01:33:16.869000,0 days 01:34:02.814000,0 days 01:34:28.923000,183.0,184.0,300.0,329.0,False,MEDIUM,20.0,True,Cadillac,0 days 01:32:35.996000,,1,20.0,,,False,True
0 days 01:36:20.099000,BOT,77,0 days 00:01:51.193000,21.0,1.0,NaT,NaT,0 days 00:00:39.578000,0 days 00:00:45.441000,0 days 00:00:26.174000,0 days 01:35:08.501000,0 days 01:35:53.942000,0 days 01:36:20.116000,187.0,204.0,297.0,318.0,True,MEDIUM,21.0,True,Cadillac,0 days 01:34:28.906000,,1,20.0,,,False,True
0 days 01:38:11.790000,BOT,77,0 days 00:01:51.691000,22.0,1.0,NaT,NaT,0 days 00:00:40.109000,0 days 00:00:45.367000,0 days 00:00:26.215000,0 days 01:37:00.225000,0 days 01:37:45.592000,0 days 01:38:11.807000,194.0,210.0,298.0,318.0,False,MEDIUM,22.0,True,Cadillac,0 days 01:36:20.099000,,1,20.0,,,False,True
0 days 01:40:03.465000,BOT,77,0 days 00:01:51.675000,23.0,1.0,NaT,NaT,0 days 00:00:40.083000,0 days 00:00:45.358000,0 days 00:00:26.234000,0 days 01:38:51.890000,0 days 01:39:37.248000,0 days 01:40:03.482000,184.0,203.0,297.0,319.0,False,MEDIUM,23.0,True,Cadillac,0 days 01:38:11.790000,,1,20.0,,,False,True
0 days 01:41:56.607000,BOT,77,0 days 00:01:53.142000,24.0,1.0,NaT,NaT,0 days 00:00:41.151000,0 days 00:00:46.025000,0 days 00:00:25.966000,0 days 01:40:44.633000,0 days 01:41:30.658000,0 days 01:41:56.624000,156.0,202.0,302.0,320.0,False,MEDIUM,24.0,True,Cadillac,0 days 01:40:03.465000,,1,20.0,,,False,True
0 days 01:43:47.882000,BOT,77,0 days 00:01:51.275000,25.0,1.0,NaT,NaT,0 days 00:00:39.635000,0 days 00:00:45.507000,0 days 00:00:26.133000,0 days 01:42:36.259000,0 days 01:43:21.766000,0 days 01:43:47.899000,186.0,206.0,299.0,318.0,False,MEDIUM,25.0,True,Cadillac,0 days 01:41:56.607000,,1,20.0,,,False,True
0 days 01:45:46.893000,BOT,77,0 days 00:01:59.011000,26.0,1.0,NaT,0 days 01:45:45.664000,0 days 00:00:42.653000,0 days 00:00:46.598000,0 days 00:00:29.760000,0 days 01:44:30.552000,0 days 01:45:17.150000,0 days 01:45:46.910000,100.0,205.0,,323.0,False,MEDIUM,26.0,True,Cadillac,0 days 01:43:47.882000,,1,20.0,,,False,False
0 days 01:48:00.468000,BOT,77,0 days 00:02:13.575000,27.0,2.0,0 days 01:46:08.665000,NaT,0 days 00:00:59.287000,0 days 00:00:48.002000,0 days 00:00:26.286000,0 days 01:46:46.197000,0 days 01:47:34.199000,0 days 01:48:00.485000,192.0,203.0,304.0,322.0,False,SOFT,1.0,True,Cadillac,0 days 01:45:46.893000,,1,20.0,,,False,False
0 days 01:49:52.681000,BOT,77,0 days 00:01:52.213000,28.0,2.0,NaT,NaT,0 days 00:00:39.563000,0 days 00:00:46.928000,0 days 00:00:25.722000,0 days 01:48:40.048000,0 days 01:49:26.976000,0 days 01:49:52.698000,189.0,199.0,311.0,325.0,False,SOFT,2.0,True,Cadillac,0 days 01:48:00.468000,,12,20.0,,,False,True
0 days 01:52:04.034000,BOT,77,0 days 00:02:11.353000,29.0,2.0,NaT,NaT,0 days 00:00:41.434000,0 days 00:00:53.110000,0 days 00:00:36.809000,0 days 01:50:34.132000,0 days 01:51:27.242000,0 days 01:52:04.051000,179.0,147.0,198.0,207.0,False,SOFT,3.0,True,Cadillac,0 days 01:49:52.681000,,124,20.0,,,False,False
0 days 01:54:36.825000,BOT,77,NaT,30.0,2.0,NaT,NaT,0 days 00:00:56.613000,0 days 00:00:57.657000,0 days 00:00:38.485000,0 days 01:53:00.700000,0 days 01:53:58.404000,0 days 01:54:36.843000,91.0,161.0,271.0,201.0,False,SOFT,4.0,True,Cadillac,0 days 01:52:04.034000,,4,19.0,,,False,False
0 days 01:56:48.944000,BOT,77,0 days 00:02:12.119000,31.0,2.0,NaT,NaT,0 days 00:00:46.167000,0 days 00:00:56.499000,0 days 00:00:29.453000,0 days 01:55:23.009000,0 days 01:56:19.508000,0 days 01:56:48.961000,114.0,165.0,286.0,275.0,False,SOFT,5.0,True,Cadillac,0 days 01:54:36.825000,,4,19.0,,,False,False
0 days 01:59:16.948000,BOT,77,0 days 00:02:28.004000,32.0,2.0,NaT,NaT,0 days 00:00:44.209000,0 days 00:01:05.851000,0 days 00:00:37.944000,0 days 01:57:33.170000,0 days 01:58:39.021000,0 days 01:59:16.965000,109.0,137.0,275.0,202.0,False,SOFT,6.0,True,Cadillac,0 days 01:56:48.944000,,4,19.0,,,False,False
0 days 02:01:16.785000,BOT,77,0 days 00:01:59.837000,33.0,2.0,NaT,NaT,0 days 00:00:46.801000,0 days 00:00:46.559000,0 days 00:00:26.477000,0 days 02:00:03.766000,0 days 02:00:50.325000,0 days 02:01:16.802000,160.0,196.0,293.0,314.0,False,SOFT,7.0,True,Cadillac,0 days 01:59:16.948000,,4,19.0,,,False,False
0 days 02:03:09.189000,BOT,77,0 days 00:01:52.404000,34.0,2.0,NaT,NaT,0 days 00:00:40.477000,0 days 00:00:45.707000,0 days 00:00:26.220000,0 days 02:01:57.279000,0 days 02:02:42.986000,0 days 02:03:09.206000,185.0,213.0,297.0,317.0,False,SOFT,8.0,True,Cadillac,0 days 02:01:16.785000,,4,19.0,,,False,False
0 days 02:05:00.790000,BOT,77,0 days 00:01:51.601000,35.0,2.0,NaT,NaT,0 days 00:00:40.012000,0 days 00:00:45.427000,0 days 00:00:26.162000,0 days 02:03:49.218000,0 days 02:04:34.645000,0 days 02:05:00.807000,186.0,201.0,290.0,316.0,False,SOFT,9.0,True,Cadillac,0 days 02:03:09.189000,,412,19.0,,,False,False
0 days 02:07:38.320000,BOT,77,NaT,36.0,2.0,NaT,0 days 02:07:37.012000,0 days 00:00:54.737000,0 days 00:01:00.428000,0 days 00:00:42.331000,0 days 02:05:55.721000,0 days 02:06:56.176000,0 days 02:07:38.337000,109.0,101.0,,203.0,False,SOFT,10.0,True,Cadillac,0 days 02:05:00.790000,,24,16.0,,,False,False
0 days 02:10:19.001000,BOT,77,NaT,37.0,3.0,0 days 02:07:52.121000,NaT,0 days 00:01:01.277000,0 days 00:01:00.074000,0 days 00:00:39.384000,0 days 02:08:39.660000,0 days 02:09:39.697000,0 days 02:10:19.140000,99.0,167.0,261.0,215.0,False,SOFT,11.0,False,Cadillac,0 days 02:07:38.320000,,4,16.0,,,False,False
0 days 02:12:14.303000,BOT,77,0 days 00:01:55.302000,38.0,3.0,NaT,NaT,0 days 00:00:42.005000,0 days 00:00:46.093000,0 days 00:00:27.204000,0 days 02:11:01.023000,0 days 02:11:47.116000,0 days 02:12:14.320000,182.0,195.0,296.0,289.0,False,SOFT,12.0,False,Cadillac,0 days 02:10:19.001000,,41,16.0,,,False,False
0 days 02:14:05.557000,BOT,77,0 days 00:01:51.254000,39.0,3.0,NaT,NaT,0 days 00:00:40.433000,0 days 00:00:45.069000,0 days 00:00:25.752000,0 days 02:12:54.753000,0 days 02:13:39.822000,0 days 02:14:05.574000,192.0,210.0,306.0,324.0,False,SOFT,13.0,False,Cadillac,0 days 02:12:14.303000,,12,16.0,,,False,True
0 days 02:15:57.040000,BOT,77,0 days 00:01:51.483000,40.0,3.0,NaT,NaT,0 days 00:00:40.998000,0 days 00:00:44.795000,0 days 00:00:25.690000,0 days 02:14:46.572000,0 days 02:15:31.367000,0 days 02:15:57.057000,191.0,206.0,305.0,324.0,False,SOFT,14.0,False,Cadillac,0 days 02:14:05.557000,,21,16.0,,,False,True
0 days 02:17:46.658000,BOT,77,0 days 00:01:49.618000,41.0,3.0,NaT,NaT,0 days 00:00:39.364000,0 days 00:00:44.551000,0 days 00:00:25.703000,0 days 02:16:36.421000,0 days 02:17:20.972000,0 days 02:17:46.675000,187.0,211.0,304.0,321.0,True,SOFT,15.0,False,Cadillac,0 days 02:15:57.040000,,1,16.0,,,False,True
0 days 02:19:36.583000,BOT,77,0 days 00:01:49.925000,42.0,3.0,NaT,NaT,0 days 00:00:39.394000,0 days 00:00:44.809000,0 days 00:00:25.722000,0 days 02:18:26.069000,0 days 02:19:10.878000,0 days 02:19:36.600000,196.0,207.0,303.0,319.0,False,SOFT,16.0,False,Cadillac,0 days 02:17:46.658000,,1,16.0,,,False,True
0 days 02:21:26.552000,BOT,77,0 days 00:01:49.969000,43.0,3.0,NaT,NaT,0 days 00:00:39.306000,0 days 00:00:44.950000,0 days 00:00:25.713000,0 days 02:20:15.906000,0 days 02:21:00.856000,0 days 02:21:26.569000,194.0,208.0,302.0,320.0,False,SOFT,17.0,False,Cadillac,0 days 02:19:36.583000,,1,16.0,,,False,True
0 days 02:23:16.458000,BOT,77,0 days 00:01:49.906000,44.0,3.0,NaT,NaT,0 days 00:00:39.273000,0 days 00:00:44.863000,0 days 00:00:25.770000,0 days 02:22:05.842000,0 days 02:22:50.705000,0 days 02:23:16.475000,190.0,204.0,301.0,322.0,False,SOFT,18.0,False,Cadillac,0 days 02:21:26.552000,,1,16.0,,,False,True
0 days 02:25:06.102000,BOT,77,0 days 00:01:49.644000,45.0,3.0,NaT,NaT,0 days 00:00:39.192000,0 days 00:00:44.612000,0 days 00:00:25.840000,0 days 02:23:55.667000,0 days 02:24:40.279000,0 days 02:25:06.119000,193.0,205.0,300.0,318.0,False,SOFT,19.0,False,Cadillac,0 days 02:23:16.458000,,1,16.0,,,False,True
0 days 02:26:55.749000,BOT,77,0 days 00:01:49.647000,46.0,3.0,NaT,NaT,0 days 00:00:39.194000,0 days 00:00:44.680000,0 days 00:00:25.773000,0 days 02:25:45.313000,0 days 02:26:29.993000,0 days 02:26:55.766000,192.0,207.0,301.0,320.0,False,SOFT,20.0,False,Cadillac,0 days 02:25:06.102000,,1,16.0,,,False,True
0 days 02:28:45.247000,BOT,77,0 days 00:01:49.498000,47.0,3.0,NaT,NaT,0 days 00:00:39.041000,0 days 00:00:44.654000,0 days 00:00:25.803000,0 days 02:27:34.807000,0 days 02:28:19.461000,0 days 02:28:45.264000,192.0,217.0,300.0,320.0,True,SOFT,21.0,False,Cadillac,0 days 02:26:55.749000,,1,16.0,,,False,True
0 days 02:30:34.505000,BOT,77,0 days 00:01:49.258000,48.0,3.0,NaT,NaT,0 days 00:00:39.003000,0 days 00:00:44.501000,0 days 00:00:25.754000,0 days 02:29:24.267000,0 days 02:30:08.768000,0 days 02:30:34.522000,197.0,207.0,300.0,320.0,True,SOFT,22.0,False,Cadillac,0 days 02:28:45.247000,,1,16.0,,,False,True
0 days 02:32:23.357000,BOT,77,0 days 00:01:48.852000,49.0,3.0,NaT,NaT,0 days 00:00:38.790000,0 days 00:00:44.348000,0 days 00:00:25.714000,0 days 02:31:13.312000,0 days 02:31:57.660000,0 days 02:32:23.374000,198.0,206.0,300.0,320.0,True,SOFT,23.0,False,Cadillac,0 days 02:30:34.505000,,1,16.0,,,False,True
0 days 02:34:53.357000,BOT,77,NaT,50.0,3.0,NaT,NaT,NaT,NaT,NaT,NaT,NaT,NaT,,,,,,SOFT,24.0,False,Cadillac,0 days 02:32:23.357000,,12,,,,True,False
0 days 00:58:46.688000,PIA,81,0 days 00:01:53.184000,1.0,1.0,NaT,NaT,NaT,0 days 00:00:44.719000,0 days 00:00:25.653000,NaT,0 days 00:58:21.214000,0 days 00:58:46.875000,173.0,189.0,310.0,318.0,False,SOFT,1.0,True,McLaren,0 days 00:56:53.247000,,1,2.0,,,False,False
0 days 01:00:36.495000,PIA,81,0 days 00:01:49.807000,2.0,1.0,NaT,NaT,0 days 00:00:39.531000,0 days 00:00:44.561000,0 days 00:00:25.715000,0 days 00:59:26.242000,0 days 01:00:10.803000,0 days 01:00:36.518000,181.0,200.0,310.0,317.0,True,SOFT,2.0,True,McLaren,0 days 00:58:46.688000,,1,2.0,,,False,True
0 days 01:02:25.997000,PIA,81,0 days 00:01:49.502000,3.0,1.0,NaT,NaT,0 days 00:00:39.166000,0 days 00:00:44.529000,0 days 00:00:25.807000,0 days 01:01:15.684000,0 days 01:02:00.213000,0 days 01:02:26.020000,178.0,197.0,307.0,316.0,True,SOFT,3.0,True,McLaren,0 days 01:00:36.495000,,1,2.0,,,False,True
0 days 01:04:15.036000,PIA,81,0 days 00:01:49.039000,4.0,1.0,NaT,NaT,0 days 00:00:38.834000,0 days 00:00:44.425000,0 days 00:00:25.780000,0 days 01:03:04.854000,0 days 01:03:49.279000,0 days 01:04:15.059000,182.0,202.0,307.0,314.0,True,SOFT,4.0,True,McLaren,0 days 01:02:25.997000,,1,2.0,,,False,True
0 days 01:06:03.752000,PIA,81,0 days 00:01:48.716000,5.0,1.0,NaT,NaT,0 days 00:00:38.756000,0 days 00:00:44.169000,0 days 00:00:25.791000,0 days 01:04:53.815000,0 days 01:05:37.984000,0 days 01:06:03.775000,188.0,202.0,305.0,312.0,True,SOFT,5.0,True,McLaren,0 days 01:04:15.036000,,1,2.0,,,False,True
0 days 01:07:51.751000,PIA,81,0 days 00:01:47.999000,6.0,1.0,NaT,NaT,0 days 00:00:38.491000,0 days 00:00:43.889000,0 days 00:00:25.619000,0 days 01:06:42.266000,0 days 01:07:26.155000,0 days 01:07:51.774000,187.0,203.0,306.0,315.0,True,SOFT,6.0,True,McLaren,0 days 01:06:03.752000,,1,2.0,,,False,True
0 days 01:09:39.943000,PIA,81,0 days 00:01:48.192000,7.0,1.0,NaT,NaT,0 days 00:00:38.511000,0 days 00:00:43.862000,0 days 00:00:25.819000,0 days 01:08:30.285000,0 days 01:09:14.147000,0 days 01:09:39.966000,190.0,201.0,306.0,315.0,False,SOFT,7.0,True,McLaren,0 days 01:07:51.751000,,1,2.0,,,False,True
0 days 01:11:28.254000,PIA,81,0 days 00:01:48.311000,8.0,1.0,NaT,NaT,0 days 00:00:38.489000,0 days 00:00:43.950000,0 days 00:00:25.872000,0 days 01:10:18.455000,0 days 01:11:02.405000,0 days 01:11:28.277000,194.0,202.0,305.0,313.0,False,SOFT,8.0,True,McLaren,0 days 01:09:39.943000,,1,2.0,,,False,True
0 days 01:13:16.886000,PIA,81,0 days 00:01:48.632000,9.0,1.0,NaT,NaT,0 days 00:00:38.611000,0 days 00:00:44.248000,0 days 00:00:25.773000,0 days 01:12:06.888000,0 days 01:12:51.136000,0 days 01:13:16.909000,196.0,194.0,305.0,314.0,False,SOFT,9.0,True,McLaren,0 days 01:11:28.254000,,12,2.0,,,False,True
0 days 01:15:05.113000,PIA,81,0 days 00:01:48.227000,10.0,1.0,NaT,NaT,0 days 00:00:38.469000,0 days 00:00:44.046000,0 days 00:00:25.712000,0 days 01:13:55.378000,0 days 01:14:39.424000,0 days 01:15:05.136000,198.0,204.0,305.0,312.0,False,SOFT,10.0,True,McLaren,0 days 01:13:16.886000,,1,2.0,,,False,True
0 days 01:16:53.666000,PIA,81,0 days 00:01:48.553000,11.0,1.0,NaT,NaT,0 days 00:00:38.687000,0 days 00:00:44.072000,0 days 00:00:25.794000,0 days 01:15:43.823000,0 days 01:16:27.895000,0 days 01:16:53.689000,189.0,200.0,303.0,312.0,False,SOFT,11.0,True,McLaren,0 days 01:15:05.113000,,1,2.0,,,False,True
0 days 01:18:41.735000,PIA,81,0 days 00:01:48.069000,12.0,1.0,NaT,NaT,0 days 00:00:38.312000,0 days 00:00:44.011000,0 days 00:00:25.746000,0 days 01:17:32.001000,0 days 01:18:16.012000,0 days 01:18:41.758000,191.0,202.0,304.0,313.0,False,SOFT,12.0,True,McLaren,0 days 01:16:53.666000,,1,2.0,,,False,True
0 days 01:20:29.808000,PIA,81,0 days 00:01:48.073000,13.0,1.0,NaT,NaT,0 days 00:00:38.426000,0 days 00:00:43.907000,0 days 00:00:25.740000,0 days 01:19:20.184000,0 days 01:20:04.091000,0 days 01:20:29.831000,189.0,204.0,304.0,313.0,False,SOFT,13.0,True,McLaren,0 days 01:18:41.735000,,1,2.0,,,False,True
0 days 01:22:17.706000,PIA,81,0 days 00:01:47.898000,14.0,1.0,NaT,NaT,0 days 00:00:38.399000,0 days 00:00:43.769000,0 days 00:00:25.730000,0 days 01:21:08.230000,0 days 01:21:51.999000,0 days 01:22:17.729000,192.0,207.0,302.0,313.0,True,SOFT,14.0,True,McLaren,0 days 01:20:29.808000,,1,2.0,,,False,True
0 days 01:24:05.698000,PIA,81,0 days 00:01:47.992000,15.0,1.0,NaT,NaT,0 days 00:00:38.514000,0 days 00:00:43.843000,0 days 00:00:25.635000,0 days 01:22:56.243000,0 days 01:23:40.086000,0 days 01:24:05.721000,193.0,205.0,303.0,314.0,False,SOFT,15.0,True,McLaren,0 days 01:22:17.706000,,1,2.0,,,False,True
0 days 01:25:53.649000,PIA,81,0 days 00:01:47.951000,16.0,1.0,NaT,NaT,0 days 00:00:38.431000,0 days 00:00:43.686000,0 days 00:00:25.834000,0 days 01:24:44.152000,0 days 01:25:27.838000,0 days 01:25:53.672000,190.0,203.0,302.0,313.0,False,SOFT,16.0,True,McLaren,0 days 01:24:05.698000,,1,2.0,,,False,True
0 days 01:27:41.608000,PIA,81,0 days 00:01:47.959000,17.0,1.0,NaT,NaT,0 days 00:00:38.420000,0 days 00:00:43.762000,0 days 00:00:25.777000,0 days 01:26:32.092000,0 days 01:27:15.854000,0 days 01:27:41.631000,195.0,200.0,303.0,313.0,False,SOFT,17.0,True,McLaren,0 days 01:25:53.649000,,1,2.0,,,False,True
0 days 01:29:29.617000,PIA,81,0 days 00:01:48.009000,18.0,1.0,NaT,NaT,0 days 00:00:38.439000,0 days 00:00:43.758000,0 days 00:00:25.812000,0 days 01:28:20.070000,0 days 01:29:03.828000,0 days 01:29:29.640000,193.0,204.0,303.0,312.0,False,SOFT,18.0,True,McLaren,0 days 01:27:41.608000,,1,2.0,,,False,True
0 days 01:31:17.655000,PIA,81,0 days 00:01:48.038000,19.0,1.0,NaT,NaT,0 days 00:00:38.385000,0 days 00:00:43.881000,0 days 00:00:25.772000,0 days 01:30:08.025000,0 days 01:30:51.906000,0 days 01:31:17.678000,195.0,204.0,303.0,312.0,False,SOFT,19.0,True,McLaren,0 days 01:29:29.617000,,1,2.0,,,False,True
0 days 01:33:05.493000,PIA,81,0 days 00:01:47.838000,20.0,1.0,NaT,NaT,0 days 00:00:38.346000,0 days 00:00:43.802000,0 days 00:00:25.690000,0 days 01:31:56.024000,0 days 01:32:39.826000,0 days 01:33:05.516000,198.0,204.0,303.0,314.0,True,SOFT,20.0,True,McLaren,0 days 01:31:17.655000,,1,2.0,,,False,True
0 days 01:34:53.235000,PIA,81,0 days 00:01:47.742000,21.0,1.0,NaT,NaT,0 days 00:00:38.314000,0 days 00:00:43.770000,0 days 00:00:25.658000,0 days 01:33:43.830000,0 days 01:34:27.600000,0 days 01:34:53.258000,191.0,207.0,303.0,315.0,True,SOFT,21.0,True,McLaren,0 days 01:33:05.493000,,1,2.0,,,False,True
0 days 01:36:40.808000,PIA,81,0 days 00:01:47.573000,22.0,1.0,NaT,NaT,0 days 00:00:38.276000,0 days 00:00:43.617000,0 days 00:00:25.680000,0 days 01:35:31.534000,0 days 01:36:15.151000,0 days 01:36:40.831000,194.0,207.0,303.0,314.0,True,SOFT,22.0,True,McLaren,0 days 01:34:53.235000,,1,2.0,,,False,True
0 days 01:38:28.400000,PIA,81,0 days 00:01:47.592000,23.0,1.0,NaT,NaT,0 days 00:00:38.315000,0 days 00:00:43.577000,0 days 00:00:25.700000,0 days 01:37:19.146000,0 days 01:38:02.723000,0 days 01:38:28.423000,198.0,204.0,305.0,315.0,False,SOFT,23.0,True,McLaren,0 days 01:36:40.808000,,1,2.0,,,False,True
0 days 01:40:15.840000,PIA,81,0 days 00:01:47.440000,24.0,1.0,NaT,NaT,0 days 00:00:38.228000,0 days 00:00:43.472000,0 days 00:00:25.740000,0 days 01:39:06.651000,0 days 01:39:50.123000,0 days 01:40:15.863000,199.0,207.0,303.0,315.0,True,SOFT,24.0,True,McLaren,0 days 01:38:28.400000,,1,2.0,,,False,True
0 days 01:42:03.204000,PIA,81,0 days 00:01:47.364000,25.0,1.0,NaT,NaT,0 days 00:00:38.073000,0 days 00:00:43.663000,0 days 00:00:25.628000,0 days 01:40:53.936000,0 days 01:41:37.599000,0 days 01:42:03.227000,200.0,206.0,304.0,315.0,True,SOFT,25.0,True,McLaren,0 days 01:40:15.840000,,1,2.0,,,False,True
0 days 01:43:50.456000,PIA,81,0 days 00:01:47.252000,26.0,1.0,NaT,NaT,0 days 00:00:38.247000,0 days 00:00:43.552000,0 days 00:00:25.453000,0 days 01:42:41.474000,0 days 01:43:25.026000,0 days 01:43:50.479000,201.0,206.0,308.0,320.0,True,SOFT,26.0,True,McLaren,0 days 01:42:03.204000,,1,2.0,,,False,True
0 days 01:45:38.103000,PIA,81,0 days 00:01:47.647000,27.0,1.0,NaT,NaT,0 days 00:00:38.208000,0 days 00:00:43.774000,0 days 00:00:25.665000,0 days 01:44:28.687000,0 days 01:45:12.461000,0 days 01:45:38.126000,195.0,208.0,304.0,315.0,False,SOFT,27.0,True,McLaren,0 days 01:43:50.456000,,1,2.0,,,False,True
0 days 01:47:25.477000,PIA,81,0 days 00:01:47.374000,28.0,1.0,NaT,NaT,0 days 00:00:38.129000,0 days 00:00:43.507000,0 days 00:00:25.738000,0 days 01:46:16.255000,0 days 01:46:59.762000,0 days 01:47:25.500000,200.0,204.0,303.0,314.0,False,SOFT,28.0,True,McLaren,0 days 01:45:38.103000,,1,2.0,,,False,True
0 days 01:49:12.871000,PIA,81,0 days 00:01:47.394000,29.0,1.0,NaT,NaT,0 days 00:00:38.126000,0 days 00:00:43.629000,0 days 00:00:25.639000,0 days 01:48:03.626000,0 days 01:48:47.255000,0 days 01:49:12.894000,198.0,207.0,304.0,315.0,False,SOFT,29.0,True,McLaren,0 days 01:47:25.477000,,1,2.0,,,False,True
0 days 01:51:00.049000,PIA,81,0 days 00:01:47.178000,30.0,1.0,NaT,NaT,0 days 00:00:38.028000,0 days 00:00:43.505000,0 days 00:00:25.645000,0 days 01:49:50.922000,0 days 01:50:34.427000,0 days 01:51:00.072000,197.0,208.0,304.0,316.0,True,SOFT,30.0,True,McLaren,0 days 01:49:12.871000,,12,2.0,,,False,True
0 days 01:53:32.840000,PIA,81,NaT,31.0,1.0,NaT,0 days 01:53:31.408000,0 days 00:00:51.860000,0 days 00:00:59.408000,0 days 00:00:41.385000,0 days 01:51:52.110000,0 days 01:52:51.478000,0 days 01:53:32.890000,110.0,151.0,,190.0,False,SOFT,31.0,True,McLaren,0 days 01:51:00.049000,,24,2.0,,,False,False
0 days 01:56:18.730000,PIA,81,NaT,32.0,2.0,0 days 01:53:52.048000,NaT,0 days 00:01:07.566000,0 days 00:00:58.178000,0 days 00:00:40.261000,0 days 01:54:40.349000,0 days 01:55:38.492000,0 days 01:56:18.853000,104.0,163.0,257.0,188.0,False,MEDIUM,1.0,True,McLaren,0 days 01:53:32.840000,,4,2.0,,,False,False
0 days 01:59:05.830000,PIA,81,NaT,33.0,2.0,NaT,NaT,0 days 00:01:01.174000,0 days 00:01:07.105000,0 days 00:00:38.837000,0 days 01:57:20.042000,0 days 01:58:27.016000,0 days 01:59:05.915000,84.0,174.0,209.0,199.0,False,MEDIUM,2.0,True,McLaren,0 days 01:56:18.730000,,4,2.0,,,False,False
0 days 02:01:50.350000,PIA,81,NaT,34.0,2.0,NaT,NaT,0 days 00:01:05.095000,0 days 00:01:01.343000,0 days 00:00:38.007000,0 days 02:00:11.114000,0 days 02:01:12.366000,0 days 02:01:50.391000,152.0,173.0,253.0,240.0,False,MEDIUM,3.0,True,McLaren,0 days 01:59:05.830000,,4,2.0,,,False,False
0 days 02:04:28.843000,PIA,81,NaT,35.0,2.0,NaT,NaT,0 days 00:00:54.120000,0 days 00:01:02.506000,0 days 00:00:41.884000,0 days 02:02:44.505000,0 days 02:03:46.992000,0 days 02:04:28.930000,142.0,161.0,288.0,179.0,False,MEDIUM,4.0,True,McLaren,0 days 02:01:50.350000,,41,2.0,,,False,False
0 days 02:06:43.199000,PIA,81,0 days 00:02:14.356000,36.0,2.0,NaT,0 days 02:06:41.925000,0 days 00:00:39.389000,0 days 00:00:52.904000,0 days 00:00:42.063000,0 days 02:05:08.255000,0 days 02:06:01.159000,0 days 02:06:43.222000,169.0,126.0,,210.0,False,MEDIUM,5.0,True,McLaren,0 days 02:04:28.843000,,124,3.0,,,False,False
0 days 02:09:25.218000,PIA,81,NaT,37.0,3.0,0 days 02:06:56.940000,NaT,0 days 00:01:00.601000,0 days 00:01:01.578000,0 days 00:00:39.812000,0 days 02:07:43.851000,0 days 02:08:45.543000,0 days 02:09:25.278000,127.0,174.0,271.0,182.0,False,MEDIUM,6.0,False,McLaren,0 days 02:06:43.199000,,4,3.0,,,False,False
0 days 02:12:04.469000,PIA,81,NaT,38.0,3.0,NaT,NaT,0 days 00:00:57.531000,0 days 00:01:02.911000,0 days 00:00:38.893000,0 days 02:10:22.863000,0 days 02:11:25.717000,0 days 02:12:04.938000,121.0,158.0,328.0,192.0,False,MEDIUM,7.0,False,McLaren,0 days 02:09:25.218000,,41,3.0,,,False,False
0 days 02:13:52.567000,PIA,81,0 days 00:01:48.098000,39.0,3.0,NaT,NaT,0 days 00:00:38.847000,0 days 00:00:43.927000,0 days 00:00:25.324000,0 days 02:12:43.339000,0 days 02:13:27.266000,0 days 02:13:52.590000,179.0,201.0,312.0,320.0,False,MEDIUM,8.0,False,McLaren,0 days 02:12:04.469000,,1,3.0,,,False,True
0 days 02:15:51.162000,PIA,81,0 days 00:01:58.595000,40.0,3.0,NaT,NaT,0 days 00:00:48.302000,0 days 00:00:45.189000,0 days 00:00:25.104000,0 days 02:14:40.892000,0 days 02:15:26.081000,0 days 02:15:51.185000,181.0,199.0,321.0,332.0,False,MEDIUM,9.0,False,McLaren,0 days 02:13:52.567000,,12,15.0,,,False,True
0 days 02:17:38.353000,PIA,81,0 days 00:01:47.191000,41.0,3.0,NaT,NaT,0 days 00:00:38.213000,0 days 00:00:44.131000,0 days 00:00:24.847000,0 days 02:16:29.398000,0 days 02:17:13.529000,0 days 02:17:38.376000,191.0,194.0,327.0,335.0,False,MEDIUM,10.0,False,McLaren,0 days 02:15:51.162000,,1,15.0,,,False,True
0 days 02:19:26.115000,PIA,81,0 days 00:01:47.762000,42.0,3.0,NaT,NaT,0 days 00:00:38.530000,0 days 00:00:44.238000,0 days 00:00:24.994000,0 days 02:18:16.906000,0 days 02:19:01.144000,0 days 02:19:26.138000,178.0,197.0,321.0,329.0,False,MEDIUM,11.0,False,McLaren,0 days 02:17:38.353000,,1,15.0,,,False,True
0 days 02:21:13.193000,PIA,81,0 days 00:01:47.078000,43.0,3.0,NaT,NaT,0 days 00:00:38.169000,0 days 00:00:44.017000,0 days 00:00:24.892000,0 days 02:20:04.307000,0 days 02:20:48.324000,0 days 02:21:13.216000,189.0,197.0,322.0,333.0,True,MEDIUM,12.0,False,McLaren,0 days 02:19:26.115000,,1,15.0,,,False,True
0 days 02:23:00.448000,PIA,81,0 days 00:01:47.255000,44.0,3.0,NaT,NaT,0 days 00:00:38.087000,0 days 00:00:44.303000,0 days 00:00:24.865000,0 days 02:21:51.303000,0 days 02:22:35.606000,0 days 02:23:00.471000,188.0,200.0,325.0,334.0,False,MEDIUM,13.0,False,McLaren,0 days 02:21:13.193000,,1,15.0,,,False,True
0 days 02:24:48.126000,PIA,81,0 days 00:01:47.678000,45.0,3.0,NaT,NaT,0 days 00:00:38.350000,0 days 00:00:44.558000,0 days 00:00:24.770000,0 days 02:23:38.821000,0 days 02:24:23.379000,0 days 02:24:48.149000,182.0,196.0,333.0,334.0,False,MEDIUM,14.0,False,McLaren,0 days 02:23:00.448000,,1,15.0,,,False,True
0 days 02:26:35.721000,PIA,81,0 days 00:01:47.595000,46.0,3.0,NaT,NaT,0 days 00:00:38.720000,0 days 00:00:44.267000,0 days 00:00:24.608000,0 days 02:25:26.869000,0 days 02:26:11.136000,0 days 02:26:35.744000,185.0,201.0,332.0,339.0,False,MEDIUM,15.0,False,McLaren,0 days 02:24:48.126000,,1,15.0,,,False,True
0 days 02:28:22.805000,PIA,81,0 days 00:01:47.084000,47.0,3.0,NaT,NaT,0 days 00:00:38.294000,0 days 00:00:43.741000,0 days 00:00:25.049000,0 days 02:27:14.038000,0 days 02:27:57.779000,0 days 02:28:22.828000,190.0,201.0,313.0,328.0,False,MEDIUM,16.0,False,McLaren,0 days 02:26:35.721000,,1,14.0,,,False,True
0 days 02:30:09.407000,PIA,81,0 days 00:01:46.602000,48.0,3.0,NaT,NaT,0 days 00:00:37.883000,0 days 00:00:43.633000,0 days 00:00:25.086000,0 days 02:29:00.711000,0 days 02:29:44.344000,0 days 02:30:09.430000,195.0,205.0,317.0,330.0,True,MEDIUM,17.0,False,McLaren,0 days 02:28:22.805000,,1,14.0,,,False,True
0 days 02:31:56.048000,PIA,81,0 days 00:01:46.641000,49.0,3.0,NaT,NaT,0 days 00:00:37.909000,0 days 00:00:43.773000,0 days 00:00:24.959000,0 days 02:30:47.339000,0 days 02:31:31.112000,0 days 02:31:56.071000,197.0,202.0,319.0,329.0,False,MEDIUM,18.0,False,McLaren,0 days 02:30:09.407000,,1,14.0,,,False,True
0 days 02:33:43.027000,PIA,81,0 days 00:01:46.979000,50.0,3.0,NaT,NaT,0 days 00:00:38.042000,0 days 00:00:44.149000,0 days 00:00:24.788000,0 days 02:32:34.113000,0 days 02:33:18.262000,0 days 02:33:43.050000,195.0,204.0,327.0,334.0,False,MEDIUM,19.0,False,McLaren,0 days 02:31:56.048000,,12,14.0,,,False,True
0 days 02:35:32.057000,PIA,81,0 days 00:01:49.030000,51.0,3.0,NaT,NaT,0 days 00:00:38.197000,0 days 00:00:45.647000,0 days 00:00:25.186000,0 days 02:34:21.247000,0 days 02:35:06.894000,0 days 02:35:32.080000,183.0,192.0,318.0,328.0,False,MEDIUM,20.0,False,McLaren,0 days 02:33:43.027000,,12,14.0,,,False,True
0 days 00:58:52.979000,BEA,87,0 days 00:01:59.475000,1.0,1.0,NaT,NaT,NaT,0 days 00:00:46.804000,0 days 00:00:24.781000,NaT,0 days 00:58:28.336000,0 days 00:58:53.346000,167.0,188.0,340.0,348.0,False,SOFT,1.0,True,Haas F1 Team,0 days 00:56:53.247000,,1,12.0,,,False,False
0 days 01:00:43.980000,BEA,87,0 days 00:01:51.001000,2.0,1.0,NaT,NaT,0 days 00:00:40.536000,0 days 00:00:45.212000,0 days 00:00:25.253000,0 days 00:59:33.515000,0 days 01:00:18.727000,0 days 01:00:43.980000,176.0,189.0,325.0,335.0,True,SOFT,2.0,True,Haas F1 Team,0 days 00:58:52.979000,,1,11.0,,,False,True
0 days 01:02:33.960000,BEA,87,0 days 00:01:49.980000,3.0,1.0,NaT,NaT,0 days 00:00:39.794000,0 days 00:00:45.087000,0 days 00:00:25.099000,0 days 01:01:23.774000,0 days 01:02:08.861000,0 days 01:02:33.960000,181.0,197.0,330.0,337.0,True,SOFT,3.0,True,Haas F1 Team,0 days 01:00:43.980000,,1,11.0,,,False,True
0 days 01:04:24.019000,BEA,87,0 days 00:01:50.059000,4.0,1.0,NaT,NaT,0 days 00:00:39.854000,0 days 00:00:45.037000,0 days 00:00:25.168000,0 days 01:03:13.814000,0 days 01:03:58.851000,0 days 01:04:24.019000,184.0,191.0,327.0,336.0,False,SOFT,4.0,True,Haas F1 Team,0 days 01:02:33.960000,,1,11.0,,,False,True
0 days 01:06:13.323000,BEA,87,0 days 00:01:49.304000,5.0,1.0,NaT,NaT,0 days 00:00:39.584000,0 days 00:00:44.698000,0 days 00:00:25.022000,0 days 01:05:03.603000,0 days 01:05:48.301000,0 days 01:06:13.323000,182.0,195.0,333.0,331.0,True,SOFT,5.0,True,Haas F1 Team,0 days 01:04:24.019000,,1,11.0,,,False,True
0 days 01:08:03.153000,BEA,87,0 days 00:01:49.830000,6.0,1.0,NaT,NaT,0 days 00:00:39.633000,0 days 00:00:44.732000,0 days 00:00:25.465000,0 days 01:06:52.956000,0 days 01:07:37.688000,0 days 01:08:03.153000,189.0,208.0,312.0,327.0,False,SOFT,6.0,True,Haas F1 Team,0 days 01:06:13.323000,,1,10.0,,,False,True
0 days 01:09:52.824000,BEA,87,0 days 00:01:49.671000,7.0,1.0,NaT,NaT,0 days 00:00:39.477000,0 days 00:00:44.551000,0 days 00:00:25.643000,0 days 01:08:42.630000,0 days 01:09:27.181000,0 days 01:09:52.824000,189.0,207.0,310.0,326.0,False,SOFT,7.0,True,Haas F1 Team,0 days 01:08:03.153000,,1,10.0,,,False,True
0 days 01:11:41.998000,BEA,87,0 days 00:01:49.174000,8.0,1.0,NaT,NaT,0 days 00:00:39.150000,0 days 00:00:44.487000,0 days 00:00:25.537000,0 days 01:10:31.974000,0 days 01:11:16.461000,0 days 01:11:41.998000,189.0,205.0,312.0,326.0,True,SOFT,8.0,True,Haas F1 Team,0 days 01:09:52.824000,,12,10.0,,,False,True
0 days 01:13:31.456000,BEA,87,0 days 00:01:49.458000,9.0,1.0,NaT,NaT,0 days 00:00:38.918000,0 days 00:00:44.967000,0 days 00:00:25.573000,0 days 01:12:20.916000,0 days 01:13:05.883000,0 days 01:13:31.456000,193.0,207.0,311.0,325.0,False,SOFT,9.0,True,Haas F1 Team,0 days 01:11:41.998000,,21,10.0,,,False,True
0 days 01:15:20.773000,BEA,87,0 days 00:01:49.317000,10.0,1.0,NaT,NaT,0 days 00:00:39.028000,0 days 00:00:44.737000,0 days 00:00:25.552000,0 days 01:14:10.484000,0 days 01:14:55.221000,0 days 01:15:20.773000,192.0,213.0,310.0,324.0,False,SOFT,10.0,True,Haas F1 Team,0 days 01:13:31.456000,,1,10.0,,,False,True
0 days 01:17:10.107000,BEA,87,0 days 00:01:49.334000,11.0,1.0,NaT,NaT,0 days 00:00:39.016000,0 days 00:00:44.696000,0 days 00:00:25.622000,0 days 01:15:59.789000,0 days 01:16:44.485000,0 days 01:17:10.107000,193.0,212.0,309.0,324.0,False,SOFT,11.0,True,Haas F1 Team,0 days 01:15:20.773000,,1,10.0,,,False,True
0 days 01:18:59.066000,BEA,87,0 days 00:01:48.959000,12.0,1.0,NaT,NaT,0 days 00:00:38.962000,0 days 00:00:44.489000,0 days 00:00:25.508000,0 days 01:17:49.069000,0 days 01:18:33.558000,0 days 01:18:59.066000,192.0,208.0,311.0,325.0,True,SOFT,12.0,True,Haas F1 Team,0 days 01:17:10.107000,,1,10.0,,,False,True
0 days 01:20:48.205000,BEA,87,0 days 00:01:49.139000,13.0,1.0,NaT,NaT,0 days 00:00:38.915000,0 days 00:00:44.669000,0 days 00:00:25.555000,0 days 01:19:37.981000,0 days 01:20:22.650000,0 days 01:20:48.205000,189.0,213.0,309.0,324.0,False,SOFT,13.0,True,Haas F1 Team,0 days 01:18:59.066000,,1,10.0,,,False,True
0 days 01:22:37.196000,BEA,87,0 days 00:01:48.991000,14.0,1.0,NaT,NaT,0 days 00:00:38.869000,0 days 00:00:44.522000,0 days 00:00:25.600000,0 days 01:21:27.074000,0 days 01:22:11.596000,0 days 01:22:37.196000,196.0,213.0,308.0,325.0,False,SOFT,14.0,True,Haas F1 Team,0 days 01:20:48.205000,,1,10.0,,,False,True
0 days 01:24:26.022000,BEA,87,0 days 00:01:48.826000,15.0,1.0,NaT,NaT,0 days 00:00:38.918000,0 days 00:00:44.429000,0 days 00:00:25.479000,0 days 01:23:16.114000,0 days 01:24:00.543000,0 days 01:24:26.022000,194.0,213.0,308.0,327.0,True,SOFT,15.0,True,Haas F1 Team,0 days 01:22:37.196000,,1,10.0,,,False,True
0 days 01:26:15.157000,BEA,87,0 days 00:01:49.135000,16.0,1.0,NaT,NaT,0 days 00:00:39.066000,0 days 00:00:44.443000,0 days 00:00:25.626000,0 days 01:25:05.088000,0 days 01:25:49.531000,0 days 01:26:15.157000,195.0,206.0,308.0,324.0,False,SOFT,16.0,True,Haas F1 Team,0 days 01:24:26.022000,,1,10.0,,,False,True
0 days 01:28:05.186000,BEA,87,0 days 00:01:50.029000,17.0,1.0,NaT,NaT,0 days 00:00:39.863000,0 days 00:00:44.736000,0 days 00:00:25.430000,0 days 01:26:55.020000,0 days 01:27:39.756000,0 days 01:28:05.186000,189.0,215.0,312.0,326.0,False,SOFT,17.0,True,Haas F1 Team,0 days 01:26:15.157000,,1,11.0,,,False,True
0 days 01:29:54.290000,BEA,87,0 days 00:01:49.104000,18.0,1.0,NaT,NaT,0 days 00:00:38.935000,0 days 00:00:44.591000,0 days 00:00:25.578000,0 days 01:28:44.121000,0 days 01:29:28.712000,0 days 01:29:54.290000,195.0,206.0,310.0,324.0,False,SOFT,18.0,True,Haas F1 Team,0 days 01:28:05.186000,,1,11.0,,,False,True
0 days 01:31:43.083000,BEA,87,0 days 00:01:48.793000,19.0,1.0,NaT,NaT,0 days 00:00:38.944000,0 days 00:00:44.338000,0 days 00:00:25.511000,0 days 01:30:33.234000,0 days 01:31:17.572000,0 days 01:31:43.083000,196.0,214.0,308.0,324.0,True,SOFT,19.0,True,Haas F1 Team,0 days 01:29:54.290000,,1,11.0,,,False,True
0 days 01:33:31.721000,BEA,87,0 days 00:01:48.638000,20.0,1.0,NaT,NaT,0 days 00:00:38.840000,0 days 00:00:44.333000,0 days 00:00:25.465000,0 days 01:32:21.923000,0 days 01:33:06.256000,0 days 01:33:31.721000,194.0,215.0,307.0,325.0,True,SOFT,20.0,True,Haas F1 Team,0 days 01:31:43.083000,,1,11.0,,,False,True
0 days 01:35:20.893000,BEA,87,0 days 00:01:49.172000,21.0,1.0,NaT,NaT,0 days 00:00:38.677000,0 days 00:00:44.447000,0 days 00:00:26.048000,0 days 01:34:10.398000,0 days 01:34:54.845000,0 days 01:35:20.893000,198.0,212.0,310.0,327.0,False,SOFT,21.0,True,Haas F1 Team,0 days 01:33:31.721000,,1,11.0,,,False,True
0 days 01:37:09.948000,BEA,87,0 days 00:01:49.055000,22.0,1.0,NaT,NaT,0 days 00:00:38.885000,0 days 00:00:44.605000,0 days 00:00:25.565000,0 days 01:35:59.778000,0 days 01:36:44.383000,0 days 01:37:09.948000,196.0,208.0,307.0,325.0,False,SOFT,22.0,True,Haas F1 Team,0 days 01:35:20.893000,,1,11.0,,,False,True
0 days 01:38:58.977000,BEA,87,0 days 00:01:49.029000,23.0,1.0,NaT,NaT,0 days 00:00:38.881000,0 days 00:00:44.503000,0 days 00:00:25.645000,0 days 01:37:48.829000,0 days 01:38:33.332000,0 days 01:38:58.977000,198.0,211.0,307.0,324.0,False,SOFT,23.0,True,Haas F1 Team,0 days 01:37:09.948000,,1,11.0,,,False,True
0 days 01:40:48.048000,BEA,87,0 days 00:01:49.071000,24.0,1.0,NaT,NaT,0 days 00:00:38.927000,0 days 00:00:44.590000,0 days 00:00:25.554000,0 days 01:39:37.904000,0 days 01:40:22.494000,0 days 01:40:48.048000,198.0,215.0,308.0,326.0,False,SOFT,24.0,True,Haas F1 Team,0 days 01:38:58.977000,,1,11.0,,,False,True
0 days 01:42:36.791000,BEA,87,0 days 00:01:48.743000,25.0,1.0,NaT,NaT,0 days 00:00:38.743000,0 days 00:00:44.412000,0 days 00:00:25.588000,0 days 01:41:26.791000,0 days 01:42:11.203000,0 days 01:42:36.791000,192.0,213.0,307.0,326.0,False,SOFT,25.0,True,Haas F1 Team,0 days 01:40:48.048000,,1,11.0,,,False,True
0 days 01:44:25.339000,BEA,87,0 days 00:01:48.548000,26.0,1.0,NaT,NaT,0 days 00:00:38.644000,0 days 00:00:44.244000,0 days 00:00:25.660000,0 days 01:43:15.435000,0 days 01:43:59.679000,0 days 01:44:25.339000,197.0,211.0,308.0,325.0,True,SOFT,26.0,True,Haas F1 Team,0 days 01:42:36.791000,,1,11.0,,,False,True
0 days 01:46:13.968000,BEA,87,0 days 00:01:48.629000,27.0,1.0,NaT,NaT,0 days 00:00:38.633000,0 days 00:00:44.435000,0 days 00:00:25.561000,0 days 01:45:03.972000,0 days 01:45:48.407000,0 days 01:46:13.968000,196.0,212.0,307.0,325.0,False,SOFT,27.0,True,Haas F1 Team,0 days 01:44:25.339000,,1,11.0,,,False,True
0 days 01:48:02.553000,BEA,87,0 days 00:01:48.585000,28.0,1.0,NaT,NaT,0 days 00:00:38.633000,0 days 00:00:44.487000,0 days 00:00:25.465000,NaT,0 days 01:47:37.088000,0 days 01:48:02.553000,199.0,208.0,312.0,326.0,False,SOFT,28.0,True,Haas F1 Team,0 days 01:46:13.968000,,1,11.0,,,False,True
0 days 01:49:51.531000,BEA,87,0 days 00:01:48.978000,29.0,1.0,NaT,NaT,0 days 00:00:38.900000,0 days 00:00:44.543000,0 days 00:00:25.535000,0 days 01:48:41.453000,0 days 01:49:25.996000,0 days 01:49:51.531000,193.0,212.0,308.0,325.0,False,SOFT,29.0,True,Haas F1 Team,0 days 01:48:02.553000,,12,11.0,,,False,True
0 days 01:51:58.771000,BEA,87,0 days 00:02:07.240000,30.0,1.0,NaT,0 days 01:51:57.468000,0 days 00:00:38.810000,0 days 00:00:47.508000,0 days 00:00:40.922000,0 days 01:50:30.341000,0 days 01:51:17.849000,0 days 01:51:58.771000,198.0,156.0,,226.0,False,SOFT,30.0,True,Haas F1 Team,0 days 01:49:51.531000,,124,11.0,,,False,False
0 days 01:54:44.708000,BEA,87,NaT,31.0,2.0,0 days 01:52:18.756000,NaT,0 days 00:01:08.422000,0 days 00:00:58.451000,0 days 00:00:38.981000,0 days 01:53:07.408000,0 days 01:54:05.792000,0 days 01:54:44.708000,97.0,141.0,251.0,201.0,False,MEDIUM,1.0,True,Haas F1 Team,0 days 01:51:58.771000,,4,12.0,,,False,False
0 days 01:56:53.053000,BEA,87,0 days 00:02:08.345000,32.0,2.0,NaT,NaT,0 days 00:00:43.799000,0 days 00:00:54.341000,0 days 00:00:30.205000,0 days 01:55:28.507000,0 days 01:56:22.848000,0 days 01:56:53.053000,119.0,185.0,254.0,256.0,False,MEDIUM,2.0,True,Haas F1 Team,0 days 01:54:44.708000,,4,11.0,,,False,False
0 days 01:59:18.718000,BEA,87,0 days 00:02:25.665000,33.0,2.0,NaT,NaT,0 days 00:00:43.752000,0 days 00:01:04.446000,0 days 00:00:37.467000,0 days 01:57:36.805000,0 days 01:58:41.251000,0 days 01:59:18.718000,94.0,162.0,213.0,193.0,False,MEDIUM,3.0,True,Haas F1 Team,0 days 01:56:53.053000,,4,11.0,,,False,False
0 days 02:02:02.514000,BEA,87,NaT,34.0,2.0,NaT,NaT,0 days 00:01:02.771000,0 days 00:01:03.196000,0 days 00:00:37.862000,0 days 02:00:21.593000,0 days 02:01:24.656000,0 days 02:02:02.612000,168.0,173.0,280.0,225.0,False,MEDIUM,4.0,True,Haas F1 Team,0 days 01:59:18.718000,,4,11.0,,,False,False
0 days 02:04:30.182000,BEA,87,0 days 00:02:27.668000,35.0,2.0,NaT,NaT,0 days 00:00:51.397000,0 days 00:01:02.404000,0 days 00:00:33.867000,0 days 02:02:53.911000,0 days 02:03:56.315000,0 days 02:04:30.182000,156.0,121.0,314.0,237.0,False,MEDIUM,5.0,True,Haas F1 Team,0 days 02:02:02.514000,,41,11.0,,,False,False
0 days 02:06:52.361000,BEA,87,0 days 00:02:22.179000,36.0,2.0,NaT,0 days 02:06:51.150000,0 days 00:00:43.292000,0 days 00:00:55.828000,0 days 00:00:43.059000,0 days 02:05:13.474000,0 days 02:06:09.302000,0 days 02:06:52.361000,146.0,115.0,,209.0,False,MEDIUM,6.0,True,Haas F1 Team,0 days 02:04:30.182000,,124,9.0,,,False,False
0 days 02:09:34.742000,BEA,87,NaT,37.0,3.0,0 days 02:07:07.441000,NaT,0 days 00:01:01.616000,0 days 00:01:00.725000,0 days 00:00:39.960000,0 days 02:07:54.057000,0 days 02:08:54.849000,0 days 02:09:34.840000,85.0,149.0,237.0,221.0,False,MEDIUM,7.0,False,Haas F1 Team,0 days 02:06:52.361000,,4,9.0,,,False,False
0 days 02:12:06.549000,BEA,87,NaT,38.0,3.0,NaT,NaT,0 days 00:00:54.579000,0 days 00:01:03.828000,0 days 00:00:33.503000,0 days 02:10:29.401000,0 days 02:11:33.255000,0 days 02:12:06.731000,151.0,141.0,342.0,234.0,False,MEDIUM,8.0,False,Haas F1 Team,0 days 02:09:34.742000,,41,9.0,,,False,False
0 days 02:13:55.969000,BEA,87,0 days 00:01:49.420000,39.0,3.0,NaT,NaT,0 days 00:00:39.867000,0 days 00:00:44.631000,0 days 00:00:24.922000,0 days 02:12:46.416000,0 days 02:13:31.047000,0 days 02:13:55.969000,191.0,197.0,333.0,337.0,False,MEDIUM,9.0,False,Haas F1 Team,0 days 02:12:06.549000,,1,9.0,,,False,True
0 days 02:15:44.422000,BEA,87,0 days 00:01:48.453000,40.0,3.0,NaT,NaT,0 days 00:00:39.257000,0 days 00:00:44.230000,0 days 00:00:24.966000,0 days 02:14:35.226000,0 days 02:15:19.456000,0 days 02:15:44.422000,191.0,208.0,325.0,338.0,True,MEDIUM,10.0,False,Haas F1 Team,0 days 02:13:55.969000,,12,8.0,,,False,True
0 days 02:17:32.206000,BEA,87,0 days 00:01:47.784000,41.0,3.0,NaT,NaT,0 days 00:00:38.816000,0 days 00:00:43.991000,0 days 00:00:24.977000,0 days 02:16:23.238000,0 days 02:17:07.229000,0 days 02:17:32.206000,190.0,208.0,324.0,336.0,True,MEDIUM,11.0,False,Haas F1 Team,0 days 02:15:44.422000,,1,8.0,,,False,True
0 days 02:19:19.722000,BEA,87,0 days 00:01:47.516000,42.0,3.0,NaT,NaT,0 days 00:00:38.581000,0 days 00:00:44.011000,0 days 00:00:24.924000,0 days 02:18:10.787000,0 days 02:18:54.798000,0 days 02:19:19.722000,195.0,212.0,325.0,336.0,True,MEDIUM,12.0,False,Haas F1 Team,0 days 02:17:32.206000,,1,8.0,,,False,True
0 days 02:21:07.186000,BEA,87,0 days 00:01:47.464000,43.0,3.0,NaT,NaT,0 days 00:00:38.602000,0 days 00:00:43.912000,0 days 00:00:24.950000,0 days 02:19:58.324000,0 days 02:20:42.236000,0 days 02:21:07.186000,192.0,210.0,322.0,333.0,True,MEDIUM,13.0,False,Haas F1 Team,0 days 02:19:19.722000,,1,8.0,,,False,True
0 days 02:22:54.225000,BEA,87,0 days 00:01:47.039000,44.0,3.0,NaT,NaT,0 days 00:00:38.275000,0 days 00:00:43.801000,0 days 00:00:24.963000,0 days 02:21:45.461000,0 days 02:22:29.262000,0 days 02:22:54.225000,192.0,205.0,322.0,333.0,True,MEDIUM,14.0,False,Haas F1 Team,0 days 02:21:07.186000,,1,8.0,,,False,True
0 days 02:24:41.203000,BEA,87,0 days 00:01:46.978000,45.0,3.0,NaT,NaT,0 days 00:00:38.351000,0 days 00:00:43.697000,0 days 00:00:24.930000,0 days 02:23:32.576000,0 days 02:24:16.273000,0 days 02:24:41.203000,200.0,211.0,322.0,336.0,True,MEDIUM,15.0,False,Haas F1 Team,0 days 02:22:54.225000,,1,8.0,,,False,True
0 days 02:26:28.428000,BEA,87,0 days 00:01:47.225000,46.0,3.0,NaT,NaT,0 days 00:00:38.391000,0 days 00:00:43.917000,0 days 00:00:24.917000,0 days 02:25:19.594000,0 days 02:26:03.511000,0 days 02:26:28.428000,194.0,215.0,324.0,336.0,False,MEDIUM,16.0,False,Haas F1 Team,0 days 02:24:41.203000,,1,8.0,,,False,True
0 days 02:28:16.080000,BEA,87,0 days 00:01:47.652000,47.0,3.0,NaT,NaT,0 days 00:00:38.729000,0 days 00:00:43.924000,0 days 00:00:24.999000,0 days 02:27:07.157000,0 days 02:27:51.081000,0 days 02:28:16.080000,192.0,212.0,321.0,335.0,False,MEDIUM,17.0,False,Haas F1 Team,0 days 02:26:28.428000,,1,8.0,,,False,True
0 days 02:30:04.745000,BEA,87,0 days 00:01:48.665000,48.0,3.0,NaT,NaT,0 days 00:00:39.548000,0 days 00:00:44.159000,0 days 00:00:24.958000,0 days 02:28:55.628000,0 days 02:29:39.787000,0 days 02:30:04.745000,205.0,207.0,321.0,337.0,False,MEDIUM,18.0,False,Haas F1 Team,0 days 02:28:16.080000,,1,9.0,,,False,True
0 days 02:31:52,BEA,87,0 days 00:01:47.255000,49.0,3.0,NaT,NaT,0 days 00:00:38.358000,0 days 00:00:43.916000,0 days 00:00:24.981000,0 days 02:30:43.103000,0 days 02:31:27.019000,0 days 02:31:52,203.0,206.0,318.0,336.0,False,MEDIUM,19.0,False,Haas F1 Team,0 days 02:30:04.745000,,1,9.0,,,False,True
0 days 02:33:39.243000,BEA,87,0 days 00:01:47.243000,50.0,3.0,NaT,NaT,0 days 00:00:38.330000,0 days 00:00:44.054000,0 days 00:00:24.859000,0 days 02:32:30.330000,0 days 02:33:14.384000,0 days 02:33:39.243000,196.0,207.0,325.0,340.0,False,MEDIUM,20.0,False,Haas F1 Team,0 days 02:31:52,,12,9.0,,,False,True
0 days 02:35:27.603000,BEA,87,0 days 00:01:48.360000,51.0,3.0,NaT,NaT,0 days 00:00:38.476000,0 days 00:00:44.971000,0 days 00:00:24.913000,0 days 02:34:17.719000,0 days 02:35:02.690000,0 days 02:35:27.603000,198.0,194.0,320.0,334.0,False,MEDIUM,21.0,False,Haas F1 Team,0 days 02:33:39.243000,,12,9.0,,,False,True
