Time,Driver,DriverNumber,LapTime,LapNumber,Stint,PitOutTime,PitInTime,Sector1Time,Sector2Time,Sector3Time,Sector1SessionTime,Sector2SessionTime,Sector3SessionTime,SpeedI1,SpeedI2,SpeedFL,SpeedST,IsPersonalBest,Compound,TyreLife,FreshTyre,Team,LapStartTime,LapStartDate,TrackStatus,Position,Deleted,DeletedReason,FastF1Generated,IsAccurate
0 days 02:28:23.340000,NOR,1,0 days 00:02:41.802000,1.0,1.0,NaT,NaT,NaT,0 days 00:00:48.640000,0 days 00:01:00.652000,NaT,0 days 02:27:42.232000,0 days 02:28:42.966000,200.0,95.0,238.0,213.0,False,MEDIUM,1.0,True,McLaren,0 days 02:26:00.700000,,1,4.0,,,False,False
0 days 02:32:15.212000,NOR,1,NaT,2.0,1.0,NaT,NaT,0 days 00:00:38.158000,0 days 00:00:52.129000,NaT,0 days 02:29:21.166000,0 days 02:30:13.225000,NaT,207.0,97.0,60.0,233.0,False,MEDIUM,2.0,True,McLaren,0 days 02:28:23.340000,,12,10.0,,,False,False
0 days 02:34:35.261000,NOR,1,0 days 00:02:20.049000,3.0,1.0,NaT,NaT,0 days 00:00:36.515000,0 days 00:00:48.885000,0 days 00:00:54.649000,0 days 02:33:11.271000,0 days 02:34:00.156000,0 days 02:34:54.805000,240.0,103.0,249.0,243.0,True,MEDIUM,3.0,True,McLaren,0 days 02:32:15.212000,,1,16.0,,,False,True
0 days 02:36:42.033000,NOR,1,0 days 00:02:06.772000,4.0,1.0,NaT,NaT,0 days 00:00:31.456000,0 days 00:00:44.259000,0 days 00:00:51.057000,0 days 02:35:26.261000,0 days 02:36:10.520000,0 days 02:37:01.577000,244.0,106.0,250.0,277.0,True,MEDIUM,4.0,True,McLaren,0 days 02:34:35.261000,,1,15.0,,,False,True
0 days 02:38:44.009000,NOR,1,0 days 00:02:01.976000,5.0,1.0,NaT,NaT,0 days 00:00:30.442000,0 days 00:00:42.599000,0 days 00:00:48.935000,0 days 02:37:32.019000,0 days 02:38:14.618000,0 days 02:39:03.553000,259.0,108.0,254.0,276.0,True,MEDIUM,5.0,True,McLaren,0 days 02:36:42.033000,,1,15.0,,,False,True
0 days 02:40:42.171000,NOR,1,0 days 00:01:58.162000,6.0,1.0,NaT,NaT,0 days 00:00:29.695000,0 days 00:00:41.019000,0 days 00:00:47.448000,0 days 02:39:33.248000,0 days 02:40:14.267000,0 days 02:41:01.715000,267.0,118.0,256.0,273.0,True,MEDIUM,6.0,True,McLaren,0 days 02:38:44.009000,,12,15.0,,,False,True
0 days 02:42:37.426000,NOR,1,0 days 00:01:55.255000,7.0,1.0,NaT,NaT,0 days 00:00:29.497000,0 days 00:00:39.644000,0 days 00:00:46.114000,0 days 02:41:31.212000,0 days 02:42:10.856000,0 days 02:42:56.970000,269.0,120.0,258.0,279.0,True,MEDIUM,7.0,True,McLaren,0 days 02:40:42.171000,,12,15.0,,,False,True
0 days 02:44:29.482000,NOR,1,0 days 00:01:52.056000,8.0,1.0,NaT,NaT,0 days 00:00:28.655000,0 days 00:00:38.106000,0 days 00:00:45.295000,0 days 02:43:25.625000,0 days 02:44:03.731000,0 days 02:44:49.026000,269.0,123.0,259.0,277.0,True,MEDIUM,8.0,True,McLaren,0 days 02:42:37.426000,,21,15.0,,,False,True
0 days 02:46:51.746000,NOR,1,0 days 00:02:22.264000,9.0,1.0,NaT,0 days 02:47:04.722000,0 days 00:00:28.156000,0 days 00:00:48.581000,0 days 00:01:05.527000,0 days 02:45:17.182000,0 days 02:46:05.763000,0 days 02:47:11.290000,265.0,71.0,,255.0,False,MEDIUM,9.0,True,McLaren,0 days 02:44:29.482000,,124,15.0,,,False,False
0 days 02:49:36.008000,NOR,1,NaT,10.0,2.0,0 days 02:47:35.669000,NaT,0 days 00:00:58.487000,0 days 00:00:47.858000,0 days 00:00:57.891000,0 days 02:48:09.928000,0 days 02:48:57.853000,0 days 02:49:55.718000,139.0,93.0,227.0,244.0,False,HARD,1.0,True,McLaren,0 days 02:46:51.746000,,4,16.0,,,False,False
0 days 02:51:32.762000,NOR,1,0 days 00:01:56.754000,11.0,2.0,NaT,NaT,0 days 00:00:30.448000,0 days 00:00:38.695000,0 days 00:00:47.611000,0 days 02:50:26,0 days 02:51:04.695000,0 days 02:51:52.306000,243.0,125.0,232.0,247.0,False,HARD,2.0,True,McLaren,0 days 02:49:36.008000,,4,16.0,,,False,False
0 days 02:53:29.625000,NOR,1,0 days 00:01:56.863000,12.0,2.0,NaT,NaT,0 days 00:00:29.368000,0 days 00:00:35.222000,0 days 00:00:52.273000,0 days 02:52:21.674000,0 days 02:52:56.896000,0 days 02:53:49.169000,226.0,130.0,264.0,186.0,False,HARD,3.0,True,McLaren,0 days 02:51:32.762000,,41,16.0,,,False,False
0 days 02:55:20.450000,NOR,1,0 days 00:01:50.825000,13.0,2.0,NaT,NaT,0 days 00:00:28.420000,0 days 00:00:38.137000,0 days 00:00:44.268000,0 days 02:54:17.589000,0 days 02:54:55.726000,0 days 02:55:39.994000,265.0,130.0,269.0,292.0,True,HARD,4.0,True,McLaren,0 days 02:53:29.625000,,12,14.0,,,False,True
0 days 02:57:07.321000,NOR,1,0 days 00:01:46.871000,14.0,2.0,NaT,NaT,0 days 00:00:27.222000,0 days 00:00:36.826000,0 days 00:00:42.823000,0 days 02:56:07.216000,0 days 02:56:44.042000,0 days 02:57:26.865000,265.0,136.0,268.0,284.0,True,HARD,5.0,True,McLaren,0 days 02:55:20.450000,,1,13.0,,,False,True
0 days 02:58:51.408000,NOR,1,0 days 00:01:44.087000,15.0,2.0,NaT,NaT,0 days 00:00:27.205000,0 days 00:00:35.228000,0 days 00:00:41.654000,0 days 02:57:54.070000,0 days 02:58:29.298000,0 days 02:59:10.952000,278.0,134.0,284.0,300.0,True,HARD,6.0,True,McLaren,0 days 02:57:07.321000,,12,11.0,,,False,True
0 days 03:00:34.073000,NOR,1,0 days 00:01:42.665000,16.0,2.0,NaT,NaT,0 days 00:00:26.141000,0 days 00:00:35.088000,0 days 00:00:41.436000,0 days 02:59:37.093000,0 days 03:00:12.181000,0 days 03:00:53.617000,292.0,138.0,287.0,303.0,True,HARD,7.0,True,McLaren,0 days 02:58:51.408000,,21,11.0,,,False,True
0 days 03:02:16.428000,NOR,1,0 days 00:01:42.355000,17.0,2.0,NaT,NaT,0 days 00:00:25.901000,0 days 00:00:35.010000,0 days 00:00:41.444000,0 days 03:01:19.518000,0 days 03:01:54.528000,0 days 03:02:35.972000,288.0,135.0,288.0,309.0,True,HARD,8.0,True,McLaren,0 days 03:00:34.073000,,1,11.0,,,False,True
0 days 03:03:59.398000,NOR,1,0 days 00:01:42.970000,18.0,2.0,NaT,NaT,0 days 00:00:25.828000,0 days 00:00:35.149000,0 days 00:00:41.993000,0 days 03:03:01.800000,0 days 03:03:36.949000,0 days 03:04:18.942000,292.0,135.0,287.0,316.0,False,HARD,9.0,True,McLaren,0 days 03:02:16.428000,,1,11.0,,,False,True
0 days 03:05:42.044000,NOR,1,0 days 00:01:42.646000,19.0,2.0,NaT,NaT,0 days 00:00:25.807000,0 days 00:00:35.327000,0 days 00:00:41.512000,0 days 03:04:44.749000,0 days 03:05:20.076000,0 days 03:06:01.588000,302.0,134.0,288.0,315.0,False,HARD,10.0,True,McLaren,0 days 03:03:59.398000,,1,11.0,,,False,True
0 days 03:07:25.581000,NOR,1,0 days 00:01:43.537000,20.0,2.0,NaT,NaT,0 days 00:00:25.860000,0 days 00:00:35.658000,0 days 00:00:42.019000,0 days 03:06:27.448000,0 days 03:07:03.106000,0 days 03:07:45.125000,288.0,135.0,290.0,319.0,False,HARD,11.0,True,McLaren,0 days 03:05:42.044000,,1,11.0,,,False,True
0 days 03:09:10.033000,NOR,1,0 days 00:01:44.452000,21.0,2.0,NaT,NaT,0 days 00:00:26.211000,0 days 00:00:36.290000,0 days 00:00:41.951000,0 days 03:08:11.336000,0 days 03:08:47.626000,0 days 03:09:29.577000,290.0,134.0,289.0,318.0,False,HARD,12.0,True,McLaren,0 days 03:07:25.581000,,1,11.0,,,False,True
0 days 03:10:53.717000,NOR,1,0 days 00:01:43.684000,22.0,2.0,NaT,NaT,0 days 00:00:25.873000,0 days 00:00:35.719000,0 days 00:00:42.092000,0 days 03:09:55.450000,0 days 03:10:31.169000,0 days 03:11:13.261000,282.0,130.0,290.0,326.0,False,HARD,13.0,True,McLaren,0 days 03:09:10.033000,,1,11.0,,,False,True
0 days 03:12:37.296000,NOR,1,0 days 00:01:43.579000,23.0,2.0,NaT,NaT,0 days 00:00:26.096000,0 days 00:00:35.625000,0 days 00:00:41.858000,0 days 03:11:39.357000,0 days 03:12:14.982000,0 days 03:12:56.840000,295.0,132.0,288.0,312.0,False,HARD,14.0,True,McLaren,0 days 03:10:53.717000,,1,10.0,,,False,True
0 days 03:14:21.340000,NOR,1,0 days 00:01:44.044000,24.0,2.0,NaT,NaT,0 days 00:00:25.851000,0 days 00:00:35.947000,0 days 00:00:42.246000,0 days 03:13:22.691000,0 days 03:13:58.638000,0 days 03:14:40.884000,291.0,131.0,285.0,317.0,False,HARD,15.0,True,McLaren,0 days 03:12:37.296000,,1,10.0,,,False,True
0 days 03:16:04.059000,NOR,1,0 days 00:01:42.719000,25.0,2.0,NaT,NaT,0 days 00:00:25.898000,0 days 00:00:35.083000,0 days 00:00:41.738000,0 days 03:15:06.782000,0 days 03:15:41.865000,0 days 03:16:23.603000,284.0,131.0,286.0,309.0,False,HARD,16.0,True,McLaren,0 days 03:14:21.340000,,1,9.0,,,False,True
0 days 03:17:46.905000,NOR,1,0 days 00:01:42.846000,26.0,2.0,NaT,NaT,0 days 00:00:25.922000,0 days 00:00:35.266000,0 days 00:00:41.658000,0 days 03:16:49.525000,0 days 03:17:24.791000,0 days 03:18:06.449000,285.0,133.0,286.0,311.0,False,HARD,17.0,True,McLaren,0 days 03:16:04.059000,,1,9.0,,,False,True
0 days 03:19:30.272000,NOR,1,0 days 00:01:43.367000,27.0,2.0,NaT,NaT,0 days 00:00:25.909000,0 days 00:00:35.528000,0 days 00:00:41.930000,0 days 03:18:32.358000,0 days 03:19:07.886000,0 days 03:19:49.816000,288.0,132.0,288.0,318.0,False,HARD,18.0,True,McLaren,0 days 03:17:46.905000,,1,9.0,,,False,True
0 days 03:21:14.315000,NOR,1,0 days 00:01:44.043000,28.0,2.0,NaT,NaT,0 days 00:00:26.001000,0 days 00:00:36.152000,0 days 00:00:41.890000,0 days 03:20:15.817000,0 days 03:20:51.969000,0 days 03:21:33.859000,283.0,132.0,285.0,333.0,False,HARD,19.0,True,McLaren,0 days 03:19:30.272000,,1,8.0,,,False,True
0 days 03:22:57.394000,NOR,1,0 days 00:01:43.079000,29.0,2.0,NaT,NaT,0 days 00:00:26.129000,0 days 00:00:35.145000,0 days 00:00:41.805000,0 days 03:21:59.988000,0 days 03:22:35.133000,0 days 03:23:16.938000,281.0,132.0,285.0,308.0,False,HARD,20.0,True,McLaren,0 days 03:21:14.315000,,1,8.0,,,False,True
0 days 03:24:41.019000,NOR,1,0 days 00:01:43.625000,30.0,2.0,NaT,NaT,0 days 00:00:26.137000,0 days 00:00:35.537000,0 days 00:00:41.951000,0 days 03:23:43.075000,0 days 03:24:18.612000,0 days 03:25:00.563000,284.0,131.0,284.0,313.0,False,HARD,21.0,True,McLaren,0 days 03:22:57.394000,,1,7.0,,,False,True
0 days 03:26:24.095000,NOR,1,0 days 00:01:43.076000,31.0,2.0,NaT,NaT,0 days 00:00:26.038000,0 days 00:00:35.168000,0 days 00:00:41.870000,0 days 03:25:26.601000,0 days 03:26:01.769000,0 days 03:26:43.639000,286.0,131.0,285.0,306.0,False,HARD,22.0,True,McLaren,0 days 03:24:41.019000,,1,7.0,,,False,True
0 days 03:28:07.408000,NOR,1,0 days 00:01:43.313000,32.0,2.0,NaT,NaT,0 days 00:00:25.988000,0 days 00:00:35.409000,0 days 00:00:41.916000,0 days 03:27:09.627000,0 days 03:27:45.036000,0 days 03:28:26.952000,281.0,128.0,285.0,306.0,False,HARD,23.0,True,McLaren,0 days 03:26:24.095000,,1,5.0,,,False,True
0 days 03:29:50.630000,NOR,1,0 days 00:01:43.222000,33.0,2.0,NaT,NaT,0 days 00:00:26.289000,0 days 00:00:35.222000,0 days 00:00:41.711000,0 days 03:28:53.241000,0 days 03:29:28.463000,0 days 03:30:10.174000,278.0,131.0,283.0,305.0,False,HARD,24.0,True,McLaren,0 days 03:28:07.408000,,1,4.0,,,False,True
0 days 03:31:40.178000,NOR,1,0 days 00:01:49.548000,34.0,2.0,NaT,0 days 03:31:53.247000,0 days 00:00:26.341000,0 days 00:00:35.059000,0 days 00:00:48.148000,0 days 03:30:36.515000,0 days 03:31:11.574000,0 days 03:31:59.722000,275.0,131.0,,320.0,False,HARD,25.0,True,McLaren,0 days 03:29:50.630000,,1,6.0,,,False,False
0 days 03:33:41.969000,NOR,1,0 days 00:02:01.791000,35.0,3.0,0 days 03:32:21.467000,NaT,0 days 00:00:46.217000,0 days 00:00:34.659000,0 days 00:00:40.915000,0 days 03:32:45.939000,0 days 03:33:20.598000,0 days 03:34:01.513000,281.0,135.0,285.0,300.0,False,SOFT,4.0,False,McLaren,0 days 03:31:40.178000,,1,8.0,,,False,False
0 days 03:35:22.665000,NOR,1,0 days 00:01:40.696000,36.0,3.0,NaT,NaT,0 days 00:00:25.518000,0 days 00:00:34.291000,0 days 00:00:40.887000,0 days 03:34:27.031000,0 days 03:35:01.322000,0 days 03:35:42.209000,279.0,137.0,286.0,303.0,True,SOFT,5.0,False,McLaren,0 days 03:33:41.969000,,1,8.0,,,False,True
0 days 03:37:03.324000,NOR,1,0 days 00:01:40.659000,37.0,3.0,NaT,NaT,0 days 00:00:25.482000,0 days 00:00:34.271000,0 days 00:00:40.906000,0 days 03:36:07.691000,0 days 03:36:41.962000,0 days 03:37:22.868000,282.0,137.0,287.0,306.0,True,SOFT,6.0,False,McLaren,0 days 03:35:22.665000,,1,8.0,,,False,True
0 days 03:38:44.086000,NOR,1,0 days 00:01:40.762000,38.0,3.0,NaT,NaT,0 days 00:00:25.577000,0 days 00:00:34.275000,0 days 00:00:40.910000,0 days 03:37:48.445000,0 days 03:38:22.720000,0 days 03:39:03.630000,281.0,137.0,290.0,322.0,False,SOFT,7.0,False,McLaren,0 days 03:37:03.324000,,1,8.0,,,False,True
0 days 03:40:24.827000,NOR,1,0 days 00:01:40.741000,39.0,3.0,NaT,NaT,0 days 00:00:25.550000,0 days 00:00:34.150000,0 days 00:00:41.041000,0 days 03:39:29.180000,0 days 03:40:03.330000,0 days 03:40:44.371000,280.0,136.0,286.0,302.0,False,SOFT,8.0,False,McLaren,0 days 03:38:44.086000,,1,7.0,,,False,True
0 days 03:42:05.719000,NOR,1,0 days 00:01:40.892000,40.0,3.0,NaT,NaT,0 days 00:00:25.687000,0 days 00:00:34.169000,0 days 00:00:41.036000,0 days 03:41:10.058000,0 days 03:41:44.227000,0 days 03:42:25.263000,278.0,135.0,286.0,303.0,False,SOFT,9.0,False,McLaren,0 days 03:40:24.827000,,1,7.0,,,False,True
0 days 03:43:46.732000,NOR,1,0 days 00:01:41.013000,41.0,3.0,NaT,NaT,0 days 00:00:25.575000,0 days 00:00:34.154000,0 days 00:00:41.284000,0 days 03:42:50.838000,0 days 03:43:24.992000,0 days 03:44:06.276000,279.0,135.0,285.0,303.0,False,SOFT,10.0,False,McLaren,0 days 03:42:05.719000,,1,7.0,,,False,True
0 days 03:45:28.225000,NOR,1,0 days 00:01:41.493000,42.0,3.0,NaT,NaT,0 days 00:00:25.799000,0 days 00:00:34.506000,0 days 00:00:41.188000,0 days 03:44:32.075000,0 days 03:45:06.581000,0 days 03:45:47.769000,278.0,134.0,287.0,303.0,False,SOFT,11.0,False,McLaren,0 days 03:43:46.732000,,1,7.0,,,False,True
0 days 03:47:37.887000,NOR,1,0 days 00:02:09.662000,43.0,3.0,NaT,NaT,0 days 00:00:30.231000,0 days 00:00:44.271000,0 days 00:00:55.160000,0 days 03:46:18,0 days 03:47:02.271000,0 days 03:47:57.431000,253.0,79.0,232.0,259.0,False,SOFT,12.0,False,McLaren,0 days 03:45:28.225000,,126,7.0,,,False,False
0 days 03:49:53.070000,NOR,1,0 days 00:02:15.183000,44.0,3.0,NaT,NaT,0 days 00:00:35.732000,0 days 00:00:42.750000,0 days 00:00:56.701000,0 days 03:48:33.163000,0 days 03:49:15.913000,0 days 03:50:12.614000,250.0,79.0,189.0,255.0,False,SOFT,13.0,False,McLaren,0 days 03:47:37.887000,,6,7.0,,,False,False
0 days 03:52:11.200000,NOR,1,0 days 00:02:18.130000,45.0,3.0,NaT,0 days 03:52:24.310000,0 days 00:00:36.378000,0 days 00:00:41.283000,0 days 00:01:00.469000,0 days 03:50:48.992000,0 days 03:51:30.275000,0 days 03:52:30.744000,236.0,84.0,,254.0,False,SOFT,14.0,False,McLaren,0 days 03:49:53.070000,,64,7.0,,,False,False
0 days 03:54:41.435000,NOR,1,NaT,46.0,4.0,0 days 03:52:52.106000,NaT,0 days 00:00:53.579000,0 days 00:00:43.634000,0 days 00:00:52.976000,0 days 03:53:24.528000,0 days 03:54:08.053000,0 days 03:55:01.151000,213.0,88.0,245.0,246.0,False,SOFT,4.0,False,McLaren,0 days 03:52:11.200000,,4,7.0,,,False,False
0 days 03:56:33.212000,NOR,1,0 days 00:01:51.777000,47.0,4.0,NaT,NaT,0 days 00:00:28.628000,0 days 00:00:37.796000,0 days 00:00:45.353000,0 days 03:55:29.607000,0 days 03:56:07.403000,0 days 03:56:52.756000,257.0,128.0,242.0,257.0,False,SOFT,5.0,False,McLaren,0 days 03:54:41.435000,,4,7.0,,,False,False
0 days 03:58:57.801000,NOR,1,0 days 00:02:24.589000,48.0,4.0,NaT,NaT,0 days 00:00:32.156000,0 days 00:00:49.186000,0 days 00:01:03.247000,0 days 03:57:24.912000,0 days 03:58:14.098000,0 days 03:59:17.345000,166.0,110.0,160.0,206.0,False,SOFT,6.0,False,McLaren,0 days 03:56:33.212000,,4,7.0,,,False,False
0 days 04:01:26.457000,NOR,1,0 days 00:02:28.656000,49.0,4.0,NaT,NaT,0 days 00:00:39.920000,0 days 00:00:49.085000,0 days 00:00:59.651000,0 days 03:59:57.265000,0 days 04:00:46.350000,0 days 04:01:46.001000,202.0,97.0,205.0,247.0,False,SOFT,7.0,False,McLaren,0 days 03:58:57.801000,,4,7.0,,,False,False
0 days 04:03:55.311000,NOR,1,0 days 00:02:28.854000,50.0,4.0,NaT,NaT,0 days 00:00:39.125000,0 days 00:00:50.323000,0 days 00:00:59.406000,0 days 04:02:25.126000,0 days 04:03:15.449000,0 days 04:04:14.855000,260.0,130.0,155.0,223.0,False,SOFT,8.0,False,McLaren,0 days 04:01:26.457000,,4,10.0,,,False,False
0 days 04:06:27.509000,NOR,1,NaT,51.0,4.0,NaT,NaT,0 days 00:00:38.743000,0 days 00:00:52.893000,0 days 00:01:00.546000,0 days 04:04:53.692000,0 days 04:05:46.512000,0 days 04:06:47.152000,156.0,124.0,297.0,289.0,False,SOFT,9.0,False,McLaren,0 days 04:03:55.311000,,41,10.0,,,False,False
0 days 04:08:08.946000,NOR,1,0 days 00:01:41.437000,52.0,4.0,NaT,NaT,0 days 00:00:25.390000,0 days 00:00:35.302000,0 days 00:00:40.745000,0 days 04:07:12.443000,0 days 04:07:47.745000,0 days 04:08:28.490000,306.0,140.0,295.0,326.0,False,SOFT,10.0,False,McLaren,0 days 04:06:27.509000,,1,9.0,,,False,True
0 days 04:09:49.630000,NOR,1,0 days 00:01:40.684000,53.0,4.0,NaT,NaT,0 days 00:00:25.216000,0 days 00:00:34.822000,0 days 00:00:40.646000,0 days 04:08:53.706000,0 days 04:09:28.528000,0 days 04:10:09.174000,299.0,139.0,292.0,313.0,False,SOFT,11.0,False,McLaren,0 days 04:08:08.946000,,1,8.0,,,False,True
0 days 04:11:29.600000,NOR,1,0 days 00:01:39.970000,54.0,4.0,NaT,NaT,0 days 00:00:25.296000,0 days 00:00:34.290000,0 days 00:00:40.384000,0 days 04:10:34.470000,0 days 04:11:08.760000,0 days 04:11:49.144000,291.0,138.0,294.0,336.0,True,SOFT,12.0,False,McLaren,0 days 04:09:49.630000,,1,8.0,,,False,True
0 days 04:13:10.318000,NOR,1,0 days 00:01:40.718000,55.0,4.0,NaT,NaT,0 days 00:00:25.691000,0 days 00:00:34.327000,0 days 00:00:40.700000,0 days 04:12:14.835000,0 days 04:12:49.162000,0 days 04:13:29.862000,286.0,137.0,288.0,345.0,False,SOFT,13.0,False,McLaren,0 days 04:11:29.600000,,1,8.0,,,False,True
0 days 02:28:52.998000,GAS,10,0 days 00:03:11.486000,1.0,1.0,NaT,NaT,NaT,0 days 00:01:07.527000,0 days 00:00:58.713000,NaT,0 days 02:28:13.872000,0 days 02:29:12.644000,186.0,86.0,234.0,256.0,False,SOFT,1.0,True,Alpine,0 days 02:26:00.700000,,1,13.0,,,False,False
0 days 02:32:16.828000,GAS,10,NaT,2.0,1.0,NaT,NaT,0 days 00:00:34.306000,0 days 00:00:49.658000,NaT,0 days 02:29:46.851000,0 days 02:30:36.601000,NaT,187.0,91.0,99.0,255.0,False,SOFT,2.0,True,Alpine,0 days 02:28:52.998000,,12,15.0,,,False,False
0 days 02:34:38.661000,GAS,10,0 days 00:02:21.833000,3.0,1.0,NaT,NaT,0 days 00:00:36.089000,0 days 00:00:49.574000,0 days 00:00:56.170000,0 days 02:33:12.504000,0 days 02:34:02.078000,0 days 02:34:58.248000,220.0,95.0,223.0,280.0,True,SOFT,3.0,True,Alpine,0 days 02:32:16.828000,,1,18.0,,,False,True
0 days 02:36:51.117000,GAS,10,0 days 00:02:12.456000,4.0,1.0,NaT,NaT,0 days 00:00:32.437000,0 days 00:00:47.752000,0 days 00:00:52.267000,0 days 02:35:30.685000,0 days 02:36:18.437000,0 days 02:37:10.704000,213.0,103.0,251.0,279.0,True,SOFT,4.0,True,Alpine,0 days 02:34:38.661000,,1,18.0,,,False,True
0 days 02:38:56.929000,GAS,10,0 days 00:02:05.812000,5.0,1.0,NaT,NaT,0 days 00:00:30.648000,0 days 00:00:45.163000,0 days 00:00:50.001000,0 days 02:37:41.352000,0 days 02:38:26.515000,0 days 02:39:16.516000,225.0,110.0,255.0,278.0,True,SOFT,5.0,True,Alpine,0 days 02:36:51.117000,,1,18.0,,,False,True
0 days 02:41:00.781000,GAS,10,0 days 00:02:03.852000,6.0,1.0,NaT,NaT,0 days 00:00:30.082000,0 days 00:00:44.515000,0 days 00:00:49.255000,0 days 02:39:46.598000,0 days 02:40:31.113000,0 days 02:41:20.368000,240.0,109.0,255.0,273.0,True,SOFT,6.0,True,Alpine,0 days 02:38:56.929000,,12,18.0,,,False,True
0 days 02:42:58.961000,GAS,10,0 days 00:01:58.180000,7.0,1.0,NaT,NaT,0 days 00:00:29.328000,0 days 00:00:41.572000,0 days 00:00:47.280000,0 days 02:41:49.696000,0 days 02:42:31.268000,0 days 02:43:18.548000,251.0,117.0,260.0,273.0,True,SOFT,7.0,True,Alpine,0 days 02:41:00.781000,,12,18.0,,,False,True
0 days 02:44:53.587000,GAS,10,0 days 00:01:54.626000,8.0,1.0,NaT,NaT,0 days 00:00:28.801000,0 days 00:00:39.931000,0 days 00:00:45.894000,0 days 02:43:47.349000,0 days 02:44:27.280000,0 days 02:45:13.174000,262.0,122.0,262.0,274.0,True,SOFT,8.0,True,Alpine,0 days 02:42:58.961000,,1,19.0,,,False,True
0 days 02:47:22.221000,GAS,10,0 days 00:02:28.634000,9.0,1.0,NaT,0 days 02:47:35.478000,0 days 00:00:36.794000,0 days 00:00:48.489000,0 days 00:01:03.351000,0 days 02:45:49.968000,0 days 02:46:38.457000,0 days 02:47:41.808000,224.0,49.0,,169.0,False,SOFT,9.0,True,Alpine,0 days 02:44:53.587000,,124,20.0,,,False,False
0 days 02:50:02.524000,GAS,10,NaT,10.0,2.0,0 days 02:48:03.450000,NaT,0 days 00:00:55.019000,0 days 00:00:48.650000,0 days 00:00:56.644000,0 days 02:48:36.893000,0 days 02:49:25.509000,0 days 02:50:22.285000,234.0,64.0,258.0,247.0,False,MEDIUM,1.0,True,Alpine,0 days 02:47:22.221000,,4,20.0,,,False,False
0 days 02:51:59.807000,GAS,10,0 days 00:01:57.283000,11.0,2.0,NaT,NaT,0 days 00:00:29.568000,0 days 00:00:40.967000,0 days 00:00:46.748000,0 days 02:50:51.679000,0 days 02:51:32.646000,0 days 02:52:19.394000,241.0,123.0,259.0,279.0,False,MEDIUM,2.0,True,Alpine,0 days 02:50:02.524000,,4,19.0,,,False,False
0 days 02:53:49.031000,GAS,10,0 days 00:01:49.224000,12.0,2.0,NaT,NaT,0 days 00:00:28.206000,0 days 00:00:37.542000,0 days 00:00:43.476000,0 days 02:52:47.600000,0 days 02:53:25.142000,0 days 02:54:08.618000,275.0,129.0,267.0,291.0,True,MEDIUM,3.0,True,Alpine,0 days 02:51:59.807000,,41,18.0,,,False,False
0 days 02:55:35.642000,GAS,10,0 days 00:01:46.611000,13.0,2.0,NaT,NaT,0 days 00:00:27.237000,0 days 00:00:36.479000,0 days 00:00:42.895000,0 days 02:54:35.855000,0 days 02:55:12.334000,0 days 02:55:55.229000,275.0,127.0,267.0,279.0,True,MEDIUM,4.0,True,Alpine,0 days 02:53:49.031000,,12,18.0,,,False,True
0 days 02:57:21.199000,GAS,10,0 days 00:01:45.557000,14.0,2.0,NaT,NaT,0 days 00:00:27.066000,0 days 00:00:35.811000,0 days 00:00:42.680000,0 days 02:56:22.295000,0 days 02:56:58.106000,0 days 02:57:40.786000,269.0,129.0,267.0,281.0,True,MEDIUM,5.0,True,Alpine,0 days 02:55:35.642000,,1,18.0,,,False,True
0 days 02:59:05.596000,GAS,10,0 days 00:01:44.397000,15.0,2.0,NaT,NaT,0 days 00:00:26.586000,0 days 00:00:35.776000,0 days 00:00:42.035000,0 days 02:58:07.372000,0 days 02:58:43.148000,0 days 02:59:25.183000,282.0,133.0,281.0,296.0,True,MEDIUM,6.0,True,Alpine,0 days 02:57:21.199000,,12,18.0,,,False,True
0 days 03:00:48.898000,GAS,10,0 days 00:01:43.302000,16.0,2.0,NaT,NaT,0 days 00:00:26.146000,0 days 00:00:35.304000,0 days 00:00:41.852000,0 days 02:59:51.329000,0 days 03:00:26.633000,0 days 03:01:08.485000,287.0,133.0,287.0,299.0,True,MEDIUM,7.0,True,Alpine,0 days 02:59:05.596000,,21,17.0,,,False,True
0 days 03:02:31.878000,GAS,10,0 days 00:01:42.980000,17.0,2.0,NaT,NaT,0 days 00:00:25.971000,0 days 00:00:35.380000,0 days 00:00:41.629000,0 days 03:01:34.456000,0 days 03:02:09.836000,0 days 03:02:51.465000,288.0,133.0,286.0,299.0,True,MEDIUM,8.0,True,Alpine,0 days 03:00:48.898000,,1,16.0,,,False,True
0 days 03:04:15.516000,GAS,10,0 days 00:01:43.638000,18.0,2.0,NaT,NaT,0 days 00:00:25.986000,0 days 00:00:35.634000,0 days 00:00:42.018000,0 days 03:03:17.451000,0 days 03:03:53.085000,0 days 03:04:35.103000,290.0,131.0,286.0,305.0,False,MEDIUM,9.0,True,Alpine,0 days 03:02:31.878000,,1,15.0,,,False,True
0 days 03:05:58.498000,GAS,10,0 days 00:01:42.982000,19.0,2.0,NaT,NaT,0 days 00:00:25.921000,0 days 00:00:35.200000,0 days 00:00:41.861000,0 days 03:05:01.024000,0 days 03:05:36.224000,0 days 03:06:18.085000,287.0,135.0,287.0,304.0,False,MEDIUM,10.0,True,Alpine,0 days 03:04:15.516000,,1,15.0,,,False,True
0 days 03:07:41.401000,GAS,10,0 days 00:01:42.903000,20.0,2.0,NaT,NaT,0 days 00:00:25.823000,0 days 00:00:35.429000,0 days 00:00:41.651000,0 days 03:06:43.908000,0 days 03:07:19.337000,0 days 03:08:00.988000,286.0,133.0,286.0,305.0,True,MEDIUM,11.0,True,Alpine,0 days 03:05:58.498000,,1,15.0,,,False,True
0 days 03:09:24.699000,GAS,10,0 days 00:01:43.298000,21.0,2.0,NaT,NaT,0 days 00:00:25.856000,0 days 00:00:35.360000,0 days 00:00:42.082000,0 days 03:08:26.844000,0 days 03:09:02.204000,0 days 03:09:44.286000,287.0,132.0,285.0,304.0,False,MEDIUM,12.0,True,Alpine,0 days 03:07:41.401000,,1,15.0,,,False,True
0 days 03:11:08.502000,GAS,10,0 days 00:01:43.803000,22.0,2.0,NaT,NaT,0 days 00:00:26.072000,0 days 00:00:35.611000,0 days 00:00:42.120000,0 days 03:10:10.358000,0 days 03:10:45.969000,0 days 03:11:28.089000,292.0,129.0,285.0,304.0,False,MEDIUM,13.0,True,Alpine,0 days 03:09:24.699000,,1,15.0,,,False,True
0 days 03:12:52.355000,GAS,10,0 days 00:01:43.853000,23.0,2.0,NaT,NaT,0 days 00:00:26.006000,0 days 00:00:35.794000,0 days 00:00:42.053000,0 days 03:11:54.095000,0 days 03:12:29.889000,0 days 03:13:11.942000,286.0,130.0,284.0,304.0,False,MEDIUM,14.0,True,Alpine,0 days 03:11:08.502000,,1,15.0,,,False,True
0 days 03:14:36.392000,GAS,10,0 days 00:01:44.037000,24.0,2.0,NaT,NaT,0 days 00:00:26.163000,0 days 00:00:35.736000,0 days 00:00:42.138000,0 days 03:13:38.105000,0 days 03:14:13.841000,0 days 03:14:55.979000,288.0,132.0,285.0,305.0,False,MEDIUM,15.0,True,Alpine,0 days 03:12:52.355000,,1,15.0,,,False,True
0 days 03:16:27.104000,GAS,10,0 days 00:01:50.712000,25.0,2.0,NaT,0 days 03:16:40.207000,0 days 00:00:26.306000,0 days 00:00:35.748000,0 days 00:00:48.658000,0 days 03:15:22.285000,0 days 03:15:58.033000,0 days 03:16:46.691000,287.0,133.0,,326.0,False,MEDIUM,16.0,True,Alpine,0 days 03:14:36.392000,,1,17.0,,,False,False
0 days 03:18:29.213000,GAS,10,0 days 00:02:02.109000,26.0,3.0,0 days 03:17:08.056000,NaT,0 days 00:00:45.713000,0 days 00:00:35.553000,0 days 00:00:40.843000,0 days 03:17:32.404000,0 days 03:18:07.957000,0 days 03:18:48.800000,272.0,137.0,291.0,308.0,False,HARD,1.0,True,Alpine,0 days 03:16:27.104000,,1,20.0,,,False,False
0 days 03:20:11.940000,GAS,10,0 days 00:01:42.727000,27.0,3.0,NaT,NaT,0 days 00:00:26.292000,0 days 00:00:35.135000,0 days 00:00:41.300000,0 days 03:19:15.092000,0 days 03:19:50.227000,0 days 03:20:31.527000,278.0,138.0,286.0,309.0,True,HARD,2.0,True,Alpine,0 days 03:18:29.213000,,1,19.0,,,False,True
0 days 03:21:53.775000,GAS,10,0 days 00:01:41.835000,28.0,3.0,NaT,NaT,0 days 00:00:25.534000,0 days 00:00:34.990000,0 days 00:00:41.311000,0 days 03:20:57.061000,0 days 03:21:32.051000,0 days 03:22:13.362000,293.0,134.0,293.0,315.0,True,HARD,3.0,True,Alpine,0 days 03:20:11.940000,,1,19.0,,,False,True
0 days 03:23:38.466000,GAS,10,0 days 00:01:44.691000,29.0,3.0,NaT,NaT,0 days 00:00:26.299000,0 days 00:00:35.959000,0 days 00:00:42.433000,0 days 03:22:39.661000,0 days 03:23:15.620000,0 days 03:23:58.053000,292.0,131.0,286.0,321.0,False,HARD,4.0,True,Alpine,0 days 03:21:53.775000,,1,16.0,,,False,True
0 days 03:25:20.902000,GAS,10,0 days 00:01:42.436000,30.0,3.0,NaT,NaT,0 days 00:00:25.898000,0 days 00:00:35.111000,0 days 00:00:41.427000,0 days 03:24:23.951000,0 days 03:24:59.062000,0 days 03:25:40.489000,292.0,132.0,289.0,309.0,False,HARD,5.0,True,Alpine,0 days 03:23:38.466000,,1,16.0,,,False,True
0 days 03:27:03.576000,GAS,10,0 days 00:01:42.674000,31.0,3.0,NaT,NaT,0 days 00:00:25.703000,0 days 00:00:35.205000,0 days 00:00:41.766000,0 days 03:26:06.192000,0 days 03:26:41.397000,0 days 03:27:23.163000,287.0,133.0,289.0,307.0,False,HARD,6.0,True,Alpine,0 days 03:25:20.902000,,1,17.0,,,False,True
0 days 03:28:46.814000,GAS,10,0 days 00:01:43.238000,32.0,3.0,NaT,NaT,0 days 00:00:25.831000,0 days 00:00:35.486000,0 days 00:00:41.921000,0 days 03:27:48.994000,0 days 03:28:24.480000,0 days 03:29:06.401000,291.0,133.0,289.0,310.0,False,HARD,7.0,True,Alpine,0 days 03:27:03.576000,,1,16.0,,,False,True
0 days 03:30:30.012000,GAS,10,0 days 00:01:43.198000,33.0,3.0,NaT,NaT,0 days 00:00:25.763000,0 days 00:00:35.523000,0 days 00:00:41.912000,0 days 03:29:32.164000,0 days 03:30:07.687000,0 days 03:30:49.599000,290.0,131.0,289.0,309.0,False,HARD,8.0,True,Alpine,0 days 03:28:46.814000,,1,16.0,,,False,True
0 days 03:32:13.317000,GAS,10,0 days 00:01:43.305000,34.0,3.0,NaT,NaT,0 days 00:00:25.929000,0 days 00:00:35.350000,0 days 00:00:42.026000,0 days 03:31:15.528000,0 days 03:31:50.878000,0 days 03:32:32.904000,284.0,129.0,286.0,310.0,False,HARD,9.0,True,Alpine,0 days 03:30:30.012000,,1,16.0,,,False,True
0 days 03:33:56.623000,GAS,10,0 days 00:01:43.306000,35.0,3.0,NaT,NaT,0 days 00:00:26.003000,0 days 00:00:35.329000,0 days 00:00:41.974000,0 days 03:32:58.907000,0 days 03:33:34.236000,0 days 03:34:16.210000,285.0,132.0,289.0,304.0,False,HARD,10.0,True,Alpine,0 days 03:32:13.317000,,1,16.0,,,False,True
0 days 03:35:40.061000,GAS,10,0 days 00:01:43.438000,36.0,3.0,NaT,NaT,0 days 00:00:25.994000,0 days 00:00:35.390000,0 days 00:00:42.054000,0 days 03:34:42.204000,0 days 03:35:17.594000,0 days 03:35:59.648000,290.0,130.0,288.0,306.0,False,HARD,11.0,True,Alpine,0 days 03:33:56.623000,,1,16.0,,,False,True
0 days 03:37:29.566000,GAS,10,0 days 00:01:49.505000,37.0,3.0,NaT,0 days 03:37:42.787000,0 days 00:00:25.893000,0 days 00:00:35.377000,0 days 00:00:48.235000,0 days 03:36:25.541000,0 days 03:37:00.918000,0 days 03:37:49.153000,290.0,129.0,,327.0,False,HARD,12.0,True,Alpine,0 days 03:35:40.061000,,1,18.0,,,False,False
0 days 03:39:33.818000,GAS,10,0 days 00:02:04.252000,38.0,4.0,0 days 03:38:10.503000,NaT,0 days 00:00:45.941000,0 days 00:00:35.418000,0 days 00:00:42.893000,0 days 03:38:35.094000,0 days 03:39:10.512000,0 days 03:39:53.405000,281.0,132.0,283.0,296.0,False,SOFT,7.0,False,Alpine,0 days 03:37:29.566000,,1,18.0,,,False,False
0 days 03:41:15.609000,GAS,10,0 days 00:01:41.791000,39.0,4.0,NaT,NaT,0 days 00:00:25.725000,0 days 00:00:34.892000,0 days 00:00:41.174000,0 days 03:40:19.130000,0 days 03:40:54.022000,0 days 03:41:35.196000,284.0,131.0,291.0,310.0,True,SOFT,8.0,False,Alpine,0 days 03:39:33.818000,,1,18.0,,,False,True
0 days 03:42:57.123000,GAS,10,0 days 00:01:41.514000,40.0,4.0,NaT,NaT,0 days 00:00:25.539000,0 days 00:00:34.599000,0 days 00:00:41.376000,0 days 03:42:00.735000,0 days 03:42:35.334000,0 days 03:43:16.710000,289.0,133.0,286.0,307.0,True,SOFT,9.0,False,Alpine,0 days 03:41:15.609000,,1,18.0,,,False,True
0 days 03:44:38.831000,GAS,10,0 days 00:01:41.708000,41.0,4.0,NaT,NaT,0 days 00:00:25.827000,0 days 00:00:34.474000,0 days 00:00:41.407000,0 days 03:43:42.537000,0 days 03:44:17.011000,0 days 03:44:58.418000,291.0,135.0,288.0,304.0,False,SOFT,10.0,False,Alpine,0 days 03:42:57.123000,,1,18.0,,,False,True
0 days 03:46:33.746000,GAS,10,0 days 00:01:54.915000,42.0,4.0,NaT,NaT,0 days 00:00:25.701000,0 days 00:00:34.913000,0 days 00:00:54.301000,0 days 03:45:24.119000,0 days 03:45:59.032000,0 days 03:46:53.333000,294.0,135.0,217.0,191.0,False,SOFT,11.0,False,Alpine,0 days 03:44:38.831000,,126,18.0,,,False,False
0 days 03:48:48.125000,GAS,10,0 days 00:02:14.379000,43.0,4.0,NaT,NaT,0 days 00:00:36.461000,0 days 00:00:41.996000,0 days 00:00:55.922000,0 days 03:47:29.794000,0 days 03:48:11.790000,0 days 03:49:07.712000,222.0,92.0,178.0,220.0,False,SOFT,12.0,False,Alpine,0 days 03:46:33.746000,,6,17.0,,,False,False
0 days 03:51:01.844000,GAS,10,0 days 00:02:13.719000,44.0,4.0,NaT,NaT,0 days 00:00:35.929000,0 days 00:00:42.425000,0 days 00:00:55.365000,0 days 03:49:43.641000,0 days 03:50:26.066000,0 days 03:51:21.431000,216.0,79.0,226.0,205.0,False,SOFT,13.0,False,Alpine,0 days 03:48:48.125000,,6,17.0,,,False,False
0 days 03:53:18.827000,GAS,10,0 days 00:02:16.983000,45.0,4.0,NaT,0 days 03:53:31.881000,0 days 00:00:34.201000,0 days 00:00:44.474000,0 days 00:00:58.308000,0 days 03:51:55.632000,0 days 03:52:40.106000,0 days 03:53:38.414000,255.0,72.0,,200.0,False,SOFT,14.0,False,Alpine,0 days 03:51:01.844000,,64,17.0,,,False,False
0 days 03:55:48.962000,GAS,10,NaT,46.0,5.0,0 days 03:54:00.303000,NaT,0 days 00:00:53.114000,0 days 00:00:44.182000,0 days 00:00:52.807000,0 days 03:54:31.757000,0 days 03:55:15.807000,0 days 03:56:08.621000,245.0,79.0,276.0,201.0,False,SOFT,7.0,False,Alpine,0 days 03:53:18.827000,,4,17.0,,,False,False
0 days 03:57:30.655000,GAS,10,0 days 00:01:41.693000,47.0,5.0,NaT,NaT,0 days 00:00:26.017000,0 days 00:00:34.668000,0 days 00:00:41.008000,0 days 03:56:34.566000,0 days 03:57:09.234000,0 days 03:57:50.242000,289.0,132.0,287.0,303.0,False,SOFT,8.0,False,Alpine,0 days 03:55:48.962000,,4,17.0,,,False,False
0 days 03:59:15.285000,GAS,10,0 days 00:01:44.630000,48.0,5.0,NaT,NaT,0 days 00:00:25.595000,0 days 00:00:35.047000,0 days 00:00:43.988000,0 days 03:58:15.837000,0 days 03:58:50.884000,0 days 03:59:34.872000,286.0,128.0,232.0,282.0,False,SOFT,9.0,False,Alpine,0 days 03:57:30.655000,,4,17.0,,,False,False
0 days 04:01:37.360000,GAS,10,0 days 00:02:22.075000,49.0,5.0,NaT,NaT,0 days 00:00:33.415000,0 days 00:00:48.754000,0 days 00:00:59.906000,0 days 04:00:08.287000,0 days 04:00:57.041000,0 days 04:01:56.947000,174.0,92.0,209.0,215.0,False,SOFT,10.0,False,Alpine,0 days 03:59:15.285000,,4,16.0,,,False,False
0 days 04:04:00.886000,GAS,10,0 days 00:02:23.526000,50.0,5.0,NaT,NaT,0 days 00:00:34.199000,0 days 00:00:52.230000,0 days 00:00:57.097000,0 days 04:02:31.146000,0 days 04:03:23.376000,0 days 04:04:20.473000,237.0,107.0,138.0,227.0,False,SOFT,11.0,False,Alpine,0 days 04:01:37.360000,,4,15.0,,,False,False
0 days 04:06:29.411000,GAS,10,0 days 00:02:28.525000,51.0,5.0,NaT,NaT,0 days 00:00:39.304000,0 days 00:00:51.388000,0 days 00:00:57.833000,0 days 04:04:59.777000,0 days 04:05:51.165000,0 days 04:06:48.998000,231.0,124.0,297.0,281.0,False,SOFT,12.0,False,Alpine,0 days 04:04:00.886000,,41,15.0,,,False,False
0 days 04:08:12.644000,GAS,10,0 days 00:01:43.233000,52.0,5.0,NaT,NaT,0 days 00:00:25.887000,0 days 00:00:36.100000,0 days 00:00:41.246000,0 days 04:07:14.885000,0 days 04:07:50.985000,0 days 04:08:32.231000,322.0,134.0,295.0,319.0,False,SOFT,13.0,False,Alpine,0 days 04:06:29.411000,,1,15.0,,,False,True
0 days 04:09:54.718000,GAS,10,0 days 00:01:42.074000,53.0,5.0,NaT,NaT,0 days 00:00:25.539000,0 days 00:00:35.458000,0 days 00:00:41.077000,0 days 04:08:57.770000,0 days 04:09:33.228000,0 days 04:10:14.305000,282.0,134.0,294.0,323.0,False,SOFT,14.0,False,Alpine,0 days 04:08:12.644000,,1,15.0,,,False,True
0 days 04:11:37.204000,GAS,10,0 days 00:01:42.486000,54.0,5.0,NaT,NaT,0 days 00:00:25.422000,0 days 00:00:35.486000,0 days 00:00:41.578000,0 days 04:10:39.727000,0 days 04:11:15.213000,0 days 04:11:56.791000,314.0,133.0,295.0,319.0,False,SOFT,15.0,False,Alpine,0 days 04:09:54.718000,,1,15.0,,,False,True
0 days 04:13:19.574000,GAS,10,0 days 00:01:42.370000,55.0,5.0,NaT,NaT,0 days 00:00:25.763000,0 days 00:00:35.030000,0 days 00:00:41.577000,0 days 04:12:22.554000,0 days 04:12:57.584000,0 days 04:13:39.161000,286.0,132.0,288.0,346.0,False,SOFT,16.0,False,Alpine,0 days 04:11:37.204000,,1,15.0,,,False,True
0 days 02:29:19.337000,PER,11,0 days 00:03:37.870000,1.0,1.0,NaT,0 days 02:29:32.403000,NaT,0 days 00:00:51.100000,0 days 00:01:06.985000,NaT,0 days 02:28:31.982000,0 days 02:29:39.012000,178.0,91.0,,193.0,False,SOFT,1.0,True,Cadillac,0 days 02:26:00.700000,,1,22.0,,,False,False
0 days 02:31:55.056000,PER,11,NaT,2.0,2.0,0 days 02:30:10.589000,0 days 02:32:08.200000,0 days 00:01:00.908000,0 days 00:00:40.960000,0 days 00:00:53.843000,0 days 02:30:39.883000,0 days 02:31:20.879000,0 days 02:32:14.716000,230.0,123.0,,251.0,False,INTERMEDIATE,1.0,True,Cadillac,0 days 02:29:19.337000,,12,5.0,,,False,False
0 days 02:34:27.226000,PER,11,NaT,3.0,3.0,0 days 02:32:49.855000,NaT,0 days 00:01:02.304000,0 days 00:00:42.794000,0 days 00:00:47.118000,0 days 02:33:16.947000,0 days 02:33:59.760000,0 days 02:34:46.919000,222.0,128.0,262.0,282.0,False,INTERMEDIATE,1.0,True,Cadillac,0 days 02:31:55.056000,,1,14.0,,,False,False
0 days 02:36:20.843000,PER,11,0 days 00:01:53.617000,4.0,3.0,NaT,NaT,0 days 00:00:28.163000,0 days 00:00:39.497000,0 days 00:00:45.957000,0 days 02:35:15.019000,0 days 02:35:54.516000,0 days 02:36:40.473000,257.0,122.0,261.0,286.0,True,INTERMEDIATE,2.0,True,Cadillac,0 days 02:34:27.226000,,1,14.0,,,False,True
0 days 02:38:14.315000,PER,11,0 days 00:01:53.472000,5.0,3.0,NaT,NaT,0 days 00:00:28.241000,0 days 00:00:39.499000,0 days 00:00:45.732000,0 days 02:37:08.714000,0 days 02:37:48.213000,0 days 02:38:33.945000,256.0,121.0,261.0,284.0,True,INTERMEDIATE,3.0,True,Cadillac,0 days 02:36:20.843000,,1,14.0,,,False,True
0 days 02:40:08.107000,PER,11,0 days 00:01:53.792000,6.0,3.0,NaT,NaT,0 days 00:00:28.399000,0 days 00:00:39.365000,0 days 00:00:46.028000,0 days 02:39:02.344000,0 days 02:39:41.709000,0 days 02:40:27.737000,252.0,121.0,258.0,276.0,False,INTERMEDIATE,4.0,True,Cadillac,0 days 02:38:14.315000,,12,14.0,,,False,True
0 days 02:42:02.292000,PER,11,0 days 00:01:54.185000,7.0,3.0,NaT,NaT,0 days 00:00:28.442000,0 days 00:00:39.520000,0 days 00:00:46.223000,0 days 02:40:56.179000,0 days 02:41:35.699000,0 days 02:42:21.922000,249.0,119.0,258.0,274.0,False,INTERMEDIATE,5.0,True,Cadillac,0 days 02:40:08.107000,,1,14.0,,,False,True
0 days 02:43:57.487000,PER,11,0 days 00:01:55.195000,8.0,3.0,NaT,NaT,0 days 00:00:28.783000,0 days 00:00:39.843000,0 days 00:00:46.569000,0 days 02:42:50.705000,0 days 02:43:30.548000,0 days 02:44:17.117000,252.0,118.0,258.0,282.0,False,INTERMEDIATE,6.0,True,Cadillac,0 days 02:42:02.292000,,12,14.0,,,False,True
0 days 02:46:12.328000,PER,11,0 days 00:02:14.841000,9.0,3.0,NaT,0 days 02:46:25.550000,0 days 00:00:28.829000,0 days 00:00:40.819000,0 days 00:01:05.193000,0 days 02:44:45.946000,0 days 02:45:26.765000,0 days 02:46:31.958000,260.0,78.0,,243.0,False,INTERMEDIATE,7.0,True,Cadillac,0 days 02:43:57.487000,,124,13.0,,,False,False
0 days 02:48:52.242000,PER,11,NaT,10.0,4.0,0 days 02:46:55.285000,NaT,0 days 00:00:55.065000,0 days 00:00:48.595000,0 days 00:00:56.226000,0 days 02:47:27.051000,0 days 02:48:15.686000,0 days 02:49:11.900000,214.0,64.0,254.0,241.0,False,MEDIUM,1.0,True,Cadillac,0 days 02:46:12.328000,,4,14.0,,,False,False
0 days 02:50:57.722000,PER,11,0 days 00:02:05.480000,11.0,4.0,NaT,NaT,0 days 00:00:29.144000,0 days 00:00:39.232000,0 days 00:00:57.104000,0 days 02:49:41.016000,0 days 02:50:20.248000,0 days 02:51:17.352000,251.0,115.0,251.0,229.0,False,MEDIUM,2.0,True,Cadillac,0 days 02:48:52.242000,,4,14.0,,,False,False
0 days 02:53:28.644000,PER,11,NaT,12.0,4.0,NaT,NaT,0 days 00:00:33.454000,0 days 00:00:51.013000,0 days 00:01:06.511000,0 days 02:51:50.827000,0 days 02:52:41.893000,0 days 02:53:48.470000,140.0,125.0,258.0,178.0,False,MEDIUM,3.0,True,Cadillac,0 days 02:50:57.722000,,41,14.0,,,False,False
0 days 02:55:21.778000,PER,11,0 days 00:01:53.134000,13.0,4.0,NaT,NaT,0 days 00:00:29.268000,0 days 00:00:38.710000,0 days 00:00:45.156000,0 days 02:54:17.542000,0 days 02:54:56.252000,0 days 02:55:41.408000,245.0,128.0,263.0,290.0,True,MEDIUM,4.0,True,Cadillac,0 days 02:53:28.644000,,12,15.0,,,False,True
0 days 02:57:10.418000,PER,11,0 days 00:01:48.640000,14.0,4.0,NaT,NaT,0 days 00:00:28.066000,0 days 00:00:36.846000,0 days 00:00:43.728000,0 days 02:56:09.474000,0 days 02:56:46.320000,0 days 02:57:30.048000,248.0,128.0,265.0,282.0,True,MEDIUM,5.0,True,Cadillac,0 days 02:55:21.778000,,1,16.0,,,False,True
0 days 02:58:57.670000,PER,11,0 days 00:01:47.252000,15.0,4.0,NaT,NaT,0 days 00:00:27.458000,0 days 00:00:36.994000,0 days 00:00:42.800000,0 days 02:57:57.506000,0 days 02:58:34.500000,0 days 02:59:17.300000,264.0,130.0,284.0,314.0,True,MEDIUM,6.0,True,Cadillac,0 days 02:57:10.418000,,12,16.0,,,False,True
0 days 03:00:42.896000,PER,11,0 days 00:01:45.226000,16.0,4.0,NaT,NaT,0 days 00:00:26.699000,0 days 00:00:36.174000,0 days 00:00:42.353000,0 days 02:59:43.999000,0 days 03:00:20.173000,0 days 03:01:02.526000,276.0,129.0,282.0,314.0,True,MEDIUM,7.0,True,Cadillac,0 days 02:58:57.670000,,21,14.0,,,False,True
0 days 03:02:27.933000,PER,11,0 days 00:01:45.037000,17.0,4.0,NaT,NaT,0 days 00:00:26.717000,0 days 00:00:35.993000,0 days 00:00:42.327000,0 days 03:01:29.243000,0 days 03:02:05.236000,0 days 03:02:47.563000,269.0,127.0,281.0,308.0,True,MEDIUM,8.0,True,Cadillac,0 days 03:00:42.896000,,1,14.0,,,False,True
0 days 03:04:21.375000,PER,11,0 days 00:01:53.442000,18.0,4.0,NaT,0 days 03:04:34.610000,0 days 00:00:26.828000,0 days 00:00:37.259000,0 days 00:00:49.355000,0 days 03:03:14.391000,0 days 03:03:51.650000,0 days 03:04:41.005000,243.0,124.0,,303.0,False,MEDIUM,9.0,True,Cadillac,0 days 03:02:27.933000,,1,18.0,,,False,False
0 days 03:06:26.250000,PER,11,0 days 00:02:04.875000,19.0,5.0,0 days 03:05:03.344000,NaT,0 days 00:00:47.559000,0 days 00:00:35.717000,0 days 00:00:41.599000,0 days 03:05:28.564000,0 days 03:06:04.281000,0 days 03:06:45.880000,271.0,127.0,281.0,313.0,False,HARD,1.0,True,Cadillac,0 days 03:04:21.375000,,1,21.0,,,False,False
0 days 03:08:08.938000,PER,11,0 days 00:01:42.688000,20.0,5.0,NaT,NaT,0 days 00:00:26.033000,0 days 00:00:35.140000,0 days 00:00:41.515000,0 days 03:07:11.913000,0 days 03:07:47.053000,0 days 03:08:28.568000,270.0,131.0,283.0,305.0,True,HARD,2.0,True,Cadillac,0 days 03:06:26.250000,,1,21.0,,,False,True
0 days 03:09:59.998000,PER,11,0 days 00:01:51.060000,21.0,5.0,NaT,0 days 03:10:13.148000,0 days 00:00:26.136000,0 days 00:00:35.212000,0 days 00:00:49.712000,0 days 03:08:54.704000,0 days 03:09:29.916000,0 days 03:10:19.628000,270.0,130.0,,307.0,False,HARD,3.0,True,Cadillac,0 days 03:08:08.938000,,1,21.0,,,False,False
0 days 03:12:05.522000,PER,11,0 days 00:02:05.524000,22.0,6.0,0 days 03:10:42.508000,NaT,0 days 00:00:48.447000,0 days 00:00:35.577000,0 days 00:00:41.500000,0 days 03:11:08.075000,0 days 03:11:43.652000,0 days 03:12:25.152000,279.0,130.0,283.0,314.0,False,HARD,1.0,True,Cadillac,0 days 03:09:59.998000,,1,21.0,,,False,False
0 days 03:13:48.248000,PER,11,0 days 00:01:42.726000,23.0,6.0,NaT,NaT,0 days 00:00:25.953000,0 days 00:00:35.067000,0 days 00:00:41.706000,0 days 03:12:51.105000,0 days 03:13:26.172000,0 days 03:14:07.878000,272.0,130.0,282.0,308.0,False,HARD,2.0,True,Cadillac,0 days 03:12:05.522000,,1,21.0,,,False,True
0 days 03:15:31.294000,PER,11,0 days 00:01:43.046000,24.0,6.0,NaT,NaT,0 days 00:00:26.224000,0 days 00:00:35.202000,0 days 00:00:41.620000,0 days 03:14:34.102000,0 days 03:15:09.304000,0 days 03:15:50.924000,271.0,130.0,282.0,309.0,False,HARD,3.0,True,Cadillac,0 days 03:13:48.248000,,1,21.0,,,False,True
0 days 03:17:18.890000,PER,11,0 days 00:01:47.596000,25.0,6.0,NaT,NaT,0 days 00:00:26.383000,0 days 00:00:36.350000,0 days 00:00:44.863000,0 days 03:16:17.307000,0 days 03:16:53.657000,0 days 03:17:38.520000,269.0,86.0,285.0,317.0,False,HARD,4.0,True,Cadillac,0 days 03:15:31.294000,,1,21.0,,,False,True
0 days 03:19:03.032000,PER,11,0 days 00:01:44.142000,26.0,6.0,NaT,NaT,0 days 00:00:26.226000,0 days 00:00:35.757000,0 days 00:00:42.159000,0 days 03:18:04.746000,0 days 03:18:40.503000,0 days 03:19:22.662000,278.0,129.0,282.0,320.0,False,HARD,5.0,True,Cadillac,0 days 03:17:18.890000,,1,21.0,,,False,True
0 days 03:20:47.372000,PER,11,0 days 00:01:44.340000,27.0,6.0,NaT,NaT,0 days 00:00:26.394000,0 days 00:00:35.787000,0 days 00:00:42.159000,0 days 03:19:49.056000,0 days 03:20:24.843000,0 days 03:21:07.002000,273.0,129.0,282.0,310.0,False,HARD,6.0,True,Cadillac,0 days 03:19:03.032000,,1,21.0,,,False,True
0 days 03:22:31.892000,PER,11,0 days 00:01:44.520000,28.0,6.0,NaT,NaT,0 days 00:00:26.443000,0 days 00:00:35.725000,0 days 00:00:42.352000,0 days 03:21:33.445000,0 days 03:22:09.170000,0 days 03:22:51.522000,271.0,132.0,281.0,311.0,False,HARD,7.0,True,Cadillac,0 days 03:20:47.372000,,1,21.0,,,False,True
0 days 03:24:16.699000,PER,11,0 days 00:01:44.807000,29.0,6.0,NaT,NaT,0 days 00:00:26.572000,0 days 00:00:35.701000,0 days 00:00:42.534000,0 days 03:23:18.094000,0 days 03:23:53.795000,0 days 03:24:36.329000,271.0,131.0,280.0,310.0,False,HARD,8.0,True,Cadillac,0 days 03:22:31.892000,,1,21.0,,,False,True
0 days 03:26:01.510000,PER,11,0 days 00:01:44.811000,30.0,6.0,NaT,NaT,0 days 00:00:26.575000,0 days 00:00:35.752000,0 days 00:00:42.484000,0 days 03:25:02.904000,0 days 03:25:38.656000,0 days 03:26:21.140000,271.0,130.0,280.0,308.0,False,HARD,9.0,True,Cadillac,0 days 03:24:16.699000,,1,21.0,,,False,True
0 days 03:27:46.302000,PER,11,0 days 00:01:44.792000,31.0,6.0,NaT,NaT,0 days 00:00:26.600000,0 days 00:00:35.690000,0 days 00:00:42.502000,0 days 03:26:47.740000,0 days 03:27:23.430000,0 days 03:28:05.932000,270.0,128.0,280.0,307.0,False,HARD,10.0,True,Cadillac,0 days 03:26:01.510000,,1,21.0,,,False,True
0 days 03:29:31.529000,PER,11,0 days 00:01:45.227000,32.0,6.0,NaT,NaT,0 days 00:00:26.672000,0 days 00:00:35.793000,0 days 00:00:42.762000,0 days 03:28:32.604000,0 days 03:29:08.397000,0 days 03:29:51.159000,268.0,131.0,281.0,310.0,False,HARD,11.0,True,Cadillac,0 days 03:27:46.302000,,1,21.0,,,False,True
0 days 03:31:16.649000,PER,11,0 days 00:01:45.120000,33.0,6.0,NaT,NaT,0 days 00:00:26.775000,0 days 00:00:35.765000,0 days 00:00:42.580000,0 days 03:30:17.934000,0 days 03:30:53.699000,0 days 03:31:36.279000,268.0,130.0,282.0,307.0,False,HARD,12.0,True,Cadillac,0 days 03:29:31.529000,,1,21.0,,,False,True
0 days 03:33:03.776000,PER,11,0 days 00:01:47.127000,34.0,6.0,NaT,NaT,0 days 00:00:26.771000,0 days 00:00:37.102000,0 days 00:00:43.254000,0 days 03:32:03.050000,0 days 03:32:40.152000,0 days 03:33:23.406000,268.0,127.0,279.0,313.0,False,HARD,13.0,True,Cadillac,0 days 03:31:16.649000,,1,21.0,,,False,True
0 days 03:34:50.275000,PER,11,0 days 00:01:46.499000,35.0,6.0,NaT,NaT,0 days 00:00:27.519000,0 days 00:00:36.156000,0 days 00:00:42.824000,0 days 03:33:50.925000,0 days 03:34:27.081000,0 days 03:35:09.905000,275.0,130.0,281.0,308.0,False,HARD,14.0,True,Cadillac,0 days 03:33:03.776000,,1,20.0,,,False,True
0 days 03:36:35.868000,PER,11,0 days 00:01:45.593000,36.0,6.0,NaT,NaT,0 days 00:00:27.031000,0 days 00:00:35.969000,0 days 00:00:42.593000,0 days 03:35:36.936000,0 days 03:36:12.905000,0 days 03:36:55.498000,269.0,130.0,281.0,308.0,False,HARD,15.0,True,Cadillac,0 days 03:34:50.275000,,1,20.0,,,False,True
0 days 03:38:25.581000,PER,11,0 days 00:01:49.713000,37.0,6.0,NaT,NaT,0 days 00:00:28.764000,0 days 00:00:36.988000,0 days 00:00:43.961000,0 days 03:37:24.262000,0 days 03:38:01.250000,0 days 03:38:45.211000,271.0,106.0,283.0,320.0,False,HARD,16.0,True,Cadillac,0 days 03:36:35.868000,,1,21.0,,,False,True
0 days 03:40:11.579000,PER,11,0 days 00:01:45.998000,38.0,6.0,NaT,NaT,0 days 00:00:26.769000,0 days 00:00:36.398000,0 days 00:00:42.831000,0 days 03:39:11.980000,0 days 03:39:48.378000,0 days 03:40:31.209000,272.0,129.0,281.0,316.0,False,HARD,17.0,True,Cadillac,0 days 03:38:25.581000,,1,21.0,,,False,True
0 days 03:42:06.553000,PER,11,0 days 00:01:54.974000,39.0,6.0,NaT,0 days 03:42:19.632000,0 days 00:00:26.768000,0 days 00:00:36.430000,0 days 00:00:51.776000,0 days 03:40:57.977000,0 days 03:41:34.407000,0 days 03:42:26.183000,272.0,106.0,,226.0,False,HARD,18.0,True,Cadillac,0 days 03:40:11.579000,,1,21.0,,,False,False
0 days 03:44:12.056000,PER,11,0 days 00:02:05.503000,40.0,7.0,0 days 03:42:51.007000,NaT,0 days 00:00:49.638000,0 days 00:00:34.812000,0 days 00:00:41.053000,0 days 03:43:15.821000,0 days 03:43:50.633000,0 days 03:44:31.686000,294.0,136.0,286.0,318.0,False,MEDIUM,1.0,True,Cadillac,0 days 03:42:06.553000,,1,21.0,,,False,False
0 days 03:45:59.563000,PER,11,0 days 00:01:47.507000,41.0,7.0,NaT,NaT,0 days 00:00:25.721000,0 days 00:00:34.465000,0 days 00:00:47.321000,0 days 03:44:57.407000,0 days 03:45:31.872000,0 days 03:46:19.193000,278.0,134.0,157.0,318.0,False,MEDIUM,2.0,True,Cadillac,0 days 03:44:12.056000,,12,21.0,,,False,True
0 days 03:48:13.156000,PER,11,0 days 00:02:13.593000,42.0,7.0,NaT,NaT,0 days 00:00:36.789000,0 days 00:00:40.920000,0 days 00:00:55.884000,0 days 03:46:55.982000,0 days 03:47:36.902000,0 days 03:48:32.786000,241.0,84.0,182.0,258.0,False,MEDIUM,3.0,True,Cadillac,0 days 03:45:59.563000,,26,20.0,,,False,False
0 days 03:50:26.274000,PER,11,0 days 00:02:13.118000,43.0,7.0,NaT,NaT,0 days 00:00:37.705000,0 days 00:00:39.739000,0 days 00:00:55.674000,0 days 03:49:10.491000,0 days 03:49:50.230000,0 days 03:50:45.904000,213.0,115.0,191.0,222.0,False,MEDIUM,4.0,True,Cadillac,0 days 03:48:13.156000,,6,20.0,,,False,False
0 days 03:52:45.330000,PER,11,0 days 00:02:19.056000,44.0,7.0,NaT,0 days 03:52:58.513000,0 days 00:00:36.218000,0 days 00:00:42.689000,0 days 00:01:00.149000,0 days 03:51:22.122000,0 days 03:52:04.811000,0 days 03:53:04.960000,239.0,105.0,,198.0,False,MEDIUM,5.0,True,Cadillac,0 days 03:50:26.274000,,64,20.0,,,False,False
0 days 03:55:18.433000,PER,11,NaT,45.0,8.0,0 days 03:53:27.357000,NaT,0 days 00:00:56.245000,0 days 00:00:42.661000,0 days 00:00:54.227000,0 days 03:54:01.256000,0 days 03:54:43.870000,0 days 03:55:38.174000,247.0,124.0,269.0,180.0,False,SOFT,2.0,False,Cadillac,0 days 03:52:45.330000,,4,20.0,,,False,False
0 days 03:57:04.927000,PER,11,0 days 00:01:46.494000,46.0,8.0,NaT,NaT,0 days 00:00:26.626000,0 days 00:00:36.161000,0 days 00:00:43.707000,0 days 03:56:04.689000,0 days 03:56:40.850000,0 days 03:57:24.557000,275.0,126.0,284.0,310.0,False,SOFT,3.0,False,Cadillac,0 days 03:55:18.433000,,4,20.0,,,False,False
0 days 03:58:53.031000,PER,11,0 days 00:01:48.104000,47.0,8.0,NaT,NaT,0 days 00:00:26.267000,0 days 00:00:37.314000,0 days 00:00:44.523000,0 days 03:57:50.824000,0 days 03:58:28.138000,0 days 03:59:12.661000,268.0,132.0,250.0,255.0,False,SOFT,4.0,False,Cadillac,0 days 03:57:04.927000,,4,20.0,,,False,False
0 days 04:00:37.114000,PER,11,0 days 00:01:44.083000,48.0,8.0,NaT,NaT,0 days 00:00:27.206000,0 days 00:00:35.102000,0 days 00:00:41.775000,0 days 03:59:39.867000,0 days 04:00:14.969000,0 days 04:00:56.744000,271.0,134.0,283.0,309.0,False,SOFT,5.0,False,Cadillac,0 days 03:58:53.031000,,4,20.0,,,False,False
0 days 04:02:20.602000,PER,11,0 days 00:01:43.488000,49.0,8.0,NaT,NaT,0 days 00:00:26.187000,0 days 00:00:34.915000,0 days 00:00:42.386000,0 days 04:01:22.931000,0 days 04:01:57.846000,0 days 04:02:40.232000,270.0,132.0,284.0,306.0,False,SOFT,6.0,False,Cadillac,0 days 04:00:37.114000,,4,20.0,,,False,False
0 days 04:04:10.047000,PER,11,0 days 00:01:49.445000,50.0,8.0,NaT,NaT,0 days 00:00:28.021000,0 days 00:00:37.675000,0 days 00:00:43.749000,0 days 04:03:08.253000,0 days 04:03:45.928000,0 days 04:04:29.677000,249.0,134.0,197.0,283.0,False,SOFT,7.0,False,Cadillac,0 days 04:02:20.602000,,4,19.0,,,False,False
0 days 04:06:30.656000,PER,11,0 days 00:02:20.609000,51.0,8.0,NaT,NaT,0 days 00:00:32.905000,0 days 00:00:51.397000,0 days 00:00:56.307000,0 days 04:05:02.582000,0 days 04:05:53.979000,0 days 04:06:50.286000,169.0,128.0,290.0,284.0,False,SOFT,8.0,False,Cadillac,0 days 04:04:10.047000,,41,18.0,,,False,False
0 days 04:08:15.187000,PER,11,0 days 00:01:44.531000,52.0,8.0,NaT,NaT,0 days 00:00:26.250000,0 days 00:00:36.132000,0 days 00:00:42.149000,0 days 04:07:16.536000,0 days 04:07:52.668000,0 days 04:08:34.817000,288.0,133.0,288.0,328.0,False,SOFT,9.0,False,Cadillac,0 days 04:06:30.656000,,1,18.0,,,False,True
0 days 04:09:58.459000,PER,11,0 days 00:01:43.272000,53.0,8.0,NaT,NaT,0 days 00:00:26.160000,0 days 00:00:35.346000,0 days 00:00:41.766000,0 days 04:09:00.977000,0 days 04:09:36.323000,0 days 04:10:18.089000,279.0,134.0,287.0,325.0,False,SOFT,10.0,False,Cadillac,0 days 04:08:15.187000,,1,18.0,,,False,True
0 days 04:11:42.072000,PER,11,0 days 00:01:43.613000,54.0,8.0,NaT,NaT,0 days 00:00:26.258000,0 days 00:00:35.347000,0 days 00:00:42.008000,0 days 04:10:44.347000,0 days 04:11:19.694000,0 days 04:12:01.702000,278.0,131.0,288.0,314.0,False,SOFT,11.0,False,Cadillac,0 days 04:09:58.459000,,1,18.0,,,False,True
0 days 04:13:25.489000,PER,11,0 days 00:01:43.417000,55.0,8.0,NaT,NaT,0 days 00:00:26.165000,0 days 00:00:35.371000,0 days 00:00:41.881000,0 days 04:12:27.867000,0 days 04:13:03.238000,0 days 04:13:45.119000,287.0,130.0,285.0,318.0,False,SOFT,12.0,False,Cadillac,0 days 04:11:42.072000,,1,19.0,,,False,True
0 days 02:28:19.312000,ANT,12,0 days 00:02:37.876000,1.0,1.0,NaT,NaT,NaT,0 days 00:00:52.046000,0 days 00:01:02.752000,NaT,0 days 02:27:36.212000,0 days 02:28:39.059000,216.0,100.0,220.0,251.0,False,INTERMEDIATE,1.0,True,Mercedes,0 days 02:26:00.700000,,1,3.0,,,False,False
0 days 02:32:13.936000,ANT,12,NaT,2.0,1.0,NaT,NaT,0 days 00:00:37.901000,0 days 00:00:52.462000,NaT,0 days 02:29:16.935000,0 days 02:30:09.448000,NaT,224.0,119.0,1.0,227.0,False,INTERMEDIATE,2.0,True,Mercedes,0 days 02:28:19.312000,,12,8.0,,,False,False
0 days 02:34:05.394000,ANT,12,0 days 00:01:51.458000,3.0,1.0,NaT,NaT,0 days 00:00:30.422000,0 days 00:00:36.887000,0 days 00:00:44.149000,0 days 02:33:04.010000,0 days 02:33:40.897000,0 days 02:34:25.046000,272.0,126.0,264.0,285.0,True,INTERMEDIATE,3.0,True,Mercedes,0 days 02:32:13.936000,,1,1.0,,,False,True
0 days 02:35:54.096000,ANT,12,0 days 00:01:48.702000,4.0,1.0,NaT,NaT,0 days 00:00:28.113000,0 days 00:00:36.845000,0 days 00:00:43.744000,0 days 02:34:53.159000,0 days 02:35:30.004000,0 days 02:36:13.748000,247.0,131.0,263.0,279.0,True,INTERMEDIATE,4.0,True,Mercedes,0 days 02:34:05.394000,,1,1.0,,,False,True
0 days 02:37:43.852000,ANT,12,0 days 00:01:49.756000,5.0,1.0,NaT,NaT,0 days 00:00:28.355000,0 days 00:00:37.251000,0 days 00:00:44.150000,0 days 02:36:42.103000,0 days 02:37:19.354000,0 days 02:38:03.504000,237.0,126.0,262.0,278.0,False,INTERMEDIATE,5.0,True,Mercedes,0 days 02:35:54.096000,,1,1.0,,,False,True
0 days 02:39:34.593000,ANT,12,0 days 00:01:50.741000,6.0,1.0,NaT,NaT,0 days 00:00:28.239000,0 days 00:00:37.740000,0 days 00:00:44.762000,0 days 02:38:31.743000,0 days 02:39:09.483000,0 days 02:39:54.245000,249.0,122.0,262.0,268.0,False,INTERMEDIATE,6.0,True,Mercedes,0 days 02:37:43.852000,,12,1.0,,,False,True
0 days 02:41:27.477000,ANT,12,0 days 00:01:52.884000,7.0,1.0,NaT,NaT,0 days 00:00:28.126000,0 days 00:00:38.923000,0 days 00:00:45.835000,0 days 02:40:22.371000,0 days 02:41:01.294000,0 days 02:41:47.129000,258.0,113.0,262.0,263.0,False,INTERMEDIATE,7.0,True,Mercedes,0 days 02:39:34.593000,,1,1.0,,,False,True
0 days 02:43:20.100000,ANT,12,0 days 00:01:52.623000,8.0,1.0,NaT,NaT,0 days 00:00:28.418000,0 days 00:00:38.368000,0 days 00:00:45.837000,0 days 02:42:15.547000,0 days 02:42:53.915000,0 days 02:43:39.752000,270.0,117.0,260.0,269.0,False,INTERMEDIATE,8.0,True,Mercedes,0 days 02:41:27.477000,,12,1.0,,,False,True
0 days 02:45:22.795000,ANT,12,0 days 00:02:02.695000,9.0,1.0,NaT,0 days 02:45:35.976000,0 days 00:00:28.692000,0 days 00:00:38.554000,0 days 00:00:55.449000,0 days 02:44:08.444000,0 days 02:44:46.998000,0 days 02:45:42.447000,253.0,117.0,,275.0,False,INTERMEDIATE,9.0,True,Mercedes,0 days 02:43:20.100000,,124,1.0,,,False,False
0 days 02:48:13.765000,ANT,12,NaT,10.0,2.0,0 days 02:46:03.626000,NaT,0 days 00:00:53.862000,0 days 00:00:53.116000,0 days 00:01:04.008000,0 days 02:46:36.394000,0 days 02:47:29.504000,0 days 02:48:33.564000,188.0,108.0,187.0,216.0,False,MEDIUM,1.0,True,Mercedes,0 days 02:45:22.795000,,4,1.0,,,False,False
0 days 02:50:41.214000,ANT,12,0 days 00:02:27.449000,11.0,2.0,NaT,NaT,0 days 00:00:35.999000,0 days 00:00:52.171000,0 days 00:00:59.279000,0 days 02:49:09.416000,0 days 02:50:01.587000,0 days 02:51:00.866000,196.0,113.0,166.0,221.0,False,MEDIUM,2.0,True,Mercedes,0 days 02:48:13.765000,,4,1.0,,,False,False
0 days 02:53:22.355000,ANT,12,NaT,12.0,2.0,NaT,NaT,0 days 00:00:35.793000,0 days 00:00:51.008000,0 days 00:01:14.384000,0 days 02:51:36.655000,0 days 02:52:27.702000,0 days 02:53:42.183000,215.0,116.0,259.0,174.0,False,MEDIUM,3.0,True,Mercedes,0 days 02:50:41.214000,,41,1.0,,,False,False
0 days 02:55:08.738000,ANT,12,0 days 00:01:46.383000,13.0,2.0,NaT,NaT,0 days 00:00:27.975000,0 days 00:00:36.372000,0 days 00:00:42.036000,0 days 02:54:09.982000,0 days 02:54:46.354000,0 days 02:55:28.390000,286.0,136.0,267.0,281.0,True,MEDIUM,4.0,True,Mercedes,0 days 02:53:22.355000,,12,3.0,,,False,True
0 days 02:56:53.045000,ANT,12,0 days 00:01:44.307000,14.0,2.0,NaT,NaT,0 days 00:00:27.171000,0 days 00:00:35.466000,0 days 00:00:41.670000,0 days 02:55:55.561000,0 days 02:56:31.027000,0 days 02:57:12.697000,257.0,137.0,267.0,278.0,True,MEDIUM,5.0,True,Mercedes,0 days 02:55:08.738000,,1,3.0,,,False,True
0 days 02:58:35.946000,ANT,12,0 days 00:01:42.901000,15.0,2.0,NaT,NaT,0 days 00:00:26.910000,0 days 00:00:35.016000,0 days 00:00:40.975000,0 days 02:57:39.607000,0 days 02:58:14.623000,0 days 02:58:55.598000,267.0,136.0,288.0,303.0,True,MEDIUM,6.0,True,Mercedes,0 days 02:56:53.045000,,1,3.0,,,False,True
0 days 03:00:17.876000,ANT,12,0 days 00:01:41.930000,16.0,2.0,NaT,NaT,0 days 00:00:26.284000,0 days 00:00:34.787000,0 days 00:00:40.859000,0 days 02:59:21.882000,0 days 02:59:56.669000,0 days 03:00:37.528000,275.0,138.0,287.0,303.0,True,MEDIUM,7.0,True,Mercedes,0 days 02:58:35.946000,,12,3.0,,,False,True
0 days 03:01:59.213000,ANT,12,0 days 00:01:41.337000,17.0,2.0,NaT,NaT,0 days 00:00:25.780000,0 days 00:00:34.650000,0 days 00:00:40.907000,0 days 03:01:03.308000,0 days 03:01:37.958000,0 days 03:02:18.865000,279.0,137.0,284.0,304.0,True,MEDIUM,8.0,True,Mercedes,0 days 03:00:17.876000,,1,3.0,,,False,True
0 days 03:03:40.601000,ANT,12,0 days 00:01:41.388000,18.0,2.0,NaT,NaT,0 days 00:00:25.625000,0 days 00:00:34.781000,0 days 00:00:40.982000,0 days 03:02:44.490000,0 days 03:03:19.271000,0 days 03:04:00.253000,281.0,136.0,285.0,306.0,False,MEDIUM,9.0,True,Mercedes,0 days 03:01:59.213000,,1,3.0,,,False,True
0 days 03:05:22.016000,ANT,12,0 days 00:01:41.415000,19.0,2.0,NaT,NaT,0 days 00:00:25.592000,0 days 00:00:34.718000,0 days 00:00:41.105000,0 days 03:04:25.845000,0 days 03:05:00.563000,0 days 03:05:41.668000,282.0,139.0,288.0,309.0,False,MEDIUM,10.0,True,Mercedes,0 days 03:03:40.601000,,1,3.0,,,False,True
0 days 03:07:03.592000,ANT,12,0 days 00:01:41.576000,20.0,2.0,NaT,NaT,0 days 00:00:25.548000,0 days 00:00:34.722000,0 days 00:00:41.306000,0 days 03:06:07.216000,0 days 03:06:41.938000,0 days 03:07:23.244000,286.0,136.0,288.0,312.0,False,MEDIUM,11.0,True,Mercedes,0 days 03:05:22.016000,,1,3.0,,,False,True
0 days 03:08:45.033000,ANT,12,0 days 00:01:41.441000,21.0,2.0,NaT,NaT,0 days 00:00:25.253000,0 days 00:00:34.652000,0 days 00:00:41.536000,0 days 03:07:48.497000,0 days 03:08:23.149000,0 days 03:09:04.685000,311.0,132.0,285.0,297.0,False,MEDIUM,12.0,True,Mercedes,0 days 03:07:03.592000,,1,2.0,,,False,True
0 days 03:10:26.575000,ANT,12,0 days 00:01:41.542000,22.0,2.0,NaT,NaT,0 days 00:00:25.632000,0 days 00:00:34.443000,0 days 00:00:41.467000,0 days 03:09:30.317000,0 days 03:10:04.760000,0 days 03:10:46.227000,278.0,131.0,284.0,297.0,False,MEDIUM,13.0,True,Mercedes,0 days 03:08:45.033000,,1,2.0,,,False,True
0 days 03:12:08.182000,ANT,12,0 days 00:01:41.607000,23.0,2.0,NaT,NaT,0 days 00:00:25.561000,0 days 00:00:34.572000,0 days 00:00:41.474000,0 days 03:11:11.788000,0 days 03:11:46.360000,0 days 03:12:27.834000,283.0,130.0,284.0,300.0,False,MEDIUM,14.0,True,Mercedes,0 days 03:10:26.575000,,1,2.0,,,False,True
0 days 03:13:51.536000,ANT,12,0 days 00:01:43.354000,24.0,2.0,NaT,NaT,0 days 00:00:25.684000,0 days 00:00:34.604000,0 days 00:00:43.066000,0 days 03:12:53.518000,0 days 03:13:28.122000,0 days 03:14:11.188000,279.0,136.0,284.0,301.0,False,MEDIUM,15.0,True,Mercedes,0 days 03:12:08.182000,,1,2.0,,,False,True
0 days 03:15:33.567000,ANT,12,0 days 00:01:42.031000,25.0,2.0,NaT,NaT,0 days 00:00:25.647000,0 days 00:00:34.721000,0 days 00:00:41.663000,0 days 03:14:36.835000,0 days 03:15:11.556000,0 days 03:15:53.219000,283.0,129.0,284.0,301.0,False,MEDIUM,16.0,True,Mercedes,0 days 03:13:51.536000,,1,2.0,,,False,True
0 days 03:17:15.559000,ANT,12,0 days 00:01:41.992000,26.0,2.0,NaT,NaT,0 days 00:00:25.595000,0 days 00:00:34.741000,0 days 00:00:41.656000,0 days 03:16:18.814000,0 days 03:16:53.555000,0 days 03:17:35.211000,284.0,131.0,284.0,299.0,False,MEDIUM,17.0,True,Mercedes,0 days 03:15:33.567000,,1,2.0,,,False,True
0 days 03:18:57.440000,ANT,12,0 days 00:01:41.881000,27.0,2.0,NaT,NaT,0 days 00:00:25.698000,0 days 00:00:34.504000,0 days 00:00:41.679000,0 days 03:18:00.909000,0 days 03:18:35.413000,0 days 03:19:17.092000,282.0,130.0,283.0,298.0,False,MEDIUM,18.0,True,Mercedes,0 days 03:17:15.559000,,1,2.0,,,False,True
0 days 03:20:39.630000,ANT,12,0 days 00:01:42.190000,28.0,2.0,NaT,NaT,0 days 00:00:25.787000,0 days 00:00:34.535000,0 days 00:00:41.868000,0 days 03:19:42.879000,0 days 03:20:17.414000,0 days 03:20:59.282000,282.0,132.0,284.0,297.0,False,MEDIUM,19.0,True,Mercedes,0 days 03:18:57.440000,,1,2.0,,,False,True
0 days 03:22:21.805000,ANT,12,0 days 00:01:42.175000,29.0,2.0,NaT,NaT,0 days 00:00:25.766000,0 days 00:00:34.519000,0 days 00:00:41.890000,0 days 03:21:25.048000,0 days 03:21:59.567000,0 days 03:22:41.457000,282.0,132.0,283.0,298.0,False,MEDIUM,20.0,True,Mercedes,0 days 03:20:39.630000,,1,2.0,,,False,True
0 days 03:24:04.189000,ANT,12,0 days 00:01:42.384000,30.0,2.0,NaT,NaT,0 days 00:00:25.849000,0 days 00:00:34.655000,0 days 00:00:41.880000,0 days 03:23:07.306000,0 days 03:23:41.961000,0 days 03:24:23.841000,282.0,132.0,285.0,297.0,False,MEDIUM,21.0,True,Mercedes,0 days 03:22:21.805000,,1,2.0,,,False,True
0 days 03:25:46.618000,ANT,12,0 days 00:01:42.429000,31.0,2.0,NaT,NaT,0 days 00:00:25.876000,0 days 00:00:34.663000,0 days 00:00:41.890000,0 days 03:24:49.717000,0 days 03:25:24.380000,0 days 03:26:06.270000,282.0,133.0,285.0,298.0,False,MEDIUM,22.0,True,Mercedes,0 days 03:24:04.189000,,1,2.0,,,False,True
0 days 03:27:29.017000,ANT,12,0 days 00:01:42.399000,32.0,2.0,NaT,NaT,0 days 00:00:25.875000,0 days 00:00:34.572000,0 days 00:00:41.952000,0 days 03:26:32.145000,0 days 03:27:06.717000,0 days 03:27:48.669000,281.0,133.0,286.0,298.0,False,MEDIUM,23.0,True,Mercedes,0 days 03:25:46.618000,,1,2.0,,,False,True
0 days 03:29:18.095000,ANT,12,0 days 00:01:49.078000,33.0,2.0,NaT,0 days 03:29:31.408000,0 days 00:00:25.835000,0 days 00:00:34.585000,0 days 00:00:48.658000,0 days 03:28:14.504000,0 days 03:28:49.089000,0 days 03:29:37.747000,281.0,131.0,,297.0,False,MEDIUM,24.0,True,Mercedes,0 days 03:27:29.017000,,1,2.0,,,False,False
0 days 03:31:20.012000,ANT,12,0 days 00:02:01.917000,34.0,3.0,0 days 03:29:58.846000,NaT,0 days 00:00:46.343000,0 days 00:00:34.541000,0 days 00:00:41.033000,0 days 03:30:24.090000,0 days 03:30:58.631000,0 days 03:31:39.664000,286.0,135.0,287.0,302.0,False,SOFT,4.0,False,Mercedes,0 days 03:29:18.095000,,1,2.0,,,False,False
0 days 03:33:00.350000,ANT,12,0 days 00:01:40.338000,35.0,3.0,NaT,NaT,0 days 00:00:25.308000,0 days 00:00:34.063000,0 days 00:00:40.967000,0 days 03:32:04.972000,0 days 03:32:39.035000,0 days 03:33:20.002000,284.0,136.0,286.0,298.0,True,SOFT,5.0,False,Mercedes,0 days 03:31:20.012000,,1,2.0,,,False,True
0 days 03:34:41.111000,ANT,12,0 days 00:01:40.761000,36.0,3.0,NaT,NaT,0 days 00:00:25.391000,0 days 00:00:34.219000,0 days 00:00:41.151000,0 days 03:33:45.393000,0 days 03:34:19.612000,0 days 03:35:00.763000,281.0,137.0,286.0,298.0,True,SOFT,6.0,False,Mercedes,0 days 03:33:00.350000,,1,2.0,,,False,True
0 days 03:36:21.721000,ANT,12,0 days 00:01:40.610000,37.0,3.0,NaT,NaT,0 days 00:00:25.358000,0 days 00:00:34.138000,0 days 00:00:41.114000,0 days 03:35:26.121000,0 days 03:36:00.259000,0 days 03:36:41.373000,283.0,135.0,288.0,297.0,True,SOFT,7.0,False,Mercedes,0 days 03:34:41.111000,,1,2.0,,,False,True
0 days 03:38:02.375000,ANT,12,0 days 00:01:40.654000,38.0,3.0,NaT,NaT,0 days 00:00:25.363000,0 days 00:00:34.202000,0 days 00:00:41.089000,0 days 03:37:06.736000,0 days 03:37:40.938000,0 days 03:38:22.027000,283.0,137.0,287.0,299.0,False,SOFT,8.0,False,Mercedes,0 days 03:36:21.721000,,1,2.0,,,False,True
0 days 03:39:43.204000,ANT,12,0 days 00:01:40.829000,39.0,3.0,NaT,NaT,0 days 00:00:25.404000,0 days 00:00:34.173000,0 days 00:00:41.252000,0 days 03:38:47.431000,0 days 03:39:21.604000,0 days 03:40:02.856000,281.0,135.0,288.0,299.0,False,SOFT,9.0,False,Mercedes,0 days 03:38:02.375000,,1,2.0,,,False,True
0 days 03:41:24.613000,ANT,12,0 days 00:01:41.409000,40.0,3.0,NaT,NaT,0 days 00:00:25.568000,0 days 00:00:34.482000,0 days 00:00:41.359000,0 days 03:40:28.424000,0 days 03:41:02.906000,0 days 03:41:44.265000,282.0,136.0,288.0,300.0,False,SOFT,10.0,False,Mercedes,0 days 03:39:43.204000,,1,2.0,,,False,True
0 days 03:43:05.843000,ANT,12,0 days 00:01:41.230000,41.0,3.0,NaT,NaT,0 days 00:00:25.511000,0 days 00:00:34.321000,0 days 00:00:41.398000,0 days 03:42:09.776000,0 days 03:42:44.097000,0 days 03:43:25.495000,283.0,133.0,288.0,301.0,False,SOFT,11.0,False,Mercedes,0 days 03:41:24.613000,,1,2.0,,,False,True
0 days 03:44:47.534000,ANT,12,0 days 00:01:41.691000,42.0,3.0,NaT,NaT,0 days 00:00:25.630000,0 days 00:00:34.579000,0 days 00:00:41.482000,0 days 03:43:51.125000,0 days 03:44:25.704000,0 days 03:45:07.186000,282.0,134.0,291.0,307.0,False,SOFT,12.0,False,Mercedes,0 days 03:43:05.843000,,1,2.0,,,False,True
0 days 03:46:45.132000,ANT,12,0 days 00:01:57.598000,43.0,3.0,NaT,NaT,0 days 00:00:25.573000,0 days 00:00:35.411000,0 days 00:00:56.614000,0 days 03:45:32.759000,0 days 03:46:08.170000,0 days 03:47:04.784000,283.0,80.0,165.0,217.0,False,SOFT,13.0,False,Mercedes,0 days 03:44:47.534000,,126,2.0,,,False,False
0 days 03:49:01.597000,ANT,12,0 days 00:02:16.465000,44.0,3.0,NaT,0 days 03:49:14.871000,0 days 00:00:35.960000,0 days 00:00:41.606000,0 days 00:00:58.899000,0 days 03:47:40.744000,0 days 03:48:22.350000,0 days 03:49:21.249000,238.0,98.0,,245.0,False,SOFT,14.0,False,Mercedes,0 days 03:46:45.132000,,6,1.0,,,False,False
0 days 03:51:32.906000,ANT,12,NaT,45.0,4.0,0 days 03:49:42.012000,NaT,0 days 00:00:51.698000,0 days 00:00:44.136000,0 days 00:00:55.400000,0 days 03:50:13.122000,0 days 03:50:57.169000,0 days 03:51:52.559000,241.0,122.0,209.0,203.0,False,SOFT,4.0,False,Mercedes,0 days 03:49:01.597000,,64,2.0,,,False,False
0 days 03:53:53.050000,ANT,12,0 days 00:02:20.144000,46.0,4.0,NaT,NaT,0 days 00:00:35.688000,0 days 00:00:45.692000,0 days 00:00:58.764000,0 days 03:52:28.246000,0 days 03:53:13.938000,0 days 03:54:12.702000,234.0,115.0,227.0,240.0,False,SOFT,5.0,False,Mercedes,0 days 03:51:32.906000,,4,2.0,,,False,False
0 days 03:56:18.361000,ANT,12,0 days 00:02:25.311000,47.0,4.0,NaT,NaT,0 days 00:00:34.908000,0 days 00:00:50.876000,0 days 00:00:59.527000,0 days 03:54:47.610000,0 days 03:55:38.486000,0 days 03:56:38.013000,230.0,106.0,209.0,244.0,False,SOFT,6.0,False,Mercedes,0 days 03:53:53.050000,,4,2.0,,,False,False
0 days 03:58:48.536000,ANT,12,NaT,48.0,4.0,NaT,NaT,0 days 00:00:39.121000,0 days 00:00:50.540000,0 days 00:01:00.537000,0 days 03:57:17.223000,0 days 03:58:07.723000,0 days 03:59:08.410000,226.0,99.0,180.0,238.0,False,SOFT,7.0,False,Mercedes,0 days 03:56:18.361000,,4,2.0,,,False,False
0 days 04:01:18.262000,ANT,12,0 days 00:02:29.726000,49.0,4.0,NaT,NaT,0 days 00:00:41.141000,0 days 00:00:49.748000,0 days 00:00:58.837000,0 days 03:59:49.329000,0 days 04:00:39.077000,0 days 04:01:37.914000,221.0,125.0,210.0,242.0,False,SOFT,8.0,False,Mercedes,0 days 03:58:48.536000,,4,2.0,,,False,False
0 days 04:03:43.804000,ANT,12,0 days 00:02:25.542000,50.0,4.0,NaT,NaT,0 days 00:00:35.100000,0 days 00:00:50.960000,0 days 00:00:59.482000,0 days 04:02:13.014000,0 days 04:03:03.974000,0 days 04:04:03.456000,227.0,100.0,154.0,249.0,False,SOFT,9.0,False,Mercedes,0 days 04:01:18.262000,,4,2.0,,,False,False
0 days 04:06:23.219000,ANT,12,NaT,51.0,4.0,NaT,NaT,0 days 00:00:39.343000,0 days 00:00:50.350000,0 days 00:01:09.750000,0 days 04:04:42.849000,0 days 04:05:33.268000,0 days 04:06:42.981000,223.0,117.0,292.0,271.0,False,SOFT,10.0,False,Mercedes,0 days 04:03:43.804000,,41,2.0,,,False,False
0 days 04:08:01.808000,ANT,12,0 days 00:01:38.589000,52.0,4.0,NaT,NaT,0 days 00:00:25.032000,0 days 00:00:33.399000,0 days 00:00:40.158000,0 days 04:07:07.903000,0 days 04:07:41.302000,0 days 04:08:21.460000,293.0,141.0,292.0,308.0,True,SOFT,11.0,False,Mercedes,0 days 04:06:23.219000,,1,2.0,,,False,True
0 days 04:09:40.674000,ANT,12,0 days 00:01:38.866000,53.0,4.0,NaT,NaT,0 days 00:00:25.258000,0 days 00:00:33.442000,0 days 00:00:40.166000,0 days 04:08:46.718000,0 days 04:09:20.160000,0 days 04:10:00.326000,285.0,141.0,290.0,303.0,False,SOFT,12.0,False,Mercedes,0 days 04:08:01.808000,,1,2.0,,,False,True
0 days 04:11:19.578000,ANT,12,0 days 00:01:38.904000,54.0,4.0,NaT,NaT,0 days 00:00:25.307000,0 days 00:00:33.316000,0 days 00:00:40.281000,0 days 04:10:25.633000,0 days 04:10:58.949000,0 days 04:11:39.230000,284.0,141.0,291.0,303.0,False,SOFT,13.0,False,Mercedes,0 days 04:09:40.674000,,1,2.0,,,False,True
0 days 04:12:58.508000,ANT,12,0 days 00:01:38.930000,55.0,4.0,NaT,NaT,0 days 00:00:25.330000,0 days 00:00:33.299000,0 days 00:00:40.301000,0 days 04:12:04.560000,0 days 04:12:37.859000,0 days 04:13:18.160000,282.0,139.0,285.0,313.0,False,SOFT,14.0,False,Mercedes,0 days 04:11:19.578000,,1,2.0,,,False,True
0 days 02:28:44.856000,ALO,14,0 days 00:03:03.476000,1.0,1.0,NaT,NaT,NaT,0 days 00:00:49.490000,0 days 00:00:59.619000,NaT,0 days 02:28:04.945000,0 days 02:29:04.502000,203.0,98.0,236.0,217.0,False,MEDIUM,1.0,True,Aston Martin,0 days 02:26:00.700000,,1,11.0,,,False,False
0 days 02:32:16.779000,ALO,14,NaT,2.0,1.0,NaT,NaT,0 days 00:00:33.622000,0 days 00:00:51.157000,NaT,0 days 02:29:38.282000,0 days 02:30:29.357000,NaT,226.0,104.0,125.0,219.0,False,MEDIUM,2.0,True,Aston Martin,0 days 02:28:44.856000,,12,14.0,,,False,False
0 days 02:34:35.765000,ALO,14,0 days 00:02:18.986000,3.0,1.0,NaT,NaT,0 days 00:00:34.900000,0 days 00:00:48.257000,0 days 00:00:55.829000,0 days 02:33:11.325000,0 days 02:33:59.582000,0 days 02:34:55.411000,238.0,100.0,243.0,255.0,True,MEDIUM,3.0,True,Aston Martin,0 days 02:32:16.779000,,1,17.0,,,False,True
0 days 02:36:45.856000,ALO,14,0 days 00:02:10.091000,4.0,1.0,NaT,NaT,0 days 00:00:32.276000,0 days 00:00:46.166000,0 days 00:00:51.649000,0 days 02:35:27.687000,0 days 02:36:13.853000,0 days 02:37:05.502000,257.0,108.0,245.0,278.0,True,MEDIUM,4.0,True,Aston Martin,0 days 02:34:35.765000,,1,16.0,,,False,True
0 days 02:38:48.979000,ALO,14,0 days 00:02:03.123000,5.0,1.0,NaT,NaT,0 days 00:00:30.723000,0 days 00:00:43.285000,0 days 00:00:49.115000,0 days 02:37:36.225000,0 days 02:38:19.510000,0 days 02:39:08.625000,263.0,113.0,247.0,281.0,True,MEDIUM,5.0,True,Aston Martin,0 days 02:36:45.856000,,1,16.0,,,False,True
0 days 02:40:47.985000,ALO,14,0 days 00:01:59.006000,6.0,1.0,NaT,NaT,0 days 00:00:29.699000,0 days 00:00:41.743000,0 days 00:00:47.564000,0 days 02:39:38.324000,0 days 02:40:20.067000,0 days 02:41:07.631000,267.0,121.0,250.0,271.0,True,MEDIUM,6.0,True,Aston Martin,0 days 02:38:48.979000,,12,16.0,,,False,True
0 days 02:42:44.831000,ALO,14,0 days 00:01:56.846000,7.0,1.0,NaT,NaT,0 days 00:00:28.833000,0 days 00:00:40.696000,0 days 00:00:47.317000,0 days 02:41:36.464000,0 days 02:42:17.160000,0 days 02:43:04.477000,271.0,121.0,252.0,277.0,True,MEDIUM,7.0,True,Aston Martin,0 days 02:40:47.985000,,12,16.0,,,False,True
0 days 02:44:38.838000,ALO,14,0 days 00:01:54.007000,8.0,1.0,NaT,NaT,0 days 00:00:28.909000,0 days 00:00:39.501000,0 days 00:00:45.597000,0 days 02:43:33.386000,0 days 02:44:12.887000,0 days 02:44:58.484000,273.0,127.0,254.0,274.0,True,MEDIUM,8.0,True,Aston Martin,0 days 02:42:44.831000,,21,16.0,,,False,True
0 days 02:47:04.531000,ALO,14,0 days 00:02:25.693000,9.0,1.0,NaT,0 days 02:47:17.660000,0 days 00:00:32.778000,0 days 00:00:48.537000,0 days 00:01:04.378000,0 days 02:45:31.262000,0 days 02:46:19.799000,0 days 02:47:24.177000,187.0,109.0,,245.0,False,MEDIUM,9.0,True,Aston Martin,0 days 02:44:38.838000,,124,17.0,,,False,False
0 days 02:49:44.914000,ALO,14,NaT,10.0,2.0,0 days 02:47:45.934000,NaT,0 days 00:00:55.368000,0 days 00:00:48.309000,0 days 00:00:56.765000,0 days 02:48:19.642000,0 days 02:49:07.853000,0 days 02:50:04.749000,230.0,115.0,250.0,161.0,False,HARD,1.0,True,Aston Martin,0 days 02:47:04.531000,,4,17.0,,,False,False
0 days 02:51:38.215000,ALO,14,0 days 00:01:53.301000,11.0,2.0,NaT,NaT,0 days 00:00:29.417000,0 days 00:00:39.072000,0 days 00:00:44.812000,0 days 02:50:33.977000,0 days 02:51:13.049000,0 days 02:51:57.861000,266.0,130.0,256.0,264.0,True,HARD,2.0,True,Aston Martin,0 days 02:49:44.914000,,4,17.0,,,False,False
0 days 02:53:30.287000,ALO,14,0 days 00:01:52.072000,12.0,2.0,NaT,NaT,0 days 00:00:27.451000,0 days 00:00:36.816000,0 days 00:00:47.805000,0 days 02:52:25.312000,0 days 02:53:02.128000,0 days 02:53:49.933000,267.0,130.0,259.0,200.0,True,HARD,3.0,True,Aston Martin,0 days 02:51:38.215000,,41,17.0,,,False,False
0 days 02:55:21.844000,ALO,14,0 days 00:01:51.557000,13.0,2.0,NaT,NaT,0 days 00:00:28.689000,0 days 00:00:38.449000,0 days 00:00:44.419000,0 days 02:54:18.622000,0 days 02:54:57.071000,0 days 02:55:41.490000,275.0,130.0,262.0,291.0,True,HARD,4.0,True,Aston Martin,0 days 02:53:30.287000,,12,16.0,,,False,True
0 days 02:57:09.716000,ALO,14,0 days 00:01:47.872000,14.0,2.0,NaT,NaT,0 days 00:00:27.620000,0 days 00:00:36.496000,0 days 00:00:43.756000,0 days 02:56:09.110000,0 days 02:56:45.606000,0 days 02:57:29.362000,273.0,132.0,263.0,274.0,True,HARD,5.0,True,Aston Martin,0 days 02:55:21.844000,,1,15.0,,,False,True
0 days 02:58:56.335000,ALO,14,0 days 00:01:46.619000,15.0,2.0,NaT,NaT,0 days 00:00:27.540000,0 days 00:00:37.060000,0 days 00:00:42.019000,0 days 02:57:56.902000,0 days 02:58:33.962000,0 days 02:59:15.981000,280.0,134.0,281.0,305.0,True,HARD,6.0,True,Aston Martin,0 days 02:57:09.716000,,12,14.0,,,False,True
0 days 03:00:41.288000,ALO,14,0 days 00:01:44.953000,16.0,2.0,NaT,NaT,0 days 00:00:26.869000,0 days 00:00:36.147000,0 days 00:00:41.937000,0 days 02:59:42.850000,0 days 03:00:18.997000,0 days 03:01:00.934000,295.0,135.0,280.0,303.0,True,HARD,7.0,True,Aston Martin,0 days 02:58:56.335000,,21,13.0,,,False,True
0 days 03:02:24.914000,ALO,14,0 days 00:01:43.626000,17.0,2.0,NaT,NaT,0 days 00:00:26.307000,0 days 00:00:35.094000,0 days 00:00:42.225000,0 days 03:01:27.241000,0 days 03:02:02.335000,0 days 03:02:44.560000,272.0,134.0,280.0,296.0,True,HARD,8.0,True,Aston Martin,0 days 03:00:41.288000,,1,13.0,,,False,True
0 days 03:04:08.143000,ALO,14,0 days 00:01:43.229000,18.0,2.0,NaT,NaT,0 days 00:00:26.514000,0 days 00:00:34.959000,0 days 00:00:41.756000,0 days 03:03:11.074000,0 days 03:03:46.033000,0 days 03:04:27.789000,270.0,134.0,280.0,293.0,True,HARD,9.0,True,Aston Martin,0 days 03:02:24.914000,,1,13.0,,,False,True
0 days 03:05:51.267000,ALO,14,0 days 00:01:43.124000,19.0,2.0,NaT,NaT,0 days 00:00:26.163000,0 days 00:00:34.954000,0 days 00:00:42.007000,0 days 03:04:53.952000,0 days 03:05:28.906000,0 days 03:06:10.913000,270.0,134.0,279.0,289.0,True,HARD,10.0,True,Aston Martin,0 days 03:04:08.143000,,1,13.0,,,False,True
0 days 03:07:34.506000,ALO,14,0 days 00:01:43.239000,20.0,2.0,NaT,NaT,0 days 00:00:26.221000,0 days 00:00:35.106000,0 days 00:00:41.912000,0 days 03:06:37.134000,0 days 03:07:12.240000,0 days 03:07:54.152000,271.0,135.0,280.0,293.0,False,HARD,11.0,True,Aston Martin,0 days 03:05:51.267000,,1,13.0,,,False,True
0 days 03:09:17.772000,ALO,14,0 days 00:01:43.266000,21.0,2.0,NaT,NaT,0 days 00:00:26.249000,0 days 00:00:35.030000,0 days 00:00:41.987000,0 days 03:08:20.401000,0 days 03:08:55.431000,0 days 03:09:37.418000,269.0,134.0,281.0,291.0,False,HARD,12.0,True,Aston Martin,0 days 03:07:34.506000,,1,13.0,,,False,True
0 days 03:11:01.166000,ALO,14,0 days 00:01:43.394000,22.0,2.0,NaT,NaT,0 days 00:00:26.191000,0 days 00:00:35.214000,0 days 00:00:41.989000,0 days 03:10:03.609000,0 days 03:10:38.823000,0 days 03:11:20.812000,272.0,133.0,282.0,295.0,False,HARD,13.0,True,Aston Martin,0 days 03:09:17.772000,,1,13.0,,,False,True
0 days 03:12:44.526000,ALO,14,0 days 00:01:43.360000,23.0,2.0,NaT,NaT,0 days 00:00:26.215000,0 days 00:00:35.206000,0 days 00:00:41.939000,0 days 03:11:47.027000,0 days 03:12:22.233000,0 days 03:13:04.172000,271.0,134.0,283.0,297.0,False,HARD,14.0,True,Aston Martin,0 days 03:11:01.166000,,1,13.0,,,False,True
0 days 03:14:28.002000,ALO,14,0 days 00:01:43.476000,24.0,2.0,NaT,NaT,0 days 00:00:26.160000,0 days 00:00:35.298000,0 days 00:00:42.018000,0 days 03:13:30.332000,0 days 03:14:05.630000,0 days 03:14:47.648000,273.0,134.0,282.0,296.0,False,HARD,15.0,True,Aston Martin,0 days 03:12:44.526000,,1,13.0,,,False,True
0 days 03:16:11.817000,ALO,14,0 days 00:01:43.815000,25.0,2.0,NaT,NaT,0 days 00:00:26.181000,0 days 00:00:35.456000,0 days 00:00:42.178000,0 days 03:15:13.829000,0 days 03:15:49.285000,0 days 03:16:31.463000,273.0,134.0,281.0,293.0,False,HARD,16.0,True,Aston Martin,0 days 03:14:28.002000,,1,13.0,,,False,True
0 days 03:17:55.409000,ALO,14,0 days 00:01:43.592000,26.0,2.0,NaT,NaT,0 days 00:00:26.185000,0 days 00:00:35.402000,0 days 00:00:42.005000,0 days 03:16:57.648000,0 days 03:17:33.050000,0 days 03:18:15.055000,272.0,133.0,283.0,299.0,False,HARD,17.0,True,Aston Martin,0 days 03:16:11.817000,,1,13.0,,,False,True
0 days 03:19:39.009000,ALO,14,0 days 00:01:43.600000,27.0,2.0,NaT,NaT,0 days 00:00:26.153000,0 days 00:00:35.500000,0 days 00:00:41.947000,0 days 03:18:41.208000,0 days 03:19:16.708000,0 days 03:19:58.655000,274.0,133.0,283.0,312.0,False,HARD,18.0,True,Aston Martin,0 days 03:17:55.409000,,1,13.0,,,False,True
0 days 03:21:22.822000,ALO,14,0 days 00:01:43.813000,28.0,2.0,NaT,NaT,0 days 00:00:26.274000,0 days 00:00:35.534000,0 days 00:00:42.005000,0 days 03:20:24.929000,0 days 03:21:00.463000,0 days 03:21:42.468000,277.0,133.0,281.0,304.0,False,HARD,19.0,True,Aston Martin,0 days 03:19:39.009000,,1,11.0,,,False,True
0 days 03:23:06.681000,ALO,14,0 days 00:01:43.859000,29.0,2.0,NaT,NaT,0 days 00:00:26.492000,0 days 00:00:35.285000,0 days 00:00:42.082000,0 days 03:22:08.960000,0 days 03:22:44.245000,0 days 03:23:26.327000,271.0,135.0,281.0,295.0,False,HARD,20.0,True,Aston Martin,0 days 03:21:22.822000,,1,11.0,,,False,True
0 days 03:24:50.610000,ALO,14,0 days 00:01:43.929000,30.0,2.0,NaT,NaT,0 days 00:00:26.458000,0 days 00:00:35.295000,0 days 00:00:42.176000,0 days 03:23:52.785000,0 days 03:24:28.080000,0 days 03:25:10.256000,271.0,134.0,281.0,294.0,False,HARD,21.0,True,Aston Martin,0 days 03:23:06.681000,,1,10.0,,,False,True
0 days 03:26:40.224000,ALO,14,0 days 00:01:49.614000,31.0,2.0,NaT,0 days 03:26:53.542000,0 days 00:00:26.339000,0 days 00:00:35.230000,0 days 00:00:48.045000,0 days 03:25:36.595000,0 days 03:26:11.825000,0 days 03:26:59.870000,272.0,133.0,,297.0,False,HARD,22.0,True,Aston Martin,0 days 03:24:50.610000,,1,9.0,,,False,False
0 days 03:28:41.190000,ALO,14,0 days 00:02:00.966000,32.0,3.0,0 days 03:27:21.033000,NaT,0 days 00:00:45.496000,0 days 00:00:34.402000,0 days 00:00:41.068000,0 days 03:27:45.366000,0 days 03:28:19.768000,0 days 03:29:00.836000,266.0,137.0,283.0,295.0,False,None,,False,Aston Martin,0 days 03:26:40.224000,,1,13.0,,,False,False
0 days 03:30:22.473000,ALO,14,0 days 00:01:41.283000,33.0,3.0,NaT,NaT,0 days 00:00:25.813000,0 days 00:00:34.466000,0 days 00:00:41.004000,0 days 03:29:26.649000,0 days 03:30:01.115000,0 days 03:30:42.119000,272.0,140.0,285.0,298.0,True,None,,False,Aston Martin,0 days 03:28:41.190000,,1,12.0,,,False,True
0 days 03:32:04.322000,ALO,14,0 days 00:01:41.849000,34.0,3.0,NaT,NaT,0 days 00:00:25.897000,0 days 00:00:34.623000,0 days 00:00:41.329000,0 days 03:31:08.016000,0 days 03:31:42.639000,0 days 03:32:23.968000,273.0,139.0,286.0,301.0,False,None,,False,Aston Martin,0 days 03:30:22.473000,,1,12.0,,,False,True
0 days 03:33:46.083000,ALO,14,0 days 00:01:41.761000,35.0,3.0,NaT,NaT,0 days 00:00:25.321000,0 days 00:00:34.845000,0 days 00:00:41.595000,0 days 03:32:49.289000,0 days 03:33:24.134000,0 days 03:34:05.729000,311.0,137.0,286.0,300.0,False,None,,False,Aston Martin,0 days 03:32:04.322000,,1,11.0,,,False,True
0 days 03:35:28.479000,ALO,14,0 days 00:01:42.396000,36.0,3.0,NaT,NaT,0 days 00:00:25.584000,0 days 00:00:35.208000,0 days 00:00:41.604000,0 days 03:34:31.313000,0 days 03:35:06.521000,0 days 03:35:48.125000,302.0,133.0,281.0,301.0,False,None,,False,Aston Martin,0 days 03:33:46.083000,,1,10.0,,,False,True
0 days 03:37:11.179000,ALO,14,0 days 00:01:42.700000,37.0,3.0,NaT,NaT,0 days 00:00:26.214000,0 days 00:00:34.849000,0 days 00:00:41.637000,0 days 03:36:14.339000,0 days 03:36:49.188000,0 days 03:37:30.825000,272.0,137.0,285.0,297.0,False,None,,False,Aston Martin,0 days 03:35:28.479000,,1,11.0,,,False,True
0 days 03:38:53.899000,ALO,14,0 days 00:01:42.720000,38.0,3.0,NaT,NaT,0 days 00:00:26.040000,0 days 00:00:35.048000,0 days 00:00:41.632000,0 days 03:37:56.865000,0 days 03:38:31.913000,0 days 03:39:13.545000,271.0,136.0,285.0,303.0,False,None,,False,Aston Martin,0 days 03:37:11.179000,,1,11.0,,,False,True
0 days 03:40:36.690000,ALO,14,0 days 00:01:42.791000,39.0,3.0,NaT,NaT,0 days 00:00:25.598000,0 days 00:00:35.577000,0 days 00:00:41.616000,0 days 03:39:39.143000,0 days 03:40:14.720000,0 days 03:40:56.336000,299.0,136.0,287.0,304.0,False,None,,False,Aston Martin,0 days 03:38:53.899000,,1,11.0,,,False,True
0 days 03:42:19.114000,ALO,14,0 days 00:01:42.424000,40.0,3.0,NaT,NaT,0 days 00:00:26.030000,0 days 00:00:34.700000,0 days 00:00:41.694000,0 days 03:41:22.366000,0 days 03:41:57.066000,0 days 03:42:38.760000,282.0,136.0,280.0,292.0,False,None,,False,Aston Martin,0 days 03:40:36.690000,,1,10.0,,,False,True
0 days 03:44:02.006000,ALO,14,0 days 00:01:42.892000,41.0,3.0,NaT,NaT,0 days 00:00:26.289000,0 days 00:00:34.843000,0 days 00:00:41.760000,0 days 03:43:05.049000,0 days 03:43:39.892000,0 days 03:44:21.652000,268.0,135.0,281.0,289.0,False,None,,False,Aston Martin,0 days 03:42:19.114000,,1,10.0,,,False,True
0 days 03:45:44.909000,ALO,14,0 days 00:01:42.903000,42.0,3.0,NaT,NaT,0 days 00:00:26.208000,0 days 00:00:34.725000,0 days 00:00:41.970000,0 days 03:44:47.860000,0 days 03:45:22.585000,0 days 03:46:04.555000,269.0,136.0,223.0,290.0,False,None,,False,Aston Martin,0 days 03:44:02.006000,,1,10.0,,,False,True
0 days 03:47:59.835000,ALO,14,0 days 00:02:14.926000,43.0,3.0,NaT,NaT,0 days 00:00:35.837000,0 days 00:00:47.063000,0 days 00:00:52.026000,0 days 03:46:40.392000,0 days 03:47:27.455000,0 days 03:48:19.481000,228.0,102.0,161.0,233.0,False,None,,False,Aston Martin,0 days 03:45:44.909000,,126,10.0,,,False,False
0 days 03:50:14.442000,ALO,14,0 days 00:02:14.607000,44.0,3.0,NaT,NaT,0 days 00:00:37.114000,0 days 00:00:42.010000,0 days 00:00:55.483000,0 days 03:48:56.595000,0 days 03:49:38.605000,0 days 03:50:34.088000,230.0,85.0,213.0,242.0,False,None,,False,Aston Martin,0 days 03:47:59.835000,,6,9.0,,,False,False
0 days 03:52:33.685000,ALO,14,0 days 00:02:19.243000,45.0,3.0,NaT,0 days 03:52:46.981000,0 days 00:00:36.865000,0 days 00:00:42.138000,0 days 00:01:00.240000,0 days 03:51:10.953000,0 days 03:51:53.091000,0 days 03:52:53.331000,229.0,102.0,,270.0,False,None,,False,Aston Martin,0 days 03:50:14.442000,,64,9.0,,,False,False
0 days 03:55:04.748000,ALO,14,NaT,46.0,4.0,0 days 03:53:14.669000,NaT,0 days 00:00:54.992000,0 days 00:00:43.252000,0 days 00:00:52.755000,0 days 03:53:48.475000,0 days 03:54:31.803000,0 days 03:55:24.533000,227.0,112.0,237.0,239.0,False,SOFT,,False,Aston Martin,0 days 03:52:33.685000,,4,10.0,,,False,False
0 days 03:56:57.061000,ALO,14,0 days 00:01:52.313000,47.0,4.0,NaT,NaT,0 days 00:00:28.541000,0 days 00:00:37.452000,0 days 00:00:46.320000,0 days 03:55:52.935000,0 days 03:56:30.387000,0 days 03:57:16.707000,269.0,119.0,274.0,283.0,False,SOFT,,False,Aston Martin,0 days 03:55:04.748000,,4,10.0,,,False,False
0 days 03:59:02.488000,ALO,14,0 days 00:02:05.427000,48.0,4.0,NaT,NaT,0 days 00:00:28.781000,0 days 00:00:39.816000,0 days 00:00:56.830000,0 days 03:57:45.488000,0 days 03:58:25.304000,0 days 03:59:22.134000,271.0,120.0,213.0,229.0,False,SOFT,,False,Aston Martin,0 days 03:56:57.061000,,4,9.0,,,False,False
0 days 04:01:29.034000,ALO,14,0 days 00:02:26.546000,49.0,4.0,NaT,NaT,0 days 00:00:37.694000,0 days 00:00:50.128000,0 days 00:00:58.724000,0 days 03:59:59.828000,0 days 04:00:49.956000,0 days 04:01:48.680000,220.0,80.0,214.0,231.0,False,SOFT,,False,Aston Martin,0 days 03:59:02.488000,,4,9.0,,,False,False
0 days 04:03:51.104000,ALO,14,0 days 00:02:22.070000,50.0,4.0,NaT,NaT,0 days 00:00:32.963000,0 days 00:00:49.778000,0 days 00:00:59.329000,0 days 04:02:21.643000,0 days 04:03:11.421000,0 days 04:04:10.750000,243.0,94.0,167.0,246.0,False,SOFT,,False,Aston Martin,0 days 04:01:29.034000,,4,7.0,,,False,False
0 days 04:06:26.342000,ALO,14,NaT,51.0,4.0,NaT,NaT,0 days 00:00:40.308000,0 days 00:00:51.829000,0 days 00:01:03.090000,0 days 04:04:51.105000,0 days 04:05:42.918000,0 days 04:06:46.043000,222.0,116.0,292.0,273.0,False,SOFT,,False,Aston Martin,0 days 04:03:51.104000,,41,7.0,,,False,False
0 days 04:08:07.968000,ALO,14,0 days 00:01:41.626000,52.0,4.0,NaT,NaT,0 days 00:00:26.013000,0 days 00:00:34.765000,0 days 00:00:40.848000,0 days 04:07:12.001000,0 days 04:07:46.766000,0 days 04:08:27.614000,274.0,137.0,288.0,302.0,False,SOFT,,False,Aston Martin,0 days 04:06:26.342000,,1,7.0,,,False,True
0 days 04:09:48.713000,ALO,14,0 days 00:01:40.745000,53.0,4.0,NaT,NaT,0 days 00:00:25.614000,0 days 00:00:34.354000,0 days 00:00:40.777000,0 days 04:08:53.228000,0 days 04:09:27.582000,0 days 04:10:08.359000,276.0,135.0,288.0,300.0,True,SOFT,,False,Aston Martin,0 days 04:08:07.968000,,1,7.0,,,False,True
0 days 04:11:29.066000,ALO,14,0 days 00:01:40.353000,54.0,4.0,NaT,NaT,0 days 00:00:25.593000,0 days 00:00:33.997000,0 days 00:00:40.763000,0 days 04:10:33.952000,0 days 04:11:07.949000,0 days 04:11:48.712000,276.0,139.0,287.0,303.0,True,SOFT,,False,Aston Martin,0 days 04:09:48.713000,,1,7.0,,,False,True
0 days 04:13:09.625000,ALO,14,0 days 00:01:40.559000,55.0,4.0,NaT,NaT,0 days 00:00:25.528000,0 days 00:00:34.155000,0 days 00:00:40.876000,0 days 04:12:14.240000,0 days 04:12:48.395000,0 days 04:13:29.271000,275.0,138.0,288.0,320.0,False,SOFT,,False,Aston Martin,0 days 04:11:29.066000,,1,7.0,,,False,True
0 days 02:28:40.348000,LEC,16,0 days 00:02:39.318000,1.0,1.0,NaT,NaT,NaT,0 days 00:00:50.252000,0 days 00:01:00.756000,NaT,0 days 02:27:39.592000,0 days 02:28:40.465000,194.0,98.0,234.0,221.0,False,SOFT,1.0,True,Ferrari,0 days 02:26:00.700000,,1,9.0,,,False,False
0 days 02:32:34.575000,LEC,16,NaT,2.0,1.0,NaT,NaT,0 days 00:00:38.162000,0 days 00:00:52.576000,NaT,0 days 02:29:18.601000,0 days 02:30:11.140000,NaT,189.0,92.0,48.0,220.0,False,SOFT,2.0,True,Ferrari,0 days 02:28:40.348000,,12,22.0,,,False,False
0 days 02:35:08.777000,LEC,16,NaT,3.0,1.0,NaT,0 days 02:35:02.185000,0 days 00:00:36.190000,0 days 00:00:49.621000,0 days 00:01:08.616000,0 days 02:33:10.635000,0 days 02:34:00.260000,0 days 02:35:08.920000,219.0,96.0,,236.0,False,SOFT,3.0,True,Ferrari,0 days 02:32:34.575000,,1,22.0,,,False,False
0 days 02:37:28.540000,LEC,16,0 days 00:02:19.763000,4.0,2.0,0 days 02:35:40.286000,NaT,0 days 00:00:57.652000,0 days 00:00:37.604000,0 days 00:00:44.507000,0 days 02:36:06.429000,0 days 02:36:44.033000,0 days 02:37:28.540000,274.0,126.0,261.0,285.0,False,INTERMEDIATE,1.0,True,Ferrari,0 days 02:35:08.777000,,1,22.0,,,False,False
0 days 02:39:19.399000,LEC,16,0 days 00:01:50.859000,5.0,2.0,NaT,NaT,0 days 00:00:27.869000,0 days 00:00:37.449000,0 days 00:00:45.541000,0 days 02:37:56.409000,0 days 02:38:33.858000,0 days 02:39:19.399000,263.0,123.0,258.0,287.0,True,INTERMEDIATE,2.0,True,Ferrari,0 days 02:37:28.540000,,12,22.0,,,False,True
0 days 02:41:09.992000,LEC,16,0 days 00:01:50.593000,6.0,2.0,NaT,NaT,0 days 00:00:27.756000,0 days 00:00:37.855000,0 days 00:00:44.982000,0 days 02:39:47.155000,0 days 02:40:25.010000,0 days 02:41:09.992000,260.0,123.0,259.0,286.0,True,INTERMEDIATE,3.0,True,Ferrari,0 days 02:39:19.399000,,1,21.0,,,False,True
0 days 02:43:01.821000,LEC,16,0 days 00:01:51.829000,7.0,2.0,NaT,NaT,0 days 00:00:27.878000,0 days 00:00:38.484000,0 days 00:00:45.467000,0 days 02:41:37.870000,0 days 02:42:16.354000,0 days 02:43:01.821000,256.0,122.0,257.0,265.0,False,INTERMEDIATE,4.0,True,Ferrari,0 days 02:41:09.992000,,12,20.0,,,False,True
0 days 02:44:53.350000,LEC,16,0 days 00:01:51.529000,8.0,2.0,NaT,NaT,0 days 00:00:28.023000,0 days 00:00:37.836000,0 days 00:00:45.670000,0 days 02:43:29.844000,0 days 02:44:07.680000,0 days 02:44:53.350000,258.0,122.0,257.0,284.0,False,INTERMEDIATE,5.0,True,Ferrari,0 days 02:43:01.821000,,1,18.0,,,False,True
0 days 02:47:16.446000,LEC,16,0 days 00:02:23.096000,9.0,2.0,NaT,0 days 02:47:10.019000,0 days 00:00:29.545000,0 days 00:00:48.368000,0 days 00:01:05.183000,0 days 02:45:22.895000,0 days 02:46:11.263000,0 days 02:47:16.446000,123.0,103.0,,164.0,False,INTERMEDIATE,6.0,True,Ferrari,0 days 02:44:53.350000,,124,18.0,,,False,False
0 days 02:49:57.446000,LEC,16,NaT,10.0,3.0,0 days 02:47:38.653000,NaT,0 days 00:00:55.463000,0 days 00:00:47.712000,0 days 00:00:57.860000,0 days 02:48:12.038000,0 days 02:48:59.806000,0 days 02:49:57.593000,203.0,124.0,251.0,238.0,False,SOFT,1.0,True,Ferrari,0 days 02:47:16.446000,,4,19.0,,,False,False
0 days 02:51:53.951000,LEC,16,0 days 00:01:56.505000,11.0,3.0,NaT,NaT,0 days 00:00:30.081000,0 days 00:00:40.108000,0 days 00:00:46.316000,0 days 02:50:27.527000,0 days 02:51:07.635000,0 days 02:51:53.951000,246.0,123.0,259.0,243.0,False,SOFT,2.0,True,Ferrari,0 days 02:49:57.446000,,4,18.0,,,False,False
0 days 02:53:49.210000,LEC,16,0 days 00:01:55.259000,12.0,3.0,NaT,NaT,0 days 00:00:28.049000,0 days 00:00:36.846000,0 days 00:00:50.364000,0 days 02:52:22,0 days 02:52:58.846000,0 days 02:53:49.210000,221.0,133.0,264.0,200.0,False,SOFT,3.0,True,Ferrari,0 days 02:51:53.951000,,41,19.0,,,False,False
0 days 02:55:40.602000,LEC,16,0 days 00:01:51.392000,13.0,3.0,NaT,NaT,0 days 00:00:28.415000,0 days 00:00:38.931000,0 days 00:00:44.046000,0 days 02:54:17.625000,0 days 02:54:56.556000,0 days 02:55:40.602000,260.0,129.0,264.0,290.0,False,SOFT,4.0,True,Ferrari,0 days 02:53:49.210000,,12,20.0,,,False,True
0 days 02:57:27.957000,LEC,16,0 days 00:01:47.355000,14.0,3.0,NaT,NaT,0 days 00:00:27.304000,0 days 00:00:36.458000,0 days 00:00:43.593000,0 days 02:56:07.906000,0 days 02:56:44.364000,0 days 02:57:27.957000,278.0,133.0,267.0,285.0,True,SOFT,5.0,True,Ferrari,0 days 02:55:40.602000,,1,20.0,,,False,True
0 days 02:59:12.883000,LEC,16,0 days 00:01:44.926000,15.0,3.0,NaT,NaT,0 days 00:00:26.852000,0 days 00:00:36.267000,0 days 00:00:41.807000,0 days 02:57:54.809000,0 days 02:58:31.076000,0 days 02:59:12.883000,273.0,135.0,290.0,311.0,True,SOFT,6.0,True,Ferrari,0 days 02:57:27.957000,,12,20.0,,,False,True
0 days 03:00:54.906000,LEC,16,0 days 00:01:42.023000,16.0,3.0,NaT,NaT,0 days 00:00:26.013000,0 days 00:00:34.940000,0 days 00:00:41.070000,0 days 02:59:38.896000,0 days 03:00:13.836000,0 days 03:00:54.906000,271.0,131.0,285.0,313.0,True,SOFT,7.0,True,Ferrari,0 days 02:59:12.883000,,21,19.0,,,False,True
0 days 03:02:36.802000,LEC,16,0 days 00:01:41.896000,17.0,3.0,NaT,NaT,0 days 00:00:26.061000,0 days 00:00:34.732000,0 days 00:00:41.103000,0 days 03:01:20.967000,0 days 03:01:55.699000,0 days 03:02:36.802000,276.0,131.0,285.0,315.0,True,SOFT,8.0,True,Ferrari,0 days 03:00:54.906000,,1,18.0,,,False,True
0 days 03:04:18.940000,LEC,16,0 days 00:01:42.138000,18.0,3.0,NaT,NaT,0 days 00:00:25.890000,0 days 00:00:34.817000,0 days 00:00:41.431000,0 days 03:03:02.692000,0 days 03:03:37.509000,0 days 03:04:18.940000,282.0,129.0,283.0,323.0,False,SOFT,9.0,True,Ferrari,0 days 03:02:36.802000,,1,17.0,,,False,True
0 days 03:06:02.087000,LEC,16,0 days 00:01:43.147000,19.0,3.0,NaT,NaT,0 days 00:00:25.826000,0 days 00:00:35.730000,0 days 00:00:41.591000,0 days 03:04:44.766000,0 days 03:05:20.496000,0 days 03:06:02.087000,309.0,129.0,287.0,313.0,False,SOFT,10.0,True,Ferrari,0 days 03:04:18.940000,,1,17.0,,,False,True
0 days 03:07:45.564000,LEC,16,0 days 00:01:43.477000,20.0,3.0,NaT,NaT,0 days 00:00:26.345000,0 days 00:00:35.127000,0 days 00:00:42.005000,0 days 03:06:28.432000,0 days 03:07:03.559000,0 days 03:07:45.564000,277.0,131.0,289.0,324.0,False,SOFT,11.0,True,Ferrari,0 days 03:06:02.087000,,1,17.0,,,False,True
0 days 03:09:28.964000,LEC,16,0 days 00:01:43.400000,21.0,3.0,NaT,NaT,0 days 00:00:25.749000,0 days 00:00:35.681000,0 days 00:00:41.970000,0 days 03:08:11.313000,0 days 03:08:46.994000,0 days 03:09:28.964000,293.0,130.0,287.0,312.0,False,SOFT,12.0,True,Ferrari,0 days 03:07:45.564000,,1,17.0,,,False,True
0 days 03:11:12.849000,LEC,16,0 days 00:01:43.885000,22.0,3.0,NaT,NaT,0 days 00:00:26.060000,0 days 00:00:35.503000,0 days 00:00:42.322000,0 days 03:09:55.024000,0 days 03:10:30.527000,0 days 03:11:12.849000,279.0,131.0,287.0,313.0,False,SOFT,13.0,True,Ferrari,0 days 03:09:28.964000,,1,17.0,,,False,True
0 days 03:12:55.865000,LEC,16,0 days 00:01:43.016000,23.0,3.0,NaT,NaT,0 days 00:00:25.944000,0 days 00:00:35.179000,0 days 00:00:41.893000,0 days 03:11:38.793000,0 days 03:12:13.972000,0 days 03:12:55.865000,274.0,128.0,285.0,307.0,False,SOFT,14.0,True,Ferrari,0 days 03:11:12.849000,,1,17.0,,,False,True
0 days 03:14:38.772000,LEC,16,0 days 00:01:42.907000,24.0,3.0,NaT,NaT,0 days 00:00:25.817000,0 days 00:00:35.287000,0 days 00:00:41.803000,0 days 03:13:21.682000,0 days 03:13:56.969000,0 days 03:14:38.772000,291.0,129.0,288.0,311.0,False,SOFT,15.0,True,Ferrari,0 days 03:12:55.865000,,1,16.0,,,False,True
0 days 03:16:21.939000,LEC,16,0 days 00:01:43.167000,25.0,3.0,NaT,NaT,0 days 00:00:26.172000,0 days 00:00:35.185000,0 days 00:00:41.810000,0 days 03:15:04.944000,0 days 03:15:40.129000,0 days 03:16:21.939000,267.0,129.0,288.0,318.0,False,SOFT,16.0,True,Ferrari,0 days 03:14:38.772000,,1,15.0,,,False,True
0 days 03:18:05.255000,LEC,16,0 days 00:01:43.316000,26.0,3.0,NaT,NaT,0 days 00:00:26.077000,0 days 00:00:35.295000,0 days 00:00:41.944000,0 days 03:16:48.016000,0 days 03:17:23.311000,0 days 03:18:05.255000,281.0,128.0,285.0,318.0,False,SOFT,17.0,True,Ferrari,0 days 03:16:21.939000,,1,14.0,,,False,True
0 days 03:19:49.219000,LEC,16,0 days 00:01:43.964000,27.0,3.0,NaT,NaT,0 days 00:00:26.053000,0 days 00:00:35.689000,0 days 00:00:42.222000,0 days 03:18:31.308000,0 days 03:19:06.997000,0 days 03:19:49.219000,299.0,130.0,288.0,313.0,False,SOFT,18.0,True,Ferrari,0 days 03:18:05.255000,,1,14.0,,,False,True
0 days 03:21:39.173000,LEC,16,0 days 00:01:49.954000,28.0,3.0,NaT,0 days 03:21:32.744000,0 days 00:00:26.068000,0 days 00:00:34.925000,0 days 00:00:48.961000,0 days 03:20:15.287000,0 days 03:20:50.212000,0 days 03:21:39.173000,280.0,127.0,,309.0,False,SOFT,19.0,True,Ferrari,0 days 03:19:49.219000,,1,15.0,,,False,False
0 days 03:23:40.616000,LEC,16,0 days 00:02:01.443000,29.0,4.0,0 days 03:22:00.619000,NaT,0 days 00:00:46.321000,0 days 00:00:34.360000,0 days 00:00:40.762000,0 days 03:22:25.494000,0 days 03:22:59.854000,0 days 03:23:40.616000,279.0,132.0,287.0,314.0,False,None,4.0,False,Ferrari,0 days 03:21:39.173000,,1,19.0,,,False,False
0 days 03:25:22.420000,LEC,16,0 days 00:01:41.804000,30.0,4.0,NaT,NaT,0 days 00:00:25.852000,0 days 00:00:34.853000,0 days 00:00:41.099000,0 days 03:24:06.468000,0 days 03:24:41.321000,0 days 03:25:22.420000,282.0,132.0,283.0,296.0,True,None,5.0,False,Ferrari,0 days 03:23:40.616000,,1,18.0,,,False,True
0 days 03:27:03.326000,LEC,16,0 days 00:01:40.906000,31.0,4.0,NaT,NaT,0 days 00:00:25.965000,0 days 00:00:34.033000,0 days 00:00:40.908000,0 days 03:25:48.385000,0 days 03:26:22.418000,0 days 03:27:03.326000,271.0,132.0,282.0,301.0,True,None,6.0,False,Ferrari,0 days 03:25:22.420000,,1,16.0,,,False,True
0 days 03:28:44.590000,LEC,16,0 days 00:01:41.264000,32.0,4.0,NaT,NaT,0 days 00:00:25.910000,0 days 00:00:34.273000,0 days 00:00:41.081000,0 days 03:27:29.236000,0 days 03:28:03.509000,0 days 03:28:44.590000,271.0,130.0,282.0,301.0,False,None,7.0,False,Ferrari,0 days 03:27:03.326000,,1,14.0,,,False,True
0 days 03:30:25.630000,LEC,16,0 days 00:01:41.040000,33.0,4.0,NaT,NaT,0 days 00:00:25.782000,0 days 00:00:34.023000,0 days 00:00:41.235000,0 days 03:29:10.372000,0 days 03:29:44.395000,0 days 03:30:25.630000,274.0,132.0,282.0,294.0,False,None,8.0,False,Ferrari,0 days 03:28:44.590000,,1,14.0,,,False,True
0 days 03:32:06.958000,LEC,16,0 days 00:01:41.328000,34.0,4.0,NaT,NaT,0 days 00:00:25.908000,0 days 00:00:33.950000,0 days 00:00:41.470000,0 days 03:30:51.538000,0 days 03:31:25.488000,0 days 03:32:06.958000,273.0,131.0,282.0,293.0,False,None,9.0,False,Ferrari,0 days 03:30:25.630000,,1,13.0,,,False,True
0 days 03:33:48.123000,LEC,16,0 days 00:01:41.165000,35.0,4.0,NaT,NaT,0 days 00:00:25.818000,0 days 00:00:34.126000,0 days 00:00:41.221000,0 days 03:32:32.776000,0 days 03:33:06.902000,0 days 03:33:48.123000,274.0,131.0,283.0,301.0,False,None,10.0,False,Ferrari,0 days 03:32:06.958000,,1,13.0,,,False,True
0 days 03:35:29.579000,LEC,16,0 days 00:01:41.456000,36.0,4.0,NaT,NaT,0 days 00:00:26.033000,0 days 00:00:34.146000,0 days 00:00:41.277000,0 days 03:34:14.156000,0 days 03:34:48.302000,0 days 03:35:29.579000,271.0,132.0,283.0,303.0,False,None,11.0,False,Ferrari,0 days 03:33:48.123000,,1,11.0,,,False,True
0 days 03:37:10.978000,LEC,16,0 days 00:01:41.399000,37.0,4.0,NaT,NaT,0 days 00:00:26.088000,0 days 00:00:34.012000,0 days 00:00:41.299000,0 days 03:35:55.667000,0 days 03:36:29.679000,0 days 03:37:10.978000,272.0,130.0,282.0,301.0,False,None,12.0,False,Ferrari,0 days 03:35:29.579000,,1,10.0,,,False,True
0 days 03:38:52.527000,LEC,16,0 days 00:01:41.549000,38.0,4.0,NaT,NaT,0 days 00:00:26.123000,0 days 00:00:34.213000,0 days 00:00:41.213000,0 days 03:37:37.101000,0 days 03:38:11.314000,0 days 03:38:52.527000,272.0,132.0,283.0,305.0,False,None,13.0,False,Ferrari,0 days 03:37:10.978000,,1,9.0,,,False,True
0 days 03:40:33.982000,LEC,16,0 days 00:01:41.455000,39.0,4.0,NaT,NaT,0 days 00:00:26.070000,0 days 00:00:34.096000,0 days 00:00:41.289000,0 days 03:39:18.597000,0 days 03:39:52.693000,0 days 03:40:33.982000,275.0,130.0,284.0,303.0,False,None,14.0,False,Ferrari,0 days 03:38:52.527000,,1,9.0,,,False,True
0 days 03:42:15.884000,LEC,16,0 days 00:01:41.902000,40.0,4.0,NaT,NaT,0 days 00:00:26.090000,0 days 00:00:34.481000,0 days 00:00:41.331000,0 days 03:41:00.072000,0 days 03:41:34.553000,0 days 03:42:15.884000,276.0,128.0,283.0,305.0,False,None,15.0,False,Ferrari,0 days 03:40:33.982000,,1,9.0,,,False,True
0 days 03:43:57.759000,LEC,16,0 days 00:01:41.875000,41.0,4.0,NaT,NaT,0 days 00:00:26.117000,0 days 00:00:34.204000,0 days 00:00:41.554000,0 days 03:42:42.001000,0 days 03:43:16.205000,0 days 03:43:57.759000,272.0,129.0,283.0,301.0,False,None,16.0,False,Ferrari,0 days 03:42:15.884000,,1,9.0,,,False,True
0 days 03:45:39.524000,LEC,16,0 days 00:01:41.765000,42.0,4.0,NaT,NaT,0 days 00:00:26.144000,0 days 00:00:34.099000,0 days 00:00:41.522000,0 days 03:44:23.903000,0 days 03:44:58.002000,0 days 03:45:39.524000,272.0,130.0,283.0,299.0,False,None,17.0,False,Ferrari,0 days 03:43:57.759000,,1,9.0,,,False,True
0 days 03:47:52.338000,LEC,16,0 days 00:02:12.814000,43.0,4.0,NaT,0 days 03:47:45.996000,0 days 00:00:27.370000,0 days 00:00:45.199000,0 days 00:01:00.245000,0 days 03:46:06.894000,0 days 03:46:52.093000,0 days 03:47:52.338000,170.0,103.0,,255.0,False,None,18.0,False,Ferrari,0 days 03:45:39.524000,,126,9.0,,,False,False
0 days 03:50:23.472000,LEC,16,NaT,44.0,5.0,0 days 03:48:14.106000,NaT,0 days 00:00:53.417000,0 days 00:00:42.547000,0 days 00:00:55.123000,0 days 03:48:45.934000,0 days 03:49:28.418000,0 days 03:50:23.590000,250.0,106.0,196.0,241.0,False,SOFT,4.0,False,Ferrari,0 days 03:47:52.338000,,6,11.0,,,False,False
0 days 03:52:37.302000,LEC,16,0 days 00:02:13.830000,45.0,5.0,NaT,NaT,0 days 00:00:36.082000,0 days 00:00:42.594000,0 days 00:00:55.154000,0 days 03:50:59.554000,0 days 03:51:42.148000,0 days 03:52:37.302000,245.0,105.0,133.0,237.0,False,SOFT,5.0,False,Ferrari,0 days 03:50:23.472000,,64,11.0,,,False,False
0 days 03:54:49.959000,LEC,16,0 days 00:02:12.657000,46.0,5.0,NaT,NaT,0 days 00:00:35.975000,0 days 00:00:43.026000,0 days 00:00:53.656000,0 days 03:53:13.277000,0 days 03:53:56.303000,0 days 03:54:49.959000,264.0,129.0,271.0,226.0,False,SOFT,6.0,False,Ferrari,0 days 03:52:37.302000,,4,8.0,,,False,False
0 days 03:56:43.729000,LEC,16,0 days 00:01:53.770000,47.0,5.0,NaT,NaT,0 days 00:00:29.269000,0 days 00:00:36.292000,0 days 00:00:48.209000,0 days 03:55:19.228000,0 days 03:55:55.520000,0 days 03:56:43.729000,266.0,128.0,233.0,249.0,False,SOFT,7.0,False,Ferrari,0 days 03:54:49.959000,,4,9.0,,,False,False
0 days 03:59:13.766000,LEC,16,NaT,48.0,5.0,NaT,NaT,0 days 00:00:37.295000,0 days 00:00:50.329000,0 days 00:01:02.463000,0 days 03:57:21.113000,0 days 03:58:11.426000,0 days 03:59:13.926000,218.0,116.0,220.0,233.0,False,SOFT,8.0,False,Ferrari,0 days 03:56:43.729000,,4,16.0,,,False,False
0 days 04:01:42.071000,LEC,16,0 days 00:02:28.305000,49.0,5.0,NaT,NaT,0 days 00:00:39.787000,0 days 00:00:49.416000,0 days 00:00:59.102000,0 days 03:59:53.553000,0 days 04:00:42.969000,0 days 04:01:42.071000,216.0,108.0,216.0,238.0,False,SOFT,9.0,False,Ferrari,0 days 03:59:13.766000,,4,19.0,,,False,False
0 days 04:04:06.036000,LEC,16,0 days 00:02:23.965000,50.0,5.0,NaT,NaT,0 days 00:00:34.416000,0 days 00:00:50.167000,0 days 00:00:59.382000,0 days 04:02:16.487000,0 days 04:03:06.654000,0 days 04:04:06.036000,185.0,120.0,179.0,240.0,False,SOFT,10.0,False,Ferrari,0 days 04:01:42.071000,,4,18.0,,,False,False
0 days 04:06:44.889000,LEC,16,NaT,51.0,5.0,NaT,NaT,0 days 00:00:39.550000,0 days 00:00:51.717000,0 days 00:01:07.582000,0 days 04:04:45.661000,0 days 04:05:37.440000,0 days 04:06:45.028000,207.0,119.0,289.0,230.0,False,SOFT,11.0,False,Ferrari,0 days 04:04:06.036000,,41,19.0,,,False,False
0 days 04:08:24.499000,LEC,16,0 days 00:01:39.610000,52.0,5.0,NaT,NaT,0 days 00:00:25.515000,0 days 00:00:33.802000,0 days 00:00:40.293000,0 days 04:07:10.404000,0 days 04:07:44.206000,0 days 04:08:24.499000,284.0,132.0,290.0,318.0,True,SOFT,12.0,False,Ferrari,0 days 04:06:44.889000,,1,19.0,,,False,True
0 days 04:10:03.895000,LEC,16,0 days 00:01:39.396000,53.0,5.0,NaT,NaT,0 days 00:00:25.414000,0 days 00:00:33.693000,0 days 00:00:40.289000,0 days 04:08:49.913000,0 days 04:09:23.606000,0 days 04:10:03.895000,284.0,132.0,294.0,315.0,True,SOFT,13.0,False,Ferrari,0 days 04:08:24.499000,,1,19.0,,,False,True
0 days 04:11:43.231000,LEC,16,0 days 00:01:39.336000,54.0,5.0,NaT,NaT,0 days 00:00:25.310000,0 days 00:00:33.485000,0 days 00:00:40.541000,0 days 04:10:29.205000,0 days 04:11:02.690000,0 days 04:11:43.231000,280.0,134.0,288.0,312.0,True,SOFT,14.0,False,Ferrari,0 days 04:10:03.895000,,1,19.0,,,False,True
0 days 04:13:23.039000,LEC,16,0 days 00:01:39.808000,55.0,5.0,NaT,NaT,0 days 00:00:25.498000,0 days 00:00:33.697000,0 days 00:00:40.613000,0 days 04:12:08.729000,0 days 04:12:42.426000,0 days 04:13:23.039000,278.0,133.0,287.0,314.0,False,SOFT,15.0,False,Ferrari,0 days 04:11:43.231000,,1,17.0,,,False,True
0 days 02:28:55.489000,STR,18,0 days 00:03:14.052000,1.0,1.0,NaT,NaT,NaT,0 days 00:00:53.129000,0 days 00:00:59.949000,NaT,0 days 02:28:15.172000,0 days 02:29:15.211000,190.0,97.0,228.0,223.0,False,MEDIUM,1.0,True,Aston Martin,0 days 02:26:00.700000,,1,14.0,,,False,False
0 days 02:31:34.310000,STR,18,NaT,2.0,1.0,NaT,0 days 02:31:47.583000,0 days 00:00:34.750000,0 days 00:00:49.633000,0 days 00:01:14.476000,0 days 02:29:49.865000,0 days 02:30:39.502000,0 days 02:31:53.942000,208.0,101.0,,168.0,False,MEDIUM,2.0,True,Aston Martin,0 days 02:28:55.489000,,12,3.0,,,False,False
0 days 02:34:26.530000,STR,18,NaT,3.0,2.0,0 days 02:32:47.886000,NaT,0 days 00:01:21.585000,0 days 00:00:43.888000,0 days 00:00:46.717000,0 days 02:33:15.697000,0 days 02:33:59.526000,0 days 02:34:46.214000,225.0,119.0,258.0,271.0,False,INTERMEDIATE,1.0,True,Aston Martin,0 days 02:31:34.310000,,1,13.0,,,False,False
0 days 02:36:19.212000,STR,18,0 days 00:01:52.682000,4.0,2.0,NaT,NaT,0 days 00:00:28.093000,0 days 00:00:39.281000,0 days 00:00:45.308000,0 days 02:35:14.255000,0 days 02:35:53.536000,0 days 02:36:38.844000,258.0,128.0,257.0,283.0,True,INTERMEDIATE,2.0,True,Aston Martin,0 days 02:34:26.530000,,1,13.0,,,False,True
0 days 02:38:11.192000,STR,18,0 days 00:01:51.980000,5.0,2.0,NaT,NaT,0 days 00:00:27.824000,0 days 00:00:38.706000,0 days 00:00:45.450000,0 days 02:37:06.668000,0 days 02:37:45.374000,0 days 02:38:30.824000,260.0,129.0,256.0,273.0,True,INTERMEDIATE,3.0,True,Aston Martin,0 days 02:36:19.212000,,1,13.0,,,False,True
0 days 02:40:03.920000,STR,18,0 days 00:01:52.728000,6.0,2.0,NaT,NaT,0 days 00:00:28.010000,0 days 00:00:39.278000,0 days 00:00:45.440000,0 days 02:38:58.834000,0 days 02:39:38.112000,0 days 02:40:23.552000,258.0,125.0,256.0,271.0,False,INTERMEDIATE,4.0,True,Aston Martin,0 days 02:38:11.192000,,12,13.0,,,False,True
0 days 02:41:57.005000,STR,18,0 days 00:01:53.085000,7.0,2.0,NaT,NaT,0 days 00:00:28.288000,0 days 00:00:39.242000,0 days 00:00:45.555000,0 days 02:40:51.840000,0 days 02:41:31.082000,0 days 02:42:16.637000,260.0,125.0,256.0,272.0,False,INTERMEDIATE,5.0,True,Aston Martin,0 days 02:40:03.920000,,1,13.0,,,False,True
0 days 02:43:50.824000,STR,18,0 days 00:01:53.819000,8.0,2.0,NaT,NaT,0 days 00:00:28.307000,0 days 00:00:39.538000,0 days 00:00:45.974000,0 days 02:42:44.944000,0 days 02:43:24.482000,0 days 02:44:10.456000,260.0,124.0,254.0,272.0,False,INTERMEDIATE,6.0,True,Aston Martin,0 days 02:41:57.005000,,12,12.0,,,False,True
0 days 02:46:03.686000,STR,18,0 days 00:02:12.862000,9.0,2.0,NaT,0 days 02:46:16.956000,0 days 00:00:28.544000,0 days 00:00:39.737000,0 days 00:01:04.581000,0 days 02:44:39,0 days 02:45:18.737000,0 days 02:46:23.318000,261.0,111.0,,230.0,False,INTERMEDIATE,7.0,True,Aston Martin,0 days 02:43:50.824000,,124,12.0,,,False,False
0 days 02:48:42.942000,STR,18,NaT,10.0,3.0,0 days 02:46:44.847000,NaT,0 days 00:00:55.586000,0 days 00:00:46.367000,0 days 00:00:57.296000,0 days 02:47:19.004000,0 days 02:48:05.388000,0 days 02:49:02.587000,180.0,111.0,235.0,218.0,False,HARD,1.0,True,Aston Martin,0 days 02:46:03.686000,,4,11.0,,,False,False
0 days 02:50:53.891000,STR,18,0 days 00:02:10.949000,11.0,3.0,NaT,NaT,0 days 00:00:31.549000,0 days 00:00:41.010000,0 days 00:00:58.390000,0 days 02:49:34.123000,0 days 02:50:15.133000,0 days 02:51:13.523000,234.0,113.0,236.0,225.0,False,HARD,2.0,True,Aston Martin,0 days 02:48:42.942000,,4,11.0,,,False,False
0 days 02:53:27.235000,STR,18,NaT,12.0,3.0,NaT,NaT,0 days 00:00:34.356000,0 days 00:00:50.885000,0 days 00:01:08.137000,0 days 02:51:47.889000,0 days 02:52:38.770000,0 days 02:53:46.980000,133.0,117.0,256.0,194.0,False,HARD,3.0,True,Aston Martin,0 days 02:50:53.891000,,41,11.0,,,False,False
0 days 02:55:19.323000,STR,18,0 days 00:01:52.088000,13.0,3.0,NaT,NaT,0 days 00:00:29.486000,0 days 00:00:38.199000,0 days 00:00:44.403000,0 days 02:54:16.353000,0 days 02:54:54.552000,0 days 02:55:38.955000,255.0,133.0,258.0,276.0,False,HARD,4.0,True,Aston Martin,0 days 02:53:27.235000,,12,11.0,,,False,True
0 days 02:57:07.220000,STR,18,0 days 00:01:47.897000,14.0,3.0,NaT,NaT,0 days 00:00:27.546000,0 days 00:00:37.160000,0 days 00:00:43.191000,0 days 02:56:06.501000,0 days 02:56:43.661000,0 days 02:57:26.852000,263.0,132.0,259.0,274.0,True,HARD,5.0,True,Aston Martin,0 days 02:55:19.323000,,1,12.0,,,False,True
0 days 02:58:52.896000,STR,18,0 days 00:01:45.676000,15.0,3.0,NaT,NaT,0 days 00:00:27.816000,0 days 00:00:36.072000,0 days 00:00:41.788000,0 days 02:57:54.668000,0 days 02:58:30.740000,0 days 02:59:12.528000,266.0,132.0,281.0,298.0,True,HARD,6.0,True,Aston Martin,0 days 02:57:07.220000,,12,12.0,,,False,True
0 days 03:00:37.450000,STR,18,0 days 00:01:44.554000,16.0,3.0,NaT,NaT,0 days 00:00:26.967000,0 days 00:00:35.990000,0 days 00:00:41.597000,0 days 02:59:39.495000,0 days 03:00:15.485000,0 days 03:00:57.082000,277.0,134.0,283.0,299.0,True,HARD,7.0,True,Aston Martin,0 days 02:58:52.896000,,21,12.0,,,False,True
0 days 03:02:21.225000,STR,18,0 days 00:01:43.775000,17.0,3.0,NaT,NaT,0 days 00:00:26.295000,0 days 00:00:35.684000,0 days 00:00:41.796000,0 days 03:01:23.377000,0 days 03:01:59.061000,0 days 03:02:40.857000,273.0,132.0,281.0,294.0,True,HARD,8.0,True,Aston Martin,0 days 03:00:37.450000,,1,12.0,,,False,True
0 days 03:04:04.425000,STR,18,0 days 00:01:43.200000,18.0,3.0,NaT,NaT,0 days 00:00:26.245000,0 days 00:00:35.318000,0 days 00:00:41.637000,0 days 03:03:07.102000,0 days 03:03:42.420000,0 days 03:04:24.057000,273.0,135.0,281.0,294.0,True,HARD,9.0,True,Aston Martin,0 days 03:02:21.225000,,1,12.0,,,False,True
0 days 03:05:48.752000,STR,18,0 days 00:01:44.327000,19.0,3.0,NaT,NaT,0 days 00:00:26.250000,0 days 00:00:35.295000,0 days 00:00:42.782000,0 days 03:04:50.307000,0 days 03:05:25.602000,0 days 03:06:08.384000,273.0,133.0,280.0,294.0,False,HARD,10.0,True,Aston Martin,0 days 03:04:04.425000,,1,12.0,,,False,True
0 days 03:07:32.018000,STR,18,0 days 00:01:43.266000,20.0,3.0,NaT,NaT,0 days 00:00:26.174000,0 days 00:00:35.228000,0 days 00:00:41.864000,0 days 03:06:34.558000,0 days 03:07:09.786000,0 days 03:07:51.650000,273.0,130.0,281.0,295.0,False,HARD,11.0,True,Aston Martin,0 days 03:05:48.752000,,1,12.0,,,False,True
0 days 03:09:15.478000,STR,18,0 days 00:01:43.460000,21.0,3.0,NaT,NaT,0 days 00:00:26.231000,0 days 00:00:35.316000,0 days 00:00:41.913000,0 days 03:08:17.881000,0 days 03:08:53.197000,0 days 03:09:35.110000,273.0,133.0,281.0,294.0,False,HARD,12.0,True,Aston Martin,0 days 03:07:32.018000,,1,12.0,,,False,True
0 days 03:10:59.206000,STR,18,0 days 00:01:43.728000,22.0,3.0,NaT,NaT,0 days 00:00:26.238000,0 days 00:00:35.520000,0 days 00:00:41.970000,0 days 03:10:01.348000,0 days 03:10:36.868000,0 days 03:11:18.838000,272.0,131.0,281.0,294.0,False,HARD,13.0,True,Aston Martin,0 days 03:09:15.478000,,1,12.0,,,False,True
0 days 03:12:42.925000,STR,18,0 days 00:01:43.719000,23.0,3.0,NaT,NaT,0 days 00:00:26.201000,0 days 00:00:35.457000,0 days 00:00:42.061000,0 days 03:11:45.039000,0 days 03:12:20.496000,0 days 03:13:02.557000,272.0,134.0,281.0,294.0,False,HARD,14.0,True,Aston Martin,0 days 03:10:59.206000,,1,12.0,,,False,True
0 days 03:14:26.445000,STR,18,0 days 00:01:43.520000,24.0,3.0,NaT,NaT,0 days 00:00:26.201000,0 days 00:00:35.284000,0 days 00:00:42.035000,NaT,0 days 03:14:04.042000,0 days 03:14:46.077000,272.0,133.0,282.0,295.0,False,HARD,15.0,True,Aston Martin,0 days 03:12:42.925000,,1,12.0,,,False,True
0 days 03:16:10.290000,STR,18,0 days 00:01:43.845000,25.0,3.0,NaT,NaT,0 days 00:00:26.257000,0 days 00:00:35.502000,0 days 00:00:42.086000,0 days 03:15:12.334000,0 days 03:15:47.836000,0 days 03:16:29.922000,272.0,132.0,282.0,293.0,False,HARD,16.0,True,Aston Martin,0 days 03:14:26.445000,,1,12.0,,,False,True
0 days 03:17:54.072000,STR,18,0 days 00:01:43.782000,26.0,3.0,NaT,NaT,0 days 00:00:26.277000,0 days 00:00:35.548000,0 days 00:00:41.957000,0 days 03:16:56.199000,0 days 03:17:31.747000,0 days 03:18:13.704000,273.0,133.0,283.0,296.0,False,HARD,17.0,True,Aston Martin,0 days 03:16:10.290000,,1,12.0,,,False,True
0 days 03:19:37.959000,STR,18,0 days 00:01:43.887000,27.0,3.0,NaT,NaT,0 days 00:00:26.303000,0 days 00:00:35.518000,0 days 00:00:42.066000,0 days 03:18:40.007000,0 days 03:19:15.525000,0 days 03:19:57.591000,273.0,133.0,283.0,297.0,False,HARD,18.0,True,Aston Martin,0 days 03:17:54.072000,,1,12.0,,,False,True
0 days 03:21:28.661000,STR,18,0 days 00:01:50.702000,28.0,3.0,NaT,0 days 03:21:41.885000,0 days 00:00:26.319000,0 days 00:00:35.552000,0 days 00:00:48.831000,0 days 03:20:23.910000,0 days 03:20:59.462000,0 days 03:21:48.293000,273.0,129.0,,299.0,False,HARD,19.0,True,Aston Martin,0 days 03:19:37.959000,,1,13.0,,,False,False
0 days 03:23:30.534000,STR,18,0 days 00:02:01.873000,29.0,4.0,0 days 03:22:10.213000,NaT,0 days 00:00:46.171000,0 days 00:00:34.802000,0 days 00:00:40.900000,0 days 03:22:34.464000,0 days 03:23:09.266000,0 days 03:23:50.166000,271.0,138.0,284.0,297.0,False,HARD,1.0,True,Aston Martin,0 days 03:21:28.661000,,1,14.0,,,False,False
0 days 03:25:12.810000,STR,18,0 days 00:01:42.276000,30.0,4.0,NaT,NaT,0 days 00:00:25.908000,0 days 00:00:35.070000,0 days 00:00:41.298000,0 days 03:24:16.074000,0 days 03:24:51.144000,0 days 03:25:32.442000,273.0,137.0,284.0,298.0,True,HARD,2.0,True,Aston Martin,0 days 03:23:30.534000,,1,14.0,,,False,True
0 days 03:26:55.232000,STR,18,0 days 00:01:42.422000,31.0,4.0,NaT,NaT,0 days 00:00:26.001000,0 days 00:00:34.973000,0 days 00:00:41.448000,0 days 03:25:58.443000,0 days 03:26:33.416000,0 days 03:27:14.864000,274.0,134.0,285.0,299.0,False,HARD,3.0,True,Aston Martin,0 days 03:25:12.810000,,1,13.0,,,False,True
0 days 03:28:38.198000,STR,18,0 days 00:01:42.966000,32.0,4.0,NaT,NaT,0 days 00:00:26.035000,0 days 00:00:35.194000,0 days 00:00:41.737000,0 days 03:27:40.899000,0 days 03:28:16.093000,0 days 03:28:57.830000,273.0,134.0,284.0,296.0,False,HARD,4.0,True,Aston Martin,0 days 03:26:55.232000,,1,12.0,,,False,True
0 days 03:30:21.079000,STR,18,0 days 00:01:42.881000,33.0,4.0,NaT,NaT,0 days 00:00:26.032000,0 days 00:00:35.171000,0 days 00:00:41.678000,0 days 03:29:23.862000,0 days 03:29:59.033000,0 days 03:30:40.711000,273.0,133.0,285.0,300.0,False,HARD,5.0,True,Aston Martin,0 days 03:28:38.198000,,1,11.0,,,False,True
0 days 03:32:03.683000,STR,18,0 days 00:01:42.604000,34.0,4.0,NaT,NaT,0 days 00:00:25.970000,0 days 00:00:35.002000,0 days 00:00:41.632000,0 days 03:31:06.681000,0 days 03:31:41.683000,0 days 03:32:23.315000,276.0,134.0,285.0,300.0,False,HARD,6.0,True,Aston Martin,0 days 03:30:21.079000,,1,11.0,,,False,True
0 days 03:33:47.280000,STR,18,0 days 00:01:43.597000,35.0,4.0,NaT,NaT,0 days 00:00:25.904000,0 days 00:00:35.816000,0 days 00:00:41.877000,0 days 03:32:49.219000,0 days 03:33:25.035000,0 days 03:34:06.912000,292.0,134.0,285.0,304.0,False,HARD,7.0,True,Aston Martin,0 days 03:32:03.683000,,1,12.0,,,False,True
0 days 03:35:30.525000,STR,18,0 days 00:01:43.245000,36.0,4.0,NaT,NaT,0 days 00:00:26.078000,0 days 00:00:35.360000,0 days 00:00:41.807000,0 days 03:34:32.990000,0 days 03:35:08.350000,0 days 03:35:50.157000,274.0,133.0,288.0,303.0,False,HARD,8.0,True,Aston Martin,0 days 03:33:47.280000,,1,13.0,,,False,True
0 days 03:37:13.699000,STR,18,0 days 00:01:43.174000,37.0,4.0,NaT,NaT,0 days 00:00:26.106000,0 days 00:00:35.398000,0 days 00:00:41.670000,0 days 03:36:16.263000,0 days 03:36:51.661000,0 days 03:37:33.331000,278.0,133.0,288.0,320.0,False,HARD,9.0,True,Aston Martin,0 days 03:35:30.525000,,1,13.0,,,False,True
0 days 03:38:58.483000,STR,18,0 days 00:01:44.784000,38.0,4.0,NaT,NaT,0 days 00:00:25.964000,0 days 00:00:36.597000,0 days 00:00:42.223000,0 days 03:37:59.295000,0 days 03:38:35.892000,0 days 03:39:18.115000,285.0,130.0,284.0,304.0,False,HARD,10.0,True,Aston Martin,0 days 03:37:13.699000,,1,14.0,,,False,True
0 days 03:40:42.041000,STR,18,0 days 00:01:43.558000,39.0,4.0,NaT,NaT,0 days 00:00:26.194000,0 days 00:00:35.620000,0 days 00:00:41.744000,0 days 03:39:44.309000,0 days 03:40:19.929000,0 days 03:41:01.673000,272.0,133.0,287.0,304.0,False,HARD,11.0,True,Aston Martin,0 days 03:38:58.483000,,1,14.0,,,False,True
0 days 03:42:25.543000,STR,18,0 days 00:01:43.502000,40.0,4.0,NaT,NaT,0 days 00:00:25.911000,0 days 00:00:35.504000,0 days 00:00:42.087000,0 days 03:41:27.584000,0 days 03:42:03.088000,0 days 03:42:45.175000,280.0,132.0,286.0,306.0,False,HARD,12.0,True,Aston Martin,0 days 03:40:42.041000,,1,14.0,,,False,True
0 days 03:44:08.779000,STR,18,0 days 00:01:43.236000,41.0,4.0,NaT,NaT,0 days 00:00:25.777000,0 days 00:00:35.538000,0 days 00:00:41.921000,0 days 03:43:10.952000,0 days 03:43:46.490000,0 days 03:44:28.411000,309.0,133.0,281.0,299.0,False,HARD,13.0,True,Aston Martin,0 days 03:42:25.543000,,1,13.0,,,False,True
0 days 03:45:55.950000,STR,18,0 days 00:01:47.171000,42.0,4.0,NaT,NaT,0 days 00:00:26.443000,0 days 00:00:35.289000,0 days 00:00:45.439000,0 days 03:44:54.854000,0 days 03:45:30.143000,0 days 03:46:15.582000,274.0,133.0,223.0,296.0,False,HARD,14.0,True,Aston Martin,0 days 03:44:08.779000,,12,13.0,,,False,True
0 days 03:48:13.394000,STR,18,0 days 00:02:17.444000,43.0,4.0,NaT,0 days 03:48:26.543000,0 days 00:00:35.115000,0 days 00:00:43.323000,0 days 00:00:59.006000,0 days 03:46:50.697000,0 days 03:47:34.020000,0 days 03:48:33.026000,252.0,77.0,,241.0,False,HARD,15.0,True,Aston Martin,0 days 03:45:55.950000,,26,13.0,,,False,False
0 days 03:50:45.633000,STR,18,NaT,44.0,5.0,0 days 03:48:53.996000,NaT,0 days 00:00:51.829000,0 days 00:00:44.188000,0 days 00:00:56.221000,0 days 03:49:25.012000,0 days 03:50:09.247000,0 days 03:51:05.341000,158.0,94.0,217.0,164.0,False,SOFT,,True,Aston Martin,0 days 03:48:13.394000,,6,13.0,,,False,False
0 days 03:52:58.871000,STR,18,0 days 00:02:13.238000,45.0,5.0,NaT,NaT,0 days 00:00:34.094000,0 days 00:00:44.513000,0 days 00:00:54.631000,0 days 03:51:39.359000,0 days 03:52:23.872000,0 days 03:53:18.503000,234.0,68.0,192.0,219.0,False,SOFT,,True,Aston Martin,0 days 03:50:45.633000,,64,13.0,,,False,False
0 days 03:55:10.854000,STR,18,0 days 00:02:11.983000,46.0,5.0,NaT,NaT,0 days 00:00:36.096000,0 days 00:00:42.774000,0 days 00:00:53.113000,0 days 03:53:54.599000,0 days 03:54:37.373000,0 days 03:55:30.486000,231.0,103.0,253.0,229.0,False,SOFT,,True,Aston Martin,0 days 03:52:58.871000,,4,13.0,,,False,False
0 days 03:57:06.603000,STR,18,0 days 00:01:55.749000,47.0,5.0,NaT,NaT,0 days 00:00:29.285000,0 days 00:00:39.107000,0 days 00:00:47.357000,0 days 03:55:59.771000,0 days 03:56:38.878000,0 days 03:57:26.235000,249.0,117.0,250.0,262.0,False,SOFT,,True,Aston Martin,0 days 03:55:10.854000,,4,13.0,,,False,False
0 days 03:59:06.392000,STR,18,0 days 00:01:59.789000,48.0,5.0,NaT,NaT,0 days 00:00:27.937000,0 days 00:00:38.131000,0 days 00:00:53.721000,0 days 03:57:54.172000,0 days 03:58:32.303000,0 days 03:59:26.024000,253.0,118.0,204.0,269.0,False,SOFT,,True,Aston Martin,0 days 03:57:06.603000,,4,12.0,,,False,False
0 days 04:01:33.898000,STR,18,0 days 00:02:27.506000,49.0,5.0,NaT,NaT,0 days 00:00:36.805000,0 days 00:00:51.003000,0 days 00:00:59.698000,0 days 04:00:02.829000,0 days 04:00:53.832000,0 days 04:01:53.530000,238.0,95.0,169.0,256.0,False,SOFT,,True,Aston Martin,0 days 03:59:06.392000,,4,12.0,,,False,False
0 days 04:03:57.079000,STR,18,0 days 00:02:23.181000,50.0,5.0,NaT,NaT,0 days 00:00:32.203000,0 days 00:00:51.788000,0 days 00:00:59.190000,0 days 04:02:25.733000,0 days 04:03:17.521000,0 days 04:04:16.711000,229.0,121.0,149.0,232.0,False,SOFT,,True,Aston Martin,0 days 04:01:33.898000,,4,11.0,,,False,False
0 days 04:06:27.722000,STR,18,NaT,51.0,5.0,NaT,NaT,0 days 00:00:38.442000,0 days 00:00:52.826000,0 days 00:00:59.304000,0 days 04:04:55.247000,0 days 04:05:48.059000,0 days 04:06:47.434000,175.0,118.0,296.0,274.0,False,SOFT,,True,Aston Martin,0 days 04:03:57.079000,,41,11.0,,,False,False
0 days 04:08:10.302000,STR,18,0 days 00:01:42.580000,52.0,5.0,NaT,NaT,0 days 00:00:26.018000,0 days 00:00:35.390000,0 days 00:00:41.172000,0 days 04:07:13.372000,0 days 04:07:48.762000,0 days 04:08:29.934000,280.0,136.0,291.0,311.0,False,SOFT,,True,Aston Martin,0 days 04:06:27.722000,,1,11.0,,,False,True
0 days 04:09:51.550000,STR,18,0 days 00:01:41.248000,53.0,5.0,NaT,NaT,0 days 00:00:25.682000,0 days 00:00:34.592000,0 days 00:00:40.974000,0 days 04:08:55.616000,0 days 04:09:30.208000,0 days 04:10:11.182000,281.0,134.0,289.0,313.0,True,SOFT,,True,Aston Martin,0 days 04:08:10.302000,,1,11.0,,,False,True
0 days 04:11:32.871000,STR,18,0 days 00:01:41.321000,54.0,5.0,NaT,NaT,0 days 00:00:25.670000,0 days 00:00:34.550000,0 days 00:00:41.101000,0 days 04:10:36.852000,0 days 04:11:11.402000,0 days 04:11:52.503000,280.0,137.0,289.0,310.0,False,SOFT,,True,Aston Martin,0 days 04:09:51.550000,,1,11.0,,,False,True
0 days 04:13:14.334000,STR,18,0 days 00:01:41.463000,55.0,5.0,NaT,NaT,0 days 00:00:25.785000,0 days 00:00:34.697000,0 days 00:00:40.981000,0 days 04:12:18.288000,0 days 04:12:52.985000,0 days 04:13:33.966000,290.0,133.0,284.0,327.0,False,SOFT,,True,Aston Martin,0 days 04:11:32.871000,,1,11.0,,,False,True
0 days 02:28:59.371000,ALB,23,0 days 00:03:17.933000,1.0,1.0,NaT,NaT,NaT,0 days 00:00:47.553000,0 days 00:01:00.087000,NaT,0 days 02:28:18.835000,0 days 02:29:19.101000,222.0,119.0,231.0,220.0,False,INTERMEDIATE,1.0,True,Williams,0 days 02:26:00.700000,,1,18.0,,,False,False
0 days 02:32:17.079000,ALB,23,NaT,2.0,1.0,NaT,NaT,0 days 00:00:36.123000,0 days 00:00:48.958000,NaT,0 days 02:29:55.129000,0 days 02:30:44.073000,NaT,176.0,116.0,178.0,204.0,False,INTERMEDIATE,2.0,True,Williams,0 days 02:28:59.371000,,12,16.0,,,False,False
0 days 02:34:13.384000,ALB,23,0 days 00:01:56.305000,3.0,1.0,NaT,NaT,0 days 00:00:30.282000,0 days 00:00:39.856000,0 days 00:00:46.167000,0 days 02:33:06.912000,0 days 02:33:46.768000,0 days 02:34:32.935000,250.0,127.0,262.0,290.0,True,INTERMEDIATE,3.0,True,Williams,0 days 02:32:17.079000,,1,7.0,,,False,True
0 days 02:36:06.990000,ALB,23,0 days 00:01:53.606000,4.0,1.0,NaT,NaT,0 days 00:00:28.424000,0 days 00:00:39.654000,0 days 00:00:45.528000,0 days 02:35:01.359000,0 days 02:35:41.013000,0 days 02:36:26.541000,271.0,126.0,262.0,285.0,True,INTERMEDIATE,4.0,True,Williams,0 days 02:34:13.384000,,1,8.0,,,False,True
0 days 02:38:00.343000,ALB,23,0 days 00:01:53.353000,5.0,1.0,NaT,NaT,0 days 00:00:28.234000,0 days 00:00:39.321000,0 days 00:00:45.798000,0 days 02:36:54.775000,0 days 02:37:34.096000,0 days 02:38:19.894000,265.0,127.0,260.0,283.0,True,INTERMEDIATE,5.0,True,Williams,0 days 02:36:06.990000,,1,8.0,,,False,True
0 days 02:39:55.151000,ALB,23,0 days 00:01:54.808000,6.0,1.0,NaT,NaT,0 days 00:00:28.424000,0 days 00:00:40.096000,0 days 00:00:46.288000,0 days 02:38:48.318000,0 days 02:39:28.414000,0 days 02:40:14.702000,265.0,127.0,260.0,276.0,False,INTERMEDIATE,6.0,True,Williams,0 days 02:38:00.343000,,12,9.0,,,False,True
0 days 02:41:50.302000,ALB,23,0 days 00:01:55.151000,7.0,1.0,NaT,NaT,0 days 00:00:28.605000,0 days 00:00:39.887000,0 days 00:00:46.659000,0 days 02:40:43.307000,0 days 02:41:23.194000,0 days 02:42:09.853000,265.0,128.0,260.0,273.0,False,INTERMEDIATE,7.0,True,Williams,0 days 02:39:55.151000,,1,9.0,,,False,True
0 days 02:43:45.704000,ALB,23,0 days 00:01:55.402000,8.0,1.0,NaT,NaT,0 days 00:00:28.566000,0 days 00:00:40.065000,0 days 00:00:46.771000,0 days 02:42:38.419000,0 days 02:43:18.484000,0 days 02:44:05.255000,276.0,129.0,261.0,273.0,False,INTERMEDIATE,8.0,True,Williams,0 days 02:41:50.302000,,12,9.0,,,False,True
0 days 02:45:59.269000,ALB,23,0 days 00:02:13.565000,9.0,1.0,NaT,0 days 02:46:12.441000,0 days 00:00:28.617000,0 days 00:00:39.825000,0 days 00:01:05.123000,0 days 02:44:33.872000,0 days 02:45:13.697000,0 days 02:46:18.820000,268.0,126.0,,211.0,False,INTERMEDIATE,9.0,True,Williams,0 days 02:43:45.704000,,124,9.0,,,False,False
0 days 02:48:46.495000,ALB,23,NaT,10.0,2.0,0 days 02:46:44.832000,NaT,0 days 00:01:02.357000,0 days 00:00:46.476000,0 days 00:00:58.318000,0 days 02:47:21.269000,0 days 02:48:07.728000,0 days 02:49:06.118000,221.0,110.0,225.0,246.0,False,SOFT,1.0,True,Williams,0 days 02:45:59.269000,,4,12.0,,,False,False
0 days 02:50:55.501000,ALB,23,0 days 00:02:09.006000,11.0,2.0,NaT,NaT,0 days 00:00:32.457000,0 days 00:00:39.700000,0 days 00:00:56.849000,0 days 02:49:38.503000,0 days 02:50:18.203000,0 days 02:51:15.052000,233.0,121.0,222.0,232.0,False,SOFT,2.0,True,Williams,0 days 02:48:46.495000,,4,12.0,,,False,False
0 days 02:53:27.899000,ALB,23,NaT,12.0,2.0,NaT,NaT,0 days 00:00:34.606000,0 days 00:00:50.322000,0 days 00:01:07.527000,0 days 02:51:49.717000,0 days 02:52:40.039000,0 days 02:53:47.670000,93.0,124.0,259.0,186.0,False,SOFT,3.0,True,Williams,0 days 02:50:55.501000,,41,12.0,,,False,False
0 days 02:55:20.180000,ALB,23,0 days 00:01:52.281000,13.0,2.0,NaT,NaT,0 days 00:00:29.445000,0 days 00:00:38.481000,0 days 00:00:44.355000,0 days 02:54:16.895000,0 days 02:54:55.376000,0 days 02:55:39.731000,253.0,126.0,267.0,291.0,True,SOFT,4.0,True,Williams,0 days 02:53:27.899000,,12,13.0,,,False,True
0 days 02:57:09.501000,ALB,23,0 days 00:01:49.321000,14.0,2.0,NaT,NaT,0 days 00:00:28.074000,0 days 00:00:37.198000,0 days 00:00:44.049000,0 days 02:56:07.805000,0 days 02:56:45.003000,0 days 02:57:29.052000,269.0,136.0,267.0,283.0,True,SOFT,5.0,True,Williams,0 days 02:55:20.180000,,1,14.0,,,False,True
0 days 02:58:56.607000,ALB,23,0 days 00:01:47.106000,15.0,2.0,NaT,NaT,0 days 00:00:27.687000,0 days 00:00:36.723000,0 days 00:00:42.696000,0 days 02:57:56.739000,0 days 02:58:33.462000,0 days 02:59:16.158000,277.0,134.0,288.0,297.0,True,SOFT,6.0,True,Williams,0 days 02:57:09.501000,,12,15.0,,,False,True
0 days 03:00:47.846000,ALB,23,0 days 00:01:51.239000,16.0,2.0,NaT,0 days 03:01:01.067000,0 days 00:00:26.568000,0 days 00:00:35.784000,0 days 00:00:48.887000,0 days 02:59:42.726000,0 days 03:00:18.510000,0 days 03:01:07.397000,287.0,136.0,,297.0,False,SOFT,7.0,True,Williams,0 days 02:58:56.607000,,21,16.0,,,False,False
0 days 03:02:50.646000,ALB,23,0 days 00:02:02.800000,17.0,3.0,0 days 03:01:28.521000,NaT,0 days 00:00:46.036000,0 days 00:00:35.446000,0 days 00:00:41.318000,0 days 03:01:53.433000,0 days 03:02:28.879000,0 days 03:03:10.197000,272.0,135.0,284.0,295.0,False,HARD,1.0,True,Williams,0 days 03:00:47.846000,,1,20.0,,,False,False
0 days 03:04:33.880000,ALB,23,0 days 00:01:43.234000,18.0,3.0,NaT,NaT,0 days 00:00:26.513000,0 days 00:00:35.191000,0 days 00:00:41.530000,0 days 03:03:36.710000,0 days 03:04:11.901000,0 days 03:04:53.431000,278.0,137.0,283.0,293.0,True,HARD,2.0,True,Williams,0 days 03:02:50.646000,,1,20.0,,,False,True
0 days 03:06:16.724000,ALB,23,0 days 00:01:42.844000,19.0,3.0,NaT,NaT,0 days 00:00:25.973000,0 days 00:00:35.199000,0 days 00:00:41.672000,0 days 03:05:19.404000,0 days 03:05:54.603000,0 days 03:06:36.275000,282.0,134.0,284.0,295.0,True,HARD,3.0,True,Williams,0 days 03:04:33.880000,,1,19.0,,,False,True
0 days 03:08:00.101000,ALB,23,0 days 00:01:43.377000,20.0,3.0,NaT,NaT,0 days 00:00:25.842000,0 days 00:00:35.682000,0 days 00:00:41.853000,0 days 03:07:02.117000,0 days 03:07:37.799000,0 days 03:08:19.652000,283.0,134.0,285.0,297.0,False,HARD,4.0,True,Williams,0 days 03:06:16.724000,,1,19.0,,,False,True
0 days 03:09:43.627000,ALB,23,0 days 00:01:43.526000,21.0,3.0,NaT,NaT,0 days 00:00:25.895000,0 days 00:00:35.494000,0 days 00:00:42.137000,0 days 03:08:45.547000,0 days 03:09:21.041000,0 days 03:10:03.178000,283.0,135.0,285.0,295.0,False,HARD,5.0,True,Williams,0 days 03:08:00.101000,,1,19.0,,,False,True
0 days 03:11:27.278000,ALB,23,0 days 00:01:43.651000,22.0,3.0,NaT,NaT,0 days 00:00:25.909000,0 days 00:00:35.591000,0 days 00:00:42.151000,0 days 03:10:29.087000,0 days 03:11:04.678000,0 days 03:11:46.829000,283.0,135.0,284.0,296.0,False,HARD,6.0,True,Williams,0 days 03:09:43.627000,,1,19.0,,,False,True
0 days 03:13:11.199000,ALB,23,0 days 00:01:43.921000,23.0,3.0,NaT,NaT,0 days 00:00:26.189000,0 days 00:00:35.578000,0 days 00:00:42.154000,0 days 03:12:13.018000,0 days 03:12:48.596000,0 days 03:13:30.750000,280.0,133.0,284.0,296.0,False,HARD,7.0,True,Williams,0 days 03:11:27.278000,,1,19.0,,,False,True
0 days 03:14:55.107000,ALB,23,0 days 00:01:43.908000,24.0,3.0,NaT,NaT,0 days 00:00:25.916000,0 days 00:00:35.626000,0 days 00:00:42.366000,0 days 03:13:56.666000,0 days 03:14:32.292000,0 days 03:15:14.658000,287.0,133.0,284.0,297.0,False,HARD,8.0,True,Williams,0 days 03:13:11.199000,,1,19.0,,,False,True
0 days 03:16:39.298000,ALB,23,0 days 00:01:44.191000,25.0,3.0,NaT,NaT,0 days 00:00:26.096000,0 days 00:00:35.751000,0 days 00:00:42.344000,0 days 03:15:40.754000,0 days 03:16:16.505000,0 days 03:16:58.849000,285.0,131.0,284.0,297.0,False,HARD,9.0,True,Williams,0 days 03:14:55.107000,,1,18.0,,,False,True
0 days 03:18:23.376000,ALB,23,0 days 00:01:44.078000,26.0,3.0,NaT,NaT,0 days 00:00:26.007000,0 days 00:00:35.639000,0 days 00:00:42.432000,0 days 03:17:24.856000,0 days 03:18:00.495000,0 days 03:18:42.927000,280.0,130.0,284.0,298.0,False,HARD,10.0,True,Williams,0 days 03:16:39.298000,,1,17.0,,,False,True
0 days 03:20:07.762000,ALB,23,0 days 00:01:44.386000,27.0,3.0,NaT,NaT,0 days 00:00:26.198000,0 days 00:00:35.818000,0 days 00:00:42.370000,0 days 03:19:09.125000,0 days 03:19:44.943000,0 days 03:20:27.313000,279.0,130.0,283.0,297.0,False,HARD,11.0,True,Williams,0 days 03:18:23.376000,,1,16.0,,,False,True
0 days 03:21:52.376000,ALB,23,0 days 00:01:44.614000,28.0,3.0,NaT,NaT,0 days 00:00:26.283000,0 days 00:00:35.799000,0 days 00:00:42.532000,0 days 03:20:53.596000,0 days 03:21:29.395000,0 days 03:22:11.927000,280.0,130.0,282.0,294.0,False,HARD,12.0,True,Williams,0 days 03:20:07.762000,,1,16.0,,,False,True
0 days 03:23:45.167000,ALB,23,0 days 00:01:52.791000,29.0,3.0,NaT,0 days 03:23:58.317000,0 days 00:00:26.402000,0 days 00:00:36.436000,0 days 00:00:49.953000,0 days 03:22:38.329000,0 days 03:23:14.765000,0 days 03:24:04.718000,282.0,132.0,,300.0,False,HARD,13.0,True,Williams,0 days 03:21:52.376000,,1,20.0,,,False,False
0 days 03:25:48.450000,ALB,23,0 days 00:02:03.283000,30.0,4.0,0 days 03:24:26.068000,NaT,0 days 00:00:46.195000,0 days 00:00:35.406000,0 days 00:00:41.682000,0 days 03:24:50.913000,0 days 03:25:26.319000,0 days 03:26:08.001000,281.0,135.0,290.0,303.0,False,SOFT,,False,Williams,0 days 03:23:45.167000,,1,20.0,,,False,False
0 days 03:27:30.734000,ALB,23,0 days 00:01:42.284000,31.0,4.0,NaT,NaT,0 days 00:00:25.738000,0 days 00:00:34.924000,0 days 00:00:41.622000,0 days 03:26:33.739000,0 days 03:27:08.663000,0 days 03:27:50.285000,287.0,138.0,288.0,300.0,True,SOFT,,False,Williams,0 days 03:25:48.450000,,1,20.0,,,False,True
0 days 03:29:13.736000,ALB,23,0 days 00:01:43.002000,32.0,4.0,NaT,NaT,0 days 00:00:25.644000,0 days 00:00:35.338000,0 days 00:00:42.020000,0 days 03:28:15.929000,0 days 03:28:51.267000,0 days 03:29:33.287000,284.0,133.0,286.0,299.0,False,SOFT,,False,Williams,0 days 03:27:30.734000,,1,20.0,,,False,True
0 days 03:30:56.422000,ALB,23,0 days 00:01:42.686000,33.0,4.0,NaT,NaT,0 days 00:00:25.809000,0 days 00:00:35.115000,0 days 00:00:41.762000,0 days 03:29:59.096000,0 days 03:30:34.211000,0 days 03:31:15.973000,286.0,135.0,286.0,294.0,False,SOFT,,False,Williams,0 days 03:29:13.736000,,1,20.0,,,False,True
0 days 03:32:39.035000,ALB,23,0 days 00:01:42.613000,34.0,4.0,NaT,NaT,0 days 00:00:25.750000,0 days 00:00:35.071000,0 days 00:00:41.792000,0 days 03:31:41.723000,0 days 03:32:16.794000,0 days 03:32:58.586000,287.0,133.0,285.0,297.0,False,SOFT,,False,Williams,0 days 03:30:56.422000,,1,20.0,,,False,True
0 days 03:34:22.785000,ALB,23,0 days 00:01:43.750000,35.0,4.0,NaT,NaT,0 days 00:00:26.270000,0 days 00:00:35.401000,0 days 00:00:42.079000,0 days 03:33:24.856000,0 days 03:34:00.257000,0 days 03:34:42.336000,280.0,132.0,285.0,303.0,False,SOFT,,False,Williams,0 days 03:32:39.035000,,1,19.0,,,False,True
0 days 03:36:05.889000,ALB,23,0 days 00:01:43.104000,36.0,4.0,NaT,NaT,0 days 00:00:25.902000,0 days 00:00:35.199000,0 days 00:00:42.003000,0 days 03:35:08.238000,0 days 03:35:43.437000,0 days 03:36:25.440000,281.0,131.0,285.0,304.0,False,SOFT,,False,Williams,0 days 03:34:22.785000,,1,19.0,,,False,True
0 days 03:37:49.024000,ALB,23,0 days 00:01:43.135000,37.0,4.0,NaT,NaT,0 days 00:00:25.860000,0 days 00:00:35.258000,0 days 00:00:42.017000,0 days 03:36:51.300000,0 days 03:37:26.558000,0 days 03:38:08.575000,280.0,133.0,284.0,304.0,False,SOFT,,False,Williams,0 days 03:36:05.889000,,1,19.0,,,False,True
0 days 03:39:33.875000,ALB,23,0 days 00:01:44.851000,38.0,4.0,NaT,NaT,0 days 00:00:26.016000,0 days 00:00:35.361000,0 days 00:00:43.474000,0 days 03:38:34.591000,0 days 03:39:09.952000,0 days 03:39:53.426000,280.0,133.0,287.0,234.0,False,SOFT,,False,Williams,0 days 03:37:49.024000,,1,19.0,,,False,True
0 days 03:41:18.311000,ALB,23,0 days 00:01:44.436000,39.0,4.0,NaT,NaT,0 days 00:00:26.342000,0 days 00:00:35.930000,0 days 00:00:42.164000,0 days 03:40:19.768000,0 days 03:40:55.698000,0 days 03:41:37.862000,288.0,131.0,288.0,310.0,False,SOFT,,False,Williams,0 days 03:39:33.875000,,1,19.0,,,False,True
0 days 03:43:02.124000,ALB,23,0 days 00:01:43.813000,40.0,4.0,NaT,NaT,0 days 00:00:25.976000,0 days 00:00:35.646000,0 days 00:00:42.191000,0 days 03:42:03.838000,0 days 03:42:39.484000,0 days 03:43:21.675000,282.0,132.0,287.0,306.0,False,SOFT,,False,Williams,0 days 03:41:18.311000,,1,19.0,,,False,True
0 days 03:44:46.489000,ALB,23,0 days 00:01:44.365000,41.0,4.0,NaT,NaT,0 days 00:00:26.319000,0 days 00:00:35.730000,0 days 00:00:42.316000,0 days 03:43:47.994000,0 days 03:44:23.724000,0 days 03:45:06.040000,279.0,132.0,286.0,303.0,False,SOFT,,False,Williams,0 days 03:43:02.124000,,1,19.0,,,False,True
0 days 03:47:16.489000,ALB,23,NaT,42.0,4.0,NaT,NaT,NaT,NaT,NaT,NaT,NaT,NaT,,,,,,SOFT,,False,Williams,0 days 03:44:46.489000,,126,,,,True,False
0 days 02:28:56.149000,HUL,27,0 days 00:03:14.684000,1.0,1.0,NaT,NaT,NaT,0 days 00:00:52.056000,0 days 00:00:59.891000,NaT,0 days 02:28:15.845000,0 days 02:29:15.791000,193.0,88.0,219.0,228.0,False,SOFT,1.0,True,Audi,0 days 02:26:00.700000,,1,15.0,,,False,False
0 days 02:31:34.996000,HUL,27,NaT,2.0,1.0,NaT,0 days 02:31:47.942000,0 days 00:00:35.574000,0 days 00:00:48.687000,0 days 00:01:14.553000,0 days 02:29:51.365000,0 days 02:30:40.034000,0 days 02:31:54.583000,211.0,98.0,,141.0,False,SOFT,2.0,True,Audi,0 days 02:28:56.149000,,12,4.0,,,False,False
0 days 02:34:24.908000,HUL,27,NaT,3.0,2.0,0 days 02:32:49.323000,NaT,0 days 00:01:21.199000,0 days 00:00:43.152000,0 days 00:00:45.630000,0 days 02:33:15.775000,0 days 02:33:58.979000,0 days 02:34:44.495000,240.0,113.0,261.0,285.0,False,INTERMEDIATE,1.0,True,Audi,0 days 02:31:34.996000,,1,12.0,,,False,False
0 days 02:36:15.645000,HUL,27,0 days 00:01:50.737000,4.0,2.0,NaT,NaT,0 days 00:00:27.833000,0 days 00:00:37.753000,0 days 00:00:45.151000,0 days 02:35:12.328000,0 days 02:35:50.081000,0 days 02:36:35.232000,260.0,127.0,256.0,268.0,True,INTERMEDIATE,2.0,True,Audi,0 days 02:34:24.908000,,1,12.0,,,False,True
0 days 02:38:07.212000,HUL,27,0 days 00:01:51.567000,5.0,2.0,NaT,NaT,0 days 00:00:27.852000,0 days 00:00:38.170000,0 days 00:00:45.545000,0 days 02:37:03.084000,0 days 02:37:41.254000,0 days 02:38:26.799000,257.0,126.0,256.0,268.0,False,INTERMEDIATE,3.0,True,Audi,0 days 02:36:15.645000,,1,12.0,,,False,True
0 days 02:39:59.869000,HUL,27,0 days 00:01:52.657000,6.0,2.0,NaT,NaT,0 days 00:00:28.052000,0 days 00:00:38.543000,0 days 00:00:46.062000,0 days 02:38:54.851000,0 days 02:39:33.394000,0 days 02:40:19.456000,260.0,126.0,254.0,269.0,False,INTERMEDIATE,4.0,True,Audi,0 days 02:38:07.212000,,12,12.0,,,False,True
0 days 02:41:53.970000,HUL,27,0 days 00:01:54.101000,7.0,2.0,NaT,NaT,0 days 00:00:28.434000,0 days 00:00:39.198000,0 days 00:00:46.469000,0 days 02:40:47.890000,0 days 02:41:27.088000,0 days 02:42:13.557000,263.0,122.0,255.0,269.0,False,INTERMEDIATE,5.0,True,Audi,0 days 02:39:59.869000,,1,12.0,,,False,True
0 days 02:43:55.101000,HUL,27,0 days 00:02:01.131000,8.0,2.0,NaT,0 days 02:44:08.196000,0 days 00:00:28.457000,0 days 00:00:39.270000,0 days 00:00:53.404000,0 days 02:42:42.014000,0 days 02:43:21.284000,0 days 02:44:14.688000,264.0,121.0,,271.0,False,INTERMEDIATE,6.0,True,Audi,0 days 02:41:53.970000,,12,13.0,,,False,False
0 days 02:46:26.630000,HUL,27,NaT,9.0,3.0,0 days 02:44:35.821000,NaT,0 days 00:00:48.328000,0 days 00:00:44.989000,0 days 00:00:58.176000,0 days 02:45:03.103000,0 days 02:45:48.109000,0 days 02:46:46.253000,262.0,121.0,185.0,205.0,False,SOFT,1.0,True,Audi,0 days 02:43:55.101000,,124,14.0,,,False,False
0 days 02:48:48.511000,HUL,27,0 days 00:02:21.881000,10.0,3.0,NaT,NaT,0 days 00:00:36.811000,0 days 00:00:47.277000,0 days 00:00:57.793000,0 days 02:47:23.028000,0 days 02:48:10.305000,0 days 02:49:08.098000,236.0,99.0,237.0,240.0,False,SOFT,2.0,True,Audi,0 days 02:46:26.630000,,4,13.0,,,False,False
0 days 02:50:56.388000,HUL,27,0 days 00:02:07.877000,11.0,3.0,NaT,NaT,0 days 00:00:31.044000,0 days 00:00:39.918000,0 days 00:00:56.915000,0 days 02:49:39.142000,0 days 02:50:19.060000,0 days 02:51:15.975000,216.0,122.0,240.0,233.0,False,SOFT,3.0,True,Audi,0 days 02:48:48.511000,,4,13.0,,,False,False
0 days 02:53:28.159000,HUL,27,NaT,12.0,3.0,NaT,NaT,0 days 00:00:34.002000,0 days 00:00:51.005000,0 days 00:01:06.791000,0 days 02:51:49.999000,0 days 02:52:41.079000,0 days 02:53:47.862000,102.0,126.0,262.0,190.0,False,SOFT,4.0,True,Audi,0 days 02:50:56.388000,,41,13.0,,,False,False
0 days 02:55:17.534000,HUL,27,0 days 00:01:49.375000,13.0,3.0,NaT,NaT,0 days 00:00:28.815000,0 days 00:00:37.058000,0 days 00:00:43.502000,0 days 02:54:16.561000,0 days 02:54:53.619000,0 days 02:55:37.121000,259.0,133.0,261.0,274.0,True,SOFT,5.0,True,Audi,0 days 02:53:28.159000,,12,10.0,,,False,True
0 days 02:57:04.145000,HUL,27,0 days 00:01:46.611000,14.0,3.0,NaT,NaT,0 days 00:00:27.173000,0 days 00:00:36.002000,0 days 00:00:43.436000,0 days 02:56:04.294000,0 days 02:56:40.296000,0 days 02:57:23.732000,256.0,130.0,262.0,286.0,True,SOFT,6.0,True,Audi,0 days 02:55:17.534000,,1,10.0,,,False,True
0 days 02:58:49.136000,HUL,27,0 days 00:01:44.991000,15.0,3.0,NaT,NaT,0 days 00:00:27.004000,0 days 00:00:36.139000,0 days 00:00:41.848000,0 days 02:57:50.736000,0 days 02:58:26.875000,0 days 02:59:08.723000,282.0,131.0,285.0,320.0,True,SOFT,7.0,True,Audi,0 days 02:57:04.145000,,1,9.0,,,False,True
0 days 03:00:32.877000,HUL,27,0 days 00:01:43.741000,16.0,3.0,NaT,NaT,0 days 00:00:26.633000,0 days 00:00:35.525000,0 days 00:00:41.583000,0 days 02:59:35.356000,0 days 03:00:10.881000,0 days 03:00:52.464000,269.0,132.0,284.0,300.0,True,SOFT,8.0,True,Audi,0 days 02:58:49.136000,,12,10.0,,,False,True
0 days 03:02:15.823000,HUL,27,0 days 00:01:42.946000,17.0,3.0,NaT,NaT,0 days 00:00:26.138000,0 days 00:00:35.248000,0 days 00:00:41.560000,0 days 03:01:18.602000,0 days 03:01:53.850000,0 days 03:02:35.410000,274.0,132.0,284.0,299.0,True,SOFT,9.0,True,Audi,0 days 03:00:32.877000,,1,10.0,,,False,True
0 days 03:03:58.456000,HUL,27,0 days 00:01:42.633000,18.0,3.0,NaT,NaT,0 days 00:00:25.892000,0 days 00:00:35.058000,0 days 00:00:41.683000,0 days 03:03:01.302000,0 days 03:03:36.360000,0 days 03:04:18.043000,273.0,132.0,284.0,308.0,True,SOFT,10.0,True,Audi,0 days 03:02:15.823000,,1,10.0,,,False,True
0 days 03:05:41.397000,HUL,27,0 days 00:01:42.941000,19.0,3.0,NaT,NaT,0 days 00:00:26.037000,0 days 00:00:35.116000,0 days 00:00:41.788000,0 days 03:04:44.080000,0 days 03:05:19.196000,0 days 03:06:00.984000,273.0,131.0,285.0,311.0,False,SOFT,11.0,True,Audi,0 days 03:03:58.456000,,1,10.0,,,False,True
0 days 03:07:25.196000,HUL,27,0 days 00:01:43.799000,20.0,3.0,NaT,NaT,0 days 00:00:26,0 days 00:00:35.661000,0 days 00:00:42.138000,0 days 03:06:26.984000,0 days 03:07:02.645000,0 days 03:07:44.783000,269.0,132.0,288.0,322.0,False,SOFT,12.0,True,Audi,0 days 03:05:41.397000,,1,10.0,,,False,True
0 days 03:09:08.948000,HUL,27,0 days 00:01:43.752000,21.0,3.0,NaT,NaT,0 days 00:00:26.214000,0 days 00:00:35.557000,0 days 00:00:41.981000,0 days 03:08:10.997000,0 days 03:08:46.554000,0 days 03:09:28.535000,278.0,130.0,287.0,319.0,False,SOFT,13.0,True,Audi,0 days 03:07:25.196000,,1,10.0,,,False,True
0 days 03:10:53.026000,HUL,27,0 days 00:01:44.078000,22.0,3.0,NaT,NaT,0 days 00:00:26.103000,0 days 00:00:35.677000,0 days 00:00:42.298000,0 days 03:09:54.638000,0 days 03:10:30.315000,0 days 03:11:12.613000,282.0,128.0,283.0,316.0,False,SOFT,14.0,True,Audi,0 days 03:09:08.948000,,1,10.0,,,False,True
0 days 03:12:38.430000,HUL,27,0 days 00:01:45.404000,23.0,3.0,NaT,NaT,0 days 00:00:26.850000,0 days 00:00:36.253000,0 days 00:00:42.301000,0 days 03:11:39.463000,0 days 03:12:15.716000,0 days 03:12:58.017000,270.0,129.0,286.0,304.0,False,SOFT,15.0,True,Audi,0 days 03:10:53.026000,,1,11.0,,,False,True
0 days 03:14:22.236000,HUL,27,0 days 00:01:43.806000,24.0,3.0,NaT,NaT,0 days 00:00:26.184000,0 days 00:00:35.464000,0 days 00:00:42.158000,0 days 03:13:24.201000,0 days 03:13:59.665000,0 days 03:14:41.823000,278.0,131.0,285.0,308.0,False,SOFT,16.0,True,Audi,0 days 03:12:38.430000,,1,11.0,,,False,True
0 days 03:16:06.747000,HUL,27,0 days 00:01:44.511000,25.0,3.0,NaT,NaT,0 days 00:00:26.190000,0 days 00:00:35.909000,0 days 00:00:42.412000,0 days 03:15:08.013000,0 days 03:15:43.922000,0 days 03:16:26.334000,281.0,128.0,287.0,307.0,False,SOFT,17.0,True,Audi,0 days 03:14:22.236000,,1,11.0,,,False,True
0 days 03:17:51.158000,HUL,27,0 days 00:01:44.411000,26.0,3.0,NaT,NaT,0 days 00:00:26.162000,0 days 00:00:35.785000,0 days 00:00:42.464000,0 days 03:16:52.496000,0 days 03:17:28.281000,0 days 03:18:10.745000,283.0,128.0,285.0,306.0,False,SOFT,18.0,True,Audi,0 days 03:16:06.747000,,1,11.0,,,False,True
0 days 03:19:35.390000,HUL,27,0 days 00:01:44.232000,27.0,3.0,NaT,NaT,0 days 00:00:26.119000,0 days 00:00:35.750000,0 days 00:00:42.363000,0 days 03:18:36.864000,0 days 03:19:12.614000,0 days 03:19:54.977000,288.0,130.0,285.0,325.0,False,SOFT,19.0,True,Audi,0 days 03:17:51.158000,,1,11.0,,,False,True
0 days 03:21:19.970000,HUL,27,0 days 00:01:44.580000,28.0,3.0,NaT,NaT,0 days 00:00:26.347000,0 days 00:00:35.698000,0 days 00:00:42.535000,0 days 03:20:21.324000,0 days 03:20:57.022000,0 days 03:21:39.557000,288.0,130.0,280.0,301.0,False,SOFT,20.0,True,Audi,0 days 03:19:35.390000,,1,10.0,,,False,True
0 days 03:23:04.235000,HUL,27,0 days 00:01:44.265000,29.0,3.0,NaT,NaT,0 days 00:00:26.509000,0 days 00:00:35.316000,0 days 00:00:42.440000,0 days 03:22:06.066000,0 days 03:22:41.382000,0 days 03:23:23.822000,273.0,128.0,282.0,295.0,False,SOFT,21.0,True,Audi,0 days 03:21:19.970000,,1,9.0,,,False,True
0 days 03:24:48.664000,HUL,27,0 days 00:01:44.429000,30.0,3.0,NaT,NaT,0 days 00:00:26.619000,0 days 00:00:35.293000,0 days 00:00:42.517000,0 days 03:23:50.441000,0 days 03:24:25.734000,0 days 03:25:08.251000,273.0,128.0,282.0,294.0,False,SOFT,22.0,True,Audi,0 days 03:23:04.235000,,1,9.0,,,False,True
0 days 03:26:32.899000,HUL,27,0 days 00:01:44.235000,31.0,3.0,NaT,NaT,0 days 00:00:26.544000,0 days 00:00:35.172000,0 days 00:00:42.519000,0 days 03:25:34.795000,0 days 03:26:09.967000,0 days 03:26:52.486000,273.0,129.0,282.0,295.0,False,SOFT,23.0,True,Audi,0 days 03:24:48.664000,,1,8.0,,,False,True
0 days 03:28:23.481000,HUL,27,0 days 00:01:50.582000,32.0,3.0,NaT,0 days 03:28:36.489000,0 days 00:00:26.611000,0 days 00:00:35.394000,0 days 00:00:48.577000,0 days 03:27:19.097000,0 days 03:27:54.491000,0 days 03:28:43.068000,279.0,128.0,,297.0,False,SOFT,24.0,True,Audi,0 days 03:26:32.899000,,1,8.0,,,False,False
0 days 03:30:25.583000,HUL,27,0 days 00:02:02.102000,33.0,4.0,0 days 03:29:04.927000,NaT,0 days 00:00:45.825000,0 days 00:00:35.007000,0 days 00:00:41.270000,0 days 03:29:28.893000,0 days 03:30:03.900000,0 days 03:30:45.170000,276.0,134.0,283.0,301.0,False,SOFT,1.0,True,Audi,0 days 03:28:23.481000,,1,13.0,,,False,False
0 days 03:32:07.790000,HUL,27,0 days 00:01:42.207000,34.0,4.0,NaT,NaT,0 days 00:00:25.668000,0 days 00:00:35.166000,0 days 00:00:41.373000,0 days 03:31:10.838000,0 days 03:31:46.004000,0 days 03:32:27.377000,272.0,134.0,285.0,298.0,True,SOFT,2.0,True,Audi,0 days 03:30:25.583000,,1,14.0,,,False,True
0 days 03:33:49.618000,HUL,27,0 days 00:01:41.828000,35.0,4.0,NaT,NaT,0 days 00:00:25.640000,0 days 00:00:34.554000,0 days 00:00:41.634000,0 days 03:32:53.017000,0 days 03:33:27.571000,0 days 03:34:09.205000,274.0,131.0,287.0,302.0,True,SOFT,3.0,True,Audi,0 days 03:32:07.790000,,1,14.0,,,False,True
0 days 03:35:31.557000,HUL,27,0 days 00:01:41.939000,36.0,4.0,NaT,NaT,0 days 00:00:25.721000,0 days 00:00:34.970000,0 days 00:00:41.248000,0 days 03:34:34.926000,0 days 03:35:09.896000,0 days 03:35:51.144000,278.0,132.0,289.0,315.0,False,SOFT,4.0,True,Audi,0 days 03:33:49.618000,,1,14.0,,,False,True
0 days 03:37:14.050000,HUL,27,0 days 00:01:42.493000,37.0,4.0,NaT,NaT,0 days 00:00:25.801000,0 days 00:00:35.200000,0 days 00:00:41.492000,0 days 03:36:16.945000,0 days 03:36:52.145000,0 days 03:37:33.637000,280.0,131.0,293.0,324.0,False,SOFT,5.0,True,Audi,0 days 03:35:31.557000,,1,14.0,,,False,True
0 days 03:38:55.768000,HUL,27,0 days 00:01:41.718000,38.0,4.0,NaT,NaT,0 days 00:00:25.612000,0 days 00:00:34.670000,0 days 00:00:41.436000,0 days 03:37:59.249000,0 days 03:38:33.919000,0 days 03:39:15.355000,311.0,132.0,285.0,302.0,True,SOFT,6.0,True,Audi,0 days 03:37:14.050000,,1,12.0,,,False,True
0 days 03:40:38.666000,HUL,27,0 days 00:01:42.898000,39.0,4.0,NaT,NaT,0 days 00:00:25.989000,0 days 00:00:35.177000,0 days 00:00:41.732000,0 days 03:39:41.344000,0 days 03:40:16.521000,0 days 03:40:58.253000,277.0,131.0,284.0,306.0,False,SOFT,7.0,True,Audi,0 days 03:38:55.768000,,1,12.0,,,False,True
0 days 03:42:21.136000,HUL,27,0 days 00:01:42.470000,40.0,4.0,NaT,NaT,0 days 00:00:26.032000,0 days 00:00:34.856000,0 days 00:00:41.582000,0 days 03:41:24.285000,0 days 03:41:59.141000,0 days 03:42:40.723000,273.0,132.0,291.0,318.0,False,SOFT,8.0,True,Audi,0 days 03:40:38.666000,,1,12.0,,,False,True
0 days 03:44:03.562000,HUL,27,0 days 00:01:42.426000,41.0,4.0,NaT,NaT,0 days 00:00:26.101000,0 days 00:00:34.720000,0 days 00:00:41.605000,0 days 03:43:06.824000,0 days 03:43:41.544000,0 days 03:44:23.149000,284.0,131.0,285.0,313.0,False,SOFT,9.0,True,Audi,0 days 03:42:21.136000,,1,11.0,,,False,True
0 days 03:45:47.956000,HUL,27,0 days 00:01:44.394000,42.0,4.0,NaT,NaT,0 days 00:00:26.128000,0 days 00:00:34.883000,0 days 00:00:43.383000,0 days 03:44:49.277000,0 days 03:45:24.160000,0 days 03:46:07.543000,274.0,131.0,115.0,298.0,False,SOFT,10.0,True,Audi,0 days 03:44:03.562000,,1,11.0,,,False,True
0 days 03:48:02.073000,HUL,27,0 days 00:02:14.117000,43.0,4.0,NaT,NaT,0 days 00:00:34.930000,0 days 00:00:45.357000,0 days 00:00:53.830000,0 days 03:46:42.473000,0 days 03:47:27.830000,0 days 03:48:21.660000,197.0,107.0,165.0,262.0,False,SOFT,11.0,True,Audi,0 days 03:45:47.956000,,126,11.0,,,False,False
0 days 03:50:16.260000,HUL,27,0 days 00:02:14.187000,44.0,4.0,NaT,NaT,0 days 00:00:35.286000,0 days 00:00:43.915000,0 days 00:00:54.986000,0 days 03:48:56.946000,0 days 03:49:40.861000,0 days 03:50:35.847000,227.0,93.0,167.0,223.0,False,SOFT,12.0,True,Audi,0 days 03:48:02.073000,,6,10.0,,,False,False
0 days 03:52:35.085000,HUL,27,0 days 00:02:18.825000,45.0,4.0,NaT,0 days 03:52:48.247000,0 days 00:00:35.833000,0 days 00:00:42.844000,0 days 00:01:00.148000,0 days 03:51:11.680000,0 days 03:51:54.524000,0 days 03:52:54.672000,253.0,99.0,,207.0,False,SOFT,13.0,True,Audi,0 days 03:50:16.260000,,64,10.0,,,False,False
0 days 03:55:05.436000,HUL,27,NaT,46.0,5.0,0 days 03:53:16.388000,NaT,0 days 00:00:54.243000,0 days 00:00:43.862000,0 days 00:00:52.259000,0 days 03:53:48.991000,0 days 03:54:32.850000,0 days 03:55:25.127000,196.0,112.0,255.0,291.0,False,SOFT,3.0,False,Audi,0 days 03:52:35.085000,,4,11.0,,,False,False
0 days 03:56:59.382000,HUL,27,0 days 00:01:53.946000,47.0,5.0,NaT,NaT,0 days 00:00:29.242000,0 days 00:00:38.680000,0 days 00:00:46.024000,0 days 03:55:54.265000,0 days 03:56:32.945000,0 days 03:57:18.969000,274.0,119.0,276.0,305.0,False,SOFT,4.0,False,Audi,0 days 03:55:05.436000,,4,11.0,,,False,False
0 days 03:59:03.840000,HUL,27,0 days 00:02:04.458000,48.0,5.0,NaT,NaT,0 days 00:00:29.263000,0 days 00:00:40.991000,0 days 00:00:54.204000,0 days 03:57:48.232000,0 days 03:58:29.223000,0 days 03:59:23.427000,215.0,125.0,260.0,266.0,False,SOFT,5.0,False,Audi,0 days 03:56:59.382000,,4,10.0,,,False,False
0 days 04:01:30.513000,HUL,27,0 days 00:02:26.673000,49.0,5.0,NaT,NaT,0 days 00:00:37.250000,0 days 00:00:50.406000,0 days 00:00:59.017000,0 days 04:00:00.677000,0 days 04:00:51.083000,0 days 04:01:50.100000,231.0,81.0,160.0,245.0,False,SOFT,6.0,False,Audi,0 days 03:59:03.840000,,4,10.0,,,False,False
0 days 04:03:52.768000,HUL,27,0 days 00:02:22.255000,50.0,5.0,NaT,NaT,0 days 00:00:32.146000,0 days 00:00:50.171000,0 days 00:00:59.938000,0 days 04:02:22.246000,0 days 04:03:12.417000,0 days 04:04:12.355000,238.0,96.0,153.0,263.0,False,SOFT,7.0,False,Audi,0 days 04:01:30.513000,,4,8.0,,,False,False
0 days 04:06:27.040000,HUL,27,NaT,51.0,5.0,NaT,NaT,0 days 00:00:39.798000,0 days 00:00:51.537000,0 days 00:01:02.850000,0 days 04:04:52.302000,0 days 04:05:43.777000,0 days 04:06:46.653000,191.0,137.0,291.0,282.0,False,SOFT,8.0,False,Audi,0 days 04:03:52.768000,,41,8.0,,,False,False
0 days 04:08:08.530000,HUL,27,0 days 00:01:41.490000,52.0,5.0,NaT,NaT,0 days 00:00:25.614000,0 days 00:00:35.181000,0 days 00:00:40.695000,0 days 04:07:12.241000,0 days 04:07:47.422000,0 days 04:08:28.117000,297.0,132.0,293.0,325.0,True,SOFT,9.0,False,Audi,0 days 04:06:27.040000,,1,8.0,,,False,True
0 days 04:09:50.258000,HUL,27,0 days 00:01:41.728000,53.0,5.0,NaT,NaT,0 days 00:00:25.593000,0 days 00:00:35.282000,0 days 00:00:40.853000,0 days 04:08:53.710000,0 days 04:09:28.992000,0 days 04:10:09.845000,293.0,133.0,290.0,323.0,False,SOFT,10.0,False,Audi,0 days 04:08:08.530000,,1,9.0,,,False,True
0 days 04:11:31.652000,HUL,27,0 days 00:01:41.394000,54.0,5.0,NaT,NaT,0 days 00:00:25.848000,0 days 00:00:34.327000,0 days 00:00:41.219000,0 days 04:10:35.693000,0 days 04:11:10.020000,0 days 04:11:51.239000,302.0,132.0,284.0,313.0,True,SOFT,11.0,False,Audi,0 days 04:09:50.258000,,1,9.0,,,False,True
0 days 04:13:13.724000,HUL,27,0 days 00:01:42.072000,55.0,5.0,NaT,NaT,0 days 00:00:26.044000,0 days 00:00:34.495000,0 days 00:00:41.533000,0 days 04:12:17.283000,0 days 04:12:51.778000,0 days 04:13:33.311000,287.0,133.0,272.0,321.0,False,SOFT,12.0,False,Audi,0 days 04:11:31.652000,,1,10.0,,,False,True
0 days 02:28:13.338000,VER,3,0 days 00:02:31.831000,1.0,1.0,NaT,NaT,NaT,0 days 00:00:47.414000,0 days 00:01:10.666000,NaT,0 days 02:27:22.323000,0 days 02:28:32.901000,240.0,33.0,192.0,208.0,False,INTERMEDIATE,1.0,True,Red Bull Racing,0 days 02:26:00.700000,,1,1.0,,,False,False
0 days 02:32:13.102000,VER,3,NaT,2.0,1.0,NaT,NaT,0 days 00:00:37.948000,0 days 00:00:55.597000,NaT,0 days 02:29:10.953000,0 days 02:30:06.518000,NaT,172.0,113.0,1.0,175.0,False,INTERMEDIATE,2.0,True,Red Bull Racing,0 days 02:28:13.338000,,12,6.0,,,False,False
0 days 02:34:07.652000,VER,3,0 days 00:01:54.550000,3.0,1.0,NaT,NaT,0 days 00:00:32.153000,0 days 00:00:37.928000,0 days 00:00:44.469000,0 days 02:33:04.818000,0 days 02:33:42.746000,0 days 02:34:27.215000,266.0,139.0,263.0,266.0,True,INTERMEDIATE,3.0,True,Red Bull Racing,0 days 02:32:13.102000,,1,3.0,,,False,True
0 days 02:35:56.682000,VER,3,0 days 00:01:49.030000,4.0,1.0,NaT,NaT,0 days 00:00:27.624000,0 days 00:00:37.170000,0 days 00:00:44.236000,0 days 02:34:54.839000,0 days 02:35:32.009000,0 days 02:36:16.245000,264.0,132.0,263.0,267.0,True,INTERMEDIATE,4.0,True,Red Bull Racing,0 days 02:34:07.652000,,1,3.0,,,False,True
0 days 02:37:46.316000,VER,3,0 days 00:01:49.634000,5.0,1.0,NaT,NaT,0 days 00:00:27.864000,0 days 00:00:37.350000,0 days 00:00:44.420000,0 days 02:36:44.109000,0 days 02:37:21.459000,0 days 02:38:05.879000,262.0,133.0,264.0,267.0,False,INTERMEDIATE,5.0,True,Red Bull Racing,0 days 02:35:56.682000,,1,3.0,,,False,True
0 days 02:39:36.835000,VER,3,0 days 00:01:50.519000,6.0,1.0,NaT,NaT,0 days 00:00:27.815000,0 days 00:00:37.964000,0 days 00:00:44.740000,0 days 02:38:33.694000,0 days 02:39:11.658000,0 days 02:39:56.398000,277.0,129.0,261.0,268.0,False,INTERMEDIATE,6.0,True,Red Bull Racing,0 days 02:37:46.316000,,12,2.0,,,False,True
0 days 02:41:28.291000,VER,3,0 days 00:01:51.456000,7.0,1.0,NaT,NaT,0 days 00:00:28.451000,0 days 00:00:38.091000,0 days 00:00:44.914000,0 days 02:40:24.849000,0 days 02:41:02.940000,0 days 02:41:47.854000,252.0,128.0,262.0,272.0,False,INTERMEDIATE,7.0,True,Red Bull Racing,0 days 02:39:36.835000,,1,2.0,,,False,True
0 days 02:43:20.178000,VER,3,0 days 00:01:51.887000,8.0,1.0,NaT,NaT,0 days 00:00:28.548000,0 days 00:00:38.302000,0 days 00:00:45.037000,0 days 02:42:16.402000,0 days 02:42:54.704000,0 days 02:43:39.741000,254.0,126.0,259.0,275.0,False,INTERMEDIATE,8.0,True,Red Bull Racing,0 days 02:41:28.291000,,12,2.0,,,False,True
0 days 02:45:23.734000,VER,3,0 days 00:02:03.556000,9.0,1.0,NaT,0 days 02:45:36.933000,0 days 00:00:28.952000,0 days 00:00:38.618000,0 days 00:00:55.986000,0 days 02:44:08.693000,0 days 02:44:47.311000,0 days 02:45:43.297000,275.0,122.0,,253.0,False,INTERMEDIATE,9.0,True,Red Bull Racing,0 days 02:43:20.178000,,124,2.0,,,False,False
0 days 02:48:14.747000,VER,3,NaT,10.0,2.0,0 days 02:46:04.476000,NaT,0 days 00:00:53.760000,0 days 00:00:53.585000,0 days 00:01:03.660000,0 days 02:46:37.144000,0 days 02:47:30.707000,0 days 02:48:34.502000,198.0,112.0,222.0,229.0,False,SOFT,1.0,True,Red Bull Racing,0 days 02:45:23.734000,,4,2.0,,,False,False
0 days 02:50:42.165000,VER,3,0 days 00:02:27.418000,11.0,2.0,NaT,NaT,0 days 00:00:35.909000,0 days 00:00:52.380000,0 days 00:00:59.129000,0 days 02:49:10.219000,0 days 02:50:02.599000,0 days 02:51:01.728000,178.0,118.0,182.0,212.0,False,SOFT,2.0,True,Red Bull Racing,0 days 02:48:14.747000,,4,2.0,,,False,False
0 days 02:53:22.687000,VER,3,NaT,12.0,2.0,NaT,NaT,0 days 00:00:35.683000,0 days 00:00:51.161000,0 days 00:01:13.673000,0 days 02:51:37.514000,0 days 02:52:28.671000,0 days 02:53:42.429000,228.0,128.0,262.0,177.0,False,SOFT,3.0,True,Red Bull Racing,0 days 02:50:42.165000,,41,2.0,,,False,False
0 days 02:55:07.536000,VER,3,0 days 00:01:44.849000,13.0,2.0,NaT,NaT,0 days 00:00:27.595000,0 days 00:00:35.345000,0 days 00:00:41.909000,0 days 02:54:09.845000,0 days 02:54:45.190000,0 days 02:55:27.099000,281.0,139.0,266.0,281.0,True,SOFT,4.0,True,Red Bull Racing,0 days 02:53:22.687000,,12,1.0,,,False,True
0 days 02:56:50.992000,VER,3,0 days 00:01:43.456000,14.0,2.0,NaT,NaT,0 days 00:00:26.714000,0 days 00:00:35.153000,0 days 00:00:41.589000,0 days 02:55:53.813000,0 days 02:56:28.966000,0 days 02:57:10.555000,260.0,134.0,266.0,273.0,True,SOFT,5.0,True,Red Bull Racing,0 days 02:55:07.536000,,1,1.0,,,False,True
0 days 02:58:33.219000,VER,3,0 days 00:01:42.227000,15.0,2.0,NaT,NaT,0 days 00:00:26.459000,0 days 00:00:34.756000,0 days 00:00:41.012000,0 days 02:57:37.014000,0 days 02:58:11.770000,0 days 02:58:52.782000,263.0,137.0,283.0,296.0,True,SOFT,6.0,True,Red Bull Racing,0 days 02:56:50.992000,,1,1.0,,,False,True
0 days 03:00:14.417000,VER,3,0 days 00:01:41.198000,16.0,2.0,NaT,NaT,0 days 00:00:25.938000,0 days 00:00:34.366000,0 days 00:00:40.894000,0 days 02:59:18.720000,0 days 02:59:53.086000,0 days 03:00:33.980000,274.0,140.0,285.0,295.0,True,SOFT,7.0,True,Red Bull Racing,0 days 02:58:33.219000,,12,1.0,,,False,True
0 days 03:01:55.397000,VER,3,0 days 00:01:40.980000,17.0,2.0,NaT,NaT,0 days 00:00:25.868000,0 days 00:00:34.342000,0 days 00:00:40.770000,0 days 03:00:59.848000,0 days 03:01:34.190000,0 days 03:02:14.960000,274.0,140.0,284.0,295.0,True,SOFT,8.0,True,Red Bull Racing,0 days 03:00:14.417000,,1,1.0,,,False,True
0 days 03:03:36.350000,VER,3,0 days 00:01:40.953000,18.0,2.0,NaT,NaT,0 days 00:00:25.795000,0 days 00:00:34.318000,0 days 00:00:40.840000,0 days 03:02:40.755000,0 days 03:03:15.073000,0 days 03:03:55.913000,273.0,139.0,284.0,295.0,True,SOFT,9.0,True,Red Bull Racing,0 days 03:01:55.397000,,1,1.0,,,False,True
0 days 03:05:17.736000,VER,3,0 days 00:01:41.386000,19.0,2.0,NaT,NaT,0 days 00:00:25.799000,0 days 00:00:34.528000,0 days 00:00:41.059000,0 days 03:04:21.712000,0 days 03:04:56.240000,0 days 03:05:37.299000,274.0,137.0,283.0,295.0,False,SOFT,10.0,True,Red Bull Racing,0 days 03:03:36.350000,,1,1.0,,,False,True
0 days 03:06:58.838000,VER,3,0 days 00:01:41.102000,20.0,2.0,NaT,NaT,0 days 00:00:25.809000,0 days 00:00:34.349000,0 days 00:00:40.944000,0 days 03:06:03.108000,0 days 03:06:37.457000,0 days 03:07:18.401000,275.0,138.0,283.0,295.0,False,SOFT,11.0,True,Red Bull Racing,0 days 03:05:17.736000,,1,1.0,,,False,True
0 days 03:08:39.992000,VER,3,0 days 00:01:41.154000,21.0,2.0,NaT,NaT,0 days 00:00:25.901000,0 days 00:00:34.334000,0 days 00:00:40.919000,0 days 03:07:44.302000,0 days 03:08:18.636000,0 days 03:08:59.555000,274.0,139.0,284.0,296.0,False,SOFT,12.0,True,Red Bull Racing,0 days 03:06:58.838000,,1,1.0,,,False,True
0 days 03:10:21.255000,VER,3,0 days 00:01:41.263000,22.0,2.0,NaT,NaT,0 days 00:00:25.831000,0 days 00:00:34.330000,0 days 00:00:41.102000,0 days 03:09:25.386000,0 days 03:09:59.716000,0 days 03:10:40.818000,275.0,137.0,285.0,295.0,False,SOFT,13.0,True,Red Bull Racing,0 days 03:08:39.992000,,1,1.0,,,False,True
0 days 03:12:02.664000,VER,3,0 days 00:01:41.409000,23.0,2.0,NaT,NaT,0 days 00:00:25.818000,0 days 00:00:34.508000,0 days 00:00:41.083000,0 days 03:11:06.636000,0 days 03:11:41.144000,0 days 03:12:22.227000,273.0,138.0,285.0,296.0,False,SOFT,14.0,True,Red Bull Racing,0 days 03:10:21.255000,,1,1.0,,,False,True
0 days 03:13:43.999000,VER,3,0 days 00:01:41.335000,24.0,2.0,NaT,NaT,0 days 00:00:25.790000,0 days 00:00:34.434000,0 days 00:00:41.111000,0 days 03:12:48.017000,0 days 03:13:22.451000,0 days 03:14:03.562000,274.0,138.0,284.0,295.0,False,SOFT,15.0,True,Red Bull Racing,0 days 03:12:02.664000,,1,1.0,,,False,True
0 days 03:15:25.552000,VER,3,0 days 00:01:41.553000,25.0,2.0,NaT,NaT,0 days 00:00:25.898000,0 days 00:00:34.410000,0 days 00:00:41.245000,0 days 03:14:29.460000,0 days 03:15:03.870000,0 days 03:15:45.115000,275.0,138.0,283.0,295.0,False,SOFT,16.0,True,Red Bull Racing,0 days 03:13:43.999000,,1,1.0,,,False,True
0 days 03:17:07.269000,VER,3,0 days 00:01:41.717000,26.0,2.0,NaT,NaT,0 days 00:00:25.940000,0 days 00:00:34.477000,0 days 00:00:41.300000,0 days 03:16:11.055000,0 days 03:16:45.532000,0 days 03:17:26.832000,274.0,140.0,285.0,297.0,False,SOFT,17.0,True,Red Bull Racing,0 days 03:15:25.552000,,1,1.0,,,False,True
0 days 03:18:49.022000,VER,3,0 days 00:01:41.753000,27.0,2.0,NaT,NaT,0 days 00:00:26.038000,0 days 00:00:34.421000,0 days 00:00:41.294000,0 days 03:17:52.870000,0 days 03:18:27.291000,0 days 03:19:08.585000,275.0,137.0,285.0,298.0,False,SOFT,18.0,True,Red Bull Racing,0 days 03:17:07.269000,,1,1.0,,,False,True
0 days 03:20:30.922000,VER,3,0 days 00:01:41.900000,28.0,2.0,NaT,NaT,0 days 00:00:26.080000,0 days 00:00:34.458000,0 days 00:00:41.362000,0 days 03:19:34.665000,0 days 03:20:09.123000,0 days 03:20:50.485000,276.0,138.0,284.0,297.0,False,SOFT,19.0,True,Red Bull Racing,0 days 03:18:49.022000,,1,1.0,,,False,True
0 days 03:22:12.817000,VER,3,0 days 00:01:41.895000,29.0,2.0,NaT,NaT,0 days 00:00:25.990000,0 days 00:00:34.447000,0 days 00:00:41.458000,0 days 03:21:16.475000,0 days 03:21:50.922000,0 days 03:22:32.380000,276.0,135.0,285.0,297.0,False,SOFT,20.0,True,Red Bull Racing,0 days 03:20:30.922000,,1,1.0,,,False,True
0 days 03:23:54.774000,VER,3,0 days 00:01:41.957000,30.0,2.0,NaT,NaT,0 days 00:00:25.878000,0 days 00:00:34.398000,0 days 00:00:41.681000,0 days 03:22:58.258000,0 days 03:23:32.656000,0 days 03:24:14.337000,284.0,135.0,282.0,294.0,False,SOFT,21.0,True,Red Bull Racing,0 days 03:22:12.817000,,1,1.0,,,False,True
0 days 03:25:36.779000,VER,3,0 days 00:01:42.005000,31.0,2.0,NaT,NaT,0 days 00:00:26.065000,0 days 00:00:34.376000,0 days 00:00:41.564000,0 days 03:24:40.402000,0 days 03:25:14.778000,0 days 03:25:56.342000,283.0,137.0,283.0,294.0,False,SOFT,22.0,True,Red Bull Racing,0 days 03:23:54.774000,,1,1.0,,,False,True
0 days 03:27:18.969000,VER,3,0 days 00:01:42.190000,32.0,2.0,NaT,NaT,0 days 00:00:26.075000,0 days 00:00:34.315000,0 days 00:00:41.800000,0 days 03:26:22.417000,0 days 03:26:56.732000,0 days 03:27:38.532000,282.0,135.0,284.0,293.0,False,SOFT,23.0,True,Red Bull Racing,0 days 03:25:36.779000,,1,1.0,,,False,True
0 days 03:29:07.850000,VER,3,0 days 00:01:48.881000,33.0,2.0,NaT,0 days 03:29:21.034000,0 days 00:00:26.124000,0 days 00:00:34.376000,0 days 00:00:48.381000,0 days 03:28:04.656000,0 days 03:28:39.032000,0 days 03:29:27.413000,284.0,135.0,,297.0,False,SOFT,24.0,True,Red Bull Racing,0 days 03:27:18.969000,,1,1.0,,,False,False
0 days 03:31:09.204000,VER,3,0 days 00:02:01.354000,34.0,3.0,0 days 03:29:48.843000,NaT,0 days 00:00:45.967000,0 days 00:00:34.329000,0 days 00:00:41.058000,0 days 03:30:13.380000,0 days 03:30:47.709000,0 days 03:31:28.767000,282.0,137.0,288.0,300.0,False,SOFT,,False,Red Bull Racing,0 days 03:29:07.850000,,1,1.0,,,False,False
0 days 03:32:50.092000,VER,3,0 days 00:01:40.888000,35.0,3.0,NaT,NaT,0 days 00:00:25.515000,0 days 00:00:34.456000,0 days 00:00:40.917000,0 days 03:31:54.282000,0 days 03:32:28.738000,0 days 03:33:09.655000,283.0,141.0,286.0,296.0,True,SOFT,,False,Red Bull Racing,0 days 03:31:09.204000,,1,1.0,,,False,True
0 days 03:34:30.367000,VER,3,0 days 00:01:40.275000,36.0,3.0,NaT,NaT,0 days 00:00:25.517000,0 days 00:00:33.874000,0 days 00:00:40.884000,0 days 03:33:35.172000,0 days 03:34:09.046000,0 days 03:34:49.930000,284.0,140.0,284.0,296.0,True,SOFT,,False,Red Bull Racing,0 days 03:32:50.092000,,1,1.0,,,False,True
0 days 03:36:11.042000,VER,3,0 days 00:01:40.675000,37.0,3.0,NaT,NaT,0 days 00:00:25.608000,0 days 00:00:34.162000,0 days 00:00:40.905000,0 days 03:35:15.538000,0 days 03:35:49.700000,0 days 03:36:30.605000,284.0,140.0,287.0,297.0,False,SOFT,,False,Red Bull Racing,0 days 03:34:30.367000,,1,1.0,,,False,True
0 days 03:37:51.855000,VER,3,0 days 00:01:40.813000,38.0,3.0,NaT,NaT,0 days 00:00:25.609000,0 days 00:00:34.152000,0 days 00:00:41.052000,0 days 03:36:56.214000,0 days 03:37:30.366000,0 days 03:38:11.418000,286.0,138.0,287.0,298.0,False,SOFT,,False,Red Bull Racing,0 days 03:36:11.042000,,1,1.0,,,False,True
0 days 03:39:33.028000,VER,3,0 days 00:01:41.173000,39.0,3.0,NaT,NaT,0 days 00:00:25.629000,0 days 00:00:34.214000,0 days 00:00:41.330000,0 days 03:38:37.047000,0 days 03:39:11.261000,0 days 03:39:52.591000,286.0,139.0,284.0,296.0,False,SOFT,,False,Red Bull Racing,0 days 03:37:51.855000,,1,1.0,,,False,True
0 days 03:41:13.718000,VER,3,0 days 00:01:40.690000,40.0,3.0,NaT,NaT,0 days 00:00:25.723000,0 days 00:00:34.025000,0 days 00:00:40.942000,0 days 03:40:18.314000,0 days 03:40:52.339000,0 days 03:41:33.281000,284.0,141.0,288.0,300.0,False,SOFT,,False,Red Bull Racing,0 days 03:39:33.028000,,1,1.0,,,False,True
0 days 03:42:54.653000,VER,3,0 days 00:01:40.935000,41.0,3.0,NaT,NaT,0 days 00:00:25.741000,0 days 00:00:34.137000,0 days 00:00:41.057000,0 days 03:41:59.022000,0 days 03:42:33.159000,0 days 03:43:14.216000,285.0,141.0,288.0,299.0,False,SOFT,,False,Red Bull Racing,0 days 03:41:13.718000,,1,1.0,,,False,True
0 days 03:44:35.618000,VER,3,0 days 00:01:40.965000,42.0,3.0,NaT,NaT,0 days 00:00:25.657000,0 days 00:00:34.200000,0 days 00:00:41.108000,0 days 03:43:39.873000,0 days 03:44:14.073000,0 days 03:44:55.181000,287.0,139.0,287.0,299.0,False,SOFT,,False,Red Bull Racing,0 days 03:42:54.653000,,1,1.0,,,False,True
0 days 03:46:32.701000,VER,3,0 days 00:01:57.083000,43.0,3.0,NaT,0 days 03:46:45.918000,0 days 00:00:25.824000,0 days 00:00:34.100000,0 days 00:00:57.159000,0 days 03:45:21.005000,0 days 03:45:55.105000,0 days 03:46:52.264000,286.0,138.0,,179.0,False,SOFT,,False,Red Bull Racing,0 days 03:44:35.618000,,126,1.0,,,False,False
0 days 03:49:04.244000,VER,3,NaT,44.0,4.0,0 days 03:47:13.434000,NaT,0 days 00:00:54.847000,0 days 00:00:40.980000,0 days 00:00:55.649000,0 days 03:47:47.184000,0 days 03:48:28.246000,0 days 03:49:23.871000,256.0,113.0,202.0,240.0,False,SOFT,4.0,False,Red Bull Racing,0 days 03:46:32.701000,,6,2.0,,,False,False
0 days 03:51:19.262000,VER,3,0 days 00:02:15.018000,45.0,4.0,NaT,NaT,0 days 00:00:35.309000,0 days 00:00:43.130000,0 days 00:00:56.579000,0 days 03:49:59.116000,0 days 03:50:42.246000,0 days 03:51:38.825000,263.0,105.0,110.0,183.0,False,SOFT,5.0,False,Red Bull Racing,0 days 03:49:04.244000,,6,1.0,,,False,False
0 days 03:53:50.183000,VER,3,NaT,46.0,4.0,NaT,NaT,0 days 00:00:41.611000,0 days 00:00:51.101000,0 days 00:00:58.289000,0 days 03:52:20.591000,0 days 03:53:11.544000,0 days 03:54:09.913000,168.0,117.0,172.0,257.0,False,SOFT,6.0,False,Red Bull Racing,0 days 03:51:19.262000,,64,1.0,,,False,False
0 days 03:56:17.331000,VER,3,0 days 00:02:27.148000,47.0,4.0,NaT,NaT,0 days 00:00:35.292000,0 days 00:00:51.073000,0 days 00:01:00.783000,0 days 03:54:45.038000,0 days 03:55:36.111000,0 days 03:56:36.894000,234.0,124.0,158.0,248.0,False,SOFT,7.0,False,Red Bull Racing,0 days 03:53:50.183000,,4,1.0,,,False,False
0 days 03:58:47.537000,VER,3,NaT,48.0,4.0,NaT,NaT,0 days 00:00:39.119000,0 days 00:00:50.575000,0 days 00:01:00.443000,0 days 03:57:16.082000,0 days 03:58:06.770000,0 days 03:59:07.254000,186.0,114.0,123.0,266.0,False,SOFT,8.0,False,Red Bull Racing,0 days 03:56:17.331000,,4,1.0,,,False,False
0 days 04:01:17.712000,VER,3,NaT,49.0,4.0,NaT,NaT,0 days 00:00:40.693000,0 days 00:00:50.327000,0 days 00:00:59.146000,0 days 03:59:47.848000,0 days 04:00:38.129000,0 days 04:01:37.448000,160.0,129.0,189.0,239.0,False,SOFT,9.0,False,Red Bull Racing,0 days 03:58:47.537000,,4,1.0,,,False,False
0 days 04:03:43.166000,VER,3,0 days 00:02:25.454000,50.0,4.0,NaT,NaT,0 days 00:00:34.954000,0 days 00:00:51.163000,0 days 00:00:59.337000,0 days 04:02:12.229000,0 days 04:03:03.392000,0 days 04:04:02.729000,216.0,98.0,148.0,249.0,False,SOFT,10.0,False,Red Bull Racing,0 days 04:01:17.712000,,4,1.0,,,False,False
0 days 04:06:22.492000,VER,3,NaT,51.0,4.0,NaT,NaT,0 days 00:00:38.834000,0 days 00:00:51.121000,0 days 00:01:09.408000,0 days 04:04:41.552000,0 days 04:05:32.721000,0 days 04:06:42.184000,221.0,98.0,290.0,274.0,False,SOFT,11.0,False,Red Bull Racing,0 days 04:03:43.166000,,41,1.0,,,False,False
0 days 04:08:00.915000,VER,3,0 days 00:01:38.423000,52.0,4.0,NaT,NaT,0 days 00:00:25.327000,0 days 00:00:33.093000,0 days 00:00:40.003000,0 days 04:07:07.382000,0 days 04:07:40.475000,0 days 04:08:20.478000,282.0,144.0,286.0,294.0,True,SOFT,12.0,False,Red Bull Racing,0 days 04:06:22.492000,,1,1.0,,,False,True
0 days 04:09:39.444000,VER,3,0 days 00:01:38.529000,53.0,4.0,NaT,NaT,0 days 00:00:25.395000,0 days 00:00:33.009000,0 days 00:00:40.125000,0 days 04:08:45.873000,0 days 04:09:18.882000,0 days 04:09:59.007000,282.0,143.0,287.0,295.0,False,SOFT,13.0,False,Red Bull Racing,0 days 04:08:00.915000,,1,1.0,,,False,True
0 days 04:11:18.058000,VER,3,0 days 00:01:38.614000,54.0,4.0,NaT,NaT,0 days 00:00:25.570000,0 days 00:00:32.991000,0 days 00:00:40.053000,0 days 04:10:24.577000,0 days 04:10:57.568000,0 days 04:11:37.621000,276.0,143.0,289.0,297.0,False,SOFT,14.0,False,Red Bull Racing,0 days 04:09:39.444000,,1,1.0,,,False,True
0 days 04:12:56.278000,VER,3,0 days 00:01:38.220000,55.0,4.0,NaT,NaT,0 days 00:00:25.516000,0 days 00:00:32.883000,0 days 00:00:39.821000,0 days 04:12:03.137000,0 days 04:12:36.020000,0 days 04:13:15.841000,277.0,140.0,283.0,323.0,True,SOFT,15.0,False,Red Bull Racing,0 days 04:11:18.058000,,1,1.0,,,False,True
0 days 02:28:40.563000,LAW,30,0 days 00:02:59.175000,1.0,1.0,NaT,NaT,NaT,0 days 00:00:50.420000,0 days 00:01:00.364000,NaT,0 days 02:27:59.988000,0 days 02:29:00.194000,190.0,98.0,210.0,220.0,False,INTERMEDIATE,1.0,True,Racing Bulls,0 days 02:26:00.700000,,1,10.0,,,False,False
0 days 02:32:16.018000,LAW,30,NaT,2.0,1.0,NaT,NaT,0 days 00:00:35.968000,0 days 00:00:50.021000,NaT,0 days 02:29:36.282000,0 days 02:30:26.277000,NaT,197.0,104.0,136.0,177.0,False,INTERMEDIATE,2.0,True,Racing Bulls,0 days 02:28:40.563000,,12,12.0,,,False,False
0 days 02:34:09.897000,LAW,30,0 days 00:01:53.879000,3.0,1.0,NaT,NaT,0 days 00:00:29.283000,0 days 00:00:39.395000,0 days 00:00:45.201000,0 days 02:33:04.932000,0 days 02:33:44.327000,0 days 02:34:29.528000,275.0,130.0,262.0,266.0,True,INTERMEDIATE,3.0,True,Racing Bulls,0 days 02:32:16.018000,,1,4.0,,,False,True
0 days 02:36:01.704000,LAW,30,0 days 00:01:51.807000,4.0,1.0,NaT,NaT,0 days 00:00:28.269000,0 days 00:00:38.575000,0 days 00:00:44.963000,0 days 02:34:57.797000,0 days 02:35:36.372000,0 days 02:36:21.335000,251.0,137.0,261.0,267.0,True,INTERMEDIATE,4.0,True,Racing Bulls,0 days 02:34:09.897000,,1,4.0,,,False,True
0 days 02:37:53.340000,LAW,30,0 days 00:01:51.636000,5.0,1.0,NaT,NaT,0 days 00:00:28.057000,0 days 00:00:38.156000,0 days 00:00:45.423000,0 days 02:36:49.392000,0 days 02:37:27.548000,0 days 02:38:12.971000,258.0,131.0,260.0,268.0,True,INTERMEDIATE,5.0,True,Racing Bulls,0 days 02:36:01.704000,,1,4.0,,,False,True
0 days 02:39:46.375000,LAW,30,0 days 00:01:53.035000,6.0,1.0,NaT,NaT,0 days 00:00:28.078000,0 days 00:00:38.580000,0 days 00:00:46.377000,0 days 02:38:41.049000,0 days 02:39:19.629000,0 days 02:40:06.006000,261.0,126.0,259.0,265.0,False,INTERMEDIATE,6.0,True,Racing Bulls,0 days 02:37:53.340000,,12,5.0,,,False,True
0 days 02:41:40.736000,LAW,30,0 days 00:01:54.361000,7.0,1.0,NaT,NaT,0 days 00:00:28.834000,0 days 00:00:39.278000,0 days 00:00:46.249000,0 days 02:40:34.840000,0 days 02:41:14.118000,0 days 02:42:00.367000,255.0,122.0,259.0,269.0,False,INTERMEDIATE,7.0,True,Racing Bulls,0 days 02:39:46.375000,,1,5.0,,,False,True
0 days 02:43:34.858000,LAW,30,0 days 00:01:54.122000,8.0,1.0,NaT,NaT,0 days 00:00:28.518000,0 days 00:00:39.147000,0 days 00:00:46.457000,0 days 02:42:28.885000,0 days 02:43:08.032000,0 days 02:43:54.489000,262.0,121.0,257.0,269.0,False,INTERMEDIATE,8.0,True,Racing Bulls,0 days 02:41:40.736000,,12,5.0,,,False,True
0 days 02:45:46.038000,LAW,30,0 days 00:02:11.180000,9.0,1.0,NaT,0 days 02:45:59.125000,0 days 00:00:28.702000,0 days 00:00:39.240000,0 days 00:01:03.238000,0 days 02:44:23.191000,0 days 02:45:02.431000,0 days 02:46:05.669000,265.0,119.0,,228.0,False,INTERMEDIATE,9.0,True,Racing Bulls,0 days 02:43:34.858000,,124,5.0,,,False,False
0 days 02:48:25.532000,LAW,30,NaT,10.0,2.0,0 days 02:46:27.769000,NaT,0 days 00:00:54.651000,0 days 00:00:46.722000,0 days 00:00:58.201000,0 days 02:47:00.300000,0 days 02:47:47.169000,0 days 02:48:45.270000,197.0,121.0,229.0,163.0,False,HARD,1.0,True,Racing Bulls,0 days 02:45:46.038000,,4,5.0,,,False,False
0 days 02:50:45.658000,LAW,30,0 days 00:02:20.126000,11.0,2.0,NaT,NaT,0 days 00:00:32.331000,0 days 00:00:48.447000,0 days 00:00:59.348000,0 days 02:49:17.494000,0 days 02:50:05.941000,0 days 02:51:05.289000,213.0,112.0,203.0,219.0,False,HARD,2.0,True,Racing Bulls,0 days 02:48:25.532000,,4,5.0,,,False,False
0 days 02:53:24.212000,LAW,30,NaT,12.0,2.0,NaT,NaT,0 days 00:00:36.476000,0 days 00:00:50.722000,0 days 00:01:11.358000,0 days 02:51:41.920000,0 days 02:52:32.593000,0 days 02:53:44.064000,139.0,103.0,259.0,192.0,False,HARD,3.0,True,Racing Bulls,0 days 02:50:45.658000,,41,5.0,,,False,False
0 days 02:55:12.400000,LAW,30,0 days 00:01:48.188000,13.0,2.0,NaT,NaT,0 days 00:00:28.233000,0 days 00:00:36.739000,0 days 00:00:43.216000,0 days 02:54:12.076000,0 days 02:54:48.815000,0 days 02:55:32.031000,265.0,131.0,264.0,275.0,True,HARD,4.0,True,Racing Bulls,0 days 02:53:24.212000,,12,5.0,,,False,True
0 days 02:56:58.142000,LAW,30,0 days 00:01:45.742000,14.0,2.0,NaT,NaT,0 days 00:00:27.184000,0 days 00:00:36.020000,0 days 00:00:42.538000,0 days 02:55:59.215000,0 days 02:56:35.235000,0 days 02:57:17.773000,263.0,133.0,265.0,272.0,True,HARD,5.0,True,Racing Bulls,0 days 02:55:12.400000,,1,5.0,,,False,True
0 days 02:58:42.788000,LAW,30,0 days 00:01:44.646000,15.0,2.0,NaT,NaT,0 days 00:00:27.184000,0 days 00:00:35.692000,0 days 00:00:41.770000,NaT,0 days 02:58:20.649000,0 days 02:59:02.419000,261.0,132.0,282.0,293.0,True,HARD,6.0,True,Racing Bulls,0 days 02:56:58.142000,,1,5.0,,,False,True
0 days 03:00:26.518000,LAW,30,0 days 00:01:43.730000,16.0,2.0,NaT,NaT,0 days 00:00:26.404000,0 days 00:00:35.429000,0 days 00:00:41.897000,0 days 02:59:28.823000,0 days 03:00:04.252000,0 days 03:00:46.149000,276.0,133.0,281.0,295.0,True,HARD,7.0,True,Racing Bulls,0 days 02:58:42.788000,,12,5.0,,,False,True
0 days 03:02:10.476000,LAW,30,0 days 00:01:43.958000,17.0,2.0,NaT,NaT,0 days 00:00:26.427000,0 days 00:00:35.550000,0 days 00:00:41.981000,0 days 03:01:12.576000,0 days 03:01:48.126000,0 days 03:02:30.107000,276.0,132.0,282.0,296.0,False,HARD,8.0,True,Racing Bulls,0 days 03:00:26.518000,,1,5.0,,,False,True
0 days 03:03:54.179000,LAW,30,0 days 00:01:43.703000,18.0,2.0,NaT,NaT,0 days 00:00:26.233000,0 days 00:00:35.368000,0 days 00:00:42.102000,0 days 03:02:56.340000,0 days 03:03:31.708000,0 days 03:04:13.810000,278.0,132.0,282.0,297.0,True,HARD,9.0,True,Racing Bulls,0 days 03:02:10.476000,,1,5.0,,,False,True
0 days 03:05:37.418000,LAW,30,0 days 00:01:43.239000,19.0,2.0,NaT,NaT,0 days 00:00:26.141000,0 days 00:00:34.951000,0 days 00:00:42.147000,0 days 03:04:39.951000,0 days 03:05:14.902000,0 days 03:05:57.049000,278.0,131.0,284.0,297.0,True,HARD,10.0,True,Racing Bulls,0 days 03:03:54.179000,,1,5.0,,,False,True
0 days 03:07:20.836000,LAW,30,0 days 00:01:43.418000,20.0,2.0,NaT,NaT,0 days 00:00:26.093000,0 days 00:00:35.373000,0 days 00:00:41.952000,0 days 03:06:23.142000,0 days 03:06:58.515000,0 days 03:07:40.467000,280.0,131.0,281.0,296.0,False,HARD,11.0,True,Racing Bulls,0 days 03:05:37.418000,,1,5.0,,,False,True
0 days 03:09:03.921000,LAW,30,0 days 00:01:43.085000,21.0,2.0,NaT,NaT,0 days 00:00:25.958000,0 days 00:00:35.046000,0 days 00:00:42.081000,0 days 03:08:06.425000,0 days 03:08:41.471000,0 days 03:09:23.552000,277.0,130.0,282.0,295.0,True,HARD,12.0,True,Racing Bulls,0 days 03:07:20.836000,,1,5.0,,,False,True
0 days 03:10:48.405000,LAW,30,0 days 00:01:44.484000,22.0,2.0,NaT,NaT,0 days 00:00:26.509000,0 days 00:00:35.853000,0 days 00:00:42.122000,0 days 03:09:50.061000,0 days 03:10:25.914000,0 days 03:11:08.036000,250.0,130.0,283.0,301.0,False,HARD,13.0,True,Racing Bulls,0 days 03:09:03.921000,,1,6.0,,,False,True
0 days 03:12:31.928000,LAW,30,0 days 00:01:43.523000,23.0,2.0,NaT,NaT,0 days 00:00:26.143000,0 days 00:00:35.368000,0 days 00:00:42.012000,0 days 03:11:34.179000,0 days 03:12:09.547000,0 days 03:12:51.559000,279.0,130.0,284.0,296.0,False,HARD,14.0,True,Racing Bulls,0 days 03:10:48.405000,,1,6.0,,,False,True
0 days 03:14:15.416000,LAW,30,0 days 00:01:43.488000,24.0,2.0,NaT,NaT,0 days 00:00:26.076000,0 days 00:00:35.336000,0 days 00:00:42.076000,0 days 03:13:17.635000,0 days 03:13:52.971000,0 days 03:14:35.047000,278.0,130.0,283.0,297.0,False,HARD,15.0,True,Racing Bulls,0 days 03:12:31.928000,,1,6.0,,,False,True
0 days 03:15:59.525000,LAW,30,0 days 00:01:44.109000,25.0,2.0,NaT,NaT,0 days 00:00:26.158000,0 days 00:00:35.282000,0 days 00:00:42.669000,0 days 03:15:01.205000,0 days 03:15:36.487000,0 days 03:16:19.156000,278.0,130.0,284.0,298.0,False,HARD,16.0,True,Racing Bulls,0 days 03:14:15.416000,,1,6.0,,,False,True
0 days 03:17:43.478000,LAW,30,0 days 00:01:43.953000,26.0,2.0,NaT,NaT,0 days 00:00:26.228000,0 days 00:00:35.344000,0 days 00:00:42.381000,0 days 03:16:45.384000,0 days 03:17:20.728000,0 days 03:18:03.109000,279.0,129.0,282.0,296.0,False,HARD,17.0,True,Racing Bulls,0 days 03:15:59.525000,,1,6.0,,,False,True
0 days 03:19:27.110000,LAW,30,0 days 00:01:43.632000,27.0,2.0,NaT,NaT,0 days 00:00:26.190000,0 days 00:00:35.376000,0 days 00:00:42.066000,0 days 03:18:29.299000,0 days 03:19:04.675000,0 days 03:19:46.741000,280.0,130.0,283.0,297.0,False,HARD,18.0,True,Racing Bulls,0 days 03:17:43.478000,,1,6.0,,,False,True
0 days 03:21:11.021000,LAW,30,0 days 00:01:43.911000,28.0,2.0,NaT,NaT,0 days 00:00:26.250000,0 days 00:00:35.427000,0 days 00:00:42.234000,0 days 03:20:12.991000,0 days 03:20:48.418000,0 days 03:21:30.652000,279.0,131.0,283.0,297.0,False,HARD,19.0,True,Racing Bulls,0 days 03:19:27.110000,,1,6.0,,,False,True
0 days 03:22:55.124000,LAW,30,0 days 00:01:44.103000,29.0,2.0,NaT,NaT,0 days 00:00:26.234000,0 days 00:00:35.353000,0 days 00:00:42.516000,0 days 03:21:56.886000,0 days 03:22:32.239000,0 days 03:23:14.755000,278.0,131.0,280.0,297.0,False,HARD,20.0,True,Racing Bulls,0 days 03:21:11.021000,,1,6.0,,,False,True
0 days 03:24:47.481000,LAW,30,0 days 00:01:52.357000,30.0,2.0,NaT,0 days 03:25:00.636000,0 days 00:00:26.956000,0 days 00:00:35.918000,0 days 00:00:49.483000,0 days 03:23:41.711000,0 days 03:24:17.629000,0 days 03:25:07.112000,283.0,129.0,,308.0,False,HARD,21.0,True,Racing Bulls,0 days 03:22:55.124000,,1,8.0,,,False,False
0 days 03:26:49.119000,LAW,30,0 days 00:02:01.638000,31.0,3.0,0 days 03:25:28.682000,NaT,0 days 00:00:45.737000,0 days 00:00:34.949000,0 days 00:00:40.952000,0 days 03:25:52.849000,0 days 03:26:27.798000,0 days 03:27:08.750000,282.0,134.0,288.0,308.0,False,HARD,,True,Racing Bulls,0 days 03:24:47.481000,,1,10.0,,,False,False
0 days 03:28:30.488000,LAW,30,0 days 00:01:41.369000,32.0,3.0,NaT,NaT,0 days 00:00:25.464000,0 days 00:00:34.574000,0 days 00:00:41.331000,0 days 03:27:34.214000,0 days 03:28:08.788000,0 days 03:28:50.119000,279.0,132.0,286.0,299.0,True,HARD,,True,Racing Bulls,0 days 03:26:49.119000,,1,9.0,,,False,True
0 days 03:30:12.424000,LAW,30,0 days 00:01:41.936000,33.0,3.0,NaT,NaT,0 days 00:00:25.876000,0 days 00:00:34.587000,0 days 00:00:41.473000,0 days 03:29:15.995000,0 days 03:29:50.582000,0 days 03:30:32.055000,269.0,132.0,286.0,298.0,False,HARD,,True,Racing Bulls,0 days 03:28:30.488000,,1,8.0,,,False,True
0 days 03:31:54.223000,LAW,30,0 days 00:01:41.799000,34.0,3.0,NaT,NaT,0 days 00:00:25.675000,0 days 00:00:34.632000,0 days 00:00:41.492000,0 days 03:30:57.730000,0 days 03:31:32.362000,0 days 03:32:13.854000,279.0,133.0,284.0,295.0,False,HARD,,True,Racing Bulls,0 days 03:30:12.424000,,1,7.0,,,False,True
0 days 03:33:36.233000,LAW,30,0 days 00:01:42.010000,35.0,3.0,NaT,NaT,0 days 00:00:25.769000,0 days 00:00:34.605000,0 days 00:00:41.636000,0 days 03:32:39.623000,0 days 03:33:14.228000,0 days 03:33:55.864000,279.0,133.0,292.0,298.0,False,HARD,,True,Racing Bulls,0 days 03:31:54.223000,,1,7.0,,,False,True
0 days 03:35:18.859000,LAW,30,0 days 00:01:42.626000,36.0,3.0,NaT,NaT,0 days 00:00:26.052000,0 days 00:00:35.091000,0 days 00:00:41.483000,0 days 03:34:21.916000,0 days 03:34:57.007000,0 days 03:35:38.490000,283.0,130.0,286.0,305.0,False,HARD,,True,Racing Bulls,0 days 03:33:36.233000,,1,7.0,,,False,True
0 days 03:37:01.138000,LAW,30,0 days 00:01:42.279000,37.0,3.0,NaT,NaT,0 days 00:00:25.762000,0 days 00:00:34.848000,0 days 00:00:41.669000,0 days 03:36:04.252000,0 days 03:36:39.100000,0 days 03:37:20.769000,281.0,131.0,285.0,300.0,False,HARD,,True,Racing Bulls,0 days 03:35:18.859000,,1,7.0,,,False,True
0 days 03:38:43.607000,LAW,30,0 days 00:01:42.469000,38.0,3.0,NaT,NaT,0 days 00:00:25.836000,0 days 00:00:34.900000,0 days 00:00:41.733000,0 days 03:37:46.605000,0 days 03:38:21.505000,0 days 03:39:03.238000,279.0,130.0,284.0,299.0,False,HARD,,True,Racing Bulls,0 days 03:37:01.138000,,1,7.0,,,False,True
0 days 03:40:26.815000,LAW,30,0 days 00:01:43.208000,39.0,3.0,NaT,NaT,0 days 00:00:26.307000,0 days 00:00:35.244000,0 days 00:00:41.657000,0 days 03:39:29.545000,0 days 03:40:04.789000,0 days 03:40:46.446000,280.0,132.0,288.0,303.0,False,HARD,,True,Racing Bulls,0 days 03:38:43.607000,,1,8.0,,,False,True
0 days 03:42:09.458000,LAW,30,0 days 00:01:42.643000,40.0,3.0,NaT,NaT,0 days 00:00:25.973000,0 days 00:00:35.077000,0 days 00:00:41.593000,0 days 03:41:12.419000,0 days 03:41:47.496000,0 days 03:42:29.089000,284.0,131.0,288.0,305.0,False,HARD,,True,Racing Bulls,0 days 03:40:26.815000,,1,8.0,,,False,True
0 days 03:43:52.034000,LAW,30,0 days 00:01:42.576000,41.0,3.0,NaT,NaT,0 days 00:00:25.940000,0 days 00:00:34.993000,0 days 00:00:41.643000,0 days 03:42:55.029000,0 days 03:43:30.022000,0 days 03:44:11.665000,283.0,132.0,287.0,303.0,False,HARD,,True,Racing Bulls,0 days 03:42:09.458000,,1,8.0,,,False,True
0 days 03:45:35.080000,LAW,30,0 days 00:01:43.046000,42.0,3.0,NaT,NaT,0 days 00:00:25.971000,0 days 00:00:35.311000,0 days 00:00:41.764000,0 days 03:44:37.636000,0 days 03:45:12.947000,0 days 03:45:54.711000,282.0,131.0,286.0,301.0,False,HARD,,True,Racing Bulls,0 days 03:43:52.034000,,1,8.0,,,False,True
0 days 03:47:46.515000,LAW,30,0 days 00:02:11.435000,43.0,3.0,NaT,NaT,0 days 00:00:32.444000,0 days 00:00:44.421000,0 days 00:00:54.570000,0 days 03:46:27.155000,0 days 03:47:11.576000,0 days 03:48:06.146000,217.0,93.0,239.0,241.0,False,HARD,,True,Racing Bulls,0 days 03:45:35.080000,,126,8.0,,,False,False
0 days 03:50:01.520000,LAW,30,0 days 00:02:15.005000,44.0,3.0,NaT,NaT,0 days 00:00:37.323000,0 days 00:00:41.650000,0 days 00:00:56.032000,0 days 03:48:43.469000,0 days 03:49:25.119000,0 days 03:50:21.151000,250.0,86.0,205.0,239.0,False,HARD,,True,Racing Bulls,0 days 03:47:46.515000,,6,8.0,,,False,False
0 days 03:52:20.747000,LAW,30,0 days 00:02:19.227000,45.0,3.0,NaT,0 days 03:52:33.888000,0 days 00:00:36.009000,0 days 00:00:42.171000,0 days 00:01:01.047000,0 days 03:50:57.160000,0 days 03:51:39.331000,0 days 03:52:40.378000,252.0,112.0,,231.0,False,HARD,,True,Racing Bulls,0 days 03:50:01.520000,,64,8.0,,,False,False
0 days 03:54:52.581000,LAW,30,NaT,46.0,4.0,0 days 03:53:03.685000,NaT,0 days 00:00:55.750000,0 days 00:00:42.954000,0 days 00:00:53.050000,0 days 03:53:36.319000,0 days 03:54:19.366000,0 days 03:55:12.323000,257.0,128.0,270.0,189.0,False,SOFT,1.0,True,Racing Bulls,0 days 03:52:20.747000,,4,9.0,,,False,False
0 days 03:56:43.288000,LAW,30,0 days 00:01:50.707000,47.0,4.0,NaT,NaT,0 days 00:00:27.056000,0 days 00:00:37.516000,0 days 00:00:46.135000,0 days 03:55:39.268000,0 days 03:56:16.784000,0 days 03:57:02.919000,255.0,125.0,238.0,264.0,False,SOFT,2.0,True,Racing Bulls,0 days 03:54:52.581000,,4,8.0,,,False,False
0 days 03:58:58.484000,LAW,30,0 days 00:02:15.196000,48.0,4.0,NaT,NaT,0 days 00:00:28.107000,0 days 00:00:44.509000,0 days 00:01:02.580000,0 days 03:57:31.026000,0 days 03:58:15.535000,0 days 03:59:18.115000,269.0,107.0,181.0,259.0,False,SOFT,3.0,True,Racing Bulls,0 days 03:56:43.288000,,4,8.0,,,False,False
0 days 04:01:27.747000,LAW,30,0 days 00:02:29.263000,49.0,4.0,NaT,NaT,0 days 00:00:40.323000,0 days 00:00:49.438000,0 days 00:00:59.502000,0 days 03:59:58.438000,0 days 04:00:47.876000,0 days 04:01:47.378000,172.0,70.0,209.0,265.0,False,SOFT,4.0,True,Racing Bulls,0 days 03:58:58.484000,,4,8.0,,,False,False
0 days 04:03:49.731000,LAW,30,0 days 00:02:21.984000,50.0,4.0,NaT,NaT,0 days 00:00:32.050000,0 days 00:00:49.749000,0 days 00:01:00.185000,0 days 04:02:19.428000,0 days 04:03:09.177000,0 days 04:04:09.362000,252.0,90.0,217.0,265.0,False,SOFT,5.0,True,Racing Bulls,0 days 04:01:27.747000,,4,6.0,,,False,False
0 days 04:06:25.879000,LAW,30,NaT,51.0,4.0,NaT,NaT,0 days 00:00:39.284000,0 days 00:00:51.161000,0 days 00:01:05.752000,0 days 04:04:48.755000,0 days 04:05:39.880000,0 days 04:06:45.684000,243.0,136.0,293.0,212.0,False,SOFT,6.0,True,Racing Bulls,0 days 04:03:49.731000,,41,5.0,,,False,False
0 days 04:08:06.986000,LAW,30,0 days 00:01:41.107000,52.0,4.0,NaT,NaT,0 days 00:00:25.556000,0 days 00:00:34.929000,0 days 00:00:40.622000,0 days 04:07:11.066000,0 days 04:07:45.995000,0 days 04:08:26.617000,300.0,135.0,292.0,314.0,True,SOFT,7.0,True,Racing Bulls,0 days 04:06:25.879000,,1,6.0,,,False,True
0 days 04:09:47.240000,LAW,30,0 days 00:01:40.254000,53.0,4.0,NaT,NaT,0 days 00:00:25.427000,0 days 00:00:34.196000,0 days 00:00:40.631000,0 days 04:08:52.044000,0 days 04:09:26.240000,0 days 04:10:06.871000,286.0,135.0,292.0,310.0,True,SOFT,8.0,True,Racing Bulls,0 days 04:08:06.986000,,1,6.0,,,False,True
0 days 04:11:27.970000,LAW,30,0 days 00:01:40.730000,54.0,4.0,NaT,NaT,0 days 00:00:25.597000,0 days 00:00:34.227000,0 days 00:00:40.906000,0 days 04:10:32.468000,0 days 04:11:06.695000,0 days 04:11:47.601000,282.0,132.0,290.0,304.0,False,SOFT,9.0,True,Racing Bulls,0 days 04:09:47.240000,,1,6.0,,,False,True
0 days 04:13:08.939000,LAW,30,0 days 00:01:40.969000,55.0,4.0,NaT,NaT,0 days 00:00:25.674000,0 days 00:00:34.305000,0 days 00:00:40.990000,0 days 04:12:13.275000,0 days 04:12:47.580000,0 days 04:13:28.570000,283.0,130.0,289.0,325.0,False,SOFT,10.0,True,Racing Bulls,0 days 04:11:27.970000,,1,6.0,,,False,True
0 days 02:28:57.821000,OCO,31,0 days 00:03:16.259000,1.0,1.0,NaT,NaT,NaT,0 days 00:00:51.005000,0 days 00:00:59.979000,NaT,0 days 02:28:17.451000,0 days 02:29:17.435000,185.0,105.0,225.0,197.0,False,INTERMEDIATE,1.0,True,Haas F1 Team,0 days 02:26:00.700000,,1,17.0,,,False,False
0 days 02:32:17.136000,OCO,31,NaT,2.0,1.0,NaT,NaT,0 days 00:00:35.804000,0 days 00:00:49.929000,NaT,0 days 02:29:53.165000,0 days 02:30:43.076000,NaT,182.0,106.0,161.0,153.0,False,INTERMEDIATE,2.0,True,Haas F1 Team,0 days 02:28:57.821000,,12,17.0,,,False,False
0 days 02:34:13.533000,OCO,31,0 days 00:01:56.397000,3.0,1.0,NaT,NaT,0 days 00:00:30.844000,0 days 00:00:39.349000,0 days 00:00:46.204000,0 days 02:33:07.589000,0 days 02:33:46.938000,0 days 02:34:33.142000,242.0,126.0,265.0,288.0,True,INTERMEDIATE,3.0,True,Haas F1 Team,0 days 02:32:17.136000,,1,8.0,,,False,True
0 days 02:36:05.386000,OCO,31,0 days 00:01:51.853000,4.0,1.0,NaT,NaT,0 days 00:00:28.148000,0 days 00:00:38.418000,0 days 00:00:45.287000,0 days 02:35:01.290000,0 days 02:35:39.708000,0 days 02:36:24.995000,253.0,131.0,265.0,279.0,True,INTERMEDIATE,4.0,True,Haas F1 Team,0 days 02:34:13.533000,,1,7.0,,,False,True
0 days 02:37:58.694000,OCO,31,0 days 00:01:53.308000,5.0,1.0,NaT,NaT,0 days 00:00:28.535000,0 days 00:00:39.246000,0 days 00:00:45.527000,0 days 02:36:53.530000,0 days 02:37:32.776000,0 days 02:38:18.303000,245.0,132.0,262.0,275.0,False,INTERMEDIATE,5.0,True,Haas F1 Team,0 days 02:36:05.386000,,1,7.0,,,False,True
0 days 02:39:50.893000,OCO,31,0 days 00:01:52.199000,6.0,1.0,NaT,NaT,0 days 00:00:28.244000,0 days 00:00:38.705000,0 days 00:00:45.250000,0 days 02:38:46.547000,0 days 02:39:25.252000,0 days 02:40:10.502000,259.0,125.0,259.0,270.0,False,INTERMEDIATE,6.0,True,Haas F1 Team,0 days 02:37:58.694000,,12,6.0,,,False,True
0 days 02:41:43.531000,OCO,31,0 days 00:01:52.638000,7.0,1.0,NaT,NaT,0 days 00:00:28.501000,0 days 00:00:38.201000,0 days 00:00:45.936000,0 days 02:40:39.003000,0 days 02:41:17.204000,0 days 02:42:03.140000,253.0,123.0,260.0,275.0,False,INTERMEDIATE,7.0,True,Haas F1 Team,0 days 02:39:50.893000,,1,6.0,,,False,True
0 days 02:43:37.011000,OCO,31,0 days 00:01:53.480000,8.0,1.0,NaT,NaT,0 days 00:00:28.835000,0 days 00:00:38.653000,0 days 00:00:45.992000,0 days 02:42:31.975000,0 days 02:43:10.628000,0 days 02:43:56.620000,255.0,123.0,260.0,280.0,False,INTERMEDIATE,8.0,True,Haas F1 Team,0 days 02:41:43.531000,,12,6.0,,,False,True
0 days 02:45:47.720000,OCO,31,0 days 00:02:10.709000,9.0,1.0,NaT,0 days 02:46:00.891000,0 days 00:00:29.101000,0 days 00:00:39.157000,0 days 00:01:02.451000,0 days 02:44:25.721000,0 days 02:45:04.878000,0 days 02:46:07.329000,257.0,122.0,,212.0,False,INTERMEDIATE,9.0,True,Haas F1 Team,0 days 02:43:37.011000,,124,6.0,,,False,False
0 days 02:48:27.523000,OCO,31,NaT,10.0,2.0,0 days 02:46:29.582000,NaT,0 days 00:00:55.206000,0 days 00:00:46.506000,0 days 00:00:58.091000,0 days 02:47:02.535000,0 days 02:47:49.059000,0 days 02:48:47.186000,200.0,121.0,260.0,145.0,False,SOFT,1.0,True,Haas F1 Team,0 days 02:45:47.720000,,4,6.0,,,False,False
0 days 02:50:46.698000,OCO,31,0 days 00:02:19.175000,11.0,2.0,NaT,NaT,0 days 00:00:31.446000,0 days 00:00:48.528000,0 days 00:00:59.201000,0 days 02:49:18.578000,0 days 02:50:07.106000,0 days 02:51:06.307000,214.0,115.0,203.0,215.0,False,SOFT,2.0,True,Haas F1 Team,0 days 02:48:27.523000,,4,6.0,,,False,False
0 days 02:53:24.888000,OCO,31,NaT,12.0,2.0,NaT,NaT,0 days 00:00:36.219000,0 days 00:00:51.045000,0 days 00:01:10.974000,0 days 02:51:42.593000,0 days 02:52:33.655000,0 days 02:53:44.728000,154.0,94.0,263.0,188.0,False,SOFT,3.0,True,Haas F1 Team,0 days 02:50:46.698000,,41,6.0,,,False,False
0 days 02:55:14.059000,OCO,31,0 days 00:01:49.171000,13.0,2.0,NaT,NaT,0 days 00:00:28.375000,0 days 00:00:37.458000,0 days 00:00:43.338000,0 days 02:54:12.872000,0 days 02:54:50.330000,0 days 02:55:33.668000,244.0,132.0,265.0,275.0,True,SOFT,4.0,True,Haas F1 Team,0 days 02:53:24.888000,,12,6.0,,,False,True
0 days 02:57:00.007000,OCO,31,0 days 00:01:45.948000,14.0,2.0,NaT,NaT,0 days 00:00:27.203000,0 days 00:00:35.919000,0 days 00:00:42.826000,0 days 02:56:00.871000,0 days 02:56:36.790000,0 days 02:57:19.616000,262.0,133.0,266.0,278.0,True,SOFT,5.0,True,Haas F1 Team,0 days 02:55:14.059000,,1,6.0,,,False,True
0 days 02:58:44.700000,OCO,31,0 days 00:01:44.693000,15.0,2.0,NaT,NaT,0 days 00:00:27.024000,0 days 00:00:35.893000,0 days 00:00:41.776000,0 days 02:57:46.640000,0 days 02:58:22.533000,0 days 02:59:04.309000,264.0,131.0,284.0,300.0,True,SOFT,6.0,True,Haas F1 Team,0 days 02:57:00.007000,,1,6.0,,,False,True
0 days 03:00:28.494000,OCO,31,0 days 00:01:43.794000,16.0,2.0,NaT,NaT,0 days 00:00:26.316000,0 days 00:00:35.341000,0 days 00:00:42.137000,0 days 02:59:30.625000,0 days 03:00:05.966000,0 days 03:00:48.103000,274.0,133.0,283.0,300.0,True,SOFT,7.0,True,Haas F1 Team,0 days 02:58:44.700000,,12,6.0,,,False,True
0 days 03:02:12.201000,OCO,31,0 days 00:01:43.707000,17.0,2.0,NaT,NaT,0 days 00:00:26.398000,0 days 00:00:35.347000,0 days 00:00:41.962000,0 days 03:01:14.501000,0 days 03:01:49.848000,0 days 03:02:31.810000,275.0,134.0,284.0,307.0,True,SOFT,8.0,True,Haas F1 Team,0 days 03:00:28.494000,,1,6.0,,,False,True
0 days 03:03:55.479000,OCO,31,0 days 00:01:43.278000,18.0,2.0,NaT,NaT,0 days 00:00:26.236000,0 days 00:00:35.217000,0 days 00:00:41.825000,0 days 03:02:58.046000,0 days 03:03:33.263000,0 days 03:04:15.088000,276.0,134.0,284.0,303.0,True,SOFT,9.0,True,Haas F1 Team,0 days 03:02:12.201000,,1,6.0,,,False,True
0 days 03:05:38.538000,OCO,31,0 days 00:01:43.059000,19.0,2.0,NaT,NaT,0 days 00:00:26.096000,0 days 00:00:35.160000,0 days 00:00:41.803000,0 days 03:04:41.184000,0 days 03:05:16.344000,0 days 03:05:58.147000,276.0,133.0,284.0,306.0,True,SOFT,10.0,True,Haas F1 Team,0 days 03:03:55.479000,,1,6.0,,,False,True
0 days 03:07:22.360000,OCO,31,0 days 00:01:43.822000,20.0,2.0,NaT,NaT,0 days 00:00:26.119000,0 days 00:00:35.103000,0 days 00:00:42.600000,0 days 03:06:24.266000,0 days 03:06:59.369000,0 days 03:07:41.969000,276.0,132.0,287.0,303.0,False,SOFT,11.0,True,Haas F1 Team,0 days 03:05:38.538000,,1,7.0,,,False,True
0 days 03:09:05.502000,OCO,31,0 days 00:01:43.142000,21.0,2.0,NaT,NaT,0 days 00:00:25.978000,0 days 00:00:35.236000,0 days 00:00:41.928000,0 days 03:08:07.947000,0 days 03:08:43.183000,0 days 03:09:25.111000,283.0,132.0,285.0,314.0,False,SOFT,12.0,True,Haas F1 Team,0 days 03:07:22.360000,,1,7.0,,,False,True
0 days 03:10:49.232000,OCO,31,0 days 00:01:43.730000,22.0,2.0,NaT,NaT,0 days 00:00:26.008000,0 days 00:00:35.516000,0 days 00:00:42.206000,0 days 03:09:51.119000,0 days 03:10:26.635000,0 days 03:11:08.841000,276.0,130.0,284.0,313.0,False,SOFT,13.0,True,Haas F1 Team,0 days 03:09:05.502000,,1,7.0,,,False,True
0 days 03:12:32.907000,OCO,31,0 days 00:01:43.675000,23.0,2.0,NaT,NaT,0 days 00:00:26.186000,0 days 00:00:35.373000,0 days 00:00:42.116000,0 days 03:11:35.027000,0 days 03:12:10.400000,0 days 03:12:52.516000,281.0,129.0,284.0,309.0,False,SOFT,14.0,True,Haas F1 Team,0 days 03:10:49.232000,,1,7.0,,,False,True
0 days 03:14:16.708000,OCO,31,0 days 00:01:43.801000,24.0,2.0,NaT,NaT,0 days 00:00:26.224000,0 days 00:00:35.338000,0 days 00:00:42.239000,0 days 03:13:18.740000,0 days 03:13:54.078000,0 days 03:14:36.317000,283.0,130.0,284.0,309.0,False,SOFT,15.0,True,Haas F1 Team,0 days 03:12:32.907000,,1,7.0,,,False,True
0 days 03:16:00.629000,OCO,31,0 days 00:01:43.921000,25.0,2.0,NaT,NaT,0 days 00:00:26.270000,0 days 00:00:35.427000,0 days 00:00:42.224000,0 days 03:15:02.587000,0 days 03:15:38.014000,0 days 03:16:20.238000,276.0,130.0,283.0,308.0,False,SOFT,16.0,True,Haas F1 Team,0 days 03:14:16.708000,,1,7.0,,,False,True
0 days 03:17:44.623000,OCO,31,0 days 00:01:43.994000,26.0,2.0,NaT,NaT,0 days 00:00:26.223000,0 days 00:00:35.506000,0 days 00:00:42.265000,0 days 03:16:46.461000,0 days 03:17:21.967000,0 days 03:18:04.232000,282.0,130.0,283.0,310.0,False,SOFT,17.0,True,Haas F1 Team,0 days 03:16:00.629000,,1,7.0,,,False,True
0 days 03:19:29.319000,OCO,31,0 days 00:01:44.696000,27.0,2.0,NaT,NaT,0 days 00:00:26.619000,0 days 00:00:35.784000,0 days 00:00:42.293000,0 days 03:18:30.851000,0 days 03:19:06.635000,0 days 03:19:48.928000,273.0,129.0,284.0,317.0,False,SOFT,18.0,True,Haas F1 Team,0 days 03:17:44.623000,,1,8.0,,,False,True
0 days 03:21:14.450000,OCO,31,0 days 00:01:45.131000,28.0,2.0,NaT,NaT,0 days 00:00:26.611000,0 days 00:00:35.703000,0 days 00:00:42.817000,0 days 03:20:15.539000,0 days 03:20:51.242000,0 days 03:21:34.059000,270.0,130.0,284.0,317.0,False,SOFT,19.0,True,Haas F1 Team,0 days 03:19:29.319000,,1,9.0,,,False,True
0 days 03:23:06.463000,OCO,31,0 days 00:01:52.013000,29.0,2.0,NaT,0 days 03:23:19.599000,0 days 00:00:26.530000,0 days 00:00:35.643000,0 days 00:00:49.840000,0 days 03:22:00.589000,0 days 03:22:36.232000,0 days 03:23:26.072000,283.0,128.0,,323.0,False,SOFT,20.0,True,Haas F1 Team,0 days 03:21:14.450000,,1,10.0,,,False,False
0 days 03:25:09.756000,OCO,31,0 days 00:02:03.293000,30.0,3.0,0 days 03:23:48.708000,NaT,0 days 00:00:47.534000,0 days 00:00:34.785000,0 days 00:00:40.974000,0 days 03:24:13.606000,0 days 03:24:48.391000,0 days 03:25:29.365000,278.0,135.0,289.0,313.0,False,HARD,,False,Haas F1 Team,0 days 03:23:06.463000,,1,13.0,,,False,False
0 days 03:26:52.038000,OCO,31,0 days 00:01:42.282000,31.0,3.0,NaT,NaT,0 days 00:00:25.465000,0 days 00:00:35.212000,0 days 00:00:41.605000,0 days 03:25:54.830000,0 days 03:26:30.042000,0 days 03:27:11.647000,297.0,133.0,291.0,319.0,True,HARD,,False,Haas F1 Team,0 days 03:25:09.756000,,1,12.0,,,False,True
0 days 03:28:35.707000,OCO,31,0 days 00:01:43.669000,32.0,3.0,NaT,NaT,0 days 00:00:25.806000,0 days 00:00:34.781000,0 days 00:00:43.082000,0 days 03:27:37.453000,0 days 03:28:12.234000,0 days 03:28:55.316000,290.0,131.0,284.0,299.0,False,HARD,,False,Haas F1 Team,0 days 03:26:52.038000,,1,10.0,,,False,True
0 days 03:30:19.532000,OCO,31,0 days 00:01:43.825000,33.0,3.0,NaT,NaT,0 days 00:00:26.093000,0 days 00:00:35.772000,0 days 00:00:41.960000,0 days 03:29:21.409000,0 days 03:29:57.181000,0 days 03:30:39.141000,287.0,131.0,284.0,310.0,False,HARD,,False,Haas F1 Team,0 days 03:28:35.707000,,1,10.0,,,False,True
0 days 03:32:02.450000,OCO,31,0 days 00:01:42.918000,34.0,3.0,NaT,NaT,0 days 00:00:26.127000,0 days 00:00:34.946000,0 days 00:00:41.845000,0 days 03:31:05.268000,0 days 03:31:40.214000,0 days 03:32:22.059000,281.0,131.0,285.0,307.0,False,HARD,,False,Haas F1 Team,0 days 03:30:19.532000,,1,10.0,,,False,True
0 days 03:33:45.663000,OCO,31,0 days 00:01:43.213000,35.0,3.0,NaT,NaT,0 days 00:00:26.091000,0 days 00:00:35.196000,0 days 00:00:41.926000,0 days 03:32:48.150000,0 days 03:33:23.346000,0 days 03:34:05.272000,280.0,131.0,285.0,314.0,False,HARD,,False,Haas F1 Team,0 days 03:32:02.450000,,1,10.0,,,False,True
0 days 03:35:29.798000,OCO,31,0 days 00:01:44.135000,36.0,3.0,NaT,NaT,0 days 00:00:26,0 days 00:00:35.924000,0 days 00:00:42.211000,0 days 03:34:31.272000,0 days 03:35:07.196000,0 days 03:35:49.407000,296.0,129.0,285.0,308.0,False,HARD,,False,Haas F1 Team,0 days 03:33:45.663000,,1,12.0,,,False,True
0 days 03:37:13.243000,OCO,31,0 days 00:01:43.445000,37.0,3.0,NaT,NaT,0 days 00:00:26.239000,0 days 00:00:35.093000,0 days 00:00:42.113000,0 days 03:36:15.646000,0 days 03:36:50.739000,0 days 03:37:32.852000,276.0,131.0,284.0,307.0,False,HARD,,False,Haas F1 Team,0 days 03:35:29.798000,,1,12.0,,,False,True
0 days 03:38:57.705000,OCO,31,0 days 00:01:44.462000,38.0,3.0,NaT,NaT,0 days 00:00:26.220000,0 days 00:00:35.906000,0 days 00:00:42.336000,0 days 03:37:59.072000,0 days 03:38:34.978000,0 days 03:39:17.314000,275.0,128.0,285.0,308.0,False,HARD,,False,Haas F1 Team,0 days 03:37:13.243000,,1,13.0,,,False,True
0 days 03:40:41.263000,OCO,31,0 days 00:01:43.558000,39.0,3.0,NaT,NaT,0 days 00:00:26.253000,0 days 00:00:35.135000,0 days 00:00:42.170000,0 days 03:39:43.567000,0 days 03:40:18.702000,0 days 03:41:00.872000,279.0,131.0,284.0,307.0,False,HARD,,False,Haas F1 Team,0 days 03:38:57.705000,,1,13.0,,,False,True
0 days 03:42:24.842000,OCO,31,0 days 00:01:43.579000,40.0,3.0,NaT,NaT,0 days 00:00:26.168000,0 days 00:00:35.272000,0 days 00:00:42.139000,0 days 03:41:27.040000,0 days 03:42:02.312000,0 days 03:42:44.451000,278.0,130.0,284.0,309.0,False,HARD,,False,Haas F1 Team,0 days 03:40:41.263000,,1,13.0,,,False,True
0 days 03:44:16.277000,OCO,31,0 days 00:01:51.435000,41.0,3.0,NaT,0 days 03:44:29.498000,0 days 00:00:26.297000,0 days 00:00:36.484000,0 days 00:00:48.654000,0 days 03:43:10.748000,0 days 03:43:47.232000,0 days 03:44:35.886000,278.0,128.0,,312.0,False,HARD,,False,Haas F1 Team,0 days 03:42:24.842000,,1,14.0,,,False,False
0 days 03:46:31.627000,OCO,31,0 days 00:02:15.350000,42.0,4.0,0 days 03:44:57.792000,NaT,0 days 00:00:46.976000,0 days 00:00:34.554000,0 days 00:00:53.820000,0 days 03:45:22.862000,0 days 03:45:57.416000,0 days 03:46:51.236000,277.0,133.0,185.0,201.0,False,SOFT,4.0,False,Haas F1 Team,0 days 03:44:16.277000,,126,17.0,,,False,False
0 days 03:48:45.216000,OCO,31,0 days 00:02:13.589000,43.0,4.0,NaT,NaT,0 days 00:00:34.956000,0 days 00:00:43.259000,0 days 00:00:55.374000,0 days 03:47:26.192000,0 days 03:48:09.451000,0 days 03:49:04.825000,222.0,109.0,197.0,206.0,False,SOFT,5.0,False,Haas F1 Team,0 days 03:46:31.627000,,6,16.0,,,False,False
0 days 03:50:59.067000,OCO,31,0 days 00:02:13.851000,44.0,4.0,NaT,NaT,0 days 00:00:35.208000,0 days 00:00:43.389000,0 days 00:00:55.254000,0 days 03:49:40.033000,0 days 03:50:23.422000,0 days 03:51:18.676000,211.0,121.0,203.0,220.0,False,SOFT,6.0,False,Haas F1 Team,0 days 03:48:45.216000,,6,16.0,,,False,False
0 days 03:53:12.578000,OCO,31,0 days 00:02:13.511000,45.0,4.0,NaT,NaT,0 days 00:00:35.220000,0 days 00:00:42.872000,0 days 00:00:55.419000,0 days 03:51:53.896000,0 days 03:52:36.768000,0 days 03:53:32.187000,221.0,119.0,196.0,205.0,False,SOFT,7.0,False,Haas F1 Team,0 days 03:50:59.067000,,64,16.0,,,False,False
0 days 03:55:23.595000,OCO,31,0 days 00:02:11.017000,46.0,4.0,NaT,NaT,0 days 00:00:35.293000,0 days 00:00:44.851000,0 days 00:00:50.873000,0 days 03:54:07.480000,0 days 03:54:52.331000,0 days 03:55:43.204000,222.0,108.0,283.0,233.0,False,SOFT,8.0,False,Haas F1 Team,0 days 03:53:12.578000,,4,16.0,,,False,False
0 days 03:57:11.534000,OCO,31,0 days 00:01:47.939000,47.0,4.0,NaT,NaT,0 days 00:00:27.736000,0 days 00:00:37.941000,0 days 00:00:42.262000,0 days 03:56:10.940000,0 days 03:56:48.881000,0 days 03:57:31.143000,221.0,130.0,282.0,318.0,False,SOFT,9.0,False,Haas F1 Team,0 days 03:55:23.595000,,4,16.0,,,False,False
0 days 03:59:11.232000,OCO,31,0 days 00:01:59.698000,48.0,4.0,NaT,NaT,0 days 00:00:27.088000,0 days 00:00:37.778000,0 days 00:00:54.832000,0 days 03:57:58.231000,0 days 03:58:36.009000,0 days 03:59:30.841000,271.0,120.0,213.0,201.0,False,SOFT,10.0,False,Haas F1 Team,0 days 03:57:11.534000,,4,15.0,,,False,False
0 days 04:01:36.151000,OCO,31,0 days 00:02:24.919000,49.0,4.0,NaT,NaT,0 days 00:00:35.297000,0 days 00:00:50.318000,0 days 00:00:59.304000,0 days 04:00:06.138000,0 days 04:00:56.456000,0 days 04:01:55.760000,184.0,92.0,169.0,221.0,False,SOFT,11.0,False,Haas F1 Team,0 days 03:59:11.232000,,4,15.0,,,False,False
0 days 04:03:59.727000,OCO,31,0 days 00:02:23.576000,50.0,4.0,NaT,NaT,0 days 00:00:33.991000,0 days 00:00:51.843000,0 days 00:00:57.742000,0 days 04:02:29.751000,0 days 04:03:21.594000,0 days 04:04:19.336000,223.0,120.0,131.0,235.0,False,SOFT,12.0,False,Haas F1 Team,0 days 04:01:36.151000,,4,14.0,,,False,False
0 days 04:06:29.266000,OCO,31,0 days 00:02:29.539000,51.0,4.0,NaT,NaT,0 days 00:00:39.361000,0 days 00:00:51.376000,0 days 00:00:58.802000,0 days 04:04:58.697000,0 days 04:05:50.073000,0 days 04:06:48.875000,232.0,114.0,292.0,267.0,False,SOFT,13.0,False,Haas F1 Team,0 days 04:03:59.727000,,41,14.0,,,False,False
0 days 04:08:12.144000,OCO,31,0 days 00:01:42.878000,52.0,4.0,NaT,NaT,0 days 00:00:25.943000,0 days 00:00:35.456000,0 days 00:00:41.479000,0 days 04:07:14.818000,0 days 04:07:50.274000,0 days 04:08:31.753000,297.0,136.0,291.0,324.0,False,SOFT,14.0,False,Haas F1 Team,0 days 04:06:29.266000,,1,14.0,,,False,True
0 days 04:09:54.206000,OCO,31,0 days 00:01:42.062000,53.0,4.0,NaT,NaT,0 days 00:00:25.732000,0 days 00:00:34.958000,0 days 00:00:41.372000,0 days 04:08:57.485000,0 days 04:09:32.443000,0 days 04:10:13.815000,288.0,129.0,290.0,319.0,True,SOFT,15.0,False,Haas F1 Team,0 days 04:08:12.144000,,1,14.0,,,False,True
0 days 04:11:36.606000,OCO,31,0 days 00:01:42.400000,54.0,4.0,NaT,NaT,0 days 00:00:25.791000,0 days 00:00:35.022000,0 days 00:00:41.587000,0 days 04:10:39.606000,0 days 04:11:14.628000,0 days 04:11:56.215000,294.0,130.0,290.0,315.0,False,SOFT,16.0,False,Haas F1 Team,0 days 04:09:54.206000,,1,14.0,,,False,True
0 days 04:13:18.721000,OCO,31,0 days 00:01:42.115000,55.0,4.0,NaT,NaT,0 days 00:00:25.645000,0 days 00:00:35.020000,0 days 00:00:41.450000,0 days 04:12:21.860000,0 days 04:12:56.880000,0 days 04:13:38.330000,287.0,130.0,287.0,340.0,False,SOFT,17.0,False,Haas F1 Team,0 days 04:11:36.606000,,1,14.0,,,False,True
0 days 02:29:17.466000,LIN,41,0 days 00:03:35.978000,1.0,1.0,NaT,NaT,NaT,0 days 00:00:51.037000,0 days 00:00:59.917000,NaT,0 days 02:28:37.172000,0 days 02:29:37.029000,176.0,95.0,202.0,233.0,False,INTERMEDIATE,1.0,True,Racing Bulls,0 days 02:26:00.700000,,1,21.0,,,False,False
0 days 02:32:18.037000,LIN,41,NaT,2.0,1.0,NaT,NaT,0 days 00:00:33.417000,0 days 00:00:50.403000,0 days 00:01:36.810000,0 days 02:30:10.629000,0 days 02:31:00.926000,0 days 02:32:37.792000,199.0,63.0,204.0,161.0,False,INTERMEDIATE,2.0,True,Racing Bulls,0 days 02:29:17.466000,,12,19.0,,,False,False
0 days 02:34:14.338000,LIN,41,0 days 00:01:56.301000,3.0,1.0,NaT,NaT,0 days 00:00:30.580000,0 days 00:00:39.576000,0 days 00:00:46.145000,0 days 02:33:08.180000,0 days 02:33:47.756000,0 days 02:34:33.901000,262.0,120.0,264.0,281.0,True,INTERMEDIATE,3.0,True,Racing Bulls,0 days 02:32:18.037000,,1,9.0,,,False,True
0 days 02:36:07.690000,LIN,41,0 days 00:01:53.352000,4.0,1.0,NaT,NaT,0 days 00:00:28.153000,0 days 00:00:39.557000,0 days 00:00:45.642000,0 days 02:35:02.054000,0 days 02:35:41.611000,0 days 02:36:27.253000,256.0,117.0,263.0,270.0,True,INTERMEDIATE,4.0,True,Racing Bulls,0 days 02:34:14.338000,,1,9.0,,,False,True
0 days 02:38:00.380000,LIN,41,0 days 00:01:52.690000,5.0,1.0,NaT,NaT,0 days 00:00:27.982000,0 days 00:00:39.347000,0 days 00:00:45.361000,0 days 02:36:55.235000,0 days 02:37:34.582000,0 days 02:38:19.943000,259.0,124.0,261.0,291.0,True,INTERMEDIATE,5.0,True,Racing Bulls,0 days 02:36:07.690000,,1,9.0,,,False,True
0 days 02:39:54.407000,LIN,41,0 days 00:01:54.027000,6.0,1.0,NaT,NaT,0 days 00:00:28.346000,0 days 00:00:39.393000,0 days 00:00:46.288000,0 days 02:38:48.289000,0 days 02:39:27.682000,0 days 02:40:13.970000,252.0,120.0,259.0,270.0,False,INTERMEDIATE,6.0,True,Racing Bulls,0 days 02:38:00.380000,,12,8.0,,,False,True
0 days 02:41:47.874000,LIN,41,0 days 00:01:53.467000,7.0,1.0,NaT,NaT,0 days 00:00:28.390000,0 days 00:00:39.156000,0 days 00:00:45.921000,0 days 02:40:42.360000,0 days 02:41:21.516000,0 days 02:42:07.437000,263.0,116.0,259.0,273.0,False,INTERMEDIATE,7.0,True,Racing Bulls,0 days 02:39:54.407000,,1,8.0,,,False,True
0 days 02:43:41.719000,LIN,41,0 days 00:01:53.845000,8.0,1.0,NaT,NaT,0 days 00:00:28.563000,0 days 00:00:39.270000,0 days 00:00:46.012000,0 days 02:42:36,0 days 02:43:15.270000,0 days 02:44:01.282000,263.0,116.0,258.0,274.0,False,INTERMEDIATE,8.0,True,Racing Bulls,0 days 02:41:47.874000,,12,8.0,,,False,True
0 days 02:45:52.843000,LIN,41,0 days 00:02:11.124000,9.0,1.0,NaT,0 days 02:46:06.066000,0 days 00:00:28.701000,0 days 00:00:39.569000,0 days 00:01:02.854000,0 days 02:44:29.983000,0 days 02:45:09.552000,0 days 02:46:12.406000,265.0,114.0,,229.0,False,INTERMEDIATE,9.0,True,Racing Bulls,0 days 02:43:41.719000,,124,8.0,,,False,False
0 days 02:48:32.258000,LIN,41,NaT,10.0,2.0,0 days 02:46:34.441000,NaT,0 days 00:00:54.128000,0 days 00:00:47.967000,0 days 00:00:57.264000,0 days 02:47:06.660000,0 days 02:47:54.716000,0 days 02:48:51.821000,142.0,63.0,245.0,183.0,False,HARD,1.0,True,Racing Bulls,0 days 02:45:52.843000,,4,7.0,,,False,False
0 days 02:50:47.886000,LIN,41,0 days 00:02:15.628000,11.0,2.0,NaT,NaT,0 days 00:00:30.157000,0 days 00:00:46.109000,0 days 00:00:59.362000,0 days 02:49:21.978000,0 days 02:50:08.087000,0 days 02:51:07.449000,240.0,113.0,207.0,183.0,False,HARD,2.0,True,Racing Bulls,0 days 02:48:32.258000,,4,7.0,,,False,False
0 days 02:53:25.415000,LIN,41,NaT,12.0,2.0,NaT,NaT,0 days 00:00:36.191000,0 days 00:00:50.990000,0 days 00:01:10.416000,0 days 02:51:43.811000,0 days 02:52:34.702000,0 days 02:53:45.150000,158.0,90.0,261.0,190.0,False,HARD,3.0,True,Racing Bulls,0 days 02:50:47.886000,,41,7.0,,,False,False
0 days 02:55:14.792000,LIN,41,0 days 00:01:49.377000,13.0,2.0,NaT,NaT,0 days 00:00:28.565000,0 days 00:00:37.332000,0 days 00:00:43.480000,0 days 02:54:13.543000,0 days 02:54:50.875000,0 days 02:55:34.355000,263.0,128.0,265.0,286.0,True,HARD,4.0,True,Racing Bulls,0 days 02:53:25.415000,,12,7.0,,,False,True
0 days 02:57:01.683000,LIN,41,0 days 00:01:46.891000,14.0,2.0,NaT,NaT,0 days 00:00:27.419000,0 days 00:00:36.270000,0 days 00:00:43.202000,0 days 02:56:01.774000,0 days 02:56:38.044000,0 days 02:57:21.246000,266.0,128.0,265.0,273.0,True,HARD,5.0,True,Racing Bulls,0 days 02:55:14.792000,,1,7.0,,,False,True
0 days 02:58:46.772000,LIN,41,0 days 00:01:45.089000,15.0,2.0,NaT,NaT,0 days 00:00:27.007000,0 days 00:00:35.798000,0 days 00:00:42.284000,0 days 02:57:48.253000,0 days 02:58:24.051000,0 days 02:59:06.335000,266.0,125.0,284.0,299.0,True,HARD,6.0,True,Racing Bulls,0 days 02:57:01.683000,,1,7.0,,,False,True
0 days 03:00:30.235000,LIN,41,0 days 00:01:43.463000,16.0,2.0,NaT,NaT,0 days 00:00:26.116000,0 days 00:00:35.595000,0 days 00:00:41.752000,0 days 02:59:32.451000,0 days 03:00:08.046000,0 days 03:00:49.798000,279.0,129.0,286.0,302.0,True,HARD,7.0,True,Racing Bulls,0 days 02:58:46.772000,,12,7.0,,,False,True
0 days 03:02:13.295000,LIN,41,0 days 00:01:43.060000,17.0,2.0,NaT,NaT,0 days 00:00:26.039000,0 days 00:00:35.444000,0 days 00:00:41.577000,0 days 03:01:15.837000,0 days 03:01:51.281000,0 days 03:02:32.858000,280.0,130.0,285.0,303.0,True,HARD,8.0,True,Racing Bulls,0 days 03:00:30.235000,,1,7.0,,,False,True
0 days 03:03:56.378000,LIN,41,0 days 00:01:43.083000,18.0,2.0,NaT,NaT,0 days 00:00:25.933000,0 days 00:00:35.413000,0 days 00:00:41.737000,0 days 03:02:58.791000,0 days 03:03:34.204000,0 days 03:04:15.941000,282.0,130.0,287.0,307.0,False,HARD,9.0,True,Racing Bulls,0 days 03:02:13.295000,,1,7.0,,,False,True
0 days 03:05:39.879000,LIN,41,0 days 00:01:43.501000,19.0,2.0,NaT,NaT,0 days 00:00:25.772000,0 days 00:00:35.615000,0 days 00:00:42.114000,0 days 03:04:41.713000,0 days 03:05:17.328000,0 days 03:05:59.442000,282.0,126.0,285.0,307.0,False,HARD,10.0,True,Racing Bulls,0 days 03:03:56.378000,,1,8.0,,,False,True
0 days 03:07:24.336000,LIN,41,0 days 00:01:44.457000,20.0,2.0,NaT,NaT,0 days 00:00:26.661000,0 days 00:00:35.814000,0 days 00:00:41.982000,0 days 03:06:26.103000,0 days 03:07:01.917000,0 days 03:07:43.899000,285.0,126.0,286.0,305.0,False,HARD,11.0,True,Racing Bulls,0 days 03:05:39.879000,,1,8.0,,,False,True
0 days 03:09:07.649000,LIN,41,0 days 00:01:43.313000,21.0,2.0,NaT,NaT,0 days 00:00:26.049000,0 days 00:00:35.449000,0 days 00:00:41.815000,0 days 03:08:09.948000,0 days 03:08:45.397000,0 days 03:09:27.212000,283.0,128.0,286.0,303.0,False,HARD,12.0,True,Racing Bulls,0 days 03:07:24.336000,,1,8.0,,,False,True
0 days 03:10:51.412000,LIN,41,0 days 00:01:43.763000,22.0,2.0,NaT,NaT,0 days 00:00:26.204000,0 days 00:00:35.460000,0 days 00:00:42.099000,0 days 03:09:53.416000,0 days 03:10:28.876000,0 days 03:11:10.975000,280.0,126.0,284.0,303.0,False,HARD,13.0,True,Racing Bulls,0 days 03:09:07.649000,,1,8.0,,,False,True
0 days 03:12:35.662000,LIN,41,0 days 00:01:44.250000,23.0,2.0,NaT,NaT,0 days 00:00:26.274000,0 days 00:00:35.574000,0 days 00:00:42.402000,0 days 03:11:37.249000,0 days 03:12:12.823000,0 days 03:12:55.225000,280.0,127.0,291.0,301.0,False,HARD,14.0,True,Racing Bulls,0 days 03:10:51.412000,,1,9.0,,,False,True
0 days 03:14:21.228000,LIN,41,0 days 00:01:45.566000,24.0,2.0,NaT,NaT,0 days 00:00:26.630000,0 days 00:00:36.406000,0 days 00:00:42.530000,0 days 03:13:21.855000,0 days 03:13:58.261000,0 days 03:14:40.791000,249.0,126.0,284.0,304.0,False,HARD,15.0,True,Racing Bulls,0 days 03:12:35.662000,,1,9.0,,,False,True
0 days 03:16:06.021000,LIN,41,0 days 00:01:44.793000,25.0,2.0,NaT,NaT,0 days 00:00:26.518000,0 days 00:00:35.965000,0 days 00:00:42.310000,0 days 03:15:07.309000,0 days 03:15:43.274000,0 days 03:16:25.584000,285.0,129.0,285.0,303.0,False,HARD,16.0,True,Racing Bulls,0 days 03:14:21.228000,,1,10.0,,,False,True
0 days 03:17:50.446000,LIN,41,0 days 00:01:44.425000,26.0,2.0,NaT,NaT,0 days 00:00:26.351000,0 days 00:00:35.790000,0 days 00:00:42.284000,0 days 03:16:51.935000,0 days 03:17:27.725000,0 days 03:18:10.009000,281.0,129.0,284.0,299.0,False,HARD,17.0,True,Racing Bulls,0 days 03:16:06.021000,,1,10.0,,,False,True
0 days 03:19:34.883000,LIN,41,0 days 00:01:44.437000,27.0,2.0,NaT,NaT,0 days 00:00:26.382000,0 days 00:00:35.756000,0 days 00:00:42.299000,0 days 03:18:36.391000,0 days 03:19:12.147000,0 days 03:19:54.446000,280.0,129.0,285.0,302.0,False,HARD,18.0,True,Racing Bulls,0 days 03:17:50.446000,,1,10.0,,,False,True
0 days 03:21:25.511000,LIN,41,0 days 00:01:50.628000,28.0,2.0,NaT,0 days 03:21:38.572000,0 days 00:00:26.369000,0 days 00:00:35.473000,0 days 00:00:48.786000,0 days 03:20:20.815000,0 days 03:20:56.288000,0 days 03:21:45.074000,280.0,128.0,,300.0,False,HARD,19.0,True,Racing Bulls,0 days 03:19:34.883000,,1,12.0,,,False,False
0 days 03:23:27.357000,LIN,41,0 days 00:02:01.846000,29.0,3.0,0 days 03:22:07.916000,NaT,0 days 00:00:47.098000,0 days 00:00:34.118000,0 days 00:00:40.630000,0 days 03:22:32.172000,0 days 03:23:06.290000,0 days 03:23:46.920000,286.0,134.0,287.0,315.0,False,HARD,1.0,True,Racing Bulls,0 days 03:21:25.511000,,1,13.0,,,False,False
0 days 03:25:09.184000,LIN,41,0 days 00:01:41.827000,30.0,3.0,NaT,NaT,0 days 00:00:25.879000,0 days 00:00:34.612000,0 days 00:00:41.336000,0 days 03:24:12.799000,0 days 03:24:47.411000,0 days 03:25:28.747000,277.0,132.0,285.0,299.0,True,HARD,2.0,True,Racing Bulls,0 days 03:23:27.357000,,1,12.0,,,False,True
0 days 03:26:51.858000,LIN,41,0 days 00:01:42.674000,31.0,3.0,NaT,NaT,0 days 00:00:25.976000,0 days 00:00:35.019000,0 days 00:00:41.679000,0 days 03:25:54.723000,0 days 03:26:29.742000,0 days 03:27:11.421000,300.0,128.0,288.0,303.0,False,HARD,3.0,True,Racing Bulls,0 days 03:25:09.184000,,1,11.0,,,False,True
0 days 03:28:35.807000,LIN,41,0 days 00:01:43.949000,32.0,3.0,NaT,NaT,0 days 00:00:26.208000,0 days 00:00:35.684000,0 days 00:00:42.057000,0 days 03:27:37.629000,0 days 03:28:13.313000,0 days 03:28:55.370000,288.0,128.0,288.0,302.0,False,HARD,4.0,True,Racing Bulls,0 days 03:26:51.858000,,1,11.0,,,False,True
0 days 03:30:18.784000,LIN,41,0 days 00:01:42.977000,33.0,3.0,NaT,NaT,0 days 00:00:25.889000,0 days 00:00:35.239000,0 days 00:00:41.849000,0 days 03:29:21.259000,0 days 03:29:56.498000,0 days 03:30:38.347000,298.0,128.0,281.0,299.0,False,HARD,5.0,True,Racing Bulls,0 days 03:28:35.807000,,1,9.0,,,False,True
0 days 03:32:01.606000,LIN,41,0 days 00:01:42.822000,34.0,3.0,NaT,NaT,0 days 00:00:26.237000,0 days 00:00:34.771000,0 days 00:00:41.814000,0 days 03:31:04.584000,0 days 03:31:39.355000,0 days 03:32:21.169000,278.0,132.0,284.0,297.0,False,HARD,6.0,True,Racing Bulls,0 days 03:30:18.784000,,1,9.0,,,False,True
0 days 03:33:44.707000,LIN,41,0 days 00:01:43.101000,35.0,3.0,NaT,NaT,0 days 00:00:26.137000,0 days 00:00:35.052000,0 days 00:00:41.912000,0 days 03:32:47.306000,0 days 03:33:22.358000,0 days 03:34:04.270000,280.0,129.0,286.0,299.0,False,HARD,7.0,True,Racing Bulls,0 days 03:32:01.606000,,1,9.0,,,False,True
0 days 03:35:27.617000,LIN,41,0 days 00:01:42.910000,36.0,3.0,NaT,NaT,0 days 00:00:26.224000,0 days 00:00:34.801000,0 days 00:00:41.885000,0 days 03:34:30.494000,0 days 03:35:05.295000,0 days 03:35:47.180000,281.0,129.0,285.0,301.0,False,HARD,8.0,True,Racing Bulls,0 days 03:33:44.707000,,1,9.0,,,False,True
0 days 03:37:10.622000,LIN,41,0 days 00:01:43.005000,37.0,3.0,NaT,NaT,0 days 00:00:26.062000,0 days 00:00:35.025000,0 days 00:00:41.918000,0 days 03:36:13.242000,0 days 03:36:48.267000,0 days 03:37:30.185000,280.0,128.0,285.0,301.0,False,HARD,9.0,True,Racing Bulls,0 days 03:35:27.617000,,1,9.0,,,False,True
0 days 03:38:53.465000,LIN,41,0 days 00:01:42.843000,38.0,3.0,NaT,NaT,0 days 00:00:26.024000,0 days 00:00:34.937000,0 days 00:00:41.882000,0 days 03:37:56.209000,0 days 03:38:31.146000,0 days 03:39:13.028000,280.0,130.0,285.0,298.0,False,HARD,10.0,True,Racing Bulls,0 days 03:37:10.622000,,1,10.0,,,False,True
0 days 03:40:36.422000,LIN,41,0 days 00:01:42.957000,39.0,3.0,NaT,NaT,0 days 00:00:25.961000,0 days 00:00:34.969000,0 days 00:00:42.027000,0 days 03:39:38.989000,0 days 03:40:13.958000,0 days 03:40:55.985000,311.0,130.0,284.0,300.0,False,HARD,11.0,True,Racing Bulls,0 days 03:38:53.465000,,1,10.0,,,False,True
0 days 03:42:20.851000,LIN,41,0 days 00:01:44.429000,40.0,3.0,NaT,NaT,0 days 00:00:26.531000,0 days 00:00:35.745000,0 days 00:00:42.153000,0 days 03:41:22.516000,0 days 03:41:58.261000,0 days 03:42:40.414000,285.0,128.0,287.0,302.0,False,HARD,12.0,True,Racing Bulls,0 days 03:40:36.422000,,1,11.0,,,False,True
0 days 03:44:05.438000,LIN,41,0 days 00:01:44.587000,41.0,3.0,NaT,NaT,0 days 00:00:26.475000,0 days 00:00:35.894000,0 days 00:00:42.218000,0 days 03:43:06.889000,0 days 03:43:42.783000,0 days 03:44:25.001000,291.0,129.0,288.0,305.0,False,HARD,13.0,True,Racing Bulls,0 days 03:42:20.851000,,1,12.0,,,False,True
0 days 03:45:52.693000,LIN,41,0 days 00:01:47.255000,42.0,3.0,NaT,NaT,0 days 00:00:26.280000,0 days 00:00:35.132000,0 days 00:00:45.843000,0 days 03:44:51.281000,0 days 03:45:26.413000,0 days 03:46:12.256000,283.0,127.0,176.0,301.0,False,HARD,14.0,True,Racing Bulls,0 days 03:44:05.438000,,12,12.0,,,False,True
0 days 03:48:10.503000,LIN,41,0 days 00:02:17.810000,43.0,3.0,NaT,0 days 03:48:23.746000,0 days 00:00:34.998000,0 days 00:00:43.139000,0 days 00:00:59.673000,0 days 03:46:47.254000,0 days 03:47:30.393000,0 days 03:48:30.066000,266.0,76.0,,212.0,False,HARD,15.0,True,Racing Bulls,0 days 03:45:52.693000,,216,12.0,,,False,False
0 days 03:50:41.491000,LIN,41,NaT,44.0,4.0,0 days 03:48:51.746000,NaT,0 days 00:00:53.075000,0 days 00:00:43.343000,0 days 00:00:54.526000,0 days 03:49:23.262000,0 days 03:50:06.528000,0 days 03:51:01.122000,209.0,95.0,211.0,219.0,False,SOFT,,True,Racing Bulls,0 days 03:48:10.503000,,6,12.0,,,False,False
0 days 03:52:55.260000,LIN,41,0 days 00:02:13.769000,45.0,4.0,NaT,NaT,0 days 00:00:35.363000,0 days 00:00:43.937000,0 days 00:00:54.469000,0 days 03:51:36.417000,0 days 03:52:20.354000,0 days 03:53:14.823000,252.0,96.0,193.0,216.0,False,SOFT,,True,Racing Bulls,0 days 03:50:41.491000,,64,12.0,,,False,False
0 days 03:55:07.614000,LIN,41,0 days 00:02:12.354000,46.0,4.0,NaT,NaT,0 days 00:00:37.289000,0 days 00:00:42.780000,0 days 00:00:52.285000,0 days 03:53:52.112000,0 days 03:54:34.892000,0 days 03:55:27.177000,241.0,116.0,269.0,273.0,False,SOFT,,True,Racing Bulls,0 days 03:52:55.260000,,4,12.0,,,False,False
0 days 03:57:01.216000,LIN,41,0 days 00:01:53.602000,47.0,4.0,NaT,NaT,0 days 00:00:28.817000,0 days 00:00:38.611000,0 days 00:00:46.174000,0 days 03:55:55.994000,0 days 03:56:34.605000,0 days 03:57:20.779000,261.0,120.0,259.0,268.0,False,SOFT,,True,Racing Bulls,0 days 03:55:07.614000,,4,12.0,,,False,False
0 days 03:59:05.068000,LIN,41,0 days 00:02:03.852000,48.0,4.0,NaT,NaT,0 days 00:00:28.433000,0 days 00:00:41.015000,0 days 00:00:54.404000,0 days 03:57:49.212000,0 days 03:58:30.227000,0 days 03:59:24.631000,225.0,115.0,248.0,277.0,False,SOFT,,True,Racing Bulls,0 days 03:57:01.216000,,4,11.0,,,False,False
0 days 04:01:32.135000,LIN,41,0 days 00:02:27.067000,49.0,4.0,NaT,NaT,0 days 00:00:36.825000,0 days 00:00:50.133000,0 days 00:01:00.109000,0 days 04:00:01.456000,0 days 04:00:51.589000,0 days 04:01:51.698000,226.0,81.0,182.0,221.0,False,SOFT,,True,Racing Bulls,0 days 03:59:05.068000,,4,11.0,,,False,False
0 days 04:03:54.002000,LIN,41,0 days 00:02:21.867000,50.0,4.0,NaT,NaT,0 days 00:00:31.469000,0 days 00:00:51.333000,0 days 00:00:59.065000,0 days 04:02:23.167000,0 days 04:03:14.500000,0 days 04:04:13.565000,237.0,119.0,163.0,229.0,False,SOFT,,True,Racing Bulls,0 days 04:01:32.135000,,4,9.0,,,False,False
0 days 04:06:27.213000,LIN,41,NaT,51.0,4.0,NaT,NaT,0 days 00:00:39.375000,0 days 00:00:52.354000,0 days 00:01:01.432000,0 days 04:04:53.042000,0 days 04:05:45.371000,0 days 04:06:46.918000,165.0,126.0,298.0,273.0,False,SOFT,,True,Racing Bulls,0 days 04:03:54.002000,,41,9.0,,,False,False
0 days 04:08:09.483000,LIN,41,0 days 00:01:42.270000,52.0,4.0,NaT,NaT,0 days 00:00:25.852000,0 days 00:00:35.550000,0 days 00:00:40.868000,0 days 04:07:12.628000,0 days 04:07:48.178000,0 days 04:08:29.046000,288.0,135.0,295.0,320.0,False,SOFT,,True,Racing Bulls,0 days 04:06:27.213000,,1,10.0,,,False,True
0 days 04:09:50.559000,LIN,41,0 days 00:01:41.076000,53.0,4.0,NaT,NaT,0 days 00:00:25.541000,0 days 00:00:34.815000,0 days 00:00:40.720000,0 days 04:08:54.587000,0 days 04:09:29.402000,0 days 04:10:10.122000,290.0,134.0,297.0,322.0,True,SOFT,,True,Racing Bulls,0 days 04:08:09.483000,,1,10.0,,,False,True
0 days 04:11:31.932000,LIN,41,0 days 00:01:41.373000,54.0,4.0,NaT,NaT,0 days 00:00:25.548000,0 days 00:00:34.837000,0 days 00:00:40.988000,0 days 04:10:35.670000,0 days 04:11:10.507000,0 days 04:11:51.495000,288.0,133.0,294.0,319.0,False,SOFT,,True,Racing Bulls,0 days 04:09:50.559000,,1,10.0,,,False,True
0 days 04:13:12.247000,LIN,41,0 days 00:01:40.315000,55.0,4.0,NaT,NaT,0 days 00:00:25.431000,0 days 00:00:34.084000,0 days 00:00:40.800000,0 days 04:12:16.926000,0 days 04:12:51.010000,0 days 04:13:31.810000,285.0,132.0,282.0,331.0,True,SOFT,,True,Racing Bulls,0 days 04:11:31.932000,,1,9.0,,,False,True
0 days 02:29:15.726000,COL,43,0 days 00:03:34.257000,1.0,1.0,NaT,NaT,NaT,0 days 00:00:50.824000,0 days 00:00:59.415000,NaT,0 days 02:28:35.876000,0 days 02:29:35.284000,194.0,90.0,227.0,188.0,False,SOFT,1.0,True,Alpine,0 days 02:26:00.700000,,1,20.0,,,False,False
0 days 02:32:18.719000,COL,43,NaT,2.0,1.0,NaT,NaT,0 days 00:00:34.265000,0 days 00:00:49.117000,0 days 00:01:39.651000,0 days 02:30:09.623000,0 days 02:30:58.739000,0 days 02:32:38.386000,223.0,97.0,174.0,204.0,False,SOFT,2.0,True,Alpine,0 days 02:29:15.726000,,12,21.0,,,False,False
0 days 02:34:41.142000,COL,43,0 days 00:02:22.423000,3.0,1.0,NaT,NaT,0 days 00:00:35.587000,0 days 00:00:50.730000,0 days 00:00:56.106000,0 days 02:33:13.864000,0 days 02:34:04.594000,0 days 02:35:00.700000,205.0,93.0,245.0,262.0,True,SOFT,3.0,True,Alpine,0 days 02:32:18.719000,,1,20.0,,,False,True
0 days 02:36:54.595000,COL,43,0 days 00:02:13.453000,4.0,1.0,NaT,NaT,0 days 00:00:32.767000,0 days 00:00:47.671000,0 days 00:00:53.015000,0 days 02:35:33.467000,0 days 02:36:21.138000,0 days 02:37:14.153000,240.0,96.0,247.0,281.0,True,SOFT,4.0,True,Alpine,0 days 02:34:41.142000,,1,20.0,,,False,True
0 days 02:39:02.145000,COL,43,0 days 00:02:07.550000,5.0,1.0,NaT,NaT,0 days 00:00:31.362000,0 days 00:00:44.949000,0 days 00:00:51.239000,0 days 02:37:45.515000,0 days 02:38:30.464000,0 days 02:39:21.703000,257.0,107.0,253.0,279.0,True,SOFT,5.0,True,Alpine,0 days 02:36:54.595000,,1,20.0,,,False,True
0 days 02:41:06.975000,COL,43,0 days 00:02:04.830000,6.0,1.0,NaT,NaT,0 days 00:00:30.646000,0 days 00:00:43.540000,0 days 00:00:50.644000,0 days 02:39:52.349000,0 days 02:40:35.889000,0 days 02:41:26.533000,254.0,108.0,255.0,265.0,True,SOFT,6.0,True,Alpine,0 days 02:39:02.145000,,12,20.0,,,False,True
0 days 02:43:06.909000,COL,43,0 days 00:01:59.934000,7.0,1.0,NaT,NaT,0 days 00:00:30.048000,0 days 00:00:41.661000,0 days 00:00:48.225000,0 days 02:41:56.581000,0 days 02:42:38.242000,0 days 02:43:26.467000,257.0,110.0,255.0,271.0,True,SOFT,7.0,True,Alpine,0 days 02:41:06.975000,,12,21.0,,,False,True
0 days 02:45:05.514000,COL,43,0 days 00:01:58.605000,8.0,1.0,NaT,NaT,0 days 00:00:29.132000,0 days 00:00:40.198000,0 days 00:00:49.275000,0 days 02:43:55.599000,0 days 02:44:35.797000,0 days 02:45:25.072000,260.0,118.0,192.0,271.0,True,SOFT,8.0,True,Alpine,0 days 02:43:06.909000,,12,21.0,,,False,True
0 days 02:47:35.096000,COL,43,0 days 00:02:29.582000,9.0,1.0,NaT,0 days 02:47:48.341000,0 days 00:00:36.577000,0 days 00:00:48.198000,0 days 00:01:04.807000,0 days 02:46:01.649000,0 days 02:46:49.847000,0 days 02:47:54.654000,189.0,99.0,,214.0,False,SOFT,9.0,True,Alpine,0 days 02:45:05.514000,,24,21.0,,,False,False
0 days 02:50:13.963000,COL,43,NaT,10.0,2.0,0 days 02:48:16.133000,NaT,0 days 00:00:53.603000,0 days 00:00:48.594000,0 days 00:00:56.662000,0 days 02:48:48.427000,0 days 02:49:36.859000,0 days 02:50:33.691000,217.0,116.0,232.0,219.0,False,MEDIUM,1.0,True,Alpine,0 days 02:47:35.096000,,4,21.0,,,False,False
0 days 02:52:09.196000,COL,43,0 days 00:01:55.233000,11.0,2.0,NaT,NaT,0 days 00:00:30.504000,0 days 00:00:39.482000,0 days 00:00:45.247000,0 days 02:51:04.025000,0 days 02:51:43.507000,0 days 02:52:28.754000,265.0,118.0,266.0,282.0,True,MEDIUM,2.0,True,Alpine,0 days 02:50:13.963000,,4,21.0,,,False,False
0 days 02:53:57.903000,COL,43,0 days 00:01:48.707000,12.0,2.0,NaT,NaT,0 days 00:00:27.677000,0 days 00:00:37.126000,0 days 00:00:43.904000,0 days 02:52:56.431000,0 days 02:53:33.557000,0 days 02:54:17.461000,283.0,124.0,267.0,273.0,True,MEDIUM,3.0,True,Alpine,0 days 02:52:09.196000,,41,21.0,,,False,False
0 days 02:55:44.120000,COL,43,0 days 00:01:46.217000,13.0,2.0,NaT,NaT,0 days 00:00:27.120000,0 days 00:00:36.503000,0 days 00:00:42.594000,0 days 02:54:44.581000,0 days 02:55:21.084000,0 days 02:56:03.678000,265.0,130.0,268.0,282.0,True,MEDIUM,4.0,True,Alpine,0 days 02:53:57.903000,,12,21.0,,,False,True
0 days 02:57:29.897000,COL,43,0 days 00:01:45.777000,14.0,2.0,NaT,NaT,0 days 00:00:27.112000,0 days 00:00:36.046000,0 days 00:00:42.619000,0 days 02:56:30.790000,0 days 02:57:06.836000,0 days 02:57:49.455000,261.0,128.0,268.0,279.0,True,MEDIUM,5.0,True,Alpine,0 days 02:55:44.120000,,1,21.0,,,False,True
0 days 02:59:14.719000,COL,43,0 days 00:01:44.822000,15.0,2.0,NaT,NaT,0 days 00:00:26.731000,0 days 00:00:35.459000,0 days 00:00:42.632000,0 days 02:58:16.186000,0 days 02:58:51.645000,0 days 02:59:34.277000,278.0,129.0,283.0,307.0,True,MEDIUM,6.0,True,Alpine,0 days 02:57:29.897000,,12,21.0,,,False,True
0 days 03:00:58.206000,COL,43,0 days 00:01:43.487000,16.0,2.0,NaT,NaT,0 days 00:00:26.334000,0 days 00:00:35.229000,0 days 00:00:41.924000,0 days 03:00:00.611000,0 days 03:00:35.840000,0 days 03:01:17.764000,274.0,129.0,285.0,296.0,True,MEDIUM,7.0,True,Alpine,0 days 02:59:14.719000,,21,20.0,,,False,True
0 days 03:02:41.175000,COL,43,0 days 00:01:42.969000,17.0,2.0,NaT,NaT,0 days 00:00:26.136000,0 days 00:00:35.014000,0 days 00:00:41.819000,0 days 03:01:43.900000,0 days 03:02:18.914000,0 days 03:03:00.733000,287.0,128.0,285.0,299.0,True,MEDIUM,8.0,True,Alpine,0 days 03:00:58.206000,,1,19.0,,,False,True
0 days 03:04:23.659000,COL,43,0 days 00:01:42.484000,18.0,2.0,NaT,NaT,0 days 00:00:26.019000,0 days 00:00:34.933000,0 days 00:00:41.532000,0 days 03:03:26.752000,0 days 03:04:01.685000,0 days 03:04:43.217000,287.0,131.0,286.0,300.0,True,MEDIUM,9.0,True,Alpine,0 days 03:02:41.175000,,1,19.0,,,False,True
0 days 03:06:06.103000,COL,43,0 days 00:01:42.444000,19.0,2.0,NaT,NaT,0 days 00:00:25.912000,0 days 00:00:34.884000,0 days 00:00:41.648000,0 days 03:05:09.129000,0 days 03:05:44.013000,0 days 03:06:25.661000,286.0,127.0,286.0,300.0,True,MEDIUM,10.0,True,Alpine,0 days 03:04:23.659000,,1,18.0,,,False,True
0 days 03:07:49.028000,COL,43,0 days 00:01:42.925000,20.0,2.0,NaT,NaT,0 days 00:00:25.883000,0 days 00:00:35.070000,0 days 00:00:41.972000,0 days 03:06:51.544000,0 days 03:07:26.614000,0 days 03:08:08.586000,288.0,129.0,285.0,303.0,False,MEDIUM,11.0,True,Alpine,0 days 03:06:06.103000,,1,18.0,,,False,True
0 days 03:09:32.237000,COL,43,0 days 00:01:43.209000,21.0,2.0,NaT,NaT,0 days 00:00:25.950000,0 days 00:00:35.195000,0 days 00:00:42.064000,0 days 03:08:34.536000,0 days 03:09:09.731000,0 days 03:09:51.795000,284.0,132.0,286.0,303.0,False,MEDIUM,12.0,True,Alpine,0 days 03:07:49.028000,,1,18.0,,,False,True
0 days 03:11:15.478000,COL,43,0 days 00:01:43.241000,22.0,2.0,NaT,NaT,0 days 00:00:25.983000,0 days 00:00:35.274000,0 days 00:00:41.984000,0 days 03:10:17.778000,0 days 03:10:53.052000,0 days 03:11:35.036000,285.0,127.0,286.0,305.0,False,MEDIUM,13.0,True,Alpine,0 days 03:09:32.237000,,1,18.0,,,False,True
0 days 03:12:58.944000,COL,43,0 days 00:01:43.466000,23.0,2.0,NaT,NaT,0 days 00:00:26.124000,0 days 00:00:35.259000,0 days 00:00:42.083000,0 days 03:12:01.160000,0 days 03:12:36.419000,0 days 03:13:18.502000,284.0,130.0,286.0,305.0,False,MEDIUM,14.0,True,Alpine,0 days 03:11:15.478000,,1,18.0,,,False,True
0 days 03:14:42.403000,COL,43,0 days 00:01:43.459000,24.0,2.0,NaT,NaT,0 days 00:00:25.854000,0 days 00:00:35.529000,0 days 00:00:42.076000,0 days 03:13:44.356000,0 days 03:14:19.885000,0 days 03:15:01.961000,288.0,129.0,285.0,305.0,False,MEDIUM,15.0,True,Alpine,0 days 03:12:58.944000,,1,17.0,,,False,True
0 days 03:16:26.045000,COL,43,0 days 00:01:43.642000,25.0,2.0,NaT,NaT,0 days 00:00:26.139000,0 days 00:00:35.363000,0 days 00:00:42.140000,0 days 03:15:28.100000,0 days 03:16:03.463000,0 days 03:16:45.603000,284.0,132.0,285.0,305.0,False,MEDIUM,16.0,True,Alpine,0 days 03:14:42.403000,,1,16.0,,,False,True
0 days 03:18:09.206000,COL,43,0 days 00:01:43.161000,26.0,2.0,NaT,NaT,0 days 00:00:26.093000,0 days 00:00:35.174000,0 days 00:00:41.894000,0 days 03:17:11.696000,0 days 03:17:46.870000,0 days 03:18:28.764000,287.0,133.0,285.0,304.0,False,MEDIUM,17.0,True,Alpine,0 days 03:16:26.045000,,1,15.0,,,False,True
0 days 03:19:52.678000,COL,43,0 days 00:01:43.472000,27.0,2.0,NaT,NaT,0 days 00:00:26.065000,0 days 00:00:35.338000,0 days 00:00:42.069000,0 days 03:18:54.829000,0 days 03:19:30.167000,0 days 03:20:12.236000,286.0,132.0,284.0,301.0,False,MEDIUM,18.0,True,Alpine,0 days 03:18:09.206000,,1,15.0,,,False,True
0 days 03:21:36.206000,COL,43,0 days 00:01:43.528000,28.0,2.0,NaT,NaT,0 days 00:00:26.130000,0 days 00:00:35.220000,0 days 00:00:42.178000,0 days 03:20:38.366000,0 days 03:21:13.586000,0 days 03:21:55.764000,284.0,132.0,285.0,304.0,False,MEDIUM,19.0,True,Alpine,0 days 03:19:52.678000,,1,14.0,,,False,True
0 days 03:23:20.179000,COL,43,0 days 00:01:43.973000,29.0,2.0,NaT,NaT,0 days 00:00:26.253000,0 days 00:00:35.429000,0 days 00:00:42.291000,0 days 03:22:22.017000,0 days 03:22:57.446000,0 days 03:23:39.737000,280.0,130.0,285.0,303.0,False,MEDIUM,20.0,True,Alpine,0 days 03:21:36.206000,,1,12.0,,,False,True
0 days 03:25:04.924000,COL,43,0 days 00:01:44.745000,30.0,2.0,NaT,NaT,0 days 00:00:26.362000,0 days 00:00:35.666000,0 days 00:00:42.717000,0 days 03:24:06.099000,0 days 03:24:41.765000,0 days 03:25:24.482000,282.0,134.0,285.0,301.0,False,MEDIUM,21.0,True,Alpine,0 days 03:23:20.179000,,1,11.0,,,False,True
0 days 03:26:55.577000,COL,43,0 days 00:01:50.653000,31.0,2.0,NaT,0 days 03:27:08.902000,0 days 00:00:26.363000,0 days 00:00:35.506000,0 days 00:00:48.784000,0 days 03:25:50.845000,0 days 03:26:26.351000,0 days 03:27:15.135000,285.0,127.0,,312.0,False,MEDIUM,22.0,True,Alpine,0 days 03:25:04.924000,,1,14.0,,,False,False
0 days 03:28:57.251000,COL,43,0 days 00:02:01.674000,32.0,3.0,0 days 03:27:36.314000,NaT,0 days 00:00:45.840000,0 days 00:00:34.798000,0 days 00:00:41.036000,0 days 03:28:00.975000,0 days 03:28:35.773000,0 days 03:29:16.809000,272.0,137.0,291.0,306.0,False,HARD,,False,Alpine,0 days 03:26:55.577000,,1,19.0,,,False,False
0 days 03:30:38.239000,COL,43,0 days 00:01:40.988000,33.0,3.0,NaT,NaT,0 days 00:00:25.464000,0 days 00:00:34.562000,0 days 00:00:40.962000,0 days 03:29:42.273000,0 days 03:30:16.835000,0 days 03:30:57.797000,289.0,135.0,289.0,310.0,True,HARD,,False,Alpine,0 days 03:28:57.251000,,1,18.0,,,False,True
0 days 03:32:19.459000,COL,43,0 days 00:01:41.220000,34.0,3.0,NaT,NaT,0 days 00:00:25.487000,0 days 00:00:34.652000,0 days 00:00:41.081000,0 days 03:31:23.284000,0 days 03:31:57.936000,0 days 03:32:39.017000,290.0,134.0,288.0,305.0,False,HARD,,False,Alpine,0 days 03:30:38.239000,,1,18.0,,,False,True
0 days 03:34:01.644000,COL,43,0 days 00:01:42.185000,35.0,3.0,NaT,NaT,0 days 00:00:26.013000,0 days 00:00:34.932000,0 days 00:00:41.240000,0 days 03:33:05.030000,0 days 03:33:39.962000,0 days 03:34:21.202000,281.0,135.0,290.0,310.0,False,HARD,,False,Alpine,0 days 03:32:19.459000,,1,18.0,,,False,True
0 days 03:35:43.651000,COL,43,0 days 00:01:42.007000,36.0,3.0,NaT,NaT,0 days 00:00:25.537000,0 days 00:00:34.774000,0 days 00:00:41.696000,0 days 03:34:46.739000,0 days 03:35:21.513000,0 days 03:36:03.209000,289.0,131.0,292.0,315.0,False,HARD,,False,Alpine,0 days 03:34:01.644000,,1,18.0,,,False,True
0 days 03:37:27.030000,COL,43,0 days 00:01:43.379000,37.0,3.0,NaT,NaT,0 days 00:00:25.826000,0 days 00:00:35.431000,0 days 00:00:42.122000,0 days 03:36:29.035000,0 days 03:37:04.466000,0 days 03:37:46.588000,294.0,136.0,285.0,313.0,False,HARD,,False,Alpine,0 days 03:35:43.651000,,1,16.0,,,False,True
0 days 03:39:09.538000,COL,43,0 days 00:01:42.508000,38.0,3.0,NaT,NaT,0 days 00:00:25.982000,0 days 00:00:34.953000,0 days 00:00:41.573000,0 days 03:38:12.570000,0 days 03:38:47.523000,0 days 03:39:29.096000,279.0,130.0,287.0,307.0,False,HARD,,False,Alpine,0 days 03:37:27.030000,,1,15.0,,,False,True
0 days 03:40:51.803000,COL,43,0 days 00:01:42.265000,39.0,3.0,NaT,NaT,0 days 00:00:25.857000,0 days 00:00:34.842000,0 days 00:00:41.566000,0 days 03:39:54.953000,0 days 03:40:29.795000,0 days 03:41:11.361000,284.0,130.0,288.0,305.0,False,HARD,,False,Alpine,0 days 03:39:09.538000,,1,15.0,,,False,True
0 days 03:42:33.965000,COL,43,0 days 00:01:42.162000,40.0,3.0,NaT,NaT,0 days 00:00:25.815000,0 days 00:00:34.841000,0 days 00:00:41.506000,0 days 03:41:37.176000,0 days 03:42:12.017000,0 days 03:42:53.523000,283.0,131.0,288.0,304.0,False,HARD,,False,Alpine,0 days 03:40:51.803000,,1,15.0,,,False,True
0 days 03:44:16.505000,COL,43,0 days 00:01:42.540000,41.0,3.0,NaT,NaT,0 days 00:00:25.851000,0 days 00:00:34.967000,0 days 00:00:41.722000,0 days 03:43:19.374000,0 days 03:43:54.341000,0 days 03:44:36.063000,288.0,133.0,288.0,305.0,False,HARD,,False,Alpine,0 days 03:42:33.965000,,1,15.0,,,False,True
0 days 03:46:10.196000,COL,43,0 days 00:01:53.691000,42.0,3.0,NaT,0 days 03:46:23.371000,0 days 00:00:25.831000,0 days 00:00:35.059000,0 days 00:00:52.801000,0 days 03:45:01.894000,0 days 03:45:36.953000,0 days 03:46:29.754000,287.0,130.0,,100.0,False,HARD,,False,Alpine,0 days 03:44:16.505000,,126,14.0,,,False,False
0 days 03:48:41.133000,COL,43,NaT,43.0,4.0,0 days 03:46:51.558000,NaT,0 days 00:00:52.635000,0 days 00:00:43.484000,0 days 00:00:54.789000,0 days 03:47:22.449000,0 days 03:48:05.902000,0 days 03:49:00.856000,245.0,108.0,159.0,165.0,False,MEDIUM,,False,Alpine,0 days 03:46:10.196000,,6,15.0,,,False,False
0 days 03:50:55.136000,COL,43,0 days 00:02:14.003000,44.0,4.0,NaT,NaT,0 days 00:00:34.929000,0 days 00:00:44.311000,0 days 00:00:54.763000,0 days 03:49:35.620000,0 days 03:50:19.931000,0 days 03:51:14.694000,248.0,102.0,161.0,255.0,False,MEDIUM,,False,Alpine,0 days 03:48:41.133000,,6,15.0,,,False,False
0 days 03:53:09.010000,COL,43,0 days 00:02:13.874000,45.0,4.0,NaT,NaT,0 days 00:00:34.891000,0 days 00:00:44.780000,0 days 00:00:54.203000,0 days 03:51:49.585000,0 days 03:52:34.365000,0 days 03:53:28.568000,248.0,102.0,207.0,178.0,False,MEDIUM,,False,Alpine,0 days 03:50:55.136000,,64,15.0,,,False,False
0 days 03:55:21.817000,COL,43,0 days 00:02:12.807000,46.0,4.0,NaT,NaT,0 days 00:00:36.660000,0 days 00:00:45.933000,0 days 00:00:50.214000,0 days 03:54:05.228000,0 days 03:54:51.161000,0 days 03:55:41.375000,207.0,103.0,239.0,218.0,False,MEDIUM,,False,Alpine,0 days 03:53:09.010000,,4,15.0,,,False,False
0 days 03:57:11.030000,COL,43,0 days 00:01:49.213000,47.0,4.0,NaT,NaT,0 days 00:00:29.129000,0 days 00:00:37.567000,0 days 00:00:42.517000,0 days 03:56:10.504000,0 days 03:56:48.071000,0 days 03:57:30.588000,247.0,132.0,283.0,295.0,False,MEDIUM,,False,Alpine,0 days 03:55:21.817000,,4,15.0,,,False,False
0 days 03:59:09.856000,COL,43,0 days 00:01:58.826000,48.0,4.0,NaT,NaT,0 days 00:00:26.897000,0 days 00:00:37.839000,0 days 00:00:54.090000,0 days 03:57:57.485000,0 days 03:58:35.324000,0 days 03:59:29.414000,281.0,125.0,274.0,206.0,False,MEDIUM,,False,Alpine,0 days 03:57:11.030000,,4,14.0,,,False,False
0 days 04:01:35.199000,COL,43,0 days 00:02:25.343000,49.0,4.0,NaT,NaT,0 days 00:00:36.093000,0 days 00:00:49.492000,0 days 00:00:59.758000,0 days 04:00:05.507000,0 days 04:00:54.999000,0 days 04:01:54.757000,210.0,94.0,171.0,238.0,False,MEDIUM,,False,Alpine,0 days 03:59:09.856000,,4,14.0,,,False,False
0 days 04:03:58.944000,COL,43,0 days 00:02:23.745000,50.0,4.0,NaT,NaT,0 days 00:00:33.703000,0 days 00:00:52.331000,0 days 00:00:57.711000,0 days 04:02:28.460000,0 days 04:03:20.791000,0 days 04:04:18.502000,221.0,118.0,138.0,231.0,False,MEDIUM,,False,Alpine,0 days 04:01:35.199000,,4,13.0,,,False,False
0 days 04:06:28.855000,COL,43,0 days 00:02:29.911000,51.0,4.0,NaT,NaT,0 days 00:00:38.162000,0 days 00:00:52.628000,0 days 00:00:59.121000,0 days 04:04:56.664000,0 days 04:05:49.292000,0 days 04:06:48.413000,212.0,119.0,293.0,247.0,False,MEDIUM,,False,Alpine,0 days 04:03:58.944000,,41,13.0,,,False,False
0 days 04:08:11,COL,43,0 days 00:01:42.145000,52.0,4.0,NaT,NaT,0 days 00:00:26.021000,0 days 00:00:35.060000,0 days 00:00:41.064000,0 days 04:07:14.434000,0 days 04:07:49.494000,0 days 04:08:30.558000,311.0,135.0,291.0,325.0,False,MEDIUM,,False,Alpine,0 days 04:06:28.855000,,1,12.0,,,False,True
0 days 04:09:52.379000,COL,43,0 days 00:01:41.379000,53.0,4.0,NaT,NaT,0 days 00:00:25.651000,0 days 00:00:34.738000,0 days 00:00:40.990000,0 days 04:08:56.209000,0 days 04:09:30.947000,0 days 04:10:11.937000,297.0,136.0,293.0,322.0,False,MEDIUM,,False,Alpine,0 days 04:08:11,,1,12.0,,,False,True
0 days 04:11:33.727000,COL,43,0 days 00:01:41.348000,54.0,4.0,NaT,NaT,0 days 00:00:25.486000,0 days 00:00:34.711000,0 days 00:00:41.151000,0 days 04:10:37.423000,0 days 04:11:12.134000,0 days 04:11:53.285000,299.0,136.0,294.0,335.0,False,MEDIUM,,False,Alpine,0 days 04:09:52.379000,,1,12.0,,,False,True
0 days 04:13:15.271000,COL,43,0 days 00:01:41.544000,55.0,4.0,NaT,NaT,0 days 00:00:25.571000,0 days 00:00:34.902000,0 days 00:00:41.071000,0 days 04:12:18.856000,0 days 04:12:53.758000,0 days 04:13:34.829000,291.0,133.0,292.0,347.0,False,MEDIUM,,False,Alpine,0 days 04:11:33.727000,,1,12.0,,,False,True
0 days 02:28:18.174000,HAM,44,0 days 00:02:36.754000,1.0,1.0,NaT,NaT,NaT,0 days 00:00:51.825000,0 days 00:01:02.771000,NaT,0 days 02:27:35.055000,0 days 02:28:37.891000,199.0,89.0,234.0,220.0,False,SOFT,1.0,True,Ferrari,0 days 02:26:00.700000,,1,2.0,,,False,False
0 days 02:32:13.672000,HAM,44,NaT,2.0,1.0,NaT,NaT,0 days 00:00:38.270000,0 days 00:00:52.038000,NaT,0 days 02:29:16.219000,0 days 02:30:08.198000,NaT,202.0,100.0,1.0,170.0,False,SOFT,2.0,True,Ferrari,0 days 02:28:18.174000,,12,7.0,,,False,False
0 days 02:34:35.204000,HAM,44,0 days 00:02:21.532000,3.0,1.0,NaT,NaT,0 days 00:00:36.910000,0 days 00:00:48.339000,0 days 00:00:56.283000,0 days 02:33:10.234000,0 days 02:33:58.573000,0 days 02:34:54.856000,229.0,92.0,242.0,231.0,True,SOFT,3.0,True,Ferrari,0 days 02:32:13.672000,,1,15.0,,,False,True
0 days 02:36:48.278000,HAM,44,0 days 00:02:13.074000,4.0,1.0,NaT,NaT,0 days 00:00:32.527000,0 days 00:00:47.668000,0 days 00:00:52.879000,0 days 02:35:27.383000,0 days 02:36:15.051000,0 days 02:37:07.930000,233.0,102.0,245.0,278.0,True,SOFT,4.0,True,Ferrari,0 days 02:34:35.204000,,1,17.0,,,False,True
0 days 02:38:52.529000,HAM,44,0 days 00:02:04.251000,5.0,1.0,NaT,NaT,0 days 00:00:30.669000,0 days 00:00:43.355000,0 days 00:00:50.227000,0 days 02:37:38.599000,0 days 02:38:21.954000,0 days 02:39:12.181000,260.0,106.0,247.0,285.0,True,SOFT,5.0,True,Ferrari,0 days 02:36:48.278000,,1,17.0,,,False,True
0 days 02:40:53.808000,HAM,44,0 days 00:02:01.279000,6.0,1.0,NaT,NaT,0 days 00:00:30.100000,0 days 00:00:42.215000,0 days 00:00:48.964000,0 days 02:39:42.281000,0 days 02:40:24.496000,0 days 02:41:13.460000,266.0,110.0,247.0,287.0,True,SOFT,6.0,True,Ferrari,0 days 02:38:52.529000,,12,17.0,,,False,True
0 days 02:42:50.357000,HAM,44,0 days 00:01:56.549000,7.0,1.0,NaT,NaT,0 days 00:00:29.508000,0 days 00:00:40.382000,0 days 00:00:46.659000,0 days 02:41:42.968000,0 days 02:42:23.350000,0 days 02:43:10.009000,270.0,117.0,255.0,272.0,True,SOFT,7.0,True,Ferrari,0 days 02:40:53.808000,,12,17.0,,,False,True
0 days 02:44:43.233000,HAM,44,0 days 00:01:52.876000,8.0,1.0,NaT,NaT,0 days 00:00:28.653000,0 days 00:00:38.872000,0 days 00:00:45.351000,0 days 02:43:38.662000,0 days 02:44:17.534000,0 days 02:45:02.885000,274.0,127.0,260.0,279.0,True,SOFT,8.0,True,Ferrari,0 days 02:42:50.357000,,1,17.0,,,False,True
0 days 02:47:03.627000,HAM,44,0 days 00:02:20.394000,9.0,1.0,NaT,NaT,0 days 00:00:34.781000,0 days 00:00:47.058000,0 days 00:00:58.555000,0 days 02:45:37.666000,0 days 02:46:24.724000,0 days 02:47:23.279000,216.0,86.0,244.0,191.0,False,SOFT,9.0,True,Ferrari,0 days 02:44:43.233000,,124,16.0,,,False,False
0 days 02:49:27.152000,HAM,44,0 days 00:02:23.525000,10.0,1.0,NaT,NaT,0 days 00:00:39.893000,0 days 00:00:46.982000,0 days 00:00:56.650000,0 days 02:48:03.172000,0 days 02:48:50.154000,0 days 02:49:46.804000,221.0,64.0,252.0,221.0,False,SOFT,10.0,True,Ferrari,0 days 02:47:03.627000,,4,15.0,,,False,False
0 days 02:51:20.774000,HAM,44,0 days 00:01:53.622000,11.0,1.0,NaT,NaT,0 days 00:00:28.308000,0 days 00:00:38.749000,0 days 00:00:46.565000,0 days 02:50:15.112000,0 days 02:50:53.861000,0 days 02:51:40.426000,271.0,120.0,256.0,240.0,False,SOFT,11.0,True,Ferrari,0 days 02:49:27.152000,,4,15.0,,,False,False
0 days 02:53:28.837000,HAM,44,0 days 00:02:08.063000,12.0,1.0,NaT,NaT,0 days 00:00:27.623000,0 days 00:00:36.853000,0 days 00:01:03.587000,0 days 02:52:08.049000,0 days 02:52:44.902000,0 days 02:53:48.489000,274.0,125.0,262.0,188.0,False,SOFT,12.0,True,Ferrari,0 days 02:51:20.774000,,41,15.0,,,False,False
0 days 02:55:19.812000,HAM,44,0 days 00:01:50.975000,13.0,1.0,NaT,NaT,0 days 00:00:28.673000,0 days 00:00:38.255000,0 days 00:00:44.047000,0 days 02:54:17.162000,0 days 02:54:55.417000,0 days 02:55:39.464000,275.0,126.0,265.0,292.0,True,SOFT,13.0,True,Ferrari,0 days 02:53:28.837000,,12,12.0,,,False,True
0 days 02:57:04.735000,HAM,44,0 days 00:01:44.923000,14.0,1.0,NaT,NaT,0 days 00:00:27.066000,0 days 00:00:35.767000,0 days 00:00:42.090000,0 days 02:56:06.530000,0 days 02:56:42.297000,0 days 02:57:24.387000,262.0,131.0,265.0,274.0,True,SOFT,14.0,True,Ferrari,0 days 02:55:19.812000,,1,11.0,,,False,True
0 days 02:58:49.333000,HAM,44,0 days 00:01:44.598000,15.0,1.0,NaT,NaT,0 days 00:00:26.881000,0 days 00:00:35.988000,0 days 00:00:41.729000,0 days 02:57:51.268000,0 days 02:58:27.256000,0 days 02:59:08.985000,275.0,133.0,287.0,318.0,True,SOFT,15.0,True,Ferrari,0 days 02:57:04.735000,,1,10.0,,,False,True
0 days 03:00:31.377000,HAM,44,0 days 00:01:42.044000,16.0,1.0,NaT,NaT,0 days 00:00:26.057000,0 days 00:00:34.500000,0 days 00:00:41.487000,0 days 02:59:35.042000,0 days 03:00:09.542000,0 days 03:00:51.029000,281.0,132.0,286.0,307.0,True,SOFT,16.0,True,Ferrari,0 days 02:58:49.333000,,12,9.0,,,False,True
0 days 03:02:14.161000,HAM,44,0 days 00:01:42.784000,17.0,1.0,NaT,NaT,0 days 00:00:25.706000,0 days 00:00:35.440000,0 days 00:00:41.638000,0 days 03:01:16.735000,0 days 03:01:52.175000,0 days 03:02:33.813000,287.0,136.0,287.0,322.0,False,SOFT,17.0,True,Ferrari,0 days 03:00:31.377000,,1,9.0,,,False,True
0 days 03:03:57.099000,HAM,44,0 days 00:01:42.938000,18.0,1.0,NaT,NaT,0 days 00:00:25.960000,0 days 00:00:35.361000,0 days 00:00:41.617000,0 days 03:02:59.773000,0 days 03:03:35.134000,0 days 03:04:16.751000,285.0,131.0,287.0,315.0,False,SOFT,18.0,True,Ferrari,0 days 03:02:14.161000,,1,9.0,,,False,True
0 days 03:05:39.597000,HAM,44,0 days 00:01:42.498000,19.0,1.0,NaT,NaT,0 days 00:00:25.899000,0 days 00:00:34.996000,0 days 00:00:41.603000,0 days 03:04:42.650000,0 days 03:05:17.646000,0 days 03:05:59.249000,300.0,131.0,284.0,315.0,False,SOFT,19.0,True,Ferrari,0 days 03:03:57.099000,,1,7.0,,,False,True
0 days 03:07:21.892000,HAM,44,0 days 00:01:42.295000,20.0,1.0,NaT,NaT,0 days 00:00:25.981000,0 days 00:00:34.677000,0 days 00:00:41.637000,0 days 03:06:25.230000,0 days 03:06:59.907000,0 days 03:07:41.544000,273.0,133.0,283.0,314.0,False,SOFT,20.0,True,Ferrari,0 days 03:05:39.597000,,1,6.0,,,False,True
0 days 03:09:04.382000,HAM,44,0 days 00:01:42.490000,21.0,1.0,NaT,NaT,0 days 00:00:25.730000,0 days 00:00:34.812000,0 days 00:00:41.948000,0 days 03:08:07.274000,0 days 03:08:42.086000,0 days 03:09:24.034000,273.0,130.0,285.0,307.0,False,SOFT,21.0,True,Ferrari,0 days 03:07:21.892000,,1,6.0,,,False,True
0 days 03:10:46.240000,HAM,44,0 days 00:01:41.858000,22.0,1.0,NaT,NaT,0 days 00:00:25.813000,0 days 00:00:34.561000,0 days 00:00:41.484000,0 days 03:09:49.847000,0 days 03:10:24.408000,0 days 03:11:05.892000,270.0,130.0,280.0,302.0,True,SOFT,22.0,True,Ferrari,0 days 03:09:04.382000,,1,5.0,,,False,True
0 days 03:12:28.414000,HAM,44,0 days 00:01:42.174000,23.0,1.0,NaT,NaT,0 days 00:00:26.123000,0 days 00:00:34.663000,0 days 00:00:41.388000,0 days 03:11:32.015000,0 days 03:12:06.678000,0 days 03:12:48.066000,270.0,131.0,282.0,297.0,False,SOFT,23.0,True,Ferrari,0 days 03:10:46.240000,,1,5.0,,,False,True
0 days 03:14:10.891000,HAM,44,0 days 00:01:42.477000,24.0,1.0,NaT,NaT,0 days 00:00:26.451000,0 days 00:00:34.321000,0 days 00:00:41.705000,0 days 03:13:14.517000,0 days 03:13:48.838000,0 days 03:14:30.543000,268.0,130.0,280.0,297.0,False,SOFT,24.0,True,Ferrari,0 days 03:12:28.414000,,1,5.0,,,False,True
0 days 03:15:52.618000,HAM,44,0 days 00:01:41.727000,25.0,1.0,NaT,NaT,0 days 00:00:25.852000,0 days 00:00:34.215000,0 days 00:00:41.660000,0 days 03:14:56.395000,0 days 03:15:30.610000,0 days 03:16:12.270000,275.0,131.0,281.0,293.0,True,SOFT,25.0,True,Ferrari,0 days 03:14:10.891000,,1,5.0,,,False,True
0 days 03:17:34.841000,HAM,44,0 days 00:01:42.223000,26.0,1.0,NaT,NaT,0 days 00:00:26.367000,0 days 00:00:34.357000,0 days 00:00:41.499000,0 days 03:16:38.637000,0 days 03:17:12.994000,0 days 03:17:54.493000,269.0,131.0,281.0,302.0,False,SOFT,26.0,True,Ferrari,0 days 03:15:52.618000,,1,5.0,,,False,True
0 days 03:19:16.854000,HAM,44,0 days 00:01:42.013000,27.0,1.0,NaT,NaT,0 days 00:00:26.168000,0 days 00:00:34.398000,0 days 00:00:41.447000,0 days 03:18:20.661000,0 days 03:18:55.059000,0 days 03:19:36.506000,274.0,129.0,282.0,304.0,False,SOFT,27.0,True,Ferrari,0 days 03:17:34.841000,,1,5.0,,,False,True
0 days 03:20:59.130000,HAM,44,0 days 00:01:42.276000,28.0,1.0,NaT,NaT,0 days 00:00:26.136000,0 days 00:00:34.371000,0 days 00:00:41.769000,0 days 03:20:02.642000,0 days 03:20:37.013000,0 days 03:21:18.782000,272.0,129.0,282.0,295.0,False,SOFT,28.0,True,Ferrari,0 days 03:19:16.854000,,1,5.0,,,False,True
0 days 03:22:41.275000,HAM,44,0 days 00:01:42.145000,29.0,1.0,NaT,NaT,0 days 00:00:26.180000,0 days 00:00:34.364000,0 days 00:00:41.601000,0 days 03:21:44.962000,0 days 03:22:19.326000,0 days 03:23:00.927000,272.0,128.0,282.0,305.0,False,SOFT,29.0,True,Ferrari,0 days 03:20:59.130000,,1,5.0,,,False,True
0 days 03:24:23.779000,HAM,44,0 days 00:01:42.504000,30.0,1.0,NaT,NaT,0 days 00:00:26.564000,0 days 00:00:34.366000,0 days 00:00:41.574000,0 days 03:23:27.491000,0 days 03:24:01.857000,0 days 03:24:43.431000,270.0,130.0,282.0,308.0,False,SOFT,30.0,True,Ferrari,0 days 03:22:41.275000,,1,5.0,,,False,True
0 days 03:26:12.647000,HAM,44,0 days 00:01:48.868000,31.0,1.0,NaT,0 days 03:26:25.808000,0 days 00:00:26.364000,0 days 00:00:34.472000,0 days 00:00:48.032000,0 days 03:25:09.795000,0 days 03:25:44.267000,0 days 03:26:32.299000,271.0,128.0,,304.0,False,SOFT,31.0,True,Ferrari,0 days 03:24:23.779000,,1,5.0,,,False,False
0 days 03:28:13.124000,HAM,44,0 days 00:02:00.477000,32.0,2.0,0 days 03:26:53.636000,NaT,0 days 00:00:45.670000,0 days 00:00:34.178000,0 days 00:00:40.629000,0 days 03:27:17.969000,0 days 03:27:52.147000,0 days 03:28:32.776000,280.0,132.0,286.0,310.0,False,MEDIUM,4.0,False,Ferrari,0 days 03:26:12.647000,,1,7.0,,,False,False
0 days 03:29:53.302000,HAM,44,0 days 00:01:40.178000,33.0,2.0,NaT,NaT,0 days 00:00:25.761000,0 days 00:00:33.758000,0 days 00:00:40.659000,0 days 03:28:58.537000,0 days 03:29:32.295000,0 days 03:30:12.954000,275.0,133.0,287.0,312.0,True,MEDIUM,5.0,False,Ferrari,0 days 03:28:13.124000,,1,6.0,,,False,True
0 days 03:31:34.208000,HAM,44,0 days 00:01:40.906000,34.0,2.0,NaT,NaT,0 days 00:00:25.555000,0 days 00:00:34.099000,0 days 00:00:41.252000,0 days 03:30:38.509000,0 days 03:31:12.608000,0 days 03:31:53.860000,281.0,133.0,287.0,319.0,False,MEDIUM,6.0,False,Ferrari,0 days 03:29:53.302000,,1,5.0,,,False,True
0 days 03:33:15.366000,HAM,44,0 days 00:01:41.158000,35.0,2.0,NaT,NaT,0 days 00:00:25.579000,0 days 00:00:34.095000,0 days 00:00:41.484000,0 days 03:32:19.439000,0 days 03:32:53.534000,0 days 03:33:35.018000,277.0,133.0,286.0,285.0,False,MEDIUM,7.0,False,Ferrari,0 days 03:31:34.208000,,1,5.0,,,False,True
0 days 03:34:56.798000,HAM,44,0 days 00:01:41.432000,36.0,2.0,NaT,NaT,0 days 00:00:25.839000,0 days 00:00:34.485000,0 days 00:00:41.108000,0 days 03:34:00.857000,0 days 03:34:35.342000,0 days 03:35:16.450000,272.0,131.0,286.0,309.0,False,MEDIUM,8.0,False,Ferrari,0 days 03:33:15.366000,,1,5.0,,,False,True
0 days 03:36:37.981000,HAM,44,0 days 00:01:41.183000,37.0,2.0,NaT,NaT,0 days 00:00:25.446000,0 days 00:00:34.440000,0 days 00:00:41.297000,0 days 03:35:41.896000,0 days 03:36:16.336000,0 days 03:36:57.633000,279.0,127.0,286.0,314.0,False,MEDIUM,9.0,False,Ferrari,0 days 03:34:56.798000,,1,5.0,,,False,True
0 days 03:38:19.002000,HAM,44,0 days 00:01:41.021000,38.0,2.0,NaT,NaT,0 days 00:00:25.770000,0 days 00:00:34.045000,0 days 00:00:41.206000,0 days 03:37:23.403000,0 days 03:37:57.448000,0 days 03:38:38.654000,282.0,130.0,286.0,315.0,False,MEDIUM,10.0,False,Ferrari,0 days 03:36:37.981000,,1,5.0,,,False,True
0 days 03:40:00.614000,HAM,44,0 days 00:01:41.612000,39.0,2.0,NaT,NaT,0 days 00:00:25.636000,0 days 00:00:34.487000,0 days 00:00:41.489000,0 days 03:39:04.290000,0 days 03:39:38.777000,0 days 03:40:20.266000,276.0,131.0,287.0,309.0,False,MEDIUM,11.0,False,Ferrari,0 days 03:38:19.002000,,1,5.0,,,False,True
0 days 03:41:42.210000,HAM,44,0 days 00:01:41.596000,40.0,2.0,NaT,NaT,0 days 00:00:25.344000,0 days 00:00:34.811000,0 days 00:00:41.441000,0 days 03:40:45.610000,0 days 03:41:20.421000,0 days 03:42:01.862000,293.0,129.0,286.0,304.0,False,MEDIUM,12.0,False,Ferrari,0 days 03:40:00.614000,,1,5.0,,,False,True
0 days 03:43:23.385000,HAM,44,0 days 00:01:41.175000,41.0,2.0,NaT,NaT,0 days 00:00:25.881000,0 days 00:00:34.274000,0 days 00:00:41.020000,0 days 03:42:27.743000,0 days 03:43:02.017000,0 days 03:43:43.037000,280.0,130.0,288.0,314.0,False,MEDIUM,13.0,False,Ferrari,0 days 03:41:42.210000,,1,5.0,,,False,True
0 days 03:45:05.060000,HAM,44,0 days 00:01:41.675000,42.0,2.0,NaT,NaT,0 days 00:00:25.591000,0 days 00:00:34.547000,0 days 00:00:41.537000,0 days 03:44:08.628000,0 days 03:44:43.175000,0 days 03:45:24.712000,300.0,129.0,284.0,302.0,False,MEDIUM,14.0,False,Ferrari,0 days 03:43:23.385000,,1,5.0,,,False,True
0 days 03:47:14.184000,HAM,44,0 days 00:02:09.124000,43.0,2.0,NaT,0 days 03:47:27.355000,0 days 00:00:26.250000,0 days 00:00:41.948000,0 days 00:01:00.926000,0 days 03:45:50.962000,0 days 03:46:32.910000,0 days 03:47:33.836000,295.0,101.0,,257.0,False,MEDIUM,15.0,False,Ferrari,0 days 03:45:05.060000,,126,5.0,,,False,False
0 days 03:49:44.393000,HAM,44,NaT,44.0,3.0,0 days 03:47:55.418000,NaT,0 days 00:00:52.683000,0 days 00:00:43.541000,0 days 00:00:53.943000,0 days 03:48:26.590000,0 days 03:49:10.200000,0 days 03:50:04.138000,203.0,85.0,204.0,199.0,False,SOFT,4.0,False,Ferrari,0 days 03:47:14.184000,,6,6.0,,,False,False
0 days 03:52:00.999000,HAM,44,0 days 00:02:16.606000,45.0,3.0,NaT,NaT,0 days 00:00:38.264000,0 days 00:00:41.469000,0 days 00:00:56.873000,0 days 03:50:42.309000,0 days 03:51:23.778000,0 days 03:52:20.651000,196.0,98.0,220.0,239.0,False,SOFT,5.0,False,Ferrari,0 days 03:49:44.393000,,64,5.0,,,False,False
0 days 03:54:13.149000,HAM,44,0 days 00:02:12.150000,46.0,3.0,NaT,NaT,0 days 00:00:35.881000,0 days 00:00:42.452000,0 days 00:00:53.817000,0 days 03:52:56.532000,0 days 03:53:38.984000,0 days 03:54:32.801000,245.0,69.0,252.0,236.0,False,SOFT,6.0,False,Ferrari,0 days 03:52:00.999000,,4,5.0,,,False,False
0 days 03:56:22.322000,HAM,44,0 days 00:02:09.173000,47.0,3.0,NaT,NaT,0 days 00:00:29.152000,0 days 00:00:39.939000,0 days 00:01:00.082000,0 days 03:55:01.953000,0 days 03:55:41.892000,0 days 03:56:41.974000,263.0,90.0,164.0,216.0,False,SOFT,7.0,False,Ferrari,0 days 03:54:13.149000,,4,5.0,,,False,False
0 days 03:58:52.201000,HAM,44,0 days 00:02:29.879000,48.0,3.0,NaT,NaT,0 days 00:00:38.206000,0 days 00:00:49.891000,0 days 00:01:01.782000,0 days 03:57:20.180000,0 days 03:58:10.071000,0 days 03:59:11.853000,220.0,110.0,152.0,251.0,False,SOFT,8.0,False,Ferrari,0 days 03:56:22.322000,,4,5.0,,,False,False
0 days 04:01:21.310000,HAM,44,0 days 00:02:29.109000,49.0,3.0,NaT,NaT,0 days 00:00:40.336000,0 days 00:00:49.682000,0 days 00:00:59.091000,0 days 03:59:52.189000,0 days 04:00:41.871000,0 days 04:01:40.962000,176.0,113.0,223.0,257.0,False,SOFT,9.0,False,Ferrari,0 days 03:58:52.201000,,4,5.0,,,False,False
0 days 04:03:45.192000,HAM,44,0 days 00:02:23.882000,50.0,3.0,NaT,NaT,0 days 00:00:34.321000,0 days 00:00:50.683000,0 days 00:00:58.878000,0 days 04:02:15.283000,0 days 04:03:05.966000,0 days 04:04:04.844000,169.0,91.0,195.0,257.0,False,SOFT,10.0,False,Ferrari,0 days 04:01:21.310000,,4,4.0,,,False,False
0 days 04:06:24.325000,HAM,44,NaT,51.0,3.0,NaT,NaT,0 days 00:00:40.064000,0 days 00:00:50.648000,0 days 00:01:08.428000,0 days 04:04:45.021000,0 days 04:05:35.549000,0 days 04:06:44.324000,200.0,111.0,290.0,234.0,False,SOFT,11.0,False,Ferrari,0 days 04:03:45.192000,,41,4.0,,,False,False
0 days 04:08:03.950000,HAM,44,0 days 00:01:39.625000,52.0,3.0,NaT,NaT,0 days 00:00:25.310000,0 days 00:00:33.897000,0 days 00:00:40.418000,0 days 04:07:09.287000,0 days 04:07:43.184000,0 days 04:08:23.602000,293.0,134.0,292.0,311.0,True,SOFT,12.0,False,Ferrari,0 days 04:06:24.325000,,1,4.0,,,False,True
0 days 04:09:42.560000,HAM,44,0 days 00:01:38.610000,53.0,3.0,NaT,NaT,0 days 00:00:24.992000,0 days 00:00:33.301000,0 days 00:00:40.317000,0 days 04:08:48.594000,0 days 04:09:21.895000,0 days 04:10:02.212000,277.0,132.0,288.0,306.0,True,SOFT,13.0,False,Ferrari,0 days 04:08:03.950000,,1,3.0,,,False,True
0 days 04:11:21.663000,HAM,44,0 days 00:01:39.103000,54.0,3.0,NaT,NaT,0 days 00:00:25.430000,0 days 00:00:33.301000,0 days 00:00:40.372000,0 days 04:10:27.642000,0 days 04:11:00.943000,0 days 04:11:41.315000,277.0,134.0,287.0,311.0,False,SOFT,14.0,False,Ferrari,0 days 04:09:42.560000,,1,3.0,,,False,True
0 days 04:13:01.108000,HAM,44,0 days 00:01:39.445000,55.0,3.0,NaT,NaT,0 days 00:00:25.424000,0 days 00:00:33.481000,0 days 00:00:40.540000,0 days 04:12:06.739000,0 days 04:12:40.220000,0 days 04:13:20.760000,277.0,132.0,276.0,306.0,False,SOFT,15.0,False,Ferrari,0 days 04:11:21.663000,,1,3.0,,,False,True
0 days 02:28:39.553000,BOR,5,0 days 00:02:58.127000,1.0,1.0,NaT,NaT,NaT,0 days 00:00:50.248000,0 days 00:01:00.362000,NaT,0 days 02:27:58.802000,0 days 02:28:59.132000,171.0,104.0,212.0,209.0,False,SOFT,1.0,True,Audi,0 days 02:26:00.700000,,1,8.0,,,False,False
0 days 02:31:20.278000,BOR,5,NaT,2.0,1.0,NaT,0 days 02:31:33.176000,0 days 00:00:35.944000,0 days 00:00:50.238000,0 days 00:01:14.438000,0 days 02:29:35.246000,0 days 02:30:25.419000,0 days 02:31:39.911000,184.0,110.0,,178.0,False,SOFT,2.0,True,Audi,0 days 02:28:39.553000,,12,2.0,,,False,False
0 days 02:34:23.018000,BOR,5,NaT,3.0,2.0,0 days 02:32:47.136000,NaT,0 days 00:01:34.291000,0 days 00:00:43.002000,0 days 00:00:45.549000,0 days 02:33:14.119000,0 days 02:33:57.108000,0 days 02:34:42.729000,222.0,126.0,259.0,285.0,False,INTERMEDIATE,1.0,True,Audi,0 days 02:31:20.278000,,1,11.0,,,False,False
0 days 02:36:14.134000,BOR,5,0 days 00:01:51.116000,4.0,2.0,NaT,NaT,0 days 00:00:27.978000,0 days 00:00:37.842000,0 days 00:00:45.296000,0 days 02:35:10.575000,0 days 02:35:48.417000,0 days 02:36:33.713000,266.0,123.0,257.0,269.0,True,INTERMEDIATE,2.0,True,Audi,0 days 02:34:23.018000,,1,11.0,,,False,True
0 days 02:38:05.357000,BOR,5,0 days 00:01:51.223000,5.0,2.0,NaT,NaT,0 days 00:00:27.829000,0 days 00:00:38.014000,0 days 00:00:45.380000,0 days 02:37:01.542000,0 days 02:37:39.556000,0 days 02:38:24.936000,263.0,122.0,256.0,270.0,False,INTERMEDIATE,3.0,True,Audi,0 days 02:36:14.134000,,1,11.0,,,False,True
0 days 02:39:58.162000,BOR,5,0 days 00:01:52.805000,6.0,2.0,NaT,NaT,0 days 00:00:28.050000,0 days 00:00:38.578000,0 days 00:00:46.177000,0 days 02:38:52.986000,0 days 02:39:31.564000,0 days 02:40:17.741000,263.0,122.0,253.0,270.0,False,INTERMEDIATE,4.0,True,Audi,0 days 02:38:05.357000,,12,11.0,,,False,True
0 days 02:41:52.399000,BOR,5,0 days 00:01:54.237000,7.0,2.0,NaT,NaT,0 days 00:00:28.607000,0 days 00:00:39.015000,0 days 00:00:46.615000,0 days 02:40:46.348000,0 days 02:41:25.363000,0 days 02:42:11.978000,265.0,119.0,255.0,269.0,False,INTERMEDIATE,5.0,True,Audi,0 days 02:39:58.162000,,1,11.0,,,False,True
0 days 02:43:47.627000,BOR,5,0 days 00:01:55.228000,8.0,2.0,NaT,NaT,0 days 00:00:28.788000,0 days 00:00:39.646000,0 days 00:00:46.794000,0 days 02:42:40.766000,0 days 02:43:20.412000,0 days 02:44:07.206000,270.0,117.0,255.0,269.0,False,INTERMEDIATE,6.0,True,Audi,0 days 02:41:52.399000,,12,11.0,,,False,True
0 days 02:46:01.141000,BOR,5,0 days 00:02:13.514000,9.0,2.0,NaT,0 days 02:46:13.956000,0 days 00:00:28.624000,0 days 00:00:39.837000,0 days 00:01:05.053000,0 days 02:44:35.830000,0 days 02:45:15.667000,0 days 02:46:20.720000,268.0,112.0,,227.0,False,INTERMEDIATE,7.0,True,Audi,0 days 02:43:47.627000,,124,11.0,,,False,False
0 days 02:48:39.149000,BOR,5,NaT,10.0,3.0,0 days 02:46:41.753000,NaT,0 days 00:00:54.527000,0 days 00:00:45.188000,0 days 00:00:58.285000,0 days 02:47:15.347000,0 days 02:48:00.466000,0 days 02:48:58.728000,217.0,112.0,254.0,184.0,False,SOFT,3.0,False,Audi,0 days 02:46:01.141000,,4,9.0,,,False,False
0 days 02:50:49.729000,BOR,5,0 days 00:02:10.580000,11.0,3.0,NaT,NaT,0 days 00:00:29.075000,0 days 00:00:42.986000,0 days 00:00:58.519000,0 days 02:49:27.803000,0 days 02:50:10.789000,0 days 02:51:09.308000,245.0,112.0,232.0,234.0,False,SOFT,4.0,False,Audi,0 days 02:48:39.149000,,4,9.0,,,False,False
0 days 02:53:26.364000,BOR,5,NaT,12.0,3.0,NaT,NaT,0 days 00:00:36.128000,0 days 00:00:50.510000,0 days 00:01:09.985000,0 days 02:51:45.545000,0 days 02:52:36.039000,0 days 02:53:46.129000,141.0,118.0,262.0,185.0,False,SOFT,5.0,False,Audi,0 days 02:50:49.729000,,41,9.0,,,False,False
0 days 02:55:16.051000,BOR,5,0 days 00:01:49.687000,13.0,3.0,NaT,NaT,0 days 00:00:29.728000,0 days 00:00:36.781000,0 days 00:00:43.178000,0 days 02:54:15.671000,0 days 02:54:52.452000,0 days 02:55:35.630000,265.0,128.0,260.0,272.0,True,SOFT,6.0,False,Audi,0 days 02:53:26.364000,,12,8.0,,,False,True
0 days 02:57:03.616000,BOR,5,0 days 00:01:47.565000,14.0,3.0,NaT,NaT,0 days 00:00:27.595000,0 days 00:00:36.366000,0 days 00:00:43.604000,0 days 02:56:03.225000,0 days 02:56:39.591000,0 days 02:57:23.195000,270.0,117.0,263.0,272.0,True,SOFT,7.0,False,Audi,0 days 02:55:16.051000,,1,9.0,,,False,True
0 days 02:58:55.751000,BOR,5,0 days 00:01:52.135000,15.0,3.0,NaT,0 days 02:59:08.835000,0 days 00:00:27.497000,0 days 00:00:35.852000,0 days 00:00:48.786000,0 days 02:57:50.692000,0 days 02:58:26.544000,0 days 02:59:15.330000,272.0,129.0,,313.0,False,SOFT,8.0,False,Audi,0 days 02:57:03.616000,,12,13.0,,,False,False
0 days 03:01:08.567000,BOR,5,0 days 00:02:12.816000,16.0,4.0,0 days 02:59:45.536000,NaT,0 days 00:00:55.735000,0 days 00:00:35.458000,0 days 00:00:41.623000,0 days 03:00:11.065000,0 days 03:00:46.523000,0 days 03:01:28.146000,275.0,129.0,277.0,291.0,False,HARD,1.0,True,Audi,0 days 02:58:55.751000,,21,21.0,,,False,False
0 days 03:02:51.309000,BOR,5,0 days 00:01:42.742000,17.0,4.0,NaT,NaT,0 days 00:00:26.194000,0 days 00:00:35.181000,0 days 00:00:41.367000,0 days 03:01:54.340000,0 days 03:02:29.521000,0 days 03:03:10.888000,274.0,131.0,285.0,298.0,True,HARD,2.0,True,Audi,0 days 03:01:08.567000,,1,21.0,,,False,True
0 days 03:04:34.542000,BOR,5,0 days 00:01:43.233000,18.0,4.0,NaT,NaT,0 days 00:00:25.932000,0 days 00:00:35.606000,0 days 00:00:41.695000,0 days 03:03:36.820000,0 days 03:04:12.426000,0 days 03:04:54.121000,290.0,132.0,285.0,300.0,False,HARD,3.0,True,Audi,0 days 03:02:51.309000,,1,21.0,,,False,True
0 days 03:06:17.575000,BOR,5,0 days 00:01:43.033000,19.0,4.0,NaT,NaT,0 days 00:00:26.250000,0 days 00:00:35.093000,0 days 00:00:41.690000,0 days 03:05:20.371000,0 days 03:05:55.464000,0 days 03:06:37.154000,278.0,130.0,283.0,300.0,False,HARD,4.0,True,Audi,0 days 03:04:34.542000,,1,20.0,,,False,True
0 days 03:08:01.189000,BOR,5,0 days 00:01:43.614000,20.0,4.0,NaT,NaT,0 days 00:00:26.337000,0 days 00:00:35.399000,0 days 00:00:41.878000,0 days 03:07:03.491000,0 days 03:07:38.890000,0 days 03:08:20.768000,278.0,129.0,284.0,301.0,False,HARD,5.0,True,Audi,0 days 03:06:17.575000,,1,20.0,,,False,True
0 days 03:09:44.395000,BOR,5,0 days 00:01:43.206000,21.0,4.0,NaT,NaT,0 days 00:00:26.053000,0 days 00:00:35.302000,0 days 00:00:41.851000,0 days 03:08:46.821000,0 days 03:09:22.123000,0 days 03:10:03.974000,277.0,129.0,284.0,301.0,False,HARD,6.0,True,Audi,0 days 03:08:01.189000,,1,20.0,,,False,True
0 days 03:11:28.022000,BOR,5,0 days 00:01:43.627000,22.0,4.0,NaT,NaT,0 days 00:00:26.065000,0 days 00:00:35.509000,0 days 00:00:42.053000,0 days 03:10:30.039000,0 days 03:11:05.548000,0 days 03:11:47.601000,281.0,128.0,284.0,304.0,False,HARD,7.0,True,Audi,0 days 03:09:44.395000,,1,20.0,,,False,True
0 days 03:13:12.010000,BOR,5,0 days 00:01:43.988000,23.0,4.0,NaT,NaT,0 days 00:00:26.109000,0 days 00:00:35.748000,0 days 00:00:42.131000,0 days 03:12:13.710000,0 days 03:12:49.458000,0 days 03:13:31.589000,281.0,127.0,284.0,316.0,False,HARD,8.0,True,Audi,0 days 03:11:28.022000,,1,20.0,,,False,True
0 days 03:14:56.068000,BOR,5,0 days 00:01:44.058000,24.0,4.0,NaT,NaT,0 days 00:00:26.240000,0 days 00:00:35.621000,0 days 00:00:42.197000,0 days 03:13:57.829000,0 days 03:14:33.450000,0 days 03:15:15.647000,278.0,126.0,284.0,299.0,False,HARD,9.0,True,Audi,0 days 03:13:12.010000,,1,20.0,,,False,True
0 days 03:16:40.260000,BOR,5,0 days 00:01:44.192000,25.0,4.0,NaT,NaT,0 days 00:00:26.318000,0 days 00:00:35.558000,0 days 00:00:42.316000,0 days 03:15:41.965000,0 days 03:16:17.523000,0 days 03:16:59.839000,277.0,128.0,283.0,300.0,False,HARD,10.0,True,Audi,0 days 03:14:56.068000,,1,19.0,,,False,True
0 days 03:18:24.090000,BOR,5,0 days 00:01:43.830000,26.0,4.0,NaT,NaT,0 days 00:00:26.094000,0 days 00:00:35.431000,0 days 00:00:42.305000,0 days 03:17:25.933000,0 days 03:18:01.364000,0 days 03:18:43.669000,280.0,126.0,283.0,304.0,False,HARD,11.0,True,Audi,0 days 03:16:40.260000,,1,18.0,,,False,True
0 days 03:20:08.232000,BOR,5,0 days 00:01:44.142000,27.0,4.0,NaT,NaT,0 days 00:00:26.120000,0 days 00:00:35.768000,0 days 00:00:42.254000,0 days 03:19:09.789000,0 days 03:19:45.557000,0 days 03:20:27.811000,282.0,127.0,285.0,317.0,False,HARD,12.0,True,Audi,0 days 03:18:24.090000,,1,17.0,,,False,True
0 days 03:21:53.049000,BOR,5,0 days 00:01:44.817000,28.0,4.0,NaT,NaT,0 days 00:00:26.305000,0 days 00:00:36.021000,0 days 00:00:42.491000,0 days 03:20:54.116000,0 days 03:21:30.137000,0 days 03:22:12.628000,281.0,125.0,284.0,305.0,False,HARD,13.0,True,Audi,0 days 03:20:08.232000,,1,17.0,,,False,True
0 days 03:23:38.938000,BOR,5,0 days 00:01:45.889000,29.0,4.0,NaT,NaT,0 days 00:00:26.280000,0 days 00:00:36.454000,0 days 00:00:43.155000,0 days 03:22:38.908000,0 days 03:23:15.362000,0 days 03:23:58.517000,303.0,124.0,286.0,298.0,False,HARD,14.0,True,Audi,0 days 03:21:53.049000,,1,17.0,,,False,True
0 days 03:25:24.196000,BOR,5,0 days 00:01:45.258000,30.0,4.0,NaT,NaT,0 days 00:00:26.767000,0 days 00:00:35.907000,0 days 00:00:42.584000,0 days 03:24:25.284000,0 days 03:25:01.191000,0 days 03:25:43.775000,283.0,126.0,283.0,301.0,False,HARD,15.0,True,Audi,0 days 03:23:38.938000,,1,19.0,,,False,True
0 days 03:27:08.763000,BOR,5,0 days 00:01:44.567000,31.0,4.0,NaT,NaT,0 days 00:00:26.490000,0 days 00:00:35.563000,0 days 00:00:42.514000,0 days 03:26:10.265000,0 days 03:26:45.828000,0 days 03:27:28.342000,276.0,125.0,283.0,294.0,False,HARD,16.0,True,Audi,0 days 03:25:24.196000,,1,19.0,,,False,True
0 days 03:28:53.960000,BOR,5,0 days 00:01:45.197000,32.0,4.0,NaT,NaT,0 days 00:00:26.607000,0 days 00:00:35.565000,0 days 00:00:43.025000,0 days 03:27:54.949000,0 days 03:28:30.514000,0 days 03:29:13.539000,273.0,126.0,282.0,294.0,False,HARD,17.0,True,Audi,0 days 03:27:08.763000,,1,18.0,,,False,True
0 days 03:30:38.914000,BOR,5,0 days 00:01:44.954000,33.0,4.0,NaT,NaT,0 days 00:00:26.560000,0 days 00:00:35.571000,0 days 00:00:42.823000,0 days 03:29:40.099000,0 days 03:30:15.670000,0 days 03:30:58.493000,275.0,124.0,284.0,294.0,False,HARD,18.0,True,Audi,0 days 03:28:53.960000,,1,19.0,,,False,True
0 days 03:32:29.302000,BOR,5,0 days 00:01:50.388000,34.0,4.0,NaT,0 days 03:32:42.411000,0 days 00:00:26.299000,0 days 00:00:35.625000,0 days 00:00:48.464000,0 days 03:31:24.792000,0 days 03:32:00.417000,0 days 03:32:48.881000,280.0,126.0,,314.0,False,HARD,19.0,True,Audi,0 days 03:30:38.914000,,1,19.0,,,False,False
0 days 03:34:58.043000,BOR,5,0 days 00:02:28.741000,35.0,5.0,0 days 03:33:34.115000,NaT,0 days 00:01:12.843000,0 days 00:00:34.745000,0 days 00:00:41.153000,0 days 03:34:01.724000,0 days 03:34:36.469000,0 days 03:35:17.622000,276.0,132.0,282.0,304.0,False,SOFT,9.0,False,Audi,0 days 03:32:29.302000,,1,21.0,,,False,False
0 days 03:36:39.425000,BOR,5,0 days 00:01:41.382000,36.0,5.0,NaT,NaT,0 days 00:00:26.002000,0 days 00:00:34.256000,0 days 00:00:41.124000,0 days 03:35:43.624000,0 days 03:36:17.880000,0 days 03:36:59.004000,276.0,130.0,287.0,302.0,True,SOFT,10.0,False,Audi,0 days 03:34:58.043000,,1,21.0,,,False,True
0 days 03:38:22.966000,BOR,5,0 days 00:01:43.541000,37.0,5.0,NaT,NaT,0 days 00:00:25.705000,0 days 00:00:36.524000,0 days 00:00:41.312000,0 days 03:37:24.709000,0 days 03:38:01.233000,0 days 03:38:42.545000,278.0,131.0,285.0,296.0,False,SOFT,11.0,False,Audi,0 days 03:36:39.425000,,1,20.0,,,False,True
0 days 03:40:04.889000,BOR,5,0 days 00:01:41.923000,38.0,5.0,NaT,NaT,0 days 00:00:25.907000,0 days 00:00:34.628000,0 days 00:00:41.388000,0 days 03:39:08.452000,0 days 03:39:43.080000,0 days 03:40:24.468000,276.0,129.0,284.0,296.0,False,SOFT,12.0,False,Audi,0 days 03:38:22.966000,,1,20.0,,,False,True
0 days 03:41:46.554000,BOR,5,0 days 00:01:41.665000,39.0,5.0,NaT,NaT,0 days 00:00:25.838000,0 days 00:00:34.420000,0 days 00:00:41.407000,0 days 03:40:50.306000,0 days 03:41:24.726000,0 days 03:42:06.133000,273.0,131.0,283.0,296.0,False,SOFT,13.0,False,Audi,0 days 03:40:04.889000,,1,20.0,,,False,True
0 days 03:43:28.280000,BOR,5,0 days 00:01:41.726000,40.0,5.0,NaT,NaT,0 days 00:00:25.949000,0 days 00:00:34.385000,0 days 00:00:41.392000,0 days 03:42:32.082000,0 days 03:43:06.467000,0 days 03:43:47.859000,274.0,130.0,284.0,295.0,False,SOFT,14.0,False,Audi,0 days 03:41:46.554000,,1,20.0,,,False,True
0 days 03:45:10.402000,BOR,5,0 days 00:01:42.122000,41.0,5.0,NaT,NaT,0 days 00:00:25.983000,0 days 00:00:34.599000,0 days 00:00:41.540000,0 days 03:44:13.842000,0 days 03:44:48.441000,0 days 03:45:29.981000,275.0,129.0,283.0,295.0,False,SOFT,15.0,False,Audi,0 days 03:43:28.280000,,1,20.0,,,False,True
0 days 03:47:14.862000,BOR,5,0 days 00:02:04.460000,42.0,5.0,NaT,NaT,0 days 00:00:26.151000,0 days 00:00:44.018000,0 days 00:00:54.291000,0 days 03:45:56.132000,0 days 03:46:40.150000,0 days 03:47:34.441000,275.0,108.0,217.0,234.0,False,SOFT,16.0,False,Audi,0 days 03:45:10.402000,,126,19.0,,,False,False
0 days 03:49:30.062000,BOR,5,0 days 00:02:15.200000,43.0,5.0,NaT,NaT,0 days 00:00:36.446000,0 days 00:00:42.522000,0 days 00:00:56.232000,0 days 03:48:10.887000,0 days 03:48:53.409000,0 days 03:49:49.641000,188.0,83.0,159.0,243.0,False,SOFT,17.0,False,Audi,0 days 03:47:14.862000,,6,19.0,,,False,False
0 days 03:51:47.330000,BOR,5,0 days 00:02:17.268000,44.0,5.0,NaT,0 days 03:52:00.434000,0 days 00:00:35.437000,0 days 00:00:43.010000,0 days 00:00:58.821000,0 days 03:50:25.078000,0 days 03:51:08.088000,0 days 03:52:06.909000,222.0,93.0,,241.0,False,SOFT,18.0,False,Audi,0 days 03:49:30.062000,,64,19.0,,,False,False
0 days 03:54:16.619000,BOR,5,0 days 00:02:29.289000,45.0,6.0,0 days 03:52:28.091000,NaT,0 days 00:00:52.989000,0 days 00:00:42.958000,0 days 00:00:53.342000,0 days 03:52:59.898000,0 days 03:53:42.856000,0 days 03:54:36.198000,233.0,73.0,271.0,244.0,False,SOFT,7.0,False,Audi,0 days 03:51:47.330000,,4,19.0,,,False,False
0 days 03:56:21.699000,BOR,5,0 days 00:02:05.080000,46.0,6.0,NaT,NaT,0 days 00:00:26.854000,0 days 00:00:39.402000,0 days 00:00:58.824000,0 days 03:55:03.052000,0 days 03:55:42.454000,0 days 03:56:41.278000,270.0,94.0,238.0,213.0,False,SOFT,8.0,False,Audi,0 days 03:54:16.619000,,4,19.0,,,False,False
0 days 03:58:05.372000,BOR,5,0 days 00:01:43.673000,47.0,6.0,NaT,NaT,0 days 00:00:28.132000,0 days 00:00:34.183000,0 days 00:00:41.358000,0 days 03:57:09.410000,0 days 03:57:43.593000,0 days 03:58:24.951000,288.0,137.0,276.0,281.0,False,SOFT,9.0,False,Audi,0 days 03:56:21.699000,,4,19.0,,,False,False
0 days 03:59:47.409000,BOR,5,0 days 00:01:42.037000,48.0,6.0,NaT,NaT,0 days 00:00:26.216000,0 days 00:00:34.243000,0 days 00:00:41.578000,0 days 03:58:51.167000,0 days 03:59:25.410000,0 days 04:00:06.988000,267.0,129.0,277.0,276.0,False,SOFT,10.0,False,Audi,0 days 03:58:05.372000,,4,19.0,,,False,False
0 days 04:01:40.584000,BOR,5,0 days 00:01:53.175000,49.0,6.0,NaT,NaT,0 days 00:00:26.301000,0 days 00:00:35.401000,0 days 00:00:51.473000,0 days 04:00:33.289000,0 days 04:01:08.690000,0 days 04:02:00.163000,267.0,127.0,168.0,216.0,False,SOFT,11.0,False,Audi,0 days 03:59:47.409000,,4,18.0,,,False,False
0 days 04:04:03.933000,BOR,5,0 days 00:02:23.349000,50.0,6.0,NaT,NaT,0 days 00:00:35.189000,0 days 00:00:50.748000,0 days 00:00:57.412000,0 days 04:02:35.352000,0 days 04:03:26.100000,0 days 04:04:23.512000,233.0,88.0,148.0,223.0,False,SOFT,12.0,False,Audi,0 days 04:01:40.584000,,4,17.0,,,False,False
0 days 04:06:30.044000,BOR,5,0 days 00:02:26.111000,51.0,6.0,NaT,NaT,0 days 00:00:38.283000,0 days 00:00:51.145000,0 days 00:00:56.683000,0 days 04:05:01.795000,0 days 04:05:52.940000,0 days 04:06:49.623000,205.0,116.0,293.0,279.0,False,SOFT,13.0,False,Audi,0 days 04:04:03.933000,,41,17.0,,,False,False
0 days 04:08:14.333000,BOR,5,0 days 00:01:44.289000,52.0,6.0,NaT,NaT,0 days 00:00:25.911000,0 days 00:00:36.775000,0 days 00:00:41.603000,0 days 04:07:15.534000,0 days 04:07:52.309000,0 days 04:08:33.912000,287.0,131.0,288.0,312.0,False,SOFT,14.0,False,Audi,0 days 04:06:30.044000,,1,17.0,,,False,True
0 days 04:09:57.510000,BOR,5,0 days 00:01:43.177000,53.0,6.0,NaT,NaT,0 days 00:00:25.833000,0 days 00:00:35.452000,0 days 00:00:41.892000,0 days 04:08:59.745000,0 days 04:09:35.197000,0 days 04:10:17.089000,282.0,131.0,282.0,288.0,False,SOFT,15.0,False,Audi,0 days 04:08:14.333000,,1,17.0,,,False,True
0 days 04:11:41.136000,BOR,5,0 days 00:01:43.626000,54.0,6.0,NaT,NaT,0 days 00:00:26.330000,0 days 00:00:35.099000,0 days 00:00:42.197000,0 days 04:10:43.419000,0 days 04:11:18.518000,0 days 04:12:00.715000,274.0,129.0,283.0,283.0,False,SOFT,16.0,False,Audi,0 days 04:09:57.510000,,1,17.0,,,False,True
0 days 04:13:24.490000,BOR,5,0 days 00:01:43.354000,55.0,6.0,NaT,NaT,0 days 00:00:26.305000,0 days 00:00:34.732000,0 days 00:00:42.317000,0 days 04:12:27.020000,0 days 04:13:01.752000,0 days 04:13:44.069000,273.0,128.0,277.0,282.0,False,SOFT,17.0,False,Audi,0 days 04:11:41.136000,,1,18.0,,,False,True
0 days 02:28:46.141000,SAI,55,0 days 00:03:04.681000,1.0,1.0,NaT,NaT,NaT,0 days 00:00:49.241000,0 days 00:01:00.283000,NaT,0 days 02:28:05.501000,0 days 02:29:05.701000,200.0,104.0,222.0,241.0,False,INTERMEDIATE,1.0,True,Williams,0 days 02:26:00.700000,,1,12.0,,,False,False
0 days 02:32:16.625000,SAI,55,NaT,2.0,1.0,NaT,NaT,0 days 00:00:33.752000,0 days 00:00:50.286000,NaT,0 days 02:29:39.601000,0 days 02:30:29.765000,NaT,188.0,110.0,149.0,203.0,False,INTERMEDIATE,2.0,True,Williams,0 days 02:28:46.141000,,12,13.0,,,False,False
0 days 02:34:12.184000,SAI,55,0 days 00:01:55.559000,3.0,1.0,NaT,NaT,0 days 00:00:30.189000,0 days 00:00:39.622000,0 days 00:00:45.748000,0 days 02:33:06.374000,0 days 02:33:45.996000,0 days 02:34:31.744000,255.0,127.0,262.0,290.0,True,INTERMEDIATE,3.0,True,Williams,0 days 02:32:16.625000,,1,6.0,,,False,True
0 days 02:36:05.181000,SAI,55,0 days 00:01:52.997000,4.0,1.0,NaT,NaT,0 days 00:00:28.125000,0 days 00:00:39.070000,0 days 00:00:45.802000,0 days 02:34:59.869000,0 days 02:35:38.939000,0 days 02:36:24.741000,275.0,128.0,262.0,290.0,True,INTERMEDIATE,4.0,True,Williams,0 days 02:34:12.184000,,1,6.0,,,False,True
0 days 02:37:58.183000,SAI,55,0 days 00:01:53.002000,5.0,1.0,NaT,NaT,0 days 00:00:28.170000,0 days 00:00:39.551000,0 days 00:00:45.281000,0 days 02:36:52.911000,0 days 02:37:32.462000,0 days 02:38:17.743000,268.0,127.0,262.0,287.0,False,INTERMEDIATE,5.0,True,Williams,0 days 02:36:05.181000,,1,6.0,,,False,True
0 days 02:39:51.798000,SAI,55,0 days 00:01:53.615000,6.0,1.0,NaT,NaT,0 days 00:00:28.213000,0 days 00:00:39.235000,0 days 00:00:46.167000,0 days 02:38:45.956000,0 days 02:39:25.191000,0 days 02:40:11.358000,271.0,135.0,262.0,284.0,False,INTERMEDIATE,6.0,True,Williams,0 days 02:37:58.183000,,12,7.0,,,False,True
0 days 02:41:45.695000,SAI,55,0 days 00:01:53.897000,7.0,1.0,NaT,NaT,0 days 00:00:28.224000,0 days 00:00:39.802000,0 days 00:00:45.871000,0 days 02:40:39.582000,0 days 02:41:19.384000,0 days 02:42:05.255000,269.0,122.0,262.0,281.0,False,INTERMEDIATE,7.0,True,Williams,0 days 02:39:51.798000,,1,7.0,,,False,True
0 days 02:43:40.082000,SAI,55,0 days 00:01:54.387000,8.0,1.0,NaT,NaT,0 days 00:00:28.319000,0 days 00:00:39.739000,0 days 00:00:46.329000,0 days 02:42:33.574000,0 days 02:43:13.313000,0 days 02:43:59.642000,275.0,120.0,261.0,280.0,False,INTERMEDIATE,8.0,True,Williams,0 days 02:41:45.695000,,12,7.0,,,False,True
0 days 02:45:51.719000,SAI,55,0 days 00:02:11.637000,9.0,1.0,NaT,0 days 02:46:04.910000,0 days 00:00:28.388000,0 days 00:00:40.041000,0 days 00:01:03.208000,0 days 02:44:28.030000,0 days 02:45:08.071000,0 days 02:46:11.279000,274.0,119.0,,232.0,False,INTERMEDIATE,9.0,True,Williams,0 days 02:43:40.082000,,124,7.0,,,False,False
0 days 02:48:35.359000,SAI,55,NaT,10.0,2.0,0 days 02:46:36.941000,NaT,0 days 00:00:58.544000,0 days 00:00:47.225000,0 days 00:00:57.828000,0 days 02:47:09.879000,0 days 02:47:57.091000,0 days 02:48:55.071000,167.0,99.0,252.0,227.0,False,SOFT,1.0,True,Williams,0 days 02:45:51.719000,,4,8.0,,,False,False
0 days 02:50:49.175000,SAI,55,0 days 00:02:13.816000,11.0,2.0,NaT,NaT,0 days 00:00:29.553000,0 days 00:00:44.849000,0 days 00:00:59.414000,0 days 02:49:24.472000,0 days 02:50:09.321000,0 days 02:51:08.735000,242.0,122.0,199.0,221.0,False,SOFT,2.0,True,Williams,0 days 02:48:35.359000,,4,8.0,,,False,False
0 days 02:53:25.755000,SAI,55,NaT,12.0,2.0,NaT,NaT,0 days 00:00:35.794000,0 days 00:00:50.802000,0 days 00:01:10.015000,0 days 02:51:44.655000,0 days 02:52:35.376000,0 days 02:53:45.397000,144.0,92.0,261.0,198.0,False,SOFT,3.0,True,Williams,0 days 02:50:49.175000,,41,8.0,,,False,False
0 days 02:55:27.311000,SAI,55,0 days 00:02:01.556000,13.0,2.0,NaT,NaT,0 days 00:00:40.881000,0 days 00:00:37.207000,0 days 00:00:43.468000,0 days 02:54:26.196000,0 days 02:55:03.403000,0 days 02:55:46.871000,246.0,131.0,265.0,282.0,False,SOFT,4.0,True,Williams,0 days 02:53:25.755000,,12,17.0,,,False,True
0 days 02:57:13.561000,SAI,55,0 days 00:01:46.250000,14.0,2.0,NaT,NaT,0 days 00:00:27.136000,0 days 00:00:36.285000,0 days 00:00:42.829000,0 days 02:56:14.007000,0 days 02:56:50.292000,0 days 02:57:33.121000,281.0,132.0,266.0,287.0,True,SOFT,5.0,True,Williams,0 days 02:55:27.311000,,1,17.0,,,False,True
0 days 02:58:59.210000,SAI,55,0 days 00:01:45.649000,15.0,2.0,NaT,NaT,0 days 00:00:27.017000,0 days 00:00:36.329000,0 days 00:00:42.303000,0 days 02:58:00.138000,0 days 02:58:36.467000,0 days 02:59:18.770000,276.0,134.0,288.0,304.0,True,SOFT,6.0,True,Williams,0 days 02:57:13.561000,,12,17.0,,,False,True
0 days 03:00:43.850000,SAI,55,0 days 00:01:44.640000,16.0,2.0,NaT,NaT,0 days 00:00:26.250000,0 days 00:00:36.092000,0 days 00:00:42.298000,0 days 02:59:45.020000,0 days 03:00:21.112000,0 days 03:01:03.410000,289.0,136.0,286.0,304.0,True,SOFT,7.0,True,Williams,0 days 02:58:59.210000,,21,15.0,,,False,True
0 days 03:02:28.423000,SAI,55,0 days 00:01:44.573000,17.0,2.0,NaT,NaT,0 days 00:00:26.124000,0 days 00:00:36.135000,0 days 00:00:42.314000,0 days 03:01:29.534000,0 days 03:02:05.669000,0 days 03:02:47.983000,276.0,135.0,290.0,307.0,True,SOFT,8.0,True,Williams,0 days 03:00:43.850000,,1,15.0,,,False,True
0 days 03:04:12.154000,SAI,55,0 days 00:01:43.731000,18.0,2.0,NaT,NaT,0 days 00:00:26.149000,0 days 00:00:35.575000,0 days 00:00:42.007000,0 days 03:03:14.132000,0 days 03:03:49.707000,0 days 03:04:31.714000,293.0,138.0,285.0,302.0,True,SOFT,9.0,True,Williams,0 days 03:02:28.423000,,1,14.0,,,False,True
0 days 03:05:55.870000,SAI,55,0 days 00:01:43.716000,19.0,2.0,NaT,NaT,0 days 00:00:26.248000,0 days 00:00:35.627000,0 days 00:00:41.841000,0 days 03:04:57.962000,0 days 03:05:33.589000,0 days 03:06:15.430000,275.0,134.0,286.0,301.0,True,SOFT,10.0,True,Williams,0 days 03:04:12.154000,,1,14.0,,,False,True
0 days 03:07:39.336000,SAI,55,0 days 00:01:43.466000,20.0,2.0,NaT,NaT,0 days 00:00:26.018000,0 days 00:00:35.527000,0 days 00:00:41.921000,0 days 03:06:41.448000,0 days 03:07:16.975000,0 days 03:07:58.896000,283.0,136.0,285.0,299.0,True,SOFT,11.0,True,Williams,0 days 03:05:55.870000,,1,14.0,,,False,True
0 days 03:09:22.623000,SAI,55,0 days 00:01:43.287000,21.0,2.0,NaT,NaT,0 days 00:00:25.845000,0 days 00:00:35.539000,0 days 00:00:41.903000,0 days 03:08:24.741000,0 days 03:09:00.280000,0 days 03:09:42.183000,280.0,135.0,284.0,300.0,True,SOFT,12.0,True,Williams,0 days 03:07:39.336000,,1,14.0,,,False,True
0 days 03:11:06.640000,SAI,55,0 days 00:01:44.017000,22.0,2.0,NaT,NaT,0 days 00:00:26.353000,0 days 00:00:35.596000,0 days 00:00:42.068000,0 days 03:10:08.536000,0 days 03:10:44.132000,0 days 03:11:26.200000,288.0,132.0,285.0,303.0,False,SOFT,13.0,True,Williams,0 days 03:09:22.623000,,1,14.0,,,False,True
0 days 03:12:51.087000,SAI,55,0 days 00:01:44.447000,23.0,2.0,NaT,NaT,0 days 00:00:26.310000,0 days 00:00:35.908000,0 days 00:00:42.229000,0 days 03:11:52.510000,0 days 03:12:28.418000,0 days 03:13:10.647000,275.0,132.0,285.0,303.0,False,SOFT,14.0,True,Williams,0 days 03:11:06.640000,,1,14.0,,,False,True
0 days 03:14:34.880000,SAI,55,0 days 00:01:43.793000,24.0,2.0,NaT,NaT,0 days 00:00:26.042000,0 days 00:00:35.626000,0 days 00:00:42.125000,0 days 03:13:36.689000,0 days 03:14:12.315000,0 days 03:14:54.440000,283.0,132.0,285.0,303.0,False,SOFT,15.0,True,Williams,0 days 03:12:51.087000,,1,14.0,,,False,True
0 days 03:16:19.106000,SAI,55,0 days 00:01:44.226000,25.0,2.0,NaT,NaT,0 days 00:00:26.067000,0 days 00:00:35.775000,0 days 00:00:42.384000,0 days 03:15:20.507000,0 days 03:15:56.282000,0 days 03:16:38.666000,285.0,132.0,282.0,319.0,False,SOFT,16.0,True,Williams,0 days 03:14:34.880000,,1,14.0,,,False,True
0 days 03:18:10.520000,SAI,55,0 days 00:01:51.414000,26.0,2.0,NaT,0 days 03:18:23.650000,0 days 00:00:26.236000,0 days 00:00:35.941000,0 days 00:00:49.237000,0 days 03:17:04.902000,0 days 03:17:40.843000,0 days 03:18:30.080000,286.0,135.0,,314.0,False,SOFT,17.0,True,Williams,0 days 03:16:19.106000,,1,16.0,,,False,False
0 days 03:20:13.009000,SAI,55,0 days 00:02:02.489000,27.0,3.0,0 days 03:18:51.884000,NaT,0 days 00:00:46.461000,0 days 00:00:35.126000,0 days 00:00:40.902000,0 days 03:19:16.541000,0 days 03:19:51.667000,0 days 03:20:32.569000,280.0,138.0,293.0,313.0,False,HARD,1.0,True,Williams,0 days 03:18:10.520000,,1,20.0,,,False,False
0 days 03:21:54.747000,SAI,55,0 days 00:01:41.738000,28.0,3.0,NaT,NaT,0 days 00:00:25.345000,0 days 00:00:35.245000,0 days 00:00:41.148000,0 days 03:20:57.914000,0 days 03:21:33.159000,0 days 03:22:14.307000,294.0,142.0,291.0,317.0,True,HARD,2.0,True,Williams,0 days 03:20:13.009000,,1,20.0,,,False,True
0 days 03:23:39,SAI,55,0 days 00:01:44.253000,29.0,3.0,NaT,NaT,0 days 00:00:25.570000,0 days 00:00:36.213000,0 days 00:00:42.470000,0 days 03:22:39.877000,0 days 03:23:16.090000,0 days 03:23:58.560000,266.0,139.0,289.0,320.0,False,HARD,3.0,True,Williams,0 days 03:21:54.747000,,1,18.0,,,False,True
0 days 03:25:21.957000,SAI,55,0 days 00:01:42.957000,30.0,3.0,NaT,NaT,0 days 00:00:25.900000,0 days 00:00:35.526000,0 days 00:00:41.531000,0 days 03:24:24.460000,0 days 03:24:59.986000,0 days 03:25:41.517000,285.0,137.0,289.0,313.0,False,HARD,4.0,True,Williams,0 days 03:23:39,,1,17.0,,,False,True
0 days 03:27:04.862000,SAI,55,0 days 00:01:42.905000,31.0,3.0,NaT,NaT,0 days 00:00:25.748000,0 days 00:00:35.379000,0 days 00:00:41.778000,0 days 03:26:07.265000,0 days 03:26:42.644000,0 days 03:27:24.422000,291.0,133.0,287.0,309.0,False,HARD,5.0,True,Williams,0 days 03:25:21.957000,,1,18.0,,,False,True
0 days 03:28:48.860000,SAI,55,0 days 00:01:43.998000,32.0,3.0,NaT,NaT,0 days 00:00:25.816000,0 days 00:00:35.869000,0 days 00:00:42.313000,0 days 03:27:50.238000,0 days 03:28:26.107000,0 days 03:29:08.420000,292.0,132.0,288.0,306.0,False,HARD,6.0,True,Williams,0 days 03:27:04.862000,,1,17.0,,,False,True
0 days 03:30:32.079000,SAI,55,0 days 00:01:43.219000,33.0,3.0,NaT,NaT,0 days 00:00:25.846000,0 days 00:00:35.434000,0 days 00:00:41.939000,0 days 03:29:34.266000,0 days 03:30:09.700000,0 days 03:30:51.639000,289.0,134.0,288.0,307.0,False,HARD,7.0,True,Williams,0 days 03:28:48.860000,,1,17.0,,,False,True
0 days 03:32:15.478000,SAI,55,0 days 00:01:43.399000,34.0,3.0,NaT,NaT,0 days 00:00:25.900000,0 days 00:00:35.585000,0 days 00:00:41.914000,0 days 03:31:17.539000,0 days 03:31:53.124000,0 days 03:32:35.038000,291.0,134.0,288.0,305.0,False,HARD,8.0,True,Williams,0 days 03:30:32.079000,,1,17.0,,,False,True
0 days 03:33:58.964000,SAI,55,0 days 00:01:43.486000,35.0,3.0,NaT,NaT,0 days 00:00:25.944000,0 days 00:00:35.539000,0 days 00:00:42.003000,0 days 03:33:00.982000,0 days 03:33:36.521000,0 days 03:34:18.524000,290.0,134.0,286.0,308.0,False,HARD,9.0,True,Williams,0 days 03:32:15.478000,,1,17.0,,,False,True
0 days 03:35:42.934000,SAI,55,0 days 00:01:43.970000,36.0,3.0,NaT,NaT,0 days 00:00:26.048000,0 days 00:00:35.657000,0 days 00:00:42.265000,0 days 03:34:44.572000,0 days 03:35:20.229000,0 days 03:36:02.494000,291.0,133.0,287.0,303.0,False,HARD,10.0,True,Williams,0 days 03:33:58.964000,,1,17.0,,,False,True
0 days 03:37:27.531000,SAI,55,0 days 00:01:44.597000,37.0,3.0,NaT,NaT,0 days 00:00:25.843000,0 days 00:00:35.845000,0 days 00:00:42.909000,0 days 03:36:28.337000,0 days 03:37:04.182000,0 days 03:37:47.091000,292.0,130.0,289.0,310.0,False,HARD,11.0,True,Williams,0 days 03:35:42.934000,,1,17.0,,,False,True
0 days 03:39:11.682000,SAI,55,0 days 00:01:44.151000,38.0,3.0,NaT,NaT,0 days 00:00:25.935000,0 days 00:00:36.042000,0 days 00:00:42.174000,0 days 03:38:13.026000,0 days 03:38:49.068000,0 days 03:39:31.242000,283.0,132.0,288.0,305.0,False,HARD,12.0,True,Williams,0 days 03:37:27.531000,,1,17.0,,,False,True
0 days 03:40:55.570000,SAI,55,0 days 00:01:43.888000,39.0,3.0,NaT,NaT,0 days 00:00:26.104000,0 days 00:00:35.655000,0 days 00:00:42.129000,0 days 03:39:57.346000,0 days 03:40:33.001000,0 days 03:41:15.130000,290.0,133.0,286.0,310.0,False,HARD,13.0,True,Williams,0 days 03:39:11.682000,,1,16.0,,,False,True
0 days 03:42:39.388000,SAI,55,0 days 00:01:43.818000,40.0,3.0,NaT,NaT,0 days 00:00:25.899000,0 days 00:00:35.705000,0 days 00:00:42.214000,0 days 03:41:41.029000,0 days 03:42:16.734000,0 days 03:42:58.948000,287.0,133.0,285.0,304.0,False,HARD,14.0,True,Williams,0 days 03:40:55.570000,,1,16.0,,,False,True
0 days 03:44:23.067000,SAI,55,0 days 00:01:43.679000,41.0,3.0,NaT,NaT,0 days 00:00:26.002000,0 days 00:00:35.554000,0 days 00:00:42.123000,0 days 03:43:24.950000,0 days 03:44:00.504000,0 days 03:44:42.627000,287.0,130.0,286.0,306.0,False,HARD,15.0,True,Williams,0 days 03:42:39.388000,,1,16.0,,,False,True
0 days 03:46:21.027000,SAI,55,0 days 00:01:57.960000,42.0,3.0,NaT,0 days 03:46:34.121000,0 days 00:00:25.973000,0 days 00:00:35.640000,0 days 00:00:56.347000,0 days 03:45:08.600000,0 days 03:45:44.240000,0 days 03:46:40.587000,287.0,130.0,,245.0,False,HARD,16.0,True,Williams,0 days 03:44:23.067000,,126,15.0,,,False,False
0 days 03:49:05.355000,SAI,55,NaT,43.0,4.0,0 days 03:47:13.840000,NaT,0 days 00:01:09.137000,0 days 00:00:39.491000,0 days 00:00:55.616000,0 days 03:47:49.809000,0 days 03:48:29.449000,0 days 03:49:25.075000,228.0,104.0,214.0,245.0,False,SOFT,4.0,False,Williams,0 days 03:46:21.027000,,6,18.0,,,False,False
0 days 03:51:20.572000,SAI,55,0 days 00:02:15.217000,44.0,4.0,NaT,NaT,0 days 00:00:36.025000,0 days 00:00:42.494000,0 days 00:00:56.698000,0 days 03:50:00.940000,0 days 03:50:43.434000,0 days 03:51:40.132000,242.0,107.0,122.0,238.0,False,SOFT,5.0,False,Williams,0 days 03:49:05.355000,,6,18.0,,,False,False
0 days 03:53:51.163000,SAI,55,NaT,45.0,4.0,NaT,NaT,0 days 00:00:41.458000,0 days 00:00:50.855000,0 days 00:00:58.363000,0 days 03:52:21.638000,0 days 03:53:12.372000,0 days 03:54:10.913000,146.0,108.0,192.0,211.0,False,SOFT,6.0,False,Williams,0 days 03:51:20.572000,,64,18.0,,,False,False
0 days 03:56:16.083000,SAI,55,0 days 00:02:24.920000,46.0,4.0,NaT,NaT,0 days 00:00:35.640000,0 days 00:00:50.588000,0 days 00:00:58.692000,0 days 03:54:46.363000,0 days 03:55:36.951000,0 days 03:56:35.643000,225.0,107.0,261.0,234.0,False,SOFT,7.0,False,Williams,0 days 03:53:51.163000,,4,18.0,,,False,False
0 days 03:57:58.991000,SAI,55,0 days 00:01:42.908000,47.0,4.0,NaT,NaT,0 days 00:00:26.619000,0 days 00:00:34.837000,0 days 00:00:41.452000,0 days 03:57:02.262000,0 days 03:57:37.099000,0 days 03:58:18.551000,289.0,136.0,287.0,299.0,False,SOFT,8.0,False,Williams,0 days 03:56:16.083000,,4,18.0,,,False,False
0 days 03:59:41.158000,SAI,55,0 days 00:01:42.167000,48.0,4.0,NaT,NaT,0 days 00:00:25.744000,0 days 00:00:34.898000,0 days 00:00:41.525000,0 days 03:58:44.295000,0 days 03:59:19.193000,0 days 04:00:00.718000,279.0,134.0,287.0,304.0,False,SOFT,9.0,False,Williams,0 days 03:57:58.991000,,4,18.0,,,False,False
0 days 04:01:38.960000,SAI,55,0 days 00:01:57.802000,49.0,4.0,NaT,NaT,0 days 00:00:25.687000,0 days 00:00:36.481000,0 days 00:00:55.634000,0 days 04:00:26.405000,0 days 04:01:02.886000,0 days 04:01:58.520000,278.0,132.0,207.0,189.0,False,SOFT,10.0,False,Williams,0 days 03:59:41.158000,,4,17.0,,,False,False
0 days 04:04:02.166000,SAI,55,0 days 00:02:23.206000,50.0,4.0,NaT,NaT,0 days 00:00:33.756000,0 days 00:00:51.885000,0 days 00:00:57.565000,0 days 04:02:32.276000,0 days 04:03:24.161000,0 days 04:04:21.726000,245.0,104.0,149.0,229.0,False,SOFT,11.0,False,Williams,0 days 04:01:38.960000,,4,16.0,,,False,False
0 days 04:06:29.740000,SAI,55,0 days 00:02:27.574000,51.0,4.0,NaT,NaT,0 days 00:00:38.866000,0 days 00:00:51.560000,0 days 00:00:57.148000,0 days 04:05:00.592000,0 days 04:05:52.152000,0 days 04:06:49.300000,215.0,118.0,295.0,283.0,False,SOFT,12.0,False,Williams,0 days 04:04:02.166000,,41,16.0,,,False,False
0 days 04:08:13.743000,SAI,55,0 days 00:01:44.003000,52.0,4.0,NaT,NaT,0 days 00:00:26.180000,0 days 00:00:36.109000,0 days 00:00:41.714000,0 days 04:07:15.480000,0 days 04:07:51.589000,0 days 04:08:33.303000,308.0,137.0,293.0,314.0,False,SOFT,13.0,False,Williams,0 days 04:06:29.740000,,1,16.0,,,False,True
0 days 04:09:55.926000,SAI,55,0 days 00:01:42.183000,53.0,4.0,NaT,NaT,0 days 00:00:25.682000,0 days 00:00:35.201000,0 days 00:00:41.300000,0 days 04:08:58.985000,0 days 04:09:34.186000,0 days 04:10:15.486000,299.0,138.0,291.0,320.0,False,SOFT,14.0,False,Williams,0 days 04:08:13.743000,,1,16.0,,,False,True
0 days 04:11:38.567000,SAI,55,0 days 00:01:42.641000,54.0,4.0,NaT,NaT,0 days 00:00:25.806000,0 days 00:00:35.170000,0 days 00:00:41.665000,0 days 04:10:41.292000,0 days 04:11:16.462000,0 days 04:11:58.127000,294.0,136.0,291.0,316.0,False,SOFT,15.0,False,Williams,0 days 04:09:55.926000,,1,16.0,,,False,True
0 days 04:13:21.679000,SAI,55,0 days 00:01:43.112000,55.0,4.0,NaT,NaT,0 days 00:00:26.067000,0 days 00:00:35.397000,0 days 00:00:41.648000,0 days 04:12:24.194000,0 days 04:12:59.591000,0 days 04:13:41.239000,294.0,133.0,283.0,328.0,False,SOFT,16.0,False,Williams,0 days 04:11:38.567000,,1,16.0,,,False,True
0 days 02:28:29.467000,HAD,6,0 days 00:02:47.915000,1.0,1.0,NaT,NaT,NaT,0 days 00:00:47.909000,0 days 00:00:59.816000,NaT,0 days 02:27:49.202000,0 days 02:28:49.034000,240.0,91.0,230.0,233.0,False,INTERMEDIATE,1.0,True,Red Bull Racing,0 days 02:26:00.700000,,1,7.0,,,False,False
0 days 02:32:15.569000,HAD,6,NaT,2.0,1.0,NaT,NaT,0 days 00:00:36.510000,0 days 00:00:52.926000,NaT,0 days 02:29:25.593000,0 days 02:30:18.412000,NaT,207.0,123.0,102.0,162.0,False,INTERMEDIATE,2.0,True,Red Bull Racing,0 days 02:28:29.467000,,12,11.0,,,False,False
0 days 02:34:10.533000,HAD,6,0 days 00:01:54.964000,3.0,1.0,NaT,NaT,0 days 00:00:30.672000,0 days 00:00:38.977000,0 days 00:00:45.315000,0 days 02:33:05.792000,0 days 02:33:44.769000,0 days 02:34:30.084000,267.0,132.0,265.0,269.0,True,INTERMEDIATE,3.0,True,Red Bull Racing,0 days 02:32:15.569000,,1,5.0,,,False,True
0 days 02:36:02.290000,HAD,6,0 days 00:01:51.757000,4.0,1.0,NaT,NaT,0 days 00:00:28.436000,0 days 00:00:37.989000,0 days 00:00:45.332000,0 days 02:34:58.520000,0 days 02:35:36.509000,0 days 02:36:21.841000,264.0,127.0,265.0,267.0,True,INTERMEDIATE,4.0,True,Red Bull Racing,0 days 02:34:10.533000,,1,5.0,,,False,True
0 days 02:37:53.839000,HAD,6,0 days 00:01:51.549000,5.0,1.0,NaT,NaT,0 days 00:00:28.151000,0 days 00:00:38.041000,0 days 00:00:45.357000,0 days 02:36:49.992000,0 days 02:37:28.033000,0 days 02:38:13.390000,264.0,129.0,264.0,267.0,True,INTERMEDIATE,5.0,True,Red Bull Racing,0 days 02:36:02.290000,,1,5.0,,,False,True
0 days 02:39:45.844000,HAD,6,0 days 00:01:52.005000,6.0,1.0,NaT,NaT,0 days 00:00:28.194000,0 days 00:00:38.491000,0 days 00:00:45.320000,0 days 02:38:41.584000,0 days 02:39:20.075000,0 days 02:40:05.395000,262.0,125.0,260.0,273.0,False,INTERMEDIATE,6.0,True,Red Bull Racing,0 days 02:37:53.839000,,12,4.0,,,False,True
0 days 02:41:37.414000,HAD,6,0 days 00:01:51.570000,7.0,1.0,NaT,NaT,0 days 00:00:28.465000,0 days 00:00:37.972000,0 days 00:00:45.133000,0 days 02:40:33.860000,0 days 02:41:11.832000,0 days 02:41:56.965000,257.0,125.0,260.0,269.0,False,INTERMEDIATE,7.0,True,Red Bull Racing,0 days 02:39:45.844000,,1,4.0,,,False,True
0 days 02:43:29.435000,HAD,6,0 days 00:01:52.021000,8.0,1.0,NaT,NaT,0 days 00:00:28.340000,0 days 00:00:38.182000,0 days 00:00:45.499000,0 days 02:42:25.305000,0 days 02:43:03.487000,0 days 02:43:48.986000,259.0,121.0,260.0,270.0,False,INTERMEDIATE,8.0,True,Red Bull Racing,0 days 02:41:37.414000,,12,4.0,,,False,True
0 days 02:45:37.287000,HAD,6,0 days 00:02:07.852000,9.0,1.0,NaT,0 days 02:45:50.542000,0 days 00:00:28.462000,0 days 00:00:38.254000,0 days 00:01:01.136000,0 days 02:44:17.448000,0 days 02:44:55.702000,0 days 02:45:56.838000,260.0,118.0,,243.0,False,INTERMEDIATE,9.0,True,Red Bull Racing,0 days 02:43:29.435000,,124,4.0,,,False,False
0 days 02:48:18.873000,HAD,6,NaT,10.0,2.0,0 days 02:46:18.597000,NaT,0 days 00:00:54.557000,0 days 00:00:47.902000,0 days 00:00:59.035000,0 days 02:46:51.566000,0 days 02:47:39.497000,0 days 02:48:38.439000,211.0,117.0,217.0,250.0,False,SOFT,4.0,False,Red Bull Racing,0 days 02:45:37.287000,,4,4.0,,,False,False
0 days 02:50:44.208000,HAD,6,0 days 00:02:25.335000,11.0,2.0,NaT,NaT,0 days 00:00:34.488000,0 days 00:00:52.085000,0 days 00:00:58.762000,0 days 02:49:12.912000,0 days 02:50:04.997000,0 days 02:51:03.759000,164.0,119.0,221.0,263.0,False,SOFT,5.0,False,Red Bull Racing,0 days 02:48:18.873000,,4,4.0,,,False,False
0 days 02:53:23.812000,HAD,6,NaT,12.0,2.0,NaT,NaT,0 days 00:00:36.811000,0 days 00:00:51.066000,0 days 00:01:11.802000,0 days 02:51:40.639000,0 days 02:52:31.749000,0 days 02:53:43.523000,179.0,105.0,260.0,182.0,False,SOFT,6.0,False,Red Bull Racing,0 days 02:50:44.208000,,41,4.0,,,False,False
0 days 02:55:10.840000,HAD,6,0 days 00:01:47.028000,13.0,2.0,NaT,NaT,0 days 00:00:27.946000,0 days 00:00:36.150000,0 days 00:00:42.932000,0 days 02:54:11.309000,0 days 02:54:47.459000,0 days 02:55:30.391000,271.0,134.0,265.0,275.0,True,SOFT,7.0,False,Red Bull Racing,0 days 02:53:23.812000,,12,4.0,,,False,True
0 days 02:56:55.180000,HAD,6,0 days 00:01:44.340000,14.0,2.0,NaT,NaT,0 days 00:00:27.038000,0 days 00:00:35.257000,0 days 00:00:42.045000,0 days 02:55:57.429000,0 days 02:56:32.686000,0 days 02:57:14.731000,265.0,131.0,267.0,274.0,True,SOFT,8.0,False,Red Bull Racing,0 days 02:55:10.840000,,1,4.0,,,False,True
0 days 02:58:38.572000,HAD,6,0 days 00:01:43.392000,15.0,2.0,NaT,NaT,0 days 00:00:26.952000,0 days 00:00:34.809000,0 days 00:00:41.631000,0 days 02:57:41.683000,0 days 02:58:16.492000,0 days 02:58:58.123000,265.0,130.0,286.0,301.0,True,SOFT,9.0,False,Red Bull Racing,0 days 02:56:55.180000,,1,4.0,,,False,True
0 days 03:00:21.592000,HAD,6,0 days 00:01:43.020000,16.0,2.0,NaT,NaT,0 days 00:00:26.326000,0 days 00:00:34.969000,0 days 00:00:41.725000,0 days 02:59:24.449000,0 days 02:59:59.418000,0 days 03:00:41.143000,278.0,130.0,285.0,300.0,True,SOFT,10.0,False,Red Bull Racing,0 days 02:58:38.572000,,12,4.0,,,False,True
0 days 03:02:04.110000,HAD,6,0 days 00:01:42.518000,17.0,2.0,NaT,NaT,0 days 00:00:26.283000,0 days 00:00:34.760000,0 days 00:00:41.475000,0 days 03:01:07.426000,0 days 03:01:42.186000,0 days 03:02:23.661000,276.0,134.0,285.0,299.0,True,SOFT,11.0,False,Red Bull Racing,0 days 03:00:21.592000,,1,4.0,,,False,True
0 days 03:03:45.977000,HAD,6,0 days 00:01:41.867000,18.0,2.0,NaT,NaT,0 days 00:00:26.024000,0 days 00:00:34.549000,0 days 00:00:41.294000,0 days 03:02:49.685000,0 days 03:03:24.234000,0 days 03:04:05.528000,276.0,135.0,285.0,298.0,True,SOFT,12.0,False,Red Bull Racing,0 days 03:02:04.110000,,1,4.0,,,False,True
0 days 03:05:28.022000,HAD,6,0 days 00:01:42.045000,19.0,2.0,NaT,NaT,0 days 00:00:26.063000,0 days 00:00:34.608000,0 days 00:00:41.374000,0 days 03:04:31.591000,0 days 03:05:06.199000,0 days 03:05:47.573000,275.0,136.0,285.0,298.0,False,SOFT,13.0,False,Red Bull Racing,0 days 03:03:45.977000,,1,4.0,,,False,True
0 days 03:07:10.150000,HAD,6,0 days 00:01:42.128000,20.0,2.0,NaT,NaT,0 days 00:00:26.009000,0 days 00:00:34.634000,0 days 00:00:41.485000,0 days 03:06:13.582000,0 days 03:06:48.216000,0 days 03:07:29.701000,275.0,135.0,282.0,297.0,False,SOFT,14.0,False,Red Bull Racing,0 days 03:05:28.022000,,1,4.0,,,False,True
0 days 03:08:52.556000,HAD,6,0 days 00:01:42.406000,21.0,2.0,NaT,NaT,0 days 00:00:26.141000,0 days 00:00:34.554000,0 days 00:00:41.711000,0 days 03:07:55.842000,0 days 03:08:30.396000,0 days 03:09:12.107000,272.0,137.0,283.0,296.0,False,SOFT,15.0,False,Red Bull Racing,0 days 03:07:10.150000,,1,4.0,,,False,True
0 days 03:10:34.827000,HAD,6,0 days 00:01:42.271000,22.0,2.0,NaT,NaT,0 days 00:00:26.044000,0 days 00:00:34.508000,0 days 00:00:41.719000,0 days 03:09:38.151000,0 days 03:10:12.659000,0 days 03:10:54.378000,275.0,135.0,283.0,296.0,False,SOFT,16.0,False,Red Bull Racing,0 days 03:08:52.556000,,1,4.0,,,False,True
0 days 03:12:17.279000,HAD,6,0 days 00:01:42.452000,23.0,2.0,NaT,NaT,0 days 00:00:26.160000,0 days 00:00:34.638000,0 days 00:00:41.654000,0 days 03:11:20.538000,0 days 03:11:55.176000,0 days 03:12:36.830000,273.0,136.0,284.0,298.0,False,SOFT,17.0,False,Red Bull Racing,0 days 03:10:34.827000,,1,4.0,,,False,True
0 days 03:13:59.713000,HAD,6,0 days 00:01:42.434000,24.0,2.0,NaT,NaT,0 days 00:00:26.062000,0 days 00:00:34.640000,0 days 00:00:41.732000,0 days 03:13:02.892000,0 days 03:13:37.532000,0 days 03:14:19.264000,274.0,133.0,283.0,298.0,False,SOFT,18.0,False,Red Bull Racing,0 days 03:12:17.279000,,1,4.0,,,False,True
0 days 03:15:42.481000,HAD,6,0 days 00:01:42.768000,25.0,2.0,NaT,NaT,0 days 00:00:26.187000,0 days 00:00:34.752000,0 days 00:00:41.829000,0 days 03:14:45.451000,0 days 03:15:20.203000,0 days 03:16:02.032000,276.0,136.0,284.0,297.0,False,SOFT,19.0,False,Red Bull Racing,0 days 03:13:59.713000,,1,4.0,,,False,True
0 days 03:17:25.376000,HAD,6,0 days 00:01:42.895000,26.0,2.0,NaT,NaT,0 days 00:00:26.157000,0 days 00:00:34.659000,0 days 00:00:42.079000,0 days 03:16:28.189000,0 days 03:17:02.848000,0 days 03:17:44.927000,276.0,134.0,284.0,297.0,False,SOFT,20.0,False,Red Bull Racing,0 days 03:15:42.481000,,1,4.0,,,False,True
0 days 03:19:08.390000,HAD,6,0 days 00:01:43.014000,27.0,2.0,NaT,NaT,0 days 00:00:26.231000,0 days 00:00:34.882000,0 days 00:00:41.901000,0 days 03:18:11.158000,0 days 03:18:46.040000,0 days 03:19:27.941000,276.0,132.0,285.0,299.0,False,SOFT,21.0,False,Red Bull Racing,0 days 03:17:25.376000,,1,4.0,,,False,True
0 days 03:20:51.486000,HAD,6,0 days 00:01:43.096000,28.0,2.0,NaT,NaT,0 days 00:00:26.215000,0 days 00:00:34.937000,0 days 00:00:41.944000,0 days 03:19:54.156000,0 days 03:20:29.093000,0 days 03:21:11.037000,277.0,132.0,285.0,300.0,False,SOFT,22.0,False,Red Bull Racing,0 days 03:19:08.390000,,1,4.0,,,False,True
0 days 03:22:34.788000,HAD,6,0 days 00:01:43.302000,29.0,2.0,NaT,NaT,0 days 00:00:26.233000,0 days 00:00:35.127000,0 days 00:00:41.942000,0 days 03:21:37.270000,0 days 03:22:12.397000,0 days 03:22:54.339000,277.0,130.0,286.0,302.0,False,SOFT,23.0,False,Red Bull Racing,0 days 03:20:51.486000,,1,4.0,,,False,True
0 days 03:24:18.689000,HAD,6,0 days 00:01:43.901000,30.0,2.0,NaT,NaT,0 days 00:00:26.332000,0 days 00:00:35.318000,0 days 00:00:42.251000,0 days 03:23:20.671000,0 days 03:23:55.989000,0 days 03:24:38.240000,279.0,131.0,284.0,301.0,False,SOFT,24.0,False,Red Bull Racing,0 days 03:22:34.788000,,1,4.0,,,False,True
0 days 03:26:09.126000,HAD,6,0 days 00:01:50.437000,31.0,2.0,NaT,0 days 03:26:22.339000,0 days 00:00:26.427000,0 days 00:00:35.344000,0 days 00:00:48.666000,0 days 03:25:04.667000,0 days 03:25:40.011000,0 days 03:26:28.677000,278.0,128.0,,325.0,False,SOFT,25.0,False,Red Bull Racing,0 days 03:24:18.689000,,1,4.0,,,False,False
0 days 03:28:11.847000,HAD,6,0 days 00:02:02.721000,32.0,3.0,0 days 03:26:50.761000,NaT,0 days 00:00:46.890000,0 days 00:00:35.006000,0 days 00:00:40.825000,0 days 03:27:15.567000,0 days 03:27:50.573000,0 days 03:28:31.398000,271.0,137.0,288.0,301.0,False,None,,False,Red Bull Racing,0 days 03:26:09.126000,,1,6.0,,,False,False
0 days 03:29:52.474000,HAD,6,0 days 00:01:40.627000,33.0,3.0,NaT,NaT,0 days 00:00:25.617000,0 days 00:00:34.056000,0 days 00:00:40.954000,0 days 03:28:57.015000,0 days 03:29:31.071000,0 days 03:30:12.025000,276.0,134.0,287.0,303.0,True,None,,False,Red Bull Racing,0 days 03:28:11.847000,,1,5.0,,,False,True
0 days 03:31:33.771000,HAD,6,0 days 00:01:41.297000,34.0,3.0,NaT,NaT,0 days 00:00:25.667000,0 days 00:00:34.430000,0 days 00:00:41.200000,0 days 03:30:37.692000,0 days 03:31:12.122000,0 days 03:31:53.322000,277.0,136.0,285.0,317.0,False,None,,False,Red Bull Racing,0 days 03:29:52.474000,,1,4.0,,,False,True
0 days 03:33:14.140000,HAD,6,0 days 00:01:40.369000,35.0,3.0,NaT,NaT,0 days 00:00:25.614000,0 days 00:00:33.694000,0 days 00:00:41.061000,0 days 03:32:18.936000,0 days 03:32:52.630000,0 days 03:33:33.691000,276.0,136.0,287.0,299.0,True,None,,False,Red Bull Racing,0 days 03:31:33.771000,,1,4.0,,,False,True
0 days 03:34:55.634000,HAD,6,0 days 00:01:41.494000,36.0,3.0,NaT,NaT,0 days 00:00:25.911000,0 days 00:00:34.383000,0 days 00:00:41.200000,0 days 03:33:59.602000,0 days 03:34:33.985000,0 days 03:35:15.185000,274.0,136.0,286.0,300.0,False,None,,False,Red Bull Racing,0 days 03:33:14.140000,,1,4.0,,,False,True
0 days 03:36:36.871000,HAD,6,0 days 00:01:41.237000,37.0,3.0,NaT,NaT,0 days 00:00:25.939000,0 days 00:00:34.021000,0 days 00:00:41.277000,0 days 03:35:41.124000,0 days 03:36:15.145000,0 days 03:36:56.422000,277.0,135.0,289.0,304.0,False,None,,False,Red Bull Racing,0 days 03:34:55.634000,,1,4.0,,,False,True
0 days 03:38:18.351000,HAD,6,0 days 00:01:41.480000,38.0,3.0,NaT,NaT,0 days 00:00:25.892000,0 days 00:00:34.134000,0 days 00:00:41.454000,0 days 03:37:22.314000,0 days 03:37:56.448000,0 days 03:38:37.902000,276.0,132.0,286.0,298.0,False,None,,False,Red Bull Racing,0 days 03:36:36.871000,,1,4.0,,,False,True
0 days 03:40:00.034000,HAD,6,0 days 00:01:41.683000,39.0,3.0,NaT,NaT,0 days 00:00:25.948000,0 days 00:00:34.232000,0 days 00:00:41.503000,0 days 03:39:03.850000,0 days 03:39:38.082000,0 days 03:40:19.585000,275.0,133.0,286.0,298.0,False,None,,False,Red Bull Racing,0 days 03:38:18.351000,,1,4.0,,,False,True
0 days 03:41:41.220000,HAD,6,0 days 00:01:41.186000,40.0,3.0,NaT,NaT,0 days 00:00:25.814000,0 days 00:00:34.078000,0 days 00:00:41.294000,0 days 03:40:45.399000,0 days 03:41:19.477000,0 days 03:42:00.771000,302.0,135.0,285.0,300.0,False,None,,False,Red Bull Racing,0 days 03:40:00.034000,,1,4.0,,,False,True
0 days 03:43:22.920000,HAD,6,0 days 00:01:41.700000,41.0,3.0,NaT,NaT,0 days 00:00:26.181000,0 days 00:00:34.197000,0 days 00:00:41.322000,0 days 03:42:26.952000,0 days 03:43:01.149000,0 days 03:43:42.471000,275.0,134.0,287.0,295.0,False,None,,False,Red Bull Racing,0 days 03:41:41.220000,,1,4.0,,,False,True
0 days 03:45:04.477000,HAD,6,0 days 00:01:41.557000,42.0,3.0,NaT,NaT,0 days 00:00:25.849000,0 days 00:00:34.240000,0 days 00:00:41.468000,0 days 03:44:08.320000,0 days 03:44:42.560000,0 days 03:45:24.028000,309.0,132.0,277.0,295.0,False,None,,False,Red Bull Racing,0 days 03:43:22.920000,,1,4.0,,,False,True
0 days 03:47:08.490000,HAD,6,0 days 00:02:04.013000,43.0,3.0,NaT,NaT,0 days 00:00:26.526000,0 days 00:00:41.694000,0 days 00:00:55.793000,0 days 03:45:50.554000,0 days 03:46:32.248000,0 days 03:47:28.041000,273.0,97.0,177.0,255.0,False,None,,False,Red Bull Racing,0 days 03:45:04.477000,,126,4.0,,,False,False
0 days 03:49:26.800000,HAD,6,0 days 00:02:18.310000,44.0,3.0,NaT,0 days 03:49:39.996000,0 days 00:00:35.974000,0 days 00:00:42.735000,0 days 00:00:59.601000,0 days 03:48:04.015000,0 days 03:48:46.750000,0 days 03:49:46.351000,231.0,92.0,,222.0,False,None,,False,Red Bull Racing,0 days 03:47:08.490000,,6,4.0,,,False,False
0 days 03:51:58.828000,HAD,6,NaT,45.0,4.0,0 days 03:50:07.294000,NaT,0 days 00:00:52.491000,0 days 00:00:43.460000,0 days 00:00:55.985000,0 days 03:50:38.934000,0 days 03:51:22.466000,0 days 03:52:18.466000,255.0,84.0,226.0,207.0,False,SOFT,4.0,False,Red Bull Racing,0 days 03:49:26.800000,,64,4.0,,,False,False
0 days 03:54:12.009000,HAD,6,0 days 00:02:13.181000,46.0,4.0,NaT,NaT,0 days 00:00:35.697000,0 days 00:00:42.115000,0 days 00:00:55.369000,0 days 03:52:54.076000,0 days 03:53:36.191000,0 days 03:54:31.560000,253.0,89.0,236.0,214.0,False,SOFT,5.0,False,Red Bull Racing,0 days 03:51:58.828000,,4,4.0,,,False,False
0 days 03:56:21.255000,HAD,6,0 days 00:02:09.246000,47.0,4.0,NaT,NaT,0 days 00:00:29.981000,0 days 00:00:39.811000,0 days 00:00:59.454000,0 days 03:55:01.541000,0 days 03:55:41.352000,0 days 03:56:40.806000,249.0,90.0,176.0,208.0,False,SOFT,6.0,False,Red Bull Racing,0 days 03:54:12.009000,,4,4.0,,,False,False
0 days 03:58:51.511000,HAD,6,NaT,48.0,4.0,NaT,NaT,0 days 00:00:38.375000,0 days 00:00:50.403000,0 days 00:01:01.493000,0 days 03:57:19.223000,0 days 03:58:09.660000,0 days 03:59:11.114000,235.0,106.0,157.0,264.0,False,SOFT,7.0,False,Red Bull Racing,0 days 03:56:21.255000,,4,4.0,,,False,False
0 days 04:01:20.647000,HAD,6,0 days 00:02:29.136000,49.0,4.0,NaT,NaT,0 days 00:00:40.435000,0 days 00:00:49.917000,0 days 00:00:58.784000,0 days 03:59:51.497000,0 days 04:00:41.414000,0 days 04:01:40.198000,201.0,108.0,229.0,261.0,False,SOFT,8.0,False,Red Bull Racing,0 days 03:58:51.511000,,4,4.0,,,False,False
0 days 04:03:44.814000,HAD,6,0 days 00:02:24.167000,50.0,4.0,NaT,NaT,0 days 00:00:33.866000,0 days 00:00:51.418000,0 days 00:00:58.883000,0 days 04:02:14.064000,0 days 04:03:05.482000,0 days 04:04:04.365000,235.0,89.0,177.0,242.0,False,SOFT,9.0,False,Red Bull Racing,0 days 04:01:20.647000,,4,3.0,,,False,False
0 days 04:06:23.867000,HAD,6,NaT,51.0,4.0,NaT,NaT,0 days 00:00:39.025000,0 days 00:00:51.406000,0 days 00:01:08.600000,0 days 04:04:43.458000,0 days 04:05:34.909000,0 days 04:06:43.496000,207.0,118.0,291.0,271.0,False,SOFT,10.0,False,Red Bull Racing,0 days 04:03:44.814000,,41,3.0,,,False,False
0 days 04:08:03.659000,HAD,6,0 days 00:01:39.792000,52.0,4.0,NaT,NaT,0 days 00:00:25.578000,0 days 00:00:33.881000,0 days 00:00:40.333000,0 days 04:07:08.996000,0 days 04:07:42.877000,0 days 04:08:23.210000,289.0,137.0,285.0,304.0,True,SOFT,11.0,False,Red Bull Racing,0 days 04:06:23.867000,,1,3.0,,,False,True
0 days 04:09:44.185000,HAD,6,0 days 00:01:40.526000,53.0,4.0,NaT,NaT,0 days 00:00:25.885000,0 days 00:00:34.071000,0 days 00:00:40.570000,0 days 04:08:49.095000,0 days 04:09:23.166000,0 days 04:10:03.736000,294.0,139.0,286.0,303.0,False,SOFT,12.0,False,Red Bull Racing,0 days 04:08:03.659000,,1,4.0,,,False,True
0 days 04:11:25.105000,HAD,6,0 days 00:01:40.920000,54.0,4.0,NaT,NaT,0 days 00:00:26.072000,0 days 00:00:34.157000,0 days 00:00:40.691000,0 days 04:10:29.808000,0 days 04:11:03.965000,0 days 04:11:44.656000,287.0,135.0,290.0,307.0,False,SOFT,13.0,False,Red Bull Racing,0 days 04:09:44.185000,,1,4.0,,,False,True
0 days 04:13:04.924000,HAD,6,0 days 00:01:39.819000,55.0,4.0,NaT,NaT,0 days 00:00:25.613000,0 days 00:00:33.673000,0 days 00:00:40.533000,0 days 04:12:10.269000,0 days 04:12:43.942000,0 days 04:13:24.475000,282.0,135.0,291.0,308.0,False,SOFT,14.0,False,Red Bull Racing,0 days 04:11:25.105000,,1,4.0,,,False,True
0 days 02:28:27.232000,RUS,63,0 days 00:02:45.785000,1.0,1.0,NaT,NaT,NaT,0 days 00:00:48.557000,0 days 00:00:59.145000,NaT,0 days 02:27:47.685000,0 days 02:28:46.973000,235.0,90.0,246.0,249.0,False,INTERMEDIATE,1.0,True,Mercedes,0 days 02:26:00.700000,,1,6.0,,,False,False
0 days 02:32:15.118000,RUS,63,NaT,2.0,1.0,NaT,NaT,0 days 00:00:37.579000,0 days 00:00:52.471000,NaT,0 days 02:29:24.545000,0 days 02:30:16.936000,NaT,180.0,92.0,100.0,178.0,False,INTERMEDIATE,2.0,True,Mercedes,0 days 02:28:27.232000,,12,9.0,,,False,False
0 days 02:34:06.262000,RUS,63,0 days 00:01:51.144000,3.0,1.0,NaT,NaT,0 days 00:00:29.569000,0 days 00:00:37.523000,0 days 00:00:44.052000,0 days 02:33:04.285000,0 days 02:33:41.808000,0 days 02:34:25.860000,273.0,130.0,264.0,289.0,True,INTERMEDIATE,3.0,True,Mercedes,0 days 02:32:15.118000,,1,2.0,,,False,True
0 days 02:35:55.384000,RUS,63,0 days 00:01:49.122000,4.0,1.0,NaT,NaT,0 days 00:00:28.133000,0 days 00:00:37.060000,0 days 00:00:43.929000,0 days 02:34:53.993000,0 days 02:35:31.053000,0 days 02:36:14.982000,246.0,129.0,263.0,281.0,True,INTERMEDIATE,4.0,True,Mercedes,0 days 02:34:06.262000,,1,2.0,,,False,True
0 days 02:37:45.845000,RUS,63,0 days 00:01:50.461000,5.0,1.0,NaT,NaT,0 days 00:00:28.174000,0 days 00:00:37.472000,0 days 00:00:44.815000,0 days 02:36:43.156000,0 days 02:37:20.628000,0 days 02:38:05.443000,243.0,129.0,263.0,264.0,False,INTERMEDIATE,5.0,True,Mercedes,0 days 02:35:55.384000,,1,2.0,,,False,True
0 days 02:39:38.065000,RUS,63,0 days 00:01:52.220000,6.0,1.0,NaT,NaT,0 days 00:00:28.419000,0 days 00:00:38.827000,0 days 00:00:44.974000,0 days 02:38:33.862000,0 days 02:39:12.689000,0 days 02:39:57.663000,249.0,125.0,263.0,271.0,False,INTERMEDIATE,6.0,True,Mercedes,0 days 02:37:45.845000,,12,3.0,,,False,True
0 days 02:41:30.474000,RUS,63,0 days 00:01:52.409000,7.0,1.0,NaT,NaT,0 days 00:00:28.362000,0 days 00:00:38.551000,0 days 00:00:45.496000,0 days 02:40:26.025000,0 days 02:41:04.576000,0 days 02:41:50.072000,259.0,124.0,260.0,266.0,False,INTERMEDIATE,7.0,True,Mercedes,0 days 02:39:38.065000,,1,3.0,,,False,True
0 days 02:43:23.097000,RUS,63,0 days 00:01:52.623000,8.0,1.0,NaT,NaT,0 days 00:00:28.485000,0 days 00:00:38.489000,0 days 00:00:45.649000,0 days 02:42:18.557000,0 days 02:42:57.046000,0 days 02:43:42.695000,266.0,121.0,260.0,268.0,False,INTERMEDIATE,8.0,True,Mercedes,0 days 02:41:30.474000,,12,3.0,,,False,True
0 days 02:45:28.062000,RUS,63,0 days 00:02:04.965000,9.0,1.0,NaT,0 days 02:45:41.285000,0 days 00:00:28.441000,0 days 00:00:38.836000,0 days 00:00:57.688000,0 days 02:44:11.136000,0 days 02:44:49.972000,0 days 02:45:47.660000,260.0,117.0,,133.0,False,INTERMEDIATE,9.0,True,Mercedes,0 days 02:43:23.097000,,124,3.0,,,False,False
0 days 02:48:16.491000,RUS,63,NaT,10.0,2.0,0 days 02:46:09.988000,NaT,0 days 00:00:54.794000,0 days 00:00:49.812000,0 days 00:01:03.820000,0 days 02:46:42.519000,0 days 02:47:32.269000,0 days 02:48:36.283000,188.0,109.0,212.0,242.0,False,MEDIUM,1.0,True,Mercedes,0 days 02:45:28.062000,,4,3.0,,,False,False
0 days 02:50:43.140000,RUS,63,0 days 00:02:26.649000,11.0,2.0,NaT,NaT,0 days 00:00:35.382000,0 days 00:00:52.283000,0 days 00:00:58.984000,0 days 02:49:11.471000,0 days 02:50:03.754000,0 days 02:51:02.738000,148.0,96.0,222.0,245.0,False,MEDIUM,2.0,True,Mercedes,0 days 02:48:16.491000,,4,3.0,,,False,False
0 days 02:53:22.924000,RUS,63,NaT,12.0,2.0,NaT,NaT,0 days 00:00:36.733000,0 days 00:00:50.534000,0 days 00:01:12.558000,0 days 02:51:39.545000,0 days 02:52:30.077000,0 days 02:53:42.650000,195.0,105.0,265.0,184.0,False,MEDIUM,3.0,True,Mercedes,0 days 02:50:43.140000,,41,3.0,,,False,False
0 days 02:55:08.347000,RUS,63,0 days 00:01:45.423000,13.0,2.0,NaT,NaT,0 days 00:00:27.537000,0 days 00:00:35.603000,0 days 00:00:42.283000,0 days 02:54:10.059000,0 days 02:54:45.662000,0 days 02:55:27.945000,267.0,138.0,267.0,290.0,True,MEDIUM,4.0,True,Mercedes,0 days 02:53:22.924000,,12,2.0,,,False,True
0 days 02:56:52.146000,RUS,63,0 days 00:01:43.799000,14.0,2.0,NaT,NaT,0 days 00:00:26.638000,0 days 00:00:35.190000,0 days 00:00:41.971000,0 days 02:55:54.583000,0 days 02:56:29.773000,0 days 02:57:11.744000,258.0,137.0,266.0,280.0,True,MEDIUM,5.0,True,Mercedes,0 days 02:55:08.347000,,1,2.0,,,False,True
0 days 02:58:34.625000,RUS,63,0 days 00:01:42.479000,15.0,2.0,NaT,NaT,0 days 00:00:26.719000,0 days 00:00:34.794000,0 days 00:00:40.966000,0 days 02:57:38.463000,0 days 02:58:13.257000,0 days 02:58:54.223000,268.0,138.0,286.0,302.0,True,MEDIUM,6.0,True,Mercedes,0 days 02:56:52.146000,,1,2.0,,,False,True
0 days 03:00:16.427000,RUS,63,0 days 00:01:41.802000,16.0,2.0,NaT,NaT,0 days 00:00:25.978000,0 days 00:00:34.759000,0 days 00:00:41.065000,0 days 02:59:20.201000,0 days 02:59:54.960000,0 days 03:00:36.025000,281.0,137.0,284.0,302.0,True,MEDIUM,7.0,True,Mercedes,0 days 02:58:34.625000,,12,2.0,,,False,True
0 days 03:01:57.963000,RUS,63,0 days 00:01:41.536000,17.0,2.0,NaT,NaT,0 days 00:00:25.842000,0 days 00:00:34.564000,0 days 00:00:41.130000,0 days 03:01:01.867000,0 days 03:01:36.431000,0 days 03:02:17.561000,281.0,137.0,284.0,302.0,True,MEDIUM,8.0,True,Mercedes,0 days 03:00:16.427000,,1,2.0,,,False,True
0 days 03:03:39.607000,RUS,63,0 days 00:01:41.644000,18.0,2.0,NaT,NaT,0 days 00:00:25.841000,0 days 00:00:34.446000,0 days 00:00:41.357000,0 days 03:02:43.402000,0 days 03:03:17.848000,0 days 03:03:59.205000,279.0,140.0,283.0,298.0,False,MEDIUM,9.0,True,Mercedes,0 days 03:01:57.963000,,1,2.0,,,False,True
0 days 03:05:21.196000,RUS,63,0 days 00:01:41.589000,19.0,2.0,NaT,NaT,0 days 00:00:25.839000,0 days 00:00:34.504000,0 days 00:00:41.246000,0 days 03:04:25.044000,0 days 03:04:59.548000,0 days 03:05:40.794000,278.0,137.0,284.0,300.0,False,MEDIUM,10.0,True,Mercedes,0 days 03:03:39.607000,,1,2.0,,,False,True
0 days 03:07:03.044000,RUS,63,0 days 00:01:41.848000,20.0,2.0,NaT,NaT,0 days 00:00:25.971000,0 days 00:00:34.444000,0 days 00:00:41.433000,0 days 03:06:06.765000,0 days 03:06:41.209000,0 days 03:07:22.642000,279.0,136.0,284.0,298.0,False,MEDIUM,11.0,True,Mercedes,0 days 03:05:21.196000,,1,2.0,,,False,True
0 days 03:08:45.811000,RUS,63,0 days 00:01:42.767000,21.0,2.0,NaT,NaT,0 days 00:00:25.756000,0 days 00:00:35.388000,0 days 00:00:41.623000,0 days 03:07:48.398000,0 days 03:08:23.786000,0 days 03:09:05.409000,289.0,130.0,286.0,309.0,False,MEDIUM,12.0,True,Mercedes,0 days 03:07:03.044000,,1,3.0,,,False,True
0 days 03:10:27.927000,RUS,63,0 days 00:01:42.116000,22.0,2.0,NaT,NaT,0 days 00:00:25.687000,0 days 00:00:34.904000,0 days 00:00:41.525000,0 days 03:09:31.096000,0 days 03:10:06,0 days 03:10:47.525000,288.0,131.0,286.0,304.0,False,MEDIUM,13.0,True,Mercedes,0 days 03:08:45.811000,,1,3.0,,,False,True
0 days 03:12:10.262000,RUS,63,0 days 00:01:42.335000,23.0,2.0,NaT,NaT,0 days 00:00:25.798000,0 days 00:00:34.790000,0 days 00:00:41.747000,0 days 03:11:13.323000,0 days 03:11:48.113000,0 days 03:12:29.860000,286.0,132.0,284.0,302.0,False,MEDIUM,14.0,True,Mercedes,0 days 03:10:27.927000,,1,3.0,,,False,True
0 days 03:13:52.632000,RUS,63,0 days 00:01:42.370000,24.0,2.0,NaT,NaT,0 days 00:00:25.847000,0 days 00:00:34.591000,0 days 00:00:41.932000,0 days 03:12:55.707000,0 days 03:13:30.298000,0 days 03:14:12.230000,284.0,131.0,285.0,301.0,False,MEDIUM,15.0,True,Mercedes,0 days 03:12:10.262000,,1,3.0,,,False,True
0 days 03:15:35.340000,RUS,63,0 days 00:01:42.708000,25.0,2.0,NaT,NaT,0 days 00:00:25.731000,0 days 00:00:34.869000,0 days 00:00:42.108000,0 days 03:14:37.961000,0 days 03:15:12.830000,0 days 03:15:54.938000,284.0,131.0,285.0,302.0,False,MEDIUM,16.0,True,Mercedes,0 days 03:13:52.632000,,1,3.0,,,False,True
0 days 03:17:18.092000,RUS,63,0 days 00:01:42.752000,26.0,2.0,NaT,NaT,0 days 00:00:25.785000,0 days 00:00:34.748000,0 days 00:00:42.219000,0 days 03:16:20.723000,0 days 03:16:55.471000,0 days 03:17:37.690000,285.0,131.0,284.0,301.0,False,MEDIUM,17.0,True,Mercedes,0 days 03:15:35.340000,,1,3.0,,,False,True
0 days 03:19:00.998000,RUS,63,0 days 00:01:42.906000,27.0,2.0,NaT,NaT,0 days 00:00:26.014000,0 days 00:00:34.821000,0 days 00:00:42.071000,0 days 03:18:03.704000,0 days 03:18:38.525000,0 days 03:19:20.596000,283.0,130.0,285.0,300.0,False,MEDIUM,18.0,True,Mercedes,0 days 03:17:18.092000,,1,3.0,,,False,True
0 days 03:20:43.737000,RUS,63,0 days 00:01:42.739000,28.0,2.0,NaT,NaT,0 days 00:00:26.048000,0 days 00:00:34.723000,0 days 00:00:41.968000,0 days 03:19:46.644000,0 days 03:20:21.367000,0 days 03:21:03.335000,282.0,132.0,285.0,299.0,False,MEDIUM,19.0,True,Mercedes,0 days 03:19:00.998000,,1,3.0,,,False,True
0 days 03:22:26.345000,RUS,63,0 days 00:01:42.608000,29.0,2.0,NaT,NaT,0 days 00:00:26.095000,0 days 00:00:34.414000,0 days 00:00:42.099000,0 days 03:21:29.430000,0 days 03:22:03.844000,0 days 03:22:45.943000,282.0,130.0,285.0,299.0,False,MEDIUM,20.0,True,Mercedes,0 days 03:20:43.737000,,1,3.0,,,False,True
0 days 03:24:09.004000,RUS,63,0 days 00:01:42.659000,30.0,2.0,NaT,NaT,0 days 00:00:26.078000,0 days 00:00:34.560000,0 days 00:00:42.021000,0 days 03:23:12.021000,0 days 03:23:46.581000,0 days 03:24:28.602000,282.0,132.0,285.0,300.0,False,MEDIUM,21.0,True,Mercedes,0 days 03:22:26.345000,,1,3.0,,,False,True
0 days 03:25:52.172000,RUS,63,0 days 00:01:43.168000,31.0,2.0,NaT,NaT,0 days 00:00:26.252000,0 days 00:00:34.836000,0 days 00:00:42.080000,0 days 03:24:54.854000,0 days 03:25:29.690000,0 days 03:26:11.770000,282.0,131.0,284.0,301.0,False,MEDIUM,22.0,True,Mercedes,0 days 03:24:09.004000,,1,3.0,,,False,True
0 days 03:27:41.368000,RUS,63,0 days 00:01:49.196000,32.0,2.0,NaT,0 days 03:27:54.624000,0 days 00:00:26.091000,0 days 00:00:34.702000,0 days 00:00:48.403000,0 days 03:26:37.861000,0 days 03:27:12.563000,0 days 03:28:00.966000,282.0,131.0,,322.0,False,MEDIUM,23.0,True,Mercedes,0 days 03:25:52.172000,,1,3.0,,,False,False
0 days 03:29:42.348000,RUS,63,0 days 00:02:00.980000,33.0,3.0,0 days 03:28:22.184000,NaT,0 days 00:00:45.670000,0 days 00:00:34.261000,0 days 00:00:41.049000,0 days 03:28:46.636000,0 days 03:29:20.897000,0 days 03:30:01.946000,276.0,134.0,286.0,295.0,False,SOFT,4.0,False,Mercedes,0 days 03:27:41.368000,,1,3.0,,,False,False
0 days 03:31:23.063000,RUS,63,0 days 00:01:40.715000,34.0,3.0,NaT,NaT,0 days 00:00:25.580000,0 days 00:00:34.175000,0 days 00:00:40.960000,0 days 03:30:27.526000,0 days 03:31:01.701000,0 days 03:31:42.661000,283.0,133.0,287.0,301.0,True,SOFT,5.0,False,Mercedes,0 days 03:29:42.348000,,1,3.0,,,False,True
0 days 03:33:04.145000,RUS,63,0 days 00:01:41.082000,35.0,3.0,NaT,NaT,0 days 00:00:25.473000,0 days 00:00:34.275000,0 days 00:00:41.334000,0 days 03:32:08.134000,0 days 03:32:42.409000,0 days 03:33:23.743000,282.0,135.0,286.0,301.0,False,SOFT,6.0,False,Mercedes,0 days 03:31:23.063000,,1,3.0,,,False,True
0 days 03:34:44.998000,RUS,63,0 days 00:01:40.853000,36.0,3.0,NaT,NaT,0 days 00:00:25.588000,0 days 00:00:34.009000,0 days 00:00:41.256000,0 days 03:33:49.331000,0 days 03:34:23.340000,0 days 03:35:04.596000,282.0,133.0,286.0,303.0,False,SOFT,7.0,False,Mercedes,0 days 03:33:04.145000,,1,3.0,,,False,True
0 days 03:36:25.764000,RUS,63,0 days 00:01:40.766000,37.0,3.0,NaT,NaT,0 days 00:00:25.495000,0 days 00:00:33.948000,0 days 00:00:41.323000,0 days 03:35:30.091000,0 days 03:36:04.039000,0 days 03:36:45.362000,284.0,134.0,286.0,299.0,False,SOFT,8.0,False,Mercedes,0 days 03:34:44.998000,,1,3.0,,,False,True
0 days 03:38:06.764000,RUS,63,0 days 00:01:41,38.0,3.0,NaT,NaT,0 days 00:00:25.677000,0 days 00:00:34.135000,0 days 00:00:41.188000,0 days 03:37:11.039000,0 days 03:37:45.174000,0 days 03:38:26.362000,282.0,134.0,287.0,300.0,False,SOFT,9.0,False,Mercedes,0 days 03:36:25.764000,,1,3.0,,,False,True
0 days 03:39:47.976000,RUS,63,0 days 00:01:41.212000,39.0,3.0,NaT,NaT,0 days 00:00:25.565000,0 days 00:00:34.167000,0 days 00:00:41.480000,0 days 03:38:51.927000,0 days 03:39:26.094000,0 days 03:40:07.574000,283.0,135.0,286.0,300.0,False,SOFT,10.0,False,Mercedes,0 days 03:38:06.764000,,1,3.0,,,False,True
0 days 03:41:29.388000,RUS,63,0 days 00:01:41.412000,40.0,3.0,NaT,NaT,0 days 00:00:25.690000,0 days 00:00:34.380000,0 days 00:00:41.342000,0 days 03:40:33.264000,0 days 03:41:07.644000,0 days 03:41:48.986000,282.0,133.0,287.0,302.0,False,SOFT,11.0,False,Mercedes,0 days 03:39:47.976000,,1,3.0,,,False,True
0 days 03:43:10.879000,RUS,63,0 days 00:01:41.491000,41.0,3.0,NaT,NaT,0 days 00:00:25.623000,0 days 00:00:34.355000,0 days 00:00:41.513000,0 days 03:42:14.609000,0 days 03:42:48.964000,0 days 03:43:30.477000,283.0,133.0,287.0,299.0,False,SOFT,12.0,False,Mercedes,0 days 03:41:29.388000,,1,3.0,,,False,True
0 days 03:44:52.471000,RUS,63,0 days 00:01:41.592000,42.0,3.0,NaT,NaT,0 days 00:00:25.779000,0 days 00:00:34.319000,0 days 00:00:41.494000,0 days 03:43:56.256000,0 days 03:44:30.575000,0 days 03:45:12.069000,283.0,133.0,286.0,301.0,False,SOFT,13.0,False,Mercedes,0 days 03:43:10.879000,,1,3.0,,,False,True
0 days 03:46:51.110000,RUS,63,0 days 00:01:58.639000,43.0,3.0,NaT,NaT,0 days 00:00:25.893000,0 days 00:00:37.565000,0 days 00:00:55.181000,0 days 03:45:37.962000,0 days 03:46:15.527000,0 days 03:47:10.708000,283.0,106.0,225.0,248.0,False,SOFT,14.0,False,Mercedes,0 days 03:44:52.471000,,126,3.0,,,False,False
0 days 03:49:09.766000,RUS,63,0 days 00:02:18.656000,44.0,3.0,NaT,0 days 03:49:23.043000,0 days 00:00:39.241000,0 days 00:00:40.187000,0 days 00:00:59.228000,0 days 03:47:49.949000,0 days 03:48:30.136000,0 days 03:49:29.364000,223.0,93.0,,259.0,False,SOFT,15.0,False,Mercedes,0 days 03:46:51.110000,,6,3.0,,,False,False
0 days 03:51:40.423000,RUS,63,NaT,45.0,4.0,0 days 03:49:50.622000,NaT,0 days 00:00:51.670000,0 days 00:00:43.864000,0 days 00:00:55.089000,0 days 03:50:21.184000,0 days 03:51:05.059000,0 days 03:52:00.169000,234.0,109.0,229.0,247.0,False,SOFT,4.0,False,Mercedes,0 days 03:49:09.766000,,64,3.0,,,False,False
0 days 03:53:54.952000,RUS,63,0 days 00:02:14.529000,46.0,4.0,NaT,NaT,0 days 00:00:35.775000,0 days 00:00:43.690000,0 days 00:00:55.064000,0 days 03:52:35.796000,0 days 03:53:19.486000,0 days 03:54:14.550000,242.0,117.0,230.0,175.0,False,SOFT,5.0,False,Mercedes,0 days 03:51:40.423000,,4,3.0,,,False,False
0 days 03:56:20.051000,RUS,63,0 days 00:02:25.099000,47.0,4.0,NaT,NaT,0 days 00:00:35.134000,0 days 00:00:49.896000,0 days 00:01:00.069000,0 days 03:54:49.684000,0 days 03:55:39.580000,0 days 03:56:39.649000,239.0,103.0,173.0,242.0,False,SOFT,6.0,False,Mercedes,0 days 03:53:54.952000,,4,3.0,,,False,False
0 days 03:58:50.093000,RUS,63,NaT,48.0,4.0,NaT,NaT,0 days 00:00:38.534000,0 days 00:00:50.653000,0 days 00:01:00.881000,0 days 03:57:18.301000,0 days 03:58:08.863000,0 days 03:59:09.879000,230.0,110.0,150.0,249.0,False,SOFT,7.0,False,Mercedes,0 days 03:56:20.051000,,4,3.0,,,False,False
0 days 04:01:19.569000,RUS,63,0 days 00:02:29.476000,49.0,4.0,NaT,NaT,0 days 00:00:40.700000,0 days 00:00:49.645000,0 days 00:00:59.131000,0 days 03:59:50.391000,0 days 04:00:40.036000,0 days 04:01:39.167000,202.0,102.0,212.0,249.0,False,SOFT,8.0,False,Mercedes,0 days 03:58:50.093000,,4,3.0,,,False,False
0 days 04:03:49.569000,RUS,63,NaT,50.0,4.0,NaT,NaT,NaT,NaT,NaT,NaT,NaT,NaT,,,,,,SOFT,9.0,False,Mercedes,0 days 04:01:19.569000,,4,,,,True,False
0 days 02:29:04.924000,BOT,77,0 days 00:03:23.484000,1.0,1.0,NaT,NaT,NaT,0 days 00:00:49.565000,0 days 00:00:58.944000,NaT,0 days 02:28:25.640000,0 days 02:29:24.645000,177.0,93.0,234.0,221.0,False,SOFT,1.0,True,Cadillac,0 days 02:26:00.700000,,1,19.0,,,False,False
0 days 02:32:18.539000,BOT,77,NaT,2.0,1.0,NaT,NaT,0 days 00:00:34.152000,0 days 00:00:49.285000,NaT,0 days 02:29:58.766000,0 days 02:30:47.932000,NaT,228.0,92.0,170.0,203.0,False,SOFT,2.0,True,Cadillac,0 days 02:29:04.924000,,12,20.0,,,False,False
0 days 02:34:42.252000,BOT,77,0 days 00:02:23.713000,3.0,1.0,NaT,NaT,0 days 00:00:36.430000,0 days 00:00:51.002000,0 days 00:00:56.281000,0 days 02:33:14.629000,0 days 02:34:05.631000,0 days 02:35:01.912000,191.0,108.0,239.0,236.0,True,SOFT,3.0,True,Cadillac,0 days 02:32:18.539000,,1,21.0,,,False,True
0 days 02:36:56.513000,BOT,77,0 days 00:02:14.261000,4.0,1.0,NaT,NaT,0 days 00:00:32.841000,0 days 00:00:47.201000,0 days 00:00:54.219000,0 days 02:35:34.753000,0 days 02:36:21.954000,0 days 02:37:16.173000,232.0,98.0,245.0,265.0,True,SOFT,4.0,True,Cadillac,0 days 02:34:42.252000,,1,21.0,,,False,True
0 days 02:39:05.934000,BOT,77,0 days 00:02:09.421000,5.0,1.0,NaT,NaT,0 days 00:00:31.897000,0 days 00:00:44.789000,0 days 00:00:52.735000,0 days 02:37:48.070000,0 days 02:38:32.859000,0 days 02:39:25.594000,238.0,104.0,252.0,282.0,True,SOFT,5.0,True,Cadillac,0 days 02:36:56.513000,,12,21.0,,,False,True
0 days 02:41:10.467000,BOT,77,0 days 00:02:04.533000,6.0,1.0,NaT,NaT,0 days 00:00:30.633000,0 days 00:00:43.513000,0 days 00:00:50.387000,0 days 02:39:56.227000,0 days 02:40:39.740000,0 days 02:41:30.127000,252.0,108.0,252.0,286.0,True,SOFT,6.0,True,Cadillac,0 days 02:39:05.934000,,21,22.0,,,False,True
0 days 02:43:10.420000,BOT,77,0 days 00:01:59.953000,7.0,1.0,NaT,NaT,0 days 00:00:29.895000,0 days 00:00:41.399000,0 days 00:00:48.659000,0 days 02:42:00.022000,0 days 02:42:41.421000,0 days 02:43:30.080000,270.0,114.0,254.0,286.0,True,SOFT,7.0,True,Cadillac,0 days 02:41:10.467000,,12,22.0,,,False,True
0 days 02:45:40.420000,BOT,77,NaT,8.0,1.0,NaT,NaT,NaT,NaT,NaT,NaT,NaT,NaT,,,,,,SOFT,8.0,True,Cadillac,0 days 02:43:10.420000,,124,,,,True,False
0 days 02:28:26.751000,PIA,81,0 days 00:02:45.216000,1.0,1.0,NaT,NaT,NaT,0 days 00:00:50.060000,0 days 00:00:59.329000,NaT,0 days 02:27:47.042000,0 days 02:28:46.341000,169.0,98.0,240.0,200.0,False,MEDIUM,1.0,True,McLaren,0 days 02:26:00.700000,,1,5.0,,,False,False
0 days 02:31:11.479000,PIA,81,NaT,2.0,1.0,NaT,0 days 02:31:24.473000,0 days 00:00:36.810000,0 days 00:00:52.648000,0 days 00:01:15.286000,0 days 02:29:23.172000,0 days 02:30:15.783000,0 days 02:31:31.098000,154.0,95.0,,185.0,False,MEDIUM,2.0,True,McLaren,0 days 02:28:26.751000,,12,1.0,,,False,False
0 days 02:34:22.005000,PIA,81,NaT,3.0,2.0,0 days 02:32:45.964000,NaT,NaT,0 days 00:00:42.813000,0 days 00:00:45.098000,NaT,0 days 02:33:56.539000,0 days 02:34:41.698000,224.0,125.0,262.0,274.0,False,INTERMEDIATE,1.0,True,McLaren,0 days 02:31:11.479000,,1,10.0,,,False,False
0 days 02:36:12.661000,PIA,81,0 days 00:01:50.656000,4.0,2.0,NaT,NaT,0 days 00:00:28.065000,0 days 00:00:37.939000,0 days 00:00:44.652000,0 days 02:35:09.660000,0 days 02:35:47.599000,0 days 02:36:32.251000,262.0,130.0,264.0,279.0,True,INTERMEDIATE,2.0,True,McLaren,0 days 02:34:22.005000,,1,10.0,,,False,True
0 days 02:38:03.334000,PIA,81,0 days 00:01:50.673000,5.0,2.0,NaT,NaT,0 days 00:00:27.858000,0 days 00:00:38.278000,0 days 00:00:44.537000,0 days 02:37:00.109000,0 days 02:37:38.387000,0 days 02:38:22.924000,262.0,126.0,263.0,283.0,False,INTERMEDIATE,3.0,True,McLaren,0 days 02:36:12.661000,,1,10.0,,,False,True
0 days 02:39:55.710000,PIA,81,0 days 00:01:52.376000,6.0,2.0,NaT,NaT,0 days 00:00:28.063000,0 days 00:00:38.822000,0 days 00:00:45.491000,0 days 02:38:50.987000,0 days 02:39:29.809000,0 days 02:40:15.300000,266.0,122.0,264.0,280.0,False,INTERMEDIATE,4.0,True,McLaren,0 days 02:38:03.334000,,12,10.0,,,False,True
0 days 02:41:50.388000,PIA,81,0 days 00:01:54.678000,7.0,2.0,NaT,NaT,0 days 00:00:28.583000,0 days 00:00:39.883000,0 days 00:00:46.212000,0 days 02:40:43.883000,0 days 02:41:23.766000,0 days 02:42:09.978000,262.0,121.0,267.0,272.0,False,INTERMEDIATE,5.0,True,McLaren,0 days 02:39:55.710000,,1,10.0,,,False,True
0 days 02:43:46.064000,PIA,81,0 days 00:01:55.676000,8.0,2.0,NaT,NaT,0 days 00:00:28.571000,0 days 00:00:40.522000,0 days 00:00:46.583000,0 days 02:42:38.549000,0 days 02:43:19.071000,0 days 02:44:05.654000,278.0,119.0,262.0,269.0,False,INTERMEDIATE,6.0,True,McLaren,0 days 02:41:50.388000,,12,10.0,,,False,True
0 days 02:46:00.294000,PIA,81,0 days 00:02:14.230000,9.0,2.0,NaT,0 days 02:46:13.488000,0 days 00:00:28.737000,0 days 00:00:40.123000,0 days 00:01:05.370000,0 days 02:44:34.391000,0 days 02:45:14.514000,0 days 02:46:19.884000,256.0,117.0,,233.0,False,INTERMEDIATE,7.0,True,McLaren,0 days 02:43:46.064000,,124,10.0,,,False,False
0 days 02:48:41.228000,PIA,81,NaT,10.0,3.0,0 days 02:46:42.597000,NaT,0 days 00:00:57.791000,0 days 00:00:45.899000,0 days 00:00:57.258000,0 days 02:47:17.785000,0 days 02:48:03.560000,0 days 02:49:00.899000,188.0,111.0,229.0,181.0,False,HARD,1.0,True,McLaren,0 days 02:46:00.294000,,4,10.0,,,False,False
0 days 02:50:51.066000,PIA,81,0 days 00:02:09.838000,11.0,3.0,NaT,NaT,0 days 00:00:30.552000,0 days 00:00:41.813000,0 days 00:00:57.473000,0 days 02:49:31.370000,0 days 02:50:13.183000,0 days 02:51:10.656000,248.0,109.0,259.0,249.0,False,HARD,2.0,True,McLaren,0 days 02:48:41.228000,,4,10.0,,,False,False
0 days 02:53:26.651000,PIA,81,NaT,12.0,3.0,NaT,NaT,0 days 00:00:36.213000,0 days 00:00:50.109000,0 days 00:01:09.284000,0 days 02:51:47.014000,0 days 02:52:36.957000,0 days 02:53:46.466000,157.0,123.0,263.0,187.0,False,HARD,3.0,True,McLaren,0 days 02:50:51.066000,,41,10.0,,,False,False
0 days 02:55:16.777000,PIA,81,0 days 00:01:50.126000,13.0,3.0,NaT,NaT,0 days 00:00:29.578000,0 days 00:00:37.268000,0 days 00:00:43.280000,0 days 02:54:15.819000,0 days 02:54:53.087000,0 days 02:55:36.367000,247.0,131.0,267.0,273.0,True,HARD,4.0,True,McLaren,0 days 02:53:26.651000,,12,9.0,,,False,True
0 days 02:57:03.345000,PIA,81,0 days 00:01:46.568000,14.0,3.0,NaT,NaT,0 days 00:00:27.405000,0 days 00:00:36.001000,0 days 00:00:43.162000,0 days 02:56:03.772000,0 days 02:56:39.773000,0 days 02:57:22.935000,277.0,130.0,267.0,291.0,True,HARD,5.0,True,McLaren,0 days 02:55:16.777000,,1,8.0,,,False,True
0 days 02:58:48.190000,PIA,81,0 days 00:01:44.845000,15.0,3.0,NaT,NaT,0 days 00:00:27.261000,0 days 00:00:35.463000,0 days 00:00:42.121000,0 days 02:57:50.196000,0 days 02:58:25.659000,0 days 02:59:07.780000,277.0,133.0,288.0,301.0,True,HARD,6.0,True,McLaren,0 days 02:57:03.345000,,1,8.0,,,False,True
0 days 03:00:30.806000,PIA,81,0 days 00:01:42.616000,16.0,3.0,NaT,NaT,0 days 00:00:26.160000,0 days 00:00:34.872000,0 days 00:00:41.584000,0 days 02:59:33.940000,0 days 03:00:08.812000,0 days 03:00:50.396000,292.0,134.0,288.0,317.0,True,HARD,7.0,True,McLaren,0 days 02:58:48.190000,,12,8.0,,,False,True
0 days 03:02:13.705000,PIA,81,0 days 00:01:42.899000,17.0,3.0,NaT,NaT,0 days 00:00:25.871000,0 days 00:00:35.626000,0 days 00:00:41.402000,0 days 03:01:16.267000,0 days 03:01:51.893000,0 days 03:02:33.295000,296.0,135.0,290.0,335.0,False,HARD,8.0,True,McLaren,0 days 03:00:30.806000,,1,8.0,,,False,True
0 days 03:03:56.675000,PIA,81,0 days 00:01:42.970000,18.0,3.0,NaT,NaT,0 days 00:00:25.925000,0 days 00:00:35.533000,0 days 00:00:41.512000,0 days 03:02:59.220000,0 days 03:03:34.753000,0 days 03:04:16.265000,292.0,134.0,289.0,344.0,False,HARD,9.0,True,McLaren,0 days 03:02:13.705000,,1,8.0,,,False,True
0 days 03:05:40.582000,PIA,81,0 days 00:01:43.907000,19.0,3.0,NaT,NaT,0 days 00:00:26.450000,0 days 00:00:35.641000,0 days 00:00:41.816000,0 days 03:04:42.715000,0 days 03:05:18.356000,0 days 03:06:00.172000,273.0,135.0,289.0,311.0,False,HARD,10.0,True,McLaren,0 days 03:03:56.675000,,1,9.0,,,False,True
0 days 03:07:24.721000,PIA,81,0 days 00:01:44.139000,20.0,3.0,NaT,NaT,0 days 00:00:26.262000,0 days 00:00:35.838000,0 days 00:00:42.039000,0 days 03:06:26.434000,0 days 03:07:02.272000,0 days 03:07:44.311000,301.0,131.0,290.0,335.0,False,HARD,11.0,True,McLaren,0 days 03:05:40.582000,,1,9.0,,,False,True
0 days 03:09:08.537000,PIA,81,0 days 00:01:43.816000,21.0,3.0,NaT,NaT,0 days 00:00:26.091000,0 days 00:00:35.640000,0 days 00:00:42.085000,0 days 03:08:10.402000,0 days 03:08:46.042000,0 days 03:09:28.127000,287.0,131.0,288.0,308.0,False,HARD,12.0,True,McLaren,0 days 03:07:24.721000,,1,9.0,,,False,True
0 days 03:10:51.931000,PIA,81,0 days 00:01:43.394000,22.0,3.0,NaT,NaT,0 days 00:00:26.002000,0 days 00:00:35.475000,0 days 00:00:41.917000,0 days 03:09:54.129000,0 days 03:10:29.604000,0 days 03:11:11.521000,285.0,134.0,289.0,312.0,False,HARD,13.0,True,McLaren,0 days 03:09:08.537000,,1,9.0,,,False,True
0 days 03:12:35.497000,PIA,81,0 days 00:01:43.566000,23.0,3.0,NaT,NaT,0 days 00:00:26.144000,0 days 00:00:35.636000,0 days 00:00:41.786000,0 days 03:11:37.665000,0 days 03:12:13.301000,0 days 03:12:55.087000,292.0,132.0,286.0,335.0,False,HARD,14.0,True,McLaren,0 days 03:10:51.931000,,1,8.0,,,False,True
0 days 03:14:18.896000,PIA,81,0 days 00:01:43.399000,24.0,3.0,NaT,NaT,0 days 00:00:26.196000,0 days 00:00:35.092000,0 days 00:00:42.111000,0 days 03:13:21.283000,0 days 03:13:56.375000,0 days 03:14:38.486000,273.0,134.0,287.0,303.0,False,HARD,15.0,True,McLaren,0 days 03:12:35.497000,,1,8.0,,,False,True
0 days 03:16:01.839000,PIA,81,0 days 00:01:42.943000,25.0,3.0,NaT,NaT,0 days 00:00:25.960000,0 days 00:00:35.143000,0 days 00:00:41.840000,0 days 03:15:04.446000,0 days 03:15:39.589000,0 days 03:16:21.429000,280.0,134.0,288.0,307.0,False,HARD,16.0,True,McLaren,0 days 03:14:18.896000,,1,8.0,,,False,True
0 days 03:17:44.947000,PIA,81,0 days 00:01:43.108000,26.0,3.0,NaT,NaT,0 days 00:00:25.949000,0 days 00:00:35.258000,0 days 00:00:41.901000,0 days 03:16:47.378000,0 days 03:17:22.636000,0 days 03:18:04.537000,284.0,130.0,291.0,328.0,False,HARD,17.0,True,McLaren,0 days 03:16:01.839000,,1,8.0,,,False,True
0 days 03:19:28.190000,PIA,81,0 days 00:01:43.243000,27.0,3.0,NaT,NaT,0 days 00:00:25.966000,0 days 00:00:35.217000,0 days 00:00:42.060000,0 days 03:18:30.503000,0 days 03:19:05.720000,0 days 03:19:47.780000,280.0,132.0,287.0,309.0,False,HARD,18.0,True,McLaren,0 days 03:17:44.947000,,1,7.0,,,False,True
0 days 03:21:11.734000,PIA,81,0 days 00:01:43.544000,28.0,3.0,NaT,NaT,0 days 00:00:26.126000,0 days 00:00:35.132000,0 days 00:00:42.286000,0 days 03:20:13.906000,0 days 03:20:49.038000,0 days 03:21:31.324000,285.0,131.0,288.0,309.0,False,HARD,19.0,True,McLaren,0 days 03:19:28.190000,,1,7.0,,,False,True
0 days 03:22:55.204000,PIA,81,0 days 00:01:43.470000,29.0,3.0,NaT,NaT,0 days 00:00:26.181000,0 days 00:00:35.439000,0 days 00:00:41.850000,0 days 03:21:57.505000,0 days 03:22:32.944000,0 days 03:23:14.794000,291.0,129.0,285.0,340.0,False,HARD,20.0,True,McLaren,0 days 03:21:11.734000,,1,7.0,,,False,True
0 days 03:24:39.571000,PIA,81,0 days 00:01:44.367000,30.0,3.0,NaT,NaT,0 days 00:00:26.643000,0 days 00:00:35.210000,0 days 00:00:42.514000,0 days 03:23:41.437000,0 days 03:24:16.647000,0 days 03:24:59.161000,282.0,132.0,284.0,293.0,False,HARD,21.0,True,McLaren,0 days 03:22:55.204000,,1,6.0,,,False,True
0 days 03:26:22.760000,PIA,81,0 days 00:01:43.189000,31.0,3.0,NaT,NaT,0 days 00:00:26.372000,0 days 00:00:34.731000,0 days 00:00:42.086000,0 days 03:25:25.533000,0 days 03:26:00.264000,0 days 03:26:42.350000,279.0,129.0,284.0,299.0,False,HARD,22.0,True,McLaren,0 days 03:24:39.571000,,1,6.0,,,False,True
0 days 03:28:05.897000,PIA,81,0 days 00:01:43.137000,32.0,3.0,NaT,NaT,0 days 00:00:26.267000,0 days 00:00:34.791000,0 days 00:00:42.079000,0 days 03:27:08.617000,0 days 03:27:43.408000,0 days 03:28:25.487000,277.0,129.0,284.0,299.0,False,HARD,23.0,True,McLaren,0 days 03:26:22.760000,,1,4.0,,,False,True
0 days 03:29:55.066000,PIA,81,0 days 00:01:49.169000,33.0,3.0,NaT,0 days 03:30:08.315000,0 days 00:00:26.159000,0 days 00:00:34.954000,0 days 00:00:48.056000,0 days 03:28:51.646000,0 days 03:29:26.600000,0 days 03:30:14.656000,280.0,132.0,,321.0,False,HARD,24.0,True,McLaren,0 days 03:28:05.897000,,1,7.0,,,False,False
0 days 03:31:55.604000,PIA,81,0 days 00:02:00.538000,34.0,4.0,0 days 03:30:36.498000,NaT,0 days 00:00:46.220000,0 days 00:00:33.995000,0 days 00:00:40.323000,0 days 03:31:00.876000,0 days 03:31:34.871000,0 days 03:32:15.194000,285.0,138.0,290.0,303.0,False,HARD,1.0,True,McLaren,0 days 03:29:55.066000,,1,8.0,,,False,False
0 days 03:33:36.074000,PIA,81,0 days 00:01:40.470000,35.0,4.0,NaT,NaT,0 days 00:00:25.338000,0 days 00:00:34.167000,0 days 00:00:40.965000,0 days 03:32:40.532000,0 days 03:33:14.699000,0 days 03:33:55.664000,287.0,138.0,288.0,315.0,True,HARD,2.0,True,McLaren,0 days 03:31:55.604000,,1,6.0,,,False,True
0 days 03:35:16.575000,PIA,81,0 days 00:01:40.501000,36.0,4.0,NaT,NaT,0 days 00:00:25.563000,0 days 00:00:34.163000,0 days 00:00:40.775000,0 days 03:34:21.227000,0 days 03:34:55.390000,0 days 03:35:36.165000,279.0,136.0,289.0,301.0,False,HARD,3.0,True,McLaren,0 days 03:33:36.074000,,1,6.0,,,False,True
0 days 03:36:56.915000,PIA,81,0 days 00:01:40.340000,37.0,4.0,NaT,NaT,0 days 00:00:25.441000,0 days 00:00:34.155000,0 days 00:00:40.744000,0 days 03:36:01.606000,0 days 03:36:35.761000,0 days 03:37:16.505000,287.0,136.0,288.0,304.0,True,HARD,4.0,True,McLaren,0 days 03:35:16.575000,,1,6.0,,,False,True
0 days 03:38:37.503000,PIA,81,0 days 00:01:40.588000,38.0,4.0,NaT,NaT,0 days 00:00:25.530000,0 days 00:00:34.240000,0 days 00:00:40.818000,0 days 03:37:42.035000,0 days 03:38:16.275000,0 days 03:38:57.093000,287.0,133.0,288.0,305.0,False,HARD,5.0,True,McLaren,0 days 03:36:56.915000,,1,6.0,,,False,True
0 days 03:40:18.241000,PIA,81,0 days 00:01:40.738000,39.0,4.0,NaT,NaT,0 days 00:00:25.647000,0 days 00:00:34.153000,0 days 00:00:40.938000,0 days 03:39:22.740000,0 days 03:39:56.893000,0 days 03:40:37.831000,283.0,133.0,290.0,306.0,False,HARD,6.0,True,McLaren,0 days 03:38:37.503000,,1,6.0,,,False,True
0 days 03:41:59.131000,PIA,81,0 days 00:01:40.890000,40.0,4.0,NaT,NaT,0 days 00:00:25.504000,0 days 00:00:34.328000,0 days 00:00:41.058000,0 days 03:41:03.335000,0 days 03:41:37.663000,0 days 03:42:18.721000,282.0,133.0,289.0,308.0,False,HARD,7.0,True,McLaren,0 days 03:40:18.241000,,1,6.0,,,False,True
0 days 03:43:40.091000,PIA,81,0 days 00:01:40.960000,41.0,4.0,NaT,NaT,0 days 00:00:25.639000,0 days 00:00:34.235000,0 days 00:00:41.086000,0 days 03:42:44.360000,0 days 03:43:18.595000,0 days 03:43:59.681000,286.0,133.0,289.0,307.0,False,HARD,8.0,True,McLaren,0 days 03:41:59.131000,,1,6.0,,,False,True
0 days 03:45:21.389000,PIA,81,0 days 00:01:41.298000,42.0,4.0,NaT,NaT,0 days 00:00:25.719000,0 days 00:00:34.373000,0 days 00:00:41.206000,0 days 03:44:25.400000,0 days 03:44:59.773000,0 days 03:45:40.979000,284.0,131.0,289.0,310.0,False,HARD,9.0,True,McLaren,0 days 03:43:40.091000,,1,6.0,,,False,True
0 days 03:47:29.820000,PIA,81,0 days 00:02:08.431000,43.0,4.0,NaT,NaT,0 days 00:00:30.428000,0 days 00:00:42.686000,0 days 00:00:55.317000,0 days 03:46:11.407000,0 days 03:46:54.093000,0 days 03:47:49.410000,162.0,103.0,211.0,226.0,False,HARD,10.0,True,McLaren,0 days 03:45:21.389000,,126,6.0,,,False,False
0 days 03:49:43.298000,PIA,81,0 days 00:02:13.478000,44.0,4.0,NaT,NaT,0 days 00:00:35.803000,0 days 00:00:42.839000,0 days 00:00:54.836000,0 days 03:48:25.213000,0 days 03:49:08.052000,0 days 03:50:02.888000,237.0,97.0,207.0,192.0,False,HARD,11.0,True,McLaren,0 days 03:47:29.820000,,6,5.0,,,False,False
0 days 03:52:02.559000,PIA,81,0 days 00:02:19.261000,45.0,4.0,NaT,0 days 03:52:15.716000,0 days 00:00:37.105000,0 days 00:00:42.872000,0 days 00:00:59.284000,0 days 03:50:39.993000,0 days 03:51:22.865000,0 days 03:52:22.149000,239.0,88.0,,207.0,False,HARD,12.0,True,McLaren,0 days 03:49:43.298000,,64,6.0,,,False,False
0 days 03:54:33.014000,PIA,81,NaT,46.0,5.0,0 days 03:52:43.106000,NaT,0 days 00:00:54.555000,0 days 00:00:41.011000,0 days 00:00:54.795000,0 days 03:53:16.810000,0 days 03:53:57.850000,0 days 03:54:52.791000,248.0,114.0,239.0,216.0,False,MEDIUM,3.0,False,McLaren,0 days 03:52:02.559000,,4,6.0,,,False,False
0 days 03:56:26.091000,PIA,81,0 days 00:01:53.077000,47.0,5.0,NaT,NaT,0 days 00:00:29.306000,0 days 00:00:35.906000,0 days 00:00:47.865000,0 days 03:55:21.910000,0 days 03:55:57.816000,0 days 03:56:45.681000,260.0,132.0,205.0,258.0,False,MEDIUM,4.0,False,McLaren,0 days 03:54:33.014000,,4,6.0,,,False,False
0 days 03:58:55.669000,PIA,81,0 days 00:02:29.578000,48.0,5.0,NaT,NaT,0 days 00:00:37.432000,0 days 00:00:49.561000,0 days 00:01:02.585000,0 days 03:57:23.113000,0 days 03:58:12.674000,0 days 03:59:15.259000,236.0,97.0,185.0,244.0,False,MEDIUM,5.0,False,McLaren,0 days 03:56:26.091000,,4,6.0,,,False,False
0 days 04:01:23.887000,PIA,81,0 days 00:02:28.218000,49.0,5.0,NaT,NaT,0 days 00:00:39.695000,0 days 00:00:48.922000,0 days 00:00:59.601000,0 days 03:59:54.954000,0 days 04:00:43.876000,0 days 04:01:43.477000,237.0,111.0,195.0,230.0,False,MEDIUM,6.0,False,McLaren,0 days 03:58:55.669000,,4,6.0,,,False,False
0 days 04:03:48.224000,PIA,81,0 days 00:02:24.337000,50.0,5.0,NaT,NaT,0 days 00:00:34.755000,0 days 00:00:49.852000,0 days 00:00:59.730000,0 days 04:02:18.232000,0 days 04:03:08.084000,0 days 04:04:07.814000,247.0,106.0,195.0,250.0,False,MEDIUM,7.0,False,McLaren,0 days 04:01:23.887000,,4,5.0,,,False,False
0 days 04:06:25.890000,PIA,81,NaT,51.0,5.0,NaT,NaT,0 days 00:00:39.433000,0 days 00:00:50.721000,0 days 00:01:07.540000,0 days 04:04:47.287000,0 days 04:05:37.940000,0 days 04:06:45.590000,246.0,133.0,292.0,223.0,False,MEDIUM,8.0,False,McLaren,0 days 04:03:48.224000,,41,6.0,,,False,False
0 days 04:08:06.165000,PIA,81,0 days 00:01:40.275000,52.0,5.0,NaT,NaT,0 days 00:00:25.706000,0 days 00:00:34.119000,0 days 00:00:40.450000,0 days 04:07:11.186000,0 days 04:07:45.305000,0 days 04:08:25.755000,315.0,137.0,293.0,313.0,True,MEDIUM,9.0,False,McLaren,0 days 04:06:25.890000,,1,5.0,,,False,True
0 days 04:09:45.650000,PIA,81,0 days 00:01:39.485000,53.0,5.0,NaT,NaT,0 days 00:00:25.454000,0 days 00:00:33.689000,0 days 00:00:40.342000,0 days 04:08:51.209000,0 days 04:09:24.898000,0 days 04:10:05.240000,288.0,138.0,293.0,316.0,True,MEDIUM,10.0,False,McLaren,0 days 04:08:06.165000,,1,5.0,,,False,True
0 days 04:11:25.766000,PIA,81,0 days 00:01:40.116000,54.0,5.0,NaT,NaT,0 days 00:00:25.326000,0 days 00:00:34.103000,0 days 00:00:40.687000,0 days 04:10:30.566000,0 days 04:11:04.669000,0 days 04:11:45.356000,293.0,133.0,294.0,320.0,False,MEDIUM,11.0,False,McLaren,0 days 04:09:45.650000,,1,5.0,,,False,True
0 days 04:13:05.722000,PIA,81,0 days 00:01:39.956000,55.0,5.0,NaT,NaT,0 days 00:00:25.168000,0 days 00:00:34.196000,0 days 00:00:40.592000,0 days 04:12:10.524000,0 days 04:12:44.720000,0 days 04:13:25.312000,307.0,135.0,289.0,342.0,False,MEDIUM,12.0,False,McLaren,0 days 04:11:25.766000,,1,5.0,,,False,True
0 days 02:28:57.006000,BEA,87,0 days 00:03:15.513000,1.0,1.0,NaT,NaT,NaT,0 days 00:00:51.027000,0 days 00:00:59.830000,NaT,0 days 02:28:16.843000,0 days 02:29:16.582000,184.0,97.0,232.0,218.0,False,SOFT,1.0,True,Haas F1 Team,0 days 02:26:00.700000,,1,16.0,,,False,False
0 days 02:32:17.972000,BEA,87,NaT,2.0,1.0,NaT,NaT,0 days 00:00:35.700000,0 days 00:00:50.229000,NaT,0 days 02:29:52.435000,0 days 02:30:42.545000,NaT,190.0,98.0,157.0,147.0,False,SOFT,2.0,True,Haas F1 Team,0 days 02:28:57.006000,,12,18.0,,,False,False
0 days 02:34:39.407000,BEA,87,0 days 00:02:21.435000,3.0,1.0,NaT,NaT,0 days 00:00:35.205000,0 days 00:00:50.129000,0 days 00:00:56.101000,0 days 02:33:12.753000,0 days 02:34:02.882000,0 days 02:34:58.983000,216.0,95.0,251.0,275.0,True,SOFT,3.0,True,Haas F1 Team,0 days 02:32:17.972000,,1,19.0,,,False,True
0 days 02:36:52.212000,BEA,87,0 days 00:02:12.805000,4.0,1.0,NaT,NaT,0 days 00:00:32.582000,0 days 00:00:47.598000,0 days 00:00:52.625000,0 days 02:35:31.565000,0 days 02:36:19.163000,0 days 02:37:11.788000,224.0,100.0,252.0,287.0,True,SOFT,4.0,True,Haas F1 Team,0 days 02:34:39.407000,,1,19.0,,,False,True
0 days 02:38:58.363000,BEA,87,0 days 00:02:06.151000,5.0,1.0,NaT,NaT,0 days 00:00:31.147000,0 days 00:00:44.857000,0 days 00:00:50.147000,0 days 02:37:42.935000,0 days 02:38:27.792000,0 days 02:39:17.939000,242.0,111.0,254.0,287.0,True,SOFT,5.0,True,Haas F1 Team,0 days 02:36:52.212000,,1,19.0,,,False,True
0 days 02:41:01.349000,BEA,87,0 days 00:02:02.986000,6.0,1.0,NaT,NaT,0 days 00:00:30.094000,0 days 00:00:43.674000,0 days 00:00:49.218000,0 days 02:39:48.033000,0 days 02:40:31.707000,0 days 02:41:20.925000,251.0,115.0,256.0,287.0,True,SOFT,6.0,True,Haas F1 Team,0 days 02:38:58.363000,,12,19.0,,,False,True
0 days 02:42:59.657000,BEA,87,0 days 00:01:58.308000,7.0,1.0,NaT,NaT,0 days 00:00:29.813000,0 days 00:00:41.229000,0 days 00:00:47.266000,0 days 02:41:50.738000,0 days 02:42:31.967000,0 days 02:43:19.233000,265.0,124.0,258.0,289.0,True,SOFT,7.0,True,Haas F1 Team,0 days 02:41:01.349000,,12,19.0,,,False,True
0 days 02:44:54.291000,BEA,87,0 days 00:01:54.634000,8.0,1.0,NaT,NaT,0 days 00:00:28.801000,0 days 00:00:39.707000,0 days 00:00:46.126000,0 days 02:43:48.034000,0 days 02:44:27.741000,0 days 02:45:13.867000,275.0,126.0,260.0,283.0,True,SOFT,8.0,True,Haas F1 Team,0 days 02:42:59.657000,,1,20.0,,,False,True
0 days 02:47:17.463000,BEA,87,0 days 00:02:23.172000,9.0,1.0,NaT,NaT,0 days 00:00:36.863000,0 days 00:00:48.435000,0 days 00:00:57.874000,0 days 02:45:50.730000,0 days 02:46:39.165000,0 days 02:47:37.039000,214.0,77.0,204.0,223.0,False,SOFT,9.0,True,Haas F1 Team,0 days 02:44:54.291000,,124,19.0,,,False,False
0 days 02:49:46.995000,BEA,87,0 days 00:02:29.532000,10.0,1.0,NaT,0 days 02:50:00.116000,0 days 00:00:36.728000,0 days 00:00:47.823000,0 days 00:01:04.981000,0 days 02:48:13.767000,0 days 02:49:01.590000,0 days 02:50:06.571000,237.0,100.0,,166.0,False,SOFT,10.0,True,Haas F1 Team,0 days 02:47:17.463000,,4,18.0,,,False,False
0 days 02:52:01.199000,BEA,87,0 days 00:02:14.204000,11.0,2.0,0 days 02:50:28.707000,NaT,0 days 00:00:49.625000,0 days 00:00:38.936000,0 days 00:00:45.643000,0 days 02:50:56.196000,0 days 02:51:35.132000,0 days 02:52:20.775000,261.0,127.0,260.0,287.0,False,MEDIUM,1.0,True,Haas F1 Team,0 days 02:49:46.995000,,4,20.0,,,False,False
0 days 02:53:50.148000,BEA,87,0 days 00:01:48.949000,12.0,2.0,NaT,NaT,0 days 00:00:27.785000,0 days 00:00:37.107000,0 days 00:00:44.057000,0 days 02:52:48.560000,0 days 02:53:25.667000,0 days 02:54:09.724000,278.0,130.0,263.0,273.0,True,MEDIUM,2.0,True,Haas F1 Team,0 days 02:52:01.199000,,41,20.0,,,False,False
0 days 02:55:36.913000,BEA,87,0 days 00:01:46.765000,13.0,2.0,NaT,NaT,0 days 00:00:27.388000,0 days 00:00:36.016000,0 days 00:00:43.361000,0 days 02:54:37.112000,0 days 02:55:13.128000,0 days 02:55:56.489000,279.0,129.0,264.0,275.0,True,MEDIUM,3.0,True,Haas F1 Team,0 days 02:53:50.148000,,12,19.0,,,False,True
0 days 02:57:22.604000,BEA,87,0 days 00:01:45.691000,14.0,2.0,NaT,NaT,0 days 00:00:27.197000,0 days 00:00:35.601000,0 days 00:00:42.893000,0 days 02:56:23.686000,0 days 02:56:59.287000,0 days 02:57:42.180000,276.0,131.0,265.0,271.0,True,MEDIUM,4.0,True,Haas F1 Team,0 days 02:55:36.913000,,1,19.0,,,False,True
0 days 02:59:06.731000,BEA,87,0 days 00:01:44.127000,15.0,2.0,NaT,NaT,0 days 00:00:26.879000,0 days 00:00:35.154000,0 days 00:00:42.094000,0 days 02:58:09.059000,0 days 02:58:44.213000,0 days 02:59:26.307000,282.0,132.0,284.0,300.0,True,MEDIUM,5.0,True,Haas F1 Team,0 days 02:57:22.604000,,12,19.0,,,False,True
0 days 03:00:50.414000,BEA,87,0 days 00:01:43.683000,16.0,2.0,NaT,NaT,0 days 00:00:26.644000,0 days 00:00:35.131000,0 days 00:00:41.908000,0 days 02:59:52.951000,0 days 03:00:28.082000,0 days 03:01:09.990000,271.0,132.0,283.0,305.0,True,MEDIUM,6.0,True,Haas F1 Team,0 days 02:59:06.731000,,21,18.0,,,False,True
0 days 03:02:33.971000,BEA,87,0 days 00:01:43.557000,17.0,2.0,NaT,NaT,0 days 00:00:26.341000,0 days 00:00:35.216000,0 days 00:00:42,0 days 03:01:36.331000,0 days 03:02:11.547000,0 days 03:02:53.547000,276.0,130.0,281.0,308.0,True,MEDIUM,7.0,True,Haas F1 Team,0 days 03:00:50.414000,,1,17.0,,,False,True
0 days 03:04:17.016000,BEA,87,0 days 00:01:43.045000,18.0,2.0,NaT,NaT,0 days 00:00:26.177000,0 days 00:00:35.126000,0 days 00:00:41.742000,0 days 03:03:19.724000,0 days 03:03:54.850000,0 days 03:04:36.592000,278.0,130.0,284.0,307.0,True,MEDIUM,8.0,True,Haas F1 Team,0 days 03:02:33.971000,,1,16.0,,,False,True
0 days 03:06:00.125000,BEA,87,0 days 00:01:43.109000,19.0,2.0,NaT,NaT,0 days 00:00:26.080000,0 days 00:00:35.257000,0 days 00:00:41.772000,0 days 03:05:02.672000,0 days 03:05:37.929000,0 days 03:06:19.701000,276.0,131.0,284.0,308.0,False,MEDIUM,9.0,True,Haas F1 Team,0 days 03:04:17.016000,,1,16.0,,,False,True
0 days 03:07:43.333000,BEA,87,0 days 00:01:43.208000,20.0,2.0,NaT,NaT,0 days 00:00:26.040000,0 days 00:00:35.242000,0 days 00:00:41.926000,0 days 03:06:45.741000,0 days 03:07:20.983000,0 days 03:08:02.909000,277.0,132.0,282.0,308.0,False,MEDIUM,10.0,True,Haas F1 Team,0 days 03:06:00.125000,,1,16.0,,,False,True
0 days 03:09:26.853000,BEA,87,0 days 00:01:43.520000,21.0,2.0,NaT,NaT,0 days 00:00:26.041000,0 days 00:00:35.330000,0 days 00:00:42.149000,0 days 03:08:28.950000,0 days 03:09:04.280000,0 days 03:09:46.429000,278.0,129.0,283.0,303.0,False,MEDIUM,11.0,True,Haas F1 Team,0 days 03:07:43.333000,,1,16.0,,,False,True
0 days 03:11:10.878000,BEA,87,0 days 00:01:44.025000,22.0,2.0,NaT,NaT,0 days 00:00:26.218000,0 days 00:00:35.273000,0 days 00:00:42.534000,0 days 03:10:12.647000,0 days 03:10:47.920000,0 days 03:11:30.454000,277.0,132.0,285.0,303.0,False,MEDIUM,12.0,True,Haas F1 Team,0 days 03:09:26.853000,,1,16.0,,,False,True
0 days 03:12:54.507000,BEA,87,0 days 00:01:43.629000,23.0,2.0,NaT,NaT,0 days 00:00:26.262000,0 days 00:00:35.363000,0 days 00:00:42.004000,0 days 03:11:56.716000,0 days 03:12:32.079000,0 days 03:13:14.083000,276.0,130.0,283.0,305.0,False,MEDIUM,13.0,True,Haas F1 Team,0 days 03:11:10.878000,,1,16.0,,,False,True
0 days 03:14:44.767000,BEA,87,0 days 00:01:50.260000,24.0,2.0,NaT,0 days 03:14:57.922000,0 days 00:00:26.192000,0 days 00:00:35.628000,0 days 00:00:48.440000,0 days 03:13:40.275000,0 days 03:14:15.903000,0 days 03:15:04.343000,277.0,131.0,,309.0,False,MEDIUM,14.0,True,Haas F1 Team,0 days 03:12:54.507000,,1,18.0,,,False,False
0 days 03:16:47.710000,BEA,87,0 days 00:02:02.943000,25.0,3.0,0 days 03:15:26.910000,NaT,0 days 00:00:46.996000,0 days 00:00:35.024000,0 days 00:00:40.923000,0 days 03:15:51.339000,0 days 03:16:26.363000,0 days 03:17:07.286000,277.0,135.0,284.0,316.0,False,HARD,1.0,True,Haas F1 Team,0 days 03:14:44.767000,,1,20.0,,,False,False
0 days 03:18:28.706000,BEA,87,0 days 00:01:40.996000,26.0,3.0,NaT,NaT,0 days 00:00:25.183000,0 days 00:00:34.550000,0 days 00:00:41.263000,0 days 03:17:32.469000,0 days 03:18:07.019000,0 days 03:18:48.282000,313.0,137.0,283.0,303.0,True,HARD,2.0,True,Haas F1 Team,0 days 03:16:47.710000,,1,19.0,,,False,True
0 days 03:20:11.143000,BEA,87,0 days 00:01:42.437000,27.0,3.0,NaT,NaT,0 days 00:00:26.488000,0 days 00:00:34.513000,0 days 00:00:41.436000,0 days 03:19:14.770000,0 days 03:19:49.283000,0 days 03:20:30.719000,269.0,136.0,284.0,301.0,False,HARD,3.0,True,Haas F1 Team,0 days 03:18:28.706000,,1,18.0,,,False,True
0 days 03:21:53.572000,BEA,87,0 days 00:01:42.429000,28.0,3.0,NaT,NaT,0 days 00:00:25.909000,0 days 00:00:34.766000,0 days 00:00:41.754000,0 days 03:20:56.628000,0 days 03:21:31.394000,0 days 03:22:13.148000,272.0,133.0,287.0,310.0,False,HARD,4.0,True,Haas F1 Team,0 days 03:20:11.143000,,1,18.0,,,False,True
0 days 03:23:37.168000,BEA,87,0 days 00:01:43.596000,29.0,3.0,NaT,NaT,0 days 00:00:25.743000,0 days 00:00:35.673000,0 days 00:00:42.180000,0 days 03:22:38.891000,0 days 03:23:14.564000,0 days 03:23:56.744000,306.0,129.0,281.0,294.0,False,HARD,5.0,True,Haas F1 Team,0 days 03:21:53.572000,,1,15.0,,,False,True
0 days 03:25:19.763000,BEA,87,0 days 00:01:42.595000,30.0,3.0,NaT,NaT,0 days 00:00:26.295000,0 days 00:00:34.662000,0 days 00:00:41.638000,0 days 03:24:23.039000,0 days 03:24:57.701000,0 days 03:25:39.339000,273.0,133.0,283.0,305.0,False,HARD,6.0,True,Haas F1 Team,0 days 03:23:37.168000,,1,15.0,,,False,True
0 days 03:27:02.563000,BEA,87,0 days 00:01:42.800000,31.0,3.0,NaT,NaT,0 days 00:00:25.961000,0 days 00:00:34.836000,0 days 00:00:42.003000,0 days 03:26:05.300000,0 days 03:26:40.136000,0 days 03:27:22.139000,270.0,132.0,284.0,298.0,False,HARD,7.0,True,Haas F1 Team,0 days 03:25:19.763000,,1,15.0,,,False,True
0 days 03:28:45.644000,BEA,87,0 days 00:01:43.081000,32.0,3.0,NaT,NaT,0 days 00:00:26.097000,0 days 00:00:34.917000,0 days 00:00:42.067000,0 days 03:27:48.236000,0 days 03:28:23.153000,0 days 03:29:05.220000,271.0,131.0,284.0,297.0,False,HARD,8.0,True,Haas F1 Team,0 days 03:27:02.563000,,1,15.0,,,False,True
0 days 03:30:28.702000,BEA,87,0 days 00:01:43.058000,33.0,3.0,NaT,NaT,0 days 00:00:26.094000,0 days 00:00:35.052000,0 days 00:00:41.912000,0 days 03:29:31.314000,0 days 03:30:06.366000,0 days 03:30:48.278000,274.0,132.0,284.0,307.0,False,HARD,9.0,True,Haas F1 Team,0 days 03:28:45.644000,,1,15.0,,,False,True
0 days 03:32:11.518000,BEA,87,0 days 00:01:42.816000,34.0,3.0,NaT,NaT,0 days 00:00:26.068000,0 days 00:00:34.869000,0 days 00:00:41.879000,0 days 03:31:14.346000,0 days 03:31:49.215000,0 days 03:32:31.094000,274.0,132.0,283.0,304.0,False,HARD,10.0,True,Haas F1 Team,0 days 03:30:28.702000,,1,15.0,,,False,True
0 days 03:33:54.805000,BEA,87,0 days 00:01:43.287000,35.0,3.0,NaT,NaT,0 days 00:00:26.239000,0 days 00:00:35.048000,0 days 00:00:42,0 days 03:32:57.333000,0 days 03:33:32.381000,0 days 03:34:14.381000,275.0,131.0,283.0,302.0,False,HARD,11.0,True,Haas F1 Team,0 days 03:32:11.518000,,1,15.0,,,False,True
0 days 03:35:38.167000,BEA,87,0 days 00:01:43.362000,36.0,3.0,NaT,NaT,0 days 00:00:26.334000,0 days 00:00:35.013000,0 days 00:00:42.015000,0 days 03:34:40.715000,0 days 03:35:15.728000,0 days 03:35:57.743000,273.0,132.0,283.0,302.0,False,HARD,12.0,True,Haas F1 Team,0 days 03:33:54.805000,,1,15.0,,,False,True
0 days 03:37:21.259000,BEA,87,0 days 00:01:43.092000,37.0,3.0,NaT,NaT,0 days 00:00:26.027000,0 days 00:00:34.879000,0 days 00:00:42.186000,0 days 03:36:23.770000,0 days 03:36:58.649000,0 days 03:37:40.835000,274.0,131.0,284.0,302.0,False,HARD,13.0,True,Haas F1 Team,0 days 03:35:38.167000,,1,15.0,,,False,True
0 days 03:39:10.819000,BEA,87,0 days 00:01:49.560000,38.0,3.0,NaT,0 days 03:39:23.849000,0 days 00:00:26.353000,0 days 00:00:35.154000,0 days 00:00:48.053000,0 days 03:38:07.188000,0 days 03:38:42.342000,0 days 03:39:30.395000,273.0,131.0,,301.0,False,HARD,14.0,True,Haas F1 Team,0 days 03:37:21.259000,,1,16.0,,,False,False
0 days 03:41:10.616000,BEA,87,0 days 00:01:59.797000,39.0,4.0,0 days 03:39:51.924000,NaT,0 days 00:00:45.334000,0 days 00:00:33.965000,0 days 00:00:40.498000,0 days 03:40:15.729000,0 days 03:40:49.694000,0 days 03:41:30.192000,276.0,136.0,286.0,315.0,False,None,,False,Haas F1 Team,0 days 03:39:10.819000,,1,17.0,,,False,False
0 days 03:42:50.982000,BEA,87,0 days 00:01:40.366000,40.0,4.0,NaT,NaT,0 days 00:00:25.536000,0 days 00:00:33.919000,0 days 00:00:40.911000,0 days 03:41:55.728000,0 days 03:42:29.647000,0 days 03:43:10.558000,275.0,135.0,284.0,298.0,True,None,,False,Haas F1 Team,0 days 03:41:10.616000,,1,17.0,,,False,True
0 days 03:44:31.865000,BEA,87,0 days 00:01:40.883000,41.0,4.0,NaT,NaT,0 days 00:00:25.750000,0 days 00:00:34.087000,0 days 00:00:41.046000,0 days 03:43:36.308000,0 days 03:44:10.395000,0 days 03:44:51.441000,272.0,137.0,284.0,304.0,False,None,,False,Haas F1 Team,0 days 03:42:50.982000,,1,17.0,,,False,True
0 days 03:46:23.927000,BEA,87,0 days 00:01:52.062000,42.0,4.0,NaT,NaT,0 days 00:00:25.889000,0 days 00:00:34.316000,0 days 00:00:51.857000,0 days 03:45:17.330000,0 days 03:45:51.646000,0 days 03:46:43.503000,271.0,136.0,213.0,199.0,False,None,,False,Haas F1 Team,0 days 03:44:31.865000,,126,16.0,,,False,False
0 days 03:48:38.387000,BEA,87,0 days 00:02:14.460000,43.0,4.0,NaT,NaT,0 days 00:00:35.925000,0 days 00:00:43.157000,0 days 00:00:55.378000,0 days 03:47:19.428000,0 days 03:48:02.585000,0 days 03:48:57.963000,188.0,75.0,189.0,210.0,False,None,,False,Haas F1 Team,0 days 03:46:23.927000,,6,14.0,,,False,False
0 days 03:50:53.034000,BEA,87,0 days 00:02:14.647000,44.0,4.0,NaT,NaT,0 days 00:00:36.308000,0 days 00:00:42.058000,0 days 00:00:56.281000,0 days 03:49:34.271000,0 days 03:50:16.329000,0 days 03:51:12.610000,233.0,124.0,168.0,232.0,False,None,,False,Haas F1 Team,0 days 03:48:38.387000,,6,14.0,,,False,False
0 days 03:53:07.997000,BEA,87,0 days 00:02:14.963000,45.0,4.0,NaT,NaT,0 days 00:00:34.745000,0 days 00:00:43.171000,0 days 00:00:57.047000,0 days 03:51:47.355000,0 days 03:52:30.526000,0 days 03:53:27.573000,211.0,116.0,173.0,173.0,False,None,,False,Haas F1 Team,0 days 03:50:53.034000,,64,14.0,,,False,False
0 days 03:55:19.059000,BEA,87,0 days 00:02:11.062000,46.0,4.0,NaT,NaT,0 days 00:00:34.265000,0 days 00:00:42.706000,0 days 00:00:54.091000,0 days 03:54:01.838000,0 days 03:54:44.544000,0 days 03:55:38.635000,215.0,131.0,278.0,193.0,False,None,,False,Haas F1 Team,0 days 03:53:07.997000,,4,14.0,,,False,False
0 days 03:57:06.880000,BEA,87,0 days 00:01:47.821000,47.0,4.0,NaT,NaT,0 days 00:00:26.531000,0 days 00:00:35.963000,0 days 00:00:45.327000,0 days 03:56:05.166000,0 days 03:56:41.129000,0 days 03:57:26.456000,271.0,129.0,265.0,268.0,False,None,,False,Haas F1 Team,0 days 03:55:19.059000,,4,14.0,,,False,False
0 days 03:59:07.058000,BEA,87,0 days 00:02:00.178000,48.0,4.0,NaT,NaT,0 days 00:00:27.930000,0 days 00:00:38.217000,0 days 00:00:54.031000,0 days 03:57:54.386000,0 days 03:58:32.603000,0 days 03:59:26.634000,237.0,128.0,197.0,241.0,False,None,,False,Haas F1 Team,0 days 03:57:06.880000,,4,13.0,,,False,False
0 days 04:01:34.290000,BEA,87,0 days 00:02:27.232000,49.0,4.0,NaT,NaT,0 days 00:00:36.884000,0 days 00:00:50.723000,0 days 00:00:59.625000,0 days 04:00:03.518000,0 days 04:00:54.241000,0 days 04:01:53.866000,244.0,94.0,149.0,215.0,False,None,,False,Haas F1 Team,0 days 03:59:07.058000,,4,13.0,,,False,False
0 days 04:03:57.988000,BEA,87,0 days 00:02:23.698000,50.0,4.0,NaT,NaT,0 days 00:00:32.591000,0 days 00:00:52.232000,0 days 00:00:58.875000,0 days 04:02:26.457000,0 days 04:03:18.689000,0 days 04:04:17.564000,225.0,133.0,146.0,225.0,False,None,,False,Haas F1 Team,0 days 04:01:34.290000,,4,12.0,,,False,False
0 days 04:06:28.518000,BEA,87,NaT,51.0,4.0,NaT,NaT,0 days 00:00:38.083000,0 days 00:00:52.601000,0 days 00:00:59.790000,0 days 04:04:55.753000,0 days 04:05:48.371000,0 days 04:06:48.199000,169.0,132.0,290.0,238.0,False,None,,False,Haas F1 Team,0 days 04:03:57.988000,,41,12.0,,,False,False
0 days 04:08:11.895000,BEA,87,0 days 00:01:43.377000,52.0,4.0,NaT,NaT,0 days 00:00:26.286000,0 days 00:00:35.707000,0 days 00:00:41.384000,0 days 04:07:14.380000,0 days 04:07:50.087000,0 days 04:08:31.471000,284.0,134.0,289.0,321.0,False,None,,False,Haas F1 Team,0 days 04:06:28.518000,,1,13.0,,,False,True
0 days 04:09:53.691000,BEA,87,0 days 00:01:41.796000,53.0,4.0,NaT,NaT,0 days 00:00:25.757000,0 days 00:00:34.841000,0 days 00:00:41.198000,0 days 04:08:57.228000,0 days 04:09:32.069000,0 days 04:10:13.267000,282.0,132.0,289.0,316.0,False,None,,False,Haas F1 Team,0 days 04:08:11.895000,,1,13.0,,,False,True
0 days 04:11:35.983000,BEA,87,0 days 00:01:42.292000,54.0,4.0,NaT,NaT,0 days 00:00:26.022000,0 days 00:00:34.785000,0 days 00:00:41.485000,0 days 04:10:39.289000,0 days 04:11:14.074000,0 days 04:11:55.559000,277.0,133.0,287.0,311.0,False,None,,False,Haas F1 Team,0 days 04:09:53.691000,,1,13.0,,,False,True
0 days 04:13:18.598000,BEA,87,0 days 00:01:42.615000,55.0,4.0,NaT,NaT,0 days 00:00:25.925000,0 days 00:00:34.881000,0 days 00:00:41.809000,0 days 04:12:21.484000,0 days 04:12:56.365000,0 days 04:13:38.174000,280.0,132.0,283.0,324.0,False,None,,False,Haas F1 Team,0 days 04:11:35.983000,,1,13.0,,,False,True
