X,Y,SessionSeconds,LapNumber
-1542.0,911.0,6647.552,36.0
-1518.0,947.0,6647.812,36.0
-1490.0,990.0,6648.072,36.0
-1452.0,1046.0,6648.352,36.0
-1431.0,1077.0,6648.673,36.0
-1419.0,1095.0,6648.812,36.0
-1394.0,1132.0,6649.112,36.0
-1366.0,1174.0,6649.332,36.0
-1334.0,1222.0,6649.7119999999995,36.0
-1314.0,1252.0,6650.032,36.0
-1294.0,1283.0,6650.232,36.0
-1271.0,1317.0,6650.432,36.0
-1215.0,1400.0,6650.772,36.0
-1196.0,1429.0,6651.052,36.0
-1157.0,1486.0,6651.372,36.0
-1136.0,1517.0,6651.552,36.0
-1123.0,1537.0,6651.672,36.0
-1101.0,1571.0,6651.892,36.0
-1075.0,1609.0,6652.172,36.0
-1059.0,1633.0,6652.372,36.0
-1032.0,1674.0,6652.632,36.0
-1012.0,1703.0,6653.012,36.0
-1000.0,1721.0,6653.452,36.0
-997.0,1725.0,6653.832,36.0
-997.0,1726.0,6654.032,36.0
-997.0,1726.0,6654.272,36.0
-997.0,1726.0,6654.552,36.0
-997.0,1726.0,6654.912,36.0
-997.0,1726.0,6655.092,36.0
-997.0,1726.0,6655.293,36.0
-997.0,1726.0,6655.572,36.0
-997.0,1726.0,6655.792,36.0
-997.0,1726.0,6655.832,36.0
-997.0,1726.0,6656.172,36.0
-993.0,1731.0,6656.612,36.0
-986.0,1741.0,6656.952,36.0
-981.0,1750.0,6657.132,36.0
-974.0,1760.0,6657.312,36.0
-967.0,1771.0,6657.472,36.0
-954.0,1789.0,6657.7119999999995,36.0
-930.0,1826.0,6658.012,36.0
-898.0,1873.0,6658.432,36.0
-879.0,1902.0,6658.672,36.0
-851.0,1944.0,6658.932,36.0
-814.0,1999.0,6659.252,36.0
-783.0,2047.0,6659.412,36.0
-738.0,2112.0,6659.872,36.0
-713.0,2149.0,6660.072,36.0
-673.0,2208.0,6660.272,36.0
-637.0,2263.0,6660.692,36.0
-612.0,2300.0,6660.892,36.0
-590.0,2333.0,6661.072,36.0
-555.0,2385.0,6661.232,36.0
-520.0,2436.0,6661.652,36.0
-508.0,2454.0,6661.752,36.0
-457.0,2530.0,6662.072,36.0
-430.0,2571.0,6662.392,36.0
-390.0,2629.0,6662.7119999999995,36.0
-348.0,2691.0,6662.972,36.0
-331.0,2717.0,6663.192,36.0
-296.0,2769.0,6663.472,36.0
-266.0,2813.0,6663.7119999999995,36.0
-232.0,2865.0,6663.992,36.0
-212.0,2894.0,6664.152,36.0
-170.0,2956.0,6664.392,36.0
-133.0,3011.0,6664.792,36.0
-116.0,3037.0,6664.932,36.0
-66.0,3111.0,6665.232,36.0
-38.0,3151.0,6665.572,36.0
-6.0,3199.0,6665.832,36.0
5.0,3217.0,6665.932,36.0
33.0,3258.0,6666.152,36.0
55.0,3291.0,6666.332,36.0
80.0,3328.0,6666.532,36.0
114.0,3379.0,6666.812,36.0
124.0,3393.0,6666.892,36.0
180.0,3477.0,6667.272,36.0
232.0,3554.0,6667.652,36.0
264.0,3602.0,6668.052,36.0
291.0,3642.0,6668.272,36.0
328.0,3697.0,6668.493,36.0
353.0,3734.0,6668.772,36.0
394.0,3796.0,6669.112,36.0
412.0,3823.0,6669.272,36.0
451.0,3881.0,6669.452,36.0
493.0,3939.0,6669.912,36.0
521.0,3971.0,6670.112,36.0
548.0,3997.0,6670.292,36.0
606.0,4040.0,6670.492,36.0
646.0,4065.0,6670.812,36.0
763.0,4118.0,6671.172,36.0
790.0,4127.0,6671.412,36.0
868.0,4147.0,6671.692,36.0
968.0,4161.0,6672.012,36.0
1029.0,4169.0,6672.192,36.0
1099.0,4178.0,6672.392,36.0
1211.0,4192.0,6672.552,36.0
1297.0,4202.0,6672.912,36.0
1397.0,4215.0,6673.152,36.0
1754.0,4259.0,6673.952,36.0
1814.0,4266.0,6674.072,36.0
1904.0,4276.0,6674.252,36.0
2029.0,4289.0,6674.492,36.0
2113.0,4298.0,6674.652,36.0
2264.0,4315.0,6674.933,36.0
2349.0,4324.0,6675.093,36.0
2455.0,4338.0,6675.292,36.0
2655.0,4384.0,6675.652,36.0
2987.0,4517.0,6676.012,36.0
3142.0,4576.0,6676.272,36.0
3259.0,4631.0,6676.472,36.0
3350.0,4683.0,6676.632,36.0
3439.0,4742.0,6676.792,36.0
3589.0,4857.0,6677.072,36.0
3711.0,4966.0,6677.312,36.0
3858.0,5113.0,6677.492,36.0
3927.0,5183.0,6677.752,36.0
4104.0,5355.0,6678.112,36.0
4178.0,5424.0,6678.272,36.0
4323.0,5556.0,6678.512,36.0
4440.0,5655.0,6678.912,36.0
4565.0,5758.0,6679.132,36.0
4643.0,5815.0,6679.512,36.0
4657.0,5824.0,6679.7119999999995,36.0
4719.0,5858.0,6679.912,36.0
4842.0,5895.0,6680.232,36.0
4942.0,5899.0,6680.632,36.0
5013.0,5890.0,6680.832,36.0
5124.0,5851.0,6681.152,36.0
5237.0,5765.0,6681.673,36.0
5255.0,5746.0,6681.912,36.0
5288.0,5701.0,6682.132,36.0
5335.0,5603.0,6682.452,36.0
5360.0,5520.0,6682.812,36.0
5368.0,5484.0,6682.932,36.0
5382.0,5388.0,6683.232,36.0
5392.0,5283.0,6683.492,36.0
5402.0,5190.0,6683.772,36.0
5428.0,5065.0,6684.132,36.0
5471.0,4964.0,6684.332,36.0
5514.0,4897.0,6684.732,36.0
5556.0,4850.0,6684.952,36.0
5612.0,4799.0,6685.152,36.0
5698.0,4747.0,6685.592,36.0
5764.0,4730.0,6685.932,36.0
5847.0,4746.0,6686.172,36.0
5928.0,4800.0,6686.592,36.0
5956.0,4826.0,6686.892,36.0
6008.0,4883.0,6687.2119999999995,36.0
6037.0,4919.0,6687.392,36.0
6099.0,5014.0,6687.672,36.0
6127.0,5065.0,6688.012,36.0
6165.0,5146.0,6688.293,36.0
6185.0,5197.0,6688.453,36.0
6224.0,5308.0,6688.7119999999995,36.0
6254.0,5409.0,6689.032,36.0
6288.0,5547.0,6689.292,36.0
6312.0,5671.0,6689.612,36.0
6331.0,5844.0,6689.872,36.0
6332.0,5942.0,6690.052,36.0
6327.0,6043.0,6690.232,36.0
6314.0,6159.0,6690.432,36.0
6280.0,6325.0,6690.7119999999995,36.0
6234.0,6468.0,6690.952,36.0
6220.0,6503.0,6691.012,36.0
6098.0,6736.0,6691.272,36.0
6015.0,6859.0,6691.632,36.0
5883.0,7016.0,6691.932,36.0
5834.0,7065.0,6692.032,36.0
5642.0,7234.0,6692.392,36.0
5529.0,7324.0,6692.592,36.0
5389.0,7430.0,6692.792,36.0
5108.0,7654.0,6693.2119999999995,36.0
4979.0,7761.0,6693.532,36.0
4754.0,7953.0,6693.832,36.0
4623.0,8065.0,6694.172,36.0
4172.0,8451.0,6694.913,36.0
4123.0,8494.0,6694.993,36.0
3962.0,8632.0,6695.252,36.0
3826.0,8750.0,6695.472,36.0
3677.0,8881.0,6695.7119999999995,36.0
3541.0,9001.0,6695.932,36.0
3454.0,9077.0,6696.072,36.0
3304.0,9208.0,6696.312,36.0
3155.0,9339.0,6696.552,36.0
3018.0,9459.0,6696.772,36.0
2919.0,9546.0,6696.932,36.0
2718.0,9720.0,6697.252,36.0
2519.0,9894.0,6697.432,36.0
2276.0,10108.0,6697.792,36.0
2027.0,10331.0,6698.272,36.0
1917.0,10431.0,6698.532,36.0
1749.0,10575.0,6698.812,36.0
1690.0,10622.0,6698.912,36.0
1518.0,10750.0,6699.2119999999995,36.0
1350.0,10844.0,6699.512,36.0
1189.0,10908.0,6699.732,36.0
1077.0,10937.0,6700.032,36.0
966.0,10948.0,6700.252,36.0
823.0,10948.0,6700.532,36.0
699.0,10934.0,6700.732,36.0
607.0,10906.0,6701.032,36.0
449.0,10820.0,6701.313,36.0
391.0,10766.0,6701.653,36.0
313.0,10656.0,6701.972,36.0
269.0,10573.0,6702.192,36.0
229.0,10479.0,6702.432,36.0
210.0,10405.0,6702.612,36.0
198.0,10324.0,6702.792,36.0
191.0,10230.0,6702.992,36.0
187.0,10153.0,6703.152,36.0
174.0,9945.0,6703.452,36.0
166.0,9893.0,6703.7119999999995,36.0
149.0,9821.0,6703.892,36.0
121.0,9753.0,6704.152,36.0
47.0,9634.0,6704.392,36.0
-88.0,9516.0,6704.912,36.0
-186.0,9467.0,6705.292,36.0
-264.0,9446.0,6705.652,36.0
-319.0,9441.0,6705.832,36.0
-402.0,9449.0,6706.112,36.0
-458.0,9469.0,6706.312,36.0
-511.0,9497.0,6706.512,36.0
-591.0,9561.0,6706.732,36.0
-644.0,9623.0,6707.112,36.0
-666.0,9654.0,6707.232,36.0
-702.0,9718.0,6707.452,36.0
-746.0,9836.0,6707.7119999999995,36.0
-765.0,9915.0,6708.033,36.0
-776.0,10033.0,6708.333,36.0
-770.0,10179.0,6708.572,36.0
-673.0,10576.0,6709.432,36.0
-637.0,10668.0,6709.612,36.0
-591.0,10772.0,6709.812,36.0
-534.0,10888.0,6710.032,36.0
-478.0,10995.0,6710.232,36.0
-389.0,11160.0,6710.432,36.0
-309.0,11294.0,6710.772,36.0
-205.0,11450.0,6711.052,36.0
-123.0,11560.0,6711.252,36.0
-7.0,11701.0,6711.512,36.0
69.0,11786.0,6711.672,36.0
181.0,11899.0,6711.892,36.0
308.0,12020.0,6712.132,36.0
444.0,12136.0,6712.372,36.0
601.0,12254.0,6712.592,36.0
877.0,12421.0,6712.992,36.0
1105.0,12524.0,6713.372,36.0
1223.0,12569.0,6713.532,36.0
1450.0,12642.0,6713.832,36.0
1589.0,12679.0,6714.012,36.0
1666.0,12698.0,6714.112,36.0
1872.0,12740.0,6714.372,36.0
2163.0,12783.0,6714.613,36.0
2421.0,12813.0,6715.032,36.0
2559.0,12828.0,6715.192,36.0
2688.0,12841.0,6715.352,36.0
2996.0,12872.0,6715.692,36.0
3158.0,12889.0,6715.932,36.0
3419.0,12917.0,6716.252,36.0
3664.0,12944.0,6716.452,36.0
4057.0,12989.0,6716.952,36.0
4220.0,13010.0,6717.232,36.0
4400.0,13034.0,6717.452,36.0
4530.0,13051.0,6717.612,36.0
4692.0,13072.0,6717.812,36.0
4935.0,13099.0,6718.112,36.0
5079.0,13110.0,6718.292,36.0
5220.0,13115.0,6718.472,36.0
5401.0,13102.0,6718.7119999999995,36.0
5638.0,13049.0,6718.932,36.0
5776.0,12999.0,6719.232,36.0
5957.0,12903.0,6719.512,36.0
6169.0,12744.0,6719.812,36.0
6310.0,12599.0,6720.152,36.0
6467.0,12346.0,6720.412,36.0
6575.0,12098.0,6720.772,36.0
6642.0,11897.0,6721.193,36.0
6684.0,11751.0,6721.393,36.0
6725.0,11596.0,6721.613,36.0
6762.0,11439.0,6721.812,36.0
6805.0,11243.0,6722.072,36.0
6839.0,11067.0,6722.292,36.0
6872.0,10869.0,6722.392,36.0
6911.0,10587.0,6722.892,36.0
6926.0,10461.0,6723.052,36.0
6948.0,10239.0,6723.332,36.0
6958.0,10111.0,6723.492,36.0
6972.0,9872.0,6723.7119999999995,36.0
6980.0,9599.0,6724.132,36.0
6982.0,9519.0,6724.232,36.0
6986.0,9343.0,6724.452,36.0
6991.0,9199.0,6724.632,36.0
7015.0,8855.0,6724.952,36.0
7039.0,8682.0,6725.312,36.0
7067.0,8526.0,6725.512,36.0
7140.0,8219.0,6725.812,36.0
7184.0,8068.0,6726.112,36.0
7264.0,7830.0,6726.432,36.0
7338.0,7641.0,6726.612,36.0
7409.0,7466.0,6726.932,36.0
7462.0,7320.0,6727.132,36.0
7513.0,7134.0,6727.412,36.0
7533.0,7016.0,6727.573,36.0
7530.0,6762.0,6727.853,36.0
7503.0,6587.0,6728.153,36.0
7443.0,6329.0,6728.492,36.0
7406.0,6185.0,6728.692,36.0
7379.0,6069.0,6728.852,36.0
7337.0,5856.0,6729.052,36.0
7317.0,5595.0,6729.532,36.0
7328.0,5451.0,6729.752,36.0
7378.0,5260.0,6729.912,36.0
7449.0,5103.0,6730.312,36.0
7507.0,4998.0,6730.492,36.0
7596.0,4852.0,6730.752,36.0
7658.0,4741.0,6730.932,36.0
7708.0,4645.0,6731.192,36.0
7753.0,4528.0,6731.412,36.0
7789.0,4266.0,6731.772,36.0
7772.0,4132.0,6732.132,36.0
7753.0,4055.0,6732.272,36.0
7716.0,3949.0,6732.472,36.0
7625.0,3769.0,6732.732,36.0
7560.0,3675.0,6733.032,36.0
7474.0,3580.0,6733.252,36.0
7288.0,3440.0,6733.572,36.0
7083.0,3330.0,6733.992,36.0
6991.0,3280.0,6734.153,36.0
6839.0,3178.0,6734.433,36.0
6748.0,3097.0,6734.613,36.0
6639.0,2987.0,6734.833,36.0
6498.0,2829.0,6735.072,36.0
6399.0,2702.0,6735.332,36.0
6286.0,2536.0,6735.592,36.0
6155.0,2308.0,6735.892,36.0
6038.0,2081.0,6736.292,36.0
6011.0,2026.0,6736.372,36.0
5923.0,1847.0,6736.632,36.0
5849.0,1694.0,6736.852,36.0
5719.0,1426.0,6737.112,36.0
5241.0,427.0,6738.472,36.0
5191.0,324.0,6738.752,36.0
5070.0,74.0,6739.092,36.0
5013.0,-43.0,6739.252,36.0
4900.0,-279.0,6739.432,36.0
4843.0,-398.0,6739.732,36.0
4729.0,-634.0,6740.052,36.0
4658.0,-780.0,6740.232,36.0
4593.0,-915.0,6740.412,36.0
4449.0,-1211.0,6740.672,36.0
4384.0,-1344.0,6740.993,36.0
4263.0,-1588.0,6741.333,36.0
4149.0,-1817.0,6741.572,36.0
4075.0,-1965.0,6741.832,36.0
3955.0,-2201.0,6742.152,36.0
3865.0,-2374.0,6742.392,36.0
3850.0,-2404.0,6742.432,36.0
3742.0,-2610.0,6742.7119999999995,36.0
3584.0,-2902.0,6742.972,36.0
3520.0,-3018.0,6743.272,36.0
3453.0,-3133.0,6743.432,36.0
3281.0,-3415.0,6743.772,36.0
3128.0,-3621.0,6744.152,36.0
3050.0,-3713.0,6744.312,36.0
2879.0,-3877.0,6744.552,36.0
2759.0,-3960.0,6744.872,36.0
2609.0,-4038.0,6745.132,36.0
2440.0,-4093.0,6745.452,36.0
2262.0,-4117.0,6745.612,36.0
2012.0,-4087.0,6746.072,36.0
1796.0,-4003.0,6746.492,36.0
1660.0,-3917.0,6746.812,36.0
1555.0,-3829.0,6747.032,36.0
1450.0,-3719.0,6747.273,36.0
1402.0,-3661.0,6747.393,36.0
1287.0,-3493.0,6747.713,36.0
1211.0,-3359.0,6747.953,36.0
1157.0,-3257.0,6748.132,36.0
1103.0,-3154.0,6748.312,36.0
1015.0,-2996.0,6748.552,36.0
932.0,-2863.0,6748.832,36.0
858.0,-2754.0,6749.032,36.0
741.0,-2592.0,6749.332,36.0
605.0,-2409.0,6749.572,36.0
468.0,-2224.0,6750.012,36.0
343.0,-2058.0,6750.2119999999995,36.0
251.0,-1940.0,6750.552,36.0
174.0,-1845.0,6750.732,36.0
-29.0,-1606.0,6751.052,36.0
-82.0,-1546.0,6751.312,36.0
-196.0,-1418.0,6751.512,36.0
-480.0,-1105.0,6752.292,36.0
-571.0,-1027.0,6752.592,36.0
-620.0,-993.0,6752.752,36.0
-669.0,-965.0,6752.912,36.0
-785.0,-922.0,6753.292,36.0
-893.0,-912.0,6753.512,36.0
-951.0,-915.0,6753.832,36.0
-1007.0,-926.0,6754.053,36.0
-1071.0,-952.0,6754.293,36.0
-1108.0,-973.0,6754.453,36.0
-1163.0,-1012.0,6754.673,36.0
-1202.0,-1042.0,6754.832,36.0
-1247.0,-1077.0,6755.012,36.0
-1307.0,-1118.0,6755.232,36.0
-1408.0,-1163.0,6755.552,36.0
-1485.0,-1173.0,6755.812,36.0
-1573.0,-1162.0,6756.072,36.0
-1653.0,-1140.0,6756.312,36.0
-1753.0,-1097.0,6756.592,36.0
-1845.0,-1040.0,6756.952,36.0
-1930.0,-964.0,6757.132,36.0
-2035.0,-839.0,6757.652,36.0
-2122.0,-722.0,6757.872,36.0
-2197.0,-586.0,6758.252,36.0
-2235.0,-491.0,6758.452,36.0
-2280.0,-336.0,6758.612,36.0
-2313.0,-85.0,6759.112,36.0
-2311.0,83.0,6759.472,36.0
-2282.0,283.0,6759.672,36.0
-2236.0,445.0,6760.052,36.0
-2165.0,606.0,6760.252,36.0
-2034.0,826.0,6760.553,36.0
-1951.0,943.0,6760.873,36.0
-1795.0,1158.0,6761.113,36.0
-1716.0,1263.0,6761.412,37.0
-1607.0,1403.0,6761.652,37.0
-1447.0,1604.0,6761.992,37.0
-1279.0,1826.0,6762.212,37.0
-1233.0,1889.0,6762.452,37.0
-1113.0,2055.0,6762.712,37.0
-1019.0,2184.0,6762.912,37.0
-905.0,2340.0,6763.152,37.0
-791.0,2498.0,6763.392000000001,37.0
-733.0,2577.0,6763.512000000001,37.0
-638.0,2710.0,6763.712,37.0
-516.0,2887.0,6763.972000000001,37.0
-433.0,3011.0,6764.152,37.0
-249.0,3288.0,6764.412,37.0
-59.0,3561.0,6764.872,37.0
98.0,3771.0,6765.272,37.0
180.0,3873.0,6765.432000000001,37.0
265.0,3973.0,6765.592000000001,37.0
354.0,4070.0,6765.752,37.0
558.0,4255.0,6766.092000000001,37.0
688.0,4342.0,6766.292,37.0
757.0,4380.0,6766.392000000001,37.0
1056.0,4482.0,6766.712,37.0
1274.0,4513.0,6767.073,37.0
1415.0,4520.0,6767.253000000001,37.0
1524.0,4520.0,6767.393,37.0
1755.0,4506.0,6767.693,37.0
1892.0,4489.0,6767.8730000000005,37.0
2044.0,4468.0,6768.072,37.0
2164.0,4453.0,6768.232,37.0
2392.0,4439.0,6768.532,37.0
2620.0,4444.0,6768.712,37.0
2922.0,4496.0,6769.152,37.0
3108.0,4558.0,6769.512000000001,37.0
3230.0,4614.0,6769.692,37.0
3387.0,4706.0,6769.932000000001,37.0
3569.0,4840.0,6770.232,37.0
3671.0,4929.0,6770.412,37.0
3812.0,5066.0,6770.6720000000005,37.0
3971.0,5227.0,6770.852000000001,37.0
4121.0,5372.0,6771.252,37.0
4286.0,5523.0,6771.432000000001,37.0
4361.0,5589.0,6771.732,37.0
4536.0,5734.0,6772.032,37.0
4608.0,5790.0,6772.332,37.0
4724.0,5861.0,6772.652,37.0
4871.0,5900.0,6772.932000000001,37.0
4943.0,5900.0,6773.252,37.0
5025.0,5889.0,6773.492,37.0
5128.0,5849.0,6773.693,37.0
5171.0,5823.0,6773.993,37.0
5240.0,5763.0,6774.293000000001,37.0
5270.0,5728.0,6774.453,37.0
5309.0,5664.0,6774.712,37.0
5344.0,5576.0,6774.932000000001,37.0
5361.0,5517.0,6775.232,37.0
5386.0,5351.0,6775.612,37.0
5406.0,5162.0,6776.292,37.0
5438.0,5036.0,6776.652,37.0
5459.0,4986.0,6776.812000000001,37.0
5484.0,4942.0,6776.972000000001,37.0
5541.0,4865.0,6777.292,37.0
5577.0,4829.0,6777.472000000001,37.0
5648.0,4773.0,6777.692,37.0
5688.0,4751.0,6777.992,37.0
5751.0,4731.0,6778.272,37.0
5800.0,4732.0,6778.492,37.0
5813.0,4734.0,6778.552000000001,37.0
5898.0,4776.0,6778.872,37.0
5962.0,4832.0,6779.332,37.0
5966.0,4836.0,6779.352000000001,37.0
6024.0,4902.0,6779.712,37.0
6055.0,4944.0,6779.912,37.0
6082.0,4985.0,6780.092000000001,37.0
6105.0,5025.0,6780.253000000001,37.0
6141.0,5092.0,6780.513000000001,37.0
6177.0,5174.0,6780.773,37.0
6196.0,5224.0,6780.933,37.0
6229.0,5322.0,6781.193,37.0
6265.0,5452.0,6781.412,37.0
6287.0,5541.0,6781.712,37.0
6304.0,5627.0,6781.892000000001,37.0
6331.0,5846.0,6782.212,37.0
6330.0,6003.0,6782.572,37.0
6312.0,6168.0,6782.832,37.0
6231.0,6476.0,6783.232,37.0
6179.0,6593.0,6783.572,37.0
6101.0,6733.0,6783.812000000001,37.0
6025.0,6845.0,6784.012000000001,37.0
5856.0,7044.0,6784.292,37.0
5676.0,7206.0,6784.6720000000005,37.0
5471.0,7369.0,6785.092000000001,37.0
5376.0,7440.0,6785.252,37.0
5258.0,7532.0,6785.452,37.0
5082.0,7675.0,6785.712,37.0
4821.0,7895.0,6786.072,37.0
4690.0,8008.0,6786.432000000001,37.0
4509.0,8163.0,6786.732,37.0
4388.0,8267.0,6786.933,37.0
4179.0,8445.0,6787.133000000001,37.0
4055.0,8551.0,6787.473,37.0
3894.0,8690.0,6787.733,37.0
3696.0,8864.0,6787.952,37.0
3572.0,8973.0,6788.252,37.0
3385.0,9137.0,6788.552000000001,37.0
3299.0,9213.0,6788.692,37.0
3149.0,9344.0,6788.932000000001,37.0
2950.0,9519.0,6789.192,37.0
2750.0,9692.0,6789.572,37.0
2638.0,9790.0,6789.752,37.0
2476.0,9931.0,6790.012000000001,37.0
2264.0,10120.0,6790.232,37.0
2089.0,10276.0,6790.6320000000005,37.0
1581.0,10707.0,6791.452,37.0
1389.0,10825.0,6791.6320000000005,37.0
1286.0,10873.0,6791.952,37.0
1029.0,10944.0,6792.312000000001,37.0
909.0,10950.0,6792.6320000000005,37.0
763.0,10945.0,6792.912,37.0
619.0,10911.0,6793.112,37.0
549.0,10881.0,6793.393,37.0
456.0,10825.0,6793.633000000001,37.0
392.0,10768.0,6793.8330000000005,37.0
333.0,10690.0,6794.053000000001,37.0
289.0,10613.0,6794.253000000001,37.0
244.0,10517.0,6794.492,37.0
185.0,10109.0,6795.412,37.0
181.0,10034.0,6795.572,37.0
167.0,9899.0,6795.872,37.0
148.0,9819.0,6796.072,37.0
123.0,9757.0,6796.312000000001,37.0
95.0,9703.0,6796.472000000001,37.0
80.0,9678.0,6796.552000000001,37.0
-40.0,9550.0,6796.932000000001,37.0
-140.0,9486.0,6797.372,37.0
-222.0,9455.0,6797.692,37.0
-270.0,9445.0,6797.852000000001,37.0
-377.0,9445.0,6798.1320000000005,37.0
-449.0,9465.0,6798.472000000001,37.0
-542.0,9519.0,6798.772,37.0
-615.0,9586.0,6799.152,37.0
-666.0,9654.0,6799.412,37.0
-703.0,9720.0,6799.6320000000005,37.0
-733.0,9792.0,6799.792,37.0
-761.0,9897.0,6800.153,37.0
-771.0,9959.0,6800.313,37.0
-776.0,10027.0,6800.473,37.0
-766.0,10211.0,6800.8330000000005,37.0
-749.0,10312.0,6801.112,37.0
-707.0,10476.0,6801.332,37.0
-654.0,10625.0,6801.6320000000005,37.0
-592.0,10768.0,6801.812000000001,37.0
-526.0,10904.0,6802.1720000000005,37.0
-404.0,11133.0,6802.472000000001,37.0
-327.0,11266.0,6802.832,37.0
-224.0,11422.0,6803.112,37.0
-118.0,11566.0,6803.312000000001,37.0
25.0,11739.0,6803.692,37.0
145.0,11864.0,6803.932000000001,37.0
327.0,12036.0,6804.1320000000005,37.0
452.0,12142.0,6804.492,37.0
512.0,12189.0,6804.592000000001,37.0
661.0,12295.0,6804.832,37.0
860.0,12412.0,6805.1320000000005,37.0
1002.0,12480.0,6805.332,37.0
1118.0,12529.0,6805.492,37.0
1237.0,12574.0,6805.652,37.0
1435.0,12638.0,6805.912,37.0
1590.0,12680.0,6806.112,37.0
1716.0,12709.0,6806.272,37.0
1908.0,12746.0,6806.513000000001,37.0
2237.0,12793.0,6806.773,37.0
2499.0,12821.0,6807.193,37.0
2712.0,12844.0,6807.453,37.0
2877.0,12860.0,6807.653,37.0
3008.0,12873.0,6807.812000000001,37.0
3156.0,12889.0,6807.992,37.0
3320.0,12906.0,6808.192,37.0
3486.0,12924.0,6808.392000000001,37.0
3717.0,12950.0,6808.6720000000005,37.0
3750.0,12954.0,6808.712,37.0
4014.0,12984.0,6809.032,37.0
4279.0,13018.0,6809.272,37.0
4558.0,13055.0,6809.692,37.0
5175.0,13114.0,6810.452,37.0
5349.0,13108.0,6810.6720000000005,37.0
5564.0,13070.0,6810.892000000001,37.0
5846.0,12966.0,6811.232,37.0
6001.0,12874.0,6811.592000000001,37.0
6146.0,12764.0,6811.832,37.0
6274.0,12640.0,6812.072,37.0
6414.0,12445.0,6812.252,37.0
6512.0,12251.0,6812.6720000000005,37.0
6607.0,12006.0,6812.892000000001,37.0
6705.0,11671.0,6813.3330000000005,37.0
6752.0,11482.0,6813.713000000001,37.0
6777.0,11375.0,6813.853,37.0
6816.0,11190.0,6814.093000000001,37.0
6841.0,11056.0,6814.253000000001,37.0
6867.0,10906.0,6814.432000000001,37.0
6901.0,10669.0,6814.732,37.0
6915.0,10558.0,6814.872,37.0
6939.0,10334.0,6815.152,37.0
6960.0,10078.0,6815.372,37.0
6970.0,9917.0,6815.6720000000005,37.0
6979.0,9675.0,6815.972000000001,37.0
6982.0,9498.0,6816.192,37.0
6987.0,9322.0,6816.412,37.0
6993.0,9162.0,6816.612,37.0
6997.0,9069.0,6816.732,37.0
7012.0,8886.0,6816.972000000001,37.0
7055.0,8588.0,6817.272,37.0
7094.0,8402.0,6817.592000000001,37.0
7116.0,8310.0,6817.712,37.0
7218.0,7962.0,6818.072,37.0
7265.0,7829.0,6818.352000000001,37.0
7363.0,7581.0,6818.692,37.0
7409.0,7464.0,6818.852000000001,37.0
7494.0,7215.0,6819.092000000001,37.0
7533.0,7015.0,6819.492,37.0
7539.0,6883.0,6819.673000000001,37.0
7528.0,6745.0,6819.853,37.0
7495.0,6548.0,6820.113,37.0
7437.0,6305.0,6820.3730000000005,37.0
7391.0,6124.0,6820.693,37.0
7339.0,5865.0,6820.9130000000005,37.0
7316.0,5600.0,6821.312000000001,37.0
7329.0,5442.0,6821.6720000000005,37.0
7402.0,5200.0,6821.912,37.0
7513.0,4988.0,6822.412,37.0
7582.0,4875.0,6822.612,37.0
7673.0,4714.0,6822.832,37.0
7705.0,4650.0,6823.092000000001,37.0
7782.0,4402.0,6823.412,37.0
7790.0,4314.0,6823.712,37.0
7760.0,4081.0,6824.012000000001,37.0
7681.0,3871.0,6824.472000000001,37.0
7556.0,3670.0,6824.852000000001,37.0
7470.0,3576.0,6825.1720000000005,37.0
7378.0,3499.0,6825.372,37.0
7185.0,3382.0,6825.732,37.0
7127.0,3352.0,6825.832,37.0
7034.0,3304.0,6825.992,37.0
6806.0,3150.0,6826.3730000000005,37.0
6705.0,3055.0,6826.613,37.0
6584.0,2927.0,6826.8730000000005,37.0
6433.0,2749.0,6827.193,37.0
6333.0,2609.0,6827.393,37.0
6270.0,2511.0,6827.553000000001,37.0
6195.0,2380.0,6827.752,37.0
6095.0,2195.0,6828.032,37.0
5993.0,1991.0,6828.212,37.0
5885.0,1768.0,6828.652,37.0
5796.0,1585.0,6828.792,37.0
5686.0,1355.0,6829.232,37.0
5616.0,1210.0,6829.432000000001,37.0
5522.0,1012.0,6829.712,37.0
5487.0,939.0,6829.812000000001,37.0
5402.0,761.0,6830.052000000001,37.0
5331.0,613.0,6830.252,37.0
5266.0,479.0,6830.432000000001,37.0
5179.0,300.0,6830.6720000000005,37.0
5129.0,195.0,6830.812000000001,37.0
5071.0,75.0,6830.972000000001,37.0
4941.0,-193.0,6831.332,37.0
4869.0,-344.0,6831.532,37.0
4782.0,-524.0,6831.772000000001,37.0
4760.0,-569.0,6831.832,37.0
4695.0,-705.0,6832.012000000001,37.0
4522.0,-1061.0,6832.372,37.0
4435.0,-1241.0,6832.712,37.0
4324.0,-1466.0,6832.993,37.0
4212.0,-1691.0,6833.313,37.0
4130.0,-1855.0,6833.533,37.0
4040.0,-2035.0,6833.773,37.0
3986.0,-2139.0,6833.9130000000005,37.0
3845.0,-2412.0,6834.232,37.0
3725.0,-2641.0,6834.592000000001,37.0
3662.0,-2759.0,6834.752,37.0
3574.0,-2921.0,6834.972000000001,37.0
3410.0,-3207.0,6835.232,37.0
3343.0,-3318.0,6835.532,37.0
3172.0,-3566.0,6835.892000000001,37.0
3037.0,-3727.0,6836.192,37.0
2948.0,-3818.0,6836.372,37.0
2813.0,-3926.0,6836.6320000000005,37.0
2303.0,-4115.0,6837.472000000001,37.0
2147.0,-4111.0,6837.792,37.0
1979.0,-4078.0,6838.072,37.0
1808.0,-4009.0,6838.252,37.0
1620.0,-3886.0,6838.692,37.0
1526.0,-3801.0,6838.932000000001,37.0
1424.0,-3688.0,6839.1720000000005,37.0
1259.0,-3445.0,6839.513000000001,37.0
1172.0,-3285.0,6839.9130000000005,37.0
1127.0,-3199.0,6840.073,37.0
1068.0,-3089.0,6840.253000000001,37.0
940.0,-2875.0,6840.513000000001,37.0
873.0,-2775.0,6840.813,37.0
771.0,-2633.0,6841.072,37.0
641.0,-2458.0,6841.272000000001,37.0
503.0,-2271.0,6841.732,37.0
463.0,-2216.0,6841.832,37.0
397.0,-2129.0,6841.992,37.0
189.0,-1863.0,6842.352000000001,37.0
104.0,-1761.0,6842.692,37.0
-31.0,-1604.0,6843.012000000001,37.0
-101.0,-1525.0,6843.1720000000005,37.0
-182.0,-1434.0,6843.332,37.0
-280.0,-1324.0,6843.572,37.0
-342.0,-1253.0,6843.732,37.0
-412.0,-1176.0,6843.932000000001,37.0
-483.0,-1102.0,6844.152,37.0
-552.0,-1041.0,6844.372,37.0
-614.0,-996.0,6844.572,37.0
-704.0,-949.0,6844.852000000001,37.0
-742.0,-934.0,6844.972000000001,37.0
-792.0,-921.0,6845.1320000000005,37.0
-867.0,-913.0,6845.372,37.0
-941.0,-913.0,6845.612,37.0
-992.0,-922.0,6845.792,37.0
-1060.0,-946.0,6846.053000000001,37.0
-1101.0,-968.0,6846.213000000001,37.0
-1203.0,-1043.0,6846.493,37.0
-1238.0,-1070.0,6846.773,37.0
-1342.0,-1137.0,6847.093000000001,37.0
-1414.0,-1164.0,6847.393,37.0
-1538.0,-1169.0,6847.6320000000005,37.0
-1612.0,-1152.0,6847.992,37.0
-1702.0,-1121.0,6848.272000000001,37.0
-1787.0,-1079.0,6848.512000000001,37.0
-1869.0,-1022.0,6848.912,37.0
-1915.0,-979.0,6849.072,37.0
-1965.0,-925.0,6849.252,37.0
-2008.0,-872.0,6849.412,37.0
-2058.0,-809.0,6849.592000000001,37.0
-2113.0,-736.0,6849.792,37.0
-2199.0,-584.0,6850.032,37.0
-2267.0,-388.0,6850.312000000001,37.0
-2304.0,-191.0,6850.792,37.0
-2312.0,-98.0,6850.952,37.0
-2315.0,-26.0,6851.072,37.0
-2312.0,69.0,6851.232,37.0
-2294.0,218.0,6851.472000000001,37.0
-2253.0,392.0,6851.752,37.0
-2190.0,553.0,6852.012000000001,37.0
-2120.0,687.0,6852.232,37.0
-2045.0,809.0,6852.432000000001,37.0
-1954.0,939.0,6852.633000000001,37.0
-1796.0,1156.0,6852.993,37.0
-1677.0,1314.0,6853.153,38.0
-1561.0,1461.0,6853.513000000001,38.0
-1428.0,1628.0,6853.793000000001,38.0
-1278.0,1827.0,6854.053000000001,38.0
-1166.0,1981.0,6854.352000000001,38.0
-1034.0,2163.0,6854.6320000000005,38.0
-958.0,2268.0,6854.792,38.0
-900.0,2347.0,6854.912,38.0
-678.0,2654.0,6855.272000000001,38.0
-563.0,2818.0,6855.612,38.0
-478.0,2943.0,6855.792,38.0
-403.0,3055.0,6855.952,38.0
-310.0,3196.0,6856.152,38.0
92.0,3763.0,6856.972000000001,38.0
197.0,3894.0,6857.1720000000005,38.0
295.0,4007.0,6857.352000000001,38.0
482.0,4192.0,6857.532,38.0
718.0,4359.0,6857.932000000001,38.0
911.0,4443.0,6858.292,38.0
1228.0,4510.0,6858.572,38.0
1437.0,4520.0,6858.952,38.0
1516.0,4520.0,6859.052000000001,38.0
1719.0,4510.0,6859.313,38.0
1998.0,4474.0,6859.613,38.0
2243.0,4446.0,6859.993,38.0
2366.0,4440.0,6860.153,38.0
2598.0,4443.0,6860.453,38.0
2749.0,4458.0,6860.653,38.0
2914.0,4493.0,6860.872,38.0
2973.0,4511.0,6860.952,38.0
3131.0,4568.0,6861.1720000000005,38.0
3281.0,4642.0,6861.392000000001,38.0
3398.0,4713.0,6861.572,38.0
3498.0,4784.0,6861.732000000001,38.0
3706.0,4961.0,6862.092000000001,38.0
3793.0,5047.0,6862.252,38.0
3974.0,5230.0,6862.492,38.0
4104.0,5356.0,6862.832,38.0
4221.0,5465.0,6863.052000000001,38.0
4327.0,5559.0,6863.272000000001,38.0
4446.0,5661.0,6863.452,38.0
4575.0,5766.0,6863.892000000001,38.0
4642.0,5814.0,6864.072,38.0
4704.0,5852.0,6864.252,38.0
4773.0,5880.0,6864.452,38.0
4865.0,5899.0,6864.712,38.0
4922.0,5901.0,6864.872,38.0
4990.0,5895.0,6865.072,38.0
5065.0,5877.0,6865.312000000001,38.0
5111.0,5858.0,6865.472000000001,38.0
5164.0,5827.0,6865.6720000000005,38.0
5228.0,5775.0,6865.953,38.0
5272.0,5724.0,6866.193,38.0
5305.0,5672.0,6866.4130000000005,38.0
5329.0,5620.0,6866.613,38.0
5358.0,5529.0,6866.8330000000005,38.0
5368.0,5481.0,6867.093000000001,38.0
5382.0,5393.0,6867.372,38.0
5390.0,5298.0,6867.652,38.0
5404.0,5172.0,6867.852000000001,38.0
5425.0,5076.0,6868.212,38.0
5459.0,4986.0,6868.572,38.0
5483.0,4943.0,6868.732000000001,38.0
5509.0,4904.0,6868.892000000001,38.0
5556.0,4849.0,6869.152,38.0
5629.0,4786.0,6869.412,38.0
5676.0,4757.0,6869.732000000001,38.0
5723.0,4738.0,6869.952,38.0
5762.0,4730.0,6870.1320000000005,38.0
5826.0,4738.0,6870.432000000001,38.0
5871.0,4759.0,6870.652,38.0
5912.0,4787.0,6870.872,38.0
5947.0,4817.0,6871.072,38.0
5980.0,4851.0,6871.272000000001,38.0
6006.0,4881.0,6871.432000000001,38.0
6038.0,4921.0,6871.6320000000005,38.0
6081.0,4984.0,6871.912,38.0
6114.0,5039.0,6872.1320000000005,38.0
6151.0,5113.0,6872.353,38.0
6183.0,5189.0,6872.633000000001,38.0
6215.0,5280.0,6872.893,38.0
6237.0,5348.0,6873.073,38.0
6266.0,5456.0,6873.3330000000005,38.0
6284.0,5527.0,6873.493,38.0
6326.0,6057.0,6874.392000000001,38.0
6299.0,6244.0,6874.6720000000005,38.0
6268.0,6369.0,6874.932000000001,38.0
6176.0,6597.0,6875.192,38.0
6113.0,6713.0,6875.532,38.0
5982.0,6902.0,6875.872,38.0
5873.0,7026.0,6876.112,38.0
5824.0,7076.0,6876.212,38.0
5640.0,7236.0,6876.512000000001,38.0
5467.0,7371.0,6876.852000000001,38.0
5384.0,7434.0,6876.992,38.0
5078.0,7679.0,6877.372,38.0
4970.0,7769.0,6877.692,38.0
4803.0,7911.0,6877.972000000001,38.0
4779.0,7931.0,6878.012000000001,38.0
4550.0,8127.0,6878.392000000001,38.0
4392.0,8263.0,6878.592000000001,38.0
4195.0,8432.0,6878.973000000001,38.0
4120.0,8496.0,6879.093000000001,38.0
3958.0,8635.0,6879.353,38.0
3809.0,8765.0,6879.593000000001,38.0
3646.0,8908.0,6879.8330000000005,38.0
3383.0,9139.0,6880.233,38.0
3181.0,9316.0,6880.592000000001,38.0
2955.0,9515.0,6880.812000000001,38.0
2854.0,9603.0,6881.112,38.0
2702.0,9734.0,6881.352000000001,38.0
2600.0,9822.0,6881.512000000001,38.0
2474.0,9933.0,6881.712,38.0
2293.0,10093.0,6881.972000000001,38.0
2000.0,10355.0,6882.312000000001,38.0
1777.0,10552.0,6882.692,38.0
1666.0,10642.0,6882.992,38.0
1456.0,10787.0,6883.332,38.0
1330.0,10854.0,6883.552000000001,38.0
1217.0,10899.0,6883.752,38.0
1087.0,10935.0,6883.932000000001,38.0
962.0,10949.0,6884.232000000001,38.0
813.0,10948.0,6884.512000000001,38.0
721.0,10939.0,6884.712,38.0
645.0,10920.0,6884.892000000001,38.0
543.0,10877.0,6885.1320000000005,38.0
422.0,10798.0,6885.392000000001,38.0
356.0,10722.0,6885.713000000001,38.0
288.0,10611.0,6886.013000000001,38.0
276.0,10587.0,6886.073,38.0
205.0,10376.0,6886.453,38.0
197.0,10313.0,6886.733,38.0
190.0,10210.0,6886.953,38.0
181.0,10028.0,6887.252,38.0
171.0,9926.0,6887.552000000001,38.0
155.0,9842.0,6887.752,38.0
132.0,9777.0,6887.992,38.0
102.0,9714.0,6888.1720000000005,38.0
48.0,9635.0,6888.432000000001,38.0
-42.0,9548.0,6888.732000000001,38.0
-143.0,9485.0,6889.152,38.0
-195.0,9463.0,6889.332,38.0
-290.0,9443.0,6889.532,38.0
-393.0,9448.0,6889.892000000001,38.0
-487.0,9484.0,6890.372,38.0
-558.0,9531.0,6890.552000000001,38.0
-605.0,9575.0,6890.892000000001,38.0
-640.0,9617.0,6891.072,38.0
-671.0,9663.0,6891.252,38.0
-699.0,9713.0,6891.432000000001,38.0
-728.0,9781.0,6891.652,38.0
-761.0,9898.0,6891.993,38.0
-769.0,9943.0,6892.113,38.0
-775.0,10112.0,6892.433,38.0
-766.0,10207.0,6892.753000000001,38.0
-750.0,10307.0,6892.973000000001,38.0
-715.0,10449.0,6893.193,38.0
-685.0,10543.0,6893.3730000000005,38.0
-634.0,10673.0,6893.633000000001,38.0
-579.0,10797.0,6893.872,38.0
-532.0,10891.0,6894.052000000001,38.0
-477.0,10998.0,6894.252,38.0
-424.0,11097.0,6894.432000000001,38.0
-375.0,11185.0,6894.592000000001,38.0
-94.0,11597.0,6895.332,38.0
-22.0,11684.0,6895.492,38.0
197.0,11915.0,6895.872,38.0
305.0,12017.0,6896.1320000000005,38.0
443.0,12135.0,6896.372,38.0
539.0,12209.0,6896.532,38.0
729.0,12340.0,6896.832,38.0
866.0,12415.0,6897.032,38.0
951.0,12457.0,6897.152,38.0
1337.0,12608.0,6897.532,38.0
1461.0,12645.0,6897.832,38.0
1587.0,12679.0,6897.992,38.0
1940.0,12751.0,6898.372,38.0
2133.0,12780.0,6898.633000000001,38.0
2331.0,12803.0,6898.8730000000005,38.0
2472.0,12818.0,6899.053000000001,38.0
2639.0,12836.0,6899.253000000001,38.0
2848.0,12858.0,6899.493,38.0
3032.0,12875.0,6899.713000000001,38.0
3216.0,12895.0,6899.933,38.0
3367.0,12911.0,6900.113,38.0
3468.0,12923.0,6900.233,38.0
3704.0,12949.0,6900.512000000001,38.0
3923.0,12973.0,6900.772000000001,38.0
4126.0,12998.0,6901.012000000001,38.0
4278.0,13018.0,6901.192,38.0
4363.0,13029.0,6901.292,38.0
4514.0,13049.0,6901.472000000001,38.0
4948.0,13100.0,6901.852000000001,38.0
5281.0,13114.0,6902.252,38.0
5406.0,13102.0,6902.552000000001,38.0
5739.0,13014.0,6902.872,38.0
5994.0,12879.0,6903.312000000001,38.0
6128.0,12779.0,6903.592000000001,38.0
6239.0,12677.0,6903.792,38.0
6353.0,12541.0,6904.032,38.0
6470.0,12342.0,6904.332,38.0
6568.0,12116.0,6904.512000000001,38.0
6638.0,11912.0,6904.932000000001,38.0
6685.0,11748.0,6905.153,38.0
6722.0,11605.0,6905.353,38.0
6754.0,11476.0,6905.513000000001,38.0
6781.0,11355.0,6905.673000000001,38.0
6881.0,10812.0,6906.353,38.0
6901.0,10670.0,6906.533,38.0
6929.0,10431.0,6906.8330000000005,38.0
6943.0,10287.0,6907.013000000001,38.0
6960.0,10078.0,6907.272000000001,38.0
6972.0,9868.0,6907.432000000001,38.0
6981.0,9560.0,6907.912,38.0
6984.0,9430.0,6908.072,38.0
6994.0,9123.0,6908.312000000001,38.0
7000.0,9020.0,6908.592000000001,38.0
7016.0,8844.0,6908.812000000001,38.0
7055.0,8590.0,6909.1320000000005,38.0
7077.0,8480.0,6909.272000000001,38.0
7113.0,8323.0,6909.472000000001,38.0
7145.0,8200.0,6909.6320000000005,38.0
7256.0,7851.0,6909.992,38.0
7302.0,7732.0,6910.252,38.0
7403.0,7481.0,6910.592000000001,38.0
7494.0,7215.0,6910.832,38.0
7532.0,7028.0,6911.232000000001,38.0
7539.0,6926.0,6911.372,38.0
7534.0,6804.0,6911.532,38.0
7514.0,6650.0,6911.733,38.0
7460.0,6396.0,6912.073,38.0
7445.0,6337.0,6912.153,38.0
7391.0,6124.0,6912.453,38.0
7363.0,5999.0,6912.613,38.0
7333.0,5827.0,6912.853,38.0
7317.0,5644.0,6913.113,38.0
7318.0,5548.0,6913.253000000001,38.0
7337.0,5402.0,6913.473000000001,38.0
7369.0,5286.0,6913.653,38.0
7456.0,5089.0,6913.972000000001,38.0
7509.0,4996.0,6914.1320000000005,38.0
7632.0,4792.0,6914.372,38.0
7695.0,4674.0,6914.692,38.0
7731.0,4589.0,6914.852000000001,38.0
7778.0,4426.0,6915.152,38.0
7788.0,4250.0,6915.412,38.0
7771.0,4129.0,6915.692,38.0
7746.0,4032.0,6915.872,38.0
7711.0,3938.0,6916.052000000001,38.0
7637.0,3790.0,6916.352000000001,38.0
7563.0,3680.0,6916.592000000001,38.0
7457.0,3564.0,6916.772000000001,38.0
7377.0,3498.0,6917.052000000001,38.0
7222.0,3402.0,6917.352000000001,38.0
7021.0,3297.0,6917.6320000000005,38.0
6799.0,3144.0,6918.032,38.0
6671.0,3020.0,6918.393,38.0
6567.0,2909.0,6918.613,38.0
6441.0,2759.0,6918.893,38.0
6371.0,2665.0,6919.073,38.0
6273.0,2514.0,6919.313,38.0
6198.0,2385.0,6919.4130000000005,38.0
6120.0,2241.0,6919.753000000001,38.0
6003.0,2011.0,6920.093000000001,38.0
5922.0,1845.0,6920.332,38.0
5902.0,1803.0,6920.392000000001,38.0
5833.0,1662.0,6920.592000000001,38.0
5730.0,1447.0,6920.892000000001,38.0
5667.0,1317.0,6921.072,38.0
5577.0,1127.0,6921.332,38.0
5538.0,1045.0,6921.432000000001,38.0
5470.0,903.0,6921.612,38.0
5391.0,738.0,6921.832,38.0
5268.0,482.0,6922.1720000000005,38.0
5202.0,346.0,6922.352000000001,38.0
5091.0,118.0,6922.612,38.0
4988.0,-95.0,6922.932000000001,38.0
4878.0,-324.0,6923.232,38.0
4782.0,-524.0,6923.392000000001,38.0
4693.0,-708.0,6923.732,38.0
4552.0,-1000.0,6924.012000000001,38.0
4470.0,-1169.0,6924.332,38.0
4318.0,-1477.0,6924.6320000000005,38.0
4250.0,-1616.0,6924.9130000000005,38.0
4173.0,-1769.0,6925.113,38.0
4104.0,-1907.0,6925.293000000001,38.0
3964.0,-2182.0,6925.653,38.0
3824.0,-2453.0,6925.8730000000005,38.0
3771.0,-2555.0,6926.153,38.0
3512.0,-3032.0,6926.793000000001,38.0
3351.0,-3304.0,6927.1720000000005,38.0
3265.0,-3437.0,6927.372,38.0
3195.0,-3535.0,6927.532,38.0
3079.0,-3680.0,6927.792,38.0
2924.0,-3839.0,6927.992,38.0
2868.0,-3886.0,6928.252,38.0
2630.0,-4028.0,6928.572,38.0
2518.0,-4072.0,6928.912,38.0
2431.0,-4096.0,6929.072,38.0
2244.0,-4117.0,6929.412,38.0
2167.0,-4113.0,6929.552000000001,38.0
1973.0,-4075.0,6929.772000000001,38.0
1860.0,-4033.0,6930.1320000000005,38.0
1741.0,-3971.0,6930.372,38.0
1656.0,-3914.0,6930.552000000001,38.0
1559.0,-3832.0,6930.772000000001,38.0
1438.0,-3705.0,6931.072,38.0
1360.0,-3603.0,6931.292,38.0
1274.0,-3470.0,6931.513000000001,38.0
1149.0,-3240.0,6931.933,38.0
1090.0,-3129.0,6932.173000000001,38.0
1015.0,-2996.0,6932.4130000000005,38.0
955.0,-2898.0,6932.593000000001,38.0
876.0,-2780.0,6932.813,38.0
762.0,-2621.0,6933.113,38.0
675.0,-2504.0,6933.3330000000005,38.0
636.0,-2451.0,6933.433,38.0
533.0,-2312.0,6933.692,38.0
462.0,-2215.0,6933.872,38.0
377.0,-2103.0,6934.092000000001,38.0
311.0,-2017.0,6934.252,38.0
142.0,-1806.0,6934.592000000001,38.0
54.0,-1703.0,6934.852000000001,38.0
-50.0,-1582.0,6935.092000000001,38.0
-178.0,-1439.0,6935.292,38.0
-280.0,-1324.0,6935.532,38.0
-350.0,-1245.0,6935.712,38.0
-479.0,-1106.0,6936.012000000001,38.0
-554.0,-1039.0,6936.332,38.0
-656.0,-972.0,6936.652,38.0
-714.0,-945.0,6936.832,38.0
-809.0,-918.0,6937.072,38.0
-899.0,-912.0,6937.412,38.0
-935.0,-913.0,6937.532,38.0
-1009.0,-926.0,6937.792,38.0
-1073.0,-952.0,6938.033,38.0
-1125.0,-984.0,6938.253000000001,38.0
-1196.0,-1037.0,6938.493,38.0
-1422.0,-1166.0,6939.3730000000005,38.0
-1477.0,-1172.0,6939.553000000001,38.0
-1532.0,-1169.0,6939.733,38.0
-1625.0,-1148.0,6940.033,38.0
-1690.0,-1125.0,6940.252,38.0
-1740.0,-1103.0,6940.432000000001,38.0
-1789.0,-1077.0,6940.612,38.0
-1888.0,-1005.0,6940.912,38.0
-1983.0,-903.0,6941.292,38.0
-2083.0,-777.0,6941.732,38.0
-2134.0,-704.0,6941.932000000001,38.0
-2177.0,-626.0,6942.092000000001,38.0
-2229.0,-507.0,6942.332,38.0
-2278.0,-348.0,6942.552000000001,38.0
-2308.0,-150.0,6942.952,38.0
-2312.0,62.0,6943.372,38.0
-2297.0,197.0,6943.592000000001,38.0
-2270.0,334.0,6943.812000000001,38.0
-2191.0,550.0,6943.972000000001,38.0
-2088.0,743.0,6944.412,38.0
-2033.0,826.0,6944.572,38.0
-1956.0,936.0,6944.773,38.0
-1872.0,1052.0,6944.973000000001,38.0
-1795.0,1158.0,6945.153,38.0
-1730.0,1245.0,6945.313,39.0
-1551.0,1473.0,6945.593,39.0
-1363.0,1713.0,6945.9529999999995,39.0
-1233.0,1889.0,6946.373,39.0
-1131.0,2030.0,6946.593,39.0
-980.0,2238.0,6946.812,39.0
-875.0,2382.0,6947.132,39.0
-769.0,2527.0,6947.352,39.0
-664.0,2673.0,6947.572,39.0
-476.0,2947.0,6947.872,39.0
-411.0,3044.0,6948.112,39.0
-309.0,3198.0,6948.331999999999,39.0
-110.0,3490.0,6948.692,39.0
-12.0,3625.0,6948.952,39.0
84.0,3753.0,6949.152,39.0
199.0,3896.0,6949.392,39.0
305.0,4018.0,6949.612,39.0
388.0,4105.0,6949.772,39.0
618.0,4297.0,6950.072,39.0
871.0,4427.0,6950.492,39.0
1151.0,4498.0,6950.972,39.0
1242.0,4509.0,6951.273,39.0
1336.0,4516.0,6951.4529999999995,39.0
1548.0,4518.0,6951.793,39.0
1684.0,4511.0,6952.113,39.0
1780.0,4503.0,6952.313,39.0
1873.0,4491.0,6952.513,39.0
2008.0,4472.0,6952.813,39.0
2121.0,4458.0,6953.032999999999,39.0
2231.0,4448.0,6953.333,39.0
2330.0,4442.0,6953.572,39.0
2469.0,4440.0,6953.831999999999,39.0
2582.0,4443.0,6954.192,39.0
2644.0,4447.0,6954.352,39.0
2729.0,4457.0,6954.572,39.0
3023.0,4529.0,6955.452,39.0
3067.0,4545.0,6955.572,39.0
3182.0,4593.0,6955.892,39.0
3239.0,4622.0,6956.052,39.0
3359.0,4690.0,6956.2519999999995,39.0
3462.0,4760.0,6956.692,39.0
3522.0,4805.0,6956.872,39.0
3576.0,4848.0,6957.032,39.0
3693.0,4951.0,6957.2519999999995,39.0
3744.0,5000.0,6957.552,39.0
3839.0,5095.0,6957.853,39.0
3941.0,5198.0,6958.093,39.0
4013.0,5268.0,6958.393,39.0
4091.0,5343.0,6958.633,39.0
4156.0,5404.0,6958.833,39.0
4288.0,5525.0,6959.113,39.0
4343.0,5573.0,6959.433,39.0
4404.0,5625.0,6959.633,39.0
4537.0,5735.0,6959.973,39.0
4607.0,5790.0,6960.272,39.0
4687.0,5842.0,6960.552,39.0
4738.0,5867.0,6960.732,39.0
4784.0,5883.0,6960.892,39.0
4861.0,5897.0,6961.152,39.0
4914.0,5900.0,6961.331999999999,39.0
4982.0,5895.0,6961.572,39.0
5067.0,5876.0,6961.7519999999995,39.0
5139.0,5842.0,6962.192,39.0
5187.0,5809.0,6962.412,39.0
5251.0,5750.0,6962.632,39.0
5288.0,5700.0,6962.992,39.0
5309.0,5664.0,6963.152,39.0
5339.0,5590.0,6963.452,39.0
5366.0,5493.0,6963.672,39.0
5381.0,5396.0,6964.052,39.0
5387.0,5336.0,6964.353,39.0
5394.0,5251.0,6964.633,39.0
5406.0,5162.0,6964.833,39.0
5425.0,5075.0,6965.253,39.0
5449.0,5011.0,6965.513,39.0
5466.0,4974.0,6965.673,39.0
5517.0,4895.0,6965.933,39.0
5550.0,4857.0,6966.273,39.0
5585.0,4823.0,6966.4929999999995,39.0
5618.0,4795.0,6966.692,39.0
5666.0,4764.0,6966.952,39.0
5715.0,4741.0,6967.2519999999995,39.0
5769.0,4731.0,6967.552,39.0
5780.0,4731.0,6967.612,39.0
5819.0,4737.0,6967.831999999999,39.0
5894.0,4775.0,6968.172,39.0
5914.0,4790.0,6968.432,39.0
5972.0,4844.0,6968.7919999999995,39.0
5997.0,4871.0,6969.072,39.0
6035.0,4918.0,6969.392,39.0
6055.0,4947.0,6969.572,39.0
6069.0,4967.0,6969.692,39.0
6104.0,5023.0,6970.012,39.0
6125.0,5062.0,6970.2119999999995,39.0
6157.0,5129.0,6970.412,39.0
6178.0,5179.0,6970.7519999999995,39.0
6196.0,5227.0,6970.9529999999995,39.0
6220.0,5295.0,6971.213,39.0
6233.0,5338.0,6971.373,39.0
6251.0,5401.0,6971.593,39.0
6270.0,5473.0,6971.833,39.0
6282.0,5523.0,6971.9929999999995,39.0
6295.0,5582.0,6972.173,39.0
6306.0,5643.0,6972.353,39.0
6327.0,5778.0,6972.532999999999,39.0
6331.0,5938.0,6972.893,39.0
6329.0,6006.0,6973.153,39.0
6323.0,6076.0,6973.331999999999,39.0
6307.0,6194.0,6973.632,39.0
6292.0,6272.0,6973.831999999999,39.0
6274.0,6343.0,6974.012,39.0
6235.0,6459.0,6974.312,39.0
6200.0,6544.0,6974.532,39.0
6166.0,6613.0,6974.7119999999995,39.0
6084.0,6756.0,6974.952,39.0
6060.0,6792.0,6975.192,39.0
5998.0,6878.0,6975.432,39.0
5900.0,6996.0,6975.772,39.0
5843.0,7055.0,6975.952,39.0
5747.0,7144.0,6976.132,39.0
5667.0,7212.0,6976.452,39.0
5584.0,7280.0,6976.672,39.0
5428.0,7401.0,6976.992,39.0
5331.0,7475.0,6977.312,39.0
5234.0,7551.0,6977.553,39.0
5113.0,7650.0,6977.853,39.0
5048.0,7704.0,6978.013,39.0
4975.0,7764.0,6978.193,39.0
4878.0,7846.0,6978.4529999999995,39.0
4795.0,7918.0,6978.653,39.0
4744.0,7961.0,6978.773,39.0
4677.0,8019.0,6978.933,39.0
4531.0,8144.0,6979.273,39.0
4453.0,8211.0,6979.4529999999995,39.0
4330.0,8316.0,6979.713,39.0
4215.0,8414.0,6979.992,39.0
4036.0,8568.0,6980.2519999999995,39.0
3919.0,8669.0,6980.652,39.0
3801.0,8771.0,6980.912,39.0
3729.0,8835.0,6981.072,39.0
3629.0,8923.0,6981.2919999999995,39.0
3152.0,9342.0,6982.331999999999,39.0
3078.0,9407.0,6982.492,39.0
2957.0,9513.0,6982.7519999999995,39.0
2760.0,9683.0,6983.092,39.0
2685.0,9749.0,6983.331999999999,39.0
2600.0,9823.0,6983.512,39.0
2487.0,9921.0,6983.7519999999995,39.0
2372.0,10023.0,6983.992,39.0
2225.0,10154.0,6984.293,39.0
2142.0,10228.0,6984.473,39.0
2014.0,10343.0,6984.713,39.0
1917.0,10430.0,6985.013,39.0
1822.0,10513.0,6985.233,39.0
1674.0,10634.0,6985.572999999999,39.0
1560.0,10721.0,6985.673,39.0
1431.0,10801.0,6986.113,39.0
1310.0,10862.0,6986.393,39.0
1229.0,10893.0,6986.572,39.0
1142.0,10921.0,6986.772,39.0
1049.0,10940.0,6986.992,39.0
929.0,10948.0,6987.192,39.0
853.0,10948.0,6987.452,39.0
680.0,10929.0,6987.772,39.0
603.0,10903.0,6988.132,39.0
507.0,10857.0,6988.432,39.0
446.0,10816.0,6988.652,39.0
431.0,10803.0,6988.7119999999995,39.0
361.0,10726.0,6989.032,39.0
327.0,10676.0,6989.2119999999995,39.0
297.0,10625.0,6989.392,39.0
248.0,10525.0,6989.7119999999995,39.0
214.0,10420.0,6990.072,39.0
198.0,10305.0,6990.272,39.0
193.0,10235.0,6990.612,39.0
188.0,10154.0,6990.853,39.0
183.0,10063.0,6991.093,39.0
176.0,9964.0,6991.333,39.0
148.0,9823.0,6991.753,39.0
134.0,9784.0,6992.053,39.0
104.0,9721.0,6992.293,39.0
82.0,9683.0,6992.4529999999995,39.0
50.0,9640.0,6992.653,39.0
-2.0,9584.0,6992.9529999999995,39.0
-43.0,9549.0,6993.172,39.0
-90.0,9516.0,6993.412,39.0
-123.0,9497.0,6993.572,39.0
-139.0,9488.0,6993.652,39.0
-180.0,9470.0,6993.852,39.0
-231.0,9454.0,6994.092,39.0
-335.0,9443.0,6994.432,39.0
-366.0,9445.0,6994.7119999999995,39.0
-425.0,9458.0,6994.992,39.0
-497.0,9491.0,6995.232,39.0
-524.0,9508.0,6995.492,39.0
-593.0,9565.0,6995.7919999999995,39.0
-656.0,9641.0,6996.272,39.0
-696.0,9709.0,6996.632,39.0
-711.0,9741.0,6996.772,39.0
-731.0,9792.0,6996.992,39.0
-760.0,9895.0,6997.293,39.0
-767.0,9934.0,6997.572999999999,39.0
-774.0,10038.0,6997.893,39.0
-771.0,10144.0,6998.353,39.0
-767.0,10187.0,6998.613,39.0
-753.0,10288.0,6998.9529999999995,39.0
-741.0,10346.0,6999.313,39.0
-725.0,10410.0,6999.513,39.0
-692.0,10518.0,6999.812,39.0
-650.0,10631.0,7000.232,39.0
-622.0,10699.0,7000.572,39.0
-612.0,10721.0,7000.652,39.0
-587.0,10777.0,7000.852,39.0
-532.0,10891.0,7001.232,39.0
-502.0,10948.0,7001.412,39.0
-464.0,11021.0,7001.632,39.0
-408.0,11126.0,7001.812,39.0
-362.0,11206.0,7002.152,39.0
-312.0,11289.0,7002.372,39.0
-241.0,11398.0,7002.652,39.0
-207.0,11445.0,7002.772,39.0
-155.0,11517.0,7002.952,39.0
-26.0,11679.0,7003.2119999999995,39.0
46.0,11760.0,7003.552,39.0
123.0,11842.0,7003.7519999999995,39.0
197.0,11914.0,7003.933,39.0
401.0,12100.0,7004.273,39.0
548.0,12215.0,7004.693,39.0
738.0,12344.0,7004.933,39.0
959.0,12460.0,7005.293,39.0
1194.0,12558.0,7005.713,39.0
1503.0,12657.0,7006.173,39.0
1712.0,12708.0,7006.572,39.0
1944.0,12752.0,7006.972,39.0
2161.0,12783.0,7007.192,39.0
2287.0,12798.0,7007.472,39.0
2484.0,12820.0,7007.7919999999995,39.0
2568.0,12829.0,7007.932,39.0
2688.0,12841.0,7008.132,39.0
3141.0,12887.0,7008.912,39.0
3253.0,12899.0,7009.112,39.0
3352.0,12910.0,7009.2919999999995,39.0
3492.0,12925.0,7009.552,39.0
3587.0,12936.0,7009.732,39.0
3744.0,12953.0,7010.032,39.0
3838.0,12964.0,7010.2119999999995,39.0
4002.0,12983.0,7010.433,39.0
4133.0,12999.0,7010.793,39.0
4252.0,13014.0,7011.032999999999,39.0
4340.0,13026.0,7011.213,39.0
4447.0,13040.0,7011.433,39.0
4534.0,13052.0,7011.613,39.0
4562.0,13056.0,7011.673,39.0
4676.0,13070.0,7011.913,39.0
4834.0,13088.0,7012.253,39.0
4917.0,13097.0,7012.433,39.0
5008.0,13105.0,7012.633,39.0
5081.0,13110.0,7012.793,39.0
5188.0,13114.0,7013.032,39.0
5275.0,13113.0,7013.272,39.0
5350.0,13106.0,7013.452,39.0
5465.0,13089.0,7013.732,39.0
5536.0,13074.0,7013.912,39.0
5620.0,13052.0,7014.132,39.0
5679.0,13034.0,7014.2919999999995,39.0
5799.0,12986.0,7014.572,39.0
5872.0,12949.0,7014.852,39.0
6006.0,12868.0,7015.152,39.0
6059.0,12830.0,7015.452,39.0
6123.0,12780.0,7015.672,39.0
6173.0,12738.0,7015.852,39.0
6260.0,12652.0,7016.192,39.0
6303.0,12603.0,7016.372,39.0
6355.0,12533.0,7016.612,39.0
6391.0,12477.0,7016.7919999999995,39.0
6414.0,12439.0,7016.912,39.0
6485.0,12306.0,7017.253,39.0
6538.0,12187.0,7017.653,39.0
6550.0,12158.0,7017.733,39.0
6610.0,11995.0,7018.032999999999,39.0
6651.0,11863.0,7018.4529999999995,39.0
6675.0,11783.0,7018.713,39.0
6704.0,11676.0,7018.973,39.0
6729.0,11575.0,7019.213,39.0
6762.0,11437.0,7019.393,39.0
6792.0,11303.0,7019.831999999999,39.0
6829.0,11120.0,7020.132,39.0
6859.0,10953.0,7020.472,39.0
6877.0,10838.0,7020.7119999999995,39.0
6895.0,10709.0,7020.852,39.0
6924.0,10477.0,7021.312,39.0
6942.0,10301.0,7021.732,39.0
6947.0,10245.0,7021.831999999999,39.0
6959.0,10097.0,7022.092,39.0
6965.0,10006.0,7022.2519999999995,39.0
6976.0,9762.0,7022.512,39.0
6982.0,9487.0,7022.972,39.0
6986.0,9354.0,7023.272,39.0
6998.0,9064.0,7023.532,39.0
7021.0,8805.0,7024.032999999999,39.0
7057.0,8579.0,7024.233,39.0
7074.0,8494.0,7024.473,39.0
7120.0,8295.0,7024.753,39.0
7159.0,8153.0,7024.9529999999995,39.0
7197.0,8026.0,7025.133,39.0
7265.0,7828.0,7025.413,39.0
7365.0,7576.0,7025.693,39.0
7420.0,7436.0,7025.973,39.0
7469.0,7299.0,7026.173,39.0
7518.0,7109.0,7026.492,39.0
7535.0,6990.0,7026.672,39.0
7538.0,6887.0,7026.831999999999,39.0
7517.0,6672.0,7027.032,39.0
7489.0,6525.0,7027.372,39.0
7456.0,6380.0,7027.592,39.0
7385.0,6099.0,7027.892,39.0
7344.0,5899.0,7028.312,39.0
7325.0,5756.0,7028.532,39.0
7317.0,5630.0,7028.732,39.0
7321.0,5508.0,7028.932,39.0
7349.0,5355.0,7029.172,39.0
7415.0,5173.0,7029.512,39.0
7488.0,5031.0,7029.772,39.0
7501.0,5010.0,7029.812,39.0
7616.0,4818.0,7030.173,39.0
7657.0,4745.0,7030.353,39.0
7698.0,4666.0,7030.513,39.0
7751.0,4533.0,7030.773,39.0
7760.0,4502.0,7030.833,39.0
7786.0,4365.0,7031.093,39.0
7779.0,4172.0,7031.393,39.0
7746.0,4033.0,7031.713,39.0
7705.0,3922.0,7031.933,39.0
7668.0,3845.0,7032.093,39.0
7614.0,3752.0,7032.293,39.0
7498.0,3603.0,7032.633,39.0
7431.0,3541.0,7032.793,39.0
7325.0,3463.0,7033.012,39.0
7140.0,3359.0,7033.232,39.0
7004.0,3288.0,7033.592,39.0
6869.0,3200.0,7033.852,39.0
6775.0,3121.0,7034.052,39.0
6677.0,3026.0,7034.272,39.0
6610.0,2956.0,7034.432,39.0
6478.0,2805.0,7034.692,39.0
6409.0,2716.0,7034.952,39.0
6305.0,2565.0,7035.2519999999995,39.0
6246.0,2469.0,7035.472,39.0
6178.0,2348.0,7035.692,39.0
6118.0,2236.0,7036.072,39.0
6070.0,2144.0,7036.2919999999995,39.0
5986.0,1975.0,7036.552,39.0
5939.0,1880.0,7036.873,39.0
5877.0,1752.0,7037.133,39.0
5822.0,1639.0,7037.353,39.0
5755.0,1500.0,7037.553,39.0
5665.0,1313.0,7037.9529999999995,39.0
5644.0,1267.0,7038.032999999999,39.0
5578.0,1129.0,7038.273,39.0
5455.0,872.0,7038.613,39.0
5355.0,663.0,7039.013,39.0
5270.0,487.0,7039.313,39.0
5184.0,308.0,7039.592,39.0
5134.0,205.0,7039.7519999999995,39.0
5090.0,115.0,7039.892,39.0
5033.0,-2.0,7040.072,39.0
4888.0,-304.0,7040.392,39.0
4831.0,-423.0,7040.7119999999995,39.0
4754.0,-582.0,7040.952,39.0
4683.0,-729.0,7041.172,39.0
4618.0,-862.0,7041.392,39.0
4560.0,-983.0,7041.572,39.0
4494.0,-1119.0,7041.772,39.0
4421.0,-1268.0,7041.992,39.0
4368.0,-1378.0,7042.152,39.0
4280.0,-1555.0,7042.412,39.0
4198.0,-1720.0,7042.652,39.0
4081.0,-1954.0,7042.872,39.0
3906.0,-2295.0,7043.313,39.0
3818.0,-2464.0,7043.693,39.0
3722.0,-2648.0,7043.9529999999995,39.0
3610.0,-2855.0,7044.113,39.0
3487.0,-3075.0,7044.573,39.0
3342.0,-3319.0,7044.813,39.0
3164.0,-3577.0,7045.193,39.0
3077.0,-3682.0,7045.513,39.0
2959.0,-3808.0,7045.753,39.0
2867.0,-3886.0,7045.933,39.0
2780.0,-3947.0,7046.093,39.0
2501.0,-4077.0,7046.452,39.0
2359.0,-4109.0,7046.831999999999,39.0
2217.0,-4117.0,7047.072,39.0
2193.0,-4115.0,7047.112,39.0
2003.0,-4084.0,7047.432,39.0
1867.0,-4037.0,7047.672,39.0
1770.0,-3988.0,7047.852,39.0
1677.0,-3929.0,7048.032,39.0
1491.0,-3765.0,7048.2919999999995,39.0
1426.0,-3690.0,7048.592,39.0
1357.0,-3601.0,7048.772,39.0
1281.0,-3483.0,7048.992,39.0
1218.0,-3371.0,7049.192,39.0
1164.0,-3269.0,7049.372,39.0
1091.0,-3132.0,7049.612,39.0
995.0,-2962.0,7049.913,39.0
932.0,-2863.0,7050.093,39.0
842.0,-2732.0,7050.333,39.0
716.0,-2559.0,7050.553,39.0
635.0,-2450.0,7050.853,39.0
473.0,-2231.0,7051.133,39.0
381.0,-2108.0,7051.473,39.0
280.0,-1977.0,7051.713,39.0
141.0,-1805.0,7052.032999999999,39.0
115.0,-1773.0,7052.093,39.0
-39.0,-1595.0,7052.433,39.0
-190.0,-1425.0,7052.613,39.0
-283.0,-1321.0,7052.892,39.0
-436.0,-1150.0,7053.232,39.0
-526.0,-1062.0,7053.572,39.0
-616.0,-996.0,7053.852,39.0
-661.0,-969.0,7053.992,39.0
-713.0,-945.0,7054.152,39.0
-782.0,-923.0,7054.372,39.0
-909.0,-912.0,7054.692,39.0
-1001.0,-924.0,7055.072,39.0
-1205.0,-1044.0,7055.892,39.0
-1255.0,-1083.0,7056.092,39.0
-1303.0,-1116.0,7056.272,39.0
-1373.0,-1151.0,7056.513,39.0
-1479.0,-1173.0,7056.753,39.0
-1550.0,-1167.0,7057.073,39.0
-1696.0,-1123.0,7057.413,39.0
-1791.0,-1076.0,7057.813,39.0
-1870.0,-1020.0,7058.233,39.0
-1929.0,-965.0,7058.4529999999995,39.0
-1991.0,-893.0,7058.653,39.0
-2090.0,-768.0,7059.073,39.0
-2125.0,-717.0,7059.213,39.0
-2176.0,-629.0,7059.432,39.0
-2225.0,-516.0,7059.672,39.0
-2262.0,-408.0,7059.892,39.0
-2287.0,-304.0,7060.092,39.0
-2293.0,-272.0,7060.152,39.0
-2313.0,-89.0,7060.472,39.0
-2314.0,17.0,7060.652,39.0
-2300.0,177.0,7060.912,39.0
-2278.0,301.0,7061.112,39.0
-2254.0,388.0,7061.2519999999995,39.0
-2138.0,656.0,7061.512,39.0
-2039.0,819.0,7061.912,39.0
-2019.0,847.0,7062.012,39.0
-1905.0,1007.0,7062.2919999999995,39.0
-1761.0,1203.0,7062.572,39.0
-1600.0,1412.0,7062.972,40.0
-1507.0,1529.0,7063.173,40.0
-1366.0,1708.0,7063.373,40.0
-1173.0,1972.0,7063.813,40.0
-1089.0,2088.0,7064.073,40.0
-986.0,2230.0,7064.293,40.0
-872.0,2386.0,7064.533,40.0
-738.0,2571.0,7064.813,40.0
-661.0,2677.0,7064.973,40.0
-605.0,2758.0,7065.093,40.0
-381.0,3088.0,7065.433,40.0
-289.0,3227.0,7065.773,40.0
-149.0,3435.0,7066.072,40.0
-120.0,3476.0,7066.132,40.0
-13.0,3624.0,7066.352,40.0
199.0,3895.0,7066.632,40.0
356.0,4072.0,7067.052,40.0
407.0,4124.0,7067.132,40.0
710.0,4354.0,7067.472,40.0
992.0,4467.0,7067.872,40.0
1162.0,4501.0,7068.2119999999995,40.0
1461.0,4520.0,7068.492,40.0
1616.0,4516.0,7068.792,40.0
1801.0,4501.0,7069.032,40.0
1954.0,4481.0,7069.232,40.0
2106.0,4460.0,7069.432,40.0
2242.0,4446.0,7069.613,40.0
2387.0,4439.0,7069.813,40.0
2593.0,4442.0,7070.073,40.0
2863.0,4481.0,7070.393,40.0
3170.0,4585.0,7070.773,40.0
3291.0,4647.0,7071.053,40.0
3505.0,4789.0,7071.393,40.0
3711.0,4966.0,7071.613,40.0
3776.0,5030.0,7071.873,40.0
3923.0,5179.0,7072.153,40.0
4017.0,5271.0,7072.333,40.0
4130.0,5380.0,7072.553,40.0
4331.0,5563.0,7072.832,40.0
4495.0,5701.0,7073.232,40.0
4577.0,5767.0,7073.592,40.0
4641.0,5814.0,7073.772,40.0
4717.0,5858.0,7073.992,40.0
4852.0,5898.0,7074.252,40.0
4945.0,5900.0,7074.632,40.0
5000.0,5894.0,7074.792,40.0
5064.0,5878.0,7074.992,40.0
5134.0,5846.0,7075.232,40.0
5213.0,5789.0,7075.452,40.0
5276.0,5719.0,7075.872,40.0
5309.0,5665.0,7076.092,40.0
5332.0,5611.0,7076.293,40.0
5349.0,5560.0,7076.473,40.0
5368.0,5482.0,7076.733,40.0
5378.0,5426.0,7076.913,40.0
5388.0,5326.0,7077.213,40.0
5389.0,5312.0,7077.253,40.0
5397.0,5229.0,7077.473,40.0
5413.0,5122.0,7077.753,40.0
5439.0,5034.0,7078.013,40.0
5460.0,4985.0,7078.173,40.0
5475.0,4957.0,7078.273,40.0
5534.0,4873.0,7078.613,40.0
5570.0,4835.0,7078.793,40.0
5652.0,4771.0,7079.073,40.0
5673.0,4759.0,7079.292,40.0
5769.0,4730.0,7079.592,40.0
5857.0,4751.0,7080.032,40.0
5888.0,4770.0,7080.312,40.0
5928.0,4801.0,7080.532,40.0
5970.0,4840.0,7080.772,40.0
5999.0,4872.0,7080.952,40.0
6043.0,4928.0,7081.232,40.0
6112.0,5036.0,7081.552,40.0
6129.0,5068.0,7081.812,40.0
6170.0,5157.0,7082.112,40.0
6190.0,5208.0,7082.272,40.0
6236.0,5347.0,7082.532,40.0
6266.0,5454.0,7082.913,40.0
6321.0,6104.0,7083.973,40.0
6294.0,6267.0,7084.353,40.0
6255.0,6410.0,7084.593,40.0
6219.0,6504.0,7084.753,40.0
6157.0,6634.0,7084.973,40.0
6098.0,6737.0,7085.153,40.0
6022.0,6849.0,7085.353,40.0
5946.0,6945.0,7085.533,40.0
5853.0,7047.0,7085.733,40.0
5771.0,7124.0,7085.892,40.0
5662.0,7218.0,7086.092,40.0
5515.0,7335.0,7086.352,40.0
5338.0,7469.0,7086.652,40.0
5197.0,7581.0,7086.852,40.0
5033.0,7716.0,7087.172,40.0
4886.0,7839.0,7087.432,40.0
4720.0,7981.0,7087.612,40.0
4577.0,8105.0,7087.952,40.0
4444.0,8218.0,7088.172,40.0
4323.0,8322.0,7088.372,40.0
4213.0,8417.0,7088.552,40.0
3942.0,8649.0,7088.892,40.0
3744.0,8822.0,7089.312,40.0
3695.0,8865.0,7089.393,40.0
3546.0,8996.0,7089.633,40.0
3286.0,9224.0,7089.933,40.0
3001.0,9474.0,7090.373,40.0
2876.0,9583.0,7090.713,40.0
2751.0,9691.0,7090.913,40.0
2651.0,9778.0,7091.073,40.0
2502.0,9908.0,7091.313,40.0
2258.0,10125.0,7091.553,40.0
2134.0,10235.0,7091.873,40.0
1950.0,10401.0,7092.173,40.0
1715.0,10602.0,7092.433,40.0
1496.0,10763.0,7092.792,40.0
1324.0,10857.0,7093.232,40.0
1293.0,10870.0,7093.292,40.0
1126.0,10926.0,7093.592,40.0
1033.0,10944.0,7093.772,40.0
949.0,10949.0,7093.932,40.0
823.0,10948.0,7094.172,40.0
749.0,10943.0,7094.332,40.0
560.0,10886.0,7094.692,40.0
462.0,10829.0,7095.032,40.0
372.0,10744.0,7095.332,40.0
313.0,10657.0,7095.512,40.0
241.0,10510.0,7095.9529999999995,40.0
204.0,10368.0,7096.173,40.0
195.0,10285.0,7096.473,40.0
189.0,10180.0,7096.693,40.0
181.0,10026.0,7096.913,40.0
172.0,9933.0,7097.213,40.0
156.0,9847.0,7097.413,40.0
87.0,9689.0,7097.773,40.0
53.0,9642.0,7098.073,40.0
6.0,9590.0,7098.273,40.0
-51.0,9541.0,7098.493,40.0
-112.0,9502.0,7098.713,40.0
-168.0,9474.0,7098.913,40.0
-215.0,9457.0,7099.073,40.0
-285.0,9443.0,7099.312,40.0
-354.0,9442.0,7099.552,40.0
-419.0,9455.0,7099.792,40.0
-477.0,9478.0,7100.012,40.0
-532.0,9512.0,7100.232,40.0
-556.0,9530.0,7100.332,40.0
-601.0,9571.0,7100.532,40.0
-638.0,9614.0,7100.7119999999995,40.0
-706.0,9728.0,7101.072,40.0
-738.0,9807.0,7101.352,40.0
-767.0,9931.0,7101.692,40.0
-776.0,10044.0,7101.852,40.0
-770.0,10173.0,7102.272,40.0
-744.0,10338.0,7102.493,40.0
-710.0,10467.0,7102.793,40.0
-681.0,10555.0,7102.973,40.0
-606.0,10737.0,7103.333,40.0
-592.0,10768.0,7103.393,40.0
-515.0,10925.0,7103.693,40.0
-441.0,11065.0,7103.9529999999995,40.0
-354.0,11221.0,7104.133,40.0
-217.0,11433.0,7104.553,40.0
-21.0,11686.0,7104.993,40.0
85.0,11803.0,7105.293,40.0
177.0,11896.0,7105.473,40.0
407.0,12106.0,7105.792,40.0
626.0,12271.0,7106.232,40.0
754.0,12355.0,7106.452,40.0
1005.0,12482.0,7106.812,40.0
1256.0,12581.0,7107.032,40.0
1440.0,12639.0,7107.392,40.0
1675.0,12700.0,7107.612,40.0
1898.0,12744.0,7107.972,40.0
2090.0,12774.0,7108.152,40.0
2418.0,12813.0,7108.432,40.0
2648.0,12837.0,7108.832,40.0
2896.0,12862.0,7108.992,40.0
3112.0,12884.0,7109.393,40.0
3311.0,12905.0,7109.633,40.0
3627.0,12940.0,7109.913,40.0
3760.0,12955.0,7110.173,40.0
4110.0,12996.0,7110.513,40.0
4443.0,13040.0,7110.913,40.0
4592.0,13060.0,7111.173,40.0
4923.0,13097.0,7111.473,40.0
5297.0,13113.0,7111.913,40.0
5468.0,13091.0,7112.253,40.0
5621.0,13054.0,7112.452,40.0
5834.0,12972.0,7112.752,40.0
6028.0,12856.0,7112.912,40.0
6135.0,12773.0,7113.232,40.0
6234.0,12682.0,7113.412,40.0
6373.0,12511.0,7113.7119999999995,40.0
6523.0,12228.0,7114.012,40.0
6589.0,12059.0,7114.372,40.0
6651.0,11870.0,7114.552,40.0
6696.0,11707.0,7114.852,40.0
6769.0,11409.0,7115.232,40.0
6821.0,11165.0,7115.572,40.0
6855.0,10978.0,7115.793,40.0
6879.0,10822.0,7115.993,40.0
6901.0,10666.0,7116.193,40.0
6911.0,10588.0,7116.293,40.0
6934.0,10382.0,7116.553,40.0
6964.0,10016.0,7116.873,40.0
6971.0,9888.0,7117.173,40.0
6978.0,9695.0,7117.413,40.0
6981.0,9566.0,7117.573,40.0
6986.0,9356.0,7117.833,40.0
6990.0,9228.0,7117.993,40.0
6999.0,9046.0,7118.233,40.0
7026.0,8766.0,7118.493,40.0
7046.0,8640.0,7118.753,40.0
7090.0,8421.0,7119.032,40.0
7148.0,8190.0,7119.332,40.0
7227.0,7933.0,7119.552,40.0
7259.0,7844.0,7119.792,40.0
7321.0,7682.0,7120.012,40.0
7421.0,7433.0,7120.352,40.0
7468.0,7301.0,7120.532,40.0
7506.0,7169.0,7120.7119999999995,40.0
7533.0,7015.0,7120.952,40.0
7538.0,6868.0,7121.152,40.0
7528.0,6745.0,7121.312,40.0
7495.0,6548.0,7121.572,40.0
7468.0,6429.0,7121.732,40.0
7439.0,6311.0,7121.892,40.0
7405.0,6179.0,7122.072,40.0
7367.0,6016.0,7122.293,40.0
7321.0,5713.0,7122.593,40.0
7316.0,5588.0,7122.893,40.0
7343.0,5375.0,7123.213,40.0
7388.0,5233.0,7123.433,40.0
7477.0,5051.0,7123.593,40.0
7545.0,4935.0,7123.933,40.0
7606.0,4835.0,7124.113,40.0
7695.0,4672.0,7124.4529999999995,40.0
7705.0,4651.0,7124.493,40.0
7758.0,4510.0,7124.753,40.0
7779.0,4421.0,7124.913,40.0
7790.0,4285.0,7125.153,40.0
7783.0,4194.0,7125.313,40.0
7751.0,4049.0,7125.573,40.0
7717.0,3952.0,7125.752,40.0
7613.0,3750.0,7126.012,40.0
7440.0,3548.0,7126.532,40.0
7214.0,3398.0,7126.932,40.0
7135.0,3356.0,7127.192,40.0
6986.0,3277.0,7127.452,40.0
6805.0,3149.0,7127.692,40.0
6656.0,3004.0,7128.092,40.0
6551.0,2891.0,7128.312,40.0
6505.0,2838.0,7128.412,40.0
6371.0,2664.0,7128.672,40.0
6231.0,2445.0,7128.993,40.0
6155.0,2307.0,7129.253,40.0
6078.0,2161.0,7129.473,40.0
5970.0,1943.0,7129.793,40.0
5875.0,1748.0,7129.9529999999995,40.0
5814.0,1622.0,7130.253,40.0
5711.0,1408.0,7130.553,40.0
5615.0,1206.0,7130.833,40.0
5512.0,991.0,7131.053,40.0
5421.0,799.0,7131.393,40.0
5343.0,637.0,7131.613,40.0
5235.0,415.0,7131.853,40.0
5084.0,103.0,7132.193,40.0
4926.0,-224.0,7132.692,40.0
4840.0,-403.0,7133.012,40.0
4761.0,-567.0,7133.232,40.0
4650.0,-797.0,7133.532,40.0
4614.0,-872.0,7133.632,40.0
4483.0,-1141.0,7133.932,40.0
4315.0,-1484.0,7134.372,40.0
4211.0,-1693.0,7134.732,40.0
4107.0,-1902.0,7134.992,40.0
4031.0,-2051.0,7135.2119999999995,40.0
3910.0,-2287.0,7135.533,40.0
3826.0,-2449.0,7135.753,40.0
3678.0,-2729.0,7136.033,40.0
3591.0,-2890.0,7136.353,40.0
3542.0,-2978.0,7136.473,40.0
3349.0,-3308.0,7136.853,40.0
3278.0,-3418.0,7137.093,40.0
3136.0,-3612.0,7137.393,40.0
3097.0,-3660.0,7137.473,40.0
2859.0,-3893.0,7137.853,40.0
2653.0,-4017.0,7138.213,40.0
2452.0,-4091.0,7138.653,40.0
2271.0,-4117.0,7138.892,40.0
2114.0,-4107.0,7139.2119999999995,40.0
1972.0,-4075.0,7139.452,40.0
1847.0,-4028.0,7139.672,40.0
1688.0,-3937.0,7139.892,40.0
1591.0,-3862.0,7140.172,40.0
1494.0,-3768.0,7140.392,40.0
1382.0,-3635.0,7140.672,40.0
1304.0,-3520.0,7140.892,40.0
1202.0,-3342.0,7141.092,40.0
1094.0,-3136.0,7141.572,40.0
1017.0,-3000.0,7141.7119999999995,40.0
876.0,-2779.0,7142.213,40.0
815.0,-2693.0,7142.373,40.0
725.0,-2571.0,7142.613,40.0
681.0,-2512.0,7142.713,40.0
546.0,-2329.0,7142.973,40.0
367.0,-2089.0,7143.413,40.0
155.0,-1822.0,7143.853,40.0
32.0,-1677.0,7144.233,40.0
-64.0,-1567.0,7144.493,40.0
-209.0,-1404.0,7144.753,40.0
-344.0,-1251.0,7145.033,40.0
-447.0,-1139.0,7145.393,40.0
-516.0,-1071.0,7145.612,40.0
-598.0,-1007.0,7145.872,40.0
-655.0,-973.0,7146.052,40.0
-725.0,-940.0,7146.272,40.0
-782.0,-923.0,7146.452,40.0
-840.0,-914.0,7146.632,40.0
-906.0,-912.0,7146.832,40.0
-965.0,-916.0,7147.032,40.0
-1067.0,-950.0,7147.312,40.0
-1108.0,-972.0,7147.572,40.0
-1176.0,-1022.0,7147.852,40.0
-1225.0,-1060.0,7148.052,40.0
-1272.0,-1096.0,7148.232,40.0
-1327.0,-1130.0,7148.432,40.0
-1442.0,-1170.0,7148.753,40.0
-1540.0,-1169.0,7149.113,40.0
-1626.0,-1148.0,7149.373,40.0
-1683.0,-1128.0,7149.553,40.0
-1738.0,-1105.0,7149.733,40.0
-1843.0,-1042.0,7149.993,40.0
-1903.0,-992.0,7150.313,40.0
-1961.0,-929.0,7150.533,40.0
-2045.0,-825.0,7150.833,40.0
-2148.0,-680.0,7151.233,40.0
-2216.0,-540.0,7151.573,40.0
-2244.0,-464.0,7151.733,40.0
-2286.0,-309.0,7152.033,40.0
-2312.0,-105.0,7152.252,40.0
-2314.0,-34.0,7152.512,40.0
-2299.0,186.0,7152.872,40.0
-2263.0,360.0,7153.032,40.0
-2190.0,553.0,7153.372,40.0
-2072.0,770.0,7153.692,40.0
-1988.0,891.0,7153.972,40.0
-1837.0,1100.0,7154.292,40.0
-1697.0,1288.0,7154.652,41.0
-1558.0,1465.0,7154.912,41.0
-1344.0,1737.0,7155.273,41.0
-1237.0,1884.0,7155.633000000001,41.0
-1058.0,2131.0,7155.893,41.0
-981.0,2236.0,7156.173000000001,41.0
-875.0,2381.0,7156.393,41.0
-681.0,2649.0,7156.733,41.0
-490.0,2925.0,7157.113,41.0
-377.0,3094.0,7157.433,41.0
-236.0,3307.0,7157.733,41.0
-80.0,3531.0,7157.933,41.0
39.0,3695.0,7158.293000000001,41.0
143.0,3827.0,7158.493,41.0
272.0,3981.0,7158.732,41.0
444.0,4159.0,7159.012000000001,41.0
648.0,4318.0,7159.212,41.0
791.0,4396.0,7159.532,41.0
1104.0,4492.0,7159.832,41.0
1281.0,4514.0,7160.152,41.0
1614.0,4517.0,7160.472000000001,41.0
1802.0,4501.0,7160.812000000001,41.0
1926.0,4485.0,7160.972000000001,41.0
2157.0,4454.0,7161.272000000001,41.0
2404.0,4439.0,7161.512000000001,41.0
2575.0,4441.0,7161.813,41.0
2726.0,4455.0,7162.013000000001,41.0
2907.0,4491.0,7162.253000000001,41.0
3208.0,4603.0,7162.553000000001,41.0
3394.0,4711.0,7162.953,41.0
3531.0,4810.0,7163.173000000001,41.0
3671.0,4928.0,7163.3330000000005,41.0
3898.0,5154.0,7163.693,41.0
4025.0,5279.0,7164.073,41.0
4140.0,5389.0,7164.293000000001,41.0
4219.0,5463.0,7164.453,41.0
4629.0,5806.0,7165.452,41.0
4703.0,5851.0,7165.6720000000005,41.0
4743.0,5869.0,7165.792,41.0
4838.0,5895.0,7166.072,41.0
4920.0,5901.0,7166.272000000001,41.0
4986.0,5895.0,7166.512000000001,41.0
5059.0,5879.0,7166.752,41.0
5134.0,5845.0,7167.032,41.0
5217.0,5785.0,7167.272000000001,41.0
5272.0,5724.0,7167.692,41.0
5288.0,5702.0,7167.792,41.0
5324.0,5632.0,7168.072,41.0
5346.0,5571.0,7168.293000000001,41.0
5370.0,5471.0,7168.533,41.0
5381.0,5399.0,7168.8730000000005,41.0
5388.0,5330.0,7169.073,41.0
5405.0,5169.0,7169.3730000000005,41.0
5424.0,5077.0,7169.773,41.0
5432.0,5051.0,7169.853,41.0
5462.0,4980.0,7170.093000000001,41.0
5490.0,4932.0,7170.273,41.0
5532.0,4876.0,7170.513000000001,41.0
5566.0,4839.0,7170.693,41.0
5615.0,4797.0,7170.933,41.0
5661.0,4765.0,7171.153,41.0
5722.0,4738.0,7171.353,41.0
5808.0,4733.0,7171.8330000000005,41.0
5829.0,4739.0,7171.932000000001,41.0
5862.0,4754.0,7172.092000000001,41.0
5932.0,4804.0,7172.432000000001,41.0
5992.0,4864.0,7172.832,41.0
6045.0,4931.0,7173.032,41.0
6069.0,4965.0,7173.332,41.0
6104.0,5022.0,7173.572,41.0
6127.0,5064.0,7173.732,41.0
6154.0,5121.0,7173.932000000001,41.0
6183.0,5190.0,7174.152,41.0
6208.0,5258.0,7174.352000000001,41.0
6234.0,5339.0,7174.572,41.0
6254.0,5411.0,7174.752,41.0
6294.0,5575.0,7175.133000000001,41.0
6308.0,5651.0,7175.293000000001,41.0
6328.0,5785.0,7175.453,41.0
6332.0,5866.0,7175.613,41.0
6329.0,6020.0,7175.893,41.0
6302.0,6226.0,7176.113,41.0
6273.0,6349.0,7176.473,41.0
6220.0,6501.0,7176.753000000001,41.0
6196.0,6556.0,7176.853,41.0
6109.0,6719.0,7177.133000000001,41.0
6052.0,6808.0,7177.293000000001,41.0
5980.0,6905.0,7177.473,41.0
5845.0,7055.0,7177.773,41.0
5693.0,7192.0,7177.993,41.0
5464.0,7374.0,7178.433,41.0
5274.0,7519.0,7178.792,41.0
5203.0,7576.0,7178.912,41.0
4932.0,7801.0,7179.232,41.0
4668.0,8026.0,7179.612,41.0
4559.0,8120.0,7179.912,41.0
4337.0,8310.0,7180.272000000001,41.0
3658.0,8898.0,7181.352000000001,41.0
3416.0,9111.0,7181.613,41.0
3167.0,9328.0,7182.013000000001,41.0
2957.0,9513.0,7182.453,41.0
2816.0,9635.0,7182.673000000001,41.0
2650.0,9779.0,7182.813,41.0
2445.0,9958.0,7183.253000000001,41.0
2237.0,10144.0,7183.493,41.0
2121.0,10247.0,7183.753000000001,41.0
1868.0,10473.0,7184.133000000001,41.0
1696.0,10617.0,7184.453,41.0
1533.0,10740.0,7184.733,41.0
1475.0,10776.0,7184.8330000000005,41.0
1228.0,10895.0,7185.152,41.0
1120.0,10928.0,7185.472000000001,41.0
1026.0,10944.0,7185.652,41.0
878.0,10949.0,7185.932000000001,41.0
769.0,10945.0,7186.152,41.0
656.0,10924.0,7186.412,41.0
571.0,10891.0,7186.612,41.0
507.0,10858.0,7186.772000000001,41.0
412.0,10789.0,7186.912,41.0
343.0,10704.0,7187.312000000001,41.0
286.0,10608.0,7187.572,41.0
257.0,10547.0,7187.732,41.0
229.0,10476.0,7187.912,41.0
206.0,10379.0,7188.153,41.0
197.0,10308.0,7188.313,41.0
185.0,10097.0,7188.653,41.0
178.0,9995.0,7188.993,41.0
148.0,9818.0,7189.3330000000005,41.0
112.0,9734.0,7189.713000000001,41.0
98.0,9708.0,7189.793000000001,41.0
11.0,9595.0,7190.093000000001,41.0
-56.0,9537.0,7190.453,41.0
-112.0,9501.0,7190.653,41.0
-181.0,9469.0,7190.893,41.0
-227.0,9454.0,7191.053000000001,41.0
-310.0,9442.0,7191.3330000000005,41.0
-411.0,9452.0,7191.633000000001,41.0
-520.0,9503.0,7192.052000000001,41.0
-617.0,9589.0,7192.452,41.0
-688.0,9691.0,7192.812000000001,41.0
-716.0,9751.0,7193.152,41.0
-738.0,9809.0,7193.332,41.0
-766.0,9921.0,7193.652,41.0
-774.0,9989.0,7193.832,41.0
-775.0,10095.0,7194.092000000001,41.0
-680.0,10558.0,7194.973,41.0
-615.0,10717.0,7195.153,41.0
-578.0,10800.0,7195.453,41.0
-509.0,10936.0,7195.713000000001,41.0
-481.0,10989.0,7195.813,41.0
-334.0,11254.0,7196.153,41.0
-293.0,11320.0,7196.4130000000005,41.0
-218.0,11431.0,7196.613,41.0
-111.0,11575.0,7196.8730000000005,41.0
73.0,11790.0,7197.133000000001,41.0
196.0,11915.0,7197.513000000001,41.0
371.0,12075.0,7197.8330000000005,41.0
406.0,12104.0,7197.893,41.0
525.0,12199.0,7198.093000000001,41.0
794.0,12377.0,7198.432000000001,41.0
1020.0,12488.0,7198.832,41.0
1078.0,12513.0,7198.912,41.0
1242.0,12576.0,7199.1320000000005,41.0
1379.0,12621.0,7199.312000000001,41.0
1614.0,12686.0,7199.612,41.0
1805.0,12727.0,7199.852000000001,41.0
2013.0,12763.0,7200.092000000001,41.0
2175.0,12785.0,7200.272000000001,41.0
2372.0,12808.0,7200.512000000001,41.0
2537.0,12825.0,7200.712,41.0
2670.0,12839.0,7200.872,41.0
2786.0,12851.0,7201.012000000001,41.0
2953.0,12868.0,7201.213000000001,41.0
3186.0,12892.0,7201.493,41.0
3353.0,12910.0,7201.693,41.0
3503.0,12926.0,7201.8730000000005,41.0
3787.0,12958.0,7202.093000000001,41.0
3988.0,12981.0,7202.453,41.0
4155.0,13002.0,7202.653,41.0
4356.0,13028.0,7202.893,41.0
4505.0,13048.0,7203.073,41.0
4655.0,13068.0,7203.253000000001,41.0
4787.0,13084.0,7203.4130000000005,41.0
4985.0,13103.0,7203.653,41.0
5167.0,13114.0,7203.8730000000005,41.0
5481.0,13089.0,7204.213000000001,41.0
5634.0,13050.0,7204.453,41.0
5791.0,12993.0,7204.673000000001,41.0
6063.0,12830.0,7204.953,41.0
6304.0,12606.0,7205.412,41.0
6375.0,12509.0,7205.692,41.0
6473.0,12335.0,7205.952,41.0
6519.0,12237.0,7206.092000000001,41.0
6640.0,11903.0,7206.452,41.0
6671.0,11799.0,7206.692,41.0
6737.0,11544.0,7207.032,41.0
6793.0,11301.0,7207.252,41.0
6836.0,11084.0,7207.6320000000005,41.0
6860.0,10946.0,7207.793000000001,41.0
6891.0,10742.0,7208.053000000001,41.0
6914.0,10568.0,7208.273,41.0
6939.0,10329.0,7208.533,41.0
6961.0,10073.0,7208.893,41.0
6966.0,9993.0,7208.993,41.0
6979.0,9655.0,7209.353,41.0
6984.0,9398.0,7209.733,41.0
6988.0,9270.0,7209.893,41.0
6993.0,9142.0,7210.053000000001,41.0
7015.0,8856.0,7210.3330000000005,41.0
7047.0,8631.0,7210.733,41.0
7079.0,8471.0,7210.953,41.0
7137.0,8231.0,7211.153,41.0
7160.0,8149.0,7211.4130000000005,41.0
7261.0,7840.0,7211.732,41.0
7379.0,7541.0,7212.212,41.0
7423.0,7430.0,7212.512000000001,41.0
7484.0,7248.0,7212.812000000001,41.0
7513.0,7133.0,7213.032,41.0
7527.0,7060.0,7213.152,41.0
7538.0,6920.0,7213.392000000001,41.0
7530.0,6775.0,7213.6320000000005,41.0
7508.0,6619.0,7213.792,41.0
7473.0,6453.0,7214.1720000000005,41.0
7417.0,6228.0,7214.433,41.0
7388.0,6108.0,7214.753000000001,41.0
7355.0,5955.0,7215.013000000001,41.0
7337.0,5852.0,7215.193,41.0
7318.0,5659.0,7215.453,41.0
7322.0,5505.0,7215.813,41.0
7362.0,5312.0,7216.053000000001,41.0
7454.0,5095.0,7216.493,41.0
7521.0,4976.0,7216.8330000000005,41.0
7587.0,4867.0,7217.053000000001,41.0
7653.0,4753.0,7217.313,41.0
7730.0,4592.0,7217.533,41.0
7753.0,4526.0,7217.813,41.0
7781.0,4401.0,7218.073,41.0
7787.0,4235.0,7218.272000000001,41.0
7758.0,4076.0,7218.732,41.0
7735.0,4000.0,7218.892000000001,41.0
7698.0,3908.0,7219.092000000001,41.0
7623.0,3767.0,7219.432000000001,41.0
7555.0,3671.0,7219.6320000000005,41.0
7437.0,3547.0,7220.072,41.0
7416.0,3530.0,7220.1320000000005,41.0
7301.0,3450.0,7220.432000000001,41.0
7176.0,3379.0,7220.612,41.0
7053.0,3315.0,7221.013000000001,41.0
7009.0,3291.0,7221.113,41.0
6890.0,3216.0,7221.393,41.0
6795.0,3139.0,7221.633000000001,41.0
6718.0,3066.0,7221.8330000000005,41.0
6636.0,2982.0,7222.053000000001,41.0
6599.0,2943.0,7222.153,41.0
6505.0,2837.0,7222.4130000000005,41.0
6449.0,2769.0,7222.573,41.0
6341.0,2619.0,7222.893,41.0
6284.0,2531.0,7223.073,41.0
6183.0,2358.0,7223.293000000001,41.0
6102.0,2207.0,7223.693,41.0
6057.0,2118.0,7223.853,41.0
5977.0,1958.0,7224.133000000001,41.0
5960.0,1923.0,7224.193,41.0
5891.0,1782.0,7224.433,41.0
5844.0,1685.0,7224.593000000001,41.0
5761.0,1513.0,7224.872,41.0
5689.0,1362.0,7225.112,41.0
5591.0,1157.0,7225.292,41.0
5510.0,988.0,7225.712,41.0
5434.0,828.0,7225.952,41.0
5409.0,775.0,7226.032,41.0
5338.0,627.0,7226.252,41.0
5252.0,450.0,7226.512000000001,41.0
5166.0,272.0,7226.772000000001,41.0
5099.0,134.0,7226.972000000001,41.0
5052.0,37.0,7227.112,41.0
4958.0,-158.0,7227.392000000001,41.0
4835.0,-413.0,7227.613,41.0
4767.0,-554.0,7227.953,41.0
4624.0,-851.0,7228.253000000001,41.0
4500.0,-1106.0,7228.673000000001,41.0
4446.0,-1219.0,7228.8330000000005,41.0
4363.0,-1388.0,7229.073,41.0
4321.0,-1472.0,7229.193,41.0
4265.0,-1584.0,7229.353,41.0
4168.0,-1780.0,7229.633000000001,41.0
4077.0,-1961.0,7229.893,41.0
3760.0,-2575.0,7230.8730000000005,41.0
3660.0,-2763.0,7231.193,41.0
3569.0,-2930.0,7231.353,41.0
3448.0,-3141.0,7231.772000000001,41.0
3369.0,-3275.0,7232.152,41.0
3338.0,-3325.0,7232.252,41.0
3197.0,-3532.0,7232.552000000001,41.0
3063.0,-3697.0,7233.032,41.0
3024.0,-3740.0,7233.1320000000005,41.0
2952.0,-3813.0,7233.312000000001,41.0
2877.0,-3878.0,7233.492,41.0
2788.0,-3941.0,7233.692,41.0
2618.0,-4033.0,7234.053000000001,41.0
2569.0,-4053.0,7234.153,41.0
2468.0,-4086.0,7234.393,41.0
2311.0,-4113.0,7234.673000000001,41.0
2154.0,-4111.0,7235.033,41.0
1991.0,-4080.0,7235.293000000001,41.0
1804.0,-4006.0,7235.673000000001,41.0
1746.0,-3973.0,7235.933,41.0
1614.0,-3880.0,7236.273,41.0
1536.0,-3810.0,7236.493,41.0
1464.0,-3734.0,7236.713000000001,41.0
1382.0,-3632.0,7236.933,41.0
1311.0,-3530.0,7237.253000000001,41.0
1201.0,-3339.0,7237.573,41.0
1123.0,-3191.0,7237.8730000000005,41.0
1035.0,-3031.0,7238.352000000001,41.0
978.0,-2935.0,7238.552000000001,41.0
877.0,-2782.0,7238.772000000001,41.0
809.0,-2685.0,7239.072,41.0
752.0,-2607.0,7239.232,41.0
590.0,-2389.0,7239.572,41.0
485.0,-2247.0,7239.952,41.0
376.0,-2102.0,7240.232,41.0
361.0,-2081.0,7240.272000000001,41.0
226.0,-1908.0,7240.612,41.0
148.0,-1813.0,7240.813,41.0
153.0,-1772.0,7241.053000000001,41.0
401.0,-1938.0,7241.153,41.0
273.0,-1749.0,7241.3730000000005,41.0
158.0,-1576.0,7241.853,41.0
105.0,-1497.0,7242.013000000001,41.0
67.0,-1441.0,7242.133000000001,41.0
-29.0,-1296.0,7242.453,41.0
-126.0,-1158.0,7242.673000000001,41.0
-196.0,-1061.0,7243.053000000001,41.0
-284.0,-952.0,7243.273,41.0
-344.0,-884.0,7243.633000000001,41.0
-391.0,-832.0,7243.8330000000005,41.0
-447.0,-771.0,7244.093000000001,41.0
-467.0,-749.0,7244.193,41.0
-515.0,-696.0,7244.453,41.0
-557.0,-650.0,7244.692,41.0
-602.0,-603.0,7244.972000000001,41.0
-632.0,-571.0,7245.1720000000005,41.0
-745.0,-451.0,7245.312000000001,41.0
-945.0,-239.0,7245.612,41.0
-981.0,-201.0,7245.772000000001,41.0
-1020.0,-160.0,7246.112,41.0
-1053.0,-124.0,7246.332,41.0
-1081.0,-95.0,7246.512000000001,41.0
-1135.0,-37.0,7246.792,41.0
-1169.0,-1.0,7247.092000000001,41.0
-1230.0,62.0,7247.453,41.0
-1263.0,97.0,7247.713000000001,41.0
-1345.0,184.0,7248.093000000001,41.0
-1396.0,238.0,7248.433,41.0
-1457.0,303.0,7248.8730000000005,41.0
-1540.0,394.0,7249.293000000001,41.0
-1551.0,408.0,7249.3730000000005,41.0
-1580.0,456.0,7249.633000000001,41.0
-1603.0,512.0,7249.9130000000005,41.0
-1614.0,760.0,7250.953,41.0
-1582.0,844.0,7251.292,41.0
-1547.0,903.0,7251.712,42.0
-1525.0,937.0,7251.892000000001,42.0
-1505.0,966.0,7252.052000000001,42.0
-1476.0,1011.0,7252.292,42.0
-1451.0,1047.0,7252.492,42.0
-1431.0,1077.0,7252.652,42.0
-1395.0,1132.0,7252.952,42.0
-1363.0,1179.0,7253.212,42.0
-1355.0,1190.0,7253.272000000001,42.0
-1300.0,1273.0,7253.652,42.0
-1257.0,1338.0,7254.033,42.0
-1235.0,1371.0,7254.213000000001,42.0
-1195.0,1431.0,7254.473,42.0
-1178.0,1455.0,7254.693,42.0
-1147.0,1502.0,7254.973,42.0
-1122.0,1539.0,7255.213000000001,42.0
-1105.0,1565.0,7255.393,42.0
-1072.0,1614.0,7255.713000000001,42.0
-1045.0,1653.0,7256.113,42.0
-1031.0,1675.0,7256.3730000000005,42.0
-1013.0,1701.0,7256.733,42.0
-1006.0,1712.0,7256.933,42.0
-1000.0,1721.0,7257.253000000001,42.0
-998.0,1725.0,7257.473,42.0
-997.0,1725.0,7257.633000000001,42.0
-997.0,1725.0,7257.793000000001,42.0
-997.0,1725.0,7258.1320000000005,42.0
-997.0,1725.0,7258.352000000001,42.0
-997.0,1725.0,7258.552000000001,42.0
-997.0,1725.0,7258.772000000001,42.0
-997.0,1725.0,7258.992,42.0
-997.0,1725.0,7259.352000000001,42.0
-997.0,1725.0,7259.412,42.0
-997.0,1725.0,7259.612,42.0
-997.0,1725.0,7259.832,42.0
-997.0,1725.0,7260.112,42.0
-997.0,1725.0,7260.272000000001,42.0
-997.0,1725.0,7260.633000000001,42.0
-997.0,1725.0,7260.933,42.0
-997.0,1725.0,7261.133000000001,42.0
-997.0,1725.0,7261.453,42.0
-997.0,1725.0,7261.793000000001,42.0
-997.0,1725.0,7261.973,42.0
-997.0,1725.0,7262.153,42.0
-997.0,1725.0,7262.453,42.0
-997.0,1725.0,7262.673000000001,42.0
-997.0,1725.0,7262.8330000000005,42.0
-997.0,1725.0,7263.073,42.0
-997.0,1725.0,7263.313,42.0
-997.0,1725.0,7263.493,42.0
-997.0,1725.0,7263.893,42.0
-997.0,1725.0,7264.193,42.0
-997.0,1725.0,7264.3730000000005,42.0
-997.0,1725.0,7264.592000000001,42.0
-997.0,1725.0,7264.852000000001,42.0
-997.0,1725.0,7265.072,42.0
-997.0,1725.0,7265.332,42.0
-997.0,1725.0,7265.532,42.0
-997.0,1725.0,7265.892000000001,42.0
-997.0,1725.0,7266.832,42.0
-997.0,1725.0,7267.113,42.0
-997.0,1725.0,7267.4130000000005,42.0
-997.0,1725.0,7267.753000000001,42.0
-997.0,1725.0,7267.973,42.0
-997.0,1725.0,7268.253000000001,42.0
-997.0,1725.0,7268.553000000001,42.0
-997.0,1725.0,7268.733,42.0
-997.0,1725.0,7269.013000000001,42.0
-997.0,1725.0,7269.3730000000005,42.0
-997.0,1725.0,7269.493,42.0
-997.0,1725.0,7269.693,42.0
-997.0,1725.0,7270.073,42.0
-997.0,1725.0,7270.3330000000005,42.0
-997.0,1725.0,7270.513000000001,42.0
-997.0,1725.0,7270.813,42.0
-997.0,1725.0,7271.232,42.0
-997.0,1725.0,7271.392000000001,42.0
-997.0,1725.0,7271.512000000001,42.0
-997.0,1725.0,7271.792,42.0
-997.0,1725.0,7272.072,42.0
-997.0,1725.0,7272.252,42.0
-997.0,1725.0,7272.472000000001,42.0
-997.0,1725.0,7272.652,42.0
-997.0,1725.0,7272.852000000001,42.0
-995.0,1729.0,7273.092000000001,42.0
-988.0,1739.0,7273.292,42.0
-973.0,1761.0,7273.753000000001,42.0
-958.0,1784.0,7273.953,42.0
-950.0,1795.0,7274.173000000001,42.0
-918.0,1844.0,7274.553000000001,42.0
-893.0,1880.0,7274.9130000000005,42.0
-862.0,1927.0,7275.173000000001,42.0
-841.0,1960.0,7275.433,42.0
-813.0,2000.0,7275.673000000001,42.0
-777.0,2055.0,7275.973,42.0
-757.0,2084.0,7276.133000000001,42.0
-723.0,2135.0,7276.4130000000005,42.0
-689.0,2186.0,7276.553000000001,42.0
-639.0,2259.0,7277.013000000001,42.0
-598.0,2321.0,7277.433,42.0
-577.0,2352.0,7277.613,42.0
-546.0,2398.0,7277.872,42.0
-512.0,2449.0,7278.052000000001,42.0
-470.0,2511.0,7278.492,42.0
-467.0,2515.0,7278.512000000001,42.0
-418.0,2588.0,7278.772000000001,42.0
-373.0,2654.0,7279.272000000001,42.0
-346.0,2694.0,7279.492,42.0
-327.0,2724.0,7279.652,42.0
-307.0,2753.0,7279.812000000001,42.0
-272.0,2804.0,7280.093000000001,42.0
-250.0,2837.0,7280.273,42.0
-223.0,2877.0,7280.493,42.0
-189.0,2928.0,7280.693,42.0
-152.0,2983.0,7281.073,42.0
-129.0,3016.0,7281.253000000001,42.0
-97.0,3064.0,7281.513000000001,42.0
-78.0,3093.0,7281.673000000001,42.0
-53.0,3129.0,7281.8730000000005,42.0
-31.0,3162.0,7282.053000000001,42.0
0.0,3209.0,7282.313,42.0
29.0,3253.0,7282.553000000001,42.0
56.0,3293.0,7282.773,42.0
76.0,3322.0,7282.933,42.0
128.0,3399.0,7283.233,42.0
152.0,3436.0,7283.553000000001,42.0
184.0,3483.0,7283.8330000000005,42.0
224.0,3542.0,7284.053000000001,42.0
256.0,3589.0,7284.412,42.0
298.0,3651.0,7284.612,42.0
325.0,3692.0,7284.972000000001,42.0
347.0,3724.0,7285.152,42.0
379.0,3772.0,7285.412,42.0
397.0,3801.0,7285.572,42.0
433.0,3854.0,7285.872,42.0
461.0,3895.0,7286.092000000001,42.0
512.0,3961.0,7286.332,42.0
544.0,3993.0,7286.673000000001,42.0
616.0,4046.0,7286.953,42.0
688.0,4087.0,7287.393,42.0
755.0,4115.0,7287.693,42.0
808.0,4133.0,7287.893,42.0
913.0,4154.0,7288.113,42.0
1037.0,4170.0,7288.633000000001,42.0
1050.0,4171.0,7288.673000000001,42.0
1156.0,4185.0,7288.973,42.0
1238.0,4195.0,7289.193,42.0
1348.0,4209.0,7289.453,42.0
1429.0,4219.0,7289.673000000001,42.0
1548.0,4234.0,7289.953,42.0
1689.0,4251.0,7290.273,42.0
1802.0,4265.0,7290.473,42.0
1918.0,4278.0,7290.753000000001,42.0
2018.0,4288.0,7290.952,42.0
2110.0,4298.0,7291.1320000000005,42.0
2236.0,4312.0,7291.372,42.0
2418.0,4333.0,7291.712,42.0
2514.0,4349.0,7291.892000000001,42.0
2610.0,4371.0,7292.072,42.0
2697.0,4397.0,7292.232,42.0
2813.0,4435.0,7292.432000000001,42.0
2985.0,4516.0,7292.652,42.0
3233.0,4618.0,7292.952,42.0
3299.0,4653.0,7293.212,42.0
3475.0,4768.0,7293.553000000001,42.0
3541.0,4819.0,7293.673000000001,42.0
3718.0,4973.0,7293.9130000000005,42.0
3821.0,5076.0,7294.253000000001,42.0
3934.0,5191.0,7294.493,42.0
4108.0,5359.0,7294.793000000001,42.0
4193.0,5438.0,7295.033,42.0
4334.0,5565.0,7295.353,42.0
4438.0,5654.0,7295.613,42.0
4547.0,5743.0,7295.8330000000005,42.0
4602.0,5786.0,7296.073,42.0
4702.0,5850.0,7296.393,42.0
4736.0,5866.0,7296.493,42.0
4918.0,5901.0,7296.8730000000005,42.0
4992.0,5895.0,7297.233,42.0
5043.0,5884.0,7297.393,42.0
5090.0,5868.0,7297.552000000001,42.0
5177.0,5818.0,7297.892000000001,42.0
5236.0,5767.0,7298.052000000001,42.0
5288.0,5701.0,7298.492,42.0
5308.0,5665.0,7298.652,42.0
5319.0,5642.0,7298.752,42.0
5383.0,5378.0,7299.792,42.0
5394.0,5253.0,7300.053000000001,42.0
5405.0,5165.0,7300.453,42.0
5423.0,5081.0,7300.693,42.0
5464.0,4977.0,7300.9130000000005,42.0
5499.0,4918.0,7301.253000000001,42.0
5547.0,4859.0,7301.513000000001,42.0
5625.0,4789.0,7301.773,42.0
5660.0,4766.0,7302.053000000001,42.0
5721.0,4738.0,7302.3330000000005,42.0
5769.0,4730.0,7302.553000000001,42.0
5795.0,4731.0,7302.673000000001,42.0
5850.0,4748.0,7302.933,42.0
5899.0,4778.0,7303.193,42.0
5948.0,4818.0,7303.473,42.0
5980.0,4851.0,7303.673000000001,42.0
6008.0,4883.0,7303.853,42.0
6064.0,4958.0,7304.093000000001,42.0
6089.0,4997.0,7304.412,42.0
6129.0,5069.0,7304.712,42.0
6137.0,5085.0,7304.772000000001,42.0
6172.0,5163.0,7305.052000000001,42.0
6207.0,5257.0,7305.232,42.0
6230.0,5326.0,7305.552000000001,42.0
6266.0,5455.0,7305.892000000001,42.0
6286.0,5539.0,7306.092000000001,42.0
6304.0,5629.0,7306.292,42.0
6328.0,5801.0,7306.573,42.0
6330.0,5821.0,7306.613,42.0
6332.0,5956.0,7306.8730000000005,42.0
6327.0,6044.0,7307.033,42.0
6309.0,6190.0,7307.293000000001,42.0
6276.0,6339.0,7307.553000000001,42.0
6243.0,6441.0,7307.733,42.0
6203.0,6541.0,7307.9130000000005,42.0
6141.0,6663.0,7308.133000000001,42.0
6067.0,6784.0,7308.353,42.0
5982.0,6902.0,7308.573,42.0
5837.0,7062.0,7308.793000000001,42.0
5693.0,7192.0,7309.173000000001,42.0
5482.0,7360.0,7309.433,42.0
5389.0,7430.0,7309.713000000001,42.0
5285.0,7511.0,7309.893,42.0
5077.0,7679.0,7310.253000000001,42.0
4922.0,7809.0,7310.453,42.0
4794.0,7918.0,7310.752,42.0
4653.0,8040.0,7310.992,42.0
4377.0,8276.0,7311.312000000001,42.0
4244.0,8390.0,7311.6720000000005,42.0
4146.0,8473.0,7311.832,42.0
4024.0,8579.0,7312.032,42.0
3925.0,8663.0,7312.192,42.0
3779.0,8791.0,7312.432000000001,42.0
3657.0,8899.0,7312.6320000000005,42.0
3510.0,9028.0,7312.872,42.0
3375.0,9147.0,7313.093000000001,42.0
3154.0,9340.0,7313.313,42.0
3062.0,9421.0,7313.613,42.0
2833.0,9620.0,7313.973,42.0
2647.0,9781.0,7314.193,42.0
2412.0,9987.0,7314.533,42.0
2215.0,10163.0,7314.953,42.0
2025.0,10333.0,7315.193,42.0
1857.0,10483.0,7315.573,42.0
1699.0,10615.0,7315.753000000001,42.0
1514.0,10752.0,7316.233,42.0
1363.0,10837.0,7316.433,42.0
1177.0,10911.0,7316.773,42.0
1056.0,10940.0,7317.173000000001,42.0
886.0,10949.0,7317.492,42.0
763.0,10944.0,7317.812000000001,42.0
692.0,10933.0,7317.992,42.0
602.0,10903.0,7318.232,42.0
494.0,10850.0,7318.492,42.0
389.0,10762.0,7318.952,42.0
341.0,10697.0,7319.1320000000005,42.0
297.0,10626.0,7319.452,42.0
275.0,10582.0,7319.613,42.0
249.0,10524.0,7319.8330000000005,42.0
222.0,10449.0,7320.133000000001,42.0
209.0,10387.0,7320.3730000000005,42.0
201.0,10332.0,7320.593000000001,42.0
196.0,10277.0,7320.813,42.0
194.0,10243.0,7320.953,42.0
190.0,10185.0,7321.193,42.0
188.0,10138.0,7321.393,42.0
183.0,10058.0,7321.613,42.0
180.0,10008.0,7321.953,42.0
171.0,9924.0,7322.253000000001,42.0
161.0,9870.0,7322.593000000001,42.0
146.0,9818.0,7322.853,42.0
135.0,9787.0,7323.013000000001,42.0
115.0,9743.0,7323.253000000001,42.0
87.0,9692.0,7323.453,42.0
60.0,9654.0,7323.753000000001,42.0
97.0,9712.0,7324.092000000001,42.0
54.0,9647.0,7324.492,42.0
25.0,9612.0,7324.692,42.0
12.0,9599.0,7324.772000000001,42.0
-47.0,9546.0,7325.112,42.0
-89.0,9517.0,7325.272000000001,42.0
-137.0,9490.0,7325.572,42.0
-226.0,9455.0,7325.852000000001,42.0
-279.0,9445.0,7326.233,42.0
-315.0,9443.0,7326.393,42.0
-357.0,9444.0,7326.573,42.0
-402.0,9451.0,7326.773,42.0
-473.0,9477.0,7327.093000000001,42.0
-518.0,9503.0,7327.313,42.0
-561.0,9535.0,7327.533,42.0
-593.0,9565.0,7327.713000000001,42.0
-623.0,9597.0,7327.893,42.0
-658.0,9645.0,7328.133000000001,42.0
-689.0,9697.0,7328.3730000000005,42.0
-730.0,9788.0,7328.613,42.0
-742.0,9824.0,7328.893,42.0
-754.0,9868.0,7329.053000000001,42.0
-769.0,9949.0,7329.3330000000005,42.0
-775.0,10043.0,7329.633000000001,42.0
-774.0,10103.0,7329.813,42.0
-772.0,10137.0,7329.9130000000005,42.0
-751.0,10303.0,7330.233,42.0
-732.0,10387.0,7330.592000000001,42.0
-712.0,10458.0,7330.772000000001,42.0
-683.0,10547.0,7330.992,42.0
-658.0,10613.0,7331.152,42.0
-615.0,10716.0,7331.392000000001,42.0
-579.0,10795.0,7331.572,42.0
-493.0,10968.0,7331.892000000001,42.0
-432.0,11082.0,7332.192,42.0
-348.0,11231.0,7332.492,42.0
-286.0,11332.0,7332.692,42.0
-187.0,11473.0,7332.8330000000005,42.0
-104.0,11585.0,7333.193,42.0
-4.0,11705.0,7333.433,42.0
132.0,11852.0,7333.733,42.0
241.0,11957.0,7333.953,42.0
408.0,12106.0,7334.193,42.0
485.0,12168.0,7334.4130000000005,42.0
672.0,12302.0,7334.733,42.0
940.0,12452.0,7335.013000000001,42.0
1036.0,12495.0,7335.293000000001,42.0
1315.0,12601.0,7335.633000000001,42.0
1519.0,12661.0,7335.973,42.0
1787.0,12724.0,7336.253000000001,42.0
2008.0,12762.0,7336.613,42.0
2113.0,12777.0,7336.733,42.0
2253.0,12795.0,7336.9130000000005,42.0
2473.0,12819.0,7337.192,42.0
2662.0,12839.0,7337.432000000001,42.0
2851.0,12858.0,7337.6720000000005,42.0
3010.0,12873.0,7337.872,42.0
3296.0,12904.0,7338.112,42.0
3456.0,12921.0,7338.432000000001,42.0
3632.0,12941.0,7338.652,42.0
3776.0,12957.0,7338.832,42.0
3920.0,12973.0,7339.012000000001,42.0
4225.0,13011.0,7339.353,42.0
4450.0,13041.0,7339.673000000001,42.0
4578.0,13058.0,7339.8330000000005,42.0
4790.0,13084.0,7340.113,42.0
5053.0,13108.0,7340.353,42.0
5168.0,13114.0,7340.613,42.0
5463.0,13091.0,7340.9130000000005,42.0
5759.0,13006.0,7341.3730000000005,42.0
5864.0,12956.0,7341.693,42.0
6107.0,12795.0,7342.013000000001,42.0
6269.0,12645.0,7342.393,42.0
6371.0,12513.0,7342.793000000001,42.0
6449.0,12379.0,7343.053000000001,42.0
6538.0,12189.0,7343.273,42.0
6564.0,12125.0,7343.533,42.0
6606.0,12008.0,7343.753000000001,42.0
6640.0,11901.0,7343.952,42.0
6761.0,11442.0,7344.792,42.0
6816.0,11189.0,7345.092000000001,42.0
6860.0,10948.0,7345.472000000001,42.0
6881.0,10814.0,7345.832,42.0
6897.0,10701.0,7346.013000000001,42.0
6916.0,10546.0,7346.253000000001,42.0
6932.0,10399.0,7346.473,42.0
6944.0,10277.0,7346.653,42.0
6964.0,10015.0,7347.033,42.0
6974.0,9832.0,7347.253000000001,42.0
6978.0,9703.0,7347.473,42.0
6983.0,9457.0,7347.813,42.0
6987.0,9310.0,7348.013000000001,42.0
6993.0,9163.0,7348.213000000001,42.0
6998.0,9049.0,7348.3730000000005,42.0
7007.0,8933.0,7348.533,42.0
7030.0,8739.0,7348.793000000001,42.0
7079.0,8468.0,7349.033,42.0
7146.0,8199.0,7349.3730000000005,42.0
7213.0,7977.0,7349.813,42.0
7319.0,7688.0,7350.073,42.0
7411.0,7460.0,7350.532,42.0
7478.0,7268.0,7350.732,42.0
7532.0,7028.0,7351.1320000000005,42.0
7539.0,6895.0,7351.392000000001,42.0
7506.0,6607.0,7351.752,42.0
7472.0,6447.0,7352.052000000001,42.0
7413.0,6211.0,7352.332,42.0
7377.0,6060.0,7352.653,42.0
7343.0,5888.0,7352.9130000000005,42.0
7325.0,5752.0,7353.133000000001,42.0
7317.0,5631.0,7353.3330000000005,42.0
7329.0,5446.0,7353.573,42.0
7362.0,5311.0,7353.893,42.0
7411.0,5181.0,7354.133000000001,42.0
7480.0,5046.0,7354.393,42.0
7546.0,4935.0,7354.613,42.0
7634.0,4787.0,7354.8330000000005,42.0
7714.0,4631.0,7355.193,42.0
7781.0,4405.0,7355.673000000001,42.0
7787.0,4356.0,7355.893,42.0
7775.0,4151.0,7356.233,42.0
7744.0,4027.0,7356.573,42.0
7685.0,3881.0,7356.893,42.0
7673.0,3856.0,7356.953,42.0
7628.0,3775.0,7357.152,42.0
7566.0,3685.0,7357.392000000001,42.0
7507.0,3614.0,7357.592000000001,42.0
7447.0,3556.0,7357.772000000001,42.0
7356.0,3485.0,7358.012000000001,42.0
7192.0,3387.0,7358.352000000001,42.0
7088.0,3333.0,7358.612,42.0
6927.0,3241.0,7358.952,42.0
6796.0,3140.0,7359.133000000001,42.0
6627.0,2973.0,7359.553000000001,42.0
6476.0,2803.0,7359.893,42.0
6298.0,2554.0,7360.353,42.0
6221.0,2426.0,7360.653,42.0
6108.0,2219.0,7360.993,42.0
6070.0,2144.0,7361.113,42.0
6000.0,2004.0,7361.3330000000005,42.0
5905.0,1809.0,7361.493,42.0
5834.0,1664.0,7361.853,42.0
5757.0,1504.0,7362.093000000001,42.0
5667.0,1316.0,7362.3730000000005,42.0
5557.0,1086.0,7362.653,42.0
5506.0,979.0,7362.893,42.0
5394.0,745.0,7363.233,42.0
5282.0,511.0,7363.493,42.0
5229.0,401.0,7363.732,42.0
5129.0,195.0,7364.032,42.0
5089.0,113.0,7364.152,42.0
4996.0,-78.0,7364.432000000001,42.0
4930.0,-216.0,7364.6320000000005,42.0
4870.0,-340.0,7364.812000000001,42.0
4804.0,-478.0,7365.012000000001,42.0
4675.0,-745.0,7365.352000000001,42.0
4525.0,-1056.0,7365.713000000001,42.0
4431.0,-1248.0,7366.113,42.0
4316.0,-1482.0,7366.3330000000005,42.0
4192.0,-1731.0,7366.713000000001,42.0
4053.0,-2009.0,7367.073,42.0
3939.0,-2231.0,7367.533,42.0
3853.0,-2397.0,7367.773,42.0
3773.0,-2551.0,7367.993,42.0
3714.0,-2663.0,7368.153,42.0
3646.0,-2788.0,7368.3330000000005,42.0
3501.0,-3050.0,7368.613,42.0
3447.0,-3143.0,7368.853,42.0
3332.0,-3335.0,7369.153,42.0
3246.0,-3464.0,7369.3730000000005,42.0
3124.0,-3626.0,7369.593000000001,42.0
2971.0,-3795.0,7370.033,42.0
2900.0,-3859.0,7370.193,42.0
2816.0,-3923.0,7370.372,42.0
2613.0,-4035.0,7370.6720000000005,42.0
2478.0,-4083.0,7371.052000000001,42.0
2341.0,-4111.0,7371.312000000001,42.0
2192.0,-4115.0,7371.592000000001,42.0
2045.0,-4094.0,7371.872,42.0
1589.0,-3858.0,7372.8730000000005,42.0
1517.0,-3791.0,7373.073,42.0
1439.0,-3705.0,7373.293000000001,42.0
1360.0,-3603.0,7373.553000000001,42.0
1311.0,-3530.0,7373.733,42.0
1266.0,-3455.0,7373.9130000000005,42.0
1218.0,-3371.0,7374.113,42.0
1127.0,-3198.0,7374.3730000000005,42.0
1036.0,-3033.0,7374.853,42.0
985.0,-2946.0,7375.093000000001,42.0
900.0,-2816.0,7375.393,42.0
814.0,-2693.0,7375.673000000001,42.0
762.0,-2621.0,7375.8330000000005,42.0
701.0,-2539.0,7376.013000000001,42.0
582.0,-2379.0,7376.273,42.0
481.0,-2242.0,7376.633000000001,42.0
413.0,-2149.0,7376.852000000001,42.0
379.0,-2104.0,7376.952,42.0
284.0,-1982.0,7377.192,42.0
153.0,-1819.0,7377.512000000001,42.0
14.0,-1657.0,7377.712,42.0
-116.0,-1508.0,7378.092000000001,42.0
-269.0,-1337.0,7378.312000000001,42.0
-364.0,-1229.0,7378.732,42.0
-440.0,-1147.0,7378.973,42.0
-475.0,-1110.0,7379.093000000001,42.0
-527.0,-1062.0,7379.273,42.0
-574.0,-1025.0,7379.433,42.0
-659.0,-971.0,7379.713000000001,42.0
-721.0,-942.0,7379.9130000000005,42.0
-806.0,-918.0,7380.193,42.0
-857.0,-913.0,7380.353,42.0
-934.0,-913.0,7380.593000000001,42.0
-1004.0,-925.0,7380.8330000000005,42.0
-1052.0,-942.0,7381.013000000001,42.0
-1116.0,-978.0,7381.273,42.0
-1157.0,-1007.0,7381.453,42.0
-1212.0,-1050.0,7381.673000000001,42.0
-1258.0,-1085.0,7381.893,42.0
-1356.0,-1144.0,7382.293000000001,42.0
-1396.0,-1159.0,7382.453,42.0
-1442.0,-1169.0,7382.633000000001,42.0
-1515.0,-1170.0,7382.9130000000005,42.0
-1562.0,-1163.0,7383.093000000001,42.0
-1628.0,-1146.0,7383.273,42.0
-1734.0,-1105.0,7383.732,42.0
-1790.0,-1076.0,7384.032,42.0
-1870.0,-1019.0,7384.312000000001,42.0
-1933.0,-960.0,7384.6720000000005,42.0
-1986.0,-898.0,7384.912,42.0
-2017.0,-859.0,7385.052000000001,42.0
-2069.0,-795.0,7385.272000000001,42.0
-2106.0,-745.0,7385.433,42.0
-2188.0,-603.0,7385.793000000001,42.0
-2228.0,-506.0,7386.113,42.0
-2271.0,-371.0,7386.4130000000005,42.0
-2297.0,-245.0,7386.593000000001,42.0
-2309.0,-132.0,7386.893,42.0
-2310.0,81.0,7387.153,42.0
-2291.0,233.0,7387.573,42.0
-2265.0,350.0,7387.793000000001,42.0
-2239.0,436.0,7387.953,42.0
-2181.0,569.0,7388.153,42.0
-2116.0,693.0,7388.393,42.0
-2015.0,852.0,7388.653,42.0
-1922.0,982.0,7389.013000000001,42.0
-1826.0,1115.0,7389.253000000001,42.0
-1734.0,1239.0,7389.4929999999995,43.0
-1596.0,1417.0,7389.713,43.0
-1486.0,1555.0,7390.092,43.0
-1443.0,1609.0,7390.192,43.0
-1315.0,1777.0,7390.491999999999,43.0
-1179.0,1964.0,7390.7119999999995,43.0
-1084.0,2094.0,7391.031999999999,43.0
-1006.0,2202.0,7391.2119999999995,43.0
-882.0,2372.0,7391.491999999999,43.0
-793.0,2495.0,7391.692,43.0
-614.0,2745.0,7392.013,43.0
-525.0,2874.0,7392.293,43.0
-447.0,2990.0,7392.473,43.0
-290.0,3226.0,7392.833,43.0
-220.0,3331.0,7392.9929999999995,43.0
-112.0,3486.0,7393.232999999999,43.0
26.0,3677.0,7393.393,43.0
232.0,3934.0,7393.853,43.0
314.0,4028.0,7394.112999999999,43.0
510.0,4216.0,7394.473,43.0
628.0,4304.0,7394.673,43.0
795.0,4397.0,7394.833,43.0
960.0,4458.0,7395.173,43.0
1212.0,4507.0,7395.473,43.0
1351.0,4517.0,7395.732999999999,43.0
1557.0,4518.0,7396.032999999999,43.0
1828.0,4498.0,7396.293,43.0
2058.0,4466.0,7396.7119999999995,43.0
2301.0,4443.0,7397.132,43.0
2476.0,4439.0,7397.352,43.0
2671.0,4449.0,7397.692,43.0
2829.0,4474.0,7397.951999999999,43.0
2957.0,4507.0,7398.172,43.0
2981.0,4514.0,7398.2119999999995,43.0
3180.0,4590.0,7398.553,43.0
3339.0,4677.0,7398.753,43.0
3461.0,4757.0,7399.072999999999,43.0
3563.0,4836.0,7399.272999999999,43.0
3756.0,5011.0,7399.553,43.0
3933.0,5190.0,7400.013,43.0
4097.0,5349.0,7400.413,43.0
4300.0,5535.0,7400.893,43.0
4371.0,5597.0,7401.072999999999,43.0
4461.0,5673.0,7401.312999999999,43.0
4553.0,5748.0,7401.572999999999,43.0
4684.0,5840.0,7401.753,43.0
4797.0,5887.0,7402.232999999999,43.0
4818.0,5892.0,7402.293,43.0
4912.0,5901.0,7402.572999999999,43.0
5019.0,5889.0,7402.853,43.0
5092.0,5866.0,7403.173,43.0
5170.0,5822.0,7403.451999999999,43.0
5239.0,5763.0,7403.831999999999,43.0
5269.0,5728.0,7404.012,43.0
5307.0,5666.0,7404.2919999999995,43.0
5333.0,5608.0,7404.491999999999,43.0
5367.0,5488.0,7404.852,43.0
5384.0,5363.0,7405.312999999999,43.0
5391.0,5292.0,7405.633,43.0
5396.0,5238.0,7405.793,43.0
5408.0,5147.0,7406.152999999999,43.0
5421.0,5089.0,7406.333,43.0
5477.0,4954.0,7406.812999999999,43.0
5535.0,4873.0,7407.173,43.0
5575.0,4831.0,7407.272999999999,43.0
5632.0,4784.0,7407.692999999999,43.0
5668.0,4762.0,7407.873,43.0
5720.0,4739.0,7408.133,43.0
5790.0,4731.0,7408.413,43.0
5847.0,4746.0,7408.753,43.0
5904.0,4781.0,7409.053,43.0
5940.0,4811.0,7409.253,43.0
5977.0,4847.0,7409.333,43.0
6047.0,4934.0,7409.853,43.0
6081.0,4983.0,7410.132,43.0
6146.0,5104.0,7410.451999999999,43.0
6173.0,5165.0,7410.7919999999995,43.0
6199.0,5231.0,7410.991999999999,43.0
6218.0,5288.0,7411.152,43.0
6244.0,5372.0,7411.371999999999,43.0
6274.0,5486.0,7411.652999999999,43.0
6305.0,5630.0,7411.893,43.0
6331.0,5837.0,7412.272999999999,43.0
6332.0,5889.0,7412.373,43.0
6328.0,6030.0,7412.633,43.0
6294.0,6264.0,7412.913,43.0
6255.0,6407.0,7413.312999999999,43.0
6223.0,6493.0,7413.473,43.0
6166.0,6616.0,7413.692999999999,43.0
6033.0,6835.0,7413.973,43.0
5943.0,6949.0,7414.312999999999,43.0
5853.0,7047.0,7414.513,43.0
5753.0,7140.0,7414.713,43.0
5591.0,7275.0,7414.913,43.0
5420.0,7407.0,7415.312999999999,43.0
5304.0,7496.0,7415.513,43.0
5095.0,7664.0,7415.812999999999,43.0
4924.0,7807.0,7416.133,43.0
4723.0,7979.0,7416.433,43.0
4604.0,8082.0,7416.672,43.0
4409.0,8248.0,7416.991999999999,43.0
4286.0,8353.0,7417.192,43.0
4175.0,8449.0,7417.371999999999,43.0
4075.0,8534.0,7417.531999999999,43.0
3975.0,8621.0,7417.692,43.0
3723.0,8840.0,7417.991999999999,43.0
3502.0,9035.0,7418.4529999999995,43.0
3265.0,9243.0,7418.692999999999,43.0
3188.0,9310.0,7418.933,43.0
3059.0,9423.0,7419.133,43.0
2865.0,9592.0,7419.433,43.0
2683.0,9750.0,7419.713,43.0
2580.0,9840.0,7419.873,43.0
2450.0,9954.0,7420.072999999999,43.0
2304.0,10083.0,7420.293,43.0
2202.0,10175.0,7420.4529999999995,43.0
1995.0,10360.0,7420.692999999999,43.0
1877.0,10465.0,7420.9929999999995,43.0
1741.0,10581.0,7421.232999999999,43.0
1537.0,10737.0,7421.553,43.0
1413.0,10811.0,7421.853,43.0
1293.0,10870.0,7422.093,43.0
1161.0,10917.0,7422.353,43.0
1036.0,10943.0,7422.612999999999,43.0
890.0,10949.0,7422.812999999999,43.0
797.0,10947.0,7423.112,43.0
712.0,10937.0,7423.312,43.0
569.0,10889.0,7423.612,43.0
429.0,10803.0,7424.031999999999,43.0
373.0,10743.0,7424.312,43.0
313.0,10655.0,7424.592,43.0
257.0,10545.0,7424.812999999999,43.0
224.0,10461.0,7425.192999999999,43.0
211.0,10402.0,7425.373,43.0
201.0,10341.0,7425.553,43.0
192.0,10230.0,7425.873,43.0
185.0,10089.0,7426.133,43.0
175.0,9962.0,7426.532999999999,43.0
165.0,9886.0,7426.812999999999,43.0
139.0,9793.0,7427.072999999999,43.0
127.0,9769.0,7427.353,43.0
109.0,9731.0,7427.473,43.0
39.0,9626.0,7427.753,43.0
-18.0,9568.0,7428.112999999999,43.0
-93.0,9513.0,7428.413,43.0
-155.0,9480.0,7428.593,43.0
-284.0,9444.0,7428.9929999999995,43.0
-338.0,9442.0,7429.333,43.0
-432.0,9459.0,7429.612999999999,43.0
-517.0,9502.0,7430.052,43.0
-560.0,9533.0,7430.2519999999995,43.0
-611.0,9582.0,7430.472,43.0
-649.0,9631.0,7430.732,43.0
-687.0,9691.0,7430.972,43.0
-714.0,9746.0,7431.172,43.0
-743.0,9824.0,7431.433,43.0
-772.0,9968.0,7431.713,43.0
-775.0,10090.0,7432.093,43.0
-765.0,10214.0,7432.473,43.0
-736.0,10372.0,7432.713,43.0
-698.0,10505.0,7433.032999999999,43.0
-648.0,10639.0,7433.312999999999,43.0
-632.0,10677.0,7433.393,43.0
-535.0,10887.0,7433.732999999999,43.0
-453.0,11044.0,7434.112999999999,43.0
-400.0,11140.0,7434.293,43.0
-370.0,11194.0,7434.393,43.0
-262.0,11367.0,7434.713,43.0
-163.0,11507.0,7434.973,43.0
-98.0,11592.0,7435.133,43.0
6.0,11717.0,7435.373,43.0
43.0,11758.0,7435.4529999999995,43.0
148.0,11867.0,7435.673,43.0
236.0,11953.0,7435.853,43.0
338.0,12046.0,7436.053,43.0
454.0,12143.0,7436.272999999999,43.0
690.0,12314.0,7436.632,43.0
974.0,12467.0,7437.052,43.0
1079.0,12513.0,7437.312,43.0
1252.0,12579.0,7437.571999999999,43.0
1557.0,12671.0,7437.871999999999,43.0
1685.0,12702.0,7438.192999999999,43.0
1844.0,12735.0,7438.413,43.0
2065.0,12770.0,7438.673,43.0
2199.0,12788.0,7438.853,43.0
2321.0,12802.0,7439.013,43.0
2519.0,12824.0,7439.272999999999,43.0
2673.0,12840.0,7439.473,43.0
2782.0,12851.0,7439.612999999999,43.0
3049.0,12877.0,7439.913,43.0
3255.0,12899.0,7440.213,43.0
3430.0,12918.0,7440.433,43.0
3574.0,12934.0,7440.612999999999,43.0
3800.0,12959.0,7440.893,43.0
3961.0,12978.0,7441.093,43.0
4122.0,12998.0,7441.293,43.0
4284.0,13018.0,7441.4929999999995,43.0
4462.0,13042.0,7441.713,43.0
4640.0,13066.0,7441.933,43.0
4767.0,13081.0,7442.093,43.0
4954.0,13100.0,7442.333,43.0
5118.0,13112.0,7442.553,43.0
5296.0,13112.0,7442.793,43.0
5461.0,13092.0,7443.052,43.0
5648.0,13045.0,7443.331999999999,43.0
5866.0,12955.0,7443.612,43.0
6041.0,12845.0,7444.012,43.0
6131.0,12776.0,7444.192,43.0
6222.0,12693.0,7444.392,43.0
6360.0,12529.0,7444.612999999999,43.0
6448.0,12382.0,7445.053,43.0
6497.0,12282.0,7445.232999999999,43.0
6549.0,12163.0,7445.4529999999995,43.0
6600.0,12027.0,7445.593,43.0
6674.0,11787.0,7446.093,43.0
6701.0,11688.0,7446.253,43.0
6727.0,11587.0,7446.413,43.0
6785.0,11339.0,7446.692999999999,43.0
6813.0,11205.0,7446.9929999999995,43.0
6853.0,10993.0,7447.253,43.0
6885.0,10782.0,7447.532999999999,43.0
6917.0,10539.0,7447.893,43.0
6930.0,10423.0,7448.053,43.0
6951.0,10203.0,7448.353,43.0
6957.0,10129.0,7448.4529999999995,43.0
6968.0,9949.0,7448.692999999999,43.0
6977.0,9722.0,7448.913,43.0
6982.0,9507.0,7449.272999999999,43.0
6985.0,9385.0,7449.433,43.0
6990.0,9215.0,7449.652,43.0
6997.0,9064.0,7449.852,43.0
7007.0,8936.0,7450.031999999999,43.0
7028.0,8751.0,7450.272,43.0
7062.0,8551.0,7450.531999999999,43.0
7098.0,8384.0,7450.7519999999995,43.0
7179.0,8083.0,7451.012,43.0
7237.0,7906.0,7451.393,43.0
7258.0,7848.0,7451.473,43.0
7339.0,7638.0,7451.772999999999,43.0
7392.0,7509.0,7451.9529999999995,43.0
7483.0,7251.0,7452.192999999999,43.0
7517.0,7114.0,7452.553,43.0
7537.0,6978.0,7452.753,43.0
7528.0,6746.0,7453.013,43.0
7490.0,6527.0,7453.413,43.0
7452.0,6367.0,7453.652999999999,43.0
7409.0,6194.0,7453.853,43.0
7371.0,6034.0,7454.152999999999,43.0
7330.0,5798.0,7454.513,43.0
7327.0,5772.0,7454.553,43.0
7318.0,5546.0,7454.913,43.0
7349.0,5354.0,7455.093,43.0
7374.0,5272.0,7455.373,43.0
7484.0,5038.0,7455.652999999999,43.0
7534.0,4954.0,7455.9529999999995,43.0
7626.0,4801.0,7456.2519999999995,43.0
7686.0,4690.0,7456.531999999999,43.0
7726.0,4603.0,7456.7119999999995,43.0
7769.0,4465.0,7456.871999999999,43.0
7788.0,4335.0,7457.2519999999995,43.0
7788.0,4244.0,7457.432,43.0
7748.0,4041.0,7457.753,43.0
7653.0,3818.0,7458.173,43.0
7588.0,3715.0,7458.572999999999,43.0
7487.0,3594.0,7458.793,43.0
7446.0,3555.0,7459.032999999999,43.0
7362.0,3489.0,7459.253,43.0
7222.0,3403.0,7459.572999999999,43.0
7089.0,3334.0,7459.812999999999,43.0
6962.0,3264.0,7460.112999999999,43.0
6760.0,3108.0,7460.433,43.0
6690.0,3039.0,7460.713,43.0
6595.0,2939.0,7460.933,43.0
6519.0,2854.0,7461.112999999999,43.0
6437.0,2754.0,7461.312999999999,43.0
6371.0,2663.0,7461.473,43.0
6276.0,2518.0,7461.732999999999,43.0
6151.0,2299.0,7462.053,43.0
6055.0,2114.0,7462.413,43.0
5929.0,1859.0,7462.673,43.0
5859.0,1716.0,7463.031999999999,43.0
5802.0,1597.0,7463.2119999999995,43.0
5738.0,1465.0,7463.411999999999,43.0
5649.0,1278.0,7463.692,43.0
5597.0,1170.0,7463.852,43.0
5540.0,1050.0,7464.031999999999,43.0
5471.0,905.0,7464.2519999999995,43.0
5393.0,742.0,7464.4929999999995,43.0
5341.0,633.0,7464.652999999999,43.0
5248.0,441.0,7464.933,43.0
5188.0,318.0,7465.112999999999,43.0
5121.0,180.0,7465.312999999999,43.0
5067.0,69.0,7465.473,43.0
5014.0,-41.0,7465.633,43.0
4954.0,-167.0,7465.812999999999,43.0
4826.0,-433.0,7466.173,43.0
4717.0,-658.0,7466.513,43.0
4610.0,-879.0,7466.793,43.0
4555.0,-993.0,7466.9529999999995,43.0
4486.0,-1135.0,7467.152999999999,43.0
4368.0,-1377.0,7467.353,43.0
4234.0,-1648.0,7467.793,43.0
4163.0,-1791.0,7468.072999999999,43.0
4033.0,-2048.0,7468.433,43.0
3975.0,-2162.0,7468.593,43.0
3888.0,-2329.0,7468.833,43.0
3771.0,-2554.0,7469.013,43.0
3689.0,-2709.0,7469.371999999999,43.0
3565.0,-2936.0,7469.692,43.0
3542.0,-2978.0,7469.7519999999995,43.0
3429.0,-3175.0,7470.031999999999,43.0
3354.0,-3300.0,7470.2119999999995,43.0
3198.0,-3532.0,7470.491999999999,43.0
3034.0,-3731.0,7470.812,43.0
2887.0,-3871.0,7471.253,43.0
2796.0,-3937.0,7471.433,43.0
2706.0,-3990.0,7471.593,43.0
2598.0,-4042.0,7471.793,43.0
2521.0,-4070.0,7471.9529999999995,43.0
2371.0,-4107.0,7472.232999999999,43.0
2204.0,-4115.0,7472.553,43.0
2143.0,-4110.0,7472.673,43.0
2063.0,-4097.0,7472.833,43.0
1924.0,-4058.0,7473.133,43.0
1820.0,-4014.0,7473.373,43.0
1740.0,-3969.0,7473.572999999999,43.0
1717.0,-3955.0,7473.633,43.0
1573.0,-3844.0,7473.933,43.0
1500.0,-3773.0,7474.253,43.0
1406.0,-3664.0,7474.553,43.0
1359.0,-3601.0,7474.713,43.0
1275.0,-3472.0,7475.013,43.0
1228.0,-3389.0,7475.192999999999,43.0
1167.0,-3274.0,7475.433,43.0
1109.0,-3165.0,7475.652999999999,43.0
1010.0,-2987.0,7475.873,43.0
936.0,-2869.0,7476.2519999999995,43.0
743.0,-2596.0,7476.812,43.0
648.0,-2468.0,7477.071999999999,43.0
553.0,-2338.0,7477.331999999999,43.0
486.0,-2248.0,7477.513,43.0
414.0,-2151.0,7477.732999999999,43.0
359.0,-2080.0,7477.893,43.0
290.0,-1989.0,7478.072999999999,43.0
230.0,-1914.0,7478.232999999999,43.0
103.0,-1760.0,7478.532999999999,43.0
271.0,-1876.0,7478.652999999999,43.0
407.0,-1949.0,7478.873,43.0
282.0,-1762.0,7479.232999999999,43.0
209.0,-1652.0,7479.413,43.0
132.0,-1537.0,7479.692999999999,43.0
76.0,-1454.0,7479.873,43.0
-16.0,-1315.0,7480.192999999999,43.0
-93.0,-1203.0,7480.433,43.0
-167.0,-1101.0,7480.753,43.0
-207.0,-1047.0,7480.913,43.0
-274.0,-963.0,7481.192999999999,43.0
-312.0,-920.0,7481.353,43.0
-377.0,-847.0,7481.652999999999,43.0
-428.0,-792.0,7481.913,43.0
-460.0,-756.0,7482.093,43.0
-494.0,-718.0,7482.293,43.0
-539.0,-670.0,7482.4529999999995,43.0
-898.0,-289.0,7482.911999999999,43.0
-919.0,-266.0,7483.172,43.0
-968.0,-214.0,7483.512,43.0
-1007.0,-173.0,7483.692,43.0
-1053.0,-124.0,7484.072999999999,43.0
-1102.0,-72.0,7484.353,43.0
-1163.0,-8.0,7484.692999999999,43.0
-1196.0,27.0,7485.013,43.0
-1260.0,94.0,7485.393,43.0
-1337.0,176.0,7485.612999999999,43.0
-1356.0,195.0,7485.732999999999,43.0
-1380.0,221.0,7485.893,43.0
-1441.0,285.0,7486.213,43.0
-1465.0,311.0,7486.4529999999995,43.0
-1510.0,359.0,7486.753,43.0
-1549.0,406.0,7486.973,43.0
-1570.0,438.0,7487.152999999999,43.0
-1591.0,481.0,7487.373,43.0
-1613.0,542.0,7487.673,43.0
-1616.0,554.0,7487.732999999999,43.0
-1623.0,597.0,7487.933,43.0
-1626.0,688.0,7488.232999999999,43.0
-1617.0,743.0,7488.612999999999,43.0
-1602.0,798.0,7488.873,43.0
-1584.0,839.0,7489.032999999999,43.0
-1546.0,905.0,7489.232,43.0
-1518.0,946.0,7489.572,44.0
-1482.0,1001.0,7489.872,44.0
-1437.0,1068.0,7490.112,44.0
-1386.0,1145.0,7490.512,44.0
-1366.0,1174.0,7490.813,44.0
-1332.0,1225.0,7491.073,44.0
-1301.0,1272.0,7491.313,44.0
-1279.0,1305.0,7491.4929999999995,44.0
-1250.0,1348.0,7491.733,44.0
-1208.0,1410.0,7491.9529999999995,44.0
-1194.0,1431.0,7492.193,44.0
-1169.0,1469.0,7492.413,44.0
-1134.0,1521.0,7492.733,44.0
-1118.0,1545.0,7492.893,44.0
-1102.0,1568.0,7493.053,44.0
-1075.0,1609.0,7493.373,44.0
-1063.0,1627.0,7493.533,44.0
-1050.0,1646.0,7493.713,44.0
-1030.0,1675.0,7493.893,44.0
-1020.0,1690.0,7494.233,44.0
-1008.0,1709.0,7494.553,44.0
-1004.0,1715.0,7494.693,44.0
-997.0,1725.0,7495.033,44.0
-995.0,1729.0,7495.193,44.0
-995.0,1729.0,7495.613,44.0
-995.0,1729.0,7495.772,44.0
-995.0,1729.0,7496.152,44.0
-995.0,1729.0,7496.332,44.0
-995.0,1729.0,7496.532,44.0
-995.0,1729.0,7496.812,44.0
-995.0,1729.0,7496.992,44.0
-995.0,1729.0,7497.293,44.0
-995.0,1729.0,7497.473,44.0
-995.0,1729.0,7497.813,44.0
-995.0,1729.0,7498.073,44.0
-995.0,1729.0,7498.533,44.0
-995.0,1729.0,7498.853,44.0
-995.0,1729.0,7499.133,44.0
-995.0,1729.0,7499.473,44.0
-995.0,1729.0,7499.853,44.0
-995.0,1729.0,7500.013,44.0
-995.0,1729.0,7500.253,44.0
-995.0,1729.0,7500.4929999999995,44.0
-995.0,1729.0,7500.793,44.0
-995.0,1729.0,7501.013,44.0
-995.0,1729.0,7501.293,44.0
-995.0,1729.0,7501.553,44.0
-995.0,1729.0,7501.753,44.0
-995.0,1729.0,7502.013,44.0
-995.0,1729.0,7502.392,44.0
-995.0,1729.0,7502.872,44.0
-994.0,1729.0,7502.932,44.0
-989.0,1737.0,7503.152,44.0
-981.0,1750.0,7503.592,44.0
-972.0,1762.0,7503.813,44.0
-955.0,1788.0,7504.093,44.0
-929.0,1827.0,7504.433,44.0
-910.0,1855.0,7504.813,44.0
-887.0,1891.0,7505.073,44.0
-860.0,1930.0,7505.333,44.0
-843.0,1957.0,7505.4929999999995,44.0
-820.0,1990.0,7505.693,44.0
-806.0,2012.0,7505.813,44.0
-767.0,2070.0,7506.133,44.0
-745.0,2102.0,7506.313,44.0
-703.0,2164.0,7506.553,44.0
-656.0,2234.0,7506.893,44.0
-612.0,2300.0,7507.333,44.0
-575.0,2355.0,7507.713,44.0
-531.0,2420.0,7507.9929999999995,44.0
-484.0,2489.0,7508.333,44.0
-438.0,2559.0,7508.833,44.0
-408.0,2603.0,7509.032,44.0
-368.0,2661.0,7509.392,44.0
-346.0,2694.0,7509.572,44.0
-324.0,2727.0,7509.7519999999995,44.0
-299.0,2764.0,7509.952,44.0
-270.0,2808.0,7510.192,44.0
-225.0,2874.0,7510.4529999999995,44.0
-198.0,2914.0,7510.773,44.0
-149.0,2987.0,7511.073,44.0
-124.0,3024.0,7511.373,44.0
-95.0,3068.0,7511.613,44.0
-82.0,3086.0,7511.713,44.0
-56.0,3125.0,7511.933,44.0
-31.0,3162.0,7512.133,44.0
-4.0,3203.0,7512.353,44.0
40.0,3269.0,7512.713,44.0
69.0,3313.0,7512.813,44.0
124.0,3393.0,7513.293,44.0
158.0,3444.0,7513.673,44.0
174.0,3469.0,7513.813,44.0
215.0,3529.0,7514.053,44.0
257.0,3591.0,7514.4929999999995,44.0
279.0,3624.0,7514.673,44.0
301.0,3657.0,7514.853,44.0
333.0,3705.0,7515.113,44.0
368.0,3756.0,7515.333,44.0
408.0,3817.0,7515.732,44.0
440.0,3865.0,7515.992,44.0
466.0,3902.0,7516.192,44.0
512.0,3961.0,7516.412,44.0
555.0,4003.0,7516.812,44.0
606.0,4040.0,7517.013,44.0
654.0,4069.0,7517.333,44.0
689.0,4087.0,7517.4929999999995,44.0
741.0,4110.0,7517.713,44.0
851.0,4144.0,7517.9929999999995,44.0
949.0,4159.0,7518.4529999999995,44.0
1002.0,4165.0,7518.613,44.0
1043.0,4171.0,7518.733,44.0
1150.0,4184.0,7519.033,44.0
1272.0,4199.0,7519.313,44.0
1361.0,4210.0,7519.573,44.0
1469.0,4224.0,7519.833,44.0
1582.0,4238.0,7520.093,44.0
1661.0,4248.0,7520.273,44.0
1812.0,4266.0,7520.573,44.0
1930.0,4279.0,7520.833,44.0
2041.0,4291.0,7521.053,44.0
2257.0,4314.0,7521.333,44.0
2361.0,4325.0,7521.673,44.0
2554.0,4358.0,7521.913,44.0
2665.0,4387.0,7522.272,44.0
2894.0,4467.0,7522.492,44.0
3091.0,4556.0,7522.832,44.0
3136.0,4574.0,7522.912,44.0
3354.0,4686.0,7523.172,44.0
3597.0,4864.0,7523.673,44.0
3668.0,4927.0,7523.9529999999995,44.0
3765.0,5020.0,7524.153,44.0
3911.0,5167.0,7524.473,44.0
4003.0,5259.0,7524.673,44.0
4088.0,5340.0,7524.853,44.0
4153.0,5402.0,7524.9929999999995,44.0
4276.0,5514.0,7525.273,44.0
4397.0,5619.0,7525.473,44.0
4516.0,5718.0,7525.893,44.0
4584.0,5772.0,7526.093,44.0
4642.0,5814.0,7526.313,44.0
4705.0,5851.0,7526.593,44.0
4785.0,5883.0,7526.853,44.0
4872.0,5899.0,7527.133,44.0
4975.0,5896.0,7527.393,44.0
5047.0,5882.0,7527.733,44.0
5083.0,5870.0,7527.873,44.0
5181.0,5814.0,7528.193,44.0
5213.0,5787.0,7528.4529999999995,44.0
5261.0,5739.0,7528.713,44.0
5307.0,5667.0,7529.032,44.0
5330.0,5616.0,7529.232,44.0
5355.0,5538.0,7529.392,44.0
5377.0,5433.0,7529.852,44.0
5385.0,5357.0,7529.932,44.0
5401.0,5202.0,7530.433,44.0
5422.0,5085.0,7530.613,44.0
5484.0,4941.0,7531.093,44.0
5523.0,4887.0,7531.4529999999995,44.0
5585.0,4821.0,7531.633,44.0
5631.0,4785.0,7531.9929999999995,44.0
5687.0,4752.0,7532.253,44.0
5739.0,4734.0,7532.4929999999995,44.0
5813.0,4734.0,7532.713,44.0
5839.0,4743.0,7532.9529999999995,44.0
5888.0,4769.0,7533.193,44.0
5918.0,4792.0,7533.353,44.0
5998.0,4871.0,7533.733,44.0
6027.0,4906.0,7533.9929999999995,44.0
6068.0,4964.0,7534.253,44.0
6120.0,5050.0,7534.4529999999995,44.0
6151.0,5114.0,7534.813,44.0
6179.0,5179.0,7535.013,44.0
6222.0,5301.0,7535.353,44.0
6242.0,5365.0,7535.512,44.0
6260.0,5432.0,7535.672,44.0
6280.0,5513.0,7535.852,44.0
6308.0,5648.0,7536.132,44.0
6330.0,5827.0,7536.372,44.0
6331.0,5982.0,7536.532,44.0
6315.0,6151.0,7536.9529999999995,44.0
6287.0,6298.0,7537.193,44.0
6260.0,6393.0,7537.353,44.0
6178.0,6595.0,7537.573,44.0
6107.0,6722.0,7537.913,44.0
6009.0,6866.0,7538.173,44.0
5877.0,7022.0,7538.473,44.0
5756.0,7138.0,7538.653,44.0
5603.0,7265.0,7538.9929999999995,44.0
5513.0,7337.0,7539.153,44.0
5338.0,7469.0,7539.4529999999995,44.0
5140.0,7627.0,7539.673,44.0
5000.0,7743.0,7540.033,44.0
4822.0,7894.0,7540.313,44.0
4644.0,8047.0,7540.653,44.0
4513.0,8160.0,7540.873,44.0
4465.0,8201.0,7540.9529999999995,44.0
4198.0,8429.0,7541.333,44.0
4075.0,8534.0,7541.593,44.0
3866.0,8715.0,7541.933,44.0
3829.0,8747.0,7541.9929999999995,44.0
3694.0,8866.0,7542.2119999999995,44.0
3437.0,9092.0,7542.552,44.0
3290.0,9221.0,7542.872,44.0
3142.0,9350.0,7543.112,44.0
2964.0,9507.0,7543.373,44.0
2716.0,9721.0,7543.733,44.0
2537.0,9878.0,7544.093,44.0
2295.0,10091.0,7544.353,44.0
2058.0,10303.0,7544.793,44.0
1841.0,10497.0,7545.213,44.0
1745.0,10578.0,7545.373,44.0
1527.0,10743.0,7545.633,44.0
1413.0,10811.0,7545.9529999999995,44.0
1302.0,10866.0,7546.153,44.0
1136.0,10924.0,7546.4529999999995,44.0
1032.0,10944.0,7546.653,44.0
914.0,10950.0,7546.873,44.0
882.0,10949.0,7546.933,44.0
693.0,10933.0,7547.253,44.0
608.0,10906.0,7547.533,44.0
513.0,10861.0,7547.773,44.0
446.0,10817.0,7547.973,44.0
328.0,10680.0,7548.333,44.0
296.0,10624.0,7548.633,44.0
265.0,10563.0,7548.832,44.0
242.0,10509.0,7549.012,44.0
196.0,10273.0,7549.813,44.0
189.0,10171.0,7550.153,44.0
184.0,10072.0,7550.373,44.0
176.0,9967.0,7550.793,44.0
169.0,9913.0,7550.9529999999995,44.0
152.0,9833.0,7551.193,44.0
134.0,9781.0,7551.353,44.0
141.0,9800.0,7551.553,44.0
91.0,9700.0,7551.753,44.0
64.0,9658.0,7552.053,44.0
-35.0,9554.0,7552.413,44.0
-86.0,9518.0,7552.713,44.0
-156.0,9479.0,7552.973,44.0
-246.0,9450.0,7553.153,44.0
-321.0,9441.0,7553.553,44.0
-443.0,9463.0,7553.893,44.0
-510.0,9497.0,7554.253,44.0
-585.0,9555.0,7554.433,44.0
-656.0,9639.0,7554.933,44.0
-695.0,9705.0,7555.053,44.0
-729.0,9784.0,7555.432,44.0
-760.0,9891.0,7555.612,44.0
-776.0,10047.0,7556.072,44.0
-760.0,10249.0,7556.533,44.0
-747.0,10323.0,7556.833,44.0
-726.0,10410.0,7556.993,44.0
-687.0,10537.0,7557.213,44.0
-602.0,10747.0,7557.553,44.0
-545.0,10867.0,7557.893,44.0
-497.0,10959.0,7558.073,44.0
-407.0,11129.0,7558.393,44.0
-358.0,11215.0,7558.553,44.0
-248.0,11388.0,7558.753,44.0
-171.0,11496.0,7559.073,44.0
-27.0,11678.0,7559.413,44.0
115.0,11834.0,7559.593,44.0
238.0,11955.0,7559.9529999999995,44.0
379.0,12082.0,7560.213,44.0
506.0,12184.0,7560.433,44.0
678.0,12306.0,7560.593,44.0
821.0,12392.0,7560.933,44.0
1102.0,12523.0,7561.253,44.0
1323.0,12604.0,7561.633,44.0
1490.0,12653.0,7561.853,44.0
1691.0,12704.0,7562.112,44.0
1707.0,12707.0,7562.132,44.0
1960.0,12754.0,7562.452,44.0
2139.0,12780.0,7562.632,44.0
2267.0,12796.0,7562.792,44.0
2428.0,12814.0,7562.993,44.0
2736.0,12846.0,7563.373,44.0
2955.0,12868.0,7563.533,44.0
3191.0,12892.0,7563.933,44.0
3272.0,12901.0,7564.033,44.0
3991.0,12981.0,7564.913,44.0
4269.0,13016.0,7565.173,44.0
4416.0,13036.0,7565.433,44.0
4758.0,13080.0,7565.733,44.0
5106.0,13112.0,7566.173,44.0
5196.0,13115.0,7566.413,44.0
5493.0,13086.0,7566.773,44.0
5813.0,12982.0,7567.173,44.0
5922.0,12924.0,7567.493,44.0
6177.0,12736.0,7567.833,44.0
6309.0,12598.0,7568.233,44.0
6382.0,12497.0,7568.413,44.0
6485.0,12309.0,7568.632,44.0
6549.0,12164.0,7568.932,44.0
6618.0,11974.0,7569.2119999999995,44.0
6669.0,11807.0,7569.452,44.0
6699.0,11694.0,7569.613,44.0
6757.0,11464.0,7569.793,44.0
6839.0,11071.0,7570.313,44.0
6881.0,10814.0,7570.633,44.0
6917.0,10539.0,7571.133,44.0
6921.0,10508.0,7571.173,44.0
6943.0,10291.0,7571.4529999999995,44.0
6965.0,10010.0,7571.713,44.0
6971.0,9884.0,7571.973,44.0
6980.0,9583.0,7572.353,44.0
6986.0,9345.0,7572.513,44.0
6990.0,9235.0,7572.793,44.0
7012.0,8880.0,7573.133,44.0
7028.0,8755.0,7573.413,44.0
7065.0,8538.0,7573.693,44.0
7098.0,8384.0,7573.893,44.0
7141.0,8216.0,7574.113,44.0
7180.0,8080.0,7574.293,44.0
7249.0,7872.0,7574.573,44.0
7357.0,7595.0,7574.833,44.0
7426.0,7421.0,7575.192,44.0
7499.0,7196.0,7575.432,44.0
7537.0,6974.0,7575.772,44.0
7524.0,6720.0,7576.233,44.0
7500.0,6577.0,7576.433,44.0
7466.0,6423.0,7576.653,44.0
7428.0,6270.0,7576.873,44.0
7400.0,6158.0,7577.033,44.0
7346.0,5911.0,7577.273,44.0
7319.0,5675.0,7577.693,44.0
7318.0,5562.0,7577.933,44.0
7355.0,5331.0,7578.313,44.0
7392.0,5226.0,7578.493,44.0
7444.0,5113.0,7578.693,44.0
7549.0,4929.0,7578.913,44.0
7630.0,4795.0,7579.293,44.0
7694.0,4674.0,7579.553,44.0
7740.0,4566.0,7579.813,44.0
7786.0,4364.0,7580.213,44.0
7782.0,4191.0,7580.413,44.0
7741.0,4019.0,7580.793,44.0
7709.0,3932.0,7581.073,44.0
7610.0,3746.0,7581.413,44.0
7533.0,3642.0,7581.7119999999995,44.0
7473.0,3578.0,7581.872,44.0
7308.0,3452.0,7582.232,44.0
7159.0,3369.0,7582.452,44.0
6938.0,3249.0,7582.813,44.0
6776.0,3123.0,7583.233,44.0
6660.0,3008.0,7583.473,44.0
6530.0,2867.0,7583.673,44.0
6259.0,2492.0,7584.353,44.0
6181.0,2356.0,7584.553,44.0
6119.0,2240.0,7584.733,44.0
6018.0,2041.0,7585.033,44.0
5912.0,1825.0,7585.293,44.0
5852.0,1701.0,7585.533,44.0
5792.0,1576.0,7585.713,44.0
5657.0,1295.0,7586.113,44.0
5623.0,1224.0,7586.213,44.0
5531.0,1030.0,7586.493,44.0
5481.0,925.0,7586.653,44.0
5377.0,708.0,7586.833,44.0
5258.0,462.0,7587.293,44.0
5160.0,259.0,7587.533,44.0
5089.0,113.0,7587.773,44.0
4955.0,-163.0,7588.153,44.0
4927.0,-222.0,7588.233,44.0
4843.0,-397.0,7588.472,44.0
4786.0,-515.0,7588.632,44.0
4730.0,-632.0,7588.792,44.0
4640.0,-819.0,7589.032,44.0
4526.0,-1054.0,7589.353,44.0
4433.0,-1245.0,7589.613,44.0
4375.0,-1363.0,7589.773,44.0
4277.0,-1561.0,7589.993,44.0
4156.0,-1803.0,7590.373,44.0
4023.0,-2068.0,7590.633,44.0
3970.0,-2170.0,7590.873,44.0
3865.0,-2374.0,7591.153,44.0
3812.0,-2476.0,7591.293,44.0
3711.0,-2668.0,7591.553,44.0
3641.0,-2799.0,7591.733,44.0
3529.0,-3001.0,7592.013,44.0
3430.0,-3172.0,7592.253,44.0
3363.0,-3285.0,7592.413,44.0
3294.0,-3394.0,7592.573,44.0
3205.0,-3523.0,7592.773,44.0
3049.0,-3714.0,7593.113,44.0
3002.0,-3764.0,7593.213,44.0
2878.0,-3877.0,7593.473,44.0
2797.0,-3936.0,7593.633,44.0
2680.0,-4004.0,7593.853,44.0
2146.0,-4111.0,7594.833,44.0
1953.0,-4069.0,7595.192,44.0
1912.0,-4054.0,7595.272,44.0
1792.0,-4000.0,7595.512,44.0
1679.0,-3930.0,7595.7519999999995,44.0
1556.0,-3830.0,7595.9529999999995,44.0
1411.0,-3672.0,7596.413,44.0
1293.0,-3502.0,7596.613,44.0
1250.0,-3429.0,7596.893,44.0
1192.0,-3322.0,7597.093,44.0
1117.0,-3180.0,7597.353,44.0
1033.0,-3027.0,7597.633,44.0
934.0,-2866.0,7597.833,44.0
870.0,-2771.0,7598.113,44.0
779.0,-2645.0,7598.353,44.0
678.0,-2508.0,7598.613,44.0
584.0,-2381.0,7598.853,44.0
466.0,-2221.0,7599.033,44.0
320.0,-2028.0,7599.393,44.0
107.0,-1765.0,7599.933,44.0
0.0,-1640.0,7600.273,44.0
-123.0,-1501.0,7600.473,44.0
-243.0,-1366.0,7600.733,44.0
-340.0,-1256.0,7600.933,44.0
-506.0,-1081.0,7601.373,44.0
-595.0,-1010.0,7601.7519999999995,44.0
-694.0,-954.0,7602.132,44.0
-731.0,-939.0,7602.2519999999995,44.0
-797.0,-920.0,7602.473,44.0
-852.0,-913.0,7602.653,44.0
-907.0,-912.0,7602.833,44.0
-985.0,-920.0,7603.113,44.0
-1030.0,-933.0,7603.273,44.0
-1075.0,-954.0,7603.4529999999995,44.0
-1132.0,-989.0,7603.693,44.0
-1188.0,-1031.0,7603.933,44.0
-1241.0,-1073.0,7604.153,44.0
-1288.0,-1106.0,7604.333,44.0
-1338.0,-1135.0,7604.513,44.0
-1415.0,-1164.0,7604.773,44.0
-1491.0,-1173.0,7605.013,44.0
-1543.0,-1168.0,7605.173,44.0
-1616.0,-1151.0,7605.393,44.0
-1723.0,-1111.0,7605.673,44.0
-1847.0,-1039.0,7606.093,44.0
-1913.0,-982.0,7606.393,44.0
-2008.0,-872.0,7606.693,44.0
-2072.0,-792.0,7606.993,44.0
-2124.0,-719.0,7607.193,44.0
-2208.0,-560.0,7607.4529999999995,44.0
-2284.0,-320.0,7607.913,44.0
-2307.0,-163.0,7608.332,44.0
-2314.0,-33.0,7608.552,44.0
-2312.0,62.0,7608.7119999999995,44.0
-2286.0,261.0,7608.912,44.0
-2203.0,524.0,7609.413,44.0
-2125.0,679.0,7609.593,44.0
-2047.0,807.0,7609.873,44.0
-1934.0,966.0,7610.153,44.0
-1869.0,1055.0,7610.313,44.0
-1750.0,1217.0,7610.612999999999,45.0
-1680.0,1310.0,7610.773,45.0
-1552.0,1473.0,7611.053,45.0
-1467.0,1578.0,7611.233,45.0
-1337.0,1747.0,7611.513,45.0
-1263.0,1847.0,7611.673,45.0
-1125.0,2038.0,7611.853,45.0
-966.0,2256.0,7612.313,45.0
-881.0,2373.0,7612.4929999999995,45.0
-805.0,2478.0,7612.652999999999,45.0
-672.0,2662.0,7612.933,45.0
-569.0,2810.0,7613.112999999999,45.0
-384.0,3083.0,7613.553,45.0
-247.0,3291.0,7613.713,45.0
-182.0,3387.0,7613.9929999999995,45.0
-9.0,3629.0,7614.353,45.0
89.0,3759.0,7614.553,45.0
180.0,3874.0,7614.733,45.0
308.0,4021.0,7614.972,45.0
479.0,4190.0,7615.172,45.0
722.0,4361.0,7615.532,45.0
1002.0,4470.0,7616.013,45.0
1233.0,4510.0,7616.333,45.0
1499.0,4520.0,7616.553,45.0
1669.0,4513.0,7616.893,45.0
1929.0,4484.0,7617.233,45.0
2095.0,4461.0,7617.4529999999995,45.0
2125.0,4458.0,7617.4929999999995,45.0
2352.0,4440.0,7617.793,45.0
2490.0,4439.0,7617.973,45.0
2611.0,4443.0,7618.133,45.0
2833.0,4474.0,7618.433,45.0
2994.0,4517.0,7618.652999999999,45.0
3108.0,4558.0,7618.813,45.0
3230.0,4614.0,7618.9929999999995,45.0
3412.0,4722.0,7619.273,45.0
3510.0,4793.0,7619.433,45.0
3557.0,4830.0,7619.513,45.0
3693.0,4949.0,7619.753,45.0
3905.0,5161.0,7620.112999999999,45.0
4050.0,5304.0,7620.433,45.0
4171.0,5418.0,7620.673,45.0
4301.0,5537.0,7620.873,45.0
4396.0,5618.0,7621.173,45.0
4543.0,5740.0,7621.552,45.0
4619.0,5799.0,7621.732,45.0
4675.0,5835.0,7621.892,45.0
4731.0,5864.0,7622.052,45.0
4834.0,5895.0,7622.353,45.0
4881.0,5900.0,7622.473,45.0
5013.0,5891.0,7622.733,45.0
5098.0,5864.0,7623.133,45.0
5152.0,5835.0,7623.333,45.0
5187.0,5810.0,7623.473,45.0
5243.0,5759.0,7623.733,45.0
5302.0,5677.0,7624.032999999999,45.0
5338.0,5595.0,7624.413,45.0
5343.0,5579.0,7624.473,45.0
5370.0,5472.0,7624.853,45.0
5378.0,5424.0,7625.013,45.0
5406.0,5160.0,7625.833,45.0
5430.0,5059.0,7626.133,45.0
5451.0,5005.0,7626.313,45.0
5479.0,4950.0,7626.513,45.0
5508.0,4906.0,7626.692999999999,45.0
5537.0,4871.0,7626.853,45.0
5586.0,4821.0,7627.112999999999,45.0
5627.0,4788.0,7627.313,45.0
5660.0,4766.0,7627.473,45.0
5716.0,4740.0,7627.733,45.0
5764.0,4730.0,7627.9529999999995,45.0
5836.0,4742.0,7628.172,45.0
5917.0,4791.0,7628.612,45.0
5949.0,4819.0,7628.893,45.0
5979.0,4850.0,7629.072999999999,45.0
6028.0,4907.0,7629.373,45.0
6081.0,4983.0,7629.652999999999,45.0
6111.0,5034.0,7629.913,45.0
6167.0,5151.0,7630.173,45.0
6209.0,5261.0,7630.633,45.0
6236.0,5345.0,7630.853,45.0
6263.0,5444.0,7631.093,45.0
6283.0,5525.0,7631.273,45.0
6294.0,5572.0,7631.373,45.0
6329.0,5806.0,7631.692999999999,45.0
6333.0,5891.0,7631.853,45.0
6326.0,6060.0,7632.152999999999,45.0
6309.0,6189.0,7632.373,45.0
6307.0,6201.0,7632.393,45.0
6282.0,6318.0,7632.593,45.0
6191.0,6567.0,7632.893,45.0
6096.0,6740.0,7633.313,45.0
5970.0,6916.0,7633.572999999999,45.0
5747.0,7145.0,7633.9929999999995,45.0
5660.0,7220.0,7634.253,45.0
5547.0,7310.0,7634.4529999999995,45.0
5359.0,7453.0,7634.772,45.0
5160.0,7611.0,7634.972,45.0
4984.0,7757.0,7635.413,45.0
4921.0,7810.0,7635.553,45.0
4684.0,8013.0,7635.873,45.0
4533.0,8142.0,7636.192999999999,45.0
4351.0,8298.0,7636.4929999999995,45.0
4228.0,8404.0,7636.692999999999,45.0
3856.0,8723.0,7637.293,45.0
3658.0,8898.0,7637.612999999999,45.0
3398.0,9126.0,7637.893,45.0
3174.0,9322.0,7638.293,45.0
2926.0,9540.0,7638.692999999999,45.0
2676.0,9757.0,7639.053,45.0
2439.0,9963.0,7639.4929999999995,45.0
2215.0,10163.0,7639.893,45.0
2021.0,10337.0,7640.112999999999,45.0
1852.0,10488.0,7640.513,45.0
1737.0,10584.0,7640.713,45.0
1638.0,10664.0,7640.893,45.0
1421.0,10807.0,7641.152999999999,45.0
1308.0,10863.0,7641.512,45.0
1146.0,10921.0,7641.7919999999995,45.0
1031.0,10943.0,7642.072999999999,45.0
856.0,10949.0,7642.433,45.0
792.0,10946.0,7642.572999999999,45.0
700.0,10935.0,7642.793,45.0
572.0,10890.0,7642.973,45.0
484.0,10844.0,7643.353,45.0
357.0,10723.0,7643.652999999999,45.0
282.0,10600.0,7644.053,45.0
243.0,10516.0,7644.353,45.0
208.0,10393.0,7644.652999999999,45.0
192.0,10246.0,7644.893,45.0
186.0,10113.0,7645.253,45.0
179.0,10000.0,7645.4929999999995,45.0
170.0,9920.0,7645.673,45.0
137.0,9788.0,7645.933,45.0
82.0,9682.0,7646.373,45.0
44.0,9631.0,7646.553,45.0
-37.0,9552.0,7646.753,45.0
-79.0,9522.0,7647.053,45.0
-199.0,9462.0,7647.353,45.0
-267.0,9446.0,7647.733,45.0
-357.0,9443.0,7647.932,45.0
-441.0,9463.0,7648.371999999999,45.0
-501.0,9492.0,7648.612999999999,45.0
-572.0,9543.0,7648.833,45.0
-657.0,9641.0,7649.273,45.0
-684.0,9684.0,7649.513,45.0
-721.0,9762.0,7649.773,45.0
-757.0,9878.0,7649.973,45.0
-776.0,10024.0,7650.4929999999995,45.0
-773.0,10134.0,7650.692999999999,45.0
-743.0,10344.0,7651.112999999999,45.0
-692.0,10526.0,7651.473,45.0
-678.0,10565.0,7651.553,45.0
-587.0,10779.0,7651.913,45.0
-509.0,10937.0,7652.273,45.0
-458.0,11034.0,7652.4529999999995,45.0
-398.0,11143.0,7652.652999999999,45.0
-334.0,11255.0,7652.853,45.0
-270.0,11355.0,7653.032999999999,45.0
-136.0,11543.0,7653.253,45.0
74.0,11792.0,7653.733,45.0
197.0,11916.0,7654.072999999999,45.0
283.0,11997.0,7654.233,45.0
490.0,12172.0,7654.592,45.0
676.0,12305.0,7654.7919999999995,45.0
906.0,12435.0,7655.213,45.0
1181.0,12554.0,7655.612999999999,45.0
1393.0,12625.0,7655.793,45.0
1532.0,12665.0,7656.072999999999,45.0
1737.0,12713.0,7656.333,45.0
1973.0,12757.0,7656.612999999999,45.0
2074.0,12772.0,7656.692999999999,45.0
2336.0,12804.0,7657.013,45.0
2483.0,12820.0,7657.192999999999,45.0
2680.0,12840.0,7657.433,45.0
2844.0,12857.0,7657.633,45.0
2992.0,12872.0,7657.813,45.0
3289.0,12903.0,7658.093,45.0
3670.0,12945.0,7658.4929999999995,45.0
3770.0,12956.0,7658.753,45.0
4118.0,12997.0,7659.093,45.0
4350.0,13027.0,7659.4529999999995,45.0
4532.0,13052.0,7659.673,45.0
4697.0,13073.0,7659.873,45.0
4828.0,13088.0,7660.032999999999,45.0
4976.0,13102.0,7660.213,45.0
5106.0,13112.0,7660.373,45.0
5295.0,13113.0,7660.612999999999,45.0
5595.0,13061.0,7660.913,45.0
5749.0,13010.0,7661.232,45.0
5978.0,12890.0,7661.592,45.0
6013.0,12866.0,7661.652999999999,45.0
6169.0,12744.0,7661.933,45.0
6300.0,12609.0,7662.213,45.0
6402.0,12465.0,7662.373,45.0
6509.0,12258.0,7662.773,45.0
6591.0,12054.0,7663.053,45.0
6641.0,11900.0,7663.293,45.0
6698.0,11699.0,7663.572999999999,45.0
6717.0,11627.0,7663.673,45.0
6773.0,11393.0,7663.9929999999995,45.0
6805.0,11244.0,7664.192999999999,45.0
6829.0,11124.0,7664.353,45.0
6872.0,10873.0,7664.652999999999,45.0
6904.0,10643.0,7664.893,45.0
6933.0,10394.0,7665.273,45.0
6953.0,10175.0,7665.532999999999,45.0
6974.0,9815.0,7665.9529999999995,45.0
6980.0,9625.0,7666.253,45.0
6984.0,9434.0,7666.4929999999995,45.0
6990.0,9227.0,7666.753,45.0
6993.0,9148.0,7666.853,45.0
7005.0,8958.0,7667.112999999999,45.0
7037.0,8691.0,7667.333,45.0
7072.0,8504.0,7667.692,45.0
7142.0,8212.0,7667.972,45.0
7250.0,7868.0,7668.393,45.0
7318.0,7692.0,7668.773,45.0
7383.0,7532.0,7668.9929999999995,45.0
7428.0,7415.0,7669.152999999999,45.0
7487.0,7239.0,7669.393,45.0
7496.0,6552.0,7670.353,45.0
7459.0,6392.0,7670.572999999999,45.0
7401.0,6162.0,7670.873,45.0
7336.0,5846.0,7671.253,45.0
7316.0,5598.0,7671.692999999999,45.0
7337.0,5402.0,7671.873,45.0
7364.0,5300.0,7672.152999999999,45.0
7407.0,5188.0,7672.333,45.0
7519.0,4979.0,7672.692999999999,45.0
7566.0,4901.0,7672.833,45.0
7657.0,4743.0,7673.133,45.0
7733.0,4585.0,7673.513,45.0
7762.0,4494.0,7673.692999999999,45.0
7778.0,4423.0,7673.833,45.0
7786.0,4231.0,7674.072999999999,45.0
7769.0,4118.0,7674.432,45.0
7712.0,3940.0,7674.793,45.0
7704.0,3921.0,7674.833,45.0
7629.0,3776.0,7675.152999999999,45.0
7558.0,3674.0,7675.393,45.0
7465.0,3571.0,7675.553,45.0
7292.0,3443.0,7676.032999999999,45.0
7209.0,3396.0,7676.192999999999,45.0
7057.0,3316.0,7676.373,45.0
6938.0,3248.0,7676.692999999999,45.0
6796.0,3141.0,7676.973,45.0
6641.0,2989.0,7677.293,45.0
6557.0,2898.0,7677.473,45.0
6477.0,2804.0,7677.652999999999,45.0
6334.0,2610.0,7677.833,45.0
6213.0,2412.0,7678.293,45.0
6149.0,2297.0,7678.473,45.0
6054.0,2113.0,7678.753,45.0
6007.0,2019.0,7678.893,45.0
5941.0,1883.0,7679.093,45.0
5834.0,1663.0,7679.333,45.0
5732.0,1453.0,7679.713,45.0
5617.0,1211.0,7679.973,45.0
5542.0,1053.0,7680.273,45.0
5491.0,947.0,7680.433,45.0
5387.0,729.0,7680.733,45.0
5268.0,482.0,7680.992,45.0
5197.0,336.0,7681.272,45.0
5084.0,102.0,7681.593,45.0
5027.0,-14.0,7681.753,45.0
4914.0,-249.0,7682.032999999999,45.0
4794.0,-499.0,7682.413,45.0
4650.0,-796.0,7682.652999999999,45.0
4543.0,-1017.0,7683.013,45.0
4443.0,-1224.0,7683.373,45.0
4371.0,-1371.0,7683.572999999999,45.0
4225.0,-1665.0,7683.873,45.0
4093.0,-1929.0,7684.233,45.0
3966.0,-2179.0,7684.673,45.0
3944.0,-2223.0,7684.733,45.0
3839.0,-2425.0,7685.013,45.0
3778.0,-2540.0,7685.173,45.0
3625.0,-2828.0,7685.4929999999995,45.0
3464.0,-3115.0,7685.933,45.0
3355.0,-3299.0,7686.233,45.0
3275.0,-3423.0,7686.413,45.0
3114.0,-3639.0,7686.753,45.0
3094.0,-3662.0,7686.793,45.0
2956.0,-3811.0,7687.072999999999,45.0
2777.0,-3949.0,7687.293,45.0
2665.0,-4012.0,7687.612,45.0
2464.0,-4088.0,7687.973,45.0
2378.0,-4106.0,7688.133,45.0
2246.0,-4117.0,7688.353,45.0
2160.0,-4113.0,7688.513,45.0
1988.0,-4080.0,7688.813,45.0
1875.0,-4040.0,7689.032999999999,45.0
1796.0,-4002.0,7689.192999999999,45.0
1721.0,-3958.0,7689.353,45.0
1614.0,-3880.0,7689.593,45.0
1538.0,-3813.0,7689.773,45.0
1467.0,-3738.0,7689.9529999999995,45.0
1394.0,-3650.0,7690.152999999999,45.0
1340.0,-3574.0,7690.313,45.0
1200.0,-3337.0,7690.652999999999,45.0
1108.0,-3164.0,7691.093,45.0
1037.0,-3033.0,7691.273,45.0
959.0,-2905.0,7691.572999999999,45.0
853.0,-2746.0,7691.873,45.0
815.0,-2694.0,7691.973,45.0
699.0,-2537.0,7692.273,45.0
550.0,-2335.0,7692.513,45.0
456.0,-2207.0,7692.893,45.0
377.0,-2102.0,7693.112999999999,45.0
278.0,-1974.0,7693.353,45.0
202.0,-1879.0,7693.532999999999,45.0
125.0,-1785.0,7693.713,45.0
-302.0,-1299.0,7694.472,45.0
-360.0,-1233.0,7694.753,45.0
-460.0,-1125.0,7695.053,45.0
-516.0,-1071.0,7695.233,45.0
-616.0,-995.0,7695.4929999999995,45.0
-713.0,-945.0,7695.853,45.0
-745.0,-933.0,7695.9529999999995,45.0
-878.0,-912.0,7696.313,45.0
-981.0,-919.0,7696.713,45.0
-1014.0,-928.0,7696.833,45.0
-1057.0,-944.0,7696.9929999999995,45.0
-1179.0,-1024.0,7697.373,45.0
-1232.0,-1065.0,7697.713,45.0
-1267.0,-1092.0,7697.853,45.0
-1360.0,-1146.0,7698.192999999999,45.0
-1434.0,-1168.0,7698.353,45.0
-1548.0,-1167.0,7698.833,45.0
-1619.0,-1150.0,7699.013,45.0
-1740.0,-1103.0,7699.373,45.0
-1798.0,-1072.0,7699.692999999999,45.0
-1897.0,-996.0,7700.013,45.0
-2006.0,-874.0,7700.433,45.0
-2079.0,-782.0,7700.852,45.0
-2140.0,-695.0,7701.052,45.0
-2196.0,-587.0,7701.313,45.0
-2247.0,-456.0,7701.593,45.0
-2276.0,-356.0,7701.793,45.0
-2310.0,-123.0,7702.112999999999,45.0
-2308.0,115.0,7702.513,45.0
-2280.0,289.0,7702.893,45.0
-2202.0,525.0,7703.152999999999,45.0
-2132.0,667.0,7703.4529999999995,45.0
-2062.0,784.0,7703.652999999999,45.0
-2023.0,840.0,7703.793,45.0
-1825.0,1116.0,7704.173,45.0
-1766.0,1197.0,7704.393,45.0
-1632.0,1372.0,7704.692999999999,46.0
-1501.0,1536.0,7704.973,46.0
-1332.0,1754.0,7705.192999999999,46.0
-1175.0,1969.0,7705.612999999999,46.0
-1054.0,2136.0,7705.933,46.0
-997.0,2214.0,7706.053,46.0
-893.0,2357.0,7706.272999999999,46.0
-759.0,2542.0,7706.553,46.0
-644.0,2701.0,7706.793,46.0
-560.0,2823.0,7706.973,46.0
-457.0,2975.0,7707.192999999999,46.0
-309.0,3197.0,7707.411999999999,46.0
-188.0,3378.0,7707.772999999999,46.0
-43.0,3582.0,7708.072999999999,46.0
121.0,3801.0,7708.272999999999,46.0
666.0,4329.0,7709.333,46.0
883.0,4433.0,7709.633,46.0
1071.0,4486.0,7709.873,46.0
1325.0,4517.0,7710.053,46.0
1577.0,4518.0,7710.4929999999995,46.0
1747.0,4507.0,7710.732999999999,46.0
2008.0,4473.0,7711.072999999999,46.0
2283.0,4444.0,7711.333,46.0
2574.0,4441.0,7711.732999999999,46.0
2783.0,4464.0,7712.093,46.0
2917.0,4495.0,7712.272999999999,46.0
3078.0,4546.0,7712.4929999999995,46.0
3243.0,4621.0,7712.732999999999,46.0
3348.0,4681.0,7712.893,46.0
3474.0,4766.0,7713.093,46.0
3706.0,4961.0,7713.393,46.0
3782.0,5036.0,7713.633,46.0
3940.0,5196.0,7713.932,46.0
4002.0,5258.0,7714.052,46.0
4215.0,5459.0,7714.333,46.0
4321.0,5554.0,7714.713,46.0
4427.0,5644.0,7714.9529999999995,46.0
4600.0,5785.0,7715.272999999999,46.0
4704.0,5851.0,7715.633,46.0
4786.0,5884.0,7715.9529999999995,46.0
4856.0,5898.0,7716.152999999999,46.0
4940.0,5900.0,7716.393,46.0
5018.0,5890.0,7716.633,46.0
5073.0,5874.0,7716.812999999999,46.0
5144.0,5840.0,7717.072999999999,46.0
5174.0,5820.0,7717.192999999999,46.0
5253.0,5748.0,7717.4929999999995,46.0
5286.0,5704.0,7717.772999999999,46.0
5310.0,5661.0,7717.9529999999995,46.0
5334.0,5605.0,7718.173,46.0
5362.0,5511.0,7718.513,46.0
5374.0,5452.0,7718.713,46.0
5384.0,5370.0,7718.973,46.0
5390.0,5303.0,7719.173,46.0
5396.0,5232.0,7719.373,46.0
5402.0,5184.0,7719.532999999999,46.0
5415.0,5113.0,7719.732999999999,46.0
5430.0,5060.0,7719.893,46.0
5470.0,4966.0,7720.213,46.0
5502.0,4915.0,7720.413,46.0
5530.0,4878.0,7720.571999999999,46.0
5564.0,4842.0,7720.7519999999995,46.0
5612.0,4799.0,7720.9929999999995,46.0
5629.0,4787.0,7721.072999999999,46.0
5721.0,4739.0,7721.413,46.0
5789.0,4730.0,7721.812999999999,46.0
5837.0,4742.0,7722.032999999999,46.0
5858.0,4751.0,7722.133,46.0
5912.0,4787.0,7722.413,46.0
5944.0,4815.0,7722.593,46.0
5971.0,4842.0,7722.753,46.0
6014.0,4890.0,7723.013,46.0
6061.0,4953.0,7723.213,46.0
6097.0,5010.0,7723.553,46.0
6123.0,5057.0,7723.732999999999,46.0
6154.0,5121.0,7723.9529999999995,46.0
6221.0,5298.0,7724.333,46.0
6240.0,5360.0,7724.633,46.0
6267.0,5460.0,7724.873,46.0
6287.0,5541.0,7725.053,46.0
6304.0,5626.0,7725.232999999999,46.0
6328.0,5793.0,7725.433,46.0
6332.0,5965.0,7725.753,46.0
6321.0,6103.0,7725.9929999999995,46.0
6312.0,6173.0,7726.112999999999,46.0
6294.0,6265.0,7726.272999999999,46.0
6225.0,6490.0,7726.593,46.0
6146.0,6654.0,7726.933,46.0
6070.0,6781.0,7727.152,46.0
5982.0,6902.0,7727.371999999999,46.0
5853.0,7047.0,7727.572999999999,46.0
5722.0,7167.0,7727.913,46.0
5604.0,7265.0,7728.112999999999,46.0
5477.0,7364.0,7728.333,46.0
5287.0,7509.0,7728.652999999999,46.0
5168.0,7604.0,7728.853,46.0
5062.0,7692.0,7729.032999999999,46.0
4972.0,7767.0,7729.192999999999,46.0
4765.0,7943.0,7729.433,46.0
4595.0,8089.0,7729.833,46.0
4460.0,8204.0,7730.053,46.0
4300.0,8342.0,7730.253,46.0
4101.0,8513.0,7730.633,46.0
3912.0,8675.0,7730.873,46.0
3712.0,8850.0,7731.253,46.0
3485.0,9050.0,7731.513,46.0
3359.0,9160.0,7731.812999999999,46.0
3195.0,9304.0,7732.072999999999,46.0
3056.0,9426.0,7732.293,46.0
2854.0,9603.0,7732.553,46.0
2587.0,9834.0,7732.973,46.0
2410.0,9989.0,7733.312999999999,46.0
2200.0,10176.0,7733.612999999999,46.0
2107.0,10260.0,7733.772,46.0
1958.0,10394.0,7734.013,46.0
1878.0,10465.0,7734.152999999999,46.0
1742.0,10580.0,7734.373,46.0
1636.0,10665.0,7734.572999999999,46.0
1541.0,10735.0,7734.732999999999,46.0
1412.0,10812.0,7734.973,46.0
1289.0,10872.0,7735.213,46.0
1204.0,10903.0,7735.373,46.0
997.0,10947.0,7735.652999999999,46.0
946.0,10949.0,7735.893,46.0
846.0,10949.0,7736.093,46.0
737.0,10941.0,7736.333,46.0
638.0,10917.0,7736.572999999999,46.0
547.0,10879.0,7736.793,46.0
453.0,10823.0,7737.053,46.0
394.0,10769.0,7737.253,46.0
327.0,10680.0,7737.513,46.0
288.0,10612.0,7737.692999999999,46.0
229.0,10479.0,7737.933,46.0
196.0,10298.0,7738.333,46.0
186.0,10113.0,7738.772999999999,46.0
178.0,9992.0,7739.112999999999,46.0
162.0,9870.0,7739.393,46.0
146.0,9813.0,7739.593,46.0
110.0,9729.0,7739.753,46.0
59.0,9649.0,7740.093,46.0
18.0,9602.0,7740.272999999999,46.0
-107.0,9505.0,7740.633,46.0
-156.0,9479.0,7740.933,46.0
-246.0,9450.0,7741.253,46.0
-294.0,9443.0,7741.433,46.0
-359.0,9443.0,7741.652999999999,46.0
-442.0,9463.0,7741.893,46.0
-497.0,9489.0,7742.192999999999,46.0
-538.0,9516.0,7742.373,46.0
-573.0,9544.0,7742.532999999999,46.0
-636.0,9612.0,7742.853,46.0
-680.0,9679.0,7743.112999999999,46.0
-718.0,9754.0,7743.253,46.0
-761.0,9894.0,7743.692999999999,46.0
-775.0,9999.0,7744.072999999999,46.0
-776.0,10080.0,7744.272999999999,46.0
-764.0,10228.0,7744.513,46.0
-746.0,10329.0,7744.833,46.0
-682.0,10553.0,7745.213,46.0
-625.0,10694.0,7745.373,46.0
-548.0,10860.0,7745.812999999999,46.0
-483.0,10987.0,7746.013,46.0
-412.0,11118.0,7746.293,46.0
-258.0,11374.0,7746.633,46.0
-179.0,11485.0,7746.951999999999,46.0
-87.0,11606.0,7747.173,46.0
-14.0,11693.0,7747.333,46.0
178.0,11897.0,7747.692999999999,46.0
312.0,12023.0,7747.973,46.0
425.0,12120.0,7748.173,46.0
568.0,12230.0,7748.413,46.0
694.0,12317.0,7748.612999999999,46.0
980.0,12470.0,7748.893,46.0
1242.0,12576.0,7749.272999999999,46.0
1485.0,12652.0,7749.713,46.0
1657.0,12696.0,7749.933,46.0
1831.0,12732.0,7750.152999999999,46.0
2090.0,12774.0,7750.293,46.0
2481.0,12819.0,7750.753,46.0
2579.0,12830.0,7751.013,46.0
2824.0,12855.0,7751.312999999999,46.0
3070.0,12879.0,7751.612999999999,46.0
3251.0,12899.0,7751.793,46.0
3548.0,12931.0,7752.192999999999,46.0
3647.0,12943.0,7752.312999999999,46.0
3896.0,12970.0,7752.612999999999,46.0
4094.0,12994.0,7752.853,46.0
4310.0,13022.0,7753.013,46.0
4558.0,13055.0,7753.413,46.0
4706.0,13074.0,7753.592,46.0
4960.0,13101.0,7753.793,46.0
5125.0,13113.0,7754.112999999999,46.0
5416.0,13100.0,7754.473,46.0
5589.0,13063.0,7754.753,46.0
5698.0,13029.0,7754.913,46.0
5853.0,12962.0,7755.152999999999,46.0
5975.0,12892.0,7755.353,46.0
6189.0,12726.0,7755.713,46.0
6332.0,12569.0,7756.032999999999,46.0
6585.0,12071.0,7756.793,46.0
6662.0,11830.0,7757.133,46.0
6706.0,11670.0,7757.353,46.0
6756.0,11464.0,7757.572999999999,46.0
6806.0,11240.0,7757.933,46.0
6834.0,11099.0,7758.112999999999,46.0
6870.0,10887.0,7758.353,46.0
6909.0,10609.0,7758.572999999999,46.0
6925.0,10468.0,7758.893,46.0
6943.0,10295.0,7759.112999999999,46.0
6954.0,10169.0,7759.272999999999,46.0
6970.0,9916.0,7759.593,46.0
6977.0,9741.0,7759.812999999999,46.0
6980.0,9597.0,7759.9929999999995,46.0
6983.0,9438.0,7760.192,46.0
6986.0,9343.0,7760.312999999999,46.0
6992.0,9185.0,7760.513,46.0
7011.0,8895.0,7760.772999999999,46.0
7049.0,8622.0,7761.253,46.0
7057.0,8576.0,7761.312999999999,46.0
7115.0,8314.0,7761.652999999999,46.0
7152.0,8177.0,7761.833,46.0
7226.0,7938.0,7762.013,46.0
7273.0,7805.0,7762.333,46.0
7337.0,7645.0,7762.553,46.0
7419.0,7440.0,7762.833,46.0
7488.0,7235.0,7763.112999999999,46.0
7513.0,7136.0,7763.293,46.0
7535.0,6995.0,7763.4929999999995,46.0
7537.0,6838.0,7763.713,46.0
7520.0,6690.0,7763.913,46.0
7478.0,6471.0,7764.133,46.0
7447.0,6342.0,7764.393,46.0
7389.0,6114.0,7764.713,46.0
7358.0,5973.0,7764.913,46.0
7338.0,5862.0,7765.072999999999,46.0
7322.0,5726.0,7765.272999999999,46.0
7323.0,5489.0,7765.532999999999,46.0
7350.0,5347.0,7765.853,46.0
7436.0,5128.0,7766.213,46.0
7460.0,5081.0,7766.293,46.0
7512.0,4991.0,7766.4529999999995,46.0
7585.0,4870.0,7766.673,46.0
7655.0,4749.0,7766.933,46.0
7695.0,4672.0,7767.093,46.0
7742.0,4560.0,7767.312999999999,46.0
7784.0,4385.0,7767.652999999999,46.0
7783.0,4196.0,7767.873,46.0
7763.0,4092.0,7768.213,46.0
7739.0,4010.0,7768.373,46.0
7659.0,3828.0,7768.692999999999,46.0
7579.0,3702.0,7769.032999999999,46.0
7496.0,3601.0,7769.272999999999,46.0
7464.0,3570.0,7769.353,46.0
7316.0,3458.0,7769.673,46.0
7144.0,3362.0,7769.853,46.0
7021.0,3297.0,7770.213,46.0
6882.0,3210.0,7770.473,46.0
6771.0,3118.0,7770.692999999999,46.0
6645.0,2993.0,7770.913,46.0
6461.0,2785.0,7771.353,46.0
6331.0,2606.0,7771.553,46.0
6146.0,2290.0,7771.973,46.0
6104.0,2211.0,7772.232999999999,46.0
6043.0,2092.0,7772.413,46.0
5909.0,1819.0,7772.753,46.0
5829.0,1652.0,7773.053,46.0
5747.0,1484.0,7773.293,46.0
5625.0,1228.0,7773.532999999999,46.0
5556.0,1084.0,7773.853,46.0
5442.0,845.0,7774.213,46.0
5376.0,706.0,7774.393,46.0
5242.0,428.0,7774.633,46.0
5192.0,326.0,7774.913,46.0
5121.0,179.0,7775.112999999999,46.0
5000.0,-70.0,7775.4529999999995,46.0
4893.0,-292.0,7775.633,46.0
4822.0,-440.0,7775.9529999999995,46.0
4758.0,-573.0,7776.133,46.0
4687.0,-721.0,7776.333,46.0
4611.0,-878.0,7776.532999999999,46.0
4539.0,-1027.0,7776.732999999999,46.0
4409.0,-1294.0,7777.093,46.0
4343.0,-1427.0,7777.272999999999,46.0
4240.0,-1635.0,7777.513,46.0
4085.0,-1946.0,7777.833,46.0
3934.0,-2242.0,7778.373,46.0
3926.0,-2257.0,7778.393,46.0
3842.0,-2419.0,7778.612999999999,46.0
3734.0,-2625.0,7778.893,46.0
3663.0,-2757.0,7779.072999999999,46.0
3535.0,-2990.0,7779.393,46.0
3410.0,-3206.0,7779.553,46.0
3315.0,-3362.0,7779.913,46.0
3242.0,-3471.0,7780.072999999999,46.0
3138.0,-3609.0,7780.293,46.0
2944.0,-3822.0,7780.652999999999,46.0
2810.0,-3928.0,7780.9529999999995,46.0
2664.0,-4012.0,7781.213,46.0
2619.0,-4033.0,7781.293,46.0
2486.0,-4082.0,7781.532999999999,46.0
2370.0,-4107.0,7781.732999999999,46.0
2083.0,-4102.0,7782.093,46.0
1984.0,-4079.0,7782.413,46.0
1790.0,-3999.0,7782.692999999999,46.0
1677.0,-3928.0,7783.032999999999,46.0
1596.0,-3865.0,7783.213,46.0
1519.0,-3794.0,7783.393,46.0
1411.0,-3672.0,7783.673,46.0
1348.0,-3587.0,7783.853,46.0
1222.0,-3379.0,7784.152999999999,46.0
1164.0,-3270.0,7784.4529999999995,46.0
1028.0,-3019.0,7784.772999999999,46.0
970.0,-2921.0,7785.093,46.0
885.0,-2793.0,7785.333,46.0
818.0,-2698.0,7785.513,46.0
662.0,-2487.0,7785.772999999999,46.0
599.0,-2402.0,7786.072999999999,46.0
520.0,-2295.0,7786.272999999999,46.0
449.0,-2198.0,7786.4529999999995,46.0
369.0,-2092.0,7786.652999999999,46.0
207.0,-1884.0,7786.9929999999995,46.0
71.0,-1722.0,7787.353,46.0
-73.0,-1556.0,7787.572999999999,46.0
-227.0,-1384.0,7787.9529999999995,46.0
-371.0,-1222.0,7788.213,46.0
-462.0,-1124.0,7788.612999999999,46.0
-541.0,-1050.0,7788.873,46.0
-595.0,-1009.0,7789.053,46.0
-651.0,-975.0,7789.232999999999,46.0
-732.0,-938.0,7789.4929999999995,46.0
-805.0,-918.0,7789.652999999999,46.0
-886.0,-912.0,7789.9929999999995,46.0
-956.0,-915.0,7790.232999999999,46.0
-1015.0,-929.0,7790.4529999999995,46.0
-1082.0,-957.0,7790.713,46.0
-1159.0,-1008.0,7790.893,46.0
-1237.0,-1069.0,7791.353,46.0
-1313.0,-1122.0,7791.513,46.0
-1435.0,-1169.0,7791.973,46.0
-1546.0,-1168.0,7792.373,46.0
-1592.0,-1158.0,7792.513,46.0
-1644.0,-1142.0,7792.673,46.0
-1694.0,-1124.0,7792.833,46.0
-1749.0,-1099.0,7793.013,46.0
-1862.0,-1027.0,7793.393,46.0
-1900.0,-995.0,7793.532999999999,46.0
-1946.0,-947.0,7793.713,46.0
-2003.0,-878.0,7793.9529999999995,46.0
-2072.0,-790.0,7794.213,46.0
-2118.0,-728.0,7794.393,46.0
-2160.0,-659.0,7794.572999999999,46.0
-2192.0,-595.0,7794.732999999999,46.0
-2232.0,-496.0,7794.9529999999995,46.0
-2272.0,-370.0,7795.213,46.0
-2284.0,-319.0,7795.312999999999,46.0
-2304.0,-190.0,7795.553,46.0
-2313.0,-66.0,7795.772999999999,46.0
-2303.0,156.0,7796.013,46.0
-2275.0,313.0,7796.413,46.0
-2259.0,374.0,7796.513,46.0
-2161.0,612.0,7796.853,46.0
-2110.0,706.0,7797.013,46.0
-1993.0,884.0,7797.333,46.0
-1850.0,1082.0,7797.692999999999,46.0
-1783.0,1174.0,7797.853,46.0
-1696.0,1289.0,7798.053,47.0
-1624.0,1382.0,7798.213000000001,47.0
-1068.0,2117.0,7799.4130000000005,47.0
-945.0,2285.0,7799.673000000001,47.0
-860.0,2403.0,7799.853,47.0
-707.0,2613.0,7800.033,47.0
-622.0,2734.0,7800.353,47.0
-533.0,2863.0,7800.553,47.0
-454.0,2980.0,7800.713000000001,47.0
-315.0,3188.0,7801.013,47.0
-157.0,3423.0,7801.213000000001,47.0
7.0,3652.0,7801.693,47.0
87.0,3757.0,7801.853,47.0
211.0,3910.0,7802.093,47.0
330.0,4045.0,7802.313,47.0
420.0,4136.0,7802.453,47.0
515.0,4221.0,7802.613,47.0
657.0,4324.0,7802.8330000000005,47.0
857.0,4423.0,7803.113,47.0
1043.0,4480.0,7803.353,47.0
1153.0,4500.0,7803.493,47.0
1311.0,4516.0,7803.693,47.0
1516.0,4520.0,7803.953,47.0
1656.0,4514.0,7804.133,47.0
1872.0,4492.0,7804.4130000000005,47.0
2147.0,4455.0,7804.633,47.0
2223.0,4448.0,7804.8730000000005,47.0
2407.0,4439.0,7805.113,47.0
2546.0,4440.0,7805.293000000001,47.0
2756.0,4459.0,7805.573,47.0
2958.0,4507.0,7805.8330000000005,47.0
3115.0,4561.0,7806.133,47.0
3304.0,4654.0,7806.4130000000005,47.0
3395.0,4711.0,7806.553,47.0
3578.0,4847.0,7806.853,47.0
3778.0,5032.0,7807.113,47.0
3896.0,5152.0,7807.433,47.0
3971.0,5227.0,7807.573,47.0
4086.0,5338.0,7807.793000000001,47.0
4292.0,5529.0,7808.093,47.0
4414.0,5634.0,7808.533,47.0
4523.0,5724.0,7808.753000000001,47.0
4625.0,5804.0,7809.033,47.0
4717.0,5858.0,7809.313,47.0
4776.0,5881.0,7809.493,47.0
4896.0,5900.0,7809.753000000001,47.0
4997.0,5894.0,7810.173000000001,47.0
5081.0,5871.0,7810.393,47.0
5151.0,5835.0,7810.753000000001,47.0
5216.0,5785.0,7810.9130000000005,47.0
5283.0,5709.0,7811.433,47.0
5315.0,5652.0,7811.533,47.0
5336.0,5600.0,7811.8730000000005,47.0
5352.0,5551.0,7812.053,47.0
5375.0,5444.0,7812.4130000000005,47.0
5378.0,5425.0,7812.473,47.0
5396.0,5241.0,7812.8730000000005,47.0
5403.0,5184.0,7813.093,47.0
5432.0,5052.0,7813.473,47.0
5438.0,5037.0,7813.533,47.0
5510.0,4904.0,7813.893,47.0
5542.0,4864.0,7814.193,47.0
5593.0,4815.0,7814.453,47.0
5621.0,4792.0,7814.593,47.0
5680.0,4755.0,7814.8730000000005,47.0
5746.0,4732.0,7815.113,47.0
5817.0,4735.0,7815.493,47.0
5835.0,4741.0,7815.573,47.0
5933.0,4804.0,7815.973,47.0
5998.0,4871.0,7816.313,47.0
6039.0,4923.0,7816.713000000001,47.0
6064.0,4958.0,7816.8730000000005,47.0
6106.0,5026.0,7817.153,47.0
6132.0,5074.0,7817.3330000000005,47.0
6151.0,5115.0,7817.473,47.0
6175.0,5171.0,7817.653,47.0
6225.0,5310.0,7818.013,47.0
6266.0,5455.0,7818.4130000000005,47.0
6277.0,5499.0,7818.513,47.0
6299.0,5599.0,7818.733,47.0
6332.0,5863.0,7819.053,47.0
6332.0,5973.0,7819.353,47.0
6312.0,6168.0,7819.554,47.0
6231.0,6475.0,7820.073,47.0
6201.0,6546.0,7820.3330000000005,47.0
6101.0,6732.0,7820.653,47.0
6002.0,6876.0,7820.9130000000005,47.0
5933.0,6961.0,7821.073,47.0
5858.0,7042.0,7821.233,47.0
5766.0,7129.0,7821.4130000000005,47.0
5690.0,7194.0,7821.553,47.0
5566.0,7295.0,7821.773,47.0
5449.0,7385.0,7821.973,47.0
5259.0,7531.0,7822.293000000001,47.0
5141.0,7627.0,7822.493,47.0
5094.0,7666.0,7822.573,47.0
4903.0,7825.0,7822.9130000000005,47.0
4782.0,7928.0,7823.113,47.0
4540.0,8136.0,7823.3730000000005,47.0
4404.0,8252.0,7823.733,47.0
4293.0,8348.0,7823.9130000000005,47.0
4131.0,8487.0,7824.173000000001,47.0
3942.0,8649.0,7824.4130000000005,47.0
3828.0,8748.0,7824.653,47.0
3653.0,8902.0,7824.933,47.0
3451.0,9080.0,7825.253000000001,47.0
3287.0,9224.0,7825.453,47.0
3034.0,9445.0,7825.813,47.0
2728.0,9711.0,7826.253000000001,47.0
2651.0,9778.0,7826.513,47.0
2410.0,9989.0,7826.893,47.0
2218.0,10160.0,7827.073,47.0
2088.0,10277.0,7827.3730000000005,47.0
1887.0,10457.0,7827.693,47.0
1729.0,10591.0,7827.9130000000005,47.0
1603.0,10690.0,7828.173000000001,47.0
1489.0,10767.0,7828.3730000000005,47.0
1367.0,10836.0,7828.593,47.0
1237.0,10891.0,7828.8330000000005,47.0
1110.0,10930.0,7829.073,47.0
1020.0,10945.0,7829.253000000001,47.0
865.0,10949.0,7829.553,47.0
825.0,10948.0,7829.633,47.0
734.0,10941.0,7829.8330000000005,47.0
642.0,10919.0,7830.053,47.0
543.0,10877.0,7830.293000000001,47.0
449.0,10820.0,7830.553,47.0
380.0,10753.0,7830.793000000001,47.0
309.0,10649.0,7830.993,47.0
267.0,10568.0,7831.313,47.0
224.0,10463.0,7831.593,47.0
206.0,10383.0,7831.793000000001,47.0
192.0,10244.0,7832.053,47.0
188.0,10156.0,7832.313,47.0
183.0,10065.0,7832.513,47.0
176.0,9966.0,7832.734,47.0
163.0,9874.0,7832.953,47.0
122.0,9752.0,7833.253000000001,47.0
85.0,9686.0,7833.453,47.0
32.0,9617.0,7833.693,47.0
-160.0,9477.0,7834.4130000000005,47.0
-211.0,9458.0,7834.593,47.0
-246.0,9450.0,7834.713000000001,47.0
-331.0,9442.0,7835.013,47.0
-428.0,9457.0,7835.273,47.0
-488.0,9484.0,7835.613,47.0
-526.0,9507.0,7835.773,47.0
-570.0,9542.0,7835.973,47.0
-607.0,9578.0,7836.153,47.0
-674.0,9669.0,7836.4130000000005,47.0
-705.0,9726.0,7836.753000000001,47.0
-742.0,9823.0,7837.113,47.0
-754.0,9866.0,7837.273,47.0
-767.0,9937.0,7837.533,47.0
-773.0,9996.0,7837.753000000001,47.0
-775.0,10034.0,7837.893,47.0
-774.0,10083.0,7838.073,47.0
-769.0,10174.0,7838.293000000001,47.0
-762.0,10232.0,7838.633,47.0
-752.0,10294.0,7838.8730000000005,47.0
-739.0,10354.0,7839.113,47.0
-704.0,10483.0,7839.374,47.0
-669.0,10583.0,7839.753000000001,47.0
-637.0,10663.0,7840.173000000001,47.0
-610.0,10727.0,7840.433,47.0
-585.0,10781.0,7840.653,47.0
-583.0,10786.0,7840.673000000001,47.0
-554.0,10847.0,7840.9130000000005,47.0
-505.0,10944.0,7841.233,47.0
-469.0,11012.0,7841.573,47.0
-423.0,11099.0,7841.793000000001,47.0
-381.0,11174.0,7842.253000000001,47.0
-359.0,11212.0,7842.4130000000005,47.0
-322.0,11272.0,7842.673000000001,47.0
-272.0,11351.0,7842.893,47.0
-250.0,11384.0,7843.153,47.0
-211.0,11439.0,7843.393,47.0
-182.0,11480.0,7843.573,47.0
-139.0,11538.0,7843.8330000000005,47.0
-84.0,11608.0,7844.153,47.0
-42.0,11660.0,7844.313,47.0
29.0,11741.0,7844.773,47.0
48.0,11763.0,7844.8730000000005,47.0
118.0,11836.0,7845.093,47.0
166.0,11883.0,7845.433,47.0
238.0,11953.0,7845.753000000001,47.0
280.0,11993.0,7845.934,47.0
369.0,12072.0,7846.173000000001,47.0
449.0,12139.0,7846.613,47.0
506.0,12183.0,7846.813,47.0
556.0,12220.0,7846.993,47.0
653.0,12288.0,7847.233,47.0
718.0,12331.0,7847.553,47.0
786.0,12371.0,7847.773,47.0
904.0,12432.0,7848.073,47.0
972.0,12465.0,7848.3330000000005,47.0
1048.0,12499.0,7848.553,47.0
1127.0,12531.0,7848.773,47.0
1230.0,12571.0,7849.053,47.0
1315.0,12600.0,7849.273,47.0
1441.0,12639.0,7849.453,47.0
1557.0,12670.0,7849.8730000000005,47.0
1703.0,12705.0,7850.153,47.0
1883.0,12741.0,7850.533,47.0
2088.0,12773.0,7850.993,47.0
2265.0,12795.0,7851.3730000000005,47.0
2356.0,12805.0,7851.553,47.0
2438.0,12815.0,7851.713000000001,47.0
2573.0,12829.0,7851.973,47.0
2669.0,12839.0,7852.153,47.0
2844.0,12857.0,7852.394,47.0
3012.0,12873.0,7852.773,47.0
3207.0,12894.0,7852.993,47.0
3336.0,12908.0,7853.3330000000005,47.0
3601.0,12937.0,7853.633,47.0
3749.0,12954.0,7854.013,47.0
3874.0,12968.0,7854.213000000001,47.0
4077.0,12992.0,7854.433,47.0
4256.0,13015.0,7854.813,47.0
4513.0,13049.0,7855.113,47.0
4679.0,13071.0,7855.473,47.0
4793.0,13084.0,7855.653,47.0
4930.0,13098.0,7855.8730000000005,47.0
5041.0,13107.0,7856.053,47.0
5230.0,13114.0,7856.293000000001,47.0
5338.0,13108.0,7856.593,47.0
5602.0,13058.0,7856.933,47.0
5752.0,13008.0,7857.3330000000005,47.0
5853.0,12961.0,7857.533,47.0
5979.0,12888.0,7857.793000000001,47.0
6034.0,12850.0,7857.9130000000005,47.0
6130.0,12776.0,7858.133,47.0
6299.0,12610.0,7858.433,47.0
6363.0,12523.0,7858.773,47.0
6392.0,12478.0,7858.8730000000005,47.0
6446.0,12384.0,7859.0740000000005,47.0
6495.0,12286.0,7859.273,47.0
6578.0,12087.0,7859.613,47.0
6640.0,11903.0,7860.033,47.0
6693.0,11716.0,7860.253000000001,47.0
6717.0,11623.0,7860.573,47.0
6738.0,11539.0,7860.733,47.0
6783.0,11348.0,7861.093,47.0
6814.0,11198.0,7861.313,47.0
6842.0,11051.0,7861.613,47.0
6866.0,10908.0,7861.853,47.0
6891.0,10740.0,7862.153,47.0
6909.0,10602.0,7862.3330000000005,47.0
6933.0,10391.0,7862.753000000001,47.0
6935.0,10368.0,7862.793000000001,47.0
6957.0,10128.0,7863.173000000001,47.0
6967.0,9957.0,7863.473,47.0
6975.0,9808.0,7863.713000000001,47.0
6977.0,9746.0,7863.813,47.0
6983.0,9443.0,7864.193,47.0
6986.0,9354.0,7864.433,47.0
6991.0,9201.0,7864.673000000001,47.0
7082.0,8457.0,7865.854,47.0
7138.0,8227.0,7866.153,47.0
7195.0,8032.0,7866.533,47.0
7239.0,7901.0,7866.753000000001,47.0
7265.0,7829.0,7866.8730000000005,47.0
7310.0,7712.0,7867.073,47.0
7390.0,7514.0,7867.4130000000005,47.0
7425.0,7423.0,7867.573,47.0
7469.0,7298.0,7867.793000000001,47.0
7498.0,7198.0,7867.973,47.0
7528.0,7052.0,7868.233,47.0
7537.0,6964.0,7868.393,47.0
7533.0,6808.0,7868.573,47.0
7495.0,6555.0,7869.053,47.0
7474.0,6459.0,7869.313,47.0
7446.0,6343.0,7869.533,47.0
7417.0,6227.0,7869.753000000001,47.0
7381.0,6079.0,7870.033,47.0
7363.0,5995.0,7870.193,47.0
7337.0,5848.0,7870.473,47.0
7321.0,5703.0,7870.693,47.0
7318.0,5582.0,7870.993,47.0
7327.0,5464.0,7871.233,47.0
7369.0,5292.0,7871.453,47.0
7408.0,5191.0,7871.813,47.0
7492.0,5026.0,7872.154,47.0
7557.0,4918.0,7872.454000000001,47.0
7596.0,4853.0,7872.613,47.0
7650.0,4761.0,7872.8330000000005,47.0
7696.0,4671.0,7873.053,47.0
7733.0,4582.0,7873.273,47.0
7764.0,4483.0,7873.513,47.0
7780.0,4407.0,7873.693,47.0
7788.0,4314.0,7873.9130000000005,47.0
7780.0,4186.0,7874.173000000001,47.0
7731.0,3992.0,7874.533,47.0
7696.0,3904.0,7874.893,47.0
7612.0,3751.0,7875.213000000001,47.0
7535.0,3646.0,7875.573,47.0
7463.0,3570.0,7875.793000000001,47.0
7441.0,3550.0,7875.853,47.0
7320.0,3461.0,7876.153,47.0
7220.0,3402.0,7876.3730000000005,47.0
7145.0,3362.0,7876.533,47.0
7058.0,3318.0,7876.713000000001,47.0
6981.0,3275.0,7876.8730000000005,47.0
6798.0,3142.0,7877.273,47.0
6667.0,3015.0,7877.433,47.0
6607.0,2952.0,7877.713000000001,47.0
6482.0,2811.0,7878.013,47.0
6392.0,2693.0,7878.233,47.0
6315.0,2581.0,7878.433,47.0
6211.0,2408.0,7878.633,47.0
6142.0,2282.0,7878.954000000001,47.0
6049.0,2103.0,7879.233,47.0
5986.0,1976.0,7879.433,47.0
5936.0,1874.0,7879.593,47.0
5886.0,1770.0,7879.753000000001,47.0
5797.0,1587.0,7880.033,47.0
5702.0,1389.0,7880.3330000000005,47.0
5632.0,1242.0,7880.533,47.0
5532.0,1033.0,7880.853,47.0
5491.0,948.0,7880.973,47.0
5355.0,662.0,7881.3330000000005,47.0
5269.0,484.0,7881.653,47.0
5188.0,318.0,7881.893,47.0
5081.0,96.0,7882.173000000001,47.0
5006.0,-57.0,7882.433,47.0
4912.0,-254.0,7882.713000000001,47.0
4837.0,-409.0,7882.933,47.0
4769.0,-551.0,7883.133,47.0
4707.0,-679.0,7883.313,47.0
4633.0,-832.0,7883.533,47.0
4544.0,-1017.0,7883.793000000001,47.0
4481.0,-1145.0,7883.973,47.0
4392.0,-1329.0,7884.173000000001,47.0
4301.0,-1512.0,7884.493,47.0
4224.0,-1667.0,7884.713000000001,47.0
4093.0,-1929.0,7884.973,47.0
4032.0,-2050.0,7885.274,47.0
3912.0,-2284.0,7885.6140000000005,47.0
3800.0,-2499.0,7886.013,47.0
3747.0,-2601.0,7886.213000000001,47.0
3667.0,-2749.0,7886.453,47.0
3586.0,-2899.0,7886.793000000001,47.0
3548.0,-2966.0,7886.933,47.0
3470.0,-3104.0,7887.233,47.0
3424.0,-3182.0,7887.4130000000005,47.0
3379.0,-3258.0,7887.593,47.0
3310.0,-3369.0,7887.8730000000005,47.0
3290.0,-3400.0,7887.953,47.0
3215.0,-3507.0,7888.253000000001,47.0
3124.0,-3624.0,7888.513,47.0
3088.0,-3668.0,7888.753000000001,47.0
2998.0,-3767.0,7889.093,47.0
2920.0,-3842.0,7889.293000000001,47.0
2823.0,-3916.0,7889.693,47.0
2747.0,-3965.0,7889.933,47.0
2715.0,-3983.0,7890.033,47.0
2649.0,-4017.0,7890.233,47.0
2575.0,-4049.0,7890.453,47.0
2510.0,-4072.0,7890.673000000001,47.0
2433.0,-4093.0,7890.893,47.0
2377.0,-4104.0,7891.053,47.0
2225.0,-4114.0,7891.353,47.0
2100.0,-4103.0,7891.813,47.0
2057.0,-4095.0,7891.934,47.0
1992.0,-4079.0,7892.1140000000005,47.0
1927.0,-4058.0,7892.294,47.0
1831.0,-4018.0,7892.573,47.0
1777.0,-3990.0,7892.733,47.0
1660.0,-3914.0,7892.973,47.0
1555.0,-3827.0,7893.433,47.0
1502.0,-3775.0,7893.613,47.0
1451.0,-3719.0,7893.793000000001,47.0
1419.0,-3680.0,7893.9130000000005,47.0
1308.0,-3525.0,7894.273,47.0
1252.0,-3430.0,7894.593,47.0
1215.0,-3365.0,7894.753000000001,47.0
1157.0,-3256.0,7895.013,47.0
1112.0,-3170.0,7895.213000000001,47.0
1036.0,-3033.0,7895.433,47.0
942.0,-2878.0,7895.893,47.0
925.0,-2853.0,7895.953,47.0
850.0,-2744.0,7896.213000000001,47.0
802.0,-2677.0,7896.3730000000005,47.0
704.0,-2543.0,7896.693,47.0
641.0,-2458.0,7896.893,47.0
578.0,-2372.0,7897.093,47.0
520.0,-2294.0,7897.273,47.0
412.0,-2150.0,7897.473,47.0
339.0,-2053.0,7897.693,47.0
278.0,-1974.0,7897.8730000000005,47.0
215.0,-1894.0,7898.053,47.0
47.0,-1695.0,7898.393,47.0
-75.0,-1555.0,7898.734,47.0
-213.0,-1400.0,7899.213000000001,47.0
-297.0,-1305.0,7899.4130000000005,47.0
-382.0,-1209.0,7899.753000000001,47.0
-473.0,-1113.0,7899.933,47.0
-566.0,-1031.0,7900.4130000000005,47.0
-661.0,-970.0,7900.653,47.0
-724.0,-941.0,7900.973,47.0
-791.0,-921.0,7901.213000000001,47.0
-853.0,-914.0,7901.433,47.0
-900.0,-912.0,7901.593,47.0
-948.0,-915.0,7901.773,47.0
-1013.0,-928.0,7902.033,47.0
-1089.0,-962.0,7902.293000000001,47.0
-1156.0,-1006.0,7902.653,47.0
-1199.0,-1040.0,7902.853,47.0
-1239.0,-1072.0,7903.033,47.0
-1280.0,-1101.0,7903.213000000001,47.0
-1319.0,-1125.0,7903.3730000000005,47.0
-1381.0,-1154.0,7903.613,47.0
-1453.0,-1170.0,7903.8730000000005,47.0
-1539.0,-1168.0,7904.173000000001,47.0
-1586.0,-1158.0,7904.3330000000005,47.0
-1686.0,-1127.0,7904.553,47.0
-1744.0,-1101.0,7904.8730000000005,47.0
-1802.0,-1070.0,7905.0740000000005,47.0
-1900.0,-994.0,7905.354,47.0
-1948.0,-944.0,7905.653,47.0
-2027.0,-848.0,7905.973,47.0
-2116.0,-731.0,7906.253000000001,47.0
-2161.0,-658.0,7906.533,47.0
-2193.0,-593.0,7906.693,47.0
-2252.0,-440.0,7907.053,47.0
-2312.0,-83.0,7907.8330000000005,47.0
-2313.0,36.0,7908.093,47.0
-2306.0,119.0,7908.273,47.0
-2294.0,211.0,7908.473,47.0
-2281.0,283.0,7908.633,47.0
-2261.0,364.0,7908.813,47.0
-2178.0,575.0,7909.153,47.0
-2071.0,768.0,7909.613,47.0
-2002.0,869.0,7909.993,47.0
-1985.0,894.0,7910.053,47.0
-1922.0,982.0,7910.273,47.0
-1793.0,1160.0,7910.613,47.0
-1741.0,1230.0,7910.893,48.0
-1664.0,1331.0,7911.153,48.0
-1603.0,1408.0,7911.353,48.0
-1487.0,1554.0,7911.634,48.0
-1401.0,1663.0,7912.014,48.0
-1344.0,1739.0,7912.213000000001,48.0
-1269.0,1841.0,7912.453,48.0
-1166.0,1983.0,7912.693,48.0
-1129.0,2033.0,7912.9130000000005,48.0
-1055.0,2135.0,7913.153,48.0
-954.0,2273.0,7913.473,48.0
-858.0,2405.0,7913.693,48.0
-773.0,2521.0,7914.033,48.0
-661.0,2677.0,7914.293000000001,48.0
-595.0,2772.0,7914.573,48.0
-536.0,2858.0,7914.753000000001,48.0
-430.0,3015.0,7915.073,48.0
-331.0,3164.0,7915.353,48.0
-163.0,3414.0,7915.773,48.0
-53.0,3568.0,7916.073,48.0
42.0,3698.0,7916.473,48.0
152.0,3838.0,7916.673000000001,48.0
235.0,3937.0,7917.033,48.0
311.0,4023.0,7917.253000000001,48.0
409.0,4124.0,7917.533,48.0
506.0,4211.0,7917.793000000001,48.0
521.0,4224.0,7917.8330000000005,48.0
632.0,4305.0,7918.113,48.0
760.0,4379.0,7918.414000000001,48.0
864.0,4423.0,7918.6140000000005,48.0
998.0,4466.0,7918.933,48.0
1073.0,4484.0,7919.093000000001,48.0
1149.0,4497.0,7919.253000000001,48.0
1274.0,4512.0,7919.513,48.0
1362.0,4517.0,7919.693,48.0
1499.0,4519.0,7919.973,48.0
1588.0,4517.0,7920.153,48.0
1707.0,4510.0,7920.393,48.0
1878.0,4491.0,7920.673000000001,48.0
1999.0,4474.0,7920.973,48.0
2161.0,4454.0,7921.293000000001,48.0
2327.0,4442.0,7921.473,48.0
2401.0,4440.0,7921.753000000001,48.0
2530.0,4441.0,7921.993,48.0
2627.0,4445.0,7922.173000000001,48.0
2745.0,4459.0,7922.393,48.0
2918.0,4496.0,7922.713000000001,48.0
3005.0,4522.0,7922.8730000000005,48.0
3069.0,4545.0,7922.993,48.0
3246.0,4624.0,7923.3330000000005,48.0
3326.0,4669.0,7923.493,48.0
3483.0,4774.0,7923.773,48.0
3576.0,4847.0,7924.013,48.0
3737.0,4993.0,7924.3730000000005,48.0
3807.0,5062.0,7924.533,48.0
3884.0,5140.0,7924.713000000001,48.0
3962.0,5218.0,7924.894,48.0
4052.0,5306.0,7925.1140000000005,48.0
4215.0,5459.0,7925.3730000000005,48.0
4311.0,5545.0,7925.753000000001,48.0
4391.0,5614.0,7925.973,48.0
4426.0,5643.0,7926.073,48.0
4575.0,5765.0,7926.3730000000005,48.0
4649.0,5819.0,7926.693,48.0
4735.0,5866.0,7926.973,48.0
4784.0,5883.0,7927.133000000001,48.0
4922.0,5900.0,7927.473,48.0
5017.0,5890.0,7927.893,48.0
5071.0,5874.0,7928.093000000001,48.0
5149.0,5836.0,7928.313,48.0
5212.0,5789.0,7928.713000000001,48.0
5274.0,5721.0,7928.933,48.0
5309.0,5664.0,7929.3330000000005,48.0
5345.0,5571.0,7929.613,48.0
5367.0,5486.0,7930.033,48.0
5377.0,5425.0,7930.113,48.0
5385.0,5355.0,7930.493,48.0
5391.0,5283.0,7930.733,48.0
5402.0,5192.0,7930.993,48.0
5411.0,5133.0,7931.193,48.0
5425.0,5077.0,7931.394,48.0
5446.0,5016.0,7931.634,48.0
5475.0,4958.0,7931.814,48.0
5525.0,4885.0,7932.253000000001,48.0
5561.0,4846.0,7932.493,48.0
5591.0,4818.0,7932.693,48.0
5640.0,4780.0,7932.8730000000005,48.0
5658.0,4768.0,7933.133000000001,48.0
5711.0,4743.0,7933.473,48.0
5748.0,4733.0,7933.713000000001,48.0
5773.0,4732.0,7933.8730000000005,48.0
5807.0,4735.0,7934.093000000001,48.0
5834.0,4743.0,7934.273,48.0
5879.0,4766.0,7934.513,48.0
5913.0,4791.0,7934.853,48.0
5949.0,4821.0,7935.133000000001,48.0
5983.0,4855.0,7935.353,48.0
6023.0,4903.0,7935.753000000001,48.0
6048.0,4936.0,7935.973,48.0
6068.0,4966.0,7936.153,48.0
6086.0,4993.0,7936.313,48.0
6113.0,5041.0,7936.573,48.0
6142.0,5096.0,7936.8330000000005,48.0
6169.0,5157.0,7937.133000000001,48.0
6196.0,5225.0,7937.433,48.0
6223.0,5305.0,7937.653,48.0
6237.0,5352.0,7937.974,48.0
6247.0,5385.0,7938.1140000000005,48.0
6260.0,5434.0,7938.314,48.0
6281.0,5520.0,7938.653,48.0
6293.0,5574.0,7938.853,48.0
6303.0,5623.0,7939.033,48.0
6318.0,5722.0,7939.273,48.0
6328.0,5818.0,7939.573,48.0
6331.0,5888.0,7939.793000000001,48.0
6331.0,5940.0,7939.953,48.0
6323.0,6076.0,7940.353,48.0
6315.0,6139.0,7940.533,48.0
6306.0,6196.0,7940.693,48.0
6289.0,6282.0,7940.933,48.0
6272.0,6348.0,7941.113,48.0
6236.0,6458.0,7941.353,48.0
6188.0,6569.0,7941.713000000001,48.0
6130.0,6681.0,7941.953,48.0
6085.0,6754.0,7942.213000000001,48.0
5983.0,6898.0,7942.513,48.0
5925.0,6968.0,7942.813,48.0
5814.0,7083.0,7943.153,48.0
5772.0,7122.0,7943.273,48.0
5698.0,7186.0,7943.473,48.0
5613.0,7256.0,7943.693,48.0
5526.0,7326.0,7943.9130000000005,48.0
5410.0,7414.0,7944.193,48.0
5317.0,7485.0,7944.4130000000005,48.0
5181.0,7594.0,7944.6140000000005,48.0
5087.0,7671.0,7944.954000000001,48.0
4982.0,7758.0,7945.193,48.0
4911.0,7818.0,7945.393,48.0
4750.0,7956.0,7945.673000000001,48.0
4668.0,8027.0,7945.933,48.0
4566.0,8114.0,7946.153,48.0
4491.0,8179.0,7946.313,48.0
4339.0,8309.0,7946.633000000001,48.0
4185.0,8441.0,7946.893,48.0
4097.0,8516.0,7947.133000000001,48.0
3999.0,8600.0,7947.3330000000005,48.0
3891.0,8694.0,7947.553000000001,48.0
3792.0,8780.0,7947.753000000001,48.0
3642.0,8912.0,7948.053000000001,48.0
3491.0,9044.0,7948.293000000001,48.0
3318.0,9196.0,7948.693,48.0
3216.0,9286.0,7948.893,48.0
3073.0,9411.0,7949.173000000001,48.0
3043.0,9438.0,7949.233,48.0
2900.0,9563.0,7949.513,48.0
2726.0,9713.0,7949.793000000001,48.0
2615.0,9809.0,7950.073,48.0
2497.0,9913.0,7950.313,48.0
2400.0,9998.0,7950.513,48.0
2221.0,10157.0,7950.773,48.0
2140.0,10230.0,7951.054,48.0
1945.0,10405.0,7951.434,48.0
1849.0,10490.0,7951.793000000001,48.0
1723.0,10595.0,7952.013,48.0
1669.0,10639.0,7952.253000000001,48.0
1497.0,10761.0,7952.633000000001,48.0
1337.0,10849.0,7952.993,48.0
1202.0,10902.0,7953.473,48.0
1137.0,10922.0,7953.653,48.0
1028.0,10942.0,7953.813,48.0
977.0,10946.0,7954.093000000001,48.0
852.0,10948.0,7954.433,48.0
744.0,10941.0,7954.693,48.0
673.0,10927.0,7954.973,48.0
598.0,10900.0,7955.213000000001,48.0
488.0,10845.0,7955.513,48.0
437.0,10808.0,7955.793000000001,48.0
381.0,10751.0,7956.053000000001,48.0
357.0,10721.0,7956.173000000001,48.0
283.0,10597.0,7956.533,48.0
253.0,10536.0,7956.853,48.0
225.0,10462.0,7957.113,48.0
209.0,10389.0,7957.353,48.0
199.0,10313.0,7957.573,48.0
192.0,10214.0,7957.914000000001,48.0
187.0,10127.0,7958.174,48.0
185.0,10086.0,7958.314,48.0
175.0,9959.0,7958.613,48.0
169.0,9912.0,7958.8730000000005,48.0
155.0,9844.0,7959.113,48.0
123.0,9759.0,7959.3730000000005,48.0
88.0,9693.0,7959.793000000001,48.0
57.0,9650.0,7959.993,48.0
20.0,9607.0,7960.213000000001,48.0
-23.0,9565.0,7960.453,48.0
-82.0,9521.0,7960.633000000001,48.0
-127.0,9495.0,7960.973,48.0
-177.0,9472.0,7961.213000000001,48.0
-262.0,9448.0,7961.493,48.0
-309.0,9443.0,7961.8330000000005,48.0
-374.0,9446.0,7962.133000000001,48.0
-383.0,9447.0,7962.173000000001,48.0
-458.0,9471.0,7962.533,48.0
-524.0,9508.0,7962.793000000001,48.0
-574.0,9547.0,7963.153,48.0
-594.0,9566.0,7963.273,48.0
-625.0,9600.0,7963.473,48.0
-682.0,9684.0,7963.793000000001,48.0
-705.0,9728.0,7964.093000000001,48.0
-721.0,9765.0,7964.254000000001,48.0
-745.0,9834.0,7964.534000000001,48.0
-760.0,9895.0,7964.774,48.0
-769.0,9953.0,7964.994000000001,48.0
-773.0,9996.0,7965.153,48.0
-774.0,10105.0,7965.473,48.0
-743.0,10336.0,7966.293000000001,48.0
-712.0,10456.0,7966.493,48.0
-690.0,10528.0,7966.713000000001,48.0
-668.0,10588.0,7966.893,48.0
-629.0,10682.0,7967.173000000001,48.0
-599.0,10751.0,7967.3730000000005,48.0
-535.0,10886.0,7967.653,48.0
-486.0,10981.0,7968.013,48.0
-434.0,11078.0,7968.273,48.0
-343.0,11238.0,7968.553000000001,48.0
-261.0,11369.0,7968.9130000000005,48.0
-185.0,11476.0,7969.313,48.0
-105.0,11583.0,7969.593000000001,48.0
-43.0,11658.0,7969.793000000001,48.0
47.0,11762.0,7969.973,48.0
203.0,11920.0,7970.433,48.0
292.0,12004.0,7970.753000000001,48.0
434.0,12127.0,7970.994000000001,48.0
590.0,12245.0,7971.454000000001,48.0
747.0,12350.0,7971.8330000000005,48.0
843.0,12402.0,7972.033,48.0
942.0,12451.0,7972.233,48.0
1002.0,12479.0,7972.353,48.0
1104.0,12523.0,7972.553000000001,48.0
1198.0,12560.0,7972.733,48.0
1338.0,12607.0,7972.993,48.0
1436.0,12638.0,7973.173000000001,48.0
1570.0,12674.0,7973.4130000000005,48.0
1751.0,12716.0,7973.733,48.0
1911.0,12746.0,7973.953,48.0
2145.0,12781.0,7974.3730000000005,48.0
2180.0,12785.0,7974.433,48.0
2357.0,12806.0,7974.733,48.0
2499.0,12821.0,7974.973,48.0
2618.0,12834.0,7975.173000000001,48.0
2666.0,12839.0,7975.253000000001,48.0
2786.0,12851.0,7975.453,48.0
2991.0,12871.0,7975.793000000001,48.0
3087.0,12881.0,7975.953,48.0
3184.0,12892.0,7976.113,48.0
3294.0,12904.0,7976.293000000001,48.0
3528.0,12929.0,7976.573,48.0
3825.0,12962.0,7977.033,48.0
3974.0,12979.0,7977.394,48.0
4220.0,13010.0,7977.654,48.0
4269.0,13017.0,7977.874000000001,48.0
4496.0,13047.0,7978.253000000001,48.0
4543.0,13053.0,7978.3330000000005,48.0
4707.0,13074.0,7978.613,48.0
4889.0,13094.0,7978.853,48.0
5011.0,13105.0,7979.153,48.0
5219.0,13114.0,7979.433,48.0
5307.0,13111.0,7979.733,48.0
5500.0,13083.0,7980.113,48.0
5865.0,12954.0,7980.893,48.0
5933.0,12916.0,7981.053000000001,48.0
6063.0,12828.0,7981.3730000000005,48.0
6101.0,12798.0,7981.473,48.0
6197.0,12717.0,7981.733,48.0
6258.0,12656.0,7981.9130000000005,48.0
6314.0,12590.0,7982.093000000001,48.0
6371.0,12511.0,7982.293000000001,48.0
6455.0,12366.0,7982.513,48.0
6539.0,12186.0,7982.973,48.0
6579.0,12084.0,7983.253000000001,48.0
6619.0,11970.0,7983.493,48.0
6648.0,11874.0,7983.693,48.0
6695.0,11708.0,7984.034000000001,48.0
6721.0,11610.0,7984.234,48.0
6732.0,11565.0,7984.334000000001,48.0
6778.0,11370.0,7984.5740000000005,48.0
6823.0,11154.0,7985.093000000001,48.0
6858.0,10959.0,7985.4130000000005,48.0
6871.0,10874.0,7985.573,48.0
6893.0,10723.0,7985.853,48.0
6917.0,10538.0,7986.093000000001,48.0
6929.0,10428.0,7986.393,48.0
6940.0,10316.0,7986.593000000001,48.0
6951.0,10204.0,7986.793000000001,48.0
6958.0,10113.0,7986.953,48.0
6971.0,9895.0,7987.3330000000005,48.0
6977.0,9720.0,7987.493,48.0
6981.0,9531.0,7987.953,48.0
6985.0,9388.0,7988.173000000001,48.0
6990.0,9220.0,7988.473,48.0
6997.0,9075.0,7988.713000000001,48.0
7014.0,8873.0,7989.013,48.0
7027.0,8764.0,7989.253000000001,48.0
7063.0,8548.0,7989.613,48.0
7111.0,8333.0,7989.8330000000005,48.0
7138.0,8226.0,7990.153,48.0
7179.0,8085.0,7990.393,48.0
7260.0,7842.0,7990.674,48.0
7286.0,7774.0,7990.934,48.0
7340.0,7637.0,7991.174,48.0
7377.0,7547.0,7991.334000000001,48.0
7425.0,7424.0,7991.553000000001,48.0
7471.0,7290.0,7991.793000000001,48.0
7508.0,7155.0,7992.053000000001,48.0
7527.0,7057.0,7992.253000000001,48.0
7534.0,7002.0,7992.353,48.0
7535.0,6837.0,7992.653,48.0
7517.0,6680.0,7992.933,48.0
7484.0,6504.0,7993.113,48.0
7459.0,6396.0,7993.453,48.0
7424.0,6256.0,7993.713000000001,48.0
7375.0,6054.0,7993.953,48.0
7343.0,5887.0,7994.4130000000005,48.0
7324.0,5742.0,7994.633000000001,48.0
7319.0,5661.0,7994.853,48.0
7328.0,5462.0,7995.253000000001,48.0
7361.0,5316.0,7995.4130000000005,48.0
7387.0,5240.0,7995.713000000001,48.0
7441.0,5120.0,7995.973,48.0
7484.0,5040.0,7996.153,48.0
7530.0,4961.0,7996.3330000000005,48.0
7617.0,4817.0,7996.673000000001,48.0
7653.0,4752.0,7996.853,48.0
7699.0,4663.0,7997.094,48.0
7728.0,4596.0,7997.254000000001,48.0
7766.0,4476.0,7997.534000000001,48.0
7783.0,4388.0,7997.734,48.0
7788.0,4318.0,7997.894,48.0
7787.0,4247.0,7998.054,48.0
7765.0,4106.0,7998.3730000000005,48.0
7754.0,4063.0,7998.473,48.0
7717.0,3953.0,7998.733,48.0
7594.0,3723.0,7999.313,48.0
7531.0,3642.0,7999.533,48.0
7452.0,3560.0,7999.773,48.0
7359.0,3487.0,8000.013,48.0
7229.0,3407.0,8000.313,48.0
7211.0,3397.0,8000.353,48.0
7090.0,3334.0,8000.613,48.0
6951.0,3257.0,8000.9130000000005,48.0
6797.0,3141.0,8001.133000000001,48.0
6748.0,3095.0,8001.393,48.0
6568.0,2909.0,8001.713000000001,48.0
6508.0,2841.0,8002.013,48.0
6350.0,2633.0,8002.393,48.0
6311.0,2575.0,8002.513,48.0
6250.0,2476.0,8002.713000000001,48.0
6190.0,2370.0,8002.9130000000005,48.0
6094.0,2192.0,8003.233,48.0
6008.0,2020.0,8003.573,48.0
5960.0,1922.0,8003.754000000001,48.0
5865.0,1727.0,8004.034000000001,48.0
5787.0,1566.0,8004.414000000001,48.0
5736.0,1460.0,8004.6140000000005,48.0
5635.0,1249.0,8004.8730000000005,48.0
5590.0,1154.0,8005.193,48.0
5550.0,1070.0,8005.353,48.0
5522.0,1011.0,8005.513,48.0
5417.0,793.0,8005.8730000000005,48.0
5323.0,596.0,8006.313,48.0
5248.0,441.0,8006.513,48.0
5163.0,266.0,8006.933,48.0
5082.0,100.0,8007.273,48.0
5057.0,48.0,8007.3730000000005,48.0
4931.0,-213.0,8007.753000000001,48.0
4901.0,-277.0,8007.993,48.0
4845.0,-393.0,8008.213000000001,48.0
4789.0,-509.0,8008.433,48.0
4728.0,-636.0,8008.673000000001,48.0
4679.0,-737.0,8008.853,48.0
4590.0,-921.0,8009.173000000001,48.0
4533.0,-1039.0,8009.393,48.0
4491.0,-1125.0,8009.553000000001,48.0
4449.0,-1211.0,8009.713000000001,48.0
4386.0,-1341.0,8009.953,48.0
4295.0,-1525.0,8010.233,48.0
4241.0,-1633.0,8010.494000000001,48.0
4132.0,-1851.0,8010.814,48.0
4083.0,-1949.0,8011.0740000000005,48.0
3994.0,-2124.0,8011.393,48.0
3932.0,-2245.0,8011.613,48.0
3825.0,-2450.0,8011.8730000000005,48.0
3771.0,-2555.0,8012.193,48.0
3697.0,-2695.0,8012.453,48.0
3667.0,-2750.0,8012.553000000001,48.0
3521.0,-3015.0,8012.893,48.0
3490.0,-3070.0,8013.133000000001,48.0
3384.0,-3251.0,8013.473,48.0
3320.0,-3353.0,8013.673000000001,48.0
3250.0,-3459.0,8013.893,48.0
3139.0,-3606.0,8014.153,48.0
3036.0,-3727.0,8014.553000000001,48.0
2751.0,-3963.0,8015.453,48.0
2656.0,-4014.0,8015.653,48.0
2542.0,-4062.0,8015.993,48.0
2485.0,-4079.0,8016.3330000000005,48.0
2426.0,-4095.0,8016.513,48.0
2313.0,-4112.0,8016.854,48.0
2256.0,-4114.0,8017.034000000001,48.0
2137.0,-4107.0,8017.294000000001,48.0
2048.0,-4093.0,8017.634,48.0
1988.0,-4077.0,8017.814,48.0
1875.0,-4038.0,8018.133000000001,48.0
1766.0,-3984.0,8018.493,48.0
1692.0,-3937.0,8018.733,48.0
1581.0,-3850.0,8018.973,48.0
1515.0,-3787.0,8019.353,48.0
1447.0,-3713.0,8019.533,48.0
1393.0,-3647.0,8019.8330000000005,48.0
1338.0,-3570.0,8020.073,48.0
1282.0,-3482.0,8020.3330000000005,48.0
1253.0,-3432.0,8020.473,48.0
1220.0,-3373.0,8020.633000000001,48.0
1144.0,-3230.0,8021.013,48.0
1103.0,-3154.0,8021.213000000001,48.0
1070.0,-3093.0,8021.3730000000005,48.0
1053.0,-3062.0,8021.453,48.0
936.0,-2870.0,8021.813,48.0
890.0,-2802.0,8022.133000000001,48.0
810.0,-2688.0,8022.433,48.0
793.0,-2664.0,8022.493,48.0
654.0,-2475.0,8022.8730000000005,48.0
572.0,-2365.0,8023.213000000001,48.0
521.0,-2295.0,8023.3730000000005,48.0
469.0,-2225.0,8023.534000000001,48.0
367.0,-2090.0,8023.774,48.0
285.0,-1983.0,8024.014,48.0
228.0,-1912.0,8024.174,48.0
142.0,-1806.0,8024.414000000001,48.0
70.0,-1721.0,8024.613,48.0
5.0,-1647.0,8024.793000000001,48.0
-177.0,-1440.0,8025.153,48.0
-263.0,-1343.0,8025.473,48.0
-331.0,-1266.0,8025.693,48.0
-395.0,-1195.0,8025.9130000000005,48.0
-440.0,-1147.0,8026.073,48.0
-516.0,-1071.0,8026.353,48.0
-588.0,-1015.0,8026.613,48.0
-593.0,-1011.0,8026.633000000001,48.0
-690.0,-956.0,8026.973,48.0
-759.0,-929.0,8027.213000000001,48.0
-815.0,-917.0,8027.4130000000005,48.0
-867.0,-913.0,8027.593000000001,48.0
-951.0,-915.0,8027.8330000000005,48.0
-1008.0,-926.0,8028.113,48.0
-1081.0,-957.0,8028.4130000000005,48.0
-1119.0,-980.0,8028.573,48.0
-1174.0,-1020.0,8028.813,48.0
-1226.0,-1061.0,8029.033,48.0
-1329.0,-1131.0,8029.313,48.0
-1405.0,-1162.0,8029.693,48.0
-1504.0,-1172.0,8029.8730000000005,48.0
-1597.0,-1156.0,8030.314,48.0
-1650.0,-1140.0,8030.474,48.0
-1899.0,-994.0,8031.433,48.0
-1946.0,-946.0,8031.613,48.0
-2017.0,-860.0,8031.773,48.0
-2079.0,-782.0,8032.133000000001,48.0
-2139.0,-696.0,8032.3730000000005,48.0
-2209.0,-559.0,8032.653,48.0
-2239.0,-477.0,8032.8330000000005,48.0
-2264.0,-401.0,8032.993,48.0
-2283.0,-322.0,8033.153,48.0
-2307.0,-164.0,8033.453,48.0
-2314.0,-54.0,8033.653,48.0
-2313.0,36.0,8033.813,48.0
-2297.0,199.0,8034.093000000001,48.0
-2258.0,376.0,8034.253000000001,48.0
-2160.0,615.0,8034.733,48.0
-2061.0,786.0,8034.933,48.0
-1999.0,874.0,8035.253000000001,48.0
-1919.0,987.0,8035.453,48.0
-1818.0,1126.0,8035.673000000001,48.0
