Distance,X,Y,Speed,nGear,Throttle,Brake,DRS,SessionSeconds,LapNumber
0.08129270470403105,-1769.9269970315304,1191.470232685896,252.08499712,6,100.0,False,0,6678.909,36.0
0.29312175608058055,-1768.0,1194.0,252.12999808,6,100.0,False,0,6678.911999999999,36.0
4.402777777777777,-1728.1139257873092,1246.2108062099,253.0,6,100.0,False,0,6678.969999999999,36.0
16.029474258882782,-1612.0,1397.0,257.85999616,6,100.0,False,0,6679.132,36.0
18.791666666666664,-1592.4229407663825,1422.17616839183,259.0,6,100.0,False,0,6679.17,36.0
33.513888888888886,-1540.954529060815,1486.2187402363318,265.0,6,100.0,False,0,6679.37,36.0
44.014205091469975,-1502.0,1534.0,266.18333226666664,6,100.0,False,0,6679.512,36.0
51.31388888888888,-1459.2830027125465,1587.3267407199937,267.0,7,100.0,False,0,6679.61,36.0
58.98688503277009,-1410.0,1650.0,268.9124976,7,100.0,False,0,6679.7119999999995,36.0
74.20533810673253,-1320.0,1770.0,272.6624976,7,100.0,False,0,6679.911999999999,36.0
75.58055555555555,-1310.784093784977,1782.5463754214902,273.0,7,100.0,False,0,6679.929999999999,36.0
90.91388888888889,-1192.7249661107915,1944.8863923579588,276.0,7,100.0,False,0,6680.129999999999,36.0
98.77138148791109,-1139.0,2019.0,277.01999872,7,100.0,False,0,6680.232,36.0
106.35833333333333,-1097.8372332774222,2075.710201827459,278.0,7,100.0,False,0,6680.33,36.0
128.29166666666666,-1003.0811828505898,2206.0932841027043,282.0,7,100.0,False,0,6680.61,36.0
130.0275448270383,-993.0,2220.0,282.21999872,7,99.94500032,False,0,6680.632,36.0
145.88239547406715,-882.0,2373.0,284.21999872,7,99.44500032,False,0,6680.831999999999,36.0
160.06944444444443,-771.5210287847733,2523.6636731253684,286.0,7,99.0,False,0,6681.009999999999,36.0
171.4206948245026,-685.0,2643.0,287.18333226666664,7,99.0,False,0,6681.152,36.0
179.26944444444445,-629.1364184556768,2721.901186573923,288.0,7,99.0,False,0,6681.25,36.0
195.325,-525.3766633535747,2873.289854870724,289.0,7,100.0,False,0,6681.45,36.0
213.321089248143,-448.0,2988.0,290.23888924444447,7,100.0,False,0,6681.673,36.0
224.42499999999998,-425.5165940486273,3021.2660222340965,291.0,7,100.0,False,0,6681.8099999999995,36.0
232.71442442037727,-403.0,3055.0,291.63551334789054,7,99.68224332605475,False,0,6681.911999999999,36.0
250.55083333333334,-304.52611308027394,3203.212499709791,293.0,7,99.0,False,0,6682.130999999999,36.0
250.63226958606015,-304.0,3204.0,293.0,7,99.0,False,0,6682.132,36.0
270.0841666666667,-170.99880143251403,3401.4286884838207,293.0,7,99.0,False,0,6682.371,36.0
276.6631453264726,-131.0,3460.0,292.7107145142857,7,99.0,False,0,6682.451999999999,36.0
292.7952777777778,-54.16767918854053,3570.184767441303,292.0,7,99.0,False,0,6682.651,36.0
305.81679900053376,10.0,3657.0,291.19500032,7,99.80499968,False,0,6682.812,36.0
308.9619444444445,28.54688785482668,3681.397785254325,291.0,7,100.0,False,0,6682.851,36.0
315.4795671297279,69.0,3734.0,290.492163512544,7,100.0,False,0,6682.932,36.0
334.5705555555556,184.67520231726775,3879.4327419224855,289.0,7,100.0,False,0,6683.17,36.0
339.5522210767357,221.0,3922.0,289.0,7,100.0,False,0,6683.232,36.0
353.8372222222223,345.83328771152765,4060.8142665714477,289.0,7,100.0,False,0,6683.41,36.0
360.37053447593917,400.0,4117.0,288.18000128,7,100.0,False,0,6683.491999999999,36.0
382.50230033536735,541.0,4241.0,285.38000128,7,100.0,False,0,6683.772,36.0
385.5038888888889,559.433172618704,4255.891517500213,285.0,7,100.0,False,0,6683.8099999999995,36.0
404.43722222222226,696.4275275548159,4352.991123076156,284.0,7,100.0,False,0,6684.049999999999,36.0
410.8515860150522,776.0,4389.0,282.82857325714286,7,100.0,False,0,6684.132,36.0
426.21500000000003,1023.9458340880573,4474.365155156376,280.0,7,100.0,False,0,6684.33,36.0
426.3694917068828,1026.0,4475.0,279.9785728,7,100.0,False,0,6684.331999999999,36.0
447.7594444444444,1169.189331874364,4506.086539567098,277.0,7,100.0,False,0,6684.61,36.0
457.15149110150685,1225.0,4509.0,277.0,7,100.0,False,0,6684.732,36.0
469.3038888888889,1338.6198541713952,4516.949020611392,277.0,7,100.0,False,0,6684.889999999999,36.0
474.05708651549236,1396.0,4519.0,276.6125008,7,100.0,False,0,6684.951999999999,36.0
489.332520303367,1612.0,4517.0,275.3625008,7,100.0,False,0,6685.152,36.0
493.74833333333333,1666.5562791081209,4514.640722673014,275.0,7,100.0,False,0,6685.21,36.0
521.0483333333333,1902.5269744650882,4487.8853070433315,273.0,7,100.0,False,0,6685.57,36.0
522.714296289094,1915.0,4486.0,273.0,7,100.0,False,0,6685.592,36.0
536.2149999999999,2013.3396382353617,4470.315224346193,273.0,7,100.0,False,0,6685.7699999999995,36.0
548.5986146604952,2140.0,4456.0,274.61999872,7,99.19000064,False,0,6685.932,36.0
551.4927777777777,2180.045577244686,4452.71577672161,275.0,7,99.0,False,0,6685.969999999999,36.0
566.7559896603922,2426.0,4439.0,272.4750016,7,99.84166613333333,False,0,6686.172,36.0
569.6261111111111,2466.7542219148127,4438.293276077643,272.0,7,100.0,False,0,6686.21,36.0
598.5962056388228,2740.0,4457.0,272.95499968,7,100.0,False,0,6686.592,36.0
599.9594444444443,2747.735632932562,4457.980743445188,273.0,7,100.0,False,0,6686.61,36.0
615.0705555555554,2812.181924106016,4468.791249873819,272.0,7,100.0,False,0,6686.8099999999995,36.0
621.2424821517112,2849.0,4478.0,271.59000064,7,100.0,False,0,6686.892,36.0
645.0705555555554,3077.6211247017714,4546.510081149506,270.0,7,100.0,False,0,6687.21,36.0
645.2201370764146,3079.0,4547.0,269.9944448,7,100.0,False,0,6687.2119999999995,36.0
658.6728825740189,3202.0,4600.0,269.4944448,7,100.0,False,0,6687.392,36.0
671.9705555555554,3383.229598499411,4708.027241943481,269.0,7,100.0,False,0,6687.57,36.0
679.5944277817042,3472.0,4765.0,269.0,7,100.0,False,0,6687.672,36.0
689.9038888888888,3537.362818234656,4810.161426548406,269.0,7,100.0,False,0,6687.8099999999995,36.0
704.9578818452954,3590.0,4858.0,268.49500032,7,99.49500032,False,0,6688.012,36.0
719.6816666666666,3697.793486013556,4955.476765753614,268.0,7,99.0,False,0,6688.21,36.0
725.8473098617003,3745.0,5000.0,267.7414335683855,7,99.0,False,0,6688.293,36.0
737.7177230697067,3830.0,5085.0,267.24299110140635,7,99.0,False,0,6688.4529999999995,36.0
743.4891666666666,3879.3686072726373,5134.866863592701,267.0,7,99.0,False,0,6688.531,36.0
756.8380633564245,3999.0,5255.0,265.8687504,7,52.0531416,False,0,6688.7119999999995,36.0
767.0447222222222,4061.1583041585054,5315.880359465703,265.0,7,16.0,True,0,6688.851,36.0
780.0898443822724,4134.0,5384.0,258.66500224,7,3.3300044799999995,True,0,6689.031999999999,36.0
781.3780555555554,4143.873448231572,5393.113292960709,258.0,7,2.0,True,0,6689.0509999999995,36.0
791.4669444444443,4241.162946794433,5482.251329493179,227.0,7,0.0,True,0,6689.210999999999,36.0
796.1957185713986,4285.0,5522.0,219.6593808,7,0.0,True,0,6689.2919999999995,36.0
809.0669444444443,4367.49032827903,5594.566913290453,198.0,7,0.0,True,0,6689.531,36.0
813.2129505731239,4394.0,5617.0,191.48744442614853,7,0.0,True,0,6689.612,36.0
819.1274999999998,4438.8065192797985,5654.474013115677,182.0,7,0.0,True,0,6689.73,36.0
826.1019233906277,4495.0,5701.0,176.6750048,7,0.0,True,0,6689.871999999999,36.0
826.949722222222,4501.619760083192,5706.451567288839,176.0,7,0.0,True,0,6689.889999999999,36.0
834.1103549602434,4559.0,5753.0,162.50001066666667,7,0.0,True,0,6690.052,36.0
837.349722222222,4589.274775008753,5776.612900314972,156.0,4,0.0,True,0,6690.129999999999,36.0
841.4408500590571,4629.0,5806.0,151.41000576,4,0.0,True,0,6690.232,36.0
849.0458362397926,4696.0,5847.0,142.41000576,4,0.0,True,0,6690.432,36.0
852.6830555555554,4728.480842065228,5862.687045342738,138.0,3,0.0,True,0,6690.53,36.0
858.5052777777776,4782.518539624554,5882.849388038168,131.0,3,0.0,True,0,6690.69,36.0
859.2834839657266,4790.0,5885.0,130.26667093333333,3,0.0,True,0,6690.7119999999995,36.0
866.7052777777776,4863.844798051587,5898.364148722306,123.0,2,0.0,True,0,6690.929999999999,36.0
867.4356210800385,4871.0,5899.0,122.51111395555556,2,0.0,True,0,6690.951999999999,36.0
869.4134531667785,4891.0,5900.0,121.17778062222222,2,0.0,True,0,6691.012,36.0
877.6624216113654,5019.0,5889.0,115.40000284444444,2,0.0,True,0,6691.272,36.0
878.2052777777776,5025.544884494837,5888.131938960515,115.0,2,0.0,True,0,6691.29,36.0
887.9157560180336,5081.0,5871.0,103.88500416,2,0.0,True,0,6691.632,36.0
889.538611111111,5092.852811052788,5865.378741636344,102.0,2,0.0,True,0,6691.69,36.0
894.0274999999999,5135.143361827492,5844.709694570579,101.0,2,0.0,False,0,6691.849999999999,36.0
896.2853985498591,5156.0,5832.0,100.2312512,2,3.3312448000000003,False,0,6691.932,36.0
898.9904041080293,5179.0,5815.0,99.2937512,2,7.3937448,False,0,6692.031999999999,36.0
902.738611111111,5208.8688040331435,5790.700833776149,98.0,2,13.0,False,0,6692.17,36.0
908.8895450380289,5252.0,5749.0,99.3874992,2,29.6499904,False,0,6692.392,36.0
911.6274999999999,5268.4390787588945,5728.905541650596,100.0,2,37.0,False,0,6692.49,36.0
914.4827567835439,5285.0,5705.0,100.6374992,2,38.2749984,False,0,6692.592,36.0
916.1163888888889,5294.716622740333,5689.159149520976,101.0,2,39.0,False,0,6692.65,36.0
920.163059835635,5318.0,5645.0,102.41999872,2,39.0,False,0,6692.7919999999995,36.0
921.8386111111112,5326.336599838324,5625.788203832752,103.0,2,39.0,False,0,6692.849999999999,36.0
927.7275000000001,5349.425728048941,5555.741747762638,106.0,2,42.0,False,0,6693.049999999999,36.0
932.6279029938554,5362.0,5510.0,108.0249984,2,44.531248,False,0,6693.2119999999995,36.0
937.5052777777779,5369.1112724707355,5481.489723641909,110.0,2,47.0,False,0,6693.37,36.0
942.5955572403907,5375.0,5443.0,112.69999786666666,2,53.749994666666666,False,0,6693.531999999999,36.0
945.1052777777779,5378.764838213251,5411.589187145204,114.0,2,57.0,False,0,6693.61,36.0
952.5158255777148,5390.0,5305.0,119.5499968,2,60.96428342857143,False,0,6693.831999999999,36.0
954.516388888889,5391.897388203724,5284.923110889551,121.0,2,62.0,False,0,6693.889999999999,36.0
964.3163888888889,5397.933168987729,5221.490421122983,126.0,2,64.0,False,0,6694.17,36.0
964.3836084683395,5398.0,5221.0,125.94750336,2,63.84001024,False,0,6694.172,36.0
986.0381886378561,5461.0,4982.0,106.49624832,2,4.559994879999998,False,0,6694.913,36.0
987.6497222222223,5469.497790762747,4966.91047712371,105.0,2,0.0,True,0,6694.969999999999,36.0
988.3022828876234,5473.0,4961.0,104.80886370018636,2,0.0,True,0,6694.9929999999995,36.0
995.6891143516024,5514.0,4899.0,102.65651034353645,2,0.0,True,0,6695.2519999999995,36.0
997.8780555555556,5527.508938926532,4881.4451105208955,102.0,2,0.0,True,0,6695.330999999999,36.0
1001.666642931946,5553.0,4852.0,97.77000192,2,0.0,True,0,6695.472,36.0
1003.2113888888889,5564.2189015911645,4840.638474416404,96.0,2,0.0,True,0,6695.531,36.0
1007.8108474198752,5600.0,4809.0,92.83250112,2,0.0,True,0,6695.7119999999995,36.0
1013.1002777777777,5643.796013040104,4776.133220574289,89.0,2,0.0,True,0,6695.931,36.0
1013.1237532659649,5644.0,4776.0,88.98181934545454,2,0.0,True,0,6695.932,36.0
1016.3499284525473,5673.0,4759.0,86.4363648,2,0.0,True,0,6696.071999999999,36.0
1021.6878945711983,5724.0,4738.0,82.07272843636363,2,0.0,True,0,6696.312,36.0
1023.0002777777777,5736.583932822079,4734.7173743271,81.0,1,0.0,True,0,6696.371,36.0
1027.0386722759636,5775.0,4730.0,80.43260219534,1,0.0,True,0,6696.552,36.0
1030.0891666666666,5803.825364409537,4732.736445461672,80.0,1,0.0,False,0,6696.69,36.0
1031.876620143958,5821.0,4737.0,79.4875008,1,6.9187392,False,0,6696.772,36.0
1035.327182938174,5854.0,4750.0,78.4875008,1,20.4187392,False,0,6696.932,36.0
1037.0225,5867.9525715485015,4756.678935544909,78.0,1,27.0,False,0,6697.009999999999,36.0
1042.3816392592696,5914.0,4789.0,79.72857051428572,1,34.778567314285716,False,0,6697.2519999999995,36.0
1043.2447222222222,5924.84501508816,4798.554506387512,80.0,1,36.0,False,0,6697.29,36.0
1046.5312446340693,5969.0,4840.0,82.0285696,1,40.0571392,False,0,6697.432,36.0
1049.7780555555555,5998.600252961359,4870.69380986588,84.0,1,44.0,False,0,6697.57,36.0
1053.6002777777778,6019.779480823588,4897.089089818424,86.0,1,46.0,False,0,6697.73,36.0
1055.1576544253494,6028.0,4908.0,87.7437464,1,46.5812488,False,0,6697.7919999999995,36.0
1062.0447222222222,6063.982124377945,4958.962833707233,95.0,1,49.0,False,0,6698.049999999999,36.0
1068.189432638408,6092.0,5002.0,99.62499733333334,1,57.324995200000004,False,0,6698.272,36.0
1068.711388888889,6093.966556608135,5005.172758628632,100.0,2,58.0,False,0,6698.29,36.0
1076.0447222222222,6118.75935769179,5048.544190500462,110.0,2,64.0,False,0,6698.53,36.0
1076.1075483142972,6119.0,5049.0,110.05999616,2,64.0999936,False,0,6698.531999999999,36.0
1082.4891666666667,6146.58042470795,5103.912305260751,116.0,2,74.0,False,0,6698.73,36.0
1085.3150499075768,6158.0,5129.0,120.0999936,2,75.36666453333333,False,0,6698.812,36.0
1088.905179131106,6171.0,5160.0,125.0999936,2,77.0333312,False,0,6698.911999999999,36.0
1091.0225,6178.496207431677,5178.714885726449,128.0,2,78.0,False,0,6698.969999999999,36.0
1100.0891666666666,6208.7667151969545,5260.322050488888,136.0,2,86.0,False,0,6699.21,36.0
1100.1680823204622,6209.0,5261.0,136.0999936,2,86.0285696,False,0,6699.2119999999995,36.0
1111.7558333333334,6240.877035961891,5363.9504425283585,150.0,3,90.0,False,0,6699.49,36.0
1112.7221659532847,6244.0,5375.0,150.94999447272727,3,90.44999738181818,False,0,6699.512,36.0
1122.772498924507,6278.0,5501.0,160.44999447272727,3,94.94999738181818,False,0,6699.732,36.0
1132.411388888889,6292.716681731252,5567.1165913370105,169.0,3,99.0,False,0,6699.929999999999,36.0
1137.5941122528113,6299.0,5602.0,173.84499392,3,99.0,False,0,6700.031999999999,36.0
1149.1706186881838,6317.0,5710.0,184.29499392,3,99.0,False,0,6700.2519999999995,36.0
1153.3002777777779,6322.786381972807,5753.415323574982,188.0,4,99.0,False,0,6700.33,36.0
1163.9669444444444,6331.982536760096,5881.497795733671,192.0,4,99.0,False,0,6700.53,36.0
1164.0758996539266,6332.0,5883.0,192.0722176,4,99.0,False,0,6700.531999999999,36.0
1175.2752006145167,6328.0,6038.0,199.29443982222222,4,99.0,False,0,6700.732,36.0
1184.4669444444446,6324.635824763817,6101.226105905676,205.0,4,99.0,False,0,6700.889999999999,36.0
1192.9304392208842,6313.0,6165.0,212.0999936,4,99.0,False,0,6701.031999999999,36.0
1196.411388888889,6303.483324420571,6208.450659313812,215.0,5,99.0,False,0,6701.089999999999,36.0
1209.8631386293525,6255.0,6410.0,217.3892864,5,99.0,False,0,6701.313,36.0
1213.3669444444445,6246.023896626093,6442.586100278413,218.0,5,99.0,False,0,6701.37,36.0
1231.3001350154686,6210.0,6525.0,225.7006761651775,5,99.64172301376479,False,0,6701.652999999999,36.0
1241.5419444444447,6168.119383763529,6609.132672014095,230.0,5,100.0,False,0,6701.811,36.0
1252.0756496965585,6114.0,6710.0,234.82999808,5,99.19500032,False,0,6701.972,36.0
1254.6530555555557,6100.410230922659,6732.860285195433,236.0,5,99.0,False,0,6702.0109999999995,36.0
1265.364166666667,6042.115864241014,6821.582542180421,241.0,6,99.0,False,0,6702.170999999999,36.0
1266.7896283152436,6034.0,6833.0,241.5249984,6,99.05249984,False,0,6702.192,36.0
1283.4158572431468,5933.0,6961.0,247.5249984,6,99.65249984,False,0,6702.432,36.0
1293.2530555555556,5868.046904043947,7031.6748309507,251.0,6,100.0,False,0,6702.571,36.0
1296.1775728760026,5848.0,7052.0,251.83863505454545,6,100.0,False,0,6702.612,36.0
1309.1403899299366,5755.0,7139.0,255.52045323636364,6,100.0,False,0,6702.7919999999995,36.0
1323.652360968013,5644.0,7233.0,259.61136232727273,6,100.0,False,0,6702.991999999999,36.0
1325.0308333333335,5633.857677956228,7241.325408208753,260.0,6,100.0,False,0,6703.0109999999995,36.0
1335.2595910724986,5553.0,7306.0,261.3260179408616,6,100.0,False,0,6703.152,36.0
1348.3355555555556,5386.557503142292,7433.130173716286,263.0,6,100.0,False,0,6703.33,36.0
1357.5292686134214,5292.0,7505.0,269.8624928,6,99.2375008,False,0,6703.451999999999,36.0
1360.4244444444446,5273.90097534487,7518.908152934985,272.0,7,99.0,False,0,6703.49,36.0
1377.5617440576007,5221.0,7562.0,276.75714011428573,7,99.79285668571428,False,0,6703.7119999999995,36.0
1382.0466666666669,5191.892585856827,7585.744498675725,278.0,7,100.0,False,0,6703.7699999999995,36.0
1391.4492370749585,5113.0,7650.0,278.0,7,99.56428617142858,False,0,6703.892,36.0
1403.668888888889,5016.1377645077155,7729.774080442867,278.0,7,99.0,False,0,6704.049999999999,36.0
1411.6612992317148,4941.0,7793.0,280.2312472,7,99.3187496,False,0,6704.152,36.0
1429.0022222222221,4730.834903129464,7972.968970281696,285.0,7,100.0,False,0,6704.37,36.0
1430.7698382662911,4711.0,7990.0,285.4812472,7,100.0,False,0,6704.392,36.0
1454.9577777777777,4509.380848356776,8162.9661847539355,292.0,7,100.0,False,0,6704.69,36.0
1468.0244444444443,4423.566674673606,8236.432692752393,294.0,7,100.0,False,0,6704.849999999999,36.0
1473.113170607411,4389.0,8266.0,294.5166656,7,100.0,False,0,6704.911999999999,36.0
1504.5955736749374,4175.0,8449.0,297.68333226666664,7,100.0,False,0,6705.2919999999995,36.0
1507.7577777777776,4156.807192827176,8464.613742672684,298.0,7,100.0,False,0,6705.33,36.0
1534.513333333333,4011.142704118825,8590.017869471063,301.0,7,100.0,False,0,6705.65,36.0
1534.6820733001857,4010.0,8591.0,301.035712,7,100.0,False,0,6705.652,36.0
1549.9618844260015,3895.0,8690.0,304.2499977142857,7,100.0,False,0,6705.831999999999,36.0
1558.3133333333333,3831.9298139076554,8745.009925600438,306.0,8,100.0,False,0,6705.929999999999,36.0
1573.8321252112264,3716.0,8847.0,306.90999936,8,100.0,False,0,6706.112,36.0
1575.3688888888887,3704.3188491318106,8857.25221005928,307.0,8,100.0,False,0,6706.129999999999,36.0
1589.0577777777776,3600.543267528602,8948.144401751772,308.0,8,100.0,False,0,6706.29,36.0
1590.9471392937814,3587.0,8960.0,308.16499904,8,100.0,False,0,6706.312,36.0
1608.2147425200098,3458.0,9073.0,309.66499904,8,100.0,False,0,6706.512,36.0
1623.613333333333,3274.1253809969467,9234.371890711294,311.0,8,100.0,False,0,6706.69,36.0
1627.2399431728638,3237.0,9267.0,311.0,8,100.0,False,0,6706.732,36.0
1637.4355555555553,3163.5990125787757,9331.66024621439,311.0,8,100.0,False,0,6706.849999999999,36.0
1660.2819235178029,3068.0,9416.0,313.8071414857143,8,99.06428617142858,False,0,6707.112,36.0
1661.8577777777775,3057.279300132541,9425.379387516738,314.0,8,99.0,False,0,6707.129999999999,36.0
1670.7973307021973,2989.0,9485.0,314.50999936,8,99.0,False,0,6707.232,36.0
1690.1200131440412,2844.0,9611.0,315.60999936,8,99.0,False,0,6707.451999999999,36.0
1696.9688888888886,2774.769270619041,9670.96642061077,316.0,8,99.0,False,0,6707.53,36.0
1712.941471049796,2605.0,9818.0,316.0,8,99.0,False,0,6707.7119999999995,36.0
1718.0355555555554,2567.5452377332203,9850.542360221452,316.0,8,99.0,False,0,6707.7699999999995,36.0
1741.17892024395,2459.0,9946.0,316.5977274181818,8,99.59772741818182,False,0,6708.032999999999,36.0
1756.7799999999997,2347.7210268126855,10044.770864213517,317.0,8,100.0,False,0,6708.21,36.0
1767.6280484680888,2251.0,10131.0,317.30673273723414,8,100.0,False,0,6708.333,36.0
1788.7451902184753,2040.0,10320.0,317.9027429670213,8,100.0,False,0,6708.571999999999,36.0
1792.2016666666666,2008.7025231811867,10348.05399007285,318.0,8,100.0,False,0,6708.611,36.0
1809.757222222222,1871.22371858457,10471.265583680142,316.0,8,41.0,True,0,6708.811,36.0
1854.0905555555553,1582.393036148709,10706.28951191553,266.0,8,4.0,True,0,6709.411,36.0
1855.4868950726916,1571.0,10714.0,264.0909149090909,8,4.0,True,0,6709.432,36.0
1867.1291497272694,1469.0,10779.0,247.72727854545454,8,4.0,True,0,6709.612,36.0
1879.3987918215312,1356.0,10841.0,229.54546036363635,8,4.0,True,0,6709.812,36.0
1881.7127777777775,1334.3542106984578,10851.356428940911,226.0,7,4.0,True,0,6709.851,36.0
1892.1311302996214,1237.0,10892.0,210.85356589695306,7,3.2426782948476536,True,0,6710.031999999999,36.0
1895.3888888888887,1207.7110496016867,10902.7153686775,206.0,7,3.0,True,0,6710.089999999999,36.0
1903.2328207850203,1129.0,10925.0,200.08333866666666,7,3.0,True,0,6710.232,36.0
1908.4555555555553,1053.1008144315406,10938.044038458866,196.0,5,3.0,True,0,6710.33,36.0
1913.6728002929983,976.0,10948.0,189.20000853333335,5,3.0,True,0,6710.432,36.0
1920.4555555555553,911.5608756716374,10952.781231752042,180.0,5,3.0,True,0,6710.57,36.0
1930.0291622055972,852.0,10949.0,171.58333866666666,5,3.0,True,0,6710.772,36.0
1931.7888888888886,836.9673585642545,10948.13219153581,170.0,4,3.0,True,0,6710.8099999999995,36.0
1940.844444444444,742.8561850866345,10941.627163610658,163.0,4,3.0,True,0,6711.009999999999,36.0
1942.6991765268208,724.0,10939.0,161.4250048,4,3.0,True,0,6711.052,36.0
1947.8222222222219,675.4316335429485,10928.696320132993,157.0,4,3.0,True,0,6711.17,36.0
1951.307794497238,643.0,10919.0,154.9500032,4,3.6833322666666666,True,0,6711.2519999999995,36.0
1957.8888888888882,579.2996527503985,10894.52600057293,151.0,3,5.0,True,0,6711.41,36.0
1962.0826527361053,540.0,10876.0,148.96000256,3,6.52999808,True,0,6711.512,36.0
1966.055555555555,505.00327191475986,10856.886690682748,147.0,3,8.0,True,0,6711.61,36.0
1968.5318577305434,484.0,10844.0,145.9666688,3,10.411106133333334,True,0,6711.672,36.0
1977.125954666022,416.0,10792.0,142.30000213333332,3,18.96666168888889,True,0,6711.892,36.0
1980.1555555555549,395.0155506162978,10770.346098591639,141.0,3,22.0,False,0,6711.969999999999,36.0
1986.450955080928,356.0,10721.0,140.32500053333334,3,40.2249856,False,0,6712.132,36.0
1989.4888888888884,338.6565571799463,10696.22960067989,140.0,3,49.0,False,0,6712.21,36.0
1995.824753765719,304.0,10640.0,140.80999936,3,50.61999872,False,0,6712.371999999999,36.0
1997.3222222222216,295.67951327737336,10625.00701772073,141.0,3,51.0,False,0,6712.41,36.0
2004.5699411497023,257.0,10547.0,142.7062488,3,44.7437544,False,0,6712.592,36.0
2010.1222222222216,234.30970176441258,10489.312499648815,144.0,3,40.0,False,0,6712.73,36.0
2019.855555555555,208.63402736677347,10395.956368225146,146.0,3,56.0,False,0,6712.969999999999,36.0
2020.7538016265698,207.0,10388.0,146.23571291428573,3,57.02142262857143,False,0,6712.991999999999,36.0
2031.444444444444,196.08667507205436,10300.77642304998,149.0,3,69.0,False,0,6713.25,36.0
2036.7053308833438,193.0,10254.0,153.0666624,3,74.083328,False,0,6713.371999999999,36.0
2041.9111111111106,190.01969686751136,10202.020447207928,157.0,3,79.0,False,0,6713.49,36.0
2043.7863948742734,189.0,10183.0,158.0499968,3,80.46999552,False,0,6713.531999999999,36.0
2050.9111111111106,185.4593861554308,10111.823493480795,162.0,3,86.0,False,0,6713.69,36.0
2057.316850281143,182.0,10048.0,162.0,3,54.4937784,False,0,6713.831999999999,36.0
2065.3111111111107,176.08735988116618,9967.896439668162,162.0,3,15.0,True,0,6714.009999999999,36.0
2065.4005171245844,176.0,9967.0,161.968752,3,14.968752,True,0,6714.012,36.0
2069.859349679441,171.0,9923.0,160.406252,3,13.406252,True,0,6714.112,36.0
2079.2666666666664,154.96732118695246,9840.0827192602,157.0,3,10.0,True,0,6714.33,36.0
2080.972982537602,149.0,9822.0,154.20000853333335,3,9.4750016,True,0,6714.371999999999,36.0
2088.6666666666665,106.96964244479311,9724.042599924007,141.0,3,7.0,True,0,6714.57,36.0
2090.317224920884,98.0,9706.0,139.9250048,3,5.9250048,True,0,6714.612999999999,36.0
2094.7555555555555,76.95882254273592,9668.539072858635,137.0,3,3.0,True,0,6714.73,36.0
2103.3913888888887,40.38711201669372,9626.159089475032,129.0,3,3.0,True,0,6714.971,36.0
2105.5167899475464,28.0,9613.0,127.729168,3,3.2541664,True,0,6715.031999999999,36.0
2111.012082584976,-11.0,9573.0,124.39583466666667,3,3.920833066666667,True,0,6715.192,36.0
2111.6580555555556,-15.894466472377243,9568.587483577963,124.0,3,4.0,True,0,6715.210999999999,36.0
2116.404722995848,-54.0,9539.0,121.3562512,3,4.0,True,0,6715.352,36.0
2117.0358333333334,-59.62156550991777,9535.115414535238,121.0,3,4.0,True,0,6715.371,36.0
2124.835833333333,-138.87907524216035,9487.893145095357,117.0,3,2.0,False,0,6715.611,36.0
2127.422648368766,-163.0,9476.0,115.9875008,3,2.0,False,0,6715.692,36.0
2132.435833333333,-202.3937105022025,9460.767425127953,114.0,3,2.0,False,0,6715.851,36.0
2134.9489435236774,-222.0,9455.0,113.10000071111111,3,1.5500003555555555,False,0,6715.932,36.0
2143.435833333333,-303.1657263245993,9440.912936426033,110.0,2,0.0,False,0,6716.210999999999,36.0
2144.6710067540507,-319.0,9441.0,109.65833386666667,2,0.0,False,0,6716.2519999999995,36.0
2150.6358333333333,-406.59645600284136,9450.920502957813,108.0,2,0.0,False,0,6716.451,36.0
2150.6657256984577,-407.0,9451.0,107.9937504,2,0.0,False,0,6716.451999999999,36.0
2155.3913888888887,-461.7124782135523,9466.817125886895,107.0,2,0.0,False,0,6716.611,36.0
2159.984722222222,-498.91403100452374,9488.205277039524,104.0,2,3.0,False,0,6716.7699999999995,36.0
2165.1910491057233,-533.0,9512.0,103.09000064,2,13.00999296,False,0,6716.951999999999,36.0
2165.706944444444,-536.0306320781878,9514.225264312674,103.0,2,14.0,False,0,6716.969999999999,36.0
2172.6402777777776,-573.9890659004678,9545.240776274062,104.0,2,42.0,False,0,6717.21,36.0
2173.284402018823,-578.0,9549.0,104.2749984,2,42.2749984,False,0,6717.232,36.0
2179.7736111111108,-622.6090595411004,9595.538213882031,107.0,2,45.0,False,0,6717.45,36.0
2179.8342813045724,-623.0,9596.0,107.0333312,2,45.0083328,False,0,6717.451999999999,36.0
2184.7558451750033,-652.0,9634.0,109.69999786666666,2,45.67499946666667,False,0,6717.612,36.0
2187.173611111111,-665.3157817764719,9653.66391421979,111.0,2,46.0,False,0,6717.69,36.0
2190.959644465105,-685.0,9686.0,111.7624992,2,49.812496,False,0,6717.812,36.0
2192.151388888889,-690.7197101379752,9696.444309951703,112.0,2,51.0,False,0,6717.849999999999,36.0
2198.5958333333333,-717.6396128086125,9754.233817444092,116.0,2,55.0,False,0,6718.049999999999,36.0
2200.677339683431,-725.0,9773.0,117.937496,2,56.937496,False,0,6718.112,36.0
2206.9638762708464,-744.0,9830.0,123.562496,2,62.562495999999996,False,0,6718.2919999999995,36.0
2209.795833333333,-751.3974102063448,9856.424042906881,126.0,2,65.0,False,0,6718.37,36.0
2213.5961072428227,-760.0,9891.0,129.31499584,2,68.05999616,False,0,6718.472,36.0
2222.926986824281,-773.0,9976.0,137.11499584,2,75.25999616,False,0,6718.7119999999995,36.0
2225.2402777777775,-774.3444944588377,10007.058275755884,139.0,2,77.0,False,0,6718.7699999999995,36.0
2231.811243880681,-775.0,10101.0,143.49999644444443,2,80.59999715555556,False,0,6718.932,36.0
2240.1402777777776,-772.3630232112693,10157.542258248432,149.0,3,85.0,False,0,6719.129999999999,36.0
2244.5988250728046,-769.0,10185.0,153.67499413333334,3,86.69999786666666,False,0,6719.232,36.0
2250.8069444444445,-761.8482277763449,10238.309502837292,160.0,3,89.0,False,0,6719.37,36.0
2257.395549443947,-750.0,10307.0,165.67999488,3,89.0,False,0,6719.512,36.0
2260.140277777778,-743.4411097213374,10337.423971348873,168.0,3,89.0,False,0,6719.57,36.0
2271.8736111111116,-711.2355995434588,10462.159126452516,176.0,4,97.0,False,0,6719.8099999999995,36.0
2271.975090497699,-711.0,10463.0,176.0888832,4,97.0166656,False,0,6719.812,36.0
2290.086996787474,-666.0,10592.0,191.1999943111111,4,99.84999893333334,False,0,6720.152,36.0
2291.0736111111114,-661.3835508863441,10603.31952541459,192.0,4,100.0,False,0,6720.17,36.0
2302.1847222222223,-594.0429525580693,10762.593640402827,200.0,4,99.0,False,0,6720.37,36.0
2304.5694915642425,-580.0,10794.0,201.14545105454545,4,99.0,False,0,6720.411999999999,36.0
2325.78625755567,-485.0,10982.0,210.96363287272726,4,99.0,False,0,6720.772,36.0
2328.0958333333338,-477.31764254443254,10996.5449745975,212.0,5,99.0,False,0,6720.8099999999995,36.0
2350.495833333334,-410.0529485101053,11122.243182975211,224.0,5,100.0,False,0,6721.17,36.0
2351.9440620494292,-404.0,11133.0,224.5750016,5,100.0,False,0,6721.192999999999,36.0
2360.629166666667,-361.86896847288654,11206.578680841632,228.0,5,100.0,False,0,6721.33,36.0
2364.6942412859858,-341.0,11242.0,230.34782940534834,5,100.0,False,0,6721.393,36.0
2371.094166666667,-308.2602442235455,11295.990037509786,234.0,5,100.0,False,0,6721.491,36.0
2379.138952482368,-266.0,11362.0,236.541664,5,100.0,False,0,6721.612999999999,36.0
2387.0275000000006,-222.2079750758319,11425.492634098284,239.0,6,100.0,False,0,6721.731,36.0
2392.5186179336984,-190.0,11470.0,241.36249813333333,6,100.0,False,0,6721.812,36.0
2403.4275000000002,-121.352411716068,11560.953118135189,246.0,6,100.0,False,0,6721.971,36.0
2410.394325161426,-83.0,11611.0,247.8937488,6,100.0,False,0,6722.071999999999,36.0
2414.4941666666673,-64.80515494703573,11634.82439329275,249.0,6,100.0,False,0,6722.130999999999,36.0
2425.8390624958975,15.0,11727.0,252.44999862857142,6,100.0,False,0,6722.2919999999995,36.0
2432.968332074392,132.0,11851.0,254.59285577142856,6,100.0,False,0,6722.392,36.0
2434.327500000001,151.87275629920904,11871.889663778958,255.0,6,100.0,False,0,6722.411,36.0
2445.8386111111117,255.89240558886354,11979.466104307352,259.0,6,100.0,False,0,6722.571,36.0
2469.3052777777784,319.5495807238661,12029.617218385627,264.0,6,100.0,False,0,6722.891,36.0
2469.3793657476244,320.0,12030.0,264.015624,6,100.0,False,0,6722.892,36.0
2481.2883023428535,410.0,12107.0,266.515624,6,100.0,False,0,6723.052,36.0
2493.2163888888895,503.7877023065648,12182.285410386694,269.0,7,100.0,False,0,6723.210999999999,36.0
2502.3474222695945,574.0,12235.0,270.8241190515396,7,100.0,False,0,6723.331999999999,36.0
2508.2519444444447,618.7560952666067,12267.088624875361,272.0,7,100.0,False,0,6723.41,36.0
2514.4710334079814,673.0,12303.0,272.5857133714286,7,100.0,False,0,6723.491999999999,36.0
2529.563055555556,851.8750466537604,12407.057709560531,274.0,7,100.0,False,0,6723.69,36.0
2531.250060166436,870.0,12417.0,274.4124976,7,100.0,False,0,6723.7119999999995,36.0
2541.8741666666674,962.8057253648941,12465.158820629415,277.0,7,100.0,False,0,6723.849999999999,36.0
2560.474166666667,1082.9246219044214,12515.269383648332,279.0,7,100.0,False,0,6724.089999999999,36.0
2563.74983814968,1110.0,12526.0,279.44999862857145,7,100.0,False,0,6724.132,36.0
2571.5760424050936,1182.0,12554.0,280.5214272,7,100.0,False,0,6724.232,36.0
2582.4075000000003,1285.0176309863696,12590.258803408937,282.0,7,100.0,False,0,6724.37,36.0
2588.849197726596,1345.0,12610.0,282.40999936,7,100.0,False,0,6724.451999999999,36.0
2598.129722222223,1428.873035696607,12636.388797952673,283.0,7,100.0,False,0,6724.57,36.0
2603.013105928082,1481.0,12651.0,283.2214281142857,7,100.0,False,0,6724.632,36.0
2620.218611111112,1732.114473997555,12710.712205134443,284.0,7,100.0,False,0,6724.849999999999,36.0
2628.2827959868036,1835.0,12733.0,284.50999936,7,100.0,False,0,6724.951999999999,36.0
2636.051944444445,1905.6786630403408,12747.165849351515,285.0,7,100.0,False,0,6725.049999999999,36.0
2655.1852777777785,2019.908255847646,12764.065552551761,287.0,7,100.0,False,0,6725.29,36.0
2656.9387817221514,2034.0,12766.0,287.0,7,100.0,False,0,6725.312,36.0
2672.8788238196594,2200.0,12788.0,287.0,7,100.0,False,0,6725.512,36.0
2674.318611111112,2218.0793919382177,12790.182755821575,287.0,7,100.0,False,0,6725.53,36.0
2697.0271871383547,2518.0,12823.0,288.7624992,7,100.0,False,0,6725.812,36.0
2712.9852777777787,2626.458210151127,12834.612594343858,290.0,7,100.0,False,0,6726.009999999999,36.0
2721.1716583143634,2678.0,12840.0,289.49000064,7,100.0,False,0,6726.112,36.0
2729.0408333333344,2739.844072162164,12846.33724305863,289.0,7,100.0,False,0,6726.21,36.0
2746.977980831656,2935.0,12866.0,290.8499989333333,7,99.07500053333334,False,0,6726.432,36.0
2748.440833333334,2955.167298162536,12868.022223954034,291.0,7,99.0,False,0,6726.45,36.0
2761.6644192440276,3144.0,12887.0,293.0249984,7,99.0,False,0,6726.612,36.0
2768.0408333333344,3208.5315406177824,12893.641436036121,294.0,7,99.0,False,0,6726.69,36.0
2787.800719124563,3339.0,12908.0,294.0,7,99.86428525714285,False,0,6726.932,36.0
2790.907500000001,3366.146882232358,12911.02780363597,294.0,7,100.0,False,0,6726.969999999999,36.0
2804.1765900201235,3501.0,12926.0,294.80999936,7,99.19000064,False,0,6727.132,36.0
2807.2963888888903,3532.8669522435953,12929.493641776568,295.0,7,99.0,False,0,6727.17,36.0
2827.2368765095,3730.0,12951.0,296.0083328,7,99.5041664,False,0,6727.411999999999,36.0
2840.5385095639053,3861.0,12966.0,296.67916586666666,7,99.83958293333333,False,0,6727.572999999999,36.0
2846.89638888889,3934.993620869697,12974.860080688592,297.0,7,100.0,False,0,6727.65,36.0
2863.6462609449723,4139.0,13000.0,297.0,7,99.49376598404245,False,0,6727.853,36.0
2879.9788888888907,4269.409497092193,13016.426949640203,297.0,7,99.0,False,0,6728.0509999999995,36.0
2888.3952565619456,4335.0,13025.0,297.0,7,99.0,False,0,6728.152999999999,36.0
2896.47888888889,4408.248891724388,13034.77118028116,297.0,7,99.0,False,0,6728.250999999999,36.0
2916.3103339122554,4613.0,13062.0,296.13928594285716,7,99.0,False,0,6728.491999999999,36.0
2919.5011111111126,4645.5014770315765,13066.138458241403,296.0,7,99.0,False,0,6728.531,36.0
2932.6066929493136,4775.0,13082.0,293.9875008,7,99.0,False,0,6728.692,36.0
2939.034444444446,4834.353409349739,13088.881266344299,293.0,7,99.0,False,0,6728.771,36.0
2945.638958009783,4905.0,13096.0,293.0,7,97.734376,False,0,6728.852,36.0
2961.932759351591,5147.0,13114.0,293.0,7,94.609376,False,0,6729.052,36.0
2965.07888888889,5187.206532970348,13115.888288231195,293.0,7,94.0,False,0,6729.090999999999,36.0
2993.67888888889,5399.699844971404,13103.247808195052,286.0,7,37.0,False,0,6729.451,36.0
3000.0888395262396,5444.0,13096.0,284.9875008,7,30.4187552,False,0,6729.531999999999,36.0
3006.301111111112,5491.646848190119,13087.858976035808,284.0,7,24.0,False,0,6729.611,36.0
3017.1955094844316,5611.0,13057.0,279.06500224,7,18.360002559999998,False,0,6729.7519999999995,36.0
3021.690000000001,5687.144215072511,13030.183623091049,277.0,7,16.0,False,0,6729.811,36.0
3029.303768766785,5823.0,12978.0,274.1593768,7,20.4187472,False,0,6729.911999999999,36.0
3045.512222222223,5939.548745228001,12923.605926923603,268.0,7,30.0,False,0,6730.130999999999,36.0
3058.6903644669737,5990.0,12882.0,262.54271725259343,7,44.552753993084146,False,0,6730.312,36.0
3059.995000000001,5998.745808728541,12875.534082275177,262.0,6,46.0,False,0,6730.33,36.0
3071.704825763316,6096.0,12805.0,260.9875008,6,60.6812384,False,0,6730.491999999999,36.0
3083.106111111112,6177.948813593859,12739.458462151793,260.0,6,75.0,False,0,6730.65,36.0
3090.4745095213966,6236.0,12681.0,260.0,6,77.2312472,False,0,6730.7519999999995,36.0
3103.477518213496,6354.0,12540.0,260.0,6,81.1687472,False,0,6730.932,36.0
3106.2172222222234,6371.087778470724,12517.39613153203,260.0,6,82.0,False,0,6730.969999999999,36.0
3120.6061111111126,6417.459711817041,12439.34210055617,259.0,6,86.0,False,0,6731.17,36.0
3122.187025949167,6423.0,12429.0,259.0,6,87.374992,False,0,6731.192,36.0
3132.1172222222235,6466.959924542458,12347.125652320634,259.0,6,96.0,False,0,6731.33,36.0
3138.0618038965786,6497.0,12285.0,260.22999808,6,97.63999744,False,0,6731.411999999999,36.0
3146.672777777779,6542.0357888759045,12178.351938210595,262.0,6,100.0,False,0,6731.53,36.0
3164.3394444444457,6623.522016414165,11956.379869345728,265.0,6,100.0,False,0,6731.7699999999995,36.0
3164.487341687424,6624.0,11955.0,265.0249984,6,100.0,False,0,6731.772,36.0
3176.2061111111125,6650.381220784671,11873.570736543496,267.0,6,100.0,False,0,6731.929999999999,36.0
3191.150555555557,6674.648108521429,11784.263039432666,269.0,7,100.0,False,0,6732.129999999999,36.0
3191.3005815620695,6675.0,11783.0,269.01999872,7,100.0,False,0,6732.132,36.0
3201.8304986207954,6703.0,11682.0,270.41999872,7,100.0,False,0,6732.272,36.0
3206.2061111111125,6713.59307727832,11641.149931793994,271.0,7,100.0,False,0,6732.33,36.0
3216.9481887192337,6739.0,11535.0,272.18333226666664,7,100.0,False,0,6732.472,36.0
3224.4061111111128,6761.985250220621,11435.830502112645,273.0,7,100.0,False,0,6732.57,36.0
3236.840941391819,6800.0,11268.0,275.0249984,7,100.0,False,0,6732.732,36.0
3255.2950000000014,6824.567458641283,11146.708547679356,278.0,7,100.0,False,0,6732.969999999999,36.0
3260.1242862016456,6830.0,11117.0,278.7749984,7,100.0,False,0,6733.031999999999,36.0
3274.028333333335,6849.639456142959,11007.17824544515,281.0,7,100.0,False,0,6733.21,36.0
3277.313876255624,6855.0,10975.0,281.20999936,7,100.0,False,0,6733.2519999999995,36.0
3289.6950000000015,6877.382472377843,10830.78050099552,282.0,7,100.0,False,0,6733.41,36.0
3302.4452230002876,6899.0,10680.0,282.80999936,7,100.0,False,0,6733.571999999999,36.0
3321.2505555555576,6919.0926827898165,10518.358109160235,284.0,7,100.0,False,0,6733.8099999999995,36.0
3335.6570384883935,6932.0,10398.0,284.90999936,7,100.0,False,0,6733.991999999999,36.0
3337.0838888888907,6933.421602581195,10384.557575219284,285.0,7,100.0,False,0,6734.009999999999,36.0
3348.4346005591783,6945.0,10271.0,285.5107145142857,7,100.0,False,0,6734.152999999999,36.0
3359.328333333335,6954.203377787426,10162.23840941392,286.0,7,100.0,False,0,6734.29,36.0
3370.713163390618,6962.0,10049.0,286.39612213116845,7,99.60387786883153,False,0,6734.433,36.0
3385.0711847627954,6970.0,9906.0,286.89473646887296,7,99.10526353112705,False,0,6734.612999999999,36.0
3388.1080555555573,6971.418437840301,9876.77739549732,287.0,7,99.0,False,0,6734.651,36.0
3402.680153665348,6977.0,9731.0,287.5687504,7,99.5687504,False,0,6734.833,36.0
3413.708055555557,6980.150818110914,9587.974736089891,288.0,7,100.0,False,0,6734.971,36.0
3421.745165075162,6982.0,9492.0,287.2785718857143,7,99.63928594285714,False,0,6735.071999999999,36.0
3435.9525000000017,6984.607623344261,9381.426997107183,286.0,7,99.0,False,0,6735.250999999999,36.0
3442.3871614180816,6986.0,9333.0,286.0,7,99.0,False,0,6735.331999999999,36.0
3461.374722222224,6992.937741803922,9145.955559258231,286.0,7,99.0,False,0,6735.571,36.0
3463.0403377036705,6994.0,9127.0,285.92500022857143,7,99.0,False,0,6735.592,36.0
3483.541388888891,7013.502077130532,8876.898896792807,285.0,7,99.0,False,0,6735.851,36.0
3486.7801853885967,7017.0,8842.0,284.82916693333334,7,99.17083306666666,False,0,6735.892,36.0
3502.4747222222245,7034.184225368441,8706.177293397977,284.0,7,100.0,False,0,6736.090999999999,36.0
3518.196944444446,7056.860077226562,8577.744529867941,283.0,7,100.0,False,0,6736.290999999999,36.0
3518.275347213516,7057.0,8577.0,282.99545483636365,7,99.99772741818182,False,0,6736.2919999999995,36.0
3524.5404728798885,7069.0,8515.0,282.6318184727273,7,99.81590923636364,False,0,6736.371999999999,36.0
3544.820575224893,7115.0,8316.0,281.4500002909091,7,99.22500014545454,False,0,6736.632,36.0
3552.541388888891,7132.559862359873,8245.539515310174,281.0,7,99.0,False,0,6736.731,36.0
3561.9848443268706,7159.0,8150.0,281.0,7,99.0,False,0,6736.852,36.0
3564.9522222222245,7169.921962254824,8114.065086340973,281.0,7,99.0,False,0,6736.889999999999,36.0
3580.5633333333353,7242.022207266394,7892.321529102942,281.0,7,100.0,False,0,6737.089999999999,36.0
3582.2743530455195,7250.0,7868.0,280.8796882,7,99.8453134,False,0,6737.112,36.0
3677.9855555555578,7535.013958369088,6891.26754306506,274.0,7,91.0,False,0,6738.37,36.0
3685.6754294706725,7538.0,6850.0,272.47000192,7,95.58999424,False,0,6738.472,36.0
3693.0411111111134,7537.632552006512,6815.874654260122,271.0,7,100.0,False,0,6738.57,36.0
3706.638351510741,7528.0,6743.0,269.18000128,7,100.0,False,0,6738.7519999999995,36.0
3707.9855555555578,7526.359281586997,6732.636824630806,269.0,7,100.0,False,0,6738.7699999999995,36.0
3722.9855555555578,7500.221713909341,6580.1418071700955,270.0,7,100.0,False,0,6738.969999999999,36.0
3732.0573075182992,7482.0,6488.0,268.8562512,7,100.0,False,0,6739.092,36.0
3743.8968204835946,7454.0,6371.0,267.3562512,7,100.0,False,0,6739.2519999999995,36.0
3746.7188888888913,7442.900983505321,6327.382829652994,267.0,7,100.0,False,0,6739.29,36.0
3757.2973194656224,7395.0,6141.0,267.70999936,7,98.58000128,False,0,6739.432,36.0
3761.6077777777805,7383.148168848767,6094.337399492537,268.0,7,98.0,False,0,6739.49,36.0
3779.4196233212424,7369.0,6027.0,264.9750016,7,47.3312768,False,0,6739.732,36.0
3785.074444444447,7361.277010870037,5986.145223579937,264.0,6,31.0,True,0,6739.8099999999995,36.0
3802.3234577436947,7330.0,5802.0,257.9500032,6,29.4875008,True,0,6740.052,36.0
3807.830000000002,7324.05343640922,5746.173288193149,256.0,6,29.0,True,0,6740.129999999999,36.0
3815.005540127571,7319.0,5678.0,253.4500032,6,29.0,True,0,6740.232,36.0
3819.0300000000025,7316.853580412135,5641.564509742757,252.0,6,29.0,True,0,6740.29,36.0
3827.2992489578523,7318.0,5558.0,245.1375072,6,31.287497600000002,True,0,6740.411999999999,36.0
3829.830000000002,7321.646952363916,5524.653516078333,243.0,6,32.0,True,0,6740.45,36.0
3844.246195091043,7362.0,5307.0,236.2166705777778,6,35.08333155555555,True,0,6740.672,36.0
3853.0300000000025,7379.320473325881,5242.686760158853,232.0,5,37.0,False,0,6740.8099999999995,36.0
3864.586777180571,7403.0,5197.0,229.46537262544,5,38.520776424735985,False,0,6740.9929999999995,36.0
3875.7930555555577,7447.421859100661,5108.578024369557,227.0,5,40.0,False,0,6741.170999999999,36.0
3886.0058657245504,7505.0,5002.0,226.32500053333334,5,44.0499968,False,0,6741.333,36.0
3890.8597222222243,7538.106496085893,4945.744250214804,226.0,5,46.0,False,0,6741.411,36.0
3900.661368374469,7604.0,4838.0,221.52777955555555,5,32.58333866666666,False,0,6741.571999999999,36.0
3912.459722222224,7644.528676781705,4768.633668301318,216.0,5,16.0,True,0,6741.771,36.0
3916.0293751362838,7656.0,4747.0,214.2843768,5,14.856251199999999,True,0,6741.831999999999,36.0
3930.8597222222243,7719.479928878656,4616.783271685512,207.0,5,10.0,True,0,6742.090999999999,36.0
3934.239779645478,7733.0,4584.0,204.458336,5,10.5083328,True,0,6742.152,36.0
3943.9930555555575,7763.673681398284,4490.874821611574,197.0,5,12.0,True,0,6742.330999999999,36.0
3947.319432859178,7771.0,4459.0,197.0,5,12.0,True,0,6742.392,36.0
3949.5036530207517,7775.0,4438.0,197.0,5,12.0,True,0,6742.432,36.0
3964.838508911086,7790.0,4288.0,197.0,5,12.0,True,0,6742.7119999999995,36.0
3968.0708333333355,7785.414587799209,4240.798506366505,197.0,5,12.0,True,0,6742.771,36.0
3979.078909246229,7757.0,4071.0,197.0,5,12.0,True,0,6742.972,36.0
3987.770833333335,7745.320946133474,4021.0735810954516,197.0,5,12.0,True,0,6743.130999999999,36.0
3995.461463685274,7731.0,3987.0,197.0,5,66.04997546666667,True,0,6743.272,36.0
4000.9041666666685,7711.7129586406145,3938.9051674495668,197.0,5,104.0,True,0,6743.371,36.0
4004.291668080812,7697.0,3905.0,197.0,5,75.63502976000001,True,0,6743.432,36.0
4011.8486111111133,7657.324192596761,3826.786497677906,197.0,5,11.0,True,0,6743.571,36.0
4019.666111111113,7607.221722617367,3742.8697398103336,177.0,5,70.0,False,0,6743.73,36.0
4021.745116842211,7595.0,3724.0,177.89999725714284,5,71.79999451428571,False,0,6743.772,36.0
4033.8994444444465,7533.654785695117,3642.7606501179957,183.0,5,82.0,False,0,6744.009999999999,36.0
4041.242996905175,7493.0,3599.0,185.83999744,5,84.12999808000001,False,0,6744.152,36.0
4044.2883333333357,7473.937924416562,3579.699922007584,187.0,5,85.0,False,0,6744.21,36.0
4049.736144262838,7432.0,3542.0,189.80499648,5,88.8249952,False,0,6744.312,36.0
4062.9994418078827,7281.0,3437.0,196.40499648,5,97.8249952,False,0,6744.552,36.0
4066.2883333333352,7254.08232692923,3420.0651911350024,198.0,5,100.0,False,0,6744.61,36.0
4081.5408990215597,7171.0,3376.0,207.16999552,5,100.0,False,0,6744.871999999999,36.0
4089.8438888888913,7100.67635495567,3339.2418529810616,212.0,5,100.0,False,0,6745.009999999999,36.0
4097.34215071667,7035.0,3305.0,216.26999552,5,99.69500032,False,0,6745.132,36.0
4114.955000000003,6902.189033113611,3226.9662624063094,226.0,5,99.0,False,0,6745.41,36.0
4117.674364451001,6871.0,3202.0,227.2833294222222,5,99.0,False,0,6745.451999999999,36.0
4128.171401072808,6726.0,3075.0,232.17221831111112,5,99.0,False,0,6745.612,36.0
4138.6550000000025,6627.472876932505,2981.3953248432226,237.0,5,99.0,False,0,6745.7699999999995,36.0
4157.399444444447,6540.497923646011,2879.1671888323463,241.0,6,100.0,False,0,6746.049999999999,36.0
4158.885763582559,6533.0,2870.0,241.36666453333333,6,100.0,False,0,6746.071999999999,36.0
4173.73277777778,6449.036471605694,2766.4696760048487,245.0,6,100.0,False,0,6746.29,36.0
4187.677176303185,6372.0,2666.0,247.01999872,6,100.0,False,0,6746.491999999999,36.0
4201.399444444447,6311.0091238658715,2576.5361692589727,249.0,6,100.0,False,0,6746.69,36.0
4209.825033432602,6273.0,2515.0,249.0,6,100.0,False,0,6746.812,36.0
4215.232777777779,6246.407535435217,2470.0609255508716,249.0,6,100.0,False,0,6746.889999999999,36.0
4225.165849851375,6196.0,2382.0,250.3312488,6,100.0,False,0,6747.031999999999,36.0
4237.63277777778,6136.309777650216,2273.642023926538,252.0,6,100.0,False,0,6747.21,36.0
4242.002600613364,6116.0,2235.0,252.0,6,100.0,False,0,6747.272999999999,36.0
4248.8327777777795,6085.325561311322,2174.5782013530293,252.0,6,100.0,False,0,6747.37,36.0
4250.505963660485,6078.0,2160.0,253.88929097142858,6,100.0,False,0,6747.393,36.0
4270.221666666668,5993.117058708821,1989.9763345334543,275.0,6,100.0,False,0,6747.65,36.0
4275.097963277838,5972.0,1947.0,276.56521960356554,6,100.0,False,0,6747.713,36.0
4282.699166666668,5939.144778002747,1879.4382914070047,279.0,7,100.0,False,0,6747.811,36.0
4293.86350703218,5891.0,1780.0,281.6625024,7,100.0,False,0,6747.9529999999995,36.0
4308.032500000001,5829.339891343682,1653.7014404655201,285.0,7,100.0,False,0,6748.130999999999,36.0
4308.112336313558,5829.0,1653.0,285.0124992,7,100.0,False,0,6748.132,36.0
4322.5265754561515,5767.0,1524.0,287.2624992,7,100.0,False,0,6748.312,36.0
4333.721388888891,5708.908949570614,1403.798964794267,289.0,7,100.0,False,0,6748.451,36.0
4341.893087699771,5669.0,1321.0,290.51499904,7,99.49500032,False,0,6748.552,36.0
4349.943611111114,5637.466328210988,1254.8699774003062,292.0,7,99.0,False,0,6748.651,36.0
4363.054722222224,5592.0976735494505,1158.9045032832269,295.0,7,100.0,False,0,6748.811,36.0
4364.782646892835,5585.0,1144.0,295.2249993142857,7,100.0,False,0,6748.831999999999,36.0
4381.3188756766485,5508.0,983.0,297.36785645714286,7,100.0,False,0,6749.031999999999,36.0
4386.232500000002,5487.138069393675,939.1420288994632,298.0,7,100.0,False,0,6749.090999999999,36.0
4406.488597672657,5401.0,758.0,301.0124992,7,100.0,False,0,6749.331999999999,36.0
4426.765833333336,5276.425079953689,500.87563934497393,304.0,8,100.0,False,0,6749.571,36.0
4426.850848576532,5276.0,500.0,304.0124992,8,100.0,False,0,6749.571999999999,36.0
4447.232500000002,5215.153126766254,374.64358150197444,307.0,8,100.0,False,0,6749.811,36.0
4464.540319270034,5149.0,238.0,309.00999936,8,100.0,False,0,6750.012,36.0
4481.788055555558,5029.482399993824,-9.003039325487016,311.0,8,100.0,False,0,6750.210999999999,36.0
4481.874874074828,5029.0,-10.0,311.012577806258,8,100.0,False,0,6750.2119999999995,36.0
4495.612222222224,4980.426154737838,-110.3770314233245,313.0,8,100.0,False,0,6750.37,36.0
4511.48399480499,4946.0,-182.0,313.90999936,8,100.0,False,0,6750.552,36.0
4513.056666666668,4940.777888020781,-192.90114773743426,314.0,8,100.0,False,0,6750.57,36.0
4527.056666666668,4878.966152248992,-321.98490953525044,315.0,8,100.0,False,0,6750.73,36.0
4527.231816028745,4878.0,-324.0,315.0062496,8,100.0,False,0,6750.732,36.0
4555.145555555558,4703.680875805622,-686.5921134008768,316.0,8,100.0,False,0,6751.049999999999,36.0
4555.321800620012,4703.0,-688.0,316.0249984,8,100.0,False,0,6751.052,36.0
4569.278888888891,4674.920174652638,-745.3753162970922,318.0,8,100.0,False,0,6751.21,36.0
4578.3222093722015,4656.0,-784.0,318.50999936,8,100.0,False,0,6751.312,36.0
4596.114311818016,4579.0,-943.0,319.50999936,8,100.0,False,0,6751.512,36.0
4604.834444444446,4538.645896517051,-1026.239091750201,320.0,8,100.0,False,0,6751.61,36.0
4665.4569307980255,4275.0,-1565.0,320.0,8,100.0,False,0,6752.2919999999995,36.0
4668.8344444444465,4260.0822715318645,-1595.1280246187116,320.0,8,100.0,False,0,6752.33,36.0
4686.612222222223,4180.705977650711,-1754.7020915560338,320.0,8,100.0,False,0,6752.53,36.0
4692.123309297439,4156.0,-1804.0,320.0,8,100.0,False,0,6752.592,36.0
4706.345484301053,4092.0,-1931.0,320.0,8,100.0,False,0,6752.7519999999995,36.0
4707.945555555557,4084.7197422894533,-1945.4465428233557,320.0,8,100.0,False,0,6752.7699999999995,36.0
4720.568056681647,4028.0,-2058.0,320.0,8,100.0,False,0,6752.911999999999,36.0
4722.167777777779,4021.2557994786193,-2071.3424117459826,320.0,8,100.0,False,0,6752.929999999999,36.0
4750.612222222222,3901.494236786094,-2304.9040431355043,320.0,8,100.0,False,0,6753.25,36.0
4754.353774396816,3878.0,-2350.0,320.20999936,8,100.0,False,0,6753.2919999999995,36.0
4768.445555555556,3770.2917536430373,-2555.796364377493,321.0,8,100.0,False,0,6753.45,36.0
4773.976608427782,3735.0,-2623.0,321.0,8,100.0,False,0,6753.512,36.0
4786.27888888889,3689.1889837858344,-2709.692354665436,321.0,8,100.0,False,0,6753.65,36.0
4802.4573990988065,3651.0,-2780.0,320.09000064,8,100.0,False,0,6753.831999999999,36.0
4804.056666666668,3644.9914091201877,-2791.0555924135065,320.0,8,100.0,False,0,6753.849999999999,36.0
4818.27888888889,3576.4709646424867,-2916.775466409836,320.0,8,100.0,False,0,6754.009999999999,36.0
4822.107381929503,3557.0,-2952.0,320.0,8,100.0,False,0,6754.053,36.0
4843.46260020982,3451.0,-3138.0,320.0,8,100.0,False,0,6754.293,36.0
4846.812222222223,3433.8703718181714,-3167.0641552017405,320.0,8,100.0,False,0,6754.330999999999,36.0
4857.48800817753,3378.0,-3260.0,316.07857554285715,8,61.65718308571429,False,0,6754.4529999999995,36.0
4871.001111111112,3304.914818912525,-3376.9689839135535,311.0,8,12.0,True,0,6754.611,36.0
4876.155535715752,3276.0,-3421.0,306.0916565333333,8,9.933329066666666,True,0,6754.673,36.0
4888.976592252171,3201.0,-3528.0,293.50417173333335,8,4.633335466666667,True,0,6754.831999999999,36.0
4890.467777777778,3191.900261016634,-3540.2281429022028,292.0,8,4.0,True,0,6754.851,36.0
4902.751013923806,3114.0,-3639.0,276.70500608,8,3.19500032,True,0,6755.012,36.0
4905.634444444445,3095.2230166203635,-3661.567795061697,273.0,8,3.0,True,0,6755.0509999999995,36.0
4918.584462969731,3007.0,-3760.0,258.52000512,8,3.0,True,0,6755.232,36.0
4919.912222222223,2997.2881050362753,-3769.8544891087686,257.0,8,3.0,True,0,6755.250999999999,36.0
4933.523333333334,2889.8374687584524,-3867.663853544885,245.0,7,3.0,True,0,6755.451,36.0
4940.041834454278,2837.0,-3909.0,238.687504,7,3.6312496,True,0,6755.552,36.0
4953.523333333334,2729.3672792568705,-3977.4420602079877,225.0,6,5.0,True,0,6755.771,36.0
4956.002944700419,2708.0,-3989.0,223.5906272,6,5.1281248,True,0,6755.812,36.0
4971.438178507713,2564.0,-4056.0,214.6531272,6,5.9406248,True,0,6756.071999999999,36.0
4972.545555555557,2554.426079841254,-4059.7192130568606,214.0,5,6.0,True,0,6756.090999999999,36.0
4985.216528599142,2447.0,-4091.0,209.32500135384615,5,10.24999876923077,True,0,6756.312,36.0
5000.821230036396,2270.0,-4116.0,203.40192443076924,5,15.634614153846154,True,0,6756.592,36.0
5001.867777777779,2260.1041976060533,-4116.962841024369,203.0,5,16.0,False,0,6756.611,36.0
5020.439424753967,2095.0,-4104.0,197.03250112,5,52.65749312,False,0,6756.951999999999,36.0
5023.645555555558,2042.109696033454,-4091.0195620163367,196.0,5,59.0,False,0,6757.0109999999995,36.0
5030.230972508754,1926.0,-4060.0,196.0,5,65.84905022428167,False,0,6757.132,36.0
5032.3022222222235,1897.5044535209215,-4052.0965977488336,196.0,5,68.0,False,0,6757.17,36.0
5043.246666666668,1817.1744607221904,-4027.0642683508586,197.0,5,73.0,False,0,6757.37,36.0
5058.964188057427,1738.0,-3969.0,199.93749866666667,5,78.87499733333334,False,0,6757.652,36.0
5070.180000000001,1605.6420096967627,-3872.712564406425,202.0,5,83.0,False,0,6757.849999999999,36.0
5071.433932673623,1593.0,-3863.0,202.2749984,5,83.21999872,False,0,6757.871999999999,36.0
5093.18,1478.5669569464335,-3750.632465087117,207.0,5,87.0,False,0,6758.25,36.0
5093.295663875941,1478.0,-3750.0,207.01999872,5,87.03999744,False,0,6758.2519999999995,36.0
5104.791111111112,1404.0865101525922,-3662.4518812201986,209.0,5,91.0,False,0,6758.45,36.0
5104.9080863978015,1403.0,-3661.0,209.0374976,5,91.1124928,False,0,6758.451999999999,36.0
5114.213333333334,1302.158686255901,-3517.715348795477,212.0,5,100.0,False,0,6758.61,36.0
5114.331816247831,1301.0,-3516.0,212.0249984,5,100.0,False,0,6758.612,36.0
5128.546666666668,1211.5809551101374,-3370.471454698036,215.0,5,100.0,False,0,6758.849999999999,36.0
5143.080000000001,1174.4205205094145,-3290.1264882412975,218.0,5,100.0,False,0,6759.089999999999,36.0
5144.417037059369,1171.0,-3283.0,218.12222151111112,5,99.93888924444444,False,0,6759.112,36.0
5165.080000000001,1099.865601768945,-3146.862087948645,220.0,5,99.0,False,0,6759.45,36.0
5166.440193728369,1091.0,-3131.0,220.2749984,5,99.05499968,False,0,6759.472,36.0
5178.90645279403,993.0,-2959.0,222.7749984,5,99.55499968,False,0,6759.672,36.0
5190.080000000001,943.7677247625381,-2877.592613848664,225.0,5,100.0,False,0,6759.849999999999,36.0
5200.168888888889,914.9997027331643,-2836.7419501159916,227.0,6,100.0,False,0,6760.009999999999,36.0
5202.847822098496,904.0,-2821.0,228.0499968,6,99.7375008,False,0,6760.052,36.0
5210.435555555556,865.301341864238,-2765.4354506585332,231.0,6,99.0,False,0,6760.17,36.0
5215.727556979983,831.0,-2717.0,231.5124992,6,99.2562496,False,0,6760.2519999999995,36.0
5231.146666666667,704.7240255809768,-2543.9747939471695,233.0,6,100.0,False,0,6760.49,36.0
5235.237131499956,679.0,-2509.0,233.31500032,6,99.68499968,False,0,6760.553,36.0
5244.146666666667,645.4320150328383,-2463.392668014225,234.0,6,99.0,False,0,6760.69,36.0
5254.591111111112,604.4059151914429,-2408.280388635828,235.0,6,100.0,False,0,6760.849999999999,36.0
5256.098696632921,593.0,-2393.0,235.163701560416,6,99.918149219792,False,0,6760.873,36.0
5271.904653813597,428.0,-2172.0,236.87188700284972,6,99.06405649857514,False,0,6761.112999999999,36.0
5273.090277777778,419.0411037111859,-2159.959840011109,237.0,6,99.0,False,0,6761.130999999999,36.0
5286.256944444445,369.6411917166917,-2093.112774715733,237.0,6,99.0,False,0,6761.330999999999,36.0
5291.601740002593,349.0,-2066.0,237.40499968,6,99.0,False,0,6761.411999999999,36.0
5299.479166666668,303.2584195168278,-2006.8765740880103,238.0,6,99.0,False,0,6761.531,36.0
5307.531751918907,251.0,-1940.0,239.0083328,6,99.0,False,0,6761.652,36.0
5315.479166666668,207.01246842079019,-1884.356202913872,240.0,6,99.0,False,0,6761.771,36.0
5328.868055555557,121.3539356005017,-1780.6876548701052,241.0,6,99.0,False,0,6761.971,36.0
5330.276544109629,108.0,-1765.0,241.07499977142857,6,99.0,False,0,6761.991999999999,36.0
5345.063371553478,-50.0,-1582.0,241.86071405714284,6,99.0,False,0,6762.2119999999995,36.0
5347.690277777779,-64.79447617031425,-1565.0680244913149,242.0,6,99.0,False,0,6762.250999999999,36.0
5361.25342781581,-95.0,-1532.0,242.7178569142857,6,95.41071542857142,False,0,6762.451999999999,36.0
5366.590277777778,-128.23551453652794,-1494.9513443123512,243.0,6,94.0,True,0,6762.531,36.0
5378.820270031467,-211.0,-1402.0,241.8687504,6,54.9718888,True,0,6762.7119999999995,36.0
5388.0125,-197.49383546164552,-1416.6106563159694,241.0,6,25.0,True,0,6762.851,36.0
5391.946978882423,-197.0,-1417.0,238.10250304,6,25.0,True,0,6762.911999999999,36.0
5406.830731224947,-296.0,-1306.0,226.70250304,6,25.0,True,0,6763.152,36.0
5412.679166666667,-338.5532754933778,-1258.0148339279096,222.0,6,25.0,True,0,6763.250999999999,36.0
5420.709760082681,-394.0,-1196.0,214.24500352,6,25.0,True,0,6763.392,36.0
5427.300679830867,-443.0,-1143.0,207.64500352,6,25.0,True,0,6763.512,36.0
5434.901388888889,-496.2498831899545,-1088.7384219990288,200.0,6,25.0,True,0,6763.651,36.0
5438.237652449141,-520.0,-1067.0,200.0,6,37.07767962663785,True,0,6763.7119999999995,36.0
5452.58740577384,-629.0,-986.0,200.0,6,88.55636811125925,True,0,6763.972,36.0
5457.068055555556,-661.7032914182048,-965.847221617643,200.0,6,104.0,True,0,6764.049999999999,36.0
5463.083591655968,-714.0,-943.0,200.0,6,104.0,True,0,6764.152,36.0
5470.401388888889,-824.5657588729283,-919.5863087511647,200.0,6,104.0,True,0,6764.29,36.0
5474.733523408815,-921.0,-908.0,160.3500416,6,58.68576182857143,True,0,6764.411999999999,36.0
5478.8791666666675,-994.6121018530291,-908.0979897316038,109.0,6,0.0,True,0,6764.57,36.0
5484.712500000001,-1025.4612350379116,-926.8704828419292,105.0,6,0.0,True,0,6764.7699999999995,36.0
5487.617571397343,-1041.0,-937.0,103.0875024,6,0.0,True,0,6764.871999999999,36.0
5489.245833333333,-1050.781653009496,-942.6455796454563,102.0,4,0.0,True,0,6764.929999999999,36.0
5494.801388888889,-1089.5686158230571,-961.9608155215989,100.0,2,7.0,False,0,6765.129999999999,36.0
5498.66780384064,-1120.0,-980.0,98.81666773333333,2,16.466658133333333,False,0,6765.272,36.0
5501.334722222222,-1141.9706895088007,-995.5069938682982,98.0,2,23.0,False,0,6765.37,36.0
5503.033545714022,-1156.0,-1006.0,98.30999936,2,27.6499904,False,0,6765.432,36.0
5506.834722222222,-1187.0582504935055,-1030.0682311505254,99.0,2,38.0,False,0,6765.57,36.0
5507.440755035459,-1192.0,-1034.0,99.07857097142858,2,38.47142582857143,False,0,6765.592,36.0
5511.852614110621,-1228.0,-1063.0,99.64999954285715,2,41.89999725714286,False,0,6765.7519999999995,36.0
5514.612499999999,-1250.3241816366963,-1080.137793967514,100.0,2,44.0,False,0,6765.849999999999,36.0
5521.715336580651,-1308.0,-1119.0,104.83999744,2,53.67999488,False,0,6766.092,36.0
5526.612499999999,-1349.4975295085235,-1140.8098533936368,108.0,2,60.0,False,0,6766.25,36.0
5527.95257221738,-1361.0,-1146.0,109.5749952,2,54.750016,False,0,6766.2919999999995,36.0
5531.205479350381,-1390.0,-1157.0,113.3249952,2,42.250016,False,0,6766.392,36.0
5534.412499999999,-1425.3279897950013,-1164.7034040855922,117.0,2,30.0,False,0,6766.49,36.0
5541.6353458525955,-1514.0,-1171.0,117.0,2,27.78000128,False,0,6766.7119999999995,36.0
5547.412499999999,-1560.9802757234293,-1166.3941009458122,117.0,3,26.0,False,0,6766.889999999999,36.0
5553.359744061059,-1605.0,-1154.0,117.0,3,17.612497066666666,False,0,6767.072999999999,36.0
5555.2125,-1622.1445854866456,-1148.8081485899725,117.0,3,15.0,False,0,6767.129999999999,36.0
5559.2100341694695,-1662.0,-1136.0,117.0,3,15.0,False,0,6767.253,36.0
5560.412499999999,-1673.6115895744288,-1131.950690103446,117.0,3,15.0,False,0,6767.29,36.0
5563.759876103339,-1705.0,-1120.0,117.0,3,15.0,False,0,6767.393,36.0
5568.245,-1745.9418936233344,-1101.3611424765777,117.0,3,15.0,False,0,6767.531,36.0
5573.511190240648,-1792.0,-1076.0,117.0,3,15.0,False,0,6767.692999999999,36.0
5579.362046451509,-1840.0,-1044.0,117.0,3,15.0,False,0,6767.873,36.0
5582.545,-1864.9052100544454,-1024.655925341787,117.0,3,15.0,True,0,6767.971,36.0
5585.823895831747,-1890.0,-1003.0,117.0,3,71.18121439999999,True,0,6768.071999999999,36.0
5587.745,-1904.53682023097,-989.4148108308384,117.0,3,104.0,True,0,6768.130999999999,36.0
5591.050891949759,-1928.0,-966.0,117.0,3,104.0,True,0,6768.232,36.0
5594.245,-1947.0734559788325,-945.4498204387842,117.0,3,104.0,True,0,6768.330999999999,36.0
5599.356111111111,-1979.2314319601987,-906.7282956787319,115.0,3,104.0,False,0,6768.491,36.0
5600.809074054728,-1992.0,-891.0,119.0999936,3,98.875008,False,0,6768.531999999999,36.0
5607.864831957864,-2064.0,-801.0,137.0999936,3,76.37500800000001,False,0,6768.7119999999995,36.0
5608.6227777777785,-2070.840401790642,-792.1665925645394,139.0,3,74.0,False,0,6768.731,36.0
5616.6227777777785,-2123.594376709249,-719.1148912724509,144.0,3,75.0,False,0,6768.931,36.0
5625.823881517182,-2159.0,-660.0,149.5249984,3,79.73571291428571,False,0,6769.152,36.0
5628.367222222223,-2167.336686574041,-644.6597287491138,151.0,3,81.0,False,0,6769.210999999999,36.0
5641.912642292268,-2208.0,-557.0,160.02999807999998,3,86.26749888,False,0,6769.512,36.0
5646.4783333333335,-2224.534437869927,-516.0541280841586,163.0,4,88.0,False,0,6769.611,36.0
5650.233743303682,-2238.0,-480.0,165.42999808,4,86.38000128,False,0,6769.692,36.0
5655.867222222222,-2255.599337734784,-426.38684404913795,169.0,4,84.0,False,0,6769.811,36.0
5661.875368095515,-2271.0,-371.0,174.041664,4,84.67222186666666,False,0,6769.932,36.0
5674.267222222222,-2294.5101594331236,-257.87407980557106,184.0,4,86.0,False,0,6770.170999999999,36.0
5677.439540697942,-2299.0,-227.0,185.270832,4,87.270832,False,0,6770.232,36.0
5686.867222222221,-2308.953088087704,-133.49241394997114,189.0,4,91.0,False,0,6770.411,36.0
5686.921195941077,-2309.0,-133.0,189.04300799013436,4,91.01075199753359,False,0,6770.411999999999,36.0
5701.421588324158,-2314.0,7.0,200.22580112383056,4,93.80645028095765,False,0,6770.672,36.0
5702.444722222222,-2313.0910482170807,22.218960454909794,201.0,4,94.0,False,0,6770.69,36.0
5711.732029533517,-2300.0,176.0,205.85999616,4,94.80999936,False,0,6770.852,36.0
5713.944722222221,-2297.923906676302,201.87861399914354,207.0,5,95.0,False,0,6770.889999999999,36.0
5735.724843437626,-2268.0,339.0,216.0499968,5,93.19000064,False,0,6771.2519999999995,36.0
5738.055833333332,-2255.2527021968735,375.6854414917077,217.0,5,93.0,False,0,6771.29,36.0
5746.821395707353,-2203.0,525.0,221.25999616000001,5,91.58000128,False,0,6771.432,36.0
5750.444722222221,-2193.312491781725,554.2977517067653,223.0,5,91.0,False,0,6771.49,36.0
5765.897759621501,-2186.0,564.0,228.44499712,5,96.44499712,False,0,6771.732,36.0
5776.222499999998,-2119.1509113685092,681.2407620772775,232.0,5,100.0,False,0,6771.889999999999,36.0
5785.632663409657,-2055.0,794.0,235.5499968,5,100.0,False,0,6772.031999999999,36.0
5797.555833333332,-2024.4448713395861,840.9861919794673,240.0,6,100.0,False,0,6772.21,36.0
5805.773002476024,-2004.0,867.0,241.82999808,6,100.0,False,0,6772.331999999999,36.0
5811.055833333332,-1981.1133132030184,898.3015802060065,243.0,6,100.0,False,0,6772.41,36.0
5827.455833333332,-1877.903454561047,1042.7464420034814,246.0,6,100.0,False,0,6772.65,36.0
5827.592785290557,-1877.0,1044.0,246.01999872,6,100.0,False,0,6772.652,36.0
5841.23361111111,-1786.7957899559783,1167.8548145119926,248.0,6,100.0,False,0,6772.849999999999,36.0
5844.900564048274,-1762.8574589137313,1200.2985071446362,250.925,6,99.675,False,0,6772.902,36.0
0.10828496540944521,-1759.6163525600032,1204.5699853418853,250.925,6,99.675,False,0,6772.902,37.0
2.246927718551941,-1749.0,1219.0,252.6124928,6,99.4875008,False,0,6772.932,37.0
7.839999999999997,-1724.8442113706865,1251.7078057957324,257.0,6,99.0,False,0,6773.01,37.0
22.395555555555553,-1675.040058728039,1317.39448815411,262.0,6,99.0,False,0,6773.21,37.0
25.491022229323065,-1662.0,1334.0,263.0499968,6,99.20999936,False,0,6773.252,37.0
37.22888888888889,-1600.3185889056626,1411.1625383802398,267.0,7,100.0,False,0,6773.41,37.0
43.34663037815832,-1551.0,1473.0,268.22999808,7,100.0,False,0,6773.492,37.0
52.22888888888889,-1452.6983488852356,1596.992562345897,270.0,7,100.0,False,0,6773.61,37.0
58.582139778528,-1392.0,1674.0,272.3055502222222,7,99.76944497777778,False,0,6773.693,37.0
80.22888888888889,-1324.3557046935327,1764.2312100567362,280.0,7,99.0,False,0,6773.97,37.0
82.03367957096839,-1318.0,1773.0,280.343284646618,7,99.11442821553933,False,0,6773.993,37.0
96.0297222222222,-1240.8146343841183,1878.206344417642,283.0,7,100.0,False,0,6774.171,37.0
105.68362609779194,-1179.0,1963.0,284.3071414857143,7,100.0,False,0,6774.293,37.0
118.27416666666664,-1105.8859350899993,2064.771177373746,286.0,7,100.0,False,0,6774.451,37.0
118.43422737754007,-1105.0,2066.0,286.0333312,7,100.0,False,0,6774.453,37.0
137.6075,-994.8247961689189,2217.3516115553903,290.0,7,100.0,False,0,6774.691,37.0
139.3111621036145,-982.0,2235.0,290.29999908571426,7,99.92500022857143,False,0,6774.712,37.0
157.27122449638716,-829.0,2446.0,293.44285622857143,7,99.13928594285714,False,0,6774.932,37.0
160.47416666666666,-810.0406020085125,2471.9901084705375,294.0,7,99.0,False,0,6774.9710000000005,37.0
173.67416666666668,-766.7893727418256,2530.47218559799,297.0,7,100.0,False,0,6775.131,37.0
182.0632325580019,-732.0,2579.0,298.00999936,7,100.0,False,0,6775.232,37.0
207.1186111111111,-535.4576750208679,2860.315350680019,301.0,8,100.0,False,0,6775.531,37.0
213.94332726232707,-484.0,2935.0,302.0124992,8,100.0,False,0,6775.612,37.0
227.3852777777778,-402.6808149407142,3054.7448101243153,304.0,8,100.0,False,0,6775.771,37.0
271.8161644281166,-229.0,3318.0,306.4421872,8,99.1859376,False,0,6776.292,37.0
281.9630555555555,-175.14378380148946,3395.9589898860677,307.0,8,99.0,False,0,6776.411,37.0
302.4602238388603,-53.0,3569.0,306.4522728727273,8,99.54772712727272,False,0,6776.652,37.0
316.05016788485335,27.0,3679.0,306.0886365090909,8,99.9113634909091,False,0,6776.812,37.0
319.3630555555555,46.758136545018715,3705.2916048889247,306.0,8,100.0,False,0,6776.851,37.0
329.6423112209377,110.0,3787.0,305.69750016,8,100.0,False,0,6776.972,37.0
353.2519444444444,279.3266848340007,3990.3539009054175,305.0,8,100.0,False,0,6777.251,37.0
356.69244624165225,308.0,4022.0,303.968555484355,8,100.0,False,0,6777.292,37.0
366.54611111111103,397.1178757050278,4115.524364100693,301.0,8,100.0,False,0,6777.41,37.0
371.6909125314204,452.0,4166.0,300.2250016,8,100.0,False,0,6777.472,37.0
389.81574963438914,673.0,4333.0,297.4750016,8,100.0,False,0,6777.692,37.0
392.94611111111107,699.1468947968642,4350.774759871907,297.0,8,100.0,False,0,6777.7300000000005,37.0
409.39055555555547,772.6983212424849,4388.972188791558,296.0,8,100.0,False,0,6777.93,37.0
414.42130534133423,802.0,4400.0,294.4500032,8,100.0,False,0,6777.992,37.0
428.72388888888884,931.346729335639,4447.473899376603,290.0,8,100.0,False,0,6778.17,37.0
436.92368850691275,1016.0,4473.0,289.5750005333333,8,100.0,False,0,6778.272,37.0
447.99055555555555,1127.0547156565667,4495.965967753684,289.0,8,100.0,False,0,6778.41,37.0
454.5209067174351,1191.0,4505.0,287.4625024,8,100.0,False,0,6778.492,37.0
459.2779432962948,1238.0,4510.0,286.3375024,8,100.0,False,0,6778.552,37.0
460.70166666666665,1253.4761736845724,4511.254074521068,286.0,8,100.0,False,0,6778.57,37.0
479.5683333333333,1514.5300566010071,4518.213888034193,283.0,8,100.0,False,0,6778.81,37.0
484.4319835901708,1574.0,4518.0,282.7416672,8,100.0,False,0,6778.872,37.0
498.3683333333333,1699.1009552948303,4513.848423945285,282.0,8,100.0,False,0,6779.05,37.0
520.2412444823613,1854.0,4495.0,280.0772736,8,100.0,False,0,6779.332,37.0
521.7877612968834,1869.0,4493.0,279.9409099636364,8,100.0,False,0,6779.352,37.0
532.4683333333334,1974.3619636106353,4478.033695849039,279.0,8,100.0,False,0,6779.49,37.0
549.6852652062051,2146.0,4455.0,279.0,8,100.0,False,0,6779.712,37.0
565.1776263090209,2299.0,4443.0,279.0,8,100.0,False,0,6779.912,37.0
566.5683333333333,2312.8393418324904,4442.313829121979,279.0,7,100.0,False,0,6779.93,37.0
579.0577312261579,2438.0,4439.0,278.19000064,7,100.0,False,0,6780.092,37.0
591.4325070053017,2562.0,4441.0,277.38500096,7,100.0,False,0,6780.253,37.0
597.3461111111111,2620.5872551632206,4444.202594685685,277.0,7,100.0,False,0,6780.33,37.0
611.3799247593563,2757.0,4459.0,276.08499968,7,100.0,False,0,6780.513,37.0
612.6794444444445,2769.3963454878212,4461.015877151968,276.0,7,100.0,False,0,6780.53,37.0
631.0222222222222,2942.5428988554067,4501.57087150513,274.0,7,100.0,False,0,6780.771,37.0
631.1741462320587,2944.0,4502.0,273.99500032,7,100.0,False,0,6780.773,37.0
643.3220230324523,3060.0,4540.0,273.59500032,7,100.0,False,0,6780.933,37.0
661.3555555555556,3221.3459035481724,4608.782809472921,273.0,7,100.0,False,0,6781.171,37.0
663.0194160725252,3240.0,4619.0,272.8624992,7,100.0,False,0,6781.193,37.0
673.4444444444445,3377.3529522855574,4702.082906532558,272.0,7,100.0,False,0,6781.331,37.0
679.5545026709988,3447.0,4747.0,271.79750016,7,100.0,False,0,6781.412,37.0
702.1286508345904,3567.0,4839.0,271.04750016,7,100.0,False,0,6781.712,37.0
703.5555555555555,3575.8571135877532,4846.495170684991,271.0,7,100.0,False,0,6781.731,37.0
715.6339751134641,3670.0,4928.0,270.32916693333334,7,99.32916693333334,False,0,6781.892,37.0
721.5555555555555,3723.3195763700155,4978.260321296025,270.0,7,99.0,False,0,6781.9710000000005,37.0
739.5555555555554,3885.450432527895,5141.444166185062,270.0,7,99.0,False,0,6782.211,37.0
739.6307963145223,3886.0,5142.0,269.9968752,7,98.8343856,False,0,6782.212,37.0
763.4666666666666,4016.714012243289,5272.324873655826,269.0,7,46.0,True,0,6782.531,37.0
766.4110125341049,4035.0,5290.0,265.31000576,7,37.595013120000004,True,0,6782.572,37.0
777.4111111111112,4118.027113086847,5369.1749850111655,251.0,7,5.0,True,0,6782.731,37.0
783.9341078832541,4177.0,5424.0,237.1125088,7,1.8437520000000003,True,0,6782.832,37.0
787.588888888889,4212.708922367473,5456.550549707658,229.0,7,0.0,True,0,6782.891,37.0
799.2,4337.769292556276,5567.394936256288,209.0,7,0.0,True,0,6783.091,37.0
806.7022549254209,4404.0,5625.0,198.4250048,7,0.0,True,0,6783.232,37.0
815.6444444444445,4448.140700441544,5662.363088474698,185.0,6,0.0,True,0,6783.411,37.0
823.3815632288143,4482.0,5690.0,174.53500416,6,0.0,True,0,6783.572,37.0
825.2,4493.545832258076,5699.489026921337,172.0,6,0.0,True,0,6783.611,37.0
834.1880429546493,4568.0,5760.0,164.23409338181818,6,0.0,True,0,6783.812,37.0
842.5648810884414,4649.0,5819.0,156.50682065454546,6,0.0,True,0,6784.012,37.0
844.1444444444445,4666.450575108186,5829.504567072494,155.0,4,0.0,True,0,6784.051,37.0
851.9386111111112,4760.408114134597,5875.215590265514,141.0,3,0.0,True,0,6784.25,37.0
853.5313534079828,4778.0,5882.0,139.53000448,3,0.0,True,0,6784.292,37.0
859.3830555555556,4833.455406655839,5897.246759467835,134.0,3,0.0,True,0,6784.45,37.0
865.116388888889,4877.907891629965,5900.5722063137255,129.0,3,0.0,True,0,6784.61,37.0
867.2523943025016,4895.0,5901.0,126.6750048,3,0.0,True,0,6784.6720000000005,37.0
873.116388888889,4944.075708969027,5899.889482296989,120.0,2,0.0,True,0,6784.85,37.0
880.516388888889,5011.425877127983,5891.11914798799,111.0,2,0.0,True,0,6785.09,37.0
880.5759052273497,5012.0,5891.0,110.9555584,2,0.0,True,0,6785.092,37.0
885.2281893564918,5058.0,5879.0,107.40000284444444,2,0.0,True,0,6785.252,37.0
890.8163888888889,5111.46174015421,5857.265079210299,103.0,2,0.0,True,0,6785.45,37.0
890.8727360568615,5112.0,5857.0,102.9750016,2,0.0,True,0,6785.452,37.0
895.3052777777779,5154.98545132229,5832.9401149115,101.0,2,0.0,True,0,6785.61,37.0
898.1120433603204,5183.0,5813.0,99.90714422857143,2,1.0928557714285714,True,0,6785.712,37.0
902.9275,5232.082728870326,5768.341263451284,98.0,2,3.0,False,0,6785.89,37.0
907.8172997163996,5272.0,5725.0,97.35000045714285,2,15.999990857142857,False,0,6786.072,37.0
910.4719444444445,5284.688762465105,5709.176853220666,97.0,2,23.0,False,0,6786.17,37.0
917.7177125198783,5303.0,5674.0,99.18333226666667,2,32.46110648888889,False,0,6786.432,37.0
920.4719444444445,5313.3493759160465,5651.586892793587,100.0,2,36.0,False,0,6786.53,37.0
925.0052777777778,5332.744923058399,5607.651478598585,102.0,2,37.0,False,0,6786.69,37.0
926.1969421109967,5337.0,5597.0,102.2624992,2,38.0499968,False,0,6786.732,37.0
929.5830555555556,5346.772422799767,5569.407293498256,103.0,2,41.0,False,0,6786.85,37.0
932.0584894560704,5354.0,5542.0,104.9117040659291,2,43.071012738089856,False,0,6786.933,37.0
938.359963065768,5375.0,5442.0,109.51823054350625,2,48.06141642213177,False,0,6787.133,37.0
946.2261111111111,5381.802154112355,5396.088875750029,115.0,2,54.0,False,0,6787.371,37.0
949.6716988092109,5383.0,5379.0,117.29500288,2,54.76500096,False,0,6787.473,37.0
958.66299483672,5391.0,5293.0,123.14499712,2,56.71499904,False,0,6787.733,37.0
960.0038888888889,5392.89718622208,5274.540007153898,124.0,2,57.0,False,0,6787.771,37.0
966.4610948572973,5403.0,5182.0,127.0166656,2,34.375008,False,0,6787.952,37.0
968.5372222222222,5405.544085740067,5161.829460398026,128.0,2,27.0,False,0,6788.011,37.0
976.7316132265069,5415.0,5115.0,122.83571565714286,2,4.621434514285713,False,0,6788.252,37.0
978.026111111111,5417.504237152081,5105.228324553272,122.0,2,1.0,True,0,6788.291,37.0
983.2261111111111,5431.21835013877,5055.205882665029,117.0,2,1.0,True,0,6788.451,37.0
986.3210507023269,5442.0,5024.0,112.45500288,2,0.49500031999999994,True,0,6788.552,37.0
989.2261111111111,5453.869743037009,4996.651780259678,108.0,2,0.0,True,0,6788.651,37.0
990.4002821379249,5459.0,4986.0,106.8468768,2,0.0,True,0,6788.692,37.0
996.9825945222824,5493.0,4927.0,100.0968768,2,0.0,True,0,6788.932,37.0
998.026111111111,5500.274430346533,4916.767066861019,99.0,2,0.0,True,0,6788.9710000000005,37.0
1003.3038888888888,5542.922980951017,4863.701834436322,95.0,2,0.0,True,0,6789.171,37.0
1003.8528142293704,5547.0,4859.0,94.82500053333334,2,0.0,True,0,6789.192,37.0
1009.5038888888888,5581.758173492413,4823.059951740229,93.0,1,0.0,True,0,6789.411,37.0
1013.5140258831019,5608.0,4802.0,90.484376,1,0.0,True,0,6789.572,37.0
1017.326111111111,5639.852238006291,4779.7593758368475,88.0,1,0.0,True,0,6789.731,37.0
1017.8172026133315,5644.0,4777.0,87.55000137142858,1,0.0,True,0,6789.752,37.0
1023.7038888888889,5696.733381646504,4748.099416801161,82.0,1,0.0,False,0,6790.011,37.0
1023.7264716054088,5697.0,4748.0,81.9958336,1,0.0,False,0,6790.012,37.0
1028.682034202904,5764.0,4730.0,81.07916693333334,1,0.0,False,0,6790.232,37.0
1029.1038888888888,5768.8780680816735,4729.229947225488,81.0,1,0.0,False,0,6790.251,37.0
1037.003888888889,5824.276488846631,4737.906749600185,79.0,1,0.0,False,0,6790.611,37.0
1037.481034498903,5827.0,4739.0,79.24901107781724,1,1.1067159014099899,False,0,6790.632,37.0
1055.5572222222222,5955.59412457529,4824.618329050306,88.0,1,40.0,False,0,6791.37,37.0
1057.5943288693074,5979.0,4850.0,88.7687488,1,41.0249984,False,0,6791.452,37.0
1062.1171206061504,6032.0,4912.0,90.4562488,1,43.2749984,False,0,6791.632,37.0
1063.6461111111112,6042.282816327734,4924.454888151433,91.0,2,44.0,False,0,6791.69,37.0
1071.0544174258655,6060.0,4952.0,99.51499584,2,54.47999488,False,0,6791.952,37.0
1075.2016666666666,6083.277141955394,4990.988066043082,104.0,2,60.0,False,0,6792.09,37.0
1082.1444962425253,6129.0,5069.0,110.1666631111111,2,66.78332942222222,False,0,6792.312,37.0
1086.6016666666667,6145.144938815431,5100.116066266755,114.0,2,71.0,False,0,6792.45,37.0
1092.6476640180776,6160.0,5134.0,119.3083296,2,76.3083296,False,0,6792.632,37.0
1094.6683333333335,6165.806987725437,5147.40017614303,121.0,2,78.0,False,0,6792.69,37.0
1102.9381618197965,6196.0,5224.0,130.24999466666668,2,82.31666417777778,False,0,6792.912,37.0
1108.2683333333334,6224.632140333538,5308.9911174342815,136.0,2,85.0,False,0,6793.05,37.0
1110.6676932358978,6235.0,5341.0,137.937496,2,85.3874992,False,0,6793.112,37.0
1114.535,6244.382041754359,5371.581601083455,141.0,3,86.0,False,0,6793.21,37.0
1122.314151000463,6252.0,5403.0,148.4343776,3,86.0,False,0,6793.393,37.0
1128.223888888889,6266.169692075363,5456.296769131737,154.0,3,86.0,False,0,6793.53,37.0
1132.5395668538413,6278.0,5503.0,154.0,3,90.63500288,False,0,6793.633,37.0
1136.7794444444444,6287.52678812852,5544.949063632934,154.0,3,95.0,False,0,6793.7300000000005,37.0
1141.7443290966082,6297.0,5591.0,164.26335391051478,3,96.46619341578783,False,0,6793.833,37.0
1150.9855555555557,6314.209874158686,5685.217224340638,182.0,4,99.0,False,0,6794.011,37.0
1153.1649501770335,6318.0,5712.0,183.0499968,4,99.0,False,0,6794.053,37.0
1161.3744444444446,6330.083205452121,5827.419678875436,187.0,4,99.0,False,0,6794.211,37.0
1163.579536670033,6332.0,5856.0,188.0499968,4,99.20999936,False,0,6794.253,37.0
1172.0411111111111,6333.024444634345,5944.324420000045,192.0,4,100.0,False,0,6794.411,37.0
1176.5572959315937,6331.0,5986.0,194.672997888,4,100.0,False,0,6794.492,37.0
1234.5411111111111,6213.251343245464,6518.415349557747,225.0,5,100.0,False,0,6795.411,37.0
1234.6066192797507,6213.0,6519.0,225.0333312,5,100.0,False,0,6795.412,37.0
1245.1078693066884,6169.0,6612.0,230.36666453333333,5,100.0,False,0,6795.572,37.0
1258.2411111111112,6104.252082101077,6726.2733395824125,237.0,5,100.0,False,0,6795.771,37.0
1264.9469193066736,6068.0,6783.0,238.44285622857143,5,100.0,False,0,6795.872,37.0
1276.9855555555557,5998.690194655297,6880.746341715701,241.0,6,100.0,False,0,6796.051,37.0
1278.4214249064428,5990.0,6892.0,241.5249984,6,100.0,False,0,6796.072,37.0
1295.1818289163725,5882.0,7017.0,247.5249984,6,100.0,False,0,6796.312,37.0
1306.4522554453897,5803.0,7095.0,251.5249984,6,100.0,False,0,6796.472,37.0
1307.7855555555557,5793.351642244722,7103.929128889422,252.0,6,100.0,False,0,6796.491,37.0
1312.0588604872205,5761.0,7133.0,252.0,6,100.0,False,0,6796.552,37.0
1318.9855555555557,5697.624778060742,7187.05498658594,252.0,6,100.0,False,0,6796.651,37.0
1338.5855555555559,5487.633038023917,7355.502877469487,252.0,6,100.0,False,0,6796.9310000000005,37.0
1338.654952664372,5487.0,7356.0,252.0,6,100.0,False,0,6796.932,37.0
1360.985555555556,5334.011938459079,7473.018639533761,252.0,6,100.0,False,0,6797.251,37.0
1370.158705918686,5280.0,7515.0,262.5874944,6,100.0,False,0,6797.372,37.0
1385.8744444444449,5180.0656363860635,7595.377203312586,280.0,7,100.0,False,0,6797.571,37.0
1395.4310304736782,5112.0,7651.0,281.68523557700536,7,100.0,False,0,6797.692,37.0
1408.0823838247202,5009.0,7736.0,283.9136474360071,7,100.0,False,0,6797.852,37.0
1414.295277777778,4945.278962159782,7789.616989159653,285.0,7,100.0,False,0,6797.93,37.0
1430.5351060121357,4771.0,7938.0,288.60714057142854,7,100.0,False,0,6798.132,37.0
1436.8508333333336,4724.88502356873,7977.373128798851,290.0,7,100.0,False,0,6798.21,37.0
1458.2351796088258,4611.0,8075.0,293.7428553142857,7,100.0,False,0,6798.472,37.0
1459.7175000000004,4599.917965163188,8084.5065676210215,294.0,7,100.0,False,0,6798.49,37.0
1482.9730555555557,4387.353639197233,8266.838959277671,299.0,7,100.0,False,0,6798.77,37.0
1483.1397757863278,4386.0,8268.0,299.0166656,7,100.0,False,0,6798.772,37.0
1503.0397222222225,4258.133709044832,8377.657274305393,301.0,8,100.0,False,0,6799.01,37.0
1515.0373342468292,4183.0,8442.0,303.0285696,8,100.0,False,0,6799.152,37.0
1526.761944444445,4095.4310593474997,8516.908099335255,305.0,8,100.0,False,0,6799.29,37.0
1537.1509074086835,4016.0,8585.0,306.0166656,8,100.0,False,0,6799.412,37.0
1547.2286111111114,3945.213540367801,8645.986046501213,307.0,8,100.0,False,0,6799.53,37.0
1555.9693171160561,3874.0,8708.0,307.8499989333333,8,100.0,False,0,6799.632,37.0
1567.8286111111113,3750.8872530603303,8816.240231345315,309.0,8,100.0,False,0,6799.77,37.0
1569.7214472221644,3733.0,8832.0,309.0916661333333,8,100.0,False,0,6799.792,37.0
1588.495277777778,3611.7004763480536,8939.082432750803,310.0,8,100.0,False,0,6800.01,37.0
1600.8053772951816,3539.0,9003.0,310.0,8,100.0,False,0,6800.153,37.0
1602.2730555555559,3528.8335042034287,9011.90793868272,310.0,8,100.0,False,0,6800.17,37.0
1614.6723311043297,3435.0,9094.0,311.5266914224493,8,99.49110285918357,False,0,6800.313,37.0
1626.7044444444446,3345.2951612130387,9172.594659903109,313.0,8,99.0,False,0,6800.451,37.0
1628.6265241113135,3330.0,9186.0,313.1833344,8,99.0,False,0,6800.473,37.0
1647.7044444444448,3156.217519665719,9338.301363561246,315.0,8,99.0,False,0,6800.691,37.0
1660.1069185881447,3054.0,9428.0,315.0,8,99.3944448,False,0,6800.833,37.0
1679.2044444444448,2943.104283293591,9525.437386351605,315.0,8,100.0,False,0,6801.051,37.0
1684.5937923881147,2909.0,9555.0,316.21999872,8,100.0,False,0,6801.112,37.0
1696.926666666667,2815.7139611823636,9635.056911228263,319.0,8,100.0,False,0,6801.251,37.0
1704.1211543654322,2761.0,9682.0,319.40499968,8,100.0,False,0,6801.332,37.0
1714.7044444444446,2689.01039390931,9744.133136718174,320.0,8,100.0,False,0,6801.451,37.0
1730.8485676232126,2560.0,9857.0,320.6464283428571,8,100.0,False,0,6801.632,37.0
1739.6711111111113,2452.766994545669,9951.558211030118,321.0,8,100.0,False,0,6801.731,37.0
1746.8744082385037,2373.0,10022.0,320.59500032,8,100.0,False,0,6801.812,37.0
1757.448888888889,2306.7459104184327,10080.534271148514,320.0,8,100.0,False,0,6801.9310000000005,37.0
1778.848888888889,2228.7157744374726,10150.358397254839,321.0,8,100.0,False,0,6802.171,37.0
1778.938466965485,2228.0,10151.0,321.0,8,99.8000128,False,0,6802.1720000000005,37.0
1803.8155555555556,1939.4893965890833,10409.40087139059,321.0,8,44.0,True,0,6802.451,37.0
1805.6318125277758,1922.0,10425.0,319.33750506666667,8,40.76250986666667,True,0,6802.472,37.0
1823.948888888889,1820.7857304012432,10514.148480602536,302.0,8,7.0,True,0,6802.691,37.0
1835.1756406976815,1771.0,10556.0,289.6625056,8,3.4750016,True,0,6802.832,37.0
1842.6822222222222,1721.6004698183888,10597.157722162716,281.0,8,1.0,True,0,6802.9310000000005,37.0
1855.4201577594004,1604.0,10689.0,263.80500608,8,1.0,True,0,6803.112,37.0
1868.4665725573122,1453.0,10789.0,244.80500608,8,1.0,True,0,6803.312,37.0
1869.6822222222222,1440.6950588103039,10796.52658795846,243.0,7,1.0,True,0,6803.331,37.0
1879.7711111111112,1358.8987241481918,10841.789824031774,227.0,7,0.0,True,0,6803.491,37.0
1889.5933333333335,1294.9406399287323,10869.577414533165,221.0,6,1.0,True,0,6803.651,37.0
1892.0124904569398,1277.0,10877.0,218.21786148571428,6,0.8535716571428571,True,0,6803.692,37.0
1905.3044444444447,1145.7703701866535,10920.833311767596,202.0,5,0.0,True,0,6803.9310000000005,37.0
1905.3579381392865,1145.0,10921.0,201.9333376,5,0.0,True,0,6803.932,37.0
1915.7477906266395,972.0,10948.0,188.60000426666667,5,0.0,True,0,6804.132,37.0
1917.7044444444446,948.0259482368367,10950.746107455474,186.0,5,0.0,True,0,6804.171,37.0
1933.0179674679964,857.0,10949.0,172.58774879772724,5,0.0,True,0,6804.492,37.0
1934.7569444444446,839.789022092262,10948.660011983007,171.0,4,0.0,True,0,6804.53,37.0
1937.565188681011,809.0,10948.0,167.5125072,4,0.0,True,0,6804.592,37.0
1941.9569444444446,764.210688708596,10945.092548652685,162.0,4,0.0,True,0,6804.69,37.0
1948.2827294232206,705.0,10936.0,159.87000192,4,0.0,True,0,6804.832,37.0
1950.7902777777779,681.2522546198287,10930.29049901793,159.0,3,0.0,True,0,6804.89,37.0
1959.0125000000003,601.303391612919,10902.761305858709,148.0,3,1.0,True,0,6805.09,37.0
1960.7060476618794,585.0,10896.0,147.16000256,3,1.0,True,0,6805.132,37.0
1967.0125,525.6687418821236,10868.05613118745,144.0,3,1.0,True,0,6805.29,37.0
1968.664132997097,511.0,10860.0,142.9500032,3,1.0,True,0,6805.332,37.0
1973.2347222222224,472.84216814578195,10836.007762790297,140.0,3,1.0,True,0,6805.45,37.0
1974.830007281516,460.0,10827.0,139.18333582222223,3,3.5666588444444445,True,0,6805.492,37.0
1980.7541062427247,414.0,10790.0,136.07222471111112,3,13.344436622222222,True,0,6805.652,37.0
1986.5347222222224,374.85120190958384,10746.808453864938,133.0,3,23.0,False,0,6805.81,37.0
1990.284431946839,352.0,10716.0,133.0,3,31.074989866666666,False,0,6805.912,37.0
1995.4013888888892,323.15721256840055,10671.514837869423,133.0,3,42.0,False,0,6806.05,37.0
1997.726915622201,311.0,10651.0,133.7749984,3,43.1624976,False,0,6806.112,37.0
2003.8045968166537,282.0,10598.0,135.7749984,3,46.1624976,False,0,6806.272,37.0
2007.5791666666669,266.0202402305845,10566.932119859346,137.0,3,48.0,False,0,6806.37,37.0
2013.1566875190879,244.0,10515.0,138.7875008,3,48.71500032,False,0,6806.513,37.0
2023.3569444444447,207.30158566906152,10383.33316006451,142.0,3,50.0,False,0,6806.77,37.0
2023.4769964323207,207.0,10382.0,142.03118303949213,3,50.10602233427324,False,0,6806.773,37.0
2040.5664040343731,193.0,10252.0,146.39709064742993,3,64.9501082012618,False,0,6807.193,37.0
2042.9977777777779,191.8079476346926,10230.030350825626,147.0,3,67.0,False,0,6807.251,37.0
2051.6285593033513,187.0,10142.0,149.7545437090909,3,46.800012800000005,False,0,6807.453,37.0
2060.132716870718,183.0,10055.0,152.48181643636363,3,26.800012800000005,False,0,6807.653,37.0
2061.697777777778,182.00056090516713,10038.582922538017,153.0,3,23.0,True,0,6807.691,37.0
2066.572167868089,178.0,9987.0,149.37000192,3,16.34500352,True,0,6807.812,37.0
2073.56351428601,169.0,9914.0,143.97000192000002,3,6.44500352,True,0,6807.992,37.0
2077.3644444444444,161.6378695206377,9873.404150749007,141.0,3,1.0,True,0,6808.091,37.0
2081.2214017838933,152.0,9833.0,138.89583466666667,3,1.0,True,0,6808.192,37.0
2086.431111111111,134.86835114461095,9781.973807275861,136.0,3,1.0,True,0,6808.331,37.0
2088.651237493879,126.0,9761.0,134.30555733333333,3,1.0,True,0,6808.392,37.0
2098.388743203236,76.0,9673.0,126.52777955555555,3,1.0,True,0,6808.6720000000005,37.0
2099.031111111111,72.21176760196695,9667.257541241388,126.0,3,1.0,True,0,6808.691,37.0
2099.738755825736,68.0,9661.0,125.4750016,3,0.9125002666666666,True,0,6808.712,37.0
2107.031111111111,23.081551869941716,9605.249101855534,120.0,3,0.0,True,0,6808.9310000000005,37.0
2110.417854606943,-4.0,9580.0,120.0,3,0.0,True,0,6809.032,37.0
2113.6977777777774,-36.71027573919624,9553.414512920386,120.0,3,0.0,True,0,6809.131,37.0
2118.191424143532,-85.0,9518.0,116.4750016,3,0.0,True,0,6809.272,37.0
2122.486666666666,-121.11321608713999,9494.412836783442,113.0,3,0.0,True,0,6809.411,37.0
2128.542222222222,-159.58599388184248,9476.126267015625,109.0,3,0.0,True,0,6809.611,37.0
2130.9376941899613,-177.0,9470.0,108.32500053333334,3,2.21785539047619,True,0,6809.692,37.0
2152.3422222222216,-389.73227989977477,9446.951877758129,102.0,2,23.0,False,0,6810.451,37.0
2152.370686708886,-390.0,9447.0,102.00499968,2,22.96500224,False,0,6810.452,37.0
2158.064444444444,-442.8535726164273,9462.4406299173,103.0,2,16.0,False,0,6810.651,37.0
2158.665029351111,-449.0,9465.0,103.0,2,18.4937424,False,0,6810.6720000000005,37.0
2162.6422222222213,-493.7364259650499,9486.980678179554,103.0,2,35.0,False,0,6810.811,37.0
2164.9789966993567,-520.0,9503.0,103.67499946666666,2,38.37499733333333,False,0,6810.892,37.0
2169.6422222222213,-567.4036885348665,9540.08198507518,105.0,2,45.0,False,0,6811.051,37.0
2175.1448912615197,-610.0,9581.0,108.02506802895724,2,48.02506802895723,False,0,6811.232,37.0
2180.711388888888,-634.6273494679365,9607.759235782287,111.0,2,51.0,False,0,6811.41,37.0
2185.822499999999,-652.8573017254884,9634.040899558291,115.0,2,55.0,False,0,6811.57,37.0
2186.5407177696056,-656.0,9639.0,115.5499968,2,55.43999744,False,0,6811.592,37.0
2192.489166666666,-686.0859332441806,9689.398998752555,120.0,2,59.0,False,0,6811.77,37.0
2194.5996053820763,-696.0,9707.0,121.23999744,2,59.0,False,0,6811.832,37.0
2199.3780555555545,-714.359151665354,9742.015101994424,124.0,2,59.0,False,0,6811.97,37.0
2203.0083005561687,-729.0,9782.0,126.5499968,2,60.52999808,False,0,6812.072,37.0
2206.5447222222215,-746.6334300821496,9842.753430015808,129.0,2,62.0,False,0,6812.17,37.0
2209.5172902237464,-760.0,9892.0,130.0249984,2,65.0749952,False,0,6812.252,37.0
2215.3447222222217,-773.2491901828507,9942.411941451008,132.0,2,71.0,False,0,6812.41,37.0
2225.595746599458,-774.0,9997.0,140.187496,2,76.7312472,False,0,6812.6720000000005,37.0
2227.966944444444,-774.1836566106994,10028.069565468688,142.0,3,78.0,False,0,6812.7300000000005,37.0
2234.786452371124,-773.0,10137.0,147.66999552,3,81.64499712,False,0,6812.892,37.0
2245.3002777777774,-756.4405314656351,10273.910188151434,156.0,3,87.0,False,0,6813.13,37.0
2254.695533710446,-735.0,10372.0,163.0872762234057,3,90.54363811170285,False,0,6813.333,37.0
2264.2363888888885,-713.1934506585787,10457.494385142776,170.0,3,94.0,False,0,6813.531,37.0
2272.1919444444443,-691.5129208886844,10526.88242215011,179.0,4,95.0,False,0,6813.691,37.0
2273.2924830679817,-688.0,10537.0,179.4125024,4,95.2750016,False,0,6813.713,37.0
2280.280833333333,-663.3783403949599,10603.030515126135,182.0,4,97.0,False,0,6813.851,37.0
2280.3847679965365,-663.0,10604.0,182.093744,4,97.0124992,False,0,6813.853,37.0
2293.444492786231,-614.0,10721.0,193.34374400000002,4,98.5124992,False,0,6814.093,37.0
2297.7919444444437,-596.3115370693166,10759.304557608168,197.0,4,99.0,False,0,6814.171,37.0
2302.37102598557,-577.0,10800.0,199.562496,4,99.5124992,False,0,6814.253,37.0
2306.769722222222,-558.2059031426083,10839.394615784358,202.0,5,100.0,False,0,6814.331,37.0
2312.5756035201052,-533.0,10891.0,204.8406232,5,100.0,False,0,6814.432,37.0
2325.5252777777773,-473.90374577444317,11003.50639415134,211.0,5,100.0,False,0,6814.651,37.0
2330.4033353502246,-451.0,11046.0,213.60356937142856,5,100.0,False,0,6814.732,37.0
2338.9608408782283,-411.0,11120.0,218.10356937142856,5,100.0,False,0,6814.872,37.0
2342.6363888888886,-394.86539729747153,11149.692610988706,220.0,5,100.0,False,0,6814.9310000000005,37.0
2356.7435203127147,-324.0,11271.0,229.20833066666665,5,100.0,False,0,6815.152,37.0
2357.9697222222217,-315.1260897315985,11284.818716728945,230.0,5,100.0,False,0,6815.171,37.0
2368.3697222222218,-227.62557612977716,11415.70334346035,234.0,6,100.0,False,0,6815.331,37.0
2371.074933975588,-209.0,11443.0,235.19583146666668,6,100.0,False,0,6815.372,37.0
2384.436388888888,-156.609380221215,11516.97666764768,241.0,6,100.0,False,0,6815.571,37.0
2391.315134986818,-130.0,11551.0,242.8937488,6,100.0,False,0,6815.6720000000005,37.0
2406.3919444444437,-38.10507745538986,11664.189967898568,247.0,6,100.0,False,0,6815.891,37.0
2412.0002917861652,0.0,11709.0,248.34999893333332,6,100.0,False,0,6815.972,37.0
2423.1252777777772,74.50796751479874,11792.051435759986,251.0,6,100.0,False,0,6816.131,37.0
2427.4714782683964,104.0,11823.0,253.6687472,6,100.0,False,0,6816.192,37.0
2434.5919444444444,153.6323328908216,11872.7105635663,258.0,6,100.0,False,0,6816.291,37.0
2443.3376924402082,216.0,11933.0,259.3444437333333,6,100.0,False,0,6816.412,37.0
2457.9212326715383,321.0,12032.0,261.56666595555555,6,100.0,False,0,6816.612,37.0
2460.791944444444,342.6019894571365,12050.808777499336,262.0,6,100.0,False,0,6816.651,37.0
2466.7832756087073,388.0,12089.0,263.41749888,6,100.0,False,0,6816.732,37.0
2484.736750546819,526.0,12199.0,267.61749888,6,100.0,False,0,6816.972,37.0
2490.680833333333,585.0693437151475,12241.378330134754,269.0,7,100.0,False,0,6817.051,37.0
2502.7697222222214,719.128730733904,12331.814394124116,272.0,7,100.0,False,0,6817.211,37.0
2507.413065762967,762.0,12359.0,272.8714276571429,7,100.0,False,0,6817.272,37.0
2524.236388888888,870.4601304055506,12418.073981264002,276.0,7,100.0,False,0,6817.491,37.0
2532.0513517427344,925.0,12444.0,277.1253472757041,7,100.0,False,0,6817.592,37.0
2541.3792782630194,1009.0,12483.0,278.4623943911052,7,100.0,False,0,6817.712,37.0
2552.1586111111105,1136.7180929183994,12534.639572835973,280.0,7,100.0,False,0,6817.85,37.0
2569.606466318859,1345.0,12610.0,282.7749984,7,100.0,False,0,6818.072,37.0
2571.0252777777773,1356.8828537091547,12614.0852851905,283.0,7,100.0,False,0,6818.09,37.0
2591.744293402298,1481.0,12651.0,284.6374992,7,100.0,False,0,6818.352,37.0
2596.358611111111,1517.842749079023,12660.539813563528,285.0,7,100.0,False,0,6818.41,37.0
2615.5586111111106,1712.0392585234467,12707.949792084426,288.0,7,100.0,False,0,6818.65,37.0
2618.92526339857,1744.0,12715.0,288.14999954285713,7,100.0,False,0,6818.692,37.0
2631.7615569435784,1870.0,12739.0,288.7214281142857,7,100.0,False,0,6818.852,37.0
2638.0363888888883,1966.013257378442,12754.124318798307,289.0,7,100.0,False,0,6818.93,37.0
2651.113692850642,2193.0,12787.0,290.0124992,7,100.0,False,0,6819.092,37.0
2663.903055555555,2319.0850984600766,12803.148094888777,291.0,7,100.0,False,0,6819.25,37.0
2683.5239296778823,2434.0,12814.0,291.86428525714285,7,99.13571474285715,False,0,6819.492,37.0
2686.6141666666663,2461.1382280281127,12816.943586001067,292.0,7,99.0,False,0,6819.53,37.0
2698.272392749425,2579.0,12830.0,293.02142902857145,7,99.51071451428571,False,0,6819.673,37.0
2709.480833333333,2690.9459778338237,12841.584586233732,294.0,7,100.0,False,0,6819.81,37.0
2713.005985901409,2725.0,12845.0,294.306048525221,7,100.0,False,0,6819.853,37.0
2732.5852777777773,2915.646404952156,12863.834406171967,296.0,7,100.0,False,0,6820.091,37.0
2734.401865232085,2937.0,12866.0,296.1571437714286,7,99.92142811428572,False,0,6820.113,37.0
2755.763055555555,3214.35621302894,12894.82823694925,298.0,7,99.0,False,0,6820.371,37.0
2755.9286294380545,3216.0,12895.0,298.0,7,99.0,False,0,6820.373,37.0
2775.629722222222,3342.9361527761725,12908.338418722295,298.0,7,99.0,False,0,6820.611,37.0
2782.4320108368593,3413.0,12916.0,298.3416661333333,7,99.0,False,0,6820.693,37.0
2795.563055555555,3627.923709480275,12939.760369171563,299.0,7,99.0,False,0,6820.851,37.0
2800.72204461361,3711.0,12949.0,299.1937504,7,99.0,False,0,6820.9130000000005,37.0
2822.2297222222214,3945.1771866543913,12975.451767726043,300.0,7,99.0,False,0,6821.171,37.0
2834.016384124331,4026.0,12985.0,300.8812496,7,99.8812496,False,0,6821.312,37.0
2835.6074999999996,4035.396340325793,12986.140784059613,301.0,7,100.0,False,0,6821.331,37.0
2849.0297222222216,4100.441369036276,12994.373184049187,302.0,7,99.0,False,0,6821.491,37.0
2862.451944444444,4203.767294025351,13008.166591555715,302.0,7,99.0,False,0,6821.651,37.0
2864.2122812811044,4225.0,13011.0,301.94166684444446,7,99.05833315555556,False,0,6821.6720000000005,37.0
2884.299059378829,4541.0,13053.0,301.27500017777777,7,99.72499982222222,False,0,6821.912,37.0
2892.551944444444,4637.2592582670195,13065.467120359614,301.0,7,100.0,False,0,6822.011,37.0
2925.663055555555,4837.368842636444,13088.925547240495,298.0,7,100.0,False,0,6822.411,37.0
2925.7454285953836,4838.0,13089.0,297.9906256,7,99.906256,False,0,6822.412,37.0
2942.1812692739345,5003.0,13105.0,296.1156256,7,81.156256,False,0,6822.612,37.0
2951.885277777777,5165.222596699752,13110.392681341771,295.0,7,70.0,True,0,6822.731,37.0
2960.0617834921827,5283.0,13113.0,292.4750016,7,49.29501312,True,0,6822.832,37.0
2967.9963888888883,5333.271632643902,13114.758519052602,290.0,7,29.0,True,0,6822.9310000000005,37.0
2980.676758545218,5376.0,13106.0,285.4000018285714,7,23.825002057142857,True,0,6823.092,37.0
2989.9297222222212,5488.469999000931,13079.018366626118,282.0,7,20.0,False,0,6823.211,37.0
3005.4144214741245,5720.0,13022.0,277.81250133333333,7,20.0,False,0,6823.412,37.0
3008.396388888888,5745.549741090877,13015.274312828333,277.0,7,20.0,False,0,6823.451,37.0
3023.563055555555,5800.496635797521,12992.625542602102,273.0,7,30.0,False,0,6823.651,37.0
3028.1409377882037,5829.0,12975.0,271.4750016,7,30.60999936,False,0,6823.712,37.0
3038.4519444444436,5940.0055870563165,12906.02161817273,268.0,6,32.0,False,0,6823.851,37.0
3050.100853533877,6089.0,12810.0,262.63333546666667,6,54.1374912,False,0,6824.012,37.0
3055.785277777777,6143.456371646616,12771.740127457471,260.0,6,65.0,False,0,6824.091,37.0
3081.885277777777,6288.317648828906,12625.789688309986,261.0,6,98.0,False,0,6824.451,37.0
3083.4186595167284,6297.0,12614.0,261.1913433525149,6,98.09567167625744,False,0,6824.472,37.0
3111.3815228458357,6463.0,12355.0,264.6537574263315,6,99.82687871316574,False,0,6824.852,37.0
3114.2005555555547,6474.266473277223,12334.596488843174,265.0,6,100.0,False,0,6824.89,37.0
3132.0672222222215,6522.478150811505,12228.533989944137,268.0,6,100.0,False,0,6825.13,37.0
3135.189124618294,6532.0,12205.0,268.0,6,100.0,False,0,6825.1720000000005,37.0
3150.0423895138256,6586.0,12066.0,268.0,6,100.0,False,0,6825.372,37.0
3155.8894444444436,6605.766565940538,12009.804132729778,268.0,7,100.0,False,0,6825.45,37.0
3174.0894444444434,6659.004114144721,11838.440707118749,273.0,7,100.0,False,0,6825.69,37.0
3177.2730804924227,6668.0,11808.0,273.0,7,100.0,False,0,6825.732,37.0
3184.8371598627896,6689.0,11735.0,273.0,7,100.0,False,0,6825.832,37.0
3196.9574253280402,6719.0,11617.0,273.0,7,100.0,False,0,6825.992,37.0
3201.389444444444,6730.2660799285395,11570.69410681225,273.0,7,100.0,False,0,6826.05,37.0
3219.922777777777,6779.036672938197,11364.287960189024,278.0,7,100.0,False,0,6826.29,37.0
3226.363652470843,6793.0,11302.0,278.69166506666664,7,100.0,False,0,6826.373,37.0
3238.589444444444,6813.686662164274,11203.257693541002,280.0,7,100.0,False,0,6826.53,37.0
3245.087844488981,6824.0,11150.0,281.0310539253879,7,100.0,False,0,6826.613,37.0
3251.2011111111105,6834.295518016914,11094.667474105936,282.0,7,100.0,False,0,6826.691,37.0
3265.4526025520227,6859.0,10953.0,282.0,7,100.0,False,0,6826.873,37.0
3266.867777777777,6861.302304224963,10938.923627247592,282.0,7,100.0,False,0,6826.891,37.0
3285.867777777777,6889.340828280742,10751.693152972999,285.0,7,100.0,False,0,6827.131,37.0
3290.800018272939,6896.0,10703.0,285.44285805714287,7,100.0,False,0,6827.193,37.0
3306.752560456013,6916.0,10545.0,286.87142948571426,7,100.0,False,0,6827.393,37.0
3308.1899999999996,6917.655255362151,10530.851960209464,287.0,7,100.0,False,0,6827.411,37.0
3319.53784707279,6930.0,10419.0,287.35500032,7,100.0,False,0,6827.553,37.0
3335.463615992111,6946.0,10260.0,287.85249984,7,100.0,False,0,6827.752,37.0
3340.1899999999996,6949.943995269468,10217.344697756296,288.0,7,100.0,False,0,6827.811,37.0
3357.912792745293,6963.0,10036.0,288.55249984,7,100.0,False,0,6828.032,37.0
3372.3011111111105,6974.949916569254,9797.088028498498,289.0,7,100.0,False,0,6828.211,37.0
3372.3815969777597,6975.0,9796.0,289.0041664,7,100.0,False,0,6828.212,37.0
3391.634444444444,6979.026176192176,9676.530819307045,290.0,7,100.0,False,0,6828.451,37.0
3407.777386266698,6981.0,9538.0,289.44166684444446,7,100.0,False,0,6828.652,37.0
3419.009493663857,6986.0,9329.0,289.05277795555554,7,100.0,False,0,6828.792,37.0
3420.534444444444,6986.63258584979,9304.667410608527,289.0,7,100.0,False,0,6828.811,37.0
3446.223333333333,6993.78420819665,9122.39530038433,289.0,7,100.0,False,0,6829.131,37.0
3454.3187722508046,6997.0,9073.0,288.6843752,7,99.6843752,False,0,6829.232,37.0
3470.308975379569,7007.0,8933.0,288.0593752,7,99.0593752,False,0,6829.432,37.0
3471.823333333333,7008.336389984017,8918.476304146845,288.0,7,99.0,False,0,6829.451,37.0
3490.8899999999994,7031.479465164672,8728.668557266905,286.0,7,99.0,False,0,6829.691,37.0
3492.5553881962596,7034.0,8712.0,285.94750016,7,99.05249984,False,0,6829.712,37.0
3500.481723437163,7047.0,8633.0,285.69750016,7,99.30249984,False,0,6829.812,37.0
3519.474866209166,7084.0,8446.0,285.09750016,7,99.90249984,False,0,6830.052,37.0
3522.556666666666,7090.802457508675,8415.690096462753,285.0,7,100.0,False,0,6830.091,37.0
3535.265088843661,7121.0,8291.0,284.6340910545455,7,100.0,False,0,6830.252,37.0
3549.4567868753334,7158.0,8154.0,284.22500014545454,7,100.0,False,0,6830.432,37.0
3557.2677777777767,7180.176832190792,8079.056938005922,284.0,7,100.0,False,0,6830.531,37.0
3568.398075261083,7214.0,7973.0,284.0,7,99.29500032,False,0,6830.6720000000005,37.0
3573.0455555555545,7228.8799543064415,7929.04006450682,284.0,7,99.0,False,0,6830.731,37.0
3579.4097174601825,7250.0,7869.0,283.4937504,7,99.2531248,False,0,6830.812,37.0
3591.9343115911547,7294.0,7751.0,282.4937504,7,99.7531248,False,0,6830.972,37.0
3598.112222222221,7316.751201202186,7692.950131515536,282.0,7,100.0,False,0,6831.051,37.0
3620.056859742396,7400.0,7487.0,281.119122634408,7,100.0,False,0,6831.332,37.0
3623.0119444444435,7410.890087144066,7459.105869870657,281.0,7,100.0,False,0,6831.37,37.0
3635.5645054354527,7455.0,7340.0,279.78500096,7,100.0,False,0,6831.532,37.0
3653.9008333333322,7506.643984458747,7165.442250293798,278.0,7,100.0,False,0,6831.77,37.0
3654.054568033731,7507.0,7164.0,277.9833344,7,100.0,False,0,6831.772,37.0
3658.6643188083317,7517.0,7121.0,277.4833344,7,100.0,False,0,6831.832,37.0
3672.300833333332,7535.916879806496,6989.69208069999,276.0,7,100.0,False,0,6832.01,37.0
3672.453576679965,7536.0,6988.0,275.98000128,7,100.0,False,0,6832.012,37.0
3687.5230555555545,7528.315770398239,6788.128183557592,274.0,7,100.0,False,0,6832.21,37.0
3699.7782531645594,7512.0,6638.0,272.84285805714285,7,100.0,False,0,6832.372,37.0
3708.67861111111,7500.860408813871,6565.495965649874,272.0,7,100.0,False,0,6832.49,37.0
3723.7341666666653,7478.4078074090485,6471.647989481489,271.0,7,100.0,False,0,6832.69,37.0
3725.3873485774857,7475.0,6458.0,270.89000064,7,100.0,False,0,6832.712,37.0
3738.7341666666653,7440.526686115543,6320.846236413214,270.0,7,100.0,False,0,6832.89,37.0
3746.4251509106816,7420.0,6239.0,269.3562496,7,100.0,False,0,6832.993,37.0
3750.689722222221,7409.5641473702535,6197.154850817107,269.0,7,100.0,False,0,6833.05,37.0
3765.8205555555537,7377.289462595779,6063.61312864326,271.0,7,74.0,False,0,6833.251,37.0
3770.490447876384,7368.0,6021.0,271.0,7,67.7999872,False,0,6833.313,37.0
3786.8983333333317,7338.2246094069915,5861.475382351216,271.0,7,46.0,True,0,6833.531,37.0
3787.048877808138,7338.0,5860.0,270.9750016,7,45.89584,True,0,6833.533,37.0
3805.1216684279157,7319.0,5685.0,267.9750016,7,33.39584,True,0,6833.773,37.0
3815.381337687722,7316.0,5584.0,266.2249984,7,26.10416,True,0,6833.9130000000005,37.0
3822.231666666665,7321.193581837366,5509.573061515657,265.0,6,21.0,True,0,6834.011,37.0
3836.7081387524427,7351.0,5345.0,245.96944995555555,6,31.436108088888886,True,0,6834.232,37.0
3845.6316666666653,7375.4238860703435,5263.6071980828365,234.0,6,38.0,False,0,6834.371,37.0
3856.031666666665,7410.002602058633,5182.577719272225,234.0,6,42.0,False,0,6834.531,37.0
3859.966682787179,7426.0,5149.0,233.046876,6,41.4281256,False,0,6834.592,37.0
3870.164249510881,7474.0,5056.0,230.546876,6,39.9281256,False,0,6834.752,37.0
3876.3872222222203,7504.0041123958335,5003.6798171272985,229.0,6,39.0,False,0,6834.851,37.0
3883.90409726945,7547.0,4932.0,225.9750016,6,29.1687552,False,0,6834.972,37.0
3896.031666666665,7645.7556885624035,4764.035852796258,221.0,6,13.0,True,0,6835.171,37.0
3899.682879060125,7669.0,4724.0,219.03928777142858,6,13.0,True,0,6835.232,37.0
3912.520555555554,7701.369395779429,4663.783014599691,212.0,6,13.0,True,0,6835.451,37.0
3917.1520001851136,7710.0,4641.0,208.76000256,6,12.59500032,True,0,6835.532,37.0
3923.8538888888875,7729.182512182144,4587.588838064344,204.0,5,12.0,True,0,6835.651,37.0
3937.1357301730964,7774.0,4443.0,199.9833344,5,8.652778666666666,True,0,6835.892,37.0
3943.6538888888876,7785.388906073393,4381.611379857159,198.0,5,7.0,False,0,6836.011,37.0
3953.6004330561664,7790.0,4293.0,198.0,5,7.0,False,0,6836.192,37.0
3959.0538888888877,7787.55348318697,4239.631095682865,198.0,5,7.0,False,0,6836.291,37.0
3963.5214716489736,7783.0,4195.0,198.0,5,7.0,False,0,6836.372,37.0
3972.2538888888876,7767.4570453937895,4108.64602932843,198.0,5,7.0,False,0,6836.531,37.0
3977.7195285098937,7753.0,4054.0,197.08181876363636,5,15.378403781818182,False,0,6836.632,37.0
4018.6983333333324,7544.522804779676,3656.630943490225,190.0,5,80.0,False,0,6837.411,37.0
4021.9681512910947,7526.0,3634.0,191.5249984,5,80.7624992,False,0,6837.472,37.0
4027.3205555555546,7496.034817328478,3600.9208722651133,194.0,5,82.0,False,0,6837.571,37.0
4039.5535098475043,7426.0,3537.0,198.9111096888889,5,90.59444195555555,False,0,6837.792,37.0
4047.5205555555544,7375.597083689559,3496.4521445799146,202.0,5,96.0,False,0,6837.9310000000005,37.0
4055.8574482128824,7296.0,3445.0,207.49860376626563,5,97.57102964750446,False,0,6838.072,37.0
4066.7541943041538,7138.0,3359.0,214.51810112212124,5,99.57660032060608,False,0,6838.252,37.0
4069.060555555555,7109.732958905191,3343.961099822431,216.0,5,100.0,False,0,6838.29,37.0
4081.227222222221,7013.6821397967715,3293.3951134318195,219.0,5,100.0,False,0,6838.49,37.0
4091.049444444444,6959.899703100721,3262.0991628618517,221.0,5,99.0,False,0,6838.65,37.0
4093.6759016528026,6944.0,3252.0,222.8374944,5,99.2624992,False,0,6838.692,37.0
4101.182777777777,6895.363920301538,3219.4334339032393,228.0,5,100.0,False,0,6838.81,37.0
4109.136771391868,6841.0,3179.0,232.87999488,5,100.0,False,0,6838.932,37.0
4114.293888888888,6805.20868729615,3149.402212320724,236.0,5,100.0,False,0,6839.01,37.0
4125.128699756448,6723.0,3073.0,239.47142582857143,5,99.42142902857142,False,0,6839.1720000000005,37.0
4133.1161111111105,6649.249252524897,2997.082332986913,242.0,6,99.0,False,0,6839.29,37.0
4146.782777777777,6520.690963745686,2856.26306849497,246.0,6,100.0,False,0,6839.49,37.0
4148.352123455732,6509.0,2843.0,246.0,6,100.0,False,0,6839.513,37.0
4157.716111111111,6454.08015040913,2778.258225799488,246.0,6,100.0,False,0,6839.65,37.0
4171.786111111111,6404.701206404223,2712.0381652466663,252.0,6,100.0,False,0,6839.851,37.0
4176.183379805633,6389.0,2690.0,253.32857417142858,6,100.0,False,0,6839.9130000000005,37.0
4187.64582960328,6344.0,2625.0,256.7571456,6,100.0,False,0,6840.073,37.0
4191.852777777777,6324.284309811345,2595.4580007114373,258.0,6,100.0,False,0,6840.131,37.0
4200.797120643696,6274.0,2516.0,261.0499968,6,100.0,False,0,6840.253,37.0
4218.552777777777,6145.891508041872,2291.1571498729586,267.0,6,100.0,False,0,6840.491,37.0
4220.208063350863,6137.0,2275.0,267.38500224,6,100.0,False,0,6840.513,37.0
4243.004003597177,6075.0,2154.0,272.63499776,6,100.0,False,0,6840.813,37.0
4248.997222222222,6054.967500367529,2114.0847568946137,274.0,7,100.0,False,0,6840.891,37.0
4263.008228118498,5986.0,1976.0,277.0166656,7,100.0,False,0,6841.072,37.0
4276.997222222222,5886.175133956869,1770.9485563696899,280.0,7,100.0,False,0,6841.251,37.0
4278.646410837708,5876.0,1750.0,280.5249984,7,100.0,False,0,6841.272,37.0
4289.6194444444445,5825.411005345103,1646.0032032084948,284.0,7,100.0,False,0,6841.411,37.0
4312.175,5769.471759894423,1530.922618201384,290.0,7,100.0,False,0,6841.691,37.0
4315.521397984534,5757.0,1505.0,290.87857005714284,7,100.0,False,0,6841.732,37.0
4323.726745488586,5722.0,1432.0,293.0214272,7,100.0,False,0,6841.832,37.0
4335.197222222222,5674.502828415671,1331.9117707683606,296.0,7,100.0,False,0,6841.9710000000005,37.0
4336.934128854366,5666.0,1314.0,296.2249993142857,7,100.0,False,0,6841.992,37.0
4358.452777777778,5524.182751846411,1016.5034296018063,299.0,7,100.0,False,0,6842.251,37.0
4366.90471242658,5479.0,922.0,300.51499904,7,100.0,False,0,6842.352,37.0
4375.230555555556,5449.792390159393,861.0926278597443,302.0,8,100.0,False,0,6842.451,37.0
4392.174999999999,5416.1222681834215,791.1877673425646,305.0,8,100.0,False,0,6842.651,37.0
4395.657081773171,5406.0,770.0,305.2928566857143,8,100.0,False,0,6842.692,37.0
4416.052777777777,5319.934560395726,589.2974441765847,307.0,8,100.0,False,0,6842.9310000000005,37.0
4423.054608051526,5288.0,523.0,309.0249984,8,100.0,False,0,6843.012,37.0
4436.919444444445,5227.380182781807,398.7769699776816,313.0,8,100.0,False,0,6843.171,37.0
4437.006968516522,5227.0,398.0,313.0124992,8,100.0,False,0,6843.1720000000005,37.0
4451.055701197035,5166.0,273.0,315.0124992,8,100.0,False,0,6843.332,37.0
4457.986111111111,5136.089070541757,210.89008915828086,316.0,8,100.0,False,0,6843.411,37.0
4471.986111111111,5075.384641075963,84.78671137672755,315.0,8,100.0,False,0,6843.571,37.0
4472.073853005624,5075.0,84.0,315.0124992,8,100.0,False,0,6843.572,37.0
4486.179327583512,5013.0,-42.0,317.0124992,8,100.0,False,0,6843.732,37.0
4493.186111111112,4982.875767620897,-104.97037006319512,318.0,8,100.0,False,0,6843.811,37.0
4503.966542380264,4937.0,-202.0,320.2687488,8,100.0,False,0,6843.932,37.0
4507.4527777777785,4922.048121579919,-233.2000738216389,321.0,8,100.0,False,0,6843.9710000000005,37.0
4523.702699122049,4852.0,-378.0,322.35749952,8,100.0,False,0,6844.152,37.0
4543.452777777778,4767.391003620026,-555.189987032448,324.0,8,100.0,False,0,6844.371,37.0
4543.542982941282,4767.0,-556.0,324.0035712,8,100.0,False,0,6844.372,37.0
4561.591633584504,4688.0,-718.0,324.71785691428573,8,100.0,False,0,6844.572,37.0
4568.730555555556,4656.969244344109,-782.1837171449574,325.0,8,100.0,False,0,6844.651,37.0
4583.128888888889,4594.676433126903,-911.7346970501804,326.0,8,100.0,False,0,6844.81,37.0
4586.944832338589,4578.0,-946.0,326.28636276363636,8,100.0,False,0,6844.852,37.0
4597.88086080781,4530.0,-1044.0,327.1045445818182,8,100.0,False,0,6844.972,37.0
4612.524885379467,4467.0,-1175.0,328.1954536727273,8,100.0,False,0,6845.132,37.0
4623.34,4419.545274621366,-1271.8392832814375,329.0,8,100.0,False,0,6845.25,37.0
4634.5322153919005,4370.0,-1372.0,329.6777770666667,8,100.0,False,0,6845.372,37.0
4656.4400000000005,4273.8141287891185,-1567.352276841296,331.0,8,100.0,False,0,6845.61,37.0
4656.6248589180495,4273.0,-1569.0,331.0214272,8,100.0,False,0,6845.612,37.0
4673.315279829133,4199.0,-1718.0,332.94999862857145,8,100.0,False,0,6845.792,37.0
4682.417777777779,4157.968501464966,-1799.8626725573063,334.0,8,100.0,False,0,6845.89,37.0
4697.552559096904,4091.0,-1933.0,334.0,8,100.0,False,0,6846.053,37.0
4712.395767500145,4024.0,-2066.0,334.0,8,100.0,False,0,6846.213,37.0
4719.52888888889,3976.823421365037,-2157.8689844606256,334.0,8,100.0,False,0,6846.29,37.0
4738.12138888889,3842.8658778018967,-2416.3290136854525,333.0,8,100.0,False,0,6846.491,37.0
4738.306278296845,3842.0,-2418.0,333.0,8,100.0,False,0,6846.493,37.0
4764.188759840372,3783.0,-2531.0,333.0,8,100.0,False,0,6846.773,37.0
4775.121388888891,3730.3568727984148,-2629.618238259488,333.0,8,100.0,False,0,6846.891,37.0
4789.965833333335,3637.982849006818,-2802.429945275897,334.0,8,100.0,False,0,6847.051,37.0
4793.849646670089,3619.0,-2838.0,333.6500010666667,8,100.0,False,0,6847.093,37.0
4812.099166666668,3558.8985079482404,-2950.3172659684465,332.0,8,100.0,False,0,6847.291,37.0
4821.511365433828,3512.0,-3032.0,332.0,8,100.0,False,0,6847.393,37.0
4826.854722222224,3473.506704548815,-3097.6010360336822,332.0,8,100.0,False,0,6847.451,37.0
4843.422489568133,3335.0,-3330.0,328.12142994285716,8,61.21429942857143,False,0,6847.632,37.0
4852.210277777778,3289.9215969614243,-3403.660416097659,326.0,8,40.0,True,0,6847.731,37.0
4873.981749807361,3231.0,-3486.0,304.46750528,8,16.510005760000002,True,0,6847.992,37.0
4884.765833333334,3171.9423835331363,-3564.882714644263,293.0,8,4.0,True,0,6848.131,37.0
4895.141795290851,3097.0,-3659.0,267.4437616,8,3.1187504,True,0,6848.272,37.0
4896.4991666666665,3086.4757318413094,-3671.3312104299343,264.0,8,3.0,True,0,6848.291,37.0
4910.276944444445,2973.8934824529897,-3792.2372726147146,248.0,8,4.0,True,0,6848.491,37.0
4911.684957247967,2963.0,-3803.0,246.86250346666668,8,4.087499733333333,True,0,6848.512,37.0
4925.943611111111,2865.0595706041345,-3888.8050015922777,235.0,7,5.0,True,0,6848.731,37.0
4936.958495795016,2784.0,-3944.0,225.04500352,7,6.35749952,True,0,6848.912,37.0
4946.237343176619,2700.0,-3993.0,216.24500352,7,7.55749952,True,0,6849.072,37.0
4949.610277777778,2668.435364358278,-4009.400626508132,213.0,6,8.0,True,0,6849.131,37.0
4956.44730711024,2605.0,-4039.0,208.9666688,6,9.0083328,True,0,6849.252,37.0
4965.3460350207015,2526.0,-4069.0,203.63333546666667,6,10.341666133333334,True,0,6849.412,37.0
4969.710277777778,2485.0233259336364,-4081.4730315315073,201.0,5,11.0,True,0,6849.491,37.0
4975.265326228288,2431.0,-4095.0,198.98000128,5,9.99000064,True,0,6849.592,37.0
4980.6547222222225,2377.9004778972667,-4104.921432223648,197.0,5,9.0,False,0,6849.691,37.0
4986.067269913729,2325.0,-4112.0,194.83571565714286,5,12.967854628571429,False,0,6849.792,37.0
4995.510277777778,2234.9901183772595,-4117.200121187199,191.0,5,20.0,False,0,6849.9710000000005,37.0
4998.71165340422,2198.0,-4115.0,190.56428617142856,5,26.317850514285716,False,0,6850.032,37.0
5010.210277777778,2030.882573531616,-4088.611447539493,189.0,5,49.0,False,0,6850.251,37.0
5013.44870373418,1990.0,-4080.0,189.67777706666666,5,55.269437866666664,False,0,6850.312,37.0
5029.510277777778,1873.9505440644425,-4042.3698584726217,193.0,5,86.0,False,0,6850.611,37.0
5039.265107173691,1810.0,-4009.0,194.0055552,5,89.0166656,False,0,6850.792,37.0
5047.967088014153,1734.0,-3967.0,194.8944440888889,5,91.68333226666667,False,0,6850.952,37.0
5049.010277777778,1725.1861788281237,-3961.410910416669,195.0,5,92.0,False,0,6850.9710000000005,37.0
5054.590649304477,1680.0,-3930.0,197.10416533333333,5,95.36666453333333,False,0,6851.072,37.0
5062.343611111111,1618.107899032866,-3883.3911135386234,200.0,5,100.0,False,0,6851.211,37.0
5063.5192663192465,1609.0,-3876.0,200.1968744,5,100.0,False,0,6851.232,37.0
5077.038107678565,1511.0,-3785.0,202.4468744,5,100.0,False,0,6851.472,37.0
5080.388055555556,1488.0832329854322,-3760.927339101514,203.0,5,100.0,False,0,6851.531,37.0
5091.775277777778,1413.8690342310654,-3674.9514589222226,206.0,5,100.0,False,0,6851.7300000000005,37.0
5093.0443596689,1406.0,-3665.0,206.31428388571427,5,100.0,False,0,6851.752,37.0
5108.108611111111,1318.6453546481057,-3541.9936975355195,210.0,5,100.0,False,0,6852.01,37.0
5108.226950071528,1318.0,-3541.0,210.0499968,5,100.0,False,0,6852.012,37.0
5121.41280804073,1250.0,-3429.0,215.5499968,5,100.0,False,0,6852.232,37.0
5122.50861111111,1244.7316732839463,-3419.7590626100928,216.0,5,100.0,False,0,6852.25,37.0
5133.742060359313,1192.0,-3323.0,220.09499712,5,99.54500032,False,0,6852.432,37.0
5146.425497978824,1129.0,-3202.0,224.61750144,5,99.04249984,False,0,6852.633,37.0
5147.50861111111,1124.3628182926432,-3193.004268554967,225.0,5,99.0,False,0,6852.65,37.0
5165.553055555555,1054.3200512155324,-3061.9710386730644,232.0,5,99.0,False,0,6852.93,37.0
5169.649376591932,1025.0,-3013.0,233.17391470267415,5,99.0,False,0,6852.993,37.0
5176.062777777776,964.6651266754798,-2915.0077847172024,235.0,6,99.0,False,0,6853.091,37.0
5180.163125465709,929.0,-2858.0,236.1625024,6,99.1937504,False,0,6853.153,37.0
5197.484999999999,861.8179645535483,-2758.094189917614,241.0,6,100.0,False,0,6853.411,37.0
5204.362916133687,838.0,-2726.0,242.2750016,6,100.0,False,0,6853.513,37.0
5208.284999999999,820.0526777267842,-2701.427704943105,243.0,6,100.0,False,0,6853.571,37.0
5221.89611111111,736.6198755773124,-2586.4951069369977,245.0,6,100.0,False,0,6853.771,37.0
5223.400821996084,726.0,-2572.0,245.16500096,6,100.0,False,0,6853.793,37.0
5241.287438842167,595.0,-2395.0,247.11499904,6,100.0,False,0,6854.053,37.0
5249.451666666666,553.9869295365004,-2339.8469287168386,248.0,6,100.0,False,0,6854.171,37.0
5262.018703312379,496.0,-2262.0,249.80999936,6,100.0,False,0,6854.352,37.0
5263.340555555554,487.8745272689007,-2251.0866480010463,250.0,6,100.0,False,0,6854.371,37.0
5277.284999999998,383.29449982356135,-2110.9398318228787,251.0,6,100.0,False,0,6854.571,37.0
5281.550827471833,353.0,-2071.0,251.2541664,6,100.0,False,0,6854.632,37.0
5292.755647478446,284.0,-1982.0,251.92083306666666,6,100.0,False,0,6854.792,37.0
5294.084999999999,276.0836839101666,-1971.8668348351007,252.0,6,100.0,False,0,6854.811,37.0
5301.145158515985,232.0,-1916.0,252.0,6,99.49500032,False,0,6854.912,37.0
5308.084999999998,178.6436368770103,-1850.7804796773396,252.0,6,99.0,False,0,6855.011,37.0
5326.543001038708,25.0,-1669.0,252.72499982222223,6,99.0,False,0,6855.272,37.0
5333.384999999998,-12.736426563792195,-1624.8891246811709,253.0,6,99.0,False,0,6855.371,37.0
5349.184999999999,-82.62003140299919,-1545.4251727862052,237.0,6,10.0,True,0,6855.611,37.0
5349.2472883507735,-83.0,-1545.0,236.8964352,6,9.982144,True,0,6855.612,37.0
5359.91485059609,-161.0,-1458.0,218.25357805714285,6,6.767858285714286,True,0,6855.792,37.0
5365.3627777777765,-200.80703206725255,-1413.1759443260466,208.0,6,5.0,True,0,6855.891,37.0
5368.581773933334,-224.0,-1387.0,202.81500544,6,4.39000064,True,0,6855.952,37.0
5378.411850593569,-296.0,-1306.0,185.81500544,6,2.39000064,True,0,6856.152,37.0
5384.6961111111095,-342.2337272081582,-1254.0534580322003,174.0,6,1.0,True,0,6856.291,37.0
5408.1961111111095,-517.1042786061778,-1070.0411454141758,141.0,3,0.0,True,0,6856.891,37.0
5411.30127420433,-541.0,-1050.0,139.55357257142856,3,0.0,True,0,6856.972,37.0
5418.773888888887,-599.7205149695047,-1006.1930953074827,136.0,3,0.0,True,0,6857.171,37.0
5418.80952561969,-600.0,-1006.0,135.95227578181817,3,0.0,True,0,6857.1720000000005,37.0
5424.878780097194,-655.0,-973.0,127.3613666909091,3,0.0,True,0,6857.352,37.0
5430.43463785369,-748.0,-933.0,118.7704576,3,0.0,True,0,6857.532,37.0
5432.829444444443,-780.1840707364968,-921.8753456293367,115.0,2,0.0,True,0,6857.611,37.0
5442.251666666665,-847.8260264021374,-914.0102362784223,106.0,2,0.0,True,0,6857.9310000000005,37.0
5442.280115050684,-848.0,-914.0,105.9625024,2,0.0,True,0,6857.932,37.0
5446.6961111111095,-875.1826862134463,-911.8748159635284,100.0,2,0.0,True,0,6858.091,37.0
5451.836944444443,-920.395898101569,-912.93309361346,93.0,2,0.0,True,0,6858.29,37.0
5451.8874174846715,-921.0,-913.0,92.9625024,2,0.0124992,True,0,6858.292,37.0
5455.836944444443,-977.967160398944,-921.8109108265419,90.0,2,1.0,True,0,6858.45,37.0
5458.862353833551,-1018.0,-930.0,89.39000064,2,6.48999424,True,0,6858.572,37.0
5460.781388888888,-1035.6762097914075,-934.6127036924893,89.0,2,10.0,False,0,6858.65,37.0
5465.670277777776,-1059.2420186620627,-945.7451844074575,88.0,2,27.0,False,0,6858.85,37.0
5468.227677891782,-1076.0,-955.0,89.13333191111111,2,30.116662755555556,False,0,6858.952,37.0
5470.7892721968,-1098.0,-967.0,90.24444302222223,2,33.17221831111111,False,0,6859.052,37.0
5474.870277777777,-1130.9771997800217,-988.8126579562173,92.0,2,38.0,False,0,6859.21,37.0
5477.536932802583,-1154.0,-1006.0,92.85833386666667,2,43.579170133333335,False,0,6859.313,37.0
5481.1369444444435,-1189.8499371436462,-1033.6831512738897,94.0,2,51.0,False,0,6859.45,37.0
5485.591319338635,-1233.0,-1067.0,98.05472288309585,2,55.86566745971501,False,0,6859.613,37.0
5486.664444444444,-1241.8160549388726,-1073.5936358581018,99.0,2,57.0,False,0,6859.651,37.0
5496.086666666666,-1305.982113436259,-1116.9945535927427,106.0,2,1.0,False,0,6859.9710000000005,37.0
5496.728909330371,-1311.0,-1120.0,105.8166656,2,0.9388885333333333,False,0,6859.993,37.0
5501.3268386211685,-1351.0,-1142.0,104.48333226666666,2,0.4944440888888888,False,0,6860.153,37.0
5506.386666666666,-1398.061674983365,-1159.4911409292297,103.0,3,0.0,False,0,6860.331,37.0
5509.870651035859,-1431.0,-1167.0,103.0,3,0.0,False,0,6860.453,37.0
5515.542222222221,-1485.437211849435,-1171.9988337369114,103.0,3,0.0,False,0,6860.651,37.0
5515.599524114899,-1486.0,-1172.0,103.0,3,0.0,False,0,6860.653,37.0
5521.87558601369,-1549.0,-1166.0,103.0,3,0.0,False,0,6860.872,37.0
5524.163817435408,-1572.0,-1161.0,103.0,3,0.0,False,0,6860.952,37.0
5526.986666666666,-1599.6333013723092,-1154.300596262381,103.0,3,0.0,False,0,6861.051,37.0
5530.421386903991,-1633.0,-1145.0,102.2437504,3,0.0,False,0,6861.1720000000005,37.0
5531.519999999999,-1643.9303972291586,-1141.5575382972065,102.0,3,0.0,False,0,6861.211,37.0
5536.625154088708,-1693.0,-1124.0,102.0,3,0.0,False,0,6861.392,37.0
5537.186666666666,-1697.5029072772495,-1122.2282858177578,102.0,3,0.0,False,0,6861.411,37.0
5542.234233535453,-1739.0,-1103.0,108.22045207272727,3,20.85680989090909,False,0,6861.572,37.0
5547.663097751649,-1813.0,-1061.0,114.40227025454546,3,41.58408261818182,False,0,6861.732,37.0
5551.73111111111,-1856.5608931920492,-1032.0842216102642,119.0,3,57.0,False,0,6861.851,37.0
5558.619999999999,-1904.6614533100003,-990.1537838571047,124.0,3,67.0,False,0,6862.051,37.0
5560.067059166196,-1914.0,-981.0,125.281248,3,67.7687488,False,0,6862.092,37.0
5564.353333333333,-1941.5937100673436,-952.067526294415,129.0,3,70.0,False,0,6862.211,37.0
5565.861199096227,-1953.0,-939.0,130.19583146666668,3,70.34166613333333,False,0,6862.252,37.0
5573.419999999999,-2023.5763403946391,-851.6164901685789,136.0,3,72.0,False,0,6862.451,37.0
5575.031639437698,-2036.0,-836.0,138.0499968,3,72.2562496,False,0,6862.492,37.0
5579.819999999999,-2062.5664763321697,-802.8171985093115,144.0,3,73.0,False,0,6862.611,37.0
5586.53111111111,-2084.8929269853866,-774.2916531957276,151.0,3,76.0,False,0,6862.771,37.0
5589.1706090515945,-2096.0,-759.0,152.7156232,3,76.5718744,False,0,6862.832,37.0
5598.990948851991,-2148.0,-681.0,158.9031232,3,78.6343744,False,0,6863.052,37.0
5600.753333333331,-2157.513676293287,-664.4969004845057,160.0,3,79.0,False,0,6863.091,37.0
5608.991921693528,-2202.0,-573.0,163.61999872,3,79.90499968,False,0,6863.272,37.0
5609.864444444443,-2206.965735834534,-560.9492151731594,164.0,3,80.0,False,0,6863.291,37.0
5617.286666666665,-2247.790336253066,-451.59373491634574,167.0,3,82.0,False,0,6863.451,37.0
5617.333593506432,-2248.0,-451.0,167.0249984,3,81.99000064,False,0,6863.452,37.0
5626.84222222222,-2274.826211977346,-367.2938430297571,172.0,4,80.0,False,0,6863.651,37.0
5638.924655171386,-2289.0,-291.0,179.7464265142857,4,86.0249984,False,0,6863.892,37.0
5640.919999999997,-2291.998564815087,-273.1522018269048,181.0,4,87.0,False,0,6863.9310000000005,37.0
5648.204122928706,-2303.0,-200.0,184.5249984,4,82.30000213333334,False,0,6864.072,37.0
5653.3866666666645,-2308.131570620394,-148.33422391748988,187.0,4,79.0,False,0,6864.171,37.0
5657.669886920705,-2311.0,-106.0,188.5187488,4,77.734376,False,0,6864.252,37.0
5668.416393785786,-2314.0,0.0,192.2687488,4,74.609376,False,0,6864.452,37.0
5670.54222222222,-2313.626525806871,20.72475735295743,193.0,4,74.0,False,0,6864.491,37.0
5682.777658540282,-2305.0,139.0,197.1437488,4,76.30208266666666,False,0,6864.712,37.0
5691.819078608522,-2292.0,227.0,200.1437488,4,77.96874933333334,False,0,6864.872,37.0
5697.475555555553,-2281.6270660312484,281.1601429028859,202.0,5,79.0,False,0,6864.9710000000005,37.0
5703.295057702029,-2269.0,336.0,205.04522322163675,5,85.59798364687963,False,0,6865.072,37.0
5708.973333333331,-2254.4845341613777,388.85772632919316,208.0,5,92.0,False,0,6865.17,37.0
5717.246584430178,-2227.0,468.0,209.7749984,5,99.0999936,False,0,6865.312,37.0
5718.306666666664,-2222.69307797021,478.6005418087221,210.0,5,100.0,False,0,6865.33,37.0
5726.785972551379,-2184.0,564.0,214.25999616000001,5,100.0,False,0,6865.472,37.0
5730.306666666664,-2167.752326221725,596.8112103027156,216.0,5,100.0,False,0,6865.53,37.0
5739.063217650716,-2127.0,673.0,220.96999552,5,100.0,False,0,6865.6720000000005,37.0
5742.695555555552,-2109.2741205253574,704.2070480717639,223.0,5,100.0,False,0,6865.7300000000005,37.0
5756.9536635933655,-2038.0,820.0,229.3714304,5,100.0,False,0,6865.953,37.0
5760.6622222222195,-2020.4337115749922,845.8821415968582,231.0,5,100.0,False,0,6866.01,37.0
5772.729194404766,-1961.0,928.0,235.56075016787543,5,100.0,False,0,6866.193,37.0
5781.9730555555525,-1903.1123700516443,1008.1677233326755,239.0,6,100.0,False,0,6866.331,37.0
5787.518745889785,-1868.0,1057.0,241.0499968,6,100.0,False,0,6866.4130000000005,37.0
5801.106388888886,-1784.9856907473086,1171.6726655293967,246.0,6,100.0,False,0,6866.611,37.0
5801.245438700024,-1784.0,1173.0,246.05499648,6,100.0,False,0,6866.613,37.0
5803.126396927956,-1770.2663598142556,1191.4169580444766,246.79749824,6,100.0,False,0,6866.64,37.0
0.06500601733361627,-1762.1538707259233,1201.8141255533062,246.79749824,6,100.0,False,0,6866.64,38.0
13.780002793111755,-1649.0,1350.0,252.10500352,6,100.0,False,0,6866.8330000000005,38.0
26.573888888888888,-1601.508935617332,1409.9435899397665,257.0,6,100.0,False,0,6867.011,38.0
32.51445905226486,-1578.0,1439.0,259.0499968,6,100.0,False,0,6867.093000000001,38.0
41.12944444444444,-1528.8011538086175,1500.1938476792511,262.0,6,100.0,False,0,6867.211,38.0
53.04711366784481,-1451.0,1598.0,265.0187488,6,99.4968752,False,0,6867.372,38.0
64.95166666666667,-1388.664454954917,1678.5576805504018,268.0,7,99.0,False,0,6867.531,38.0
74.06827143629609,-1325.0,1764.0,270.41999872,7,99.0,False,0,6867.652,38.0
80.06277777777778,-1266.1436542811052,1844.1057702742519,272.0,7,99.0,False,0,6867.731000000001,38.0
89.32533656510262,-1172.0,1973.0,275.0249984,7,99.0,False,0,6867.852000000001,38.0
92.32944444444445,-1148.5390870967146,2005.2156485660032,276.0,7,99.0,False,0,6867.8910000000005,38.0
117.35890379878107,-1044.0,2150.0,280.45833244444447,7,99.0,False,0,6868.212,38.0
120.42944444444446,-1031.4226144758284,2167.336214022301,281.0,7,99.0,False,0,6868.251,38.0
136.26277777777779,-956.245114672063,2270.4124674542995,285.0,7,100.0,False,0,6868.451,38.0
145.91021041151674,-904.0,2342.0,286.5124992,7,100.0,False,0,6868.572,38.0
155.4627777777778,-848.5419910144312,2418.103692376906,288.0,7,100.0,False,0,6868.691000000001,38.0
158.77217552570133,-829.0,2445.0,288.81999872,7,100.0,False,0,6868.732,38.0
171.685,-753.4595017982565,2549.3649622704174,292.0,7,100.0,False,0,6868.8910000000005,38.0
171.76652179956616,-753.0,2550.0,292.0124992,7,99.9958336,False,0,6868.892000000001,38.0
191.3516666666667,-642.0292663444121,2704.7410512346264,295.0,7,99.0,False,0,6869.131,38.0
193.08104851148983,-630.0,2722.0,295.2249993142857,7,99.07499977142857,False,0,6869.152,38.0
214.52944444444444,-462.5027710862013,2967.2591698138235,298.0,7,100.0,False,0,6869.411,38.0
214.61276230998675,-462.0,2968.0,298.0090903272727,7,100.0,False,0,6869.412,38.0
241.45852357362,-360.0,3120.0,300.91818123636364,7,100.0,False,0,6869.732,38.0
251.44055555555553,-307.39406382717897,3200.256226069664,302.0,7,100.0,False,0,6869.851000000001,38.0
259.88776315953874,-258.0,3275.0,301.57916693333334,7,99.57916693333334,False,0,6869.952,38.0
271.5072222222222,-192.40276091207198,3371.925363802575,301.0,7,99.0,False,0,6870.091,38.0
274.94217241888924,-173.0,3400.0,301.1138887111111,7,99.11388871111112,False,0,6870.1320000000005,38.0
300.11863977572125,-27.0,3604.0,301.94722204444446,7,99.94722204444444,False,0,6870.432000000001,38.0
301.7072222222222,-17.66613115766075,3616.8027772607943,302.0,7,100.0,False,0,6870.451,38.0
318.37388888888887,81.49342298648038,3750.3404479635706,300.0,7,100.0,False,0,6870.651000000001,38.0
318.45707217992384,82.0,3751.0,299.9937504,7,100.0,False,0,6870.652,38.0
331.66277777777776,164.1112204912219,3854.546188080751,299.0,7,100.0,False,0,6870.811000000001,38.0
336.70651234689313,196.0,3893.0,298.2375008,7,100.0,False,0,6870.872,38.0
344.86277777777775,247.89276159148108,3953.4921747194358,297.0,7,100.0,False,0,6870.9710000000005,38.0
353.14874733955867,305.0,4017.0,295.99000064,7,100.0,False,0,6871.072,38.0
361.25166666666655,369.0482659943708,4085.2450009758795,295.0,7,100.0,False,0,6871.171,38.0
369.5142133874254,436.0,4152.0,294.63928594285716,7,100.0,False,0,6871.272,38.0
382.5730919267543,534.0,4236.0,294.06785737142854,7,100.0,False,0,6871.432000000001,38.0
384.1183333333332,545.8354796247204,4245.238340755087,294.0,7,100.0,False,0,6871.451,38.0
398.7775660516144,664.0,4328.0,292.0607149714286,7,100.0,False,0,6871.6320000000005,38.0
406.75166666666655,732.8584818357206,4367.021690369584,291.0,7,100.0,False,0,6871.731000000001,38.0
421.25448119336755,864.0,4426.0,289.0537645754805,7,100.0,False,0,6871.912,38.0
429.07166666666654,935.8052371897656,4451.215978248843,288.0,7,100.0,False,0,6872.01,38.0
438.77270719716483,1033.0,4477.0,286.78000128,7,100.0,False,0,6872.1320000000005,38.0
444.96055555555546,1104.6739516994355,4490.918672472451,286.0,7,100.0,False,0,6872.21,38.0
456.28036296764094,1238.0,4510.0,285.1062496,7,100.0,False,0,6872.353,38.0
470.20499999999987,1360.2105899245016,4518.930953539191,284.0,7,100.0,False,0,6872.530000000001,38.0
478.23796896975887,1429.0,4520.0,282.2904549153075,7,100.0,False,0,6872.633000000001,38.0
488.94944444444434,1534.5002113483913,4519.35532517263,280.0,7,100.0,False,0,6872.771000000001,38.0
498.4064543636536,1632.0,4516.0,279.2375008,7,100.0,False,0,6872.893,38.0
501.3494444444444,1661.7261049199483,4514.283194305298,279.0,7,100.0,False,0,6872.9310000000005,38.0
512.3349882815019,1771.0,4505.0,278.7041664,7,99.7041664,False,0,6873.073,38.0
532.4042888599594,1971.0,4478.0,278.16250026666665,7,99.16250026666667,False,0,6873.3330000000005,38.0
538.416111111111,2031.0910655499883,4469.471441823447,278.0,7,99.0,False,0,6873.411,38.0
544.731943044466,2094.0,4461.0,277.836000256,7,99.081999872,False,0,6873.493,38.0
613.635343773164,2781.0,4463.0,276.038000128,7,99.980999936,False,0,6874.392000000001,38.0
615.0827777777777,2797.124690264968,4466.447478813486,276.0,7,100.0,False,0,6874.411,38.0
627.2605555555555,2935.3719406885048,4501.613448180068,274.0,7,100.0,False,0,6874.571,38.0
634.9497834574472,3010.0,4523.0,274.0,7,100.0,False,0,6874.6720000000005,38.0
651.616111111111,3133.2404418676506,4567.129253681092,274.0,7,100.0,False,0,6874.8910000000005,38.0
654.7306095896223,3165.0,4583.0,273.79500032,7,100.0,False,0,6874.932000000001,38.0
666.7827777777777,3333.1340501855807,4677.439427001991,273.0,7,100.0,False,0,6875.091,38.0
674.4050443402543,3428.0,4734.0,272.43888924444445,7,100.0,False,0,6875.192,38.0
693.8827777777776,3522.9457856956847,4801.017573002153,271.0,7,100.0,False,0,6875.451,38.0
699.9819384777251,3550.0,4825.0,271.0,7,100.0,False,0,6875.532,38.0
717.9716666666666,3681.9033837707934,4941.323814495042,271.0,7,100.0,False,0,6875.771000000001,38.0
725.541586526273,3742.0,4997.0,270.57916693333334,7,100.0,False,0,6875.872,38.0
735.9716666666666,3817.7327765867285,5071.719732654038,270.0,7,100.0,False,0,6876.011,38.0
743.6034925039726,3871.0,5126.0,270.50499968,7,95.96000255999999,False,0,6876.112,38.0
751.0272222222221,3924.439068142274,5180.434290085456,271.0,7,92.0,False,0,6876.211,38.0
751.101416213456,3925.0,5181.0,270.937504,7,91.6687712,False,0,6876.212,38.0
762.6272222222221,4021.062124617556,5275.9423416423915,261.0,7,39.0,True,0,6876.371,38.0
772.1152216154976,4102.0,5354.0,245.49000704,7,13.620011520000002,True,0,6876.512000000001,38.0
775.9049999999999,4130.755875134976,5381.334437088439,239.0,7,3.0,True,0,6876.571,38.0
792.7049999999999,4241.597336672645,5483.633467028714,216.0,7,0.0,True,0,6876.851000000001,38.0
792.7620432622533,4242.0,5484.0,215.90500608,7,0.0,True,0,6876.852000000001,38.0
800.545130539664,4302.0,5538.0,202.60500608,7,0.0,True,0,6876.992,38.0
803.6494444444444,4331.465503038739,5563.631611690189,197.0,7,0.0,True,0,6877.051,38.0
815.1827777777777,4466.621636657431,5676.988749768502,173.0,7,0.0,True,0,6877.291,38.0
818.8869963494462,4499.0,5704.0,168.9500032,7,0.0,True,0,6877.372,38.0
825.916111111111,4533.093917909361,5732.74406977903,161.0,5,0.0,True,0,6877.531,38.0
832.5814005040172,4560.0,5754.0,154.15750272,5,0.0,True,0,6877.692,38.0
841.916111111111,4638.939395622176,5811.998410738049,144.0,3,0.0,True,0,6877.9310000000005,38.0
843.4969460272534,4652.0,5821.0,142.56500224,3,0.0,True,0,6877.972000000001,38.0
845.0339727158498,4664.0,5829.0,141.16500224,3,0.0,True,0,6878.012000000001,38.0
849.5272222222221,4699.210030541434,5850.129351916938,137.0,3,0.0,True,0,6878.131,38.0
858.7872605885848,4787.0,5884.0,128.843752,3,0.0,True,0,6878.392000000001,38.0
860.816111111111,4812.341431726013,5889.510894029047,127.0,2,0.0,True,0,6878.451,38.0
865.598350034728,4874.0,5899.0,122.74874701547834,2,0.0,True,0,6878.592000000001,38.0
867.5047222222221,4894.637038480159,5901.050848399423,121.0,2,0.0,True,0,6878.650000000001,38.0
877.3713888888888,4977.125489729988,5896.123620581604,111.0,2,0.0,True,0,6878.97,38.0
877.4627204525445,4978.0,5896.0,110.9625024,2,0.0,True,0,6878.973,38.0
881.1138282642606,5015.0,5890.0,109.4625024,2,0.0,True,0,6879.093000000001,38.0
882.2158333333332,5026.094248022299,5887.618153198244,109.0,2,0.0,True,0,6879.13,38.0
888.4925306946318,5087.0,5868.0,103.94330847249829,2,0.0,True,0,6879.353,38.0
894.3433333333331,5140.6330690723125,5841.243016705733,99.0,2,0.0,False,0,6879.571,38.0
894.9353233347504,5146.0,5838.0,98.77999872,2,0.44000256,False,0,6879.593000000001,38.0
899.732222222222,5189.556801091751,5807.8230646441025,97.0,2,4.0,False,0,6879.771000000001,38.0
901.4033357808228,5204.0,5796.0,97.0,2,5.5500032,False,0,6879.8330000000005,38.0
905.121111111111,5233.934198172493,5767.618223017824,97.0,2,9.0,False,0,6879.9710000000005,38.0
909.4322222222221,5264.249798496796,5732.850018258751,97.0,2,30.0,False,0,6880.131,38.0
912.2009786143755,5280.0,5713.0,97.6375008,2,32.8687536,False,0,6880.233,38.0
918.232222222222,5304.391735928848,5676.597238489015,99.0,2,39.0,False,0,6880.451,38.0
922.2726446234318,5322.0,5635.0,101.93749866666667,2,42.5249984,False,0,6880.592000000001,38.0
925.1655555555554,5338.139889148756,5589.678689520003,104.0,2,45.0,False,0,6880.691000000001,38.0
928.7544696644582,5356.0,5536.0,105.34444373333334,2,46.0083328,False,0,6880.812,38.0
935.9655555555554,5365.284785956048,5499.789617273203,108.0,2,48.0,False,0,6881.051,38.0
937.8159589779044,5367.0,5489.0,108.60999936,2,48.0,False,0,6881.112,38.0
942.0766666666666,5373.785669404287,5449.063244722879,110.0,2,48.0,False,0,6881.251,38.0
945.2560991717096,5379.0,5415.0,112.5249984,2,54.312495999999996,False,0,6881.352000000001,38.0
949.81,5384.311803340346,5369.819358506797,116.0,2,63.0,False,0,6881.491,38.0
950.5234912714027,5385.0,5363.0,116.89999725714286,2,63.374998857142856,False,0,6881.512000000001,38.0
957.6192203420477,5391.0,5295.0,125.47142582857143,2,66.94642742857143,False,0,6881.712,38.0
959.7655555555555,5393.014796376358,5272.0087566140755,128.0,2,68.0,False,0,6881.771000000001,38.0
965.5877777777777,5400.210633634454,5202.668180285104,131.0,2,25.0,False,0,6881.9310000000005,38.0
967.0283631120536,5403.0,5184.0,129.5906272,2,21.79688,False,0,6881.972000000001,38.0
976.2544444444443,5432.413164194161,5054.602762697675,120.0,2,0.0,True,0,6882.251,38.0
978.2106302769585,5440.0,5031.0,118.2208352,2,0.0,True,0,6882.312,38.0
983.7877777777776,5463.235161318271,4977.328516479267,113.0,2,0.0,True,0,6882.491,38.0
989.5099999999998,5486.89964199677,4938.160511822297,103.0,2,0.0,True,0,6882.691000000001,38.0
989.5375385699576,5487.0,4938.0,102.96500224,2,0.0,True,0,6882.692,38.0
994.8433333333331,5504.042293186871,4912.209603522652,96.0,2,0.0,True,0,6882.8910000000005,38.0
997.4221133844287,5515.0,4898.0,94.1062512,2,0.0,True,0,6882.992,38.0
1002.8433333333331,5550.683838289916,4856.240306511961,90.0,1,0.0,True,0,6883.211,38.0
1005.8145933108005,5573.0,4833.0,88.79000064,1,0.0,True,0,6883.332,38.0
1007.732222222222,5587.433430743067,4819.377623358215,88.0,1,0.0,True,0,6883.411,38.0
1011.0894468616235,5613.0,4798.0,86.2375008,1,0.0,True,0,6883.552000000001,38.0
1013.3988888888887,5630.88660066378,4785.113758611551,85.0,1,0.0,True,0,6883.651000000001,38.0
1015.7153384154931,5652.0,4772.0,83.1062512,1,0.0,True,0,6883.752,38.0
1017.0433333333332,5667.062866698952,4763.512417721784,82.0,1,0.0,True,0,6883.811000000001,38.0
1019.6983024767162,5699.0,4747.0,80.31944533333333,1,0.0,True,0,6883.932000000001,38.0
1024.743333333333,5736.503430251081,4734.245144243831,77.0,1,0.0,False,0,6884.171,38.0
1026.0119066486373,5746.0,4733.0,76.4281256,1,0.5718744,False,0,6884.232,38.0
1031.321111111111,5796.764085659986,4732.425145934538,74.0,1,3.0,False,0,6884.491,38.0
1031.7461736988462,5801.0,4733.0,73.92500022857143,1,4.799994514285714,False,0,6884.512000000001,38.0
1035.7795409176363,5840.0,4744.0,73.21071451428571,1,21.942851657142857,False,0,6884.712,38.0
1036.9988888888886,5851.053090791742,4748.986303122005,73.0,1,27.0,False,0,6884.771000000001,38.0
1039.564977572532,5873.0,4761.0,74.890624,1,28.1343744,False,0,6884.892000000001,38.0
1043.932222222222,5907.838864426251,4784.389827390519,78.0,1,30.0,False,0,6885.091,38.0
1044.8450924838494,5916.0,4791.0,78.5146434103047,1,32.23012144465367,False,0,6885.1320000000005,38.0
1049.309722222222,5960.996740036366,4832.321336655835,81.0,1,43.0,False,0,6885.33,38.0
1050.724100547804,5973.0,4844.0,81.61999872,1,45.16999552,False,0,6885.392000000001,38.0
1053.9208333333331,5992.238480327024,4863.467411488717,83.0,1,50.0,False,0,6885.530000000001,38.0
1058.3734344346642,6012.0,4887.0,87.57500160000001,1,56.40500224,False,0,6885.713000000001,38.0
1058.809722222222,6014.23779632039,4889.8930729741005,88.0,1,57.0,False,0,6885.7300000000005,38.0
1066.6152777777775,6058.672290450481,4950.549537390102,100.0,1,69.0,False,0,6886.011,38.0
1066.6737304464887,6059.0,4951.0,100.0999936,1,69.0124992,False,0,6886.013,38.0
1068.442974597844,6069.0,4965.0,103.1000064,1,69.3875008,False,0,6886.073,38.0
1071.4152777777774,6088.345563066707,4996.21152246985,108.0,1,70.0,False,0,6886.171,38.0
1077.8041666666663,6134.184427984295,5081.2843188898005,115.0,2,71.0,False,0,6886.371,38.0
1080.41260486731,6147.0,5106.0,115.0,2,73.562496,False,0,6886.453,38.0
1082.9152777777774,6154.918429549012,5121.739468429275,115.0,2,76.0,False,0,6886.531,38.0
1089.6930555555552,6166.815369101996,5149.549792326688,122.0,2,78.0,False,0,6886.731000000001,38.0
1089.7649236255863,6167.0,5150.0,122.1055488,2,78.0333312,False,0,6886.733,38.0
1098.22412387098,6196.0,5224.0,133.71667342222221,2,81.70000213333333,False,0,6886.953,38.0
1103.7930555555552,6218.476136867135,5290.967218305456,141.0,2,84.0,False,0,6887.091,38.0
1110.338927965986,6242.0,5367.0,143.0124992,2,85.20749952,False,0,6887.252,38.0
1120.0152777777773,6260.874274794446,5435.69718670334,146.0,3,87.0,False,0,6887.491,38.0
1122.4418543872548,6266.0,5456.0,146.0,3,87.0,False,0,6887.552000000001,38.0
1126.5041666666662,6276.111866598538,5496.416837689925,146.0,3,87.0,False,0,6887.651000000001,38.0
1131.0946290086129,6287.0,5542.0,158.624992,3,89.5249984,False,0,6887.752,38.0
1133.881944444444,6292.810516571843,5568.195812352949,166.0,3,91.0,False,0,6887.811000000001,38.0
1142.6089244880664,6309.0,5654.0,173.23999744,3,91.0,False,0,6887.992,38.0
1143.5486111111106,6310.68994222325,5664.592305042882,174.0,4,91.0,False,0,6888.011,38.0
1151.7212221855139,6324.0,5762.0,180.0374976,4,93.515624,False,0,6888.1720000000005,38.0
1160.081944444444,6330.987315128955,5848.812040054761,186.0,4,96.0,False,0,6888.331,38.0
1165.5048231371816,6332.0,5907.0,191.6812464,4,96.0,False,0,6888.432000000001,38.0
1168.7486111111107,6331.387729857648,5944.586681230995,195.0,4,96.0,False,0,6888.491,38.0
1182.7488258959718,6321.0,6108.0,205.24249728,4,97.80749952,False,0,6888.732,38.0
1192.3041666666663,6309.4811318448565,6194.413797825749,212.0,4,99.0,False,0,6888.8910000000005,38.0
1204.4152777777774,6289.541995454014,6286.70294486439,218.0,5,100.0,False,0,6889.091,38.0
1208.1471794158813,6282.0,6317.0,219.0166656,5,100.0,False,0,6889.152,38.0
1219.2864141648427,6250.0,6423.0,222.0166656,5,100.0,False,0,6889.332,38.0
1226.8152777777773,6204.578092439583,6533.575636444766,224.0,5,100.0,False,0,6889.451,38.0
1232.0260047475467,6170.0,6609.0,227.18214034285714,5,99.71071451428571,False,0,6889.532,38.0
1245.093055555555,6095.579650091812,6741.431475330243,235.0,5,99.0,False,0,6889.731000000001,38.0
1255.8834669394028,6048.0,6813.0,239.69583146666668,5,99.67083306666666,False,0,6889.892000000001,38.0
1261.2263888888883,6029.242886633474,6841.788876673885,242.0,6,100.0,False,0,6889.9710000000005,38.0
1280.3597222222218,5965.797157582551,6930.02158965599,246.0,6,100.0,False,0,6890.251,38.0
1288.7424237175892,5894.0,7004.0,248.41999872,6,100.0,False,0,6890.372,38.0
1294.2486111111107,5827.1870708526585,7069.060597053608,250.0,6,100.0,False,0,6890.451,38.0
1301.3215108733325,5742.0,7150.0,250.9468744,6,100.0,False,0,6890.552000000001,38.0
1316.7374999999995,5662.622208819412,7219.866645300288,253.0,6,100.0,False,0,6890.771000000001,38.0
1325.2506848262167,5622.0,7251.0,253.0,6,100.0,False,0,6890.892000000001,38.0
1327.981944444444,5603.379955066504,7265.502761041278,253.0,6,100.0,False,0,6890.9310000000005,38.0
1337.780484787379,5522.0,7329.0,253.5035712,6,100.0,False,0,6891.072,38.0
1347.7374999999997,5444.335149246427,7388.2586435578505,254.0,6,100.0,False,0,6891.211,38.0
1350.808258571489,5421.0,7406.0,259.3812416,6,100.0,False,0,6891.252,38.0
1359.959722222222,5350.427091514828,7459.85669960874,275.0,6,100.0,False,0,6891.371,38.0
1364.6802139809538,5314.0,7488.0,275.91499904,6,100.0,False,0,6891.432000000001,38.0
1381.8082145411406,5182.0,7593.0,279.21499904,6,100.0,False,0,6891.652,38.0
1391.181944444444,5100.927924636208,7659.631014564348,281.0,7,100.0,False,0,6891.771000000001,38.0
1408.8762040504118,4947.0,7788.0,286.5732234783,7,100.0,False,0,6891.993,38.0
1410.2355555555553,4936.6397394683645,7796.626488666283,287.0,7,100.0,False,0,6892.01,38.0
1418.4757217308038,4874.0,7849.0,287.85833386666667,7,100.0,False,0,6892.113,38.0
1429.502222222222,4764.216611640786,7942.975384091194,289.0,7,100.0,False,0,6892.25,38.0
1442.5688888888885,4629.984307278977,8059.076941624633,294.0,7,100.0,False,0,6892.410000000001,38.0
1444.4604940512756,4615.0,8072.0,294.31292608622965,7,100.0,False,0,6892.433,38.0
1471.078145515883,4477.0,8190.0,298.66666821466384,7,100.0,False,0,6892.753000000001,38.0
1479.3188888888885,4418.828402253049,8239.807907115552,300.0,7,100.0,False,0,6892.851000000001,38.0
1489.6285437231147,4337.0,8310.0,302.541664,7,100.0,False,0,6892.973,38.0
1499.652222222222,4260.925341031301,8375.355079664607,305.0,8,100.0,False,0,6893.091,38.0
1508.356797910385,4196.0,8431.0,306.13333475555555,8,100.0,False,0,6893.193,38.0
1523.812286020059,4080.0,8530.0,308.1333319111111,8,100.0,False,0,6893.3730000000005,38.0
1530.5522222222219,4029.239561700966,8573.651681717487,309.0,8,100.0,False,0,6893.451,38.0
1546.38109969817,3910.0,8677.0,311.06818327272725,8,100.0,False,0,6893.633000000001,38.0
1567.2719980005115,3753.0,8814.0,313.78409018181816,8,100.0,False,0,6893.872,38.0
1568.9299999999998,3740.5301433624763,8824.960780398329,314.0,8,100.0,False,0,6893.8910000000005,38.0
1582.8855555555554,3635.654618945744,8917.424132354634,314.0,8,100.0,False,0,6894.051,38.0
1582.9728902206734,3635.0,8918.0,314.0062496,8,100.0,False,0,6894.052000000001,38.0
1596.8855555555554,3530.9445526064133,9009.287736961032,315.0,8,100.0,False,0,6894.211,38.0
1600.478082005833,3504.0,9033.0,315.17083306666666,8,100.0,False,0,6894.252,38.0
1616.2793164332202,3385.0,9138.0,315.92083306666666,8,100.0,False,0,6894.432000000001,38.0
1617.952222222222,3372.421019848654,9148.989586983545,316.0,8,100.0,False,0,6894.451,38.0
1630.3999863411545,3279.0,9230.0,317.1749994666667,8,100.0,False,0,6894.592000000001,38.0
1639.1522222222218,3213.144843766479,9287.296950629381,318.0,8,100.0,False,0,6894.691000000001,38.0
1695.7693719521021,2786.0,9661.0,318.0,8,99.05735303529411,False,0,6895.332,38.0
1699.2188888888888,2760.510615806009,9682.922324411451,318.0,8,99.0,False,0,6895.371,38.0
1709.9274323275881,2679.0,9753.0,318.3361109333333,8,99.33611093333333,False,0,6895.492,38.0
1731.1188888888887,2485.2441681195755,9922.497808083737,319.0,8,100.0,False,0,6895.731000000001,38.0
1743.6549231912443,2385.0,10011.0,319.70499968,8,99.29500032,False,0,6895.872,38.0
1748.8966666666665,2351.5446726280516,10040.660148660241,320.0,8,99.0,False,0,6895.9310000000005,38.0
1766.7099090733157,2256.0,10126.0,319.3718752,8,99.0,False,0,6896.1320000000005,38.0
1777.2522222222221,2187.016053207933,10187.924834984035,319.0,8,99.0,False,0,6896.251,38.0
1787.9853300943125,2110.0,10257.0,319.60499968,8,99.0,False,0,6896.372,38.0
1795.0299999999997,2058.842032357878,10302.731188132695,320.0,8,99.0,False,0,6896.451,38.0
1802.3010318271527,2006.0,10350.0,319.4214290285714,8,84.24644022857143,False,0,6896.532,38.0
1819.763333333333,1876.0774393510787,10466.707537726104,318.0,8,48.0,True,0,6896.731000000001,38.0
1827.8538482017502,1811.0,10523.0,305.0944526222222,8,36.216674133333335,True,0,6896.832,38.0
1842.641608913918,1685.0,10626.0,279.53889706666666,8,12.8833408,True,0,6897.032,38.0
1846.9633333333331,1648.524941713297,10655.777403144479,272.0,8,6.0,True,0,6897.091,38.0
1851.4367662253853,1608.0,10687.0,268.187504,8,5.6187504,True,0,6897.152,38.0
1858.6077777777775,1529.117915591958,10739.743506498258,262.0,8,5.0,True,0,6897.251,38.0
1872.163333333333,1345.6546042968253,10843.118464273635,244.0,8,4.0,True,0,6897.451,38.0
1877.2247722194713,1294.0,10870.0,237.4187552,8,4.1687498666666665,True,0,6897.532,38.0
1894.105032358024,1202.0,10904.0,213.0437552,8,4.7937498666666665,True,0,6897.832,38.0
1899.4966666666662,1151.7666853917303,10919.646216569578,205.0,5,5.0,True,0,6897.9310000000005,38.0
1902.814134024551,1116.0,10929.0,200.8062544,5,4.6187504,True,0,6897.992,38.0
1908.1188888888885,1054.8390630951078,10939.86957976836,194.0,5,4.0,True,0,6898.091,38.0
1922.070351687533,887.0,10949.0,179.9500032,5,4.8781248,True,0,6898.372,38.0
1923.9411111111108,869.6474458035369,10949.174553551315,178.0,4,5.0,True,0,6898.411,38.0
1934.3868061416085,789.0,10946.0,169.6749952,4,5.0,True,0,6898.633000000001,38.0
1935.2077777777774,781.9451200160997,10945.406745101349,169.0,4,5.0,True,0,6898.651000000001,38.0
1942.274444444444,713.9158638334768,10937.512051871421,160.0,3,5.0,True,0,6898.81,38.0
1945.0067738471303,687.0,10932.0,158.62616655474972,3,5.1962619207500405,True,0,6898.8730000000005,38.0
1952.6452962043977,614.0,10908.0,154.70093770984428,3,5.757008898593675,True,0,6899.053,38.0
1955.916944444444,583.0215800556749,10895.185666727273,153.0,3,6.0,True,0,6899.131,38.0
1961.000786013453,536.0,10873.0,150.56000256,3,6.0,True,0,6899.253000000001,38.0
1964.1947222222218,507.75457263769806,10857.737635963274,149.0,3,6.0,False,0,6899.331,38.0
1970.6248741702582,454.0,10823.0,145.40000284444446,3,10.499996444444445,False,0,6899.493,38.0
1978.2947222222217,397.76568667378746,10773.254816029596,141.0,3,16.0,False,0,6899.691000000001,38.0
1979.1488423349315,392.0,10767.0,140.9312496,3,17.375008,False,0,6899.713000000001,38.0
1987.7078033129733,339.0,10697.0,140.2437504,3,31.124992,False,0,6899.933,38.0
1990.739166666666,322.4234367521078,10670.837883427157,140.0,3,36.0,False,0,6900.011,38.0
1994.6964251852542,302.0,10636.0,140.0,3,36.72857234285714,False,0,6900.113,38.0
1999.3573324651784,279.0,10594.0,140.0,3,37.5857152,False,0,6900.233,38.0
2001.628055555555,268.65790526026495,10573.231678431197,140.0,3,38.0,False,0,6900.291,38.0
2010.3906285345429,235.0,10492.0,142.36785645714286,3,45.89285485714286,False,0,6900.512000000001,38.0
2012.750277777777,227.83534930715808,10470.147934340675,143.0,3,48.0,False,0,6900.571,38.0
2020.8381480316261,209.0,10394.0,144.67499946666666,3,55.25833102222222,False,0,6900.772,38.0
2027.350277777777,199.43436478609345,10329.086324686687,146.0,3,61.0,False,0,6900.9310000000005,38.0
2030.723497936497,196.0,10295.0,147.73571291428573,3,62.73571291428571,False,0,6901.012000000001,38.0
2038.3556937439616,191.0,10218.0,151.59285577142856,3,66.59285577142857,False,0,6901.192,38.0
2039.1724999999992,190.59484638991893,10209.815837158201,152.0,3,67.0,False,0,6901.211,38.0
2042.6786959069275,189.0,10175.0,153.68749866666667,3,67.67499946666666,False,0,6901.292,38.0
2049.639166666666,185.61797889322483,10106.220127621413,157.0,3,69.0,False,0,6901.451,38.0
2050.5609120830068,185.0,10096.0,157.0,3,62.7000192,False,0,6901.472000000001,38.0
2058.361388888888,177.4672687843072,9993.12657677355,157.0,3,9.0,True,0,6901.651000000001,38.0
2066.641139171576,163.0,9877.0,151.06136552727273,3,8.086363927272727,True,0,6901.852000000001,38.0
2075.961388888888,136.05853851699322,9788.330966987407,144.0,3,7.0,True,0,6902.091,38.0
2082.0663937185464,120.0,9751.0,139.4718768,3,6.4968752,True,0,6902.252,38.0
2087.961388888888,110.43734117962293,9727.137150285813,135.0,3,6.0,True,0,6902.411,38.0
2093.0796963873286,93.0,9699.0,132.06250133333333,3,4.825000533333333,True,0,6902.552000000001,38.0
2096.6280555555545,68.58638556883132,9666.378163356385,130.0,3,4.0,True,0,6902.651000000001,38.0
2103.6836111111097,2.323579957924964,9586.765116207951,127.0,3,4.0,True,0,6902.851000000001,38.0
2104.4074666501524,-4.0,9580.0,126.343752,3,3.7375008,True,0,6902.872,38.0
2109.105833333332,-41.49161296140895,9544.670199443875,122.0,2,2.0,True,0,6903.011,38.0
2118.816663370634,-106.0,9505.0,116.3562512,2,0.11875040000000014,True,0,6903.312,38.0
2119.4169444444433,-109.96897370019448,9502.804098345146,116.0,2,0.0,True,0,6903.331,38.0
2125.694722222221,-152.78646495236524,9480.601841464799,113.0,2,0.0,False,0,6903.531,38.0
2127.615779334992,-168.0,9474.0,113.0,2,0.0,False,0,6903.592000000001,38.0
2131.972499999999,-207.6663812781713,9459.320450755265,113.0,2,0.0,True,0,6903.731000000001,38.0
2133.84383169582,-226.0,9454.0,111.78000128,2,0.0,True,0,6903.792,38.0
2138.028055555554,-268.0619528192864,9445.748379546058,109.0,2,0.0,False,0,6903.9310000000005,38.0
2141.026444228026,-297.0,9442.0,107.91785782857143,2,0.0,False,0,6904.032,38.0
2146.2724999999987,-342.56337985045576,9438.501111583499,106.0,2,0.0,False,0,6904.211,38.0
2149.7849969144604,-385.0,9446.0,105.13571474285715,2,3.0249984,False,0,6904.332,38.0
2154.3613888888876,-462.3618887370979,9471.753741306258,104.0,2,7.0,False,0,6904.491,38.0
2154.9626155143974,-471.0,9475.0,103.91250026666667,2,9.012493866666667,False,0,6904.512000000001,38.0
2161.2280555555544,-517.196920000237,9497.023374700044,103.0,2,30.0,False,0,6904.731000000001,38.0
2167.1163356212824,-540.0,9518.0,105.00999936,2,38.03999744,False,0,6904.932000000001,38.0
2173.116944444443,-584.9891604693008,9555.370851341186,107.0,2,46.0,False,0,6905.131,38.0
2173.7918265718545,-590.0,9560.0,107.40000232727273,2,46.200001163636365,False,0,6905.153,38.0
2180.0320615993514,-631.0,9605.0,111.03636596363637,2,48.018182981818185,False,0,6905.353,38.0
2185.2271968424698,-660.0,9646.0,113.94545687272728,2,49.47272843636364,False,0,6905.513,38.0
2187.1724999999988,-670.0514199723798,9661.33373267662,115.0,2,50.0,False,0,6905.571,38.0
2190.673679224588,-687.0,9689.0,117.28158181052632,2,52.95263528421053,False,0,6905.673000000001,38.0
2215.0391666666656,-762.549779350187,9902.029677704466,132.0,2,72.0,False,0,6906.331,38.0
2215.869371226745,-764.0,9910.0,132.687504,2,72.2750016,False,0,6906.353,38.0
2221.1280555555545,-771.4144868979876,9961.097509432395,137.0,2,74.0,False,0,6906.491,38.0
2222.7772127763983,-773.0,9977.0,138.4437456,2,75.312496,False,0,6906.533,38.0
2234.28361111111,-775.3368687402758,10086.832812932096,148.0,3,84.0,False,0,6906.811000000001,38.0
2235.2283075999185,-775.0,10096.0,148.86429074285715,3,84.31428754285714,False,0,6906.8330000000005,38.0
2243.1296401033446,-770.0,10172.0,155.93570925714286,3,86.88571245714286,False,0,6907.013,38.0
2246.650277777777,-767.1960769984563,10202.500517601802,159.0,3,88.0,False,0,6907.091,38.0
2254.9982305124063,-754.0,10287.0,165.33499776,3,90.71499904,False,0,6907.272,38.0
2255.872499999999,-751.3488759649591,10299.741868604195,166.0,3,91.0,False,0,6907.291,38.0
2262.3542047783285,-727.0,10406.0,166.0,3,94.5249984,False,0,6907.432000000001,38.0
2263.250277777777,-723.9778282291982,10418.387063153781,166.0,3,95.0,False,0,6907.451,38.0
2273.139166666666,-699.7265700474406,10505.828692396153,178.0,4,100.0,False,0,6907.651000000001,38.0
2286.947045525582,-670.0,10582.0,187.24374773333332,4,100.0,False,0,6907.912,38.0
2295.810292475371,-638.0,10662.0,192.9104144,4,100.0,False,0,6908.072,38.0
2299.139166666666,-618.5085683134546,10706.896380101058,195.0,4,100.0,False,0,6908.131,38.0
2309.5522387685214,-550.0,10858.0,204.8041632,4,99.2458336,False,0,6908.312,38.0
2313.0058333333327,-537.1065350048945,10885.256304692415,208.0,5,99.0,False,0,6908.371,38.0
2326.1845451225336,-512.0,10931.0,213.5249984,5,99.6906248,False,0,6908.592000000001,38.0
2332.2058333333325,-487.8664026032433,10976.767044998474,216.0,5,100.0,False,0,6908.691000000001,38.0
2339.661153569253,-451.0,11047.0,220.23499776,5,100.0,False,0,6908.812,38.0
2344.594722222221,-427.303442476443,11091.397084751474,223.0,5,100.0,False,0,6908.8910000000005,38.0
2357.316944444444,-367.0982424353912,11199.830835312925,229.0,5,100.0,False,0,6909.091,38.0
2359.951407566682,-354.0,11222.0,229.73214171428572,5,100.0,False,0,6909.1320000000005,38.0
2369.007558459671,-307.0,11298.0,232.23214171428572,5,100.0,False,0,6909.272,38.0
2375.516944444444,-271.8831760023659,11352.297453131912,234.0,6,100.0,False,0,6909.371,38.0
2382.2669152585677,-235.0,11407.0,237.156248,6,100.0,False,0,6909.472000000001,38.0
2393.1553303944074,-172.0,11494.0,242.156248,6,100.0,False,0,6909.6320000000005,38.0
2397.205833333333,-142.73314605754007,11532.004456364704,244.0,6,100.0,False,0,6909.691000000001,38.0
2416.6502777777773,17.17891960346141,11728.630064699446,250.0,6,100.0,False,0,6909.9710000000005,38.0
2418.121487823543,26.0,11739.0,250.34999893333332,6,100.0,False,0,6909.992,38.0
2433.5836111111103,89.12139695137586,11807.80876206665,254.0,6,100.0,False,0,6910.211,38.0
2436.510294163282,102.0,11821.0,255.0249984,6,100.0,False,0,6910.252,38.0
2445.0502777777774,147.91190015686158,11867.790806429512,258.0,6,100.0,False,0,6910.371,38.0
2459.4947222222218,261.4632451698776,11977.040123316328,260.0,6,100.0,False,0,6910.571,38.0
2461.028523060141,277.0,11991.0,260.5249984,6,100.0,False,0,6910.592000000001,38.0
2474.2169444444444,431.36942679578027,12123.95499769448,265.0,7,100.0,False,0,6910.771000000001,38.0
2478.717215449248,477.0,12162.0,265.3812496,7,100.0,False,0,6910.832,38.0
2486.0391666666665,533.319225485372,12207.596185179515,266.0,7,100.0,False,0,6910.9310000000005,38.0
2507.0391666666665,634.8684831618903,12277.64533080476,270.0,7,100.0,False,0,6911.211,38.0
2508.6215113090034,646.0,12285.0,270.1749994666667,7,100.0,False,0,6911.232,38.0
2519.1847455487086,734.0,12342.0,271.3416661333333,7,100.0,False,0,6911.372,38.0
2525.1725,785.5614009698284,12372.10223919628,272.0,7,100.0,False,0,6911.451,38.0
2531.3384890955554,839.0,12401.0,272.89999928888886,7,100.0,False,0,6911.532,38.0
2546.7523337691055,977.0,12469.0,275.1333319111111,7,100.0,False,0,6911.733,38.0
2552.7725,1031.5756264791758,12493.597956375825,276.0,7,100.0,False,0,6911.811000000001,38.0
2565.1725,1144.9809938840087,12540.667162910117,279.0,7,100.0,False,0,6911.9710000000005,38.0
2573.072338844297,1219.0,12568.0,279.0,7,100.0,False,0,6912.073,38.0
2579.264142852572,1278.0,12588.0,279.0,7,100.0,False,0,6912.153,38.0
2586.8724999999995,1350.502373462403,12611.34943643914,279.0,7,100.0,False,0,6912.251,38.0
2602.483611111111,1499.495890142185,12655.578580307612,281.0,7,100.0,False,0,6912.451,38.0
2602.6400729574116,1501.0,12656.0,281.0083328,7,100.0,False,0,6912.453,38.0
2615.17346790263,1622.0,12688.0,281.6749994666667,7,100.0,False,0,6912.613,38.0
2621.283611111111,1680.9410469395907,12701.69878106497,282.0,7,100.0,False,0,6912.691000000001,38.0
2633.816944444444,1804.3962883903878,12726.698154084039,282.0,7,100.0,False,0,6912.851000000001,38.0
2633.9740199018474,1806.0,12727.0,282.0142848,7,100.0,False,0,6912.853,38.0
2654.4853437116312,2025.0,12764.0,283.87142948571426,7,100.0,False,0,6913.113,38.0
2655.905833333333,2040.4382170502486,12766.334458177607,284.0,7,100.0,False,0,6913.131,38.0
2665.5246652657543,2144.0,12781.0,284.0,7,100.0,False,0,6913.253000000001,38.0
2674.839166666666,2237.8871598003993,12792.248282759327,284.0,7,100.0,False,0,6913.371,38.0
2682.919308984712,2317.0,12801.0,284.72857234285715,7,99.63571382857143,False,0,6913.473,38.0
2697.0836111111107,2457.401864367248,12816.822847371506,286.0,7,99.0,False,0,6913.651000000001,38.0
2697.243211720157,2459.0,12817.0,286.0166656,7,99.0083328,False,0,6913.653,38.0
2716.28361111111,2650.9693912199427,12837.545916530498,288.0,7,100.0,False,0,6913.8910000000005,38.0
2722.7580255303164,2713.0,12844.0,288.0,7,100.0,False,0,6913.972000000001,38.0
2729.0836111111103,2770.6741978450955,12849.944334089858,288.0,7,100.0,False,0,6914.051,38.0
2735.5987205969896,2840.0,12857.0,288.80999936,7,100.0,False,0,6914.1320000000005,38.0
2745.194722222221,2985.19813355547,12871.61487683887,290.0,7,100.0,False,0,6914.251,38.0
2754.933071053791,3128.0,12886.0,290.0,7,99.4958336,False,0,6914.372,38.0
2764.5280555555546,3205.964004893369,12894.020639539698,290.0,7,99.0,False,0,6914.491,38.0
2780.7502777777772,3287.3477620926687,12902.929138174739,292.0,7,100.0,False,0,6914.691000000001,38.0
2780.8313883768155,3288.0,12903.0,292.0,7,99.9964288,False,0,6914.692,38.0
2793.7955334224607,3417.0,12917.0,292.0,7,99.42500022857143,False,0,6914.852000000001,38.0
2803.4613888888885,3511.1201212341093,12927.369993576991,292.0,7,99.0,False,0,6914.9710000000005,38.0
2818.2424743577576,3660.0,12944.0,293.80999936,7,99.90499968,False,0,6915.152,38.0
2819.7947222222215,3678.0730595211753,12946.019607506449,294.0,7,100.0,False,0,6915.171,38.0
2839.394722222222,3918.177645744787,12972.90722596938,294.0,7,100.0,False,0,6915.411,38.0
2839.4765215617426,3919.0,12973.0,294.0062496,7,100.0,False,0,6915.412,38.0
2852.5058333333327,4021.9554141289113,12984.739683466918,295.0,7,100.0,False,0,6915.571,38.0
2862.449135450656,4098.0,12994.0,295.3781248,7,99.6218752,False,0,6915.692,38.0
2877.256130434798,4245.0,13013.0,295.9406248,7,99.0593752,False,0,6915.872,38.0
2878.816944444444,4260.766672270444,13015.109063568594,296.0,7,99.0,False,0,6915.8910000000005,38.0
2892.023348313784,4392.0,13033.0,295.32916693333334,7,99.0,False,0,6916.052000000001,38.0
2898.483611111111,4457.03369184236,13041.723737764612,295.0,7,99.0,False,0,6916.131,38.0
2916.4773252221394,4635.0,13065.0,293.4214290285714,7,99.0,False,0,6916.352000000001,38.0
2921.2724999999996,4678.167841910594,13070.557391190057,293.0,7,99.0,False,0,6916.411,38.0
2935.9762272971657,4829.0,13088.0,292.54750016,7,92.2125024,False,0,6916.592000000001,38.0
2950.5650283034774,5056.0,13109.0,292.09750016,7,85.4625024,False,0,6916.772,38.0
2953.716944444444,5090.745192454735,13111.867512059374,292.0,7,84.0,False,0,6916.811000000001,38.0
2966.605833333333,5162.556977482333,13115.532928283998,290.0,7,68.0,False,0,6916.9710000000005,38.0
2973.08917315179,5199.0,13115.0,288.78500096,7,65.57000192,False,0,6917.052000000001,38.0
2982.550277777777,5275.032216088306,13112.632309770373,287.0,7,62.0,False,0,6917.171,38.0
2996.7724095811077,5429.0,13098.0,283.7678582857143,7,49.71786148571428,False,0,6917.352000000001,38.0
3004.4836111111103,5523.705976336498,13079.188334413688,282.0,7,43.0,False,0,6917.451,38.0
3016.8391666666657,5680.088565328278,13035.462574018424,278.0,7,21.0,False,0,6917.611,38.0
3018.442143951884,5699.0,13029.0,277.4750016,7,22.5093704,False,0,6917.6320000000005,38.0
3040.8391666666657,5923.093743261991,12923.174005456618,270.0,7,44.0,False,0,6917.9310000000005,38.0
3048.33544470108,5980.0,12889.0,268.7375008,7,50.6281208,False,0,6918.032,38.0
3064.4836111111103,6072.335836726947,12824.415779650497,266.0,7,65.0,False,0,6918.251,38.0
3074.828709006368,6134.0,12773.0,264.2249984,7,72.5437568,False,0,6918.393,38.0
3087.772499999999,6230.031726110561,12686.19206721006,262.0,7,82.0,False,0,6918.571,38.0
3090.846108902528,6252.0,12664.0,262.5217377477715,7,83.30434436942882,False,0,6918.613,38.0
3099.579166666666,6308.8925563894245,12599.59236752149,264.0,7,87.0,False,0,6918.732,38.0
3111.3811832270867,6377.0,12505.0,264.0,7,90.46236342081986,False,0,6918.893,38.0
3120.039166666666,6423.670037382741,12427.37226973842,264.0,7,93.0,False,0,6919.011,38.0
3124.5966835077506,6445.0,12390.0,264.3875008,7,94.3562528,False,0,6919.073,38.0
3142.340214427626,6523.0,12228.0,265.8875008,7,99.6062528,False,0,6919.313,38.0
3143.6836111111106,6533.13439305504,12202.718177687559,266.0,7,100.0,False,0,6919.331,38.0
3149.828848680765,6583.0,12075.0,267.36666453333333,7,100.0,False,0,6919.4130000000005,38.0
3170.8836111111104,6629.960099237979,11940.828506498628,272.0,7,100.0,False,0,6919.691000000001,38.0
3175.593002329497,6636.0,11918.0,272.31000064,7,100.0,False,0,6919.753000000001,38.0
3201.328055555555,6705.589500807791,11670.558975941665,274.0,7,100.0,False,0,6920.091,38.0
3201.480729443702,6706.0,11669.0,274.0111104,7,100.0,False,0,6920.093000000001,38.0
3219.767235758273,6750.0,11491.0,275.3388885333333,7,100.0,False,0,6920.332,38.0
3224.3800994548187,6761.0,11446.0,275.6722218666667,7,100.0,False,0,6920.392000000001,38.0
3228.9280555555547,6771.274983184946,11401.794179800532,276.0,7,100.0,False,0,6920.451,38.0
3239.8440999728546,6794.0,11296.0,278.11499904,7,100.0,False,0,6920.592000000001,38.0
3244.4280555555547,6803.303393147796,11251.19120849314,279.0,7,100.0,False,0,6920.651000000001,38.0
3263.161388888888,6839.854370173019,11063.806977554314,281.0,7,100.0,False,0,6920.8910000000005,38.0
3263.2397392888342,6840.0,11063.0,281.0083328,7,100.0,False,0,6920.892000000001,38.0
3277.3819497617383,6865.0,10916.0,282.5083328,7,100.0,False,0,6921.072,38.0
3282.0280555555546,6872.4397866285335,10869.160674530725,283.0,7,100.0,False,0,6921.131,38.0
3294.6502777777773,6890.68830505044,10745.735100961021,284.0,7,100.0,False,0,6921.291,38.0
3297.894047775316,6895.0,10714.0,284.22777742222223,7,100.0,False,0,6921.332,38.0
3305.823866096901,6905.0,10636.0,284.7833329777778,7,100.0,False,0,6921.432000000001,38.0
3320.144127618723,6922.0,10494.0,285.7833329777778,7,100.0,False,0,6921.612,38.0
3323.2502777777772,6925.421184952002,10463.313393359456,286.0,7,100.0,False,0,6921.651000000001,38.0
3337.679569650789,6940.0,10321.0,286.6464283428571,7,100.0,False,0,6921.832,38.0
3345.572499999999,6947.199704054715,10242.13799022737,287.0,7,100.0,False,0,6921.9310000000005,38.0
3358.328055555555,6957.572946115011,10113.81546824123,287.0,7,100.0,False,0,6922.091,38.0
3364.8002490734407,6962.0,10050.0,287.2892854857143,7,100.0,False,0,6922.1720000000005,38.0
3379.2080984422237,6970.0,9907.0,287.93214262857146,7,100.0,False,0,6922.352000000001,38.0
3380.728055555555,6970.767462610611,9890.498124236285,288.0,7,100.0,False,0,6922.371,38.0
3393.5280555555546,6976.754218443174,9739.740650534959,288.0,7,100.0,False,0,6922.531,38.0
3400.028176802954,6979.0,9668.0,288.2892854857143,7,100.0,False,0,6922.612,38.0
3416.0058333333322,6981.686162941026,9523.15533031995,289.0,7,100.0,False,0,6922.811000000001,38.0
3425.654541693408,6983.0,9443.0,287.4875008,7,99.2437504,False,0,6922.932000000001,38.0
3428.761388888888,6983.559071464446,9416.86147911849,287.0,7,99.0,False,0,6922.9710000000005,38.0
3447.894722222221,6989.932277785843,9227.512907434195,287.0,7,99.0,False,0,6923.211,38.0
3449.569579050496,6991.0,9204.0,287.0,7,99.0,False,0,6923.232,38.0
3462.3265848688416,7001.0,9005.0,287.0,7,99.0,False,0,6923.392000000001,38.0
3463.8391666666657,7002.012130440097,8986.559960980869,287.0,7,99.0,False,0,6923.411,38.0
3479.7280555555544,7009.328781288314,8888.169483996307,286.0,7,100.0,False,0,6923.611,38.0
3489.3266718906893,7020.0,8817.0,285.72500014545454,7,100.0,False,0,6923.732,38.0
3511.485872908268,7068.0,8520.0,285.0886365090909,7,100.0,False,0,6924.012000000001,38.0
3514.5613888888884,7073.128822112118,8490.627726508837,285.0,7,100.0,False,0,6924.051,38.0
3536.6522743045944,7106.0,8350.0,283.2437504,7,100.0,False,0,6924.332,38.0
3539.716944444444,7114.844573214064,8317.318884497394,283.0,7,100.0,False,0,6924.371,38.0
3560.2355654911353,7190.0,8047.0,283.0,7,99.06785737142857,False,0,6924.6320000000005,38.0
3561.7280555555553,7193.999959463413,8033.2752493901,283.0,7,99.0,False,0,6924.651000000001,38.0
3582.2744232079413,7234.0,7913.0,282.27222186666665,7,99.72777813333333,False,0,6924.9130000000005,38.0
3589.928055555555,7258.318066397886,7845.56090246385,282.0,7,100.0,False,0,6925.011,38.0
3597.87045362544,7288.0,7766.0,281.3644850570936,7,99.6822425285468,False,0,6925.113,38.0
3611.8579438344327,7341.0,7635.0,280.24299110140635,7,99.12149555070316,False,0,6925.293000000001,38.0
3614.894722222222,7352.047842418124,7608.7219283070235,280.0,7,99.0,False,0,6925.332,38.0
3630.505833333333,7406.28535641103,7481.189532945761,281.0,7,100.0,False,0,6925.532,38.0
3639.9672716223113,7444.0,7372.0,281.0,7,100.0,False,0,6925.653,38.0
3646.038888888889,7471.6465225190095,7281.215522992876,281.0,7,100.0,False,0,6925.731000000001,38.0
3656.990882926766,7517.0,7120.0,278.6333312,7,100.0,False,0,6925.8730000000005,38.0
3664.5055555555555,7531.3154863204945,7062.883891174973,277.0,7,100.0,False,0,6925.9710000000005,38.0
3678.4133221200195,7533.0,7016.0,275.17999872,7,100.0,False,0,6926.153,38.0
3679.783333333333,7532.800508772952,7008.897555301967,275.0,7,100.0,False,0,6926.171,38.0
3726.4995471742336,7492.0,6535.0,270.90789389473684,7,100.0,False,0,6926.793000000001,38.0
3736.783333333333,7470.3018569000515,6429.9266189000855,270.0,7,100.0,False,0,6926.9310000000005,38.0
3754.7217840423054,7425.0,6257.0,268.2785718857143,7,100.0,False,0,6927.1720000000005,38.0
3757.6277777777773,7417.601135328694,6228.915858097333,268.0,7,100.0,False,0,6927.211,38.0
3769.6413938766323,7388.0,6112.0,268.5031248,7,88.4281296,False,0,6927.372,38.0
3781.5388888888883,7363.144256891489,5996.677775182127,269.0,7,77.0,True,0,6927.531,38.0
3781.613834078514,7363.0,5996.0,269.0,7,76.82001152,True,0,6927.532,38.0
3796.483333333333,7337.254606015561,5866.404995228956,269.0,7,41.0,True,0,6927.731000000001,38.0
3800.955611126874,7331.0,5808.0,266.7125024,7,39.4750016,True,0,6927.792,38.0
3808.1722222222215,7322.752962482053,5682.308171875007,263.0,7,37.0,True,0,6927.8910000000005,38.0
3815.5951320755735,7317.0,5567.0,263.0,7,31.3187536,True,0,6927.992,38.0
3819.861111111111,7314.993677356697,5530.623054589796,263.0,7,28.0,True,0,6928.051,38.0
3833.649820770028,7323.0,5486.0,251.0656288,7,29.8843744,True,0,6928.252,38.0
3841.5499999999997,7348.453890881343,5393.048621510217,244.0,6,31.0,True,0,6928.371,38.0
3854.7166666666662,7404.779940969542,5194.692801556752,237.0,6,35.0,False,0,6928.571,38.0
3854.7821873950033,7405.0,5194.0,236.99250048,6,35.01999872,False,0,6928.572,38.0
3876.90325237326,7464.0,5074.0,234.44250048,6,41.81999872,False,0,6928.912,38.0
3880.7166666666667,7481.605429370688,5043.621116201188,234.0,6,43.0,False,0,6928.9710000000005,38.0
3887.2300055769956,7517.0,4982.0,232.7375008,6,44.2624992,False,0,6929.072,38.0
3891.0277777777774,7538.468579780767,4945.424096945265,232.0,6,45.0,False,0,6929.131,38.0
3908.8388888888885,7630.786438901798,4792.358117823462,229.0,6,4.0,True,0,6929.411,38.0
3908.9006829960567,7631.0,4792.0,228.94000384,6,4.01499904,True,0,6929.412,38.0
3917.391923094344,7658.0,4743.0,220.54000384,6,6.11499904,True,0,6929.552000000001,38.0
3920.8944444444437,7677.365686300402,4702.749620353821,217.0,6,7.0,True,0,6929.611,38.0
3930.267086901082,7742.0,4561.0,210.56000256,6,8.60999936,True,0,6929.772,38.0
3932.505555555555,7752.338983895193,4536.725203942047,209.0,5,9.0,True,0,6929.811000000001,38.0
3943.8388888888885,7769.399172354134,4480.124221892815,204.0,5,5.0,False,0,6930.011,38.0
3950.6285741172405,7774.0,4443.0,203.2437504,5,5.0,False,0,6930.1320000000005,38.0
3964.001685240721,7790.0,4312.0,201.7437504,5,5.0,False,0,6930.372,38.0
3970.6388888888882,7788.282652868909,4246.278120499727,201.0,5,5.0,False,0,6930.491,38.0
3974.0461252458463,7785.0,4213.0,201.0,5,5.0,False,0,6930.552000000001,38.0
3979.572222222221,7777.045526414879,4158.5205722127275,201.0,5,5.0,False,0,6930.651000000001,38.0
3986.293936182066,7763.0,4092.0,200.39500032,5,7.11749888,False,0,6930.772,38.0
4001.6833333333325,7714.291087529498,3944.483605504976,199.0,5,12.0,False,0,6931.051,38.0
4002.838129044516,7710.0,3934.0,198.95227287272726,5,15.1499904,False,0,6931.072,38.0
4014.910022506387,7658.0,3826.0,198.45227287272726,5,48.1499904,False,0,6931.292,38.0
4025.8833333333323,7589.159302655822,3715.540573900543,198.0,5,78.0,False,0,6931.491,38.0
4027.1038201856604,7581.0,3704.0,198.4125024,5,78.2750016,False,0,6931.513,38.0
4034.8166666666652,7529.0883524890905,3637.974153080864,201.0,5,80.0,False,0,6931.651000000001,38.0
4048.6741666666653,7436.646171417816,3546.281588702608,207.0,5,89.0,False,0,6931.892000000001,38.0
4051.0500070828457,7421.0,3533.0,207.5124992,5,90.5374976,False,0,6931.933,38.0
4062.6741666666658,7343.336595682361,3475.906274860901,210.0,5,98.0,False,0,6932.1320000000005,38.0
4065.113006467608,7325.0,3464.0,211.17142674285714,5,98.29285668571428,False,0,6932.173000000001,38.0
4079.6297222222215,7199.550649121019,3390.2993515655917,218.0,5,100.0,False,0,6932.412,38.0
4079.6912874629634,7199.0,3390.0,218.02510298909377,5,100.0,False,0,6932.4130000000005,38.0
4090.869923057741,7099.0,3338.0,222.5439366576906,5,100.0,False,0,6932.593000000001,38.0
4094.500833333332,7066.443555801296,3321.197929392705,224.0,5,100.0,False,0,6932.651000000001,38.0
4104.723706553639,6976.0,3272.0,227.23999744,5,99.19000064,False,0,6932.813,38.0
4107.167499999999,6955.368081661414,3259.4638621673953,228.0,5,99.0,False,0,6932.851000000001,38.0
4124.546767714006,6819.0,3161.0,238.29286217142857,5,99.93571474285714,False,0,6933.113,38.0
4125.756388888888,6809.903244906086,3153.346538013158,239.0,6,100.0,False,0,6933.131,38.0
4136.556388888888,6730.421721090662,3080.353575626748,243.0,6,100.0,False,0,6933.291,38.0
4139.41353032146,6710.0,3060.0,243.7874976,6,100.0,False,0,6933.3330000000005,38.0
4146.254072503767,6662.0,3010.0,245.6625024,6,100.0,False,0,6933.433,38.0
4147.489722222223,6653.380323754374,3000.895183280443,246.0,6,100.0,False,0,6933.451,38.0
4164.089722222222,6539.461931557841,2877.5230574591933,249.0,6,100.0,False,0,6933.691000000001,38.0
4164.159411725213,6539.0,2877.0,249.01999872,6,100.0,False,0,6933.692,38.0
4176.795631067905,6458.0,2781.0,252.61999872,6,100.0,False,0,6933.872,38.0
4178.145277777778,6449.68638268974,2770.5189659386474,253.0,6,100.0,False,0,6933.8910000000005,38.0
4192.639908950329,6365.0,2656.0,257.5681803636364,6,100.0,False,0,6934.092000000001,38.0
4204.419768691202,6301.0,2559.0,261.204544,6,100.0,False,0,6934.252,38.0
4210.289722222222,6265.287761521426,2500.2479011038236,263.0,6,100.0,False,0,6934.331,38.0
4229.929528701263,6145.0,2289.0,268.87249856,6,100.0,False,0,6934.592000000001,38.0
4240.5119444444435,6105.568622298928,2215.84054000485,272.0,7,100.0,False,0,6934.731000000001,38.0
4249.781561818223,6074.0,2154.0,274.16071314285716,7,100.0,False,0,6934.852000000001,38.0
4262.056388888888,6020.546074847678,2046.267488775584,277.0,7,100.0,False,0,6935.011,38.0
4268.357538045045,5992.0,1988.0,278.61999872,7,100.0,False,0,6935.092000000001,38.0
4277.6675,5951.4887044214165,1904.6158040644664,281.0,7,100.0,False,0,6935.211,38.0
4284.034788662253,5924.0,1848.0,282.0124992,7,100.0,False,0,6935.292,38.0
4296.600833333334,5868.815955282842,1735.0020402808143,284.0,7,100.0,False,0,6935.451,38.0
4303.033792894486,5841.0,1678.0,285.0124992,7,99.66250026666667,False,0,6935.532,38.0
4315.734166666667,5786.184998455675,1564.9869283507621,287.0,7,99.0,False,0,6935.691000000001,38.0
4317.420481816516,5778.0,1548.0,287.3499989333333,7,99.0,False,0,6935.712,38.0
4335.134166666667,5677.432548396874,1337.8960941308217,291.0,7,99.0,False,0,6935.9310000000005,38.0
4341.746436476943,5645.0,1270.0,292.61999872,7,99.0,False,0,6936.012000000001,38.0
4351.523055555555,5608.996003121814,1194.6822956341887,295.0,7,99.0,False,0,6936.131,38.0
4368.203226592588,5560.0,1092.0,297.8714276571429,7,99.0,False,0,6936.332,38.0
4374.778611111111,5535.092765708607,1039.5692025029869,299.0,7,99.0,False,0,6936.411,38.0
4391.445277777778,5461.680117285436,884.8519523983754,300.0,8,100.0,False,0,6936.611000000001,38.0
4394.881894906117,5447.0,854.0,300.42708266666665,8,100.0,False,0,6936.652,38.0
4410.072166908813,5382.0,718.0,302.30208266666665,8,100.0,False,0,6936.832,38.0
4430.492072175047,5272.0,490.0,304.80208266666665,8,100.0,False,0,6937.072,38.0
4432.111944444444,5264.56657290962,474.6866118252034,305.0,8,100.0,False,0,6937.091,38.0
4456.067499999999,5180.7675030803,303.3439517381567,308.0,8,100.0,False,0,6937.371,38.0
4459.59903801026,5167.0,275.0,308.5124992,8,100.0,False,0,6937.412,38.0
4469.97159116513,5122.0,182.0,310.0124992,8,100.0,False,0,6937.532,38.0
4476.800833333334,5092.204137122599,120.5867036955384,311.0,8,100.0,False,0,6937.611000000001,38.0
4492.432776149642,5025.0,-18.0,311.0,8,100.0,False,0,6937.792,38.0
4494.078611111112,5017.913944400649,-32.72871489748713,311.0,8,100.0,False,0,6937.811000000001,38.0
4513.415050491199,4935.0,-206.0,312.85000106666666,8,100.0,False,0,6938.033,38.0
4525.478611111112,4884.255964198012,-311.13104071132204,314.0,8,100.0,False,0,6938.171,38.0
4532.64823749254,4852.0,-378.0,314.25545136557287,8,100.0,False,0,6938.253000000001,38.0
4553.566111111111,4746.434118307834,-598.0948584166277,315.0,8,100.0,False,0,6938.492,38.0
4553.653771063503,4746.0,-599.0,315.00238363748207,8,100.0,False,0,6938.493,38.0
4627.4447222222225,4434.956194411936,-1241.5436108332003,317.0,8,100.0,False,0,6939.331,38.0
4631.145657332958,4419.0,-1274.0,317.0,8,100.0,False,0,6939.3730000000005,38.0
4646.995454271209,4349.0,-1416.0,317.0,8,100.0,False,0,6939.553,38.0
4648.578055555556,4341.986711344197,-1430.2347536784837,317.0,8,100.0,False,0,6939.571,38.0
4662.800529284632,4279.0,-1558.0,316.3250005333333,8,100.0,False,0,6939.733,38.0
4669.644722222223,4248.5079611315505,-1619.424397201061,316.0,8,100.0,False,0,6939.811000000001,38.0
4687.200277777778,4169.712737134988,-1776.7186078630177,316.0,8,100.0,False,0,6940.011,38.0
4689.131474459632,4161.0,-1794.0,316.0,8,100.0,False,0,6940.033,38.0
4708.2669444444455,4074.396438314257,-1965.2128087088497,316.0,8,100.0,False,0,6940.251,38.0
4708.354715745399,4074.0,-1966.0,316.0,8,100.0,False,0,6940.252,38.0
4724.154648419764,4003.0,-2107.0,316.0,8,100.0,False,0,6940.432000000001,38.0
4739.9546973898605,3930.0,-2248.0,316.0,8,100.0,False,0,6940.612,38.0
4746.889166666668,3891.590073727751,-2321.965714272108,316.0,8,100.0,False,0,6940.691000000001,38.0
4766.288087209444,3774.0,-2548.0,316.0,8,100.0,False,0,6940.912,38.0
4778.489166666668,3712.4978571445845,-2664.7227430883827,316.0,8,100.0,False,0,6941.051,38.0
4792.533611111112,3652.5044016701545,-2776.7035338443975,316.0,8,100.0,False,0,6941.211,38.0
4799.643909358967,3623.0,-2831.0,316.0,8,100.0,False,0,6941.292,38.0
4817.111388888889,3551.993171440011,-2959.4582456819,316.0,8,100.0,False,0,6941.491,38.0
4838.178055555556,3460.418695136026,-3120.2753930259214,316.0,8,100.0,False,0,6941.731000000001,38.0
4838.2659227056165,3460.0,-3121.0,315.9958336,8,99.9250048,False,0,6941.732,38.0
4855.807510307164,3371.0,-3272.0,315.16250026666665,8,84.9250048,False,0,6941.932000000001,38.0
4859.178055555557,3352.9310795237207,-3301.2696615058308,315.0,8,82.0,True,0,6941.9710000000005,38.0
4869.483072525795,3297.0,-3389.0,308.9500032,8,53.64064,True,0,6942.092000000001,38.0
4885.7558333333345,3206.9106220251642,-3520.6965594494386,299.0,8,7.0,True,0,6942.291,38.0
4888.966259760407,3183.0,-3552.0,294.5583402666667,8,6.658333866666666,True,0,6942.332,38.0
4903.955833333335,3039.004053541701,-3725.2376975284233,273.0,8,5.0,True,0,6942.531,38.0
4905.499565122553,3025.0,-3741.0,271.2937552,8,5.1312496,True,0,6942.552000000001,38.0
4915.511388888891,2947.3310103265867,-3822.281872213931,260.0,8,6.0,True,0,6942.691000000001,38.0
4933.0723582814835,2840.0,-3907.0,243.2214326857143,8,6.9321426285714285,True,0,6942.952,38.0
4934.333611111113,2831.7385425736784,-3912.7401590846607,242.0,7,7.0,True,0,6942.9710000000005,38.0
4952.766944444446,2700.007249610596,-3994.0060704211814,237.0,6,9.0,True,0,6943.251,38.0
4960.308492514838,2639.0,-4024.0,230.1937536,6,9.0,True,0,6943.372,38.0
4972.233611111113,2537.0216022405993,-4064.35660588064,219.0,5,9.0,True,0,6943.571,38.0
4973.4785886069885,2527.0,-4068.0,218.52272872727272,5,9.429544145454546,True,0,6943.592000000001,38.0
4986.381429791909,2409.0,-4100.0,213.52272872727272,5,13.929544145454546,True,0,6943.812,38.0
4995.56822091717,2249.0,-4117.0,209.8863650909091,5,17.202271418181816,True,0,6943.972000000001,38.0
4997.778055555557,2217.3084159472805,-4119.216269455159,209.0,5,18.0,False,0,6944.011,38.0
5006.755833333335,2140.0935494100913,-4118.983909515304,202.0,5,25.0,False,0,6944.171,38.0
5020.289166666668,2069.4631209072086,-4099.110543789589,203.0,5,56.0,False,0,6944.411,38.0
5020.34574700261,2069.0,-4099.0,203.00249984,5,56.0499968,False,0,6944.412,38.0
5029.415818490311,1982.0,-4078.0,203.40249984,5,64.0499968,False,0,6944.572,38.0
5040.81103118592,1876.0,-4040.0,203.90499968,5,74.0999936,False,0,6944.773,38.0
5042.955833333335,1856.550422315005,-4031.5830019027476,204.0,5,76.0,False,0,6944.811000000001,38.0
5052.079773272718,1775.0,-3991.0,203.19000064,5,76.0,False,0,6944.973,38.0
5054.233611111113,1756.2231909270436,-3980.105412485126,203.0,5,76.0,False,0,6945.011,38.0
5062.360800762072,1688.0,-3936.0,205.35684922339564,5,80.12448614094238,False,0,6945.153,38.0
5068.091111111113,1643.3590013404694,-3904.375993484785,207.0,5,83.0,False,0,6945.252,38.0
5071.645308870693,1614.0,-3881.0,207.8472248888889,5,85.88056462222222,False,0,6945.313,38.0
5088.161628516495,1455.0,-3725.0,211.73611377777777,5,99.10278684444444,False,0,6945.593000000001,38.0
5089.2911111111125,1445.2238079392368,-3713.843373913712,212.0,5,100.0,False,0,6945.612,38.0
5098.846666666669,1373.172827559544,-3621.9114307573604,215.0,5,100.0,False,0,6945.772,38.0
5109.782696168521,1312.0,-3532.0,216.64920424248504,5,100.0,False,0,6945.953,38.0
5125.552500000002,1257.9896383344274,-3444.1301854917383,219.0,5,100.0,False,0,6946.211,38.0
5135.515498386001,1225.0,-3384.0,220.5187488,5,100.0,False,0,6946.3730000000005,38.0
5145.285833333335,1182.77606711831,-3305.0112094325664,222.0,5,100.0,False,0,6946.531,38.0
5149.136478419878,1161.0,-3264.0,222.7750016,5,100.0,False,0,6946.593000000001,38.0
5155.2413888888905,1118.946532158655,-3184.6746361760506,224.0,5,100.0,False,0,6946.691000000001,38.0
5162.8083622824515,1068.0,-3089.0,224.67222186666666,5,99.66388906666667,False,0,6946.812,38.0
5177.841388888891,1017.8156601783119,-2999.6128429070372,226.0,5,99.0,False,0,6947.051,38.0
5182.958577173544,999.0,-2969.0,226.80999936,5,99.0,False,0,6947.1320000000005,38.0
5190.508055555558,960.8755925787447,-2907.993240691814,228.0,5,99.0,False,0,6947.251,38.0
5196.9594576980435,925.0,-2852.0,229.00999936,5,99.0,False,0,6947.352000000001,38.0
5211.148772183988,845.0,-2735.0,231.20999936,5,99.0,False,0,6947.572,38.0
5216.285833333335,805.7062179299965,-2680.5537995507484,232.0,6,99.0,False,0,6947.651000000001,38.0
5230.767055774741,691.0,-2525.0,234.45555484444444,6,99.61388871111112,False,0,6947.872,38.0
5239.8858333333355,658.3368455911528,-2481.0345711825707,236.0,6,100.0,False,0,6948.011,38.0
5246.493806429193,636.0,-2451.0,236.0,6,99.3687504,False,0,6948.112,38.0
5250.3747222222255,617.5128835320576,-2426.0761324770947,236.0,6,99.0,False,0,6948.171,38.0
5261.113516061431,550.0,-2335.0,237.5093744,6,99.0,False,0,6948.332,38.0
5271.619166666669,467.3551016821193,-2223.7414594241855,239.0,6,99.0,False,0,6948.491,38.0
5284.330636498001,369.0,-2092.0,229.6678601142857,6,30.08573622857142,False,0,6948.692,38.0
5289.196944444447,342.55553159374233,-2057.0009217607108,226.0,6,3.0,True,0,6948.771000000001,38.0
5300.1264539592175,293.0,-1993.0,220.343752,6,1.3031256,True,0,6948.952,38.0
5308.3969444444465,242.0956551554947,-1928.741483673512,216.0,6,0.0,True,0,6949.091,38.0
5312.011490013184,219.0,-1900.0,213.7125024,6,0.0,True,0,6949.152,38.0
5317.73027777778,183.04871462165846,-1855.9244753802031,210.0,6,0.0,True,0,6949.251,38.0
5325.167011137702,134.0,-1797.0,197.41072,6,0.0,True,0,6949.392000000001,38.0
5332.119166666669,86.48960942307984,-1740.9104646891114,185.0,6,0.0,True,0,6949.531,38.0
5336.198746671496,60.0,-1710.0,182.9750016,6,0.0,True,0,6949.612,38.0
5342.119166666668,22.60353932775793,-1666.7892680836976,180.0,5,0.0,True,0,6949.731000000001,38.0
5344.098041122504,8.0,-1650.0,178.12083626666666,5,0.0,True,0,6949.772,38.0
5353.3858333333355,-82.05364360346098,-1546.827195166611,169.0,4,0.0,True,0,6949.9710000000005,38.0
5358.060386636489,-125.0,-1498.0,165.843752,4,0.0,True,0,6950.072,38.0
5360.674722222224,-146.16903542936024,-1474.1237318602066,164.0,4,0.0,True,0,6950.131,38.0
5370.0747222222235,-206.30850882092588,-1407.7123090276243,141.0,4,0.0,True,0,6950.371,38.0
5374.502908500304,-234.0,-1377.0,136.9666688,4,0.0,True,0,6950.492,38.0
5382.974722222223,-294.4249712288655,-1308.6157232697483,129.0,3,0.0,True,0,6950.731000000001,38.0
5388.5747222222235,-331.20171734337396,-1266.640369407004,126.0,3,0.0,True,0,6950.8910000000005,38.0
5391.401870420186,-345.0,-1251.0,125.13214354285714,3,0.0,True,0,6950.972000000001,38.0
5398.14138888889,-366.3994820370535,-1227.1414984367784,123.0,3,0.0,True,0,6951.171,38.0
5401.305402526426,-380.0,-1212.0,115.85999104,3,0.0,True,0,6951.273,38.0
5404.196944444446,-398.6991049261453,-1191.0557852597287,109.0,3,0.0,True,0,6951.371,38.0
5406.539514637766,-417.0,-1171.0,106.75062659361622,3,0.0,True,0,6951.453,38.0
5415.113055555557,-492.91670367652745,-1093.9425175848728,98.0,2,0.0,True,0,6951.772,38.0
5415.659856429698,-497.0,-1090.0,97.36999424,2,0.0,True,0,6951.793000000001,38.0
5420.224166666668,-524.5412218692777,-1064.517203547358,92.0,2,0.0,True,0,6951.972000000001,38.0
5423.635027636987,-546.0,-1047.0,88.9156208,2,0.0,True,0,6952.113,38.0
5427.779722222223,-580.9029714651414,-1020.9417204624417,85.0,2,0.0,True,0,6952.292,38.0
5428.257999202668,-585.0,-1018.0,84.562496,2,0.0,True,0,6952.313,38.0
5432.705956052083,-622.0,-993.0,80.39582933333334,2,0.0,True,0,6952.513,38.0
5433.1130555555565,-625.4716046430399,-990.8864076315559,80.0,2,0.0,True,0,6952.532,38.0
5438.025833333334,-670.3516309135376,-967.1353576555372,74.0,2,0.0,True,0,6952.771000000001,38.0
5438.8739062887125,-679.0,-963.0,73.58000128,2,0.0,True,0,6952.813,38.0
5442.025833333334,-713.6148387950902,-947.2307039845683,72.0,2,0.0,True,0,6952.9710000000005,38.0
5443.227831493644,-726.0,-942.0,71.11428388571429,2,0.0,True,0,6953.033,38.0
5447.314722222223,-759.7075878099729,-930.234755083386,68.0,2,0.0,True,0,6953.251,38.0
5448.817745777593,-772.0,-927.0,67.31666773333333,2,0.6833322666666667,True,0,6953.3330000000005,38.0
5453.118843696146,-815.0,-919.0,65.32500053333334,2,2.6749994666666668,True,0,6953.572,38.0
5453.814722222223,-823.830206579957,-918.101643439736,65.0,1,3.0,False,0,6953.611000000001,38.0
5456.659166666667,-863.9714721496117,-915.6704717516293,64.0,1,4.0,False,0,6953.771000000001,38.0
5457.743550113898,-877.0,-915.0,64.0,1,5.089284571428571,False,0,6953.832,38.0
5461.636944444445,-907.3074368975443,-913.3429793818158,64.0,1,9.0,False,0,6954.051,38.0
5464.135687063901,-926.0,-914.0,64.0,1,11.517856,False,0,6954.192,38.0
5466.6147222222235,-950.2533146357341,-916.5074758623346,64.0,1,14.0,False,0,6954.331,38.0
5466.992538854578,-954.0,-917.0,64.06057673846153,1,13.717308553846154,False,0,6954.352000000001,38.0
5471.002505319388,-992.0,-924.0,64.69519212307692,1,10.755770092307692,False,0,6954.572,38.0
5485.970277777779,-1130.385888530543,-990.4264728903978,67.0,1,0.0,True,0,6955.371,38.0
5487.465433360839,-1143.0,-999.0,66.4937504,1,0.5062496,True,0,6955.452,38.0
5488.903611111113,-1154.9185235515613,-1007.5249275224885,66.0,1,1.0,True,0,6955.531,38.0
5489.636844988428,-1161.0,-1012.0,65.56071497142857,1,2.4642834285714286,True,0,6955.572,38.0
5493.803611111112,-1195.2595941898119,-1038.4396194730866,63.0,1,11.0,True,0,6955.811000000001,38.0
5495.228933292243,-1206.0,-1047.0,63.33749973333333,1,12.687498666666666,True,0,6955.892000000001,38.0
5498.070277777779,-1228.7991886604727,-1064.8518476775757,64.0,1,16.0,False,0,6956.051,38.0
5498.088368232051,-1229.0,-1065.0,64.0124992,1,16.0,False,0,6956.052000000001,38.0
5501.003611111112,-1270.3574086111253,-1094.3106273565904,66.0,1,16.0,False,0,6956.211,38.0
5501.76977915153,-1280.0,-1101.0,66.5124992,1,16.0,False,0,6956.252,38.0
5504.025833333334,-1300.2112633264799,-1114.77487158948,68.0,1,16.0,False,0,6956.371,38.0
5509.470277777778,-1323.2929904493224,-1127.2697602926007,70.0,1,16.0,False,0,6956.651000000001,38.0
5510.274463331346,-1329.0,-1130.0,70.1281248,1,16.0,False,0,6956.692,38.0
5513.817741563044,-1361.0,-1145.0,70.6906248,1,16.0,False,0,6956.872,38.0
5515.7813888888895,-1377.0419232614022,-1151.9809732033875,71.0,1,16.0,False,0,6956.9710000000005,38.0
5516.997516858653,-1390.0,-1156.0,71.2541664,1,16.0,False,0,6957.032,38.0
5520.58138888889,-1448.240760393665,-1167.2887623485044,72.0,1,16.0,False,0,6957.211,38.0
5521.40110767083,-1459.0,-1169.0,72.0,1,16.1281248,False,0,6957.252,38.0
5526.98138888889,-1487.5789613762627,-1170.1907022782625,72.0,1,17.0,False,0,6957.531,38.0
5527.404288317055,-1490.0,-1170.0,72.05249984,1,17.10499968,False,0,6957.552000000001,38.0
5533.510616498013,-1551.0,-1164.0,72.80499968,1,18.60999936,False,0,6957.853,38.0
5535.092500000002,-1572.0023277920034,-1159.6512593429354,73.0,1,19.0,False,0,6957.9310000000005,38.0
5538.336944444446,-1613.5841800585727,-1149.1088512515093,73.0,1,19.0,False,0,6958.091,38.0
5538.377767229908,-1614.0,-1149.0,73.00453485780098,1,19.004534857800977,False,0,6958.093000000001,38.0
5544.586480146842,-1657.0,-1136.0,73.68480764586778,1,19.684807645867775,False,0,6958.393,38.0
5547.401944444446,-1683.810063020356,-1125.4937199330338,74.0,1,20.0,True,0,6958.532,38.0
5549.393192911928,-1703.0,-1118.0,74.0,1,20.0,True,0,6958.633000000001,38.0
5551.513055555557,-1718.2040956289975,-1112.471625820348,74.0,1,20.0,True,0,6958.732,38.0
5554.059851268985,-1740.0,-1102.0,83.25835093333333,1,25.0500096,True,0,6958.8330000000005,38.0
5557.913055555557,-1797.1569629175951,-1068.3490229975328,96.0,1,32.0,False,0,6958.972000000001,38.0
5561.795266619447,-1855.0,-1032.0,97.5666688,1,33.958336,False,0,6959.113,38.0
5567.913055555557,-1883.342809146847,-1010.0191834973814,100.0,1,37.0,False,0,6959.332,38.0
5570.858483128988,-1894.0,-999.0,102.53556899465934,1,36.577405167556776,False,0,6959.433,38.0
5574.950277777779,-1920.2179886112865,-973.5314366676276,106.0,1,36.0,False,0,6959.571,38.0
5576.783810316305,-1935.0,-958.0,106.22142902857144,1,34.89285485714286,False,0,6959.633000000001,38.0
5583.272500000001,-1996.3476863165658,-884.6047479501449,107.0,3,31.0,False,0,6959.851000000001,38.0
5587.0179385586625,-2024.0,-850.0,109.43999744,3,30.39000064,False,0,6959.973,38.0
5589.439166666668,-2035.823975991253,-835.2368671945821,111.0,3,30.0,False,0,6960.051,38.0
5596.3565611483555,-2059.0,-806.0,112.57857097142858,3,30.0,False,0,6960.272,38.0
5598.228055555557,-2068.8032989678563,-793.3852005691843,113.0,3,30.0,False,0,6960.331,38.0
5605.351932667222,-2113.0,-735.0,115.20999936,3,29.44750016,False,0,6960.552000000001,38.0
5611.228055555557,-2143.743479485546,-686.4572554418166,117.0,3,29.0,False,0,6960.731000000001,38.0
5611.261094042275,-2144.0,-686.0,117.0124992,3,29.0,False,0,6960.732,38.0
5616.578362443142,-2194.0,-592.0,119.0124992,3,29.0,False,0,6960.892000000001,38.0
5619.228055555557,-2209.673758706326,-558.8275586397208,120.0,3,29.0,False,0,6960.9710000000005,38.0
5625.358667120514,-2226.0,-512.0,121.80999936,3,28.09500032,False,0,6961.152,38.0
5626.005833333335,-2227.9242637747057,-506.3459449498565,122.0,3,28.0,False,0,6961.171,38.0
5631.512931562575,-2246.0,-454.0,122.73181789090908,3,27.634091054545454,False,0,6961.332,38.0
5639.803951236999,-2270.0,-375.0,123.82272698181818,3,27.08863650909091,False,0,6961.572,38.0
5641.1613888888905,-2274.8845639204624,-353.79613677116225,124.0,3,27.0,False,0,6961.611000000001,38.0
5646.093533692107,-2293.0,-267.0,125.7624992,3,26.1187504,False,0,6961.752,38.0
5646.76138888889,-2294.8567914640817,-257.53768861799466,126.0,3,26.0,False,0,6961.771000000001,38.0
5661.727064889521,-2306.0,-162.0,127.91363607272727,3,23.129545890909093,False,0,6962.192,38.0
5662.405833333334,-2306.3667015248,-157.0111632659207,128.0,3,23.0,False,0,6962.211,38.0
5669.594279985415,-2311.0,-84.0,128.6281248,3,17.3468768,False,0,6962.412,38.0
5673.872500000001,-2312.0921987883985,-16.445726749834275,129.0,3,14.0,False,0,6962.531,38.0
5677.52214489832,-2312.0,37.0,129.6312496,3,14.0,False,0,6962.6320000000005,38.0
5679.650277777779,-2311.598724718005,59.61455542061982,130.0,3,14.0,False,0,6962.691000000001,38.0
5688.250277777778,-2307.079128189177,106.63965521415342,129.0,3,22.0,False,0,6962.9310000000005,38.0
5690.44669036612,-2305.0,123.0,129.30499968,3,23.21999872,False,0,6962.992,38.0
5695.472500000001,-2298.9567903424168,172.5076605013711,130.0,3,26.0,False,0,6963.131,38.0
5696.2328162780805,-2298.0,180.0,130.0656248,3,26.0656248,False,0,6963.152,38.0
5707.116944444446,-2279.118778596893,286.50519537601116,131.0,3,27.0,False,0,6963.451,38.0
5707.153737215496,-2279.0,287.0,131.0093744,3,27.015624,False,0,6963.452,38.0
5715.3226552377255,-2244.0,415.0,133.0718744,3,30.453124,False,0,6963.6720000000005,38.0
5719.028055555556,-2227.365858755614,463.4727438595931,134.0,3,32.0,False,0,6963.771000000001,38.0
5729.625981870936,-2185.0,558.0,135.7562496,3,39.903123199999996,False,0,6964.052000000001,38.0
5731.116944444445,-2180.263147236899,567.9622867920054,136.0,3,41.0,False,0,6964.091,38.0
5738.839166666668,-2158.8901777043247,611.6279524881414,139.0,3,50.0,False,0,6964.291,38.0
5741.238803094135,-2151.0,627.0,139.3875008,3,51.5500032,False,0,6964.353,38.0
5745.06138888889,-2136.444993384358,654.736194550756,140.0,3,54.0,False,0,6964.451,38.0
5752.396598423924,-2097.0,724.0,143.5290889802263,3,56.01662227441503,False,0,6964.633000000001,38.0
5759.8022222222235,-2037.7152402758502,818.1244688482027,147.0,4,58.0,False,0,6964.812,38.0
5760.676343863538,-2032.0,827.0,147.3500032,4,58.2625024,False,0,6964.8330000000005,38.0
5769.86888888889,-2002.4249331172234,870.7449515916443,151.0,4,61.0,False,0,6965.052000000001,38.0
5778.489193429324,-1981.0,899.0,154.34999893333332,4,61.0,False,0,6965.253000000001,38.0
5780.202222222223,-1973.123224605149,909.9755532669942,155.0,4,61.0,False,0,6965.292,38.0
5789.202222222223,-1919.6015120912787,985.2496080262526,162.0,4,62.0,False,0,6965.492,38.0
5790.158025044979,-1914.0,993.0,162.31500288,4,62.10500096,False,0,6965.513,38.0
5797.490119722744,-1870.0,1053.0,164.71500288,4,62.90500096,False,0,6965.673000000001,38.0
5798.36888888889,-1863.4046200277508,1062.0215487564033,165.0,4,63.0,False,0,6965.692,38.0
5809.6355555555565,-1763.352124910598,1199.5182249056215,169.0,4,67.0,False,0,6965.932000000001,38.0
5809.683162454403,-1763.0,1200.0,169.0249984,4,67.0,False,0,6965.933,38.0
5809.730787147999,-1762.6487728856087,1200.4805084915265,169.0500032,4,67.0,False,0,6965.934,38.0
0.001790815991515462,-1762.89158610764,1200.148215388112,169.0500032,4,67.0,False,0,6965.934,39.0
7.595,-1740.0897912842106,1230.8521643153813,173.0,4,67.0,False,0,6966.092000000001,39.0
16.378541337914232,-1700.0,1284.0,174.512536153754,4,65.487463846246,False,0,6966.273,39.0
25.146111111111107,-1647.1017214174958,1353.288179920094,176.0,5,64.0,False,0,6966.451,39.0
27.23945225552211,-1634.0,1370.0,176.73499776,5,64.83999744,False,0,6966.493,39.0
37.28623860730257,-1571.0,1448.0,180.21749888,5,68.81999872,False,0,6966.692,39.0
45.47944444444444,-1515.4559787770413,1517.57259349343,183.0,5,72.0,False,0,6966.851000000001,39.0
50.763997842762016,-1481.0,1561.0,186.7874976,5,71.3687504,False,0,6966.952,39.0
53.87944444444443,-1462.1003577222405,1584.8217492290432,189.0,5,71.0,False,0,6967.011,39.0
66.74611111111109,-1390.307286744847,1676.5954581137344,193.0,5,70.0,False,0,6967.251,39.0
66.80017981890617,-1390.0,1677.0,193.0142848,5,70.0142848,False,0,6967.252,39.0
82.06833333333331,-1300.0106889892702,1798.524120836561,197.0,5,74.0,False,0,6967.531,39.0
83.2422748183771,-1293.0,1808.0,197.61249813333333,5,74.08749973333333,False,0,6967.552000000001,39.0
86.61893398435353,-1273.0,1835.0,199.36249813333333,5,74.33749973333333,False,0,6967.612,39.0
95.66833333333331,-1223.5851245531862,1902.8647537360778,204.0,5,75.0,False,0,6967.771000000001,39.0
99.14868053923021,-1201.0,1934.0,204.5083328,5,74.7458336,False,0,6967.832,39.0
109.40166666666664,-1113.4095916668546,2054.228860980885,206.0,5,74.0,False,0,6968.011,39.0
118.72893209572604,-1045.0,2148.0,208.41499904,5,77.21999872,False,0,6968.1720000000005,39.0
121.01277777777776,-1034.7603635520418,2162.0534967129647,209.0,6,78.0,False,0,6968.211,39.0
134.1611422063837,-997.0,2214.0,212.68333226666667,6,78.0,False,0,6968.432,39.0
142.51277777777776,-943.8931577371181,2286.9108302070445,215.0,6,78.0,False,0,6968.571,39.0
152.1572222222222,-865.3441718148284,2394.813080264587,217.0,6,79.0,False,0,6968.731,39.0
155.87260674486978,-842.0,2427.0,217.953124,6,78.8093752,False,0,6968.792,39.0
171.89055555555552,-775.9463372049388,2518.769460775027,222.0,6,78.0,False,0,6969.051,39.0
173.2011899348094,-770.0,2527.0,222.29166577777778,6,77.94166684444444,False,0,6969.072,39.0
193.379040864228,-653.0,2689.0,226.7361102222222,6,77.05277795555556,False,0,6969.392,39.0
194.5905555555555,-645.9506896786606,2698.946959829107,227.0,6,77.0,False,0,6969.411,39.0
204.91956038200397,-588.0,2782.0,229.2361102222222,6,77.0,False,0,6969.572,39.0
212.67525956915028,-545.0,2845.0,230.9027768888889,6,77.0,False,0,6969.692,39.0
217.79055555555553,-516.0864473213788,2887.4992066038058,232.0,6,77.0,False,0,6969.771000000001,39.0
233.39055555555552,-429.3337595290327,3015.5040802791514,234.0,6,78.0,False,0,6970.011,39.0
233.45588748271763,-429.0,3016.0,234.0124992,6,78.0,False,0,6970.012000000001,39.0
243.87944444444443,-375.65354594277017,3095.818092253382,236.0,6,78.0,False,0,6970.171,39.0
246.57345543599936,-357.0,3124.0,236.2562496,6,78.0,False,0,6970.212,39.0
254.41277777777776,-285.8092217394517,3232.0356261785573,237.0,6,78.0,False,0,6970.331,39.0
259.781057215256,-241.0,3300.0,237.7593744,6,76.4812512,False,0,6970.412,39.0
275.7461111111111,-182.4211797430933,3387.198437453058,240.0,6,72.0,False,0,6970.651,39.0
282.52170299435335,-158.0,3422.0,240.6312496,6,72.6312496,False,0,6970.752,39.0
296.0444338740425,-81.0,3531.0,241.8875008,6,73.8875008,False,0,6970.953,39.0
297.2572222222222,-73.75951415447409,3541.128295093873,242.0,6,74.0,False,0,6970.9710000000005,39.0
310.7572222222222,5.123811528038418,3649.4637504417406,243.0,6,72.0,False,0,6971.171,39.0
313.6010893628793,22.0,3672.0,243.2624992,6,72.0,False,0,6971.213000000001,39.0
321.60166666666663,70.50892533404887,3735.507086164266,244.0,6,72.0,False,0,6971.331,39.0
324.4481847896167,88.0,3758.0,244.0,6,71.3457962558597,False,0,6971.3730000000005,39.0
339.3532403190461,181.0,3874.0,244.0,6,67.91900030783806,False,0,6971.593,39.0
343.3583333333333,206.54873071099567,3904.6085470192716,244.0,6,67.0,False,0,6971.652,39.0
355.6754506540959,287.0,3997.0,244.45250048,6,65.18999808,False,0,6971.8330000000005,39.0
366.5722187192622,360.0,4075.0,244.85250048,6,63.58999808,False,0,6971.993,39.0
370.5805555555555,385.44782590465013,4101.043931980275,245.0,6,63.0,False,0,6972.052000000001,39.0
378.7841607830852,438.0,4152.0,244.4958336,6,63.0,False,0,6972.173,39.0
386.8472222222221,497.5983837295189,4204.789367769561,244.0,6,63.0,False,0,6972.292,39.0
390.98500285833774,529.0,4231.0,244.0,6,62.2374976,False,0,6972.353,39.0
397.69166666666655,579.0792233036057,4270.482876879463,244.0,6,61.0,False,0,6972.452,39.0
403.1507777477985,625.0,4302.0,243.19000064,6,58.57000192,False,0,6972.533,39.0
411.136111111111,708.4490263880889,4349.7993466557655,242.0,6,55.0,False,0,6972.652,39.0
427.2411561860466,886.0,4433.0,240.79198046444424,6,55.60400976777788,False,0,6972.893,39.0
437.73611111111103,953.0730462622349,4456.388148661972,240.0,6,56.0,False,0,6973.051,39.0
444.4798232086988,1000.0,4468.0,238.97999872,6,57.02000128,False,0,6973.153,39.0
450.95833333333326,1061.3957754297605,4481.951257445608,238.0,6,58.0,False,0,6973.251,39.0
456.3285412748552,1117.0,4493.0,238.2531248,6,58.2531248,False,0,6973.332,39.0
472.20277777777767,1275.5278091248347,4512.340943759138,239.0,6,59.0,False,0,6973.571,39.0
476.2393108688247,1316.0,4515.0,238.6187504,6,59.0,False,0,6973.6320000000005,39.0
482.78055555555545,1382.3172777258026,4517.761781466689,238.0,6,59.0,False,0,6973.731,39.0
489.4523399691868,1450.0,4519.0,238.0,6,60.51499904,False,0,6973.832,39.0
496.0027777777777,1515.5899619046227,4519.064772154827,238.0,6,62.0,False,0,6973.9310000000005,39.0
501.3787963213591,1569.0,4518.0,238.44999964444443,6,65.14999751111111,False,0,6974.012000000001,39.0
520.0027777777776,1753.8415559000252,4505.426580013489,240.0,6,76.0,False,0,6974.291,39.0
521.4104308304093,1768.0,4504.0,240.20999936,6,76.31499904,False,0,6974.312,39.0
533.4472222222221,1888.9598711391748,4489.5878423830645,242.0,6,79.0,False,0,6974.491,39.0
536.2168669200886,1915.0,4486.0,242.2795450181818,6,78.34772829090909,False,0,6974.532,39.0
548.4356840039782,2035.0,4469.0,243.50681774545455,6,75.48409192727273,False,0,6974.712,39.0
563.3916666666665,2275.486889616825,4444.439164326764,245.0,6,72.0,False,0,6974.9310000000005,39.0
564.8290834444655,2291.0,4443.0,245.14999954285713,6,72.0,False,0,6974.952,39.0
581.2962602307297,2359.0,4440.0,246.86428525714285,6,72.0,False,0,6975.192,39.0
582.6027777777776,2367.446368492314,4439.987884121136,247.0,7,72.0,False,0,6975.211,39.0
596.3805555555555,2508.676315380018,4439.7577211368325,248.0,7,73.0,False,0,6975.411,39.0
597.8299811514785,2524.0,4440.0,248.0656248,7,72.9343752,False,0,6975.432,39.0
618.5138888888888,2722.9131517220508,4454.199130069765,249.0,7,72.0,False,0,6975.731,39.0
621.3536583350592,2754.0,4459.0,249.0,7,69.9500032,False,0,6975.772,39.0
632.3472222222221,2892.1925071599867,4487.345314672489,249.0,7,62.0,False,0,6975.9310000000005,39.0
633.7916653391618,2913.0,4493.0,248.671876,7,58.5875104,False,0,6975.952,39.0
646.082992670031,3097.0,4554.0,245.859376,7,29.3375104,False,0,6976.1320000000005,39.0
654.0361111111109,3166.472219020905,4580.918190685177,244.0,7,10.0,True,0,6976.251,39.0
667.0809778496935,3230.0,4615.0,234.78750293333334,7,3.300002133333333,True,0,6976.452,39.0
669.5694444444442,3248.0979302439873,4624.9424082922305,233.0,7,2.0,True,0,6976.491,39.0
680.9515223080571,3354.0,4686.0,226.9666688,7,0.49166719999999997,True,0,6976.6720000000005,39.0
684.5694444444442,3392.102405449594,4710.830879366227,225.0,7,0.0,True,0,6976.731,39.0
698.8361111111109,3543.7591379795813,4821.110561698328,214.0,6,2.0,True,0,6976.9710000000005,39.0
700.0746256176021,3554.0,4829.0,213.7375008,6,2.7874976,True,0,6976.992,39.0
708.258333333333,3606.2660125477073,4871.207248150409,212.0,6,8.0,False,0,6977.131,39.0
718.7962422861926,3661.0,4921.0,210.06071497142858,6,20.282138514285716,False,0,6977.312,39.0
724.5138888888886,3700.674511345311,4958.199113592562,209.0,6,27.0,False,0,6977.411,39.0
732.6517604564065,3763.0,5018.0,206.3374976,6,11.0249856,False,0,6977.553,39.0
733.6694444444441,3770.5943795159883,5025.450728317432,206.0,6,9.0,True,0,6977.571,39.0
746.8694444444442,3865.8330948518815,5121.66049717358,198.0,6,0.0,True,0,6977.811000000001,39.0
749.1153939126858,3882.0,5138.0,196.1194081176225,6,0.0,True,0,6977.853,39.0
757.4219444444441,3942.6223621026575,5198.625162649492,189.0,6,0.0,True,0,6978.012000000001,39.0
757.472941226792,3943.0,5199.0,188.9625024,6,0.0,True,0,6978.013,39.0
766.386962329314,4010.0,5265.0,182.2124928,6,0.0,True,0,6978.193,39.0
776.7552777777775,4087.7980673739276,5340.435339763346,174.0,5,0.0,True,0,6978.412,39.0
778.67193634107,4102.0,5354.0,172.36000256,5,0.0,True,0,6978.453,39.0
785.9774999999997,4156.199608907705,5405.101831999644,166.0,5,0.0,True,0,6978.612,39.0
787.8022052380554,4170.0,5418.0,164.6022749090909,5,0.0,True,0,6978.653,39.0
792.991766942662,4210.0,5455.0,160.51136581818182,5,0.0,True,0,6978.773,39.0
799.6127512162394,4262.0,5501.0,155.05682036363638,5,0.0,True,0,6978.933,39.0
804.4330555555553,4299.4544294374555,5534.19944763927,151.0,4,0.0,True,0,6979.052000000001,39.0
812.3219444444442,4359.8582496938325,5587.679750842767,142.0,4,0.0,True,0,6979.252,39.0
813.1240123415163,4366.0,5593.0,140.9499904,4,0.0,True,0,6979.273,39.0
818.2774999999997,4405.959663017349,5626.976122326515,134.0,4,0.0,True,0,6979.412,39.0
819.7391110263117,4418.0,5637.0,132.5614059851379,4,0.0,True,0,6979.453,39.0
828.4321477080186,4495.0,5700.0,123.43859144844649,4,0.0,True,0,6979.713000000001,39.0
831.5774999999998,4518.1039160393175,5719.634212068819,120.0,3,0.0,True,0,6979.811000000001,39.0
837.2824020455729,4561.0,5755.0,115.4750016,3,0.0,True,0,6979.992,39.0
840.3663888888887,4594.045947448597,5779.388339129329,113.0,3,0.0,True,0,6980.091,39.0
845.299722222222,4648.728644813717,5817.812662738585,111.0,3,0.0,True,0,6980.251,39.0
845.3300952279151,4649.0,5818.0,110.98000128,3,0.0,True,0,6980.252,39.0
851.2441666666665,4684.362950544646,5841.424856884698,107.0,3,0.0,True,0,6980.451,39.0
857.0110272602495,4713.0,5855.0,104.12857234285714,3,0.0,True,0,6980.652,39.0
859.2552777777777,4730.802545810795,5862.53706546266,103.0,3,0.0,False,0,6980.731,39.0
864.3876202246571,4780.0,5881.0,102.2458336,3,0.0,False,0,6980.912,39.0
866.0552777777776,4795.879778864846,5885.6789300201035,102.0,3,0.0,False,0,6980.9710000000005,39.0
868.9024362719615,4823.0,5892.0,101.57916693333334,3,0.0,False,0,6981.072,39.0
872.7886111111109,4861.467534027371,5897.359204690789,101.0,3,0.0,False,0,6981.211,39.0
875.0247040339787,4884.0,5899.0,100.59500032,3,0.9449992533333333,False,0,6981.292,39.0
902.386282702123,5150.0,5835.0,95.39500032,3,13.078332586666667,False,0,6982.332,39.0
904.4552777777776,5167.070121304132,5823.424216966329,95.0,3,14.0,False,0,6982.411,39.0
906.581146441048,5184.0,5811.0,95.0,3,15.687498666666666,False,0,6982.492,39.0
910.7886111111109,5215.557254886504,5786.100221417339,95.0,3,19.0,False,0,6982.651,39.0
913.5076535023521,5236.0,5766.0,96.08214217142857,3,20.082142171428572,False,0,6982.752,39.0
918.4108333333331,5275.08346689994,5716.860158482182,98.0,3,22.0,False,0,6982.9310000000005,39.0
922.9015754882487,5303.0,5675.0,99.72499931428571,3,23.14999954285714,False,0,6983.092000000001,39.0
926.2663888888887,5313.5129699727295,5654.924754813543,101.0,3,24.0,False,0,6983.211,39.0
929.7242204241867,5322.0,5634.0,102.5124992,3,25.5124992,False,0,6983.332,39.0
930.8441666666665,5325.707879108571,5624.965306414962,103.0,3,26.0,False,0,6983.371,39.0
934.9137839253056,5341.0,5586.0,103.8812496,3,26.8812496,False,0,6983.512000000001,39.0
935.4663888888888,5342.84751171757,5580.634487158316,104.0,3,27.0,False,0,6983.531,39.0
941.9828324802305,5360.0,5518.0,105.84166613333333,3,30.069443555555555,False,0,6983.752,39.0
946.1663888888887,5368.661565142182,5477.352095190773,107.0,3,32.0,False,0,6983.8910000000005,39.0
949.2478208334653,5374.0,5447.0,108.44285622857143,3,33.08214217142857,False,0,6983.992,39.0
954.7997222222219,5381.294095569185,5391.461666851149,111.0,3,35.0,False,0,6984.171,39.0
958.655360767706,5385.0,5355.0,112.30714148571428,3,24.542868114285714,False,0,6984.293000000001,39.0
963.6663888888886,5389.163782649895,5307.73797123352,114.0,3,11.0,False,0,6984.451,39.0
964.3581056834882,5390.0,5299.0,113.78109318402967,3,9.796012512163188,False,0,6984.473,39.0
969.9197222222219,5399.853521354795,5205.109348277583,112.0,3,0.0,True,0,6984.652,39.0
971.7794769781083,5403.0,5178.0,111.12856868571428,3,0.0,True,0,6984.713000000001,39.0
978.319722222222,5410.758307579912,5130.084477459712,108.0,3,0.0,True,0,6984.932,39.0
980.7000356192261,5415.0,5114.0,106.9875008,3,0.0,True,0,6985.013,39.0
987.0312454888169,5432.0,5054.0,104.2374976,3,0.0,True,0,6985.233,39.0
987.5641666666664,5433.243505269507,5049.48441682177,104.0,3,0.0,True,0,6985.252,39.0
993.0086111111109,5443.957048294617,5012.049189579585,98.0,2,0.0,True,0,6985.452,39.0
996.1022931730363,5468.0,4969.0,94.5968768,2,0.0,True,0,6985.573,39.0
998.5490528931346,5501.0,4917.0,91.7843696,2,0.0,True,0,6985.673,39.0
1000.919722222222,5523.785995999784,4882.314112238379,89.0,2,0.0,True,0,6985.772,39.0
1006.4530555555554,5536.7000143636,4869.036228095507,83.0,2,0.0,True,0,6986.012000000001,39.0
1008.6601897093431,5545.0,4862.0,81.03610737777778,2,0.0,True,0,6986.113,39.0
1014.0530555555554,5585.490846436819,4822.225309382606,76.0,2,0.0,True,0,6986.372,39.0
1014.4821884588714,5589.0,4819.0,75.68341429277129,2,0.0,True,0,6986.393,39.0
1018.0883333333331,5617.836488857109,4795.121470725197,73.0,2,0.0,True,0,6986.571,39.0
1018.1085266816749,5618.0,4795.0,72.9937504,2,0.0,True,0,6986.572,39.0
1021.2883333333332,5644.386040635776,4777.14763882054,72.0,1,0.0,True,0,6986.731,39.0
1022.0792696030593,5651.0,4773.0,70.9750016,1,0.0,True,0,6986.772,39.0
1024.3105555555553,5669.3645914321405,4761.993316675704,68.0,1,0.0,True,0,6986.8910000000005,39.0
1026.1684686432543,5688.0,4753.0,67.0531256,1,0.0,True,0,6986.992,39.0
1029.7547590470278,5735.0,4736.0,65.1781256,1,0.0,True,0,6987.192,39.0
1030.0883333333331,5738.249162617429,4734.912589450621,65.0,1,0.0,True,0,6987.211,39.0
1034.212598261503,5765.0,4731.0,62.322222933333336,1,0.0,True,0,6987.452,39.0
1036.188333333333,5790.261622619895,4734.71556421059,61.0,1,0.0,True,0,6987.571,39.0
1039.4464101550464,5839.0,4745.0,58.84642925714286,1,0.0,True,0,6987.772,39.0
1040.6994444444442,5850.366979398339,4748.409129551268,58.0,1,0.0,True,0,6987.851000000001,39.0
1043.188333333333,5860.877986274175,4754.450369870213,56.0,1,0.0,True,0,6988.011,39.0
1045.0227931219817,5870.0,4761.0,54.79000064,1,0.0,True,0,6988.1320000000005,39.0
1046.188333333333,5878.4016512577255,4766.621608435687,54.0,1,0.0,True,0,6988.211,39.0
1049.2890158961238,5907.0,4786.0,51.54444515555556,1,0.0,True,0,6988.432,39.0
1051.188333333333,5922.081378170705,4798.338378974077,50.0,1,0.0,True,0,6988.571,39.0
1052.2948418250612,5931.0,4806.0,49.66250026666667,1,0.0,True,0,6988.652,39.0
1053.113997307856,5938.0,4812.0,49.41250026666667,1,0.0,True,0,6988.712,39.0
1054.4549999999997,5948.554005592039,4821.59723694959,49.0,1,0.0,False,0,6988.811000000001,39.0
1057.4020344107935,5969.0,4842.0,48.07916693333333,1,0.0,False,0,6989.032,39.0
1057.6549999999997,5970.787373181005,4843.771161112991,48.0,1,0.0,False,0,6989.051,39.0
1059.8029323031342,5986.0,4859.0,48.0,1,0.6708330666666666,False,0,6989.212,39.0
1060.8549999999998,5993.091750930908,4866.68185576975,48.0,1,1.0,False,0,6989.291,39.0
1062.1952505350243,6002.0,4877.0,48.0,1,3.0199987200000002,False,0,6989.392,39.0
1063.5216666666665,6010.944702485998,4888.034032220974,48.0,1,5.0,False,0,6989.491,39.0
1066.5824791676687,6030.0,4913.0,49.57857097142857,1,7.367856457142857,False,0,6989.712,39.0
1067.4105555555554,6034.244841654725,4918.6368391167325,50.0,1,8.0,False,0,6989.771000000001,39.0
1071.3772222222221,6055.4580702557105,4948.264000222831,51.0,1,9.0,False,0,6990.051,39.0
1071.6793716710029,6058.0,4952.0,51.20999936,1,9.31499904,False,0,6990.072,39.0
1074.3216666666665,6083.623588746266,4990.351884598796,53.0,1,12.0,False,0,6990.251,39.0
1074.6475998495475,6086.0,4994.0,53.36749888,1,12.36749888,False,0,6990.272,39.0
1080.3297740392716,6102.0,5022.0,59.31749888,1,18.317498880000002,False,0,6990.612,39.0
1080.9883333333332,6104.519433944847,5026.427084899889,60.0,1,19.0,False,0,6990.651,39.0
1083.6994444444445,6118.318204268258,5050.308450092108,61.0,1,20.0,False,0,6990.811000000001,39.0
1084.4425843301312,6122.0,5057.0,62.0499968,1,20.41999872,False,0,6990.853,39.0
1087.3661111111112,6135.057644329439,5082.4847338804375,66.0,1,22.0,False,0,6991.011,39.0
1088.933862258529,6142.0,5097.0,67.3609940875669,1,22.680497043783447,False,0,6991.093,39.0
1092.0522222222223,6156.56064834432,5128.917968745805,70.0,1,24.0,False,0,6991.252,39.0
1093.671748760822,6164.0,5146.0,71.21499904,1,24.0,False,0,6991.3330000000005,39.0
1096.1077777777778,6174.531189522129,5171.236825691379,73.0,1,24.0,False,0,6991.452,39.0
1101.3077777777778,6193.798473633813,5220.721878067996,78.0,1,25.0,False,0,6991.692,39.0
1102.6790192649948,6198.0,5232.0,79.22000384,1,24.69499904,False,0,6991.753000000001,39.0
1105.8633333333332,6206.444622826684,5255.455837162863,82.0,1,24.0,False,0,6991.892,39.0
1109.6302643878905,6216.0,5284.0,84.0124992,1,27.354165333333334,False,0,6992.053,39.0
1111.53,6221.376967643128,5300.906061152485,85.0,2,29.0,False,0,6992.1320000000005,39.0
1115.5334210451274,6233.0,5339.0,88.0187488,2,31.515624,False,0,6992.293000000001,39.0
1119.618888888889,6243.9308972346125,5376.760100175803,91.0,2,34.0,False,0,6992.452,39.0
1119.6448665664902,6244.0,5377.0,91.0166656,2,33.9916672,False,0,6992.453,39.0
1124.9105360921615,6258.0,5426.0,94.34999893333334,2,32.32500053333333,False,0,6992.653,39.0
1125.9522222222222,6260.6959255333295,5435.85192042338,95.0,2,32.0,False,0,6992.692,39.0
1130.2633333333333,6271.518112164828,5477.313946177084,97.0,2,32.0,False,0,6992.852,39.0
1132.986952976873,6278.0,5504.0,97.42083413333333,2,32.841668266666666,False,0,6992.953,39.0
1136.7966666666666,6286.392341923063,5541.182490061432,98.0,2,34.0,False,0,6993.092000000001,39.0
1139.0670615458293,6291.0,5563.0,100.4120595257698,2,36.01004960480817,False,0,6993.1720000000005,39.0
1142.5455555555554,6297.603625912221,5596.181123421501,104.0,2,39.0,False,0,6993.291,39.0
1146.198161074134,6304.0,5631.0,106.59285577142857,2,37.271429485714286,False,0,6993.412,39.0
1151.101111111111,6311.950832536802,5677.71807923451,110.0,2,35.0,False,0,6993.571,39.0
1151.1319878486888,6312.0,5678.0,110.0071424,2,35.0214272,False,0,6993.572,39.0
1153.6036627083456,6316.0,5702.0,110.57857097142858,2,36.73571291428571,False,0,6993.652,39.0
1159.8122222222223,6326.9593299363805,5804.557665646552,112.0,3,41.0,False,0,6993.851000000001,39.0
1159.8439127543918,6327.0,5805.0,112.0124992,3,41.0093744,False,0,6993.852,39.0
1167.578626318954,6331.0,5881.0,115.0124992,3,43.2593744,False,0,6994.092000000001,39.0
1170.1233333333332,6330.586475649526,5914.847172495045,116.0,3,44.0,False,0,6994.171,39.0
1175.2788888888888,6327.841032004992,6000.917213426273,116.0,3,44.0,False,0,6994.331,39.0
1178.6892619876212,6326.0,6041.0,119.53499776,3,44.0,False,0,6994.432,39.0
1182.1122222222223,6324.37985282672,6063.796495802841,123.0,3,44.0,False,0,6994.531,39.0
1188.4238367205528,6321.0,6089.0,125.2624992,3,43.2458336,False,0,6994.712,39.0
1190.5122222222221,6319.412188887759,6103.2967045389005,126.0,3,43.0,False,0,6994.771000000001,39.0
1198.5094040302688,6308.0,6188.0,129.01363549090908,3,43.0,False,0,6994.992,39.0
1206.6455555555556,6282.7903301493425,6307.979000685007,132.0,3,43.0,False,0,6995.211,39.0
1207.4336473293622,6281.0,6316.0,132.23863563636363,3,43.19090850909091,False,0,6995.232,39.0
1217.3013226242826,6267.0,6366.0,135.1931810909091,3,45.55454487272727,False,0,6995.492,39.0
1223.3899999999999,6241.988987400292,6437.38047862757,137.0,3,47.0,False,0,6995.651,39.0
1228.8115980987245,6215.0,6510.0,138.40999936,3,47.70499968,False,0,6995.792,39.0
1231.1122222222223,6204.730885850297,6535.404040283476,139.0,3,48.0,False,0,6995.851000000001,39.0
1244.001111111111,6156.878930855419,6631.587187283476,145.0,3,51.0,False,0,6996.171,39.0
1248.1402464709602,6141.0,6660.0,146.51499904,3,52.00999936,False,0,6996.272,39.0
1252.2233333333334,6124.406049653632,6689.340084431407,148.0,3,53.0,False,0,6996.371,39.0
1258.89,6094.898831463752,6739.922547369561,150.0,4,56.0,False,0,6996.531,39.0
1263.1589329061603,6073.0,6774.0,151.51499904,4,57.51499904,False,0,6996.6320000000005,39.0
1267.39,6048.9816872122,6808.862800332004,153.0,4,59.0,False,0,6996.731,39.0
1269.1552809200068,6039.0,6823.0,153.58571337142857,4,59.292856685714284,False,0,6996.772,39.0
1278.7605658202867,5982.0,6899.0,156.7285705142857,4,60.86428525714286,False,0,6996.992,39.0
1279.6011111111113,5975.2896210944,6907.126045987801,157.0,4,61.0,False,0,6997.011,39.0
1286.7566666666667,5904.5904396158185,6988.364841867429,161.0,4,61.0,False,0,6997.171,39.0
1292.3293747240946,5859.0,7039.0,162.906248,4,61.7624992,False,0,6997.293000000001,39.0
1301.5122222222221,5825.6676644635045,7073.420564131343,166.0,4,63.0,False,0,6997.491,39.0
1305.3215234856004,5806.0,7091.0,166.68049704378345,4,65.04149113135034,False,0,6997.573,39.0
1312.7588888888888,5737.596994745078,7151.149993340536,168.0,4,69.0,False,0,6997.732,39.0
1320.4504714876405,5654.0,7223.0,170.81749888,4,69.0,False,0,6997.893,39.0
1332.2033333333334,5552.826248342556,7304.700086394957,175.0,4,69.0,False,0,6998.1320000000005,39.0
1343.468120997085,5482.0,7359.0,180.02273163636363,4,69.0,False,0,6998.353,39.0
1354.8144444444445,5424.523152534095,7403.051967116931,185.0,4,69.0,False,0,6998.572,39.0
1356.9376919472913,5409.0,7415.0,185.5124992,4,68.7437504,False,0,6998.613,39.0
1363.1255555555558,5350.17229766874,7460.369438022766,187.0,5,68.0,False,0,6998.732,39.0
1374.9093623240315,5226.0,7557.0,190.68333653333335,5,67.38611057777777,False,0,6998.953,39.0
1382.4255555555558,5177.747911828374,7595.932362254816,193.0,5,67.0,False,0,6999.092000000001,39.0
1394.4386567578624,5118.0,7646.0,195.3678592,5,63.053568,False,0,6999.313,39.0
1397.6700000000003,5095.758031844667,7664.287046959396,196.0,5,62.0,False,0,6999.372,39.0
1405.4438409542965,5034.0,7715.0,197.5666688,5,61.6083328,False,0,6999.513,39.0
1417.6700000000003,4928.6918041105255,7803.2996258910825,200.0,5,61.0,False,0,6999.732,39.0
1422.1856584267814,4889.0,7837.0,201.33891177535418,5,63.343095606869795,False,0,6999.812,39.0
1431.2133333333334,4809.432858075281,7905.104367629563,204.0,5,68.0,False,0,6999.9710000000005,39.0
1440.3244444444447,4732.261361067041,7971.606959118346,205.0,5,68.0,False,0,7000.131,39.0
1446.1206409548527,4691.0,8007.0,206.00999936,5,68.0,False,0,7000.232,39.0
1451.8244444444445,4656.549112588696,8036.377361232305,207.0,5,68.0,False,0,7000.331,39.0
1463.38,4593.256107964689,8090.097542948383,208.0,5,62.0,False,0,7000.531,39.0
1465.762896574527,4577.0,8104.0,208.40999936,5,62.0,False,0,7000.572,39.0
1470.428473129063,4542.0,8134.0,209.20999936,5,62.0,False,0,7000.652,39.0
1475.0466666666666,4506.805067037802,8164.058564568923,210.0,5,62.0,False,0,7000.731,39.0
1482.1343827407575,4453.0,8210.0,210.7562496,5,62.0,False,0,7000.852,39.0
1484.4244444444446,4435.7121539226,8224.850533497745,211.0,5,62.0,False,0,7000.8910000000005,39.0
1496.2022222222222,4347.368047066829,8301.38047249457,212.0,5,61.0,False,0,7001.091,39.0
1504.4886271507485,4284.0,8356.0,212.0,5,60.41250026666667,False,0,7001.232,39.0
1510.3355555555556,4238.616745548719,8394.739763549513,212.0,5,60.0,False,0,7001.331,39.0
1515.1569711398083,4203.0,8425.0,213.21499904,5,59.59500032,False,0,7001.412,39.0
1522.2800000000002,4155.848603904032,8464.924722392725,215.0,5,59.0,False,0,7001.531,39.0
1528.335683592701,4103.0,8510.0,215.6312496,5,59.0,False,0,7001.6320000000005,39.0
1531.88,4060.1886238833285,8546.75088143382,216.0,5,59.0,False,0,7001.691,39.0
1539.1687101431924,3967.0,8627.0,216.60499968,5,60.20999936,False,0,7001.812,39.0
1543.9355555555558,3927.6788162716484,8660.941088114208,217.0,6,61.0,False,0,7001.8910000000005,39.0
1559.7124755290968,3866.0,8715.0,217.72499982222223,6,60.27500017777778,False,0,7002.152,39.0
1565.7355555555557,3824.9837990404167,8751.146429155564,218.0,6,60.0,False,0,7002.251,39.0
1573.1381473208967,3766.0,8803.0,218.90749952,6,60.0,False,0,7002.372,39.0
1590.2911111111111,3637.4607293408044,8915.59077986536,221.0,6,60.0,False,0,7002.651,39.0
1590.3524526329154,3637.0,8916.0,221.0,6,60.0,False,0,7002.652,39.0
1597.7043705039623,3582.0,8965.0,221.0,6,60.0,False,0,7002.772,39.0
1608.7279453370015,3498.0,9038.0,221.0,6,60.0,False,0,7002.952,39.0
1614.8466666666666,3428.7662430674504,9098.540737694764,221.0,6,60.0,False,0,7003.051,39.0
1624.894376387011,3312.0,9201.0,223.68333226666667,6,60.0,False,0,7003.212,39.0
1629.8466666666668,3277.709665536123,9230.98399676662,225.0,6,60.0,False,0,7003.291,39.0
1646.2417766042024,3218.0,9283.0,225.65249984,6,58.04250048,False,0,7003.552000000001,39.0
1654.957777777778,3153.621301958136,9339.833612557331,226.0,6,57.0,False,0,7003.691,39.0
1658.7740186291023,3124.0,9366.0,225.69500032,6,56.08500096,False,0,7003.752,39.0
1667.4577777777781,3061.594676574647,9421.039277444377,225.0,6,54.0,False,0,7003.8910000000005,39.0
1670.0816684505676,3040.0,9440.0,225.0,6,53.68578644361679,False,0,7003.933,39.0
1691.3319896481844,2822.0,9630.0,225.0,6,51.14214322468121,False,0,7004.273,39.0
1692.520277777778,2812.980508086721,9637.800081526733,225.0,6,51.0,False,0,7004.292,39.0
1707.5202777777781,2745.217656338581,9695.588298535897,225.0,6,47.0,False,0,7004.532,39.0
1717.4758333333339,2680.5632515725897,9751.50918739915,224.0,6,47.0,False,0,7004.692,39.0
1717.5381746117635,2680.0,9752.0,224.0041664,6,46.9708352,False,0,7004.693,39.0
1732.4758333333336,2511.6498042982053,9899.429366091419,225.0,6,40.0,False,0,7004.932,39.0
1732.5381274542287,2511.0,9900.0,224.9928576,6,39.982144,False,0,7004.933,39.0
1749.820277777778,2373.372732992809,10021.357199146216,223.0,6,35.0,False,0,7005.212,39.0
1754.8207417561175,2340.0,10051.0,222.55000035555557,6,32.52500195555555,False,0,7005.293000000001,39.0
1771.920277777778,2227.5672333080215,10151.542136252654,221.0,6,24.0,False,0,7005.572,39.0
1780.391204306651,2168.0,10205.0,217.9156208,6,18.7124928,False,0,7005.713000000001,39.0
1790.9425,2087.0504402393126,10277.677222244965,214.0,6,12.0,True,0,7005.892,39.0
1806.9647222222225,1963.3904465274838,10388.65008141011,206.0,6,7.0,True,0,7006.1720000000005,39.0
1807.0212119086436,1963.0,10389.0,205.9833344,6,6.986112,True,0,7006.173,39.0
1826.9647222222225,1842.6069286879329,10496.07893618095,200.0,6,2.0,True,0,7006.532,39.0
1829.1283125452303,1830.0,10507.0,198.99749389513883,6,1.8997493895138824,True,0,7006.572,39.0
1848.0230555555559,1702.2435672677825,10612.433713380775,190.0,6,1.0,True,0,7006.9310000000005,39.0
1850.135859152546,1681.0,10629.0,188.4625024,6,1.0,True,0,7006.972,39.0
1856.2008333333335,1608.7840071997698,10684.421891780727,184.0,6,1.0,True,0,7007.091,39.0
1861.2265624843858,1553.0,10726.0,180.46500224,6,0.49500031999999994,True,0,7007.192,39.0
1866.034166666667,1516.991501278997,10751.062836093404,177.0,5,0.0,True,0,7007.291,39.0
1874.505372830327,1472.0,10777.0,170.7781272,5,0.0,True,0,7007.472,39.0
1880.7897222222225,1420.011783106439,10806.355439944407,166.0,4,0.0,True,0,7007.611,39.0
1888.7103447984052,1343.0,10847.0,157.85500288,4,0.0,True,0,7007.792,39.0
1889.511944444445,1335.5768925671894,10850.484754205112,157.0,4,0.0,True,0,7007.811000000001,39.0
1894.4583195773603,1290.0,10870.0,151.62222506666666,4,0.0,True,0,7007.932,39.0
1902.149131903395,1211.0,10899.0,142.73333617777777,4,0.0,True,0,7008.1320000000005,39.0
1903.6119444444448,1195.7864889148384,10903.87249189981,141.0,4,0.0,True,0,7008.171,39.0
1929.7698143142102,928.0,10947.0,127.35000117894737,4,0.9749999157894736,True,0,7008.912,39.0
1930.423055555556,921.2236245642389,10947.251387767654,127.0,3,1.0,True,0,7008.9310000000005,39.0
1935.8897222222224,864.3251865764447,10948.050477727458,123.0,3,0.0,True,0,7009.091,39.0
1936.5952163482175,857.0,10948.0,122.58000128,3,0.0,True,0,7009.112,39.0
1942.5008333333337,796.3304828710252,10946.020770531593,119.0,3,0.0,True,0,7009.291,39.0
1942.5335947488816,796.0,10946.0,118.9944448,3,0.0,True,0,7009.292,39.0
1951.0066301195977,713.0,10936.0,117.55000035555555,3,0.0,True,0,7009.552000000001,39.0
1954.2008333333338,682.7292908022924,10929.075215088094,117.0,3,0.0,False,0,7009.651,39.0
1956.7990377048477,658.0,10922.0,116.19000064,3,0.8099993600000001,False,0,7009.732,39.0
1960.5897222222227,621.0700506751033,10909.252108402961,115.0,2,2.0,False,0,7009.851000000001,39.0
1966.2905399063613,567.0,10887.0,113.8687504,2,6.524998399999999,False,0,7010.032,39.0
1970.6341666666672,529.7762348914123,10869.325812288076,113.0,2,10.0,False,0,7010.171,39.0
1971.9121894558753,517.0,10862.0,112.7437504,2,10.768748800000001,False,0,7010.212,39.0
1975.6119444444448,471.96098993064385,10832.61873159014,112.0,2,13.0,False,0,7010.331,39.0
1978.7687462560552,436.0,10807.0,111.63571382857143,2,14.821430857142857,False,0,7010.433,39.0
1984.2452777777783,402.3721469740656,10779.041815353565,111.0,2,18.0,False,0,7010.611,39.0
1989.8069559338355,381.0,10752.0,110.08999936,2,22.5500032,False,0,7010.793000000001,39.0
1990.3563888888893,378.18164773380397,10748.260763873452,110.0,2,23.0,False,0,7010.811000000001,39.0
1995.2758333333336,348.2992880987574,10707.405857135689,110.0,2,25.0,False,0,7010.972,39.0
1997.1480774265046,337.0,10691.0,110.30500096,2,26.22000384,False,0,7011.033,39.0
2001.4425000000003,313.4797989519504,10654.110899954414,111.0,2,29.0,False,0,7011.1720000000005,39.0
2002.7198002822108,307.0,10643.0,111.40999936,2,30.0249984,False,0,7011.213000000001,39.0
2007.7202777777782,283.48395409335194,10598.254974146432,113.0,2,34.0,False,0,7011.372,39.0
2009.6585142575586,275.0,10581.0,113.61000192,2,36.13500672,False,0,7011.433,39.0
2014.1091666666669,256.4783566602729,10541.964252080004,115.0,2,41.0,False,0,7011.572,39.0
2015.4279965673506,251.0,10530.0,115.29285668571428,2,41.87857005714286,False,0,7011.613,39.0
2017.3627115514237,243.0,10512.0,115.72142994285714,2,43.16428982857143,False,0,7011.673,39.0
2023.209166666667,224.07233888024436,10458.773286782327,117.0,2,47.0,False,0,7011.852,39.0
2025.2427066848281,219.0,10440.0,118.08928914285714,2,47.871431314285715,False,0,7011.9130000000005,39.0
2032.6980555555558,205.38539435706804,10367.86378764027,122.0,2,51.0,False,0,7012.1320000000005,39.0
2036.8929708514104,200.0,10326.0,123.890624,2,52.5124992,False,0,7012.253000000001,39.0
2043.2929566091836,194.0,10262.0,126.70312799999999,2,54.7625024,False,0,7012.433,39.0
2043.9869444444448,193.51927704800755,10255.08817229455,127.0,3,55.0,False,0,7012.452,39.0
2050.7772839538493,190.0,10188.0,132.0906304,3,53.3031232,False,0,7012.633,39.0
2056.075833333334,187.39992945262276,10135.927245248438,136.0,3,52.0,False,0,7012.772,39.0
2056.874346838086,187.0,10128.0,136.0,3,49.703104,False,0,7012.793000000001,39.0
2065.916604286487,182.0,10037.0,136.0,3,23.5625,False,0,7013.032,39.0
2068.1647222222227,180.37605271457286,10014.362344951658,136.0,3,17.0,True,0,7013.092000000001,39.0
2074.8409949467537,174.0,9947.0,133.75,3,4.249999999999998,True,0,7013.272,39.0
2077.0313888888895,171.13146103190235,9924.545919870643,133.0,3,0.0,True,0,7013.332,39.0
2081.349057091114,163.0,9878.0,131.1954890112499,3,0.0,True,0,7013.452,39.0
2091.107222222223,125.1538122415465,9759.357926934026,127.0,3,0.0,True,0,7013.731,39.0
2091.141667533988,125.0,9759.0,126.9863645090909,3,0.0,True,0,7013.732,39.0
2097.283759292556,96.0,9704.0,124.53181905454545,3,0.0,True,0,7013.912,39.0
2104.618359357795,53.0,9642.0,121.53181905454545,3,0.0,True,0,7014.1320000000005,39.0
2105.896111111112,44.98990030802289,9632.202847823148,121.0,3,0.0,True,0,7014.171,39.0
2109.8170514699827,18.0,9603.0,117.9750016,3,0.0,True,0,7014.292,39.0
2112.3405555555564,-3.9739672920286395,9582.319605452218,116.0,3,0.0,True,0,7014.371,39.0
2118.6183333333342,-63.75784807512121,9532.190165205548,113.0,3,0.0,False,0,7014.571,39.0
2118.6495585507087,-64.0,9532.0,112.9958336,3,0.0,False,0,7014.572,39.0
2126.085000000001,-111.3271472651492,9501.36877063319,112.0,3,0.0,False,0,7014.811000000001,39.0
2127.3501544838796,-123.0,9496.0,111.65833386666667,3,0.0,False,0,7014.852,39.0
2133.418333333334,-204.36432316230807,9463.566221932828,110.0,3,0.0,True,0,7015.051,39.0
2136.4254285774487,-240.0,9451.0,108.55714377142857,3,0.0,True,0,7015.152,39.0
2141.6627777777785,-271.48600052868454,9443.55591498342,106.0,3,0.0,True,0,7015.331,39.0
2145.174449721023,-292.0,9443.0,104.79000064,3,0.0,True,0,7015.452,39.0
2147.4405555555563,-312.2235697015084,9442.561188239491,104.0,3,0.0,False,0,7015.531,39.0
2151.412575937153,-355.0,9443.0,102.2375008,3,0.0,False,0,7015.6720000000005,39.0
2154.17388888889,-382.47760153248623,9445.812706594723,101.0,2,0.0,False,0,7015.771000000001,39.0
2156.429286189312,-404.0,9450.0,100.4937504,2,0.0,False,0,7015.852,39.0
2158.6183333333342,-424.7701023200148,9455.938629347449,100.0,2,0.0,False,0,7015.9310000000005,39.0
2165.735020679739,-491.0,9486.0,98.3687504,2,5.7093736,False,0,7016.192,39.0
2167.3294444444455,-505.14761228071734,9494.047578504846,98.0,2,7.0,False,0,7016.251,39.0
2170.589082654284,-533.0,9512.0,97.6218752,2,11.9156224,False,0,7016.372,39.0
2175.9516666666677,-574.8516538730038,9546.412410403662,97.0,2,20.0,False,0,7016.571,39.0
2177.0636846774833,-583.0,9554.0,97.2562496,2,21.281248,False,0,7016.612,39.0
2180.307222222223,-605.8547969291383,9576.751388086153,98.0,2,25.0,False,0,7016.731,39.0
2181.980452343834,-617.0,9589.0,98.3812496,2,26.7156232,False,0,7016.792,39.0
2185.2938278984166,-638.0,9615.0,99.1312496,2,30.0906232,False,0,7016.912,39.0
2189.196111111112,-663.2889205303534,9652.08149194318,100.0,2,34.0,False,0,7017.051,39.0
2195.0107731663484,-697.0,9710.0,102.88571245714286,2,39.0499968,False,0,7017.253000000001,39.0
2197.2850000000008,-706.6727255402427,9729.234032853281,104.0,2,41.0,False,0,7017.331,39.0
2203.2033333333343,-724.1550890108261,9772.377966169446,106.0,2,40.0,False,0,7017.532,39.0
2206.8266402009067,-735.0,9802.0,107.5124992,2,39.2437504,False,0,7017.653,39.0
2208.0033333333345,-738.8539105049601,9812.585633974151,108.0,2,39.0,False,0,7017.692,39.0
2209.2445618061556,-743.0,9825.0,108.22777742222222,2,37.17778062222222,False,0,7017.733,39.0
2218.4211956090394,-770.0,9956.0,109.89444551111112,2,23.844435911111113,False,0,7018.033,39.0
2219.0033333333345,-771.0405302589647,9963.126246924327,110.0,2,23.0,False,0,7018.052000000001,39.0
2230.0033333333345,-775.1563006002629,10051.284737132242,110.0,2,13.0,False,0,7018.412,39.0
2231.2489509884185,-775.0,10060.0,109.7437504,2,12.7437504,False,0,7018.453,39.0
2234.847777777779,-774.5050828575453,10086.112562146274,109.0,2,12.0,True,0,7018.572,39.0
2239.05736502571,-773.0,10121.0,107.8249984,2,11.4124992,True,0,7018.713000000001,39.0
2241.981111111112,-770.7161023717576,10149.840945217355,107.0,2,11.0,True,0,7018.812,39.0
2246.6477777777786,-766.0269418150124,10197.730071679454,105.0,2,13.0,True,0,7018.972,39.0
2246.67657885471,-766.0,10198.0,104.9875008,2,12.9968752,True,0,7018.973,39.0
2253.445272667063,-757.0,10266.0,101.9875008,2,12.2468752,True,0,7019.213000000001,39.0
2255.6255555555563,-749.4540939896604,10304.148637877004,101.0,2,12.0,True,0,7019.292,39.0
2258.3849851593905,-739.0,10354.0,100.31136232727273,2,14.29545890909091,True,0,7019.393,39.0
2267.6033333333344,-725.8762392293238,10411.329014129065,98.0,2,22.0,False,0,7019.732,39.0
2270.4079614125653,-719.0,10433.0,99.38888888888889,2,27.555555555555557,False,0,7019.832,39.0
2277.9033333333346,-687.3510578668869,10531.013037653198,103.0,2,42.0,False,0,7020.092000000001,39.0
2279.079794831979,-683.0,10544.0,103.80401984192326,2,42.804019841923264,False,0,7020.1320000000005,39.0
2283.818055555557,-670.053271469826,10580.396225257635,107.0,2,46.0,False,0,7020.291,39.0
2289.3404191747077,-658.0,10611.0,109.71499904,2,46.0,False,0,7020.472,39.0
2289.929166666668,-656.5004347424568,10614.845877972552,110.0,2,46.0,False,0,7020.491,39.0
2296.915419956798,-630.0,10680.0,113.68333226666667,2,45.07916693333333,False,0,7020.712,39.0
2297.529166666668,-625.966198556963,10689.30390583998,114.0,2,45.0,False,0,7020.731,39.0
2301.4861072534354,-596.0,10757.0,117.0249984,2,45.7562496,False,0,7020.852,39.0
2302.7736111111126,-587.368351148554,10776.129329795267,118.0,2,46.0,False,0,7020.8910000000005,39.0
2308.1069444444456,-560.2915464604642,10833.982783126037,120.0,3,49.0,False,0,7021.051,39.0
2313.5736111111123,-542.2493045609303,10869.6239641518,123.0,3,53.0,False,0,7021.211,39.0
2317.1474510615126,-531.0,10892.0,125.5249984,3,53.0,False,0,7021.312,39.0
2323.6847222222236,-511.02621542807356,10932.183045571126,130.0,3,53.0,False,0,7021.491,39.0
2332.7563901621556,-478.0,10996.0,135.16428434285714,3,56.44285622857143,False,0,7021.732,39.0
2334.2625000000016,-471.16833720104944,11008.55398322407,136.0,3,57.0,False,0,7021.771000000001,39.0
2336.6420103265295,-460.0,11029.0,137.21999872,3,57.0,False,0,7021.832,39.0
2347.0613916683033,-413.0,11117.0,142.41999872,3,57.0,False,0,7022.092000000001,39.0
2350.2625000000016,-399.1258526622597,11142.590153669713,144.0,3,57.0,False,0,7022.171,39.0
2353.5522706334914,-382.0,11173.0,145.0124992,3,55.9875008,False,0,7022.252,39.0
2360.0625000000014,-330.9918633103032,11258.902488199934,147.0,4,54.0,False,0,7022.411,39.0
2364.266191199806,-297.0,11314.0,148.68333226666667,4,54.0,False,0,7022.512000000001,39.0
2370.129166666668,-257.6677349184041,11374.527531723146,151.0,4,54.0,False,0,7022.651,39.0
2382.1847222222236,-201.38777424624897,11453.055696924946,155.0,4,55.0,False,0,7022.9310000000005,39.0
2383.9878219507195,-195.0,11462.0,155.87857005714287,4,55.87857005714286,False,0,7022.972,39.0
2394.706944444446,-159.65325745533968,11511.277162439681,161.0,4,61.0,False,0,7023.211,39.0
2397.4983255824354,-142.0,11534.0,162.06749888,4,61.60999936,False,0,7023.272,39.0
2409.6307475783924,-28.0,11676.0,166.61749888,4,64.20999936,False,0,7023.532,39.0
2413.3736111111125,-3.6448785386608105,11706.114294049847,168.0,4,65.0,False,0,7023.611,39.0
2430.7736111111126,59.993627981221124,11776.57011306449,174.0,4,71.0,False,0,7023.9710000000005,39.0
2433.8511589350264,87.0,11804.0,175.26530891832147,4,70.8594101201865,False,0,7024.033,39.0
2443.9566498126933,199.0,11917.0,179.34694216372856,4,70.40589531514127,False,0,7024.233,39.0
2453.1911111111126,232.38353071672063,11948.538850865047,183.0,5,70.0,False,0,7024.412,39.0
2456.37454218052,244.0,11959.0,184.18611484444443,5,69.83055502222223,False,0,7024.473,39.0
2471.1803849438193,351.0,12057.0,189.6305592888889,5,69.05277724444444,False,0,7024.753000000001,39.0
2472.1911111111126,358.8378129165668,12063.870532216533,190.0,5,69.0,False,0,7024.772,39.0
2481.852169747325,432.0,12125.0,191.93928777142858,5,68.35357074285714,False,0,7024.953,39.0
2487.2022222222236,473.7864210910615,12157.75443751265,193.0,5,68.0,False,0,7025.052000000001,39.0
2491.628884967248,508.0,12184.0,194.28863534545454,5,67.44772770909091,False,0,7025.133,39.0
2507.217066251019,631.0,12274.0,198.7431808,5,65.5386368,False,0,7025.4130000000005,39.0
2511.646666666668,677.4439634656636,12304.49498638551,200.0,5,65.0,False,0,7025.492,39.0
2522.94794404636,800.0,12380.0,201.11666631111112,5,42.666673777777774,False,0,7025.693,39.0
2531.8466666666677,857.1842073893812,12410.618626702126,202.0,5,25.0,False,0,7025.852,39.0
2538.558939630063,900.0,12431.0,200.8656256,5,27.2687488,False,0,7025.973,39.0
2549.5355555555566,1000.4753930699203,12478.760638903213,199.0,5,31.0,False,0,7026.1720000000005,39.0
2549.590731373295,1001.0,12479.0,199.0,5,31.0406224,False,0,7026.173,39.0
2567.2244444444455,1165.0,12547.0,199.0,5,44.0,False,0,7026.492,39.0
2577.2242861853383,1258.0,12581.0,199.9,5,44.0,False,0,7026.6720000000005,39.0
2578.3355555555568,1267.6978122512141,12584.41167698395,200.0,5,44.0,False,0,7026.692,39.0
2586.109748949667,1342.0,12609.0,200.0,5,44.956719678291435,False,0,7026.832,39.0
2597.21316804213,1513.0,12659.0,200.0,5,46.32346207585063,False,0,7027.032,39.0
2602.7244444444455,1566.1959219772434,12673.742255886342,200.0,5,47.0,False,0,7027.131,39.0
2613.891111111112,1616.9663852694343,12685.551599561739,201.0,5,47.0,False,0,7027.331,39.0
2616.1839830885506,1632.0,12689.0,201.1281248,5,47.7687488,False,0,7027.372,39.0
2628.518049629328,1753.0,12716.0,201.8156248,5,51.8937488,False,0,7027.592000000001,39.0
2631.8466666666677,1796.7463156541426,12724.539950922835,202.0,5,53.0,False,0,7027.651,39.0
2645.550348983589,1987.0,12758.0,204.2593744,5,56.765624,False,0,7027.892,39.0
2650.06888888889,2028.802826788351,12764.899222951099,205.0,5,58.0,False,0,7027.9710000000005,39.0
2666.16888888889,2113.8814746908256,12776.646360478688,207.0,5,59.0,False,0,7028.251,39.0
2669.6970821018904,2140.0,12780.0,207.43571382857144,5,59.87142765714286,False,0,7028.312,39.0
2682.4244444444453,2265.4060279877617,12795.928533144424,209.0,5,63.0,False,0,7028.531,39.0
2682.4827514406124,2266.0,12796.0,209.0071424,5,62.9928576,False,0,7028.532,39.0
2694.1827382612223,2382.0,12809.0,210.43571382857144,5,61.56428617142857,False,0,7028.732,39.0
2698.8355555555563,2427.427299159119,12813.669738972894,211.0,5,61.0,False,0,7028.811000000001,39.0
2706.003560788072,2499.0,12821.0,212.1343744,5,61.7562496,False,0,7028.932,39.0
2717.8577777777787,2626.692995564322,12835.220251214956,214.0,6,63.0,False,0,7029.131,39.0
2720.3006843479816,2652.0,12838.0,214.20499968,6,63.81999872,False,0,7029.1720000000005,39.0
2729.802222222223,2742.7401587384174,12847.497878544202,215.0,6,67.0,False,0,7029.331,39.0
2740.7779431065755,2843.0,12857.0,217.513888,6,69.0111104,False,0,7029.512000000001,39.0
2751.802222222223,2951.7016375876074,12866.595298882734,220.0,6,71.0,False,0,7029.691,39.0
2756.8435556667127,3001.0,12872.0,221.18124906666668,6,72.68749866666667,False,0,7029.772,39.0
2759.3452162550007,3025.0,12875.0,221.7645824,6,73.520832,False,0,7029.812,39.0
2782.0688888888894,3245.7506969290343,12897.862995922707,227.0,6,81.0,False,0,7030.171,39.0
2782.1963083980063,3247.0,12898.0,227.0222208,6,80.9944448,False,0,7030.173,39.0
2793.6972167981626,3360.0,12911.0,229.02222364444444,6,80.49444408888888,False,0,7030.353,39.0
2804.0028301099187,3461.0,12922.0,230.8000014222222,6,80.04999964444444,False,0,7030.513,39.0
2805.1688888888893,3472.4357458590157,12923.279609541982,231.0,6,80.0,False,0,7030.531,39.0
2820.975573392556,3628.0,12941.0,234.01745524468114,6,76.37905370638263,False,0,7030.773,39.0
2824.924262850134,3667.0,12945.0,234.76558823191434,6,75.4812941217028,False,0,7030.8330000000005,39.0
2831.456666666668,3729.798676950748,12951.776667938073,236.0,6,74.0,False,0,7030.932,39.0
2842.125578268109,3837.0,12964.0,237.5093744,6,72.9937504,False,0,7031.093,39.0
2852.701111111112,3965.925062453284,12978.455266019097,239.0,6,72.0,False,0,7031.252,39.0
2862.098379646528,4074.0,12991.0,239.70500096,6,68.4749952,False,0,7031.393,39.0
2866.0344444444454,4111.012756946994,12995.602916312637,240.0,6,67.0,False,0,7031.452,39.0
2883.457013274454,4246.0,13014.0,240.0,6,52.49998933333333,False,0,7031.713,39.0
2890.0344444444454,4308.844234597882,13022.264425997208,240.0,6,47.0,True,0,7031.812,39.0
2898.0344185569284,4391.0,13033.0,238.9916672,6,47.33611093333333,True,0,7031.933,39.0
2908.5546555135966,4496.0,13047.0,237.65833386666668,6,47.78055537777778,True,0,7032.093,39.0
2913.734444444445,4547.815750008589,13053.790493388655,237.0,6,48.0,False,0,7032.1720000000005,39.0
2921.6477628430716,4627.0,13064.0,235.18500096,6,40.13500416,False,0,7032.293000000001,39.0
2926.734444444445,4678.024749058709,13070.519896302854,234.0,6,35.0,True,0,7032.372,39.0
2942.8419887482364,4844.0,13090.0,224.86499328,6,12.814983680000001,True,0,7032.633,39.0
2951.178888888889,4931.382586106123,13097.857182782313,220.0,6,1.0,True,0,7032.772,39.0
2952.431728734401,4944.0,13099.0,219.26499328,6,1.0,True,0,7032.793000000001,39.0
2963.0122222222226,5048.140379839641,13108.408698485688,213.0,6,1.0,True,0,7032.972,39.0
2965.3392684742857,5076.0,13110.0,212.0,6,1.2857142857142856,True,0,7033.012000000001,39.0
2977.905084105614,5253.0,13114.0,206.5,6,2.857142857142857,True,0,7033.232,39.0
2979.034444444445,5265.417125408925,13113.991730076283,206.0,6,3.0,True,0,7033.252,39.0
2997.964465794343,5385.0,13103.0,200.887218865208,6,5.556390567395999,True,0,7033.592000000001,39.0
3001.2011111111115,5412.536390285385,13098.35100553081,200.0,5,6.0,False,0,7033.651,39.0
3009.912222222222,5503.233793068187,13081.830255868315,196.0,5,8.0,False,0,7033.811000000001,39.0
3012.131129278385,5526.0,13077.0,195.4875008,5,8.0,False,0,7033.852,39.0
3018.534444444445,5588.563632547233,13061.7759584841,194.0,5,8.0,False,0,7033.9710000000005,39.0
3022.8496181432974,5630.0,13050.0,192.9875008,5,8.2531248,False,0,7034.052000000001,39.0
3034.4277734012185,5741.0,13012.0,190.2375008,5,8.9406248,False,0,7034.272,39.0
3035.4233333333336,5749.933120262211,13008.51528007847,190.0,5,9.0,False,0,7034.291,39.0
3042.795204429635,5817.0,12979.0,188.82500053333334,5,17.812496,False,0,7034.432,39.0
3047.9566666666665,5876.352498019081,12947.54913820676,188.0,5,24.0,False,0,7034.531,39.0
3056.328352318737,5972.0,12892.0,187.55277795555557,5,33.83888497777778,False,0,7034.692,39.0
3066.6566666666663,6031.080017469196,12852.683099639486,187.0,5,46.0,False,0,7034.8910000000005,39.0
3069.823300806165,6049.0,12839.0,187.0,5,47.5249984,False,0,7034.952,39.0
3079.1233333333334,6119.922457060074,12782.623460765864,187.0,5,52.0,False,0,7035.131,39.0
3085.425230055913,6170.0,12741.0,187.43214262857143,5,53.728570514285714,False,0,7035.252,39.0
3093.7455555555557,6227.811481438539,12688.98807452113,188.0,5,56.0,False,0,7035.411,39.0
3096.9567764289973,6253.0,12662.0,188.60999936,5,56.60999936,False,0,7035.472,39.0
3104.3011111111114,6322.120947882066,12577.927064906995,190.0,5,58.0,False,0,7035.611,39.0
3108.584492676223,6358.0,12531.0,190.5062496,5,58.0,False,0,7035.692,39.0
3112.79,6384.0467846835545,12494.780857725578,191.0,5,58.0,False,0,7035.771000000001,39.0
3129.3166250408563,6436.0,12402.0,197.5843736,5,88.0999936,False,0,7036.072,39.0
3130.3899999999994,6439.921222130212,12394.686316363819,198.0,5,90.0,False,0,7036.091,39.0
3141.976295053162,6492.0,12293.0,204.53249792,5,95.0249984,False,0,7036.292,39.0
3153.834444444444,6561.311458053771,12129.551128824358,211.0,5,100.0,False,0,7036.491,39.0
3157.5407680815497,6578.0,12088.0,213.39642605714286,5,100.0,False,0,7036.552000000001,39.0
3171.101111111111,6606.253792875791,12010.052696463807,222.0,5,100.0,False,0,7036.771000000001,39.0
3177.530671035676,6618.0,11972.0,225.06000384,5,100.0,False,0,7036.8730000000005,39.0
3183.767777777778,6634.321638020992,11919.289278423865,228.0,5,100.0,False,0,7036.9710000000005,39.0
3194.1930886677146,6666.0,11815.0,231.0280355943747,5,100.0,False,0,7037.133,39.0
3204.632777777778,6692.735609183605,11719.977456635179,234.0,6,100.0,False,0,7037.292,39.0
3208.710070239779,6704.0,11677.0,236.74500864,6,100.0,False,0,7037.353,39.0
3218.132777777778,6733.8255468967745,11557.78537337363,243.0,6,100.0,False,0,7037.492,39.0
3222.3132940004707,6746.0,11508.0,244.3343792,6,100.0,False,0,7037.553,39.0
3240.3549999999996,6781.042100802006,11358.83319963016,250.0,6,100.0,False,0,7037.812,39.0
3250.3643769411,6798.0,11278.0,252.82000384,6,100.0,False,0,7037.953,39.0
3256.1008808457404,6809.0,11223.0,254.42000384,6,100.0,False,0,7038.033,39.0
3269.0216666666665,6838.807754268634,11069.361619761707,258.0,6,100.0,False,0,7038.212,39.0
3273.447529402949,6849.0,11013.0,259.0892891428571,6,100.0,False,0,7038.273,39.0
3289.4772222222223,6881.647650175021,10809.303483303169,263.0,6,100.0,False,0,7038.492,39.0
3298.4844919324723,6896.0,10709.0,265.6468736,6,100.0,False,0,7038.613,39.0
3313.477222222222,6912.80828366944,10576.77695219524,270.0,7,100.0,False,0,7038.812,39.0
3325.610555555555,6923.22290752369,10481.315145239361,273.0,7,100.0,False,0,7038.972,39.0
3328.73350402173,6926.0,10455.0,273.5124992,7,100.0,False,0,7039.013,39.0
3337.832777777777,6934.3107601512565,10374.339897256057,275.0,7,100.0,False,0,7039.1320000000005,39.0
3351.7828509572582,6947.0,10242.0,277.2625024,7,100.0,False,0,7039.313,39.0
3356.3661111111114,6950.912847123082,10197.250499400618,278.0,7,100.0,False,0,7039.372,39.0
3372.0327777777784,6962.962675008362,10041.585178915724,282.0,7,100.0,False,0,7039.572,39.0
3373.6063664912667,6964.0,10026.0,282.2,7,100.0,False,0,7039.592000000001,39.0
3386.228826829234,6971.0,9901.0,283.8,7,100.0,False,0,7039.752,39.0
3387.8105555555553,6971.683487374579,9885.107380316647,284.0,7,100.0,False,0,7039.772,39.0
3397.3186711691,6975.0,9790.0,285.0,7,99.5,False,0,7039.892,39.0
3406.877222222223,6977.613865935759,9700.821948287963,286.0,7,99.0,False,0,7040.012000000001,39.0
3411.682917949859,6979.0,9648.0,286.75,7,99.0,False,0,7040.072,39.0
3426.1438888888893,6984.2383699344555,9430.560048345087,289.0,7,99.0,False,0,7040.252,39.0
3437.339164919843,6988.0,9280.0,288.11949720976213,7,99.0,False,0,7040.392,39.0
3438.86388888889,6988.410829951862,9265.191759111618,288.0,7,99.0,False,0,7040.411,39.0
3455.030555555557,6991.597308006255,9180.679190386863,291.0,7,99.0,False,0,7040.611,39.0
3463.2325205805037,6994.0,9135.0,291.56111075555555,7,99.28055537777777,False,0,7040.712,39.0
3482.7807286106163,7005.0,8955.0,292.89444408888886,7,99.94722204444444,False,0,7040.952,39.0
3484.3305555555567,7006.344762093162,8939.640358117655,293.0,7,100.0,False,0,7040.9710000000005,39.0
3500.6638888888892,7024.890405665044,8778.803569145337,294.0,7,100.0,False,0,7041.171,39.0
3500.7456528065954,7025.0,8778.0,294.0031248,7,100.0,False,0,7041.1720000000005,39.0
3518.761312496684,7053.0,8601.0,294.6906248,7,100.0,False,0,7041.392,39.0
3526.886111111112,7068.303021523311,8521.182643539185,295.0,7,100.0,False,0,7041.491,39.0
3533.542024869449,7082.0,8456.0,295.33749973333335,7,100.0,False,0,7041.572,39.0
3546.619444444445,7111.739600387496,8328.752390969332,296.0,7,100.0,False,0,7041.731,39.0
3549.990996197867,7120.0,8296.0,296.0,7,100.0,False,0,7041.772,39.0
3563.06388888889,7154.208115302373,8169.16071148344,296.0,7,100.0,False,0,7041.9310000000005,39.0
3568.079302353518,7168.0,8121.0,296.0,7,100.0,False,0,7041.992,39.0
3581.2349437236103,7206.0,7996.0,296.0,7,100.0,False,0,7042.152,39.0
3589.3750000000005,7232.0526517542785,7917.837094332519,296.0,7,100.0,False,0,7042.251,39.0
3602.6127263578783,7277.0,7794.0,296.0,7,99.19500032,False,0,7042.412,39.0
3605.8194444444453,7287.8378165330305,7765.995103933203,296.0,7,99.0,False,0,7042.451,39.0
3622.26388888889,7350.597268671302,7611.007090362209,296.0,7,96.0,False,0,7042.651,39.0
3622.3460956365634,7351.0,7610.0,295.9968752,7,95.8406352,False,0,7042.652,39.0
3640.4178650860845,7452.0,7348.0,295.3093752,7,60.7781352,False,0,7042.872,39.0
3648.4861111111127,7485.2343875396455,7247.9643742835815,295.0,7,45.0,True,0,7042.9710000000005,39.0
3661.3750000000014,7515.608492482419,7126.021455937414,290.0,7,21.0,True,0,7043.131,39.0
3675.6658055930993,7533.0,7019.0,284.1499958857143,7,24.250002285714285,True,0,7043.313,39.0
3683.230555555557,7537.864862512457,6970.549825856335,281.0,7,26.0,False,0,7043.411,39.0
3704.637110893944,7537.0,6841.0,273.97196440562533,7,47.0841067831241,False,0,7043.693,39.0
3707.573055555557,7535.679045857867,6819.10652935986,273.0,7,50.0,False,0,7043.732,39.0
3724.137378853413,7513.0,6642.0,270.78999808,7,61.60251008,False,0,7043.953,39.0
3736.051556194118,7466.0,6420.0,269.18999808,7,70.00251008000001,False,0,7044.113,39.0
3737.461944444445,7461.237500528363,6398.594875141645,269.0,7,71.0,False,0,7044.1320000000005,39.0
3755.195277777779,7431.8866282982235,6280.97772309494,266.0,7,70.0,False,0,7044.372,39.0
3769.9228085811455,7408.0,6190.0,263.71590981818184,7,42.13409978181818,False,0,7044.573,39.0
3787.095277777779,7352.192913937757,5940.991204906463,261.0,7,9.0,True,0,7044.812,39.0
3787.1658464286484,7352.0,5940.0,260.9562528,7,9.0031248,True,0,7044.813,39.0
3809.050833333334,7321.219711313777,5706.029389980468,247.0,6,10.0,True,0,7045.1320000000005,39.0
3813.053184140365,7319.0,5677.0,242.0437344,6,10.0,True,0,7045.193,39.0
3819.4508333333347,7316.649930177789,5639.504182839414,234.0,6,10.0,True,0,7045.292,39.0
3833.5712450184305,7318.0,5564.0,230.31666346666665,6,13.683336533333334,True,0,7045.513,39.0
3834.7841666666677,7318.643006140957,5554.523656948895,230.0,6,14.0,False,0,7045.532,39.0
3848.862552529902,7334.0,5418.0,228.4214272,6,26.6285824,False,0,7045.753000000001,39.0
3852.5175000000013,7341.589668971846,5382.07447216629,228.0,5,30.0,False,0,7045.812,39.0
3859.8236518112512,7361.0,5312.0,219.6812544,5,33.0249984,False,0,7045.933,39.0
3862.1619444444455,7367.842890254504,5290.248545489301,217.0,5,34.0,False,0,7045.972,39.0
3869.4263626165684,7394.0,5220.0,216.2437504,5,37.781248,False,0,7046.093,39.0
3871.7619444444454,7405.861225809924,5193.456571863812,216.0,5,39.0,False,0,7046.1320000000005,39.0
3888.40638888889,7522.675255487494,4973.4907389853115,214.0,5,51.0,False,0,7046.412,39.0
3890.778480232245,7536.0,4950.0,214.0,5,52.2,False,0,7046.452,39.0
3900.295277777779,7573.147043441257,4887.776881825026,214.0,5,57.0,False,0,7046.612,39.0
3912.295277777779,7607.233757238039,4834.067525410324,216.0,5,6.0,True,0,7046.812,39.0
3913.4748519279283,7612.0,4826.0,215.125,5,5.875,True,0,7046.832,39.0
3921.584166666668,7652.419070759022,4755.413717330018,209.0,5,5.0,True,0,7046.972,39.0
3927.23358300627,7681.0,4702.0,206.72209600406802,5,5.455580799186398,True,0,7047.072,39.0
3929.460624367006,7691.0,4682.0,205.8109344056952,5,5.637813118860958,True,0,7047.112,39.0
3945.851111111113,7751.689934299897,4528.94982982021,199.0,5,7.0,True,0,7047.411,39.0
3947.0067352034603,7755.0,4518.0,199.0,5,7.0,True,0,7047.432,39.0
3960.2808728643818,7783.0,4391.0,199.0,5,7.0,True,0,7047.6720000000005,39.0
3970.173333333335,7789.991463011596,4294.516332730362,199.0,5,7.0,True,0,7047.851000000001,39.0
3970.2284325363817,7790.0,4294.0,198.99545483636365,5,7.0,True,0,7047.852,39.0
3980.1175307630674,7783.0,4196.0,198.1772730181818,5,7.0,True,0,7048.032,39.0
3994.2511111111126,7729.166828240734,3983.573406165435,197.0,5,7.0,False,0,7048.291,39.0
3994.305478785108,7729.0,3983.0,196.99000064,5,7.0,False,0,7048.292,39.0
4005.084444444446,7709.717639237521,3928.800074092035,195.0,5,7.0,False,0,7048.491,39.0
4010.5052294497186,7696.0,3902.0,194.43888924444445,5,26.07776568888889,False,0,7048.592000000001,39.0
4020.1205519938712,7652.0,3815.0,193.43888924444445,5,60.07776568888889,False,0,7048.772,39.0
4024.384444444446,7630.247241227027,3777.3991903897786,193.0,5,75.0,False,0,7048.851000000001,39.0
4032.0801316333336,7589.0,3715.0,195.203124,5,76.7624992,False,0,7048.992,39.0
4041.9844444444457,7529.558073858893,3637.6794201579833,198.0,5,79.0,False,0,7049.171,39.0
4043.1542017489946,7522.0,3629.0,198.2624992,5,79.1312496,False,0,7049.192,39.0
4053.2445712264007,7452.0,3559.0,200.5124992,5,80.2562496,False,0,7049.372,39.0
4059.9400000000014,7400.7302252355685,3516.9053773750397,202.0,5,81.0,False,0,7049.491,39.0
4066.7525999593613,7345.0,3477.0,203.20999936,5,85.23499776,False,0,7049.612,39.0
4071.273333333335,7306.904041471273,3452.2509601283027,204.0,5,88.0,False,0,7049.691,39.0
4084.500113992124,7193.0,3387.0,211.5681861818182,5,93.5500032,False,0,7049.9130000000005,39.0
4095.654458980635,7096.0,3337.0,217.7045410909091,5,98.0499968,False,0,7050.093,39.0
4098.040000000002,7076.416112446663,3327.1764175863486,219.0,5,99.0,False,0,7050.131,39.0
4110.900779011363,6966.0,3266.0,225.04488491489434,5,99.50374040957453,False,0,7050.3330000000005,39.0
4123.770833333335,6816.1514486513925,3157.3711117841276,231.0,5,100.0,False,0,7050.532,39.0
4125.135127793255,6804.0,3148.0,231.42000384,5,99.89499904,False,0,7050.553,39.0
4136.8263888888905,6748.598759793624,3100.5151207814106,235.0,6,99.0,False,0,7050.732,39.0
4144.83252464429,6707.0,3056.0,238.0249984,6,99.7562496,False,0,7050.853,39.0
4147.448611111113,6686.032347165614,3033.670462826971,239.0,6,100.0,False,0,7050.892,39.0
4164.028104098884,6520.0,2856.0,246.7464265142857,6,100.0,False,0,7051.133,39.0
4166.737500000002,6501.319952066912,2835.3320197479197,248.0,6,100.0,False,0,7051.1720000000005,39.0
4177.893055555557,6458.352784215286,2784.0661577244614,251.0,6,100.0,False,0,7051.332,39.0
4187.885824825806,6424.0,2737.0,254.02143268571427,6,100.0,False,0,7051.473,39.0
4197.881944444446,6371.665540831762,2664.4414884597095,257.0,6,100.0,False,0,7051.612,39.0
4205.221463156015,6330.0,2604.0,259.02000384,6,100.0,False,0,7051.713,39.0
4227.326388888891,6216.7626172647215,2418.5947404531157,265.0,7,100.0,False,0,7052.012000000001,39.0
4228.900253074654,6209.0,2405.0,265.47250432,7,100.0,False,0,7052.033,39.0
4233.412391419786,6187.0,2366.0,266.82249856,7,100.0,False,0,7052.093,39.0
4257.770833333335,6076.568020288824,2158.0492976591795,274.0,7,100.0,False,0,7052.412,39.0
4259.3946816715015,6067.0,2139.0,274.5250048,7,100.0,False,0,7052.433,39.0
4273.414642297349,5978.0,1959.0,279.0249984,7,100.0,False,0,7052.613,39.0
4279.626388888891,5952.296246359408,1906.6975200215977,281.0,7,100.0,False,0,7052.692,39.0
4295.512365625482,5909.0,1818.0,284.75,7,100.0,False,0,7052.892,39.0
4305.137500000003,5864.872591708308,1727.4213574519617,287.0,7,100.0,False,0,7053.012000000001,39.0
4318.070833333336,5792.274927091558,1578.122759506407,291.0,7,100.0,False,0,7053.1720000000005,39.0
4322.956142540193,5769.0,1530.0,291.75,7,100.0,False,0,7053.232,39.0
4344.293055555559,5693.795001610919,1372.7294101618056,295.0,7,100.0,False,0,7053.492,39.0
4350.87273505809,5670.0,1323.0,295.8,7,100.0,False,0,7053.572,39.0
4360.793055555558,5629.199325064779,1238.157491903635,297.0,7,100.0,False,0,7053.692,39.0
4374.230067003034,5570.0,1114.0,300.20801953555576,7,100.0,False,0,7053.852,39.0
4386.146827902279,5519.0,1005.0,303.01503662916707,7,100.0,False,0,7053.992,39.0
4394.597222222224,5482.311218669189,929.1117210451033,305.0,8,100.0,False,0,7054.091,39.0
4399.811943159375,5460.0,883.0,305.60999936,8,100.0,False,0,7054.152,39.0
4418.673976609032,5380.0,714.0,307.80999936,8,100.0,False,0,7054.372,39.0
4428.930555555558,5327.919558313277,605.8128389525582,309.0,8,100.0,False,0,7054.491,39.0
4446.263888888892,5237.39688285736,419.81636739904553,312.0,8,100.0,False,0,7054.691,39.0
4446.350831296917,5237.0,419.0,312.0124992,8,100.0,False,0,7054.692,39.0
4460.219444444448,5181.555458327107,304.75584556891533,314.0,8,100.0,False,0,7054.851000000001,39.0
4479.71946287493,5115.0,167.0,315.77589234285716,8,100.0,False,0,7055.072,39.0
4553.612536588635,4800.0,-487.0,322.3651780571429,8,100.0,False,0,7055.892,39.0
4560.708333333337,4769.472384569352,-550.1222588198185,323.0,8,100.0,False,0,7055.9710000000005,39.0
4571.556007855269,4722.0,-648.0,323.0,8,100.0,False,0,7056.092000000001,39.0
4578.65277777778,4689.2714936977045,-715.1844286438347,323.0,8,100.0,False,0,7056.171,39.0
4587.764812136863,4648.0,-800.0,324.2624992,8,100.0,False,0,7056.272,39.0
4593.097222222225,4625.85330450686,-845.8334679778636,325.0,8,100.0,False,0,7056.331,39.0
4609.5571771212335,4554.0,-995.0,325.5687504,8,100.0,False,0,7056.513,39.0
4622.075000000003,4473.0359434538195,-1161.2367091661995,326.0,8,100.0,False,0,7056.651,39.0
4631.359622486046,4419.0,-1272.0,327.02000128,8,100.0,False,0,7056.753000000001,39.0
4640.297222222225,4385.388452047679,-1341.067742433398,328.0,8,100.0,False,0,7056.851000000001,39.0
4660.575273326747,4331.0,-1452.0,328.6915893216876,8,100.0,False,0,7057.073,39.0
4669.633055555559,4284.052857404251,-1546.432490214513,329.0,8,100.0,False,0,7057.1720000000005,39.0
4691.633055555558,4143.480164742603,-1828.0396452000205,330.0,8,100.0,False,0,7057.412,39.0
4691.724862842964,4143.0,-1829.0,330.00499968,8,100.0,False,0,7057.4130000000005,39.0
4710.021944444447,4069.602252028766,-1975.502296306729,331.0,8,100.0,False,0,7057.612,39.0
4728.558039913364,4011.0,-2091.0,331.50249984,8,100.0,False,0,7057.813,39.0
4746.910833333337,3939.1268888327263,-2230.8516608097443,332.0,8,100.0,False,0,7058.012000000001,39.0
4767.231706061535,3851.0,-2401.0,331.49772683636365,8,100.0,False,0,7058.233,39.0
4787.366388888892,3759.480036237377,-2576.091603569451,331.0,8,100.0,False,0,7058.452,39.0
4787.458455023387,3759.0,-2577.0,331.0,8,100.0,False,0,7058.453,39.0
4805.881387170564,3655.0,-2772.0,331.0,8,100.0,False,0,7058.653,39.0
4813.110833333337,3618.6633631425743,-2839.285885803179,331.0,8,100.0,False,0,7058.732,39.0
4834.8441666666695,3528.154500501956,-3002.9801149328537,326.0,8,100.0,False,0,7058.972,39.0
4843.959980917476,3487.0,-3075.0,324.5571401142857,8,96.75356525714285,False,0,7059.073,39.0
4856.475282161551,3424.0,-3183.0,322.55714377142857,8,92.25357348571428,False,0,7059.213,39.0
4859.888611111114,3406.0938270541606,-3213.053328648036,322.0,8,91.0,True,0,7059.252,39.0
4875.203780210291,3323.0,-3348.0,310.75,8,51.85,True,0,7059.432,39.0
4892.888611111115,3220.4828063581253,-3500.9073754909577,297.0,8,4.0,True,0,7059.652,39.0
4894.436419662222,3211.0,-3514.0,295.35,8,4.05,True,0,7059.6720000000005,39.0
4910.813858507063,3105.0,-3649.0,277.2,8,4.6,True,0,7059.892,39.0
4922.221944444448,3027.7215996731843,-3738.1833302410932,264.0,8,5.0,True,0,7060.052000000001,39.0
4925.029178662845,3008.0,-3759.0,261.57142857142856,8,5.142857142857143,True,0,7060.092000000001,39.0
4929.20643954098,2978.0,-3789.0,257.92857142857144,8,5.357142857142857,True,0,7060.152,39.0
4941.433055555559,2886.7861284210185,-3870.6779920832805,247.0,7,6.0,True,0,7060.332,39.0
4950.551137195779,2813.0,-3926.0,238.9713280065771,7,6.5017919995889315,True,0,7060.472,39.0
4959.33555555556,2736.15938852934,-3974.1004151843426,231.0,6,7.0,True,0,7060.611,39.0
4961.889488950423,2713.0,-3987.0,228.6937536,6,7.0,True,0,7060.652,39.0
4969.202222222227,2644.760781553148,-4021.1313095837922,222.0,6,7.0,True,0,7060.771000000001,39.0
4977.662547707922,2567.0,-4054.0,217.06500224,6,7.70499968,True,0,7060.912,39.0
4981.146666666671,2537.3462908700953,-4064.8676397661893,215.0,5,8.0,True,0,7060.9710000000005,39.0
4989.353523610551,2469.0,-4086.0,211.4750016,5,8.4406248,True,0,7061.112,39.0
4997.345307212672,2390.0,-4104.0,207.9750016,5,8.8781248,True,0,7061.252,39.0
4999.546666666671,2361.819986107978,-4107.449475833761,207.0,5,9.0,False,0,7061.291,39.0
5010.713333333338,2193.2565067057203,-4114.008004690503,201.0,5,17.0,False,0,7061.491,39.0
5011.886494472941,2179.0,-4114.0,201.0,5,19.2312432,False,0,7061.512000000001,39.0
5019.646666666671,2110.328311305377,-4111.219928645364,201.0,5,34.0,False,0,7061.651,39.0
5028.446666666671,2068.1744516268514,-4101.37003025339,198.0,5,52.0,False,0,7061.811000000001,39.0
5034.006264092833,2027.0,-4090.0,198.0,5,57.0499968,False,0,7061.912,39.0
5039.446666666671,1974.5351894682792,-4075.1602994771124,198.0,5,62.0,False,0,7062.011,39.0
5039.501437442312,1974.0,-4075.0,197.99500032,5,62.00999936,False,0,7062.012000000001,39.0
5050.391111111116,1873.1645281962628,-4039.4715729379523,197.0,5,64.0,False,0,7062.211,39.0
5054.896811275308,1831.0,-4020.0,198.34999893333332,5,67.37499733333334,False,0,7062.292,39.0
5070.691111111116,1678.4879743824254,-3929.336091779718,203.0,5,79.0,False,0,7062.571,39.0
5070.747733323071,1678.0,-3929.0,203.0062496,5,79.031248,False,0,7062.572,39.0
5079.757777777782,1608.9657384477582,-3876.781188574511,204.0,5,84.0,False,0,7062.731,39.0
5091.257777777782,1536.9566395651862,-3810.58851809496,207.0,5,86.0,False,0,7062.9310000000005,39.0
5093.6418932744855,1522.0,-3796.0,207.81999872,5,86.61499904,False,0,7062.972,39.0
5102.980000000005,1461.2361780506026,-3732.854906568529,211.0,5,89.0,False,0,7063.131,39.0
5105.47434265485,1442.0,-3710.0,211.87499733333334,5,90.22499626666666,False,0,7063.173,39.0
5117.380000000005,1335.9694558710419,-3568.3846075554925,216.0,5,96.0,False,0,7063.371,39.0
5117.501294776414,1335.0,-3567.0,216.03979846043333,5,96.03979846043335,False,0,7063.3730000000005,39.0
5129.663333333338,1259.3627725971087,-3449.118556125895,220.0,5,100.0,False,0,7063.572,39.0
5142.052222222226,1211.673065197865,-3360.3398172559823,223.0,5,100.0,False,0,7063.772,39.0
5144.620642203786,1203.0,-3344.0,223.61499904,5,99.89750016,False,0,7063.813,39.0
5161.1395203706725,1150.0,-3243.0,227.51500288,5,99.24749952,False,0,7064.073,39.0
5167.496666666671,1122.557432622888,-3190.6563586546977,229.0,5,99.0,False,0,7064.1720000000005,39.0
5175.304887068966,1085.0,-3120.0,231.41999872,5,99.0,False,0,7064.293000000001,39.0
5180.441111111116,1060.3957575436395,-3074.9215138420163,233.0,5,99.0,False,0,7064.372,39.0
5191.025504960893,1009.0,-2985.0,236.21999872,5,99.0,False,0,7064.533,39.0
5193.607777777783,995.9539975017673,-2963.380103318125,237.0,6,99.0,False,0,7064.572,39.0
5206.941111111116,925.2526572902077,-2852.8736772146117,240.0,6,99.0,False,0,7064.772,39.0
5209.69056274475,910.0,-2830.0,240.5124992,6,99.2562496,False,0,7064.813,39.0
5217.696666666672,864.5145983079877,-2763.29577501905,242.0,6,100.0,False,0,7064.932,39.0
5220.462061395518,849.0,-2741.0,242.2928566857143,6,100.0,False,0,7064.973,39.0
5228.5762550444215,802.0,-2675.0,243.14999954285713,6,100.0,False,0,7065.093,39.0
5236.67444444445,736.5825944271476,-2586.097629681339,244.0,6,100.0,False,0,7065.212,39.0
5247.6522222222275,634.3431930146786,-2449.1475923234943,247.0,6,100.0,False,0,7065.372,39.0
5251.850541943908,606.0,-2411.0,247.25416746666667,6,100.0,False,0,7065.433,39.0
5264.18555555556,561.8961253401369,-2350.5647722781055,248.0,6,100.0,False,0,7065.612,39.0
5275.207777777782,525.3457305594969,-2300.466974204843,248.0,6,100.0,False,0,7065.772,39.0
5275.276793741851,525.0,-2300.0,248.0041664,6,99.9958336,False,0,7065.773,39.0
5291.807777777783,409.79482769401216,-2145.8777971737345,249.0,6,99.0,False,0,7066.012000000001,39.0
5295.946266603394,382.0,-2109.0,248.57142857142858,6,99.21428571428571,False,0,7066.072,39.0
5300.076867846696,357.0,-2076.0,248.14285714285714,6,99.42857142857143,False,0,7066.1320000000005,39.0
5311.018888888893,293.7788296162953,-1994.26396411711,247.0,6,100.0,False,0,7066.292,39.0
5315.084812696087,264.0,-1957.0,245.8,6,100.0,False,0,7066.352,39.0
5324.518888888893,172.77706092539304,-1845.2477880090846,243.0,6,100.0,False,0,7066.492,39.0
5333.934468625658,84.0,-1738.0,242.125,6,100.0,False,0,7066.6320000000005,39.0
5335.274444444449,74.20134729008507,-1726.2489278600672,242.0,6,100.0,False,0,7066.652,39.0
5348.552222222227,15.718047569967181,-1657.6456441219877,239.0,6,99.0,False,0,7066.852,39.0
5361.504460571499,-36.0,-1599.0,234.0,6,99.83333333333333,False,0,7067.052000000001,39.0
5364.08555555556,-51.97841914138669,-1580.6411927709287,233.0,6,100.0,False,0,7067.092000000001,39.0
5366.668845066086,-70.0,-1560.0,232.75,6,100.0,False,0,7067.1320000000005,39.0
5374.396666666671,-137.31306392777284,-1483.9471519942736,232.0,6,100.0,True,0,7067.252,39.0
5384.334166666671,-242.17572435545094,-1366.7822554727409,225.0,6,18.0,True,0,7067.411,39.0
5387.908280373595,-276.0,-1329.0,217.7562576,6,12.281255999999999,True,0,7067.472,39.0
5393.489722222226,-321.9107853989208,-1277.6898449797577,206.0,6,3.0,True,0,7067.571,39.0
5402.200833333337,-373.8055592429174,-1219.5770070204933,196.0,6,0.0,True,0,7067.731,39.0
5408.905757537489,-407.0,-1182.0,181.9000064,6,0.0,True,0,7067.872,39.0
5418.200833333337,-442.9627345291684,-1140.7821442397403,160.0,5,0.0,True,0,7068.091,39.0
5423.39726401831,-474.0,-1111.0,155.4625024,5,0.0,True,0,7068.212,39.0
5425.045277777781,-487.65231087996494,-1098.722086304942,154.0,5,0.0,True,0,7068.251,39.0
5434.739627223034,-588.0,-1014.0,145.39285942857143,5,0.0,True,0,7068.492,39.0
5436.245277777781,-599.523407164165,-1005.1155716838703,144.0,3,0.0,True,0,7068.531,39.0
5445.973938224718,-651.0,-975.0,134.6785737142857,3,0.0,True,0,7068.792,39.0
5446.667500000003,-655.8795698980124,-972.5617364183297,134.0,3,0.0,True,0,7068.811000000001,39.0
5454.556240332164,-726.0,-940.0,128.4750016,3,0.0,True,0,7069.032,39.0
5455.200833333337,-732.0219043464344,-937.7172413004005,128.0,2,0.0,True,0,7069.051,39.0
5461.014232687538,-787.0,-922.0,118.9500032,2,0.0,True,0,7069.232,39.0
5464.067500000004,-816.8140316460231,-917.0769106483333,114.0,2,0.0,True,0,7069.331,39.0
5467.152004819294,-848.0,-914.0,112.1062512,2,0.3156248,True,0,7069.432,39.0
5472.563760394083,-906.0,-912.0,108.7125024,2,0.8812496,True,0,7069.613,39.0
5473.667500000003,-917.456573287178,-912.2154051630528,108.0,2,1.0,True,0,7069.651,39.0
5478.239188993264,-963.0,-916.0,104.4562528,2,6.568745600000001,True,0,7069.813,39.0
5482.645277777781,-1005.0528840396227,-925.1906901498996,101.0,2,12.0,False,0,7069.9710000000005,39.0
5485.54187096572,-1033.0,-935.0,101.72597972406656,2,21.800726274898512,False,0,7070.073,39.0
5490.685000000003,-1086.0707262686626,-960.8047509884068,103.0,2,39.0,False,0,7070.252,39.0
5494.742996075204,-1129.0,-987.0,103.70500096,2,42.5250048,False,0,7070.393,39.0
5496.462777777781,-1146.7249190940863,-999.1024443130004,104.0,2,44.0,False,0,7070.452,39.0
5504.9405555555595,-1224.1927255650173,-1059.1100647812548,109.0,2,47.0,False,0,7070.732,39.0
5506.242890347716,-1233.0,-1066.0,110.36666453333333,2,49.22082986666667,False,0,7070.773,39.0
5512.74055555556,-1265.9905775539908,-1090.9105334705378,117.0,2,60.0,False,0,7070.972,39.0
5515.406219435685,-1280.0,-1101.0,117.22499982222222,2,47.8500096,False,0,7071.053,39.0
5524.54055555556,-1350.4581847191528,-1143.702885602835,118.0,3,6.0,False,0,7071.332,39.0
5526.49603723998,-1376.0,-1152.0,116.8562464,3,8.2875072,False,0,7071.393,39.0
5529.651666666671,-1427.4335804063548,-1163.590863313233,115.0,3,12.0,False,0,7071.492,39.0
5533.522086976489,-1485.0,-1173.0,115.0,3,15.457141028571428,False,0,7071.613,39.0
5538.5961111111155,-1509.3310909223671,-1174.334863597886,115.0,3,20.0,False,0,7071.772,39.0
5541.785169979024,-1522.0,-1171.0,114.57916586666667,3,26.733346133333335,False,0,7071.8730000000005,39.0
5546.196111111116,-1560.9877286016608,-1163.2158430840032,114.0,3,36.0,False,0,7072.012000000001,39.0
5550.797604075959,-1611.0,-1152.0,115.958336,3,39.5250048,False,0,7072.153,39.0
5556.7954740468285,-1668.0,-1134.0,118.45833244444444,3,44.0249984,False,0,7072.3330000000005,39.0
5558.0961111111155,-1679.455526033616,-1129.8952843332413,119.0,3,45.0,False,0,7072.372,39.0
5564.138755264604,-1735.0,-1106.0,120.29285851428571,3,46.29285851428571,False,0,7072.553,39.0
5567.507222222227,-1775.7541680843901,-1083.5594454047769,121.0,3,47.0,False,0,7072.652,39.0
5573.817347898656,-1856.0,-1032.0,124.375,3,52.0625,False,0,7072.832,39.0
5578.796111111115,-1903.3540796700527,-993.0974441352516,127.0,3,56.0,False,0,7072.972,39.0
5587.396111111116,-1957.4964373062808,-934.0870728018319,129.0,3,71.0,False,0,7073.212,39.0
5588.133514419235,-1961.0,-930.0,129.7,3,71.3,False,0,7073.232,39.0
5594.9516666666705,-1985.914316834393,-899.2327699717387,136.0,3,74.0,False,0,7073.412,39.0
5602.080840631259,-2015.0,-862.0,142.0,3,79.25,False,0,7073.592000000001,39.0
5604.551666666671,-2029.1962672771529,-844.3089332925845,144.0,3,81.0,False,0,7073.652,39.0
5609.656448221674,-2061.0,-805.0,149.14285714285714,3,82.71428571428571,False,0,7073.772,39.0
5616.685000000004,-2100.3533973868916,-755.2659018489711,156.0,3,85.0,False,0,7073.932,39.0
5619.343051763248,-2117.0,-730.0,157.50627574727343,3,85.50209191575782,False,0,7073.992,39.0
5627.440000000003,-2176.4344817070555,-623.031496745488,162.0,3,87.0,False,0,7074.171,39.0
5631.271133255308,-2199.0,-579.0,165.5437472,3,87.2531248,False,0,7074.252,39.0
5643.084444444448,-2230.6812212075083,-506.78389248372304,176.0,4,88.0,False,0,7074.491,39.0
5650.238550358165,-2245.0,-461.0,179.9656232,4,88.8812496,False,0,7074.6320000000005,39.0
5658.529669780674,-2268.0,-383.0,184.4656232,4,89.8812496,False,0,7074.792,39.0
5659.528888888893,-2270.565095976595,-373.29705005009134,185.0,4,90.0,False,0,7074.811000000001,39.0
5669.177483890389,-2291.0,-282.0,191.33499776,4,91.80999936,False,0,7074.992,39.0
5670.19555555556,-2292.754746322727,-272.6703694144254,192.0,4,92.0,False,0,7075.011,39.0
5682.138880929443,-2308.0,-153.0,194.7624992,4,93.84166613333333,False,0,7075.232,39.0
5683.19555555556,-2308.891294204769,-139.1502861871589,195.0,5,94.0,False,0,7075.251,39.0
5694.767445033046,-2314.0,27.0,203.54249728,5,97.01499904,False,0,7075.452,39.0
5706.751111111115,-2309.89052441891,128.62002767881074,212.0,5,100.0,False,0,7075.651,39.0
5720.464703998201,-2294.0,217.0,218.44583146666668,5,100.0,False,0,7075.872,39.0
5734.403303768166,-2266.0,349.0,224.86249813333333,5,100.0,False,0,7076.092000000001,39.0
5736.8844444444485,-2259.8139101736333,372.3149492917369,226.0,5,100.0,False,0,7076.131,39.0
5747.10666666667,-2227.530592759157,468.6832696645459,230.0,5,100.0,False,0,7076.291,39.0
5747.235203371904,-2227.0,470.0,230.0374976,5,100.0,False,0,7076.293000000001,39.0
5757.462222222225,-2176.3459895084443,581.1463405181053,233.0,5,100.0,False,0,7076.451,39.0
5758.897739190581,-2169.0,596.0,233.39146144147165,5,100.0,False,0,7076.473,39.0
5776.039444444447,-2086.316981077154,745.487932980246,238.0,6,100.0,False,0,7076.732,39.0
5776.106686985563,-2086.0,746.0,238.0333312,6,100.0,False,0,7076.733,39.0
5788.356528756682,-2027.0,835.0,244.03333973333332,6,100.0,False,0,7076.9130000000005,39.0
5792.439444444447,-2005.316684177037,866.1585849598904,246.0,6,100.0,False,0,7076.972,39.0
5809.472320212136,-1908.0,1002.0,252.0249984,6,100.0,False,0,7077.213,39.0
5812.337769070335,-1892.0,1024.0,253.0249984,6,100.0,False,0,7077.253000000001,39.0
5820.883888888892,-1839.0875556988497,1096.7429144402633,256.0,6,100.0,False,0,7077.372,39.0
5828.162465217349,-1792.0,1161.0,257.6833365333333,6,99.57916586666667,False,0,7077.473,39.0
5832.13574172102,-1766.9884277470742,1194.7777284013243,258.59999999999997,6,99.35000000000001,False,0,7077.528,39.0
0.14835156292496965,-1768.5634828227758,1192.9119371063794,258.59999999999997,6,99.35000000000001,False,0,7077.528,40.0
6.239999999999997,-1732.2723051362923,1241.5665559050535,260.0,6,99.0,False,0,7077.612,40.0
16.528771990975258,-1670.0,1323.0,262.3500032,6,99.0,False,0,7077.753000000001,40.0
23.839999999999996,-1625.2629351018923,1380.0004115898896,264.0,6,99.0,False,0,7077.852,40.0
35.9374014890217,-1551.0,1473.0,268.0249984,6,99.44722204444444,False,0,7078.013,40.0
48.14967907527346,-1476.0,1567.0,272.0249984,6,99.89166648888889,False,0,7078.173000000001,40.0
51.14,-1457.67462039691,1590.2652033981003,273.0,7,100.0,False,0,7078.212,40.0
55.827619865320244,-1429.0,1627.0,274.27083733333336,7,100.0,False,0,7078.273,40.0
69.67333333333333,-1344.6963550717292,1737.6438079803713,278.0,7,100.0,False,0,7078.452,40.0
82.28047752858953,-1272.0,1836.0,280.41499904,7,100.0,False,0,7078.613,40.0
96.53133369662532,-1189.0,1951.0,283.11500288,7,100.0,False,0,7078.793000000001,40.0
101.22888888888889,-1151.1878356392567,2003.1311437259867,284.0,7,100.0,False,0,7078.852,40.0
114.02888888888889,-1031.3109932478744,2167.5808382873897,288.0,7,100.0,False,0,7079.012000000001,40.0
118.92741168562353,-1001.0,2209.0,288.61000192,7,100.0,False,0,7079.073,40.0
130.14,-974.1467448838491,2245.223285307084,290.0,7,100.0,False,0,7079.212,40.0
136.64073472958844,-953.0,2274.0,291.5,7,100.0,False,0,7079.292,40.0
143.16222222222223,-911.5261803515491,2330.888017248306,293.0,7,100.0,False,0,7079.372,40.0
156.2288888888889,-785.359085609062,2504.777558314912,294.0,7,100.0,False,0,7079.532,40.0
161.14516552857032,-742.0,2565.0,294.6,7,100.0,False,0,7079.592000000001,40.0
172.67333333333335,-657.7622059731925,2683.287423491868,296.0,7,100.0,False,0,7079.732,40.0
192.67333333333332,-560.5320570800136,2823.199162756386,300.0,7,100.0,False,0,7079.972000000001,40.0
197.68450568669402,-542.0,2850.0,300.2142857142857,7,100.0,False,0,7080.032,40.0
216.08444444444444,-486.4177519077632,2930.824432496603,301.0,8,100.0,False,0,7080.252,40.0
221.1227085741403,-466.0,2961.0,301.6,8,100.0,False,0,7080.312,40.0
232.91777777777776,-402.3104416588775,3055.863462249079,303.0,8,100.0,False,0,7080.452,40.0
239.68416877937514,-363.0,3115.0,303.8,8,99.6,False,0,7080.532,40.0
249.86222222222221,-306.73844274027715,3200.6973111061106,305.0,8,99.0,False,0,7080.652,40.0
260.0607888458995,-251.0,3285.0,305.75,8,99.0,False,0,7080.772,40.0
263.4622222222222,-231.93191970092522,3313.283063009048,306.0,8,99.0,False,0,7080.812,40.0
275.3688182762299,-165.0,3411.0,306.0,8,99.0,False,0,7080.952,40.0
283.77722222222224,-120.53970597240982,3475.391799206915,306.0,8,99.0,False,0,7081.051,40.0
299.11226890102137,-27.0,3605.0,305.09500032,8,99.0,False,0,7081.232,40.0
300.72166666666664,-14.150972813049293,3622.0125008422983,305.0,8,99.0,False,0,7081.251,40.0
317.6661111111111,150.05194235624046,3832.9331954879954,305.0,8,99.0,False,0,7081.451,40.0
326.2151692096653,212.0,3911.0,304.57916693333334,8,99.42083306666666,False,0,7081.552000000001,40.0
337.9327777777778,249.22832366616854,3956.4278366761932,304.0,8,100.0,False,0,7081.691,40.0
348.04362927900684,278.0,3987.0,301.9833344,8,100.0,False,0,7081.812,40.0
357.93277777777774,336.364733960713,4048.5786591293754,300.0,8,100.0,False,0,7081.9310000000005,40.0
372.91958667376025,452.0,4166.0,298.19000064,8,100.0,False,0,7082.112,40.0
374.4883333333333,463.15677993680424,4176.575137065426,298.0,8,100.0,False,0,7082.131,40.0
386.0995037717033,551.0,4250.0,296.59000064,8,100.0,False,0,7082.272,40.0
390.93277777777774,602.9860827538298,4284.872338382695,296.0,8,100.0,False,0,7082.331,40.0
403.955,775.0715193632514,4385.140591776148,293.0,8,100.0,False,0,7082.491,40.0
407.2778737626393,812.0,4405.0,292.4875008,8,100.0,False,0,7082.532,40.0
416.8883333333333,894.1222611541859,4444.9513865080835,291.0,8,100.0,False,0,7082.651,40.0
437.8116227825754,1011.0,4472.0,287.7249984,8,100.0,False,0,7082.9130000000005,40.0
442.3994444444444,1044.8409842848614,4476.030548980647,287.0,8,100.0,False,0,7082.9710000000005,40.0
513.7769444444444,1869.9413577034438,4489.251783066126,279.0,8,100.0,False,0,7083.892,40.0
520.0559828039366,1925.0,4485.0,279.0,8,100.0,False,0,7083.973,40.0
526.1769444444444,1972.9223438134904,4479.950659371352,279.0,8,100.0,False,0,7084.052000000001,40.0
541.6213888888889,2076.5891964862876,4463.941343098062,278.0,8,100.0,False,0,7084.252,40.0
549.4218591943336,2139.0,4456.0,278.0,8,100.0,False,0,7084.353,40.0
560.1547222222222,2242.468758582132,4445.928818867211,278.0,8,100.0,False,0,7084.492,40.0
567.9407881729885,2322.0,4441.0,277.6843744,8,100.0,False,0,7084.593,40.0
580.249269774602,2445.0,4439.0,277.1843744,8,100.0,False,0,7084.753000000001,40.0
584.7769444444443,2490.441183290009,4439.1706052058635,277.0,7,100.0,False,0,7084.812,40.0
597.1005618344143,2614.0,4443.0,276.19500032,7,100.0,False,0,7084.973,40.0
610.8352908868823,2748.0,4458.0,275.29499904,7,100.0,False,0,7085.153,40.0
615.3324999999999,2792.168486871021,4465.58457854552,275.0,7,100.0,False,0,7085.212,40.0
626.0702069546807,2898.0,4489.0,274.29499904,7,100.0,False,0,7085.353,40.0
630.5547222222222,2941.760306300386,4500.933360410092,274.0,7,100.0,False,0,7085.412,40.0
639.7311115408125,3030.0,4529.0,273.4500002909091,7,100.0,False,0,7085.533,40.0
654.839626628433,3170.0,4585.0,272.5409093818182,7,100.0,False,0,7085.733,40.0
663.7991666666666,3251.2439562801615,4625.44836524227,272.0,7,100.0,False,0,7085.852,40.0
666.8059271945848,3278.0,4640.0,271.7142857142857,7,100.0,False,0,7085.892,40.0
681.8051312968349,3407.0,4719.0,270.2857142857143,7,100.0,False,0,7086.092000000001,40.0
684.7991666666666,3432.108675235608,4736.182950290082,270.0,7,100.0,False,0,7086.1320000000005,40.0
701.2388581231539,3565.0,4837.0,269.2142857142857,7,100.0,False,0,7086.352,40.0
705.7213888888889,3598.7736809719804,4865.086921087226,269.0,7,100.0,False,0,7086.412,40.0
720.6658333333332,3708.763056894477,4964.630350232953,269.0,7,100.0,False,0,7086.612,40.0
723.6515585739969,3733.0,4988.0,269.0,7,100.0,False,0,7086.652,40.0
738.5851478291764,3861.0,5116.0,269.0,7,100.0,False,0,7086.852,40.0
741.5880555555556,3883.365327613722,5138.515363532121,269.0,7,100.0,False,0,7086.892,40.0
762.5511700022736,4010.0,5265.0,268.125,7,59.75,False,0,7087.1720000000005,40.0
765.4102777777777,4028.1320429600687,5282.881079814287,268.0,7,54.0,True,0,7087.212,40.0
780.2558388748649,4146.0,5396.0,246.0,7,13.92857142857143,True,0,7087.432000000001,40.0
784.0769444444444,4190.51359513207,5436.9371633464525,240.0,7,3.0,True,0,7087.492,40.0
791.4470531375665,4280.0,5518.0,226.13065772682364,7,1.1909553556726495,True,0,7087.612,40.0
796.0722222222222,4319.276266056116,5553.13520024599,217.0,7,0.0,True,0,7087.691,40.0
810.0173594133599,4384.0,5608.0,196.70000497777778,7,0.0,True,0,7087.952,40.0
814.9722222222222,4420.768385417503,5638.9861495351515,189.0,7,0.0,True,0,7088.051,40.0
820.8611164806441,4471.0,5681.0,177.65625599999998,7,0.0,True,0,7088.1720000000005,40.0
822.7055555555555,4486.167961030548,5693.465558550011,174.0,7,0.0,True,0,7088.211,40.0
830.006963080338,4545.0,5741.0,164.34000384,7,0.0,True,0,7088.372,40.0
831.7055555555555,4559.062891886957,5752.3467991558755,162.0,6,0.0,True,0,7088.411,40.0
837.6379301492319,4612.0,5793.0,152.3062544,6,0.0,True,0,7088.552000000001,40.0
838.4166666666666,4619.857650066763,5798.3622934210225,151.0,5,0.0,True,0,7088.571,40.0
847.9499999999999,4730.3915225998535,5861.161934906504,143.0,3,0.0,True,0,7088.811000000001,40.0
851.1195039736976,4762.0,5876.0,141.38000128,3,0.0,True,0,7088.892,40.0
855.6722222222222,4798.329484492949,5889.963555885614,139.0,3,0.0,True,0,7089.011,40.0
864.1388888888889,4852.359477084929,5897.48053758032,127.0,3,0.0,True,0,7089.251,40.0
866.192699459492,4871.0,5899.0,125.03928777142858,3,0.0,True,0,7089.312,40.0
868.8693863745314,4899.0,5901.0,122.43571017142857,3,0.0,True,0,7089.393,40.0
873.3166666666667,4943.295669673104,5901.075695214795,118.0,2,0.0,True,0,7089.531,40.0
876.5209602577472,4978.0,5897.0,114.93999616,2,0.0,True,0,7089.633,40.0
879.5388888888889,5016.624408739481,5889.076861450803,112.0,2,0.0,True,0,7089.731000000001,40.0
885.5883642803851,5100.0,5863.0,108.40569540912635,2,0.0,True,0,7089.933,40.0
887.8908333333334,5126.781065067322,5850.747668579659,107.0,2,0.0,True,0,7090.012000000001,40.0
893.5575,5178.793449584021,5815.67329529651,102.0,2,0.0,False,0,7090.212,40.0
897.94477082972,5208.0,5792.0,99.70000091428571,2,4.024998399999999,False,0,7090.3730000000005,40.0
901.1797222222223,5223.228968572368,5779.211738012194,98.0,2,7.0,False,0,7090.492,40.0
907.3323334765024,5248.0,5754.0,99.84166826666667,2,26.644461511111114,False,0,7090.713000000001,40.0
911.2797222222223,5271.707476871267,5725.303499906992,101.0,2,39.0,False,0,7090.852,40.0
913.0276972201636,5282.0,5711.0,101.7625024,2,39.7625024,False,0,7090.9130000000005,40.0
917.6585842078772,5305.0,5672.0,103.7625024,2,41.7625024,False,0,7091.073,40.0
918.2130555555557,5307.397441308819,5667.46686591567,104.0,2,42.0,False,0,7091.092000000001,40.0
924.7663243059587,5333.0,5608.0,106.7625024,2,44.7625024,False,0,7091.313,40.0
925.346388888889,5335.4505381528725,5600.6651862235685,107.0,2,45.0,False,0,7091.332,40.0
932.3308945338451,5364.0,5502.0,111.42000383999999,2,51.63000576,False,0,7091.553,40.0
938.1241666666668,5372.90745161633,5462.688348850827,115.0,2,57.0,False,0,7091.732,40.0
942.6966728718654,5376.0,5438.0,116.7625024,2,57.8812512,False,0,7091.8730000000005,40.0
943.3241666666669,5376.522667348113,5433.6507531047655,117.0,2,58.0,False,0,7091.892,40.0
948.7463888888891,5381.915124558699,5387.243661457478,122.0,2,65.0,False,0,7092.052000000001,40.0
952.9646880118421,5387.0,5337.0,125.0249984,2,68.0249984,False,0,7092.173000000001,40.0
955.8019444444446,5390.736648809781,5296.092028173895,127.0,2,70.0,False,0,7092.252,40.0
962.6218421906076,5401.0,5194.0,131.0222264888889,2,37.822188088888886,False,0,7092.433,40.0
969.3019444444446,5414.536710656102,5117.7221103078355,135.0,2,6.0,True,0,7092.612,40.0
975.4571687591684,5429.0,5063.0,127.35,2,4.65,True,0,7092.792,40.0
982.4130555555557,5444.254327746333,5018.959096101337,118.0,2,3.0,True,0,7093.012000000001,40.0
989.0056447494532,5465.0,4975.0,111.4,2,2.45,True,0,7093.232,40.0
990.7498778091228,5473.0,4959.0,109.6,2,2.3,True,0,7093.292,40.0
994.1908333333336,5491.460685951299,4928.494566034,106.0,2,2.0,True,0,7093.412,40.0
999.2443428493589,5523.0,4887.0,101.5,2,0.19999999999999996,True,0,7093.592000000001,40.0
999.8019444444446,5526.573980200091,4882.598270844212,101.0,2,0.0,True,0,7093.612,40.0
1004.2416047175565,5556.0,4849.0,99.66666666666667,2,0.0,True,0,7093.772,40.0
1006.4019444444447,5571.833029176282,4833.4837049696,99.0,2,0.0,True,0,7093.852,40.0
1008.5026971293642,5588.0,4819.0,96.6,2,0.0,True,0,7093.932000000001,40.0
1011.5686111111113,5611.950559084367,4799.48757520292,93.0,2,0.0,True,0,7094.052000000001,40.0
1014.5757445173153,5636.0,4782.0,91.27957028712366,2,0.0,True,0,7094.1720000000005,40.0
1018.4661111111113,5669.7646036078395,4761.120786947366,89.0,1,0.0,True,0,7094.331,40.0
1018.4902146555261,5670.0,4761.0,88.986112,1,0.0,True,0,7094.332,40.0
1026.8661111111114,5764.784944739374,4730.033988067858,84.0,1,0.0,True,0,7094.691,40.0
1026.8887537769815,5765.0,4730.0,83.9888896,1,0.005555200000000001,True,0,7094.692,40.0
1034.4437986661856,5820.0,4736.0,80.21111182222222,1,1.894444088888889,True,0,7095.032,40.0
1034.8661111111114,5823.236616128508,4737.109744497393,80.0,1,2.0,False,0,7095.051,40.0
1041.1701159551287,5881.0,4765.0,80.78055537777777,1,27.758327466666668,False,0,7095.332,40.0
1042.9661111111113,5901.20568960283,4779.119048993405,81.0,1,35.0,False,0,7095.411,40.0
1045.2788815037284,5926.0,4798.0,82.00999936,1,36.51499904,False,0,7095.512000000001,40.0
1047.5772222222224,5944.21962627718,4812.5227887558585,83.0,1,38.0,False,0,7095.611,40.0
1052.3550000000002,5966.366914600161,4833.604183749456,86.0,1,43.0,False,0,7095.811000000001,40.0
1055.8596773323034,5991.0,4863.0,88.3666688,1,44.1833344,False,0,7095.953,40.0
1058.3550000000002,6015.508791909122,4893.517996728494,90.0,1,45.0,False,0,7096.051,40.0
1061.5674586503872,6045.0,4931.0,92.60498006661467,1,46.73665337774312,False,0,7096.173000000001,40.0
1065.8483333333336,6062.49764165146,4954.552845428199,96.0,1,49.0,False,0,7096.332,40.0
1069.648868820088,6073.0,4971.0,97.41000192,1,53.935006720000004,False,0,7096.473,40.0
1071.2927777777782,6079.731991421407,4981.564640230488,98.0,2,56.0,False,0,7096.532,40.0
1076.0038888888894,6104.812783804864,5023.656171362469,106.0,2,62.0,False,0,7096.692,40.0
1076.0345232915536,6105.0,5024.0,106.0392832,2,62.035712,False,0,7096.693,40.0
1083.1173401626384,6149.0,5111.0,114.6821504,2,69.892864,False,0,7096.9130000000005,40.0
1085.1038888888893,6156.9694692865505,5127.566018556367,117.0,2,72.0,False,0,7096.972000000001,40.0
1093.5318311002338,6176.0,5172.0,124.36388693333333,2,80.0333312,False,0,7097.213000000001,40.0
1097.9038888888892,6189.553380713131,5206.310107232673,128.0,2,84.0,False,0,7097.332,40.0
1100.9655388396586,6201.0,5238.0,132.5562464,2,85.0124992,False,0,7097.4130000000005,40.0
1103.9927777777782,6213.844866025819,5276.601202019262,137.0,2,86.0,False,0,7097.492,40.0
1110.2594444444449,6243.549732607426,5373.063188129178,141.0,3,89.0,False,0,7097.652,40.0
1115.4375517405692,6260.0,5429.0,149.0666624,3,93.0333312,False,0,7097.773,40.0
1120.7261111111115,6268.529599761809,5460.426554418456,157.0,3,97.0,False,0,7097.892,40.0
1128.7732019882553,6277.0,5499.0,160.77083733333333,3,98.50833493333333,False,0,7098.073,40.0
1131.5261111111115,6282.146987405482,5521.798290148611,162.0,3,99.0,False,0,7098.1320000000005,40.0
1138.501039052579,6297.0,5589.0,173.1625152,3,99.5875008,False,0,7098.273,40.0
1143.5927777777783,6306.072633354388,5634.679906235033,181.0,3,100.0,False,0,7098.372,40.0
1149.9152184707818,6316.0,5697.0,185.5374976,3,99.4958336,False,0,7098.493,40.0
1156.2594444444449,6325.379040385714,5777.054090531806,190.0,4,99.0,False,0,7098.612,40.0
1161.757492527824,6331.0,5845.0,193.03000576,4,99.0,False,0,7098.713000000001,40.0
1172.9672022231482,6332.0,5953.0,199.03000576,4,99.0,False,0,7098.9130000000005,40.0
1178.7038888888894,6329.473387015106,6008.707236321636,202.0,4,99.0,False,0,7099.012000000001,40.0
1182.3029605982883,6327.0,6044.0,205.0500096,4,99.0,False,0,7099.073,40.0
1195.5038888888894,6311.89416543247,6172.192279882831,216.0,5,99.0,False,0,7099.292,40.0
1196.7142309590158,6310.0,6184.0,216.14285714285714,5,99.0,False,0,7099.312,40.0
1211.2484062541128,6280.0,6326.0,217.85714285714286,5,99.0,False,0,7099.552000000001,40.0
1212.459444444445,6276.822759229234,6337.68180549785,218.0,5,99.0,False,0,7099.572,40.0
1222.1483333333338,6247.5630250875065,6429.9084966999435,218.0,5,99.0,False,0,7099.732,40.0
1225.786491079096,6235.0,6464.0,218.64285714285714,5,99.21428571428571,False,0,7099.792,40.0
1239.3372222222226,6181.0,6588.0,221.0,5,100.0,False,0,7100.012000000001,40.0
1253.687981846181,6111.0,6715.0,232.0,5,100.0,False,0,7100.232,40.0
1257.6150000000002,6090.223927896867,6748.8054133290925,235.0,6,100.0,False,0,7100.292,40.0
1260.219417965393,6076.0,6771.0,235.0,6,100.0,False,0,7100.332,40.0
1273.281666666667,6000.0,6878.0,235.0,6,100.0,False,0,7100.532,40.0
1285.670385823868,5923.0,6972.0,244.0,6,100.0,False,0,7100.712,40.0
1292.6483333333335,5871.498664825256,7026.62535939019,249.0,6,100.0,False,0,7100.812,40.0
1310.7151677185125,5724.0,7165.0,251.60651587263905,6,100.0,False,0,7101.072,40.0
1320.689166666667,5656.826592850068,7222.571923332787,253.0,6,100.0,False,0,7101.211,40.0
1331.2014123415697,5593.0,7274.0,256.8454528,6,100.0,False,0,7101.352,40.0
1353.078055555556,5433.97610845418,7395.801727804652,265.0,6,100.0,False,0,7101.651,40.0
1355.749365996062,5400.0,7422.0,256.8000128,6,100.0,False,0,7101.692,40.0
1363.4336111111115,5283.012244986031,7512.76229989779,233.0,6,100.0,False,0,7101.811000000001,40.0
1366.3095469517775,5248.0,7540.0,239.1499904,6,100.0,False,0,7101.852,40.0
1384.8225000000002,5162.870381898584,7606.828289549103,275.0,6,100.0,False,0,7102.091,40.0
1397.1336111111113,5087.824154888455,7670.035354969799,277.0,7,100.0,False,0,7102.251,40.0
1398.761374311117,5070.0,7685.0,277.5249984,7,99.91250026666667,False,0,7102.272,40.0
1416.0002777777781,4828.594904757954,7887.654633951237,283.0,7,99.0,False,0,7102.491,40.0
1416.158935647953,4827.0,7889.0,283.03999744,7,99.00999936,False,0,7102.493,40.0
1431.9447222222225,4761.158919276648,7945.723788751559,287.0,7,100.0,False,0,7102.691,40.0
1440.138583000038,4731.0,7972.0,288.2697114741143,7,100.0,False,0,7102.793000000001,40.0
1451.3586111111113,4648.001233558453,8042.93018077312,290.0,7,100.0,False,0,7102.932000000001,40.0
1454.6759847633084,4621.0,8066.0,290.30749952,7,100.0,False,0,7102.973,40.0
1483.9141666666667,4399.613577561944,8256.46934659507,293.0,7,100.0,False,0,7103.332,40.0
1483.9962711613393,4399.0,8257.0,293.01999872,7,100.0,False,0,7103.3330000000005,40.0
1488.9303622324448,4362.0,8289.0,294.22000384,7,100.0,False,0,7103.393,40.0
1500.414166666667,4273.9402268530575,8364.677803905824,297.0,7,100.0,False,0,7103.532,40.0
1513.7987497779125,4174.0,8450.0,298.7249993142857,7,100.0,False,0,7103.693,40.0
1523.7475,4106.536971320865,8507.441946024528,300.0,8,100.0,False,0,7103.812,40.0
1535.5958793436894,4009.0,8591.0,301.51071634285717,8,100.0,False,0,7103.953,40.0
1547.3141666666668,3869.4843535297937,8711.605980445629,303.0,8,100.0,False,0,7104.092000000001,40.0
1550.772970661877,3831.0,8745.0,303.2562496,8,100.0,False,0,7104.133,40.0
1560.825277777778,3741.029129975051,8823.443273909617,304.0,8,100.0,False,0,7104.252,40.0
1584.6252777777781,3601.1593771853786,8947.24391676937,306.0,8,100.0,False,0,7104.532,40.0
1586.4167384499913,3589.0,8958.0,306.1166677333333,8,100.0,False,0,7104.553,40.0
1615.425277777778,3354.790050764005,9164.57541445344,308.0,8,100.0,False,0,7104.892,40.0
1624.0867761389047,3294.0,9218.0,308.6312512,8,100.0,False,0,7104.993,40.0
1629.1586111111114,3263.2075725388504,9245.004601189956,309.0,8,100.0,False,0,7105.052000000001,40.0
1649.8919444444446,3151.551837603325,9342.518557133995,311.0,8,100.0,False,0,7105.292,40.0
1649.9783335363645,3151.0,9343.0,311.0,8,100.0,False,0,7105.293000000001,40.0
1663.7141666666669,3049.7058599176016,9431.325377639449,311.0,8,100.0,False,0,7105.452,40.0
1665.5327779306765,3034.0,9445.0,311.1312512,8,100.0,False,0,7105.473,40.0
1691.5363888888892,2774.1262904126165,9670.848607776788,313.0,8,100.0,False,0,7105.772,40.0
1693.2766060176154,2759.0,9684.0,313.0,8,99.95,False,0,7105.792,40.0
1726.3141666666668,2555.260241350571,9861.724631474899,313.0,8,99.0,False,0,7106.1720000000005,40.0
1731.530536061724,2523.0,9890.0,313.0,8,99.3,False,0,7106.232,40.0
1743.703055555556,2439.6256433398794,9963.193344931837,313.0,8,100.0,False,0,7106.372,40.0
1750.6587494156352,2390.0,10007.0,313.0,8,100.0,False,0,7106.452,40.0
1757.614166666667,2340.4766857358863,10050.978556506689,313.0,8,100.0,False,0,7106.532,40.0
1771.525277777778,2238.9647191812765,10141.86723737915,313.0,8,100.0,False,0,7106.692,40.0
1781.9626075733258,2143.0,10228.0,313.0,8,100.0,False,0,7106.812,40.0
1785.436388888889,2106.13434658202,10261.091740114658,313.0,8,100.0,False,0,7106.852,40.0
1801.0144955992566,1938.0,10412.0,311.875,8,99.4375,False,0,7107.032,40.0
1813.0808333333332,1867.7345128066866,10474.975229628208,311.0,8,99.0,True,0,7107.1720000000005,40.0
1826.680833333333,1819.091769679262,10516.284331618583,306.0,8,39.0,True,0,7107.332,40.0
1831.52206954249,1784.0,10545.0,297.375,8,30.0,True,0,7107.392,40.0
1839.258611111111,1702.9372781463567,10610.712430556412,283.0,8,15.0,True,0,7107.492,40.0
1848.1119371391876,1599.0,10693.0,270.4,8,9.6,True,0,7107.612,40.0
1853.8141666666666,1547.4118309457294,10731.441907656663,262.0,8,6.0,True,0,7107.692,40.0
1870.0130555555552,1448.9667301889772,10791.433322911973,244.0,8,5.0,True,0,7107.9310000000005,40.0
1872.623152177367,1430.0,10802.0,240.07083946666665,8,5.0,True,0,7107.972000000001,40.0
1883.600503675561,1327.0,10855.0,222.82083946666665,8,5.0,True,0,7108.152,40.0
1884.7463888888885,1313.3322523595346,10860.758164126808,221.0,8,5.0,True,0,7108.171,40.0
1894.3019444444442,1177.5955138735874,10908.435910952858,215.0,7,5.0,True,0,7108.331,40.0
1900.0597946513976,1107.0,10931.0,209.6343784,7,4.6843752,True,0,7108.432000000001,40.0
1911.901944444444,1046.1219969670094,10949.441904070203,198.0,6,4.0,True,0,7108.651,40.0
1920.2574999999997,978.4101117333171,10949.156680538115,188.0,5,4.0,True,0,7108.811000000001,40.0
1921.323698798291,962.0,10949.0,187.02500297142856,5,4.0,True,0,7108.832,40.0
1929.187097144231,805.0,10947.0,179.59643154285715,5,4.0,True,0,7108.992,40.0
1933.8686111111108,742.9766535296264,10945.30463207542,175.0,5,4.0,True,0,7109.091,40.0
1947.4573385658034,688.0,10932.0,164.45635295063988,5,4.753117646382866,True,0,7109.393,40.0
1951.8022222222219,653.1141816704294,10921.363191554405,161.0,4,5.0,True,0,7109.492,40.0
1957.9524348396644,587.0,10897.0,158.062496,4,6.7625024,True,0,7109.633,40.0
1962.202222222222,534.1563331728778,10870.260712656936,156.0,4,8.0,True,0,7109.732,40.0
1969.76895261127,447.0,10818.0,151.4749952,4,11.770837333333333,True,0,7109.9130000000005,40.0
1972.202222222222,430.73993566669947,10807.216124450057,150.0,4,13.0,False,0,7109.972000000001,40.0
1980.418522876548,400.0,10776.0,148.32500053333334,4,20.258331022222222,False,0,7110.173000000001,40.0
1986.902222222222,356.3304696594115,10717.602210614474,147.0,4,26.0,False,0,7110.332,40.0
1994.323241079038,300.0,10633.0,147.45250048,4,36.40751104,False,0,7110.513,40.0
2003.3466666666664,254.28958419967321,10541.78394216742,148.0,4,49.0,False,0,7110.732,40.0
2010.8346344628044,231.0,10482.0,148.90500096,4,47.18999808,False,0,7110.9130000000005,40.0
2011.6244444444442,229.13151715910382,10476.823202222215,149.0,4,47.0,False,0,7110.932000000001,40.0
2018.2911111111107,217.32320300797886,10438.913466218282,150.0,4,48.0,False,0,7111.092000000001,40.0
2021.6390189164038,212.0,10411.0,149.4937504,4,49.0124992,False,0,7111.173000000001,40.0
2024.9133333333327,206.53118096579357,10373.76025337929,149.0,4,50.0,False,0,7111.252,40.0
2034.2909702278237,192.0,10240.0,152.31500288,4,58.2875072,False,0,7111.473,40.0
2042.1355555555551,185.32527050804936,10143.795876144926,155.0,4,65.0,False,0,7111.652,40.0
2053.888224651904,181.0,10035.0,161.5250048,4,46.35712914285715,False,0,7111.9130000000005,40.0
2054.735555555555,180.72734287093704,10028.864181547122,162.0,4,45.0,True,0,7111.932000000001,40.0
2063.5133333333324,177.81721091797155,9977.15851005751,158.0,4,1.0,True,0,7112.1320000000005,40.0
2068.720652205123,173.0,9939.0,155.479168,4,1.0,True,0,7112.253000000001,40.0
2073.7133333333327,164.75129685951293,9888.703420407213,153.0,4,1.0,True,0,7112.372,40.0
2076.966934686267,159.0,9857.0,150.33333333333334,4,1.0,True,0,7112.452,40.0
2087.8133333333326,131.31415671070366,9773.207813479838,141.0,3,1.0,True,0,7112.732,40.0
2088.5672407054053,126.0,9763.0,140.33333333333334,3,0.9166666666666666,True,0,7112.752,40.0
2094.505567132127,71.0,9665.0,135.0,3,0.25,True,0,7112.912,40.0
2096.6799999999994,57.07162180002465,9641.943876860774,133.0,3,0.0,True,0,7112.972000000001,40.0
2105.7635708518114,30.0,9615.0,127.22222222222223,3,0.0,True,0,7113.232,40.0
2109.1799999999994,7.0343228885840885,9591.763743834183,125.0,3,0.0,True,0,7113.332,40.0
2111.898902965798,-14.0,9571.0,123.66666666666667,3,0.0,True,0,7113.412,40.0
2117.246666666666,-53.714368789538455,9537.298716846284,121.0,3,0.0,True,0,7113.572,40.0
2121.7421818953403,-96.0,9511.0,116.8,3,0.0,True,0,7113.712,40.0
2123.635555555555,-118.83687196208241,9499.280067108672,115.0,3,0.0,True,0,7113.772,40.0
2131.0840194358934,-216.0,9457.0,112.6,3,0.0,True,0,7114.012000000001,40.0
2135.9688888888886,-247.39452130284812,9445.415096699946,111.0,2,0.0,False,0,7114.1720000000005,40.0
2142.009218068728,-288.0,9443.0,109.33333333333333,2,2.2222222222222223,False,0,7114.372,40.0
2146.768888888889,-357.5095151560262,9442.765622894145,108.0,2,4.0,False,0,7114.532,40.0
2147.3582782472095,-365.0,9443.0,107.78494628589046,2,4.788530285068322,False,0,7114.552000000001,40.0
2154.906388888889,-418.81859823446814,9453.584224671502,105.0,2,15.0,False,0,7114.811000000001,40.0
2156.0963214875433,-427.0,9457.0,105.0,2,16.594441955555556,False,0,7114.852,40.0
2165.406388888889,-514.9373992279147,9500.035290201955,105.0,2,29.0,False,0,7115.171,40.0
2167.224424587268,-531.0,9510.0,105.7624992,2,31.74499712,False,0,7115.232,40.0
2177.6286111111112,-602.8023907033792,9572.78206223559,110.0,2,47.0,False,0,7115.571,40.0
2177.660210515148,-603.0,9573.0,110.01749888,2,47.01749888,False,0,7115.572,40.0
2184.781488407705,-646.0,9626.0,113.88500224,2,50.88500224,False,0,7115.793000000001,40.0
2190.6286111111112,-677.3867190632147,9672.886163367082,117.0,2,54.0,False,0,7115.9710000000005,40.0
2191.3537037987717,-681.0,9679.0,117.27329362416641,2,54.273293624166406,False,0,7115.993,40.0
2195.9505555555556,-702.3976838147809,9719.439768241771,119.0,2,56.0,False,0,7116.1320000000005,40.0
2197.980117757516,-711.0,9738.0,119.61000192,2,57.22000384,False,0,7116.193,40.0
2201.3386676498862,-724.0,9769.0,120.60999936,2,59.21999872,False,0,7116.293000000001,40.0
2202.672777777778,-728.618618371985,9780.7715391503,121.0,2,60.0,False,0,7116.332,40.0
2208.317222222222,-745.1327251627558,9829.86502470591,127.0,2,64.0,False,0,7116.492,40.0
2210.5615526455545,-751.0,9855.0,128.98250624,2,65.83000576,False,0,7116.553,40.0
2223.101068851448,-776.0,10026.0,139.38250624,2,75.43000576,False,0,7116.8730000000005,40.0
2223.8727777777776,-776.6256816131585,10032.67428218199,140.0,3,76.0,False,0,7116.892,40.0
2235.539444444444,-775.0198464098876,10090.695442181108,150.0,3,82.0,False,0,7117.1720000000005,40.0
2235.58206756412,-775.0,10091.0,150.0249984,3,82.017856,False,0,7117.173000000001,40.0
2246.01368736249,-768.0,10193.0,156.0249984,3,86.30357028571429,False,0,7117.4130000000005,40.0
2247.7505555555554,-765.9303036932124,10210.410595588623,157.0,3,87.0,False,0,7117.452,40.0
2253.217728918124,-758.0,10263.0,161.23499776,3,88.20999936,False,0,7117.573,40.0
2256.8616666666667,-752.3533206165793,10296.71833078746,164.0,3,89.0,False,0,7117.652,40.0
2264.4616666666666,-736.9852389508294,10370.471949379942,171.0,4,92.0,False,0,7117.812,40.0
2265.4887196900754,-734.0,10382.0,172.1812608,4,92.2625024,False,0,7117.8330000000005,40.0
2272.4616666666666,-709.5819319515373,10466.234478961105,180.0,4,94.0,False,0,7117.972000000001,40.0
2273.537423840431,-706.0,10478.0,180.84000768,4,94.63000576,False,0,7117.993,40.0
2282.906111111111,-678.9358313971251,10561.285383419096,188.0,4,100.0,False,0,7118.1720000000005,40.0
2286.1586256542523,-666.0,10595.0,189.5250048,4,100.0,False,0,7118.233,40.0
2298.0727777777774,-599.0848892542779,10752.143187639733,195.0,4,100.0,False,0,7118.452,40.0
2300.3474475184266,-589.0,10775.0,196.63999744,4,99.79500032,False,0,7118.493,40.0
2309.3505555555553,-565.6498402756043,10825.949909619887,203.0,5,99.0,False,0,7118.652,40.0
2315.296031358532,-550.0,10857.0,206.67273425454545,5,99.0,False,0,7118.753000000001,40.0
2332.4225087510636,-474.0,11004.0,216.8181818181818,5,99.0,False,0,7119.032,40.0
2336.1172222222217,-458.36020465480453,11034.220855897227,219.0,5,99.0,False,0,7119.092000000001,40.0
2345.983888888888,-417.45599876090057,11111.598530531186,222.0,5,99.0,False,0,7119.252,40.0
2351.0157624055582,-386.0,11166.0,224.2,5,99.2,False,0,7119.332,40.0
2365.2514488573856,-273.0,11351.0,230.25,5,99.75,False,0,7119.552000000001,40.0
2371.872777777777,-249.87891820828224,11387.27895457688,233.0,6,100.0,False,0,7119.652,40.0
2381.2865790946244,-229.0,11416.0,237.8125,6,100.0,False,0,7119.792,40.0
2393.561666666666,-159.42613640507471,11512.562421945186,244.0,6,100.0,False,0,7119.972000000001,40.0
2396.3015986550076,-142.0,11536.0,244.66666666666666,6,100.0,False,0,7120.012000000001,40.0
2410.094999999999,-56.92217507815835,11643.97667762533,248.0,6,100.0,False,0,7120.212,40.0
2419.902349762673,5.0,11716.0,251.5,6,100.0,False,0,7120.352,40.0
2424.1505555555545,32.98314768879336,11747.043230928619,253.0,6,100.0,False,0,7120.412,40.0
2432.732786377398,91.0,11809.0,255.33333333333334,6,100.0,False,0,7120.532,40.0
2445.780694295987,181.0,11900.0,258.8333333333333,6,100.0,False,0,7120.712,40.0
2450.1505555555545,211.82842426395942,11930.00440510854,260.0,6,100.0,False,0,7120.772,40.0
2463.3140032202846,307.0,12019.0,262.57142857142856,6,100.0,False,0,7120.952,40.0
2470.683888888888,361.7882898878338,12067.543354503077,264.0,7,100.0,False,0,7121.052000000001,40.0
2478.105007977969,418.0,12115.0,265.56739780466,7,100.0,False,0,7121.152,40.0
2490.07903288985,511.0,12188.0,268.075234292116,7,100.0,False,0,7121.312,40.0
2494.5202777777768,546.2664525995032,12214.29294472709,269.0,7,100.0,False,0,7121.371,40.0
2509.751713489317,670.0,12301.0,271.5124992,7,100.0,False,0,7121.572,40.0
2521.9744604780894,772.0,12365.0,273.5124992,7,100.0,False,0,7121.732,40.0
2524.964722222221,797.577376059894,12379.489268538977,274.0,7,100.0,False,0,7121.771000000001,40.0
2534.26952642785,879.0,12422.0,275.20999936,7,100.0,False,0,7121.892,40.0
2548.180665590977,1004.0,12481.0,277.00999936,7,100.0,False,0,7122.072,40.0
2555.85361111111,1069.0411586078776,12509.703237913363,278.0,7,100.0,False,0,7122.171,40.0
2565.3280573999145,1161.0,12546.0,279.0166656,7,100.0,False,0,7122.293000000001,40.0
2574.5202777777768,1283.4019380090513,12588.337747541154,280.0,7,100.0,False,0,7122.411,40.0
2588.771681470652,1473.0,12649.0,281.82000128,7,100.0,False,0,7122.593,40.0
2590.1869444444433,1486.0693941640939,12653.020654606595,282.0,7,100.0,False,0,7122.611,40.0
2602.8880555555543,1557.3987600063574,12673.121825113158,284.0,7,100.0,False,0,7122.772,40.0
2612.458544392741,1610.0,12685.0,284.5041664,7,100.0,False,0,7122.893,40.0
2621.8880555555543,1689.8615496020313,12702.488575996504,285.0,7,100.0,False,0,7123.012000000001,40.0
2634.599166666665,1824.553036440247,12730.595049647825,286.0,7,100.0,False,0,7123.1720000000005,40.0
2637.8660233657893,1858.0,12737.0,286.22777742222223,7,100.0,False,0,7123.213000000001,40.0
2655.463370126248,2059.0,12769.0,287.4500010666667,7,100.0,False,0,7123.433,40.0
2663.399166666665,2211.5098695628435,12788.524045873533,288.0,7,100.0,False,0,7123.532,40.0
2668.291355457533,2296.0,12799.0,288.2178578285714,7,100.0,False,0,7123.593,40.0
2685.876944444443,2407.459323322413,12812.147772835888,289.0,7,100.0,False,0,7123.812,40.0
2695.6161789479515,2456.0,12817.0,289.5041664,7,100.0,False,0,7123.933,40.0
2705.2102777777764,2547.6282673343376,12826.524514679233,290.0,7,100.0,False,0,7124.052000000001,40.0
2710.1340064406427,2600.0,12832.0,290.1906256,7,100.0,False,0,7124.113,40.0
2731.076944444443,2809.4982054327634,12853.751588739702,291.0,7,100.0,False,0,7124.372,40.0
2737.635386310427,2874.0,12860.0,291.2892854857143,7,99.71071451428571,False,0,7124.453,40.0
2740.8755336084823,2906.0,12863.0,291.43214262857146,7,99.56785737142857,False,0,7124.493,40.0
2753.7880555555544,3034.1339007412284,12875.555948553401,292.0,7,99.0,False,0,7124.652,40.0
2762.029512191002,3116.0,12884.0,292.6886376727273,7,99.2295458909091,False,0,7124.753000000001,40.0
2775.1454702303245,3246.0,12898.0,293.77954676363635,7,99.59318225454545,False,0,7124.9130000000005,40.0
2789.8436111111096,3391.326054915071,12914.500380352965,295.0,7,100.0,False,0,7125.092000000001,40.0
2794.852787082511,3441.0,12920.0,295.1906256,7,100.0,False,0,7125.153,40.0
2807.996908118292,3572.0,12934.0,295.6906256,7,100.0,False,0,7125.313,40.0
2816.1547222222207,3653.781463308983,12943.1796942893,296.0,7,100.0,False,0,7125.412,40.0
2829.473828901178,3784.0,12958.0,297.14999954285713,7,100.0,False,0,7125.573,40.0
2839.3324999999986,3875.047499279082,12967.684828920936,298.0,7,100.0,False,0,7125.692,40.0
2844.300840171577,3931.0,12974.0,298.0,7,99.83333333333333,False,0,7125.752,40.0
2865.8202213905074,4260.0,13015.0,298.0,7,99.11111111111111,False,0,7126.012000000001,40.0
2869.1324999999983,4303.04298497125,13020.590031693306,298.0,7,99.0,False,0,7126.052000000001,40.0
2888.999166666665,4477.72590454564,13044.575777038412,298.0,7,99.0,False,0,7126.292,40.0
2908.74596351305,4636.0,13065.0,296.5,7,99.0,False,0,7126.532,40.0
2915.3102777777763,4705.749792561605,13073.1017962094,296.0,7,99.0,False,0,7126.612,40.0
2941.5324999999984,4996.0,13104.0,295.0,7,99.0,False,0,7126.932000000001,40.0
2954.6436111111093,5065.680750286622,13109.609900502666,295.0,7,100.0,False,0,7127.092000000001,40.0
2962.8000700719817,5110.0,13112.0,294.0,7,95.0,False,0,7127.192,40.0
2970.921388888887,5171.448234183256,13114.981780586311,293.0,7,90.0,False,0,7127.292,40.0
2983.810277777776,5307.0,13112.0,290.0,7,25.0,True,0,7127.452,40.0
3002.5438352535775,5568.0,13069.0,282.6666666666667,7,11.666666666666666,True,0,7127.692,40.0
3011.710277777776,5655.7470671108495,13048.17628269268,279.0,7,5.0,False,0,7127.812,40.0
3032.635277777776,5783.428013602767,12995.271499951801,270.0,7,16.0,False,0,7128.091,40.0
3032.709118461177,5784.0,12995.0,269.97750144,7,16.07249536,False,0,7128.092000000001,40.0
3048.7428333960142,5928.0,12921.0,265.02750144,7,32.02249535999999,False,0,7128.312,40.0
3055.9475899360777,5991.0,12881.0,262.77750144,7,39.27249535999999,False,0,7128.412,40.0
3061.635277777776,6038.162185668274,12848.529984054014,261.0,6,45.0,False,0,7128.491,40.0
3074.655491511598,6142.0,12767.0,259.4916672,6,69.1333248,False,0,7128.6720000000005,40.0
3078.901944444443,6176.6417728128,12735.751020066979,259.0,6,77.0,False,0,7128.731000000001,40.0
3097.7941800953563,6321.0,12584.0,259.65500032,6,86.8250048,False,0,7128.993,40.0
3107.7908333333316,6371.144298903961,12516.312179999393,260.0,6,92.0,False,0,7129.131,40.0
3116.663148851908,6410.0,12452.0,261.2139294611517,6,94.42785892230334,False,0,7129.253000000001,40.0
3122.419166666665,6437.456392181577,12402.09375121885,262.0,6,96.0,False,0,7129.332,40.0
3132.705046076477,6486.0,12308.0,262.5875008,6,98.3500032,False,0,7129.473,40.0
3139.952499999998,6514.083318872936,12250.785053327474,263.0,6,100.0,False,0,7129.572,40.0
3151.730277777776,6556.145315633026,12151.766937476406,265.0,6,100.0,False,0,7129.732,40.0
3156.240456043839,6578.0,12091.0,265.61000192,6,100.0,False,0,7129.793000000001,40.0
3166.5636111111094,6636.917774776035,11914.781353498609,267.0,6,100.0,False,0,7129.932000000001,40.0
3168.129856953933,6644.0,11893.0,267.2625024,6,100.0,False,0,7129.953,40.0
3184.563611111109,6673.137654084234,11794.722322945021,270.0,6,100.0,False,0,7130.1720000000005,40.0
3190.683041839718,6681.0,11763.0,270.6749994666667,6,100.0,False,0,7130.253000000001,40.0
3213.5198977473806,6737.0,11545.0,273.1750016,6,100.0,False,0,7130.553,40.0
3221.0969444444427,6754.107413864392,11474.895523512194,274.0,7,100.0,False,0,7130.652,40.0
3234.9942436029,6785.0,11337.0,275.50833493333334,7,100.0,False,0,7130.8330000000005,40.0
3248.7969444444425,6823.575407877159,11148.53502938554,277.0,7,100.0,False,0,7131.012000000001,40.0
3251.9670864426707,6831.0,11111.0,277.2928566857143,7,100.0,False,0,7131.053,40.0
3270.4969444444428,6856.083696040756,10973.029475236359,279.0,7,100.0,False,0,7131.292,40.0
3278.3391353858306,6865.0,10916.0,279.2805560888889,7,100.0,False,0,7131.393,40.0
3295.4537223470043,6890.0,10746.0,279.8916664888889,7,100.0,False,0,7131.613,40.0
3298.4969444444428,6894.857153816351,10710.80509439573,280.0,7,100.0,False,0,7131.652,40.0
3314.2282154696663,6920.0,10514.0,281.2562496,7,100.0,False,0,7131.853,40.0
3323.5636111111094,6932.898278850381,10395.287127199283,282.0,7,100.0,False,0,7131.972000000001,40.0
3340.927051332589,6952.0,10186.0,282.7892864,7,100.0,False,0,7132.193,40.0
3345.57472222222,6955.955889010361,10136.572099296147,283.0,7,100.0,False,0,7132.252,40.0
3358.1969444444426,6964.246057130098,10016.819959621162,284.0,7,100.0,False,0,7132.412,40.0
3373.919166666665,6970.899944268653,9888.87895803681,283.0,7,100.0,False,0,7132.612,40.0
3380.222233253394,6973.0,9841.0,283.3333333333333,7,100.0,False,0,7132.692,40.0
3392.852499999998,6976.266408588438,9750.725791129249,284.0,7,100.0,False,0,7132.852,40.0
3405.474722222221,6979.0,9651.0,284.0,7,100.0,False,0,7133.012000000001,40.0
3422.7715373645833,6983.0,9478.0,283.0833333333333,7,100.0,False,0,7133.232,40.0
3424.341388888887,6983.364711477771,9461.93320000876,283.0,7,100.0,False,0,7133.252,40.0
3446.2747222222206,6989.0,9242.0,282.0,7,99.0,False,0,7133.532,40.0
3454.0784290147576,6992.0,9164.0,281.5,7,99.0,False,0,7133.6320000000005,40.0
3461.885833333332,6996.732129812241,9075.65115982189,281.0,7,99.0,False,0,7133.732,40.0
3477.552499999999,7012.0,8882.0,282.0,7,99.0,False,0,7133.932000000001,40.0
3496.285833333332,7040.717892998849,8673.090947952263,281.0,7,99.0,False,0,7134.1720000000005,40.0
3511.854898802926,7067.0,8528.0,280.44444444444446,7,99.55555555555556,False,0,7134.372,40.0
3524.285833333332,7086.037848527119,8434.99540805702,280.0,7,100.0,False,0,7134.532,40.0
3539.790935286195,7115.0,8315.0,279.16318014040365,7,100.0,False,0,7134.732,40.0
3542.8083333333325,7122.508226257143,8286.040916088574,279.0,7,100.0,False,0,7134.771000000001,40.0
3558.2527777777764,7167.387199461065,8121.848005669413,278.0,7,100.0,False,0,7134.9710000000005,40.0
3559.873246025353,7172.0,8106.0,278.0,7,100.0,False,0,7134.992,40.0
3576.8475344943836,7219.0,7958.0,278.0,7,100.0,False,0,7135.212,40.0
3586.052777777776,7248.572225207894,7873.496867378902,278.0,7,100.0,False,0,7135.331,40.0
3601.552777777776,7303.450698247453,7727.390779696611,279.0,7,100.0,False,0,7135.531,40.0
3601.7071958403794,7304.0,7726.0,278.98000128,7,100.0,False,0,7135.533,40.0
3616.9416666666652,7360.632080118567,7586.7006549083635,277.0,7,100.0,False,0,7135.731000000001,40.0
3618.636209545501,7368.0,7568.0,277.0,7,95.45904727892892,False,0,7135.753000000001,40.0
3638.563055555554,7464.299722276709,7310.204284266522,277.0,7,42.0,False,0,7136.012000000001,40.0
3640.1606002995954,7470.0,7294.0,276.36999424,7,40.10998272,False,0,7136.033,40.0
3653.618611111109,7497.169187200185,7207.480035277017,271.0,7,24.0,True,0,7136.212,40.0
3664.0028509684107,7510.0,7150.0,265.7124928,7,23.1187488,True,0,7136.353,40.0
3665.396388888887,7512.173208062318,7139.958955909958,265.0,7,23.0,True,0,7136.372,40.0
3672.7957398738135,7524.0,7077.0,263.7374976,7,23.6312512,True,0,7136.473,40.0
3677.0852777777754,7528.771449193206,7032.0835658286305,263.0,7,24.0,False,0,7136.532,40.0
3694.218611111109,7530.858057717966,6809.971183781054,257.0,7,37.0,False,0,7136.772,40.0
3699.967404375617,7528.0,6752.0,255.9875008,7,45.0999936,False,0,7136.853,40.0
3705.5519444444426,7523.961279742574,6709.255916345957,255.0,7,53.0,False,0,7136.932000000001,40.0
3716.7519444444424,7511.105741290494,6638.541257008814,252.0,7,61.0,False,0,7137.092000000001,40.0
3716.8216206358466,7511.0,6638.0,251.99000064,7,61.03999744,False,0,7137.093,40.0
3730.6408333333316,7483.870152468902,6503.3158657921485,250.0,7,69.0,False,0,7137.292,40.0
3737.6476772639626,7468.0,6431.0,250.0,7,71.5250048,False,0,7137.393,40.0
3743.202210764264,7455.0,6376.0,250.0,7,73.5250048,False,0,7137.473,40.0
3747.307499999998,7444.266502638989,6332.4028495256025,250.0,7,75.0,False,0,7137.532,40.0
3769.4408333333313,7378.171053986527,6067.761029053474,249.0,7,31.0,True,0,7137.852,40.0
3769.507833666047,7378.0,6067.0,248.9527808,7,30.9666688,True,0,7137.853,40.0
3792.640833333331,7335.083950148499,5836.530399475449,232.0,6,19.0,True,0,7138.212,40.0
3792.704289637029,7335.0,5836.0,231.979168,6,19.0041664,True,0,7138.213000000001,40.0
3807.7741666666648,7319.365755686441,5726.063403790057,227.0,6,20.0,False,0,7138.452,40.0
3817.5963888888873,7316.4299431145855,5642.544715099596,221.0,5,25.0,False,0,7138.612,40.0
3820.0908888634785,7317.0,5616.0,220.38500096,5,27.86999552,False,0,7138.653,40.0
3829.707499999998,7324.197445498408,5495.452011802134,218.0,5,39.0,False,0,7138.812,40.0
3834.5230978125273,7330.0,5440.0,217.33333333333334,5,40.666666666666664,False,0,7138.892,40.0
3844.1074999999983,7344.913537400105,5360.257218167194,216.0,5,44.0,False,0,7139.052000000001,40.0
3853.618611111109,7368.0,5291.0,214.0,5,44.0,False,0,7139.212,40.0
3867.751944444443,7422.0,5158.0,212.0,5,48.0,False,0,7139.452,40.0
3879.5297222222207,7475.850613148161,5053.555078379903,212.0,5,56.0,False,0,7139.652,40.0
3880.710318581549,7483.0,5041.0,212.07142857142858,5,56.57142857142857,False,0,7139.6720000000005,40.0
3893.728520777779,7576.0,4885.0,212.85714285714286,5,62.85714285714286,False,0,7139.892,40.0
3896.0963888888873,7588.833962439058,4863.763892514226,213.0,5,64.0,False,0,7139.932000000001,40.0
3907.8741666666647,7629.473954911056,4796.097524372446,212.0,5,10.0,True,0,7140.1320000000005,40.0
3910.1867335654283,7637.0,4783.0,211.0,5,10.0,True,0,7140.1720000000005,40.0
3922.6109474743835,7683.0,4697.0,205.5,5,10.0,True,0,7140.392,40.0
3928.174166666665,7705.6059975960525,4648.310460997516,203.0,5,10.0,True,0,7140.492,40.0
3938.1135565382265,7744.0,4555.0,200.5,5,7.0,True,0,7140.6720000000005,40.0
3947.974166666665,7770.637299965045,4466.905717047874,198.0,5,4.0,False,0,7140.852,40.0
3950.157007686986,7775.0,4440.0,197.66666666666666,5,4.333333333333333,False,0,7140.892,40.0
3961.0408333333316,7789.0,4270.0,196.0,5,6.0,False,0,7141.092000000001,40.0
3974.1074999999983,7791.712902967538,4177.408638235234,196.0,5,6.0,False,0,7141.332,40.0
3987.119722222221,7759.252574261936,4078.7664470826976,196.0,5,6.0,False,0,7141.571,40.0
3987.173895174261,7759.0,4078.0,195.99500032,5,6.01749888,False,0,7141.572,40.0
3994.7276682599777,7718.0,3955.0,195.29500032,5,8.46749888,False,0,7141.712,40.0
4008.675277777776,7668.153193403113,3832.944467803589,194.0,5,13.0,False,0,7141.9710000000005,40.0
4021.9069414401897,7621.0,3763.0,196.59285577142856,5,76.09282377142857,False,0,7142.213000000001,40.0
4023.997499999998,7610.278268005446,3746.9362519993083,197.0,5,86.0,False,0,7142.251,40.0
4030.730924081187,7571.0,3690.0,198.8208941917275,5,87.8208941917275,False,0,7142.3730000000005,40.0
4035.164166666665,7543.447308118421,3654.6617150498014,200.0,5,89.0,False,0,7142.452,40.0
4044.4752492935504,7483.0,3588.0,205.36666453333333,5,92.13055431111111,False,0,7142.613,40.0
4050.418418046429,7441.0,3549.0,208.7000064,5,94.07500373333333,False,0,7142.713000000001,40.0
4056.364166666665,7384.422705376307,3505.317620787626,212.0,5,96.0,False,0,7142.812,40.0
4066.1622525956973,7276.0,3433.0,216.0249984,5,97.78888817777778,False,0,7142.973,40.0
4078.464166666665,7161.687970721003,3370.568073302976,221.0,5,100.0,False,0,7143.1720000000005,40.0
4088.508611111109,7077.3160754582395,3329.4419609174975,226.0,5,100.0,False,0,7143.332,40.0
4093.7076196976427,7031.0,3303.0,228.60356937142856,5,100.0,False,0,7143.4130000000005,40.0
4106.786388888887,6906.61863495513,3221.5549828867174,235.0,6,100.0,False,0,7143.612,40.0
4123.003283754858,6767.0,3115.0,239.81999872,6,100.0,False,0,7143.853,40.0
4133.786388888886,6703.570441113994,3056.556412144065,243.0,6,100.0,False,0,7144.012000000001,40.0
4147.397499999997,6638.5535572030285,2986.1708003916283,245.0,6,100.0,False,0,7144.212,40.0
4148.8484814582225,6631.0,2978.0,245.7875072,6,99.8687488,False,0,7144.233,40.0
4158.553055555552,6577.228273549084,2920.0024839697226,251.0,6,99.0,False,0,7144.372,40.0
4167.034409959922,6527.0,2864.0,251.86428525714285,6,99.43214262857143,False,0,7144.493,40.0
4178.23083333333,6458.429360873073,2782.3169692661763,253.0,6,100.0,False,0,7144.652,40.0
4185.394999458927,6411.0,2720.0,254.8937536,6,100.0,False,0,7144.753000000001,40.0
4189.608611111109,6381.296788771959,2678.395255518668,256.0,6,100.0,False,0,7144.812,40.0
4201.164166666665,6297.489744073811,2553.120172308212,260.0,6,100.0,False,0,7144.972000000001,40.0
4205.616488272106,6270.0,2510.0,261.22000384,6,100.0,False,0,7145.033,40.0
4215.830833333332,6219.996648638902,2426.984130176886,264.0,6,100.0,False,0,7145.1720000000005,40.0
4230.608611111109,6162.748309104069,2321.601350991699,266.0,6,100.0,False,0,7145.372,40.0
4232.171030163439,6156.0,2309.0,266.3500032,6,100.0,False,0,7145.393,40.0
4248.60861111111,6079.0,2163.0,270.0,7,100.0,False,0,7145.612,40.0
4260.786388888888,6024.539968943381,2054.1723618243705,274.0,7,100.0,False,0,7145.772,40.0
4268.4813226035,5991.0,1986.0,275.5625,7,100.0,False,0,7145.872,40.0
4282.4671471965385,5930.0,1862.0,278.375,7,100.0,False,0,7146.052000000001,40.0
4285.586388888887,5916.372973077713,1834.1757110843482,279.0,7,100.0,False,0,7146.092000000001,40.0
4299.668700910562,5855.0,1708.0,281.25,7,100.0,False,0,7146.272,40.0
4304.386388888888,5834.672257047658,1665.8016132875741,282.0,7,100.0,False,0,7146.332,40.0
4313.863182333064,5794.0,1581.0,283.3333333333333,7,100.0,False,0,7146.452,40.0
4328.183671648084,5732.0,1452.0,285.3333333333333,7,100.0,False,0,7146.6320000000005,40.0
4332.9863888888885,5711.1411077738685,1408.7952338728735,286.0,7,100.0,False,0,7146.692,40.0
4344.2498317891195,5663.0,1309.0,287.75,7,99.65,False,0,7146.832,40.0
4360.449728831228,5594.0,1164.0,290.25,7,99.15,False,0,7147.032,40.0
4365.319722222222,5568.072446044829,1109.589344884172,291.0,7,99.0,False,0,7147.092000000001,40.0
4383.219668829643,5469.0,902.0,292.8333333333333,7,99.91666666666667,False,0,7147.312,40.0
4384.853055555555,5462.789363021208,888.9475170178131,293.0,7,100.0,False,0,7147.332,40.0
4404.548890337807,5413.0,784.0,294.8,7,100.0,False,0,7147.572,40.0
4417.741944444443,5358.939095524464,671.3667448451673,296.0,7,100.0,False,0,7147.732,40.0
4427.655763930153,5313.0,576.0,296.75,7,100.0,False,0,7147.852,40.0
4444.230833333332,5241.0,427.0,298.0,7,100.0,False,0,7148.052000000001,40.0
4459.225995544029,5176.0,293.0,299.29032228465724,7,100.0,False,0,7148.232,40.0
4467.480833333332,5140.833994754721,220.7981992087665,300.0,8,100.0,False,0,7148.331,40.0
4475.896251039703,5103.0,143.0,300.0,8,100.0,False,0,7148.432000000001,40.0
4500.814166666666,4974.282777325637,-123.81596427173666,300.0,8,100.0,False,0,7148.731000000001,40.0
4502.652019076784,4966.0,-141.0,300.1375008,8,100.0,False,0,7148.753000000001,40.0
4514.191944444444,4920.95471015329,-234.3733710962205,301.0,8,100.0,False,0,7148.8910000000005,40.0
4530.997777777777,4863.793657783356,-352.8808139153991,301.0,8,100.0,False,0,7149.092000000001,40.0
4532.750987458099,4857.0,-367.0,300.9343744,8,100.0,False,0,7149.113,40.0
4554.415757718363,4763.0,-563.0,300.1218752,8,100.0,False,0,7149.3730000000005,40.0
4557.664444444444,4749.016940222139,-592.3122175218523,300.0,8,100.0,False,0,7149.412,40.0
4569.4129057931295,4698.0,-699.0,300.0,8,100.0,False,0,7149.553,40.0
4584.33111111111,4621.482857296521,-856.0106127989895,300.0,8,100.0,False,0,7149.732,40.0
4584.414444701701,4621.0,-857.0,300.0,8,100.0,False,0,7149.733,40.0
4606.081238078994,4490.0,-1126.0,300.0,8,100.0,False,0,7149.993,40.0
4607.664444444443,4482.906851522495,-1140.6066903703145,300.0,8,100.0,False,0,7150.012000000001,40.0
4624.33111111111,4435.539544971266,-1238.5464648953641,300.0,8,100.0,False,0,7150.212,40.0
4632.752004843473,4410.0,-1291.0,300.0,8,100.0,False,0,7150.313,40.0
4637.664444444443,4391.005260400302,-1329.821254121649,300.0,8,100.0,False,0,7150.372,40.0
4651.033278976136,4329.0,-1456.0,299.19500032,8,100.0,False,0,7150.533,40.0
4654.275555555554,4313.646595569504,-1487.1315083869097,299.0,8,100.0,False,0,7150.572,40.0
4667.608888888887,4250.468124325463,-1614.760040052002,300.0,8,100.0,False,0,7150.732,40.0
4676.025977687122,4211.0,-1694.0,300.0,8,100.0,False,0,7150.8330000000005,40.0
4680.942222222221,4188.188316022935,-1739.6037653647068,300.0,8,100.0,False,0,7150.892,40.0
4697.608888888887,4112.296893006679,-1890.3243216997112,300.0,8,100.0,False,0,7151.092000000001,40.0
4709.359108938953,4061.0,-1992.0,300.0,8,100.0,False,0,7151.233,40.0
4720.94222222222,4012.538353461191,-2088.1591205823734,300.0,8,100.0,False,0,7151.372,40.0
4737.690557010017,3940.0,-2230.0,300.0,8,100.0,False,0,7151.573,40.0
4751.023770727632,3876.0,-2352.0,300.0,8,100.0,False,0,7151.733,40.0
4757.608888888888,3848.1894451322114,-2405.7693379875527,300.0,8,100.0,False,0,7151.812,40.0
4776.035851471113,3761.0,-2574.0,300.0,8,100.0,False,0,7152.033,40.0
4787.608888888888,3664.714328374792,-2753.43382242856,300.0,8,100.0,False,0,7152.1720000000005,40.0
4794.258562582645,3619.0,-2838.0,299.6666666666667,8,100.0,False,0,7152.252,40.0
4807.5422222222205,3584.4837906162625,-2900.8600220772896,299.0,8,100.0,False,0,7152.412,40.0
4815.84348487023,3571.0,-2925.0,299.0,8,100.0,False,0,7152.512000000001,40.0
4820.831111111109,3557.888780955549,-2948.8322058509893,299.0,8,100.0,False,0,7152.572,40.0
4834.164444444442,3503.880977072124,-3047.246214936488,300.0,8,100.0,False,0,7152.732,40.0
4845.826362170831,3423.0,-3185.0,299.0,8,97.0,False,0,7152.872,40.0
4857.34222222222,3314.8331803919014,-3361.3483168590997,298.0,8,94.0,False,0,7153.012000000001,40.0
4858.964515215546,3302.0,-3382.0,297.07142857142856,8,88.07142857142857,False,0,7153.032,40.0
4879.508888888887,3226.5567015800407,-3495.3375727550006,285.0,8,11.0,True,0,7153.292,40.0
4885.605911975141,3202.0,-3526.0,279.4,8,8.6,True,0,7153.372,40.0
4894.564444444442,3145.758170973663,-3595.8770116136357,271.0,8,5.0,True,0,7153.492,40.0
4909.030377955654,3033.0,-3732.0,261.0,8,4.166666666666667,True,0,7153.692,40.0
4911.831111111109,3014.5501406359513,-3752.8179096946164,259.0,8,4.0,True,0,7153.732,40.0
4928.03111111111,2916.0,-3847.0,243.0,7,4.0,True,0,7153.972000000001,40.0
4938.564444444442,2823.5445306983165,-3915.9844613170476,237.0,7,4.0,True,0,7154.1320000000005,40.0
4948.713834753592,2725.0,-3980.0,231.0,7,4.5,True,0,7154.292,40.0
4958.564444444443,2640.9679733636176,-4024.2297233901427,225.0,6,5.0,True,0,7154.452,40.0
4970.630588293434,2546.0,-4062.0,219.44444444444446,6,7.777777777777778,True,0,7154.652,40.0
4980.064444444443,2467.575459177574,-4088.0316051710315,215.0,5,10.0,False,0,7154.812,40.0
4985.853753029542,2409.0,-4100.0,212.178683951612,5,15.956111657708005,False,0,7154.912,40.0
4998.318333333332,2241.5435416065243,-4110.301821237283,206.0,5,29.0,False,0,7155.131,40.0
5006.330426658357,2151.0,-4111.0,204.47857005714286,5,43.707156114285716,False,0,7155.273,40.0
5014.107222222221,2102.2457558330952,-4110.289900847276,203.0,5,58.0,False,0,7155.411,40.0
5026.674023184885,2028.0,-4090.0,203.6915893216876,5,69.75701846868904,False,0,7155.633,40.0
5032.297222222221,1953.532965899944,-4064.2414504808366,204.0,5,75.0,False,0,7155.732,40.0
5041.408333333332,1825.5647024410187,-4017.2229450050095,205.0,5,78.0,False,0,7155.892,40.0
5041.4653759630655,1825.0,-4017.0,205.0062496,5,78.0437472,False,0,7155.893,40.0
5050.563888888887,1774.276131842198,-3993.364620666005,206.0,5,85.0,False,0,7156.052000000001,40.0
5057.561662799798,1744.0,-3973.0,207.5124992,5,92.562496,False,0,7156.173000000001,40.0
5064.49722222222,1691.5754155678706,-3938.663693770947,209.0,5,100.0,False,0,7156.292,40.0
5070.4132203475765,1639.0,-3901.0,209.68863767272728,5,100.0,False,0,7156.393,40.0
5090.408333333331,1468.4574310524858,-3739.509915657657,212.0,5,100.0,False,0,7156.732,40.0
5090.467396602977,1468.0,-3739.0,212.0062496,5,100.0,False,0,7156.733,40.0
5099.874999999998,1399.7570526434065,-3656.9656991981356,213.0,5,100.0,False,0,7156.892,40.0
5113.116256232099,1323.0,-3550.0,214.65750144,5,100.0,False,0,7157.113,40.0
5123.874999999997,1279.7528008955383,-3480.537366614846,216.0,5,100.0,False,0,7157.292,40.0
5132.327079910252,1249.0,-3426.0,216.0,5,100.0,False,0,7157.433,40.0
5133.474999999998,1244.6037391221257,-3418.070705259819,216.0,5,100.0,False,0,7157.452,40.0
5145.697222222219,1192.4510919111958,-3322.071914187452,220.0,5,99.0,False,0,7157.652,40.0
5150.63977619869,1162.0,-3265.0,220.0,5,99.0,False,0,7157.733,40.0
5157.919444444442,1104.5681782780928,-3156.6995568465027,220.0,5,99.0,False,0,7157.852,40.0
5162.933739986165,1069.0,-3090.0,221.61999872,5,99.0,False,0,7157.933,40.0
5170.363888888886,1035.2214923798683,-3028.18640687633,224.0,5,99.0,False,0,7158.052000000001,40.0
5185.518433065969,994.0,-2961.0,226.0083328,5,99.0,False,0,7158.293000000001,40.0
5193.063888888886,956.2265476005163,-2899.7633975852445,227.0,5,99.0,False,0,7158.412,40.0
5198.226066720906,927.0,-2854.0,227.80999936,5,99.20249984,False,0,7158.493,40.0
5213.569884053056,840.0,-2729.0,230.2,5,99.8,False,0,7158.732,40.0
5218.730555555553,813.0603965057758,-2691.769898769851,231.0,6,100.0,False,0,7158.812,40.0
5231.6749999999965,733.0,-2583.0,233.0,6,100.0,False,0,7159.012000000001,40.0
5244.6749999999965,609.0,-2415.0,234.0,6,100.0,False,0,7159.212,40.0
5257.786111111108,562.21589863748,-2351.8634817246316,236.0,6,100.0,False,0,7159.412,40.0
5265.683776402431,531.0,-2310.0,236.5,6,100.0,False,0,7159.532,40.0
5273.586111111107,471.31870588655136,-2229.8604507016616,237.0,6,100.0,False,0,7159.652,40.0
5285.432879076955,370.0,-2094.0,237.0,6,99.1,False,0,7159.832,40.0
5286.752777777774,361.99533056428396,-2083.3151483331185,237.0,6,99.0,False,0,7159.852,40.0
5305.3416666666635,288.8706225712284,-1988.8027112819495,239.0,6,100.0,False,0,7160.1320000000005,40.0
5306.676568139856,281.0,-1979.0,239.16666666666666,6,100.0,False,0,7160.152,40.0
5321.40833333333,155.8503328353446,-1824.3943738106498,241.0,6,100.0,False,0,7160.372,40.0
5328.118072894395,104.0,-1761.0,241.41666666666666,6,99.58333333333333,False,0,7160.472000000001,40.0
5337.541666666664,55.790975694891074,-1703.147313585346,242.0,6,99.0,False,0,7160.612,40.0
5348.341666666664,14.319109162549228,-1655.4213383122033,243.0,6,99.0,False,0,7160.772,40.0
5351.005448745998,0.0,-1639.0,241.625,6,90.125,False,0,7160.812,40.0
5361.457117088443,-71.0,-1558.0,236.125,6,54.625,False,0,7160.972000000001,40.0
5368.963888888886,-127.58400899670067,-1495.025107935004,232.0,6,28.0,True,0,7161.092000000001,40.0
5379.637830241223,-216.0,-1397.0,214.9,6,13.6,True,0,7161.272,40.0
5380.79722222222,-226.28983812881853,-1385.36520091361,213.0,6,12.0,True,0,7161.292,40.0
5392.019444444442,-326.25476627528144,-1270.82214309137,202.0,6,0.0,True,0,7161.492,40.0
5393.065083452078,-334.0,-1262.0,199.58333333333334,6,0.0,True,0,7161.512000000001,40.0
5403.552777777775,-387.25181166405514,-1203.158180884336,173.0,6,0.0,True,0,7161.732,40.0
5407.045030036106,-406.0,-1183.0,164.86611739149996,6,0.0,True,0,7161.813,40.0
5413.44472222222,-452.66995890695205,-1132.8601622648748,149.0,6,0.0,True,0,7161.9710000000005,40.0
5415.094434316324,-465.0,-1120.0,147.2990702652352,6,0.0,True,0,7162.013,40.0
5424.151419732915,-533.0,-1057.0,137.5794421591411,6,0.0,True,0,7162.253000000001,40.0
5425.571388888887,-547.163327768142,-1046.0209208709684,136.0,6,0.0,True,0,7162.292,40.0
5434.709495426876,-654.0,-973.0,127.2999936,6,0.0,True,0,7162.553,40.0
5437.971388888886,-681.7337684019283,-956.8908746319723,124.0,3,0.0,True,0,7162.652,40.0
5447.143921586658,-736.0,-937.0,113.96666026666666,3,0.0,True,0,7162.953,40.0
5452.371388888887,-783.2006302082093,-922.7666505745467,108.0,2,0.0,True,0,7163.1320000000005,40.0
5453.567210252348,-798.0,-920.0,107.41428662857143,2,0.0,True,0,7163.173000000001,40.0
5458.215782709782,-868.0,-913.0,105.12857234285714,2,0.0,True,0,7163.3330000000005,40.0
5460.460277777775,-899.671187737144,-912.2257527064972,104.0,2,0.0,True,0,7163.412,40.0
5467.060277777775,-973.62459868716,-918.5609760457891,99.0,2,12.0,False,0,7163.652,40.0
5468.180455098499,-983.0,-920.0,99.0,2,14.562496,False,0,7163.693,40.0
5475.860277777775,-1026.1238163260268,-931.7982475742855,99.0,2,32.0,False,0,7163.972000000001,40.0
5478.702458478307,-1045.0,-940.0,100.2625024,2,37.47084373333333,False,0,7164.073,40.0
5482.660277777775,-1079.8072948935194,-956.2627632335845,102.0,2,45.0,False,0,7164.212,40.0
5484.980980624576,-1101.0,-968.0,103.0124992,2,47.0249984,False,0,7164.293000000001,40.0
5487.2824999999975,-1120.469356145794,-980.8582297790995,104.0,2,49.0,False,0,7164.372,40.0
5489.709467317306,-1140.0,-995.0,105.21499904,2,46.084002304,False,0,7164.453,40.0
5520.338055555553,-1390.3774003642616,-1157.2048060051354,119.0,3,13.0,False,0,7165.372,40.0
5522.98653713423,-1415.0,-1164.0,119.0,3,20.0,False,0,7165.452,40.0
5525.626944444442,-1440.1015790258975,-1169.0156629485496,119.0,3,27.0,False,0,7165.532,40.0
5530.254493164256,-1485.0,-1173.0,119.0,3,34.0,False,0,7165.6720000000005,40.0
5532.238055555553,-1504.5166379883203,-1172.5487006038354,119.0,3,37.0,False,0,7165.732,40.0
5534.220967116947,-1524.0,-1171.0,119.0,3,37.857142857142854,False,0,7165.792,40.0
5541.493611111108,-1595.1521922143288,-1157.3800939929092,119.0,3,41.0,False,0,7166.012000000001,40.0
5543.481329558178,-1617.0,-1151.0,119.0,3,41.25,False,0,7166.072,40.0
5549.426944444442,-1687.4766250058988,-1126.4541599687605,119.0,3,42.0,False,0,7166.252,40.0
5550.081183182348,-1694.0,-1124.0,119.0,3,42.0,False,0,7166.272,40.0
5556.038055555553,-1737.3692683554518,-1105.5773521556662,119.0,3,42.0,False,0,7166.452,40.0
5558.161737162596,-1755.0,-1096.0,122.6,3,47.1,False,0,7166.512000000001,40.0
5563.31583333333,-1812.5218869258304,-1061.611031269057,131.0,3,59.0,False,0,7166.652,40.0
5566.991751822911,-1853.0,-1035.0,132.25,3,60.875,False,0,7166.752,40.0
5569.226944444442,-1872.5349927814596,-1020.7602568069334,133.0,3,62.0,False,0,7166.812,40.0
5577.778252483777,-1932.0,-963.0,138.5,3,64.5,False,0,7167.032,40.0
5586.826944444441,-2018.4091547215478,-859.0765535183385,144.0,3,67.0,False,0,7167.252,40.0
5587.671170907461,-2025.0,-851.0,144.625,3,67.70833333333333,False,0,7167.272,40.0
5606.193426477716,-2103.0,-750.0,157.75,3,82.58333333333333,False,0,7167.692,40.0
5608.026944444441,-2112.651157757569,-736.0239243833641,159.0,3,84.0,False,0,7167.732,40.0
5610.79842445567,-2128.0,-713.0,161.5,3,85.25,False,0,7167.792,40.0
5619.2936111111085,-2170.3075151490766,-638.6010675998025,169.0,3,89.0,False,0,7167.972000000001,40.0
5624.162815143887,-2191.0,-597.0,172.33333333333334,3,89.0,False,0,7168.072,40.0
5631.093611111109,-2216.5517638490155,-540.1312099254193,177.0,4,89.0,False,0,7168.212,40.0
5635.115415518225,-2232.0,-498.0,178.5187488,4,89.0,False,0,7168.293000000001,40.0
5639.093611111109,-2248.7315044851175,-445.6029109713524,180.0,4,89.0,False,0,7168.372,40.0
5647.514832652827,-2281.0,-331.0,186.0374976,4,90.0062496,False,0,7168.533,40.0
5656.160277777775,-2295.9200502511994,-263.71945479441837,192.0,4,91.0,False,0,7168.692,40.0
5666.296443827359,-2303.0,-203.0,199.11072182857143,4,91.64642925714286,False,0,7168.8730000000005,40.0
5671.9491666666645,-2308.2648163016265,-154.971264211894,203.0,4,92.0,False,0,7168.972000000001,40.0
5677.783738835351,-2312.0,-91.0,205.24444871111112,4,93.40278044444445,False,0,7169.073,40.0
5693.049166666665,-2304.0266485324105,136.0684899794928,211.0,5,97.0,False,0,7169.332,40.0
5695.503868390881,-2302.0,165.0,212.22999808,5,97.61499904,False,0,7169.3730000000005,40.0
5705.1047222222205,-2294.155849460082,239.38198171227873,217.0,5,100.0,False,0,7169.532,40.0
5714.882499999998,-2282.990004370353,283.1014782524514,220.0,5,100.0,False,0,7169.692,40.0
5719.957519314157,-2273.0,321.0,223.23999744,5,100.0,False,0,7169.773,40.0
5725.050162405106,-2260.0,369.0,226.43999744,5,100.0,False,0,7169.853,40.0
5727.549166666665,-2252.2443657410245,394.1451487619792,228.0,5,100.0,False,0,7169.892,40.0
5740.583030972699,-2200.0,530.0,232.30714148571428,5,100.0,False,0,7170.093,40.0
5745.749166666665,-2176.6964420614686,580.1701932536996,234.0,5,100.0,False,0,7170.1720000000005,40.0
5752.375959395065,-2145.0,642.0,235.51500288,5,100.0,False,0,7170.273,40.0
5758.915833333331,-2111.731032966458,701.8808416918406,237.0,6,100.0,False,0,7170.372,40.0
5768.337262280398,-2065.0,779.0,239.82000384,6,100.0,False,0,7170.513,40.0
5772.304722222219,-2047.6951896239202,805.2342893040386,241.0,6,100.0,False,0,7170.572,40.0
5780.475751202537,-2012.0,856.0,242.81499904,6,100.0,False,0,7170.693,40.0
5785.860277777775,-1983.4251102395338,896.430184141031,244.0,6,100.0,False,0,7170.772,40.0
5796.9972810756435,-1917.0,990.0,248.0249984,6,100.0,False,0,7170.933,40.0
5802.526944444441,-1884.6478865555337,1035.0856819848602,250.0,6,100.0,False,0,7171.012000000001,40.0
5812.48657323387,-1822.0,1121.0,252.46750336,6,100.0,False,0,7171.153,40.0
5820.838712126285,-1756.868046762228,1208.4782766843505,254.51500224,6,100.0,False,0,7171.27,40.0
0.43730945205913807,-1747.797109989052,1220.3741192923435,254.51500224,6,100.0,False,0,7171.27,41.0
6.391611632562942,-1703.0,1280.0,255.96750336,6,100.0,False,0,7171.353,41.0
10.63888888888889,-1675.1909892168442,1316.8016704331253,257.0,6,100.0,False,0,7171.412,41.0
22.238888888888887,-1616.5062892264818,1393.436037427327,261.0,6,100.0,False,0,7171.572,41.0
37.016666666666666,-1550.1365129815126,1476.2269161195925,266.0,6,100.0,False,0,7171.772000000001,41.0
41.5351689721534,-1524.0,1508.0,266.3812512,6,100.0,False,0,7171.8330000000005,41.0
48.88333333333333,-1477.0,1565.0,267.0,7,100.0,False,0,7171.932000000001,41.0
60.871864475321104,-1404.0,1659.0,269.0,7,100.0,False,0,7172.092000000001,41.0
72.97222222222221,-1321.5566806950621,1769.4447041919323,271.0,7,100.0,False,0,7172.252,41.0
85.14999999999999,-1241.5305097137007,1878.3526731081004,274.0,7,99.0,False,0,7172.412,41.0
86.67590250421402,-1233.0,1890.0,274.1666666666667,7,99.08333333333333,False,0,7172.432000000001,41.0
103.55,-1160.2690165622323,1989.9470732465113,276.0,7,100.0,False,0,7172.652,41.0
117.61096403656877,-1070.0,2114.0,279.375,7,100.0,False,0,7172.832,41.0
128.61666666666667,-953.9631914830695,2272.9125158586826,282.0,7,100.0,False,0,7172.972000000001,41.0
133.32931138668667,-913.0,2329.0,282.375,7,100.0,False,0,7173.032,41.0
141.19444444444446,-872.920790677399,2383.91461617533,283.0,7,100.0,False,0,7173.1320000000005,41.0
153.8611111111111,-850.1053910078558,2415.5398095828577,285.0,7,100.0,False,0,7173.292,41.0
157.0383845718046,-839.0,2431.0,285.22222222222223,7,100.0,False,0,7173.332,41.0
176.16943800030828,-728.0,2585.0,286.55555555555554,7,100.0,False,0,7173.572,41.0
182.5611111111111,-689.9282180677003,2636.991501448795,287.0,7,100.0,False,0,7173.652,41.0
188.95775118605138,-653.0,2688.0,287.25,7,100.0,False,0,7173.732000000001,41.0
204.96187816892402,-562.0,2820.0,287.875,7,100.0,False,0,7173.932000000001,41.0
208.1611111111111,-543.9225282287047,2846.5649776045757,288.0,7,100.0,False,0,7173.972000000001,41.0
220.9611111111111,-471.94777620302204,2952.7302087576018,288.0,7,100.0,False,0,7174.1320000000005,41.0
222.5650649007852,-463.0,2966.0,288.1,7,99.95,False,0,7174.152,41.0
238.66906653426085,-374.0,3099.0,289.1,7,99.45,False,0,7174.352000000001,41.0
253.18333333333334,-293.87990130307395,3220.139034651349,290.0,7,99.0,False,0,7174.532,41.0
256.403657077556,-276.0,3247.0,289.9,7,99.0,False,0,7174.572,41.0
270.87221216590507,-195.0,3367.0,289.45,7,99.0,False,0,7174.752,41.0
285.2944444444444,-112.67685921492884,3485.5684029206636,289.0,7,99.0,False,0,7174.932000000001,41.0
301.3377418148512,-19.0,3616.0,287.8833336888889,7,99.55833315555556,False,0,7175.133000000001,41.0
313.99444444444447,56.520494819670674,3717.369290758512,287.0,7,100.0,False,0,7175.292,41.0
314.07397224864366,57.0,3718.0,286.99500032,7,100.0,False,0,7175.293000000001,41.0
326.78793211214406,135.0,3818.0,286.19500032,7,100.0,False,0,7175.453,41.0
329.8833333333334,154.73115760113922,3842.2873182791845,286.0,7,100.0,False,0,7175.492,41.0
339.47685231451624,216.0,3916.0,285.39500032,7,100.0,False,0,7175.613,41.0
345.71666666666664,253.0143475602099,3960.427307941591,285.0,7,100.0,False,0,7175.692,41.0
358.2944444444444,335.75260365483433,4052.636533251728,283.0,7,100.0,False,0,7175.852000000001,41.0
361.5250276260276,367.0,4083.0,283.2562496,7,100.0,False,0,7175.893,41.0
370.91666666666663,484.21635379614486,4189.144182164388,284.0,7,100.0,False,0,7176.012000000001,41.0
378.869174737078,578.0,4270.0,283.49499904,7,100.0,False,0,7176.113,41.0
386.63888888888886,636.551369882485,4317.671379691048,283.0,7,100.0,False,0,7176.212,41.0
406.9697851125706,719.0,4360.0,280.5531232,7,100.0,False,0,7176.473000000001,41.0
411.5277777777777,752.2398793794396,4375.173048470655,280.0,7,100.0,False,0,7176.532,41.0
428.47675330995526,916.0,4444.0,276.3166634666667,7,100.0,False,0,7176.753000000001,41.0
429.92777777777775,930.1617284222278,4448.67135062308,276.0,7,100.0,False,0,7176.772000000001,41.0
436.1055314650388,990.0,4466.0,275.55000035555554,7,100.0,False,0,7176.853,41.0
457.3277777777778,1200.236161465639,4505.9100263423215,274.0,7,100.0,False,0,7177.1320000000005,41.0
457.40389772201434,1201.0,4506.0,274.0,7,100.0,False,0,7177.133000000001,41.0
469.5055555555556,1323.2272738073902,4515.95879499976,274.0,7,100.0,False,0,7177.292,41.0
469.5814959286951,1324.0,4516.0,273.9937504,7,100.0,False,0,7177.293000000001,41.0
483.203294461461,1462.0,4520.0,272.8687488,7,100.0,False,0,7177.473000000001,41.0
493.68333333333334,1560.9066666860288,4519.583320974192,272.0,7,100.0,False,0,7177.612,41.0
505.80426149168807,1689.0,4512.0,271.19500032,7,100.0,False,0,7177.773,41.0
508.7388888888889,1726.521932356586,4508.359816073782,271.0,7,100.0,False,0,7177.812000000001,41.0
522.3544458811157,1914.0,4486.0,271.0,7,100.0,False,0,7177.993,41.0
538.85,2079.6214255768873,4463.993545439101,271.0,7,100.0,False,0,7178.212,41.0
555.5512898719501,2212.0,4449.0,271.7892864,7,99.2107136,False,0,7178.433,41.0
560.0055555555556,2249.0422384912,4446.137878752479,272.0,7,99.0,False,0,7178.492,41.0
581.0833333333334,2436.5980932026887,4439.0922238155545,271.0,7,100.0,False,0,7178.772000000001,41.0
582.5859074844426,2451.0,4439.0,270.92857142857144,7,100.0,False,0,7178.792,41.0
591.5940375556304,2541.0,4440.0,270.5,7,100.0,False,0,7178.912,41.0
602.0833333333334,2657.489016660928,4447.2727635078845,270.0,7,100.0,False,0,7179.052000000001,41.0
615.5345533250097,2817.0,4470.0,269.1,7,100.0,False,0,7179.232000000001,41.0
617.0277777777778,2834.5956608609763,4473.706633250962,269.0,7,100.0,False,0,7179.252,41.0
640.85,3093.888710276344,4553.440973386902,268.0,6,100.0,False,0,7179.572,41.0
643.8046195799079,3117.0,4562.0,267.57142857142856,6,100.0,False,0,7179.612,41.0
661.4611111111112,3210.5571567504007,4603.399384862031,265.0,6,100.0,False,0,7179.852000000001,41.0
665.8893973759891,3237.0,4618.0,265.3,6,100.0,False,0,7179.912,41.0
676.2388888888889,3316.428104127562,4664.611201659829,266.0,6,100.0,False,0,7180.052000000001,41.0
692.4637113819417,3464.0,4759.0,265.6666666666667,6,100.0,False,0,7180.272000000001,41.0
771.5756058123728,4048.0,5302.0,264.030303030303,6,100.0,False,0,7181.352000000001,41.0
773.038888888889,4062.733141651739,5316.0734623629705,264.0,6,100.0,True,0,7181.372,41.0
784.5944444444445,4187.160433471559,5433.455372304871,260.0,6,22.0,True,0,7181.532,41.0
790.0604637793213,4244.0,5486.0,251.16822951640714,6,16.448601410313053,True,0,7181.613,41.0
804.6569444444445,4366.604369464451,5594.064074228441,225.0,6,0.0,True,0,7181.853,41.0
813.4066498899056,4424.0,5642.0,204.91632336968746,6,0.0,True,0,7182.013000000001,41.0
817.6027777777779,4448.155017328111,5661.933734667604,195.0,6,0.0,True,0,7182.092000000001,41.0
825.9583333333335,4488.793846273247,5694.909024526961,188.0,6,0.0,True,0,7182.252,41.0
833.6472222222224,4534.694275157426,5732.248618757811,173.0,5,0.0,True,0,7182.412,41.0
835.5097248868994,4549.0,5744.0,170.65714651428573,5,0.0,True,0,7182.453,41.0
845.0302647449125,4650.0,5820.0,158.08570331428572,5,0.0,True,0,7182.673000000001,41.0
845.8583333333335,4662.0061593282735,5827.111360276958,157.0,4,0.0,True,0,7182.692,41.0
851.175142183104,4743.0,5870.0,157.0,4,0.0,True,0,7182.813,41.0
852.8361111111112,4763.5709338098795,5880.214219658419,157.0,4,0.0,True,0,7182.852000000001,41.0
867.8361111111112,4859.637374452318,5899.00307032957,135.0,3,0.0,True,0,7183.252,41.0
867.871938043186,4860.0,5899.0,134.96500224,3,0.0,True,0,7183.253000000001,41.0
874.9472222222224,4950.845771207439,5898.53672815544,128.0,3,0.0,True,0,7183.452,41.0
876.3754351816245,4967.0,5898.0,126.9750016,3,0.0,True,0,7183.493,41.0
881.7805555555557,5009.23100440679,5893.534843871621,123.0,2,0.0,True,0,7183.652,41.0
885.0741377992524,5033.0,5887.0,119.46499328,2,0.0,True,0,7183.753000000001,41.0
888.2250000000001,5061.52646457332,5876.861690038571,116.0,2,0.0,True,0,7183.852000000001,41.0
896.8583333333335,5151.7338272949455,5835.152853986441,111.0,2,0.0,True,0,7184.1320000000005,41.0
896.8882147050286,5152.0,5835.0,110.97000192,2,0.0,True,0,7184.133000000001,41.0
902.6916666666667,5195.282937319568,5804.680413412789,105.0,2,0.0,True,0,7184.332,41.0
906.0950077484421,5218.0,5784.0,101.9750016,2,0.0,True,0,7184.453,41.0
907.1805555555557,5225.415966700922,5776.7015009005345,101.0,2,0.0,True,0,7184.492,41.0
913.7805555555557,5269.834179213622,5727.20793183655,99.0,2,1.0,False,0,7184.732000000001,41.0
913.8077163799566,5270.0,5727.0,98.99500032,2,1.0749952,False,0,7184.733,41.0
916.5088941554527,5286.0,5705.0,98.49499904,2,8.5750144,False,0,7184.8330000000005,41.0
924.5583333333335,5334.789280527921,5601.358859789214,97.0,2,31.0,False,0,7185.1320000000005,41.0
925.1088570360075,5337.0,5596.0,97.33333333333333,2,31.75,False,0,7185.152,41.0
931.2916666666669,5349.323654637879,5561.388652243217,101.0,2,40.0,False,0,7185.372,41.0
934.1873796629754,5354.0,5543.0,103.0,2,42.5,False,0,7185.472000000001,41.0
937.1250000000001,5360.618871196591,5516.036312797522,105.0,2,45.0,False,0,7185.572,41.0
939.4961260589287,5366.0,5492.0,106.2,2,47.0,False,0,7185.652,41.0
943.1250000000001,5372.408758611511,5456.940281204956,108.0,2,50.0,False,0,7185.772000000001,41.0
948.1933097682327,5379.0,5410.0,111.63636363636364,2,54.36363636363636,False,0,7185.932000000001,41.0
955.5138199073552,5387.0,5340.0,116.63636363636364,2,60.36363636363636,False,0,7186.152,41.0
957.5472222222223,5388.842223131462,5319.588497201305,118.0,2,62.0,False,0,7186.212,41.0
964.4361111111112,5394.0,5253.0,124.0,2,70.0,False,0,7186.412,41.0
971.4982363682154,5399.0,5201.0,126.5,2,70.0,False,0,7186.612,41.0
972.9027777777779,5400.500504914033,5189.798454544861,127.0,2,70.0,True,0,7186.652,41.0
977.0721585056845,5409.0,5144.0,125.33333333333333,2,47.333333333333336,True,0,7186.772000000001,41.0
981.8310176824147,5432.0,5051.0,123.38888888888889,2,20.888888888888893,True,0,7186.912,41.0
985.102777777778,5443.954785881388,5008.22228224119,122.0,2,2.0,True,0,7187.012000000001,41.0
994.2914002908492,5464.0,4976.0,110.75,2,1.0625,True,0,7187.312000000001,41.0
994.8805555555558,5466.323892502006,4972.292833664029,110.0,2,1.0,True,0,7187.332,41.0
999.5027777777781,5490.419693997647,4931.597025160564,104.0,2,1.0,True,0,7187.492,41.0
1001.7409456995949,5504.0,4911.0,102.33333333333333,2,1.0,True,0,7187.572,41.0
1006.102777777778,5532.0,4876.0,99.0,2,1.0,True,0,7187.732000000001,41.0
1010.3694444444446,5561.258129592063,4844.713148039664,96.0,2,1.0,True,0,7187.892000000001,41.0
1010.8879873313992,5565.0,4841.0,95.5625,2,1.0,True,0,7187.912,41.0
1016.8619589987811,5611.0,4800.0,90.2906208,2,1.0,True,0,7188.153,41.0
1018.2805555555558,5622.155529939403,4791.255444400099,89.0,2,1.0,True,0,7188.212,41.0
1020.683483492812,5643.0,4777.0,86.97999616,2,1.0,True,0,7188.313,41.0
1023.002777777778,5669.104645952219,4762.92327290172,85.0,2,1.0,False,0,7188.412,41.0
1028.4922222222224,5737.0,4734.0,82.0,2,1.0,False,0,7188.653,41.0
1032.0255555555557,5759.401824635332,4726.824545022742,80.0,2,2.0,False,0,7188.812000000001,41.0
1035.9571161272074,5783.0,4730.0,78.70714148571429,2,2.646429257142857,False,0,7188.993,41.0
1038.0922222222223,5806.168740999779,4736.422546076938,78.0,2,3.0,False,0,7189.092000000001,41.0
1041.558888888889,5853.53319427196,4752.186697410562,78.0,2,20.0,False,0,7189.252,41.0
1043.347579911732,5873.0,4760.0,79.0124992,2,24.0499968,False,0,7189.3330000000005,41.0
1045.1144444444446,5887.918501544282,4767.1745769269355,80.0,2,28.0,False,0,7189.412,41.0
1049.67,5911.690075794755,4785.020776879157,82.0,2,30.0,False,0,7189.612,41.0
1052.0144323768804,5926.0,4798.0,83.01000192,2,31.01000192,False,0,7189.713000000001,41.0
1053.8894418042287,5940.0,4811.0,83.81000192,2,31.81000192,False,0,7189.793000000001,41.0
1054.3366666666668,5943.740510404433,4814.612381024632,84.0,2,32.0,False,0,7189.812000000001,41.0
1060.0700000000002,5999.270907577783,4872.48487335241,86.0,2,37.0,False,0,7190.052000000001,41.0
1061.0742884214778,6007.0,4881.0,86.73214171428572,2,39.0499968,False,0,7190.093000000001,41.0
1067.147777777778,6034.5838936733935,4914.722726202628,91.0,2,51.0,False,0,7190.332,41.0
1070.4367951088504,6048.0,4934.0,94.62999808,2,54.0249984,False,0,7190.453,41.0
1076.2045919773673,6078.0,4979.0,100.62999808000001,2,59.0249984,False,0,7190.653,41.0
1078.5922222222223,6089.7823125161085,4997.892654673107,103.0,2,61.0,False,0,7190.732000000001,41.0
1083.6485296002475,6113.0,5038.0,108.36666453333333,2,63.68333226666667,False,0,7190.893,41.0
1088.8289183720171,6136.0,5082.0,113.69999786666666,2,66.34999893333334,False,0,7191.053000000001,41.0
1090.0922222222223,6141.324430543568,5092.850453082458,115.0,2,67.0,False,0,7191.092000000001,41.0
1095.3366666666668,6162.014548795297,5138.193366154479,118.0,2,69.0,False,0,7191.252,41.0
1098.1473523601574,6173.0,5165.0,121.71249706666667,2,71.36249813333333,False,0,7191.3330000000005,41.0
1103.936666666667,6196.559774730577,5227.882822546178,129.0,2,76.0,False,0,7191.492,41.0
1109.2174693144832,6217.0,5287.0,133.93500672,2,78.82000384,False,0,7191.633000000001,41.0
1111.4922222222224,6224.760390189724,5310.66598705933,136.0,3,80.0,False,0,7191.692,41.0
1119.5477777777778,6247.75618124344,5386.61436468157,145.0,3,87.0,False,0,7191.892000000001,41.0
1126.3462849119774,6265.0,5449.0,152.2,3,88.6,False,0,7192.052000000001,41.0
1128.1033333333332,6269.323978806136,5465.259307255481,154.0,3,89.0,False,0,7192.092000000001,41.0
1144.9033333333332,6307.0,5644.0,168.0,3,99.0,False,0,7192.452,41.0
1154.7922222222223,6324.466737878223,5801.978622929421,178.0,4,99.0,False,0,7192.652,41.0
1163.234358331458,6333.0,5911.0,187.33333333333334,4,99.0,False,0,7192.812000000001,41.0
1167.5922222222223,6334.522976300021,5945.645867978997,192.0,4,99.0,False,0,7192.892000000001,41.0
1182.224494272833,6329.0,6021.0,202.21428571428572,4,99.92857142857143,False,0,7193.152,41.0
1183.3811111111113,6328.146830416251,6030.339194758289,203.0,4,100.0,False,0,7193.1720000000005,41.0
1192.7970211502507,6319.0,6122.0,208.0,4,100.0,False,0,7193.332,41.0
1202.3144444444447,6304.315764732135,6215.103371669336,213.0,5,100.0,False,0,7193.492,41.0
1211.7811111111114,6284.0,6307.0,213.0,5,100.0,False,0,7193.652,41.0
1222.6308034239285,6254.0,6411.0,216.6818181818182,5,100.0,False,0,7193.832,41.0
1238.9144444444446,6195.0,6559.0,222.0,5,100.0,False,0,7194.092000000001,41.0
1296.7811111111112,5896.775766678948,7003.669526642142,248.0,6,100.0,False,0,7194.932000000001,41.0
1299.6409600764955,5861.0,7038.0,248.76397426642455,6,100.0,False,0,7194.973000000001,41.0
1308.006388888889,5743.1974711795165,7146.5683949873,251.0,6,100.0,False,0,7195.093000000001,41.0
1312.2005587885656,5695.0,7190.0,251.50000213333334,6,100.0,False,0,7195.153,41.0
1324.8730555555555,5637.1269948123845,7239.534525625418,253.0,6,100.0,False,0,7195.3330000000005,41.0
1333.4525470526303,5607.0,7262.0,255.51045957878907,6,100.0,False,0,7195.453,41.0
1342.0013888888889,5546.461452253479,7309.143337847259,258.0,6,100.0,False,0,7195.572,41.0
1352.0968076564254,5459.0,7377.0,258.7833344,6,100.0,False,0,7195.713000000001,41.0
1359.2685251062483,5401.0,7421.0,259.3388885333333,6,100.0,False,0,7195.813,41.0
1368.0013888888889,5305.511435977505,7495.690048680732,260.0,6,100.0,False,0,7195.932000000001,41.0
1384.8397634388314,5120.0,7644.0,268.53864378181817,6,99.49772683636364,False,0,7196.153,41.0
1401.8569444444445,5063.099964462782,7691.150185847199,277.0,7,99.0,False,0,7196.372,41.0
1405.0285662221354,5049.0,7703.0,277.2928566857143,7,99.14642834285715,False,0,7196.4130000000005,41.0
1420.5029292050335,4939.0,7795.0,278.7214281142857,7,99.86071405714286,False,0,7196.613,41.0
1423.5569444444445,4917.134051191422,7813.421723627481,279.0,7,100.0,False,0,7196.652,41.0
1441.1436862867413,4784.0,7927.0,284.5250048,7,100.0,False,0,7196.8730000000005,41.0
1449.0680555555557,4693.483528239838,8004.770055325088,287.0,7,100.0,False,0,7196.972000000001,41.0
1461.938023771788,4542.0,8135.0,287.80499968,7,100.0,False,0,7197.133000000001,41.0
1465.0680555555557,4515.826798864105,8157.439295807859,288.0,7,100.0,False,0,7197.1720000000005,41.0
1481.2347222222222,4444.5724756710315,8218.00756307058,291.0,7,100.0,False,0,7197.372,41.0
1492.7150693948133,4394.0,8261.0,292.51071634285717,7,100.0,False,0,7197.513000000001,41.0
1504.101388888889,4315.871815872824,8327.854896520637,294.0,7,100.0,False,0,7197.652,41.0
1519.042251693358,4196.0,8431.0,295.81000192,7,100.0,False,0,7197.8330000000005,41.0
1524.0201132030013,4159.0,8463.0,296.40999936,7,100.0,False,0,7197.893,41.0
1537.2125,4061.0395010898546,8546.92547109538,298.0,7,100.0,False,0,7198.052000000001,41.0
1540.6140879368143,4033.0,8571.0,298.2562496,7,100.0,False,0,7198.093000000001,41.0
1550.501388888889,3941.783943477056,8649.751615310255,299.0,8,100.0,False,0,7198.212,41.0
1568.940536606977,3769.0,8800.0,300.8333333333333,8,99.38888888888889,False,0,7198.432000000001,41.0
1580.7013888888891,3691.364368835031,8867.985451998185,302.0,8,99.0,False,0,7198.572,41.0
1594.1236111111114,3622.7963059469307,8928.570110081453,302.0,8,100.0,False,0,7198.732000000001,41.0
1602.5439284548718,3568.0,8977.0,302.625,8,100.0,False,0,7198.832,41.0
1609.302056773976,3517.0,9022.0,303.125,8,100.0,False,0,7198.912,41.0
1621.1458333333337,3427.7863658174524,9099.759422930629,304.0,8,100.0,False,0,7199.052000000001,41.0
1627.9189223313813,3377.0,9144.0,304.4,8,100.0,False,0,7199.1320000000005,41.0
1638.090277777778,3300.340799129964,9211.271832510312,305.0,8,100.0,False,0,7199.252,41.0
1643.1840414393077,3262.0,9245.0,305.3,8,100.0,False,0,7199.312000000001,41.0
1655.090277777778,3172.84775596357,9323.412511513128,306.0,8,100.0,False,0,7199.452,41.0
1668.7310741935626,3071.0,9413.0,306.8,8,100.0,False,0,7199.612,41.0
1672.145833333334,3045.4527560754113,9435.479609571816,307.0,8,100.0,False,0,7199.652,41.0
1689.24380908059,2917.0,9548.0,307.45454545454544,8,100.0,False,0,7199.852000000001,41.0
1709.790277777778,2761.0,9682.0,308.0,8,100.0,False,0,7200.092000000001,41.0
1725.200409933887,2645.0,9783.0,308.0,8,100.0,False,0,7200.272000000001,41.0
1740.590277777778,2529.5481451891133,9883.435576824188,308.0,8,100.0,False,0,7200.452,41.0
1745.711202598302,2490.0,9918.0,307.875,8,100.0,False,0,7200.512000000001,41.0
1762.748981057581,2354.0,10038.0,307.4583333333333,8,100.0,False,0,7200.712,41.0
1776.3938831195587,2248.0,10133.0,307.125,8,100.0,False,0,7200.872,41.0
1781.5236111111114,2208.9072170093227,10168.175484990152,307.0,8,100.0,False,0,7200.932000000001,41.0
1788.3741851638697,2159.0,10213.0,307.0,8,100.0,False,0,7201.012000000001,41.0
1805.5702409253784,2049.0,10311.0,307.0,8,100.0,False,0,7201.213000000001,41.0
1812.2236111111115,2002.066888193708,10353.404436667644,307.0,8,100.0,False,0,7201.292,41.0
1828.814149850696,1872.0,10470.0,298.3401375550313,8,62.62585681645088,False,0,7201.493,41.0
1844.515894835997,1745.0,10577.0,289.7233562591719,8,25.437642802741806,False,0,7201.693,41.0
1847.5036111111117,1722.2411346557953,10596.192559901661,288.0,8,18.0,True,0,7201.733,41.0
1857.5579828538316,1636.0,10665.0,273.29997312,8,13.799992320000001,True,0,7201.8730000000005,41.0
1872.2639274302571,1425.0,10805.0,250.2,8,7.200000000000001,True,0,7202.093000000001,41.0
1874.836944444445,1397.361350695075,10822.207268494069,246.0,8,6.0,True,0,7202.133000000001,41.0
1892.0419444444449,1307.9894537043256,10864.716931691237,222.0,7,5.0,True,0,7202.412,41.0
1894.4925236935792,1291.0,10871.0,219.74500352,7,5.0,True,0,7202.453,41.0
1903.764166666667,1201.6913548786495,10904.124558232115,211.0,6,5.0,True,0,7202.612,41.0
1906.060683478832,1178.0,10912.0,208.72222577777777,6,5.0,True,0,7202.653,41.0
1918.7838686476184,1053.0,10941.0,195.38889244444445,6,5.0,True,0,7202.893,41.0
1922.8641666666672,1011.7134128627365,10945.73499083425,191.0,5,5.0,True,0,7202.972000000001,41.0
1928.0504440244497,958.0,10949.0,186.5812416,5,5.0,True,0,7203.073,41.0
1931.0419444444449,926.3721969046767,10949.665756481661,184.0,5,5.0,True,0,7203.1320000000005,41.0
1937.0533128213967,862.0,10949.0,179.76500224,5,5.0,True,0,7203.253000000001,41.0
1940.8752777777781,821.5487880043378,10948.040801865436,177.0,4,5.0,True,0,7203.332,41.0
1944.7018578053464,782.0,10946.0,174.36750208,4,5.0,True,0,7203.4130000000005,41.0
1955.5773396632585,677.0,10929.0,166.56750208,4,5.0,True,0,7203.653,41.0
1959.0975000000005,643.4532800566129,10919.244218545597,164.0,4,5.0,True,0,7203.732000000001,41.0
1965.3324703897733,583.0,10896.0,159.593744,4,5.8812512,True,0,7203.8730000000005,41.0
1966.1641666666671,574.6932507742055,10892.225347166917,159.0,4,6.0,False,0,7203.892000000001,41.0
1974.7752777777785,485.9636177753787,10843.889491264754,155.0,3,9.0,True,0,7204.092000000001,41.0
1979.867679168714,442.0,10814.0,153.109376,3,11.268748800000001,True,0,7204.213000000001,41.0
1988.1086111111117,393.2874900993628,10768.659109213882,150.0,3,15.0,False,0,7204.412,41.0
1989.7975006362021,384.0,10758.0,149.59000064,3,16.43499776,False,0,7204.453,41.0
1996.3308333333337,345.49433512703126,10708.412170717082,148.0,3,22.0,False,0,7204.612,41.0
1998.8388334072129,329.0,10683.0,148.0,3,27.083349333333334,False,0,7204.673000000001,41.0
2006.1975000000004,274.5638948689306,10583.852390780816,148.0,3,42.0,False,0,7204.852000000001,41.0
2010.3371584174247,248.0,10527.0,148.0,3,46.68929462857143,False,0,7204.953,41.0
2017.7086111111116,218.09669827617444,10443.085171207735,148.0,3,55.0,False,0,7205.1320000000005,41.0
2024.4197222222226,206.68502147772048,10385.164213330974,151.0,3,60.0,False,0,7205.292,41.0
2029.4881282583751,201.0,10350.0,152.2,3,64.2,False,0,7205.412,41.0
2032.9197222222228,198.33007704615895,10330.411723507295,153.0,3,67.0,False,0,7205.492,41.0
2041.7530555555559,194.0,10279.0,159.0,3,71.0,False,0,7205.692,41.0
2052.6197222222227,188.408955240516,10169.323770254368,163.0,3,72.0,False,0,7205.932000000001,41.0
2053.5429200318968,188.0,10160.0,163.4,3,72.1,False,0,7205.952,41.0
2060.05806759458,185.0,10095.0,166.2,3,72.8,False,0,7206.092000000001,41.0
2061.8975000000005,183.61567608418517,10073.578564540589,167.0,3,73.0,True,0,7206.1320000000005,41.0
2072.6308333333336,169.96176353312413,9923.246510937763,161.0,3,6.0,True,0,7206.372,41.0
2076.157275603927,165.0,9886.0,159.8,3,6.4,True,0,7206.452,41.0
2081.4086111111114,157.82565502129972,9850.689219468426,158.0,3,7.0,True,0,7206.572,41.0
2086.5990891561555,151.0,9828.0,155.85714285714286,3,7.0,True,0,7206.692,41.0
2093.3086111111115,142.48311257322848,9798.638012605094,153.0,3,7.0,True,0,7206.852000000001,41.0
2100.3817707181543,119.0,9748.0,142.2,3,5.2,True,0,7207.032,41.0
2101.1419444444446,114.41404485344117,9739.85516512998,141.0,3,5.0,True,0,7207.052000000001,41.0
2108.487780299229,57.0,9647.0,135.5,3,4.5,True,0,7207.252,41.0
2115.5863888888894,20.790149067755177,9600.838637419121,130.0,3,4.0,True,0,7207.452,41.0
2121.2308333333335,-6.520839457315329,9577.761622378393,127.0,3,3.0,True,0,7207.612,41.0
2121.929198722495,-11.0,9574.0,126.7,3,3.0,True,0,7207.6320000000005,41.0
2127.4752682098824,-54.0,9539.0,124.28499712,3,3.0,True,0,7207.793000000001,41.0
2128.1197222222227,-59.3979203108147,9535.011713256,124.0,3,3.0,True,0,7207.812000000001,41.0
2133.4530555555557,-105.73767147415496,9504.943465044706,120.0,3,2.0,True,0,7207.972000000001,41.0
2136.0784717042147,-129.0,9492.0,118.31950295621655,3,1.327801182486621,True,0,7208.053000000001,41.0
2141.1516666666666,-174.322720162439,9470.73360315699,115.0,3,0.0,False,0,7208.213000000001,41.0
2143.0366976151768,-193.0,9464.0,114.4374976,3,0.1875008,False,0,7208.273,41.0
2151.1072222222224,-284.0,9443.0,112.0,2,1.0,False,0,7208.533,41.0
2155.9961111111115,-329.0390186489209,9439.749258508678,110.0,2,5.0,False,0,7208.693,41.0
2162.0142882410137,-380.0,9445.0,108.8857940704991,2,13.356544471256695,False,0,7208.893,41.0
2165.0026423886256,-409.0,9451.0,108.32868967956507,2,17.534827403261968,False,0,7208.993,41.0
2166.7661111111115,-427.34760201453525,9456.788102731141,108.0,2,20.0,False,0,7209.052000000001,41.0
2173.966111111112,-506.15862400390176,9494.99009107521,108.0,2,26.0,False,0,7209.292,41.0
2175.8211679783217,-523.0,9505.0,108.50833493333333,2,29.0500096,False,0,7209.353,41.0
2181.2994444444453,-561.5906086396369,9532.348875055082,110.0,2,38.0,False,0,7209.532,41.0
2187.4105555555566,-597.8011867775023,9567.78489827306,110.0,2,44.0,False,0,7209.732000000001,41.0
2187.4416980081915,-598.0,9568.0,110.0187488,2,44.0218736,False,0,7209.733,41.0
2192.5333420233683,-631.0,9606.0,113.0187488,2,47.5218736,False,0,7209.893,41.0
2197.7216666666673,-661.7968130474902,9647.676618137466,116.0,2,51.0,False,0,7210.052000000001,41.0
2197.754437096758,-662.0,9648.0,116.0142848,2,51.0142848,False,0,7210.053000000001,41.0
2207.0550000000007,-719.8415615248819,9760.646216062682,120.0,2,55.0,False,0,7210.332,41.0
2207.0895260763264,-720.0,9761.0,120.0321408,2,55.0321408,False,0,7210.3330000000005,41.0
2217.088333333334,-745.1769783291353,9831.410110003755,129.0,2,64.0,False,0,7210.612,41.0
2221.5742187746173,-753.0,9861.0,131.6468736,2,67.0249984,False,0,7210.733,41.0
2229.177222222223,-767.766908303301,9930.371927772772,136.0,3,72.0,False,0,7210.932000000001,41.0
2230.0019172550356,-769.0,9942.0,136.63000576,3,72.47250432,False,0,7210.953,41.0
2238.0734494172143,-776.0,10076.0,142.63000576,3,76.97250432,False,0,7211.153,41.0
2245.6216666666674,-776.5579931582988,10107.256931936574,148.0,3,81.0,False,0,7211.332,41.0
2249.13580513347,-774.0,10126.0,151.18214034285714,3,81.86785645714286,False,0,7211.4130000000005,41.0
2257.988333333334,-758.6411912800684,10246.04540135126,159.0,3,84.0,False,0,7211.612,41.0
2263.4335165567827,-746.0,10328.0,162.75,3,84.75,False,0,7211.732000000001,41.0
2265.2772222222234,-741.5560473638639,10352.076690906486,164.0,3,85.0,False,0,7211.772000000001,41.0
2276.677222222223,-712.6117973630037,10463.030148213622,171.0,4,92.0,False,0,7212.012000000001,41.0
2286.566111111112,-690.0,10529.0,178.0,4,98.0,False,0,7212.212,41.0
2302.6462797142553,-657.0,10617.0,190.27272727272728,4,99.36363636363636,False,0,7212.512000000001,41.0
2310.5216666666674,-629.8627889963689,10682.237443684771,196.0,4,100.0,False,0,7212.652,41.0
2319.7268563766984,-592.0,10768.0,202.22222222222223,4,100.0,False,0,7212.812000000001,41.0
2331.5216666666674,-542.1756106245485,10870.660005468679,210.0,5,100.0,False,0,7213.012000000001,41.0
2332.717386598307,-537.0,10881.0,210.875,5,100.0,False,0,7213.032,41.0
2339.9514451138675,-505.0,10944.0,216.125,5,100.0,False,0,7213.152,41.0
2341.166111111112,-499.448330348466,10954.689786467416,217.0,5,100.0,False,0,7213.1720000000005,41.0
2354.7121656466743,-437.0,11072.0,221.58333333333334,5,100.0,False,0,7213.392000000001,41.0
2355.9661111111122,-431.76504404207833,11081.910183603302,222.0,5,100.0,False,0,7213.412,41.0
2370.0386062617063,-365.0,11203.0,227.5,5,100.0,False,0,7213.6320000000005,41.0
2380.4999125647905,-277.0,11345.0,231.5,5,100.0,False,0,7213.792,41.0
2384.44388888889,-252.47883816283021,11383.835342193292,233.0,6,100.0,False,0,7213.852000000001,41.0
2397.7216666666673,-213.00590944734185,11442.112296330475,239.0,6,100.0,False,0,7214.052000000001,41.0
2405.9065770046873,-170.0,11497.0,242.375,6,100.0,False,0,7214.1720000000005,41.0
2419.7661111111115,-41.510031420657086,11658.569830970784,248.0,6,100.0,False,0,7214.372,41.0
2423.9787401819276,-8.0,11700.0,248.3812512,6,100.0,False,0,7214.433,41.0
2430.8327777777786,29.985032568896038,11745.711935514017,249.0,6,100.0,False,0,7214.532,41.0
2446.428311037255,86.0,11804.0,253.13084553387574,6,100.0,False,0,7214.753000000001,41.0
2453.5702777777783,130.91158510366472,11848.953650647218,255.0,6,100.0,False,0,7214.853,41.0
2465.0813888888897,217.0,11934.0,259.0,6,100.0,False,0,7215.013000000001,41.0
2478.254920144174,312.0,12023.0,262.0000042666667,6,100.0,False,0,7215.193,41.0
2491.5813888888897,449.3889047240072,12137.701518139093,265.0,7,100.0,False,0,7215.3730000000005,41.0
2497.5210234304764,504.0,12182.0,265.85714285714283,7,100.0,False,0,7215.453,41.0
2512.425833333334,587.2732418145941,12247.950591920178,268.0,7,100.0,False,0,7215.653,41.0
2524.350833333334,673.2311468935186,12302.538982835145,270.0,7,100.0,False,0,7215.812000000001,41.0
2524.4260500033265,674.0,12303.0,270.0083328,7,100.0,False,0,7215.813,41.0
2542.4841666666666,909.0618438417904,12436.504618258134,272.0,7,100.0,False,0,7216.052000000001,41.0
2542.5600547460604,910.0,12437.0,272.00999936,7,100.0,False,0,7216.053000000001,41.0
2557.7063888888893,1067.638929737319,12511.781520486573,274.0,7,100.0,False,0,7216.252,41.0
2572.984166666667,1184.2710577627902,12555.148821890269,275.0,7,100.0,False,0,7216.452,41.0
2576.1401676009323,1206.0,12563.0,275.46590836363634,7,100.0,False,0,7216.493,41.0
2602.60831431961,1383.0,12622.0,279.32954763636366,7,100.0,False,0,7216.8330000000005,41.0
2607.2063888888893,1424.5192797325471,12634.309269251575,280.0,7,100.0,False,0,7216.892000000001,41.0
2619.7306296693678,1547.0,12669.0,280.0,7,100.0,False,0,7217.053000000001,41.0
2638.3175,1720.365985493815,12710.438630804618,280.0,7,100.0,False,0,7217.292,41.0
2639.95473893866,1744.0,12715.0,280.1312512,7,100.0,False,0,7217.313,41.0
2650.806388888889,1946.8097739347536,12751.076312715306,281.0,7,100.0,False,0,7217.452,41.0
2657.1376275414123,2047.0,12768.0,281.2531248,7,100.0,False,0,7217.533,41.0
2675.8730555555558,2143.189001486546,12781.256237081427,282.0,7,100.0,False,0,7217.772000000001,41.0
2679.1016851402846,2159.0,12783.0,282.40999936,7,99.79500032,False,0,7217.813,41.0
2691.650833333333,2259.764585221401,12795.235583679854,284.0,7,99.0,False,0,7217.972000000001,41.0
2699.621974317765,2363.0,12807.0,284.0,7,99.25250048,False,0,7218.073,41.0
2715.3199678446276,2630.0,12835.0,284.0,7,99.75,False,0,7218.272000000001,41.0
2723.206388888889,2722.3486176100387,12844.65418501762,284.0,7,100.0,False,0,7218.372,41.0
2735.8286111111115,2789.1090862110486,12851.851993014292,284.0,7,100.0,False,0,7218.532,41.0
2748.495277777778,2856.885540907656,12858.607660558644,285.0,7,99.0,False,0,7218.692,41.0
2751.6731868560505,2882.0,12861.0,285.2857142857143,7,99.14285714285714,False,0,7218.732000000001,41.0
2764.4289907449324,3008.0,12873.0,286.42857142857144,7,99.71428571428571,False,0,7218.892000000001,41.0
2770.8175000000006,3072.760783898293,12879.730594166393,287.0,7,100.0,False,0,7218.972000000001,41.0
2780.4052727951557,3167.0,12890.0,287.27272727272725,7,100.0,False,0,7219.092000000001,41.0
2806.017500000001,3416.8515014293303,12916.901123944272,288.0,7,100.0,False,0,7219.412,41.0
2807.62165422052,3436.0,12919.0,288.0833333333333,7,99.91666666666667,False,0,7219.432000000001,41.0
2823.6787452436047,3644.0,12942.0,288.9166666666667,7,99.08333333333333,False,0,7219.6320000000005,41.0
2825.2841666666673,3662.339893069116,12944.016978876854,289.0,7,99.0,False,0,7219.652,41.0
2841.339722222223,3804.0060529505326,12959.339285299755,289.0,7,99.0,False,0,7219.852000000001,41.0
2854.2286111111116,3902.270620988563,12970.53312872194,290.0,7,100.0,False,0,7220.012000000001,41.0
2859.07323028024,3947.0,12976.0,290.375,7,99.625,False,0,7220.072,41.0
2863.9241052940706,3995.0,12982.0,290.75,7,99.25,False,0,7220.1320000000005,41.0
2867.1619444444455,4025.5057178499046,12985.783366072832,291.0,7,99.0,False,0,7220.1720000000005,41.0
2888.2539320513965,4236.0,13012.0,291.92857142857144,7,99.0,False,0,7220.432000000001,41.0
2889.8730555555567,4260.493188966311,13015.208004041147,292.0,7,99.0,False,0,7220.452,41.0
2902.7920425249004,4477.0,13044.0,291.2,7,99.0,False,0,7220.612,41.0
2922.095277777779,4618.81064566466,13062.697510057442,290.0,7,99.0,False,0,7220.852000000001,41.0
2935.0277440315085,4700.0,13073.0,289.32916693333334,7,99.0,False,0,7221.013000000001,41.0
2941.3619444444457,4762.679848029468,13080.901670660705,289.0,7,99.0,False,0,7221.092000000001,41.0
2943.0439785481053,4780.0,13083.0,288.8687488,7,99.0,False,0,7221.113,41.0
2954.1619444444455,4891.7996431529045,13095.202015915725,288.0,7,99.0,False,0,7221.252,41.0
2965.4249111039953,5003.0,13105.0,287.5607469778436,7,98.56074697784364,False,0,7221.393,41.0
2979.7527777777786,5145.480115713393,13113.929044613184,287.0,7,98.0,False,0,7221.573,41.0
2984.506767844304,5192.0,13115.0,286.09999616,7,84.19994112,False,0,7221.633000000001,41.0
2995.5305555555565,5297.732234060352,13112.599751558924,284.0,7,52.0,False,0,7221.773,41.0
3000.2075004244552,5343.0,13109.0,282.6874944,7,46.5624768,False,0,7221.8330000000005,41.0
3017.1145921635784,5511.0,13082.0,277.875,7,26.625,False,0,7222.053000000001,41.0
3020.1527777777787,5541.188060236865,13075.204942137487,277.0,7,23.0,False,0,7222.093000000001,41.0
3024.6902470644336,5586.0,13064.0,275.19999232,7,23.0,False,0,7222.153,41.0
3035.2083333333344,5687.589605637371,13033.028902553267,271.0,7,23.0,False,0,7222.293000000001,41.0
3044.186489427488,5771.0,13001.0,269.4905666453065,7,32.05660012816095,False,0,7222.4130000000005,41.0
3047.0891666666676,5797.3201104456,12989.483212407009,269.0,7,35.0,False,0,7222.452,41.0
3056.033187511237,5877.0,12950.0,266.9833344,7,42.0583296,False,0,7222.573,41.0
3064.755833333334,5953.756124005884,12904.831356488923,265.0,7,49.0,False,0,7222.692,41.0
3079.3113888888897,6074.445123342458,12821.410257711406,262.0,7,71.0,False,0,7222.892000000001,41.0
3079.384090877801,6075.0,12821.0,262.0,7,71.0527744,False,0,7222.893,41.0
3092.4772460186946,6176.0,12737.0,262.0,7,80.55278791111111,False,0,7223.073,41.0
3105.5113888888895,6314.487415107509,12587.825228444817,262.0,7,90.0,False,0,7223.252,41.0
3108.4990748261466,6341.0,12557.0,262.20499968,7,90.81999872,False,0,7223.293000000001,41.0
3120.122500000001,6404.7244321246435,12474.072827570371,263.0,7,94.0,False,0,7223.452,41.0
3131.944722222223,6429.8930474371855,12421.291617726956,266.0,7,100.0,False,0,7223.612,41.0
3137.9262219372868,6450.0,12380.0,266.0,7,100.0,False,0,7223.693,41.0
3149.6780555555565,6502.673187263782,12272.70174350901,266.0,7,100.0,False,0,7223.852000000001,41.0
3149.7522714849733,6503.0,12272.0,266.0107136,7,100.0,False,0,7223.853,41.0
3170.600277777779,6581.7457203505855,12078.696871349723,269.0,7,100.0,False,0,7224.1320000000005,41.0
3170.6753236637587,6582.0,12078.0,269.00999936,7,100.0,False,0,7224.133000000001,41.0
3175.181516026865,6597.0,12036.0,269.61000192,7,100.0,False,0,7224.193,41.0
3185.655833333334,6629.77783231976,11936.364375134657,271.0,7,100.0,False,0,7224.332,41.0
3193.312565812217,6652.0,11863.0,272.2625024,7,100.0,False,0,7224.433,41.0
3197.789166666668,6664.401208115353,11820.122814280527,273.0,7,100.0,False,0,7224.492,41.0
3205.4434812072664,6685.0,11746.0,273.0,7,100.0,False,0,7224.593000000001,41.0
3209.922500000001,6696.972807900993,11701.694707561368,273.0,7,100.0,False,0,7224.652,41.0
3226.7231767548933,6739.0,11539.0,274.8333333333333,7,100.0,False,0,7224.872,41.0
3228.2558333333345,6742.295188350415,11525.681882943345,275.0,7,100.0,False,0,7224.892000000001,41.0
3245.1751676854474,6780.0,11360.0,276.8333333333333,7,100.0,False,0,7225.112,41.0
3246.722500000001,6784.996532026637,11336.299844160996,277.0,7,100.0,False,0,7225.1320000000005,41.0
3259.1678217195586,6830.0,11117.0,278.77777777777777,7,100.0,False,0,7225.292,41.0
3274.822500000001,6857.0591108004355,10975.326535927776,281.0,7,100.0,False,0,7225.492,41.0
3290.4891666666676,6868.237643502274,10896.987887932186,282.0,7,100.0,False,0,7225.692,41.0
3292.055142770335,6870.0,10885.0,282.0,7,100.0,False,0,7225.712,41.0
3303.0225000000014,6885.555906183479,10780.253573016464,282.0,7,100.0,False,0,7225.852000000001,41.0
3310.8881286620626,6897.0,10699.0,282.625,7,100.0,False,0,7225.952,41.0
3317.2019494509104,6905.0,10637.0,283.125,7,100.0,False,0,7226.032,41.0
3328.266944444446,6917.965653167512,10527.102506191612,284.0,7,100.0,False,0,7226.1720000000005,41.0
3334.594296840975,6925.0,10464.0,284.2857142857143,7,100.0,False,0,7226.252,41.0
3350.433611111113,6941.544757540377,10307.217484494555,285.0,7,100.0,False,0,7226.452,41.0
3355.194297373519,6946.0,10260.0,285.1666666666667,7,100.0,False,0,7226.512000000001,41.0
3375.8562463213693,6962.0,10054.0,285.8888888888889,7,100.0,False,0,7226.772000000001,41.0
3379.033611111113,6964.004446563131,10022.487376243782,286.0,7,100.0,False,0,7226.812000000001,41.0
3391.7447222222236,6971.0,9896.0,286.0,7,100.0,False,0,7226.972000000001,41.0
3402.906694573744,6976.0,9784.0,286.875,7,99.125,False,0,7227.112,41.0
3404.5002777777795,6976.531204975971,9768.98809541734,287.0,7,99.0,False,0,7227.1320000000005,41.0
3420.389166666668,6979.678160397171,9623.58171757365,286.0,7,99.0,False,0,7227.332,41.0
3425.1356167013464,6981.0,9562.0,285.625,7,99.0,False,0,7227.392000000001,41.0
3442.5584447646665,6988.0,9278.0,284.2437504,7,99.0,False,0,7227.613,41.0
3445.6336111111127,6988.818543354251,9243.957917882459,284.0,7,99.0,False,0,7227.652,41.0
3461.4113888888905,6990.718197771901,9169.182818230558,284.0,7,99.0,False,0,7227.852000000001,41.0
3469.3666204551855,6994.0,9120.0,283.72022102519156,7,99.0,False,0,7227.953,41.0
3489.7900000000013,7013.484705539789,8878.745916763983,283.0,7,99.0,False,0,7228.213000000001,41.0
3492.9245078597073,7017.0,8843.0,282.8333333333333,7,99.08333333333333,False,0,7228.253000000001,41.0
3525.702988411412,7060.0,8564.0,281.0833322666667,7,99.95833386666666,False,0,7228.673000000001,41.0
3527.2566666666685,7062.843712751504,8549.412474477858,281.0,7,100.0,False,0,7228.693,41.0
3538.113175089905,7085.0,8441.0,280.29999872,7,99.64999936,False,0,7228.8330000000005,41.0
3556.7032546185173,7129.0,8260.0,279.09999872,7,99.04999936,False,0,7229.073,41.0
3558.2566666666685,7133.043498475603,8244.999615198027,279.0,7,99.0,False,0,7229.093000000001,41.0
3566.0349118030795,7154.0,8170.0,279.4184110009276,7,99.41841100092759,False,0,7229.193,41.0
3576.845555555557,7184.255301327213,8066.569675302029,280.0,7,100.0,False,0,7229.332,41.0
3578.4746006723517,7189.0,8051.0,279.8499986285714,7,100.0,False,0,7229.353,41.0
3598.4677777777792,7252.38047264723,7860.265328254942,278.0,7,100.0,False,0,7229.612,41.0
3600.080255764888,7258.0,7845.0,277.89499904,7,100.0,False,0,7229.633000000001,41.0
3619.9341997217894,7332.0,7658.0,276.59500032,7,100.0,False,0,7229.893,41.0
3689.134444444446,7533.792317953833,7004.236537532604,272.0,7,100.0,False,0,7230.812000000001,41.0
3693.7340841205087,7538.0,6966.0,271.7821421714286,7,100.0,False,0,7230.8730000000005,41.0
3710.212222222224,7539.656518796386,6828.986347113624,271.0,7,100.0,False,0,7231.092000000001,41.0
3717.7401709036835,7526.0,6726.0,269.98999808,7,100.0,False,0,7231.193,41.0
3729.576532185489,7485.0,6503.0,268.38999808,7,100.0,False,0,7231.353,41.0
3739.8788888888907,7454.433228102286,6361.660436453351,267.0,7,100.0,False,0,7231.492,41.0
3754.7677777777794,7423.46305630937,6250.467994356158,268.0,7,100.0,False,0,7231.692,41.0
3760.7181345181343,7413.0,6212.0,268.0,7,100.0,False,0,7231.772000000001,41.0
3769.6566666666686,7399.0279478263665,6157.234950582211,268.0,7,100.0,False,0,7231.892000000001,41.0
3787.590000000002,7371.804160148666,6037.729422081619,269.0,7,97.0,False,0,7232.1320000000005,41.0
3789.0617744212127,7369.0,6025.0,268.125,7,88.625,False,0,7232.152,41.0
3796.3479658424426,7354.0,5953.0,263.75,7,46.75,False,0,7232.252,41.0
3799.234444444446,7348.140859065103,5918.531568296648,262.0,7,30.0,True,0,7232.292,41.0
3817.667812062067,7318.0,5658.0,255.5,7,29.071428571428573,True,0,7232.552000000001,41.0
3819.0677777777796,7316.734465384984,5642.078214147254,255.0,7,29.0,True,0,7232.572,41.0
3838.4344444444464,7316.959510113132,5505.438339718957,249.0,6,36.0,False,0,7232.852000000001,41.0
3850.648642960249,7334.0,5418.0,245.78571428571428,6,37.92857142857143,False,0,7233.032,41.0
3857.412222222224,7349.0,5353.0,244.0,6,39.0,False,0,7233.1320000000005,41.0
3869.576336302428,7386.0,5238.0,243.1,6,42.6,False,0,7233.312000000001,41.0
3870.9122222222236,7390.954813698289,5225.48866463382,243.0,6,43.0,False,0,7233.332,41.0
3881.4568373568122,7436.0,5127.0,238.2,6,44.6,False,0,7233.492,41.0
3884.0788888888906,7448.314619444766,5102.895638015087,237.0,6,45.0,False,0,7233.532,41.0
3894.567777777779,7501.0,5008.0,236.0,6,47.0,False,0,7233.692,41.0
3915.2788888888904,7613.0702471638015,4824.574040215172,233.0,6,15.0,True,0,7234.012000000001,41.0
3917.8084738578896,7625.0,4804.0,230.72222577777777,6,14.430556444444445,True,0,7234.053000000001,41.0
3923.826104613353,7651.0,4757.0,225.166656,6,13.041664,True,0,7234.153,41.0
3936.5788888888906,7704.99389431737,4651.6191069685965,213.0,6,10.0,True,0,7234.372,41.0
3937.796927695189,7710.0,4640.0,212.47760699784502,6,10.0,True,0,7234.393,41.0
3948.192222222224,7751.131795685413,4526.787180206573,208.0,5,10.0,True,0,7234.573,41.0
3953.8983763819,7769.0,4467.0,206.49999616,5,10.0,True,0,7234.673000000001,41.0
3959.581111111113,7781.541258014342,4416.1228891431865,205.0,5,10.0,False,0,7234.773,41.0
3974.3866797280198,7790.0,4290.0,205.0,5,8.3749984,False,0,7235.033,41.0
3977.803333333335,7787.265514980902,4250.007761630263,205.0,5,8.0,False,0,7235.093000000001,41.0
3986.914444444446,7771.181186397101,4127.70418388079,205.0,5,8.0,False,0,7235.253000000001,41.0
3989.196857823239,7765.0,4098.0,205.0,5,8.0,False,0,7235.293000000001,41.0
4005.136666666668,7701.490090091834,3915.9348312478123,205.0,5,8.0,False,0,7235.573,41.0
4010.72281641284,7682.0,3872.0,203.21428114285715,5,6.214281142857143,False,0,7235.673000000001,41.0
4020.692222222224,7658.750807192292,3825.6854599696844,200.0,5,3.0,False,0,7235.853,41.0
4025.1391808882277,7645.0,3803.0,200.0,5,37.71696715795033,False,0,7235.933,41.0
4029.5255555555573,7626.285082087732,3773.547148942642,200.0,5,72.0,False,0,7236.012000000001,41.0
4040.581111111112,7560.130891808512,3676.94002862115,199.0,5,78.0,False,0,7236.212,41.0
4043.9848330760015,7538.0,3649.0,199.91500288,5,78.61000192,False,0,7236.273,41.0
4051.803333333334,7485.663906973245,3591.3847665189146,202.0,5,80.0,False,0,7236.412,41.0
4056.381302660177,7454.0,3561.0,202.67499946666666,5,82.36249813333333,False,0,7236.493,41.0
4065.4033333333346,7387.881583209891,3506.2637715272467,204.0,5,87.0,False,0,7236.652,41.0
4068.87289542557,7356.0,3484.0,204.7625024,5,89.2875072,False,0,7236.713000000001,41.0
4074.55888888889,7293.030688393092,3444.309671824642,206.0,5,93.0,False,0,7236.812000000001,41.0
4081.7125686577283,7215.0,3399.0,212.0499968,5,96.781248,False,0,7236.933,41.0
4084.070000000001,7194.548859229006,3387.6988413946156,214.0,5,98.0,False,0,7236.972000000001,41.0
4101.749636679472,7075.0,3326.0,223.13249792,5,98.70249984,False,0,7237.253000000001,41.0
4109.292222222223,6994.772232260511,3279.5360674592266,227.0,5,99.0,False,0,7237.372,41.0
4119.381111111112,6869.288858146633,3199.6884247006797,227.0,5,100.0,False,0,7237.532,41.0
4122.022636242035,6841.0,3179.0,228.84499712,5,100.0,False,0,7237.573,41.0
4132.492222222223,6748.470832815617,3098.866687126005,236.0,5,100.0,False,0,7237.732000000001,41.0
4141.899342538363,6684.0,3034.0,238.6437536,5,100.0,False,0,7237.8730000000005,41.0
4154.003333333334,6619.568319178686,2967.40922772233,242.0,6,100.0,False,0,7238.052000000001,41.0
4174.739817464123,6525.0,2862.0,248.5625,6,100.0,False,0,7238.352000000001,41.0
4176.136666666668,6517.392603738117,2853.1556889217336,249.0,6,100.0,False,0,7238.372,41.0
4188.774177124287,6437.0,2754.0,251.25,6,100.0,False,0,7238.552000000001,41.0
4198.625555555556,6350.514477198673,2631.5144044475487,253.0,6,100.0,False,0,7238.692,41.0
4204.244470902089,6308.0,2569.0,253.0,6,100.0,False,0,7238.772000000001,41.0
4209.870000000001,6278.81832148553,2525.0491627395563,253.0,6,100.0,False,0,7238.852000000001,41.0
4225.441431010791,6233.0,2448.0,254.375,6,100.0,False,0,7239.072,41.0
4232.536666666668,6200.177822902433,2390.7627730556437,255.0,6,100.0,False,0,7239.1720000000005,41.0
4236.7930455260375,6177.0,2349.0,255.0,6,100.0,False,0,7239.232000000001,41.0
4246.703333333335,6115.005702375285,2231.4702282318794,255.0,6,100.0,False,0,7239.372,41.0
4260.730373902383,6028.0,2060.0,255.9090909090909,6,100.0,False,0,7239.572,41.0
4278.114444444445,5967.109817582826,1938.3618095505622,257.0,7,100.0,False,0,7239.812000000001,41.0
4288.978042290393,5932.0,1866.0,271.5833333333333,7,100.0,False,0,7239.952,41.0
4296.914444444445,5900.367886976873,1799.946734074381,282.0,7,100.0,False,0,7240.052000000001,41.0
4311.329889854143,5836.0,1667.0,285.5,7,100.0,False,0,7240.232000000001,41.0
4314.551170692275,5822.0,1639.0,286.27777777777777,7,100.0,False,0,7240.272000000001,41.0
4325.814444444444,5772.989972971241,1538.7230379171926,289.0,7,100.0,False,0,7240.412,41.0
4341.90366879062,5703.0,1392.0,289.8333333333333,7,100.0,False,0,7240.612,41.0
4345.147777777778,5689.052208877463,1362.891726222399,290.0,7,100.0,False,0,7240.652,41.0
4358.327388049111,5633.0,1246.0,294.0249984,7,100.0,False,0,7240.813,41.0
4361.536666666666,5619.404685723826,1217.4788284115928,295.0,7,100.0,False,0,7240.852000000001,41.0
4374.736666666667,5563.014699831927,1098.5950829452513,297.0,7,100.0,False,0,7241.012000000001,41.0
4378.123019809518,5548.0,1067.0,297.20397984604335,7,99.79602015395666,False,0,7241.053000000001,41.0
4386.390861832416,5508.0,983.0,297.7014937158985,7,99.2985062841015,False,0,7241.153,41.0
4391.374999999999,5476.130594294601,916.0347219359978,298.0,7,99.0,False,0,7241.213000000001,41.0
4404.772600639285,5379.0,712.0,300.2857142857143,7,99.57142857142857,False,0,7241.3730000000005,41.0
4414.863888888888,5330.403373683986,610.4706799143037,302.0,7,100.0,False,0,7241.493,41.0
4431.697222222222,5293.895411648646,535.7676979778021,303.0,8,100.0,False,0,7241.693,41.0
4445.262305813186,5254.0,454.0,304.3333333333333,8,100.0,False,0,7241.853,41.0
4458.890207986709,5195.0,332.0,305.6666666666667,8,100.0,False,0,7242.013000000001,41.0
4462.297222222222,5180.032225091625,300.7145270451726,306.0,8,100.0,False,0,7242.053000000001,41.0
4469.111054600737,5151.0,240.0,306.5,8,100.0,False,0,7242.133000000001,41.0
4475.941666666667,5123.553727187385,183.5406556704292,307.0,8,100.0,False,0,7242.213000000001,41.0
4496.604606339362,5031.0,-5.0,309.57142857142856,8,100.0,False,0,7242.453,41.0
4500.052777777778,5009.121929057863,-50.53194446215055,310.0,8,100.0,False,0,7242.493,41.0
4515.548721564063,4905.0,-269.0,310.0,8,100.0,False,0,7242.673000000001,41.0
4527.522222222223,4863.039594339718,-356.97584201531936,310.0,8,100.0,False,0,7242.812000000001,41.0
4548.2555555555555,4808.460277510739,-470.04625526587813,311.0,8,100.0,False,0,7243.052000000001,41.0
4548.3420370651365,4808.0,-471.0,311.0020832,8,100.0,False,0,7243.053000000001,41.0
4567.383940004776,4680.0,-736.0,311.46041706666665,8,100.0,False,0,7243.273,41.0
4589.855555555556,4613.415849355695,-871.4414293045985,312.0,8,100.0,False,0,7243.532,41.0
4598.640067033603,4588.0,-924.0,312.50500096,8,100.0,False,0,7243.633000000001,41.0
4607.2444444444445,4553.127820133667,-997.1544948300777,313.0,8,100.0,False,0,7243.732000000001,41.0
4615.999255323885,4513.0,-1081.0,312.3687488,8,100.0,False,0,7243.8330000000005,41.0
4621.111111111111,4490.106094022216,-1128.1543546235764,312.0,8,100.0,False,0,7243.892000000001,41.0
4634.977777777778,4429.517339524089,-1251.273836998846,312.0,8,100.0,False,0,7244.052000000001,41.0
4638.524672877353,4414.0,-1283.0,311.82916693333334,8,100.0,False,0,7244.093000000001,41.0
4647.161284739416,4376.0,-1361.0,311.4124992,8,100.0,False,0,7244.193,41.0
4655.711111111113,4338.068124324554,-1437.7286139894188,311.0,8,100.0,False,0,7244.292,41.0
4669.626410824826,4276.0,-1562.0,311.0,8,100.0,False,0,7244.453,41.0
4672.988888888889,4260.977524739212,-1592.2833229396458,311.0,8,100.0,False,0,7244.492,41.0
4690.157543775787,4184.0,-1748.0,309.57142857142856,8,100.0,False,0,7244.692,41.0
4697.022222222223,4153.196921956976,-1809.7700565044454,309.0,8,100.0,False,0,7244.772000000001,41.0
4714.226087454381,4076.0,-1963.0,309.45454545454544,8,100.0,False,0,7244.972000000001,41.0
4731.463997457435,3998.0,-2116.0,309.90909090909093,8,100.0,False,0,7245.1720000000005,41.0
4734.9111111111115,3982.1793491869125,-2146.819334959718,310.0,8,100.0,False,0,7245.212,41.0
4743.528117909233,3943.0,-2223.0,310.0,8,100.0,False,0,7245.312000000001,41.0
4762.466666666668,3860.980182356366,-2382.674034314537,310.0,8,100.0,False,0,7245.532,41.0
4769.3388214789165,3820.0,-2461.0,309.5,8,100.0,False,0,7245.612,41.0
4776.200000000001,3769.1592850539537,-2557.270585345114,309.0,8,100.0,False,0,7245.692,41.0
4783.047415300256,3720.0,-2650.0,308.6666666666667,8,100.0,False,0,7245.772000000001,41.0
4796.7333333333345,3661.3516070136957,-2760.3779461894555,308.0,8,100.0,False,0,7245.932000000001,41.0
4812.18871523524,3615.0,-2846.0,308.75,8,100.0,False,0,7246.112,41.0
4817.333333333334,3592.7532680647973,-2886.7049334099365,309.0,8,100.0,False,0,7246.1720000000005,41.0
4831.011012902407,3524.0,-3011.0,308.3333333333333,8,100.0,False,0,7246.332,41.0
4837.866666666667,3491.3347084664747,-3068.403876086203,308.0,8,100.0,False,0,7246.412,41.0
4846.4758627462925,3447.0,-3144.0,307.77272727272725,8,100.0,False,0,7246.512000000001,41.0
4870.452172924796,3286.0,-3406.0,307.1363636363636,8,100.0,False,0,7246.792,41.0
4875.388888888889,3260.6801901016274,-3445.278541801865,307.0,8,100.0,False,0,7246.852000000001,41.0
4894.322222222223,3182.0,-3553.0,284.0,8,16.0,True,0,7247.092000000001,41.0
4909.266666666667,3074.683632555726,-3681.7536135787977,269.0,8,11.0,True,0,7247.292,41.0
4920.5782204085,2988.0,-3779.0,258.4343792,8,11.5031248,True,0,7247.453,41.0
4931.311111111111,2925.1295686641774,-3840.9022710962786,248.0,8,12.0,True,0,7247.612,41.0
4938.016330235469,2879.0,-3877.0,242.47262454849738,8,12.50248867740933,True,0,7247.713000000001,41.0
4944.543611111111,2818.825526798601,-3918.1103122795976,237.0,7,13.0,True,0,7247.813,41.0
4954.765833333333,2698.1557020181845,-3991.3844922718904,230.0,6,13.0,True,0,7247.973000000001,41.0
4962.4802201309685,2615.0,-4035.0,230.0,6,14.0,True,0,7248.093000000001,41.0
4970.099166666666,2544.1173531816767,-4065.051820774821,230.0,5,15.0,False,0,7248.213000000001,41.0
4979.876944444443,2462.819592008396,-4088.2426315199505,220.0,5,16.0,False,0,7248.3730000000005,41.0
4983.488670230239,2432.0,-4095.0,218.74999466666668,5,20.5000192,False,0,7248.433,41.0
4994.210277777777,2336.961854904915,-4109.995751087432,215.0,5,34.0,False,0,7248.613,41.0
5003.6325,2251.3612209512644,-4116.1801358062585,212.0,5,37.0,False,0,7248.773,41.0
5009.466403355377,2200.0,-4116.0,211.0624976,5,42.0000128,False,0,7248.8730000000005,41.0
5022.210277777777,2093.1721220342074,-4104.555948386443,209.0,5,53.0,False,0,7249.093000000001,41.0
5033.808133639375,1992.0,-4081.0,209.0,5,68.625,False,0,7249.293000000001,41.0
5038.458963573735,1948.0,-4068.0,209.0,5,74.875,False,0,7249.3730000000005,41.0
5040.788055555556,1926.0133161894669,-4060.555971950767,209.0,5,78.0,False,0,7249.4130000000005,41.0
5053.670643169424,1808.0,-4009.0,210.84100583337082,5,79.84100583337083,False,0,7249.633000000001,41.0
5054.796111111112,1798.1499538659184,-4003.8673545897636,211.0,5,80.0,False,0,7249.652,41.0
5070.520647989033,1668.0,-3922.0,213.92500215172413,5,84.50000331034482,False,0,7249.9130000000005,41.0
5126.97388888889,1271.8223490551604,-3461.742299784884,224.0,5,100.0,False,0,7250.812000000001,41.0
5135.786393433693,1222.0,-3379.0,224.70500096,5,100.0,False,0,7250.953,41.0
5139.47388888889,1202.3582363404466,-3344.1343785223135,225.0,5,100.0,False,0,7251.012000000001,41.0
5152.029444444444,1141.670591265515,-3228.024775034523,226.0,5,99.0,False,0,7251.212,41.0
5157.122666233761,1121.0,-3188.0,227.33333333333334,5,99.0,False,0,7251.292,41.0
5175.229444444445,1064.2225569383243,-3081.4287269650326,232.0,6,99.0,False,0,7251.572,41.0
5184.3397319518845,1029.0,-3020.0,233.05,6,99.0,False,0,7251.712,41.0
5196.096642875197,969.0,-2920.0,234.4,6,99.0,False,0,7251.892000000001,41.0
5201.3405555555555,940.7636401184094,-2876.083349463889,235.0,6,99.0,False,0,7251.972000000001,41.0
5206.596126068598,912.0,-2833.0,235.8,6,99.0,False,0,7252.052000000001,41.0
5214.5072222222225,867.5990668282633,-2768.528494958157,237.0,6,99.0,False,0,7252.1720000000005,41.0
5222.4612532310775,822.0,-2704.0,238.0,6,99.0,False,0,7252.292,41.0
5230.440555555556,775.5102556597468,-2639.18170880541,239.0,6,99.0,False,0,7252.412,41.0
5235.764186270824,744.0,-2596.0,239.25,6,99.25,False,0,7252.492,41.0
5246.426065318164,680.0,-2510.0,239.75,6,99.75,False,0,7252.652,41.0
5251.77388888889,648.1115469274391,-2467.089687991868,240.0,6,100.0,False,0,7252.732000000001,41.0
5266.547856965967,561.0,-2349.0,241.57142857142858,6,100.0,False,0,7252.952,41.0
5270.596111111112,537.2525597076788,-2316.635198273721,242.0,6,100.0,False,0,7253.012000000001,41.0
5284.146811145752,457.0,-2208.0,243.66666666666666,6,99.16666666666667,False,0,7253.212,41.0
5286.862777777778,440.3973727047658,-2186.0594246783876,244.0,6,99.0,False,0,7253.252,41.0
5288.22118991795,432.0,-2175.0,244.05555555555554,6,99.0,False,0,7253.272000000001,41.0
5311.362777777778,282.1153888414164,-1979.7949230079435,245.0,6,99.0,False,0,7253.612,41.0
5314.09257054178,265.0,-1958.0,245.125,6,99.0,False,0,7253.652,41.0
5333.229444444445,151.41543864685502,-1817.3230852610143,246.0,6,99.0,False,0,7253.932000000001,41.0
5340.129951408515,110.0,-1768.0,246.0,6,99.0,False,0,7254.033,41.0
5344.1627777777785,85.24214838181373,-1738.9972983318735,246.0,6,99.0,False,0,7254.092000000001,41.0
5352.442902644886,29.0,-1674.0,246.50207455656752,6,99.0,False,0,7254.213000000001,41.0
5360.6980555555565,-42.88590264823341,-1591.4243545157683,247.0,6,99.0,False,0,7254.3330000000005,41.0
5370.416941458388,-124.0,-1499.0,247.5833344,6,99.0,False,0,7254.473000000001,41.0
5377.231388888889,-162.23495789237887,-1456.3437725946987,248.0,6,99.0,False,0,7254.573,41.0
5385.112357835679,-189.0,-1427.0,241.1818181818182,6,73.9090909090909,False,0,7254.693,41.0
5402.203317586777,-214.0,-1398.0,225.27272727272728,6,15.36363636363636,False,0,7254.973000000001,41.0
5404.486944444445,-225.30608761934718,-1385.1672464464082,223.0,6,7.0,False,0,7255.013000000001,41.0
5413.33138888889,-292.215146757,-1309.7375974024621,199.0,6,7.0,True,0,7255.173000000001,41.0
5415.551925383407,-308.0,-1292.0,199.0,6,5.5,True,0,7255.213000000001,41.0
5422.175833333334,-348.57222314130655,-1246.577881727797,199.0,6,1.0,True,0,7255.3330000000005,41.0
5425.340718109758,-369.0,-1224.0,195.49998506666665,6,1.0,True,0,7255.393,41.0
5439.975833333334,-489.46139817540217,-1096.3258846795711,178.0,5,1.0,True,0,7255.693,41.0
5440.928735219271,-497.0,-1089.0,177.19998976,5,1.0,True,0,7255.713000000001,41.0
5457.975833333334,-616.2363737498434,-994.5361138085539,162.0,5,1.0,True,0,7256.093000000001,41.0
5458.730923382199,-622.0,-991.0,159.59395455134563,5,0.9498740531530341,True,0,7256.113,41.0
5467.0835684344065,-696.0,-953.0,128.31579487666448,5,0.29824572659717663,True,0,7256.3730000000005,41.0
5470.610833333334,-729.7729924528629,-939.1169808698642,114.0,4,0.0,True,0,7256.492,41.0
5477.826466883355,-801.0,-919.0,109.31389013333333,4,0.0,True,0,7256.733,41.0
5481.310833333334,-839.6030778952229,-914.5632710722675,107.0,2,0.0,True,0,7256.852000000001,41.0
5483.625214415525,-865.0,-913.0,104.468752,2,0.0,True,0,7256.933,41.0
5485.844166666668,-887.800975401354,-912.2300522594934,102.0,2,0.0,True,0,7257.012000000001,41.0
5492.464886731828,-950.0,-915.0,99.41785782857143,2,11.189282742857143,True,0,7257.253000000001,41.0
5493.5441666666675,-960.1568253094433,-916.2982089212958,99.0,2,13.0,False,0,7257.292,41.0
5498.634870486476,-1008.0,-926.0,100.81000192,2,25.67001344,False,0,7257.473000000001,41.0
5503.254121264028,-1050.0,-941.0,102.41000192,2,36.87001344,False,0,7257.633000000001,41.0
5504.988611111112,-1064.9112690525062,-948.0985422849868,103.0,2,41.0,False,0,7257.692,41.0
5507.996852699852,-1090.0,-962.0,104.8937536,2,47.6281376,False,0,7257.793000000001,41.0
5514.677500000001,-1145.320179652976,-998.2888102061606,109.0,2,62.0,False,0,7258.012000000001,41.0
5518.4195632942165,-1176.0,-1021.0,111.4,2,47.0,False,0,7258.1320000000005,41.0
5520.955277777778,-1196.5437861164032,-1037.0624124458466,113.0,2,37.0,False,0,7258.212,41.0
5525.474809058,-1233.0,-1066.0,115.1,2,11.8,False,0,7258.352000000001,41.0
5527.399722222222,-1249.0090015164892,-1078.1852485793383,116.0,2,1.0,False,0,7258.412,41.0
5531.801083389295,-1286.0,-1105.0,114.44444444444444,2,4.111111111111111,False,0,7258.552000000001,41.0
5538.599722222222,-1345.0,-1139.0,112.0,3,9.0,False,0,7258.772000000001,41.0
5545.489186021708,-1437.0,-1168.0,112.55,3,21.65,False,0,7258.992,41.0
5551.155277777778,-1478.7686711448073,-1174.690255616515,113.0,3,32.0,False,0,7259.1720000000005,41.0
5556.808326503741,-1516.0,-1171.0,113.0,3,36.5,False,0,7259.352000000001,41.0
5557.433055555556,-1522.1018362424177,-1170.4042765613563,113.0,3,37.0,False,0,7259.372,41.0
5558.679790844562,-1535.0,-1169.0,113.0,3,37.0,False,0,7259.412,41.0
5562.455277777778,-1572.931747476254,-1161.8302661034954,113.0,3,37.0,False,0,7259.532,41.0
5565.087265329853,-1597.0,-1156.0,115.44444444444444,3,40.55555555555556,False,0,7259.612,41.0
5572.737338695128,-1667.0,-1134.0,122.16666666666667,3,50.333333333333336,False,0,7259.832,41.0
5574.855277777778,-1695.8590505372454,-1121.2804515551475,124.0,3,53.0,False,0,7259.892000000001,41.0
5581.966388888889,-1806.8840959448657,-1065.501153683731,128.0,3,59.0,False,0,7260.092000000001,41.0
5582.685196187628,-1815.0,-1061.0,128.3125,3,59.625,False,0,7260.112,41.0
5588.496575366058,-1862.0,-1029.0,130.8125,3,64.625,False,0,7260.272000000001,41.0
5593.788611111111,-1913.4032961817643,-978.5970571903572,133.0,3,69.0,False,0,7260.412,41.0
5602.686586205831,-1995.0,-888.0,141.59445191111112,3,74.5250048,False,0,7260.633000000001,41.0
5608.488611111111,-2017.3251841065298,-861.4820363337246,147.0,3,78.0,False,0,7260.772000000001,41.0
5615.315437993077,-2037.0,-836.0,151.805969769065,3,79.60198992302166,False,0,7260.933,41.0
5617.031111111111,-2045.1848000275368,-825.7118117824282,153.0,3,80.0,False,0,7260.973000000001,41.0
5624.008888888889,-2089.0,-768.0,157.0,3,84.0,False,0,7261.133000000001,41.0
5636.997777777778,-2182.628452667697,-613.4601130837696,167.0,3,88.0,False,0,7261.4130000000005,41.0
5638.890565541243,-2193.0,-594.0,167.875,3,88.125,False,0,7261.453,41.0
5652.464444444444,-2235.1583343932957,-492.4498771341795,174.0,4,89.0,False,0,7261.733,41.0
5655.53043292183,-2243.0,-468.0,177.50001493333335,4,89.7500032,False,0,7261.793000000001,41.0
5664.997777777778,-2269.0,-380.0,188.0,4,92.0,False,0,7261.973000000001,41.0
5673.5311111111105,-2288.007248794397,-297.52180914639484,192.0,4,92.0,False,0,7262.133000000001,41.0
5674.616499846542,-2290.0,-287.0,192.625008,4,92.1250016,False,0,7262.153,41.0
5691.486666666667,-2310.0,-123.0,202.0,4,94.0,False,0,7262.453,41.0
5704.489367620098,-2314.0,2.0,210.2500096,4,96.0625024,False,0,7262.673000000001,41.0
5710.508888888889,-2311.730160675017,60.190480611262274,214.0,5,97.0,False,0,7262.773,41.0
5714.141869431844,-2309.0,96.0,215.12853123440127,5,97.56426561720063,False,0,7262.8330000000005,41.0
5728.830221410492,-2290.0,241.0,219.64263691182205,5,99.82131845591103,False,0,7263.073,41.0
5730.003333333333,-2288.4222143497886,251.17250095288014,220.0,5,100.0,False,0,7263.092000000001,41.0
5742.503333333333,-2261.746886829924,365.8504231433217,225.0,5,100.0,False,0,7263.292,41.0
5743.847243169863,-2255.0,385.0,225.94500864,5,100.0,False,0,7263.313,41.0
5755.503333333332,-2169.4769438005032,594.9362436438133,234.0,5,100.0,False,0,7263.492,41.0
5755.5686002890825,-2169.0,596.0,234.0062496,5,100.0,False,0,7263.493,41.0
5765.947777777777,-2102.820126893239,726.5738254067682,235.0,6,100.0,False,0,7263.652,41.0
5781.919784159159,-2037.0,821.0,238.44285622857143,6,100.0,False,0,7263.893,41.0
5784.536666666667,-2029.9327574940326,831.0847990131874,239.0,6,100.0,False,0,7263.932000000001,41.0
5795.381111111111,-2008.8684092879123,861.526897012934,244.0,6,100.0,False,0,7264.092000000001,41.0
5802.3518133137595,-1985.0,895.0,246.5250048,6,100.0,False,0,7264.193,41.0
5815.007936225291,-1912.0,996.0,251.0249984,6,100.0,False,0,7264.3730000000005,41.0
5817.7811111111105,-1894.5386068831713,1020.2043199110868,252.0,6,100.0,False,0,7264.412,41.0
5830.717989790863,-1813.0,1133.0,256.5,6,100.0,False,0,7264.592000000001,41.0
5837.929719011192,-1769.4160079050946,1192.166650206164,258.9750016,6,100.0,False,0,7264.691000000001,41.0
0.6674031547645936,-1771.3576729894985,1189.4334905083958,258.9750016,6,100.0,False,0,7264.691,42.0
6.57,-1736.3741830186036,1236.2219376671771,261.0,6,100.0,False,0,7264.772,42.0
12.417863658853868,-1701.0,1283.0,262.5,6,100.0,False,0,7264.852,42.0
18.30333333333333,-1664.8145773751162,1330.3329211585806,264.0,6,100.0,False,0,7264.932,42.0
28.738461808616076,-1602.0,1411.0,267.5,6,100.0,False,0,7265.072,42.0
33.24777777777777,-1576.6820649569675,1442.7316387146143,269.0,6,100.0,False,0,7265.132,42.0
48.40018388283997,-1480.0,1563.0,272.125,6,100.0,False,0,7265.331999999999,42.0
57.603333333333325,-1387.1985212428572,1681.8151166811558,274.0,7,100.0,False,0,7265.452,42.0
63.791778568559586,-1330.0,1756.0,276.0,7,100.0,False,0,7265.532,42.0
76.26999999999998,-1262.73853787399,1846.155522060384,280.0,7,100.0,False,0,7265.692,42.0
91.98353528594191,-1220.0,1908.0,282.5,7,100.0,False,0,7265.892,42.0
101.51444444444442,-1186.0887034193336,1955.5589877235525,284.0,7,100.0,False,0,7266.012,42.0
168.69146292769722,-776.0,2518.0,294.25,7,100.0,False,0,7266.831999999999,42.0
173.62555555555554,-733.0739032015177,2577.885974954959,295.0,7,100.0,False,0,7266.892,42.0
186.7811111111111,-618.0064438206945,2739.2480513080964,296.0,7,100.0,False,0,7267.052,42.0
191.83010991091186,-585.0,2786.0,296.7601271546671,7,100.0,False,0,7267.112999999999,42.0
213.53111111111107,-512.7288740415084,2892.3906584800216,300.0,7,100.0,False,0,7267.373,42.0
216.87302354360952,-501.0,2910.0,300.14285714285717,7,100.0,False,0,7267.413,42.0
236.9422222222222,-398.36196509985456,3063.0278472362525,301.0,8,100.0,False,0,7267.653,42.0
245.34169097843858,-343.0,3146.0,301.71428754285716,8,99.64285622857143,False,0,7267.753,42.0
260.50888888888886,-232.99565470271182,3311.680747818923,303.0,8,99.0,False,0,7267.933,42.0
263.88374433585153,-212.0,3343.0,303.09090909090907,8,99.0909090909091,False,0,7267.973,42.0
287.5390266462992,-106.0,3495.0,303.72727272727275,8,99.72727272727273,False,0,7268.253,42.0
297.6644444444444,-50.53392101955264,3572.0080612588563,304.0,8,100.0,False,0,7268.373,42.0
312.81822131866204,42.0,3698.0,303.09999872,8,100.0,False,0,7268.553,42.0
314.4977777777778,51.74754957645027,3710.9469719668905,303.0,8,100.0,False,0,7268.572999999999,42.0
327.89769197402404,135.0,3817.0,301.6666666666667,8,100.0,False,0,7268.733,42.0
334.56444444444446,193.4658417403379,3886.5853729510522,301.0,8,100.0,False,0,7268.813,42.0
351.1266445848255,355.0,4071.0,298.85714285714283,8,100.0,False,0,7269.013,42.0
357.74222222222227,397.5563907631983,4117.330091767528,298.0,8,100.0,False,0,7269.093,42.0
377.60888888888894,479.3268909890362,4191.245793711198,298.0,8,100.0,False,0,7269.333,42.0
380.91597389720204,500.0,4208.0,297.8,8,100.0,False,0,7269.373,42.0
390.82001217844135,576.0,4268.0,297.2,8,100.0,False,0,7269.4929999999995,42.0
394.1088888888889,601.5753213472576,4286.994977210114,297.0,8,100.0,False,0,7269.532999999999,42.0
407.19128502106435,711.0,4355.0,294.7060937161649,8,100.0,False,0,7269.693,42.0
416.8163888888889,825.0428718677817,4404.208249614503,293.0,8,100.0,False,0,7269.812,42.0
435.9497222222222,1072.748875260626,4485.042740057685,287.0,8,100.0,False,0,7270.052,42.0
437.61843383930494,1087.0,4489.0,286.8833322666667,8,100.0,False,0,7270.072999999999,42.0
458.23997495793225,1198.0,4506.0,285.43888924444445,8,100.0,False,0,7270.333,42.0
464.44972222222225,1252.6343829487807,4511.401618610412,285.0,8,100.0,False,0,7270.411999999999,42.0
472.3364975494013,1342.0,4518.0,283.19642514285715,8,100.0,False,0,7270.513,42.0
486.2275,1536.2860001585898,4518.2284939731235,280.0,8,100.0,False,0,7270.692,42.0
495.61681022708353,1656.0,4514.0,279.56785737142854,8,100.0,False,0,7270.813,42.0
507.92749999999995,1764.8772642183312,4506.694635025065,279.0,8,100.0,False,0,7270.972,42.0
523.3163888888888,1863.2350711147665,4493.42754322015,277.0,8,100.0,False,0,7271.172,42.0
527.9214210979774,1902.0,4488.0,276.8125,8,100.0,False,0,7271.232,42.0
540.1842933817958,2024.0,4471.0,276.3125,8,100.0,False,0,7271.392,42.0
547.8497222222221,2099.9154537895647,4460.853516060343,276.0,8,100.0,False,0,7271.492,42.0
549.3833800998674,2115.0,4459.0,276.0,8,99.875,False,0,7271.512,42.0
560.1163888888888,2220.7199095109822,4448.031536065012,276.0,7,99.0,False,0,7271.652,42.0
570.8150863781158,2327.0,4441.0,275.4166666666667,7,99.58333333333333,False,0,7271.7919999999995,42.0
578.449722222222,2403.463051200126,4438.648757435396,275.0,7,100.0,False,0,7271.892,42.0
592.2012062771275,2541.0,4440.0,275.0,7,100.0,False,0,7272.072,42.0
596.7830555555554,2586.2913546322407,4442.03463706356,275.0,7,100.0,False,0,7272.132,42.0
605.9399303725824,2676.0,4449.0,274.7,7,100.0,False,0,7272.2519999999995,42.0
622.6827901092565,2838.0,4475.0,274.15,7,100.0,False,0,7272.472,42.0
627.2274999999998,2882.0868517206827,4485.354627361716,274.0,7,100.0,False,0,7272.532,42.0
636.2868278425303,2970.0,4510.0,273.0,7,100.0,False,0,7272.652,42.0
651.3221861212407,3112.0,4560.0,271.3333333333333,7,100.0,False,0,7272.852,42.0
654.3274999999999,3138.3499396110515,4570.7185385926205,271.0,7,100.0,False,0,7272.892,42.0
669.338357896087,3274.0,4638.0,270.1666666666667,7,100.0,False,0,7273.092,42.0
672.3274999999999,3308.0999554755017,4658.385871637535,270.0,7,100.0,False,0,7273.132,42.0
684.238611111111,3452.0,4751.0,268.0,7,100.0,False,0,7273.2919999999995,42.0
696.1497222222221,3542.8431967776405,4812.929661930137,268.0,7,100.0,False,0,7273.452,42.0
710.9830555555554,3610.231213559863,4870.897829646963,267.0,7,100.0,False,0,7273.652,42.0
718.4731518952406,3673.0,4931.0,267.0,7,100.0,False,0,7273.753,42.0
722.8497222222221,3720.3965729669717,4977.14367291685,267.0,7,100.0,False,0,7273.812,42.0
733.3101493876101,3834.0,5089.0,267.0,7,100.0,False,0,7273.9529999999995,42.0
737.757222222222,3860.0640970313243,5115.091873925152,267.0,7,100.0,False,0,7274.013,42.0
749.601720795687,3897.0,5153.0,267.0,7,100.0,False,0,7274.173,42.0
755.5572222222221,3934.357717814756,5189.998824948196,267.0,7,100.0,False,0,7274.253,42.0
767.4238888888888,4050.0388803842693,5303.088607243857,267.0,7,99.0,False,0,7274.413,42.0
777.0051576804403,4140.0,5390.0,254.5555328,7,61.2777088,False,0,7274.553,42.0
790.9238888888889,4223.256796592559,5467.732540707521,235.0,7,2.0,True,0,7274.773,42.0
799.6131036519342,4278.0,5516.0,224.4999808,7,0.24999680000000013,True,0,7274.913,42.0
800.835,4287.695328652654,5524.468751387074,223.0,7,0.0,True,0,7274.933,42.0
810.3016666666666,4378.790322419502,5603.455465278446,213.0,7,0.0,True,0,7275.093,42.0
814.6569820681952,4418.0,5637.0,203.0,7,0.0,True,0,7275.173,42.0
818.8794444444444,4447.589939465643,5661.8582727233315,193.0,7,0.0,True,0,7275.253,42.0
828.288039487091,4497.0,5702.0,187.59999232,7,0.0,True,0,7275.433,42.0
829.2683333333333,4503.449305476447,5707.26298956577,187.0,7,0.0,True,0,7275.4529999999995,42.0
839.071588520597,4585.0,5773.0,162.2499712,7,0.0,True,0,7275.673,42.0
839.935,4592.3087777814235,5778.57393972539,160.0,6,0.0,True,0,7275.693,42.0
846.7794444444444,4648.003686213361,5818.409629693587,154.0,4,0.0,True,0,7275.853,42.0
851.5633495713154,4689.0,5843.0,147.0,4,0.0,True,0,7275.973,42.0
856.1127777777776,4730.248058306935,5863.212284936493,140.0,3,0.0,True,0,7276.093,42.0
857.6034283412966,4743.0,5869.0,138.746081756272,3,0.0,True,0,7276.133,42.0
867.6322222222221,4839.4049696765815,5895.948638266346,130.0,3,0.0,True,0,7276.411999999999,42.0
867.6669514722415,4840.0,5896.0,129.96000256,3,0.0,True,0,7276.413,42.0
872.4435811386179,4937.0,5900.0,124.35999232,3,0.0,True,0,7276.553,42.0
874.4099999999999,4970.265756333529,5899.921698987219,122.0,2,0.0,True,0,7276.612,42.0
879.6099999999999,5023.398877147819,5894.56695511028,117.0,2,0.0,True,0,7276.772,42.0
885.8322222222222,5054.703921631939,5881.143384953003,112.0,2,0.0,True,0,7276.972,42.0
887.0760202917478,5062.0,5878.0,111.31666773333333,2,0.0,True,0,7277.013,42.0
896.4322222222222,5128.631987684347,5847.897194424087,106.0,2,0.0,False,0,7277.331999999999,42.0
899.2933122936761,5152.0,5834.0,104.19642514285714,2,0.0,False,0,7277.433,42.0
904.2877777777777,5193.783692928478,5804.165006793355,101.0,2,0.0,False,0,7277.612,42.0
904.3156019134739,5194.0,5804.0,100.99750016,2,0.08999424,False,0,7277.612999999999,42.0
911.5032515400811,5247.0,5755.0,100.35,2,23.4,False,0,7277.871999999999,42.0
915.3988888888888,5283.896733748608,5705.997594171279,100.0,2,36.0,False,0,7278.012,42.0
916.5155864806813,5293.0,5693.0,100.2,2,36.6,False,0,7278.052,42.0
921.0099999999999,5316.389479790883,5655.859567063862,101.0,2,39.0,False,0,7278.2119999999995,42.0
927.9433333333332,5330.356649831339,5615.889463604157,104.0,2,42.0,False,0,7278.452,42.0
929.141738646235,5334.0,5605.0,104.875,2,43.25,False,0,7278.492,42.0
929.7462462559087,5336.0,5599.0,105.3125,2,43.875,False,0,7278.512,42.0
937.8099999999998,5368.0,5482.0,111.0,2,52.0,False,0,7278.772,42.0
945.3433333333331,5380.435220401987,5418.425103608479,113.0,2,55.0,False,0,7279.012,42.0
951.9544444444443,5382.642700684723,5382.131549614074,119.0,2,62.0,False,0,7279.2119999999995,42.0
954.013259251195,5384.0,5366.0,121.1,2,64.1,False,0,7279.272,42.0
958.9544444444443,5388.371425639259,5319.194729029462,126.0,2,69.0,False,0,7279.411999999999,42.0
961.8625787057483,5391.0,5290.0,128.4,2,69.8,False,0,7279.492,42.0
966.2877777777776,5394.635265222655,5246.153074953479,132.0,2,71.0,False,0,7279.612,42.0
967.7608648995147,5396.0,5232.0,131.71428571428572,2,62.42857142857143,False,0,7279.652,42.0
973.6081718144214,5403.0,5178.0,130.57142857142858,2,28.142857142857146,False,0,7279.812,42.0
976.3988888888888,5407.659038832123,5150.617870948211,130.0,3,11.0,True,0,7279.892,42.0
982.8901253429015,5423.0,5082.0,121.45750272000001,3,6.47750144,True,0,7280.093,42.0
988.3752242785729,5441.0,5027.0,113.80749184,3,2.42749568,True,0,7280.273,42.0
988.9544444444443,5443.060537877085,5021.680091941046,113.0,3,2.0,True,0,7280.2919999999995,42.0
995.0099999999999,5469.8120714626375,4966.32159167063,109.0,2,2.0,True,0,7280.492,42.0
995.0396185884686,5470.0,4966.0,108.97515685968969,2,2.0,True,0,7280.4929999999995,42.0
999.7058333333332,5506.4666935666155,4909.284103272412,105.0,2,2.0,True,0,7280.653,42.0
1000.8766435166651,5515.0,4897.0,105.0,2,2.0,True,0,7280.693,42.0
1004.3724999999998,5535.681207247528,4869.5257518842245,105.0,2,2.0,True,0,7280.813,42.0
1009.8724999999998,5561.160371579059,4844.108338810703,99.0,2,2.0,True,0,7281.013,42.0
1011.4796943958544,5571.0,4835.0,97.79999488,2,2.0,True,0,7281.072999999999,42.0
1015.1502777777775,5598.629512030116,4810.019714824094,95.0,2,2.0,True,0,7281.213,42.0
1016.1682116576123,5607.0,4803.0,94.14285714285714,2,2.0,True,0,7281.253,42.0
1022.0724999999998,5657.774443430357,4767.45418886682,89.0,2,2.0,True,0,7281.4929999999995,42.0
1022.562583111927,5662.0,4765.0,88.89999872,2,2.0,True,0,7281.513,42.0
1026.477902918812,5696.0,4748.0,88.09999872,2,2.0,True,0,7281.673,42.0
1026.9613888888887,5700.38685060581,4746.1483591141005,88.0,2,2.0,True,0,7281.693,42.0
1030.783611111111,5736.49689379981,4733.987298184972,86.0,2,2.0,False,0,7281.853,42.0
1031.261462636191,5741.0,4733.0,86.0,2,2.0,False,0,7281.873,42.0
1035.5613888888888,5781.0,4730.0,86.0,2,2.0,False,0,7282.053,42.0
1040.2280555555556,5825.033958149882,4737.5595179583825,84.0,2,10.0,False,0,7282.253,42.0
1041.6094538313355,5838.0,4742.0,83.69999872,2,14.5000192,False,0,7282.313,42.0
1044.8391666666666,5867.626957575152,4756.232734314184,83.0,2,25.0,False,0,7282.4529999999995,42.0
1047.2029571151702,5888.0,4769.0,84.2500032,2,26.2500032,False,0,7282.553,42.0
1052.5725,5930.0,4802.0,87.0,2,29.0,False,0,7282.773,42.0
1056.61031461614,5960.0,4829.0,89.40601465166682,2,34.614034187222586,False,0,7282.933,42.0
1062.88,6019.183961875451,4896.499533326299,93.0,2,43.0,False,0,7283.172,42.0
1064.5340819246528,6031.0,4911.0,94.3343792,2,44.3343792,False,0,7283.233,42.0
1071.7688888888888,6056.079875909856,4945.974405836633,100.0,2,50.0,False,0,7283.492,42.0
1073.5080369786015,6062.0,4955.0,101.27083733333333,2,52.79584213333333,False,0,7283.553,42.0
1078.7688888888888,6086.440064834353,4991.984670679926,105.0,2,61.0,False,0,7283.732,42.0
1081.9423371892074,6105.0,5024.0,109.20834133333334,2,62.2625024,False,0,7283.833,42.0
1086.4355555555553,6135.808940249595,5083.588471786844,115.0,2,64.0,False,0,7283.972,42.0
1089.0315875727997,6151.0,5114.0,115.67499946666666,2,67.37499733333334,False,0,7284.053,42.0
1094.2355555555553,6166.746474144127,5146.015000076097,117.0,2,74.0,False,0,7284.2119999999995,42.0
1101.4478470486285,6185.0,5196.0,127.71428571428571,2,77.57142857142857,False,0,7284.411999999999,42.0
1104.502222222222,6201.239249265598,5242.38607249905,132.0,2,79.0,False,0,7284.492,42.0
1109.237167079649,6227.0,5317.0,137.57142857142858,2,82.42857142857143,False,0,7284.612,42.0
1115.7799999999997,6242.681404778677,5365.498667430035,145.0,3,87.0,False,0,7284.772,42.0
1124.2132025557592,6252.0,5403.0,150.55555555555554,3,89.22222222222223,False,0,7284.972,42.0
1131.2799999999997,6269.7244699070325,5469.9120774181065,155.0,3,91.0,False,0,7285.132,42.0
1132.189442711391,6272.0,5479.0,156.4,3,91.8,False,0,7285.152,42.0
1140.6688888888887,6290.520982030217,5560.802693317348,169.0,3,99.0,False,0,7285.331999999999,42.0
1144.6484989790235,6298.0,5597.0,173.0,3,99.2,False,0,7285.411999999999,42.0
1153.0046054355084,6312.0,5674.0,181.0,3,99.6,False,0,7285.572,42.0
1161.668888888889,6324.639024776629,5785.856501445576,189.0,4,100.0,False,0,7285.732,42.0
1169.42763206275,6332.0,5883.0,195.0,4,100.0,False,0,7285.871999999999,42.0
1177.3022222222223,6333.612938254555,5953.7528059042415,201.0,4,100.0,False,0,7286.012,42.0
1181.8316349713623,6330.0,6005.0,202.5,4,100.0,False,0,7286.092,42.0
1195.7022222222222,6302.0,6225.0,207.0,5,100.0,False,0,7286.331999999999,42.0
1205.3466666666666,6293.647402215296,6287.150684425476,217.0,5,100.0,False,0,7286.492,42.0
1214.991111111111,6279.152754547471,6331.385109364015,217.0,5,100.0,False,0,7286.652,42.0
1216.2828028873018,6275.0,6343.0,217.90000822857144,5,100.0,False,0,7286.673,42.0
1232.802222222222,6192.563978145887,6562.066279183325,229.0,5,100.0,False,0,7286.932,42.0
1234.1728184878052,6186.0,6578.0,229.52381438894358,5,100.0,False,0,7286.9529999999995,42.0
1262.202222222222,6080.189236979248,6765.2192531856235,240.0,6,100.0,False,0,7287.373,42.0
1263.549927415509,6074.0,6774.0,240.3333376,6,100.0,False,0,7287.393,42.0
1278.4688888888888,5993.284987474317,6885.627085039435,244.0,6,100.0,False,0,7287.612999999999,42.0
1283.9918407645455,5962.0,6926.0,245.75,6,100.0,False,0,7287.693,42.0
1297.9824882772211,5870.0,7029.0,250.125,6,100.0,False,0,7287.893,42.0
1300.78,5840.628566481112,7057.304933493907,251.0,6,100.0,False,0,7287.933,42.0
1311.98,5697.483650108833,7187.287055134332,252.0,6,100.0,False,0,7288.093,42.0
1313.3926335085093,5682.0,7201.0,252.4285769142857,6,100.0,False,0,7288.112999999999,42.0
1332.0466666666666,5561.039756875871,7301.630118524741,258.0,6,100.0,False,0,7288.373,42.0
1349.5133333333333,5476.766488475836,7363.61664720359,262.0,6,100.0,False,0,7288.612999999999,42.0
1350.9724549803464,5466.0,7372.0,262.2500032,6,100.0,False,0,7288.633,42.0
1353.8913829947924,5443.0,7390.0,262.7500032,6,100.0,False,0,7288.673,42.0
1361.2466666666667,5383.887950477611,7435.486280778137,264.0,6,100.0,False,0,7288.773,42.0
1376.4133333333332,5264.0,7527.0,273.0,7,100.0,False,0,7288.973,42.0
1391.8577777777775,5145.361328324781,7622.79541345964,278.0,7,100.0,False,0,7289.173,42.0
1393.4134378830095,5133.0,7633.0,278.3333376,7,100.0,False,0,7289.193,42.0
1410.6577777777777,4991.897437061346,7751.038832015651,282.0,7,100.0,False,0,7289.413,42.0
1413.8197406823574,4968.0,7771.0,282.8,7,100.0,False,0,7289.4529999999995,42.0
1426.5466666666666,4881.063397206311,7843.163576787525,286.0,7,100.0,False,0,7289.612999999999,42.0
1431.349279718807,4848.0,7871.0,286.75235415626753,7,100.0,False,0,7289.673,42.0
1452.2438888888887,4691.655316907891,8006.060930100672,290.0,7,100.0,False,0,7289.932,42.0
1453.9469410384359,4679.0,8017.0,290.2625024,7,100.0,False,0,7289.9529999999995,42.0
1471.7772222222222,4549.673277193964,8127.985156520166,293.0,7,100.0,False,0,7290.172,42.0
1480.0391460280557,4482.0,8186.0,293.84166826666666,7,100.0,False,0,7290.273,42.0
1491.4438888888888,4375.92468794295,8277.153752332224,295.0,7,100.0,False,0,7290.411999999999,42.0
1496.4592955668174,4333.0,8314.0,295.50833493333334,7,100.0,False,0,7290.473,42.0
1511.2438888888887,4235.914727881122,8396.954275126927,297.0,7,100.0,False,0,7290.652,42.0
1519.6663626729892,4182.0,8443.0,298.40278044444443,7,100.0,False,0,7290.753,42.0
1536.395367206323,4056.0,8551.0,301.1666666666667,7,100.0,False,0,7290.952,42.0
1541.443888888889,4017.412694339182,8584.160481170795,302.0,8,100.0,False,0,7291.012,42.0
1551.5409555124716,3941.0,8650.0,302.75,8,100.0,False,0,7291.132,42.0
1554.9105555555557,3915.6180070867895,8671.945163664062,303.0,8,100.0,False,0,7291.172,42.0
1571.797667149466,3789.0,8782.0,303.8333333333333,8,100.0,False,0,7291.371999999999,42.0
1575.177222222222,3763.624625341485,8804.172407902015,304.0,8,100.0,False,0,7291.411999999999,42.0
1600.511735276617,3573.0,8972.0,304.0,8,100.0,False,0,7291.7119999999995,42.0
1602.1994444444445,3560.334083082522,8983.23452288309,304.0,8,100.0,False,0,7291.732,42.0
1615.694355262766,3459.0,9073.0,304.0,8,100.0,False,0,7291.892,42.0
1629.2216666666668,3356.7514304152714,9161.854464543043,304.0,8,100.0,False,0,7292.052,42.0
1630.9179822400386,3344.0,9173.0,304.2,8,100.0,False,0,7292.072,42.0
1644.5207297940485,3242.0,9263.0,305.8,8,100.0,False,0,7292.232,42.0
1646.2216666666668,3229.0610627794304,9274.391096195934,306.0,8,100.0,False,0,7292.2519999999995,42.0
1661.52271070064,3113.0,9376.0,306.0,8,100.0,False,0,7292.432,42.0
1670.021666666667,3053.891501762626,9427.626780816747,306.0,8,100.0,False,0,7292.532,42.0
1680.2215497713432,2972.0,9499.0,306.0,8,100.0,False,0,7292.652,42.0
1690.4216666666669,2856.3181943881614,9599.603768864587,306.0,8,100.0,False,0,7292.772,42.0
1705.720915476084,2689.0,9745.0,306.0,8,103.0,False,0,7292.952,42.0
1710.821666666667,2660.0190273276876,9770.199624937679,306.0,8,104.0,False,0,7293.012,42.0
1724.4216666666669,2625.807437343774,9799.992993766302,306.0,8,104.0,True,0,7293.172,42.0
1727.8164612789492,2612.0,9812.0,306.0,8,104.0,True,0,7293.2119999999995,42.0
1744.8216666666667,2490.0051381027465,9918.031857929534,306.0,8,104.0,True,0,7293.411999999999,42.0
1756.984539120393,2381.0,10014.0,308.937504,8,101.6499968,True,0,7293.553,42.0
1765.5549999999998,2303.534347142185,10083.256095232748,311.0,8,100.0,False,0,7293.652,42.0
1767.3709267952381,2286.0,10099.0,311.0,8,100.0,False,0,7293.673,42.0
1779.463611111111,2155.7219538352624,10216.333196833208,311.0,8,100.0,False,0,7293.813,42.0
1788.098639209089,2074.0,10290.0,311.0,8,100.0,False,0,7293.913,42.0
1807.1080555555554,1980.5119970403653,10373.888023244624,311.0,8,100.0,False,0,7294.133,42.0
1817.4933489522873,1932.0,10417.0,310.4,8,99.4,False,0,7294.253,42.0
1824.3302777777776,1888.1743226617157,10455.88506704706,310.0,8,99.0,False,0,7294.333,42.0
1837.6332633282,1778.0,10551.0,300.8,8,62.6,False,0,7294.4929999999995,42.0
1856.2191666666668,1587.1673634805645,10701.040321795126,287.0,8,8.0,True,0,7294.733,42.0
1860.4976004571365,1549.0,10729.0,280.2499712,8,7.749998933333333,True,0,7294.793,42.0
1876.1845566451993,1443.0,10795.0,253.2499712,8,6.749998933333333,True,0,7295.032999999999,42.0
1887.2858333333331,1340.767660113458,10846.463362922137,233.0,8,6.0,True,0,7295.213,42.0
1895.749951726732,1257.0,10884.0,218.9999744,8,6.0,True,0,7295.353,42.0
1896.9302777777775,1245.796718358148,10888.600072895268,217.0,8,6.0,True,0,7295.373,42.0
1910.5302777777777,1111.0,10930.0,204.0,7,5.0,True,0,7295.612999999999,42.0
1919.3302777777776,990.6467844422959,10945.76524475762,198.0,6,5.0,True,0,7295.773,42.0
1922.469198103938,953.0,10949.0,194.69998592,6,5.0,True,0,7295.833,42.0
1934.1266773026869,865.0,10949.0,181.49998592,6,5.0,True,0,7296.072999999999,42.0
1938.885833333333,821.5990848964292,10946.864346649,176.0,4,5.0,True,0,7296.173,42.0
1949.3520445505608,712.0,10937.0,171.41666133333334,4,5.0,True,0,7296.393,42.0
1950.2858333333331,703.3212327670853,10935.423676661858,171.0,4,5.0,True,0,7296.413,42.0
1953.9780677630233,669.0,10927.0,168.4193554306855,4,5.0,True,0,7296.4929999999995,42.0
1962.840833333333,554.9062525977373,10878.188474673418,162.0,4,5.0,True,0,7296.692,42.0
1970.4534801228983,462.0,10829.0,156.11749376,4,3.18999808,True,0,7296.873,42.0
1979.3963888888889,418.6385701591965,10798.007764195505,149.0,3,1.0,True,0,7297.092,42.0
1985.2034230464988,396.0,10771.0,148.29499904,3,5.9350067200000005,True,0,7297.233,42.0
1987.6186111111108,381.95027116658247,10754.118419191396,148.0,3,8.0,False,0,7297.2919999999995,42.0
1991.7119150982023,355.0,10720.0,147.0531232,3,19.3625216,False,0,7297.393,42.0
1998.0889742102288,318.0,10664.0,145.5625,3,37.25,False,0,7297.552,42.0
2000.5074999999997,305.9675720702404,10644.814700408047,145.0,3,44.0,False,0,7297.612,42.0
2011.9157903266173,254.0,10541.0,146.16666666666666,3,48.083333333333336,False,0,7297.892,42.0
2018.4704135933666,217.0,10435.0,146.83333333333334,3,50.416666666666664,False,0,7298.052,42.0
2020.1074999999998,210.31479345014537,10413.552615879242,147.0,3,51.0,False,0,7298.092,42.0
2029.9741666666664,198.52655783107997,10348.267568737994,148.0,3,50.0,False,0,7298.331999999999,42.0
2036.7556154679717,197.0,10303.0,151.42857142857142,3,62.57142857142857,False,0,7298.492,42.0
2041.9519444444443,193.32641929140675,10251.108750224288,154.0,3,72.0,False,0,7298.612,42.0
2043.7025431593229,192.0,10233.0,154.66666666666666,3,73.33333333333333,False,0,7298.652,42.0
2048.1164590100743,189.0,10189.0,156.33333333333334,3,76.66666666666667,False,0,7298.7519999999995,42.0
2052.485277777778,186.9619891509074,10146.696168670607,158.0,3,80.0,False,0,7298.852,42.0
2089.609406985346,127.0,9765.0,142.33333333333334,3,8.520833333333329,False,0,7299.7919999999995,42.0
2090.3519444444446,121.46266611992891,9754.722347341973,142.0,3,7.0,True,0,7299.812,42.0
2099.1884154875606,48.0,9636.0,134.63611306666667,3,6.330555733333333,True,0,7300.053,42.0
2103.4519444444445,24.044579871197577,9603.346229188553,131.0,3,6.0,True,0,7300.172,42.0
2110.4869444444444,-0.9985069501558979,9581.399711290554,126.0,3,6.0,True,0,7300.373,42.0
2113.2392000030814,-15.0,9570.0,124.85714285714286,3,5.714285714285714,True,0,7300.4529999999995,42.0
2119.9758333333334,-66.20581909295468,9529.442636123731,122.0,3,5.0,True,0,7300.653,42.0
2121.2894456920376,-81.0,9520.0,121.0,3,4.833333333333333,True,0,7300.693,42.0
2127.7091666666665,-171.62917203295962,9472.4473551994,116.0,3,4.0,False,0,7300.893,42.0
2128.341974548499,-179.0,9469.0,115.69999616,3,4.20000256,False,0,7300.913,42.0
2133.9869444444444,-218.5773880026755,9454.039529506148,113.0,3,6.0,True,0,7301.093,42.0
2138.964722222222,-244.0,9450.0,112.0,3,5.0,False,0,7301.253,42.0
2146.231388888889,-314.2432810695504,9440.805130079689,109.0,2,3.0,False,0,7301.4929999999995,42.0
2146.833390530076,-322.0,9441.0,108.8749984,2,3.2500032,False,0,7301.513,42.0
2151.031388888889,-384.69514275386854,9448.655795324179,108.0,2,5.0,False,0,7301.653,42.0
2154.5660031217626,-431.0,9458.0,106.8,2,11.0,False,0,7301.773,42.0
2156.9202777777778,-449.4828529871587,9462.975434150747,106.0,2,15.0,False,0,7301.853,42.0
2162.8853163918684,-475.0,9477.0,107.11111111111111,2,28.333333333333336,False,0,7302.053,42.0
2167.720277777778,-513.8870789028496,9500.314475474644,108.0,2,39.0,False,0,7302.213,42.0
2171.3744957596273,-546.0,9522.0,109.2,2,42.6,False,0,7302.333,42.0
2173.8313888888893,-565.1480373902016,9537.193934247425,110.0,2,45.0,False,0,7302.413,42.0
2178.1819943862956,-596.0,9566.0,111.7500032,2,47.6250048,False,0,7302.553,42.0
2178.809166666667,-600.3853590977317,9570.46504809142,112.0,2,48.0,False,0,7302.572999999999,42.0
2181.9669781750636,-622.0,9594.0,113.07143131428572,2,48.71428754285714,False,0,7302.673,42.0
2187.7536111111112,-656.9620760888619,9640.180717427942,115.0,2,50.0,False,0,7302.853,42.0
2190.374286502968,-671.0,9662.0,116.6,2,51.6,False,0,7302.933,42.0
2194.3647222222226,-690.4843988218068,9696.05521773461,119.0,2,54.0,False,0,7303.053,42.0
2199.1181467863917,-711.0,9738.0,121.80000512,2,58.90000896,False,0,7303.193,42.0
2201.1980555555556,-719.1254696765982,9756.78233874078,123.0,2,61.0,False,0,7303.253,42.0
2209.06698054338,-745.0,9830.0,128.52301750011247,2,61.0,False,0,7303.473,42.0
2209.7622222222226,-746.881086984475,9836.670837539781,129.0,2,61.0,False,0,7303.492,42.0
2216.5017190486983,-762.0,9901.0,133.0222264888889,2,67.03333973333334,False,0,7303.673,42.0
2223.4622222222224,-771.9653869961384,9967.486911011318,137.0,3,73.0,False,0,7303.852,42.0
2223.502174840464,-772.0,9968.0,137.0406224,3,73.0249984,False,0,7303.853,42.0
2233.420025797145,-774.0,10121.0,146.7906224,3,79.0249984,False,0,7304.093,42.0
2236.795555555556,-773.2985899894094,10151.449882760966,150.0,3,81.0,False,0,7304.172,42.0
2247.3501353075285,-767.0,10198.0,157.5,3,85.5,False,0,7304.411999999999,42.0
2251.017777777778,-762.6579443620815,10226.297272086562,160.0,3,87.0,False,0,7304.492,42.0
2261.5353536863886,-745.0,10331.0,170.21428571428572,3,90.92857142857143,False,0,7304.7119999999995,42.0
2264.473333333334,-739.0,10359.0,173.0,3,92.0,False,0,7304.772,42.0
2274.473333333334,-719.2910979740582,10439.72685764257,180.0,3,95.0,False,0,7304.972,42.0
2278.6459928870363,-706.0,10481.0,183.25,3,96.25,False,0,7305.052,42.0
2288.3633778255476,-664.0,10596.0,190.5625,3,99.0625,False,0,7305.232,42.0
2291.6288888888894,-653.5100427076759,10623.867318600867,193.0,4,100.0,False,0,7305.2919999999995,42.0
2300.3844444444453,-636.8274567917053,10666.275801502336,197.0,4,100.0,False,0,7305.452,42.0
2305.960567520384,-623.0,10698.0,200.0,4,100.0,False,0,7305.552,42.0
2311.6622222222227,-603.253892199605,10741.83588157953,203.0,5,100.0,False,0,7305.652,42.0
2325.9497090833015,-540.0,10876.0,213.28571428571428,5,100.0,False,0,7305.892,42.0
2328.384444444445,-529.1198696594486,10897.793090282634,215.0,5,100.0,False,0,7305.932,42.0
2338.237235569313,-485.0,10983.0,220.33333333333334,5,100.0,False,0,7306.092,42.0
2343.2511111111116,-462.2349554547104,11025.915275344903,223.0,5,100.0,False,0,7306.172,42.0
2350.896902254964,-427.0,11091.0,226.0,5,100.0,False,0,7306.2919999999995,42.0
2369.1400000000003,-339.3226991700007,11245.449541122487,233.0,5,100.0,False,0,7306.572,42.0
2369.2054493606065,-339.0,11246.0,233.01999872,5,100.0,False,0,7306.572999999999,42.0
2371.8247387256833,-326.0,11268.0,233.81999872,5,100.0,False,0,7306.612999999999,42.0
2382.3066666666673,-270.07146485500795,11355.412028733803,237.0,6,100.0,False,0,7306.772,42.0
2389.099083659769,-232.0,11411.0,239.93361631432134,6,100.0,False,0,7306.873,42.0
2398.6411111111115,-177.04348293311784,11488.063584245032,244.0,6,100.0,False,0,7307.013,42.0
2400.009108351813,-169.0,11499.0,244.3333376,6,100.0,False,0,7307.032999999999,42.0
2415.1744444444444,-77.35861036671183,11617.656131048316,248.0,6,100.0,False,0,7307.253,42.0
2417.9715074775277,-60.0,11639.0,249.0,6,100.0,False,0,7307.293,42.0
2432.1077777777778,30.377599616266036,11744.777272937583,254.0,6,100.0,False,0,7307.4929999999995,42.0
2436.3623669241306,59.0,11776.0,254.7500032,6,100.0,False,0,7307.553,42.0
2443.485555555556,108.44428319566273,11827.395745403033,256.0,6,100.0,False,0,7307.653,42.0
2449.246890057572,149.0,11868.0,257.6666666666667,6,100.0,False,0,7307.733,42.0
2460.8855555555556,231.54213697571578,11948.064722487634,261.0,6,100.0,False,0,7307.893,42.0
2462.3434738352926,242.0,11958.0,261.1666688,6,100.0,False,0,7307.913,42.0
2478.418888888889,360.0,12066.0,263.0,7,100.0,False,0,7308.133,42.0
2493.1411111111115,473.89407133584314,12159.248934970039,265.0,7,100.0,False,0,7308.333,42.0
2494.627740729676,485.0,12168.0,265.35000448,7,100.0,False,0,7308.353,42.0
2511.1844346347816,617.0,12265.0,269.2,7,100.0,False,0,7308.572999999999,42.0
2523.3633333333337,770.3289319218873,12361.374345035936,272.0,7,100.0,False,0,7308.733,42.0
2527.946268372032,821.0,12392.0,272.7500032,7,100.0,False,0,7308.793,42.0
2547.896666666667,935.7639597442909,12453.529323392233,276.0,7,100.0,False,0,7309.053,42.0
2557.145384087915,1014.0,12485.0,276.75,7,100.0,False,0,7309.173,42.0
2572.607777777778,1234.9776629367996,12571.794970290093,278.0,7,100.0,False,0,7309.373,42.0
2577.2556661296117,1288.0,12592.0,278.30000128,7,100.0,False,0,7309.433,42.0
2588.1077777777778,1353.4391942072766,12614.828019784029,279.0,7,100.0,False,0,7309.572999999999,42.0
2598.94845976876,1406.0,12629.0,279.0,7,100.0,False,0,7309.713,42.0
2609.807777777778,1509.8820502462092,12658.419991328945,279.0,7,100.0,False,0,7309.853,42.0
2612.919679457832,1541.0,12667.0,279.22284118590017,7,100.0,False,0,7309.893,42.0
2637.8297222222227,1774.0535964465269,12721.579025275476,281.0,7,100.0,False,0,7310.2119999999995,42.0
2641.029610597498,1814.0,12729.0,281.0,7,100.0,False,0,7310.253,42.0
2653.4408333333336,1994.0785727194555,12759.616232929,281.0,7,100.0,False,0,7310.411999999999,42.0
2656.648600746286,2034.0,12766.0,281.20499968,7,100.0,False,0,7310.4529999999995,42.0
2669.1075000000005,2136.2387964824843,12780.730158096798,282.0,7,100.0,False,0,7310.612,42.0
2680.071542772458,2208.0,12789.0,282.0,7,100.0,False,0,7310.7519999999995,42.0
2681.6408333333343,2220.3301038433838,12790.40160274474,282.0,7,100.0,False,0,7310.772,42.0
2698.979332679008,2396.0,12810.0,283.57142857142856,7,99.21428571428571,False,0,7310.992,42.0
2703.729722222223,2460.4350300473106,12817.036127313655,284.0,7,99.0,False,0,7311.052,42.0
2722.7963888888894,2740.923272296646,12847.195878472943,286.0,7,100.0,False,0,7311.2919999999995,42.0
2724.385525031142,2758.0,12849.0,286.0,7,100.0,False,0,7311.312,42.0
2745.040833333334,2878.47425839656,12861.028850804598,286.0,7,100.0,False,0,7311.572,42.0
2753.002928508852,2932.0,12866.0,286.5,7,99.5,False,0,7311.672,42.0
2760.9852777777787,3008.4903203674226,12873.162713174765,287.0,7,99.0,False,0,7311.772,42.0
2765.78801539755,3058.0,12878.0,287.375,7,99.1875,False,0,7311.831999999999,42.0
2781.853232263144,3217.0,12895.0,288.625,7,99.8125,False,0,7312.032,42.0
2786.6741666666676,3264.8636758634784,12900.234353297416,289.0,7,100.0,False,0,7312.092,42.0
2794.705507276466,3345.0,12909.0,289.0,7,100.0,False,0,7312.192,42.0
2812.363055555556,3520.1424382168607,12928.22526367636,289.0,7,100.0,False,0,7312.411999999999,42.0
2813.9679593622086,3536.0,12930.0,289.0,7,100.0,False,0,7312.432,42.0
2830.0220101863983,3695.0,12948.0,289.0,7,100.0,False,0,7312.632,42.0
2831.629722222223,3711.1671378161436,12949.794199680362,289.0,7,100.0,False,0,7312.652,42.0
2849.349462415054,3887.0,12969.0,289.9166666666667,7,100.0,False,0,7312.871999999999,42.0
2850.9630555555564,3901.666687640377,12970.642994981903,290.0,7,100.0,False,0,7312.892,42.0
2867.202327946666,4063.0,12990.0,290.55833315555554,7,99.44166684444444,False,0,7313.093,42.0
2880.0630555555563,4282.483831078237,13018.783805129895,291.0,7,99.0,False,0,7313.2519999999995,42.0
2884.9977085045066,4352.0,13028.0,291.0,7,99.19003178866677,False,0,7313.313,42.0
2906.010555555556,4463.265260531048,13042.797615348003,291.0,7,100.0,False,0,7313.572999999999,42.0
2909.2341028516284,4480.0,13045.0,290.8181818181818,7,99.9090909090909,False,0,7313.612999999999,42.0
2938.131273888506,4767.0,13081.0,289.1818181818182,7,99.0909090909091,False,0,7313.973,42.0
2941.3327777777786,4808.822343357397,13085.714726984128,289.0,7,99.0,False,0,7314.013,42.0
2955.7200666513772,5006.0,13105.0,287.9999985777778,7,99.50000071111111,False,0,7314.193,42.0
2970.0327777777784,5183.616692874926,13112.509614810026,287.0,7,100.0,False,0,7314.373,42.0
2982.656844110724,5310.0,13112.0,285.1818181818182,7,80.0,False,0,7314.532999999999,42.0
3004.499444444445,5445.85745712298,13100.135541917083,282.0,7,45.0,False,0,7314.813,42.0
3015.2799541635577,5540.0,13075.0,277.624992,7,30.124972800000002,False,0,7314.9529999999995,42.0
3016.8105555555558,5557.209327060038,13069.877168734733,277.0,7,28.0,False,0,7314.973,42.0
3033.4772935601204,5771.0,13001.0,273.071424,7,39.0000128,False,0,7315.193,42.0
3037.9661111111113,5812.3382753685755,12986.636561268404,272.0,7,42.0,False,0,7315.253,42.0
3061.5404945327878,5968.0,12897.0,265.77777777777777,7,66.88888888888889,False,0,7315.572999999999,42.0
3064.4661111111113,6004.087269693755,12870.376465489486,265.0,6,70.0,False,0,7315.612999999999,42.0
3074.689021341503,6145.0,12764.0,263.8333312,6,77.0000128,False,0,7315.753,42.0
3081.9994444444446,6213.541593960018,12711.596678005943,263.0,6,82.0,False,0,7315.853,42.0
3105.5550000000003,6300.132065428298,12617.348571344855,265.0,6,92.0,False,0,7316.173,42.0
3110.0045618348054,6327.0,12577.0,265.50000213333334,6,93.00000426666666,False,0,7316.233,42.0
3124.9153992508172,6446.0,12388.0,267.1666688,6,96.3333376,False,0,7316.433,42.0
3141.421666666667,6533.494287371069,12203.417683742397,269.0,6,100.0,False,0,7316.653,42.0
3150.461054284564,6564.0,12126.0,270.0027853365508,6,100.0,False,0,7316.773,42.0
3168.5461111111113,6602.2206341974625,12023.735031855042,272.0,7,100.0,False,0,7317.012,42.0
3180.7953959065053,6629.0,11939.0,273.60999936,7,100.0,False,0,7317.173,42.0
3183.768333333334,6637.225041171285,11911.628076723493,274.0,7,100.0,False,0,7317.2119999999995,42.0
3205.1696285633275,6705.0,11674.0,275.27272727272725,7,100.0,False,0,7317.492,42.0
3217.501666666667,6732.124337255962,11567.436255171691,276.0,7,100.0,False,0,7317.652,42.0
3229.9345977476423,6756.0,11465.0,278.6666666666667,7,100.0,False,0,7317.812,42.0
3236.168333333334,6769.66056194079,11405.591048880415,280.0,7,100.0,False,0,7317.892,42.0
3243.9645169438363,6787.0,11329.0,280.27777777777777,7,100.0,False,0,7317.992,42.0
3262.703720351718,6825.0,11146.0,280.94444444444446,7,100.0,False,0,7318.232,42.0
3264.268333333334,6828.498227334752,11126.938247562319,281.0,7,100.0,False,0,7318.2519999999995,42.0
3279.935000000001,6865.704569083717,10908.388670276767,282.0,7,100.0,False,0,7318.452,42.0
3283.0691583575735,6872.0,10870.0,282.0,7,100.0,False,0,7318.492,42.0
3292.4683333333337,6887.136113089784,10775.684126530059,282.0,7,100.0,False,0,7318.612,42.0
3305.0016666666675,6899.300944990579,10692.942090653267,282.0,7,100.0,False,0,7318.772,42.0
3319.232123590366,6915.0,10559.0,283.6875,7,100.0,False,0,7318.952,42.0
3330.335000000001,6930.972853429442,10408.833207444262,285.0,7,100.0,False,0,7319.092,42.0
3333.502941717715,6935.0,10370.0,285.0,7,100.0,False,0,7319.132,42.0
3349.3350000000005,6947.931602052933,10239.03608543161,285.0,7,100.0,False,0,7319.331999999999,42.0
3358.8617132212494,6954.0,10165.0,285.6,7,100.0,False,0,7319.452,42.0
3365.2238888888896,6958.539062367228,10104.000091538372,286.0,7,100.0,False,0,7319.532,42.0
3371.6729451888286,6963.0,10038.0,286.22499982222223,7,100.0,False,0,7319.612999999999,42.0
3389.2176378519716,6972.0,9863.0,286.83611164444443,7,100.0,False,0,7319.833,42.0
3393.9238888888895,6973.917054742362,9816.098797801398,287.0,7,100.0,False,0,7319.892,42.0
3413.136944444445,6980.0,9624.0,287.0,7,99.0,False,0,7320.133,42.0
3432.2036111111115,6984.0,9434.0,286.0,7,100.0,False,0,7320.373,42.0
3448.0369444444445,6988.4646625981795,9275.030781119289,285.0,7,99.0,False,0,7320.572999999999,42.0
3449.620494713715,6989.0,9259.0,285.0,7,99.1250016,False,0,7320.593,42.0
3460.7036111111115,6993.217111202665,9146.314216519486,285.0,7,100.0,False,0,7320.733,42.0
3467.022560874647,6996.0,9086.0,284.6,7,99.6,False,0,7320.813,42.0
3476.481388888889,7000.92777540417,9003.261868044643,284.0,7,99.0,False,0,7320.933,42.0
3478.0561176529654,7002.0,8989.0,283.9166656,7,99.0,False,0,7320.9529999999995,42.0
3495.3480555555557,7019.168049335425,8817.96360956824,283.0,7,99.0,False,0,7321.173,42.0
3496.917894271965,7021.0,8803.0,282.9285705142857,7,99.07142948571429,False,0,7321.193,42.0
3512.5932883123064,7045.0,8647.0,282.2142848,7,99.7857152,False,0,7321.393,42.0
3517.281388888889,7058.021364121876,8579.440699110457,282.0,7,100.0,False,0,7321.4529999999995,42.0
3529.743389734256,7098.0,8386.0,281.1111111111111,7,100.0,False,0,7321.612999999999,42.0
3545.281388888889,7120.408830450598,8286.529438824831,280.0,7,100.0,False,0,7321.813,42.0
3556.165154344522,7140.0,8220.0,280.0,7,99.64999936,False,0,7321.9529999999995,42.0
3576.3925,7215.319649188075,7971.685199323478,280.0,7,99.0,False,0,7322.213,42.0
3579.5058070450614,7226.0,7938.0,280.0,7,99.25,False,0,7322.253,42.0
3588.8369444444447,7252.402023058995,7858.837437908628,280.0,7,100.0,False,0,7322.373,42.0
3605.836607057664,7295.0,7749.0,278.4285696,7,99.2142848,False,0,7322.593,42.0
3610.459166666667,7310.697838038257,7710.31615003739,278.0,7,99.0,False,0,7322.653,42.0
3625.847268856174,7371.0,7562.0,277.2857142857143,7,99.71428571428571,False,0,7322.853,42.0
3632.003611111111,7394.0137270611085,7503.127525270944,277.0,7,100.0,False,0,7322.933,42.0
3638.1640024163207,7416.0,7446.0,277.0,7,100.0,False,0,7323.013,42.0
3650.4702777777775,7457.005098334694,7337.355942225229,277.0,7,100.0,False,0,7323.173,42.0
3656.595430634195,7477.0,7273.0,276.3333333333333,7,100.0,False,0,7323.253,42.0
3671.819749974025,7523.0,7083.0,274.6666666666667,7,100.0,False,0,7323.4529999999995,42.0
3677.8702777777776,7533.56016592048,7030.24617650278,274.0,7,100.0,False,0,7323.532999999999,42.0
3694.394574692719,7539.0,6924.0,271.2413766537677,7,100.0,False,0,7323.753,42.0
3701.7952777777778,7533.968039728599,6846.612459544469,270.0,7,100.0,False,0,7323.852,42.0
3719.6781962094824,7509.0,6621.0,268.6666666666667,7,100.0,False,0,7324.092,42.0
3728.595277777778,7494.465022036253,6534.8837152659835,268.0,7,100.0,False,0,7324.2119999999995,42.0
3749.3559565646797,7454.0,6371.0,267.3,7,100.0,False,0,7324.492,42.0
3758.2619444444445,7432.182588338023,6285.883170686498,267.0,7,100.0,False,0,7324.612,42.0
3764.2078531657744,7417.0,6227.0,267.1666666666667,7,92.33333333333333,False,0,7324.692,42.0
3770.1606286616257,7402.0,6169.0,267.3333333333333,7,84.66666666666667,False,0,7324.772,42.0
3793.995277777778,7352.016603764268,5942.521551639664,268.0,7,54.0,False,0,7325.092,42.0
3795.4835779201167,7349.0,5924.0,267.8,7,53.2,False,0,7325.112,42.0
3807.3212139129228,7326.0,5765.0,266.2,7,46.8,False,0,7325.272,42.0
3808.7730555555554,7323.767978605639,5749.150353286607,266.0,7,46.0,True,0,7325.2919999999995,42.0
3828.3671805716854,7316.0,5598.0,254.33333333333334,7,29.666666666666668,True,0,7325.572,42.0
3833.8730555555553,7324.575165217755,5526.047947476321,251.0,6,25.0,True,0,7325.652,42.0
3844.8508333333334,7351.803293762993,5354.111743265231,247.0,6,31.0,False,0,7325.812,42.0
3847.562832208593,7358.0,5321.0,246.0,6,32.166666666666664,False,0,7325.852,42.0
3860.9174999999996,7382.454282077991,5231.3640801507445,241.0,6,38.0,False,0,7326.052,42.0
3872.8196595808076,7415.0,5170.0,238.171872,6,42.5250048,False,0,7326.233,42.0
3881.895277777777,7457.110879881261,5086.906353259424,236.0,6,46.0,False,0,7326.371999999999,42.0
3883.264215462794,7464.0,5074.0,235.80373648423407,6,46.0,False,0,7326.393,42.0
3894.9685522060395,7525.0,4969.0,234.12149555070317,6,46.0,False,0,7326.572999999999,42.0
3902.671111111111,7567.546099047121,4898.81154598435,233.0,6,46.0,True,0,7326.693,42.0
3907.742364712885,7594.0,4855.0,230.2,6,31.6,True,0,7326.773,42.0
3915.226666666666,7627.810162803258,4797.792504839628,226.0,6,10.0,True,0,7326.893,42.0
3927.2822222222217,7676.0,4709.0,217.0,6,10.0,True,0,7327.093,42.0
3940.0212855683503,7730.0,4591.0,209.92856319999999,6,10.0,True,0,7327.313,42.0
3943.4599999999996,7742.252875669825,4558.705768455096,208.0,5,10.0,True,0,7327.373,42.0
3952.618597488036,7768.0,4473.0,206.85714285714286,5,10.0,True,0,7327.532999999999,42.0
3959.482222222222,7780.625201387911,4406.428308556942,206.0,5,10.0,False,0,7327.653,42.0
3962.913743446914,7785.0,4373.0,206.0,5,10.0,False,0,7327.713,42.0
3973.210050007367,7790.0,4273.0,206.0,5,10.0,False,0,7327.893,42.0
3977.7933333333326,7786.8167143509745,4227.3043431587175,206.0,5,10.0,False,0,7327.973,42.0
3986.9713338927854,7773.0,4137.0,206.0,5,10.0,False,0,7328.133,42.0
3991.526666666666,7764.914368564345,4095.572748178057,206.0,5,10.0,False,0,7328.213,42.0
4000.519360040391,7737.0,4003.0,203.33333333333334,5,8.666666666666666,False,0,7328.373,42.0
4011.526666666666,7660.850774345081,3834.5038490139773,200.0,5,7.0,False,0,7328.572999999999,42.0
4013.6950025793194,7649.0,3810.0,198.75,5,23.75,False,0,7328.612999999999,42.0
4020.193333333333,7629.101590505397,3771.137228271473,195.0,5,74.0,False,0,7328.733,42.0
4029.092444603791,7609.0,3744.0,199.0,5,76.0,False,0,7328.893,42.0
4033.593333333333,7585.428253694017,3710.6322278989487,201.0,5,77.0,False,0,7328.973,42.0
4038.103940245471,7557.0,3672.0,201.66666666666666,5,77.66666666666667,False,0,7329.053,42.0
4047.1266666666666,7498.607325231543,3603.835712572075,203.0,5,79.0,False,0,7329.213,42.0
4053.8570273224204,7451.0,3558.0,203.0,5,80.5,False,0,7329.333,42.0
4060.6599999999994,7398.4477097790195,3514.879353691469,203.0,5,82.0,False,0,7329.4529999999995,42.0
4071.1994281063653,7312.0,3455.0,208.40000768,5,90.10001152,False,0,7329.633,42.0
4082.0909275681706,7220.0,3401.0,213.8,5,98.2,False,0,7329.813,42.0
4084.5488888888885,7199.451486125612,3390.227449362551,215.0,5,100.0,False,0,7329.853,42.0
4088.2613819895514,7166.0,3373.0,216.83334115555556,5,99.83333262222222,False,0,7329.913,42.0
4107.148888888889,6928.911215013631,3242.0355811724803,226.0,5,99.0,False,0,7330.213,42.0
4108.412728597898,6917.0,3235.0,226.21505646679708,5,99.07168548893236,False,0,7330.233,42.0
4124.896388888888,6838.401235779122,3178.921344519516,229.0,5,100.0,False,0,7330.492,42.0
4131.435621227542,6806.0,3149.0,232.125,5,100.0,False,0,7330.592,42.0
4143.447572260568,6718.0,3067.0,237.75,5,100.0,False,0,7330.772,42.0
4146.140833333332,6698.27922891436,3047.680248613566,239.0,6,100.0,False,0,7330.812,42.0
4158.359096403333,6614.0,2960.0,243.5,6,100.0,False,0,7330.992,42.0
4162.474166666666,6586.100997957921,2929.5796568063633,245.0,6,100.0,False,0,7331.052,42.0
4169.3837939611,6540.0,2878.0,246.36363636363637,6,100.0,False,0,7331.152,42.0
4186.167479174693,6434.0,2751.0,249.63636363636363,6,100.0,False,0,7331.392,42.0
4193.151944444444,6390.234223514518,2691.436674166157,251.0,6,100.0,False,0,7331.492,42.0
4198.7251535739215,6361.0,2650.0,251.0,6,100.0,False,0,7331.572,42.0
4204.307499999999,6341.141391647875,2621.151000769424,251.0,6,100.0,False,0,7331.652,42.0
4221.225283530269,6309.0,2569.0,253.25,6,100.0,False,0,7331.892,42.0
4226.885277777777,6290.619780340129,2539.0891346477724,254.0,6,100.0,False,0,7331.972,42.0
4242.43256548868,6221.0,2424.0,254.0,6,100.0,False,0,7332.192,42.0
4246.640833333333,6200.135775499242,2387.8454395190347,254.0,6,100.0,False,0,7332.2519999999995,42.0
4263.468309907222,6118.0,2239.0,254.0,6,100.0,False,0,7332.492,42.0
4266.3963888888875,6106.664920886323,2217.5109920800314,254.0,6,100.0,False,0,7332.532,42.0
4278.529722222222,6051.0,2107.0,273.0,6,100.0,False,0,7332.692,42.0
4289.2847470846145,5956.0,1914.0,274.41000192,6,100.0,False,0,7332.833,42.0
4293.807499999998,5927.832642170586,1856.708762691067,275.0,7,100.0,False,0,7332.892,42.0
4309.307499999998,5898.353036710419,1796.693311226934,279.0,7,100.0,False,0,7333.092,42.0
4317.205568421984,5881.0,1761.0,280.8819919034005,7,100.0,False,0,7333.193,42.0
4321.919166666665,5864.9038121966605,1727.8659985140316,282.0,7,100.0,False,0,7333.253,42.0
4336.155938997011,5801.0,1596.0,284.2500032,7,100.0,False,0,7333.433,42.0
4340.919166666666,5780.483088606471,1553.4091926237418,285.0,7,100.0,False,0,7333.4929999999995,42.0
4360.021933190037,5698.0,1381.0,286.3333333333333,7,100.0,False,0,7333.733,42.0
4369.6191666666655,5646.6393462177575,1273.43408156924,287.0,7,100.0,False,0,7333.853,42.0
4377.645540638207,5592.0,1159.0,287.9375024,7,100.0,False,0,7333.9529999999995,42.0
4395.396944444443,5440.535932415512,841.9345020313056,290.0,7,100.0,False,0,7334.173,42.0
4397.017287655221,5431.0,822.0,290.21428845714286,7,100.0,False,0,7334.193,42.0
4414.915525794044,5382.0,720.0,292.57142857142856,7,100.0,False,0,7334.413,42.0
4418.185833333332,5372.897521005733,701.0418282441772,293.0,7,100.0,False,0,7334.4529999999995,42.0
4441.2020778157075,5269.0,485.0,295.3333333333333,7,100.0,False,0,7334.733,42.0
4447.785833333332,5225.1081363035655,394.4547429850692,296.0,7,100.0,False,0,7334.813,42.0
4460.941388888888,5133.703335133856,206.37021495083755,296.0,7,100.0,False,0,7334.973,42.0
4464.229479513803,5118.0,174.0,296.0,7,100.0,False,0,7335.013,42.0
4480.674722222222,5084.262375640171,103.8263049238949,296.0,8,100.0,False,0,7335.213,42.0
4487.260860408735,5068.0,70.0,296.1818181818182,8,100.0,False,0,7335.293,42.0
4515.319847074488,4925.0,-226.0,296.95454603636364,8,100.0,False,0,7335.633,42.0
4516.974722222222,4917.840995465412,-240.9010136147193,297.0,8,100.0,False,0,7335.653,42.0
4530.219166666667,4873.851818764874,-333.13703114706294,298.0,8,100.0,False,0,7335.813,42.0
4543.419166666667,4825.0,-435.0,297.0,8,100.0,False,0,7335.973,42.0
4563.285833333334,4710.303168270824,-671.2557041456449,298.0,8,100.0,False,0,7336.213,42.0
4566.60450572751,4693.0,-707.0,298.1,8,100.0,False,0,7336.253,42.0
4596.508055555556,4579.0,-944.0,299.0,8,100.0,False,0,7336.612999999999,42.0
4606.449613945051,4535.0,-1034.0,298.625,8,100.0,False,0,7336.733,42.0
4621.341990583149,4470.0,-1168.0,298.0624992,8,100.0,False,0,7336.913,42.0
4622.996944444445,4462.7661624498105,-1182.8647596920925,298.0,8,100.0,False,0,7336.933,42.0
4644.435477378908,4368.0,-1376.0,298.0,8,100.0,False,0,7337.192,42.0
4652.714166666667,4331.418256713017,-1450.0627800008879,298.0,8,100.0,False,0,7337.2919999999995,42.0
4664.304362140798,4280.0,-1554.0,298.0,8,100.0,False,0,7337.432,42.0
4684.170251168225,4192.0,-1732.0,298.0,8,100.0,False,0,7337.672,42.0
4685.825277777778,4185.102018127014,-1745.905051234116,298.0,8,100.0,False,0,7337.692,42.0
4700.720170619739,4118.0,-1880.0,298.0,8,100.0,False,0,7337.871999999999,42.0
4705.691944444444,4086.058399165395,-1942.9779223847754,298.0,8,100.0,False,0,7337.932,42.0
4720.638504370979,3982.0,-2147.0,298.6405695409126,8,100.0,False,0,7338.112,42.0
4729.030555555555,3949.124697701497,-2211.3812730100194,299.0,8,100.0,False,0,7338.213,42.0
4745.558611111111,3914.4283109618423,-2278.5796094625734,299.0,8,100.0,False,0,7338.412,42.0
4747.220183875373,3909.0,-2289.0,299.0,8,100.0,False,0,7338.432,42.0
4758.847499999999,3858.7213387230713,-2385.286503104968,299.0,8,100.0,False,0,7338.572,42.0
4765.4758075933905,3826.0,-2448.0,298.7142857142857,8,100.0,False,0,7338.652,42.0
4780.367933792429,3753.0,-2588.0,298.07142857142856,8,100.0,False,0,7338.831999999999,42.0
4782.025277777777,3745.1826472277057,-2602.8844066378756,298.0,8,100.0,False,0,7338.852,42.0
4795.308292302228,3683.0,-2720.0,298.57142857142856,8,100.0,False,0,7339.012,42.0
4805.280833333332,3630.696232556273,-2816.7349972495995,299.0,8,100.0,False,0,7339.132,42.0
4823.637977954043,3532.0,-2996.0,299.0,8,100.0,False,0,7339.353,42.0
4831.85861111111,3494.849465482119,-3062.0588365546873,299.0,7,100.0,False,0,7339.452,42.0
4850.205285876163,3416.0,-3197.0,298.49886570505083,7,100.0,False,0,7339.673,42.0
4863.4315403026685,3347.0,-3310.0,298.1360538610146,7,100.0,False,0,7339.833,42.0
4868.36361111111,3322.1812528615646,-3350.2135975547635,298.0,7,100.0,False,0,7339.893,42.0
4886.195545634817,3221.0,-3501.0,291.58332586666666,7,42.2499328,False,0,7340.112999999999,42.0
4887.76361111111,3208.293077053441,-3517.7838878689,291.0,7,37.0,True,0,7340.133,42.0
4904.262640008371,3056.0,-3707.0,270.8333098666667,7,17.7499776,True,0,7340.353,42.0
4905.696944444444,3046.8519121931217,-3718.1736896033763,269.0,7,16.0,True,0,7340.373,42.0
4922.091328970788,2977.0,-3791.0,252.8,7,15.4,True,0,7340.612999999999,42.0
4932.585833333333,2862.3250445301333,-3882.9802212357204,242.0,7,15.0,True,0,7340.773,42.0
4941.677067213754,2747.0,-3967.0,235.69998848,7,15.0,True,0,7340.913,42.0
4945.530277777777,2704.594974767979,-3994.0160800568365,233.0,6,15.0,True,0,7340.973,42.0
4963.1080555555545,2559.756639312957,-4056.7034368222485,226.0,6,17.0,False,0,7341.253,42.0
4970.462444994226,2518.0,-4071.0,223.0,6,19.0,False,0,7341.373,42.0
4977.7747222222215,2486.813874168225,-4082.637526563447,220.0,5,21.0,False,0,7341.4929999999995,42.0
4987.508055555555,2438.428940926104,-4095.0729553929464,219.0,5,30.0,False,0,7341.653,42.0
4989.900807662246,2417.0,-4098.0,217.83333333333334,5,31.666666666666668,False,0,7341.693,42.0
5001.641388888888,2253.1172094700637,-4111.268915642486,212.0,5,40.0,False,0,7341.893,42.0
5008.647450313997,2152.0,-4112.0,210.5,5,43.75,False,0,7342.013,42.0
5010.974722222221,2122.841784149424,-4110.31662483642,210.0,5,45.0,False,0,7342.053,42.0
5029.46361111111,1956.3810829557865,-4070.8842594280736,208.0,5,59.0,False,0,7342.373,42.0
5030.621711699725,1948.0,-4068.0,208.10000128,5,60.30001664,False,0,7342.393,42.0
5041.074722222222,1879.4032560890864,-4042.066926465798,209.0,5,72.0,False,0,7342.572999999999,42.0
5053.902088795751,1798.0,-4004.0,209.91666773333333,5,79.33334186666667,False,0,7342.793,42.0
5055.074722222222,1789.8121623741426,-3999.77678891593,210.0,5,80.0,False,0,7342.813,42.0
5069.2534760170265,1669.0,-3923.0,211.63636363636363,5,90.9090909090909,False,0,7343.053,42.0
5081.1080555555545,1519.3229025535077,-3792.399773549172,213.0,5,100.0,False,0,7343.253,42.0
5082.2906849627,1509.0,-3783.0,213.0,5,100.0,False,0,7343.273,42.0
5097.674722222221,1460.0,-3731.0,213.0,5,100.0,False,0,7343.532999999999,42.0
5110.872329880558,1377.0,-3628.0,215.7500032,5,100.0,False,0,7343.753,42.0
5112.074722222221,1369.4068081008973,-3617.739731715757,216.0,5,100.0,False,0,7343.773,42.0
5122.855503343094,1309.0,-3528.0,216.8994975197596,5,100.0,False,0,7343.952,42.0
5124.07,1302.7940861603702,-3518.146969654271,217.0,5,100.0,False,0,7343.972,42.0
5175.88044333887,1060.0,-3074.0,226.02,5,99.18,False,0,7344.7919999999995,42.0
5187.403333333333,973.4974322884784,-2929.3075408770464,228.0,5,99.0,False,0,7344.972,42.0
5195.073171725444,916.0,-2838.0,229.2,5,99.0,False,0,7345.092,42.0
5200.18111111111,880.7603435421938,-2784.944516139826,230.0,6,99.0,False,0,7345.172,42.0
5210.403333333333,817.9343024955916,-2697.3378172082907,230.0,6,99.0,False,0,7345.331999999999,42.0
5219.440789673734,774.0,-2638.0,231.75,6,99.0,False,0,7345.472,42.0
5225.936666666666,749.4888491720126,-2604.895648061698,233.0,6,99.0,False,0,7345.572,42.0
5242.906834119593,689.0,-2523.0,234.85714285714286,6,99.0,False,0,7345.831999999999,42.0
5244.214444444444,682.2368372152936,-2513.818533975007,235.0,6,99.0,False,0,7345.852,42.0
5254.746609544415,619.0,-2428.0,235.57499977142857,6,99.0,False,0,7346.013,42.0
5262.57,572.2339430422578,-2364.869842513144,236.0,6,99.0,False,0,7346.132,42.0
5270.580664986477,525.0,-2301.0,237.00623660789842,6,99.0,False,0,7346.253,42.0
5285.270452007837,436.0,-2180.0,238.8357608097478,6,99.0,False,0,7346.473,42.0
5294.636666666666,375.8372991788653,-2100.1061173306703,240.0,6,99.0,False,0,7346.612999999999,42.0
5297.312861124387,359.0,-2078.0,240.0909090909091,6,99.0,False,0,7346.653,42.0
5322.751371386301,202.0,-1879.0,240.95454603636364,6,99.0,False,0,7347.032999999999,42.0
5324.092222222222,192.07340306656414,-1866.9500252041241,241.0,6,99.0,False,0,7347.053,42.0
5337.495436649564,90.0,-1745.0,241.0,6,99.0,False,0,7347.253,42.0
5340.158888888889,73.71994096727491,-1725.768674601376,241.0,6,99.0,False,0,7347.293,42.0
5352.0597089467865,12.0,-1654.0,238.29999616,6,99.0,False,0,7347.473,42.0
5353.381111111112,4.193715778833619,-1645.0523974749567,238.0,6,99.0,False,0,7347.4929999999995,42.0
5374.249015653847,-145.0,-1476.0,233.55555555555554,6,96.33333333333333,False,0,7347.813,42.0
5376.681111111112,-162.69274746927493,-1455.9913307462614,233.0,6,96.0,True,0,7347.853,42.0
5385.855026568683,-229.0,-1381.0,217.0,6,54.666666666666664,True,0,7348.013,42.0
5396.381111111112,-306.0,-1294.0,197.0,6,3.0,True,0,7348.213,42.0
5404.336666666667,-362.0,-1231.0,179.0,6,1.0,True,0,7348.373,42.0
5411.8289690378715,-415.0,-1174.0,171.0,6,0.4285714285714286,True,0,7348.532999999999,42.0
5417.17,-449.23083169172816,-1136.6319846011777,165.0,6,0.0,True,0,7348.653,42.0
5423.126755514066,-494.0,-1092.0,158.437488,6,0.0,True,0,7348.793,42.0
5430.503333333333,-577.7728654398823,-1022.3652060128401,150.0,5,0.0,True,0,7348.973,42.0
5432.938462616273,-606.0,-1002.0,149.2499968,5,0.0,True,0,7349.032999999999,42.0
5443.481111111111,-708.9136615070321,-947.0200825178581,146.0,3,0.0,True,0,7349.293,42.0
5446.797636229055,-732.0,-937.0,146.0,3,0.0,True,0,7349.373,42.0
5451.5922222222225,-757.9390508968332,-926.0614031025143,146.0,3,0.0,True,0,7349.4929999999995,42.0
5461.6438540707595,-825.0,-915.0,115.77777777777777,3,0.0,True,0,7349.813,42.0
5462.792222222222,-841.4471711124123,-914.4704849565414,112.0,2,0.0,True,0,7349.853,42.0
5469.014964822016,-946.0,-914.0,106.4999936,2,0.0,True,0,7350.072999999999,42.0
5475.136666666666,-992.7703847543036,-916.4445993504344,101.0,2,0.0,False,0,7350.293,42.0
5481.737879137706,-1031.0,-934.0,100.4555807991864,2,21.776768032544066,False,0,7350.532,42.0
5487.331111111111,-1101.0,-968.0,100.0,2,40.0,False,0,7350.732,42.0
5496.575555555555,-1177.419581221305,-1021.8462345698376,104.0,2,44.0,False,0,7351.052,42.0
5498.933962974259,-1192.0,-1034.0,105.6,2,48.8,False,0,7351.132,42.0
5502.575555555555,-1212.3989905931605,-1051.118423014539,108.0,2,56.0,False,0,7351.2519999999995,42.0
5507.124696981181,-1241.0,-1073.0,113.83333333333333,2,63.583333333333336,False,0,7351.392,42.0
5510.442222222222,-1269.917260629188,-1092.6103667691877,118.0,2,69.0,False,0,7351.492,42.0
5518.308888888889,-1351.4325102020223,-1142.0562960690938,118.0,2,0.0,False,0,7351.732,42.0
5518.961956138859,-1357.0,-1145.0,117.875,2,0.0,False,0,7351.7519999999995,42.0
5523.508888888889,-1389.1817253764543,-1159.531108403298,117.0,3,0.0,False,0,7351.892,42.0
5528.575555555555,-1429.0,-1167.0,114.0,3,5.0,False,0,7352.052,42.0
5537.364444444444,-1539.0,-1168.0,113.0,3,34.0,False,0,7352.331999999999,42.0
5545.0311111111105,-1595.5557123089798,-1157.1895838652763,115.0,3,34.0,False,0,7352.572,42.0
5547.630702889363,-1615.0,-1151.0,115.40499968,3,38.0499968,False,0,7352.653,42.0
5551.475555555555,-1649.6281686273528,-1139.5143123594078,116.0,3,44.0,False,0,7352.772,42.0
5556.1129326821465,-1695.0,-1123.0,117.75518957814162,3,45.75518957814163,False,0,7352.913,42.0
5559.441944444444,-1726.218349323985,-1109.9733409390515,119.0,3,47.0,False,0,7353.013,42.0
5563.468871370907,-1762.0,-1093.0,120.5,3,50.75,False,0,7353.133,42.0
5570.375277777777,-1820.0,-1058.0,123.0,3,57.0,False,0,7353.333,42.0
5579.263841765505,-1907.0,-987.0,130.0909090909091,3,64.0909090909091,False,0,7353.572999999999,42.0
5586.9974999999995,-1946.4833514514614,-946.9828498351976,136.0,3,70.0,False,0,7353.773,42.0
5591.712681028041,-1968.0,-921.0,138.66666666666666,3,73.33333333333333,False,0,7353.893,42.0
5601.397499999999,-2028.0,-847.0,144.0,3,80.0,False,0,7354.133,42.0
5612.491878790146,-2094.0,-762.0,153.28572342857143,3,84.64286171428571,False,0,7354.393,42.0
5613.375277777777,-2098.873729975618,-755.3708299491361,154.0,3,85.0,False,0,7354.413,42.0
5622.455920247409,-2147.0,-683.0,161.85714285714286,3,87.85714285714286,False,0,7354.612999999999,42.0
5626.20861111111,-2167.214433537434,-645.4727539432391,165.0,3,89.0,False,0,7354.693,42.0
5632.937128721889,-2202.0,-572.0,169.8125088,3,89.0,False,0,7354.833,42.0
5641.853055555555,-2239.047871958165,-479.3681900846755,176.0,4,89.0,False,0,7355.013,42.0
5651.032671060003,-2268.0,-383.0,183.20001024,4,90.80000256,False,0,7355.193,42.0
5652.075277777778,-2270.766074290441,-371.6650320606344,184.0,4,91.0,False,0,7355.213,42.0
5660.564166666667,-2289.6492768031,-276.4657628711156,191.0,4,90.0,False,0,7355.373,42.0
5669.186388888889,-2302.848653427465,-181.8594106768224,194.0,4,91.0,False,0,7355.532999999999,42.0
5677.087972856943,-2310.0,-126.0,200.4166784,4,92.1666688,False,0,7355.673,42.0
5682.853055555555,-2312.610407822617,-103.0367345593841,205.0,5,93.0,False,0,7355.773,42.0
5689.810634364028,-2313.0,-69.0,207.5,5,93.5,False,0,7355.893,42.0
5696.853055555556,-2310.403144816989,4.273121923467777,210.0,5,94.0,False,0,7356.013,42.0
5710.094409019309,-2300.0,177.0,216.41667413333334,5,99.5000064,False,0,7356.233,42.0
5711.3197222222225,-2298.891051996215,189.14156670286184,217.0,5,100.0,False,0,7356.253,42.0
5728.8197222222225,-2276.224393692872,312.97861196123927,225.0,5,100.0,False,0,7356.532999999999,42.0
5731.359777943497,-2270.0,334.0,225.85714285714286,5,100.0,False,0,7356.572999999999,42.0
5746.78638888889,-2214.0326741770123,495.8300211834928,231.0,5,100.0,False,0,7356.813,42.0
5752.001324675881,-2192.0,548.0,233.0,5,100.0,False,0,7356.893,42.0
5755.924168485862,-2175.0,584.0,234.5000064,5,100.0,False,0,7356.9529999999995,42.0
5757.230833333334,-2169.14406998253,595.9017967087728,235.0,6,100.0,False,0,7356.973,42.0
5768.913580580916,-2113.0,701.0,235.63928594285716,6,100.0,False,0,7357.152,42.0
5775.58638888889,-2080.1751332294007,755.4453338067171,236.0,6,100.0,False,0,7357.253,42.0
5784.938772688539,-2033.0,827.0,240.6527205616146,6,100.0,False,0,7357.392,42.0
5791.785277777779,-1996.6081153154596,879.097526439667,244.0,6,100.0,False,0,7357.492,42.0
5798.728803845736,-1958.0,933.0,246.27272727272728,6,100.0,False,0,7357.592,42.0
5811.454328885847,-1883.0,1037.0,250.36363636363637,6,100.0,False,0,7357.772,42.0
5822.829722222224,-1812.5165870190287,1133.6593150320473,254.0,6,100.0,False,0,7357.932,42.0
5828.518213704212,-1776.0,1183.0,254.8,6,99.6,False,0,7358.012,42.0
5829.655954598903,-1768.591461566938,1192.9369051164156,254.96,6,99.52,False,0,7358.028,42.0
0.027065079657225155,-1767.281026482631,1194.6494063712146,254.96,6,99.52,False,0,7358.028,43.0
7.448888888888892,-1712.9042990080218,1266.797318197417,256.0,6,99.0,False,0,7358.1320000000005,43.0
21.893333333333334,-1619.527601898558,1388.1273356057911,260.0,6,100.0,False,0,7358.332,43.0
23.353345452054416,-1611.0,1399.0,260.42857142857144,6,100.0,False,0,7358.352,43.0
42.58222222222222,-1510.0,1525.0,266.0,7,100.0,False,0,7358.612,43.0
54.58222222222222,-1448.3064960422464,1601.802527276627,270.0,7,100.0,False,0,7358.772,43.0
68.18928410062134,-1354.0,1725.0,271.92857142857144,7,100.0,False,0,7358.952,43.0
75.81555555555556,-1278.4840991200822,1827.5687218944825,273.0,7,100.0,False,0,7359.052000000001,43.0
82.03484156341091,-1219.0,1909.0,274.265624,7,100.0,False,0,7359.133,43.0
100.52666666666667,-1111.1603064579413,2057.259158234722,278.0,7,100.0,False,0,7359.372,43.0
113.00416666666666,-1054.2192692172875,2135.7051688031106,279.0,7,100.0,False,0,7359.533,43.0
114.56209091328104,-1046.0,2147.0,279.22727563636363,7,100.0,False,0,7359.553,43.0
141.35955281444168,-879.0,2376.0,283.09090909090907,7,100.0,False,0,7359.893,43.0
147.71527777777777,-839.7038109528862,2429.9747868206514,284.0,7,100.0,False,0,7359.973,43.0
166.8486111111111,-729.0378852257593,2582.4477556891625,287.0,7,100.0,False,0,7360.213000000001,43.0
178.03501997433224,-674.0,2659.0,287.3888896,7,100.0,False,0,7360.353,43.0
195.64861111111108,-601.8572014341275,2761.070547824248,288.0,7,100.0,False,0,7360.573,43.0
202.0661611175575,-573.0,2803.0,288.5,7,100.0,False,0,7360.653,43.0
208.49305555555554,-540.6215642265292,2850.64291284271,289.0,7,100.0,False,0,7360.733,43.0
227.82638888888886,-429.3089326110958,3016.2200396813128,290.0,7,100.0,False,0,7360.973,43.0
229.4371174294263,-420.0,3030.0,290.0,7,100.0,False,0,7360.993,43.0
239.10158231629026,-366.0,3110.0,290.0,7,100.0,False,0,7361.113,43.0
240.71527777777777,-357.88006924701824,3122.223575077829,290.0,7,100.0,False,0,7361.133,43.0
253.6486111111111,-293.6962107124417,3220.5738488549073,291.0,7,100.0,False,0,7361.293000000001,43.0
256.87529326772915,-268.0,3259.0,290.8333333333333,7,99.83333333333333,False,0,7361.3330000000005,43.0
269.7551645139536,-132.0,3459.0,290.1666666666667,7,99.16666666666667,False,0,7361.493,43.0
272.9819444444444,-106.72585047858173,3495.763616852202,290.0,7,99.0,False,0,7361.533,43.0
285.91527777777776,-62.20270273522121,3558.3085445461084,291.0,7,100.0,False,0,7361.693,43.0
298.7875740809377,-28.0,3603.0,290.0,7,100.0,False,0,7361.853,43.0
311.60416666666663,45.192083727650676,3701.928770709692,289.0,7,100.0,False,0,7362.013,43.0
318.0007253639097,86.0,3756.0,288.5,7,100.0,False,0,7362.093,43.0
324.4041666666666,125.23303529685148,3806.5183957235795,288.0,7,100.0,False,0,7362.173000000001,43.0
337.248611111111,204.87981027468484,3903.3912078082612,289.0,7,100.0,False,0,7362.3330000000005,43.0
340.4460071585608,228.0,3930.0,288.57142857142856,7,100.0,False,0,7362.3730000000005,43.0
359.4930555555555,386.5404812640879,4102.101406456893,286.0,7,100.0,False,0,7362.613,43.0
362.6558717171041,409.0,4125.0,285.6,7,100.0,False,0,7362.653,43.0
375.27083333333326,478.4398852147533,4190.126633469694,284.0,7,100.0,False,0,7362.813,43.0
381.5435303438911,513.0,4219.0,283.25,7,100.0,False,0,7362.893,43.0
400.2486111111111,649.5384557992479,4321.237992146468,281.0,7,100.0,False,0,7363.133,43.0
408.019209604906,729.0,4365.0,280.28571245714284,7,100.0,False,0,7363.233,43.0
421.948611111111,907.0776536371393,4438.776369613576,279.0,7,100.0,False,0,7363.4130000000005,43.0
428.09822161530457,973.0,4462.0,278.3333333333333,7,100.0,False,0,7363.493,43.0
446.33247598596216,1093.0,4490.0,276.3416661333333,7,100.0,False,0,7363.732,43.0
458.6152777777777,1209.5676282772015,4505.406803931684,275.0,7,100.0,False,0,7363.893,43.0
469.23831770194636,1323.0,4516.0,275.0,7,100.0,False,0,7364.032,43.0
470.8374999999999,1339.4015402494797,4517.024788037845,275.0,7,100.0,False,0,7364.053,43.0
478.34456029694684,1415.0,4520.0,274.0979494344675,7,100.0,False,0,7364.152,43.0
499.3754100343997,1629.0,4516.0,271.5466969590237,7,100.0,False,0,7364.432000000001,43.0
503.8844444444444,1674.2042008579715,4513.2381963292355,271.0,7,100.0,False,0,7364.492,43.0
514.4218857190693,1779.0,4504.0,271.0,7,100.0,False,0,7364.6320000000005,43.0
518.9399999999999,1824.0624377726128,4498.573382749581,271.0,7,100.0,False,0,7364.692,43.0
527.9744958900495,1914.0,4486.0,271.0,7,100.0,False,0,7364.812,43.0
533.9955555555555,1973.1990024602878,4477.467576990059,271.0,7,100.0,False,0,7364.892,43.0
543.0239699023026,2063.0,4465.0,271.0,7,100.0,False,0,7365.012000000001,43.0
549.051111111111,2125.5312107307564,4457.3157992455945,271.0,7,100.0,False,0,7365.092000000001,43.0
567.1844444444444,2328.6846505283115,4440.543994804997,272.0,7,100.0,False,0,7365.332,43.0
568.6940604665562,2347.0,4440.0,271.94444444444446,7,100.0,False,0,7365.352,43.0
594.2844444444443,2661.33143392896,4448.18755965353,271.0,7,100.0,False,0,7365.692,43.0
595.8616093687122,2676.0,4449.0,270.9124992,7,99.9124992,False,0,7365.713000000001,43.0
612.2844444444443,2779.7435963806975,4457.126623024063,270.0,7,99.0,False,0,7365.932000000001,43.0
625.8117306160578,2895.0,4488.0,269.0995012456123,7,99.90049875438767,False,0,7366.113,43.0
627.303611111111,2913.973182704438,4493.916739094082,269.0,7,100.0,False,0,7366.133,43.0
642.1924999999998,3137.0,4570.0,268.0,7,100.0,False,0,7366.3330000000005,43.0
670.3763556886671,3373.0,4697.0,267.04999936,7,100.0,False,0,7366.713000000001,43.0
671.8591666666665,3385.3455232309434,4705.626956682063,267.0,7,100.0,False,0,7366.733,43.0
686.6924999999998,3524.9972889080145,4808.055462051303,267.0,7,100.0,False,0,7366.933,43.0
697.08177263838,3612.0,4876.0,267.0,7,100.0,False,0,7367.073,43.0
710.4258333333331,3688.9108392958274,4942.336649988152,267.0,7,100.0,False,0,7367.253000000001,43.0
725.203611111111,3751.4769666755383,5005.950270692291,266.0,7,100.0,False,0,7367.453,43.0
731.1046194045351,3785.0,5040.0,266.0,7,100.0,False,0,7367.533,43.0
748.8480555555552,3911.0,5167.0,266.0,7,100.0,False,0,7367.773,43.0
765.2271151598023,4027.0,5282.0,266.0,7,71.7142528,False,0,7367.993,43.0
769.5369444444442,4059.2217112395488,5312.9709315370055,266.0,7,64.0,True,0,7368.053,43.0
776.4827562713559,4112.0,5363.0,256.35711817142857,7,42.214229942857145,True,0,7368.153,43.0
788.125833333333,4202.0,5447.0,239.0,7,3.0,True,0,7368.3330000000005,43.0
803.7568275856628,4374.0,5600.0,207.11111111111111,7,1.4444444444444444,True,0,7368.613,43.0
807.925833333333,4399.487315072714,5622.074589774451,198.0,7,1.0,True,0,7368.693,43.0
816.0320020530188,4431.0,5648.0,184.4,7,0.19999999999999996,True,0,7368.853,43.0
817.9813888888887,4442.886196112415,5657.710557228285,181.0,7,0.0,True,0,7368.893,43.0
829.8046695410998,4545.0,5741.0,165.5624848,7,0.0,True,0,7369.153,43.0
832.3813888888886,4564.508532029635,5756.842579304349,162.0,6,0.0,True,0,7369.213000000001,43.0
839.0316214630983,4615.0,5795.0,153.42857142857142,6,0.0,True,0,7369.3730000000005,43.0
843.8147222222219,4669.1401641304965,5829.712004702543,147.0,6,0.0,True,0,7369.493,43.0
847.6700428212957,4714.0,5856.0,143.38887964444444,6,0.0,True,0,7369.593,43.0
857.2147222222219,4787.3266974977305,5887.517786193322,134.0,3,0.0,True,0,7369.853,43.0
863.5280219953664,4835.0,5895.0,126.79998976,3,0.0,True,0,7370.033,43.0
864.2147222222219,4841.421506580609,5895.749454934399,126.0,2,0.0,True,0,7370.053,43.0
868.9333319252662,4890.0,5900.0,121.624992,2,0.0,True,0,7370.193,43.0
869.5924999999996,4896.718776754327,5900.316302644814,121.0,2,0.0,True,0,7370.213000000001,43.0
874.7161337649123,4950.0,5899.0,116.031248,2,0.0,True,0,7370.372,43.0
874.7480555555552,4950.373815660068,5898.961109155381,116.0,2,0.0,True,0,7370.3730000000005,43.0
883.5369444444441,5066.7179650160515,5875.729259834596,113.0,2,0.0,True,0,7370.653,43.0
884.1097179089508,5073.0,5874.0,112.33165625514573,2,0.0,True,0,7370.6720000000005,43.0
889.3963888888885,5114.399672717406,5859.043247856838,106.0,2,0.0,False,0,7370.852,43.0
895.1866102918145,5147.0,5838.0,104.33333333333333,2,3.3333333333333335,False,0,7371.052000000001,43.0
896.3297222222219,5155.3086686346705,5832.196541826803,104.0,2,4.0,False,0,7371.092000000001,43.0
900.8630555555552,5193.175499820293,5804.305137890187,102.0,2,22.0,False,0,7371.252,43.0
902.5782282007572,5207.0,5793.0,102.5,2,25.75,False,0,7371.312,43.0
907.7963888888886,5244.480946263026,5757.553110774199,104.0,2,37.0,False,0,7371.492,43.0
910.7341765003135,5263.0,5736.0,105.0,2,38.0,False,0,7371.592000000001,43.0
913.6852777777775,5280.011012311829,5712.6981465527315,106.0,2,39.0,False,0,7371.692,43.0
918.4408333333331,5304.216384970063,5672.256832252333,107.0,2,39.0,False,0,7371.852,43.0
919.0503431390945,5307.0,5667.0,107.33966036137689,2,39.45954048892167,False,0,7371.872,43.0
952.9197222222219,5384.348311191547,5364.684336998045,124.0,2,62.0,False,0,7372.853,43.0
953.6376192932933,5385.0,5358.0,124.7500096,2,62.2500032,False,0,7372.8730000000005,43.0
958.6974999999998,5388.877236851473,5310.133637511591,130.0,2,64.0,False,0,7373.013,43.0
960.9194309061711,5391.0,5286.0,131.25000533333332,2,64.0,False,0,7373.073,43.0
967.6974999999998,5400.564212255077,5198.10997675032,135.0,3,64.0,True,0,7373.253000000001,43.0
969.1888183335539,5403.0,5180.0,134.4,3,52.0,True,0,7373.293000000001,43.0
975.0308333333331,5413.273957896629,5121.095562666195,132.0,3,4.0,True,0,7373.453,43.0
978.5080551019221,5421.0,5089.0,127.49998848,3,2.99999744,True,0,7373.553,43.0
981.8641666666664,5430.216588260571,5057.071297307599,123.0,3,2.0,True,0,7373.653,43.0
984.4769779259991,5439.0,5032.0,119.5,3,2.0,True,0,7373.733,43.0
987.019722222222,5449.284121895757,5007.606155122052,116.0,2,2.0,True,0,7373.813,43.0
990.091203180006,5463.0,4979.0,112.66665813333333,2,2.0,True,0,7373.9130000000005,43.0
994.2197222222219,5481.740790123761,4943.809367877067,108.0,2,2.0,True,0,7374.053,43.0
995.9408898854998,5493.0,4927.0,106.4999936,2,1.8124992,True,0,7374.113,43.0
1003.1086111111108,5566.0,4840.0,100.0,2,1.0,True,0,7374.3730000000005,43.0
1015.5086111111108,5643.0,4776.0,93.0,2,1.0,True,0,7374.853,43.0
1021.4046496340036,5687.0,4752.0,89.66666666666667,2,0.33333333333333326,True,0,7375.093,43.0
1024.3086111111108,5712.560099874708,4741.519231762649,88.0,2,0.0,True,0,7375.213000000001,43.0
1028.1308333333332,5748.553578797511,4731.6600489773855,86.0,2,0.0,False,0,7375.3730000000005,43.0
1028.597022728612,5753.0,4731.0,85.59999488,2,0.10000128,False,0,7375.393,43.0
1032.6863888888888,5792.399314970554,4730.877217246921,82.0,2,1.0,False,0,7375.573,43.0
1034.9360382504328,5814.0,4735.0,81.64285622857143,2,6.714300342857143,False,0,7375.673000000001,43.0
1038.5346766762348,5848.0,4747.0,81.07142765714286,2,15.857157485714286,False,0,7375.8330000000005,43.0
1038.9863888888888,5852.085680496008,4748.798182834595,81.0,2,17.0,False,0,7375.853,43.0
1042.6308333333332,5885.0,4767.0,82.0,2,26.0,False,0,7376.013,43.0
1047.3530555555553,5935.041099223095,4807.5452423589595,85.0,2,30.0,False,0,7376.213000000001,43.0
1048.7928243989427,5948.0,4819.0,85.7500032,2,30.7500032,False,0,7376.273,43.0
1051.219722222222,5965.136827671215,4834.685398652244,87.0,2,32.0,False,0,7376.3730000000005,43.0
1057.219722222222,5994.105028981187,4865.593071840998,90.0,2,44.0,False,0,7376.613,43.0
1057.7249665577351,5997.0,4869.0,90.2500032,2,44.1250016,False,0,7376.633,43.0
1061.3086111111108,6020.072461738632,4897.157904511655,92.0,2,45.0,False,0,7376.773,43.0
1063.4228118218525,6033.0,4914.0,94.30416853333334,2,47.633335466666665,False,0,7376.852,43.0
1066.1927632505176,6048.0,4935.0,97.2208352,2,50.9666688,False,0,7376.952,43.0
1067.9086111111108,6057.35250952615,4948.712668060905,99.0,2,53.0,False,0,7377.013,43.0
1073.04595272763,6085.0,4991.0,102.729168,2,55.9833344,False,0,7377.192,43.0
1074.8419444444442,6093.542154426748,5004.364852653362,104.0,2,57.0,False,0,7377.253000000001,43.0
1080.9530555555552,6121.09684620561,5051.633267553192,110.0,2,65.0,False,0,7377.453,43.0
1082.8584590284136,6132.0,5074.0,112.4686212636328,2,66.48117275817968,False,0,7377.512000000001,43.0
1088.919722222222,6171.4984308443045,5162.063895389235,120.0,2,71.0,False,0,7377.692,43.0
1089.6045598273042,6175.0,5170.0,120.57142857142857,2,71.78571428571429,False,0,7377.712,43.0
1098.8752777777775,6195.132244618445,5217.209518295494,128.0,2,82.0,False,0,7377.972000000001,43.0
1103.655686957971,6208.0,5258.0,134.9,2,84.7,False,0,7378.092000000001,43.0
1113.0815243694171,6250.0,5395.0,147.55,2,89.65,False,0,7378.312,43.0
1115.6530555555553,6258.42868348776,5423.116621151226,151.0,3,91.0,False,0,7378.372,43.0
1124.2641666666664,6271.44981984025,5470.151809112924,155.0,3,99.0,False,0,7378.572,43.0
1131.6269882795962,6281.0,5514.0,163.57142857142858,3,99.0,False,0,7378.732,43.0
1137.4863888888885,6292.170319819125,5567.031018971233,170.0,3,99.0,False,0,7378.852,43.0
1143.6932943195018,6304.0,5626.0,177.1843712,3,99.0,False,0,7378.973,43.0
1150.0766362258312,6314.0,5685.0,184.3093712,3,99.0,False,0,7379.093,43.0
1154.2863888888883,6321.5986439367925,5746.450829960684,189.0,4,99.0,False,0,7379.1720000000005,43.0
1159.6687979867324,6330.0,5831.0,191.50932253786735,4,99.0,False,0,7379.273,43.0
1162.9177777777772,6332.363211099271,5867.751912397698,193.0,4,99.0,False,0,7379.3330000000005,43.0
1168.4737856615127,6333.0,5917.0,198.0000128,4,99.6250016,False,0,7379.433,43.0
1171.8511111111106,6332.344351952821,5948.564417401129,201.0,4,100.0,False,0,7379.493,43.0
1183.2399999999996,6325.094493592323,6063.337274175514,205.0,4,100.0,False,0,7379.693,43.0
1184.4022812784433,6324.0,6075.0,205.64286537142857,4,100.0,False,0,7379.713000000001,43.0
1196.2762399012697,6309.0,6192.0,212.07143680000001,4,100.0,False,0,7379.9130000000005,43.0
1199.8844444444442,6302.601478697179,6227.3151548674805,214.0,5,100.0,False,0,7379.973,43.0
1209.573333333333,6280.897095174678,6321.787735999762,218.0,5,100.0,False,0,7380.133,43.0
1213.2445072413593,6271.0,6357.0,219.1250048,5,100.0,False,0,7380.193,43.0
1219.3955555555553,6252.373986023551,6415.307959439478,221.0,5,100.0,False,0,7380.293000000001,43.0
1223.0903516767953,6240.0,6450.0,221.0,5,100.0,False,0,7380.353,43.0
1237.847635175215,6182.0,6586.0,221.0,5,100.0,False,0,7380.593,43.0
1241.4955555555553,6165.422058262405,6619.137445041166,221.0,5,100.0,False,0,7380.653,43.0
1252.3113145645443,6111.0,6716.0,221.0,5,100.0,False,0,7380.8330000000005,43.0
1263.4350689779067,6050.0,6809.0,221.0,5,100.0,False,0,7381.013,43.0
1266.0511111111107,6035.368005431928,6829.793044024631,221.0,5,100.0,False,0,7381.053,43.0
1281.2720994976112,5947.0,6945.0,243.78574079999999,5,100.0,False,0,7381.273,43.0
1285.4955555555553,5920.288759040712,6975.9332341469835,250.0,5,100.0,False,0,7381.3330000000005,43.0
1293.9118001244165,5862.0,7038.0,251.28571428571428,5,100.0,False,0,7381.453,43.0
1305.1733333333332,5771.059721412351,7123.527745183834,253.0,6,100.0,False,0,7381.613,43.0
1309.4466121170929,5738.0,7153.0,253.90000384,6,100.0,False,0,7381.673000000001,43.0
1325.3153765849368,5629.0,7245.0,257.2,6,100.0,False,0,7381.893,43.0
1333.9511111111108,5564.632694824051,7296.064754147006,259.0,6,100.0,False,0,7382.013,43.0
1351.2177777777777,5423.699948679692,7403.902474617651,259.0,6,100.0,False,0,7382.253000000001,43.0
1354.1772507505138,5400.0,7422.0,261.1666666666667,6,100.0,False,0,7382.293000000001,43.0
1366.2874166330134,5305.0,7495.0,269.8333333333333,6,100.0,False,0,7382.453,43.0
1369.3511111111109,5281.042744743927,7513.799359768593,272.0,6,100.0,False,0,7382.493,43.0
1380.1537121311003,5197.0,7581.0,277.2500096,6,100.0,False,0,7382.633,43.0
1381.7066666666665,5185.109814367215,7590.611330894112,278.0,7,100.0,False,0,7382.653,43.0
1400.5066666666664,5040.962418457551,7709.150805177858,282.0,7,100.0,False,0,7382.893,43.0
1402.082724824677,5028.0,7720.0,282.2222250666667,7,100.0,False,0,7382.9130000000005,43.0
1416.3197749330348,4899.0,7829.0,284.22222222222223,7,100.0,False,0,7383.093,43.0
1429.1066666666666,4757.710268059787,7948.791876759705,286.0,7,100.0,False,0,7383.253000000001,43.0
1430.716290053009,4741.0,7963.0,286.35000448,7,100.0,False,0,7383.273,43.0
1461.662222222222,4507.8235218660175,8163.3406150303035,293.0,7,100.0,False,0,7383.653,43.0
1468.1269259192627,4470.0,8196.0,293.79000064,7,100.0,False,0,7383.732,43.0
1478.051111111111,4415.704227917018,8242.81805849401,295.0,7,100.0,False,0,7383.853,43.0
1491.251111111111,4332.777303030278,8314.05210197407,297.0,7,100.0,False,0,7384.013,43.0
1492.8239949150652,4320.0,8325.0,297.2375008,7,100.0,False,0,7384.032,43.0
1504.54,4205.057013091818,8423.342103630768,299.0,7,100.0,False,0,7384.173000000001,43.0
1516.19956776032,4092.0,8520.0,300.7429471612896,7,100.0,False,0,7384.312,43.0
1531.3891666666666,3996.843190733277,8601.412902024636,303.0,8,100.0,False,0,7384.492,43.0
1546.5842626576832,3914.0,8673.0,303.9,8,100.0,False,0,7384.6720000000005,43.0
1548.2780555555557,3902.7453640532403,8682.789163597638,304.0,8,100.0,False,0,7384.692,43.0
1565.2780555555557,3773.9796030185867,8795.524234749948,306.0,8,100.0,False,0,7384.892,43.0
1566.9786701085698,3761.0,8807.0,306.0,8,100.0,False,0,7384.912,43.0
1578.8757057939188,3672.0,8886.0,306.0,8,100.0,False,0,7385.052000000001,43.0
1585.6780555555556,3620.7244856533653,8930.90103663267,306.0,8,100.0,False,0,7385.1320000000005,43.0
1597.5989503886071,3531.0,9009.0,306.5833333333333,8,100.0,False,0,7385.272,43.0
1606.1447222222225,3468.587070636162,9064.047881200579,307.0,8,100.0,False,0,7385.372,43.0
1611.375862750964,3429.0,9099.0,307.5718768,8,100.0,False,0,7385.433,43.0
1633.7002777777782,3239.2933409575385,9265.267230720541,310.0,8,100.0,False,0,7385.692,43.0
1642.4226200718367,3170.0,9326.0,310.62733063446683,8,100.0,False,0,7385.793000000001,43.0
1647.6088888888892,3132.3472979475027,9359.077897492158,311.0,8,100.0,False,0,7385.853,43.0
1668.4088888888894,2999.1583331701677,9476.243107826467,312.0,8,100.0,False,0,7386.093,43.0
1670.1483202359539,2988.0,9486.0,312.1666688,8,100.0,False,0,7386.113,43.0
1689.3422222222225,2856.1637029218364,9600.531811098905,314.0,8,100.0,False,0,7386.3330000000005,43.0
1696.3397243440781,2791.0,9657.0,314.5,8,100.0,False,0,7386.4130000000005,43.0
1703.3422222222225,2712.4482731159305,9725.07876910008,315.0,8,100.0,False,0,7386.493,43.0
1712.0978868556488,2619.0,9806.0,315.0,8,100.0,False,0,7386.593,43.0
1720.8422222222225,2562.536305939824,9854.686364252828,315.0,8,100.0,False,0,7386.693,43.0
1738.2552065232924,2474.0,9932.0,313.8888888888889,8,99.44444444444444,False,0,7386.893,43.0
1752.1422222222225,2297.8893760969827,10088.4978019937,313.0,8,99.0,False,0,7387.053,43.0
1760.8130168148468,2194.0,10181.0,312.5833322666667,8,99.41666773333333,False,0,7387.153,43.0
1772.9422222222227,2108.495868627976,10257.203148615747,312.0,8,100.0,False,0,7387.293000000001,43.0
1797.1823518364758,2028.0,10330.0,312.0,8,100.0,False,0,7387.573,43.0
1807.6088888888892,1955.0919942259566,10396.251437805147,312.0,8,100.0,False,0,7387.693,43.0
1816.318879215365,1887.0,10457.0,311.3749984,8,82.4999552,False,0,7387.793000000001,43.0
1821.4311111111115,1847.7156308515714,10491.098847870133,311.0,8,72.0,True,0,7387.853,43.0
1829.62005451911,1784.0,10545.0,297.8749664,8,40.1249184,True,0,7387.953,43.0
1834.3200000000004,1746.0853923639083,10576.432611891223,290.0,8,21.0,True,0,7388.013,43.0
1844.63482842048,1660.0,10646.0,274.49997165714285,8,15.499989942857143,True,0,7388.153,43.0
1854.464444444445,1580.5718475503306,10707.502051359159,259.0,8,10.0,True,0,7388.293000000001,43.0
1861.4441799840058,1516.0,10751.0,252.749984,8,7.4999936,True,0,7388.393,43.0
1865.5311111111116,1470.4368097443512,10778.338890231584,249.0,8,6.0,True,0,7388.453,43.0
1875.8866666666672,1338.0102647969093,10849.47018885362,233.0,7,6.0,True,0,7388.613,43.0
1878.3821999992285,1311.0,10863.0,230.33333333333334,7,6.0,True,0,7388.653,43.0
1890.3533333333337,1224.7020431266208,10899.691866758427,217.0,7,6.0,True,0,7388.853,43.0
1899.3126111037232,1167.0,10915.0,206.14285714285714,7,6.0,True,0,7389.013,43.0
1905.7533333333338,1107.4781204939063,10929.484171598851,198.0,6,6.0,True,0,7389.133,43.0
1912.010845340805,1044.0,10942.0,192.375,6,6.0,True,0,7389.253000000001,43.0
1922.0200000000004,944.4166629983763,10949.05831291215,183.0,5,6.0,True,0,7389.453,43.0
1923.9560852628497,919.0,10949.0,180.83333333333334,5,6.0,True,0,7389.493,43.0
1933.3533333333337,766.2267088248282,10943.72345785483,170.0,4,6.0,True,0,7389.693,43.0
1934.274966719828,754.0,10943.0,169.4999936,4,6.0625008,True,0,7389.713000000001,43.0
1947.7533333333338,670.3091499635265,10927.973627861553,162.0,4,7.0,True,0,7390.013,43.0
1951.1974248297138,645.0,10919.0,160.2444430222222,4,7.658333866666666,True,0,7390.092000000001,43.0
1955.4946192036239,602.0,10904.0,158.0222208,4,8.4916672,True,0,7390.192,43.0
1963.1533333333336,533.9102954921992,10875.672021160168,154.0,3,10.0,False,0,7390.3730000000005,43.0
1968.1255572045604,487.0,10846.0,151.0249984,3,12.975001599999999,False,0,7390.492,43.0
1969.8200000000004,468.7859866924178,10832.26834345042,150.0,3,14.0,False,0,7390.533,43.0
1977.093720171522,390.0,10764.0,147.0166656,3,17.729168,False,0,7390.712,43.0
1979.5533333333335,372.6122582876267,10746.61592537046,146.0,3,19.0,False,0,7390.773,43.0
1989.980932640721,335.0,10691.0,145.27855148237524,3,35.59331590536986,False,0,7391.032,43.0
1994.0130555555559,313.8227625826928,10657.10681285085,145.0,3,42.0,False,0,7391.1320000000005,43.0
1997.2442572019638,296.0,10627.0,145.2,3,44.6,False,0,7391.212,43.0
2008.6030553749501,246.0,10522.0,145.9,3,53.7,False,0,7391.492,43.0
2010.235277777778,240.02647730987144,10507.588895257126,146.0,3,55.0,False,0,7391.532,43.0
2016.7920773040953,219.0,10446.0,147.71428571428572,3,62.42857142857143,False,0,7391.692,43.0
2021.824166666667,206.89304374777558,10383.587186816036,149.0,3,68.0,False,0,7391.812,43.0
2030.5996459350213,194.0,10275.0,155.281248,3,75.5374976,False,0,7392.013,43.0
2035.9575000000004,190.8847808055432,10233.982125025905,159.0,3,80.0,False,0,7392.1320000000005,43.0
2043.3622153167564,189.0,10184.0,163.01067547574104,3,85.72953639391577,False,0,7392.293000000001,43.0
2048.9147222222227,186.46943185779548,10129.100217838179,166.0,3,90.0,False,0,7392.4130000000005,43.0
2051.6807495245193,185.0,10100.0,165.8124992,3,75.56243839999999,False,0,7392.473,43.0
2063.5813888888893,177.3325089734644,9980.223540270385,165.0,3,13.0,True,0,7392.733,43.0
2068.116225634779,172.0,9934.0,163.7499968,3,11.333329066666666,True,0,7392.8330000000005,43.0
2074.3813888888894,162.1613898519718,9870.977718971433,162.0,3,9.0,True,0,7392.973,43.0
2075.263158511836,161.0,9864.0,161.29999104,3,8.89999872,True,0,7392.993,43.0
2082.9925000000007,152.49866751950094,9825.391078800363,155.0,3,8.0,True,0,7393.173000000001,43.0
2085.440659841773,143.0,9803.0,152.187488,3,7.4374976,True,0,7393.233,43.0
2091.654313568003,97.0,9707.0,144.687488,3,5.9374976,True,0,7393.393,43.0
2095.436944444445,70.05836660202013,9659.564293658768,140.0,3,5.0,True,0,7393.493,43.0
2105.7813888888895,14.898684718736082,9598.079512993612,133.0,3,4.0,True,0,7393.773,43.0
2108.6418093222624,2.0,9586.0,131.28571428571428,3,3.7142857142857144,True,0,7393.853,43.0
2115.6591666666673,-28.000681045762533,9558.30698494925,127.0,3,3.0,True,0,7394.053,43.0
2117.758806413028,-40.0,9549.0,126.39999744,3,2.09999616,True,0,7394.113,43.0
2122.6036111111116,-76.98018954868448,9523.80565163725,125.0,3,0.0,True,0,7394.253000000001,43.0
2129.8239206515104,-145.0,9484.0,120.11110542222222,3,0.0,True,0,7394.473,43.0
2134.3036111111114,-182.543846210034,9466.772959145233,117.0,3,0.0,False,0,7394.613,43.0
2136.22054208864,-205.0,9460.0,116.54999808,3,0.60000256,False,0,7394.673000000001,43.0
2141.3228944951165,-285.0,9443.0,115.34999808,3,2.20000256,False,0,7394.8330000000005,43.0
2146.970277777778,-329.6631854887781,9436.809637682885,114.0,2,4.0,False,0,7395.013,43.0
2151.87090232738,-359.0,9442.0,110.8,2,6.4,False,0,7395.173000000001,43.0
2153.0813888888893,-370.3465259956001,9444.545220763537,110.0,2,7.0,False,0,7395.213000000001,43.0
2157.881388888889,-429.4242430363606,9459.355117170384,108.0,2,12.0,False,0,7395.3730000000005,43.0
2160.876569863501,-462.0,9470.0,108.0,2,22.625027199999998,False,0,7395.473,43.0
2162.681388888889,-477.30660189565504,9476.49584638932,108.0,2,29.0,False,0,7395.533,43.0
2168.764775570944,-515.0,9500.0,109.25,2,36.5,False,0,7395.733,43.0
2172.459166666667,-540.8690791545002,9517.184277527276,110.0,2,41.0,False,0,7395.853,43.0
2178.06196493593,-588.0,9557.0,111.92857417142856,2,45.500006400000004,False,0,7396.033,43.0
2181.2480555555558,-619.4842917139185,9593.012020310805,113.0,2,48.0,False,0,7396.133,43.0
2186.4963571879007,-668.0,9657.0,116.11111111111111,2,49.333333333333336,False,0,7396.293000000001,43.0
2193.2480555555558,-701.3370010933733,9712.092692242662,120.0,2,51.0,False,0,7396.493,43.0
2200.780278532781,-720.0,9759.0,123.04166755555556,2,55.866668088888886,False,0,7396.712,43.0
2205.7480555555558,-732.8573651562572,9793.54215219531,125.0,2,59.0,False,0,7396.853,43.0
2211.5258333333336,-747.836969716672,9838.765361075055,130.0,2,60.0,False,0,7397.013,43.0
2215.9199945714863,-758.0,9882.0,132.38000128,2,62.9750016,False,0,7397.1320000000005,43.0
2218.970277777778,-764.3505200707798,9916.50551394745,134.0,3,65.0,False,0,7397.213000000001,43.0
2224.334922403489,-773.0,9978.0,138.17000192,3,69.17000192,False,0,7397.352,43.0
2226.7480555555558,-775.217145121396,10001.670232371598,140.0,3,71.0,False,0,7397.4130000000005,43.0
2238.2939185840237,-775.0,10097.0,148.9678592,3,77.9750016,False,0,7397.692,43.0
2238.3369444444447,-774.980208996251,10097.380260563417,149.0,3,78.0,False,0,7397.693,43.0
2249.8324498912752,-766.0,10207.0,159.21146971493167,3,84.49820800041107,False,0,7397.952,43.0
2250.736944444445,-764.977011145374,10215.816956299423,160.0,3,85.0,False,0,7397.972000000001,43.0
2259.874730722337,-751.0,10305.0,164.375,3,88.75,False,0,7398.1720000000005,43.0
2261.7498298508026,-747.0,10323.0,165.25,3,89.5,False,0,7398.212,43.0
2265.5813888888893,-739.83333998033,10355.83526449956,167.0,3,91.0,False,0,7398.292,43.0
2278.7987960824325,-710.0,10469.0,179.32500906666667,3,97.5250048,False,0,7398.553,43.0
2283.9813888888893,-684.5230604085765,10541.901275971934,184.0,4,100.0,False,0,7398.652,43.0
2289.3277931679913,-658.0,10614.0,189.0500096,4,100.0,False,0,7398.753000000001,43.0
2292.5147222222226,-646.2952641777828,10644.76403987713,192.0,4,100.0,False,0,7398.812,43.0
2307.3429040711094,-611.0,10726.0,202.12189289695607,4,100.0,False,0,7399.073,43.0
2313.171944444445,-590.5371500854233,10771.044571865561,206.0,5,100.0,False,0,7399.173000000001,43.0
2319.027139865394,-563.0,10829.0,208.5000064,5,99.58333226666667,False,0,7399.273,43.0
2327.3052777777784,-509.55994055933104,10934.081340864586,212.0,5,99.0,False,0,7399.4130000000005,43.0
2335.738061592152,-454.0,11040.0,216.20000768,5,99.70000128,False,0,7399.553,43.0
2339.4163888888897,-434.208208210994,11077.354366904976,218.0,5,100.0,False,0,7399.613,43.0
2359.6830555555566,-358.36858795446585,11214.205187094494,228.0,5,100.0,False,0,7399.933,43.0
2364.844693651531,-338.0,11248.0,230.4,5,100.0,False,0,7400.013,43.0
2372.683055555556,-303.73813517485195,11302.976208487935,234.0,5,100.0,False,0,7400.133,43.0
2391.703213772482,-208.0,11446.0,240.58823529411765,5,100.0,False,0,7400.4130000000005,43.0
2419.9052777777783,-40.97253456868531,11661.777630474735,250.0,6,100.0,False,0,7400.813,43.0
2425.551842837987,-5.0,11704.0,251.25,6,100.0,False,0,7400.893,43.0
2438.288678286291,79.0,11797.0,254.062504,6,100.0,False,0,7401.073,43.0
2442.571944444445,109.00174335696934,11828.036721860806,255.0,6,100.0,False,0,7401.133,43.0
2454.0830555555563,190.53112818400814,11908.698382230936,259.0,6,100.0,False,0,7401.293000000001,43.0
2455.5247414930527,200.0,11918.0,259.10000128,6,100.0,False,0,7401.313,43.0
2468.527500000001,281.0583932926774,11996.446377063816,260.0,6,100.0,False,0,7401.493,43.0
2474.3512607422763,338.0,12046.0,261.5,6,100.0,False,0,7401.573,43.0
2480.2163888888895,416.91298514520616,12111.512403609473,263.0,6,100.0,False,0,7401.653,43.0
2487.6196369997506,520.0,12195.0,264.6666709333333,6,100.0,False,0,7401.753000000001,43.0
2507.1163888888896,644.8746022368025,12289.33057727362,269.0,7,100.0,False,0,7402.013,43.0
2522.171944444445,717.5558797836215,12332.056687016719,271.0,7,100.0,False,0,7402.213000000001,43.0
2523.6873136409968,729.0,12339.0,271.2222250666667,7,100.0,False,0,7402.233,43.0
2528.2469881104034,767.0,12362.0,271.8888888888889,7,100.0,False,0,7402.293000000001,43.0
2549.671944444445,957.0,12459.0,275.0,7,100.0,False,0,7402.573,43.0
2564.9497222222226,1134.4578570140104,12534.637218744918,275.0,7,100.0,False,0,7402.773,43.0
2571.115995922397,1198.0,12560.0,276.5,7,100.0,False,0,7402.853,43.0
2577.3052777777784,1251.0255824050378,12580.104641817356,278.0,7,100.0,False,0,7402.933,43.0
2589.705277777778,1336.0263239386472,12608.322074478116,279.0,7,100.0,False,0,7403.093,43.0
2595.9295715058506,1389.0,12624.0,279.5,7,100.0,False,0,7403.173000000001,43.0
2614.6830555555557,1596.919719187592,12680.864144941988,281.0,7,100.0,False,0,7403.4130000000005,43.0
2617.734603644559,1629.0,12689.0,281.1218752,7,100.0,False,0,7403.452,43.0
2639.7497222222223,1818.819142960111,12730.238459908045,282.0,7,100.0,False,0,7403.733,43.0
2647.521710031387,1891.0,12743.0,282.27500017777777,7,100.0,False,0,7403.832,43.0
2661.6738265440786,2041.0,12767.0,282.77500017777777,7,100.0,False,0,7404.012000000001,43.0
2668.0497222222225,2105.592049854067,12776.04320798455,283.0,7,100.0,False,0,7404.093,43.0
2683.7327822616844,2263.0,12795.0,283.49750016,7,100.0,False,0,7404.292,43.0
2699.5262242124477,2451.0,12816.0,283.99750016,7,100.0,False,0,7404.492,43.0
2699.6052777777786,2451.993425035686,12816.107826156964,284.0,7,100.0,False,0,7404.493,43.0
2715.359444444445,2657.845991212385,12837.843368137486,285.0,7,100.0,False,0,7404.692,43.0
2728.070555555556,2815.0,12854.0,286.0,7,100.0,False,0,7404.852,43.0
2764.946180944643,3149.0,12888.0,287.92083413333336,7,100.0,False,0,7405.313,43.0
2766.4705555555565,3159.561322381717,12889.111699575373,288.0,7,100.0,False,0,7405.332,43.0
2782.60638888889,3260.923963927577,12900.092306677618,289.0,7,99.0,False,0,7405.533,43.0
2790.631861262038,3324.0,12907.0,289.0,7,99.0,False,0,7405.633,43.0
2803.476649535501,3452.0,12921.0,289.0,7,99.0,False,0,7405.793000000001,43.0
2805.084166666667,3468.3894586637657,12922.805099184741,289.0,7,99.0,False,0,7405.813,43.0
2827.6397222222226,3692.210160840345,12947.725682789636,290.0,7,99.0,False,0,7406.093,43.0
2832.486008521941,3740.0,12953.0,290.3750016,7,99.0,False,0,7406.153,43.0
2840.5730555555565,3819.974823836625,12961.749828168806,291.0,7,99.0,False,0,7406.253000000001,43.0
2847.051139298416,3885.0,12969.0,291.125,7,99.0,False,0,7406.3330000000005,43.0
2886.007507227517,4272.0,13017.0,291.875,7,99.0,False,0,7406.813,43.0
2892.4841666666675,4320.739711039273,13023.703262965999,292.0,7,99.0,False,0,7406.893,43.0
2908.650833333334,4452.162778469474,13042.041592751335,291.0,7,99.0,False,0,7407.093,43.0
2915.121187771023,4561.0,13056.0,291.0,7,99.0,False,0,7407.173000000001,43.0
2923.2041335480626,4737.0,13078.0,291.0,7,99.0,False,0,7407.273,43.0
2924.817500000001,4766.893705805414,13081.686190657296,291.0,7,99.0,False,0,7407.293000000001,43.0
2947.2952777777787,4921.559486618115,13098.345810634788,289.0,7,99.0,False,0,7407.573,43.0
2956.8762652844007,4977.0,13102.0,288.0,7,85.66666666666667,False,0,7407.693,43.0
2971.168206204578,5120.0,13112.0,286.49999786666666,7,65.66663822222222,False,0,7407.8730000000005,43.0
2975.8952777777786,5165.657334028736,13114.366742804552,286.0,7,59.0,False,0,7407.933,43.0
2991.507244409431,5312.0,13112.0,281.7142857142857,7,46.14285714285714,False,0,7408.133,43.0
2997.6730555555564,5383.410400450556,13103.095282304304,280.0,7,41.0,False,0,7408.213000000001,43.0
3012.867523581038,5569.0,13068.0,276.1111111111111,7,42.666666666666664,False,0,7408.4130000000005,43.0
3024.973055555556,5670.338289853184,13041.499220658156,273.0,7,44.0,False,0,7408.573,43.0
3037.1063888888893,5755.765034233932,13007.630747625439,273.0,7,52.0,False,0,7408.733,43.0
3038.603870185939,5768.0,13002.0,272.29999104,7,53.5000192,False,0,7408.753000000001,43.0
3051.884166666667,5892.665608470956,12938.05257021342,266.0,7,67.0,False,0,7408.933,43.0
3060.686985588501,5964.0,12899.0,265.0,7,72.0,False,0,7409.053,43.0
3069.4841666666675,6012.513870382007,12870.885523792553,264.0,7,77.0,False,0,7409.173000000001,43.0
3075.352484832637,6085.0,12813.0,264.1818181818182,7,80.45454545454545,False,0,7409.253000000001,43.0
3081.223627623024,6208.0,12708.0,264.3636363636364,7,83.9090909090909,False,0,7409.3330000000005,43.0
3101.873055555556,6391.229977206304,12519.260587658755,265.0,7,96.0,False,0,7409.613,43.0
3113.7841666666673,6397.086149749074,12482.120607149687,268.0,7,100.0,False,0,7409.773,43.0
3119.738732123151,6408.0,12456.0,268.0,7,100.0,False,0,7409.853,43.0
3125.6952777777788,6424.237692903949,12424.845648253546,268.0,7,100.0,False,0,7409.933,43.0
3140.564683147295,6486.0,12308.0,268.99500032,7,100.0,False,0,7410.1320000000005,43.0
3140.639722222223,6486.3774048435325,12307.170241915679,269.0,7,100.0,False,0,7410.133,43.0
3161.7952777777787,6603.407326498925,12015.136142623602,272.0,7,100.0,False,0,7410.4130000000005,43.0
3164.762213933112,6615.0,11984.0,272.4178578285714,7,100.0,False,0,7410.452,43.0
3183.184166666668,6647.286554020792,11884.585686617276,275.0,7,100.0,False,0,7410.693,43.0
3190.778716055055,6660.0,11838.0,275.49500032,7,100.0,False,0,7410.792,43.0
3206.165058805505,6701.0,11690.0,276.49500032,7,100.0,False,0,7410.992,43.0
3213.9619444444456,6720.251198927625,11614.81863596948,277.0,7,100.0,False,0,7411.093,43.0
3218.5252422407198,6731.0,11571.0,277.5929652766343,7,100.0,False,0,7411.152,43.0
3229.384444444446,6756.315577084749,11463.989934661857,279.0,7,100.0,False,0,7411.292,43.0
3235.6150492271477,6770.0,11405.0,279.8,7,100.0,False,0,7411.372,43.0
3244.995555555557,6788.844240485121,11323.256556305392,281.0,7,100.0,False,0,7411.492,43.0
3257.643794569805,6816.0,11192.0,282.14999954285713,7,100.0,False,0,7411.653,43.0
3267.0066666666685,6842.171230481135,11047.000796711549,283.0,7,100.0,False,0,7411.772,43.0
3276.5173961917326,6867.0,10902.0,283.0,7,100.0,False,0,7411.893,43.0
3289.01777777778,6885.723202464168,10784.90008683909,283.0,7,100.0,False,0,7412.052000000001,43.0
3306.438650518341,6901.0,10668.0,283.61218900603905,7,100.0,False,0,7412.273,43.0
3314.3357997926296,6911.0,10590.0,283.88919665625644,7,100.0,False,0,7412.3730000000005,43.0
3317.4966666666687,6914.795270563631,10559.61050473388,284.0,7,100.0,False,0,7412.4130000000005,43.0
3334.9046864417633,6934.0,10385.0,284.7857152,7,100.0,False,0,7412.633,43.0
3339.6633333333357,6940.07198406355,10318.690084360791,285.0,7,100.0,False,0,7412.693,43.0
3352.374444444447,6957.176448893727,10114.317733631675,286.0,7,100.0,False,0,7412.853,43.0
3357.140334041787,6962.0,10053.0,286.0,7,100.0,False,0,7412.9130000000005,43.0
3371.441111111113,6969.457534521065,9943.178955940444,286.0,7,100.0,False,0,7413.093,43.0
3388.975594174327,6973.0,9847.0,286.7857152,7,100.0,False,0,7413.313,43.0
3393.7633333333356,6974.874739613445,9802.46282517997,287.0,7,100.0,False,0,7413.3730000000005,43.0
3401.7454225571696,6978.0,9720.0,287.0,7,100.0,False,0,7413.473,43.0
3416.085555555558,6980.28633122222,9581.442652638229,287.0,7,100.0,False,0,7413.653,43.0
3419.258384703192,6981.0,9544.0,286.6666666666667,7,100.0,False,0,7413.693,43.0
3435.085555555558,6987.518964111591,9307.339322266702,285.0,7,100.0,False,0,7413.893,43.0
3441.437605296428,6990.0,9228.0,285.4,7,99.6,False,0,7413.973,43.0
3450.974444444447,6992.605417507984,9150.454349593445,286.0,7,99.0,False,0,7414.093,43.0
3468.396521293259,6998.0,9057.0,285.2142848,7,99.0,False,0,7414.313,43.0
3473.141111111114,7000.974707750065,9015.632147982978,285.0,7,99.0,False,0,7414.3730000000005,43.0
3484.207090098447,7010.0,8904.0,284.6111104,7,99.0,False,0,7414.513,43.0
3499.970961717527,7029.0,8748.0,284.05555484444443,7,99.0,False,0,7414.713000000001,43.0
3501.541111111114,7032.238623665522,8727.328167205316,284.0,7,99.0,False,0,7414.733,43.0
3515.620097770129,7069.0,8516.0,282.49999786666666,7,99.50000071111111,False,0,7414.9130000000005,43.0
3529.641111111114,7094.541762306259,8390.878982287843,281.0,7,100.0,False,0,7415.093,43.0
3546.7521919859973,7122.0,8288.0,280.2142848,7,100.0,False,0,7415.313,43.0
3551.4188888888916,7132.582509322998,8247.91093907553,280.0,7,100.0,False,0,7415.3730000000005,43.0
3562.312357910545,7163.0,8137.0,280.0,7,100.0,False,0,7415.513,43.0
3573.1966666666694,7202.592456600189,8009.12765669243,280.0,7,100.0,False,0,7415.653,43.0
3585.6060432768913,7249.0,7871.0,279.42857142857144,7,100.0,False,0,7415.813,43.0
3594.8966666666697,7276.580866076769,7795.268439744234,279.0,7,100.0,False,0,7415.933,43.0
3610.3541447043285,7322.0,7682.0,278.2857142857143,7,99.28571428571429,False,0,7416.133,43.0
3616.518888888892,7346.614071128959,7621.0740753807,278.0,7,99.0,False,0,7416.213000000001,43.0
3633.4028480918028,7420.0,7437.0,276.99999883636366,7,99.50000058181818,False,0,7416.433,43.0
3650.252222222225,7467.415572066012,7304.331736918074,276.0,7,100.0,False,0,7416.653,43.0
3651.708915629024,7471.0,7293.0,276.0,7,100.0,False,0,7416.6720000000005,43.0
3665.5855555555586,7503.9676244204165,7177.028474659749,276.0,7,100.0,False,0,7416.853,43.0
3676.2085395960867,7524.0,7081.0,275.30499968,7,100.0,False,0,7416.992,43.0
3691.417318235367,7539.0,6936.0,274.30499968,7,100.0,False,0,7417.192,43.0
3696.030000000003,7539.243890003767,6890.406857521517,274.0,7,100.0,False,0,7417.253000000001,43.0
3704.992346223446,7534.0,6800.0,272.80999936,7,100.0,False,0,7417.372,43.0
3716.9771927104607,7518.0,6678.0,271.20999936,7,100.0,False,0,7417.532,43.0
3726.030000000003,7503.269349782984,6589.830381503475,270.0,7,100.0,False,0,7417.653,43.0
3728.9473488333006,7497.0,6558.0,269.80499968,7,100.0,False,0,7417.692,43.0
3740.9744444444477,7460.014355889597,6397.152073653347,269.0,7,100.0,False,0,7417.853,43.0
3751.3020303143553,7427.0,6266.0,268.22562652245097,7,100.0,False,0,7417.992,43.0
3767.600277777781,7394.817412030458,6149.306429206106,267.0,7,100.0,False,0,7418.212,43.0
3785.400277777781,7365.165501305827,6008.9472597446,267.0,7,76.0,False,0,7418.452,43.0
3785.4740189013683,7365.0,6008.0,266.9834035474599,7,75.89627217162415,False,0,7418.453,43.0
3803.00666666667,7324.0,5751.0,263.0,7,51.0,False,0,7418.693,43.0
3820.112745889377,7318.0,5666.0,258.2,7,45.0,False,0,7418.933,43.0
3831.340000000003,7317.702257079716,5557.458545070305,255.0,6,41.0,False,0,7419.093,43.0
3834.1312095693997,7319.0,5528.0,254.0,6,40.4,False,0,7419.133,43.0
3845.228888888892,7332.589619046214,5418.603911494913,250.0,6,38.0,False,0,7419.293000000001,43.0
3854.839027957635,7355.0,5328.0,248.2499968,6,38.70000128,False,0,7419.433,43.0
3872.451111111114,7420.073667324781,5160.5521245941745,245.0,6,40.0,False,0,7419.693,43.0
3873.794576937849,7426.0,5148.0,244.64285257142856,6,40.42857691428571,False,0,7419.713000000001,43.0
3884.4848453545624,7477.0,5050.0,241.7857097142857,6,43.857148342857144,False,0,7419.8730000000005,43.0
3891.117777777781,7511.243385230732,4991.082880610442,240.0,6,46.0,False,0,7419.973,43.0
3897.7149201493944,7547.0,4932.0,237.91666133333334,6,29.333290666666667,False,0,7420.073,43.0
3906.784444444448,7598.803321117656,4846.525530661873,235.0,6,6.0,True,0,7420.213000000001,43.0
3911.807339225321,7623.0,4806.0,230.66666666666666,6,6.333333333333333,True,0,7420.293000000001,43.0
3921.584444444448,7658.0,4742.0,222.0,6,7.0,True,0,7420.453,43.0
3935.895095315322,7742.0,4560.0,215.14285714285714,6,8.714285714285715,True,0,7420.693,43.0
3938.2288888888925,7751.102174350704,4537.695089803275,214.0,5,9.0,True,0,7420.733,43.0
3953.055930732504,7772.0,4452.0,206.6874928,5,7.3749984,True,0,7420.993,43.0
3956.4511111111146,7776.651677832548,4424.886969057538,205.0,5,7.0,True,0,7421.053,43.0
3966.648290613544,7789.0,4320.0,204.24999893333333,5,7.0,True,0,7421.233,43.0
3970.0511111111146,7788.7490427715875,4280.477869133869,204.0,5,7.0,False,0,7421.293000000001,43.0
3981.384444444448,7773.186669772645,4142.723727055019,204.0,5,7.0,False,0,7421.493,43.0
3984.7596064163463,7767.0,4108.0,203.49999786666666,5,6.2499968,False,0,7421.553,43.0
4001.4345341476014,7728.0,3978.0,201.0,5,2.5,False,0,7421.853,43.0
4008.0511111111146,7703.373184189597,3918.5032033398925,200.0,5,1.0,False,0,7421.973,43.0
4014.6476337826084,7674.0,3856.0,198.8,5,1.6,False,0,7422.093,43.0
4019.051111111114,7652.496361220816,3815.945953570862,198.0,5,2.0,False,0,7422.173000000001,43.0
4029.021049624432,7601.0,3732.0,199.50000213333334,5,60.5000832,False,0,7422.353,43.0
4032.384444444448,7584.118071627567,3706.6375378804187,200.0,5,80.0,False,0,7422.4130000000005,43.0
4043.7660128593516,7512.0,3619.0,203.57142857142858,5,82.14285714285714,False,0,7422.613,43.0
4048.3288888888924,7462.844391632684,3572.6338935570975,205.0,5,83.0,False,0,7422.693,43.0
4055.151696609121,7386.0,3506.0,205.0,5,83.0,False,0,7422.813,43.0
4057.4400000000032,7367.043443229948,3490.5516342451674,205.0,5,83.0,False,0,7422.853,43.0
4072.567642787277,7288.0,3441.0,210.03611235555556,5,95.23055857777777,False,0,7423.112,43.0
4078.640000000003,7239.560792579302,3413.1048780864835,212.0,5,100.0,False,0,7423.213000000001,43.0
4084.695419452398,7182.0,3381.0,215.88928822857142,5,99.64642834285715,False,0,7423.312,43.0
4095.9844444444475,7061.793619805833,3319.5941836615325,223.0,5,99.0,False,0,7423.493,43.0
4103.510892924486,6984.0,3277.0,225.9750016,5,99.42500022857143,False,0,7423.612,43.0
4113.873333333337,6891.19070104826,3216.2763818700287,230.0,5,100.0,False,0,7423.773,43.0
4127.095555555558,6794.320766512084,3138.407904858701,238.0,6,100.0,False,0,7423.973,43.0
4131.026463681001,6769.0,3116.0,239.1062512,6,100.0,False,0,7424.032,43.0
4137.80666666667,6729.048123752095,3078.3193957073354,241.0,6,100.0,False,0,7424.133,43.0
4150.117723877783,6662.0,3010.0,245.4750016,6,100.0,False,0,7424.312,43.0
4157.095555555559,6620.638627248747,2967.541050655959,248.0,6,100.0,False,0,7424.4130000000005,43.0
4169.41023290716,6530.0,2867.0,248.0,6,100.0,False,0,7424.592000000001,43.0
4170.873333333337,6516.632788330239,2850.8907616415518,248.0,6,100.0,False,0,7424.613,43.0
4184.96916666667,6381.532922592438,2679.698487004408,255.0,6,100.0,False,0,7424.812,43.0
4185.040295472072,6381.0,2679.0,255.00499968,6,100.0,False,0,7424.813,43.0
4199.191388888892,6317.931282551961,2590.811785451371,256.0,6,100.0,False,0,7425.012000000001,43.0
4212.08117955283,6279.0,2524.0,256.0,6,100.0,False,0,7425.193,43.0
4219.173611111115,6244.1518508735335,2464.768556089265,256.0,6,100.0,False,0,7425.293000000001,43.0
4224.819465162612,6214.0,2413.0,256.0,6,100.0,False,0,7425.3730000000005,43.0
4230.551388888893,6185.167281861699,2362.4989640555896,256.0,6,100.0,False,0,7425.453,43.0
4237.993516153662,6151.0,2301.0,262.0714441142857,6,100.0,False,0,7425.553,43.0
4251.784722222226,6094.561712344918,2193.864461243843,273.0,6,100.0,False,0,7425.733,43.0
4262.3734093719095,6040.0,2085.0,273.0,6,100.0,False,0,7425.8730000000005,43.0
4266.951388888893,6010.462988304986,2025.2649056843604,273.0,7,100.0,False,0,7425.933,43.0
4282.5871097172585,5903.0,1806.0,279.25,7,100.0,False,0,7426.133,43.0
4292.106944444448,5855.884731589698,1709.2348613517054,283.0,7,100.0,False,0,7426.253000000001,43.0
4304.862500000005,5813.616804547797,1621.5868316161418,287.0,7,100.0,False,0,7426.4130000000005,43.0
4314.52571747273,5785.0,1562.0,289.25,7,100.0,False,0,7426.533,43.0
4317.751388888893,5775.578799294464,1542.3611905190603,290.0,7,100.0,False,0,7426.573,43.0
4337.081245520258,5715.0,1416.0,290.6666666666667,7,99.33333333333333,False,0,7426.813,43.0
4346.851388888894,5675.199484578572,1333.133156315657,291.0,7,99.0,False,0,7426.933,43.0
4358.405335342614,5624.0,1226.0,293.8636416,7,99.3181824,False,0,7427.073,43.0
4381.842353924063,5523.0,1013.0,299.59091432727274,7,99.95454603636364,False,0,7427.353,43.0
4383.51805555556,5515.951608789389,998.5111459223797,300.0,7,100.0,False,0,7427.3730000000005,43.0
4391.896039415804,5479.0,923.0,300.50000128,7,100.0,False,0,7427.473,43.0
4415.389235435051,5342.0,636.0,301.90000128,7,100.0,False,0,7427.753000000001,43.0
4417.0736111111155,5334.220254752452,619.684267437008,302.0,8,100.0,False,0,7427.773,43.0
4433.962500000003,5281.586133265203,510.0638112462571,304.0,8,100.0,False,0,7427.973,43.0
4445.81207569955,5247.0,439.0,304.70000128,8,100.0,False,0,7428.113,43.0
4450.906944444448,5228.711284759547,401.52841802788373,305.0,8,100.0,False,0,7428.173000000001,43.0
4464.551388888893,5169.826174193229,280.90493349908104,307.0,8,100.0,False,0,7428.3330000000005,43.0
4471.387081852273,5135.0,209.0,307.4,8,100.0,False,0,7428.4130000000005,43.0
4481.662500000003,5076.349426295798,87.1153666655732,308.0,8,100.0,False,0,7428.533,43.0
4486.816701863152,5046.0,24.0,308.50000213333334,8,100.0,False,0,7428.593,43.0
4502.329166666671,4955.60791158868,-163.46723896233294,310.0,8,100.0,False,0,7428.773,43.0
4521.328325220141,4867.0,-347.0,310.7857152,8,100.0,False,0,7428.993,43.0
4526.51805555556,4851.658378550843,-378.8947445646872,311.0,8,100.0,False,0,7429.053,43.0
4550.783127699131,4792.0,-503.0,311.7,8,100.0,False,0,7429.3330000000005,43.0
4561.184722222226,4734.9388086940035,-620.7348104580943,312.0,8,100.0,False,0,7429.453,43.0
4575.043899926924,4649.0,-798.0,312.0,8,100.0,False,0,7429.613,43.0
4585.451388888892,4601.793175107133,-895.717866893448,312.0,8,100.0,False,0,7429.733,43.0
4609.795833333337,4525.54590662776,-1054.121444278789,313.0,8,100.0,False,0,7430.013,43.0
4613.1791851890375,4513.0,-1080.0,312.80499968,8,100.0,False,0,7430.052000000001,43.0
4627.129166666671,4453.415815881383,-1202.396416254817,312.0,8,100.0,False,0,7430.213000000001,43.0
4630.511152744562,4437.0,-1236.0,312.0,8,100.0,False,0,7430.252,43.0
4644.462500000005,4362.655079699135,-1387.767602050218,312.0,8,100.0,False,0,7430.4130000000005,43.0
4649.550193659557,4338.0,-1438.0,311.2624992,8,100.0,False,0,7430.472000000001,43.0
4658.2402777777825,4302.876516955841,-1509.4506314317377,310.0,8,100.0,False,0,7430.573,43.0
4671.932311189948,4254.0,-1608.0,310.0,8,100.0,False,0,7430.732,43.0
4678.9069444444485,4224.457214695639,-1666.8836402774082,310.0,8,100.0,False,0,7430.813,43.0
4692.598461461387,4161.0,-1793.0,310.0,8,100.0,False,0,7430.972000000001,43.0
4692.684722222226,4160.604469877919,-1793.7893471385769,310.0,8,100.0,False,0,7430.973,43.0
4706.506944444449,4098.536236855421,-1918.041744558526,311.0,8,99.0,False,0,7431.133,43.0
4709.871228164131,4084.0,-1947.0,310.8781248,8,99.1218752,False,0,7431.1720000000005,43.0
4732.337924983862,3982.0,-2147.0,310.0624992,8,99.9375008,False,0,7431.433,43.0
4734.062500000004,3971.670218591584,-2167.06197063911,310.0,8,100.0,False,0,7431.453,43.0
4756.525452049134,3816.0,-2468.0,310.93190034537054,8,100.0,False,0,7431.713000000001,43.0
4758.165000000004,3806.3885693174684,-2486.4809171098696,311.0,8,100.0,False,0,7431.732,43.0
4775.473333333338,3729.3238566613186,-2633.550176532367,310.0,8,100.0,False,0,7431.933,43.0
4789.209254684072,3684.0,-2719.0,309.3333333333333,8,100.0,False,0,7432.093,43.0
4796.073333333337,3662.9165114570615,-2758.5670477707945,309.0,8,100.0,False,0,7432.173000000001,43.0
4813.240000000004,3607.356605828688,-2861.0201761943135,309.0,8,100.0,False,0,7432.3730000000005,43.0
4821.826867324503,3560.0,-2945.0,309.0,8,100.0,False,0,7432.473,43.0
4830.406666666671,3495.880509414288,-3057.161440081798,309.0,8,100.0,False,0,7432.573,43.0
4842.390891195186,3406.0,-3213.0,308.5624992,8,100.0,False,0,7432.713000000001,43.0
4857.784444444448,3352.6522013008685,-3303.2873526718113,308.0,8,100.0,False,0,7432.893,43.0
4869.741724615017,3317.0,-3358.0,307.1249984,8,100.0,False,0,7433.033,43.0
4871.428888888893,3309.8169995108983,-3368.8426616689585,307.0,8,100.0,False,0,7433.053,43.0
4891.162222222226,3193.9669199895507,-3537.6578002112433,296.0,8,73.0,True,0,7433.293000000001,43.0
4892.777847908989,3184.0,-3551.0,294.8749856,8,66.6249184,True,0,7433.313,43.0
4899.20064567722,3144.0,-3602.0,290.3749856,8,41.1249184,True,0,7433.393,43.0
4903.917777777781,3110.1517601877304,-3642.433724099041,287.0,8,22.0,True,0,7433.453,43.0
4916.00666666667,3003.1142269755746,-3760.77585982927,272.0,8,18.0,True,0,7433.613,43.0
4924.795671646555,2931.0,-3834.0,265.5,8,16.0,True,0,7433.733,43.0
4933.273333333337,2874.378073439643,-3884.9253948439646,259.0,8,14.0,True,0,7433.853,43.0
4949.140000000003,2778.9158273220382,-3948.0860699654245,238.0,7,14.0,True,0,7434.093,43.0
4950.433468908258,2769.0,-3954.0,237.29999104,7,13.89999872,True,0,7434.113,43.0
4961.973333333337,2667.0,-4011.0,231.0,7,13.0,True,0,7434.293000000001,43.0
4968.306597395771,2609.0,-4038.0,228.91666133333334,7,13.0,True,0,7434.393,43.0
4977.040000000004,2538.3891610981873,-4065.7186676257184,226.0,6,13.0,False,0,7434.533,43.0
4986.773333333337,2462.4325790451326,-4087.499495192488,219.0,6,13.0,False,0,7434.693,43.0
4987.977646981421,2452.0,-4090.0,218.6666624,6,13.7500096,False,0,7434.713000000001,43.0
5001.10666666667,2325.5318596658835,-4112.864815257168,215.0,5,22.0,False,0,7434.933,43.0
5003.482948589393,2302.0,-4115.0,214.5,5,24.0,False,0,7434.973,43.0
5010.573333333336,2232.128670516535,-4116.703065595231,213.0,5,30.0,False,0,7435.093,43.0
5012.908934681457,2209.0,-4116.0,212.16666666666666,5,33.333333333333336,False,0,7435.133,43.0
5024.440000000003,2094.0291774190996,-4104.1283720383435,208.0,5,50.0,False,0,7435.3330000000005,43.0
5026.746338478045,2071.0,-4100.0,208.0,5,53.4,False,0,7435.3730000000005,43.0
5031.366097132903,2025.0,-4090.0,208.0,5,60.2,False,0,7435.453,43.0
5035.995555555558,1980.1154470270853,-4077.985164410957,208.0,5,67.0,False,0,7435.533,43.0
5044.1207201253,1904.0,-4052.0,208.50000091428572,5,70.5000064,False,0,7435.673000000001,43.0
5052.2511111111135,1829.7474716145407,-4019.355994507498,209.0,5,74.0,False,0,7435.813,43.0
5054.5704987748995,1809.0,-4009.0,209.0,5,74.75,False,0,7435.853,43.0
5061.540000000002,1748.1985452221054,-3975.4608472870564,209.0,5,77.0,False,0,7435.973,43.0
5066.227131797293,1709.0,-3951.0,210.2,5,80.6,False,0,7436.053,43.0
5073.31777777778,1652.3382004360624,-3911.093831872668,212.0,5,86.0,False,0,7436.173000000001,43.0
5079.273526023982,1605.0,-3873.0,213.2500032,5,88.5000064,False,0,7436.273,43.0
5087.651111111114,1535.8375298446606,-3809.8155597458663,215.0,5,92.0,False,0,7436.4130000000005,43.0
5099.651111111113,1436.8735194388519,-3703.6714013307296,216.0,5,100.0,False,0,7436.613,43.0
5100.802379020368,1428.0,-3693.0,216.2638897777778,5,100.0,False,0,7436.6320000000005,43.0
5121.7511111111135,1289.687065115346,-3496.07420295909,221.0,5,100.0,False,0,7436.973,43.0
5126.598281323917,1268.0,-3461.0,221.0,5,100.0,False,0,7437.052000000001,43.0
5131.573333333336,1250.8315649343024,-3431.77292193001,221.0,5,100.0,False,0,7437.133,43.0
5142.652136966313,1220.0,-3374.0,222.1187504,5,99.4406248,False,0,7437.312,43.0
5151.3955555555585,1184.9673786303715,-3307.4742566020864,223.0,5,99.0,False,0,7437.453,43.0
5158.756247679873,1144.0,-3231.0,223.0,5,99.0,False,0,7437.572,43.0
5161.306666666669,1126.8883177004047,-3199.506473012557,223.0,6,99.0,False,0,7437.613,43.0
5177.705299122991,1010.0,-2988.0,226.2375008,6,99.0,False,0,7437.872,43.0
5191.840000000003,970.9000956254293,-2922.4636694599026,229.0,6,99.0,False,0,7438.093,43.0
5198.214970862924,950.0,-2891.0,229.62893217451787,6,99.62893217451787,False,0,7438.193,43.0
5201.998333333337,932.2924333063597,-2864.2996972171863,230.0,6,100.0,False,0,7438.252,43.0
5212.458571276762,871.0,-2773.0,233.20397984604332,6,99.19900503848916,False,0,7438.4130000000005,43.0
5215.063333333336,855.6423812171033,-2750.8488243230167,234.0,6,99.0,False,0,7438.453,43.0
5225.463333333336,794.9528141244439,-2666.2565363874855,234.0,6,99.0,False,0,7438.613,43.0
5229.368653368625,772.0,-2635.0,234.3750016,6,99.0,False,0,7438.673000000001,43.0
5235.907777777781,733.2855343808064,-2582.928976074552,235.0,6,99.0,False,0,7438.773,43.0
5241.19129909291,702.0,-2541.0,236.14285714285714,6,99.28571428571429,False,0,7438.853,43.0
5251.843898175966,639.0,-2456.0,238.42857142857142,6,99.85714285714286,False,0,7439.013,43.0
5254.4966666666705,623.3087341034568,-2434.693515445651,239.0,6,100.0,False,0,7439.053,43.0
5265.074444444448,560.7450290932198,-2349.3219375168583,238.0,6,99.0,False,0,7439.213000000001,43.0
5269.063692051035,537.0,-2317.0,238.7500032,6,99.0,False,0,7439.273,43.0
5275.741111111114,496.91574886827715,-2262.6459209428895,240.0,6,99.0,False,0,7439.3730000000005,43.0
5282.433487800878,458.0,-2210.0,240.41666773333333,6,99.0,False,0,7439.473,43.0
5291.807777777781,406.0,-2140.0,241.0,6,99.0,False,0,7439.613,43.0
5307.874444444448,293.3794286566642,-1993.6409171392606,241.0,6,99.0,False,0,7439.853,43.0
5311.9305174987585,267.0,-1960.0,242.1250048,6,99.0,False,0,7439.9130000000005,43.0
5318.718888888892,227.98180720513457,-1910.8150209516032,244.0,6,99.0,False,0,7440.013,43.0
5332.274444444448,156.0,-1823.0,244.0,6,99.0,False,0,7440.213000000001,43.0
5345.663333333337,68.65661150956632,-1720.1538569755799,241.0,6,99.0,False,0,7440.4130000000005,43.0
5346.999828578242,60.0,-1710.0,240.8124976,6,99.0,False,0,7440.433,43.0
5359.017408797174,-18.0,-1619.0,239.125,6,99.0,False,0,7440.613,43.0
5366.818888888892,-82.12621248481193,-1546.2776296182951,238.0,6,99.0,False,0,7440.733,43.0
5376.807118032095,-170.0,-1448.0,228.22222222222223,6,91.0,False,0,7440.893,43.0
5388.418888888892,-254.0,-1354.0,216.0,6,81.0,True,0,7441.093,43.0
5398.808336397264,-330.0,-1267.0,193.14285714285714,6,24.571428571428577,True,0,7441.293000000001,43.0
5402.730000000003,-358.80911709993586,-1234.898251043417,184.0,6,2.0,True,0,7441.3730000000005,43.0
5408.429130274955,-400.0,-1190.0,176.28571428571428,6,1.5714285714285714,True,0,7441.493,43.0
5415.641111111115,-450.73840726918087,-1135.721203080179,166.0,6,1.0,True,0,7441.653,43.0
5418.215083202664,-469.0,-1117.0,160.374976,6,1.0,True,0,7441.713000000001,43.0
5422.3522222222255,-498.83449511180453,-1087.7716362461074,151.0,6,1.0,True,0,7441.813,43.0
5427.078741026602,-534.0,-1056.0,145.85714285714286,6,1.0,True,0,7441.933,43.0
5433.163333333337,-581.0,-1019.0,139.0,6,1.0,True,0,7442.093,43.0
5442.163333333337,-656.0,-972.0,135.0,3,1.0,True,0,7442.3330000000005,43.0
5448.885555555558,-718.5793438130843,-943.3972057442073,121.0,3,1.0,True,0,7442.533,43.0
5449.530038066725,-725.0,-941.0,120.35713462857143,3,1.0,True,0,7442.553,43.0
5456.9912838509135,-803.0,-919.0,112.64284891428571,3,1.0,True,0,7442.793000000001,43.0
5457.596666666669,-809.0652189543991,-917.8873731559154,112.0,2,1.0,True,0,7442.813,43.0
5464.67372082705,-876.0,-912.0,107.5187488,2,1.0,True,0,7443.052000000001,43.0
5467.0188888888915,-898.3550238892644,-911.3638031810638,106.0,2,1.0,False,0,7443.133,43.0
5472.68283169705,-957.0,-915.0,103.15714194285714,2,10.239288685714286,False,0,7443.332,43.0
5474.952222222225,-984.5953942118801,-920.8358675293059,102.0,2,14.0,False,0,7443.4130000000005,43.0
5480.479763874649,-1052.0,-942.0,100.00999936,2,27.93000448,False,0,7443.612,43.0
5480.507777777781,-1052.2793747462451,-942.1053190862592,100.0,2,28.0,False,0,7443.613,43.0
5485.041111111114,-1088.1777934203865,-958.3123759656401,102.0,2,34.0,False,0,7443.773,43.0
5490.818888888892,-1122.56397391106,-981.8657678034733,104.0,2,41.0,False,0,7443.973,43.0
5491.954605531302,-1131.0,-988.0,104.41785782857143,2,42.67143131428571,False,0,7444.012000000001,43.0
5497.26441152008,-1175.0,-1021.0,106.34642925714286,2,50.38571702857143,False,0,7444.192,43.0
5499.141111111114,-1188.5586130088666,-1031.6406240409524,107.0,2,53.0,False,0,7444.253000000001,43.0
5503.601690809643,-1224.0,-1059.0,111.964288,2,55.9785728,False,0,7444.392,43.0
5508.241111111114,-1286.4433285595726,-1103.246307559464,117.0,2,59.0,False,0,7444.533,43.0
5510.858050064629,-1320.0,-1126.0,117.0,2,42.42857142857143,False,0,7444.613,43.0
5517.3411111111145,-1367.4810876528745,-1153.964740263034,117.0,3,1.0,False,0,7444.813,43.0
5525.0077777777815,-1407.0,-1162.0,115.0,3,18.0,False,0,7445.053,43.0
5530.80262488274,-1462.0,-1172.0,115.50000071111111,3,24.000008533333332,False,0,7445.233,43.0
5536.607777777782,-1513.6881179042803,-1171.691351742204,116.0,3,30.0,False,0,7445.4130000000005,43.0
5537.892458232792,-1531.0,-1169.0,116.0,3,30.4,False,0,7445.453,43.0
5542.373512186298,-1609.0,-1153.0,116.0,3,31.80000256,False,0,7445.593,43.0
5549.4966666666705,-1681.6957883522687,-1132.9621626662106,116.0,3,34.0,False,0,7445.813,43.0
5558.929011397249,-1732.0,-1107.0,120.08333333333333,3,44.5,False,0,7446.093,43.0
5564.488916224116,-1780.0,-1083.0,122.41666666666667,3,50.5,False,0,7446.253000000001,43.0
5565.896666666671,-1791.2406656317094,-1076.6098012976104,123.0,3,52.0,False,0,7446.293000000001,43.0
5570.1634269219,-1825.0,-1054.0,126.6,3,56.2,False,0,7446.4130000000005,43.0
5573.063333333338,-1853.3873803785705,-1031.63052024997,129.0,3,59.0,False,0,7446.493,43.0
5580.554744456764,-1928.0,-966.0,134.0,3,61.857142857142854,False,0,7446.693,43.0
5583.641111111116,-1946.4404971168954,-947.6148534391883,136.0,3,63.0,False,0,7446.773,43.0
5591.530000000004,-1975.2305864340851,-911.7484042912237,142.0,3,69.0,False,0,7446.973,43.0
5592.321694968734,-1979.0,-907.0,142.1666688,3,69.833344,False,0,7446.993,43.0
5601.130000000005,-2033.9719068762547,-838.8143935703608,144.0,3,79.0,False,0,7447.213000000001,43.0
5602.797360985398,-2045.0,-825.0,146.0,3,79.4,False,0,7447.253000000001,43.0
5609.68555555556,-2089.5539499890383,-768.2272865242877,154.0,3,81.0,False,0,7447.4130000000005,43.0
5615.022550453159,-2121.0,-724.0,157.85714285714286,3,83.14285714285714,False,0,7447.533,43.0
5622.363333333338,-2157.721655805789,-662.7729817072101,163.0,3,86.0,False,0,7447.693,43.0
5631.914517618486,-2198.0,-581.0,169.875,3,87.25,False,0,7447.893,43.0
5637.8300000000045,-2220.841025303245,-528.1458653769853,174.0,4,88.0,False,0,7448.013,43.0
5639.830841429086,-2228.0,-510.0,175.375,4,88.375,False,0,7448.053,43.0
5654.27444444445,-2270.4046593885882,-376.0843121783824,185.0,4,91.0,False,0,7448.3330000000005,43.0
5655.339465207831,-2273.0,-366.0,185.72223146666667,4,91.1666688,False,0,7448.353,43.0
5660.733662051695,-2285.0,-315.0,189.33333333333334,4,92.0,False,0,7448.453,43.0
5674.07444444445,-2304.0,-187.0,198.0,4,94.0,False,0,7448.693,43.0
5686.657960887978,-2314.0,-19.0,203.5000064,4,96.20000256,False,0,7448.9130000000005,43.0
5697.18555555556,-2312.9984094300926,68.00060511145263,208.0,5,98.0,False,0,7449.093,43.0
5706.741111111116,-2305.3423315911414,133.61452683096007,215.0,5,100.0,False,0,7449.253000000001,43.0
5707.96041865133,-2304.0,144.0,215.6875088,5,100.0,False,0,7449.273,43.0
5717.942282188499,-2290.0,240.0,221.1875088,5,100.0,False,0,7449.433,43.0
5726.830000000005,-2272.1684468445046,323.8252923196909,226.0,5,100.0,False,0,7449.573,43.0
5731.856619067992,-2259.0,372.0,227.31666773333333,5,100.0,False,0,7449.652,43.0
5742.163333333338,-2223.7303816919584,475.8527754473905,230.0,5,100.0,False,0,7449.813,43.0
5744.684209042032,-2213.0,502.0,230.7312512,5,100.0,False,0,7449.852,43.0
5756.447014485614,-2154.0,624.0,234.1062512,5,100.0,False,0,7450.032,43.0
5763.1411111111165,-2120.426548765973,686.1298596997974,236.0,6,100.0,False,0,7450.133,43.0
5772.46322234884,-2075.0,763.0,240.17000192,6,100.0,False,0,7450.272,43.0
5776.585555555561,-2055.087368936191,794.0275811406495,242.0,6,100.0,False,0,7450.3330000000005,43.0
5790.128434025207,-1989.0,889.0,244.98500096,6,100.0,False,0,7450.532,43.0
5790.196666666671,-1988.655727719454,889.4870450248803,245.0,6,100.0,False,0,7450.533,43.0
5803.918888888894,-1910.9076920786558,998.365436799744,247.0,6,100.0,False,0,7450.733,43.0
5805.242154358049,-1901.0,1012.0,247.55416853333332,6,100.0,False,0,7450.752,43.0
5820.852222222227,-1755.7753008650895,1209.3172624889191,254.0,6,100.0,False,0,7450.973,43.0
5823.610580730661,-1733.0,1240.0,254.0,6,100.0,False,0,7451.012000000001,43.0
5826.790027683048,-1709.4621885170106,1271.6046506652772,254.0,6,100.0,False,0,7451.057000000001,43.0
-0.060180600601963175,-1726.5497091936845,1248.793528429539,254.0,6,100.0,False,0,7451.057,44.0
11.00666666666667,-1691.8523962924767,1294.5905909677144,254.0,6,100.0,False,0,7451.213,44.0
24.04409083991125,-1628.0,1377.0,260.30000896,6,100.0,False,0,7451.393,44.0
25.506666666666668,-1619.3303925854511,1388.111660855075,261.0,6,100.0,False,0,7451.413,44.0
29.909244645598786,-1592.0,1423.0,262.1250048,6,99.8124992,False,0,7451.473,44.0
49.24000000000001,-1471.6503777109322,1573.0167232990448,267.0,7,99.0,False,0,7451.733,44.0
52.24964071498454,-1454.0,1595.0,267.85714285714283,7,99.14285714285714,False,0,7451.773,44.0
65.89941848173603,-1371.0,1701.0,271.7142912,7,99.7857152,False,0,7451.9529999999995,44.0
70.47333333333333,-1333.1738851883752,1751.924111434836,273.0,7,100.0,False,0,7452.013,44.0
84.25040668668649,-1209.0,1923.0,274.9285741714286,7,99.35714194285714,False,0,7452.193,44.0
91.94,-1165.4694009677896,1983.0117542288458,276.0,7,99.0,False,0,7452.293,44.0
110.53999999999999,-1105.9133775741757,2064.548361431387,279.0,7,100.0,False,0,7452.532999999999,44.0
112.10806088043391,-1099.0,2074.0,279.4285769142857,7,100.0,False,0,7452.553,44.0
127.94189353149518,-1007.0,2200.0,283.7142912,7,100.0,False,0,7452.753,44.0
132.70666666666665,-972.008757724461,2248.1777231759875,285.0,7,100.0,False,0,7452.813,44.0
145.41777777777776,-870.9319281619181,2387.7410929627927,286.0,7,100.0,False,0,7452.973,44.0
148.6082473357096,-849.0,2418.0,286.4,7,100.0,False,0,7453.013,44.0
161.41777777777776,-779.6885545502269,2513.4051331999494,288.0,7,100.0,False,0,7453.173,44.0
174.26222222222216,-727.9738689481568,2584.4977891465273,289.0,7,100.0,False,0,7453.333,44.0
180.72861511815665,-698.0,2626.0,290.0,7,100.0,False,0,7453.413,44.0
193.72888888888886,-628.169883009617,2723.4335050713075,292.0,7,100.0,False,0,7453.572999999999,44.0
200.23428266104372,-586.0,2784.0,292.3333333333333,7,100.0,False,0,7453.652999999999,44.0
213.26222222222216,-488.4680754742034,2928.0711829862234,293.0,7,100.0,False,0,7453.813,44.0
216.5262010059729,-467.0,2960.0,293.25,7,100.0,False,0,7453.853,44.0
226.32888888888886,-416.74515390776395,3034.771509702088,294.0,7,100.0,False,0,7453.973,44.0
241.02865442534204,-358.0,3123.0,294.0,7,99.24999893333333,False,0,7454.152999999999,44.0
245.92888888888888,-334.51812543011226,3158.691508927626,294.0,7,99.0,False,0,7454.213,44.0
270.4383760683702,-195.0,3368.0,294.0,7,99.68181876363636,False,0,7454.513,44.0
273.7040091835479,-176.0,3395.0,294.0,7,99.77272785454545,False,0,7454.553,44.0
281.8622222222222,-133.93661926104937,3455.5792317480045,294.0,7,100.0,False,0,7454.652999999999,44.0
301.3955555555555,-21.50765777904016,3613.5082704835177,293.0,7,100.0,False,0,7454.893,44.0
303.0177545613645,-6.0,3634.0,292.8749984,7,100.0,False,0,7454.913,44.0
317.57358997936507,152.0,3839.0,291.75,7,100.0,False,0,7455.093,44.0
327.2622222222222,190.65316211022,3890.3562486126875,291.0,7,100.0,False,0,7455.213,44.0
340.18309872950545,224.0,3926.0,290.6,7,100.0,False,0,7455.373,44.0
359.4844444444444,440.9858723677373,4152.496925864407,290.0,7,100.0,False,0,7455.612999999999,44.0
362.67857070086524,470.0,4182.0,289.25,7,100.0,False,0,7455.652999999999,44.0
372.24,522.4800817466105,4232.5312037415915,287.0,7,100.0,False,0,7455.773,44.0
386.59734235115815,568.0,4262.0,287.0,7,100.0,False,0,7455.9529999999995,44.0
388.18444444444447,576.9515852117942,4267.846243435539,287.0,7,100.0,False,0,7455.973,44.0
410.08058437141113,766.0,4384.0,283.1249991111111,7,100.0,False,0,7456.2519999999995,44.0
416.3844444444444,826.3811840915416,4411.642384553959,282.0,7,100.0,False,0,7456.333,44.0
431.8114658169589,970.0,4461.0,279.5124992,7,100.0,False,0,7456.532,44.0
434.9844444444444,997.1185593783362,4468.852547990888,279.0,7,100.0,False,0,7456.572999999999,44.0
445.7345776191039,1107.0,4492.0,278.6138887111111,7,100.0,False,0,7456.7119999999995,44.0
458.0867562652188,1324.0,4517.0,278.1694442666667,7,100.0,False,0,7456.871999999999,44.0
462.78444444444443,1385.2392652724197,4522.379724254908,278.0,7,100.0,False,0,7456.933,44.0
487.25262309731374,1527.0,4519.0,276.40499968,7,100.0,False,0,7457.2519999999995,44.0
493.45111111111106,1583.0500961138598,4517.446222966681,276.0,7,100.0,False,0,7457.333,44.0
501.02271281636,1665.0,4514.0,275.6464283428571,7,100.0,False,0,7457.432,44.0
514.8399999999999,1832.249247898456,4496.172742611963,275.0,7,100.0,False,0,7457.612999999999,44.0
525.4866758745883,1968.0,4479.0,274.4999990857143,7,100.0,False,0,7457.753,44.0
536.151111111111,2102.998998010915,4463.722641448943,274.0,7,100.0,False,0,7457.893,44.0
557.6180868171139,2331.0,4441.0,275.9928812005936,7,99.00355939970319,False,0,7458.173,44.0
557.6944444444443,2331.5715423659867,4440.945247046129,276.0,7,99.0,False,0,7458.174,44.0
572.9166666666666,2408.8614913242063,4433.896939003802,274.0,7,100.0,False,0,7458.374,44.0
585.0625,2491.570293797827,4437.295528356693,275.0,7,100.0,False,0,7458.532999999999,44.0
588.1018138969656,2528.0,4440.0,274.6,7,100.0,False,0,7458.572999999999,44.0
604.6591096341385,2781.0,4463.0,272.39999744,7,100.0,False,0,7458.793,44.0
615.1736111111111,2832.3711310854696,4471.363160938261,271.0,7,100.0,False,0,7458.933,44.0
622.703180831817,2862.0,4481.0,271.0,7,100.0,False,0,7459.032999999999,44.0
633.2402777777777,2958.9972550558514,4508.049652947514,271.0,7,100.0,False,0,7459.173,44.0
639.2380286887814,3022.0,4527.0,270.5,7,100.0,False,0,7459.253,44.0
657.1513888888888,3185.2345968856052,4590.825173797579,269.0,7,100.0,False,0,7459.4929999999995,44.0
663.11024308702,3242.0,4620.0,268.7142857142857,7,100.0,False,0,7459.572999999999,44.0
677.9958333333333,3395.5791447462097,4711.950619375231,268.0,7,100.0,False,0,7459.773,44.0
680.9740130646684,3422.0,4729.0,268.0,7,100.0,False,0,7459.813,44.0
692.8847222222222,3502.782886827203,4785.005067985462,268.0,7,100.0,False,0,7459.973,44.0
703.2862987199464,3577.0,4847.0,267.64999936,7,99.64999936,False,0,7460.112999999999,44.0
722.5513888888889,3781.813009313865,5037.153383422676,267.0,7,99.0,False,0,7460.373,44.0
726.9885751144336,3817.0,5071.0,266.74999893333336,7,99.0,False,0,7460.433,44.0
740.2847222222222,3870.4470940476235,5125.4009704258315,266.0,6,99.0,False,0,7460.612999999999,44.0
747.6660826033964,3901.0,5157.0,266.0,6,99.0,False,0,7460.713,44.0
755.0625,3948.9268871967697,5205.0312263561655,266.0,6,99.0,False,0,7460.813,44.0
763.9735811570162,4017.0,5272.0,264.8,6,97.2,False,0,7460.933,44.0
769.7291666666666,4059.988309908769,5313.516572020806,264.0,6,96.0,True,0,7461.013,44.0
776.5449728977828,4112.0,5363.0,254.55553137777778,6,70.7221575111111,True,0,7461.112999999999,44.0
789.1064015579287,4214.0,5458.0,235.6666424888889,6,20.16660195555555,True,0,7461.313,44.0
792.7291666666667,4243.568491636708,5484.7538846503685,230.0,6,5.0,True,0,7461.373,44.0
798.6440448097397,4291.0,5527.0,221.42854948571429,6,3.2142811428571427,True,0,7461.473,44.0
808.751388888889,4368.506393018457,5594.831238693907,206.0,6,0.0,True,0,7461.652999999999,44.0
812.9281154640782,4404.0,5625.0,200.0,6,0.0,True,0,7461.733,44.0
828.072731267706,4551.0,5746.0,176.0,6,0.0,True,0,7462.053,44.0
829.8958333333334,4564.182114322589,5757.025623108324,173.0,5,0.0,True,0,7462.093,44.0
838.7847222222223,4609.914211077317,5795.441153452289,160.0,4,0.0,True,0,7462.293,44.0
843.7038946973628,4651.0,5820.0,151.6,4,0.0,True,0,7462.413,44.0
846.8958333333334,4690.219998941634,5840.070138162551,146.0,3,0.0,True,0,7462.4929999999995,44.0
853.2069444444445,4777.671903579295,5880.461808770214,142.0,3,0.0,True,0,7462.652999999999,44.0
853.9705600682692,4786.0,5884.0,141.22221226666667,3,0.0,True,0,7462.673,44.0
866.0069444444445,4857.879580846927,5898.8069691419905,128.0,2,0.0,True,0,7463.013,44.0
866.6427296259674,4863.0,5899.0,127.25356891428571,2,0.0,True,0,7463.032,44.0
872.5158636775786,4925.0,5901.0,120.18214034285714,2,0.0,True,0,7463.2119999999995,44.0
875.1069444444445,4952.291856419214,5899.664836220307,117.0,2,0.0,True,0,7463.293,44.0
878.8758444966812,4990.0,5895.0,114.61999872,2,0.0,True,0,7463.411999999999,44.0
881.3847222222222,5015.014319441419,5890.503341152212,113.0,2,0.0,True,0,7463.4929999999995,44.0
887.2753231337091,5074.0,5874.0,108.92954414545454,2,0.0,True,0,7463.692,44.0
891.8123233042122,5118.0,5854.0,105.65681687272728,2,0.0,True,0,7463.852,44.0
894.0958333333333,5138.374609542507,5842.814834760443,104.0,2,0.0,False,0,7463.933,44.0
896.8754821860662,5162.0,5828.0,102.93928502857143,2,2.4750015999999997,False,0,7464.032,44.0
901.9513888888889,5203.489305179634,5796.369302513077,101.0,2,7.0,False,0,7464.213,44.0
903.0505906864288,5212.0,5789.0,101.19500032,2,12.46000896,False,0,7464.2519999999995,44.0
907.6180555555555,5245.178644682595,5756.917152732221,102.0,2,35.0,False,0,7464.413,44.0
909.9137761030461,5260.0,5740.0,102.8,2,36.2,False,0,7464.4929999999995,44.0
913.3958333333333,5279.8375131281,5713.363663869874,104.0,2,38.0,False,0,7464.612999999999,44.0
914.5682969745012,5286.0,5704.0,104.37383155210075,2,38.872273621568425,False,0,7464.652999999999,44.0
922.9066725754296,5324.0,5631.0,106.99065241680603,2,44.97818897254741,False,0,7464.933,44.0
922.9366666666666,5324.117310078156,5630.71959802783,107.0,2,45.0,False,0,7464.934,44.0
928.3303295151595,5343.0,5579.0,108.4916672,2,44.2541664,False,0,7465.112999999999,44.0
930.2033333333333,5348.603123597245,5561.199582781903,109.0,2,44.0,False,0,7465.174,44.0
934.5642563347019,5360.0,5520.0,111.6144228400288,2,47.05015998003359,False,0,7465.313,44.0
939.7364314782143,5371.0,5470.0,114.62382904004757,2,50.5611338800555,False,0,7465.473,44.0
940.393611111111,5372.169188920158,5463.671146957515,115.0,2,51.0,False,0,7465.4929999999995,44.0
945.0600628300496,5379.0,5419.0,118.5000064,2,56.833344,False,0,7465.633,44.0
948.4602777777777,5382.503807289111,5386.3642175162495,121.0,2,61.0,False,0,7465.733,44.0
951.2189213306089,5385.0,5359.0,123.0,2,63.8,False,0,7465.813,44.0
955.4602777777777,5388.935107072253,5314.783140499177,126.0,2,68.0,False,0,7465.933,44.0
964.4898314712254,5398.0,5222.0,131.4,2,33.2,False,0,7466.173,44.0
970.4602777777777,5405.517431327331,5165.12108575624,135.0,2,10.0,True,0,7466.333,44.0
976.1047222222222,5415.474233589041,5111.55873670378,127.0,2,7.0,True,0,7466.4929999999995,44.0
976.7810862857075,5417.0,5105.0,126.14284617142857,2,6.928570514285714,True,0,7466.513,44.0
985.0491666666667,5442.58056805659,5022.963871796941,115.0,2,6.0,True,0,7466.773,44.0
985.6614580390728,5445.0,5017.0,114.54999424,2,6.0,True,0,7466.793,44.0
990.4694532293752,5466.0,4972.0,110.94999424,2,6.0,True,0,7466.9529999999995,44.0
996.2606882159306,5497.0,4921.0,106.44999424,2,6.0,True,0,7467.152999999999,44.0
996.8269444444445,5501.985246522004,4914.442085874977,106.0,2,6.0,True,0,7467.173,44.0
1001.271388888889,5552.243700691108,4854.461574710912,100.0,2,6.0,True,0,7467.333,44.0
1001.8157607579577,5558.0,4848.0,99.59999488,2,5.69999616,True,0,7467.353,44.0
1006.6047222222222,5597.252819897585,4808.10992254743,96.0,2,3.0,True,0,7467.532999999999,44.0
1011.7158333333333,5623.854776924193,4789.370170549678,92.0,2,0.0,True,0,7467.733,44.0
1013.2130227068162,5632.0,4784.0,90.8749952,2,0.0,True,0,7467.793,44.0
1015.6713888888888,5645.926578276974,4775.0585220725625,89.0,2,0.0,True,0,7467.893,44.0
1019.9779346989818,5674.0,4759.0,86.29999616,2,0.0,True,0,7468.072999999999,44.0
1020.4491666666667,5677.577347628644,4757.219619177417,86.0,2,0.0,True,0,7468.093,44.0
1025.9824999999998,5727.14351431542,4736.889529273564,83.0,2,0.0,False,0,7468.333,44.0
1028.1884469576853,5749.0,4732.0,80.99999488,2,3.50000896,False,0,7468.433,44.0
1030.3713888888888,5770.74819286683,4730.137247901126,79.0,2,7.0,False,0,7468.532999999999,44.0
1031.690022803629,5783.0,4730.0,79.25000106666667,2,11.000017066666667,False,0,7468.593,44.0
1035.7047222222222,5816.561614329603,4734.19377581239,80.0,2,23.0,False,0,7468.773,44.0
1037.07362475197,5833.0,4741.0,80.66666951111111,2,24.5000064,False,0,7468.833,44.0
1041.2708996989898,5898.0,4777.0,82.66666666666667,2,29.0,False,0,7469.013,44.0
1044.1047222222223,5922.324744590757,4792.540358102635,84.0,2,32.0,False,0,7469.133,44.0
1048.8825000000002,5935.670028404325,4806.55930358324,86.0,2,39.0,False,0,7469.333,44.0
1049.8342407877144,5940.0,4811.0,86.65000106666666,2,39.16250026666667,False,0,7469.371999999999,44.0
1054.8825000000002,5974.1822303627505,4844.489960328157,90.0,2,40.0,False,0,7469.572999999999,44.0
1058.013775938632,5996.0,4868.0,92.6031264,2,44.834377599999996,False,0,7469.692,44.0
1059.6335115234974,6006.0,4880.0,93.9156264,2,47.271877599999996,False,0,7469.7519999999995,44.0
1063.5047222222224,6029.373860563649,4909.5227072472235,97.0,2,53.0,False,0,7469.893,44.0
1067.4057020492291,6052.0,4940.0,100.4750016,2,53.69500032,False,0,7470.032,44.0
1069.1713888888892,6061.629251326767,4953.6331665504395,102.0,2,54.0,False,0,7470.093,44.0
1072.738878884074,6081.0,4983.0,105.30555733333334,2,58.958336,False,0,7470.2119999999995,44.0
1080.3713888888892,6127.747690901616,5065.595597930912,112.0,2,69.0,False,0,7470.4529999999995,44.0
1081.6404218029074,6135.0,5080.0,113.7062528,2,69.2437504,False,0,7470.492,44.0
1085.6602777777782,6155.825602927434,5124.849526766423,119.0,2,70.0,False,0,7470.612999999999,44.0
1091.2602777777781,6179.149696470124,5181.016225570282,126.0,2,73.0,False,0,7470.773,44.0
1092.6612616159898,6184.0,5193.0,127.11428754285714,2,74.39285942857143,False,0,7470.812,44.0
1101.6825000000003,6206.720437477976,5251.686302916657,134.0,2,83.0,False,0,7471.053,44.0
1109.893258405606,6225.0,5308.0,142.97755181124703,2,90.48129317603917,False,0,7471.253,44.0
1117.6913466408669,6246.0,5380.0,151.05735993263565,2,97.2144666105297,False,0,7471.433,44.0
1118.6136111111114,6248.42400850097,5388.719120573825,152.0,3,98.0,False,0,7471.454,44.0
1124.7969958568694,6264.0,5447.0,158.9500032,3,98.69500032,False,0,7471.593,44.0
1127.6136111111116,6270.822562042002,5473.642235166999,162.0,3,99.0,False,0,7471.6539999999995,44.0
1134.3494479469832,6286.0,5536.0,170.687504,3,99.0,False,0,7471.793,44.0
1139.4136111111115,6296.079386692755,5581.418073289986,177.0,3,99.0,False,0,7471.894,44.0
1142.4055679848923,6302.0,5612.0,178.97489912627879,3,99.0,False,0,7471.9529999999995,44.0
1151.695555555556,6321.160931685665,5734.34831882617,185.0,4,99.0,False,0,7472.133,44.0
1156.969708726576,6329.0,5802.0,188.125008,4,99.6250016,False,0,7472.233,44.0
1160.1400000000003,6331.923466164762,5838.014484823269,190.0,4,100.0,False,0,7472.293,44.0
1168.5844444444447,6333.591511522018,5919.605853477138,190.0,4,100.0,False,0,7472.4529999999995,44.0
1173.9966512023284,6332.0,5971.0,194.00001024,4,100.0,False,0,7472.553,44.0
1179.5844444444447,6328.862057090306,6025.731299910658,198.0,4,100.0,False,0,7472.652999999999,44.0
1180.7287340419393,6328.0,6037.0,199.40001792,4,100.0,False,0,7472.673,44.0
1190.1614645519462,6318.0,6130.0,210.60001792,4,100.0,False,0,7472.833,44.0
1191.3622222222225,6316.360092746888,6141.80583423283,212.0,4,100.0,False,0,7472.853,44.0
1208.4701310588043,6284.0,6308.0,219.0,4,99.125,False,0,7473.133,44.0
1210.9177777777782,6277.856663664339,6331.362821342342,220.0,5,99.0,False,0,7473.173,44.0
1220.695555555556,6249.261958237138,6423.825248714266,220.0,5,99.0,False,0,7473.333,44.0
1223.161391974101,6241.0,6447.0,221.0,5,99.2,False,0,7473.373,44.0
1233.195555555556,6203.429048878163,6540.041178754446,225.0,5,100.0,False,0,7473.532999999999,44.0
1235.7709314602475,6193.0,6563.0,227.2,5,100.0,False,0,7473.572999999999,44.0
1239.6876793164122,6176.0,6598.0,230.50001408,5,100.0,False,0,7473.633,44.0
1246.306666666667,6135.746371816191,6670.541883304222,236.0,5,100.0,False,0,7473.733,44.0
1259.7693872828727,6038.0,6828.0,240.5,5,100.0,False,0,7473.933,44.0
1273.5288888888895,5981.644504203651,6905.668832389973,245.0,6,100.0,False,0,7474.133,44.0
1281.925683783104,5945.0,6947.0,248.42857142857142,6,100.0,False,0,7474.253,44.0
1293.2066666666674,5873.27911711677,7024.47510631897,253.0,6,100.0,False,0,7474.413,44.0
1303.0632405773931,5800.0,7098.0,253.0,6,100.0,False,0,7474.553,44.0
1314.2954987178869,5715.0,7174.0,253.0,6,100.0,False,0,7474.713,44.0
1315.695555555556,5704.181985173907,7183.204549441067,253.0,6,100.0,False,0,7474.733,44.0
1335.3706323080694,5549.0,7308.0,253.875,6,100.0,False,0,7475.013,44.0
1338.2733333333338,5526.750808025859,7325.316833493103,254.0,6,100.0,False,0,7475.053,44.0
1348.6974985564455,5448.0,7386.0,261.0000128,6,100.0,False,0,7475.193,44.0
1367.1761168463252,5311.0,7491.0,273.0000128,6,100.0,False,0,7475.433,44.0
1368.7177777777783,5301.3521910697655,7498.412011157955,274.0,6,100.0,False,0,7475.4529999999995,44.0
1381.073333333334,5224.21737164251,7558.7970145897925,278.0,7,100.0,False,0,7475.612999999999,44.0
1384.1900854037942,5192.0,7585.0,278.72727272727275,7,100.0,False,0,7475.652999999999,44.0
1401.5816832765022,4936.0,7797.0,282.72727738181817,7,100.0,False,0,7475.873,44.0
1416.0288888888892,4837.686370063827,7879.9086564831705,286.0,7,100.0,False,0,7476.053,44.0
1432.1677443362225,4791.0,7921.0,288.3690483809524,7,100.0,False,0,7476.2519999999995,44.0
1478.3619374587902,4446.0,8216.0,295.035715047619,7,100.0,False,0,7476.812,44.0
1485.0955555555558,4394.520361549639,8260.454869230845,296.0,7,100.0,False,0,7476.893,44.0
1500.0137564122751,4284.0,8356.0,298.03409163636366,7,100.0,False,0,7477.072,44.0
1521.8003103328329,4119.0,8497.0,300.9886370909091,7,100.0,False,0,7477.331999999999,44.0
1521.8844444444449,4118.367909622643,8497.541933304577,301.0,7,100.0,False,0,7477.333,44.0
1537.0714669924778,4005.0,8595.0,302.9285741714286,7,100.0,False,0,7477.513,44.0
1545.5288888888895,3941.1010125975936,8649.628695404137,304.0,8,100.0,False,0,7477.612999999999,44.0
1555.6865899873983,3864.0,8716.0,304.4270459715558,8,100.0,False,0,7477.733,44.0
1569.2509386357617,3762.0,8806.0,304.9964406002968,8,100.0,False,0,7477.893,44.0
1569.3358333333338,3761.365116168993,8806.563296757202,305.0,8,100.0,False,0,7477.894,44.0
1582.9358333333337,3660.0579237501174,8896.39665266943,306.0,8,100.0,False,0,7478.054,44.0
1584.5542868688326,3648.0,8907.0,306.10555591111114,8,100.0,False,0,7478.072999999999,44.0
1598.2154935218973,3546.0,8996.0,306.9944448,8,100.0,False,0,7478.233,44.0
1613.7358333333336,3429.8896362996243,9098.388616815817,308.0,8,100.0,False,0,7478.414,44.0
1623.9761565738222,3353.0,9166.0,309.18999808,8,100.0,False,0,7478.532999999999,44.0
1630.9580555555558,3300.368227886766,9211.862181647792,310.0,8,100.0,False,0,7478.614,44.0
1634.3219772437658,3275.0,9234.0,310.1222565249945,8,99.87774347500547,False,0,7478.652999999999,44.0
1653.3255886573102,3133.0,9359.0,310.81191291500716,8,99.18808708499286,False,0,7478.873,44.0
1658.5161111111115,3095.419613577491,9392.034366763044,311.0,8,99.0,False,0,7478.933,44.0
1675.8494444444448,2970.8625262271757,9500.900933101399,312.0,8,99.0,False,0,7479.133,44.0
1684.5496882228222,2898.0,9564.0,312.50000128,8,99.25000064,False,0,7479.233,44.0
1700.263198457677,2753.0,9689.0,313.4,8,99.7,False,0,7479.413,44.0
1710.7383333333335,2679.811227915142,9752.682396123357,314.0,8,100.0,False,0,7479.532999999999,44.0
1724.693888888889,2595.0,9827.0,314.0,8,99.0,False,0,7479.693,44.0
1740.394008954507,2477.0,9930.0,314.0,8,99.0,False,0,7479.873,44.0
1742.1383333333333,2463.685452914637,9941.72142159924,314.0,8,99.0,False,0,7479.893,44.0
1768.3040031883302,2265.0,10119.0,314.0,8,99.0,False,0,7480.193,44.0
1770.0494444444444,2251.1498048777794,10131.364494698726,314.0,8,99.0,False,0,7480.213,44.0
1784.0049999999999,2138.2904077074268,10231.941223578888,314.0,8,99.0,False,0,7480.373,44.0
1789.2156368531757,2099.0,10267.0,313.31817890909093,8,99.0,False,0,7480.433,44.0
1816.6988420368293,1918.0,10429.0,309.68181527272725,8,99.0,False,0,7480.753,44.0
1821.7716666666668,1880.6567224445848,10462.241214718493,309.0,8,99.0,False,0,7480.813,44.0
1830.1579324858023,1816.0,10519.0,302.749984,8,94.6249888,False,0,7480.913,44.0
1835.0605555555558,1777.659886297322,10551.642120795834,299.0,8,92.0,True,0,7480.973,44.0
1850.393888888889,1651.6473147851996,10653.26885100307,276.0,8,24.0,True,0,7481.173,44.0
1851.8475224573685,1639.0,10663.0,274.124976,8,22.9374864,True,0,7481.193,44.0
1862.9737982045772,1538.0,10737.0,259.124976,8,14.4374864,True,0,7481.353,44.0
1872.2605555555558,1453.2783487900244,10790.585557176646,246.0,8,7.0,True,0,7481.4929999999995,44.0
1882.5591933176302,1360.0,10840.0,233.2,8,7.0,True,0,7481.652999999999,44.0
1885.0383333333336,1337.0027596613716,10850.804276005383,230.0,8,7.0,True,0,7481.693,44.0
1897.8382095121767,1212.0,10900.0,215.69998336,8,7.0,True,0,7481.913,44.0
1907.7050000000004,1113.0,10929.0,204.0,6,7.0,True,0,7482.093,44.0
1918.4272222222226,1009.0,10946.0,193.0,5,7.0,True,0,7482.293,44.0
1926.7827777777782,858.0,10949.0,188.0,5,7.0,True,0,7482.4529999999995,44.0
1940.3938888888893,706.7667548141029,10936.783793327664,175.0,4,5.0,True,0,7482.733,44.0
1948.8101614949312,656.0,10923.0,169.7791648,4,3.5083328,True,0,7482.911999999999,44.0
1951.5938888888893,640.1861920106119,10917.922303222438,168.0,4,3.0,True,0,7482.973,44.0
1960.3285444749577,588.0,10898.0,158.0499968,4,3.0,True,0,7483.172,44.0
1960.3716666666671,587.6971302954927,10897.873727892253,158.0,4,3.0,True,0,7483.173,44.0
1974.7020754869257,460.0,10828.0,152.34999893333332,4,5.825000533333333,True,0,7483.512,44.0
1975.5716666666672,450.87730584602264,10820.502483587083,152.0,3,6.0,False,0,7483.532999999999,44.0
1982.089369967596,384.0,10757.0,149.16071314285713,3,22.467863771428572,False,0,7483.692,44.0
1987.0050000000006,351.13391887968396,10720.243216736088,147.0,3,35.0,False,0,7483.813,44.0
1995.1161111111119,322.42579343009726,10673.774930498019,146.0,3,44.0,False,0,7484.013,44.0
1997.5644521829813,312.0,10655.0,146.3750016,3,45.1250048,False,0,7484.072999999999,44.0
2008.2716666666674,255.9560615753577,10545.454921490506,148.0,3,50.0,False,0,7484.333,44.0
2009.100544457182,252.0,10536.0,148.16597709598506,3,50.66390838394021,False,0,7484.353,44.0
2018.3133333333342,216.74383042167975,10427.088167992195,150.0,3,58.0,False,0,7484.574,44.0
2023.3268270730734,205.0,10377.0,151.4874976,3,62.4624928,False,0,7484.693,44.0
2028.513333333334,198.65268382156023,10338.022711318807,153.0,3,67.0,False,0,7484.813999999999,44.0
2037.342195019492,195.0,10280.0,157.9749952,3,71.3531208,False,0,7485.013,44.0
2042.8244444444451,192.14663082700957,10230.936949216943,161.0,3,74.0,False,0,7485.134,44.0
2050.157777777779,187.65522731460015,10152.873933990539,165.0,3,80.0,False,0,7485.294,44.0
2054.7629265153064,185.0,10105.0,165.62069043000804,3,57.3447993047068,False,0,7485.393,44.0
2064.9558333333343,179.0,10003.0,167.0,3,7.0,True,0,7485.612999999999,44.0
2070.2687151284044,174.0,9949.0,161.6,3,8.8,True,0,7485.733,44.0
2073.733611111112,169.34411695768156,9913.131053476043,158.0,3,10.0,True,0,7485.813,44.0
2077.152643933424,164.0,9880.0,156.0,3,9.6,True,0,7485.893,44.0
2082.233611111112,155.534517076358,9840.502690135285,153.0,3,9.0,True,0,7486.013,44.0
2089.033611111112,143.28068481835442,9802.450307574163,153.0,3,9.0,True,0,7486.173,44.0
2090.751539558597,140.0,9794.0,153.0,3,8.75,True,0,7486.213,44.0
2095.833611111112,129.62808037676453,9770.90457258773,153.0,3,8.0,True,0,7486.333,44.0
2100.4663959888358,116.0,9745.0,145.9090909090909,3,7.7272727272727275,True,0,7486.4529999999995,44.0
2110.6771838767736,60.0,9652.0,128.18180305454547,3,7.045453963636364,True,0,7486.753,44.0
2111.3558333333344,55.66788411993442,9646.226486468684,127.0,3,7.0,True,0,7486.773,44.0
2118.1930507169845,10.0,9595.0,123.66666666666667,3,7.0,True,0,7486.973,44.0
2119.5558333333347,0.5121546188487542,9585.49994269395,123.0,3,7.0,True,0,7487.013,44.0
2124.274450805799,-34.0,9554.0,121.2499968,3,6.1249984,True,0,7487.152999999999,44.0
2124.9336111111124,-39.2079372135722,9549.796603272753,121.0,3,6.0,True,0,7487.173,44.0
2131.262247839575,-94.0,9512.0,116.83333333333333,3,3.5,True,0,7487.373,44.0
2139.733611111112,-171.08049304522038,9472.170275859786,111.0,2,0.0,True,0,7487.652999999999,44.0
2140.345228299897,-177.0,9470.0,110.9166656,2,0.0,True,0,7487.673,44.0
2142.1859164787265,-195.0,9464.0,110.66666666666667,2,0.0,True,0,7487.733,44.0
2147.0669444444457,-239.75307364528206,9450.366425615724,110.0,2,0.0,True,0,7487.893,44.0
2148.2597590970827,-253.0,9448.0,109.375,2,2.375,True,0,7487.933,44.0
2156.400277777779,-369.3883498119786,9444.673398374674,105.0,2,19.0,False,0,7488.213,44.0
2156.983025100366,-376.0,9445.0,105.0625008,2,19.625008,False,0,7488.233,44.0
2165.8225000000016,-432.261569585546,9457.566581083292,106.0,2,29.0,False,0,7488.532999999999,44.0
2168.211371663444,-448.0,9465.0,106.66666666666667,2,32.333333333333336,False,0,7488.612999999999,44.0
2176.1029613945875,-517.0,9501.0,108.83333546666667,2,43.16667733333333,False,0,7488.873,44.0
2176.7225000000017,-521.917998893849,9503.991337153175,109.0,2,44.0,False,0,7488.893,44.0
2181.113568393771,-557.0,9530.0,111.187504,2,45.3125024,False,0,7489.032999999999,44.0
2186.855833333335,-622.3948151121805,9595.95332054838,114.0,2,47.0,False,0,7489.213,44.0
2187.464862648484,-628.0,9602.0,114.15833386666667,2,47.395834666666666,False,0,7489.232,44.0
2194.5891666666685,-659.1755430062959,9641.094389250236,116.0,2,52.0,False,0,7489.4529999999995,44.0
2198.4587704987134,-670.0,9660.0,117.19000064,2,54.38000128,False,0,7489.572,44.0
2201.1447222222237,-680.4161373999585,9677.905682034743,118.0,2,56.0,False,0,7489.652999999999,44.0
2208.033611111113,-713.7042156765799,9742.83653198918,124.0,2,61.0,False,0,7489.853,44.0
2208.7016571435875,-717.0,9751.0,124.40714422857143,2,61.610716342857145,False,0,7489.871999999999,44.0
2217.358375361139,-756.0,9875.0,129.55000137142858,2,69.32500205714285,False,0,7490.112,44.0
2218.144722222224,-758.4754195847709,9885.601352787151,130.0,2,70.0,False,0,7490.133,44.0
2224.2780555555573,-770.794037651589,9960.345641416097,138.0,2,74.0,False,0,7490.293,44.0
2230.544722222224,-775.0729543339152,10020.76691899548,141.0,3,78.0,False,0,7490.4529999999995,44.0
2232.9548623216147,-776.0,10038.0,143.0895856,3,79.229168,False,0,7490.512,44.0
2246.147126921505,-775.0,10106.0,153.75,3,85.5,False,0,7490.813,44.0
2251.611388888891,-771.2888304924252,10154.70707774759,158.0,3,88.0,False,0,7490.933,44.0
2258.068778222395,-765.0,10220.0,162.98221211179813,3,88.99644242235962,False,0,7491.072999999999,44.0
2264.724722222224,-757.0858341980613,10278.510062637315,168.0,3,90.0,False,0,7491.214,44.0
2269.5273644969475,-746.0,10331.0,172.45500288,3,90.99000064,False,0,7491.313,44.0
2274.5580555555575,-727.1232733528836,10404.147916071171,177.0,4,92.0,False,0,7491.414,44.0
2278.600329897558,-712.0,10459.0,180.1035638857143,4,93.9749952,False,0,7491.4929999999995,44.0
2289.18027777778,-682.2197561201915,10553.092780554078,188.0,4,99.0,False,0,7491.6939999999995,44.0
2291.246537745309,-673.0,10577.0,188.812496,4,99.1624992,False,0,7491.733,44.0
2302.0469444444466,-606.6229589746405,10737.186789617117,193.0,4,100.0,False,0,7491.934,44.0
2303.098080632453,-602.0,10748.0,194.187504,4,100.0,False,0,7491.9529999999995,44.0
2311.0691666666685,-584.763856716396,10786.176430914391,203.0,4,100.0,False,0,7492.094,44.0
2316.806890689601,-573.0,10809.0,206.10345215004017,4,100.0,False,0,7492.193,44.0
2329.9433333333354,-515.0,10924.0,213.0,5,100.0,False,0,7492.413,44.0
2349.903174704731,-424.0,11096.0,223.66666666666666,5,100.0,False,0,7492.733,44.0
2352.4433333333354,-412.30350544619586,11117.805480952595,225.0,5,100.0,False,0,7492.773,44.0
2360.108142672915,-376.0,11184.0,228.0,5,100.0,False,0,7492.893,44.0
2370.48777777778,-323.0,11272.0,232.0,5,100.0,False,0,7493.053,44.0
2391.967380871919,-206.0,11447.0,240.88888888888889,5,100.0,False,0,7493.373,44.0
2394.68777777778,-189.95304100810245,11469.425763998739,242.0,6,100.0,False,0,7493.413,44.0
2402.875740224289,-142.0,11535.0,244.5,6,100.0,False,0,7493.532999999999,44.0
2411.154444444446,-98.81356660898437,11592.426494493764,247.0,6,100.0,False,0,7493.652999999999,44.0
2415.346811749971,-66.0,11632.0,248.5000064,6,100.0,False,0,7493.713,44.0
2428.110629544936,82.0,11799.0,253.0,6,100.0,False,0,7493.893,44.0
2433.8211111111127,124.46851415515135,11845.619500291494,255.0,6,100.0,False,0,7493.973,44.0
2448.154444444446,164.00417067614725,11884.155519330718,258.0,6,100.0,False,0,7494.173,44.0
2452.473164246282,182.0,11901.0,258.60000256,6,100.0,False,0,7494.233,44.0
2462.598888888891,245.99430977268617,11961.811262848816,260.0,6,100.0,False,0,7494.373,44.0
2475.767457635477,352.0,12059.0,263.0000042666667,6,100.0,False,0,7494.553,44.0
2480.1988888888905,386.64798704667965,12088.3900455148,264.0,7,100.0,False,0,7494.612999999999,44.0
2486.141732788893,431.0,12125.0,265.3333333333333,7,100.0,False,0,7494.693,44.0
2507.1988888888905,579.8276556538817,12241.555924012468,270.0,7,100.0,False,0,7494.973,44.0
2511.744795401322,634.0,12277.0,270.8571465142857,7,100.0,False,0,7495.032999999999,44.0
2523.921207488392,813.0,12387.0,273.1428608,7,100.0,False,0,7495.193,44.0
2528.5100000000016,859.811440550098,12415.388080936802,274.0,7,100.0,False,0,7495.253,44.0
2546.9766666666683,925.1659675660011,12450.026104586479,277.0,7,100.0,False,0,7495.4929999999995,44.0
2556.2466536546744,1021.0,12488.0,277.6666666666667,7,100.0,False,0,7495.612999999999,44.0
2568.5687389514646,1236.0,12574.0,278.55000035555554,7,100.0,False,0,7495.772,44.0
2574.8766666666684,1309.7097915709974,12602.536861307091,279.0,7,100.0,False,0,7495.853,44.0
2596.8100000000018,1404.4432257892356,12629.169714506499,282.0,7,100.0,False,0,7496.133,44.0
2598.29877288634,1415.0,12632.0,282.0,7,100.0,False,0,7496.152,44.0
2612.3952358638167,1550.0,12669.0,282.0,7,100.0,False,0,7496.331999999999,44.0
2615.610000000002,1582.1445394204948,12677.299828473286,282.0,7,100.0,False,0,7496.373,44.0
2628.1019503052294,1703.0,12706.0,282.79500032,7,100.0,False,0,7496.532,44.0
2631.3322222222237,1733.4887097284313,12712.667538201496,283.0,7,100.0,False,0,7496.572999999999,44.0
2650.241772776126,1920.0,12748.0,284.4937504,7,100.0,False,0,7496.812,44.0
2656.665555555557,1997.1951437443481,12760.28312330923,285.0,7,100.0,False,0,7496.893,44.0
2664.5209559762734,2090.0,12774.0,285.24750016,7,99.75249984,False,0,7496.992,44.0
2688.443333333335,2326.0,12802.0,286.0,7,99.0,False,0,7497.293,44.0
2702.791480490653,2564.0,12828.0,286.90000128,7,99.0,False,0,7497.473,44.0
2704.38777777778,2583.8070024299627,12830.182554499776,287.0,7,99.0,False,0,7497.4929999999995,44.0
2729.982545969668,2739.0,12847.0,287.88642612134674,7,99.88642612134677,False,0,7497.813,44.0
2733.2677777777794,2774.284572539259,12850.449527734876,288.0,7,100.0,False,0,7497.853999999999,44.0
2750.8389146579966,3027.0,12875.0,288.78214308571427,7,99.21785691428572,False,0,7498.072999999999,44.0
2755.745555555557,3089.4332507456056,12881.31216250552,289.0,7,99.0,False,0,7498.134,44.0
2787.9977398403917,3379.0,12913.0,290.99499904,7,99.99749952,False,0,7498.532999999999,44.0
2788.07888888889,3379.5980587160284,12913.065634032244,291.0,7,100.0,False,0,7498.534,44.0
2814.028391543989,3573.0,12934.0,292.59499904,7,100.0,False,0,7498.853,44.0
2820.634444444446,3639.711933802713,12941.346612467136,293.0,7,100.0,False,0,7498.934,44.0
2836.887451215335,3832.0,12963.0,293.62382422499763,7,100.0,False,0,7499.133,44.0
2846.6861111111125,3953.2670850299646,12977.207838108474,294.0,7,100.0,False,0,7499.253,44.0
2863.019444444446,4141.508336785362,13000.064862251733,294.0,7,99.0,False,0,7499.4529999999995,44.0
2864.660332370218,4157.0,13002.0,294.2500032,7,99.0,False,0,7499.473,44.0
2876.175000000001,4247.310660206065,13013.61719526454,296.0,7,99.0,False,0,7499.612999999999,44.0
2892.5638888888902,4355.996112212068,13028.297444871187,295.0,7,99.0,False,0,7499.813,44.0
2895.838150728805,4384.0,13032.0,294.8333333333333,7,99.0,False,0,7499.853,44.0
2908.9138114766233,4514.0,13049.0,294.1666666666667,7,99.0,False,0,7500.013,44.0
2912.1638888888906,4546.88934706544,13053.30469151082,294.0,7,99.0,False,0,7500.053,44.0
2928.330555555557,4708.0,13074.0,291.0,7,99.0,False,0,7500.253,44.0
2944.608333333335,4870.666915210128,13092.625977744086,293.0,7,99.0,False,0,7500.4529999999995,44.0
2947.852258304512,4902.0,13096.0,292.57142857142856,7,99.14285714285714,False,0,7500.4929999999995,44.0
2967.1638888888906,5086.368988291931,13111.995280487501,290.0,7,100.0,False,0,7500.733,44.0
2971.9505381086533,5144.0,13113.0,289.1428534857143,7,96.78570057142858,False,0,7500.793,44.0
2989.408333333335,5383.0,13105.0,286.0,7,85.0,False,0,7501.013,44.0
3011.594120897941,5523.0,13080.0,285.125,7,67.5,False,0,7501.293,44.0
3014.7416666666686,5547.722061274971,13073.294305936208,285.0,7,65.0,False,0,7501.333,44.0
3030.3527777777795,5702.973442387383,13027.341925698647,281.0,7,59.0,False,0,7501.532999999999,44.0
3031.9001987679717,5718.0,13022.0,280.583328,7,58.8333312,False,0,7501.553,44.0
3047.232716776477,5858.0,12960.0,276.4166613333333,7,57.16666453333333,False,0,7501.753,44.0
3048.7527777777796,5872.370878322423,12952.366938611689,276.0,7,57.0,False,0,7501.773,44.0
3066.8161582815255,6053.0,12838.0,272.4,7,66.6,False,0,7502.013,44.0
3078.7527777777796,6169.600772120433,12740.580587246935,270.0,7,73.0,False,0,7502.173,44.0
3095.051611011701,6304.0,12605.0,268.1749994666667,7,83.9500032,False,0,7502.392,44.0
3096.6194444444463,6314.048110145964,12593.767530297506,268.0,7,85.0,False,0,7502.413,44.0
3111.619444444446,6384.497963384612,12502.801636177675,270.0,7,86.0,False,0,7502.612999999999,44.0
3131.185208631065,6452.0,12377.0,271.43888924444445,7,93.19444622222223,False,0,7502.871999999999,44.0
3135.7215602290394,6472.0,12336.0,271.77222257777777,7,94.86111288888888,False,0,7502.932,44.0
3138.8194444444457,6489.144097631073,12298.383275251947,272.0,7,96.0,False,0,7502.973,44.0
3152.3396594521028,6580.0,12084.0,272.0,7,99.58000128,False,0,7503.152,44.0
3153.930555555557,6588.191573182525,12063.887531879382,272.0,7,100.0,False,0,7503.173,44.0
3169.1527777777796,6629.802615792877,11951.334488278693,274.0,7,100.0,False,0,7503.373,44.0
3185.929052135885,6652.0,11866.0,275.5642861714286,7,100.0,False,0,7503.592,44.0
3190.619444444446,6662.540972239338,11828.259229790528,276.0,7,100.0,False,0,7503.652999999999,44.0
3202.957092186058,6697.0,11704.0,277.14285714285717,7,100.0,False,0,7503.813,44.0
3212.241666666668,6725.6637683562185,11592.836471295868,278.0,7,100.0,False,0,7503.933,44.0
3224.6611581118673,6764.0,11433.0,279.1387892574821,7,100.0,False,0,7504.093,44.0
3234.0972222222235,6790.010448718545,11314.451830852728,280.0,7,100.0,False,0,7504.214,44.0
3251.2936217019173,6828.0,11126.0,282.34642925714286,7,100.0,False,0,7504.433,44.0
3256.108333333335,6835.667807633874,11086.477286994075,283.0,7,100.0,False,0,7504.494,44.0
3281.4373406981795,6864.0,10922.0,285.39249856,7,100.0,False,0,7504.813,44.0
3287.886111111113,6872.829334947187,10864.206978832828,286.0,7,100.0,False,0,7504.894,44.0
3302.1436985161845,6894.0,10718.0,286.4972224,7,100.0,False,0,7505.072999999999,44.0
3316.586111111113,6912.5786288304835,10575.052099068458,287.0,7,100.0,False,0,7505.254,44.0
3322.902920304432,6920.0,10513.0,287.39499904,7,100.0,False,0,7505.333,44.0
3332.5861111111126,6930.748548620001,10417.097016159109,288.0,7,100.0,False,0,7505.454,44.0
3335.706536397104,6934.0,10386.0,288.0,7,100.0,False,0,7505.4929999999995,44.0
3348.5861111111126,6946.239853495203,10257.04303806549,288.0,7,100.0,False,0,7505.6539999999995,44.0
3351.706024157793,6949.0,10226.0,288.0,7,100.0,False,0,7505.693,44.0
3361.3061243229536,6957.0,10131.0,288.0,7,100.0,False,0,7505.813,44.0
3367.7061111111125,6961.625745741823,10066.915419065226,288.0,7,100.0,False,0,7505.893,44.0
3383.7061111111125,6970.600203078232,9906.078211660128,288.0,7,100.0,False,0,7506.093,44.0
3386.90660021614,6972.0,9875.0,288.0,7,99.75,False,0,7506.133,44.0
3396.506111111112,6975.46243034647,9783.276130973405,288.0,7,99.0,False,0,7506.253,44.0
3401.3015233423184,6977.0,9730.0,288.0,7,99.0,False,0,7506.313,44.0
3420.4982404401007,6983.0,9458.0,288.0,7,99.0,False,0,7506.553,44.0
3422.106111111112,6983.527285616442,9436.478968413272,288.0,7,99.0,False,0,7506.572999999999,44.0
3438.2172222222234,6989.174227650971,9248.794567817213,290.0,7,99.0,False,0,7506.773,44.0
3447.7898890692395,6993.0,9154.0,287.75,7,99.0,False,0,7506.893,44.0
3450.972777777779,6994.359204282107,9124.756220063597,287.0,7,99.0,False,0,7506.933,44.0
3482.750555555557,7012.0,8879.0,286.0,7,100.0,False,0,7507.333,44.0
3498.58388888889,7026.1425896083865,8761.451836711682,285.0,7,100.0,False,0,7507.532999999999,44.0
3512.8924135399116,7048.0,8629.0,285.75000106666664,7,100.0,False,0,7507.713,44.0
3517.650555555557,7058.307187291984,8574.229481335804,286.0,7,100.0,False,0,7507.773,44.0
3533.428333333334,7101.352579219677,8368.75851628008,284.0,7,100.0,False,0,7507.973,44.0
3535.002194955601,7106.0,8349.0,283.8749984,7,99.8749984,False,0,7507.9929999999995,44.0
3546.006111111112,7139.773803735003,8218.203811540221,283.0,7,99.0,False,0,7508.133,44.0
3561.6932903589523,7186.0,8061.0,282.5833333333333,7,99.41666666666667,False,0,7508.333,44.0
3583.606111111112,7231.93718926137,7916.272044695962,282.0,7,100.0,False,0,7508.612999999999,44.0
3600.797745038315,7283.0,7781.0,281.44999936,7,100.0,False,0,7508.833,44.0
3614.8283333333347,7346.684864727778,7621.659383982622,281.0,7,100.0,False,0,7509.013,44.0
3616.306671677041,7353.0,7606.0,280.9136360727273,7,100.0,False,0,7509.032,44.0
3644.218559237306,7444.0,7373.0,279.27727243636366,7,100.0,False,0,7509.392,44.0
3648.9283333333346,7458.617757972137,7329.572098816288,279.0,7,100.0,False,0,7509.4529999999995,44.0
3658.0993328566933,7486.0,7242.0,278.14999954285713,7,97.44999862857142,False,0,7509.572,44.0
3670.4727777777794,7514.291435142987,7133.246288171394,277.0,7,94.0,False,0,7509.733,44.0
3671.930518592048,7517.0,7120.0,276.8812496,7,94.3562512,False,0,7509.7519999999995,44.0
3687.238294093017,7537.0,6973.0,275.6312496,7,98.1062512,False,0,7509.952,44.0
3694.9172222222237,7539.787719915837,6902.395132325268,275.0,7,100.0,False,0,7510.053,44.0
3705.412830974652,7533.0,6793.0,273.2624992,7,100.0,False,0,7510.192,44.0
3719.0061111111127,7502.435590040995,6593.900272485103,271.0,7,100.0,False,0,7510.373,44.0
3725.0109593293755,7489.0,6520.0,270.6,7,100.0,False,0,7510.4529999999995,44.0
3734.006111111112,7474.450159980661,6449.532974410584,270.0,7,100.0,False,0,7510.572999999999,44.0
3748.950484545068,7450.0,6358.0,269.00497607484874,7,100.0,False,0,7510.773,44.0
3749.0252777777787,7449.810476807381,6357.263882800877,269.0,7,100.0,False,0,7510.773999999999,44.0
3769.947500000001,7381.520789118899,6083.650304368684,269.0,7,75.0,True,0,7511.054,44.0
3771.3552004185503,7378.0,6069.0,268.5249984,7,70.9624864,True,0,7511.072999999999,44.0
3781.7252777777785,7360.802992968662,5993.752760329385,265.0,7,41.0,True,0,7511.214,44.0
3793.2155900759576,7349.0,5927.0,261.0250048,7,34.375008,True,0,7511.373,44.0
3798.9919444444454,7340.945837319265,5876.4241053900005,259.0,7,31.0,True,0,7511.454,44.0
3810.1932675507137,7325.0,5760.0,255.0250048,7,34.312496,True,0,7511.612999999999,44.0
3815.858611111112,7319.8850887096905,5703.995846476028,253.0,6,36.0,False,0,7511.6939999999995,44.0
3817.1853464166384,7319.0,5691.0,252.6437488,6,36.1187504,False,0,7511.713,44.0
3826.969722222223,7316.211716055378,5594.809952470372,250.0,6,37.0,True,0,7511.853999999999,44.0
3832.346897134764,7318.0,5542.0,247.74286262857143,6,37.56428434285714,True,0,7511.933,44.0
3845.72507658199,7335.0,5412.0,242.0285769142857,6,38.99285577142857,True,0,7512.133,44.0
3845.791944444445,7335.138551763077,5411.343118402186,242.0,6,39.0,False,0,7512.134,44.0
3860.4067192684843,7374.0,5272.0,240.17499946666666,6,40.82500053333333,False,0,7512.353,44.0
3861.791944444445,7377.485389437788,5260.892875713434,240.0,6,41.0,False,0,7512.374,44.0
3877.326944444445,7419.785803318691,5151.870659131924,234.0,6,43.0,False,0,7512.612999999999,44.0
3883.780442243379,7475.0,5054.0,233.0624976,6,41.1249952,False,0,7512.713,44.0
3890.2159325533394,7556.0,4918.0,232.125,6,39.25,False,0,7512.813,44.0
3897.8602777777783,7625.326751188542,4801.976420852494,231.0,6,37.0,True,0,7512.933,44.0
3912.7936111111117,7664.67150801709,4733.716155884169,224.0,6,7.0,True,0,7513.173,44.0
3919.961380034295,7679.0,4705.0,219.125,6,7.375,True,0,7513.293,44.0
3931.549166666667,7711.356984091558,4636.846392657055,211.0,6,8.0,True,0,7513.4929999999995,44.0
3941.7889389089437,7743.0,4558.0,205.74999253333334,6,9.500002133333334,True,0,7513.673,44.0
3945.149166666667,7752.829593125855,4528.830793882601,204.0,5,10.0,True,0,7513.733,44.0
3949.5820531729996,7765.0,4484.0,202.22222222222223,5,10.444444444444445,True,0,7513.813,44.0
3962.603187369896,7790.0,4303.0,196.88888888888889,5,11.777777777777779,True,0,7514.053,44.0
3964.749166666667,7791.651242082885,4278.367852077946,196.0,5,12.0,False,0,7514.093,44.0
3985.971742031461,7770.0,4123.0,191.45454545454547,5,39.27272727272727,False,0,7514.4929999999995,44.0
3988.0936111111114,7765.209548825044,4103.668287140321,191.0,5,42.0,False,0,7514.532999999999,44.0
3995.536595596083,7745.0,4029.0,191.50000091428572,5,46.00000731428571,False,0,7514.673,44.0
4003.026944444445,7718.964382837919,3957.4915962969762,192.0,5,50.0,False,0,7514.813,44.0
4005.1797631601,7711.0,3938.0,192.375,5,52.625,False,0,7514.853,44.0
4019.2745177441548,7650.0,3813.0,194.8125024,5,69.6875168,False,0,7515.112999999999,44.0
4020.360277777778,7643.420207853969,3801.862045876789,195.0,5,71.0,False,0,7515.133,44.0
4029.0713888888895,7581.766755294563,3706.193355587995,196.0,5,71.0,False,0,7515.293,44.0
4031.275906275265,7567.0,3685.0,196.71428571428572,5,72.28571428571429,False,0,7515.333,44.0
4044.7047222222227,7494.451727719664,3596.2915692814922,201.0,5,80.0,False,0,7515.572999999999,44.0
4053.646970804617,7440.0,3548.0,202.9875008,5,89.27500373333334,False,0,7515.732,44.0
4058.3047222222226,7405.403195052819,3520.7361590994224,204.0,5,94.0,False,0,7515.813,44.0
4068.988438348026,7320.0,3460.0,211.458336,5,96.9833344,False,0,7515.992,44.0
4080.2047222222227,7229.095427294132,3406.1163684324683,219.0,5,100.0,False,0,7516.173,44.0
4081.3983383752766,7216.0,3399.0,219.57000192,5,99.95249984,False,0,7516.192,44.0
4095.439158710242,7028.0,3301.0,226.17000192,5,99.40249984,False,0,7516.411999999999,44.0
4105.87138888889,6953.727648420161,3263.582934554621,231.0,5,99.0,False,0,7516.572999999999,44.0
4116.315833333334,6915.593246666402,3238.40401948979,235.0,5,100.0,False,0,7516.733,44.0
4121.505107324088,6877.0,3207.0,236.18500096,5,99.60499968,False,0,7516.812,44.0
4129.538055555557,6791.025980267808,3133.6317355197907,238.0,5,99.0,False,0,7516.933,44.0
4134.944035372018,6737.0,3086.0,240.66666666666666,5,99.33333333333333,False,0,7517.013,44.0
4145.938055555556,6671.79814566791,3023.7101039948875,246.0,6,100.0,False,0,7517.173,44.0
4157.071855698658,6621.0,2968.0,249.31949943010835,6,100.0,False,0,7517.333,44.0
4162.741111111111,6584.484125541349,2928.05212771255,251.0,6,100.0,False,0,7517.414,44.0
4168.283951528409,6546.0,2885.0,251.9874976,6,100.0,False,0,7517.4929999999995,44.0
4173.985555555556,6507.722884474166,2840.1786251507096,253.0,6,100.0,False,0,7517.574,44.0
4183.823273008014,6447.0,2766.0,254.15833386666668,6,100.0,False,0,7517.713,44.0
4190.985555555557,6409.3340722490375,2719.3041163554353,255.0,6,100.0,False,0,7517.813999999999,44.0
4203.664942056848,6354.0,2647.0,255.0,6,100.0,False,0,7517.9929999999995,44.0
4205.152222222223,6348.2036010753345,2638.7994389003293,255.0,6,100.0,False,0,7518.014,44.0
4216.485555555557,6308.699240247125,2577.956146546846,255.0,6,100.0,False,0,7518.174,44.0
4236.251103014669,6237.0,2452.0,255.0,6,100.0,False,0,7518.4529999999995,44.0
4239.152222222223,6223.139692567848,2427.767380535359,255.0,6,100.0,False,0,7518.494,44.0
4247.564691960808,6180.0,2352.0,256.4874976,6,100.0,False,0,7518.612999999999,44.0
4256.140160894324,6138.0,2276.0,257.9874976,6,100.0,False,0,7518.733,44.0
4262.174444444446,6110.991561412518,2225.445967175543,259.0,6,100.0,False,0,7518.813999999999,44.0
4274.61888888889,6058.506192274294,2123.0366171003097,280.0,6,100.0,False,0,7518.974,44.0
4279.2493765937115,6037.0,2080.0,281.1062512,6,100.0,False,0,7519.032999999999,44.0
4287.196666666668,5996.853675309412,1998.5759740600763,283.0,6,100.0,False,0,7519.134,44.0
4301.423857050199,5926.0,1853.0,285.99581937739464,6,100.0,False,0,7519.313,44.0
4306.250277777779,5906.793257494506,1813.3929030427428,287.0,6,100.0,False,0,7519.373,44.0
4322.528055555557,5850.0,1696.0,293.0,7,100.0,False,0,7519.572999999999,44.0
4343.713225966067,5758.0,1506.0,293.72222293333334,7,99.27777706666667,False,0,7519.833,44.0
4351.928055555557,5730.848022774959,1449.1318164154354,294.0,7,99.0,False,0,7519.933,44.0
4365.1997763229465,5666.0,1313.0,298.0,7,99.8,False,0,7520.093,44.0
4368.539166666667,5636.168891876097,1250.7267340432052,299.0,7,100.0,False,0,7520.133,44.0
4380.289498282034,5514.0,996.0,301.0000036571429,7,100.0,False,0,7520.273,44.0
4392.105833333334,5443.43420619039,848.464649707036,303.0,7,100.0,False,0,7520.413,44.0
4405.654232487055,5398.0,753.0,304.6,7,99.2,False,0,7520.572999999999,44.0
4409.050277777778,5385.367457888745,726.4930255448672,305.0,8,99.0,False,0,7520.612999999999,44.0
4427.804185234734,5310.0,569.0,306.83333546666665,8,99.0,False,0,7520.833,44.0
4429.5169444444455,5303.205829902556,554.922195411797,307.0,8,99.0,False,0,7520.853,44.0
4446.72115975402,5228.0,400.0,308.875,8,99.625,False,0,7521.053,44.0
4457.0725,5159.073252302211,257.7547734691661,310.0,8,100.0,False,0,7521.173,44.0
4470.894722222222,5070.0,74.0,311.0,8,99.0,False,0,7521.333,44.0
4488.339166666667,5032.384052406248,-2.5005286585693107,314.0,8,100.0,False,0,7521.532999999999,44.0
4500.611861341868,4994.0,-82.0,314.7777792,8,100.0,False,0,7521.673,44.0
4519.939166666667,4859.90076141422,-362.3129723833167,316.0,8,100.0,False,0,7521.893,44.0
4521.695513807322,4850.0,-383.0,316.0,8,100.0,False,0,7521.913,44.0
4544.516944444445,4790.863017259149,-505.7890333349159,316.0,8,100.0,False,0,7522.173,44.0
4553.204094585554,4766.0,-557.0,316.0,8,100.0,False,0,7522.272,44.0
4562.0725,4726.71087805812,-638.0631799729592,316.0,8,100.0,False,0,7522.373,44.0
4572.537910775783,4682.0,-731.0,316.2704546909091,8,100.0,False,0,7522.492,44.0
4600.816944444445,4646.669346884332,-807.8222714648005,317.0,8,100.0,False,0,7522.813,44.0
4602.49000181618,4641.0,-819.0,317.0,8,100.0,False,0,7522.831999999999,44.0
4609.53285366704,4609.0,-882.0,317.0,8,100.0,False,0,7522.911999999999,44.0
4632.423749646691,4455.0,-1200.0,317.0,8,100.0,False,0,7523.172,44.0
4636.039166666667,4432.788839241835,-1245.9550705709885,317.0,8,100.0,False,0,7523.213,44.0
4664.305833333334,4306.146366408479,-1504.0176235779322,318.0,8,100.0,False,0,7523.532999999999,44.0
4676.675187250345,4268.0,-1580.0,318.0,8,100.0,False,0,7523.673,44.0
4696.105833333334,4220.22179025418,-1673.606111914921,318.0,8,100.0,False,0,7523.893,44.0
4701.403248396009,4204.0,-1706.0,318.0,8,100.0,False,0,7523.9529999999995,44.0
4717.394166666667,4135.175554262692,-1844.773885976164,318.0,8,100.0,False,0,7524.134,44.0
4719.075968401807,4125.0,-1865.0,318.07916693333334,8,100.0,False,0,7524.153,44.0
4738.660833333333,3964.438616374241,-2179.4634040861247,319.0,8,100.0,False,0,7524.374,44.0
4747.412762083437,3902.0,-2301.0,318.6906248,8,100.0,False,0,7524.473,44.0
4765.070430328343,3821.0,-2458.0,318.0656248,8,100.0,False,0,7524.673,44.0
4766.927500000001,3811.9113681937934,-2475.538140442261,318.0,8,100.0,False,0,7524.6939999999995,44.0
4781.011212622416,3736.0,-2621.0,318.79499904,8,100.0,False,0,7524.853,44.0
4784.649722222223,3717.7815664037676,-2655.220895504071,319.0,8,100.0,False,0,7524.894,44.0
4793.447146363881,3677.0,-2731.0,319.24750016,8,100.0,False,0,7524.9929999999995,44.0
4818.345320395324,3559.0,-2948.0,319.94750016,8,100.0,False,0,7525.273,44.0
4820.205277777778,3546.3699437349583,-2970.2928296827063,320.0,8,100.0,False,0,7525.294,44.0
4836.0060345201155,3426.0,-3179.0,317.7624992,8,100.0,False,0,7525.473,44.0
4848.2941666666675,3361.647563080043,-3288.232355464285,316.0,8,100.0,False,0,7525.614,44.0
4871.944524354886,3280.0,-3415.0,305.5047031000094,8,37.90282667505555,False,0,7525.893,44.0
4875.231944444446,3264.206873023257,-3438.342320748434,304.0,8,29.0,True,0,7525.933,44.0
4888.07638888889,3185.0,-3549.0,289.0,8,17.0,True,0,7526.093,44.0
4904.8197993705435,3037.0,-3727.0,274.33331626666666,8,10.583325866666666,True,0,7526.313,44.0
4906.276388888889,3026.65637835527,-3738.817024673284,273.0,8,10.0,True,0,7526.333,44.0
4924.2156981057915,2937.0,-3828.0,253.4999808,8,10.0,True,0,7526.593,44.0
4930.87638888889,2890.055418897604,-3866.8381333797497,246.0,7,10.0,True,0,7526.693,44.0
4941.429772433688,2801.0,-3934.0,239.33333333333334,7,10.666666666666666,True,0,7526.853,44.0
4946.609722222223,2757.244641903123,-3962.485968697472,236.0,6,11.0,True,0,7526.933,44.0
4959.220833333334,2643.0,-4022.0,227.0,6,12.0,True,0,7527.133,44.0
4969.0875000000015,2533.435427500553,-4064.475613125479,222.0,6,12.0,True,0,7527.293,44.0
4975.1381229017015,2471.0,-4085.0,219.4999936,6,13.785718857142857,True,0,7527.393,44.0
4985.809722222224,2390.3446676180038,-4104.887294765661,215.0,5,17.0,False,0,7527.572999999999,44.0
4995.086213394728,2322.0,-4113.0,211.8,5,21.8,False,0,7527.733,44.0
5003.086474656099,2242.0,-4117.0,208.99999488,5,26.00000768,False,0,7527.873,44.0
5008.809722222223,2168.4029566956824,-4111.413961283647,207.0,5,29.0,False,0,7527.973,44.0
5017.965277777778,2039.4374130167382,-4090.8326785086338,206.0,5,37.0,False,0,7528.133,44.0
5021.362966395426,2004.0,-4084.0,205.14285348571428,5,37.857146514285716,False,0,7528.193,44.0
5033.676388888889,1931.4559638007065,-4062.8266791498786,202.0,5,41.0,False,0,7528.413,44.0
5035.910899122067,1917.0,-4057.0,201.875,5,43.625,False,0,7528.4529999999995,44.0
5050.42771060808,1785.0,-3997.0,201.0624992,5,60.6875168,False,0,7528.713,44.0
5051.543055555556,1774.6403995923374,-3991.3218432422977,201.0,5,62.0,False,0,7528.733,44.0
5062.709722222223,1678.0154658815115,-3928.7770577272163,201.0,5,69.0,False,0,7528.933,44.0
5068.29071378066,1636.0,-3898.0,202.2375008,5,70.2375008,False,0,7529.032,44.0
5071.731944444445,1612.2324647840476,-3879.8331074694324,203.0,5,71.0,False,0,7529.093,44.0
5079.544101334845,1550.0,-3824.0,203.0,5,74.4750016,False,0,7529.232,44.0
5085.265277777778,1478.5863484517033,-3748.2328229079912,203.0,5,77.0,False,0,7529.333,44.0
5088.646057115595,1441.0,-3708.0,204.229168,5,78.4750016,False,0,7529.392,44.0
5099.131944444444,1391.179962059029,-3660.5200755269934,208.0,5,83.0,False,0,7529.572999999999,44.0
5115.328996533306,1323.0,-3549.0,208.9964288,5,94.9571456,False,0,7529.852,44.0
5115.3875,1322.2293841447417,-3547.7421073119303,209.0,5,95.0,False,0,7529.853,44.0
5120.023921057124,1255.0,-3438.0,209.9875008,5,95.9875008,False,0,7529.932,44.0
5134.320833333332,1178.0359533406222,-3306.9090971906426,213.0,5,99.0,False,0,7530.173,44.0
5149.937504867807,1153.0,-3247.0,215.94784742406642,5,99.0,False,0,7530.433,44.0
5160.963897447178,1060.0,-3075.0,217.98865995958568,5,99.0,False,0,7530.612999999999,44.0
5161.025833333332,1059.489894400504,-3074.083095863953,218.0,5,99.0,False,0,7530.614,44.0
5186.248055555554,918.7821521330088,-2843.1217583851994,227.0,5,99.0,False,0,7531.014,44.0
5191.265611201845,903.0,-2819.0,227.78999808,5,99.39499904,False,0,7531.093,44.0
5198.970277777777,885.4741833549997,-2792.083896509681,229.0,5,100.0,False,0,7531.214,44.0
5211.8036111111105,841.9313453980118,-2730.2809724724084,231.0,6,99.0,False,0,7531.414,44.0
5214.3179736810225,822.0,-2703.0,231.3249984,6,99.0,False,0,7531.4529999999995,44.0
5225.971607095025,699.0,-2536.0,232.82500053333334,6,99.0,False,0,7531.633,44.0
5227.336944444443,687.8796090582109,-2520.938136890937,233.0,6,99.0,False,0,7531.6539999999995,44.0
5240.392499999999,639.4272010470153,-2455.582839877714,235.0,6,100.0,False,0,7531.853999999999,44.0
5249.494976466593,613.0,-2420.0,235.69500032,6,99.30499968,False,0,7531.9929999999995,44.0
5253.50361111111,594.4282781605499,-2394.9009946875226,236.0,6,99.0,False,0,7532.054,44.0
5266.659428730052,511.0,-2282.0,237.98999808,6,99.0,False,0,7532.253,44.0
5266.725833333333,510.5365176532638,-2281.3729094717382,238.0,6,99.0,False,0,7532.254,44.0
5282.658988323554,385.0,-2113.0,239.99166506666666,6,99.0,False,0,7532.4929999999995,44.0
5282.725833333333,384.37211803117077,-2112.1746476989165,240.0,6,99.0,False,0,7532.494,44.0
5296.047777777777,254.99850164554317,-1944.5304557813365,241.0,6,99.0,False,0,7532.693,44.0
5297.390012321646,246.0,-1933.0,241.05000064,6,99.0,False,0,7532.713,44.0
5313.541819497997,195.0,-1870.0,241.65000064,6,99.0,False,0,7532.9529999999995,44.0
5322.9366666666665,138.85557965674565,-1801.7557582987552,242.0,6,99.0,False,0,7533.093,44.0
5329.617212289052,92.0,-1746.0,240.99999744,6,99.0,False,0,7533.193,44.0
5336.27,48.17764145607175,-1695.8238565600425,240.0,6,99.0,False,0,7533.293,44.0
5340.247120542223,21.0,-1665.0,239.2499968,6,99.0,False,0,7533.353,44.0
5346.847777777778,-28.45867849316243,-1608.52715037312,238.0,6,99.0,False,0,7533.4529999999995,44.0
5365.047777777778,-167.0,-1450.0,234.0,6,99.0,True,0,7533.733,44.0
5375.136666666666,-214.81586853089638,-1397.2106632688,227.0,6,55.0,True,0,7533.893,44.0
5381.383199246222,-243.0,-1366.0,223.2499904,6,34.16661333333333,True,0,7533.9929999999995,44.0
5389.669999999999,-290.4072840222404,-1312.1382144296563,218.0,6,5.0,True,0,7534.133,44.0
5395.861494922943,-345.0,-1251.0,203.0,6,3.909090909090909,True,0,7534.253,44.0
5404.575777885264,-459.0,-1127.0,178.0,6,2.090909090909091,True,0,7534.4529999999995,44.0
5409.592222222222,-495.33649089432527,-1088.158949708587,163.0,6,1.0,True,0,7534.572999999999,44.0
5419.592222222222,-526.0,-1062.0,150.0,6,1.0,True,0,7534.813,44.0
5428.01679590869,-589.0,-1013.0,150.0,6,1.0,True,0,7535.013,44.0
5429.592222222222,-602.4679271306098,-1003.666670435995,150.0,5,1.0,True,0,7535.053,44.0
5439.954045950041,-701.0,-950.0,125.6249792,5,1.0,True,0,7535.353,44.0
5440.614444444444,-707.4816447636388,-947.2557072988284,124.0,3,1.0,True,0,7535.373,44.0
5445.195932788094,-752.0,-931.0,119.82999808,3,1.0,True,0,7535.512,44.0
5447.17,-770.8980174783501,-925.5963667748169,118.0,3,1.0,True,0,7535.572999999999,44.0
5450.300339428836,-801.0,-919.0,115.5249984,3,0.6464283428571429,True,0,7535.672,44.0
5455.773636708044,-856.0,-913.0,111.0249984,3,0.0035711999999999966,True,0,7535.852,44.0
5455.803333333333,-856.3123447333803,-912.9837582063735,111.0,2,0.0,True,0,7535.853,44.0
5462.736666666667,-931.3935135951024,-913.4167350176389,104.0,2,0.0,True,0,7536.093,44.0
5463.838880035633,-942.0,-914.0,103.2687488,2,0.24375039999999998,True,0,7536.132,44.0
5467.225555555556,-970.5215904967309,-916.4329714921549,101.0,2,1.0,False,0,7536.253,44.0
5470.5126688594355,-1006.0,-926.0,100.2562496,2,6.950003199999999,False,0,7536.371999999999,44.0
5474.896905231266,-1077.0,-955.0,99.2562496,2,14.9500032,False,0,7536.532,44.0
5476.025555555556,-1091.2965339229,-961.4356115652203,99.0,2,17.0,False,0,7536.572999999999,44.0
5481.581111111112,-1124.7397359652919,-980.4242170384676,100.0,2,37.0,False,0,7536.773,44.0
5486.71475269328,-1148.0,-1000.0,102.24439114483017,2,41.03990406069431,False,0,7536.9529999999995,44.0
5493.276944444445,-1199.5891318783788,-1040.5113113221992,105.0,2,46.0,False,0,7537.174,44.0
5493.858725096776,-1204.0,-1044.0,105.38863767272727,2,44.01362967272727,False,0,7537.193,44.0
5498.868900540516,-1243.0,-1074.0,108.66136494545455,2,27.286356945454546,False,0,7537.353,44.0
5505.911529997934,-1332.0,-1132.0,113.1613597090909,2,4.286383709090906,False,0,7537.572999999999,44.0
5507.210277777778,-1344.288738388921,-1139.3574947898294,114.0,2,0.0,False,0,7537.614,44.0
5516.524161729656,-1394.0,-1158.0,112.1312496,2,2.8031256,False,0,7537.913,44.0
5517.1658333333335,-1398.793134659375,-1159.1059926333262,112.0,3,3.0,False,0,7537.934,44.0
5522.010277777778,-1445.1294857745759,-1168.9489825492371,109.0,3,5.0,False,0,7538.094,44.0
5524.397900303878,-1469.0,-1172.0,109.0,3,12.241649066666668,False,0,7538.173,44.0
5529.276944444445,-1513.99659450629,-1171.6169583575893,109.0,3,27.0,False,0,7538.334,44.0
5533.51723496378,-1559.0,-1164.0,109.57916693333334,3,29.316667733333333,False,0,7538.473,44.0
5536.610277777778,-1600.3227001207533,-1154.1783018238461,110.0,3,31.0,False,0,7538.574,44.0
5539.034457399939,-1631.0,-1146.0,110.32916586666667,3,34.9499904,False,0,7538.653,44.0
5544.010277777778,-1674.2832375346102,-1132.4334988140079,111.0,3,43.0,False,0,7538.813999999999,44.0
5549.655300368973,-1713.0,-1116.0,113.2375008,3,48.9666688,False,0,7538.9929999999995,44.0
5551.610277777778,-1729.4694747363046,-1108.4225157657606,114.0,3,51.0,False,0,7539.054,44.0
5554.818968258578,-1759.0,-1094.0,115.98000128,3,52.98000128,False,0,7539.153,44.0
5558.1658333333335,-1791.3058702807425,-1076.6153015288685,118.0,3,55.0,False,0,7539.254,44.0
5565.047117008574,-1863.0,-1027.0,123.82845094168444,3,59.163179244060316,False,0,7539.4529999999995,44.0
5566.464444444445,-1879.1202510667977,-1012.7489640114745,125.0,3,60.0,False,0,7539.4929999999995,44.0
5572.959186776566,-1949.0,-943.0,128.5000049777778,3,66.00000853333333,False,0,7539.673,44.0
5579.664444444445,-1981.7285355853612,-906.3624401926959,132.0,3,72.0,False,0,7539.853,44.0
5585.8422222222225,-2002.8959938188973,-878.2739395075372,139.0,3,76.0,False,0,7540.013,44.0
5586.637928830914,-2007.0,-873.0,139.625008,3,76.2500032,False,0,7540.032999999999,44.0
5598.3848060718965,-2086.0,-772.0,148.375008,3,79.7500032,False,0,7540.313,44.0
5606.375555555556,-2125.663003517434,-716.5031510266392,154.0,3,82.0,False,0,7540.4929999999995,44.0
5613.6969327840625,-2156.0,-666.0,160.28571428571428,3,85.42857142857143,False,0,7540.653,44.0
5619.208888888889,-2179.942088322684,-620.0701507718786,165.0,3,88.0,False,0,7540.773,44.0
5623.757062297575,-2199.0,-579.0,165.0,3,88.50000128,False,0,7540.873,44.0
5627.437329122995,-2213.0,-545.0,165.0,3,88.90000128,False,0,7540.9529999999995,44.0
5628.375555555556,-2216.5596030205807,-535.7436082461026,165.0,3,89.0,False,0,7540.973,44.0
5644.286666666668,-2273.9931875903544,-357.9177504737665,179.0,4,88.0,False,0,7541.293,44.0
5646.367346314051,-2279.0,-339.0,181.0,4,88.8,False,0,7541.333,44.0
5654.786666666668,-2292.105127353887,-277.3272271969121,189.0,4,92.0,False,0,7541.4929999999995,44.0
5659.998202620084,-2298.0,-237.0,189.0,4,91.58333226666667,False,0,7541.593,44.0
5667.386666666667,-2306.3751759976803,-166.02936301069303,189.0,4,91.0,False,0,7541.733,44.0
5678.608147514954,-2314.0,-51.0,197.88888888888889,4,91.55555555555556,False,0,7541.933,44.0
5682.079422041877,-2314.0,-18.0,200.55556693333332,4,91.72222293333333,False,0,7541.9929999999995,44.0
5687.886666666667,-2312.954597193297,36.75232606121608,205.0,5,92.0,False,0,7542.093,44.0
5694.83985095834,-2308.0,108.0,209.4625024,5,92.0,False,0,7542.2119999999995,44.0
5697.264444444445,-2304.700210768108,135.9062645406235,211.0,5,92.0,False,0,7542.253,44.0
5714.297777777779,-2266.682525092469,344.54548596524893,219.0,5,86.0,False,0,7542.532999999999,44.0
5715.474026312202,-2264.0,356.0,219.4156264,5,86.593752,False,0,7542.552,44.0
5734.386666666668,-2217.4402754601697,493.0917470627935,226.0,5,96.0,False,0,7542.853,44.0
5735.598329837459,-2213.0,503.0,226.57000192,5,96.0,False,0,7542.871999999999,44.0
5747.275555555556,-2158.7651485604183,614.9858901183186,232.0,5,96.0,False,0,7543.053,44.0
5751.157114343293,-2138.0,654.0,233.7208352,5,96.9833344,False,0,7543.112,44.0
5763.20888888889,-2068.0615455576008,773.0363103794051,239.0,5,100.0,False,0,7543.293,44.0
5768.515176308621,-2036.0,823.0,239.0,5,100.0,False,0,7543.373,44.0
5773.8311111111125,-2003.9367760312603,870.4508082688149,239.0,6,100.0,False,0,7543.4529999999995,44.0
5787.398611111112,-1925.0384150013438,978.664730197952,243.0,6,100.0,False,0,7543.6539999999995,44.0
5792.867642868514,-1897.0,1017.0,245.468744,6,100.0,False,0,7543.733,44.0
5809.887500000001,-1821.5322309495893,1122.420002703039,253.0,6,100.0,False,0,7543.974,44.0
5818.286897328675,-1773.0,1188.0,253.7437488,6,100.0,False,0,7544.093,44.0
5818.709875135598,-1770.1713283161944,1191.761330074427,253.7812496,6,100.0,False,0,7544.099,44.0
0.024567455153180262,-1768.8985950173728,1193.3996210009395,253.7812496,6,100.0,False,0,7544.099,45.0
2.504166666666668,-1745.4256674003227,1224.2434844987342,254.0,6,100.0,False,0,7544.134,45.0
18.15651719405638,-1616.0,1392.0,257.1285723428571,6,99.21785691428572,False,0,7544.353,45.0
22.57083333333334,-1585.3076291954412,1430.976799199384,258.0,6,99.0,False,0,7544.414,45.0
37.237500000000004,-1500.5326603010617,1535.936238731058,264.0,6,99.0,False,0,7544.6140000000005,45.0
49.19305555555556,-1439.2580684692034,1612.7039167831272,269.0,7,100.0,False,0,7544.774,45.0
50.62182184606712,-1432.0,1622.0,269.2714294857143,7,100.0,False,0,7544.793000000001,45.0
70.42638888888888,-1332.4814469928804,1753.7263546071754,273.0,7,100.0,False,0,7545.054,45.0
82.68142566094089,-1269.0,1840.0,276.312496,7,100.0,False,0,7545.213,45.0
88.95972222222221,-1235.1983599652294,1886.1951634075313,278.0,7,100.0,False,0,7545.294,45.0
95.0967350882062,-1196.0,1940.0,278.7406232,7,100.0,False,0,7545.3730000000005,45.0
113.93749999999997,-1032.0345998017883,2166.1538788023868,281.0,7,100.0,False,0,7545.6140000000005,45.0
115.43429235934572,-1022.0,2180.0,281.38000128,7,100.0,False,0,7545.633,45.0
129.77083333333331,-966.6588235711819,2256.268250380171,285.0,7,100.0,False,0,7545.814,45.0
140.84581378797571,-929.0,2308.0,286.16156104462317,7,99.6128129851256,False,0,7545.953,45.0
156.88013785948326,-835.0,2437.0,287.832871130672,7,99.05570962310932,False,0,7546.153,45.0
158.49083333333328,-825.1833927388656,2450.4303418801856,288.0,7,99.0,False,0,7546.173,45.0
171.42416666666662,-749.0046832780572,2554.3560658956244,291.0,7,99.0,False,0,7546.3330000000005,45.0
181.178291360633,-693.0,2632.0,291.85714285714283,7,99.42857142857143,False,0,7546.453,45.0
194.21305555555548,-618.5128966482611,2738.195638923976,293.0,7,100.0,False,0,7546.613,45.0
197.46743667707585,-600.0,2765.0,293.0,7,100.0,False,0,7546.653,45.0
207.23527777777772,-544.8141803964243,2845.7490647780933,293.0,7,100.0,False,0,7546.773,45.0
215.41296936115958,-499.0,2913.0,293.83333546666665,7,100.0,False,0,7546.8730000000005,45.0
220.3349691070171,-471.0,2954.0,294.3333333333333,7,100.0,False,0,7546.933,45.0
226.9019444444444,-428.0790626909386,3017.636167512798,295.0,7,100.0,False,0,7547.013,45.0
246.62650898598505,-289.0,3227.0,295.6666666666667,7,99.33333333333333,False,0,7547.253000000001,45.0
256.5019444444444,-246.24351497114748,3291.4653344584094,296.0,7,99.0,False,0,7547.3730000000005,45.0
269.6705088762785,-197.0,3364.0,296.0,7,99.8,False,0,7547.533,45.0
272.94638888888886,-180.6354701935997,3387.559952423113,296.0,7,100.0,False,0,7547.573,45.0
289.22416666666663,-84.0,3525.0,293.0,7,100.0,False,0,7547.773,45.0
305.5575,11.0,3657.0,294.0,7,99.0,False,0,7547.973,45.0
328.3463888888889,210.1043481263136,3906.4551267259976,293.0,7,100.0,False,0,7548.253000000001,45.0
334.84360506284884,255.0,3961.0,292.6,7,100.0,False,0,7548.3330000000005,45.0
344.5686111111111,299.55914781254864,4013.989247485518,292.0,7,100.0,False,0,7548.453,45.0
359.0738497051059,357.0,4074.0,290.19999744,7,100.0,False,0,7548.633,45.0
360.67972222222227,366.8417082063103,4083.730645179239,290.0,7,100.0,False,0,7548.653,45.0
375.0064357823709,477.0,4188.0,288.5083328,7,100.0,False,0,7548.832,45.0
379.8797222222222,514.777507599367,4220.481490669723,288.0,7,100.0,False,0,7548.893,45.0
389.38206404601146,588.0,4277.0,287.5041664,7,100.0,False,0,7549.012,45.0
399.0130555555555,667.0877953752222,4328.1663807233845,287.0,7,100.0,False,0,7549.133,45.0
452.16154597058346,1166.0,4502.0,281.63157894736844,7,100.0,False,0,7549.813,45.0
458.3352777777777,1222.9149310549392,4510.116757273929,281.0,7,100.0,False,0,7549.893,45.0
478.30694961246195,1433.0,4520.0,277.7581030983646,7,100.0,False,0,7550.153,45.0
489.0786111111111,1596.564990284003,4516.433364284999,276.0,7,100.0,False,0,7550.294,45.0
495.09568750450603,1680.0,4513.0,275.34166826666666,7,100.0,False,0,7550.3730000000005,45.0
507.3452777777777,1795.3662460755827,4504.638194103544,274.0,7,100.0,False,0,7550.534000000001,45.0
527.1351967788195,1923.0,4485.0,274.5886365090909,7,100.0,False,0,7550.793000000001,45.0
539.3555671869283,2044.0,4468.0,274.9522728727273,7,100.0,False,0,7550.953,45.0
540.9563888888888,2060.1644620651555,4465.888127687058,275.0,7,100.0,False,0,7550.974,45.0
556.1786111111111,2210.6270900859495,4449.16049506883,274.0,7,99.0,False,0,7551.174,45.0
557.6252762201775,2225.0,4448.0,274.0,7,99.05277795555556,False,0,7551.193,45.0
569.8194801039122,2345.0,4441.0,274.0,7,99.4972224,False,0,7551.353,45.0
583.5786111111111,2478.2517727694462,4438.206061669212,274.0,7,100.0,False,0,7551.534000000001,45.0
585.017357955608,2498.0,4439.0,273.8812496,7,100.0,False,0,7551.553,45.0
600.0976086508292,2751.0,4458.0,272.6312496,7,100.0,False,0,7551.753000000001,45.0
619.7119444444444,2843.5602591915986,4473.628804756899,271.0,7,100.0,False,0,7552.014,45.0
622.6481319418168,2862.0,4480.0,271.0,7,100.0,False,0,7552.053,45.0
634.7674999999999,2995.3983867977568,4524.788422604024,271.0,7,100.0,False,0,7552.214,45.0
649.6674368181733,3187.0,4593.0,270.00500096,7,100.0,False,0,7552.4130000000005,45.0
664.6563888888888,3279.443911044902,4639.637501654486,269.0,7,100.0,False,0,7552.6140000000005,45.0
672.0303593224966,3319.0,4664.0,268.3812496,7,100.0,False,0,7552.713,45.0
676.5675,3347.9644107916324,4681.47584521695,268.0,7,100.0,False,0,7552.774,45.0
691.3226426115461,3482.0,4772.0,267.445682689613,7,100.0,False,0,7552.973,45.0
703.1933333333334,3648.790421578718,4909.370217900351,267.0,7,100.0,False,0,7553.133,45.0
704.6807065413234,3666.0,4924.0,267.0833344,7,100.0,False,0,7553.153,45.0
721.06,3753.951039574965,5003.891193100756,268.0,7,100.0,False,0,7553.3730000000005,45.0
734.3978443557374,3806.0,5060.0,267.24999893333336,7,100.0,False,0,7553.553,45.0
738.86,3839.3609608795714,5093.963148608118,267.0,7,100.0,False,0,7553.613,45.0
750.8155555555555,3962.108393916715,5216.614779944464,269.0,7,100.0,False,0,7553.773,45.0
759.7416582714579,4039.0,5293.0,267.8,7,100.0,False,0,7553.893,45.0
765.6488888888889,4073.7818349778904,5327.4695634490545,267.0,7,100.0,False,0,7553.973,45.0
777.2488888888889,4113.050997790527,5365.535583756419,261.0,7,24.0,True,0,7554.133,45.0
785.4526215470365,4175.0,5422.0,248.4,7,11.4,True,0,7554.253000000001,45.0
790.5822222222222,4240.956359698352,5481.483664109461,240.0,7,3.0,True,0,7554.3330000000005,45.0
796.5522358844735,4326.0,5558.0,225.83329706666666,7,1.7499968000000001,True,0,7554.433,45.0
804.3155555555555,4392.985497502806,5618.4183195239475,206.0,7,0.0,True,0,7554.573,45.0
814.76,4407.042375585397,5630.48562660722,188.0,7,0.0,True,0,7554.773,45.0
822.3493142585007,4474.0,5684.0,176.5,7,0.0,True,0,7554.933,45.0
827.6857924505417,4562.0,5755.0,167.875,7,0.0,True,0,7555.053,45.0
829.4266666666666,4583.621438760335,5772.755648404936,165.0,7,0.0,True,0,7555.093,45.0
843.4078029339926,4647.0,5818.0,148.99166364444446,7,0.0,True,0,7555.432,45.0
844.2266666666666,4656.827701895656,5823.24744195956,148.0,4,0.0,True,0,7555.453,45.0
850.2488368869202,4753.0,5873.0,139.38749653333332,4,0.0,True,0,7555.612,45.0
853.2266666666666,4792.195414771054,5890.404400040146,135.0,3,0.0,True,0,7555.693,45.0
860.3933333333333,4848.319766824273,5902.777586714095,129.0,3,0.0,True,0,7555.893,45.0
866.6281801827465,4895.0,5900.0,125.41999872,3,0.0,True,0,7556.072,45.0
867.3377777777778,4901.50574110733,5899.450101014584,125.0,2,0.0,True,0,7556.093,45.0
875.0711111111111,4990.569175488145,5889.892283718691,116.0,2,0.0,True,0,7556.3330000000005,45.0
881.0917739552676,5051.0,5881.0,111.0,2,0.0,True,0,7556.533,45.0
885.771111111111,5073.947765872435,5875.007571516033,107.0,2,0.0,True,0,7556.693,45.0
889.8402983383633,5095.0,5865.0,105.25725961247367,2,0.0,True,0,7556.8330000000005,45.0
892.7333333333333,5120.483316582048,5852.260840617735,104.0,2,0.0,False,0,7556.934,45.0
894.3984874367673,5136.0,5844.0,102.8937488,2,0.0,False,0,7556.993,45.0
897.2222222222222,5159.750217566925,5829.985544227513,101.0,2,0.0,False,0,7557.094,45.0
900.5434286541043,5187.0,5810.0,101.0,2,8.9249856,False,0,7557.213,45.0
910.0890315350559,5273.0,5723.0,101.0,2,34.425004799999996,False,0,7557.553,45.0
910.6888888888889,5276.59385120696,5718.641424062108,101.0,2,36.0,False,0,7557.5740000000005,45.0
919.992344947929,5308.0,5665.0,104.9874976,2,40.984372,False,0,7557.893,45.0
920.0222222222222,5308.108351144017,5664.7756333919215,105.0,2,41.0,False,0,7557.894,45.0
925.4414151674865,5330.0,5617.0,107.55714377142857,2,44.835715657142856,False,0,7558.073,45.0
928.5,5340.802358604179,5587.457540652873,109.0,2,47.0,False,0,7558.174,45.0
933.3444444444444,5354.584395302175,5539.770749849992,109.0,2,55.0,False,0,7558.334,45.0
935.2139828778911,5359.0,5523.0,111.10714514285715,2,56.89643062857143,False,0,7558.393,45.0
940.5318414952735,5370.0,5473.0,116.82143085714286,2,62.03928777142857,False,0,7558.553,45.0
942.6,5374.735157265604,5442.582965403646,119.0,2,64.0,False,0,7558.6140000000005,45.0
947.374097998568,5385.0,5365.0,123.17000192,2,68.86500224,False,0,7558.753000000001,45.0
949.5444444444445,5387.717534734693,5342.17005170793,125.0,2,71.0,False,0,7558.814,45.0
959.4121511606756,5391.0,5293.0,134.3527800888889,2,75.31666773333333,False,0,7559.073,45.0
963.3444444444444,5392.7141504616175,5263.265479613948,138.0,2,77.0,False,0,7559.174,45.0
969.4777777777778,5398.664580714189,5197.634997846987,138.0,2,16.0,True,0,7559.334,45.0
972.3561695542425,5406.0,5157.0,134.33215177142858,2,12.614293942857143,True,0,7559.4130000000005,45.0
978.5123845193244,5431.0,5056.0,125.97499702857142,2,4.899997257142857,True,0,7559.593,45.0
979.2,5433.441476158057,5047.171961705151,125.0,2,4.0,True,0,7559.6140000000005,45.0
989.5794108096294,5460.0,4985.0,110.83564434663987,2,3.055709623109325,True,0,7559.953,45.0
990.1694444444445,5462.451087738693,4980.799870835604,110.0,2,3.0,True,0,7559.973,45.0
996.0027777777779,5493.866750334852,4927.741204358266,105.0,2,0.0,True,0,7560.173,45.0
997.1590318126882,5500.0,4918.0,104.5,2,0.0,True,0,7560.213,45.0
1000.5805555555556,5516.698030264057,4893.375696089415,103.0,2,0.0,True,0,7560.3330000000005,45.0
1003.3161829721904,5538.0,4869.0,100.4999936,2,0.0,True,0,7560.433,45.0
1007.4941973441819,5592.0,4816.0,96.4999936,2,0.0,True,0,7560.593,45.0
1009.025,5606.053158444544,4802.690714081018,95.0,2,0.0,True,0,7560.653,45.0
1015.9619561164977,5636.0,4782.0,89.75,2,0.0,True,0,7560.933,45.0
1016.9361111111111,5643.881716707823,4777.7357521783915,89.0,2,0.0,True,0,7560.973,45.0
1023.625,5720.0,4739.0,86.0,2,0.0,True,0,7561.253000000001,45.0
1028.125,5754.929617654534,4728.784651705386,81.0,2,0.0,False,0,7561.453,45.0
1032.0625598555455,5783.0,4730.0,80.09999872,2,10.350014719999999,False,0,7561.633,45.0
1036.9027777777778,5829.0,4739.0,79.0,2,23.0,False,0,7561.853,45.0
1042.4361111111111,5878.189102079339,4762.279327789311,83.0,2,30.0,False,0,7562.093,45.0
1042.885037747547,5882.0,4765.0,83.2375008,2,30.296876,False,0,7562.112,45.0
1043.359285555411,5886.0,4768.0,83.4875008,2,30.609376,False,0,7562.1320000000005,45.0
1050.1694444444445,5938.923851996244,4810.699599733182,87.0,2,35.0,False,0,7562.4130000000005,45.0
1051.1267191786906,5946.0,4817.0,87.4875008,2,35.9750016,False,0,7562.452,45.0
1054.125,5967.696066496421,4837.4229176593335,89.0,2,39.0,False,0,7562.573,45.0
1055.6163047035934,5978.0,4848.0,89.9833344,2,40.7208352,False,0,7562.6320000000005,45.0
1059.7675494576931,6005.0,4879.0,92.65000106666666,2,45.38750186666667,False,0,7562.792,45.0
1060.325,6008.529435766392,4883.313287316102,93.0,2,46.0,False,0,7562.813,45.0
1065.2255767394627,6038.0,4921.0,96.9375056,2,51.0625072,False,0,7562.993,45.0
1069.213888888889,6057.361903127098,4946.891916804075,100.0,2,55.0,False,0,7563.133,45.0
1076.4519762703987,6097.0,5011.0,105.98639195150282,2,61.530609401639445,False,0,7563.3730000000005,45.0
1081.498016415682,6138.0,5087.0,109.97731991917138,2,65.8843490027324,False,0,7563.533,45.0
1082.811388888889,6145.9985602035,5102.314042487588,111.0,2,67.0,False,0,7563.5740000000005,45.0
1088.100277777778,6162.472966963749,5136.298226858133,119.0,2,74.0,False,0,7563.734,45.0
1095.6902832088863,6177.0,5174.0,128.30805553548387,2,78.0120929032258,False,0,7563.933,45.0
1099.971766466548,6190.0,5207.0,132.98548686451613,2,80.02822709677419,False,0,7564.033,45.0
1145.840761321136,6291.0,5562.0,174.14677718709677,2,97.77016258064516,False,0,7564.9130000000005,45.0
1149.0669444444447,6298.577969037917,5603.177516274167,177.0,3,99.0,False,0,7564.974,45.0
1159.5276236940135,6321.0,5737.0,184.73888142222222,3,99.0,False,0,7565.173,45.0
1168.1669444444447,6329.29988866538,5803.745401223621,191.0,4,99.0,False,0,7565.334,45.0
1173.6496274344977,6331.0,5852.0,195.2428598857143,4,99.0,False,0,7565.433,45.0
1183.9558333333337,6329.153754152555,5991.101164111529,203.0,4,99.0,False,0,7565.6140000000005,45.0
1190.8755039983764,6323.0,6090.0,207.75999232,4,99.0,False,0,7565.733,45.0
1195.6780555555558,6316.08854583981,6151.275143132226,211.0,5,99.0,False,0,7565.814,45.0
1212.8669444444447,6280.997097358353,6320.48505070517,221.0,5,99.0,False,0,7566.094,45.0
1217.7741872603497,6273.0,6352.0,222.18499712,5,99.0,False,0,7566.173,45.0
1225.311388888889,6263.729370305972,6385.279178533077,224.0,5,99.0,False,0,7566.294,45.0
1232.7595002602056,6250.0,6423.0,225.49685473834032,5,99.74842736917016,False,0,7566.4130000000005,45.0
1235.2930555555556,6242.577836987624,6441.759824503823,226.0,5,100.0,False,0,7566.453,45.0
1245.6041666666667,6198.8220626176435,6546.998280460174,232.0,5,99.0,False,0,7566.613,45.0
1256.0246236730436,6137.0,6670.0,234.4,5,99.0,False,0,7566.773,45.0
1258.6597222222222,6119.160932091513,6700.503463101957,235.0,6,99.0,False,0,7566.813,45.0
1280.259722222222,5965.353792946198,6920.117739730041,243.0,6,100.0,False,0,7567.133,45.0
1283.0102273600573,5952.0,6938.0,244.0,6,99.85714285714286,False,0,7567.173,45.0
1299.7041666666667,5901.236612267534,7000.307940752921,250.0,6,99.0,False,0,7567.4130000000005,45.0
1305.3280169848208,5869.0,7031.0,251.66666666666666,6,99.33333333333333,False,0,7567.493,45.0
1316.7041666666667,5758.366046636167,7130.945846398852,255.0,6,100.0,False,0,7567.653,45.0
1329.8189808798033,5620.0,7252.0,260.00000711111113,6,100.0,False,0,7567.8330000000005,45.0
1343.2041666666669,5537.315681984866,7319.824553408345,265.0,6,100.0,False,0,7568.013,45.0
1359.8350988642148,5456.0,7380.0,269.5000052363636,6,100.0,False,0,7568.233,45.0
1373.6163814911033,5348.0,7462.0,273.1818181818182,6,100.0,False,0,7568.4130000000005,45.0
1376.6930555555557,5316.687205516892,7486.395466867349,274.0,7,100.0,False,0,7568.453,45.0
1390.525746747189,5167.0,7605.0,277.1964297142857,7,99.36071405714286,False,0,7568.6320000000005,45.0
1398.3930555555557,5112.203086917458,7649.274138557669,279.0,7,99.0,False,0,7568.733,45.0
1414.04644384233,5035.0,7714.0,282.109376,7,99.6218752,False,0,7568.932,45.0
1423.6375000000003,4963.37977712327,7774.348272267163,284.0,7,100.0,False,0,7569.053,45.0
1436.312942082539,4855.0,7866.0,286.9812512,7,100.0,False,0,7569.212,45.0
1436.3930555555557,4854.344679279973,7866.556551772572,287.0,7,100.0,False,0,7569.213,45.0
1449.2819444444447,4754.17476091406,7952.046038162523,290.0,7,100.0,False,0,7569.3730000000005,45.0
1455.690942739566,4709.0,7991.0,290.9875008,7,100.0,False,0,7569.452,45.0
1468.839962052318,4611.0,8076.0,293.0,7,100.0,False,0,7569.613,45.0
1475.415277777778,4527.987769108617,8147.04888441617,294.0,7,100.0,False,0,7569.693,45.0
1483.6728199046363,4412.0,8246.0,295.24688538802496,7,100.0,False,0,7569.793000000001,45.0
1508.7205555555558,4200.065047317469,8427.46273964105,299.0,7,100.0,False,0,7570.094,45.0
1527.0256706752627,4083.0,8528.0,300.8250005333333,7,100.0,False,0,7570.313,45.0
1528.7872222222225,4070.201615536607,8538.975568364747,301.0,8,100.0,False,0,7570.334,45.0
1554.005971956708,3878.0,8704.0,303.24250048,8,99.25249984,False,0,7570.633,45.0
1562.5650000000005,3826.77932638378,8748.491364102592,304.0,8,99.0,False,0,7570.734,45.0
1579.5650000000005,3750.4906502262616,8815.94460422128,306.0,8,100.0,False,0,7570.934,45.0
1596.584346407149,3649.0,8906.0,307.2437488,8,100.0,False,0,7571.133,45.0
1600.0103597175626,3623.0,8929.0,307.4937488,8,100.0,False,0,7571.173,45.0
1606.9427777777782,3572.760517214594,8973.297581678988,308.0,8,100.0,False,0,7571.254,45.0
1623.9524143936621,3443.0,9087.0,308.0,8,100.0,False,0,7571.453,45.0
1630.8983333333335,3371.0577497236573,9149.999016603419,308.0,8,100.0,False,0,7571.534000000001,45.0
1646.3323487961377,3210.0,9291.0,309.4916672,8,100.0,False,0,7571.713,45.0
1661.998333333334,3133.616324895999,9357.76548902791,311.0,8,100.0,False,0,7571.894,45.0
1668.8360273724627,3106.0,9382.0,311.2194439111111,8,99.78055608888889,False,0,7571.973,45.0
1693.198333333334,2956.5598835028136,9513.52758223243,312.0,8,99.0,False,0,7572.254,45.0
1701.8241282051308,2857.0,9600.0,312.8250005333333,8,99.0,False,0,7572.353,45.0
1714.1316666666671,2677.2742093836005,9755.237141500973,314.0,8,99.0,False,0,7572.494000000001,45.0
1715.7897915173457,2659.0,9771.0,314.0,8,99.0,False,0,7572.513,45.0
1731.5761111111115,2598.630100866242,9822.98691843139,314.0,8,99.0,False,0,7572.694,45.0
1740.1962143039955,2567.0,9851.0,313.6464283428571,8,99.35357165714285,False,0,7572.793000000001,45.0
1755.920555555556,2405.2759462779454,9994.29586113281,313.0,8,100.0,False,0,7572.974,45.0
1769.7005555555559,2259.0,10124.0,312.0,8,100.0,False,0,7573.133,45.0
1794.0786370311043,2156.0,10216.0,312.0,8,100.0,False,0,7573.4130000000005,45.0
1804.3672222222226,2088.3692997873763,10276.796006119612,312.0,8,100.0,False,0,7573.533,45.0
1817.8165028173016,1978.0,10376.0,305.8181818181818,8,77.0909090909091,False,0,7573.693,45.0
1834.1188348989779,1851.0,10489.0,298.09090909090907,8,48.45454545454545,False,0,7573.893,45.0
1840.422777777778,1800.5688275791622,10531.979851030095,295.0,8,37.0,True,0,7573.973,45.0
1851.1462647451244,1713.0,10604.0,280.9999744,8,18.3332992,True,0,7574.113,45.0
1858.4894444444449,1652.531146384414,10652.21478409038,271.0,8,5.0,True,0,7574.213,45.0
1864.1391169243075,1606.0,10688.0,263.75,8,5.0,True,0,7574.293000000001,45.0
1880.000555555556,1469.3671811927293,10780.440288000154,242.0,8,5.0,True,0,7574.533,45.0
1882.513477566867,1441.0,10796.0,238.16666666666666,8,4.833333333333333,True,0,7574.573,45.0
1894.600555555556,1272.1653444084614,10875.897571211148,219.0,7,4.0,True,0,7574.773,45.0
1898.1105171136967,1231.0,10894.0,215.74998613333332,7,4.0,True,0,7574.8330000000005,45.0
1908.3338888888893,1162.455307061091,10921.772309028873,206.0,7,4.0,True,0,7575.013,45.0
1917.0450000000005,1111.5352765735397,10930.698264414352,196.0,6,4.0,True,0,7575.173,45.0
1918.0654188197805,1102.0,10932.0,195.406248,6,4.0,True,0,7575.192,45.0
1925.5338888888894,1008.7475195385648,10943.145712512274,191.0,5,4.0,True,0,7575.3330000000005,45.0
1930.5946252786666,939.0,10949.0,186.0499968,5,4.0,True,0,7575.432,45.0
1935.5894444444448,876.8687431980748,10950.991277668229,181.0,4,4.0,True,0,7575.533,45.0
1946.7639107384507,762.0,10944.0,170.5437472,4,4.0,True,0,7575.772,45.0
1950.4338888888892,731.1588202629098,10940.148930806936,167.0,4,4.0,True,0,7575.853,45.0
1959.3227777777781,670.7205659018645,10927.628255574791,160.0,4,4.0,True,0,7576.053,45.0
1966.9855138428522,612.0,10907.0,154.85713554285715,4,4.642858057142857,True,0,7576.233,45.0
1971.1450000000004,573.3329170858036,10890.67076378133,152.0,3,5.0,True,0,7576.3330000000005,45.0
1975.2588142760485,534.0,10872.0,149.5124338189687,3,6.990052944825048,True,0,7576.433,45.0
1979.3525000000004,497.30521334277535,10851.919550451188,147.0,3,9.0,False,0,7576.534000000001,45.0
1984.0773872304692,458.0,10826.0,144.87500342857143,3,17.9249856,False,0,7576.653,45.0
1990.396944444445,411.5002480735032,10785.809261569177,142.0,3,30.0,False,0,7576.814,45.0
1992.727095893445,396.0,10770.0,142.2458336,3,33.9333376,False,0,7576.8730000000005,45.0
1999.0897767983517,355.0,10720.0,142.91250026666665,3,44.600004266666666,False,0,7577.033,45.0
1999.930277777778,348.8331159560654,10710.958243217468,143.0,3,46.0,False,0,7577.054,45.0
2008.7719338275901,279.0,10593.0,144.64250048,3,47.09500032,False,0,7577.273,45.0
2016.1525000000001,244.38319507330334,10522.692846278107,146.0,3,48.0,False,0,7577.454,45.0
2025.9776918307646,223.0,10458.0,147.99166506666666,3,52.97916266666667,False,0,7577.693,45.0
2026.019166666667,222.92275310299422,10457.723322478658,148.0,3,53.0,False,0,7577.694,45.0
2034.4080555555558,209.27657906762676,10399.378780551368,151.0,3,59.0,False,0,7577.894,45.0
2036.078215473091,207.0,10386.0,151.77999616,3,60.55999232,False,0,7577.933,45.0
2052.0747222222226,191.54098756909755,10228.794971788011,159.0,3,75.0,False,0,7578.294,45.0
2052.936923097734,191.0,10220.0,159.28500096,3,73.14749376,False,0,7578.313,45.0
2061.194185958436,187.0,10138.0,161.98499712,3,55.59751872,False,0,7578.493,45.0
2070.362695413275,182.0,10046.0,164.98499712,3,36.09751872,False,0,7578.693,45.0
2070.408055555556,181.95217884990728,10045.410396174437,165.0,3,36.0,True,0,7578.694,45.0
2079.296944444445,168.2034548345374,9908.442640528414,160.0,3,6.0,True,0,7578.894,45.0
2080.1045182396592,167.0,9898.0,158.98213942857143,3,6.0,True,0,7578.9130000000005,45.0
2090.574722222223,155.22851090272067,9832.05041951216,145.0,3,6.0,True,0,7579.174,45.0
2095.182661350582,143.0,9804.0,142.3968792,3,4.8843768,True,0,7579.293000000001,45.0
2102.84138888889,105.53674848436401,9722.962444396264,138.0,3,3.0,True,0,7579.494000000001,45.0
2105.070855961634,94.0,9701.0,136.8937488,3,3.3687504,True,0,7579.553,45.0
2108.84138888889,75.65695380021405,9670.935787911618,135.0,3,4.0,True,0,7579.654,45.0
2114.5652106895345,48.0,9635.0,131.00836981425525,3,4.665271697624125,True,0,7579.813,45.0
2117.4055555555565,33.11781316453753,9617.117546472546,129.0,3,5.0,True,0,7579.893,45.0
2123.050000000001,0.4635884398927075,9581.091325710071,127.0,3,4.0,False,0,7580.053,45.0
2128.4616900093924,-54.0,9539.0,123.0,3,2.666666666666667,False,0,7580.213,45.0
2131.1166666666677,-92.20733358842074,9514.789438904354,121.0,3,2.0,False,0,7580.293000000001,45.0
2135.074289738243,-152.0,9481.0,119.5,3,1.0,False,0,7580.4130000000005,45.0
2138.983333333334,-196.34074222841963,9460.873586268002,118.0,3,0.0,True,0,7580.533,45.0
2147.2273853172205,-254.0,9448.0,114.28571062857142,3,0.0,True,0,7580.793000000001,45.0
2147.850000000001,-257.6782882191328,9447.253228092526,114.0,3,0.0,False,0,7580.813,45.0
2152.783333333334,-284.90733576722806,9441.829194790533,111.0,2,0.0,False,0,7580.973,45.0
2155.8457490283236,-308.0,9441.0,110.49999872,2,2.00000512,False,0,7581.073,45.0
2158.894444444445,-339.35163027576897,9443.059309603257,110.0,2,4.0,False,0,7581.173,45.0
2163.7388888888895,-400.44512593738733,9451.581237981636,109.0,2,17.0,False,0,7581.3330000000005,45.0
2166.143140476675,-426.0,9457.0,108.66666666666667,2,18.333333333333332,False,0,7581.4130000000005,45.0
2170.9388888888893,-463.40593932475747,9469.69693978527,108.0,2,21.0,False,0,7581.573,45.0
2175.1348924398967,-493.0,9486.0,108.69500032,2,27.25500288,False,0,7581.712,45.0
2176.994444444445,-508.2224845026726,9495.545965758543,109.0,2,30.0,False,0,7581.773,45.0
2180.042724584784,-534.0,9513.0,110.06071497142857,2,36.01071817142857,False,0,7581.872,45.0
2185.705555555556,-576.1117185080303,9545.907884665707,112.0,2,47.0,False,0,7582.053,45.0
2191.406150200466,-617.0,9588.0,114.2375008,2,44.7624992,False,0,7582.232,45.0
2193.3722222222227,-632.0786451536025,9606.407610179169,115.0,2,44.0,False,0,7582.293000000001,45.0
2198.5552968591323,-671.0,9661.0,116.9875008,2,49.9625024,False,0,7582.452,45.0
2201.238888888889,-687.6549965886009,9689.5442028407,118.0,2,53.0,False,0,7582.533,45.0
2208.016666666667,-719.2865331166988,9759.25401346608,122.0,2,56.0,False,0,7582.733,45.0
2210.797817436758,-729.0,9784.0,124.0,2,56.5,False,0,7582.813,45.0
2213.616666666667,-737.1664741689465,9806.508413448604,126.0,2,57.0,False,0,7582.893,45.0
2225.970765346717,-760.0,9893.0,130.7091423153592,2,57.94182846307184,False,0,7583.233,45.0
2226.753055555556,-761.292263781206,9899.358049967062,131.0,3,58.0,False,0,7583.254,45.0
2234.308611111111,-772.3552238007821,9972.05248946972,136.0,3,70.0,False,0,7583.454,45.0
2235.0350715562504,-773.0,9981.0,136.39583466666667,3,70.31666773333333,False,0,7583.473,45.0
2242.8493642253134,-775.0,10091.0,140.56250133333333,3,73.65000106666666,False,0,7583.673,45.0
2243.708611111111,-774.8893476520975,10101.807370420953,141.0,3,74.0,False,0,7583.694,45.0
2271.208611111111,-748.1483279626134,10321.396573431539,165.0,3,85.0,False,0,7584.294,45.0
2274.020001710485,-742.0,10347.0,167.36000256,3,86.77000192,False,0,7584.353,45.0
2280.8197222222225,-724.7542945317879,10414.311695748307,173.0,3,91.0,False,0,7584.494000000001,45.0
2283.744236429277,-718.0,10439.0,175.31785965714286,3,92.4750016,False,0,7584.553,45.0
2292.9683388182066,-700.0,10497.0,182.38927817142857,3,96.9749952,False,0,7584.733,45.0
2295.130833333333,-694.7790849409007,10512.473891487609,184.0,4,98.0,False,0,7584.774,45.0
2305.908611111111,-659.8622050892069,10609.564368104326,194.0,4,100.0,False,0,7584.974,45.0
2309.073992259161,-646.0,10644.0,194.0,4,99.6312496,False,0,7585.033,45.0
2314.5308333333332,-618.2739716883492,10708.648201827044,194.0,4,99.0,False,0,7585.134,45.0
2323.5068672485936,-574.0,10806.0,201.9499904,4,99.79499904,False,0,7585.293000000001,45.0
2325.8641666666667,-565.088686597176,10825.019954471501,204.0,5,100.0,False,0,7585.334,45.0
2337.4524421286924,-528.0,10900.0,208.9749952,5,100.0,False,0,7585.533,45.0
2344.708611111111,-495.9660749204922,10962.456862928053,212.0,5,100.0,False,0,7585.654,45.0
2348.322064229083,-479.0,10995.0,214.9500032,5,100.0,False,0,7585.713,45.0
2359.6419444444446,-426.2753542194398,11093.426162058933,224.0,5,100.0,False,0,7585.894,45.0
2373.5564461847616,-359.0,11212.0,228.56250133333333,5,100.0,False,0,7586.113,45.0
2374.908611111111,-352.20550483564455,11223.497562913602,229.0,5,100.0,False,0,7586.134,45.0
2380.0280609337237,-326.0,11267.0,231.36999424,5,100.0,False,0,7586.213,45.0
2387.9641666666666,-283.2510205664377,11334.680090906,235.0,6,100.0,False,0,7586.334,45.0
2398.5534162641216,-226.0,11420.0,238.4890260999781,6,100.0,False,0,7586.493,45.0
2409.4080555555556,-163.0,11506.0,242.0,6,100.0,False,0,7586.653,45.0
2421.8702190064787,-36.0,11667.0,247.14286445714285,6,100.0,False,0,7586.8330000000005,45.0
2428.8525,15.910426266957668,11730.94340331078,250.0,6,100.0,False,0,7586.933,45.0
2454.205568355296,124.0,11843.0,253.6,6,100.0,False,0,7587.293000000001,45.0
2457.074722222222,145.05062212037978,11863.629614211008,254.0,6,100.0,False,0,7587.3330000000005,45.0
2471.6211408206154,268.0,11983.0,259.0,6,100.0,False,0,7587.533,45.0
2483.3747222222223,340.6365503493281,12049.103737956299,263.0,7,100.0,False,0,7587.693,45.0
2489.25589786627,377.0,12080.0,264.0,7,100.0,False,0,7587.773,45.0
2495.1524999999997,417.9858620792052,12113.678324929759,265.0,7,100.0,False,0,7587.853,45.0
2513.0191666666665,562.1934941719348,12225.436889945773,268.0,7,100.0,False,0,7588.093,45.0
2517.534410921917,599.0,12252.0,268.8181853090909,7,100.0,False,0,7588.153,45.0
2523.5863688997856,648.0,12286.0,269.9090944,7,100.0,False,0,7588.233,45.0
2541.8322671459846,801.0,12381.0,273.1681826909091,7,100.0,False,0,7588.472,45.0
2546.508055555555,842.0787944822255,12403.063413087766,274.0,7,100.0,False,0,7588.533,45.0
2554.11020493842,910.0,12437.0,274.8250005333333,7,100.0,False,0,7588.6320000000005,45.0
2566.4272389579214,1021.0,12488.0,276.1583338666667,7,100.0,False,0,7588.792,45.0
2574.208055555555,1092.3361953912943,12518.496513822482,277.0,7,100.0,False,0,7588.893,45.0
2584.9242684697538,1192.0,12558.0,277.69500032,7,100.0,False,0,7589.032,45.0
2589.6524999999997,1236.1583955465544,12574.186411300698,278.0,7,100.0,False,0,7589.093,45.0
2610.0172332375273,1428.0,12636.0,281.71428937142855,7,100.0,False,0,7589.353,45.0
2611.585833333333,1443.0923117369389,12640.360905124791,282.0,7,100.0,False,0,7589.3730000000005,45.0
2630.3858333333333,1625.0,12688.0,282.0,7,100.0,False,0,7589.613,45.0
2642.9451860420777,1747.0,12715.0,282.569394628741,7,100.0,False,0,7589.773,45.0
2652.4755555555553,1867.5809861631801,12737.91299519891,283.0,7,100.0,False,0,7589.894,45.0
2660.299978405228,1964.0,12755.0,283.6187504,7,100.0,False,0,7589.993,45.0
2677.8088888888888,2109.202435590489,12777.509568745963,285.0,7,100.0,False,0,7590.214,45.0
2690.396129542137,2232.0,12792.0,285.0,7,100.0,False,0,7590.3730000000005,45.0
2690.4755555555553,2232.9809208734855,12792.110477337277,285.0,7,100.0,False,0,7590.374,45.0
2706.42,2464.279152197529,12817.311070313466,287.0,7,100.0,False,0,7590.5740000000005,45.0
2711.124080714905,2517.0,12823.0,287.0,7,100.0,False,0,7590.633,45.0
2730.234036306969,2628.0,12835.0,287.0,7,100.0,False,0,7590.8730000000005,45.0
2741.4977777777776,2730.958870923938,12845.765334024274,287.0,7,100.0,False,0,7591.014,45.0
2752.64648565677,2851.0,12858.0,288.39000064,7,100.0,False,0,7591.153,45.0
2757.5533333333333,2900.442626200672,12862.884682024702,289.0,7,100.0,False,0,7591.214,45.0
2763.921147364371,2963.0,12869.0,289.39499904,7,100.0,False,0,7591.293000000001,45.0
2784.9534396357844,3171.0,12890.0,290.69500032,7,100.0,False,0,7591.553,45.0
2789.8866666666663,3219.8103224310144,12895.317797974021,291.0,7,100.0,False,0,7591.6140000000005,45.0
2799.5037813533663,3315.0,12906.0,291.0,7,100.0,False,0,7591.733,45.0
2806.0533333333333,3379.9257671808077,12913.28080023875,291.0,7,100.0,False,0,7591.814,45.0
2822.177698231091,3540.0,12931.0,291.5527772444444,7,100.0,False,0,7592.013,45.0
2835.253333333333,3670.189696922909,12944.938753322189,292.0,7,100.0,False,0,7592.174,45.0
2841.6779413213153,3734.0,12952.0,292.39499904,7,100.0,False,0,7592.253000000001,45.0
2851.5311111111105,3831.4811379254415,12963.331361161414,293.0,7,100.0,False,0,7592.374,45.0
2854.710897056918,3863.0,12967.0,293.1218744,7,99.8781256,False,0,7592.4130000000005,45.0
2867.775834746111,3993.0,12982.0,293.6218744,7,99.3781256,False,0,7592.573,45.0
2877.6644444444437,4091.0766625128504,12993.958079836446,294.0,7,99.0,False,0,7592.694,45.0
2884.1213794379028,4155.0,13002.0,294.0,7,99.28214217142857,False,0,7592.773,45.0
2900.5311111111105,4317.509580140447,13022.993615999847,294.0,7,100.0,False,0,7592.974,45.0
2911.8325247356915,4430.0,13038.0,293.22777742222223,7,99.61388871111112,False,0,7593.113,45.0
2919.9394572153965,4511.0,13049.0,292.6722232888889,7,99.33611164444444,False,0,7593.213,45.0
2929.7311111111103,4608.53608082571,13062.047253440798,292.0,7,99.0,False,0,7593.334,45.0
2940.9643225805917,4720.0,13076.0,291.1257847053501,7,99.0,False,0,7593.473,45.0
2942.5836111111103,4736.003297930158,13077.85833495216,291.0,7,99.0,False,0,7593.493,45.0
2953.941725503034,4848.0,13090.0,291.8750016,7,99.0,False,0,7593.633,45.0
2955.5613888888884,4864.054502781238,13091.662461082311,292.0,7,99.0,False,0,7593.653,45.0
2971.651928337679,5025.0,13106.0,289.5,7,99.83333333333333,False,0,7593.853,45.0
2974.828055555555,5057.012523131334,13107.704912849813,289.0,7,100.0,False,0,7593.893,45.0
3045.623735771239,5771.0,13001.0,273.3333290666667,7,55.61109902222223,False,0,7594.8330000000005,45.0
3056.128055555555,5866.395664189284,12955.614434509584,271.0,7,49.0,False,0,7594.973,45.0
3068.172499999999,5970.931939911849,12894.539618214369,271.0,7,64.0,False,0,7595.133,45.0
3072.5583724676126,6008.0,12870.0,269.7357129142857,7,67.58214674285715,False,0,7595.192,45.0
3078.4423278371896,6057.0,12835.0,268.0214272,7,72.4392896,False,0,7595.272,45.0
3088.7836111111105,6140.168210644063,12768.345146452528,265.0,7,81.0,False,0,7595.4130000000005,45.0
3096.0885171968675,6194.0,12721.0,265.55000035555554,7,83.75000177777778,False,0,7595.512,45.0
3113.9189495288733,6313.0,12594.0,266.8833336888889,7,90.41666844444444,False,0,7595.752,45.0
3115.4836111111103,6324.839401159352,12577.809206386255,267.0,7,91.0,False,0,7595.773,45.0
3128.9204226901697,6429.0,12419.0,268.0000014222222,7,95.5000064,False,0,7595.953,45.0
3142.3836111111104,6488.48257504523,12321.799248409503,269.0,7,100.0,False,0,7596.133,45.0
3157.4586111111103,6525.359530385243,12233.246063117287,270.0,7,100.0,False,0,7596.334,45.0
3163.444209667018,6552.0,12159.0,271.3166634666667,7,100.0,False,0,7596.4130000000005,45.0
3175.725277777777,6623.770416241783,11951.74975420729,274.0,7,100.0,False,0,7596.5740000000005,45.0
3178.702642212156,6637.0,11913.0,274.1624992,7,100.0,False,0,7596.613,45.0
3194.0586111111106,6660.23466544069,11840.43883073059,275.0,7,100.0,False,0,7596.814,45.0
3200.102407945163,6668.0,11811.0,275.39499904,7,100.0,False,0,7596.893,45.0
3209.3919444444437,6690.910497847698,11726.44538029056,276.0,7,100.0,False,0,7597.014,45.0
3215.4985756711744,6708.0,11662.0,277.18499712,7,100.0,False,0,7597.093,45.0
3224.8919444444437,6731.805684308116,11567.535019558489,279.0,7,100.0,False,0,7597.214,45.0
3235.692124471353,6756.0,11467.0,279.57916693333334,7,100.0,False,0,7597.353,45.0
3243.5586111111097,6771.7587548069405,11400.554774982524,280.0,7,100.0,False,0,7597.454,45.0
3257.560362260924,6803.0,11255.0,281.1187504,7,100.0,False,0,7597.633,45.0
3268.6252777777763,6838.737737340356,11067.249767492149,282.0,7,100.0,False,0,7597.774,45.0
3273.2606307488704,6851.0,11001.0,282.2107145142857,7,100.0,False,0,7597.8330000000005,45.0
3290.6363888888877,6869.7797384082305,10890.382887254897,283.0,7,100.0,False,0,7598.054,45.0
3295.271215575793,6874.0,10861.0,283.0,7,100.0,False,0,7598.113,45.0
3303.2141666666657,6883.9134678674145,10791.216085881428,283.0,7,100.0,False,0,7598.214,45.0
3314.2063188439447,6900.0,10674.0,283.8687504,7,100.0,False,0,7598.353,45.0
3334.903246953583,6925.0,10469.0,285.4937488,7,100.0,False,0,7598.613,45.0
3341.347499999999,6931.279563927262,10412.353228737162,286.0,7,100.0,False,0,7598.694,45.0
3353.982482988871,6944.0,10280.0,286.0,7,100.0,False,0,7598.853,45.0
3363.5919444444435,6957.2429258917755,10118.838025093317,286.0,7,100.0,False,0,7598.974,45.0
3368.2775325804905,6963.0,10042.0,286.0,7,100.0,False,0,7599.033,45.0
3376.3030555555542,6970.015339796372,9933.413718027443,286.0,7,100.0,False,0,7599.134,45.0
3396.9473744040783,6977.0,9738.0,286.92500022857143,7,100.0,False,0,7599.393,45.0
3398.625277777777,6977.4254610342705,9722.316685207785,287.0,7,100.0,False,0,7599.414,45.0
3421.025277777777,6982.29397290507,9504.912603888131,288.0,7,100.0,False,0,7599.694,45.0
3436.9697222222217,6985.388472879647,9364.04243091626,287.0,7,99.0,False,0,7599.894,45.0
3440.0736371316725,6986.0,9340.0,286.80500096,7,99.0,False,0,7599.933,45.0
3452.8586111111103,6988.552515971297,9252.586588622333,286.0,7,99.0,False,0,7600.094,45.0
3466.9697023131857,6993.0,9150.0,284.7767644035052,7,99.0,False,0,7600.273,45.0
3482.657163356618,7002.0,8998.0,283.41002120893864,7,99.0,False,0,7600.473,45.0
3487.3688888888883,7005.411185686658,8952.617278902095,283.0,7,99.0,False,0,7600.533,45.0
3499.9466666666663,7017.454871198825,8830.186269963686,283.0,7,100.0,False,0,7600.693,45.0
3503.09273767176,7022.0,8795.0,283.0,7,100.0,False,0,7600.733,45.0
3518.813333333333,7054.0,8594.0,283.0,7,100.0,False,0,7600.933,45.0
3531.346666666666,7086.147538258359,8436.000617616499,282.0,7,100.0,False,0,7601.093,45.0
3553.2799999999993,7146.0,8196.0,282.0,7,100.0,False,0,7601.3730000000005,45.0
3565.7244444444436,7175.2570469351995,8092.779134691551,280.0,7,100.0,False,0,7601.533,45.0
3582.766182131599,7214.0,7972.0,280.0,7,99.3156248,False,0,7601.752,45.0
3590.6133333333323,7233.8297321059235,7914.1593732244055,280.0,7,99.0,False,0,7601.853,45.0
3606.1133333333323,7278.14262090888,7792.616010018022,279.0,7,99.0,False,0,7602.053,45.0
3612.2367327600705,7299.0,7739.0,279.0,7,99.39500032,False,0,7602.1320000000005,45.0
3621.5359089798003,7334.0,7652.0,279.0,7,99.99500032,False,0,7602.252,45.0
3621.6133333333323,7334.294914132014,7651.27178029054,279.0,7,100.0,False,0,7602.253000000001,45.0
3638.6196457665023,7398.0,7493.0,278.3124992,7,100.0,False,0,7602.473,45.0
3646.324444444443,7425.797269475636,7421.024757103643,278.0,7,100.0,False,0,7602.573,45.0
3652.474933518678,7447.0,7363.0,277.430605371259,7,100.0,False,0,7602.653,45.0
3666.2644362113424,7489.0,7233.0,276.14946563452884,7,100.0,False,0,7602.8330000000005,45.0
3667.867777777777,7493.038845002211,7218.7267576915265,276.0,7,100.0,False,0,7602.854,45.0
3687.545451562157,7528.0,7052.0,273.8416661333333,7,100.0,False,0,7603.113,45.0
3695.167777777777,7536.407449384219,6979.536262830733,273.0,7,100.0,False,0,7603.214,45.0
3699.606724814246,7539.0,6936.0,272.36785645714286,7,100.0,False,0,7603.273,45.0
3713.098619384508,7534.0,6802.0,270.43928777142855,7,100.0,False,0,7603.453,45.0
3716.167777777777,7530.870814639586,6770.925008546725,270.0,7,100.0,False,0,7603.494000000001,45.0
3728.123333333332,7513.154697855801,6648.405610726257,269.0,7,100.0,False,0,7603.654,45.0
3731.022268390926,7508.0,6619.0,268.5821449142857,7,100.0,False,0,7603.693,45.0
3748.738588180752,7471.0,6443.0,266.01071634285717,7,100.0,False,0,7603.933,45.0
3748.812222222221,7470.831745128385,6442.27415335041,266.0,7,100.0,False,0,7603.934,45.0
3760.5899999999983,7442.736522365375,6326.485938891688,265.0,7,100.0,False,0,7604.094,45.0
3764.945106024671,7432.0,6284.0,265.29500032,7,99.70499968,False,0,7604.153,45.0
3775.367777777776,7405.9891016196325,6182.931647538883,266.0,7,99.0,False,0,7604.294,45.0
3778.2459610066153,7399.0,6155.0,265.8607149714286,7,96.49286948571428,False,0,7604.3330000000005,45.0
3791.4987664854502,7369.0,6026.0,265.21785691428573,7,84.92142445714286,False,0,7604.513,45.0
3795.9788888888875,7359.909060754375,5982.326349618169,265.0,7,81.0,False,0,7604.5740000000005,45.0
3810.5176616728136,7335.0,5840.0,263.01000192,7,64.08501632,False,0,7604.773,45.0
3810.5899999999983,7334.897813577823,5839.284701672743,263.0,7,64.0,False,0,7604.774,45.0
3827.610173427895,7318.0,5669.0,258.65454894545456,7,52.0500096,False,0,7605.013,45.0
3838.8680229529323,7317.0,5558.0,255.74545803636363,7,44.050009599999996,False,0,7605.173,45.0
3841.7566666666653,7318.35839664736,5530.482522165325,255.0,6,42.0,False,0,7605.214,45.0
3854.3684197372245,7335.0,5409.0,253.5083328,6,43.4916672,False,0,7605.393,45.0
3858.6233333333316,7346.542782409267,5362.574479524633,253.0,6,44.0,False,0,7605.454,45.0
3869.645555555554,7389.833299871731,5231.522521853657,248.0,6,41.0,False,0,7605.6140000000005,45.0
3873.6929296658705,7408.0,5186.0,247.5083328,6,41.0,False,0,7605.673,45.0
3886.045555555554,7468.737342292197,5061.598324605143,246.0,6,41.0,False,0,7605.854,45.0
3902.0459906103983,7549.0,4929.0,241.02083733333333,6,41.0,False,0,7606.093,45.0
3902.11222222222,7549.301849699013,4928.510184588779,241.0,6,41.0,False,0,7606.094,45.0
3915.167777777776,7604.444323195413,4839.766344508419,235.0,6,9.0,True,0,7606.294,45.0
3921.371840483501,7632.0,4792.0,230.59999715555554,6,7.899999288888889,True,0,7606.393,45.0
3937.067777777776,7708.855100494679,4641.305334995587,219.0,6,5.0,True,0,7606.654,45.0
3939.386441709563,7718.0,4621.0,217.5375072,6,5.2437488,True,0,7606.693,45.0
3946.5344444444427,7740.1610539863905,4565.991851061839,213.0,5,6.0,True,0,7606.814,45.0
3955.7652777777757,7760.469232118903,4500.23101608117,209.0,5,6.0,False,0,7606.973,45.0
3956.9161171390947,7763.0,4491.0,208.59999488,5,6.10000128,False,0,7606.993,45.0
3967.1541666666644,7783.682880867586,4394.337002535135,205.0,5,7.0,False,0,7607.173,45.0
3968.272603976729,7785.0,4381.0,204.39999232,5,7.60000768,False,0,7607.193,45.0
3978.20972222222,7784.837221448901,4235.823152662729,199.0,5,13.0,False,0,7607.3730000000005,45.0
3982.6259889390294,7779.0,4172.0,199.0,5,14.428571428571429,False,0,7607.453,45.0
3993.6874999999977,7750.89750503482,4040.326629542712,199.0,5,18.0,False,0,7607.653,45.0
4006.8874999999975,7706.278478455126,3926.8106673875936,198.0,5,21.0,False,0,7607.893,45.0
4007.9765959130536,7703.0,3919.0,197.7499968,5,25.166719999999998,False,0,7607.9130000000005,45.0
4019.887499999998,7671.610219642377,3849.6128870322746,195.0,5,71.0,False,0,7608.133,45.0
4030.794229558449,7633.0,3783.0,196.8656256,5,76.5968768,False,0,7608.332,45.0
4037.4874999999975,7597.369891211143,3728.0983707946107,198.0,5,80.0,False,0,7608.453,45.0
4042.990679931312,7566.0,3683.0,199.48500096,5,82.97000192,False,0,7608.552000000001,45.0
4048.6541666666644,7534.8785474220995,3642.471320656539,201.0,5,86.0,False,0,7608.653,45.0
4051.9970560942907,7509.0,3615.0,202.26428708571427,5,86.63214354285714,False,0,7608.712,45.0
4063.5249168428672,7372.0,3495.0,206.55000137142858,5,88.77500068571429,False,0,7608.912,45.0
4064.7541666666643,7359.46558175991,3484.7586282781813,207.0,5,89.0,False,0,7608.933,45.0
4079.0874999999974,7273.925165005693,3424.4517141293068,215.0,5,98.0,False,0,7609.173,45.0
4094.0786217071905,7174.0,3377.0,222.07482685177607,5,99.08843490027324,False,0,7609.4130000000005,45.0
4105.654511033622,7040.0,3308.0,227.38095453709008,5,99.90476223647539,False,0,7609.593,45.0
4107.017499999997,7027.072720646393,3301.18389299287,228.0,5,100.0,False,0,7609.6140000000005,45.0
4124.03992239476,6919.0,3237.0,233.8863650909091,5,100.0,False,0,7609.8730000000005,45.0
4136.106388888886,6827.840185521986,3167.464165142589,238.0,6,100.0,False,0,7610.054,45.0
4142.748960438217,6776.0,3123.0,239.76785828571428,6,100.0,False,0,7610.153,45.0
4153.573448667446,6697.0,3047.0,242.62500114285714,6,100.0,False,0,7610.313,45.0
4155.006388888885,6686.80048390368,3036.6758404823063,243.0,6,100.0,False,0,7610.334,45.0
4166.028611111107,6609.698648177915,2955.5197536690816,248.0,6,100.0,False,0,7610.494000000001,45.0
4174.373832860547,6554.0,2894.0,250.9749952,6,100.0,False,0,7610.613,45.0
4182.9619444444415,6499.029646112891,2830.7978648559906,254.0,6,100.0,False,0,7610.734,45.0
4185.745093568636,6481.0,2809.0,254.541664,6,100.0,False,0,7610.773,45.0
4205.900943973838,6349.0,2632.0,258.4305528888889,6,100.0,False,0,7611.053,45.0
4208.861944444441,6331.973855996001,2606.796652503531,259.0,6,100.0,False,0,7611.094,45.0
4218.926727193988,6278.0,2522.0,260.7375008,6,100.0,False,0,7611.233,45.0
4220.461944444441,6269.735480932477,2508.459725305159,261.0,6,100.0,False,0,7611.254,45.0
4239.793337677369,6169.0,2334.0,268.4000018285714,6,100.0,False,0,7611.513,45.0
4241.384166666663,6161.905375061897,2321.113681553659,269.0,7,100.0,False,0,7611.534000000001,45.0
4251.98581058835,6112.0,2227.0,272.0406264,7,100.0,False,0,7611.673,45.0
4265.840352026541,6008.0,2022.0,275.9781208,7,100.0,False,0,7611.853,45.0
4265.917499999996,6007.493926793483,2020.992610241038,276.0,7,100.0,False,0,7611.854,45.0
4281.417499999996,5941.649776943852,1887.670220459577,279.0,7,100.0,False,0,7612.054,45.0
4301.96175747152,5892.0,1783.0,284.6656264,7,100.0,False,0,7612.313,45.0
4306.839722222218,5872.297539527717,1742.6785532828708,286.0,7,100.0,False,0,7612.374,45.0
4316.373893782706,5829.0,1654.0,287.78499712,7,100.0,False,0,7612.493,45.0
4322.895277777773,5800.7899715003,1595.1221706424387,289.0,7,100.0,False,0,7612.5740000000005,45.0
4329.290826650179,5774.0,1539.0,289.9874976,7,100.0,False,0,7612.653,45.0
4348.939722222218,5690.6419987628215,1366.638706304696,293.0,7,100.0,False,0,7612.894,45.0
4352.120362939077,5675.0,1334.0,293.2437488,7,100.0,False,0,7612.933,45.0
4362.006388888884,5621.704719684348,1221.9052127187692,294.0,7,100.0,False,0,7613.054,45.0
4366.857985663488,5598.0,1172.0,294.9833344,7,100.0,False,0,7613.113,45.0
4381.87305555555,5547.48907858666,1066.4627018811964,298.0,7,100.0,False,0,7613.294,45.0
4403.654426955202,5457.0,877.0,301.2456163988931,7,100.0,False,0,7613.553,45.0
4415.455555555551,5359.846106569639,671.8301587541266,303.0,8,100.0,False,0,7613.693,45.0
4417.138637293205,5349.0,649.0,303.0,8,100.0,False,0,7613.713,45.0
4428.922222222218,5312.3801777627705,573.1021543877,303.0,8,100.0,False,0,7613.853,45.0
4440.792907592073,5297.0,543.0,304.7500032,8,100.0,False,0,7613.993,45.0
4449.3222222222175,5269.912823601457,487.67027981004253,306.0,8,100.0,False,0,7614.093,45.0
4471.662539787954,5163.0,267.0,308.1666688,8,100.0,False,0,7614.353,45.0
4488.928659870263,5088.0,112.0,309.83333546666665,8,100.0,False,0,7614.553,45.0
4490.6555555555515,5080.52738521232,96.52146802771583,310.0,8,100.0,False,0,7614.573,45.0
4504.477777777774,5021.0,-27.0,311.0,8,100.0,False,0,7614.733,45.0
4518.34444444444,4965.4452119021125,-142.39789147585114,312.0,8,100.0,False,0,7614.893,45.0
4525.223370464546,4931.0,-214.0,312.5642861714286,8,100.0,False,0,7614.972,45.0
4542.6796154310605,4818.0,-449.0,313.9928576,8,100.0,False,0,7615.1720000000005,45.0
4542.766666666663,4817.470668380673,-450.10084513931497,314.0,8,100.0,False,0,7615.173,45.0
4556.677777777773,4744.503913779483,-601.8375570200169,313.0,8,100.0,False,0,7615.3330000000005,45.0
4570.63333333333,4687.928774280716,-719.2545940863853,314.0,8,100.0,False,0,7615.493,45.0
4574.0336225938845,4675.0,-746.0,314.0,8,100.0,False,0,7615.532,45.0
4591.566666666662,4613.531099244844,-872.577330326527,314.0,8,100.0,False,0,7615.733,45.0
4609.122222222218,4557.247737958803,-988.0570495946237,316.0,8,100.0,False,0,7615.933,45.0
4616.127401336048,4534.0,-1036.0,315.66735980013914,8,100.0,False,0,7616.013,45.0
4644.0169127378895,4419.0,-1273.0,314.33679900069563,8,100.0,False,0,7616.3330000000005,45.0
4651.076111111106,4371.124902209587,-1370.4326989045303,314.0,8,100.0,False,0,7616.414,45.0
4663.20005923506,4288.0,-1539.0,314.0,8,100.0,False,0,7616.553,45.0
4682.476111111106,4229.938254020919,-1656.041004191007,314.0,8,100.0,False,0,7616.774,45.0
4692.8367380430145,4203.0,-1710.0,313.6281256,8,100.0,False,0,7616.893,45.0
4710.298333333329,4128.649924184163,-1859.1769939029164,313.0,8,100.0,False,0,7617.094,45.0
4722.340792289184,4070.0,-1975.0,312.30499968,8,100.0,False,0,7617.233,45.0
4727.631666666661,4045.1057649342856,-2023.2750219700456,312.0,8,100.0,False,0,7617.294,45.0
4741.457461579867,3983.0,-2145.0,312.79499904,8,100.0,False,0,7617.453,45.0
4744.9336714343,3968.0,-2176.0,312.99499904,8,100.0,False,0,7617.493,45.0
4745.020555555549,3967.617615317521,-2176.7843438428954,313.0,8,100.0,False,0,7617.494000000001,45.0
4770.93421121853,3839.0,-2424.0,312.0656248,8,100.0,False,0,7617.793000000001,45.0
4772.753888888883,3830.3956518823256,-2440.429058274903,312.0,8,100.0,False,0,7617.814,45.0
4786.539142045364,3768.0,-2560.0,312.0,8,100.0,False,0,7617.973,45.0
4800.415125710917,3703.0,-2682.0,312.0,8,100.0,False,0,7618.133,45.0
4810.887222222216,3653.590416164864,-2774.2001915539518,312.0,8,100.0,False,0,7618.254,45.0
4824.709444444438,3587.8921045626153,-2895.6042518587115,311.0,8,100.0,False,0,7618.414,45.0
4826.35133449537,3580.0,-2910.0,311.0,8,100.0,False,0,7618.433,45.0
4845.3827053945315,3487.0,-3076.0,311.0,8,100.0,False,0,7618.653,45.0
4859.192833528659,3417.0,-3195.0,311.0,8,100.0,False,0,7618.813,45.0
4862.720555555549,3398.767983576272,-3225.443181278146,311.0,8,100.0,False,0,7618.854,45.0
4874.644211887473,3336.0,-3328.0,308.68333226666664,8,100.0,False,0,7618.993,45.0
4883.187222222216,3289.282315191088,-3400.639589690106,307.0,8,100.0,True,0,7619.094,45.0
4897.907283952835,3204.0,-3524.0,296.5583296,8,38.0958112,True,0,7619.273,45.0
4902.720555555549,3174.148355629208,-3563.961648278142,293.0,8,17.0,True,0,7619.334,45.0
4910.263706326253,3125.0,-3626.0,284.4749944888889,8,15.074998755555555,True,0,7619.433,45.0
4916.116383701452,3085.0,-3673.0,277.5861056,8,13.5194432,True,0,7619.513,45.0
4928.920555555549,2995.9798696210723,-3771.647997376274,262.0,8,10.0,True,0,7619.694,45.0
4933.013057365724,2965.0,-3802.0,257.5749952,8,10.29500032,True,0,7619.753000000001,45.0
4942.642777777772,2884.251389003465,-3871.4237006752815,247.0,8,11.0,True,0,7619.894,45.0
4953.309444444438,2787.454451707068,-3941.475090746633,240.0,7,12.0,True,0,7620.054,45.0
4957.123830556076,2754.0,-3963.0,237.63408150812944,7,12.29573981148382,True,0,7620.113,45.0
4976.910440317672,2596.0,-4043.0,224.80199513278964,7,13.899750608401295,True,0,7620.433,45.0
4978.136111111105,2587.4638758835627,-4046.660915785386,224.0,6,14.0,True,0,7620.453,45.0
4990.358333333327,2496.219464392396,-4078.7323562546258,220.0,5,20.0,False,0,7620.653,45.0
4991.565671996543,2483.0,-4082.0,219.4999936,5,20.833344,False,0,7620.673,45.0
5003.452511950587,2321.0,-4113.0,214.4999936,5,29.166677333333332,False,0,7620.8730000000005,45.0
5004.624999999994,2308.0000782356374,-4114.870752692912,214.0,5,30.0,False,0,7620.893,45.0
5020.801978101771,2195.0,-4115.0,209.33333333333334,5,47.888888888888886,False,0,7621.173,45.0
5025.424999999994,2156.5654964700616,-4110.328444878238,208.0,5,53.0,False,0,7621.253000000001,45.0
5042.875676969119,1979.0,-4077.0,209.3590912,5,68.6295488,False,0,7621.552000000001,45.0
5051.091666666661,1901.9168538374165,-4050.3974249049397,210.0,5,76.0,False,0,7621.693,45.0
5053.354925034269,1881.0,-4042.0,209.83749973333335,5,76.32500053333334,False,0,7621.732,45.0
5062.628092735671,1796.0,-4003.0,209.17083306666666,5,77.65833386666667,False,0,7621.892,45.0
5065.024999999995,1775.0342803758372,-3991.5478575165616,209.0,5,78.0,False,0,7621.933,45.0
5072.048296723538,1716.0,-3955.0,210.9833344,5,79.4875008,False,0,7622.052000000001,45.0
5079.224999999995,1657.276476558146,-3913.556812731732,213.0,5,81.0,False,0,7622.173,45.0
5089.848773997643,1575.0,-3847.0,213.0,5,81.0,False,0,7622.353,45.0
5095.7916666666615,1532.545490758451,-3807.762628607199,213.0,5,81.0,False,0,7622.453,45.0
5096.987652303861,1523.0,-3798.0,213.35587619812017,5,81.35587619812017,False,0,7622.473,45.0
5112.746487400977,1374.0,-3623.0,217.98220300148407,5,85.98220300148407,False,0,7622.733,45.0
5112.807777777773,1373.54604744806,-3622.430374433478,218.0,5,86.0,False,0,7622.734,45.0
5137.527132414528,1279.0,-3479.0,222.53408872727272,5,98.69544843636363,False,0,7623.133,45.0
5140.063333333328,1267.832319873081,-3459.436360184088,223.0,5,100.0,False,0,7623.174,45.0
5149.860057434791,1218.0,-3371.0,222.5031256,5,100.0,False,0,7623.3330000000005,45.0
5158.495057655725,1177.0,-3294.0,222.0656248,5,100.0,False,0,7623.473,45.0
5159.796666666661,1171.0874802666767,-3282.691322982765,222.0,5,100.0,False,0,7623.494000000001,45.0
5174.733623973322,1102.0,-3151.0,224.9874976,5,99.00416746666667,False,0,7623.733,45.0
5174.796666666662,1101.663141687591,-3150.382297720754,225.0,6,99.0,False,0,7623.734,45.0
5192.607777777773,995.5027316628823,-2963.970231573198,229.0,6,99.0,False,0,7624.014,45.0
5193.824980547963,989.0,-2953.0,229.20357211428572,6,99.0,False,0,7624.033,45.0
5210.652222222217,915.9021099611557,-2836.707849744229,232.0,6,99.0,False,0,7624.294,45.0
5218.409668233368,877.0,-2781.0,233.78499712,6,99.0,False,0,7624.4130000000005,45.0
5222.333646112081,854.0,-2749.0,234.68500096,6,99.0,False,0,7624.473,45.0
5223.707777777772,845.8549711642569,-2737.70699890745,235.0,6,99.0,False,0,7624.494000000001,45.0
5239.441111111106,753.2493236796971,-2610.0042763240526,236.0,6,99.0,False,0,7624.734,45.0
5247.266977086962,707.0,-2547.0,236.7437488,6,99.7437488,False,0,7624.853,45.0
5249.974444444439,690.9570586718457,-2525.28779685312,237.0,6,100.0,False,0,7624.894,45.0
5257.876239422699,644.0,-2462.0,237.832998656,6,99.881000192,False,0,7625.013,45.0
5313.59437635474,304.0,-2008.0,243.573000448,6,99.060999936,False,0,7625.8330000000005,45.0
5317.752222222216,278.55589086863876,-1975.2397252535243,244.0,6,99.0,False,0,7625.894,45.0
5334.017622592087,178.0,-1849.0,244.99583253333333,6,99.0,False,0,7626.133,45.0
5334.085555555549,177.56908925266458,-1848.4756785852248,245.0,6,99.0,False,0,7626.134,45.0
5346.220734312327,99.0,-1755.0,244.10499968,6,99.0,False,0,7626.313,45.0
5347.641111111105,89.63360649606373,-1744.0615596777025,244.0,6,99.0,False,0,7626.334,45.0
5358.441111111105,18.232393939951525,-1661.5183760903014,243.0,6,99.0,False,0,7626.494000000001,45.0
5359.721667193049,10.0,-1652.0,242.68333226666667,6,99.0,False,0,7626.513,45.0
5371.741889972712,-68.0,-1562.0,239.68333653333335,6,99.0,False,0,7626.693,45.0
5374.374444444439,-88.09281315247756,-1539.2480840901226,239.0,6,99.0,False,0,7626.734,45.0
5381.720633690721,-149.0,-1471.0,230.3257505206016,6,73.79046245049838,False,0,7626.853,45.0
5396.413053517515,-260.0,-1347.0,211.3735595620124,6,18.710657477098493,False,0,7627.113,45.0
5399.616944444439,-283.5612683887698,-1320.4460331034404,207.0,6,6.0,True,0,7627.173,45.0
5406.841686458115,-336.0,-1261.0,192.41664,6,3.083328,True,0,7627.313,45.0
5411.750277777772,-370.1835516022325,-1222.1699432270211,182.0,6,1.0,True,0,7627.4130000000005,45.0
5414.583383341811,-390.0,-1200.0,175.9999744,6,1.0,True,0,7627.473,45.0
5419.12805555555,-422.6157319306818,-1164.5052088852524,166.0,6,1.0,True,0,7627.573,45.0
5425.975632291918,-472.0,-1113.0,158.0,6,0.5555555555555556,True,0,7627.733,45.0
5433.928055555551,-530.4313203910099,-1058.0509158177606,148.0,5,0.0,True,0,7627.933,45.0
5434.695391486778,-538.0,-1052.0,146.85712822857144,5,0.0,True,0,7627.953,45.0
5442.7590746787455,-640.0,-981.0,134.34285348571427,5,0.0,True,0,7628.1720000000005,45.0
5444.194722222217,-657.1465844188966,-970.7023556099016,132.0,3,0.0,True,0,7628.213,45.0
5455.894722222217,-759.1845258585107,-929.270561711518,117.0,2,0.0,True,0,7628.573,45.0
5457.098183121509,-767.0,-927.0,116.0249984,2,0.0,True,0,7628.612,45.0
5465.483173056796,-820.0,-916.0,109.0,2,0.0,True,0,7628.893,45.0
5467.7836111111055,-843.2280956032989,-914.3505491051222,107.0,2,0.0,True,0,7628.973,45.0
5470.606497824753,-875.0,-913.0,104.01492058276243,2,0.0,True,0,7629.073,45.0
5473.422777777772,-904.3824617564126,-912.2154222278981,101.0,2,0.0,False,0,7629.174,45.0
5478.948691816256,-961.0,-916.0,100.17083413333333,2,11.608322133333333,False,0,7629.3730000000005,45.0
5480.089444444439,-974.1689018413844,-918.5683208554732,100.0,2,14.0,False,0,7629.414,45.0
5486.778181120518,-1050.0,-941.0,100.7468744,2,33.418734400000005,False,0,7629.653,45.0
5489.067222222217,-1066.0096648839242,-947.4750133425894,101.0,2,40.0,False,0,7629.734,45.0
5493.644999999995,-1093.7921633405674,-964.4367563490583,103.0,2,37.0,False,0,7629.894,45.0
5494.199143899868,-1099.0,-968.0,103.3562512,2,38.425004799999996,False,0,7629.9130000000005,45.0
5502.05022492651,-1198.0,-1039.0,108.2312464,2,57.9249856,False,0,7630.173,45.0
5503.333888888884,-1210.398522723132,-1048.2096782979588,109.0,2,61.0,False,0,7630.214,45.0
5511.067222222217,-1250.5761055599908,-1080.186546102267,116.0,2,60.0,False,0,7630.454,45.0
5516.978501666021,-1282.0,-1102.0,117.34250048,2,42.099993600000005,False,0,7630.633,45.0
5524.256710877227,-1344.0,-1138.0,118.99249856,2,20.1000192,False,0,7630.853,45.0
5524.289444444439,-1344.295498968502,-1138.144696470119,119.0,3,20.0,False,0,7630.854,45.0
5532.05682992762,-1415.0,-1164.0,117.00833493333333,3,16.016669866666668,False,0,7631.093,45.0
5532.089444444439,-1415.3073506449537,-1164.077041242253,117.0,3,16.0,False,0,7631.094,45.0
5537.955712812602,-1472.0,-1173.0,117.89500032,3,26.74000384,False,0,7631.273,45.0
5538.644999999994,-1478.7121639956158,-1173.1298787557873,118.0,3,28.0,False,0,7631.294,45.0
5541.237288835207,-1504.0,-1172.0,118.0,3,28.0,False,0,7631.3730000000005,45.0
5543.889444444439,-1530.142113313563,-1169.2401323059705,118.0,3,28.0,False,0,7631.454,45.0
5551.657083175512,-1608.0,-1153.0,117.00416746666667,3,31.983330133333332,False,0,7631.693,45.0
5551.689444444439,-1608.3247725133947,-1152.9101852960137,117.0,3,32.0,False,0,7631.694,45.0
5556.820160347474,-1659.0,-1137.0,117.4968744,3,41.937488,False,0,7631.853,45.0
5562.178333333328,-1704.5611585652373,-1120.6068719939992,118.0,3,52.0,False,0,7632.014,45.0
5567.085798390364,-1752.0,-1098.0,124.9500032,3,55.4750016,False,0,7632.153,45.0
5569.289444444438,-1778.6172457496236,-1083.3730652539552,128.0,3,57.0,False,0,7632.214,45.0
5575.123070647897,-1848.0,-1039.0,131.312496,3,61.6374944,False,0,7632.3730000000005,45.0
5575.867674228817,-1854.0,-1034.0,131.729168,3,62.220835199999996,False,0,7632.393,45.0
5578.156111111105,-1871.300860682428,-1019.7827935849355,133.0,3,64.0,False,0,7632.454,45.0
5583.46880720377,-1911.0,-985.0,135.9785728,3,66.482144,False,0,7632.593,45.0
5588.967222222216,-1962.6334853102326,-926.8924962225775,139.0,3,69.0,False,0,7632.734,45.0
5595.285340730154,-2019.0,-858.0,142.9749952,3,76.9499904,False,0,7632.893,45.0
5596.967222222216,-2030.063553063117,-844.5875492988719,144.0,3,79.0,False,0,7632.934,45.0
5607.30055555555,-2069.8484255164867,-796.6318422371132,155.0,3,82.0,False,0,7633.174,45.0
5613.478517882973,-2097.0,-758.0,158.4750016,3,85.0406264,False,0,7633.313,45.0
5621.789444444438,-2149.0176389316794,-677.1874403050751,163.0,3,89.0,False,0,7633.494000000001,45.0
5625.557903849569,-2172.0,-636.0,166.66784822857142,3,89.84642651428571,False,0,7633.573,45.0
5635.478333333327,-2221.941857806947,-523.0923121798861,176.0,4,92.0,False,0,7633.774,45.0
5646.6767142593,-2259.0,-417.0,182.86520990006363,4,90.62695801998727,False,0,7633.993,45.0
5651.959999999994,-2268.62054511123,-385.7678775140771,186.0,4,90.0,False,0,7634.093,45.0
5660.663305059043,-2280.0,-336.0,192.28571428571428,4,92.28571428571429,False,0,7634.253000000001,45.0
5667.282222222216,-2291.5046443347997,-273.8622183006726,197.0,4,94.0,False,0,7634.3730000000005,45.0
5671.696735766026,-2299.0,-230.0,198.0,4,94.33333333333333,False,0,7634.453,45.0
5680.615555555549,-2310.6084020621,-153.57943237597314,200.0,5,95.0,False,0,7634.613,45.0
5689.77436561473,-2314.0,-50.0,205.9625024,5,94.33749973333333,False,0,7634.772,45.0
5694.548888888883,-2311.2059053977027,29.572564956510668,209.0,5,94.0,False,0,7634.853,45.0
5701.690008112795,-2304.0,150.0,212.718752,5,93.6281248,False,0,7634.972,45.0
5714.015555555549,-2292.381246904586,255.472615759315,219.0,5,93.0,False,0,7635.173,45.0
5729.015555555549,-2270.0,331.0,225.0,5,90.0,False,0,7635.4130000000005,45.0
5737.992478319165,-2245.0,416.0,230.2500096,5,93.5000064,False,0,7635.553,45.0
5739.282222222217,-2239.809066877611,430.43257029830215,231.0,5,94.0,False,0,7635.573,45.0
5754.947222222217,-2149.4589611758206,631.4784986624959,234.0,6,96.0,False,0,7635.814,45.0
5758.848499896398,-2129.0,672.0,235.2906264,6,96.7375008,False,0,7635.8730000000005,45.0
5776.369444444438,-2061.9570832117997,785.4455163694416,241.0,6,100.0,False,0,7636.134,45.0
5780.346297095436,-2046.0,809.0,241.5531256,6,100.0,False,0,7636.193,45.0
5798.058333333328,-1957.0430011272401,934.8580565593021,244.0,6,100.0,False,0,7636.454,45.0
5800.7445684983495,-1941.0,957.0,245.1374944,6,100.0,False,0,7636.493,45.0
5814.720797176678,-1850.0,1081.0,250.97082773333332,6,100.0,False,0,7636.693,45.0
5814.791666666661,-1849.539577259922,1081.6226321644122,251.0,6,100.0,False,0,7636.694,45.0
5828.291891522928,-1764.5983921475422,1195.7377411532825,255.70000000000002,6,99.68666666666667,False,0,7636.8820000000005,45.0
0.7216032324384343,-1766.3448270384943,1195.5177575609111,255.70000000000002,6,99.68666666666667,False,0,7636.882,46.0
31.15117500345243,-1590.0,1425.0,265.9749952,6,99.00166698666666,False,0,7637.293,46.0
31.225555555555555,-1589.5801672855534,1425.5257894097117,266.0,6,99.0,False,0,7637.294,46.0
52.147777777777776,-1464.6848607252978,1580.7059169627187,269.0,7,99.0,False,0,7637.574,46.0
55.090157174606574,-1442.0,1610.0,269.69642514285715,7,99.0,False,0,7637.612999999999,46.0
73.4588888888889,-1274.0210011563804,1833.530854947133,274.0,7,99.0,False,0,7637.853999999999,46.0
76.46316127605087,-1250.0,1866.0,274.812496,7,99.1624992,False,0,7637.893,46.0
92.05888888888889,-1157.7706181346323,1992.6634781715095,279.0,7,100.0,False,0,7638.094,46.0
104.54777777777778,-1100.4125817182191,2072.684788415175,281.0,7,100.0,False,0,7638.254,46.0
107.61220430276319,-1085.0,2094.0,281.7312464,7,100.0,False,0,7638.293,46.0
117.17,-1033.6099060600036,2164.647645301267,284.0,7,100.0,False,0,7638.414,46.0
139.41187250425546,-898.0,2350.0,286.98928365714283,7,100.0,False,0,7638.692999999999,46.0
139.4922222222222,-897.4845472389934,2350.706765009797,287.0,7,100.0,False,0,7638.6939999999995,46.0
168.59167076945022,-709.0,2611.0,291.0795432727273,7,99.18409134545455,False,0,7639.053,46.0
175.18111111111108,-671.0175856823463,2664.351295581944,292.0,7,99.0,False,0,7639.134,46.0
188.20333333333332,-603.1098679823772,2761.024329741416,293.0,7,100.0,False,0,7639.294,46.0
204.48639816114166,-531.0,2865.0,294.1055544888889,7,100.0,False,0,7639.4929999999995,46.0
217.70333333333332,-482.32828999286335,2935.8780008137574,295.0,7,100.0,False,0,7639.6539999999995,46.0
230.85888888888888,-427.1446207278401,3017.914412403362,296.0,7,100.0,False,0,7639.813999999999,46.0
237.3819766696372,-384.0,3083.0,296.56428434285715,7,99.71785782857143,False,0,7639.893,46.0
254.0366666666667,-240.4232081041616,3300.757031444549,298.0,7,99.0,False,0,7640.094,46.0
255.61066719124545,-229.0,3318.0,298.0,7,99.07916693333334,False,0,7640.112999999999,46.0
273.9033333333333,-150.59925617507005,3433.994390685201,298.0,7,100.0,False,0,7640.334,46.0
288.67807644723314,-97.0,3508.0,297.10499968,7,100.0,False,0,7640.513,46.0
290.4033333333333,-88.16057054914765,3520.1501246731523,297.0,7,100.0,False,0,7640.534,46.0
305.0290029331545,0.0,3641.0,294.753135466954,7,100.0,False,0,7640.713,46.0
309.9216666666666,27.321852826987264,3678.313120169977,294.0,7,100.0,False,0,7640.772999999999,46.0
319.712592049901,88.0,3758.0,294.0,7,100.0,False,0,7640.893,46.0
326.255,147.0872385196801,3830.81955773632,294.0,7,100.0,False,0,7640.973,46.0
339.36611111111114,283.3837222700926,3993.056445141902,295.0,7,100.0,False,0,7641.133,46.0
340.997347466544,297.0,4009.0,294.7499968,7,100.0,False,0,7641.152999999999,46.0
365.23277777777776,419.92996132028514,4139.466594881595,291.0,7,100.0,False,0,7641.4529999999995,46.0
369.97973198739294,450.0,4165.0,290.5785709714286,7,100.0,False,0,7641.512,46.0
387.7105555555556,608.6324874456835,4289.908879939481,289.0,7,100.0,False,0,7641.732999999999,46.0
392.4188660082425,650.0,4319.0,288.36785645714286,7,100.0,False,0,7641.7919999999995,46.0
409.95500000000004,779.8395309644728,4391.278348619551,286.0,7,100.0,False,0,7642.013,46.0
414.69007075474076,817.0,4407.0,285.3571401142857,7,100.0,False,0,7642.072999999999,46.0
431.9661111111111,977.2285338843478,4462.2838782690205,283.0,7,100.0,False,0,7642.293,46.0
442.90199364983357,1088.0,4489.0,282.12772478341697,7,100.0,False,0,7642.433,46.0
453.8197342162404,1197.0,4506.0,281.2554527568631,7,100.0,False,0,7642.572999999999,46.0
457.0219444444445,1225.9701966051239,4509.7035110330435,281.0,7,100.0,False,0,7642.614,46.0
471.01532705188356,1370.0,4519.0,281.0,7,100.0,False,0,7642.793,46.0
475.75527777777785,1451.764119704033,4518.940406626992,281.0,7,100.0,False,0,7642.853999999999,46.0
484.9314338291784,1622.0,4516.0,279.3472248888889,7,100.0,False,0,7642.973,46.0
503.3552777777778,1736.6348299662482,4511.319236448339,276.0,7,100.0,False,0,7643.214,46.0
514.0047346267318,1805.0,4501.0,276.0,7,100.0,False,0,7643.352999999999,46.0
537.0177472050927,2140.0,4456.0,276.0,7,100.0,False,0,7643.652999999999,46.0
540.1552777777779,2178.8707267505574,4451.622233651663,276.0,7,100.0,False,0,7643.6939999999995,46.0
558.4886111111111,2334.273832163098,4440.519208542595,275.0,7,99.0,False,0,7643.933999999999,46.0
567.5813136293302,2397.0,4439.0,275.0,7,99.49583253333333,False,0,7644.053,46.0
576.8219444444445,2461.3086578226257,4438.458096914155,275.0,7,100.0,False,0,7644.174,46.0
590.4617002065601,2565.0,4441.0,274.36071405714284,7,100.0,False,0,7644.352999999999,46.0
598.1330555555556,2633.3897649883365,4445.25111302555,274.0,7,100.0,False,0,7644.454,46.0
613.1828940198795,2788.0,4465.0,273.00500096,7,100.0,False,0,7644.652999999999,46.0
628.3552777777779,2960.8863718706216,4508.504813067349,272.0,7,100.0,False,0,7644.853999999999,46.0
631.3027244289435,2990.0,4517.0,272.0,7,100.0,False,0,7644.893,46.0
649.5108333333335,3120.616589002941,4562.169569543345,272.0,7,100.0,False,0,7645.134,46.0
658.4572453099028,3185.0,4592.0,271.2562512,7,100.0,False,0,7645.253,46.0
673.5108333333334,3318.8874882296805,4663.218212198255,270.0,7,100.0,False,0,7645.454,46.0
676.4276341316813,3344.0,4678.0,269.8781256,7,100.0,False,0,7645.4929999999995,46.0
689.8759990993013,3457.0,4754.0,269.3156248,7,100.0,False,0,7645.673,46.0
697.4219444444445,3541.046672102434,4820.1481321182955,269.0,7,100.0,False,0,7645.773999999999,46.0
709.3066907712207,3678.0,4935.0,269.0,7,100.0,False,0,7645.933,46.0
715.3552777777779,3727.8344048930353,4978.841923588263,269.0,7,100.0,False,0,7646.013999999999,46.0
739.1775000000001,3835.0121600816474,5088.249205439274,268.0,7,100.0,False,0,7646.334,46.0
742.0734271440472,3850.0,5104.0,267.80500096,7,100.0,False,0,7646.373,46.0
754.0108333333334,3930.2485657140037,5186.347378490194,267.0,7,100.0,False,0,7646.534,46.0
755.4174953512536,3944.0,5200.0,266.61999872,7,99.61999872,False,0,7646.553,46.0
768.6219444444446,4108.019313503446,5359.469798941455,263.0,7,96.0,True,0,7646.7339999999995,46.0
769.9518344443909,4121.0,5372.0,261.23570834285715,7,90.50355291428572,True,0,7646.753,46.0
787.0552777777779,4185.947247674156,5432.640179899922,237.0,7,15.0,True,0,7647.013999999999,46.0
789.4716962715291,4200.0,5445.0,233.2625184,7,12.7250112,True,0,7647.053,46.0
801.3219444444445,4332.621744042684,5562.36232022178,214.0,7,1.0,True,0,7647.254,46.0
806.6691576455919,4391.0,5614.0,202.81588336673477,7,0.5857734580272131,True,0,7647.352999999999,46.0
813.7366666666668,4433.4476830977,5651.309426567055,187.0,7,0.0,True,0,7647.4929999999995,46.0
824.867702432564,4483.0,5691.0,169.0,7,0.0,True,0,7647.732999999999,46.0
826.6477777777778,4503.5532641995505,5707.488415970331,166.0,7,0.0,True,0,7647.772999999999,46.0
833.5738084642351,4602.0,5786.0,159.5406224,7,0.0,True,0,7647.932,46.0
840.2477777777779,4662.133944145582,5831.005252533875,153.0,6,0.0,True,0,7648.093,46.0
850.9433201965171,4713.0,5856.0,138.053568,6,0.0,True,0,7648.371999999999,46.0
850.9811111111112,4713.251655432301,5856.111956263024,138.0,3,0.0,True,0,7648.373,46.0
856.9811111111112,4761.621411799767,5876.684440257021,135.0,3,0.0,True,0,7648.532999999999,46.0
859.8525427825842,4794.0,5886.0,132.14285714285714,3,0.0,True,0,7648.612999999999,46.0
866.7033333333334,4895.5634434023395,5900.386460534101,125.0,2,0.0,True,0,7648.812999999999,46.0
867.3786080916776,4905.0,5901.0,124.37887477798785,2,0.0,True,0,7648.833,46.0
872.07,4962.092402593042,5900.761223661771,120.0,2,0.0,True,0,7648.973999999999,46.0
881.2218147996915,5041.0,5884.0,113.09999852307692,2,0.0,True,0,7649.272999999999,46.0
887.6700000000001,5083.110481836878,5870.515416424064,108.0,2,0.0,True,0,7649.494,46.0
888.2246470003843,5087.0,5869.0,107.71499904,2,0.0,True,0,7649.513,46.0
893.5033333333333,5129.820035758259,5849.441341564138,105.0,2,0.0,False,0,7649.6939999999995,46.0
895.79575214344,5155.0,5833.0,104.60500096,2,1.1849971199999998,False,0,7649.772999999999,46.0
899.2811111111112,5203.1705394248675,5795.214161432632,104.0,2,3.0,False,0,7649.893999999999,46.0
901.5309996896314,5232.0,5771.0,103.5062512,2,8.4312368,False,0,7649.973,46.0
908.3477777777779,5275.617336873995,5730.164462496412,102.0,2,25.0,False,0,7650.214,46.0
916.4076010329854,5297.0,5686.0,103.99285577142857,2,37.953562514285714,False,0,7650.4929999999995,46.0
916.4366666666667,5297.139522337595,5685.718198582582,104.0,2,38.0,False,0,7650.494,46.0
921.1033333333334,5323.855666376698,5631.059139042198,105.0,2,39.0,False,0,7650.6539999999995,46.0
922.2517727581795,5330.0,5617.0,105.38999808,2,39.0,False,0,7650.692999999999,46.0
927.0477777777778,5349.893583668505,5560.919956792718,107.0,2,39.0,False,0,7650.853999999999,46.0
934.9658916860034,5368.0,5483.0,110.2375008,2,47.41750208,False,0,7651.112999999999,46.0
939.4922222222223,5374.005388888978,5451.103717963119,112.0,2,52.0,False,0,7651.254,46.0
946.9263183940764,5381.0,5400.0,117.97272901818182,2,55.98181934545455,False,0,7651.473,46.0
949.72856669885,5384.0,5374.0,120.1545472,2,57.4363648,False,0,7651.553,46.0
954.6477777777778,5389.23321717127,5318.87868787929,124.0,2,60.0,False,0,7651.6939999999995,46.0
960.2477777777779,5394.956331225628,5250.690302033745,126.0,2,61.0,False,0,7651.853999999999,46.0
962.3845412617057,5397.0,5229.0,127.26428708571429,2,50.25355977142857,False,0,7651.913,46.0
970.5144444444445,5404.5046961497765,5165.108541434427,132.0,2,10.0,True,0,7652.134,46.0
975.2648400148381,5412.0,5126.0,126.59444195555555,2,6.911109688888889,True,0,7652.272999999999,46.0
981.0312717939422,5427.0,5068.0,119.59445191111111,2,2.9111153777777776,True,0,7652.4529999999995,46.0
982.3144444444445,5431.043962380155,5055.178130701022,118.0,2,2.0,True,0,7652.494,46.0
987.1915566114681,5449.0,5008.0,114.0250048,2,1.60250048,True,0,7652.652999999999,46.0
993.122107420648,5477.0,4953.0,109.0250048,2,1.10250048,True,0,7652.852999999999,46.0
994.3144444444445,5482.818890024841,4942.865895201531,108.0,2,1.0,True,0,7652.893999999999,46.0
998.2980815991843,5506.0,4908.0,105.56749888,2,1.0,True,0,7653.032999999999,46.0
1004.4200193449238,5569.0,4836.0,101.71750336,2,1.0,True,0,7653.253,46.0
1005.5366666666666,5580.108188759172,4824.799390342951,101.0,2,1.0,True,0,7653.294,46.0
1010.8699999999999,5624.819402465978,4787.226499991059,96.0,2,1.0,True,0,7653.494,46.0
1016.9631590821427,5665.0,4763.0,92.265628,2,0.25312560000000006,True,0,7653.732999999999,46.0
1018.9588888888887,5676.8416465467635,4756.553067639129,91.0,2,0.0,True,0,7653.813999999999,46.0
1025.1487927115031,5717.0,4740.0,86.35841859790814,2,0.0,True,0,7654.072999999999,46.0
1025.6238888888888,5721.150405278376,4738.769522273561,86.0,2,0.0,True,0,7654.093,46.0
1028.9383169357127,5753.0,4731.0,85.1249984,2,0.0,True,0,7654.232999999999,46.0
1029.4016666666666,5757.361450515867,4730.236605840015,85.0,2,0.0,True,0,7654.253,46.0
1033.0016666666666,5789.021609743241,4727.838569461827,81.0,2,0.0,False,0,7654.413,46.0
1036.9537391075783,5830.0,4739.0,80.5027776,2,8.4527808,False,0,7654.592,46.0
1041.0016666666666,5884.9530543394985,4767.973017010969,80.0,2,17.0,False,0,7654.772999999999,46.0
1041.4357331467734,5890.0,4771.0,80.21590981818181,2,17.82045730909091,False,0,7654.7919999999995,46.0
1051.3905555555555,5952.0,4822.0,85.0,2,36.0,False,0,7655.213,46.0
1056.2238888888887,5977.846233699836,4847.442555204693,87.0,2,43.0,False,0,7655.413,46.0
1061.3345328863152,6015.0,4891.0,91.97511962575638,2,44.99004785030255,False,0,7655.612999999999,46.0
1061.3605555555555,6015.234648328764,4891.301345207946,92.0,2,45.0,False,0,7655.614,46.0
1066.085228342903,6059.0,4950.0,94.9833344,2,49.4750016,False,0,7655.793,46.0
1067.7605555555556,6068.5427579775005,4963.382806837909,96.0,2,51.0,False,0,7655.853999999999,46.0
1074.1247585567462,6086.0,4992.0,104.2125024,2,58.30000213333334,False,0,7656.072999999999,46.0
1074.7605555555556,6088.33652923676,4996.08301031002,105.0,2,59.0,False,0,7656.094,46.0
1082.2864112471257,6124.0,5060.0,112.68213668571428,2,61.560712228571425,False,0,7656.333,46.0
1083.6272222222224,6130.139423966802,5071.678307910906,114.0,2,62.0,False,0,7656.374,46.0
1090.3494444444445,6157.967428303938,5129.181975210437,121.0,2,70.0,False,0,7656.574,46.0
1091.6852385454488,6163.0,5141.0,121.83571017142857,2,71.67142034285715,False,0,7656.612999999999,46.0
1094.4471167720305,6173.0,5166.0,123.54999588571428,2,75.09999177142858,False,0,7656.692999999999,46.0
1100.2272222222223,6193.136881810552,5218.676321086255,127.0,2,82.0,False,0,7656.853999999999,46.0
1106.3943725744555,6213.0,5274.0,134.55249088,2,85.57749568,False,0,7657.013,46.0
1113.848958778367,6235.0,5341.0,143.10250304,2,89.62750144,False,0,7657.192999999999,46.0
1116.4494444444445,6242.112043901683,5364.813792799352,146.0,3,91.0,False,0,7657.254,46.0
1124.2913250796837,6262.0,5438.0,154.390628,3,92.1187504,False,0,7657.433,46.0
1130.7605555555556,6276.995120668105,5498.882971850016,161.0,3,93.0,False,0,7657.574,46.0
1133.5590810310466,6283.0,5524.0,164.1607177142857,3,94.26428708571429,False,0,7657.633,46.0
1142.3945228016098,6301.0,5607.0,173.80356114285715,3,98.12142445714285,False,0,7657.812999999999,46.0
1144.4494444444445,6305.634779386919,5634.215797489862,176.0,4,99.0,False,0,7657.853999999999,46.0
1154.7272222222223,6328.470177992829,5807.734277468917,185.0,4,99.0,False,0,7658.053999999999,46.0
1156.8117934580946,6331.0,5841.0,186.65749184,4,99.09749952,False,0,7658.093,46.0
1177.1716666666666,6323.185688882158,6082.090227495157,202.0,4,100.0,False,0,7658.454,46.0
1179.4107563801617,6322.0,6097.0,203.16999424,4,100.0,False,0,7658.4929999999995,46.0
1188.727222222222,6319.187223689892,6133.49514347224,208.0,5,100.0,False,0,7658.6539999999995,46.0
1194.5803904197091,6313.0,6167.0,211.46500224,5,100.0,False,0,7658.753,46.0
1200.6716666666666,6299.765262640224,6227.255984405299,215.0,5,100.0,False,0,7658.853999999999,46.0
1210.5383333333334,6268.041387506731,6359.212785143945,222.0,5,100.0,False,0,7659.013999999999,46.0
1215.3850980235297,6253.0,6414.0,222.0,5,100.0,False,0,7659.093,46.0
1225.3383333333334,6225.683541904033,6494.330797773691,222.0,5,100.0,False,0,7659.254,46.0
1238.3281734942013,6186.0,6577.0,231.328116,5,100.0,False,0,7659.4529999999995,46.0
1246.405,6150.849729719272,6645.066840633099,237.0,5,100.0,False,0,7659.574,46.0
1253.0322244552785,6118.0,6704.0,238.76785828571428,5,100.0,False,0,7659.673,46.0
1265.2272222222223,6052.386609658455,6806.424648396613,242.0,6,100.0,False,0,7659.853999999999,46.0
1266.5170527589162,6045.0,6817.0,242.4750016,6,100.0,False,0,7659.873,46.0
1276.1605555555557,5987.140607613997,6894.752902436294,246.0,6,100.0,False,0,7660.013999999999,46.0
1277.4729086129885,5979.0,6905.0,246.4750016,6,100.0,False,0,7660.032999999999,46.0
1290.034872212168,5898.0,6999.0,250.9749952,6,100.0,False,0,7660.213,46.0
1290.105,5897.527638597682,6999.511915060433,251.0,6,100.0,False,0,7660.214,46.0
1301.285707006262,5820.0,7079.0,252.9874976,6,100.0,False,0,7660.373,46.0
1307.0383333333332,5780.190171116045,7116.68086037723,254.0,6,100.0,False,0,7660.454,46.0
1318.4889648482495,5691.0,7194.0,258.76999424,6,100.0,False,0,7660.612999999999,46.0
1321.4827777777775,5661.936319626571,7217.809356140901,260.0,6,100.0,False,0,7660.6539999999995,46.0
1340.7867727581756,5458.0,7378.0,267.3072162350643,6,100.0,False,0,7660.913,46.0
1345.3191666666667,5425.0446764559965,7403.35686734098,269.0,6,100.0,False,0,7660.973,46.0
1360.5413888888888,5351.593816173763,7459.061403865887,274.0,7,100.0,False,0,7661.173,46.0
1365.0687335782802,5326.0,7479.0,274.8194453333333,7,100.0,False,0,7661.232,46.0
1388.4413888888887,5145.649913761459,7623.38968076038,279.0,7,100.0,False,0,7661.532999999999,46.0
1393.0795458498862,5109.0,7653.0,280.4750016,7,100.0,False,0,7661.592,46.0
1397.894722718659,5072.0,7683.0,282.0,7,100.0,False,0,7661.652999999999,46.0
1407.4413888888885,4998.169653323265,7744.247082480247,285.0,7,100.0,False,0,7661.772999999999,46.0
1420.3394365171744,4902.0,7826.0,288.1024914247137,7,100.0,False,0,7661.933,46.0
1436.7224999999996,4790.456443976044,7922.023904306094,292.0,7,100.0,False,0,7662.134,46.0
1443.181699908143,4731.0,7973.0,293.4812464,7,99.5062512,False,0,7662.213,46.0
1449.8336111111107,4654.610397605265,8038.2231571002285,295.0,7,99.0,False,0,7662.294,46.0
1456.3673279411544,4581.0,8101.0,296.57999616,7,99.39499904,False,0,7662.373,46.0
1466.4447222222218,4499.740559041645,8170.38513400895,299.0,7,100.0,False,0,7662.494,46.0
1486.5780555555552,4400.372186914808,8255.638379541624,302.0,8,100.0,False,0,7662.7339999999995,46.0
1489.860950125543,4379.0,8274.0,302.2785700571429,8,100.0,False,0,7662.772999999999,46.0
1510.2224999999999,4212.938401885284,8416.70880419313,304.0,8,100.0,False,0,7663.013999999999,46.0
1513.5357479153538,4187.0,8439.0,304.35454370909093,8,100.0,False,0,7663.053,46.0
1534.0429803261131,4045.0,8561.0,306.53636189090906,8,100.0,False,0,7663.293,46.0
1547.866944444444,3942.244783097671,8649.206185979638,308.0,8,100.0,False,0,7663.454,46.0
1558.1058586211043,3864.0,8717.0,309.18999808,8,100.0,False,0,7663.572999999999,46.0
1565.0891666666662,3811.3235629381425,8763.173257783019,310.0,8,100.0,False,0,7663.6539999999995,46.0
1566.7291755458439,3799.0,8774.0,310.09500032,8,100.0,False,0,7663.673,46.0
1582.3669444444442,3681.8867370184716,8876.995524330161,311.0,8,100.0,False,0,7663.853999999999,46.0
1594.3328470163142,3592.0,8956.0,310.6138887111111,8,100.0,False,0,7663.9929999999995,46.0
1611.5501152790948,3462.0,9070.0,310.05833315555554,8,100.0,False,0,7664.192999999999,46.0
1613.3669444444442,3448.195037026332,9082.096890199136,310.0,8,100.0,False,0,7664.214,46.0
1625.4380138682743,3357.0,9162.0,311.7375008,8,100.0,False,0,7664.352999999999,46.0
1634.2336111111108,3293.496150386422,9217.674548590274,313.0,8,100.0,False,0,7664.454,46.0
1651.5769983540588,3161.0,9334.0,313.6218744,8,100.0,False,0,7664.652999999999,46.0
1662.1447222222218,3060.28563133757,9422.563405114735,314.0,8,100.0,False,0,7664.773999999999,46.0
1672.560402487334,2964.0,9507.0,314.59499904,8,100.0,False,0,7664.893,46.0
1679.6447222222218,2910.271076053443,9553.780113638364,315.0,8,100.0,False,0,7664.973999999999,46.0
1705.7183273136447,2752.0,9690.0,314.0656248,8,99.0656248,False,0,7665.272999999999,46.0
1707.5558333333329,2738.809919908388,9701.414600702952,314.0,8,99.0,False,0,7665.294,46.0
1728.5347938841735,2567.0,9851.0,315.99166506666666,8,99.99583253333333,False,0,7665.532999999999,46.0
1728.6224999999997,2566.2462227570168,9851.660250182336,316.0,8,100.0,False,0,7665.534,46.0
1746.1224999999997,2412.962368819366,9986.639758742,315.0,8,100.0,False,0,7665.7339999999995,46.0
1765.228913017308,2264.0,10119.0,314.21785691428573,8,99.21785691428572,False,0,7665.9529999999995,46.0
1770.544722222222,2230.983487003386,10148.541126770484,314.0,8,99.0,False,0,7666.013999999999,46.0
1791.3505708691525,2116.0,10252.0,313.33611164444443,8,99.0,False,0,7666.253,46.0
1801.844722222222,2042.0728703622212,10318.215883827344,313.0,8,99.0,False,0,7666.374,46.0
1812.1187067042022,1964.0,10388.0,310.7687536,8,99.0,False,0,7666.4929999999995,46.0
1815.6224999999997,1937.5438991449264,10411.629317530826,310.0,8,99.0,False,0,7666.534,46.0
1833.8159840070084,1798.0,10534.0,299.0499968,8,84.39999573333333,False,0,7666.753,46.0
1835.4891666666663,1784.4336388509828,10545.352777502914,298.0,8,83.0,True,0,7666.773999999999,46.0
1841.6520793417858,1734.0,10587.0,290.593768,8,66.2125408,True,0,7666.852999999999,46.0
1859.3113888888886,1588.1840478785641,10702.785946362566,268.0,8,15.0,True,0,7667.094,46.0
1860.6458952903806,1573.0,10713.0,266.4562448,8,14.703124,True,0,7667.112999999999,46.0
1875.5396601443551,1370.0,10835.0,248.5812656,8,11.265628,True,0,7667.333,46.0
1880.8224999999998,1322.3600673490268,10861.460951696678,242.0,8,10.0,True,0,7667.414,46.0
1893.3152777777777,1268.1063712066202,10883.093488139082,226.0,8,9.0,True,0,7667.612999999999,46.0
1897.9465401592624,1233.0,10893.0,220.0749952,8,9.0,True,0,7667.692,46.0
1913.161985304732,1027.0,10944.0,199.0749952,8,9.0,True,0,7667.972,46.0
1913.2152777777776,1026.2621368550167,10944.121954161252,199.0,7,9.0,True,0,7667.973,46.0
1925.8152777777775,869.6760865239087,10951.735822452092,189.0,5,8.0,True,0,7668.213,46.0
1933.770833333333,792.8217034950126,10946.55526788747,179.0,4,8.0,True,0,7668.373,46.0
1934.737293982764,785.0,10946.0,178.25232732571075,4,8.0,True,0,7668.393,46.0
1948.6616666666664,703.674107955357,10936.930475515668,167.0,4,8.0,True,0,7668.6939999999995,46.0
1952.2071710019118,678.0,10930.0,165.24444871111112,4,8.438887822222222,True,0,7668.772999999999,46.0
1961.9087145713193,585.0,10897.0,160.35555413333333,4,9.661111466666666,True,0,7668.9929999999995,46.0
1964.5616666666663,560.115671529142,10885.726682592884,159.0,4,10.0,False,0,7669.053999999999,46.0
1968.835136699295,522.0,10866.0,156.5249984,4,10.0,False,0,7669.152999999999,46.0
1971.4505555555554,499.5116615815154,10853.059660306517,155.0,4,10.0,False,0,7669.214,46.0
1979.0537660591551,438.0,10811.0,154.171296,4,16.7953728,False,0,7669.393,46.0
2016.4505555555554,235.3083985948004,10497.227305637383,150.0,4,51.0,False,0,7670.294,46.0
2018.928243508502,228.0,10474.0,150.59000064,4,51.88500096,False,0,7670.352999999999,46.0
2024.895,213.4330437921854,10417.854665914687,152.0,4,54.0,False,0,7670.494,46.0
2028.2869501961081,207.0,10385.0,153.1285686857143,4,55.9749952,False,0,7670.572999999999,46.0
2037.0283333333334,195.91504815286658,10294.487691231168,156.0,4,61.0,False,0,7670.773999999999,46.0
2041.3473323440023,192.0,10245.0,157.2375008,4,67.8062544,False,0,7670.873,46.0
2044.0505555555555,189.83281034369628,10212.630006430423,158.0,4,72.0,False,0,7670.933999999999,46.0
2055.117222222222,183.2760843982855,10079.214535507612,166.0,4,80.0,False,0,7671.174,46.0
2058.823615469357,182.0,10043.0,166.9874976,4,49.387574400000005,False,0,7671.253,46.0
2062.583888888889,181.18087655686608,10011.6213612266,168.0,4,18.0,True,0,7671.334,46.0
2074.8727777777776,174.14975820038663,9923.51239333551,158.0,4,3.0,True,0,7671.614,46.0
2078.2061411913483,164.0,9883.0,155.36667306666666,4,3.0,True,0,7671.692999999999,46.0
2084.8727777777776,133.0299816712227,9781.20906681608,150.0,4,3.0,True,0,7671.853999999999,46.0
2085.6520030395623,130.0,9772.0,149.5249984,4,3.0,True,0,7671.873,46.0
2092.928333333333,114.12243350631663,9733.006621086695,145.0,3,3.0,True,0,7672.053999999999,46.0
2096.6785995145424,103.0,9716.0,141.39999767272727,3,3.0,True,0,7672.152999999999,46.0
2103.0695264235774,66.0,9659.0,134.85455243636363,3,3.0,True,0,7672.333,46.0
2108.6949999999997,28.674921934485614,9612.46477033821,129.0,3,3.0,True,0,7672.494,46.0
2115.675606223867,-21.0,9565.0,126.5125024,3,3.8291658666666666,True,0,7672.692999999999,46.0
2117.0949999999993,-31.96005743107738,9555.981418551648,126.0,3,4.0,False,0,7672.7339999999995,46.0
2120.480086906258,-60.0,9535.0,124.51499904,3,3.00999936,False,0,7672.833,46.0
2130.3960375777297,-159.0,9478.0,120.01500288,3,0.010001920000000109,False,0,7673.133,46.0
2130.428333333333,-159.30612231162024,9477.85438610133,120.0,2,0.0,False,0,7673.134,46.0
2139.294999999999,-234.2989176281343,9451.069148692475,114.0,2,0.0,True,0,7673.414,46.0
2142.36862059543,-262.0,9446.0,113.0718744,2,0.0,True,0,7673.513,46.0
2147.9031938487356,-317.0,9441.0,111.3843768,2,0.0,True,0,7673.692999999999,46.0
2149.161666666666,-328.9214926092328,9440.731207644141,111.0,2,0.0,False,0,7673.7339999999995,46.0
2152.1987829978743,-360.0,9443.0,110.50499968,2,4.950003199999999,False,0,7673.833,46.0
2155.2727777777773,-404.8268131687066,9453.384864055632,110.0,2,10.0,False,0,7673.933999999999,46.0
2159.425673353465,-468.0,9473.0,108.6968744,2,14.343751999999999,False,0,7674.072999999999,46.0
2164.783888888888,-504.78558725045497,9488.747980561277,107.0,2,20.0,False,0,7674.254,46.0
2170.1148508561205,-525.0,9506.0,107.63799281180867,2,28.931899365321428,False,0,7674.432,46.0
2173.153888888888,-544.6038649282809,9522.151981138468,108.0,2,34.0,False,0,7674.532999999999,46.0
2179.2094444444433,-594.0428220334783,9564.643039632003,109.0,2,44.0,False,0,7674.732999999999,46.0
2181.0627783755267,-607.0,9578.0,110.1250048,2,44.7500032,False,0,7674.793,46.0
2182.309153064129,-615.0,9587.0,110.8750048,2,45.2500032,False,0,7674.833,46.0
2184.1872222222214,-626.8688311462449,9601.152278351918,112.0,2,46.0,False,0,7674.893,46.0
2189.253888888888,-657.9458750217117,9642.472536294861,114.0,2,48.0,False,0,7675.053,46.0
2192.5019804450953,-675.0,9668.0,115.65975396401343,2,50.0746924550168,False,0,7675.152999999999,46.0
2197.1533333333323,-695.1651797918499,9702.597579732656,118.0,2,53.0,False,0,7675.294,46.0
2200.426653790448,-711.0,9738.0,118.99000064,2,53.99000064,False,0,7675.393,46.0
2203.8199999999993,-731.1796893149354,9790.691434241326,120.0,2,55.0,False,0,7675.494,46.0
2205.8504899074956,-742.0,9821.0,121.77000192,2,55.88500096,False,0,7675.553,46.0
2210.8199999999993,-759.1776383100062,9875.323478145814,126.0,2,58.0,False,0,7675.6939999999995,46.0
2221.008888888888,-768.1573101881215,9937.397356610429,131.0,2,68.0,False,0,7675.973999999999,46.0
2223.2268999605326,-770.0,9954.0,133.2125024,2,70.2125024,False,0,7676.032999999999,46.0
2227.097777777777,-773.6039488422897,9987.16947138377,137.0,3,74.0,False,0,7676.134,46.0
2229.4121214747697,-775.0,10014.0,139.2125024,3,74.3687504,False,0,7676.192999999999,46.0
2233.4533333333325,-775.0483739539408,10077.917661075178,143.0,3,75.0,False,0,7676.294,46.0
2236.668167905198,-774.0,10126.0,144.9749952,3,78.29165866666666,False,0,7676.373,46.0
2243.386666666666,-771.0680273448039,10179.527689057437,149.0,3,85.0,False,0,7676.534,46.0
2250.287654096085,-765.0,10218.0,154.4656184,3,86.4906232,False,0,7676.692999999999,46.0
2257.608888888888,-753.5498144605511,10286.225189058712,160.0,3,88.0,False,0,7676.853999999999,46.0
2263.2761534780707,-743.0,10342.0,165.9499904,3,89.1156232,False,0,7676.973,46.0
2273.2533333333326,-723.0972592971781,10426.263394486397,176.0,3,91.0,False,0,7677.174,46.0
2279.3235904260987,-709.0,10473.0,181.35499135999999,3,93.9749952,False,0,7677.293,46.0
2283.53111111111,-698.1021244462877,10504.276932119537,185.0,4,96.0,False,0,7677.374,46.0
2288.763014648546,-684.0,10543.0,188.18214491428571,4,97.41428662857143,False,0,7677.473,46.0
2298.5643023398825,-651.0,10632.0,193.96785097142856,4,99.98571154285715,False,0,7677.652999999999,46.0
2298.619999999999,-650.6933303227747,10632.740326076319,194.0,4,100.0,False,0,7677.6539999999995,46.0
2308.811037504647,-579.0,10796.0,200.26500224,4,100.0,False,0,7677.833,46.0
2321.73111111111,-530.66082972932,10898.331250639963,208.0,5,100.0,False,0,7678.053999999999,46.0
2333.5088888888877,-503.6022747507344,10946.7877757321,212.0,5,100.0,False,0,7678.254,46.0
2335.8628271858497,-495.0,10963.0,213.9499904,5,100.0,False,0,7678.293,46.0
2343.286666666665,-461.7067711755335,11026.639634827128,220.0,5,100.0,False,0,7678.414,46.0
2346.9436366063237,-444.0,11060.0,221.4750016,5,100.0,False,0,7678.473,46.0
2358.3533333333316,-389.2087292608218,11158.969836567307,226.0,5,100.0,False,0,7678.6539999999995,46.0
2364.7784305894365,-358.0,11213.0,230.12500266666666,5,100.0,False,0,7678.753,46.0
2374.0204016387606,-312.0,11290.0,235.95832533333333,5,100.0,False,0,7678.893,46.0
2374.086666666665,-311.6703567565475,11290.536099610814,236.0,5,100.0,False,0,7678.893999999999,46.0
2387.3527131545798,-240.0,11400.0,239.97999616,5,100.0,False,0,7679.093,46.0
2387.4199999999987,-239.54292560433313,11400.65134347434,240.0,6,100.0,False,0,7679.094,46.0
2403.7041971788663,-112.0,11574.0,244.64721848888888,6,100.0,False,0,7679.333,46.0
2412.1199999999985,-66.67856495373411,11633.597523410921,247.0,6,100.0,False,0,7679.454,46.0
2429.119999999998,11.114430061084843,11723.467161241071,255.0,6,100.0,False,0,7679.6939999999995,46.0
2430.4722275118806,21.0,11734.0,255.1187504,6,100.0,False,0,7679.713,46.0
2449.023452259763,190.0,11908.0,256.7437488,6,100.0,False,0,7679.973,46.0
2451.9644444444425,210.4276951509659,11928.363668916048,257.0,6,100.0,False,0,7680.013999999999,46.0
2466.4088888888873,280.42756446168164,11994.171042655722,260.0,6,100.0,False,0,7680.214,46.0
2470.7228323354784,306.0,12017.0,261.03250112,6,100.0,False,0,7680.272999999999,46.0
2482.557772334975,394.0,12094.0,263.83250112,6,100.0,False,0,7680.433,46.0
2496.075555555554,492.0387938332721,12173.975352629432,267.0,7,100.0,False,0,7680.614,46.0
2505.000673432144,570.0,12231.0,268.4874976,7,100.0,False,0,7680.732999999999,46.0
2520.164444444443,740.1132437494891,12344.800640080819,271.0,7,100.0,False,0,7680.933999999999,46.0
2524.567584663695,782.0,12371.0,271.8743707732622,7,100.0,False,0,7680.991999999999,46.0
2535.310555555554,854.1144693110384,12411.511849746817,274.0,7,100.0,False,0,7681.133,46.0
2545.9256427947143,918.0,12441.0,274.8687504,7,100.0,False,0,7681.272,46.0
2547.5327777777766,929.9245362760087,12446.400340612585,275.0,7,100.0,False,0,7681.293,46.0
2565.9994444444433,1100.1800339885544,12521.177492702416,277.0,7,100.0,False,0,7681.532999999999,46.0
2570.660766992542,1144.0,12539.0,277.85409558723717,7,100.0,False,0,7681.593,46.0
2583.1667217741,1260.0,12582.0,280.1316741022013,7,100.0,False,0,7681.753,46.0
2587.9330555555543,1310.0733408918106,12598.644007927553,281.0,7,100.0,False,0,7681.813999999999,46.0
2603.544166666665,1484.6931737799348,12651.808718590331,281.0,7,100.0,False,0,7682.013999999999,46.0
2605.0316948772484,1499.0,12656.0,281.1187504,7,100.0,False,0,7682.032999999999,46.0
2628.6997222222208,1683.7039978743774,12703.767241928577,283.0,7,100.0,False,0,7682.334,46.0
2634.9084654391854,1758.0,12718.0,283.0,7,100.0,False,0,7682.413,46.0
2647.5663888888876,1965.6913945994465,12753.800401020197,283.0,7,100.0,False,0,7682.574,46.0
2653.797058468745,2060.0,12769.0,283.4937488,7,100.0,False,0,7682.652999999999,46.0
2660.1886111111094,2136.1348423834006,12780.479102785055,284.0,7,100.0,False,0,7682.7339999999995,46.0
2679.1219444444428,2273.8390980163485,12796.71311702071,284.0,7,100.0,False,0,7682.973999999999,46.0
2682.21839593568,2295.0,12799.0,284.4874976,7,100.0,False,0,7683.013,46.0
2698.2552777777764,2410.9424186350893,12811.589940181037,287.0,7,100.0,False,0,7683.214,46.0
2710.9313596862635,2516.0,12823.0,287.0,7,99.6386368,False,0,7683.373,46.0
2726.8660420572055,2675.0,12840.0,287.0,7,99.18409134545455,False,0,7683.572999999999,46.0
2733.333055555554,2755.3089271671156,12848.211505854246,287.0,7,99.0,False,0,7683.6539999999995,46.0
2750.852934020855,2993.0,12872.0,287.91250026666665,7,99.91250026666667,False,0,7683.873,46.0
2752.5330555555543,3013.439764157202,12874.071580513773,288.0,7,100.0,False,0,7683.893999999999,46.0
2774.9330555555543,3240.0960059178533,12897.68467981245,288.0,7,100.0,False,0,7684.174,46.0
2779.6619493489266,3280.0,12902.0,288.2107145142857,7,100.0,False,0,7684.232999999999,46.0
2797.410833333332,3409.6276585078294,12916.549400608574,289.0,7,100.0,False,0,7684.454,46.0
2815.0465888447366,3551.0,12932.0,289.78214308571427,7,100.0,False,0,7684.673,46.0
2819.8856955706638,3599.0,12937.0,289.9964278857143,7,100.0,False,0,7684.732999999999,46.0
2819.966388888887,3599.8092566514997,12937.085044772784,290.0,7,100.0,False,0,7684.7339999999995,46.0
2842.5119890911287,3824.0,12962.0,290.8718744,7,99.1281256,False,0,7685.013,46.0
2845.833055555554,3855.935338424034,12965.689079388647,291.0,7,99.0,False,0,7685.053999999999,46.0
2855.4840511538955,3952.0,12977.0,291.7437488,7,99.7437488,False,0,7685.173,46.0
2858.810833333332,3989.4235823752833,12981.503176032427,292.0,7,100.0,False,0,7685.214,46.0
2881.444653751355,4275.0,13017.0,292.0,7,99.1281256,False,0,7685.4929999999995,46.0
2884.766388888888,4311.890041655833,13021.753730801967,292.0,7,99.0,False,0,7685.534,46.0
2913.8663888888877,4569.879032926522,13056.513664735787,291.0,7,99.0,False,0,7685.893999999999,46.0
2917.0126324246967,4596.0,13060.0,290.8375008,7,99.0,False,0,7685.933,46.0
2933.199722222221,4732.290776777194,13077.668565713999,290.0,7,99.0,False,0,7686.134,46.0
2941.1437595716357,4805.0,13086.0,289.3812496,7,99.0,False,0,7686.232999999999,46.0
2946.044166666665,4852.609376177291,13090.971662281894,289.0,7,99.0,False,0,7686.294,46.0
2955.6386446642578,4949.0,13100.0,289.59499904,7,99.59499904,False,0,7686.413,46.0
2962.1552777777765,5014.158096421248,13105.268434501173,290.0,7,100.0,False,0,7686.494,46.0
2978.0997222222204,5172.811588734087,13114.208194944767,287.0,7,64.0,False,0,7686.6939999999995,46.0
2982.770640984773,5219.0,13115.0,286.15714194285715,7,61.47142582857143,False,0,7686.753,46.0
2985.929444871168,5250.0,13115.0,285.5857133714286,7,59.75714011428571,False,0,7686.793,46.0
3000.110833333332,5377.016355168775,13107.741039354634,283.0,7,52.0,False,0,7686.973999999999,46.0
3007.768034666607,5466.0,13091.0,281.01999872,7,50.7624992,False,0,7687.072999999999,46.0
3024.548163963123,5720.0,13022.0,276.62000384,7,48.0125024,False,0,7687.293,46.0
3030.6663888888875,5776.9856664230565,13003.398637892853,275.0,7,47.0,False,0,7687.374,46.0
3045.6663888888875,5840.267777984829,12970.490122938229,270.0,7,50.0,False,0,7687.574,46.0
3048.5099122264132,5856.0,12961.0,269.7625008,7,51.4249952,False,0,7687.611999999999,46.0
3057.6219444444428,5921.9453699472,12921.0925239416,269.0,7,56.0,False,0,7687.7339999999995,46.0
3075.30226349377,6083.0,12815.0,267.3667431945665,7,71.7881491191905,False,0,7687.973,46.0
3087.10177899559,6174.0,12739.0,266.2733486389133,7,82.3576298238381,False,0,7688.133,46.0
3090.059166666665,6195.538234737007,12719.332069762102,266.0,7,85.0,False,0,7688.173,46.0
3103.4053158503425,6287.0,12626.0,266.8955228062668,7,89.47761403133386,False,0,7688.352999999999,46.0
3104.9666666666653,6296.8577668371945,12614.346288412915,267.0,7,90.0,False,0,7688.374,46.0
3115.3247561423477,6358.0,12533.0,267.8687504,7,93.0406264,False,0,7688.513,46.0
3128.8777777777764,6429.616491146555,12417.031893154553,269.0,7,97.0,False,0,7688.6939999999995,46.0
3137.831719753594,6472.0,12337.0,269.99166506666666,7,98.4874976,False,0,7688.812999999999,46.0
3146.944444444443,6511.290664183961,12253.931059051056,271.0,7,100.0,False,0,7688.933999999999,46.0
3154.3858580039932,6541.0,12185.0,271.0,7,100.0,False,0,7689.032999999999,46.0
3166.43184192911,6585.0,12072.0,271.0,7,100.0,False,0,7689.192999999999,46.0
3168.022222222221,6590.39090241445,12056.932068652788,271.0,7,100.0,False,0,7689.214,46.0
3178.6080484959,6624.0,11956.0,272.7375008,7,100.0,False,0,7689.352999999999,46.0
3197.068480821446,6676.0,11780.0,275.7375008,7,100.0,False,0,7689.593,46.0
3198.6888888888875,6680.327784694102,11764.45048348415,276.0,7,100.0,False,0,7689.614,46.0
3210.9813735807957,6712.0,11646.0,277.19249856,7,100.0,False,0,7689.772999999999,46.0
3224.9458360431317,6745.0,11511.0,278.54250048,7,100.0,False,0,7689.9529999999995,46.0
3229.6888888888875,6755.929035572732,11464.705008419369,279.0,7,100.0,False,0,7690.013999999999,46.0
3240.5168965386406,6780.0,11360.0,279.9928576,7,100.0,False,0,7690.152999999999,46.0
3251.5444444444433,6802.663279819134,11254.651869960584,281.0,7,100.0,False,0,7690.294,46.0
3253.0349936596535,6806.0,11238.0,281.14250048,7,100.0,False,0,7690.312999999999,46.0
3279.8575282576444,6873.0,10868.0,283.69249856,7,100.0,False,0,7690.652999999999,46.0
3283.099999999999,6878.554572058867,10835.539947868314,284.0,7,100.0,False,0,7690.6939999999995,46.0
3302.099999999999,6895.525937154391,10725.562966139758,285.0,7,100.0,False,0,7690.933999999999,46.0
3314.7283793160655,6908.0,10618.0,285.44166613333334,7,100.0,False,0,7691.093,46.0
3329.033793784797,6929.0,10429.0,285.94166684444446,7,100.0,False,0,7691.272999999999,46.0
3330.699999999999,6931.032182784555,10410.398376436036,286.0,7,100.0,False,0,7691.294,46.0
3352.7849743340976,6948.0,10240.0,285.3659095272727,7,100.0,False,0,7691.572999999999,46.0
3365.533333333332,6957.579733444238,10117.585762046414,285.0,7,100.0,False,0,7691.7339999999995,46.0
3376.5616738976037,6965.0,10002.0,285.4343752,7,100.0,False,0,7691.873,46.0
3384.508973354426,6969.0,9922.0,285.7468744,7,100.0,False,0,7691.973,46.0
3390.9555555555544,6971.729131699782,9862.228532089617,286.0,7,100.0,False,0,7692.053999999999,46.0
3408.4184047243007,6978.0,9683.0,286.78214308571427,7,99.21785691428572,False,0,7692.272999999999,46.0
3413.277777777777,6979.867210164599,9609.704529918463,287.0,7,99.0,False,0,7692.334,46.0
3427.507593636968,6985.0,9381.0,286.36071405714284,7,99.0,False,0,7692.513,46.0
3435.5222222222214,6986.747769329861,9303.192608789346,286.0,7,99.0,False,0,7692.614,46.0
3457.609928006504,6991.0,9191.0,285.0035721142857,7,99.0,False,0,7692.893,46.0
3457.6888888888884,6991.03161281101,9190.368345406536,285.0,7,99.0,False,0,7692.893999999999,46.0
3474.93350107147,7001.0,9014.0,283.90499968,7,99.0,False,0,7693.112999999999,46.0
3489.1333333333328,7012.868263699169,8872.449323210221,283.0,7,99.0,False,0,7693.294,46.0
3493.7541231595533,7018.0,8827.0,282.70499968,7,99.29500032,False,0,7693.352999999999,46.0
3504.7999999999997,7033.2724174362575,8717.105138943924,282.0,7,100.0,False,0,7693.494,46.0
3507.863577954221,7038.0,8687.0,282.19499904,7,100.0,False,0,7693.532999999999,46.0
3520.5222222222214,7059.9000435323505,8563.365463159196,283.0,7,100.0,False,0,7693.6939999999995,46.0
3522.0114136908974,7063.0,8548.0,282.89999966315787,7,100.0,False,0,7693.713,46.0
3579.422222222222,7240.930163389996,7895.4795908736205,279.0,7,100.0,False,0,7694.454,46.0
3580.8164687526505,7244.0,7886.0,279.0,7,100.0,False,0,7694.472,46.0
3601.044722222222,7282.817718114971,7779.568231228141,279.0,7,100.0,False,0,7694.732999999999,46.0
3602.5918674316854,7287.0,7769.0,278.8749984,7,99.8749984,False,0,7694.753,46.0
3613.400277777778,7324.414301983727,7675.705120856443,278.0,7,99.0,False,0,7694.893,46.0
3625.6880126168517,7374.0,7553.0,277.00311586106466,7,99.49844206946767,False,0,7695.053,46.0
3638.0102777777774,7419.459459604114,7438.069568831548,276.0,7,100.0,False,0,7695.214,46.0
3639.4636741464537,7425.0,7423.0,275.90499968,7,100.0,False,0,7695.232999999999,46.0
3653.288055555555,7480.493193365373,7257.926972764736,275.0,7,100.0,False,0,7695.414,46.0
3659.294627383714,7500.0,7193.0,274.21000192,7,100.0,False,0,7695.4929999999995,46.0
3668.454722222222,7519.6742636334,7116.317442960956,273.0,7,100.0,False,0,7695.614,46.0
3680.4991666666665,7530.745161071727,7040.905141109989,271.0,7,100.0,False,0,7695.773999999999,46.0
3686.4479011002813,7535.0,6994.0,271.0,7,100.0,False,0,7695.852999999999,46.0
3693.986696864164,7539.0,6923.0,271.0,7,100.0,False,0,7695.9529999999995,46.0
3707.5991666666664,7528.520483405467,6763.751920415518,271.0,7,100.0,False,0,7696.134,46.0
3719.5547222222217,7508.38969453292,6621.767898069866,269.0,7,100.0,False,0,7696.294,46.0
3720.9670372316614,7506.0,6607.0,268.7964278857143,7,100.0,False,0,7696.312999999999,46.0
3740.2436111111106,7472.751178733267,6445.269871882523,266.0,7,100.0,False,0,7696.574,46.0
3750.5057650267167,7451.0,6358.0,266.0,7,100.0,False,0,7696.713,46.0
3759.3782149036206,7429.0,6272.0,266.0,7,100.0,False,0,7696.833,46.0
3760.9324999999994,7425.090102487396,6257.177316348813,266.0,7,100.0,False,0,7696.853999999999,46.0
3771.230918407533,7399.0,6157.0,266.0,7,100.0,False,0,7696.9929999999995,46.0
3778.665833333333,7379.011500398406,6066.46387167593,266.0,7,100.0,False,0,7697.094,46.0
3798.8166198851677,7330.0,5801.0,260.0214326857143,7,38.221471085714285,False,0,7697.373,46.0
3798.8880555555547,7329.889677891382,5800.327602043768,260.0,7,38.0,True,0,7697.374,46.0
3818.64361111111,7317.286941550146,5680.32534059279,254.0,7,32.0,False,0,7697.6539999999995,46.0
3822.7201576765774,7317.0,5649.0,252.3406232,7,33.1062512,False,0,7697.713,46.0
3832.2641561520622,7318.0,5555.0,248.4031304,7,35.7312464,False,0,7697.852999999999,46.0
3840.421388888888,7321.4009929041495,5481.743308767744,245.0,7,38.0,False,0,7697.973999999999,46.0
3855.0240304286945,7354.0,5333.0,241.71499904,7,41.83250112,False,0,7698.192999999999,46.0
3865.5939179617585,7416.0,5169.0,239.31499904,7,44.63250112,False,0,7698.352999999999,46.0
3866.9769444444437,7423.396786603787,5150.857535208041,239.0,6,45.0,False,0,7698.374,46.0
3893.088055555555,7518.313281997025,4977.124343202003,235.0,6,45.0,False,0,7698.773999999999,46.0
3896.8861276222315,7540.0,4943.0,233.5249984,6,35.9041568,False,0,7698.833,46.0
3908.29271168165,7622.0,4809.0,229.0250048,6,8.154196266666666,False,0,7699.013,46.0
3908.3547222222214,7622.423223907671,4808.270065758301,229.0,6,8.0,True,0,7699.013999999999,46.0
3929.6658637540645,7725.0,4605.0,214.64000768,6,10.69249856,True,0,7699.373,46.0
3932.021388888888,7731.796903072452,4590.30162546874,213.0,5,11.0,True,0,7699.414,46.0
3947.7549249022377,7762.0,4497.0,205.32750528,5,14.4874976,True,0,7699.692999999999,46.0
3954.4658333333327,7774.853638464988,4413.504498973637,202.0,5,16.0,False,0,7699.813999999999,46.0
3965.3941482436394,7788.0,4248.0,199.23611377777777,5,23.18610417777778,False,0,7700.013,46.0
3974.1658333333326,7778.201295164135,4142.922586911291,197.0,5,29.0,False,0,7700.174,46.0
3988.1933342373018,7743.0,4023.0,195.8227269818182,5,47.83636829090909,False,0,7700.433,46.0
3997.9991666666656,7724.70013076969,3966.0934944468736,195.0,5,61.0,False,0,7700.614,46.0
4008.8880555555547,7695.500590050242,3899.460490314508,196.0,5,75.0,False,0,7700.813999999999,46.0
4010.9661182149175,7686.0,3881.0,196.37999872,5,75.56999808,False,0,7700.852,46.0
4019.8880555555547,7633.8247099044265,3786.159064890961,198.0,5,78.0,False,0,7701.013999999999,46.0
4022.0071951177188,7622.0,3766.0,198.9499968,5,78.9499968,False,0,7701.052,46.0
4028.8658333333324,7589.462031193273,3714.769926266485,202.0,5,82.0,False,0,7701.174,46.0
4036.717412988225,7552.0,3666.0,203.16318138632144,5,84.90795346580362,False,0,7701.312999999999,46.0
4042.409166666666,7517.0249251182395,3625.7612466246537,204.0,5,87.0,False,0,7701.413,46.0
4052.798011175957,7443.0,3551.0,207.73444217007096,5,91.48133060408516,False,0,7701.593,46.0
4056.4005555555545,7417.234310487327,3528.703057524004,209.0,5,93.0,False,0,7701.6539999999995,46.0
4064.807037937862,7351.0,3480.0,214.2125024,5,96.0406264,False,0,7701.793,46.0
4076.0449999999987,7226.53686160517,3406.7530384398965,221.0,5,100.0,False,0,7701.973999999999,46.0
4084.784424709249,7125.0,3351.0,224.0888903111111,5,100.0,False,0,7702.112999999999,46.0
4098.944999999999,6987.979192935565,3275.6772806988442,229.0,5,100.0,False,0,7702.334,46.0
4110.740182637525,6902.0,3225.0,235.7125024,5,100.0,False,0,7702.513,46.0
4114.811666666665,6878.3289749642,3209.5595522823164,238.0,5,100.0,False,0,7702.574,46.0
4136.432119025978,6760.0,3108.0,243.9812464,5,99.0031256,False,0,7702.893,46.0
4136.5005555555545,6759.446692765187,3107.4547083203224,244.0,6,99.0,False,0,7702.893999999999,46.0
4153.033888888887,6603.910699374373,2948.394030386879,248.0,6,100.0,False,0,7703.134,46.0
4154.354609464928,6594.0,2938.0,248.3562512,6,100.0,False,0,7703.152999999999,46.0
4164.189444444443,6541.723940668038,2881.81325378085,251.0,6,100.0,False,0,7703.294,46.0
4175.255263351422,6493.0,2823.0,251.0,6,100.0,False,0,7703.4529999999995,46.0
4178.133888888887,6475.535348371537,2801.0003341792426,251.0,6,100.0,False,0,7703.494,46.0
4189.440093392928,6397.0,2699.0,255.968744,6,100.0,False,0,7703.652999999999,46.0
4189.511666666665,6396.52466613983,2698.3618567912176,256.0,6,100.0,False,0,7703.6539999999995,46.0
4199.498514545854,6333.0,2609.0,257.9857152,6,100.0,False,0,7703.793,46.0
4209.733888888888,6263.842463720157,2498.050179909315,260.0,6,100.0,False,0,7703.933999999999,46.0
4221.511666666665,6186.702592170302,2363.0852514121743,265.0,6,100.0,False,0,7704.094,46.0
4227.403563440807,6159.0,2314.0,266.69285302857145,6,100.0,False,0,7704.173,46.0
4242.589444444443,6113.830791737521,2231.329019373575,271.0,7,100.0,False,0,7704.374,46.0
4244.03428362364,6109.0,2222.0,271.296876,7,100.0,False,0,7704.393,46.0
4267.045428662353,6007.0,2018.0,275.984372,7,100.0,False,0,7704.692999999999,46.0
4267.122777777776,6006.672330015483,2017.336512700285,276.0,7,100.0,False,0,7704.6939999999995,46.0
4282.6783333333315,5945.3740605782195,1892.4387194834817,280.0,7,100.0,False,0,7704.893999999999,46.0
4288.876533914662,5912.0,1824.0,281.1285686857143,7,100.0,False,0,7704.973,46.0
4304.767222222221,5797.530750692068,1588.6619198499784,284.0,7,100.0,False,0,7705.174,46.0
4306.275755055157,5788.0,1569.0,284.1727278545454,7,100.0,False,0,7705.192999999999,46.0
4339.886587836354,5671.0,1324.0,287.99090734545456,7,100.0,False,0,7705.612999999999,46.0
4339.967222222221,5670.760358625771,1323.493517627233,288.0,7,100.0,False,0,7705.614,46.0
4365.824650402867,5581.0,1135.0,291.5444423111111,7,100.0,False,0,7705.933,46.0
4369.1672222222205,5566.896692021612,1105.8038573837512,292.0,7,100.0,False,0,7705.973999999999,46.0
4375.619701022909,5539.0,1048.0,292.7406232,7,100.0,False,0,7706.053,46.0
4393.662806834846,5466.0,894.0,294.8031256,7,100.0,False,0,7706.272999999999,46.0
4395.389444444443,5458.818822677514,878.9885739351181,295.0,7,100.0,False,0,7706.294,46.0
4415.189444444442,5372.8283584065475,701.2152262889334,297.0,8,100.0,False,0,7706.534,46.0
4416.765277281188,5366.0,687.0,297.2035721142857,8,100.0,False,0,7706.553,46.0
4436.768734309736,5280.0,507.0,299.7750006857143,8,100.0,False,0,7706.793,46.0
4438.522777777775,5272.288279608896,491.10758337722757,300.0,8,100.0,False,0,7706.813999999999,46.0
4451.812039870457,5214.0,372.0,300.6624992,8,100.0,False,0,7706.973,46.0
4458.589444444442,5186.565375737298,315.27285749880247,301.0,8,100.0,False,0,7707.053999999999,46.0
4470.2329767964,5134.0,206.0,301.34750016,8,100.0,False,0,7707.192999999999,46.0
4488.6140958876385,5017.0,-35.0,301.89499968,8,100.0,False,0,7707.411999999999,46.0
4492.144999999998,4999.571868445657,-70.90547351986923,302.0,8,100.0,False,0,7707.454,46.0
4508.978333333332,4949.408585809414,-174.68439637205492,303.0,8,100.0,False,0,7707.6539999999995,46.0
4518.994701625241,4922.0,-232.0,303.0,8,100.0,False,0,7707.772999999999,46.0
4535.911666666664,4859.493520647727,-363.29433859948466,303.0,8,100.0,False,0,7707.973999999999,46.0
4544.245715594345,4813.0,-460.0,303.0,8,100.0,False,0,7708.072999999999,46.0
4556.111666666664,4724.788881608307,-642.1341907174831,303.0,8,100.0,False,0,7708.214,46.0
4561.0728308505195,4688.0,-718.0,302.9524193032258,8,100.0,False,0,7708.272999999999,46.0
4649.963384500026,4345.0,-1424.0,302.0975808,8,100.0,False,0,7709.333,46.0
4660.133888888887,4300.149939851106,-1514.5186012954355,302.0,8,100.0,False,0,7709.454,46.0
4675.197106140988,4233.0,-1650.0,302.63928594285716,8,100.0,False,0,7709.633,46.0
4683.700555555553,4200.521860530199,-1715.8573590625122,303.0,8,100.0,False,0,7709.7339999999995,46.0
4695.404060827797,4143.0,-1831.0,303.0,8,100.0,False,0,7709.873,46.0
4710.549804035871,4021.0,-2071.0,303.0,8,100.0,False,0,7710.053,46.0
4710.633888888886,4020.4148000430655,-2072.1489608740153,303.0,8,100.0,False,0,7710.053999999999,46.0
4747.46126579834,3899.0,-2309.0,302.00227316363635,8,100.0,False,0,7710.4929999999995,46.0
4747.544999999996,3898.714142191762,-2309.5500936063995,302.0,8,100.0,False,0,7710.494,46.0
4767.532531990567,3814.0,-2472.0,301.40250048,8,100.0,False,0,7710.732999999999,46.0
4780.989444444442,3752.806544665512,-2588.330775295679,301.0,8,100.0,False,0,7710.893999999999,46.0
4795.955245481826,3674.0,-2736.0,301.0,8,100.0,False,0,7711.072999999999,46.0
4811.089444444442,3572.5435833616853,-2923.0751171848765,301.0,8,100.0,False,0,7711.254,46.0
4817.694219446776,3530.0,-3000.0,301.0,8,100.0,False,0,7711.333,46.0
4831.156111111109,3456.2458633610904,-3129.1691271237805,301.0,8,100.0,False,0,7711.494,46.0
4844.533888888887,3396.5754649258615,-3228.670664573993,301.0,8,100.0,False,0,7711.6539999999995,46.0
4851.121211594047,3369.0,-3274.0,300.60500096,8,100.0,False,0,7711.732999999999,46.0
4861.200555555553,3328.9464792228305,-3339.0733165643805,300.0,8,100.0,False,0,7711.853999999999,46.0
4881.016115826469,3244.0,-3468.0,297.43928777142855,8,37.68933577142857,False,0,7712.093,46.0
4884.300555555554,3225.897325901668,-3493.3847077396667,297.0,8,27.0,True,0,7712.134,46.0
4895.075842537255,3159.0,-3583.0,280.4937424,8,12.2312432,True,0,7712.272999999999,46.0
4896.6561111111105,3148.791224924439,-3596.0254195087014,278.0,8,10.0,True,0,7712.294,46.0
4911.0145624893075,3052.0,-3711.0,265.562512,8,9.00500096,True,0,7712.4929999999995,46.0
4924.767222222221,2952.665791354251,-3813.948776414886,253.0,8,8.0,True,0,7712.6939999999995,46.0
4927.393227269133,2933.0,-3832.0,250.91072457142857,8,8.278570057142858,True,0,7712.732999999999,46.0
4938.015880179646,2851.0,-3899.0,242.339296,8,9.4214272,True,0,7712.893,46.0
4943.278333333332,2809.293947342262,-3929.001333346626,238.0,8,10.0,True,0,7712.973999999999,46.0
4950.857244081558,2741.0,-3971.0,234.4840965818182,8,10.811362327272727,True,0,7713.093,46.0
4969.471067652461,2526.0,-4069.0,225.62045265454546,8,12.85681861818182,True,0,7713.393,46.0
4970.778333333332,2516.4534271524917,-4072.741125743625,225.0,6,13.0,False,0,7713.414,46.0
4980.733888888887,2472.4528785090783,-4086.049929629321,224.0,5,16.0,False,0,7713.574,46.0
4984.346089235901,2452.0,-4090.0,222.22999808,5,19.24500352,False,0,7713.633,46.0
4992.844999999998,2376.308319309923,-4103.355697526751,218.0,5,27.0,False,0,7713.773999999999,46.0
5002.238077664694,2276.0,-4116.0,214.0500032,5,34.8999936,False,0,7713.932,46.0
5002.35611111111,2274.8460638182682,-4116.077696383751,214.0,5,35.0,False,0,7713.933999999999,46.0
5009.281406656184,2206.0,-4116.0,212.23000192,5,45.029989119999996,False,0,7714.052,46.0
5014.078333333332,2140.9212823312046,-4107.796790520947,211.0,5,52.0,False,0,7714.134,46.0
5025.740023372792,1963.0,-4072.0,211.0,5,61.120824533333334,False,0,7714.333,46.0
5028.1449999999995,1937.7255835051315,-4065.876241800056,211.0,5,63.0,False,0,7714.374,46.0
5048.063245081009,1832.0,-4021.0,211.70625013333333,5,76.41875253333333,False,0,7714.713,46.0
5056.411666666666,1765.7437251229717,-3986.3600764383814,212.0,5,82.0,False,0,7714.853999999999,46.0
5062.3058538200075,1708.0,-3950.0,212.82500053333334,5,86.12500266666666,False,0,7714.9529999999995,46.0
5077.911666666666,1531.009531015842,-3803.2669175339374,215.0,5,97.0,False,0,7715.214,46.0
5081.431970985132,1498.0,-3772.0,215.0,5,97.88500096,False,0,7715.272999999999,46.0
5089.85611111111,1438.9407574464326,-3709.609967298722,215.0,5,100.0,False,0,7715.414,46.0
5099.5005555555545,1396.0046223365493,-3653.4643471744685,217.0,5,100.0,False,0,7715.574,46.0
5103.065102686756,1381.0,-3633.0,217.29500032,5,100.0,False,0,7715.633,46.0
5111.611666666666,1346.1311351165805,-3584.080272895686,218.0,5,100.0,False,0,7715.773999999999,46.0
5122.5827226347255,1299.0,-3512.0,220.2375008,5,100.0,False,0,7715.9529999999995,46.0
5126.344999999999,1280.687853866035,-3481.7875586914392,221.0,5,100.0,False,0,7716.013999999999,46.0
5134.953117717528,1237.0,-3406.0,222.15833386666668,5,100.0,False,0,7716.152999999999,46.0
5141.211666666666,1206.9460805166834,-3350.4632258876422,223.0,5,100.0,False,0,7716.254,46.0
5149.80718949074,1167.0,-3274.0,223.0,5,99.30499968,False,0,7716.393,46.0
5153.600555555555,1149.3898263696233,-3240.443907494273,223.0,5,99.0,False,0,7716.454,46.0
5164.865749196338,1097.0,-3142.0,225.486112,5,99.4972224,False,0,7716.633,46.0
5176.336583354043,1042.0,-3043.0,227.98610844444445,5,99.99722168888889,False,0,7716.812999999999,46.0
5176.400555555555,1041.6849321048644,-3042.448361963844,228.0,6,100.0,False,0,7716.813999999999,46.0
5189.233888888889,976.5899793464275,-2932.3213765932405,231.0,6,99.0,False,0,7717.013999999999,46.0
5193.026579867538,957.0,-2901.0,231.2458336,6,99.0,False,0,7717.072999999999,46.0
5200.75261717051,915.0,-2837.0,231.7458336,6,99.0,False,0,7717.192999999999,46.0
5204.700555555555,888.5635555898748,-2798.527073341108,232.0,6,99.0,False,0,7717.254,46.0
5220.323321717669,772.0,-2635.0,234.38999808,6,99.0,False,0,7717.4929999999995,46.0
5230.922777777778,727.0415113183435,-2573.3477140707837,236.0,6,99.0,False,0,7717.6539999999995,46.0
5238.77154914173,694.0,-2529.0,236.84999862857143,6,99.42499931428571,False,0,7717.772999999999,46.0
5249.433888888889,630.7500223716937,-2444.4181937449994,238.0,6,100.0,False,0,7717.933999999999,46.0
5250.697763684628,623.0,-2434.0,238.15833386666668,6,99.94722204444444,False,0,7717.9529999999995,46.0
5265.413512780531,536.0,-2316.0,239.99166506666666,6,99.33611164444444,False,0,7718.173,46.0
5273.533888888889,488.6643808104104,-2251.6225907405565,241.0,6,99.0,False,0,7718.294,46.0
5288.251147382475,402.0,-2135.0,241.91250026666665,6,99.0,False,0,7718.513,46.0
5289.667222222222,393.51026649012783,-2123.779250761695,242.0,6,99.0,False,0,7718.534,46.0
5301.78334829413,320.0,-2028.0,242.9944448,6,99.0,False,0,7718.713,46.0
5314.067222222222,244.373998033374,-1931.585878744292,244.0,6,99.0,False,0,7718.893999999999,46.0
5319.4226791251,211.0,-1890.0,244.0,6,99.0,False,0,7718.973,46.0
5324.911666666666,176.55124844683837,-1847.797383753313,244.0,6,99.0,False,0,7719.053999999999,46.0
5332.975249956764,125.0,-1786.0,244.0,6,99.0,False,0,7719.173,46.0
5338.467222222222,88.7939959939377,-1743.5282417619176,244.0,6,99.0,False,0,7719.254,46.0
5346.544417089775,36.0,-1682.0,244.0,6,99.0,False,0,7719.373,46.0
5357.377575994209,-34.0,-1600.0,244.0,6,99.0,False,0,7719.532999999999,46.0
5357.445,-34.509942496992224,-1599.4186199911273,244.0,6,99.0,False,0,7719.534,46.0
5370.783584587981,-149.0,-1472.0,241.5125024,6,94.85417066666666,False,0,7719.732999999999,46.0
5373.511666666666,-169.09644122785556,-1449.5233530119092,241.0,6,94.0,True,0,7719.773999999999,46.0
5381.389507829727,-220.0,-1392.0,239.81000192,6,78.23252544,True,0,7719.893,46.0
5399.845,-342.7426311465143,-1253.26237634266,237.0,6,41.0,True,0,7720.174,46.0
5402.406241823708,-360.0,-1234.0,237.0,6,41.0,True,0,7720.213,46.0
5410.378333333333,-413.6533251193277,-1174.7052925338055,237.0,6,41.0,True,0,7720.334,46.0
5415.637780261156,-449.0,-1137.0,237.0,6,31.971450514285713,True,0,7720.413,46.0
5426.1594317488325,-521.0,-1066.0,237.0,6,13.800014628571429,True,0,7720.571999999999,46.0
5428.8116666666665,-539.9581221182046,-1049.5044147858157,237.0,6,9.0,True,0,7720.614,46.0
5437.147117530444,-603.0,-1002.0,219.75001600000002,6,9.0,True,0,7720.7519999999995,46.0
5438.456111111111,-613.4441014657905,-995.1223518822485,217.0,6,9.0,True,0,7720.773999999999,46.0
5451.463014972289,-723.0,-938.0,217.0,6,4.133331911111111,True,0,7720.9929999999995,46.0
5456.340548091808,-765.0,-924.0,217.0,6,2.3555541333333325,True,0,7721.072999999999,46.0
5460.1561111111105,-799.7497606436962,-916.7845846184471,217.0,6,1.0,True,0,7721.134,46.0
5469.860833333333,-901.375589550957,-911.850001982557,217.0,6,1.0,True,0,7721.294999999999,46.0
5474.047621097001,-961.0,-914.0,157.41006464,6,0.41000064,True,0,7721.413,46.0
5476.3052777777775,-990.2423515912056,-916.923115908799,116.0,5,0.0,True,0,7721.495,46.0
5485.934007248686,-1050.0,-941.0,109.02194778243054,5,0.9968646025099229,True,0,7721.812999999999,46.0
5485.9638888888885,-1050.2323232956812,-941.1149338081209,109.0,2,1.0,True,0,7721.813999999999,46.0
5490.6305555555555,-1093.3994279481974,-962.7105697089228,105.0,2,1.0,True,0,7721.973999999999,46.0
5492.310871630039,-1109.0,-972.0,104.385416,2,3.3354192,True,0,7722.032999999999,46.0
5495.115473198041,-1133.0,-989.0,103.343752,2,7.2937424,True,0,7722.133,46.0
5502.825434940089,-1198.0,-1039.0,100.42708533333334,2,18.377075733333335,True,0,7722.413,46.0
5503.9638888888885,-1207.3777272021644,-1046.3416174286313,100.0,2,20.0,False,0,7722.454,46.0
5507.84840400972,-1239.0,-1071.0,100.57916693333334,2,29.266670933333334,False,0,7722.593,46.0
5510.697222222222,-1261.9746087932924,-1088.4454289521716,101.0,2,36.0,False,0,7722.6939999999995,46.0
5512.372262712225,-1275.0,-1098.0,101.59000064,2,38.06500224,False,0,7722.753,46.0
5516.419444444445,-1304.2144765239764,-1118.060906686973,103.0,2,43.0,False,0,7722.893999999999,46.0
5519.905139622497,-1338.0,-1135.0,104.98333013333334,2,51.42915306666667,False,0,7723.013,46.0
5523.552777777778,-1389.454429984385,-1154.52767040467,107.0,2,60.0,False,0,7723.134,46.0
5526.0104828599315,-1421.0,-1165.0,109.76499328,2,62.76499328,False,0,7723.213,46.0
5529.886111111111,-1453.6085570997636,-1173.6429409416585,114.0,2,67.0,False,0,7723.334,46.0
5537.182787037032,-1496.0,-1173.0,118.69285851428572,2,31.02141805714286,False,0,7723.553,46.0
5539.219444444444,-1514.7249596400834,-1171.2763583392152,120.0,3,21.0,False,0,7723.614,46.0
5543.157366824576,-1556.0,-1166.0,119.45909178181819,3,21.27045410909091,False,0,7723.732999999999,46.0
5550.342457187777,-1628.0,-1147.0,118.45909061818182,3,21.77045469090909,False,0,7723.9529999999995,46.0
5553.641666666666,-1669.493378822703,-1131.2618495203806,118.0,3,22.0,False,0,7724.053999999999,46.0
5561.508333333333,-1773.787940342287,-1085.3747594034628,118.0,3,25.0,False,0,7724.294,46.0
5562.791369164953,-1785.0,-1080.0,118.13928502857142,3,26.253565257142856,False,0,7724.333,46.0
5570.763888888889,-1819.3787719955178,-1059.1865335834436,119.0,3,34.0,False,0,7724.574,46.0
5572.733518450801,-1829.0,-1052.0,119.42142902857142,3,37.37143222857143,False,0,7724.633,46.0
5580.175,-1886.2494139109963,-1007.2318003425651,121.0,3,50.0,False,0,7724.853999999999,46.0
5580.818922274591,-1892.0,-1002.0,121.19000064,3,50.42750144,False,0,7724.873,46.0
5586.950903837247,-1936.0,-958.0,122.98999808,3,54.47749568,False,0,7725.053,46.0
5593.298705304387,-1908.0,-988.0,124.79000064,3,58.52750144,False,0,7725.232999999999,46.0
5594.063888888889,-1906.1480837071786,-989.7155796834286,125.0,3,59.0,False,0,7725.254,46.0
5600.063888888889,-1915.138493231843,-976.4839822937147,135.0,3,64.0,False,0,7725.414,46.0
5600.796699630863,-1918.0,-973.0,135.4750016,3,64.58055751111111,False,0,7725.433,46.0
5613.617049891707,-1999.0,-880.0,143.47500159999998,3,74.3583352888889,False,0,7725.753,46.0
5614.4638888888885,-2004.568715987113,-873.4038159939369,144.0,3,75.0,False,0,7725.773999999999,46.0
5620.952777777778,-2045.0377808396972,-823.874602207033,146.0,3,76.0,False,0,7725.933999999999,46.0
5623.436366432499,-2060.0,-805.0,148.13055786666666,3,76.65555626666666,False,0,7725.9929999999995,46.0
5628.676572081171,-2091.0,-765.0,152.4638912,3,77.9888896,False,0,7726.112999999999,46.0
5635.896059410774,-2131.0,-709.0,158.24166897777778,3,79.76666737777778,False,0,7726.272999999999,46.0
5636.852777777777,-2135.892499403276,-701.2272346241772,159.0,3,80.0,False,0,7726.294,46.0
5647.98611111111,-2184.8033531442325,-606.9785490350707,167.0,4,87.0,False,0,7726.534,46.0
5650.812954908357,-2195.0,-585.0,169.2125024,4,87.2458336,False,0,7726.593,46.0
5659.719444444443,-2221.9667721912315,-523.6180205786085,176.0,4,88.0,False,0,7726.773999999999,46.0
5667.797703265891,-2244.0,-463.0,180.4718696,4,88.9937488,False,0,7726.933,46.0
5676.163888888888,-2267.467964530318,-384.53162383444675,185.0,4,90.0,False,0,7727.094,46.0
5679.210594678043,-2275.0,-356.0,186.73999616,4,89.71000064,False,0,7727.152,46.0
5686.775,-2289.9643360806754,-289.2959185251697,191.0,4,89.0,False,0,7727.294,46.0
5691.0259740562105,-2297.0,-243.0,193.72999552,4,89.77999872,False,0,7727.371999999999,46.0
5697.774999999999,-2307.1376728853024,-146.79028936725314,198.0,4,91.0,False,0,7727.494,46.0
5702.1735135163935,-2312.0,-88.0,199.9749952,4,91.9874976,False,0,7727.572999999999,46.0
5706.752777777777,-2314.9239586474378,-41.80507871772099,202.0,5,93.0,False,0,7727.6539999999995,46.0
5720.944999999999,-2312.6660011215645,51.11326341989477,212.0,5,100.0,False,0,7727.8949999999995,46.0
5722.013307504308,-2312.0,60.0,212.2250016,5,100.0,False,0,7727.913,46.0
5733.939354888299,-2300.0,179.0,214.7250016,5,100.0,False,0,7728.112999999999,46.0
5735.278333333332,-2298.089963061469,192.36687823498022,215.0,5,100.0,False,0,7728.134999999999,46.0
5747.620955513378,-2275.0,310.0,223.28451125435683,5,100.0,False,0,7728.333,46.0
5750.215833333332,-2268.7280033977854,334.75255713505317,225.0,5,100.0,False,0,7728.374,46.0
5762.993611111109,-2230.0445919816057,458.7562515655117,230.0,5,100.0,False,0,7728.574,46.0
5768.09367488418,-2210.0,509.0,231.1285686857143,5,100.0,False,0,7728.652999999999,46.0
5781.128040283612,-2148.0,637.0,233.98571154285713,5,100.0,False,0,7728.852999999999,46.0
5781.193611111109,-2147.67160061543,637.6182217773198,234.0,6,100.0,False,0,7728.853999999999,46.0
5793.010932222145,-2089.0,741.0,237.58000128,6,100.0,False,0,7729.032999999999,46.0
5794.415833333332,-2082.537908121156,751.6296453754285,238.0,6,100.0,False,0,7729.053999999999,46.0
5803.8333345670835,-2036.0,823.0,242.05416853333332,6,100.0,False,0,7729.192999999999,46.0
5810.749166666666,-1982.1916758138218,899.3930531385852,245.0,6,100.0,False,0,7729.294,46.0
5820.306982844619,-1901.0,1012.0,246.7375008,6,100.0,False,0,7729.433,46.0
5832.882499999999,-1837.256309755997,1099.8838835076217,249.0,6,100.0,False,0,7729.614,46.0
5848.408347308578,-1780.0,1177.0,254.4750016,6,100.0,False,0,7729.833,46.0
5849.986886316057,-1772.3425381076843,1187.2234532347863,255.02499840000002,6,100.0,False,0,7729.855,46.0
0.4576161176952809,-1772.766746400414,1186.9852197651978,255.02499840000002,6,100.0,False,0,7729.855,47.0
3.241944444444446,-1758.7650924335283,1206.0543411201659,256.0,6,100.0,False,0,7729.893999999999,47.0
14.62980905135305,-1686.0,1302.0,257.58999808,6,100.0,False,0,7730.053,47.0
17.575277777777778,-1663.154093871815,1331.4794108750493,258.0,6,100.0,False,0,7730.093999999999,47.0
29.05792521635989,-1570.0,1450.0,259.9874976,6,100.0,False,0,7730.253,47.0
29.130833333333335,-1569.490082591557,1450.6421934569237,260.0,6,100.0,False,0,7730.254,47.0
52.86416666666666,-1450.131639270076,1598.8166938114794,267.0,7,100.0,False,0,7730.574,47.0
57.2644163579782,-1423.0,1634.0,267.7375008,7,100.0,False,0,7730.633,47.0
64.81972222222223,-1367.0564460309652,1707.951047190316,269.0,7,100.0,False,0,7730.7339999999995,47.0
75.33530883668021,-1288.0,1814.0,271.171876,7,100.0,False,0,7730.873,47.0
89.17527777777778,-1221.0007860855933,1905.3144840087498,274.0,7,100.0,False,0,7731.053999999999,47.0
101.48638888888888,-1163.952101625977,1984.4250539268505,277.0,7,100.0,False,0,7731.214,47.0
104.50639027735373,-1144.0,2012.0,277.4874976,7,99.8781256,False,0,7731.253,47.0
124.81695827072828,-980.0,2238.0,280.7375008,7,99.0656248,False,0,7731.513,47.0
126.46416666666667,-970.1500985912671,2251.5108515089764,281.0,7,99.0,False,0,7731.534,47.0
148.4186000702189,-887.0,2365.0,283.09249856,7,99.69749952,False,0,7731.812999999999,47.0
158.01972222222224,-835.11991498618,2436.8209825585677,284.0,7,100.0,False,0,7731.933999999999,47.0
169.12704253915393,-767.0,2531.0,285.57954618181816,7,100.0,False,0,7732.072999999999,47.0
186.82807854693044,-664.0,2673.0,288.0795432727273,7,100.0,False,0,7732.293,47.0
193.34194444444447,-620.4788041802834,2735.328982773908,289.0,7,100.0,False,0,7732.374,47.0
207.71867736707546,-519.0,2884.0,289.0,7,100.0,False,0,7732.553,47.0
219.03083333333333,-448.40896919691244,2988.3758509801373,289.0,7,100.0,False,0,7732.6939999999995,47.0
241.41660801410865,-331.0,3164.0,289.0,7,99.1281256,False,0,7732.973,47.0
244.7197222222222,-315.4511474996925,3187.439682606466,289.0,7,99.0,False,0,7733.013999999999,47.0
268.89523493619765,-205.0,3353.0,290.8687504,7,99.9343752,False,0,7733.312999999999,47.0
270.5863888888889,-196.21529027431322,3365.8080125666584,291.0,7,100.0,False,0,7733.334,47.0
286.64194444444445,-104.37435660660185,3497.267675582464,289.0,7,100.0,False,0,7733.534,47.0
293.00392684472445,-67.0,3550.0,289.4937488,7,100.0,False,0,7733.612999999999,47.0
299.53083333333336,-28.923084679852643,3603.3716448497853,290.0,7,100.0,False,0,7733.6939999999995,47.0
305.8039522675667,8.0,3654.0,289.61000064,7,100.0,False,0,7733.772,47.0
315.5863888888889,67.18542292344124,3731.4901574790283,289.0,7,100.0,False,0,7733.893999999999,47.0
325.084278641138,126.0,3806.0,288.1500013714286,7,100.0,False,0,7734.013,47.0
336.2339802154623,196.0,3893.0,287.14999954285713,7,100.0,False,0,7734.152999999999,47.0
337.90861111111116,206.65360226493345,3905.793346823363,287.0,7,100.0,False,0,7734.174,47.0
350.66416666666674,289.80750596490736,4000.984804492242,287.0,7,100.0,False,0,7734.334,47.0
353.7558559445866,311.0,4024.0,286.41791312809175,7,100.0,False,0,7734.373,47.0
366.52083333333337,403.0738455049869,4118.813940418401,284.0,7,100.0,False,0,7734.535,47.0
369.50554515084053,425.0,4140.0,283.72857234285715,7,100.0,False,0,7734.572999999999,47.0
382.0420661492675,518.0,4223.0,282.5857152,7,100.0,False,0,7734.732999999999,47.0
388.4541666666667,567.4395490181284,4261.9299283430555,282.0,7,100.0,False,0,7734.815,47.0
400.7897882653871,668.0,4330.0,281.2801829204289,7,100.0,False,0,7734.973,47.0
419.43444409553217,834.0,4414.0,280.18678900238154,7,100.0,False,0,7735.213,47.0
422.59861111111115,861.4529107401199,4425.409767712578,280.0,7,100.0,False,0,7735.254,47.0
431.7462068992337,951.0,4455.0,278.5125024,7,100.0,False,0,7735.373,47.0
447.1319444444445,1198.6613932190664,4501.744451717851,276.0,7,100.0,False,0,7735.574,47.0
453.18469781463375,1271.0,4513.0,276.0,7,100.0,False,0,7735.652999999999,47.0
471.5933254137445,1349.0,4518.0,276.0,7,100.0,False,0,7735.892999999999,47.0
483.93194444444447,1470.658177055805,4520.008463502031,276.0,7,100.0,False,0,7736.053999999999,47.0
486.9181210825319,1503.0,4520.0,275.8916672,7,100.0,False,0,7736.093,47.0
505.2641414871694,1686.0,4512.0,275.22500053333334,7,100.0,False,0,7736.333,47.0
511.43194444444447,1747.2032707751796,4506.721710569161,275.0,7,100.0,False,0,7736.414,47.0
523.4973800272652,1868.0,4493.0,273.6750016,7,100.0,False,0,7736.572999999999,47.0
529.6319444444445,1928.9919929631005,4484.447348042305,273.0,7,100.0,False,0,7736.6539999999995,47.0
540.1496725132004,2033.0,4469.0,272.6840907636364,7,99.68409076363636,False,0,7736.793,47.0
559.7856358311027,2227.0,4447.0,272.09318225454547,7,99.09318225454545,False,0,7737.053,47.0
562.8763888888889,2257.6146788857855,4444.861457577312,272.0,7,99.0,False,0,7737.093999999999,47.0
574.847506324798,2377.0,4440.0,271.43214354285715,7,99.56785645714285,False,0,7737.253,47.0
583.9541666666667,2469.646869788241,4439.069313202196,271.0,7,100.0,False,0,7737.374,47.0
594.4221473576798,2573.0,4441.0,271.0,7,100.0,False,0,7737.513,47.0
602.0208333333334,2642.3131555589966,4444.593918391429,271.0,7,100.0,False,0,7737.614,47.0
607.9544960916284,2705.0,4452.0,270.67083413333336,7,100.0,False,0,7737.692999999999,47.0
620.0208333333334,2878.335028165999,4486.090680190955,270.0,7,100.0,False,0,7737.853999999999,47.0
625.9289439814399,2962.0,4507.0,269.60500096,7,100.0,False,0,7737.933,47.0
634.9652777777778,3069.022470365082,4540.175440135625,269.0,7,100.0,False,0,7738.053999999999,47.0
655.755039054598,3251.0,4625.0,268.22500053333334,7,100.0,False,0,7738.333,47.0
661.7652777777778,3300.680784753792,4653.081848254559,268.0,7,100.0,False,0,7738.414,47.0
682.4541666666668,3462.58719997317,4758.49846255544,266.0,7,100.0,False,0,7738.6939999999995,47.0
688.2907844182064,3502.0,4787.0,266.0,7,100.0,False,0,7738.772999999999,47.0
694.276388888889,3539.0421043642955,4815.141324110837,266.0,7,100.0,False,0,7738.853999999999,47.0
706.0986111111112,3605.050037984611,4869.817225663896,266.0,7,100.0,False,0,7739.013999999999,47.0
713.4167173219665,3651.0,4911.0,266.0,7,100.0,False,0,7739.112999999999,47.0
723.8319444444444,3726.8554524817996,4982.317051937588,266.0,7,100.0,False,0,7739.254,47.0
734.0713505090399,3802.0,5056.0,265.5656248,7,100.0,False,0,7739.392999999999,47.0
747.3874999999999,3893.3200328998473,5149.292849438732,265.0,7,100.0,False,0,7739.574,47.0
748.7862501235168,3906.0,5162.0,264.7624992,7,100.0,False,0,7739.593,47.0
759.0763888888888,4018.5626905083013,5272.883281697186,263.0,7,100.0,False,0,7739.7339999999995,47.0
760.4258048813465,4032.0,5286.0,261.96363287272726,7,96.6749888,False,0,7739.753,47.0
783.0519078255343,4167.0,5414.0,243.41819229090908,7,37.175033600000006,False,0,7740.093,47.0
788.2875,4203.605944454915,5448.077906258455,239.0,7,23.0,True,0,7740.174,47.0
794.6663301423133,4256.0,5496.0,232.1937456,7,11.2437424,True,0,7740.272999999999,47.0
798.4208333333332,4291.796731066583,5527.739242571799,228.0,7,4.0,True,0,7740.334,47.0
811.4875,4440.999373153246,5655.081448384761,196.0,7,1.0,True,0,7740.574,47.0
814.6161188393382,4467.0,5677.0,193.4187472,7,0.6312496000000001,True,0,7740.633,47.0
819.8874999999999,4497.894969845956,5702.913604042149,189.0,7,0.0,True,0,7740.7339999999995,47.0
829.3891619627528,4536.0,5734.0,174.83630937197083,7,0.0,True,0,7740.933,47.0
833.0788888888889,4559.270722901668,5752.714730711303,169.0,7,0.0,True,0,7741.014999999999,47.0
841.6899999999999,4631.220929964955,5807.7913115324645,155.0,7,0.0,True,0,7741.214999999999,47.0
843.2559050963919,4645.0,5817.0,153.23572022857144,7,0.0,True,0,7741.253,47.0
850.3732810976214,4708.0,5853.0,144.8785654857143,7,0.0,True,0,7741.433,47.0
852.7344444444444,4728.135801512083,5862.882574874219,142.0,6,0.0,True,0,7741.495,47.0
858.5652009283253,4783.0,5883.0,135.7706157945541,6,0.0,True,0,7741.652999999999,47.0
862.8869444444445,4841.291020039448,5894.2944459809205,131.0,3,0.0,True,0,7741.773999999999,47.0
867.0412506741957,4896.0,5901.0,127.52917226666666,3,0.0,True,0,7741.892999999999,47.0
871.1536111111111,4931.630290623596,5902.358754704934,124.0,2,0.0,True,0,7742.013999999999,47.0
877.003358254263,4971.0,5897.0,118.88571245714286,2,0.0,True,0,7742.192999999999,47.0
880.1758333333333,5002.893362398101,5892.026606954397,116.0,2,0.0,True,0,7742.294,47.0
882.5910783634499,5029.0,5887.0,114.0250048,2,0.0,True,0,7742.373,47.0
887.3475553319415,5077.0,5873.0,110.0250048,2,0.0,True,0,7742.532999999999,47.0
889.7758333333334,5100.078858106986,5863.230370907217,108.0,2,0.0,True,0,7742.614,47.0
895.8313888888889,5152.953563108831,5833.617008937129,109.0,2,0.0,False,0,7742.813999999999,47.0
896.9854284867071,5162.0,5828.0,108.390628,2,2.8031112,False,0,7742.852999999999,47.0
904.4678693953,5222.0,5780.0,104.328124,2,21.4906296,False,0,7743.112999999999,47.0
905.0758333333333,5228.992892989075,5772.669929535575,104.0,2,23.0,False,0,7743.134,47.0
908.5513455088976,5272.0,5724.0,104.99166506666667,2,30.933320533333333,False,0,7743.253,47.0
912.1425,5302.271410167157,5683.2983575583185,106.0,2,39.0,False,0,7743.374,47.0
921.8769045430995,5331.0,5613.0,109.54444231111111,2,40.772221155555556,False,0,7743.692999999999,47.0
923.1425,5333.946631105,5604.497481545932,110.0,2,41.0,False,0,7743.7339999999995,47.0
929.3647222222223,5348.158263632454,5562.725867900323,112.0,2,46.0,False,0,7743.933999999999,47.0
933.8065964826958,5358.0,5529.0,114.08500096,2,49.82250176,False,0,7744.072999999999,47.0
940.4057566316433,5372.0,5466.0,117.08500096,2,55.32250176,False,0,7744.272999999999,47.0
942.4758333333334,5376.017917999687,5438.794522558494,118.0,2,57.0,False,0,7744.334,47.0
948.7054024633642,5386.0,5352.0,123.9666688,2,58.4916672,False,0,7744.513,47.0
950.8758333333334,5388.215497601354,5330.845529438154,126.0,2,59.0,False,0,7744.574,47.0
959.6091666666667,5392.661881211699,5277.783426276424,131.0,2,67.0,False,0,7744.813999999999,47.0
960.3088335559719,5393.0,5273.0,131.05277795555557,2,66.41944248888889,False,0,7744.833,47.0
972.8091666666668,5407.144027730897,5148.77252209349,132.0,3,56.0,True,0,7745.174,47.0
974.1797034951105,5412.0,5128.0,130.24500864,3,45.2750528,True,0,7745.213,47.0
979.6097445222962,5438.0,5036.0,123.04500864,3,1.2750527999999974,True,0,7745.373,47.0
979.6425,5438.1460542183995,5035.521974303359,123.0,3,1.0,True,0,7745.374,47.0
991.7536111111111,5475.89069105977,4953.889231978463,109.0,2,1.0,True,0,7745.773999999999,47.0
992.8852783516561,5482.0,4945.0,107.83000576,2,1.0,True,0,7745.812999999999,47.0
997.4758333333333,5514.531126291487,4897.347585926625,103.0,2,1.0,True,0,7745.973999999999,47.0
998.552503306114,5522.0,4887.0,102.12250432,2,1.0,True,0,7746.013,47.0
1005.8822330196816,5568.0,4838.0,95.82250432000001,2,1.0,True,0,7746.293,47.0
1007.9202777777778,5588.0973431209195,4821.380346842558,94.0,2,1.0,True,0,7746.374,47.0
1014.253574945812,5661.0,4766.0,89.46749888,2,1.0,True,0,7746.633,47.0
1017.5869444444445,5681.764380461253,4752.772443096976,87.0,2,1.0,True,0,7746.773999999999,47.0
1021.6820096680318,5703.0,4745.0,84.218752,2,1.0,True,0,7746.951999999999,47.0
1024.8758333333335,5732.4146192264725,4735.936850939166,82.0,2,1.0,False,0,7747.093999999999,47.0
1026.6301310596386,5750.0,4732.0,81.2593768,2,3.7156184000000003,False,0,7747.173,47.0
1030.1376171336308,5784.0,4730.0,79.7593768,2,9.2156184,False,0,7747.333,47.0
1031.8980555555556,5802.37958769984,4732.646318652188,79.0,2,12.0,False,0,7747.414,47.0
1037.1197222222222,5858.545080797054,4752.327562982747,78.0,2,15.0,False,0,7747.655,47.0
1037.9566437650994,5866.0,4756.0,78.4749984,2,17.1374928,False,0,7747.692999999999,47.0
1040.6752777777779,5886.630887535673,4768.3671022105045,80.0,2,24.0,False,0,7747.815,47.0
1044.2523288852112,5911.0,4787.0,81.3166656,2,29.2666624,False,0,7747.973,47.0
1046.1419444444446,5925.431018076939,4798.5554226471895,82.0,2,32.0,False,0,7748.054999999999,47.0
1048.9077187347034,5947.0,4817.0,83.4749984,2,31.508333866666668,False,0,7748.173,47.0
1051.8086111111113,5967.997909008332,4837.565270872738,85.0,2,31.0,False,0,7748.294999999999,47.0
1054.6388047683013,5987.0,4858.0,86.18592798040507,2,35.150747931417754,False,0,7748.413,47.0
1056.617777777778,5999.298255027856,4871.847653073681,87.0,2,38.0,False,0,7748.494,47.0
1059.6025909583725,6019.0,4896.0,89.37999616,2,40.9749952,False,0,7748.612999999999,47.0
1061.6733333333334,6036.024479033801,4918.758463799324,91.0,2,43.0,False,0,7748.6939999999995,47.0
1066.861329522289,6082.0,4985.0,93.76388622222223,2,49.633326933333336,False,0,7748.892999999999,47.0
1071.2733333333335,6108.42046633951,5028.504525651435,96.0,2,55.0,False,0,7749.053999999999,47.0
1077.7136769502356,6133.0,5076.0,104.60357394285714,2,60.4750016,False,0,7749.272999999999,47.0
1079.5955555555556,6139.049329189651,5088.19812324285,107.0,2,62.0,False,0,7749.334,47.0
1090.0844444444444,6168.459144856619,5153.504814775267,118.0,2,68.0,False,0,7749.6539999999995,47.0
1092.1296666868236,6175.0,5170.0,120.7041696,2,70.7041696,False,0,7749.713,47.0
1098.6844444444446,6197.491668649428,5229.746584494934,129.0,2,79.0,False,0,7749.893999999999,47.0
1100.17461145886,6202.0,5242.0,130.7874912,2,79.6499968,False,0,7749.933,47.0
1109.1203662922787,6228.0,5319.0,140.87083626666666,2,83.31666773333333,False,0,7750.152999999999,47.0
1115.1985796152323,6257.0,5419.0,147.2874912,2,85.6499968,False,0,7750.293,47.0
1118.8177777777778,6271.318907718924,5472.377791215256,151.0,3,87.0,False,0,7750.374,47.0
1136.7709338700433,6305.0,5629.0,169.9500032,3,95.52750144,False,0,7750.753,47.0
1137.8177777777778,6305.9203745909745,5633.791838817985,171.0,3,96.0,False,0,7750.773999999999,47.0
1150.1272397737616,6314.0,5687.0,181.75499136,3,97.79249856,False,0,7751.013,47.0
1158.8177777777778,6324.528329348281,5781.648254904208,189.0,4,99.0,False,0,7751.174,47.0
1166.5732113197896,6332.0,5875.0,194.05454778181817,4,99.31590923636364,False,0,7751.312999999999,47.0
1183.8157305545672,6327.0,6041.0,204.96362938181818,4,99.99772683636364,False,0,7751.612999999999,47.0
1183.8733333333334,6326.937817008061,6041.6515374908695,205.0,5,100.0,False,0,7751.614,47.0
1194.2397478589912,6312.0,6168.0,208.58000128,5,100.0,False,0,7751.793,47.0
1195.4844444444445,6310.006363132976,6181.634491139034,209.0,5,100.0,False,0,7751.813999999999,47.0
1207.651111111111,6289.55175069608,6288.469677927088,219.0,5,100.0,False,0,7752.013999999999,47.0
1218.561435743121,6264.0,6379.0,219.0,5,100.0,False,0,7752.192999999999,47.0
1224.6844444444444,6244.978555644505,6436.9252466013795,219.0,5,100.0,False,0,7752.294,47.0
1225.8334913594888,6241.0,6448.0,219.09500032,5,100.0,False,0,7752.312999999999,47.0
1236.9066666666665,6196.709972991183,6553.410886714331,220.0,5,100.0,False,0,7752.494,47.0
1244.6815780777508,6165.0,6619.0,228.9249856,5,100.0,False,0,7752.612999999999,47.0
1252.7733333333333,6132.884628832572,6680.48645682912,238.0,5,100.0,False,0,7752.7339999999995,47.0
1260.6544007520777,6085.0,6757.0,238.7437488,5,99.2562512,False,0,7752.852999999999,47.0
1263.3955555555556,6061.046514412928,6791.8286435222535,239.0,6,99.0,False,0,7752.893999999999,47.0
1271.4933951814498,5983.0,6900.0,243.16499328,6,99.59499904,False,0,7753.013,47.0
1277.062222222222,5942.540716001659,6953.095974567073,246.0,6,100.0,False,0,7753.093999999999,47.0
1299.1608864815141,5845.0,7054.0,249.5444423111111,6,100.0,False,0,7753.413,47.0
1302.062222222222,5828.25039414907,7070.209205202234,250.0,6,100.0,False,0,7753.454,47.0
1311.9645883803332,5752.0,7141.0,254.59999573333334,6,100.0,False,0,7753.592,47.0
1326.7065885735838,5573.0,7290.0,261.30000213333335,6,100.0,False,0,7753.793,47.0
1328.2622222222221,5558.910887906323,7301.43941790244,262.0,6,100.0,False,0,7753.813999999999,47.0
1350.7041381308723,5455.0,7381.0,268.71072569946745,6,100.0,False,0,7754.112999999999,47.0
1358.448611111111,5398.235580357797,7424.074785295649,271.0,7,100.0,False,0,7754.214999999999,47.0
1373.7263888888888,5251.813005589352,7536.893396011778,275.0,7,100.0,False,0,7754.415,47.0
1378.1736191170803,5215.0,7566.0,275.4833344,7,100.0,False,0,7754.473,47.0
1392.1930555555557,5122.138402963068,7642.187208215042,277.0,7,100.0,False,0,7754.655,47.0
1399.8065338814872,5072.0,7684.0,278.96000256,7,100.0,False,0,7754.753,47.0
1407.8041666666668,5012.760013123096,7733.092194040115,281.0,7,100.0,False,0,7754.855,47.0
1412.3962120123974,4978.0,7762.0,282.2687528,7,100.0,False,0,7754.913,47.0
1431.6383436001202,4836.0,7882.0,287.5187528,7,100.0,False,0,7755.152999999999,47.0
1433.4041666666667,4822.918620289975,7893.193482389899,288.0,7,100.0,False,0,7755.174999999999,47.0
1446.1683333333333,4726.870829459263,7975.805925290018,289.0,7,99.0,False,0,7755.334,47.0
1447.699062802131,4715.0,7986.0,289.1781256,7,99.0593752,False,0,7755.352999999999,47.0
1472.1238888888888,4517.949923453615,8154.36956775522,292.0,7,100.0,False,0,7755.6539999999995,47.0
1476.9319192514124,4481.0,8186.0,292.7375008,7,100.0,False,0,7755.713,47.0
1485.1905555555554,4420.536440018594,8237.906034346519,294.0,7,100.0,False,0,7755.813999999999,47.0
1503.329067638163,4295.0,8346.0,296.19000064,7,100.0,False,0,7756.032999999999,47.0
1567.8533819046204,3814.0,8760.0,303.79000064,7,100.0,False,0,7756.793,47.0
1569.6349999999998,3800.466630865837,8771.812670228413,304.0,8,100.0,False,0,7756.813999999999,47.0
1596.6575218763785,3598.0,8950.0,304.8861105777778,8,100.0,False,0,7757.133,47.0
1600.1349999999998,3573.0516007341525,8972.12950068344,305.0,8,100.0,False,0,7757.174,47.0
1615.3460577978012,3458.0,9074.0,305.89500032,8,100.0,False,0,7757.352999999999,47.0
1617.1349999999998,3441.97981429203,9088.045304296524,306.0,8,100.0,False,0,7757.374,47.0
1634.14043404947,3278.0,9231.0,307.4214272,8,100.0,False,0,7757.572999999999,47.0
1641.0905555555555,3225.389036081785,9277.110487385227,308.0,8,100.0,False,0,7757.6539999999995,47.0
1661.7572222222223,3107.554529648994,9381.237588726806,310.0,8,100.0,False,0,7757.893999999999,47.0
1665.1150978201476,3085.0,9401.0,310.0,8,100.0,False,0,7757.933,47.0
1675.535,3005.9830984805226,9469.89401688637,310.0,8,100.0,False,0,7758.053999999999,47.0
1680.626147679613,2968.0,9503.0,310.29500032,8,100.0,False,0,7758.112999999999,47.0
1692.8127777777777,2887.1823328261,9573.654732544646,311.0,8,100.0,False,0,7758.254,47.0
1701.3701944921363,2812.0,9639.0,311.0,8,100.0,False,0,7758.352999999999,47.0
1710.0905555555555,2702.257130515006,9733.84755351091,311.0,8,100.0,False,0,7758.454,47.0
1720.340047791689,2577.0,9842.0,310.40500096,8,100.0,False,0,7758.572999999999,47.0
1727.3127777777777,2527.7761364818434,9884.681489074119,310.0,8,100.0,False,0,7758.6539999999995,47.0
1744.5349999999999,2478.4193014847806,9928.605943718136,310.0,8,100.0,False,0,7758.853999999999,47.0
1747.8880054037154,2460.0,9945.0,309.8781256,8,100.0,False,0,7758.892999999999,47.0
1766.7671510856846,2299.0,10088.0,309.1906248,8,100.0,False,0,7759.112999999999,47.0
1772.0016666666666,2257.2139390553034,10125.270896605874,309.0,8,100.0,False,0,7759.174,47.0
1780.5007926260016,2196.0,10180.0,309.0,8,100.0,False,0,7759.272999999999,47.0
1802.9016666666664,2050.658438156812,10309.902928550415,309.0,8,100.0,False,0,7759.534,47.0
1807.9548339618468,2016.0,10341.0,308.15714194285715,8,99.15714194285714,False,0,7759.593,47.0
1826.5416708576067,1876.0,10466.0,305.01428845714287,8,96.01428845714285,False,0,7759.812999999999,47.0
1826.6238888888888,1875.360684144406,10466.556659814101,305.0,8,96.0,True,0,7759.813999999999,47.0
1839.4238888888888,1774.7125060481387,10552.190767236702,288.0,8,53.0,True,0,7759.973999999999,47.0
1840.884123529324,1763.0,10562.0,286.00499328,8,49.95998976,True,0,7759.9929999999995,47.0
1854.257222222222,1653.743658046757,10651.615232011267,267.0,8,21.0,True,0,7760.174,47.0
1855.564670743777,1643.0,10660.0,265.9875072,8,19.875008,True,0,7760.192,47.0
1864.2541928457315,1572.0,10713.0,259.1812464,8,12.312496000000001,True,0,7760.312999999999,47.0
1865.7238888888887,1560.315854541404,10721.352969780046,258.0,8,11.0,True,0,7760.334,47.0
1877.7088156328243,1457.0,10787.0,241.88999424,8,8.31499904,True,0,7760.513,47.0
1879.057222222222,1441.3961486909673,10795.361270744987,240.0,8,8.0,True,0,7760.534,47.0
1893.6715973438418,1235.0,10892.0,222.13880031631038,8,7.149466681729066,True,0,7760.772999999999,47.0
1896.1513888888887,1207.5386983584285,10903.694189745822,219.0,7,7.0,True,0,7760.815,47.0
1907.6513888888887,1131.6898974688063,10930.364198536312,207.0,6,7.0,True,0,7761.014999999999,47.0
1916.3180555555555,1088.6657564116801,10935.570006869333,195.0,6,7.0,True,0,7761.174999999999,47.0
1920.4555088423695,1055.0,10940.0,192.0750048,6,7.0,True,0,7761.253,47.0
1923.5875975458096,1024.0,10944.0,189.8249952,6,7.0,True,0,7761.312999999999,47.0
1924.7180555555556,1012.3134348590593,10945.238360022846,189.0,5,7.0,True,0,7761.334999999999,47.0
1938.4069444444444,864.5110309036131,10949.032565469735,176.0,4,7.0,True,0,7761.615,47.0
1940.2133708359816,847.0,10949.0,174.8916704,4,7.0,True,0,7761.652999999999,47.0
1948.6570004021453,762.0,10944.0,169.64166293333332,4,7.0,True,0,7761.833,47.0
1949.673611111111,747.0428485819181,10941.348551871783,169.0,4,7.0,True,0,7761.855,47.0
1956.8715047166302,625.0,10913.0,165.03347707890154,4,7.0,True,0,7762.013,47.0
1960.495,588.523035985342,10902.723872538885,163.0,4,7.0,True,0,7762.093999999999,47.0
1967.5172222222222,567.2799228404178,10890.94065948475,158.0,4,8.0,True,0,7762.254,47.0
1970.9032864869928,551.0,10881.0,156.68333653333335,4,9.810412266666667,True,0,7762.333,47.0
1980.0547427061629,471.0,10835.0,153.0166656,4,14.8520848,True,0,7762.553,47.0
1987.517222222222,414.1451331148982,10789.47766498707,150.0,4,19.0,False,0,7762.7339999999995,47.0
1991.614718924262,387.0,10761.0,149.6906248,4,23.0218776,False,0,7762.833,47.0
2000.7616666666665,331.4123169003721,10686.356865381014,149.0,4,32.0,False,0,7763.053999999999,47.0
2003.1885905052313,318.0,10665.0,148.70499968,4,33.77000192,False,0,7763.112999999999,47.0
2008.983888888889,288.56906437939125,10612.664359438451,148.0,4,38.0,False,0,7763.254,47.0
2010.5953149217296,281.0,10598.0,148.27857005714284,4,39.67142034285714,False,0,7763.293,47.0
2018.9269644349026,246.0,10522.0,149.7071414857143,4,48.242848914285716,False,0,7763.4929999999995,47.0
2020.6505555555557,239.74392951757116,10506.250011129894,150.0,4,50.0,False,0,7763.534,47.0
2028.2399836715695,217.0,10437.0,152.2375008,4,55.220835199999996,False,0,7763.713,47.0
2030.8505555555555,211.45629068525034,10413.357461836356,153.0,4,57.0,False,0,7763.773999999999,47.0
2036.8455394524854,202.0,10352.0,154.7375008,4,60.0406264,False,0,7763.913,47.0
2044.806111111111,192.39432822730794,10239.211747052552,157.0,4,64.0,False,0,7764.093999999999,47.0
2046.5547792160473,191.0,10219.0,157.8531208,4,65.4624928,False,0,7764.133,47.0
2058.424671633393,187.0,10137.0,163.5406264,4,75.2125024,False,0,7764.392999999999,47.0
2059.383888888889,186.65105529254348,10129.410532056394,164.0,4,76.0,False,0,7764.414,47.0
2072.1394444444445,178.7912564398327,9997.935069650204,164.0,4,12.0,True,0,7764.6939999999995,47.0
2073.0088646689414,178.0,9989.0,164.0,4,10.9312464,True,0,7764.713,47.0
2079.4283333333337,170.94083555268622,9926.021288620888,164.0,4,3.0,True,0,7764.853999999999,47.0
2082.0343650521518,167.0,9901.0,161.0499968,4,3.0,True,0,7764.913,47.0
2086.361666666667,158.61098317723344,9859.68737192407,156.0,4,3.0,True,0,7765.013999999999,47.0
2088.807388194664,153.0,9837.0,153.6031224,4,3.0,True,0,7765.072999999999,47.0
2096.713108406881,127.0,9764.0,145.4781224,4,3.0,True,0,7765.272999999999,47.0
2099.0727777777784,112.98573530884018,9736.93104101305,143.0,3,3.0,True,0,7765.334,47.0
2106.659307859234,57.0,9646.0,138.0250048,3,3.0,True,0,7765.532999999999,47.0
2109.6505555555564,40.355313403306,9622.877870908942,136.0,3,3.0,True,0,7765.614,47.0
2118.072459744525,2.0,9586.0,129.36111644444443,3,2.3361116444444443,True,0,7765.852999999999,47.0
2122.2505555555563,-26.598746199866202,9562.123368636143,126.0,3,2.0,True,0,7765.973999999999,47.0
2127.7616666666677,-73.3303833383651,9525.695111576599,124.0,3,2.0,True,0,7766.134,47.0
2130.431645296948,-97.0,9510.0,122.5187536,3,2.0,True,0,7766.213,47.0
2133.106111021761,-121.0,9496.0,121.0187536,3,2.0,True,0,7766.293,47.0
2133.1394444444454,-121.29746678998127,9495.835784214994,121.0,3,2.0,True,0,7766.294,47.0
2138.3956691919225,-168.0,9473.0,119.0125024,3,2.0,True,0,7766.4529999999995,47.0
2138.428333333334,-168.2973007159926,9472.87724908674,119.0,3,2.0,True,0,7766.454,47.0
2145.438214956338,-235.0,9452.0,115.34999893333334,3,2.0,True,0,7766.673,47.0
2146.0950000000007,-241.45315690373644,9450.551611827621,115.0,3,2.0,False,0,7766.6939999999995,47.0
2153.4068939050153,-315.0,9441.0,110.7321462857143,3,0.2928585142857143,False,0,7766.933,47.0
2154.6505555555564,-327.63312109610007,9440.830203901196,110.0,3,0.0,False,0,7766.973999999999,47.0
2158.259631046377,-364.0,9443.0,109.57500068571429,3,3.824993828571429,False,0,7767.093,47.0
2163.128333333334,-410.9293398736832,9452.49613306829,109.0,2,9.0,False,0,7767.254,47.0
2164.903723443441,-427.0,9457.0,108.63353982948168,2,10.465840682073315,False,0,7767.312999999999,47.0
2167.958333333334,-453.0388451619556,9465.45093632567,108.0,2,13.0,False,0,7767.415,47.0
2173.9027777777783,-505.99942854319204,9492.638449261956,107.0,2,26.0,False,0,7767.615,47.0
2175.041233435932,-519.0,9502.0,107.27142765714285,2,28.035707428571428,False,0,7767.652999999999,47.0
2181.709312112804,-602.0,9572.0,108.84285805714286,2,39.82143542857143,False,0,7767.873,47.0
2182.380555555556,-607.7412391973394,9577.252253656807,109.0,2,41.0,False,0,7767.8949999999995,47.0
2189.780555555556,-633.2795885947882,9606.896533960296,111.0,2,44.0,False,0,7768.134999999999,47.0
2192.252491633139,-642.0,9620.0,112.29999786666667,2,45.299997866666665,False,0,7768.213,47.0
2197.440790911506,-670.0,9662.0,114.96666453333333,2,47.966664533333336,False,0,7768.373,47.0
2201.480555555556,-693.0642908837825,9703.392634731645,117.0,2,50.0,False,0,7768.495,47.0
2208.1892939737763,-726.0,9774.0,121.9499968,2,57.91999488,False,0,7768.692999999999,47.0
2208.2583333333337,-726.2619661560118,9774.62826714739,122.0,2,58.0,False,0,7768.695,47.0
2215.2786111111113,-745.1623096809753,9828.396874077114,127.0,2,61.0,False,0,7768.893999999999,47.0
2220.392329326164,-755.0,9868.0,130.4750016,2,64.9714304,False,0,7769.032999999999,47.0
2225.700833333334,-765.2964651943631,9917.593744699354,134.0,2,69.0,False,0,7769.174,47.0
2229.465371384094,-771.0,9955.0,136.4750016,2,72.093752,False,0,7769.272999999999,47.0
2231.834166666667,-773.3802085197638,9978.047978686927,138.0,3,74.0,False,0,7769.334,47.0
2232.5833343896784,-774.0,9985.0,138.7125024,3,74.4750016,False,0,7769.352999999999,47.0
2241.634166666667,-777.416100348147,10059.121803819537,147.0,3,80.0,False,0,7769.574,47.0
2245.8140469234045,-774.0,10114.0,149.82857325714286,3,82.4750016,False,0,7769.673,47.0
2253.6450469639985,-760.0,10252.0,154.9714230857143,3,86.9749952,False,0,7769.852999999999,47.0
2253.689722222223,-759.9305472262434,10252.61302338001,155.0,3,87.0,False,0,7769.853999999999,47.0
2264.7563888888894,-749.5790366289275,10320.035765917082,166.0,3,90.0,False,0,7770.093999999999,47.0
2270.440441196795,-741.0,10351.0,170.16499328,3,88.21500288,False,0,7770.213,47.0
2274.3675000000007,-731.8250575058557,10385.243945036742,173.0,3,87.0,False,0,7770.294,47.0
2282.278611111112,-710.1606666200094,10465.457215717926,178.0,4,98.0,False,0,7770.454,47.0
2283.24254263577,-708.0,10473.0,178.81428845714285,4,98.13571474285715,False,0,7770.473,47.0
2294.8243535049714,-684.0,10544.0,188.2428489142857,4,99.70714148571429,False,0,7770.692999999999,47.0
2297.0563888888896,-676.3101999433356,10564.305814420866,190.0,4,100.0,False,0,7770.7339999999995,47.0
2307.0449622632414,-633.0,10675.0,198.9500032,4,100.0,False,0,7770.913,47.0
2310.5230555555563,-619.4434544225168,10707.953811568166,202.0,4,100.0,False,0,7770.973999999999,47.0
2322.1341666666676,-581.782109868655,10791.990216795468,209.0,5,99.0,False,0,7771.174,47.0
2332.709232351999,-537.0,10882.0,212.58000128,5,99.89500032,False,0,7771.352999999999,47.0
2333.9675000000007,-530.4129317945311,10894.973339191882,213.0,5,100.0,False,0,7771.374,47.0
2344.8708574837574,-465.0,11021.0,218.11428754285714,5,100.0,False,0,7771.553,47.0
2351.1563888888895,-424.3105957711683,11095.663060275228,221.0,5,100.0,False,0,7771.6539999999995,47.0
2366.4230555555564,-329.56652191872905,11261.108593137196,229.0,5,100.0,False,0,7771.893999999999,47.0
2371.5049924355376,-309.0,11296.0,230.57999616,5,100.0,False,0,7771.973,47.0
2379.3675000000007,-290.04884037559873,11326.92475497274,233.0,5,100.0,False,0,7772.093999999999,47.0
2388.592823540927,-266.0,11362.0,237.86500224,5,100.0,False,0,7772.232999999999,47.0
2392.7008333333342,-246.64294862414823,11389.921284451599,240.0,6,100.0,False,0,7772.294,47.0
2400.8125522617997,-197.0,11460.0,242.47916266666667,6,100.0,False,0,7772.413,47.0
2424.5537220372485,-29.0,11676.0,249.56250133333333,6,100.0,False,0,7772.753,47.0
2426.0341666666673,-20.09766287739264,11686.687475182633,250.0,6,100.0,False,0,7772.773999999999,47.0
2440.2008333333342,52.66539885887362,11768.82682222532,255.0,6,100.0,False,0,7772.973999999999,47.0
2445.8317521568824,83.0,11801.0,255.9874976,6,100.0,False,0,7773.053,47.0
2451.6230555555567,117.30350571177061,11836.670016540573,257.0,6,100.0,False,0,7773.134,47.0
2463.0343314827696,205.0,11923.0,258.1357129142857,6,100.0,False,0,7773.293,47.0
2471.767500000001,304.95321074511133,12014.827113831567,259.0,6,100.0,False,0,7773.414,47.0
2480.4049139250055,398.0,12098.0,260.18999808,6,100.0,False,0,7773.532999999999,47.0
2500.9897222222235,496.38366769658694,12177.692528115273,263.0,7,100.0,False,0,7773.813999999999,47.0
2503.867194013364,512.0,12189.0,263.38902557829834,7,100.0,False,0,7773.852999999999,47.0
2530.5821475223565,731.0,12341.0,266.9800485953195,7,100.0,False,0,7774.213,47.0
2530.7305555555567,732.1925023273017,12341.741657141501,267.0,7,100.0,False,0,7774.214999999999,47.0
2543.96457652197,847.0,12405.0,267.89000064,7,100.0,False,0,7774.392999999999,47.0
2545.619444444446,867.6054379034763,12415.025212231896,268.0,7,100.0,False,0,7774.415,47.0
2560.8972222222233,1095.3764030907066,12519.470252408979,275.0,7,100.0,False,0,7774.615,47.0
2562.28348277795,1110.0,12526.0,275.2000014222222,7,100.0,False,0,7774.633,47.0
2583.9794258362726,1211.0,12565.0,278.31111253333336,7,100.0,False,0,7774.913,47.0
2588.7972222222234,1249.5028167058686,12577.87060591883,279.0,7,100.0,False,0,7774.974999999999,47.0
2599.526547897497,1358.0,12614.0,279.69000064,7,100.0,False,0,7775.112999999999,47.0
2604.352777777779,1401.6274894337193,12628.074757864335,280.0,7,100.0,False,0,7775.174999999999,47.0
2626.052037581878,1613.0,12685.0,280.99641508325965,7,100.0,False,0,7775.4529999999995,47.0
2626.1302777777787,1614.1495107046312,12685.26017032342,281.0,7,100.0,False,0,7775.454,47.0
2638.6636111111125,1822.3241637732747,12729.7839352742,282.0,7,100.0,False,0,7775.614,47.0
2640.1547268993336,1843.0,12734.0,282.06785737142854,7,100.0,False,0,7775.633,47.0
2660.674722222224,1994.3097048797486,12759.879526818559,283.0,7,100.0,False,0,7775.893999999999,47.0
2665.3082256415573,2031.0,12765.0,283.0,7,100.0,False,0,7775.9529999999995,47.0
2679.4386451043465,2182.0,12786.0,283.0,7,100.0,False,0,7776.133,47.0
2685.8302777777794,2247.511137794552,12793.963760879768,283.0,7,100.0,False,0,7776.214,47.0
2695.271159441224,2339.0,12804.0,284.4874976,7,100.0,False,0,7776.333,47.0
2704.8969444444456,2433.7072878493564,12814.255766282606,286.0,7,100.0,False,0,7776.454,47.0
2711.176026136386,2496.0,12821.0,286.0,7,100.0,False,0,7776.532999999999,47.0
2723.963611111112,2623.134739959488,12834.768068089337,286.0,7,100.0,False,0,7776.6939999999995,47.0
2727.0607378126733,2654.0,12838.0,286.0,7,100.0,False,0,7776.732999999999,47.0
2736.6747222222234,2749.974289335089,12847.631041523688,286.0,7,100.0,False,0,7776.853999999999,47.0
2752.6191666666673,2908.401120123667,12862.915153718432,287.0,7,100.0,False,0,7777.053999999999,47.0
2755.7372349699094,2939.0,12866.0,287.17727185454544,7,100.0,False,0,7777.093,47.0
2770.167201997946,3082.0,12881.0,287.99545483636365,7,100.0,False,0,7777.272999999999,47.0
2787.94138888889,3285.6773001318575,12902.895476910942,289.0,7,100.0,False,0,7777.494,47.0
2789.4711733134545,3305.0,12905.0,289.09500032,7,100.0,False,0,7777.513,47.0
2804.0525000000007,3503.4527351703427,12926.844013385438,290.0,7,100.0,False,0,7777.6939999999995,47.0
2815.2463105279903,3641.0,12942.0,290.0,7,99.5656248,False,0,7777.833,47.0
2829.8302777777785,3766.4691907677548,12955.592958114774,290.0,7,99.0,False,0,7778.013999999999,47.0
2855.6969444444453,3931.4687218851373,12974.338221490016,291.0,7,100.0,False,0,7778.334,47.0
2858.858045830163,3961.0,12978.0,291.1624992,7,99.8375008,False,0,7778.373,47.0
2860.479919130827,3977.0,12980.0,291.2458336,7,99.7541664,False,0,7778.392999999999,47.0
2875.163611111112,4122.678764311492,12998.087261797837,292.0,7,99.0,False,0,7778.574,47.0
2878.3234944197084,4154.0,13002.0,291.8916672,7,99.0,False,0,7778.612999999999,47.0
2900.957379798376,4379.0,13031.0,291.1138894222222,7,99.0,False,0,7778.892999999999,47.0
2904.263611111112,4412.513651732139,13035.568937020715,291.0,7,99.0,False,0,7778.933999999999,47.0
2915.460538483525,4523.0,13051.0,290.1312496,7,99.0,False,0,7779.072999999999,47.0
2917.1525000000006,4538.183591179144,13053.132291103593,290.0,7,99.0,False,0,7779.093999999999,47.0
2941.2446916054864,4780.0,13083.0,290.0,7,99.0,False,0,7779.392999999999,47.0
2942.9302777777784,4809.154695553867,13085.927800008247,290.0,7,99.0,False,0,7779.414,47.0
2954.054709051833,5020.0,13106.0,288.95749952,7,84.75249344,False,0,7779.553,47.0
2974.8191666666676,5152.763828312181,13115.62157313383,287.0,7,58.0,False,0,7779.813999999999,47.0
2982.6674072333312,5194.0,13115.0,285.7624992,7,53.6687472,False,0,7779.913,47.0
2987.485833333334,5231.74850698566,13114.468733623447,285.0,7,51.0,False,0,7779.973999999999,47.0
2995.2656051311365,5305.0,13112.0,283.1437488,7,37.3874912,False,0,7780.072999999999,47.0
3000.019166666668,5350.4928121494,13108.295114956842,282.0,7,29.0,False,0,7780.134,47.0
3012.2289697030214,5472.0,13090.0,278.0250048,7,34.67856457142857,False,0,7780.293,47.0
3021.408055555556,5571.74930529172,13066.632906105646,275.0,7,39.0,False,0,7780.414,47.0
3039.3997953959297,5763.0,13005.0,271.03319715404405,7,42.96680284595594,False,0,7780.652999999999,47.0
3039.5500000000006,5764.356432558066,13004.47080283439,271.0,7,43.0,False,0,7780.655,47.0
3054.4944444444454,5879.675027615038,12950.29735127006,269.0,7,50.0,False,0,7780.855,47.0
3061.6613148901324,5934.0,12918.0,266.14166293333335,7,56.125008,False,0,7780.9529999999995,47.0
3071.961111111112,6019.601138199754,12860.8506430253,262.0,7,65.0,False,0,7781.094999999999,47.0
3080.600678820691,6091.0,12808.0,263.17999872,7,75.61998848,False,0,7781.213,47.0
3086.4806974217345,6137.0,12771.0,263.97999872,7,82.81998848,False,0,7781.293,47.0
3086.6277777777786,6138.129390633506,12770.05342457712,264.0,7,83.0,False,0,7781.294999999999,47.0
3104.1489864468817,6264.0,12651.0,264.7437496,7,91.1812456,False,0,7781.532999999999,47.0
3110.1833333333343,6301.535379183087,12609.396893603,265.0,7,94.0,False,0,7781.615,47.0
3118.85930466705,6355.0,12538.0,265.0,7,97.53999616,False,0,7781.732999999999,47.0
3124.905555555557,6396.618686448455,12469.5872879536,265.0,7,100.0,False,0,7781.815,47.0
3136.7722222222233,6484.531995756893,12301.379051226986,267.0,7,100.0,False,0,7781.974999999999,47.0
3145.542991948802,6531.0,12208.0,267.58999936,7,100.0,False,0,7782.093,47.0
3151.6611111111124,6550.317584746574,12167.916574150808,268.0,7,100.0,False,0,7782.174999999999,47.0
3169.568957608749,6581.0,12082.0,270.5591378215598,7,100.0,False,0,7782.413,47.0
3172.663611111112,6591.387369496914,12050.090558977552,271.0,7,100.0,False,0,7782.454,47.0
3187.7747222222233,6658.56907793283,11840.67116667083,272.0,7,100.0,False,0,7782.6539999999995,47.0
3190.725469088932,6669.0,11807.0,272.2437488,7,100.0,False,0,7782.692999999999,47.0
3199.908055555557,6691.538043649231,11730.237511536485,273.0,7,100.0,False,0,7782.813999999999,47.0
3216.746048250891,6716.0,11630.0,276.1285723428571,7,100.0,False,0,7783.032999999999,47.0
3221.452500000001,6726.330376569757,11587.987269201269,277.0,7,100.0,False,0,7783.093999999999,47.0
3230.634450015229,6749.0,11495.0,277.7437488,7,100.0,False,0,7783.213,47.0
3233.8080555555566,6756.404242206215,11463.615245461402,278.0,7,100.0,False,0,7783.254,47.0
3244.627067917226,6780.0,11360.0,279.26363694545455,7,100.0,False,0,7783.392999999999,47.0
3266.6217002917742,6825.0,11147.0,281.8090914909091,7,100.0,False,0,7783.673,47.0
3268.2747222222233,6828.439764495195,11128.975214401733,282.0,7,100.0,False,0,7783.6939999999995,47.0
3280.801550857781,6855.0,10979.0,282.79499904,7,100.0,False,0,7783.852999999999,47.0
3299.830277777779,6894.183875852258,10715.579654725248,284.0,7,100.0,False,0,7784.093999999999,47.0
3304.497425638462,6901.0,10667.0,284.3687504,7,100.0,False,0,7784.152999999999,47.0
3312.496944444446,6908.92597296476,10609.067663812411,285.0,7,100.0,False,0,7784.254,47.0
3328.3033191080845,6920.0,10510.0,285.7107136,7,100.0,False,0,7784.4529999999995,47.0
3334.7413888888905,6928.209104752589,10429.724114008832,286.0,7,100.0,False,0,7784.534,47.0
3350.630277777779,6952.774717584939,10180.898733775444,286.0,7,100.0,False,0,7784.7339999999995,47.0
3353.727828885366,6956.0,10146.0,286.0,7,100.0,False,0,7784.772999999999,47.0
3363.3413888888904,6961.741834621205,10075.822433292351,286.0,7,100.0,False,0,7784.893999999999,47.0
3379.189814174928,6965.0,10003.0,286.4522722909091,7,100.0,False,0,7785.093,47.0
3398.339359812466,6975.0,9813.0,286.99772683636365,7,100.0,False,0,7785.333,47.0
3398.419166666668,6975.031784346434,9812.218129764715,287.0,7,100.0,False,0,7785.334,47.0
3411.174722222224,6978.5710858336815,9687.799621507545,287.0,7,100.0,False,0,7785.494,47.0
3412.6848545520347,6979.0,9669.0,286.86428525714285,7,99.93214262857143,False,0,7785.513,47.0
3433.262272922288,6986.0,9352.0,285.0071442285714,7,99.00357211428572,False,0,7785.772999999999,47.0
3433.34138888889,6986.019556044857,9351.142111335932,285.0,7,99.0,False,0,7785.773999999999,47.0
3457.011699032536,6990.0,9225.0,285.0,7,99.0,False,0,7786.072999999999,47.0
3458.6747222222234,6990.5348181573245,9212.129838262865,285.0,7,99.0,False,0,7786.093999999999,47.0
3471.3413888888904,6996.212632341737,9083.842231517701,285.0,7,99.0,False,0,7786.254,47.0
3472.8437538602006,6997.0,9069.0,284.90499968,7,99.0,False,0,7786.272999999999,47.0
3487.040572561328,7006.0,8942.0,284.00500096,7,99.0,False,0,7786.4529999999995,47.0
3487.1191666666678,7006.06554111939,8941.28321812407,284.0,7,99.0,False,0,7786.454,47.0
3502.7035894888663,7024.0,8786.0,282.34166826666666,7,99.0,False,0,7786.652999999999,47.0
3505.919166666668,7029.265517589991,8749.846468185378,282.0,7,99.0,False,0,7786.6939999999995,47.0
3521.6413888888906,7061.863026555215,8557.802593682485,283.0,7,100.0,False,0,7786.893999999999,47.0
3529.381833043415,7077.0,8477.0,282.1784224872159,7,100.0,False,0,7786.9929999999995,47.0
3540.4527777777794,7094.823244403087,8390.04194809918,281.0,7,100.0,False,0,7787.134999999999,47.0
3557.478852959112,7132.0,8249.0,281.0,7,100.0,False,0,7787.352999999999,47.0
3562.308333333335,7150.399530999498,8184.903329198509,281.0,7,100.0,False,0,7787.415,47.0
3574.5689874390932,7202.0,8010.0,280.28181876363635,7,99.64090938181818,False,0,7787.572999999999,47.0
3596.408333333335,7247.948827009675,7871.441416708147,279.0,7,99.0,False,0,7787.855,47.0
3604.0379243209295,7274.0,7805.0,279.6125008,7,99.6125008,False,0,7787.9529999999995,47.0
3608.8527777777795,7296.953394186449,7746.885162229711,280.0,7,100.0,False,0,7788.014999999999,47.0
3624.0941684547633,7383.0,7530.0,277.8785728,7,99.2928576,False,0,7788.213,47.0
3630.397222222224,7407.659765355597,7467.910912700498,277.0,7,99.0,False,0,7788.294999999999,47.0
3654.8896506892956,7459.0,7328.0,277.0,7,99.88333297777778,False,0,7788.612999999999,47.0
3658.097222222224,7466.82537787055,7303.285066614297,277.0,7,100.0,False,0,7788.655,47.0
3674.59170218055,7510.0,7150.0,273.583070779572,7,100.0,False,0,7788.873,47.0
3682.1994444444463,7524.182969330678,7079.501158216578,272.0,7,100.0,False,0,7788.973999999999,47.0
3688.1500169237183,7532.0,7024.0,271.7178578285714,7,100.0,False,0,7789.053,47.0
3701.6989966378615,7539.0,6894.0,271.07499977142857,7,100.0,False,0,7789.232999999999,47.0
3703.2772222222243,7538.901685161042,6879.282182510052,271.0,7,100.0,False,0,7789.254,47.0
3718.277222222224,7526.838226990998,6733.773984824374,270.0,7,100.0,False,0,7789.454,47.0
3721.1947675984993,7521.0,6696.0,269.80500096,7,100.0,False,0,7789.4929999999995,47.0
3733.146954610981,7488.0,6517.0,269.00500096,7,100.0,False,0,7789.652999999999,47.0
3733.2216666666686,7487.811314589113,6516.043972727259,269.0,7,100.0,False,0,7789.6539999999995,47.0
3751.155000000002,7456.700353148182,6378.451131177031,269.0,7,100.0,False,0,7789.893999999999,47.0
3758.5548046129743,7443.0,6327.0,269.0,7,100.0,False,0,7789.9929999999995,47.0
3776.490577690009,7398.0,6154.0,269.0,7,100.0,False,0,7790.232999999999,47.0
3781.0438888888907,7387.145800442404,6108.3009830872115,269.0,7,100.0,False,0,7790.294,47.0
3792.880962367862,7362.0,5995.0,268.0062512,7,64.2250432,False,0,7790.4529999999995,47.0
3792.9550000000017,7361.856659172655,5994.340001111307,268.0,7,64.0,False,0,7790.454,47.0
3807.6216666666687,7336.936242234523,5864.942196265778,264.0,7,27.0,True,0,7790.6539999999995,47.0
3811.8954385129205,7331.0,5808.0,262.156248,7,24.787497600000002,True,0,7790.713,47.0
3819.13277777778,7322.332293826524,5679.068647488691,259.0,6,21.0,True,0,7790.813999999999,47.0
3824.6951544912745,7317.0,5584.0,256.4607204571429,6,21.0,True,0,7790.892999999999,47.0
3838.577222222224,7309.588526772615,5472.8472388849705,250.0,6,21.0,True,0,7791.093999999999,47.0
3854.977222222224,7338.346673774682,5388.735082246947,246.0,6,26.0,False,0,7791.334,47.0
3856.2521658834658,7344.0,5372.0,245.5249984,6,26.431819636363635,False,0,7791.352999999999,47.0
3866.817075448413,7405.0,5194.0,241.5249984,6,30.068183272727275,False,0,7791.513,47.0
3883.6994444444463,7480.426335730722,5032.1461405656155,235.0,6,36.0,False,0,7791.773999999999,47.0
3896.579314200513,7531.0,4957.0,233.01000192,6,36.99499904,False,0,7791.973,47.0
3896.643888888891,7531.277394193439,4956.569618285119,233.0,6,37.0,False,0,7791.973999999999,47.0
3911.9772222222246,7603.899805194321,4839.120068769105,230.0,6,7.0,True,0,7792.214,47.0
3921.714976769785,7645.0,4768.0,223.75357897142857,6,6.432143542857143,True,0,7792.373,47.0
3929.010555555558,7668.779349109378,4723.246744010132,219.0,6,6.0,True,0,7792.494,47.0
3930.156014311445,7673.0,4715.0,218.6437488,6,6.2375008,True,0,7792.513,47.0
3938.6105555555578,7710.247105765004,4639.48632611999,216.0,5,8.0,True,0,7792.6539999999995,47.0
3939.7318923973826,7715.0,4629.0,215.33499776,5,8.09500032,True,0,7792.673,47.0
3949.0119634777316,7748.0,4544.0,209.73499776,5,8.89500032,True,0,7792.833,47.0
3950.221666666669,7751.611797206794,4532.750881411889,209.0,5,9.0,True,0,7792.853999999999,47.0
3959.3208406185868,7774.0,4446.0,206.0187536,5,9.9937488,True,0,7793.013,47.0
3959.3772222222246,7774.111239339265,4445.452927143797,206.0,5,10.0,False,0,7793.013999999999,47.0
3976.8883333333356,7789.789207764253,4271.098562528897,197.0,5,24.0,False,0,7793.334,47.0
3980.087554523485,7788.0,4239.0,196.58007062321894,5,29.039152521372817,False,0,7793.392999999999,47.0
3987.679179404943,7778.0,4163.0,195.58363093719709,5,40.996428753635016,False,0,7793.532999999999,47.0
3992.109166666669,7769.154241507664,4119.023345787931,195.0,5,48.0,False,0,7793.615,47.0
3997.3822797786634,7756.0,4067.0,194.50999936,5,55.84001024,False,0,7793.713,47.0
4002.8869444444467,7739.507406637802,4013.355378427633,194.0,5,64.0,False,0,7793.815,47.0
4010.4299286881987,7713.0,3942.0,196.5875024,5,71.7625072,False,0,7793.9529999999995,47.0
4011.6425000000027,7708.375944253132,3930.8095743230956,197.0,5,73.0,False,0,7793.974999999999,47.0
4024.933838276463,7651.0,3813.0,199.9749984,5,76.56999808,False,0,7794.213,47.0
4034.0869444444465,7603.6037052524125,3736.2931460656405,202.0,5,79.0,False,0,7794.375,47.0
4035.1064115647628,7598.0,3728.0,202.2250016,5,79.60000426666667,False,0,7794.392999999999,47.0
4045.3421284593933,7538.0,3648.0,204.4749984,5,85.59999573333333,False,0,7794.572999999999,47.0
4047.7536111111135,7522.521659865243,3630.1877642867094,205.0,5,87.0,False,0,7794.615,47.0
4054.587021714753,7476.0,3582.0,206.87727069090909,5,88.87727069090909,False,0,7794.732999999999,47.0
4067.5549696370363,7379.0,3500.0,210.37727476363636,5,92.37727476363636,False,0,7794.9529999999995,47.0
4073.6647222222246,7328.975527949409,3465.5997054890695,212.0,5,94.0,False,0,7795.054999999999,47.0
4083.2527677183557,7246.0,3416.0,217.52999552,5,98.73999616,False,0,7795.213,47.0
4085.8313888888915,7223.105547126866,3403.321519542672,219.0,5,100.0,False,0,7795.254999999999,47.0
4089.414630848869,7191.0,3386.0,220.74000383999999,5,100.0,False,0,7795.312999999999,47.0
4098.331388888891,7110.634875026476,3343.5768479896665,225.0,5,100.0,False,0,7795.455,47.0
4104.653382630057,7057.0,3316.0,228.2757697112834,5,99.72701919072638,False,0,7795.553,47.0
4119.232315775135,6935.0,3247.0,235.62952028888776,5,99.11420664259269,False,0,7795.772999999999,47.0
4121.965555555558,6904.171424703007,3224.3268180617,237.0,5,99.0,False,0,7795.813999999999,47.0
4135.287044761415,6740.0,3089.0,240.97999616,5,99.0,False,0,7796.013,47.0
4135.354444444447,6739.366421680083,3088.453559606217,241.0,6,99.0,False,0,7796.013999999999,47.0
4148.965555555557,6665.857007195278,3019.997363525765,245.0,6,100.0,False,0,7796.214,47.0
4162.874492075347,6614.0,2960.0,249.9749952,6,100.0,False,0,7796.413,47.0
4168.565555555558,6576.216059978523,2918.2615702631806,252.0,6,100.0,False,0,7796.494,47.0
4169.89898576576,6567.0,2908.0,252.1187504,6,100.0,False,0,7796.513,47.0
4179.810000000003,6500.308870079365,2831.7874907675096,253.0,6,100.0,False,0,7796.6539999999995,47.0
4194.0711784606265,6408.0,2716.0,256.61817832727274,6,100.0,False,0,7796.852999999999,47.0
4205.751432984645,6333.0,2609.0,259.5272692363636,6,100.0,False,0,7797.013,47.0
4211.710000000003,6297.6998564073465,2554.552514343595,261.0,6,100.0,False,0,7797.093999999999,47.0
4229.474608913394,6205.0,2398.0,266.9749952,6,100.0,False,0,7797.333,47.0
4232.554444444448,6190.390723349935,2372.0497305818844,268.0,6,100.0,False,0,7797.374,47.0
4256.833206820885,6084.0,2172.0,273.9812464,6,100.0,False,0,7797.692999999999,47.0
4256.910000000003,6083.660770484405,2171.3378112244227,274.0,7,100.0,False,0,7797.6939999999995,47.0
4269.169006096295,6029.0,2063.0,277.17999616,7,100.0,False,0,7797.852999999999,47.0
4272.354444444447,6014.989385683262,2034.675431335479,278.0,7,100.0,False,0,7797.893999999999,47.0
4284.81913966622,5961.0,1924.0,280.78249664,7,100.0,False,0,7798.053,47.0
4297.530893450681,5906.0,1811.0,283.58249664,7,100.0,False,0,7798.213,47.0
4304.021111111113,5878.093420444826,1753.5737725287206,285.0,7,100.0,False,0,7798.294,47.0
4389.821111111113,5514.80215169423,998.5323541717412,297.0,7,100.0,False,0,7799.334,47.0
4396.39069752547,5486.0,938.0,297.7406232,7,100.0,False,0,7799.413,47.0
4416.48777777778,5399.214027823217,755.1079993532023,300.0,8,100.0,False,0,7799.6539999999995,47.0
4418.082424256202,5393.0,742.0,300.2375008,8,100.0,False,0,7799.673,47.0
4433.269181347587,5328.0,606.0,302.4874976,8,100.0,False,0,7799.852999999999,47.0
4443.510000000002,5245.48548954456,436.7896583245275,304.0,8,100.0,False,0,7799.973999999999,47.0
4448.503868681028,5210.0,364.0,304.29353275017957,8,100.0,False,0,7800.032999999999,47.0
4460.539166666668,5168.150985812361,277.02843749422124,305.0,8,100.0,False,0,7800.174999999999,47.0
4475.7089867850555,5144.0,226.0,306.1125008,8,100.0,False,0,7800.352999999999,47.0
4487.8280555555575,5092.218835463656,120.4862558801628,307.0,8,100.0,False,0,7800.495,47.0
4492.771649387649,5069.0,73.0,307.0,8,100.0,False,0,7800.553,47.0
4501.472500000002,5030.461374022195,-6.510715617022506,307.0,8,100.0,False,0,7800.655,47.0
4506.437496455834,5010.0,-49.0,307.58000128,8,100.0,False,0,7800.713,47.0
4518.639166666669,4964.658774145439,-143.76092908650855,309.0,8,100.0,False,0,7800.855,47.0
4532.265327681664,4899.0,-281.0,309.71818123636365,8,100.0,False,0,7801.013,47.0
4549.562117003205,4772.0,-545.0,310.6272721454545,8,100.0,False,0,7801.213,47.0
4556.65027777778,4733.668756766747,-624.6515117572585,311.0,8,100.0,False,0,7801.294999999999,47.0
4573.928055555558,4688.956235370177,-717.5879684182763,311.0,8,100.0,False,0,7801.495,47.0
4591.035024252387,4642.0,-814.0,311.0,8,100.0,False,0,7801.692999999999,47.0
4604.855344436292,4581.0,-939.0,311.0,8,100.0,False,0,7801.852999999999,47.0
4605.028055555558,4580.222384069586,-940.6045359960467,311.0,8,100.0,False,0,7801.855,47.0
4625.588209697388,4491.0,-1126.0,311.0,8,100.0,False,0,7802.093,47.0
4625.761388888891,4490.2466464239,-1127.550344277945,311.0,8,100.0,False,0,7802.094999999999,47.0
4644.660578249701,4407.0,-1297.0,311.9083338666667,8,100.0,False,0,7802.312999999999,47.0
4646.561388888892,4398.6413082563395,-1314.0077342331042,312.0,8,100.0,False,0,7802.334999999999,47.0
4656.725177845568,4354.0,-1405.0,310.515725477947,8,100.0,False,0,7802.4529999999995,47.0
4660.253055555558,4338.438817793356,-1436.7182492605834,310.0,8,100.0,False,0,7802.494,47.0
4670.49695624276,4293.0,-1529.0,310.0,8,100.0,False,0,7802.612999999999,47.0
4684.364166666669,4230.754163074904,-1653.5155545097184,310.0,8,100.0,False,0,7802.773999999999,47.0
4689.447111270873,4208.0,-1699.0,310.0,8,99.78928548571429,False,0,7802.833,47.0
4708.47527777778,4123.602032756963,-1868.7088730259686,310.0,8,99.0,False,0,7803.053999999999,47.0
4713.544015725955,4101.0,-1914.0,309.7541664,8,99.2458336,False,0,7803.112999999999,47.0
4729.07527777778,4031.0394483593036,-2052.9929031979427,309.0,8,100.0,False,0,7803.294,47.0
4734.140383112544,4008.0,-2098.0,309.0,8,100.0,False,0,7803.352999999999,47.0
4742.808611111114,3968.3040246222427,-2174.5273331701915,309.0,8,100.0,False,0,7803.454,47.0
4746.151597712054,3953.0,-2204.0,308.8607149714286,8,100.0,False,0,7803.4929999999995,47.0
4763.2613452648075,3875.0,-2355.0,308.14642925714287,8,100.0,False,0,7803.692999999999,47.0
4766.76416666667,3858.941338375326,-2385.9457932934793,308.0,8,100.0,False,0,7803.7339999999995,47.0
4785.4492707088975,3772.0,-2552.0,307.21785691428573,8,100.0,False,0,7803.9529999999995,47.0
4790.641944444447,3747.18766237447,-2598.927897146783,307.0,8,100.0,False,0,7804.013999999999,47.0
4800.754667725668,3700.0,-2688.0,306.40500096,8,100.0,False,0,7804.133,47.0
4807.641944444446,3671.1860687200274,-2742.7108535342163,306.0,8,100.0,False,0,7804.214,47.0
4824.615821206663,3587.0,-2898.0,306.6218744,8,100.0,False,0,7804.413,47.0
4834.930833333336,3497.2343221349256,-3055.6604351916385,307.0,8,100.0,False,0,7804.534,47.0
4843.350241806968,3435.0,-3164.0,306.3812496,8,100.0,False,0,7804.633,47.0
4848.530833333335,3414.6137869938984,-3199.421102343375,306.0,8,100.0,False,0,7804.6939999999995,47.0
4863.701343441002,3392.0,-3237.0,304.7214281142857,8,100.0,False,0,7804.873,47.0
4872.175277777779,3354.8074677837303,-3298.1832062167014,304.0,8,100.0,False,0,7804.973999999999,47.0
4883.674793689756,3285.0,-3409.0,298.43999744,8,82.624992,False,0,7805.112999999999,47.0
4888.619722222224,3255.5223109626168,-3452.2797727045654,296.0,8,75.0,True,0,7805.174,47.0
4898.043227695176,3200.0,-3529.0,288.562512,8,42.2750528,True,0,7805.293,47.0
4907.353055555556,3145.4357141414916,-3601.451998557832,281.0,8,9.0,True,0,7805.414,47.0
4919.209375349422,3064.0,-3698.0,269.87001344,8,8.20500096,True,0,7805.572999999999,47.0
4922.18638888889,3038.3225290789164,-3725.3208476477885,267.0,8,8.0,True,0,7805.614,47.0
4937.518297394,2892.0,-3867.0,255.3656216,8,8.6843752,True,0,7805.833,47.0
4944.408611111112,2846.098960510559,-3905.7695329693215,250.0,8,9.0,True,0,7805.933999999999,47.0
4957.786861216082,2773.0,-3952.0,242.04000768,8,9.99499904,True,0,7806.133,47.0
4957.853055555556,2772.530589679778,-3952.2687549062157,242.0,7,10.0,True,0,7806.134,47.0
4975.881287582459,2611.0,-4036.0,233.281256,7,10.0,True,0,7806.413,47.0
4978.4752777777785,2587.8118111278427,-4045.781218577932,232.0,6,10.0,False,0,7806.454,47.0
4984.690563049532,2534.0,-4066.0,228.69999786666668,6,10.412500266666667,False,0,7806.553,47.0
4993.408611111112,2459.125331076472,-4090.637728959953,224.0,6,11.0,False,0,7806.6939999999995,47.0
5003.0202968198355,2359.0,-4109.0,220.0360151642797,6,17.166198633342695,False,0,7806.852999999999,47.0
5014.968333333334,2187.446020681934,-4112.325195480777,215.0,6,25.0,False,0,7807.054999999999,47.0
5018.362972367476,2147.0,-4111.0,213.5499968,6,31.09001344,False,0,7807.112999999999,47.0
5026.635000000001,2082.540357531589,-4105.318621245282,210.0,5,46.0,False,0,7807.254999999999,47.0
5037.024083583887,2020.0,-4089.0,210.0,5,57.8666752,False,0,7807.433,47.0
5045.19118437245,1942.0,-4066.0,210.0,5,67.19999146666666,False,0,7807.572999999999,47.0
5047.635000000001,1919.3286209663302,-4058.55108853243,210.0,5,70.0,False,0,7807.615,47.0
5057.960366377969,1823.0,-4017.0,209.4437496,5,73.8937528,False,0,7807.793,47.0
5066.212777777779,1718.1196488771898,-3951.9560456646373,209.0,5,77.0,False,0,7807.9349999999995,47.0
5075.459808367486,1607.0,-3875.0,210.57999872,5,79.36999808,False,0,7808.093,47.0
5077.935000000001,1586.0059108674088,-3859.8869015854,211.0,5,80.0,False,0,7808.134999999999,47.0
5087.446111111112,1539.0157780135723,-3822.96532261464,214.0,5,82.0,False,0,7808.294999999999,47.0
5101.878786707882,1478.0,-3750.0,216.9749984,5,92.70999424,False,0,7808.532999999999,47.0
5111.779444444446,1390.1065120518258,-3642.300142029163,219.0,5,100.0,False,0,7808.695,47.0
5115.321201792354,1363.0,-3608.0,219.29000064,5,100.0,False,0,7808.753,47.0
5124.001666666669,1322.9097232968054,-3552.7399712105994,220.0,5,100.0,False,0,7808.8949999999995,47.0
5132.487352265311,1295.0,-3506.0,221.15000106666668,5,100.0,False,0,7809.032999999999,47.0
5138.801666666668,1266.1571439401741,-3456.0836653741635,222.0,5,100.0,False,0,7809.134999999999,47.0
5149.921339950026,1209.0,-3354.0,223.7844621498607,5,100.0,False,0,7809.312999999999,47.0
5161.261148951723,1156.0,-3254.0,225.5889705721952,5,100.0,False,0,7809.4929999999995,47.0
5163.850000000001,1140.6628905084158,-3225.28851966183,226.0,5,100.0,False,0,7809.534,47.0
5173.9833333333345,1070.0832943391745,-3094.623934104259,228.0,6,100.0,False,0,7809.6939999999995,47.0
5177.745009946392,1048.0,-3054.0,228.63214354285714,6,99.78928548571429,False,0,7809.753,47.0
5191.950000000002,998.4865954250193,-2964.1676772923734,231.0,6,99.0,False,0,7809.973999999999,47.0
5204.829590001332,943.0,-2879.0,232.98999808,6,99.0,False,0,7810.173,47.0
5204.894444444446,942.5737927238295,-2878.369314800069,233.0,6,99.0,False,0,7810.174,47.0
5219.1246417884895,833.0,-2719.0,233.91250026666665,6,99.0,False,0,7810.392999999999,47.0
5220.494444444445,824.9808836963779,-2707.4869271628545,234.0,6,99.0,False,0,7810.414,47.0
5236.227777777779,771.4474239486015,-2633.568277702004,236.0,6,100.0,False,0,7810.6539999999995,47.0
5242.758284039381,724.0,-2570.0,236.99000064,6,100.0,False,0,7810.753,47.0
5249.450000000001,646.9909038496177,-2466.533213328525,238.0,6,100.0,False,0,7810.853999999999,47.0
5253.375185638426,605.0,-2410.0,238.4916672,6,99.83611093333333,False,0,7810.913,47.0
5273.550000000001,547.1705607076424,-2330.2333431622274,241.0,6,99.0,False,0,7811.214,47.0
5288.310092271978,454.0,-2205.0,242.21666702222223,6,99.0,False,0,7811.433,47.0
5295.072660121913,361.0,-2081.0,242.77222115555554,6,99.0,False,0,7811.532999999999,47.0
5297.850000000001,332.7057590209627,-2043.397462196065,243.0,6,99.0,False,0,7811.574,47.0
5318.182303864486,278.0,-1974.0,244.49500032,6,99.74750016,False,0,7811.873,47.0
5325.072222222224,238.6325606787623,-1924.0171748767643,245.0,6,100.0,False,0,7811.973999999999,47.0
5330.467128315873,202.0,-1878.0,245.39499904,6,99.60500096,False,0,7812.053,47.0
5338.738888888891,147.52371537359704,-1811.6924077733286,246.0,6,99.0,False,0,7812.174,47.0
5352.405555555558,60.138216227493054,-1709.7540679751587,246.0,6,99.0,False,0,7812.374,47.0
5355.055376384925,43.0,-1690.0,245.593752,6,97.781256,False,0,7812.413,47.0
5359.1193868885375,16.0,-1659.0,244.96874933333334,6,95.906248,False,0,7812.473,47.0
5384.53888888889,-204.8596279080036,-1408.0412559312942,241.0,6,84.0,True,0,7812.853999999999,47.0
5385.787064753667,-212.0,-1400.0,240.66749888,6,81.14999040000001,True,0,7812.873,47.0
5400.106173071887,-265.0,-1341.0,236.81750336,6,48.1500288,True,0,7813.093,47.0
5410.53888888889,-326.4978840851241,-1272.3002592211437,234.0,6,24.0,True,0,7813.254,47.0
5424.767065193817,-430.0,-1157.0,234.0,6,24.0,True,0,7813.473,47.0
5428.6705370979,-456.0,-1129.0,234.0,6,24.0,True,0,7813.532999999999,47.0
5439.20388888889,-557.8676698200702,-1043.0773304835404,234.0,6,24.0,True,0,7813.695,47.0
5449.60388888889,-669.4744553167682,-964.552648859033,234.0,6,24.0,True,0,7813.855,47.0
5452.077680934427,-689.0,-952.0,234.0,6,20.6750112,True,0,7813.892999999999,47.0
5465.203888888889,-751.9038502225926,-922.8123948019186,234.0,6,3.0,True,0,7814.094999999999,47.0
5471.48888741625,-789.0,-917.0,234.0,6,3.0,True,0,7814.192999999999,47.0
5480.80388888889,-873.7707145689164,-907.5058174244505,234.0,6,3.0,True,0,7814.334999999999,47.0
5489.116099189865,-952.0,-908.0,234.0,6,3.0,True,0,7814.4529999999995,47.0
5497.969186215585,-1032.0,-926.0,234.0,6,3.0,True,0,7814.593,47.0
5499.003888888889,-1042.4536207661213,-929.6881467791361,234.0,6,3.0,True,0,7814.615,47.0
5504.203888888889,-1100.1716845611916,-961.1459161629415,117.0,5,0.0,True,0,7814.775,47.0
5507.007770026564,-1131.0,-984.0,112.7124944,5,0.0,True,0,7814.873,47.0
5513.359444444444,-1202.1063750613541,-1041.0487041472209,103.0,2,0.0,False,0,7815.094999999999,47.0
5513.867722571666,-1207.0,-1045.0,102.87727185454546,2,1.0636439272727274,False,0,7815.112999999999,47.0
5524.41344092613,-1281.0,-1101.0,100.28636450909092,2,23.518174254545453,False,0,7815.4929999999995,47.0
5525.581666666667,-1290.1166752608874,-1107.2238402060443,100.0,2,26.0,False,0,7815.535,47.0
5526.641054776881,-1299.0,-1113.0,100.2374992,2,28.374992,False,0,7815.572999999999,47.0
5530.070555555556,-1332.5275825999158,-1131.9236091992034,101.0,2,36.0,False,0,7815.695,47.0
5538.17820273044,-1428.0,-1167.0,104.9856603330385,2,43.97132066607698,False,0,7815.973,47.0
5538.208055555556,-1428.3543100453558,-1167.0660159500844,105.0,2,44.0,False,0,7815.973999999999,47.0
5545.541388888889,-1513.0121229124527,-1170.2735502168396,110.0,2,55.0,False,0,7816.214,47.0
5548.711816116795,-1542.0,-1168.0,112.4750016,2,46.16070857142857,False,0,7816.312999999999,47.0
5554.641388888889,-1580.6364126308904,-1161.93505740489,117.0,2,30.0,False,0,7816.494,47.0
5561.761916889189,-1626.0,-1148.0,117.0,2,19.049996800000002,False,0,7816.713,47.0
5562.441388888889,-1631.854785146565,-1146.0612525232073,117.0,3,18.0,False,0,7816.7339999999995,47.0
5566.925081815876,-1675.0,-1131.0,116.68409076363636,3,19.263636945454547,False,0,7816.873,47.0
5575.938989901434,-1758.0,-1094.0,116.04772712727272,3,21.80909149090909,False,0,7817.152999999999,47.0
5576.619166666667,-1764.0475517901777,-1090.8534436365915,116.0,3,22.0,False,0,7817.174,47.0
5581.790276819599,-1809.0,-1065.0,116.56785645714285,3,27.110708114285714,False,0,7817.333,47.0
5585.719166666668,-1841.2119989997934,-1042.5410042029073,117.0,3,31.0,False,0,7817.454,47.0
5586.333613752741,-1846.0,-1039.0,116.90499968,3,31.0,False,0,7817.473,47.0
5592.131413078538,-1890.0,-1003.0,116.00500096,3,31.0,False,0,7817.652999999999,47.0
5592.163611111112,-1890.2716795115457,-1002.7455897808137,116.0,3,31.0,False,0,7817.6539999999995,47.0
5599.896944444446,-1964.624781161603,-923.6729476607975,116.0,3,31.0,False,0,7817.893999999999,47.0
5603.738378140748,-1978.0,-908.0,116.99166506666667,3,43.39581333333334,False,0,7818.013,47.0
5607.763611111112,-1962.0641548826572,-924.5825792209032,118.0,3,56.0,False,0,7818.134,47.0
5617.837549976692,-1909.0,-982.0,129.95713462857142,3,59.985711542857146,False,0,7818.413,47.0
5617.874722222224,-1909.1510059338361,-981.8379548998887,130.0,3,60.0,False,0,7818.414,47.0
5621.577132138474,-1934.0,-955.0,132.97000192,3,63.96000256,False,0,7818.513,47.0
5625.430277777779,-1958.9003345008146,-927.3331912962717,136.0,3,68.0,False,0,7818.614,47.0
5630.106732125966,-1989.0,-892.0,139.3999945142857,3,70.54999588571428,False,0,7818.732999999999,47.0
5636.630277777779,-2044.0580285323808,-823.884696537689,144.0,3,74.0,False,0,7818.893999999999,47.0
5643.238717333601,-2094.0,-761.0,147.9749952,3,77.9749952,False,0,7819.053,47.0
5651.930277777779,-2124.2176212383197,-722.0007612874285,153.0,3,83.0,False,0,7819.254,47.0
5656.401008548066,-2142.0,-691.0,157.3312528,3,84.546876,False,0,7819.352999999999,47.0
5665.81877279186,-2198.0,-580.0,166.125,3,87.6875,False,0,7819.553999999999,47.0
5666.774722222223,-2203.1696821991113,-568.6922806104483,167.0,3,88.0,False,0,7819.574,47.0
5682.508055555557,-2259.5744002662573,-412.512639724019,177.0,4,87.0,False,0,7819.893999999999,47.0
5691.658689804153,-2276.0,-354.0,181.95845140537642,4,88.48753542161293,False,0,7820.072999999999,47.0
5701.260000000001,-2285.055115229141,-316.47015064074293,187.0,4,90.0,False,0,7820.254999999999,47.0
5705.479780746187,-2289.0,-293.0,190.24999466666668,4,90.0,False,0,7820.333,47.0
5714.393333333334,-2300.0739543523596,-213.97832080716833,197.0,4,90.0,False,0,7820.495,47.0
5723.212932957611,-2310.0,-120.0,200.9499968,4,93.9499968,False,0,7820.652999999999,47.0
5723.326666666668,-2310.091580949298,-118.84204573463225,201.0,4,94.0,False,0,7820.655,47.0
5738.50221128808,-2314.0,27.0,209.60000426666667,4,97.58333511111111,False,0,7820.913,47.0
5744.626666666668,-2310.290256353266,86.58733360874993,213.0,5,99.0,False,0,7821.014999999999,47.0
5748.116927655574,-2307.0,121.0,214.4500032,5,99.29000064,False,0,7821.072999999999,47.0
5756.737777777779,-2295.75716250273,206.18050101884492,218.0,5,100.0,False,0,7821.214999999999,47.0
5757.846816162379,-2294.0,217.0,218.50000355555557,5,100.0,False,0,7821.232999999999,47.0
5769.1513243595255,-2272.0,325.0,223.49999644444443,5,100.0,False,0,7821.413,47.0
5778.120538966745,-2248.0,409.0,227.38889244444445,5,100.0,False,0,7821.553,47.0
5779.537777777779,-2243.4743418830258,422.3729471866201,228.0,5,100.0,False,0,7821.575,47.0
5792.390310119159,-2194.0,544.0,232.3312472,5,100.0,False,0,7821.772999999999,47.0
5800.426666666669,-2158.08374017305,617.0741411114991,235.0,6,100.0,False,0,7821.8949999999995,47.0
5805.620019045284,-2134.0,662.0,236.7333304888889,6,100.0,False,0,7821.973,47.0
5824.726666666669,-2042.4235555831517,811.938459929094,243.0,6,100.0,False,0,7822.254999999999,47.0
5827.334616627203,-2029.0,832.0,243.7388864,6,100.0,False,0,7822.293,47.0
5841.184791365272,-1953.0,940.0,247.6277752888889,6,100.0,False,0,7822.4929999999995,47.0
5846.778435770588,-1920.0,985.0,249.18333084444444,6,100.0,False,0,7822.572999999999,47.0
5849.726666666669,-1902.0334476472276,1009.5716912764278,250.0,6,100.0,False,0,7822.615,47.0
5863.822500000002,-1811.7429789536286,1134.162238109409,255.0,6,100.0,False,0,7822.813999999999,47.0
5870.947943646758,-1767.0,1195.0,257.2000014222222,6,100.0,False,0,7822.913,47.0
5871.0927195998,-1766.1068823424991,1196.2036057620498,257.24444302222224,6,100.0,False,0,7822.915,47.0
0.1833257739970937,-1766.4829460674853,1195.7353363282837,257.24444302222224,6,100.0,False,0,7822.915,48.0
14.660783365645525,-1680.0,1310.0,261.6444458666667,6,100.0,False,0,7823.113,48.0
19.145833333333336,-1639.5919858373566,1361.3599185015287,263.0,6,100.0,False,0,7823.174,48.0
33.86394267991242,-1497.0,1540.0,265.8428544,6,100.0,False,0,7823.373,48.0
39.91250000000001,-1461.3141550654786,1584.5668126241808,267.0,6,100.0,False,0,7823.454,48.0
58.04583333333334,-1408.1720040896676,1652.4634402363727,272.0,7,99.0,False,0,7823.694,48.0
61.01101015308656,-1395.0,1670.0,272.4874976,7,99.1624992,False,0,7823.733,48.0
74.76380006393548,-1314.0,1779.0,274.7375008,7,99.91250026666667,False,0,7823.913,48.0
76.37916666666666,-1304.4329736231334,1791.9388001321483,275.0,7,100.0,False,0,7823.934,48.0
91.87916666666668,-1215.2826098341513,1913.217602866513,279.0,7,100.0,False,0,7824.134,48.0
94.92038473868814,-1195.0,1941.0,279.4178550857143,7,100.0,False,0,7824.173,48.0
113.733884504974,-1057.0,2131.0,281.98928365714283,7,100.0,False,0,7824.413,48.0
113.81250000000001,-1056.5400398378613,2131.635623310249,282.0,7,100.0,False,0,7824.414,48.0
129.5902777777778,-988.1622666950985,2226.436168685203,284.0,7,100.0,False,0,7824.614,48.0
132.6956539803033,-974.0,2246.0,284.58499712,7,100.0,False,0,7824.653,48.0
155.26448135668863,-843.0,2426.0,288.78499712,7,100.0,False,0,7824.933,48.0
161.81250000000003,-805.75013258875,2477.203847656444,290.0,7,100.0,False,0,7825.014,48.0
174.74583333333334,-733.8010402560849,2576.5450346376483,291.0,7,99.0,False,0,7825.174,48.0
181.15959081198326,-692.0,2635.0,291.78999808,7,99.0,False,0,7825.253,48.0
191.02361111111114,-618.0414599926166,2739.3647928879986,293.0,7,99.0,False,0,7825.374,48.0
197.48597860170716,-570.0,2808.0,293.56428434285715,7,99.28214217142857,False,0,7825.4529999999995,48.0
213.96805555555557,-465.85678509891085,2960.8861964695843,295.0,7,100.0,False,0,7825.6539999999995,48.0
226.98821425227322,-387.0,3079.0,295.0,7,100.0,False,0,7825.813,48.0
230.35694444444448,-365.41831331351005,3111.3250538757648,295.0,7,100.0,False,0,7825.854,48.0
243.5569444444445,-276.3051603775943,3244.7966274625455,297.0,7,99.0,False,0,7826.014,48.0
263.22726387091285,-167.0,3408.0,296.2531256,7,99.7468744,False,0,7826.253,48.0
269.8680555555556,-146.43385638477508,3438.3592111428275,296.0,7,100.0,False,0,7826.334,48.0
284.4942118837757,-111.0,3489.0,294.5145218959726,7,99.25726094798631,False,0,7826.513,48.0
289.5497222222223,-91.79450847743172,3515.9644844610775,294.0,7,99.0,False,0,7826.575,48.0
312.33861111111116,47.110159335191156,3704.684838906936,293.0,7,99.0,False,0,7826.855,48.0
315.42803764143173,73.0,3738.0,292.90500032,7,99.09499968,False,0,7826.893,48.0
330.0535311592587,205.0,3903.0,292.45499968,7,99.54500032,False,0,7827.073,48.0
344.7830555555556,279.8162807872935,3991.082574729627,292.0,7,100.0,False,0,7827.255,48.0
354.285456324453,322.0,4036.0,290.73571565714286,7,100.0,False,0,7827.373,48.0
367.26083333333344,402.04846653992473,4118.377487075933,289.0,7,100.0,False,0,7827.535,48.0
379.8257843449306,503.0,4210.0,287.0250016,7,100.0,False,0,7827.693,48.0
386.3275000000001,563.6174452554875,4257.457219988086,286.0,7,100.0,False,0,7827.775,48.0
397.25545803712987,666.0,4329.0,285.30999936,7,100.0,False,0,7827.913,48.0
402.16083333333336,704.9130040533967,4352.93907582204,285.0,7,100.0,False,0,7827.975,48.0
417.7818697452049,818.0,4407.0,284.01000064,7,100.0,False,0,7828.173,48.0
417.93861111111113,819.3144827081319,4407.538363567076,284.0,7,100.0,False,0,7828.175,48.0
433.3393278955258,966.0,4460.0,280.04000256,7,100.0,False,0,7828.373,48.0
433.4941666666667,967.5304130428742,4460.450249034382,280.0,7,100.0,False,0,7828.375,48.0
450.32783931377827,1134.0,4497.0,278.18333226666664,7,100.0,False,0,7828.593,48.0
452.02750000000003,1150.9149062748575,4499.5698540716985,278.0,7,100.0,False,0,7828.615,48.0
464.3830555555556,1274.842806138124,4512.954756172767,278.0,7,100.0,False,0,7828.775,48.0
468.82822030716005,1320.0,4516.0,277.12999808,7,100.0,False,0,7828.833,48.0
479.6608333333333,1430.8867415527566,4519.926162782461,275.0,7,100.0,False,0,7828.975,48.0
487.16111428832585,1507.0,4520.0,275.24500032,7,100.0,False,0,7829.073,48.0
500.98554907664663,1645.0,4515.0,275.69499968,7,100.0,False,0,7829.253,48.0
510.3275,1737.7884468127102,4507.865658079515,276.0,7,100.0,False,0,7829.375,48.0
523.8913268604127,1873.0,4492.0,275.0083560096524,7,100.0,False,0,7829.553,48.0
529.9710512668372,1934.0,4483.0,274.5626736378521,7,100.0,False,0,7829.633,48.0
537.6513888888888,2010.4829822962927,4472.392583549624,274.0,7,100.0,False,0,7829.734,48.0
545.184735026218,2085.0,4463.0,274.0,7,99.50499968,False,0,7829.833,48.0
552.8736111111111,2160.7933014672444,4454.274292818708,274.0,7,99.0,False,0,7829.934,48.0
561.9333379071984,2250.0,4446.0,274.0,7,99.7437488,False,0,7830.053,48.0
565.0513888888889,2280.77026195464,4443.911216537103,274.0,7,100.0,False,0,7830.094,48.0
580.1476564110446,2431.0,4439.0,273.17083413333336,7,100.0,False,0,7830.293,48.0
583.2513888888889,2462.3759609032036,4438.934650806051,273.0,7,100.0,False,0,7830.334,48.0
595.3402777777777,2584.672375699345,4441.70813318461,272.0,7,100.0,False,0,7830.494,48.0
599.784072176845,2627.0,4444.0,271.70499968,7,100.0,False,0,7830.553,48.0
617.7836891558663,2803.0,4468.0,270.50499968,7,100.0,False,0,7830.793,48.0
625.3402777777777,2915.743241454983,4496.358345403162,270.0,7,100.0,False,0,7830.894,48.0
632.7409425170581,3021.0,4526.0,269.6906248,7,100.0,False,0,7830.993,48.0
649.2513888888888,3130.1098336754662,4565.317992029609,269.0,7,100.0,False,0,7831.214,48.0
656.6517988878081,3173.0,4587.0,269.0,7,100.0,False,0,7831.313,48.0
667.1847222222221,3260.9753062528443,4632.859333645065,269.0,7,100.0,False,0,7831.454,48.0
677.5411018693239,3357.0,4687.0,268.5656248,7,100.0,False,0,7831.593,48.0
691.0069444444443,3469.2491798133524,4762.417565275604,268.0,7,100.0,False,0,7831.774,48.0
692.4209082702275,3482.0,4772.0,268.0,7,100.0,False,0,7831.793,48.0
711.7769138229747,3667.0,4925.0,268.0,7,100.0,False,0,7832.053,48.0
711.8513888888888,3667.560974380586,4925.495068249463,268.0,7,100.0,False,0,7832.054,48.0
731.1357967198448,3775.0,5029.0,268.0,7,100.0,False,0,7832.313,48.0
735.673611111111,3804.8118829537843,5059.383064296297,268.0,7,100.0,False,0,7832.374,48.0
745.9916866884382,3881.0,5137.0,267.1312496,7,100.0,False,0,7832.513,48.0
747.5402777777776,3892.310379599442,5148.387611872304,267.0,7,100.0,False,0,7832.534,48.0
762.1198769813786,3997.0,5252.0,263.42857142857144,7,100.0,False,0,7832.734,48.0
767.9180555555554,4038.925045517254,5292.845170944791,262.0,7,100.0,False,0,7832.814,48.0
777.9211393484918,4112.0,5363.0,258.5249984,7,99.1312496,False,0,7832.9529999999995,48.0
779.3847222222221,4123.00716270719,5373.410710862897,258.0,7,99.0,True,0,7832.974,48.0
797.2419226539619,4266.0,5505.0,231.92524639008028,7,13.822471540928902,True,0,7833.253,48.0
799.7147222222221,4286.243083065367,5523.115617581398,228.0,7,1.0,True,0,7833.295,48.0
808.5618626514,4359.0,5587.0,209.3785865142857,7,0.43571474285714284,True,0,7833.4529999999995,48.0
814.8813888888888,4411.962203919692,5632.117944637685,195.0,7,0.0,True,0,7833.575,48.0
820.5561624551927,4461.0,5673.0,188.29546181818182,7,0.0,True,0,7833.693,48.0
848.7108143140164,4729.0,5864.0,147.3863709090909,7,0.0,True,0,7834.413,48.0
850.3258333333332,4743.856238695804,5870.142107393622,145.0,3,0.0,True,0,7834.455,48.0
855.6656311448545,4793.0,5886.0,139.8249952,3,0.0,True,0,7834.593,48.0
856.503611111111,4801.0397729269325,5887.962806224901,139.0,3,0.0,True,0,7834.615,48.0
860.1617259503331,4837.0,5895.0,136.14166293333332,3,0.0,True,0,7834.713,48.0
865.303611111111,4885.718843806471,5901.1691112099725,132.0,3,0.0,True,0,7834.855,48.0
870.9048099421768,4945.0,5900.0,128.0500032,3,0.0,True,0,7835.013,48.0
873.703611111111,4982.588828209848,5894.887512868698,126.0,3,0.0,True,0,7835.095,48.0
879.4371720292808,5063.0,5878.0,119.3249952,3,0.0,True,0,7835.273,48.0
883.8369444444443,5098.395336698007,5866.538416319463,114.0,2,0.0,True,0,7835.415,48.0
889.9027840101978,5131.0,5847.0,110.70000213333333,2,0.0,True,0,7835.613,48.0
891.1702777777776,5140.942466537126,5840.909648358103,110.0,2,0.0,True,0,7835.655,48.0
894.6876841177555,5172.0,5821.0,107.7875024,2,0.0,True,0,7835.773,48.0
895.9258333333332,5182.415429387207,5813.484815785288,107.0,2,0.0,True,0,7835.815,48.0
900.5220644193008,5218.0,5784.0,105.0250016,2,0.0,True,0,7835.973,48.0
902.8591666666666,5234.795447157793,5768.472344348741,104.0,2,0.0,True,0,7836.055,48.0
905.6031060566547,5255.0,5746.0,102.24372570753245,2,0.0,True,0,7836.153,48.0
910.5316666666666,5296.694391429322,5683.157435002555,99.0,2,0.0,True,0,7836.334,48.0
912.6270364264994,5311.0,5659.0,97.58928914285714,2,0.0,True,0,7836.413,48.0
917.8427777777778,5327.659336480458,5625.744918991959,94.0,2,0.0,True,0,7836.614,48.0
921.4044545493268,5334.0,5606.0,92.2624992,2,0.0,True,0,7836.753,48.0
923.9094444444445,5340.363685686366,5585.406542530017,91.0,2,0.0,True,0,7836.854,48.0
929.8380460854319,5359.0,5520.0,85.1136349090909,2,0.0,True,0,7837.113,48.0
933.3478719838363,5367.0,5484.0,81.47727127272728,2,0.0,True,0,7837.273,48.0
933.8094444444445,5367.936800659542,5479.355004757076,81.0,2,0.0,True,0,7837.294,48.0
937.3205555555555,5374.441936867361,5444.043718192124,79.0,1,0.0,True,0,7837.454,48.0
939.027803077932,5377.0,5427.0,78.21000192,1,0.0,True,0,7837.533,48.0
941.5983333333334,5379.925486924587,5401.616756648101,77.0,1,0.0,True,0,7837.6539999999995,48.0
943.6582751671203,5382.0,5381.0,75.51499904,1,0.0,True,0,7837.753,48.0
945.7094444444444,5384.232063661016,5359.829505680369,74.0,1,0.0,True,0,7837.854,48.0
946.4850421664237,5385.0,5352.0,73.30357485714286,1,0.0,True,0,7837.893,48.0
949.9465239505898,5388.0,5316.0,70.08928457142858,1,0.0,True,0,7838.073,48.0
951.0761111111111,5389.531719592622,5299.510614756385,69.0,1,0.0,True,0,7838.134,48.0
953.9175895817793,5394.0,5254.0,66.3500032,1,0.0,True,0,7838.293,48.0
957.3761111111112,5396.075899909126,5230.140491094878,63.0,1,0.0,True,0,7838.494,48.0
959.743442685396,5398.0,5215.0,61.841666133333334,1,0.0,True,0,7838.633,48.0
961.4427777777779,5400.814558795071,5196.074752554532,61.0,1,0.0,True,0,7838.734,48.0
963.7436246547711,5404.0,5175.0,60.05227229090909,1,0.3159092363636364,True,0,7838.873,48.0
967.5900748099535,5402.0,5186.0,58.415908654545454,1,0.8613637818181819,True,0,7839.113,48.0
968.5316666666668,5403.010153914371,5180.092607220465,58.0,1,1.0,False,0,7839.174,48.0
971.5120548543348,5411.0,5136.0,55.27272727272727,1,0.5454545454545454,False,0,7839.374,48.0
974.8872222222224,5421.0352534052445,5095.256800059728,52.0,1,0.0,True,0,7839.614,48.0
976.7475646557838,5426.0,5078.0,48.54658088808184,1,0.0,True,0,7839.753,48.0
977.033888888889,5426.698017248036,5075.581237191797,48.0,1,0.0,True,0,7839.775,48.0
980.033888888889,5432.927392619368,5054.339573539255,45.0,1,0.0,True,0,7840.015,48.0
981.9791643758454,5438.0,5040.0,44.60500032,1,0.39499968,True,0,7840.173,48.0
984.9227777777779,5449.111067487705,5013.045540192348,44.0,1,1.0,False,0,7840.415,48.0
985.1383430874002,5450.0,5011.0,43.90999936,1,1.4500032,False,0,7840.433,48.0
987.3116666666668,5459.100532242589,4990.892234251009,43.0,1,6.0,False,0,7840.615,48.0
987.7736369029291,5461.0,4987.0,43.2374992,1,6.3562488,False,0,7840.653,48.0
988.0183239765045,5462.0,4985.0,43.3625008,1,6.5437512,False,0,7840.673,48.0
991.0298629238592,5476.0,4959.0,44.8625008,1,8.793751199999999,False,0,7840.913,48.0
991.3116666666668,5477.616277657878,4956.275862611585,45.0,1,9.0,False,0,7840.935,48.0
994.9672222222224,5500.795757015193,4919.85930118484,47.0,1,10.0,False,0,7841.215,48.0
995.2051630241684,5502.0,4918.0,47.1125008,1,10.0,False,0,7841.233,48.0
997.1005555555557,5509.471041885443,4906.446960980988,48.0,1,10.0,False,0,7841.375,48.0
999.8452621565541,5524.0,4888.0,49.649998933333336,1,10.0,False,0,7841.573,48.0
1000.433888888889,5529.654478935822,4881.501088788594,50.0,1,10.0,False,0,7841.615,48.0
1002.948421120537,5558.0,4850.0,50.89000064,1,10.0,False,0,7841.793,48.0
1003.2672222222224,5560.804195952988,4846.956851437311,51.0,1,10.0,False,0,7841.815,48.0
1009.3783333333336,5588.331645502336,4821.089769222046,55.0,1,10.0,False,0,7842.215,48.0
1009.9668899654962,5592.0,4818.0,55.18999936,1,10.0,False,0,7842.253,48.0
1012.4578718057862,5611.0,4802.0,55.98999936,1,10.0,False,0,7842.413,48.0
1012.4894444444446,5611.234535436164,4801.80631622611,56.0,1,10.0,False,0,7842.415,48.0
1016.6673809705879,5644.0,4778.0,57.759091781818185,1,10.0,False,0,7842.673,48.0
1019.7005555555558,5685.293358025877,4754.60845285885,59.0,1,10.0,False,0,7842.855,48.0
1020.339619698741,5692.0,4751.0,59.31799047551719,1,10.0,False,0,7842.893,48.0
1023.7502777777779,5708.52313030677,4743.553733336142,61.0,1,10.0,False,0,7843.094,48.0
1024.7593697415432,5714.0,4742.0,61.1843752,1,10.0,False,0,7843.153,48.0
1028.8971893540127,5752.0,4733.0,61.9343752,1,10.0,False,0,7843.393,48.0
1029.261388888889,5755.467307641831,4732.5556952757,62.0,1,10.0,False,0,7843.414,48.0
1032.0310440997207,5781.0,4732.0,62.6624992,1,10.0,False,0,7843.573,48.0
1033.4613888888891,5794.610268117152,4733.427450421859,63.0,1,10.0,False,0,7843.6539999999995,48.0
1036.6837349180462,5825.0,4740.0,64.4916672,1,10.0,False,0,7843.833,48.0
1037.7947222222224,5834.608349578033,4743.024289604761,65.0,1,10.0,False,0,7843.894,48.0
1041.4613888888891,5866.059224554102,4757.570852763963,66.0,1,10.0,False,0,7844.094,48.0
1042.5419105057695,5878.0,4765.0,66.0,1,10.7375008,False,0,7844.153,48.0
1044.3947222222225,5901.895032268142,4781.436520523,66.0,1,12.0,False,0,7844.254,48.0
1045.4848632179815,5915.0,4791.0,66.29500032,1,12.59000064,False,0,7844.313,48.0
1048.1169444444447,5937.878203043576,4809.206392154384,67.0,1,14.0,False,0,7844.454,48.0
1053.4836111111113,5963.394135153383,4835.440687933219,69.0,1,16.0,False,0,7844.734,48.0
1054.2491618452036,5968.0,4840.0,69.41785508571428,1,16.417855085714287,False,0,7844.773,48.0
1056.233576978961,5982.0,4854.0,70.4892864,1,17.4892864,False,0,7844.873,48.0
1059.0836111111112,6011.264310738803,4888.028937794694,72.0,1,19.0,False,0,7845.014,48.0
1060.706882522675,6026.0,4906.0,72.84642651428571,1,19.846426514285714,False,0,7845.093,48.0
1064.9169444444444,6043.654593014217,4929.022794173171,75.0,1,22.0,False,0,7845.294,48.0
1067.8883632768298,6053.0,4943.0,76.7375008,1,23.158333866666666,False,0,7845.433,48.0
1070.1169444444445,6063.664485668739,4958.789045832857,78.0,1,24.0,False,0,7845.534,48.0
1075.2312981565972,6092.0,5002.0,82.25833457777777,1,24.0,False,0,7845.753,48.0
1078.6169444444445,6107.713929445251,5029.10536123748,85.0,2,24.0,False,0,7845.894,48.0
1079.57913804315,6113.0,5039.0,85.5,2,23.5,False,0,7845.934,48.0
1082.483611111111,6132.76487462784,5077.777775465095,87.0,2,22.0,False,0,7846.054,48.0
1085.4265245067127,6152.0,5117.0,88.27046087298753,2,19.03559129636243,False,0,7846.173,48.0
1089.5086111111111,6167.836215330372,5151.459663818756,90.0,2,15.0,False,0,7846.335,48.0
1096.6074334763766,6183.0,5192.0,91.7374992,2,15.0,False,0,7846.613,48.0
1097.6863888888888,6186.456248295523,5201.160744054802,92.0,2,15.0,False,0,7846.655,48.0
1101.7574186918444,6201.0,5240.0,92.6583328,2,15.0,False,0,7846.813,48.0
1103.8863888888889,6207.649066397529,5258.71879663005,93.0,2,15.0,False,0,7846.8949999999995,48.0
1106.4503432574263,6216.0,5284.0,93.6125008,2,15.918751199999999,False,0,7846.993,48.0
1112.3308333333332,6240.416458455776,5364.651632729479,95.0,2,18.0,False,0,7847.215,48.0
1112.8114134994273,6242.0,5370.0,95.12857234285714,2,18.128572342857144,False,0,7847.233,48.0
1119.8752777777777,6255.10498705441,5416.008301461349,97.0,2,20.0,False,0,7847.495,48.0
1121.4595777595111,6258.0,5427.0,97.4833344,2,20.805557333333333,False,0,7847.553,48.0
1127.5518857483537,6273.0,5486.0,99.3166656,2,23.86110933333333,False,0,7847.773,48.0
1129.8752777777777,6279.5471450582845,5513.121064598603,100.0,2,25.0,False,0,7847.855,48.0
1134.4975,6292.396332880067,5568.942526175919,104.0,3,26.0,False,0,7848.015,48.0
1136.1965639016653,6296.0,5586.0,104.7250016,3,26.0,False,0,7848.073,48.0
1139.2086111111112,6300.692410296972,5610.807786893314,106.0,3,26.0,False,0,7848.175,48.0
1143.9188938860914,6306.0,5644.0,107.12857051428571,3,27.128570514285713,False,0,7848.333,48.0
1147.608611111111,6310.987754926565,5674.39452099959,108.0,3,28.0,False,0,7848.455,48.0
1150.613875966476,6316.0,5709.0,109.47000192,3,28.49000064,False,0,7848.553,48.0
1153.7752777777778,6322.47757522453,5760.143416639593,111.0,3,29.0,False,0,7848.655,48.0
1157.4675849957703,6329.0,5822.0,112.17999872,3,29.0,False,0,7848.773,48.0
1160.0530555555556,6331.064628971793,5854.764414944818,113.0,3,29.0,False,0,7848.855,48.0
1166.3571074763247,6331.0,5911.0,114.4142848,3,28.2928576,False,0,7849.053,48.0
1168.9975,6331.163345090725,5932.965825925106,115.0,3,28.0,False,0,7849.135,48.0
1173.4836906301032,6330.0,5982.0,116.2937512,3,27.5687496,False,0,7849.273,48.0
1179.4198546132252,6322.0,6087.0,117.9812488,3,27.0062504,False,0,7849.4529999999995,48.0
1179.4863888888888,6321.917045840382,6087.973839648757,118.0,3,27.0,False,0,7849.455,48.0
1188.8638888888888,6314.9298311582115,6150.295434136825,121.0,3,26.0,False,0,7849.734,48.0
1193.5630601966523,6309.0,6180.0,121.69500032,3,26.0,False,0,7849.873,48.0
1195.6416666666667,6305.077142798515,6200.083643936569,122.0,3,26.0,False,0,7849.934,48.0
1201.1527777777778,6291.51053453683,6268.298223849932,124.0,4,26.0,False,0,7850.094,48.0
1203.1919779419213,6286.0,6293.0,124.2458336,4,26.2458336,False,0,7850.153,48.0
1209.4861111111113,6268.036461543381,6361.491138403493,125.0,4,27.0,False,0,7850.334,48.0
1216.5560621995269,6247.0,6427.0,127.1321408,4,28.4214272,False,0,7850.533,48.0
1219.4416666666668,6238.233548551885,6451.675010624394,128.0,4,29.0,False,0,7850.614,48.0
1226.552777777778,6215.953777776142,6508.028739331933,128.0,4,29.0,False,0,7850.814,48.0
1233.007715637976,6193.0,6559.0,129.4916672,4,29.0,False,0,7850.993,48.0
1235.2194444444444,6184.3125081731505,6577.064459578046,130.0,4,29.0,False,0,7851.054,48.0
1242.4972222222223,6152.783282906468,6638.5890932466,131.0,4,31.0,False,0,7851.254,48.0
1246.8639749590038,6132.0,6676.0,131.66111004444446,4,31.33055502222222,False,0,7851.373,48.0
1253.5253797999874,6098.0,6733.0,132.66111146666665,4,31.830555733333334,False,0,7851.553,48.0
1255.7972222222224,6086.013010822405,6752.153582082099,133.0,4,32.0,False,0,7851.614,48.0
1259.500046838861,6066.0,6783.0,134.2375008,4,33.2375008,False,0,7851.713,48.0
1261.7972222222224,6053.211513347155,6801.876903952754,135.0,4,34.0,False,0,7851.774,48.0
1269.3740911306309,6010.0,6862.0,136.65833173333334,4,34.0,False,0,7851.973,48.0
1270.9305555555557,6001.132764143149,6873.850407369036,137.0,4,34.0,False,0,7852.014,48.0
1276.174336535062,5968.0,6916.0,136.30499968,4,34.69500032,False,0,7852.153,48.0
1278.486111111111,5949.02806520596,6938.528232367636,136.0,4,35.0,False,0,7852.214,48.0
1285.4033913263431,5888.0,7008.0,137.6875,4,36.6875,False,0,7852.394,48.0
1290.8416666666667,5858.1266890083625,7041.027989454572,139.0,4,38.0,False,0,7852.534,48.0
1300.181247044652,5805.0,7091.0,140.4890956738384,4,38.744547836919196,False,0,7852.773,48.0
1303.4141666666667,5768.391393057622,7123.469026132503,141.0,4,39.0,False,0,7852.855,48.0
1308.8933569553703,5704.0,7180.0,142.7250016,4,39.8625008,False,0,7852.993,48.0
1309.7697222222223,5696.633135447303,7186.44962994938,143.0,4,40.0,False,0,7853.015,48.0
1317.7697222222223,5664.1489653040035,7214.432208197442,144.0,4,41.0,False,0,7853.215,48.0
1322.5322802777437,5636.0,7237.0,144.7374992,4,42.1062488,False,0,7853.333,48.0
1330.7475000000002,5538.430367152712,7314.652522198811,146.0,4,44.0,False,0,7853.535,48.0
1334.7499727267632,5495.0,7349.0,146.7000009142857,4,44.70000091428572,False,0,7853.633,48.0
1342.2586111111111,5450.025462588022,7383.915878499185,148.0,4,46.0,False,0,7853.815,48.0
1350.6182803358317,5415.0,7410.0,151.95999744,4,47.97999872,False,0,7854.013,48.0
1350.7030555555557,5414.497256569588,7410.376790215261,152.0,4,48.0,False,0,7854.015,48.0
1359.108398232039,5348.0,7461.0,152.82499946666667,4,48.0,False,0,7854.213,48.0
1360.9030555555557,5328.5822397716975,7476.258442672548,153.0,4,48.0,False,0,7854.255,48.0
1367.7919444444447,5247.423774787402,7541.049193630961,155.0,4,46.0,False,0,7854.415,48.0
1368.572020704491,5240.0,7547.0,155.18000128,4,46.09000064,False,0,7854.433,48.0
1376.5141666666668,5192.075990465908,7585.562476029837,157.0,4,47.0,False,0,7854.615,48.0
1385.252119606999,5145.0,7624.0,158.64999893333334,4,45.350001066666664,False,0,7854.813,48.0
1387.114166666667,5128.298505760937,7637.643644158805,159.0,4,45.0,False,0,7854.855,48.0
1394.225277777778,5047.0468388482805,7704.059992457806,160.0,4,45.0,False,0,7855.015,48.0
1398.5870601473443,5007.0,7737.0,160.40833386666668,4,46.633335466666665,False,0,7855.113,48.0
1404.9586111111114,4976.201933623894,7762.8566729391205,161.0,4,49.0,False,0,7855.255,48.0
1414.9860912953673,4945.0,7790.0,164.89285942857143,4,54.4500032,False,0,7855.473,48.0
1417.8697222222222,4925.606199361644,7806.3607773952535,166.0,4,56.0,False,0,7855.535,48.0
1423.3817269875785,4881.0,7844.0,167.26428434285714,4,55.15714377142857,False,0,7855.653,48.0
1431.0141666666666,4822.904569278013,7893.967763163064,169.0,4,54.0,False,0,7855.815,48.0
1433.7702351875025,4803.0,7911.0,169.64444586666667,4,54.0,False,0,7855.873,48.0
1442.401929593776,4738.0,7966.0,171.64444302222222,4,54.0,False,0,7856.053,48.0
1448.3141666666666,4673.608089375323,8021.39095864621,173.0,4,54.0,False,0,7856.175,48.0
1454.0776798301838,4615.0,8072.0,174.76999808,4,52.82000128,False,0,7856.293,48.0
1458.0919444444444,4588.923254155534,8094.406501032381,176.0,4,52.0,False,0,7856.375,48.0
1468.7623029605331,4540.0,8136.0,176.6833858440856,4,56.100315064513595,False,0,7856.593,48.0
1473.7761111111113,4495.290225117421,8174.202489560237,177.0,4,58.0,False,0,7856.694,48.0
1485.9068417696978,4366.0,8285.0,182.12142445714287,4,63.9749952,False,0,7856.933,48.0
1488.0094444444444,4349.890680131465,8298.861033968169,183.0,5,65.0,False,0,7856.974,48.0
1500.4094444444445,4291.153123657062,8349.75399397272,186.0,5,70.0,False,0,7857.214,48.0
1506.641483658415,4257.0,8379.0,188.2312464,5,69.2562512,False,0,7857.333,48.0
1508.8094444444446,4242.4229652465365,8391.405827731485,189.0,5,69.0,False,0,7857.374,48.0
1517.3356466001446,4177.0,8447.0,191.484372,5,66.515628,False,0,7857.533,48.0
1526.053888888889,4111.312822141268,8503.353191664946,194.0,5,64.0,False,0,7857.694,48.0
1531.4041823068649,4071.0,8538.0,194.6187504,5,64.6187504,False,0,7857.793,48.0
1534.7205555555556,4045.9169628118816,8559.514392057374,195.0,5,65.0,False,0,7857.854,48.0
1537.9544825946407,4022.0,8580.0,195.9833344,5,65.0,False,0,7857.913,48.0
1547.9872222222225,3949.5929182012164,8642.033002643873,199.0,5,65.0,False,0,7858.094,48.0
1550.1540612453832,3930.0,8659.0,199.3249984,5,65.6499968,False,0,7858.133,48.0
1561.3872222222221,3798.769515136366,8773.774796919724,201.0,5,69.0,False,0,7858.334,48.0
1567.024350479355,3745.0,8821.0,202.5750010181818,5,68.77499985454546,False,0,7858.433,48.0
1586.7514232021858,3659.0,8897.0,207.98408785454546,5,68.00227316363636,False,0,7858.773,48.0
1586.8094444444446,3658.627484824715,8897.32976053501,208.0,5,68.0,False,0,7858.774,48.0
1592.5464965378474,3616.0,8935.0,208.41250026666665,5,68.82500053333334,False,0,7858.873,48.0
1600.7427777777775,3554.7038015005655,8988.581988695483,209.0,6,70.0,False,0,7859.014,48.0
1604.2609714356413,3529.0,9011.0,209.9,6,70.0,False,0,7859.074,48.0
1612.5205555555556,3468.716312737959,9063.720315721217,212.0,6,70.0,False,0,7859.214,48.0
1616.0077489222053,3441.0,9088.0,212.26757402522617,6,69.86621298738692,False,0,7859.273,48.0
1636.2121024416672,3262.0,9245.0,213.80952320138206,6,69.09523839930897,False,0,7859.613,48.0
1638.7355555555557,3244.7241069393667,9260.155139701796,214.0,6,69.0,False,0,7859.655,48.0
1650.8466666666666,3183.9569562764646,9313.456137092558,218.0,6,70.0,False,0,7859.855,48.0
1661.7374988312486,3098.0,9389.0,219.33500096,6,70.0,False,0,7860.033,48.0
1675.2790638669705,2932.0,9535.0,220.98499904,6,70.0,False,0,7860.253,48.0
1675.4022222222225,2930.8924469250596,9535.973703100979,221.0,6,70.0,False,0,7860.255,48.0
1685.268888888889,2882.3260099967792,9578.613908615318,222.0,6,69.0,False,0,7860.415,48.0
1695.09943499379,2848.0,9608.0,223.9749984,6,69.0,False,0,7860.573,48.0
1695.2244444444443,2847.259728595197,9608.632267449695,224.0,6,69.0,False,0,7860.575,48.0
1705.1427623510904,2772.0,9673.0,225.9749984,6,69.0,False,0,7860.733,48.0
1705.268888888889,2771.0213633407816,9673.842048140235,226.0,6,69.0,False,0,7860.735,48.0
1728.0336979337949,2601.0,9822.0,228.68499904,6,69.0,False,0,7861.093,48.0
1730.7133333333334,2576.2184086501447,9843.485568256005,229.0,6,69.0,False,0,7861.135,48.0
1742.0755099229905,2466.0,9939.0,229.7416672,6,68.2583328,False,0,7861.313,48.0
1746.0466666666669,2433.8510652278624,9967.190823693209,230.0,6,68.0,False,0,7861.375,48.0
1761.3782716152223,2331.0,10059.0,231.4874992,6,68.0,False,0,7861.613,48.0
1766.6688888888891,2291.753813337578,10094.120166112569,232.0,7,68.0,False,0,7861.695,48.0
1776.8549411380347,2216.0,10162.0,232.0,7,67.43571474285714,False,0,7861.853,48.0
1784.7133333333336,2168.8674611823817,10204.52422819097,232.0,7,67.0,False,0,7861.975,48.0
1796.158795605268,2093.0,10273.0,231.2583328,7,41.041648,False,0,7862.153,48.0
1800.1133333333332,2055.014605174275,10307.07948274774,231.0,7,32.0,False,0,7862.215,48.0
1807.572696877383,1978.0,10376.0,228.70555804444444,7,26.100006399999998,False,0,7862.333,48.0
1822.513333333333,1878.464298459742,10464.414830430336,224.0,7,14.0,True,0,7862.575,48.0
1833.0836637475059,1810.0,10523.0,218.21499584,7,8.21499584,True,0,7862.753,48.0
1835.410895287596,1791.0,10539.0,216.91499584,7,6.9149958400000004,True,0,7862.793,48.0
1845.957777777778,1702.8537216801292,10611.966334628503,211.0,7,1.0,True,0,7862.975,48.0
1855.0561111111112,1626.9787273914085,10671.623785141808,206.0,7,0.0,True,0,7863.134,48.0
1857.209644996517,1609.0,10685.0,203.9416768,7,0.0,True,0,7863.173,48.0
1872.7118117070324,1476.0,10774.0,188.10832995555555,7,0.0,True,0,7863.473,48.0
1873.7561111111113,1466.5436251222704,10779.747888352253,187.0,6,0.0,True,0,7863.494,48.0
1884.4092758819816,1368.0,10835.0,176.8321398857143,6,0.0,True,0,7863.713,48.0
1887.2894444444446,1342.422004103053,10847.290392575993,174.0,5,0.0,True,0,7863.774,48.0
1889.1096589503757,1325.0,10855.0,172.83000576,5,0.0,True,0,7863.813,48.0
1905.2894444444446,1124.0178019862715,10925.905510170245,162.0,4,0.0,True,0,7864.174,48.0
1906.1187387585167,1117.0,10928.0,161.61999872,4,0.04750016,True,0,7864.193,48.0
1916.4396553030233,1060.0,10939.0,156.81999872,4,0.64750016,True,0,7864.433,48.0
1922.4005555555557,1002.883288323725,10944.557077508985,154.0,4,1.0,True,0,7864.574,48.0
1926.5475396751096,957.0,10948.0,151.5249984,4,1.0,True,0,7864.673,48.0
1929.0672222222224,929.6025222674525,10949.474862510895,150.0,4,1.0,True,0,7864.734,48.0
1970.4647117077843,510.0,10859.0,133.58620689655172,4,8.724137931034482,True,0,7865.854,48.0
1971.9227777777778,495.51542072583356,10849.571444923327,133.0,4,9.0,False,0,7865.894,48.0
1979.292777777778,424.86878094518534,10796.794646726852,132.0,4,15.0,False,0,7866.095,48.0
1981.420867408252,408.0,10782.0,132.0,4,17.1750048,False,0,7866.153,48.0
1988.092777777778,368.4953117723223,10739.205029024128,132.0,4,24.0,False,0,7866.335,48.0
1993.9594444444447,341.85323908890814,10699.794032773325,132.0,4,27.0,False,0,7866.495,48.0
1995.3574164429854,335.0,10689.0,132.13571382857143,4,27.678569142857143,False,0,7866.533,48.0
2003.4887502870413,293.0,10618.0,132.92142902857142,4,31.607145142857142,False,0,7866.753,48.0
2004.303888888889,288.9973418821198,10610.678399648192,133.0,4,32.0,False,0,7866.775,48.0
2007.9382458643522,272.0,10578.0,133.27222257777777,4,34.4500032,False,0,7866.873,48.0
2015.3817698095459,242.0,10510.0,133.82777813333334,4,39.4500032,False,0,7867.073,48.0
2017.7038888888892,234.19894932299695,10488.529856814088,134.0,4,41.0,False,0,7867.135,48.0
2026.770555555556,210.78566317188864,10403.077942355894,136.0,4,44.0,False,0,7867.375,48.0
2028.2199633374896,208.0,10389.0,136.4749984,4,44.4749984,False,0,7867.413,48.0
2032.9038888888892,200.72915010565677,10342.704068247,138.0,4,46.0,False,0,7867.535,48.0
2034.3741048910333,199.0,10328.0,138.40714148571428,4,46.54285531428572,False,0,7867.573,48.0
2042.9971422454798,193.0,10241.0,140.76428708571427,4,49.68571611428571,False,0,7867.793,48.0
2043.870555555556,192.51398755699566,10232.241879810927,141.0,4,50.0,False,0,7867.815,48.0
2050.1976882119047,189.0,10169.0,142.9749984,4,48.6833344,False,0,7867.973,48.0
2053.470555555556,187.06857574015686,10135.528998721,144.0,4,48.0,False,0,7868.055,48.0
2060.4740798966654,183.0,10064.0,142.3312488,4,22.968732,False,0,7868.233,48.0
2066.0038888888894,179.77344076728434,10008.7195639541,141.0,4,3.0,True,0,7868.375,48.0
2066.7034221118683,179.0,10000.0,140.7749984,4,2.7749984,True,0,7868.393,48.0
2072.181666666667,169.15556123123324,9915.420131414132,139.0,4,1.0,True,0,7868.535,48.0
2073.617990288782,166.0,9894.0,138.0500032,4,0.8100006399999999,True,0,7868.573,48.0
2079.626111111111,151.69052277516425,9824.314861678473,134.0,4,0.0,True,0,7868.735,48.0
2086.9594444444447,132.4807546570302,9777.207436963548,132.0,4,0.0,True,0,7868.935,48.0
2091.143999556886,121.0,9753.0,128.312504,4,0.0,True,0,7869.053,48.0
2092.603888888889,116.9032986005997,9744.61926870388,127.0,3,0.0,True,0,7869.095,48.0
2099.3816666666667,94.6841185872105,9703.359856268233,122.0,3,0.0,True,0,7869.295,48.0
2099.9858371762675,92.0,9699.0,121.81999872,3,0.0,True,0,7869.313,48.0
2106.048333333333,57.96414228679661,9649.137339633691,120.0,3,0.0,True,0,7869.495,48.0
2107.2925914514312,50.0,9639.0,119.472224,3,0.0,True,0,7869.533,48.0
2114.338302361552,1.0,9587.0,116.41666488888889,3,0.0,True,0,7869.753,48.0
2117.548333333333,-22.97409982856898,9564.953660624262,115.0,3,0.0,False,0,7869.855,48.0
2122.495,-62.128673286207274,9533.419161350164,112.0,3,3.0,False,0,7870.014,48.0
2123.0793620974505,-67.0,9530.0,111.7624992,3,3.3562512,False,0,7870.033,48.0
2127.383888888889,-104.06239734296943,9506.877720368337,110.0,3,6.0,False,0,7870.174,48.0
2127.964324095323,-109.0,9504.0,110.0,3,6.7125024,False,0,7870.193,48.0
2132.2727777777777,-144.53653377236625,9484.161592343082,110.0,3,12.0,False,0,7870.334,48.0
2136.4791087484487,-185.0,9467.0,109.30499968,3,14.78000128,False,0,7870.473,48.0
2138.3283333333334,-206.7277900173844,9460.15091679321,109.0,3,16.0,False,0,7870.534,48.0
2143.1865133688902,-266.0,9446.0,109.6624992,3,16.0,False,0,7870.693,48.0
2145.661666666667,-289.3537195757737,9442.505980402955,110.0,3,16.0,False,0,7870.774,48.0
2152.3056731272013,-338.0,9442.0,109.21785691428572,3,8.960712228571428,False,0,7870.993,48.0
2154.1394444444445,-352.89465992832356,9442.32983637498,109.0,3,7.0,False,0,7871.054,48.0
2159.472194371987,-408.0,9451.0,108.10499968,3,9.2375008,False,0,7871.233,48.0
2165.9985192111913,-506.0,9494.0,107.00500096,3,11.987497600000001,False,0,7871.4529999999995,48.0
2166.028333333333,-506.33992184192255,9494.167818507718,107.0,3,12.0,False,0,7871.454,48.0
2174.4283333333333,-548.8175111702352,9521.670248750135,108.0,3,24.0,False,0,7871.734,48.0
2176.8187685377284,-560.0,9533.0,108.43888782222223,3,24.658331733333334,False,0,7871.813,48.0
2185.4283333333333,-627.1392256380128,9602.050980364796,110.0,3,27.0,False,0,7872.094,48.0
2187.300071331486,-640.0,9617.0,110.6,3,28.35,False,0,7872.1539999999995,48.0
2196.8158024861036,-684.0,9685.0,113.6,3,35.1,False,0,7872.454,48.0
2198.095,-689.7167085551154,9695.900083551762,114.0,3,36.0,False,0,7872.494,48.0
2201.9107464109347,-707.0,9731.0,114.987550536113,3,38.46887634028251,False,0,7872.613,48.0
2205.8605555555555,-722.8467706454921,9767.385414925351,116.0,3,41.0,False,0,7872.735,48.0
2209.077720320299,-734.0,9797.0,117.40000182857143,3,42.75000228571429,False,0,7872.833,48.0
2215.193888888889,-750.9776412909956,9853.726778735212,120.0,3,46.0,False,0,7873.015,48.0
2216.503004451948,-754.0,9866.0,120.7388864,3,46.7388864,False,0,7873.053,48.0
2224.275361063099,-768.0,9940.0,125.01666915555556,3,51.016669155555554,False,0,7873.273,48.0
2227.893888888889,-772.0285196467935,9975.22465787602,127.0,3,53.0,False,0,7873.375,48.0
2232.786025552145,-775.0,10024.0,127.8625008,3,54.7250016,False,0,7873.513,48.0
2233.5827777777777,-775.2273133838446,10031.950478033405,128.0,3,55.0,False,0,7873.535,48.0
2239.507381674725,-775.0,10090.0,132.34499648,3,59.73999616,False,0,7873.693,48.0
2248.1558364275365,-770.0,10172.0,138.39500352,3,66.34000384,False,0,7873.913,48.0
2249.0272222222225,-769.1849694252311,10180.663025622853,139.0,3,67.0,False,0,7873.935,48.0
2255.4272222222226,-760.9129962630302,10248.377009411826,144.0,3,70.0,False,0,7874.095,48.0
2258.645163564333,-753.0,10290.0,146.1937464,3,73.4124944,False,0,7874.173,48.0
2269.0272222222225,-709.1830295549968,10460.879479669877,153.0,3,84.0,False,0,7874.415,48.0
2274.2328928840566,-690.0,10528.0,157.12999552,3,85.17999872,False,0,7874.533,48.0
2277.9161111111116,-680.6767137877699,10558.684270245598,160.0,3,86.0,False,0,7874.615,48.0
2289.049444444445,-660.1223101251398,10609.807679763164,167.0,3,85.0,False,0,7874.855,48.0
2290.857788889841,-654.0,10624.0,168.32999552,3,84.62000128,False,0,7874.893,48.0
2298.716111111112,-616.2956994021528,10711.647068036109,174.0,4,83.0,False,0,7875.055,48.0
2306.6484801376223,-576.0,10803.0,179.2666624,4,79.0500032,False,0,7875.213,48.0
2310.849444444445,-559.2559677445643,10838.837248060072,182.0,4,77.0,False,0,7875.295,48.0
2321.2383333333337,-526.2895332033632,10902.877413763825,187.0,4,81.0,False,0,7875.495,48.0
2325.2638674532195,-511.0,10932.0,186.0250016,4,51.750048,False,0,7875.573,48.0
2329.4605555555563,-492.566796318814,10967.260293725016,185.0,5,21.0,True,0,7875.655,48.0
2336.4191749350684,-459.0,11031.0,181.5499968,5,16.16999552,True,0,7875.793,48.0
2339.363514244147,-445.0,11057.0,180.0500032,5,14.07000448,True,0,7875.853,48.0
2339.4605555555563,-444.5357437142168,11057.859690657458,180.0,5,14.0,True,0,7875.855,48.0
2350.6605555555566,-389.225791679232,11159.409439452684,168.0,5,2.0,True,0,7876.095,48.0
2353.2850617781687,-376.0,11183.0,166.187496,5,1.6374992000000002,True,0,7876.153,48.0
2362.945648353513,-326.0,11268.0,159.312504,5,0.2625008,True,0,7876.373,48.0
2364.705000000001,-316.28180433778425,11283.322772545698,158.0,4,0.0,True,0,7876.415,48.0
2369.4854342609283,-289.0,11325.0,152.08151230966524,4,0.7398109612918448,True,0,7876.533,48.0
2376.4752542713186,-249.0,11386.0,143.05328811470082,4,1.8683389856623978,True,0,7876.713,48.0
2377.2877777777785,-244.23237270877365,11392.946114439072,142.0,4,2.0,True,0,7876.734,48.0
2382.659157317106,-213.0,11437.0,140.2624992,4,10.108337066666667,True,0,7876.873,48.0
2386.554444444445,-193.67637517931115,11464.444235233279,139.0,4,16.0,False,0,7876.974,48.0
2394.276666666667,-156.2301027892259,11516.834755329419,139.0,3,32.0,False,0,7877.174,48.0
2398.1593631174137,-121.0,11562.0,140.41428662857143,3,38.71786148571429,False,0,7877.273,48.0
2404.5482926104055,-47.0,11654.0,142.7000009142857,3,49.57500434285714,False,0,7877.433,48.0
2405.3988888888894,-40.24522465969132,11662.30318506157,143.0,3,51.0,False,0,7877.454,48.0
2416.096669457587,-10.0,11697.0,147.8562512,3,55.046876,False,0,7877.713,48.0
2418.643333333334,1.7082313005739227,11710.036673846307,149.0,3,56.0,False,0,7877.774,48.0
2425.3544444444447,48.347757907387354,11762.26607457003,151.0,3,55.0,False,0,7877.934,48.0
2428.7059616396627,73.0,11789.0,152.18499712,3,55.78999808,False,0,7878.013,48.0
2433.9100000000003,110.02392467468175,11827.61268999905,154.0,4,57.0,False,0,7878.134,48.0
2438.250226799796,139.0,11857.0,156.12142994285713,4,58.060714971428574,False,0,7878.233,48.0
2446.3544444444447,193.26704455028164,11910.594270601187,160.0,4,60.0,False,0,7878.414,48.0
2447.215216765013,201.0,11918.0,160.28500096,4,60.0,False,0,7878.433,48.0
2456.3886638407994,300.0,12011.0,163.28500096,4,60.0,False,0,7878.633,48.0
2464.798888888889,346.0273791276946,12052.841701879706,166.0,4,60.0,False,0,7878.814,48.0
2471.341016735243,376.0,12078.0,167.75,4,60.583333333333336,False,0,7878.954,48.0
2476.065555555556,408.3184164929158,12104.705067957162,169.0,4,61.0,False,0,7879.054,48.0
2484.6778658429157,479.0,12162.0,172.1850552449948,4,61.0,False,0,7879.233,48.0
2489.6472222222224,518.2202103971442,12192.687758305283,174.0,4,61.0,False,0,7879.335,48.0
2494.4512500038218,556.0,12221.0,175.2250016,4,61.0,False,0,7879.433,48.0
2502.367474464738,620.0,12266.0,177.2250016,4,61.0,False,0,7879.593,48.0
2505.4694444444444,645.3270221241921,12283.5347839959,178.0,5,61.0,False,0,7879.655,48.0
2510.413702081916,686.0,12311.0,179.7500022857143,5,61.0,False,0,7879.753,48.0
2519.702777777778,764.0899240224314,12358.817469144182,183.0,5,61.0,False,0,7879.935,48.0
2524.7404006533916,807.0,12383.0,183.9187512,5,60.3874992,False,0,7880.033,48.0
2536.2361111111113,906.5554907406294,12434.556532307877,186.0,5,59.0,False,0,7880.255,48.0
2540.2999500422766,945.0,12453.0,186.9749984,5,57.0500032,False,0,7880.333,48.0
2544.5916666666667,988.2244395295024,12473.021046372842,188.0,5,55.0,False,0,7880.415,48.0
2550.8122513678863,1051.0,12501.0,189.4749984,5,57.2124976,False,0,7880.533,48.0
2553.036111111111,1071.8255523517805,12509.982382190927,190.0,5,58.0,False,0,7880.575,48.0
2565.836111111111,1180.8961944875211,12553.451143808987,192.0,5,60.0,False,0,7880.815,48.0
2567.881846747621,1199.0,12560.0,192.56999808,5,60.37999872,False,0,7880.853,48.0
2574.380281092814,1260.0,12581.0,194.36999808,5,61.57999872,False,0,7880.973,48.0
2576.6694444444447,1283.6330774713238,12588.857725857484,195.0,5,62.0,False,0,7881.015,48.0
2587.6694444444443,1411.18115872583,12629.665042052704,198.0,5,62.0,False,0,7881.215,48.0
2594.2182718938393,1479.0,12650.0,198.98333226666668,5,62.32777742222222,False,0,7881.333,48.0
2607.769444444444,1584.521829816794,12677.54308610083,201.0,5,63.0,False,0,7881.575,48.0
2612.169154589806,1620.0,12686.0,201.9749984,5,63.32499946666667,False,0,7881.653,48.0
2621.369444444444,1705.5382322195153,12705.955735993228,204.0,5,64.0,False,0,7881.815,48.0
2625.839066194673,1752.0,12716.0,204.9749984,5,65.218748,False,0,7881.893,48.0
2639.858333333333,1910.173289962977,12746.04877027861,208.0,6,69.0,False,0,7882.135,48.0
2642.0767569196323,1933.0,12750.0,208.37999872,6,69.09499968,False,0,7882.173,48.0
2657.37022488586,2070.0,12771.0,210.98000128,6,69.74500032,False,0,7882.433,48.0
2663.413888888889,2127.556809363508,12778.725381098804,212.0,6,70.0,False,0,7882.535,48.0
2674.019400262395,2234.0,12792.0,214.2250016,6,70.0,False,0,7882.713,48.0
2677.7472222222223,2270.9728063938273,12796.359582618843,215.0,6,70.0,False,0,7882.775,48.0
2687.346265108133,2365.0,12807.0,217.25714102857143,6,70.56428525714286,False,0,7882.933,48.0
2694.7805555555556,2437.946061802316,12815.045133027541,219.0,6,71.0,False,0,7883.055,48.0
2699.516104278884,2485.0,12820.0,219.0,6,71.9749984,False,0,7883.133,48.0
2704.5138888888887,2534.9605415778155,12824.976969582596,219.0,6,73.0,False,0,7883.215,48.0
2710.561005499454,2595.0,12831.0,220.6378848556417,6,72.72701919072638,False,0,7883.313,48.0
2724.3656198467907,2730.0,12846.0,224.31476014444388,6,72.11420664259269,False,0,7883.533,48.0
2726.9513888888887,2755.4401954823247,12848.685571438265,225.0,6,72.0,False,0,7883.574,48.0
2740.809335132803,2891.0,12862.0,226.82500053333334,6,72.60833351111111,False,0,7883.793,48.0
2749.751388888889,2976.410191962535,12870.252777815163,228.0,6,73.0,False,0,7883.934,48.0
2752.225292282904,3004.0,12873.0,228.19499904,6,72.61000192,False,0,7883.973,48.0
2762.4736111111115,3139.284294040286,12886.900603202206,229.0,6,71.0,False,0,7884.134,48.0
2764.97938945404,3169.0,12890.0,229.6499968,6,71.1624992,False,0,7884.173,48.0
2778.006944444445,3277.9149977185225,12901.5819736187,233.0,6,72.0,False,0,7884.374,48.0
2785.731029077209,3336.0,12908.0,233.49583253333333,6,72.0,False,0,7884.493,48.0
2793.6069444444443,3405.537234363821,12915.820016581214,234.0,6,72.0,False,0,7884.614,48.0
2800.085287822446,3479.0,12924.0,234.99000064,6,71.50499968,False,0,7884.713,48.0
2806.7180555555556,3576.0985167668687,12934.629554552086,236.0,6,71.0,False,0,7884.814,48.0
2817.185519279146,3727.0,12951.0,236.9937488,6,70.0062512,False,0,7884.973,48.0
2817.251388888889,3727.691736366107,12951.074945241953,237.0,6,70.0,False,0,7884.974,48.0
2833.051388888889,3817.847856861708,12960.943065634468,237.0,6,55.0,False,0,7885.214,48.0
2836.997765764989,3844.0,12964.0,236.85,6,52.15,False,0,7885.274,48.0
2859.273611111111,4092.0,12994.0,236.0,6,36.0,False,0,7885.614,48.0
2879.960277777778,4278.532746342535,13018.251680129077,232.0,6,28.0,True,0,7885.935,48.0
2884.908284994142,4323.0,13024.0,229.562504,6,22.6375088,True,0,7886.013,48.0
2890.0491666666667,4371.967618045253,13030.227562226468,227.0,6,17.0,True,0,7886.095,48.0
2897.2909097330703,4448.0,13040.0,223.20714697142859,6,11.94286262857143,True,0,7886.213,48.0
2907.0047222222224,4565.584429193511,13055.94023461614,218.0,6,5.0,True,0,7886.375,48.0
2911.625618091493,4618.0,13063.0,215.72500373333332,6,3.3750026666666666,True,0,7886.4529999999995,48.0
2921.071388888889,4705.54293601647,13074.216276648323,211.0,6,0.0,True,0,7886.615,48.0
2931.1275858501235,4792.0,13084.0,203.87999488,6,2.67000192,True,0,7886.793,48.0
2932.3491666666664,4803.837401630256,13085.248406380975,203.0,6,3.0,True,0,7886.815,48.0
2938.8266380410237,4870.0,13092.0,198.5750048,6,3.0,True,0,7886.933,48.0
2941.1047222222223,4893.298304980707,13094.35039412603,197.0,6,3.0,True,0,7886.975,48.0
2954.8264075379325,5032.0,13107.0,192.1624976,6,4.612500799999999,True,0,7887.233,48.0
2958.0824999999995,5065.056386740695,13109.080964909273,191.0,5,5.0,True,0,7887.295,48.0
2964.2522735537627,5127.0,13112.0,189.23000192,5,6.17999872,True,0,7887.413,48.0
2968.5269444444443,5168.224932313849,13113.364458987826,188.0,5,7.0,False,0,7887.495,48.0
2973.6286423881593,5216.0,13114.0,187.50999936,5,11.41000576,False,0,7887.593,48.0
2978.9158333333335,5264.715127009826,13113.118731810762,187.0,5,16.0,False,0,7887.695,48.0
2988.063896060008,5351.0,13107.0,185.21999872,5,23.120005120000002,False,0,7887.873,48.0
2989.1936111111113,5362.250546636964,13105.73692713151,185.0,5,24.0,False,0,7887.8949999999995,48.0
2992.173965927584,5392.0,13102.0,185.0,5,25.9333376,False,0,7887.9529999999995,48.0
3001.5269444444443,5477.314749350377,13088.499878698776,185.0,5,32.0,False,0,7888.135,48.0
3007.5652761325146,5543.0,13073.0,184.5785718857143,5,36.214281142857146,False,0,7888.253,48.0
3015.8380555555555,5660.575318849778,13038.69680341025,184.0,5,42.0,False,0,7888.415,48.0
3020.847097683845,5719.0,13020.0,184.0,5,42.6125008,False,0,7888.513,48.0
3024.015833333333,5743.401890509933,13011.511688411007,184.0,5,43.0,False,0,7888.575,48.0
3033.1115950012463,5785.0,12993.0,184.0,5,47.4500032,False,0,7888.753,48.0
3034.238055555555,5791.662099912095,12989.834469951678,184.0,5,48.0,False,0,7888.775,48.0
3044.515833333333,5874.618895615695,12949.299170556986,185.0,5,50.0,False,0,7888.975,48.0
3050.6163487742365,5939.0,12912.0,185.65555484444445,5,51.966664533333336,False,0,7889.093,48.0
3061.0206184865833,6060.0,12831.0,186.76666595555557,5,55.299997866666665,False,0,7889.293,48.0
3063.2158333333327,6080.285758023328,12816.505855853793,187.0,5,56.0,False,0,7889.335,48.0
3082.0882520371215,6189.0,12724.0,189.68499904,5,59.57999872,False,0,7889.693,48.0
3084.3269444444436,6203.431942486861,12710.15216753371,190.0,5,60.0,False,0,7889.735,48.0
3092.904722222222,6264.244388355284,12649.23996547159,193.0,5,60.0,False,0,7889.8949999999995,48.0
3094.9509733068912,6278.0,12634.0,193.27240045364292,5,60.13620022682145,False,0,7889.933,48.0
3100.3509198851316,6312.0,12593.0,193.9892480024664,5,60.494624001233205,False,0,7890.033,48.0
3108.017222222222,6357.063027053114,12531.705891879943,195.0,5,61.0,False,0,7890.174,48.0
3111.247287510914,6375.0,12505.0,195.88500096,5,61.0,False,0,7890.233,48.0
3119.017222222222,6415.604125140559,12438.993090691318,198.0,5,61.0,False,0,7890.374,48.0
3123.399367051342,6437.0,12401.0,198.65833173333334,5,61.658331733333334,False,0,7890.4529999999995,48.0
3135.695413764292,6492.0,12292.0,200.4916672,5,63.4916672,False,0,7890.673,48.0
3139.1172222222217,6506.4399358571645,12260.740650178714,201.0,5,64.0,False,0,7890.734,48.0
3148.0554462784444,6542.0,12179.0,201.9937488,5,67.9749952,False,0,7890.893,48.0
3157.1048366947107,6575.0,12095.0,202.9937488,5,71.9749952,False,0,7891.053,48.0
3157.161666666666,6575.228139092309,12094.369097447518,203.0,5,72.0,False,0,7891.054,48.0
3168.6061111111107,6628.052724337363,11936.321243324546,206.0,5,75.0,False,0,7891.254,48.0
3174.357487220078,6651.0,11864.0,207.76785828571428,5,76.06071497142857,False,0,7891.353,48.0
3185.017222222222,6677.887598073218,11775.025312411497,211.0,5,78.0,False,0,7891.534,48.0
3201.7564947545293,6705.0,11671.0,215.98213942857143,5,78.0,False,0,7891.813,48.0
3201.817222222222,6705.136170584205,11670.474044495251,216.0,5,78.0,False,0,7891.814,48.0
3209.141486034623,6723.0,11601.0,217.875,5,77.25,False,0,7891.934,48.0
3220.227665859156,6749.0,11494.0,220.6875,5,76.125,False,0,7892.114,48.0
3221.461666666666,6751.813682988802,11482.06558817377,221.0,6,76.0,False,0,7892.134,48.0
3231.3499979086764,6774.0,11386.0,222.3278011824866,6,77.32780118248662,False,0,7892.294,48.0
3236.390277777777,6785.108086589474,11336.873838705857,223.0,6,78.0,False,0,7892.375,48.0
3248.8481503258554,6811.0,11217.0,225.4749984,6,74.906252,False,0,7892.573,48.0
3256.5680555555555,6825.485545900913,11141.88317161916,227.0,6,73.0,False,0,7892.695,48.0
3258.973565281812,6831.0,11111.0,227.1187496,6,70.2687592,False,0,7892.733,48.0
3274.174355521226,6876.0,10842.0,227.8687496,6,53.018759200000005,False,0,7892.973,48.0
3276.834722222222,6881.925584746365,10805.39357093579,228.0,6,50.0,False,0,7893.015,48.0
3297.0125000000003,6900.736765016136,10674.077151216996,227.0,6,41.0,True,0,7893.335,48.0
3303.075653139149,6906.0,10630.0,224.89999725714284,6,38.89999725714286,True,0,7893.433,48.0
3314.0796127094973,6919.0,10520.0,221.04285988571428,6,35.042859885714286,True,0,7893.613,48.0
3314.201388888889,6919.144263519186,10518.741252668486,221.0,6,35.0,True,0,7893.615,48.0
3324.9988459667093,6931.0,10410.0,219.5166656,6,36.9777792,True,0,7893.793,48.0
3332.252416822217,6938.0,10338.0,218.5166656,6,38.311112533333336,True,0,7893.913,48.0
3336.0013888888893,6941.934627516901,10295.508030344365,218.0,6,39.0,False,0,7893.975,48.0
3348.1125000000006,6955.894476909146,10136.878576729956,218.0,6,53.0,False,0,7894.175,48.0
3354.0784497300233,6961.0,10072.0,218.56538535384615,6,55.63846498461538,False,0,7894.273,48.0
3373.7244821395843,6969.0,9926.0,220.4115392,6,64.2538496,False,0,7894.593,48.0
3380.0347222222226,6972.227490186841,9864.83270784169,221.0,6,67.0,False,0,7894.695,48.0
3383.6329263486205,6974.0,9828.0,221.62142994285713,6,67.0,False,0,7894.753,48.0
3397.456944444445,6978.521650668113,9689.619379498054,224.0,6,67.0,False,0,7894.975,48.0
3399.8269851850728,6979.0,9667.0,224.13571382857143,6,66.72857234285715,False,0,7895.013,48.0
3412.322978384945,6981.0,9542.0,224.84999954285715,6,65.30000091428572,False,0,7895.213,48.0
3414.956944444445,6981.753215974311,9506.944887379617,225.0,6,65.0,False,0,7895.255,48.0
3426.1659289754502,6986.0,9341.0,226.4833344,6,65.0,False,0,7895.433,48.0
3430.0902777777783,6987.2816648879525,9295.82237459276,227.0,6,65.0,False,0,7895.495,48.0
3442.812500000001,6990.392764522037,9205.333977459859,229.0,6,64.0,False,0,7895.695,48.0
3455.408148042071,6995.0,9113.0,229.0,6,59.0500032,False,0,7895.893,48.0
3455.5347222222235,6995.063111004178,9111.806471573535,229.0,6,59.0,False,0,7895.8949999999995,48.0
3459.197274162593,6997.0,9076.0,228.12999808,6,53.48998784,False,0,7895.9529999999995,48.0
3468.090277777779,7001.8289655785275,9001.242133380289,226.0,6,40.0,True,0,7896.095,48.0
3475.383467381528,7007.0,8940.0,223.64000256,6,39.41000064,True,0,7896.213,48.0
3480.4236111111118,7011.736522237039,8890.839207488696,222.0,6,39.0,True,0,7896.295,48.0
3485.210503430998,7017.0,8842.0,221.44285805714287,6,35.65714834285714,True,0,7896.373,48.0
3497.534722222223,7033.56686774222,8718.760277583733,220.0,6,27.0,True,0,7896.575,48.0
3504.6406483937653,7045.0,8648.0,218.5203780774163,6,28.109716441937767,True,0,7896.693,48.0
3516.614635309812,7067.0,8529.0,216.0125415899603,6,29.99059380752977,True,0,7896.893,48.0
3516.6747222222234,7067.1171518754045,8528.40718681028,216.0,6,30.0,False,0,7896.894,48.0
3528.6682041908125,7092.0,8411.0,216.82916586666667,6,46.58331733333333,False,0,7897.093,48.0
3531.1413888888897,7097.653993241541,8387.017739084718,217.0,6,50.0,False,0,7897.134,48.0
3539.521227787943,7118.0,8306.0,217.0,6,54.17000192,False,0,7897.273,48.0
3543.1969444444453,7127.240205232687,8270.310045436127,217.0,6,56.0,False,0,7897.334,48.0
3551.569594469803,7149.0,8189.0,217.0,6,56.4964288,False,0,7897.473,48.0
3560.074722222223,7172.281304429644,8107.504348813954,217.0,6,57.0,False,0,7897.614,48.0
3564.852665298057,7186.0,8062.0,217.2468744,6,57.0,False,0,7897.693,48.0
3575.7608230991054,7219.0,7959.0,217.8093752,6,57.0,False,0,7897.873,48.0
3579.4525000000012,7230.370232577379,7925.246853195082,218.0,6,57.0,False,0,7897.934,48.0
3586.6382331652217,7255.0,7856.0,217.2562512,6,46.5875168,False,0,7898.053,48.0
3589.0969444444454,7265.326060288398,7828.537155728081,217.0,6,43.0,True,0,7898.094,48.0
3600.930277777779,7327.311219343263,7671.992102269078,213.0,6,16.0,True,0,7898.294,48.0
3606.7182326232323,7356.0,7600.0,211.58571337142857,6,16.707143314285716,True,0,7898.393,48.0
3617.1858333333344,7398.00347285329,7492.713946533493,209.0,6,18.0,True,0,7898.574,48.0
3626.30180476531,7427.0,7417.0,206.1530242626105,6,8.320282492875728,True,0,7898.734,48.0
3633.109166666667,7445.594740332899,7367.718163622648,204.0,6,1.0,True,0,7898.855,48.0
3648.5869444444447,7480.435442933006,7264.495343838875,199.0,5,16.0,False,0,7899.135,48.0
3652.84191161516,7490.0,7228.0,198.0250016,5,18.437496,False,0,7899.213,48.0
3663.6595955698735,7514.0,7124.0,195.5250016,5,24.687496,False,0,7899.413,48.0
3665.9202777777787,7518.266857386382,7106.257397717847,195.0,5,26.0,False,0,7899.455,48.0
3680.931388888889,7535.784184003239,6990.794379794609,193.0,5,38.0,False,0,7899.735,48.0
3681.896720924629,7536.0,6977.0,193.0,5,38.4500032,False,0,7899.753,48.0
3689.5091666666676,7533.955723210891,6839.888588997568,193.0,5,42.0,False,0,7899.8949999999995,48.0
3691.5385363574305,7533.0,6807.0,192.81000064,5,43.13999616,False,0,7899.933,48.0
3700.1758333333346,7528.904052686012,6717.59033023582,192.0,5,48.0,False,0,7900.095,48.0
3715.2647222222226,7512.701444333987,6645.591082321906,194.0,5,53.0,False,0,7900.375,48.0
3717.3182970299004,7508.0,6624.0,194.1187496,5,53.0,False,0,7900.413,48.0
3730.312389984928,7470.0,6444.0,194.8687496,5,53.0,False,0,7900.653,48.0
3732.5980555555566,7464.9401325914205,6420.77329792601,195.0,5,53.0,False,0,7900.695,48.0
3747.810700167922,7442.0,6327.0,196.98571337142857,5,53.99285668571429,False,0,7900.973,48.0
3747.9202777777787,7441.785124213979,6326.154697425243,197.0,5,54.0,False,0,7900.975,48.0
3760.9444282965846,7410.0,6200.0,197.0,5,43.09167253333334,False,0,7901.213,48.0
3761.053611111112,7409.728403398173,6198.902774543765,197.0,5,43.0,False,0,7901.215,48.0
3769.7647222222226,7389.010453260737,6113.505089015484,196.0,5,27.0,True,0,7901.375,48.0
3772.9064041749425,7382.0,6083.0,195.2749984,5,18.2999808,True,0,7901.433,48.0
3778.3869444444454,7370.318550608849,6029.39783974446,194.0,5,3.0,True,0,7901.535,48.0
3781.4599098519284,7364.0,5999.0,192.7312472,5,2.8187496,True,0,7901.593,48.0
3790.808213941555,7346.0,5906.0,188.7937528,5,2.2562504,True,0,7901.773,48.0
3795.009166666667,7339.034976769946,5865.630434637782,187.0,5,2.0,True,0,7901.855,48.0
3804.0210399113917,7327.0,5775.0,182.5499968,5,2.0,True,0,7902.033,48.0
3805.1202777777785,7325.831899147275,5762.3157299126,182.0,5,2.0,True,0,7902.055,48.0
3816.822590750677,7318.0,5618.0,177.04166933333335,5,1.0083338666666668,True,0,7902.293,48.0
3816.920277777778,7317.975490701116,5616.964825809205,177.0,5,1.0,True,0,7902.295,48.0
3826.6425000000004,7319.1474465627325,5535.639871799319,175.0,5,4.0,False,0,7902.495,48.0
3834.1776718708234,7326.0,5476.0,173.0250016,5,12.3937432,False,0,7902.653,48.0
3841.8425000000007,7339.072432781897,5400.875159412016,171.0,5,21.0,False,0,7902.815,48.0
3843.6448362740034,7343.0,5383.0,171.0,5,22.70999424,False,0,7902.853,48.0
3851.3425,7363.370701440841,5309.123155369564,171.0,5,30.0,False,0,7903.015,48.0
3852.198316506476,7366.0,5301.0,171.0,5,30.600004266666666,False,0,7903.033,48.0
3860.7530869906805,7396.0,5220.0,171.0,5,36.59999573333333,False,0,7903.213,48.0
3862.7425000000007,7403.750314898705,5201.220706889758,171.0,5,38.0,False,0,7903.255,48.0
3868.3127835484584,7427.0,5149.0,170.5785718857143,5,39.685712457142856,False,0,7903.373,48.0
3875.964722222223,7462.844170778749,5079.6615477188725,170.0,5,42.0,False,0,7903.535,48.0
3879.6775182174642,7481.0,5047.0,170.53302866033295,5,43.066057320665905,False,0,7903.613,48.0
3892.176707257525,7544.0,4939.0,172.30979552659016,5,46.61959105318035,False,0,7903.873,48.0
3897.0611111111116,7570.09195498947,4895.106852409037,173.0,5,48.0,False,0,7903.974,48.0
3906.6962482854706,7619.0,4813.0,173.82916586666667,5,8.200038400000004,False,0,7904.173,48.0
3908.661111111112,7627.304376021357,4798.967178850678,174.0,5,0.0,False,0,7904.214,48.0
3914.3029697122474,7652.0,4755.0,172.21500288,5,0.0,False,0,7904.333,48.0
3924.524581304134,7718.0,4621.0,168.91499904,5,0.0,False,0,7904.553,48.0
3927.327777777778,7729.572119796201,4595.349111173823,168.0,5,0.0,True,0,7904.614,48.0
3934.616666666667,7741.550511106741,4561.095948072228,164.0,5,0.0,True,0,7904.774,48.0
3939.065148933336,7749.0,4536.0,163.00999936,5,0.0,True,0,7904.873,48.0
3947.9712963683123,7772.0,4451.0,161.0,5,0.0,True,0,7905.074,48.0
3952.3944444444446,7780.423447818042,4389.0616305007825,160.0,4,0.0,False,0,7905.174,48.0
3959.461111111111,7787.604490053952,4286.45415898896,159.0,4,5.0,False,0,7905.334,48.0
3960.336927802009,7788.0,4277.0,158.7864768196958,4,6.423487868694746,False,0,7905.354,48.0
3971.637777777778,7783.727886192625,4210.334554082618,156.0,4,25.0,False,0,7905.615,48.0
3973.285957900329,7782.0,4200.0,156.1055552,4,27.0055488,False,0,7905.653,48.0
3987.2502576008674,7754.0,4063.0,156.99444408888888,4,43.894437688888885,False,0,7905.973,48.0
3987.337777777778,7753.693766830735,4061.9468570454437,157.0,4,44.0,False,0,7905.975,48.0
3997.871111111111,7707.474946082406,3931.1824867073738,158.0,4,52.0,False,0,7906.215,48.0
3999.5517669051733,7701.0,3915.0,158.37999872,4,52.0,False,0,7906.253,48.0
4006.76,7679.932065329906,3868.0172863866646,160.0,4,52.0,False,0,7906.415,48.0
4012.0445182522517,7662.0,3835.0,160.98333226666668,4,54.45833066666667,False,0,7906.533,48.0
4017.56,7635.182901836601,3788.186299719987,162.0,4,57.0,False,0,7906.655,48.0
4019.293590833659,7626.0,3773.0,162.593748,4,57.4749984,False,0,7906.693,48.0
4032.404444444445,7552.066064757333,3667.293146047212,167.0,4,61.0,False,0,7906.975,48.0
4036.11559212008,7529.0,3640.0,167.79772596363637,4,56.479552872727275,False,0,7907.053,48.0
4074.36745139802,7235.0,3411.0,175.7750013090909,4,11.274992581818182,False,0,7907.833,48.0
4075.4266666666667,7225.651311050868,3405.741291902567,176.0,4,10.0,True,0,7907.855,48.0
4083.071111111111,7156.574090589261,3369.328096929412,172.0,4,7.0,True,0,7908.015,48.0
4086.7707735681984,7123.0,3352.0,171.5125008,4,13.8249888,True,0,7908.093,48.0
4095.260779961915,7047.0,3312.0,170.3874992,4,29.5750112,True,0,7908.273,48.0
4098.182222222223,7021.553937605753,3298.074818617739,170.0,4,35.0,False,0,7908.335,48.0
4104.6879476444055,6966.0,3266.0,170.0,4,43.28000768,False,0,7908.473,48.0
4107.626666666667,6941.239783339515,3250.5731382370986,170.0,4,47.0,False,0,7908.535,48.0
4112.302601723358,6903.0,3225.0,171.2250016,4,46.3874992,False,0,7908.633,48.0
4115.271111111111,6879.976274450573,3208.207889620855,172.0,4,46.0,False,0,7908.695,48.0
4120.928720722046,6836.0,3173.0,172.4214281142857,4,46.0,False,0,7908.813,48.0
4128.7266666666665,6766.276210281134,3111.2412571253712,173.0,5,46.0,False,0,7908.975,48.0
4137.362217103372,6687.0,3035.0,174.4833344,5,55.641673600000004,False,0,7909.153,48.0
4140.3933333333325,6661.491073358628,3009.0307006819894,175.0,5,59.0,False,0,7909.215,48.0
4158.193333333333,6541.400329258196,2877.802114968689,178.0,5,46.0,False,0,7909.575,48.0
4160.07262757334,6533.0,2869.0,178.0,5,46.9499968,False,0,7909.613,48.0
4166.104444444443,6512.223285973337,2848.6655978291465,178.0,5,50.0,False,0,7909.735,48.0
4178.037777777777,6448.605629656357,2769.798572208827,179.0,5,51.0,False,0,7909.975,48.0
4178.938082070844,6438.0,2755.0,179.1125008,5,50.2687448,False,0,7909.993,48.0
4181.944970834673,6399.0,2700.0,179.4874992,5,47.8312552,False,0,7910.053,48.0
4193.01948216776,6328.0,2599.0,180.8625008,5,38.8937448,False,0,7910.273,48.0
4194.126666666665,6321.472234501171,2588.979063375412,181.0,5,38.0,False,0,7910.295,48.0
4204.1319444444425,6248.138876521124,2470.5578405348583,181.0,5,34.0,False,0,7910.494,48.0
4210.108243653376,6212.0,2410.0,181.0,5,40.37498971428572,False,0,7910.613,48.0
4218.20972222222,6185.80354603982,2363.373496767214,181.0,5,49.0,False,0,7910.774,48.0
4224.228146929896,6168.0,2330.0,181.7437488,5,32.6375264,False,0,7910.893,48.0
4226.2986111111095,6159.827708706915,2314.862329715249,182.0,5,27.0,False,0,7910.934,48.0
4236.298611111109,6110.466354774894,2223.4544584028667,180.0,5,8.0,True,0,7911.134,48.0
4237.2305778188465,6106.0,2215.0,179.5249984,5,7.5249984,True,0,7911.153,48.0
4246.883105723839,6061.0,2127.0,174.5249984,5,2.5249984000000003,True,0,7911.353,48.0
4247.898611111109,6055.51236524754,2116.0131155170075,174.0,5,2.0,True,0,7911.374,48.0
4255.6319444444425,6007.397629333829,2018.653217616813,174.0,5,0.0,True,0,7911.534,48.0
4260.29747779423,5981.0,1965.0,169.625,5,0.0,True,0,7911.634,48.0
4263.054166666665,5968.4894553111435,1939.5738098340212,167.0,5,0.0,True,0,7911.6939999999995,48.0
4272.165277777776,5942.110446380699,1885.9477399968932,164.0,4,14.0,False,0,7911.894,48.0
4277.637689892961,5924.0,1849.0,164.37383185023438,4,27.084114758203565,False,0,7912.014,48.0
4286.785041047288,5884.0,1767.0,164.99376907040877,4,48.78191746430753,False,0,7912.213,48.0
4286.877777777776,5883.608917548636,1766.1909652449672,165.0,4,49.0,False,0,7912.215,48.0
4294.344444444442,5854.155079793937,1704.6863434181162,168.0,4,51.0,False,0,7912.375,48.0
4298.010790686549,5836.0,1667.0,168.4874992,4,51.0,False,0,7912.4529999999995,48.0
4309.360849214279,5766.0,1523.0,169.9874992,4,51.0,False,0,7912.693,48.0
4309.4555555555535,5765.611547523492,1522.1936902213583,170.0,4,51.0,False,0,7912.695,48.0
4318.9555555555535,5744.400495970581,1477.0660713963925,171.0,4,53.0,False,0,7912.8949999999995,48.0
4319.818772545048,5742.0,1472.0,171.20000142222221,4,53.0,False,0,7912.913,48.0
4331.4766910326,5692.0,1368.0,173.8666680888889,4,53.0,False,0,7913.153,48.0
4336.4555555555535,5671.444834443776,1325.261773144111,175.0,4,53.0,False,0,7913.255,48.0
4346.233333333332,5629.771471639235,1238.0465816680194,176.0,4,54.0,False,0,7913.455,48.0
4347.121399624353,5625.0,1228.0,176.20000142222221,4,53.84999893333333,False,0,7913.473,48.0
4358.1085558702325,5561.0,1093.0,178.64444302222222,4,52.016667733333335,False,0,7913.693,48.0
4364.233333333332,5541.043314385879,1051.519920868461,180.0,5,51.0,False,0,7913.815,48.0
4374.2888888888865,5517.786109101351,1003.9122958213496,181.0,5,50.0,False,0,7914.015,48.0
4375.202960765238,5514.0,996.0,181.3375024,5,50.1125008,False,0,7914.033,48.0
4382.466666666664,5473.283081230194,910.3278678957781,184.0,5,51.0,False,0,7914.175,48.0
4388.522899615531,5440.0,840.0,184.49166613333333,5,48.54166933333333,False,0,7914.293,48.0
4394.799999999997,5418.507658037657,794.4140632655358,185.0,5,46.0,False,0,7914.415,48.0
4402.959426660613,5396.0,747.0,185.78999936,5,46.78999936,False,0,7914.573,48.0
4405.1333333333305,5387.7028128201555,729.7235044751474,186.0,5,47.0,False,0,7914.615,48.0
4412.289558797832,5356.0,664.0,186.4928576,5,47.4928576,False,0,7914.753,48.0
4419.677777777775,5324.070692949699,597.8374408477553,187.0,5,48.0,False,0,7914.8949999999995,48.0
4428.974717471413,5284.0,515.0,187.7416672,5,48.0,False,0,7915.073,48.0
4432.211111111108,5269.360587887993,484.84723510947487,188.0,5,48.0,False,0,7915.135,48.0
4440.566666666663,5229.913535561577,403.7435790663628,188.0,5,48.0,False,0,7915.295,48.0
4443.62557616731,5215.0,373.0,188.604168,5,48.7250016,False,0,7915.353,48.0
4466.192303163046,5100.0,135.0,192.97916533333333,5,53.9749984,False,0,7915.773,48.0
4466.2999999999965,5099.451686599818,133.87017711965046,193.0,5,54.0,False,0,7915.775,48.0
4482.331630103766,5025.0,-19.0,193.74500032,5,53.25499968,False,0,7916.073,48.0
4487.855555555552,5008.845124874126,-52.28955538200185,194.0,5,53.0,False,0,7916.175,48.0
4504.157584219122,4959.0,-156.0,196.7937512,5,53.9312504,False,0,7916.473,48.0
4505.366666666663,4951.6288927346495,-171.32528287214603,197.0,5,54.0,False,0,7916.495,48.0
4515.167882856268,4883.0,-314.0,197.7416672,5,54.3708336,False,0,7916.673,48.0
4531.899999999997,4835.8085990153195,-412.57331254170606,199.0,5,55.0,False,0,7916.975,48.0
4535.133961179516,4826.0,-433.0,199.58291567182613,5,54.70854216408694,False,0,7917.033,48.0
4543.01083333333,4793.0919210860575,-501.3412693344182,201.0,5,54.0,False,0,7917.174,48.0
4547.419911010712,4773.0,-543.0,201.0,5,54.0,False,0,7917.253,48.0
4554.177499999997,4743.658815430008,-603.7561643222401,201.0,5,54.0,False,0,7917.374,48.0
4563.094917354431,4705.0,-684.0,201.79499904,5,53.20500096,False,0,7917.533,48.0
4565.39972222222,4694.383964238454,-706.1480059806242,202.0,5,53.0,False,0,7917.574,48.0
4577.740594948241,4636.0,-827.0,202.6843752,5,53.0,False,0,7917.793,48.0
4579.9987543002235,4626.0,-847.0,202.8093752,5,53.0,False,0,7917.833,48.0
4583.4441666666635,4610.830067582826,-877.7756694558127,203.0,5,53.0,False,0,7917.894,48.0
4595.834316193021,4557.0,-990.0,203.6843752,5,54.3687504,False,0,7918.113,48.0
4601.577499999998,4532.86303750527,-1039.5650116389895,204.0,5,55.0,False,0,7918.214,48.0
4613.0194996188775,4482.0,-1143.0,205.42857142857142,5,55.714285714285715,False,0,7918.414,48.0
4617.5997222222195,4457.961320331452,-1192.2141287203806,206.0,5,56.0,False,0,7918.494,48.0
4624.462426553661,4422.0,-1266.0,206.0,5,56.745341911191815,False,0,7918.614,48.0
4626.812499999997,4411.32205814961,-1287.8912607215998,206.0,5,57.0,False,0,7918.655,48.0
4642.864104284739,4351.0,-1411.0,207.7374992,5,60.4749984,False,0,7918.933,48.0
4645.301388888886,4340.690883994133,-1431.8919752366542,208.0,5,61.0,False,0,7918.975,48.0
4652.162115487128,4310.0,-1494.0,208.84285622857143,5,60.15714377142857,False,0,7919.093,48.0
4661.517193069822,4269.0,-1577.0,209.98571337142857,5,59.014286628571426,False,0,7919.253,48.0
4661.634722222219,4268.4854724332345,-1578.0368571892423,210.0,5,59.0,False,0,7919.255,48.0
4676.895754310131,4201.0,-1713.0,212.76428708571427,5,62.68571611428571,False,0,7919.513,48.0
4678.201388888886,4195.153953423244,-1724.6693902402467,213.0,6,63.0,False,0,7919.535,48.0
4687.586373896901,4153.0,-1809.0,213.56428525714287,6,61.87142948571429,False,0,7919.693,48.0
4694.84583333333,4120.845794537327,-1873.921655120982,214.0,6,61.0,False,0,7919.815,48.0
4704.272229403022,4079.0,-1958.0,214.78999936,6,61.0,False,0,7919.973,48.0
4706.790277777774,4067.639128490323,-1980.4516059330133,215.0,6,61.0,False,0,7920.015,48.0
4715.11185395948,4030.0,-2054.0,216.15000106666668,6,61.0,False,0,7920.153,48.0
4728.590277777774,3969.3202857895317,-2171.676308199433,218.0,6,61.0,False,0,7920.375,48.0
4729.68337204338,3964.0,-2182.0,218.07500053333334,6,61.525003733333335,False,0,7920.393,48.0
4743.190277777774,3893.6071663960083,-2318.8097283928582,219.0,6,68.0,False,0,7920.615,48.0
4746.743365443484,3877.0,-2351.0,219.62142994285713,6,68.0,False,0,7920.673,48.0
4760.4569444444405,3825.882426933888,-2449.463734210006,222.0,6,68.0,False,0,7920.8949999999995,48.0
4765.319691159109,3809.0,-2482.0,222.77999872,6,68.0,False,0,7920.973,48.0
4785.442048301072,3715.0,-2661.0,225.97999872,6,68.0,False,0,7921.293,48.0
4785.568055555551,3714.0222387601966,-2662.8153370143573,226.0,6,68.0,False,0,7921.295,48.0
4796.785374473324,3619.0,-2838.0,226.5562504,6,68.0,False,0,7921.473,48.0
4805.745833333329,3591.3519820639767,-2889.121153801713,227.0,6,68.0,False,0,7921.615,48.0
4814.469374408405,3577.0,-2915.0,227.57500053333334,6,68.57500053333334,False,0,7921.753,48.0
4820.945833333329,3549.8711631906203,-2963.397269237774,228.0,6,69.0,False,0,7921.855,48.0
4829.766763830736,3502.0,-3048.0,229.15000106666668,6,69.0,False,0,7921.993,48.0
4841.342725876397,3444.0,-3148.0,230.64999893333334,6,69.0,False,0,7922.173,48.0
4844.045833333329,3430.4434344490874,-3171.0600430305976,231.0,6,69.0,False,0,7922.215,48.0
4855.502630673625,3372.0,-3269.0,231.0,6,63.278567314285716,False,0,7922.393,48.0
4862.012499999996,3337.994857936471,-3324.4237039187624,231.0,6,60.0,True,0,7922.495,48.0
4874.568055555552,3269.4007307246475,-3430.671795250116,226.0,6,10.0,True,0,7922.695,48.0
4875.681977469124,3263.0,-3440.0,225.47499626666666,6,9.3249952,True,0,7922.713,48.0
4885.454901877501,3205.0,-3521.0,220.8083296,6,3.3249952,True,0,7922.873,48.0
4889.168055555551,3182.811877521005,-3551.2764547929532,219.0,6,1.0,True,0,7922.935,48.0
4892.601374317326,3162.0,-3579.0,216.8249952,6,0.8187496000000001,True,0,7922.993,48.0
4907.568055555552,3064.231385567629,-3696.700996408939,207.0,6,0.0,True,0,7923.255,48.0
4911.8180514906135,3035.0,-3729.0,202.8562568,6,0.0,True,0,7923.333,48.0
4920.248245801062,2974.0,-3792.0,194.3562568,6,0.0,True,0,7923.493,48.0
4924.4569444444405,2938.6387481962456,-3824.6036480154207,190.0,5,0.0,True,0,7923.575,48.0
4934.304894578815,2851.0,-3897.0,179.11000704,5,0.0,True,0,7923.773,48.0
4934.401388888885,2850.2320722876784,-3897.587025146182,179.0,5,0.0,True,0,7923.775,48.0
4945.412990763461,2771.0,-3951.0,168.8596562029624,5,0.0,True,0,7924.013,48.0
4952.356388888885,2710.9418108620775,-3985.5343928333696,162.0,5,0.0,True,0,7924.174,48.0
4960.395567594104,2631.0,-4026.0,150.9444551111111,5,0.0,True,0,7924.373,48.0
4966.518842294525,2572.0,-4051.0,142.0555662222222,5,0.0,True,0,7924.533,48.0
4966.556388888885,2571.696860094566,-4051.1202843901033,142.0,4,0.0,True,0,7924.534,48.0
4972.423055555551,2532.1760917853703,-4065.3688908908593,132.0,4,0.0,True,0,7924.6939999999995,48.0
4973.094929210538,2527.0,-4067.0,131.0499968,4,0.0,True,0,7924.713,48.0
4979.20083333333,2468.0,-4084.0,122.0,3,0.0,True,0,7924.894,48.0
4985.9010102641905,2398.0,-4100.0,111.03914341105046,3,0.0,True,0,7925.114,48.0
4987.63083333333,2372.016606080848,-4103.725599799842,108.0,3,0.0,True,0,7925.175,48.0
4992.882503805881,2282.0,-4113.0,100.5750048,3,0.0,True,0,7925.373,48.0
4997.964166666663,2243.279010263686,-4114.7291534971455,93.0,2,0.0,True,0,7925.575,48.0
5001.964166666663,2223.3584794353305,-4113.181077806905,90.0,2,1.0,True,0,7925.735,48.0
5002.398263900654,2220.0,-4113.0,89.48571062857143,2,1.2571446857142856,True,0,7925.753,48.0
5007.413575005685,2167.0,-4110.0,83.20000365714286,2,4.399998171428571,True,0,7925.973,48.0
5008.341944444441,2157.576707886563,-4108.919381140936,82.0,2,5.0,True,0,7926.015,48.0
5009.6164141218505,2144.0,-4107.0,80.9124976,2,5.7250016,True,0,7926.073,48.0
5011.853055555552,2112.796972990613,-4102.086693314688,79.0,2,7.0,True,0,7926.175,48.0
5016.2691462541425,2048.0,-4091.0,79.89999941818182,2,9.699998254545454,True,0,7926.373,48.0
5021.753055555551,2019.177286034389,-4084.879658847957,81.0,2,13.0,False,0,7926.615,48.0
5023.5266127021405,2009.0,-4082.0,81.35454487272727,2,14.418179490909091,False,0,7926.693,48.0
5029.957037004123,1948.0,-4064.0,82.62727214545454,2,19.509088581818183,False,0,7926.973,48.0
5031.8974999999955,1930.622601685319,-4058.3475380208433,83.0,2,21.0,False,0,7927.055,48.0
5033.772627707583,1913.0,-4052.0,84.16999808,2,23.14499648,False,0,7927.133,48.0
5041.786388888884,1818.4898822254886,-4011.127806417509,89.0,2,32.0,False,0,7927.455,48.0
5042.244803035823,1814.0,-4009.0,89.30000213333334,2,32.15000106666667,False,0,7927.473,48.0
5047.986388888884,1773.016533138214,-3987.6226555267394,93.0,2,34.0,False,0,7927.695,48.0
5053.255283903412,1741.0,-3968.0,95.4749984,2,36.4749984,False,0,7927.893,48.0
5056.608611111106,1715.6888059628743,-3952.070267516948,97.0,2,38.0,False,0,7928.015,48.0
5058.805441542905,1695.0,-3938.0,99.437496,2,39.9499968,False,0,7928.093,48.0
5061.14194444444,1668.1029978623505,-3918.5371674655034,102.0,2,42.0,False,0,7928.175,48.0
5065.100165119918,1622.0,-3884.0,103.38000128,2,47.52000512,False,0,7928.313,48.0
5066.919722222217,1607.447919456787,-3873.055798680776,104.0,2,50.0,False,0,7928.375,48.0
5077.416213181406,1553.0,-3824.0,111.51111395555556,2,56.57222471111111,False,0,7928.713,48.0
5078.119722222217,1545.9473768759133,-3816.862264899144,112.0,2,57.0,False,0,7928.735,48.0
5083.319722222218,1483.232647332061,-3752.6115604536544,117.0,2,60.0,False,0,7928.8949999999995,48.0
5084.598676794064,1471.0,-3740.0,118.51999488,2,59.81000064,False,0,7928.933,48.0
5090.264166666662,1440.5447515745614,-3708.2746690727927,125.0,2,59.0,False,0,7929.095,48.0
5099.150543613253,1412.0,-3670.0,132.13999616,2,65.54499648,False,0,7929.333,48.0
5105.486388888884,1360.6419117864182,-3598.7844707149125,137.0,3,70.0,False,0,7929.495,48.0
5110.212757262039,1327.0,-3553.0,140.79285302857141,3,71.68571245714286,False,0,7929.613,48.0
5116.84194444444,1307.8351295512696,-3530.0697327733715,146.0,3,74.0,False,0,7929.775,48.0
5127.687679336338,1258.0,-3442.0,150.30000213333332,3,73.28333297777777,False,0,7930.033,48.0
5131.1004823833155,1213.0,-3359.0,151.63333546666667,3,73.06111075555556,False,0,7930.113,48.0
5132.04194444444,1202.6643455740168,-3339.939873152578,152.0,3,73.0,False,0,7930.135,48.0
5145.997499999996,1166.3628219316427,-3273.313911634985,157.0,4,76.0,False,0,7930.455,48.0
5147.7211795516405,1162.0,-3265.0,158.333328628238,4,77.33332862823802,False,0,7930.493,48.0
5159.0024796730195,1110.0,-3166.0,166.7543799090719,4,85.7543799090719,False,0,7930.733,48.0
5164.949999999995,1081.8328747655264,-3113.1796582783236,171.0,4,90.0,False,0,7930.854,48.0
5171.9978124803765,1049.0,-3054.0,176.79166933333335,4,93.4750016,False,0,7930.993,48.0
5182.443174377099,997.0,-2967.0,185.12500266666666,4,98.4750016,False,0,7931.193,48.0
5183.549999999996,991.3204956913481,-2957.7577964955017,186.0,4,99.0,False,0,7931.214,48.0
5193.116164612388,942.0,-2879.0,190.5,4,98.25,False,0,7931.394,48.0
5196.349999999995,925.9368518466008,-2853.9465436926134,192.0,4,98.0,False,0,7931.454,48.0
5206.207456808756,870.0,-2771.0,195.84341724547582,4,98.64056954091264,False,0,7931.634,48.0
5211.804999999995,822.6760837868852,-2705.2518005142524,198.0,5,99.0,False,0,7931.735,48.0
5216.204275906481,786.0,-2655.0,199.4812512,5,99.0,False,0,7931.814,48.0
5220.738333333329,755.3347199127187,-2613.1471909774837,201.0,5,99.0,False,0,7931.8949999999995,48.0
5234.338333333329,697.3955790584564,-2534.9859571195143,204.0,5,99.0,False,0,7932.135,48.0
5241.116771416067,665.0,-2491.0,205.68571245714287,5,99.0,False,0,7932.253,48.0
5250.5161111111065,609.0402928507897,-2414.480874394719,208.0,5,99.0,False,0,7932.415,48.0
5255.07732539859,583.0,-2379.0,208.9749984,5,99.0,False,0,7932.493,48.0
5266.870020374315,514.0,-2286.0,211.4749984,5,99.0,False,0,7932.693,48.0
5269.3605555555505,489.4864432993259,-2253.0047735780163,212.0,5,99.0,False,0,7932.735,48.0
5277.576024098584,401.0,-2134.0,213.2937512,5,99.0,False,0,7932.873,48.0
5288.471666666662,368.3831207035122,-2091.2215390125225,215.0,5,99.0,False,0,7933.055,48.0
5293.155862256419,357.0,-2077.0,215.64999893333334,5,99.0,False,0,7933.133,48.0
5302.938333333328,304.0325183644193,-2009.465068697184,217.0,5,99.0,False,0,7933.295,48.0
5313.815572650317,231.0,-1915.0,219.67000192,5,99.0,False,0,7933.473,48.0
5315.160555555551,223.33779831653976,-1904.93428050697,220.0,5,99.0,False,0,7933.495,48.0
5324.938333333328,170.0943319164313,-1836.456995504443,220.0,5,99.0,False,0,7933.655,48.0
5328.503437225692,139.0,-1802.0,220.4833344,5,98.6374992,False,0,7933.713,48.0
5338.414135368797,75.0,-1727.0,221.81666773333333,5,97.6374992,False,0,7933.873,48.0
5352.16983783017,471.0,-2044.0,223.64999893333334,5,96.2625008,False,0,7934.093,48.0
5354.804999999995,490.4593681145143,-2053.4003272604677,224.0,5,96.0,False,0,7934.135,48.0
5363.482501873556,410.0,-1952.0,225.15000106666668,5,97.7250016,False,0,7934.273,48.0
5369.871666666661,353.8837485270855,-1873.5041853071439,226.0,5,99.0,False,0,7934.375,48.0
5378.435401661032,299.0,-1786.0,223.69999786666668,5,44.949949866666664,False,0,7934.513,48.0
5384.671666666662,268.14598318034496,-1738.6791239980669,222.0,5,5.0,True,0,7934.615,48.0
5396.616111111106,221.15751898624194,-1670.8782740303282,215.0,5,4.0,True,0,7934.815,48.0
5398.850219592315,211.0,-1656.0,213.86000384,5,3.81000064,True,0,7934.853,48.0
5408.227222222216,161.47380508351526,-1582.224837812509,209.0,5,3.0,True,0,7935.015,48.0
5414.846207304091,120.0,-1520.0,203.1000064,5,2.41000064,True,0,7935.133,48.0
5419.282777777772,88.8662828068409,-1473.3462944317962,199.0,5,2.0,True,0,7935.215,48.0
5426.372294796822,38.0,-1397.0,191.6687432,5,1.1374992000000002,True,0,7935.353,48.0
5435.46055555555,-9.824552062911108,-1324.3120083671893,182.0,5,0.0,True,0,7935.535,48.0
5446.734717761243,-57.0,-1254.0,182.0,5,0.0,True,0,7935.753,48.0
5451.638333333327,-83.81546097031332,-1215.875719589405,182.0,4,0.0,True,0,7935.855,48.0
5456.769098060474,-116.0,-1171.0,166.07001728,4,0.0,True,0,7935.973,48.0
5460.249444444438,-137.17932169472977,-1141.8222182345335,155.0,4,0.0,True,0,7936.055,48.0
5464.525357959991,-162.0,-1108.0,155.0,4,0.0,True,0,7936.153,48.0
5471.425352705254,-203.0,-1053.0,155.0,4,0.0,True,0,7936.313,48.0
5472.304999999994,-208.4672831095211,-1045.7893203066171,155.0,4,0.0,True,0,7936.335,48.0
5480.753117727569,-265.0,-974.0,130.35001325714285,4,0.0,True,0,7936.573,48.0
5482.104999999994,-274.9395815448747,-962.1203973815705,126.0,3,0.0,True,0,7936.615,48.0
5488.62784162314,-325.0,-905.0,110.42856228571429,3,0.0,True,0,7936.833,48.0
5490.349444444439,-337.55411386038253,-890.9348694432967,106.0,3,0.0,True,0,7936.8949999999995,48.0
5496.467524434607,-379.0,-845.0,94.843756,3,0.0,True,0,7937.133,48.0
5498.438333333327,-391.67062282620157,-831.02900032443,91.0,2,0.0,True,0,7937.215,48.0
5502.971111111105,-424.101364389663,-795.3046979416348,82.0,1,2.0,True,0,7937.414,48.0
5503.382545065311,-428.0,-791.0,81.2874976,1,2.7125024,True,0,7937.433,48.0
5506.348888888882,-461.34550184327713,-754.1451971616927,76.0,1,8.0,True,0,7937.574,48.0
5508.000997892623,-477.0,-737.0,76.0,1,16.49247936,True,0,7937.653,48.0
5514.793333333327,-505.0,-708.0,76.0,1,51.0,False,0,7937.974,48.0
5517.857695203342,-525.0,-686.0,78.1,1,58.0,False,0,7938.114,48.0
5519.182222222215,-527.9081441835103,-682.2643966067374,79.0,1,61.0,False,0,7938.174,48.0
5522.285861326321,-554.0,-653.0,79.38781170310236,1,64.10249362481882,False,0,7938.314,48.0
5527.204444444437,-815.5584551920912,-375.88131114380127,80.0,1,69.0,False,0,7938.535,48.0
5529.827731428442,-927.0,-258.0,80.0,1,70.843748,False,0,7938.653,48.0
5534.271113911416,-957.0,-226.0,80.0,1,73.968748,False,0,7938.853,48.0
5534.315555555549,-957.1540629887512,-225.84041913657165,80.0,1,74.0,False,0,7938.855,48.0
5538.27114875621,-985.0,-197.0,80.0,1,74.4944448,False,0,7939.033,48.0
5542.315555555549,-1026.302162297061,-152.59204376853,80.0,1,75.0,False,0,7939.215,48.0
5543.604167450506,-1037.0,-141.0,80.0,1,75.5437512,False,0,7939.273,48.0
5549.42666666666,-1062.674676048707,-113.46500360696177,80.0,1,78.0,False,0,7939.535,48.0
5550.272150749755,-1067.0,-109.0,80.0,1,77.7625008,False,0,7939.573,48.0
5555.166175045232,-1101.0,-74.0,80.0,1,76.3874992,False,0,7939.793,48.0
5556.537777777771,-1110.487483684036,-63.813057663461215,80.0,1,76.0,False,0,7939.855,48.0
5558.696298194881,-1125.0,-48.0,79.77727243636363,1,76.44545512727272,False,0,7939.9529999999995,48.0
5566.193333333326,-1177.014807070095,6.710569954276611,79.0,1,78.0,False,0,7940.295,48.0
5567.474394190073,-1186.0,16.0,79.13181847272728,1,78.0,False,0,7940.353,48.0
5571.473000602156,-1213.0,44.0,79.5409088,1,78.0,False,0,7940.533,48.0
5575.036579454729,-1237.0,70.0,79.90454516363636,1,78.0,False,0,7940.693,48.0
5575.971111111104,-1248.8423250688984,82.65545999538651,80.0,1,78.0,False,0,7940.735,48.0
5580.371831037286,-1321.0,159.0,80.0,1,78.0,False,0,7940.933,48.0
5583.082222222215,-1340.955082394112,179.64066227115032,80.0,1,78.0,False,0,7941.055,48.0
5584.371005911908,-1349.0,188.0,80.0,1,78.0,False,0,7941.113,48.0
5587.526666666659,-1375.7914798432864,216.4892917842295,80.0,1,78.0,False,0,7941.255,48.0
5589.704455846268,-1394.0,236.0,80.0,1,78.0,False,0,7941.353,48.0
5591.082222222215,-1403.4428610833443,246.11879802777133,80.0,1,78.0,False,0,7941.415,48.0
5597.304444444438,-1437.0805901709048,281.92792307912964,80.0,1,76.0,False,0,7941.695,48.0
5597.70444716851,-1440.0,285.0,80.0,1,76.09000064,False,0,7941.713,48.0
5601.748888888882,-1475.6058975818858,322.2575121400419,80.0,1,77.0,False,0,7941.8949999999995,48.0
5603.037788054597,-1486.0,333.0,80.0,1,77.7250016,False,0,7941.9529999999995,48.0
5607.082222222215,-1510.646499053508,358.3005436234812,80.0,1,80.0,False,0,7942.135,48.0
5608.815485654794,-1522.0,372.0,80.0,1,80.0,False,0,7942.213,48.0
5615.48213281831,-1575.0,448.0,80.0,1,80.0,False,0,7942.513,48.0
5615.971111111104,-1577.5850129205414,452.18242458258726,80.0,1,80.0,False,0,7942.535,48.0
5620.415555555548,-1589.96939531532,477.18977814449266,80.0,1,80.0,False,0,7942.735,48.0
5622.146458881185,-1594.0,488.0,80.0,1,80.32499946666667,False,0,7942.813,48.0
5625.748888888882,-1605.0940280946706,519.0032051135776,80.0,1,81.0,False,0,7942.975,48.0
5629.75117353516,-1617.0,559.0,80.4944448,1,81.4944448,False,0,7943.153,48.0
5632.457456716352,-1622.0,585.0,80.82777813333334,1,81.82777813333334,False,0,7943.273,48.0
5633.848888888882,-1623.7593302367645,598.7944804726885,81.0,1,82.0,False,0,7943.335,48.0
5636.929290004318,-1626.0,630.0,80.68636334545455,1,82.31363665454545,False,0,7943.473,48.0
5641.806849420836,-1626.0,678.0,80.18636392727272,1,82.81363607272728,False,0,7943.693,48.0
5643.62666666666,-1624.798959087736,695.8447493220183,80.0,1,83.0,False,0,7943.775,48.0
5646.69324908998,-1621.0,726.0,80.0,1,82.1374992,False,0,7943.913,48.0
5647.182222222215,-1620.1433898716607,730.8205510618795,80.0,1,82.0,False,0,7943.935,48.0
5652.4933333333265,-1607.169702895948,782.2104887894311,80.0,1,84.0,False,0,7944.174,48.0
5652.915544953092,-1606.0,786.0,80.0,1,84.0,False,0,7944.193,48.0
5657.804426971146,-1587.0,833.0,80.0,1,84.0,False,0,7944.413,48.0
5659.604444444438,-1571.978443139057,860.3632037402643,80.0,1,84.0,False,0,7944.494,48.0
5662.271118425242,-1547.0,903.0,80.0,1,84.0,False,0,7944.614,48.0
5663.515561257542,-1537.9161258021447,918.1504294947879,80.0,1,84.0,False,0,7944.67,48.0
