X,Y,SessionSeconds,LapNumber
-1768.0,1194.0,6678.911999999999,36.0
-1612.0,1397.0,6679.132,36.0
-1502.0,1534.0,6679.512,36.0
-1410.0,1650.0,6679.7119999999995,36.0
-1320.0,1770.0,6679.911999999999,36.0
-1139.0,2019.0,6680.232,36.0
-993.0,2220.0,6680.632,36.0
-882.0,2373.0,6680.831999999999,36.0
-685.0,2643.0,6681.152,36.0
-448.0,2988.0,6681.673,36.0
-403.0,3055.0,6681.911999999999,36.0
-304.0,3204.0,6682.132,36.0
-131.0,3460.0,6682.451999999999,36.0
10.0,3657.0,6682.812,36.0
69.0,3734.0,6682.932,36.0
221.0,3922.0,6683.232,36.0
400.0,4117.0,6683.491999999999,36.0
541.0,4241.0,6683.772,36.0
776.0,4389.0,6684.132,36.0
1026.0,4475.0,6684.331999999999,36.0
1225.0,4509.0,6684.732,36.0
1396.0,4519.0,6684.951999999999,36.0
1612.0,4517.0,6685.152,36.0
1915.0,4486.0,6685.592,36.0
2140.0,4456.0,6685.932,36.0
2426.0,4439.0,6686.172,36.0
2740.0,4457.0,6686.592,36.0
2849.0,4478.0,6686.892,36.0
3079.0,4547.0,6687.2119999999995,36.0
3202.0,4600.0,6687.392,36.0
3472.0,4765.0,6687.672,36.0
3590.0,4858.0,6688.012,36.0
3745.0,5000.0,6688.293,36.0
3830.0,5085.0,6688.4529999999995,36.0
3999.0,5255.0,6688.7119999999995,36.0
4134.0,5384.0,6689.031999999999,36.0
4285.0,5522.0,6689.2919999999995,36.0
4394.0,5617.0,6689.612,36.0
4495.0,5701.0,6689.871999999999,36.0
4559.0,5753.0,6690.052,36.0
4629.0,5806.0,6690.232,36.0
4696.0,5847.0,6690.432,36.0
4790.0,5885.0,6690.7119999999995,36.0
4871.0,5899.0,6690.951999999999,36.0
4891.0,5900.0,6691.012,36.0
5019.0,5889.0,6691.272,36.0
5081.0,5871.0,6691.632,36.0
5156.0,5832.0,6691.932,36.0
5179.0,5815.0,6692.031999999999,36.0
5252.0,5749.0,6692.392,36.0
5285.0,5705.0,6692.592,36.0
5318.0,5645.0,6692.7919999999995,36.0
5362.0,5510.0,6693.2119999999995,36.0
5375.0,5443.0,6693.531999999999,36.0
5390.0,5305.0,6693.831999999999,36.0
5398.0,5221.0,6694.172,36.0
5461.0,4982.0,6694.913,36.0
5473.0,4961.0,6694.9929999999995,36.0
5514.0,4899.0,6695.2519999999995,36.0
5553.0,4852.0,6695.472,36.0
5600.0,4809.0,6695.7119999999995,36.0
5644.0,4776.0,6695.932,36.0
5673.0,4759.0,6696.071999999999,36.0
5724.0,4738.0,6696.312,36.0
5775.0,4730.0,6696.552,36.0
5821.0,4737.0,6696.772,36.0
5854.0,4750.0,6696.932,36.0
5914.0,4789.0,6697.2519999999995,36.0
5969.0,4840.0,6697.432,36.0
6028.0,4908.0,6697.7919999999995,36.0
6092.0,5002.0,6698.272,36.0
6119.0,5049.0,6698.531999999999,36.0
6158.0,5129.0,6698.812,36.0
6171.0,5160.0,6698.911999999999,36.0
6209.0,5261.0,6699.2119999999995,36.0
6244.0,5375.0,6699.512,36.0
6278.0,5501.0,6699.732,36.0
6299.0,5602.0,6700.031999999999,36.0
6317.0,5710.0,6700.2519999999995,36.0
6332.0,5883.0,6700.531999999999,36.0
6328.0,6038.0,6700.732,36.0
6313.0,6165.0,6701.031999999999,36.0
6255.0,6410.0,6701.313,36.0
6210.0,6525.0,6701.652999999999,36.0
6114.0,6710.0,6701.972,36.0
6034.0,6833.0,6702.192,36.0
5933.0,6961.0,6702.432,36.0
5848.0,7052.0,6702.612,36.0
5755.0,7139.0,6702.7919999999995,36.0
5644.0,7233.0,6702.991999999999,36.0
5553.0,7306.0,6703.152,36.0
5292.0,7505.0,6703.451999999999,36.0
5221.0,7562.0,6703.7119999999995,36.0
5113.0,7650.0,6703.892,36.0
4941.0,7793.0,6704.152,36.0
4711.0,7990.0,6704.392,36.0
4389.0,8266.0,6704.911999999999,36.0
4175.0,8449.0,6705.2919999999995,36.0
4010.0,8591.0,6705.652,36.0
3895.0,8690.0,6705.831999999999,36.0
3716.0,8847.0,6706.112,36.0
3587.0,8960.0,6706.312,36.0
3458.0,9073.0,6706.512,36.0
3237.0,9267.0,6706.732,36.0
3068.0,9416.0,6707.112,36.0
2989.0,9485.0,6707.232,36.0
2844.0,9611.0,6707.451999999999,36.0
2605.0,9818.0,6707.7119999999995,36.0
2459.0,9946.0,6708.032999999999,36.0
2251.0,10131.0,6708.333,36.0
2040.0,10320.0,6708.571999999999,36.0
1571.0,10714.0,6709.432,36.0
1469.0,10779.0,6709.612,36.0
1356.0,10841.0,6709.812,36.0
1237.0,10892.0,6710.031999999999,36.0
1129.0,10925.0,6710.232,36.0
976.0,10948.0,6710.432,36.0
852.0,10949.0,6710.772,36.0
724.0,10939.0,6711.052,36.0
643.0,10919.0,6711.2519999999995,36.0
540.0,10876.0,6711.512,36.0
484.0,10844.0,6711.672,36.0
416.0,10792.0,6711.892,36.0
356.0,10721.0,6712.132,36.0
304.0,10640.0,6712.371999999999,36.0
257.0,10547.0,6712.592,36.0
207.0,10388.0,6712.991999999999,36.0
193.0,10254.0,6713.371999999999,36.0
189.0,10183.0,6713.531999999999,36.0
182.0,10048.0,6713.831999999999,36.0
176.0,9967.0,6714.012,36.0
171.0,9923.0,6714.112,36.0
149.0,9822.0,6714.371999999999,36.0
98.0,9706.0,6714.612999999999,36.0
28.0,9613.0,6715.031999999999,36.0
-11.0,9573.0,6715.192,36.0
-54.0,9539.0,6715.352,36.0
-163.0,9476.0,6715.692,36.0
-222.0,9455.0,6715.932,36.0
-319.0,9441.0,6716.2519999999995,36.0
-407.0,9451.0,6716.451999999999,36.0
-533.0,9512.0,6716.951999999999,36.0
-578.0,9549.0,6717.232,36.0
-623.0,9596.0,6717.451999999999,36.0
-652.0,9634.0,6717.612,36.0
-685.0,9686.0,6717.812,36.0
-725.0,9773.0,6718.112,36.0
-744.0,9830.0,6718.2919999999995,36.0
-760.0,9891.0,6718.472,36.0
-773.0,9976.0,6718.7119999999995,36.0
-775.0,10101.0,6718.932,36.0
-769.0,10185.0,6719.232,36.0
-750.0,10307.0,6719.512,36.0
-711.0,10463.0,6719.812,36.0
-666.0,10592.0,6720.152,36.0
-580.0,10794.0,6720.411999999999,36.0
-485.0,10982.0,6720.772,36.0
-404.0,11133.0,6721.192999999999,36.0
-341.0,11242.0,6721.393,36.0
-266.0,11362.0,6721.612999999999,36.0
-190.0,11470.0,6721.812,36.0
-83.0,11611.0,6722.071999999999,36.0
15.0,11727.0,6722.2919999999995,36.0
132.0,11851.0,6722.392,36.0
320.0,12030.0,6722.892,36.0
410.0,12107.0,6723.052,36.0
574.0,12235.0,6723.331999999999,36.0
673.0,12303.0,6723.491999999999,36.0
870.0,12417.0,6723.7119999999995,36.0
1110.0,12526.0,6724.132,36.0
1182.0,12554.0,6724.232,36.0
1345.0,12610.0,6724.451999999999,36.0
1481.0,12651.0,6724.632,36.0
1835.0,12733.0,6724.951999999999,36.0
2034.0,12766.0,6725.312,36.0
2200.0,12788.0,6725.512,36.0
2518.0,12823.0,6725.812,36.0
2678.0,12840.0,6726.112,36.0
2935.0,12866.0,6726.432,36.0
3144.0,12887.0,6726.612,36.0
3339.0,12908.0,6726.932,36.0
3501.0,12926.0,6727.132,36.0
3730.0,12951.0,6727.411999999999,36.0
3861.0,12966.0,6727.572999999999,36.0
4139.0,13000.0,6727.853,36.0
4335.0,13025.0,6728.152999999999,36.0
4613.0,13062.0,6728.491999999999,36.0
4775.0,13082.0,6728.692,36.0
4905.0,13096.0,6728.852,36.0
5147.0,13114.0,6729.052,36.0
5444.0,13096.0,6729.531999999999,36.0
5611.0,13057.0,6729.7519999999995,36.0
5823.0,12978.0,6729.911999999999,36.0
5990.0,12882.0,6730.312,36.0
6096.0,12805.0,6730.491999999999,36.0
6236.0,12681.0,6730.7519999999995,36.0
6354.0,12540.0,6730.932,36.0
6423.0,12429.0,6731.192,36.0
6497.0,12285.0,6731.411999999999,36.0
6624.0,11955.0,6731.772,36.0
6675.0,11783.0,6732.132,36.0
6703.0,11682.0,6732.272,36.0
6739.0,11535.0,6732.472,36.0
6800.0,11268.0,6732.732,36.0
6830.0,11117.0,6733.031999999999,36.0
6855.0,10975.0,6733.2519999999995,36.0
6899.0,10680.0,6733.571999999999,36.0
6932.0,10398.0,6733.991999999999,36.0
6945.0,10271.0,6734.152999999999,36.0
6962.0,10049.0,6734.433,36.0
6970.0,9906.0,6734.612999999999,36.0
6977.0,9731.0,6734.833,36.0
6982.0,9492.0,6735.071999999999,36.0
6986.0,9333.0,6735.331999999999,36.0
6994.0,9127.0,6735.592,36.0
7017.0,8842.0,6735.892,36.0
7057.0,8577.0,6736.2919999999995,36.0
7069.0,8515.0,6736.371999999999,36.0
7115.0,8316.0,6736.632,36.0
7159.0,8150.0,6736.852,36.0
7250.0,7868.0,6737.112,36.0
7538.0,6850.0,6738.472,36.0
7528.0,6743.0,6738.7519999999995,36.0
7482.0,6488.0,6739.092,36.0
7454.0,6371.0,6739.2519999999995,36.0
7395.0,6141.0,6739.432,36.0
7369.0,6027.0,6739.732,36.0
7330.0,5802.0,6740.052,36.0
7319.0,5678.0,6740.232,36.0
7318.0,5558.0,6740.411999999999,36.0
7362.0,5307.0,6740.672,36.0
7403.0,5197.0,6740.9929999999995,36.0
7505.0,5002.0,6741.333,36.0
7604.0,4838.0,6741.571999999999,36.0
7656.0,4747.0,6741.831999999999,36.0
7733.0,4584.0,6742.152,36.0
7771.0,4459.0,6742.392,36.0
7775.0,4438.0,6742.432,36.0
7790.0,4288.0,6742.7119999999995,36.0
7757.0,4071.0,6742.972,36.0
7731.0,3987.0,6743.272,36.0
7697.0,3905.0,6743.432,36.0
7595.0,3724.0,6743.772,36.0
7493.0,3599.0,6744.152,36.0
7432.0,3542.0,6744.312,36.0
7281.0,3437.0,6744.552,36.0
7171.0,3376.0,6744.871999999999,36.0
7035.0,3305.0,6745.132,36.0
6871.0,3202.0,6745.451999999999,36.0
6726.0,3075.0,6745.612,36.0
6533.0,2870.0,6746.071999999999,36.0
6372.0,2666.0,6746.491999999999,36.0
6273.0,2515.0,6746.812,36.0
6196.0,2382.0,6747.031999999999,36.0
6116.0,2235.0,6747.272999999999,36.0
6078.0,2160.0,6747.393,36.0
5972.0,1947.0,6747.713,36.0
5891.0,1780.0,6747.9529999999995,36.0
5829.0,1653.0,6748.132,36.0
5767.0,1524.0,6748.312,36.0
5669.0,1321.0,6748.552,36.0
5585.0,1144.0,6748.831999999999,36.0
5508.0,983.0,6749.031999999999,36.0
5401.0,758.0,6749.331999999999,36.0
5276.0,500.0,6749.571999999999,36.0
5149.0,238.0,6750.012,36.0
5029.0,-10.0,6750.2119999999995,36.0
4946.0,-182.0,6750.552,36.0
4878.0,-324.0,6750.732,36.0
4703.0,-688.0,6751.052,36.0
4656.0,-784.0,6751.312,36.0
4579.0,-943.0,6751.512,36.0
4275.0,-1565.0,6752.2919999999995,36.0
4156.0,-1804.0,6752.592,36.0
4092.0,-1931.0,6752.7519999999995,36.0
4028.0,-2058.0,6752.911999999999,36.0
3878.0,-2350.0,6753.2919999999995,36.0
3735.0,-2623.0,6753.512,36.0
3651.0,-2780.0,6753.831999999999,36.0
3557.0,-2952.0,6754.053,36.0
3451.0,-3138.0,6754.293,36.0
3378.0,-3260.0,6754.4529999999995,36.0
3276.0,-3421.0,6754.673,36.0
3201.0,-3528.0,6754.831999999999,36.0
3114.0,-3639.0,6755.012,36.0
3007.0,-3760.0,6755.232,36.0
2837.0,-3909.0,6755.552,36.0
2708.0,-3989.0,6755.812,36.0
2564.0,-4056.0,6756.071999999999,36.0
2447.0,-4091.0,6756.312,36.0
2270.0,-4116.0,6756.592,36.0
2095.0,-4104.0,6756.951999999999,36.0
1926.0,-4060.0,6757.132,36.0
1738.0,-3969.0,6757.652,36.0
1593.0,-3863.0,6757.871999999999,36.0
1478.0,-3750.0,6758.2519999999995,36.0
1403.0,-3661.0,6758.451999999999,36.0
1301.0,-3516.0,6758.612,36.0
1171.0,-3283.0,6759.112,36.0
1091.0,-3131.0,6759.472,36.0
993.0,-2959.0,6759.672,36.0
904.0,-2821.0,6760.052,36.0
831.0,-2717.0,6760.2519999999995,36.0
679.0,-2509.0,6760.553,36.0
593.0,-2393.0,6760.873,36.0
428.0,-2172.0,6761.112999999999,36.0
349.0,-2066.0,6761.411999999999,36.0
251.0,-1940.0,6761.652,36.0
108.0,-1765.0,6761.991999999999,36.0
-50.0,-1582.0,6762.2119999999995,36.0
-95.0,-1532.0,6762.451999999999,36.0
-211.0,-1402.0,6762.7119999999995,36.0
-197.0,-1417.0,6762.911999999999,36.0
-296.0,-1306.0,6763.152,36.0
-394.0,-1196.0,6763.392,36.0
-443.0,-1143.0,6763.512,36.0
-520.0,-1067.0,6763.7119999999995,36.0
-629.0,-986.0,6763.972,36.0
-714.0,-943.0,6764.152,36.0
-921.0,-908.0,6764.411999999999,36.0
-1041.0,-937.0,6764.871999999999,36.0
-1120.0,-980.0,6765.272,36.0
-1156.0,-1006.0,6765.432,36.0
-1192.0,-1034.0,6765.592,36.0
-1228.0,-1063.0,6765.7519999999995,36.0
-1308.0,-1119.0,6766.092,36.0
-1361.0,-1146.0,6766.2919999999995,36.0
-1390.0,-1157.0,6766.392,36.0
-1514.0,-1171.0,6766.7119999999995,36.0
-1605.0,-1154.0,6767.072999999999,36.0
-1662.0,-1136.0,6767.253,36.0
-1705.0,-1120.0,6767.393,36.0
-1792.0,-1076.0,6767.692999999999,36.0
-1840.0,-1044.0,6767.873,36.0
-1890.0,-1003.0,6768.071999999999,36.0
-1928.0,-966.0,6768.232,36.0
-1992.0,-891.0,6768.531999999999,36.0
-2064.0,-801.0,6768.7119999999995,36.0
-2159.0,-660.0,6769.152,36.0
-2208.0,-557.0,6769.512,36.0
-2238.0,-480.0,6769.692,36.0
-2271.0,-371.0,6769.932,36.0
-2299.0,-227.0,6770.232,36.0
-2309.0,-133.0,6770.411999999999,36.0
-2314.0,7.0,6770.672,36.0
-2300.0,176.0,6770.852,36.0
-2268.0,339.0,6771.2519999999995,36.0
-2203.0,525.0,6771.432,36.0
-2186.0,564.0,6771.732,36.0
-2055.0,794.0,6772.031999999999,36.0
-2004.0,867.0,6772.331999999999,36.0
-1877.0,1044.0,6772.652,36.0
-1749.0,1219.0,6772.932,37.0
-1662.0,1334.0,6773.252,37.0
-1551.0,1473.0,6773.492,37.0
-1392.0,1674.0,6773.693,37.0
-1318.0,1773.0,6773.993,37.0
-1179.0,1963.0,6774.293,37.0
-1105.0,2066.0,6774.453,37.0
-982.0,2235.0,6774.712,37.0
-829.0,2446.0,6774.932,37.0
-732.0,2579.0,6775.232,37.0
-484.0,2935.0,6775.612,37.0
-229.0,3318.0,6776.292,37.0
-53.0,3569.0,6776.652,37.0
27.0,3679.0,6776.812,37.0
110.0,3787.0,6776.972,37.0
308.0,4022.0,6777.292,37.0
452.0,4166.0,6777.472,37.0
673.0,4333.0,6777.692,37.0
802.0,4400.0,6777.992,37.0
1016.0,4473.0,6778.272,37.0
1191.0,4505.0,6778.492,37.0
1238.0,4510.0,6778.552,37.0
1574.0,4518.0,6778.872,37.0
1854.0,4495.0,6779.332,37.0
1869.0,4493.0,6779.352,37.0
2146.0,4455.0,6779.712,37.0
2299.0,4443.0,6779.912,37.0
2438.0,4439.0,6780.092,37.0
2562.0,4441.0,6780.253,37.0
2757.0,4459.0,6780.513,37.0
2944.0,4502.0,6780.773,37.0
3060.0,4540.0,6780.933,37.0
3240.0,4619.0,6781.193,37.0
3447.0,4747.0,6781.412,37.0
3567.0,4839.0,6781.712,37.0
3670.0,4928.0,6781.892,37.0
3886.0,5142.0,6782.212,37.0
4035.0,5290.0,6782.572,37.0
4177.0,5424.0,6782.832,37.0
4404.0,5625.0,6783.232,37.0
4482.0,5690.0,6783.572,37.0
4568.0,5760.0,6783.812,37.0
4649.0,5819.0,6784.012,37.0
4778.0,5882.0,6784.292,37.0
4895.0,5901.0,6784.6720000000005,37.0
5012.0,5891.0,6785.092,37.0
5058.0,5879.0,6785.252,37.0
5112.0,5857.0,6785.452,37.0
5183.0,5813.0,6785.712,37.0
5272.0,5725.0,6786.072,37.0
5303.0,5674.0,6786.432,37.0
5337.0,5597.0,6786.732,37.0
5354.0,5542.0,6786.933,37.0
5375.0,5442.0,6787.133,37.0
5383.0,5379.0,6787.473,37.0
5391.0,5293.0,6787.733,37.0
5403.0,5182.0,6787.952,37.0
5415.0,5115.0,6788.252,37.0
5442.0,5024.0,6788.552,37.0
5459.0,4986.0,6788.692,37.0
5493.0,4927.0,6788.932,37.0
5547.0,4859.0,6789.192,37.0
5608.0,4802.0,6789.572,37.0
5644.0,4777.0,6789.752,37.0
5697.0,4748.0,6790.012,37.0
5764.0,4730.0,6790.232,37.0
5827.0,4739.0,6790.632,37.0
5979.0,4850.0,6791.452,37.0
6032.0,4912.0,6791.632,37.0
6060.0,4952.0,6791.952,37.0
6129.0,5069.0,6792.312,37.0
6160.0,5134.0,6792.632,37.0
6196.0,5224.0,6792.912,37.0
6235.0,5341.0,6793.112,37.0
6252.0,5403.0,6793.393,37.0
6278.0,5503.0,6793.633,37.0
6297.0,5591.0,6793.833,37.0
6318.0,5712.0,6794.053,37.0
6332.0,5856.0,6794.253,37.0
6331.0,5986.0,6794.492,37.0
6213.0,6519.0,6795.412,37.0
6169.0,6612.0,6795.572,37.0
6068.0,6783.0,6795.872,37.0
5990.0,6892.0,6796.072,37.0
5882.0,7017.0,6796.312,37.0
5803.0,7095.0,6796.472,37.0
5761.0,7133.0,6796.552,37.0
5487.0,7356.0,6796.932,37.0
5280.0,7515.0,6797.372,37.0
5112.0,7651.0,6797.692,37.0
5009.0,7736.0,6797.852,37.0
4771.0,7938.0,6798.132,37.0
4611.0,8075.0,6798.472,37.0
4386.0,8268.0,6798.772,37.0
4183.0,8442.0,6799.152,37.0
4016.0,8585.0,6799.412,37.0
3874.0,8708.0,6799.632,37.0
3733.0,8832.0,6799.792,37.0
3539.0,9003.0,6800.153,37.0
3435.0,9094.0,6800.313,37.0
3330.0,9186.0,6800.473,37.0
3054.0,9428.0,6800.833,37.0
2909.0,9555.0,6801.112,37.0
2761.0,9682.0,6801.332,37.0
2560.0,9857.0,6801.632,37.0
2373.0,10022.0,6801.812,37.0
2228.0,10151.0,6802.1720000000005,37.0
1922.0,10425.0,6802.472,37.0
1771.0,10556.0,6802.832,37.0
1604.0,10689.0,6803.112,37.0
1453.0,10789.0,6803.312,37.0
1277.0,10877.0,6803.692,37.0
1145.0,10921.0,6803.932,37.0
972.0,10948.0,6804.132,37.0
857.0,10949.0,6804.492,37.0
809.0,10948.0,6804.592,37.0
705.0,10936.0,6804.832,37.0
585.0,10896.0,6805.132,37.0
511.0,10860.0,6805.332,37.0
460.0,10827.0,6805.492,37.0
414.0,10790.0,6805.652,37.0
352.0,10716.0,6805.912,37.0
311.0,10651.0,6806.112,37.0
282.0,10598.0,6806.272,37.0
244.0,10515.0,6806.513,37.0
207.0,10382.0,6806.773,37.0
193.0,10252.0,6807.193,37.0
187.0,10142.0,6807.453,37.0
183.0,10055.0,6807.653,37.0
178.0,9987.0,6807.812,37.0
169.0,9914.0,6807.992,37.0
152.0,9833.0,6808.192,37.0
126.0,9761.0,6808.392,37.0
76.0,9673.0,6808.6720000000005,37.0
68.0,9661.0,6808.712,37.0
-4.0,9580.0,6809.032,37.0
-85.0,9518.0,6809.272,37.0
-177.0,9470.0,6809.692,37.0
-390.0,9447.0,6810.452,37.0
-449.0,9465.0,6810.6720000000005,37.0
-520.0,9503.0,6810.892,37.0
-610.0,9581.0,6811.232,37.0
-656.0,9639.0,6811.592,37.0
-696.0,9707.0,6811.832,37.0
-729.0,9782.0,6812.072,37.0
-760.0,9892.0,6812.252,37.0
-774.0,9997.0,6812.6720000000005,37.0
-773.0,10137.0,6812.892,37.0
-735.0,10372.0,6813.333,37.0
-688.0,10537.0,6813.713,37.0
-663.0,10604.0,6813.853,37.0
-614.0,10721.0,6814.093,37.0
-577.0,10800.0,6814.253,37.0
-533.0,10891.0,6814.432,37.0
-451.0,11046.0,6814.732,37.0
-411.0,11120.0,6814.872,37.0
-324.0,11271.0,6815.152,37.0
-209.0,11443.0,6815.372,37.0
-130.0,11551.0,6815.6720000000005,37.0
0.0,11709.0,6815.972,37.0
104.0,11823.0,6816.192,37.0
216.0,11933.0,6816.412,37.0
321.0,12032.0,6816.612,37.0
388.0,12089.0,6816.732,37.0
526.0,12199.0,6816.972,37.0
762.0,12359.0,6817.272,37.0
925.0,12444.0,6817.592,37.0
1009.0,12483.0,6817.712,37.0
1345.0,12610.0,6818.072,37.0
1481.0,12651.0,6818.352,37.0
1744.0,12715.0,6818.692,37.0
1870.0,12739.0,6818.852,37.0
2193.0,12787.0,6819.092,37.0
2434.0,12814.0,6819.492,37.0
2579.0,12830.0,6819.673,37.0
2725.0,12845.0,6819.853,37.0
2937.0,12866.0,6820.113,37.0
3216.0,12895.0,6820.373,37.0
3413.0,12916.0,6820.693,37.0
3711.0,12949.0,6820.9130000000005,37.0
4026.0,12985.0,6821.312,37.0
4225.0,13011.0,6821.6720000000005,37.0
4541.0,13053.0,6821.912,37.0
4838.0,13089.0,6822.412,37.0
5003.0,13105.0,6822.612,37.0
5283.0,13113.0,6822.832,37.0
5376.0,13106.0,6823.092,37.0
5720.0,13022.0,6823.412,37.0
5829.0,12975.0,6823.712,37.0
6089.0,12810.0,6824.012,37.0
6297.0,12614.0,6824.472,37.0
6463.0,12355.0,6824.852,37.0
6532.0,12205.0,6825.1720000000005,37.0
6586.0,12066.0,6825.372,37.0
6668.0,11808.0,6825.732,37.0
6689.0,11735.0,6825.832,37.0
6719.0,11617.0,6825.992,37.0
6793.0,11302.0,6826.373,37.0
6824.0,11150.0,6826.613,37.0
6859.0,10953.0,6826.873,37.0
6896.0,10703.0,6827.193,37.0
6916.0,10545.0,6827.393,37.0
6930.0,10419.0,6827.553,37.0
6946.0,10260.0,6827.752,37.0
6963.0,10036.0,6828.032,37.0
6975.0,9796.0,6828.212,37.0
6981.0,9538.0,6828.652,37.0
6986.0,9329.0,6828.792,37.0
6997.0,9073.0,6829.232,37.0
7007.0,8933.0,6829.432,37.0
7034.0,8712.0,6829.712,37.0
7047.0,8633.0,6829.812,37.0
7084.0,8446.0,6830.052,37.0
7121.0,8291.0,6830.252,37.0
7158.0,8154.0,6830.432,37.0
7214.0,7973.0,6830.6720000000005,37.0
7250.0,7869.0,6830.812,37.0
7294.0,7751.0,6830.972,37.0
7400.0,7487.0,6831.332,37.0
7455.0,7340.0,6831.532,37.0
7507.0,7164.0,6831.772,37.0
7517.0,7121.0,6831.832,37.0
7536.0,6988.0,6832.012,37.0
7512.0,6638.0,6832.372,37.0
7475.0,6458.0,6832.712,37.0
7420.0,6239.0,6832.993,37.0
7368.0,6021.0,6833.313,37.0
7338.0,5860.0,6833.533,37.0
7319.0,5685.0,6833.773,37.0
7316.0,5584.0,6833.9130000000005,37.0
7351.0,5345.0,6834.232,37.0
7426.0,5149.0,6834.592,37.0
7474.0,5056.0,6834.752,37.0
7547.0,4932.0,6834.972,37.0
7669.0,4724.0,6835.232,37.0
7710.0,4641.0,6835.532,37.0
7774.0,4443.0,6835.892,37.0
7790.0,4293.0,6836.192,37.0
7783.0,4195.0,6836.372,37.0
7753.0,4054.0,6836.632,37.0
7526.0,3634.0,6837.472,37.0
7426.0,3537.0,6837.792,37.0
7296.0,3445.0,6838.072,37.0
7138.0,3359.0,6838.252,37.0
6944.0,3252.0,6838.692,37.0
6841.0,3179.0,6838.932,37.0
6723.0,3073.0,6839.1720000000005,37.0
6509.0,2843.0,6839.513,37.0
6389.0,2690.0,6839.9130000000005,37.0
6344.0,2625.0,6840.073,37.0
6274.0,2516.0,6840.253,37.0
6137.0,2275.0,6840.513,37.0
6075.0,2154.0,6840.813,37.0
5986.0,1976.0,6841.072,37.0
5876.0,1750.0,6841.272,37.0
5757.0,1505.0,6841.732,37.0
5722.0,1432.0,6841.832,37.0
5666.0,1314.0,6841.992,37.0
5479.0,922.0,6842.352,37.0
5406.0,770.0,6842.692,37.0
5288.0,523.0,6843.012,37.0
5227.0,398.0,6843.1720000000005,37.0
5166.0,273.0,6843.332,37.0
5075.0,84.0,6843.572,37.0
5013.0,-42.0,6843.732,37.0
4937.0,-202.0,6843.932,37.0
4852.0,-378.0,6844.152,37.0
4767.0,-556.0,6844.372,37.0
4688.0,-718.0,6844.572,37.0
4578.0,-946.0,6844.852,37.0
4530.0,-1044.0,6844.972,37.0
4467.0,-1175.0,6845.132,37.0
4370.0,-1372.0,6845.372,37.0
4273.0,-1569.0,6845.612,37.0
4199.0,-1718.0,6845.792,37.0
4091.0,-1933.0,6846.053,37.0
4024.0,-2066.0,6846.213,37.0
3842.0,-2418.0,6846.493,37.0
3783.0,-2531.0,6846.773,37.0
3619.0,-2838.0,6847.093,37.0
3512.0,-3032.0,6847.393,37.0
3335.0,-3330.0,6847.632,37.0
3231.0,-3486.0,6847.992,37.0
3097.0,-3659.0,6848.272,37.0
2963.0,-3803.0,6848.512,37.0
2784.0,-3944.0,6848.912,37.0
2700.0,-3993.0,6849.072,37.0
2605.0,-4039.0,6849.252,37.0
2526.0,-4069.0,6849.412,37.0
2431.0,-4095.0,6849.592,37.0
2325.0,-4112.0,6849.792,37.0
2198.0,-4115.0,6850.032,37.0
1990.0,-4080.0,6850.312,37.0
1810.0,-4009.0,6850.792,37.0
1734.0,-3967.0,6850.952,37.0
1680.0,-3930.0,6851.072,37.0
1609.0,-3876.0,6851.232,37.0
1511.0,-3785.0,6851.472,37.0
1406.0,-3665.0,6851.752,37.0
1318.0,-3541.0,6852.012,37.0
1250.0,-3429.0,6852.232,37.0
1192.0,-3323.0,6852.432,37.0
1129.0,-3202.0,6852.633,37.0
1025.0,-3013.0,6852.993,37.0
929.0,-2858.0,6853.153,37.0
838.0,-2726.0,6853.513,37.0
726.0,-2572.0,6853.793,37.0
595.0,-2395.0,6854.053,37.0
496.0,-2262.0,6854.352,37.0
353.0,-2071.0,6854.632,37.0
284.0,-1982.0,6854.792,37.0
232.0,-1916.0,6854.912,37.0
25.0,-1669.0,6855.272,37.0
-83.0,-1545.0,6855.612,37.0
-161.0,-1458.0,6855.792,37.0
-224.0,-1387.0,6855.952,37.0
-296.0,-1306.0,6856.152,37.0
-541.0,-1050.0,6856.972,37.0
-600.0,-1006.0,6857.1720000000005,37.0
-655.0,-973.0,6857.352,37.0
-748.0,-933.0,6857.532,37.0
-848.0,-914.0,6857.932,37.0
-921.0,-913.0,6858.292,37.0
-1018.0,-930.0,6858.572,37.0
-1076.0,-955.0,6858.952,37.0
-1098.0,-967.0,6859.052,37.0
-1154.0,-1006.0,6859.313,37.0
-1233.0,-1067.0,6859.613,37.0
-1311.0,-1120.0,6859.993,37.0
-1351.0,-1142.0,6860.153,37.0
-1431.0,-1167.0,6860.453,37.0
-1486.0,-1172.0,6860.653,37.0
-1549.0,-1166.0,6860.872,37.0
-1572.0,-1161.0,6860.952,37.0
-1633.0,-1145.0,6861.1720000000005,37.0
-1693.0,-1124.0,6861.392,37.0
-1739.0,-1103.0,6861.572,37.0
-1813.0,-1061.0,6861.732,37.0
-1914.0,-981.0,6862.092,37.0
-1953.0,-939.0,6862.252,37.0
-2036.0,-836.0,6862.492,37.0
-2096.0,-759.0,6862.832,37.0
-2148.0,-681.0,6863.052,37.0
-2202.0,-573.0,6863.272,37.0
-2248.0,-451.0,6863.452,37.0
-2289.0,-291.0,6863.892,37.0
-2303.0,-200.0,6864.072,37.0
-2311.0,-106.0,6864.252,37.0
-2314.0,0.0,6864.452,37.0
-2305.0,139.0,6864.712,37.0
-2292.0,227.0,6864.872,37.0
-2269.0,336.0,6865.072,37.0
-2227.0,468.0,6865.312,37.0
-2184.0,564.0,6865.472,37.0
-2127.0,673.0,6865.6720000000005,37.0
-2038.0,820.0,6865.953,37.0
-1961.0,928.0,6866.193,37.0
-1868.0,1057.0,6866.4130000000005,37.0
-1784.0,1173.0,6866.613,37.0
-1649.0,1350.0,6866.8330000000005,38.0
-1578.0,1439.0,6867.093000000001,38.0
-1451.0,1598.0,6867.372,38.0
-1325.0,1764.0,6867.652,38.0
-1172.0,1973.0,6867.852000000001,38.0
-1044.0,2150.0,6868.212,38.0
-904.0,2342.0,6868.572,38.0
-829.0,2445.0,6868.732,38.0
-753.0,2550.0,6868.892000000001,38.0
-630.0,2722.0,6869.152,38.0
-462.0,2968.0,6869.412,38.0
-360.0,3120.0,6869.732,38.0
-258.0,3275.0,6869.952,38.0
-173.0,3400.0,6870.1320000000005,38.0
-27.0,3604.0,6870.432000000001,38.0
82.0,3751.0,6870.652,38.0
196.0,3893.0,6870.872,38.0
305.0,4017.0,6871.072,38.0
436.0,4152.0,6871.272,38.0
534.0,4236.0,6871.432000000001,38.0
664.0,4328.0,6871.6320000000005,38.0
864.0,4426.0,6871.912,38.0
1033.0,4477.0,6872.1320000000005,38.0
1238.0,4510.0,6872.353,38.0
1429.0,4520.0,6872.633000000001,38.0
1632.0,4516.0,6872.893,38.0
1771.0,4505.0,6873.073,38.0
1971.0,4478.0,6873.3330000000005,38.0
2094.0,4461.0,6873.493,38.0
2781.0,4463.0,6874.392000000001,38.0
3010.0,4523.0,6874.6720000000005,38.0
3165.0,4583.0,6874.932000000001,38.0
3428.0,4734.0,6875.192,38.0
3550.0,4825.0,6875.532,38.0
3742.0,4997.0,6875.872,38.0
3871.0,5126.0,6876.112,38.0
3925.0,5181.0,6876.212,38.0
4102.0,5354.0,6876.512000000001,38.0
4242.0,5484.0,6876.852000000001,38.0
4302.0,5538.0,6876.992,38.0
4499.0,5704.0,6877.372,38.0
4560.0,5754.0,6877.692,38.0
4652.0,5821.0,6877.972000000001,38.0
4664.0,5829.0,6878.012000000001,38.0
4787.0,5884.0,6878.392000000001,38.0
4874.0,5899.0,6878.592000000001,38.0
4978.0,5896.0,6878.973,38.0
5015.0,5890.0,6879.093000000001,38.0
5087.0,5868.0,6879.353,38.0
5146.0,5838.0,6879.593000000001,38.0
5204.0,5796.0,6879.8330000000005,38.0
5280.0,5713.0,6880.233,38.0
5322.0,5635.0,6880.592000000001,38.0
5356.0,5536.0,6880.812,38.0
5367.0,5489.0,6881.112,38.0
5379.0,5415.0,6881.352000000001,38.0
5385.0,5363.0,6881.512000000001,38.0
5391.0,5295.0,6881.712,38.0
5403.0,5184.0,6881.972000000001,38.0
5440.0,5031.0,6882.312,38.0
5487.0,4938.0,6882.692,38.0
5515.0,4898.0,6882.992,38.0
5573.0,4833.0,6883.332,38.0
5613.0,4798.0,6883.552000000001,38.0
5652.0,4772.0,6883.752,38.0
5699.0,4747.0,6883.932000000001,38.0
5746.0,4733.0,6884.232,38.0
5801.0,4733.0,6884.512000000001,38.0
5840.0,4744.0,6884.712,38.0
5873.0,4761.0,6884.892000000001,38.0
5916.0,4791.0,6885.1320000000005,38.0
5973.0,4844.0,6885.392000000001,38.0
6012.0,4887.0,6885.713000000001,38.0
6059.0,4951.0,6886.013,38.0
6069.0,4965.0,6886.073,38.0
6147.0,5106.0,6886.453,38.0
6167.0,5150.0,6886.733,38.0
6196.0,5224.0,6886.953,38.0
6242.0,5367.0,6887.252,38.0
6266.0,5456.0,6887.552000000001,38.0
6287.0,5542.0,6887.752,38.0
6309.0,5654.0,6887.992,38.0
6324.0,5762.0,6888.1720000000005,38.0
6332.0,5907.0,6888.432000000001,38.0
6321.0,6108.0,6888.732,38.0
6282.0,6317.0,6889.152,38.0
6250.0,6423.0,6889.332,38.0
6170.0,6609.0,6889.532,38.0
6048.0,6813.0,6889.892000000001,38.0
5894.0,7004.0,6890.372,38.0
5742.0,7150.0,6890.552000000001,38.0
5622.0,7251.0,6890.892000000001,38.0
5522.0,7329.0,6891.072,38.0
5421.0,7406.0,6891.252,38.0
5314.0,7488.0,6891.432000000001,38.0
5182.0,7593.0,6891.652,38.0
4947.0,7788.0,6891.993,38.0
4874.0,7849.0,6892.113,38.0
4615.0,8072.0,6892.433,38.0
4477.0,8190.0,6892.753000000001,38.0
4337.0,8310.0,6892.973,38.0
4196.0,8431.0,6893.193,38.0
4080.0,8530.0,6893.3730000000005,38.0
3910.0,8677.0,6893.633000000001,38.0
3753.0,8814.0,6893.872,38.0
3635.0,8918.0,6894.052000000001,38.0
3504.0,9033.0,6894.252,38.0
3385.0,9138.0,6894.432000000001,38.0
3279.0,9230.0,6894.592000000001,38.0
2786.0,9661.0,6895.332,38.0
2679.0,9753.0,6895.492,38.0
2385.0,10011.0,6895.872,38.0
2256.0,10126.0,6896.1320000000005,38.0
2110.0,10257.0,6896.372,38.0
2006.0,10350.0,6896.532,38.0
1811.0,10523.0,6896.832,38.0
1685.0,10626.0,6897.032,38.0
1608.0,10687.0,6897.152,38.0
1294.0,10870.0,6897.532,38.0
1202.0,10904.0,6897.832,38.0
1116.0,10929.0,6897.992,38.0
887.0,10949.0,6898.372,38.0
789.0,10946.0,6898.633000000001,38.0
687.0,10932.0,6898.8730000000005,38.0
614.0,10908.0,6899.053,38.0
536.0,10873.0,6899.253000000001,38.0
454.0,10823.0,6899.493,38.0
392.0,10767.0,6899.713000000001,38.0
339.0,10697.0,6899.933,38.0
302.0,10636.0,6900.113,38.0
279.0,10594.0,6900.233,38.0
235.0,10492.0,6900.512000000001,38.0
209.0,10394.0,6900.772,38.0
196.0,10295.0,6901.012000000001,38.0
191.0,10218.0,6901.192,38.0
189.0,10175.0,6901.292,38.0
185.0,10096.0,6901.472000000001,38.0
163.0,9877.0,6901.852000000001,38.0
120.0,9751.0,6902.252,38.0
93.0,9699.0,6902.552000000001,38.0
-4.0,9580.0,6902.872,38.0
-106.0,9505.0,6903.312,38.0
-168.0,9474.0,6903.592000000001,38.0
-226.0,9454.0,6903.792,38.0
-297.0,9442.0,6904.032,38.0
-385.0,9446.0,6904.332,38.0
-471.0,9475.0,6904.512000000001,38.0
-540.0,9518.0,6904.932000000001,38.0
-590.0,9560.0,6905.153,38.0
-631.0,9605.0,6905.353,38.0
-660.0,9646.0,6905.513,38.0
-687.0,9689.0,6905.673000000001,38.0
-764.0,9910.0,6906.353,38.0
-773.0,9977.0,6906.533,38.0
-775.0,10096.0,6906.8330000000005,38.0
-770.0,10172.0,6907.013,38.0
-754.0,10287.0,6907.272,38.0
-727.0,10406.0,6907.432000000001,38.0
-670.0,10582.0,6907.912,38.0
-638.0,10662.0,6908.072,38.0
-550.0,10858.0,6908.312,38.0
-512.0,10931.0,6908.592000000001,38.0
-451.0,11047.0,6908.812,38.0
-354.0,11222.0,6909.1320000000005,38.0
-307.0,11298.0,6909.272,38.0
-235.0,11407.0,6909.472000000001,38.0
-172.0,11494.0,6909.6320000000005,38.0
26.0,11739.0,6909.992,38.0
102.0,11821.0,6910.252,38.0
277.0,11991.0,6910.592000000001,38.0
477.0,12162.0,6910.832,38.0
646.0,12285.0,6911.232,38.0
734.0,12342.0,6911.372,38.0
839.0,12401.0,6911.532,38.0
977.0,12469.0,6911.733,38.0
1219.0,12568.0,6912.073,38.0
1278.0,12588.0,6912.153,38.0
1501.0,12656.0,6912.453,38.0
1622.0,12688.0,6912.613,38.0
1806.0,12727.0,6912.853,38.0
2025.0,12764.0,6913.113,38.0
2144.0,12781.0,6913.253000000001,38.0
2317.0,12801.0,6913.473,38.0
2459.0,12817.0,6913.653,38.0
2713.0,12844.0,6913.972000000001,38.0
2840.0,12857.0,6914.1320000000005,38.0
3128.0,12886.0,6914.372,38.0
3288.0,12903.0,6914.692,38.0
3417.0,12917.0,6914.852000000001,38.0
3660.0,12944.0,6915.152,38.0
3919.0,12973.0,6915.412,38.0
4098.0,12994.0,6915.692,38.0
4245.0,13013.0,6915.872,38.0
4392.0,13033.0,6916.052000000001,38.0
4635.0,13065.0,6916.352000000001,38.0
4829.0,13088.0,6916.592000000001,38.0
5056.0,13109.0,6916.772,38.0
5199.0,13115.0,6917.052000000001,38.0
5429.0,13098.0,6917.352000000001,38.0
5699.0,13029.0,6917.6320000000005,38.0
5980.0,12889.0,6918.032,38.0
6134.0,12773.0,6918.393,38.0
6252.0,12664.0,6918.613,38.0
6377.0,12505.0,6918.893,38.0
6445.0,12390.0,6919.073,38.0
6523.0,12228.0,6919.313,38.0
6583.0,12075.0,6919.4130000000005,38.0
6636.0,11918.0,6919.753000000001,38.0
6706.0,11669.0,6920.093000000001,38.0
6750.0,11491.0,6920.332,38.0
6761.0,11446.0,6920.392000000001,38.0
6794.0,11296.0,6920.592000000001,38.0
6840.0,11063.0,6920.892000000001,38.0
6865.0,10916.0,6921.072,38.0
6895.0,10714.0,6921.332,38.0
6905.0,10636.0,6921.432000000001,38.0
6922.0,10494.0,6921.612,38.0
6940.0,10321.0,6921.832,38.0
6962.0,10050.0,6922.1720000000005,38.0
6970.0,9907.0,6922.352000000001,38.0
6979.0,9668.0,6922.612,38.0
6983.0,9443.0,6922.932000000001,38.0
6991.0,9204.0,6923.232,38.0
7001.0,9005.0,6923.392000000001,38.0
7020.0,8817.0,6923.732,38.0
7068.0,8520.0,6924.012000000001,38.0
7106.0,8350.0,6924.332,38.0
7190.0,8047.0,6924.6320000000005,38.0
7234.0,7913.0,6924.9130000000005,38.0
7288.0,7766.0,6925.113,38.0
7341.0,7635.0,6925.293000000001,38.0
7444.0,7372.0,6925.653,38.0
7517.0,7120.0,6925.8730000000005,38.0
7533.0,7016.0,6926.153,38.0
7492.0,6535.0,6926.793000000001,38.0
7425.0,6257.0,6927.1720000000005,38.0
7388.0,6112.0,6927.372,38.0
7363.0,5996.0,6927.532,38.0
7331.0,5808.0,6927.792,38.0
7317.0,5567.0,6927.992,38.0
7323.0,5486.0,6928.252,38.0
7405.0,5194.0,6928.572,38.0
7464.0,5074.0,6928.912,38.0
7517.0,4982.0,6929.072,38.0
7631.0,4792.0,6929.412,38.0
7658.0,4743.0,6929.552000000001,38.0
7742.0,4561.0,6929.772,38.0
7774.0,4443.0,6930.1320000000005,38.0
7790.0,4312.0,6930.372,38.0
7785.0,4213.0,6930.552000000001,38.0
7763.0,4092.0,6930.772,38.0
7710.0,3934.0,6931.072,38.0
7658.0,3826.0,6931.292,38.0
7581.0,3704.0,6931.513,38.0
7421.0,3533.0,6931.933,38.0
7325.0,3464.0,6932.173000000001,38.0
7199.0,3390.0,6932.4130000000005,38.0
7099.0,3338.0,6932.593000000001,38.0
6976.0,3272.0,6932.813,38.0
6819.0,3161.0,6933.113,38.0
6710.0,3060.0,6933.3330000000005,38.0
6662.0,3010.0,6933.433,38.0
6539.0,2877.0,6933.692,38.0
6458.0,2781.0,6933.872,38.0
6365.0,2656.0,6934.092000000001,38.0
6301.0,2559.0,6934.252,38.0
6145.0,2289.0,6934.592000000001,38.0
6074.0,2154.0,6934.852000000001,38.0
5992.0,1988.0,6935.092000000001,38.0
5924.0,1848.0,6935.292,38.0
5841.0,1678.0,6935.532,38.0
5778.0,1548.0,6935.712,38.0
5645.0,1270.0,6936.012000000001,38.0
5560.0,1092.0,6936.332,38.0
5447.0,854.0,6936.652,38.0
5382.0,718.0,6936.832,38.0
5272.0,490.0,6937.072,38.0
5167.0,275.0,6937.412,38.0
5122.0,182.0,6937.532,38.0
5025.0,-18.0,6937.792,38.0
4935.0,-206.0,6938.033,38.0
4852.0,-378.0,6938.253000000001,38.0
4746.0,-599.0,6938.493,38.0
4419.0,-1274.0,6939.3730000000005,38.0
4349.0,-1416.0,6939.553,38.0
4279.0,-1558.0,6939.733,38.0
4161.0,-1794.0,6940.033,38.0
4074.0,-1966.0,6940.252,38.0
4003.0,-2107.0,6940.432000000001,38.0
3930.0,-2248.0,6940.612,38.0
3774.0,-2548.0,6940.912,38.0
3623.0,-2831.0,6941.292,38.0
3460.0,-3121.0,6941.732,38.0
3371.0,-3272.0,6941.932000000001,38.0
3297.0,-3389.0,6942.092000000001,38.0
3183.0,-3552.0,6942.332,38.0
3025.0,-3741.0,6942.552000000001,38.0
2840.0,-3907.0,6942.952,38.0
2639.0,-4024.0,6943.372,38.0
2527.0,-4068.0,6943.592000000001,38.0
2409.0,-4100.0,6943.812,38.0
2249.0,-4117.0,6943.972000000001,38.0
2069.0,-4099.0,6944.412,38.0
1982.0,-4078.0,6944.572,38.0
1876.0,-4040.0,6944.773,38.0
1775.0,-3991.0,6944.973,38.0
1688.0,-3936.0,6945.153,38.0
1614.0,-3881.0,6945.313,38.0
1455.0,-3725.0,6945.593000000001,38.0
1312.0,-3532.0,6945.953,38.0
1225.0,-3384.0,6946.3730000000005,38.0
1161.0,-3264.0,6946.593000000001,38.0
1068.0,-3089.0,6946.812,38.0
999.0,-2969.0,6947.1320000000005,38.0
925.0,-2852.0,6947.352000000001,38.0
845.0,-2735.0,6947.572,38.0
691.0,-2525.0,6947.872,38.0
636.0,-2451.0,6948.112,38.0
550.0,-2335.0,6948.332,38.0
369.0,-2092.0,6948.692,38.0
293.0,-1993.0,6948.952,38.0
219.0,-1900.0,6949.152,38.0
134.0,-1797.0,6949.392000000001,38.0
60.0,-1710.0,6949.612,38.0
8.0,-1650.0,6949.772,38.0
-125.0,-1498.0,6950.072,38.0
-234.0,-1377.0,6950.492,38.0
-345.0,-1251.0,6950.972000000001,38.0
-380.0,-1212.0,6951.273,38.0
-417.0,-1171.0,6951.453,38.0
-497.0,-1090.0,6951.793000000001,38.0
-546.0,-1047.0,6952.113,38.0
-585.0,-1018.0,6952.313,38.0
-622.0,-993.0,6952.513,38.0
-679.0,-963.0,6952.813,38.0
-726.0,-942.0,6953.033,38.0
-772.0,-927.0,6953.3330000000005,38.0
-815.0,-919.0,6953.572,38.0
-877.0,-915.0,6953.832,38.0
-926.0,-914.0,6954.192,38.0
-954.0,-917.0,6954.352000000001,38.0
-992.0,-924.0,6954.572,38.0
-1143.0,-999.0,6955.452,38.0
-1161.0,-1012.0,6955.572,38.0
-1206.0,-1047.0,6955.892000000001,38.0
-1229.0,-1065.0,6956.052000000001,38.0
-1280.0,-1101.0,6956.252,38.0
-1329.0,-1130.0,6956.692,38.0
-1361.0,-1145.0,6956.872,38.0
-1390.0,-1156.0,6957.032,38.0
-1459.0,-1169.0,6957.252,38.0
-1490.0,-1170.0,6957.552000000001,38.0
-1551.0,-1164.0,6957.853,38.0
-1614.0,-1149.0,6958.093000000001,38.0
-1657.0,-1136.0,6958.393,38.0
-1703.0,-1118.0,6958.633000000001,38.0
-1740.0,-1102.0,6958.8330000000005,38.0
-1855.0,-1032.0,6959.113,38.0
-1894.0,-999.0,6959.433,38.0
-1935.0,-958.0,6959.633000000001,38.0
-2024.0,-850.0,6959.973,38.0
-2059.0,-806.0,6960.272,38.0
-2113.0,-735.0,6960.552000000001,38.0
-2144.0,-686.0,6960.732,38.0
-2194.0,-592.0,6960.892000000001,38.0
-2226.0,-512.0,6961.152,38.0
-2246.0,-454.0,6961.332,38.0
-2270.0,-375.0,6961.572,38.0
-2293.0,-267.0,6961.752,38.0
-2306.0,-162.0,6962.192,38.0
-2311.0,-84.0,6962.412,38.0
-2312.0,37.0,6962.6320000000005,38.0
-2305.0,123.0,6962.992,38.0
-2298.0,180.0,6963.152,38.0
-2279.0,287.0,6963.452,38.0
-2244.0,415.0,6963.6720000000005,38.0
-2185.0,558.0,6964.052000000001,38.0
-2151.0,627.0,6964.353,38.0
-2097.0,724.0,6964.633000000001,38.0
-2032.0,827.0,6964.8330000000005,38.0
-1981.0,899.0,6965.253000000001,38.0
-1914.0,993.0,6965.513,38.0
-1870.0,1053.0,6965.673000000001,38.0
-1763.0,1200.0,6965.933,38.0
-1700.0,1284.0,6966.273,39.0
-1634.0,1370.0,6966.493,39.0
-1571.0,1448.0,6966.692,39.0
-1481.0,1561.0,6966.952,39.0
-1390.0,1677.0,6967.252,39.0
-1293.0,1808.0,6967.552000000001,39.0
-1273.0,1835.0,6967.612,39.0
-1201.0,1934.0,6967.832,39.0
-1045.0,2148.0,6968.1720000000005,39.0
-997.0,2214.0,6968.432,39.0
-842.0,2427.0,6968.792,39.0
-770.0,2527.0,6969.072,39.0
-653.0,2689.0,6969.392,39.0
-588.0,2782.0,6969.572,39.0
-545.0,2845.0,6969.692,39.0
-429.0,3016.0,6970.012000000001,39.0
-357.0,3124.0,6970.212,39.0
-241.0,3300.0,6970.412,39.0
-158.0,3422.0,6970.752,39.0
-81.0,3531.0,6970.953,39.0
22.0,3672.0,6971.213000000001,39.0
88.0,3758.0,6971.3730000000005,39.0
181.0,3874.0,6971.593,39.0
287.0,3997.0,6971.8330000000005,39.0
360.0,4075.0,6971.993,39.0
438.0,4152.0,6972.173,39.0
529.0,4231.0,6972.353,39.0
625.0,4302.0,6972.533,39.0
886.0,4433.0,6972.893,39.0
1000.0,4468.0,6973.153,39.0
1117.0,4493.0,6973.332,39.0
1316.0,4515.0,6973.6320000000005,39.0
1450.0,4519.0,6973.832,39.0
1569.0,4518.0,6974.012000000001,39.0
1768.0,4504.0,6974.312,39.0
1915.0,4486.0,6974.532,39.0
2035.0,4469.0,6974.712,39.0
2291.0,4443.0,6974.952,39.0
2359.0,4440.0,6975.192,39.0
2524.0,4440.0,6975.432,39.0
2754.0,4459.0,6975.772,39.0
2913.0,4493.0,6975.952,39.0
3097.0,4554.0,6976.1320000000005,39.0
3230.0,4615.0,6976.452,39.0
3354.0,4686.0,6976.6720000000005,39.0
3554.0,4829.0,6976.992,39.0
3661.0,4921.0,6977.312,39.0
3763.0,5018.0,6977.553,39.0
3882.0,5138.0,6977.853,39.0
3943.0,5199.0,6978.013,39.0
4010.0,5265.0,6978.193,39.0
4102.0,5354.0,6978.453,39.0
4170.0,5418.0,6978.653,39.0
4210.0,5455.0,6978.773,39.0
4262.0,5501.0,6978.933,39.0
4366.0,5593.0,6979.273,39.0
4418.0,5637.0,6979.453,39.0
4495.0,5700.0,6979.713000000001,39.0
4561.0,5755.0,6979.992,39.0
4649.0,5818.0,6980.252,39.0
4713.0,5855.0,6980.652,39.0
4780.0,5881.0,6980.912,39.0
4823.0,5892.0,6981.072,39.0
4884.0,5899.0,6981.292,39.0
5150.0,5835.0,6982.332,39.0
5184.0,5811.0,6982.492,39.0
5236.0,5766.0,6982.752,39.0
5303.0,5675.0,6983.092000000001,39.0
5322.0,5634.0,6983.332,39.0
5341.0,5586.0,6983.512000000001,39.0
5360.0,5518.0,6983.752,39.0
5374.0,5447.0,6983.992,39.0
5385.0,5355.0,6984.293000000001,39.0
5390.0,5299.0,6984.473,39.0
5403.0,5178.0,6984.713000000001,39.0
5415.0,5114.0,6985.013,39.0
5432.0,5054.0,6985.233,39.0
5468.0,4969.0,6985.573,39.0
5501.0,4917.0,6985.673,39.0
5545.0,4862.0,6986.113,39.0
5589.0,4819.0,6986.393,39.0
5618.0,4795.0,6986.572,39.0
5651.0,4773.0,6986.772,39.0
5688.0,4753.0,6986.992,39.0
5735.0,4736.0,6987.192,39.0
5765.0,4731.0,6987.452,39.0
5839.0,4745.0,6987.772,39.0
5870.0,4761.0,6988.1320000000005,39.0
5907.0,4786.0,6988.432,39.0
5931.0,4806.0,6988.652,39.0
5938.0,4812.0,6988.712,39.0
5969.0,4842.0,6989.032,39.0
5986.0,4859.0,6989.212,39.0
6002.0,4877.0,6989.392,39.0
6030.0,4913.0,6989.712,39.0
6058.0,4952.0,6990.072,39.0
6086.0,4994.0,6990.272,39.0
6102.0,5022.0,6990.612,39.0
6122.0,5057.0,6990.853,39.0
6142.0,5097.0,6991.093,39.0
6164.0,5146.0,6991.3330000000005,39.0
6198.0,5232.0,6991.753000000001,39.0
6216.0,5284.0,6992.053,39.0
6233.0,5339.0,6992.293000000001,39.0
6244.0,5377.0,6992.453,39.0
6258.0,5426.0,6992.653,39.0
6278.0,5504.0,6992.953,39.0
6291.0,5563.0,6993.1720000000005,39.0
6304.0,5631.0,6993.412,39.0
6312.0,5678.0,6993.572,39.0
6316.0,5702.0,6993.652,39.0
6327.0,5805.0,6993.852,39.0
6331.0,5881.0,6994.092000000001,39.0
6326.0,6041.0,6994.432,39.0
6321.0,6089.0,6994.712,39.0
6308.0,6188.0,6994.992,39.0
6281.0,6316.0,6995.232,39.0
6267.0,6366.0,6995.492,39.0
6215.0,6510.0,6995.792,39.0
6141.0,6660.0,6996.272,39.0
6073.0,6774.0,6996.6320000000005,39.0
6039.0,6823.0,6996.772,39.0
5982.0,6899.0,6996.992,39.0
5859.0,7039.0,6997.293000000001,39.0
5806.0,7091.0,6997.573,39.0
5654.0,7223.0,6997.893,39.0
5482.0,7359.0,6998.353,39.0
5409.0,7415.0,6998.613,39.0
5226.0,7557.0,6998.953,39.0
5118.0,7646.0,6999.313,39.0
5034.0,7715.0,6999.513,39.0
4889.0,7837.0,6999.812,39.0
4691.0,8007.0,7000.232,39.0
4577.0,8104.0,7000.572,39.0
4542.0,8134.0,7000.652,39.0
4453.0,8210.0,7000.852,39.0
4284.0,8356.0,7001.232,39.0
4203.0,8425.0,7001.412,39.0
4103.0,8510.0,7001.6320000000005,39.0
3967.0,8627.0,7001.812,39.0
3866.0,8715.0,7002.152,39.0
3766.0,8803.0,7002.372,39.0
3637.0,8916.0,7002.652,39.0
3582.0,8965.0,7002.772,39.0
3498.0,9038.0,7002.952,39.0
3312.0,9201.0,7003.212,39.0
3218.0,9283.0,7003.552000000001,39.0
3124.0,9366.0,7003.752,39.0
3040.0,9440.0,7003.933,39.0
2822.0,9630.0,7004.273,39.0
2680.0,9752.0,7004.693,39.0
2511.0,9900.0,7004.933,39.0
2340.0,10051.0,7005.293000000001,39.0
2168.0,10205.0,7005.713000000001,39.0
1963.0,10389.0,7006.173,39.0
1830.0,10507.0,7006.572,39.0
1681.0,10629.0,7006.972,39.0
1553.0,10726.0,7007.192,39.0
1472.0,10777.0,7007.472,39.0
1343.0,10847.0,7007.792,39.0
1290.0,10870.0,7007.932,39.0
1211.0,10899.0,7008.1320000000005,39.0
928.0,10947.0,7008.912,39.0
857.0,10948.0,7009.112,39.0
796.0,10946.0,7009.292,39.0
713.0,10936.0,7009.552000000001,39.0
658.0,10922.0,7009.732,39.0
567.0,10887.0,7010.032,39.0
517.0,10862.0,7010.212,39.0
436.0,10807.0,7010.433,39.0
381.0,10752.0,7010.793000000001,39.0
337.0,10691.0,7011.033,39.0
307.0,10643.0,7011.213000000001,39.0
275.0,10581.0,7011.433,39.0
251.0,10530.0,7011.613,39.0
243.0,10512.0,7011.673,39.0
219.0,10440.0,7011.9130000000005,39.0
200.0,10326.0,7012.253000000001,39.0
194.0,10262.0,7012.433,39.0
190.0,10188.0,7012.633,39.0
187.0,10128.0,7012.793000000001,39.0
182.0,10037.0,7013.032,39.0
174.0,9947.0,7013.272,39.0
163.0,9878.0,7013.452,39.0
125.0,9759.0,7013.732,39.0
96.0,9704.0,7013.912,39.0
53.0,9642.0,7014.1320000000005,39.0
18.0,9603.0,7014.292,39.0
-64.0,9532.0,7014.572,39.0
-123.0,9496.0,7014.852,39.0
-240.0,9451.0,7015.152,39.0
-292.0,9443.0,7015.452,39.0
-355.0,9443.0,7015.6720000000005,39.0
-404.0,9450.0,7015.852,39.0
-491.0,9486.0,7016.192,39.0
-533.0,9512.0,7016.372,39.0
-583.0,9554.0,7016.612,39.0
-617.0,9589.0,7016.792,39.0
-638.0,9615.0,7016.912,39.0
-697.0,9710.0,7017.253000000001,39.0
-735.0,9802.0,7017.653,39.0
-743.0,9825.0,7017.733,39.0
-770.0,9956.0,7018.033,39.0
-775.0,10060.0,7018.453,39.0
-773.0,10121.0,7018.713000000001,39.0
-766.0,10198.0,7018.973,39.0
-757.0,10266.0,7019.213000000001,39.0
-739.0,10354.0,7019.393,39.0
-719.0,10433.0,7019.832,39.0
-683.0,10544.0,7020.1320000000005,39.0
-658.0,10611.0,7020.472,39.0
-630.0,10680.0,7020.712,39.0
-596.0,10757.0,7020.852,39.0
-531.0,10892.0,7021.312,39.0
-478.0,10996.0,7021.732,39.0
-460.0,11029.0,7021.832,39.0
-413.0,11117.0,7022.092000000001,39.0
-382.0,11173.0,7022.252,39.0
-297.0,11314.0,7022.512000000001,39.0
-195.0,11462.0,7022.972,39.0
-142.0,11534.0,7023.272,39.0
-28.0,11676.0,7023.532,39.0
87.0,11804.0,7024.033,39.0
199.0,11917.0,7024.233,39.0
244.0,11959.0,7024.473,39.0
351.0,12057.0,7024.753000000001,39.0
432.0,12125.0,7024.953,39.0
508.0,12184.0,7025.133,39.0
631.0,12274.0,7025.4130000000005,39.0
800.0,12380.0,7025.693,39.0
900.0,12431.0,7025.973,39.0
1001.0,12479.0,7026.173,39.0
1165.0,12547.0,7026.492,39.0
1258.0,12581.0,7026.6720000000005,39.0
1342.0,12609.0,7026.832,39.0
1513.0,12659.0,7027.032,39.0
1632.0,12689.0,7027.372,39.0
1753.0,12716.0,7027.592000000001,39.0
1987.0,12758.0,7027.892,39.0
2140.0,12780.0,7028.312,39.0
2266.0,12796.0,7028.532,39.0
2382.0,12809.0,7028.732,39.0
2499.0,12821.0,7028.932,39.0
2652.0,12838.0,7029.1720000000005,39.0
2843.0,12857.0,7029.512000000001,39.0
3001.0,12872.0,7029.772,39.0
3025.0,12875.0,7029.812,39.0
3247.0,12898.0,7030.173,39.0
3360.0,12911.0,7030.353,39.0
3461.0,12922.0,7030.513,39.0
3628.0,12941.0,7030.773,39.0
3667.0,12945.0,7030.8330000000005,39.0
3837.0,12964.0,7031.093,39.0
4074.0,12991.0,7031.393,39.0
4246.0,13014.0,7031.713,39.0
4391.0,13033.0,7031.933,39.0
4496.0,13047.0,7032.093,39.0
4627.0,13064.0,7032.293000000001,39.0
4844.0,13090.0,7032.633,39.0
4944.0,13099.0,7032.793000000001,39.0
5076.0,13110.0,7033.012000000001,39.0
5253.0,13114.0,7033.232,39.0
5385.0,13103.0,7033.592000000001,39.0
5526.0,13077.0,7033.852,39.0
5630.0,13050.0,7034.052000000001,39.0
5741.0,13012.0,7034.272,39.0
5817.0,12979.0,7034.432,39.0
5972.0,12892.0,7034.692,39.0
6049.0,12839.0,7034.952,39.0
6170.0,12741.0,7035.252,39.0
6253.0,12662.0,7035.472,39.0
6358.0,12531.0,7035.692,39.0
6436.0,12402.0,7036.072,39.0
6492.0,12293.0,7036.292,39.0
6578.0,12088.0,7036.552000000001,39.0
6618.0,11972.0,7036.8730000000005,39.0
6666.0,11815.0,7037.133,39.0
6704.0,11677.0,7037.353,39.0
6746.0,11508.0,7037.553,39.0
6798.0,11278.0,7037.953,39.0
6809.0,11223.0,7038.033,39.0
6849.0,11013.0,7038.273,39.0
6896.0,10709.0,7038.613,39.0
6926.0,10455.0,7039.013,39.0
6947.0,10242.0,7039.313,39.0
6964.0,10026.0,7039.592000000001,39.0
6971.0,9901.0,7039.752,39.0
6975.0,9790.0,7039.892,39.0
6979.0,9648.0,7040.072,39.0
6988.0,9280.0,7040.392,39.0
6994.0,9135.0,7040.712,39.0
7005.0,8955.0,7040.952,39.0
7025.0,8778.0,7041.1720000000005,39.0
7053.0,8601.0,7041.392,39.0
7082.0,8456.0,7041.572,39.0
7120.0,8296.0,7041.772,39.0
7168.0,8121.0,7041.992,39.0
7206.0,7996.0,7042.152,39.0
7277.0,7794.0,7042.412,39.0
7351.0,7610.0,7042.652,39.0
7452.0,7348.0,7042.872,39.0
7533.0,7019.0,7043.313,39.0
7537.0,6841.0,7043.693,39.0
7513.0,6642.0,7043.953,39.0
7466.0,6420.0,7044.113,39.0
7408.0,6190.0,7044.573,39.0
7352.0,5940.0,7044.813,39.0
7319.0,5677.0,7045.193,39.0
7318.0,5564.0,7045.513,39.0
7334.0,5418.0,7045.753000000001,39.0
7361.0,5312.0,7045.933,39.0
7394.0,5220.0,7046.093,39.0
7536.0,4950.0,7046.452,39.0
7612.0,4826.0,7046.832,39.0
7681.0,4702.0,7047.072,39.0
7691.0,4682.0,7047.112,39.0
7755.0,4518.0,7047.432,39.0
7783.0,4391.0,7047.6720000000005,39.0
7790.0,4294.0,7047.852,39.0
7783.0,4196.0,7048.032,39.0
7729.0,3983.0,7048.292,39.0
7696.0,3902.0,7048.592000000001,39.0
7652.0,3815.0,7048.772,39.0
7589.0,3715.0,7048.992,39.0
7522.0,3629.0,7049.192,39.0
7452.0,3559.0,7049.372,39.0
7345.0,3477.0,7049.612,39.0
7193.0,3387.0,7049.9130000000005,39.0
7096.0,3337.0,7050.093,39.0
6966.0,3266.0,7050.3330000000005,39.0
6804.0,3148.0,7050.553,39.0
6707.0,3056.0,7050.853,39.0
6520.0,2856.0,7051.133,39.0
6424.0,2737.0,7051.473,39.0
6330.0,2604.0,7051.713,39.0
6209.0,2405.0,7052.033,39.0
6187.0,2366.0,7052.093,39.0
6067.0,2139.0,7052.433,39.0
5978.0,1959.0,7052.613,39.0
5909.0,1818.0,7052.892,39.0
5769.0,1530.0,7053.232,39.0
5670.0,1323.0,7053.572,39.0
5570.0,1114.0,7053.852,39.0
5519.0,1005.0,7053.992,39.0
5460.0,883.0,7054.152,39.0
5380.0,714.0,7054.372,39.0
5237.0,419.0,7054.692,39.0
5115.0,167.0,7055.072,39.0
4800.0,-487.0,7055.892,39.0
4722.0,-648.0,7056.092000000001,39.0
4648.0,-800.0,7056.272,39.0
4554.0,-995.0,7056.513,39.0
4419.0,-1272.0,7056.753000000001,39.0
4331.0,-1452.0,7057.073,39.0
4143.0,-1829.0,7057.4130000000005,39.0
4011.0,-2091.0,7057.813,39.0
3851.0,-2401.0,7058.233,39.0
3759.0,-2577.0,7058.453,39.0
3655.0,-2772.0,7058.653,39.0
3487.0,-3075.0,7059.073,39.0
3424.0,-3183.0,7059.213,39.0
3323.0,-3348.0,7059.432,39.0
3211.0,-3514.0,7059.6720000000005,39.0
3105.0,-3649.0,7059.892,39.0
3008.0,-3759.0,7060.092000000001,39.0
2978.0,-3789.0,7060.152,39.0
2813.0,-3926.0,7060.472,39.0
2713.0,-3987.0,7060.652,39.0
2567.0,-4054.0,7060.912,39.0
2469.0,-4086.0,7061.112,39.0
2390.0,-4104.0,7061.252,39.0
2179.0,-4114.0,7061.512000000001,39.0
2027.0,-4090.0,7061.912,39.0
1974.0,-4075.0,7062.012000000001,39.0
1831.0,-4020.0,7062.292,39.0
1678.0,-3929.0,7062.572,39.0
1522.0,-3796.0,7062.972,39.0
1442.0,-3710.0,7063.173,39.0
1335.0,-3567.0,7063.3730000000005,39.0
1203.0,-3344.0,7063.813,39.0
1150.0,-3243.0,7064.073,39.0
1085.0,-3120.0,7064.293000000001,39.0
1009.0,-2985.0,7064.533,39.0
910.0,-2830.0,7064.813,39.0
849.0,-2741.0,7064.973,39.0
802.0,-2675.0,7065.093,39.0
606.0,-2411.0,7065.433,39.0
525.0,-2300.0,7065.773,39.0
382.0,-2109.0,7066.072,39.0
357.0,-2076.0,7066.1320000000005,39.0
264.0,-1957.0,7066.352,39.0
84.0,-1738.0,7066.6320000000005,39.0
-36.0,-1599.0,7067.052000000001,39.0
-70.0,-1560.0,7067.1320000000005,39.0
-276.0,-1329.0,7067.472,39.0
-407.0,-1182.0,7067.872,39.0
-474.0,-1111.0,7068.212,39.0
-588.0,-1014.0,7068.492,39.0
-651.0,-975.0,7068.792,39.0
-726.0,-940.0,7069.032,39.0
-787.0,-922.0,7069.232,39.0
-848.0,-914.0,7069.432,39.0
-906.0,-912.0,7069.613,39.0
-963.0,-916.0,7069.813,39.0
-1033.0,-935.0,7070.073,39.0
-1129.0,-987.0,7070.393,39.0
-1233.0,-1066.0,7070.773,39.0
-1280.0,-1101.0,7071.053,39.0
-1376.0,-1152.0,7071.393,39.0
-1485.0,-1173.0,7071.613,39.0
-1522.0,-1171.0,7071.8730000000005,39.0
-1611.0,-1152.0,7072.153,39.0
-1668.0,-1134.0,7072.3330000000005,39.0
-1735.0,-1106.0,7072.553,39.0
-1856.0,-1032.0,7072.832,39.0
-1961.0,-930.0,7073.232,39.0
-2015.0,-862.0,7073.592000000001,39.0
-2061.0,-805.0,7073.772,39.0
-2117.0,-730.0,7073.992,39.0
-2199.0,-579.0,7074.252,39.0
-2245.0,-461.0,7074.6320000000005,39.0
-2268.0,-383.0,7074.792,39.0
-2291.0,-282.0,7074.992,39.0
-2308.0,-153.0,7075.232,39.0
-2314.0,27.0,7075.452,39.0
-2294.0,217.0,7075.872,39.0
-2266.0,349.0,7076.092000000001,39.0
-2227.0,470.0,7076.293000000001,39.0
-2169.0,596.0,7076.473,39.0
-2086.0,746.0,7076.733,39.0
-2027.0,835.0,7076.9130000000005,39.0
-1908.0,1002.0,7077.213,39.0
-1892.0,1024.0,7077.253000000001,39.0
-1792.0,1161.0,7077.473,39.0
-1670.0,1323.0,7077.753000000001,40.0
-1551.0,1473.0,7078.013,40.0
-1476.0,1567.0,7078.173000000001,40.0
-1429.0,1627.0,7078.273,40.0
-1272.0,1836.0,7078.613,40.0
-1189.0,1951.0,7078.793000000001,40.0
-1001.0,2209.0,7079.073,40.0
-953.0,2274.0,7079.292,40.0
-742.0,2565.0,7079.592000000001,40.0
-542.0,2850.0,7080.032,40.0
-466.0,2961.0,7080.312,40.0
-363.0,3115.0,7080.532,40.0
-251.0,3285.0,7080.772,40.0
-165.0,3411.0,7080.952,40.0
-27.0,3605.0,7081.232,40.0
212.0,3911.0,7081.552000000001,40.0
278.0,3987.0,7081.812,40.0
452.0,4166.0,7082.112,40.0
551.0,4250.0,7082.272,40.0
812.0,4405.0,7082.532,40.0
1011.0,4472.0,7082.9130000000005,40.0
1925.0,4485.0,7083.973,40.0
2139.0,4456.0,7084.353,40.0
2322.0,4441.0,7084.593,40.0
2445.0,4439.0,7084.753000000001,40.0
2614.0,4443.0,7084.973,40.0
2748.0,4458.0,7085.153,40.0
2898.0,4489.0,7085.353,40.0
3030.0,4529.0,7085.533,40.0
3170.0,4585.0,7085.733,40.0
3278.0,4640.0,7085.892,40.0
3407.0,4719.0,7086.092000000001,40.0
3565.0,4837.0,7086.352,40.0
3733.0,4988.0,7086.652,40.0
3861.0,5116.0,7086.852,40.0
4010.0,5265.0,7087.1720000000005,40.0
4146.0,5396.0,7087.432000000001,40.0
4280.0,5518.0,7087.612,40.0
4384.0,5608.0,7087.952,40.0
4471.0,5681.0,7088.1720000000005,40.0
4545.0,5741.0,7088.372,40.0
4612.0,5793.0,7088.552000000001,40.0
4762.0,5876.0,7088.892,40.0
4871.0,5899.0,7089.312,40.0
4899.0,5901.0,7089.393,40.0
4978.0,5897.0,7089.633,40.0
5100.0,5863.0,7089.933,40.0
5208.0,5792.0,7090.3730000000005,40.0
5248.0,5754.0,7090.713000000001,40.0
5282.0,5711.0,7090.9130000000005,40.0
5305.0,5672.0,7091.073,40.0
5333.0,5608.0,7091.313,40.0
5364.0,5502.0,7091.553,40.0
5376.0,5438.0,7091.8730000000005,40.0
5387.0,5337.0,7092.173000000001,40.0
5401.0,5194.0,7092.433,40.0
5429.0,5063.0,7092.792,40.0
5465.0,4975.0,7093.232,40.0
5473.0,4959.0,7093.292,40.0
5523.0,4887.0,7093.592000000001,40.0
5556.0,4849.0,7093.772,40.0
5588.0,4819.0,7093.932000000001,40.0
5636.0,4782.0,7094.1720000000005,40.0
5670.0,4761.0,7094.332,40.0
5765.0,4730.0,7094.692,40.0
5820.0,4736.0,7095.032,40.0
5881.0,4765.0,7095.332,40.0
5926.0,4798.0,7095.512000000001,40.0
5991.0,4863.0,7095.953,40.0
6045.0,4931.0,7096.173000000001,40.0
6073.0,4971.0,7096.473,40.0
6105.0,5024.0,7096.693,40.0
6149.0,5111.0,7096.9130000000005,40.0
6176.0,5172.0,7097.213000000001,40.0
6201.0,5238.0,7097.4130000000005,40.0
6260.0,5429.0,7097.773,40.0
6277.0,5499.0,7098.073,40.0
6297.0,5589.0,7098.273,40.0
6316.0,5697.0,7098.493,40.0
6331.0,5845.0,7098.713000000001,40.0
6332.0,5953.0,7098.9130000000005,40.0
6327.0,6044.0,7099.073,40.0
6310.0,6184.0,7099.312,40.0
6280.0,6326.0,7099.552000000001,40.0
6235.0,6464.0,7099.792,40.0
6181.0,6588.0,7100.012000000001,40.0
6111.0,6715.0,7100.232,40.0
6076.0,6771.0,7100.332,40.0
6000.0,6878.0,7100.532,40.0
5923.0,6972.0,7100.712,40.0
5724.0,7165.0,7101.072,40.0
5593.0,7274.0,7101.352,40.0
5400.0,7422.0,7101.692,40.0
5248.0,7540.0,7101.852,40.0
5070.0,7685.0,7102.272,40.0
4827.0,7889.0,7102.493,40.0
4731.0,7972.0,7102.793000000001,40.0
4621.0,8066.0,7102.973,40.0
4399.0,8257.0,7103.3330000000005,40.0
4362.0,8289.0,7103.393,40.0
4174.0,8450.0,7103.693,40.0
4009.0,8591.0,7103.953,40.0
3831.0,8745.0,7104.133,40.0
3589.0,8958.0,7104.553,40.0
3294.0,9218.0,7104.993,40.0
3151.0,9343.0,7105.293000000001,40.0
3034.0,9445.0,7105.473,40.0
2759.0,9684.0,7105.792,40.0
2523.0,9890.0,7106.232,40.0
2390.0,10007.0,7106.452,40.0
2143.0,10228.0,7106.812,40.0
1938.0,10412.0,7107.032,40.0
1784.0,10545.0,7107.392,40.0
1599.0,10693.0,7107.612,40.0
1430.0,10802.0,7107.972000000001,40.0
1327.0,10855.0,7108.152,40.0
1107.0,10931.0,7108.432000000001,40.0
962.0,10949.0,7108.832,40.0
805.0,10947.0,7108.992,40.0
688.0,10932.0,7109.393,40.0
587.0,10897.0,7109.633,40.0
447.0,10818.0,7109.9130000000005,40.0
400.0,10776.0,7110.173000000001,40.0
300.0,10633.0,7110.513,40.0
231.0,10482.0,7110.9130000000005,40.0
212.0,10411.0,7111.173000000001,40.0
192.0,10240.0,7111.473,40.0
181.0,10035.0,7111.9130000000005,40.0
173.0,9939.0,7112.253000000001,40.0
159.0,9857.0,7112.452,40.0
126.0,9763.0,7112.752,40.0
71.0,9665.0,7112.912,40.0
30.0,9615.0,7113.232,40.0
-14.0,9571.0,7113.412,40.0
-96.0,9511.0,7113.712,40.0
-216.0,9457.0,7114.012000000001,40.0
-288.0,9443.0,7114.372,40.0
-365.0,9443.0,7114.552000000001,40.0
-427.0,9457.0,7114.852,40.0
-531.0,9510.0,7115.232,40.0
-603.0,9573.0,7115.572,40.0
-646.0,9626.0,7115.793000000001,40.0
-681.0,9679.0,7115.993,40.0
-711.0,9738.0,7116.193,40.0
-724.0,9769.0,7116.293000000001,40.0
-751.0,9855.0,7116.553,40.0
-776.0,10026.0,7116.8730000000005,40.0
-775.0,10091.0,7117.173000000001,40.0
-768.0,10193.0,7117.4130000000005,40.0
-758.0,10263.0,7117.573,40.0
-734.0,10382.0,7117.8330000000005,40.0
-706.0,10478.0,7117.993,40.0
-666.0,10595.0,7118.233,40.0
-589.0,10775.0,7118.493,40.0
-550.0,10857.0,7118.753000000001,40.0
-474.0,11004.0,7119.032,40.0
-386.0,11166.0,7119.332,40.0
-273.0,11351.0,7119.552000000001,40.0
-229.0,11416.0,7119.792,40.0
-142.0,11536.0,7120.012000000001,40.0
5.0,11716.0,7120.352,40.0
91.0,11809.0,7120.532,40.0
181.0,11900.0,7120.712,40.0
307.0,12019.0,7120.952,40.0
418.0,12115.0,7121.152,40.0
511.0,12188.0,7121.312,40.0
670.0,12301.0,7121.572,40.0
772.0,12365.0,7121.732,40.0
879.0,12422.0,7121.892,40.0
1004.0,12481.0,7122.072,40.0
1161.0,12546.0,7122.293000000001,40.0
1473.0,12649.0,7122.593,40.0
1610.0,12685.0,7122.893,40.0
1858.0,12737.0,7123.213000000001,40.0
2059.0,12769.0,7123.433,40.0
2296.0,12799.0,7123.593,40.0
2456.0,12817.0,7123.933,40.0
2600.0,12832.0,7124.113,40.0
2874.0,12860.0,7124.453,40.0
2906.0,12863.0,7124.493,40.0
3116.0,12884.0,7124.753000000001,40.0
3246.0,12898.0,7124.9130000000005,40.0
3441.0,12920.0,7125.153,40.0
3572.0,12934.0,7125.313,40.0
3784.0,12958.0,7125.573,40.0
3931.0,12974.0,7125.752,40.0
4260.0,13015.0,7126.012000000001,40.0
4636.0,13065.0,7126.532,40.0
4996.0,13104.0,7126.932000000001,40.0
5110.0,13112.0,7127.192,40.0
5307.0,13112.0,7127.452,40.0
5568.0,13069.0,7127.692,40.0
5784.0,12995.0,7128.092000000001,40.0
5928.0,12921.0,7128.312,40.0
5991.0,12881.0,7128.412,40.0
6142.0,12767.0,7128.6720000000005,40.0
6321.0,12584.0,7128.993,40.0
6410.0,12452.0,7129.253000000001,40.0
6486.0,12308.0,7129.473,40.0
6578.0,12091.0,7129.793000000001,40.0
6644.0,11893.0,7129.953,40.0
6681.0,11763.0,7130.253000000001,40.0
6737.0,11545.0,7130.553,40.0
6785.0,11337.0,7130.8330000000005,40.0
6831.0,11111.0,7131.053,40.0
6865.0,10916.0,7131.393,40.0
6890.0,10746.0,7131.613,40.0
6920.0,10514.0,7131.853,40.0
6952.0,10186.0,7132.193,40.0
6973.0,9841.0,7132.692,40.0
6979.0,9651.0,7133.012000000001,40.0
6983.0,9478.0,7133.232,40.0
6989.0,9242.0,7133.532,40.0
6992.0,9164.0,7133.6320000000005,40.0
7012.0,8882.0,7133.932000000001,40.0
7067.0,8528.0,7134.372,40.0
7115.0,8315.0,7134.732,40.0
7172.0,8106.0,7134.992,40.0
7219.0,7958.0,7135.212,40.0
7304.0,7726.0,7135.533,40.0
7368.0,7568.0,7135.753000000001,40.0
7470.0,7294.0,7136.033,40.0
7510.0,7150.0,7136.353,40.0
7524.0,7077.0,7136.473,40.0
7528.0,6752.0,7136.853,40.0
7511.0,6638.0,7137.093,40.0
7468.0,6431.0,7137.393,40.0
7455.0,6376.0,7137.473,40.0
7378.0,6067.0,7137.853,40.0
7335.0,5836.0,7138.213000000001,40.0
7317.0,5616.0,7138.653,40.0
7330.0,5440.0,7138.892,40.0
7368.0,5291.0,7139.212,40.0
7422.0,5158.0,7139.452,40.0
7483.0,5041.0,7139.6720000000005,40.0
7576.0,4885.0,7139.892,40.0
7637.0,4783.0,7140.1720000000005,40.0
7683.0,4697.0,7140.392,40.0
7744.0,4555.0,7140.6720000000005,40.0
7775.0,4440.0,7140.892,40.0
7789.0,4270.0,7141.092000000001,40.0
7759.0,4078.0,7141.572,40.0
7718.0,3955.0,7141.712,40.0
7621.0,3763.0,7142.213000000001,40.0
7571.0,3690.0,7142.3730000000005,40.0
7483.0,3588.0,7142.613,40.0
7441.0,3549.0,7142.713000000001,40.0
7276.0,3433.0,7142.973,40.0
7031.0,3303.0,7143.4130000000005,40.0
6767.0,3115.0,7143.853,40.0
6631.0,2978.0,7144.233,40.0
6527.0,2864.0,7144.493,40.0
6411.0,2720.0,7144.753000000001,40.0
6270.0,2510.0,7145.033,40.0
6156.0,2309.0,7145.393,40.0
6079.0,2163.0,7145.612,40.0
5991.0,1986.0,7145.872,40.0
5930.0,1862.0,7146.052000000001,40.0
5855.0,1708.0,7146.272,40.0
5794.0,1581.0,7146.452,40.0
5732.0,1452.0,7146.6320000000005,40.0
5663.0,1309.0,7146.832,40.0
5594.0,1164.0,7147.032,40.0
5469.0,902.0,7147.312,40.0
5413.0,784.0,7147.572,40.0
5313.0,576.0,7147.852,40.0
5241.0,427.0,7148.052000000001,40.0
5176.0,293.0,7148.232,40.0
5103.0,143.0,7148.432000000001,40.0
4966.0,-141.0,7148.753000000001,40.0
4857.0,-367.0,7149.113,40.0
4763.0,-563.0,7149.3730000000005,40.0
4698.0,-699.0,7149.553,40.0
4621.0,-857.0,7149.733,40.0
4490.0,-1126.0,7149.993,40.0
4410.0,-1291.0,7150.313,40.0
4329.0,-1456.0,7150.533,40.0
4211.0,-1694.0,7150.8330000000005,40.0
4061.0,-1992.0,7151.233,40.0
3940.0,-2230.0,7151.573,40.0
3876.0,-2352.0,7151.733,40.0
3761.0,-2574.0,7152.033,40.0
3619.0,-2838.0,7152.252,40.0
3571.0,-2925.0,7152.512000000001,40.0
3423.0,-3185.0,7152.872,40.0
3302.0,-3382.0,7153.032,40.0
3202.0,-3526.0,7153.372,40.0
3033.0,-3732.0,7153.692,40.0
2916.0,-3847.0,7153.972000000001,40.0
2725.0,-3980.0,7154.292,40.0
2546.0,-4062.0,7154.652,40.0
2409.0,-4100.0,7154.912,40.0
2151.0,-4111.0,7155.273,40.0
2028.0,-4090.0,7155.633,40.0
1825.0,-4017.0,7155.893,40.0
1744.0,-3973.0,7156.173000000001,40.0
1639.0,-3901.0,7156.393,40.0
1468.0,-3739.0,7156.733,40.0
1323.0,-3550.0,7157.113,40.0
1249.0,-3426.0,7157.433,40.0
1162.0,-3265.0,7157.733,40.0
1069.0,-3090.0,7157.933,40.0
994.0,-2961.0,7158.293000000001,40.0
927.0,-2854.0,7158.493,40.0
840.0,-2729.0,7158.732,40.0
733.0,-2583.0,7159.012000000001,40.0
609.0,-2415.0,7159.212,40.0
531.0,-2310.0,7159.532,40.0
370.0,-2094.0,7159.832,40.0
281.0,-1979.0,7160.152,40.0
104.0,-1761.0,7160.472000000001,40.0
0.0,-1639.0,7160.812,40.0
-71.0,-1558.0,7160.972000000001,40.0
-216.0,-1397.0,7161.272,40.0
-334.0,-1262.0,7161.512000000001,40.0
-406.0,-1183.0,7161.813,40.0
-465.0,-1120.0,7162.013,40.0
-533.0,-1057.0,7162.253000000001,40.0
-654.0,-973.0,7162.553,40.0
-736.0,-937.0,7162.953,40.0
-798.0,-920.0,7163.173000000001,40.0
-868.0,-913.0,7163.3330000000005,40.0
-983.0,-920.0,7163.693,40.0
-1045.0,-940.0,7164.073,40.0
-1101.0,-968.0,7164.293000000001,40.0
-1140.0,-995.0,7164.453,40.0
-1415.0,-1164.0,7165.452,40.0
-1485.0,-1173.0,7165.6720000000005,40.0
-1524.0,-1171.0,7165.792,40.0
-1617.0,-1151.0,7166.072,40.0
-1694.0,-1124.0,7166.272,40.0
-1755.0,-1096.0,7166.512000000001,40.0
-1853.0,-1035.0,7166.752,40.0
-1932.0,-963.0,7167.032,40.0
-2025.0,-851.0,7167.272,40.0
-2103.0,-750.0,7167.692,40.0
-2128.0,-713.0,7167.792,40.0
-2191.0,-597.0,7168.072,40.0
-2232.0,-498.0,7168.293000000001,40.0
-2281.0,-331.0,7168.533,40.0
-2303.0,-203.0,7168.8730000000005,40.0
-2312.0,-91.0,7169.073,40.0
-2302.0,165.0,7169.3730000000005,40.0
-2273.0,321.0,7169.773,40.0
-2260.0,369.0,7169.853,40.0
-2200.0,530.0,7170.093,40.0
-2145.0,642.0,7170.273,40.0
-2065.0,779.0,7170.513,40.0
-2012.0,856.0,7170.693,40.0
-1917.0,990.0,7170.933,40.0
-1822.0,1121.0,7171.153,40.0
-1703.0,1280.0,7171.353,41.0
-1524.0,1508.0,7171.8330000000005,41.0
-1477.0,1565.0,7171.932000000001,41.0
-1404.0,1659.0,7172.092000000001,41.0
-1233.0,1890.0,7172.432000000001,41.0
-1070.0,2114.0,7172.832,41.0
-913.0,2329.0,7173.032,41.0
-839.0,2431.0,7173.332,41.0
-728.0,2585.0,7173.572,41.0
-653.0,2688.0,7173.732000000001,41.0
-562.0,2820.0,7173.932000000001,41.0
-463.0,2966.0,7174.152,41.0
-374.0,3099.0,7174.352000000001,41.0
-276.0,3247.0,7174.572,41.0
-195.0,3367.0,7174.752,41.0
-19.0,3616.0,7175.133000000001,41.0
57.0,3718.0,7175.293000000001,41.0
135.0,3818.0,7175.453,41.0
216.0,3916.0,7175.613,41.0
367.0,4083.0,7175.893,41.0
578.0,4270.0,7176.113,41.0
719.0,4360.0,7176.473000000001,41.0
916.0,4444.0,7176.753000000001,41.0
990.0,4466.0,7176.853,41.0
1201.0,4506.0,7177.133000000001,41.0
1324.0,4516.0,7177.293000000001,41.0
1462.0,4520.0,7177.473000000001,41.0
1689.0,4512.0,7177.773,41.0
1914.0,4486.0,7177.993,41.0
2212.0,4449.0,7178.433,41.0
2451.0,4439.0,7178.792,41.0
2541.0,4440.0,7178.912,41.0
2817.0,4470.0,7179.232000000001,41.0
3117.0,4562.0,7179.612,41.0
3237.0,4618.0,7179.912,41.0
3464.0,4759.0,7180.272000000001,41.0
4048.0,5302.0,7181.352000000001,41.0
4244.0,5486.0,7181.613,41.0
4424.0,5642.0,7182.013000000001,41.0
4549.0,5744.0,7182.453,41.0
4650.0,5820.0,7182.673000000001,41.0
4743.0,5870.0,7182.813,41.0
4860.0,5899.0,7183.253000000001,41.0
4967.0,5898.0,7183.493,41.0
5033.0,5887.0,7183.753000000001,41.0
5152.0,5835.0,7184.133000000001,41.0
5218.0,5784.0,7184.453,41.0
5270.0,5727.0,7184.733,41.0
5286.0,5705.0,7184.8330000000005,41.0
5337.0,5596.0,7185.152,41.0
5354.0,5543.0,7185.472000000001,41.0
5366.0,5492.0,7185.652,41.0
5379.0,5410.0,7185.932000000001,41.0
5387.0,5340.0,7186.152,41.0
5394.0,5253.0,7186.412,41.0
5399.0,5201.0,7186.612,41.0
5409.0,5144.0,7186.772000000001,41.0
5432.0,5051.0,7186.912,41.0
5464.0,4976.0,7187.312000000001,41.0
5504.0,4911.0,7187.572,41.0
5532.0,4876.0,7187.732000000001,41.0
5565.0,4841.0,7187.912,41.0
5611.0,4800.0,7188.153,41.0
5643.0,4777.0,7188.313,41.0
5737.0,4734.0,7188.653,41.0
5783.0,4730.0,7188.993,41.0
5873.0,4760.0,7189.3330000000005,41.0
5926.0,4798.0,7189.713000000001,41.0
5940.0,4811.0,7189.793000000001,41.0
6007.0,4881.0,7190.093000000001,41.0
6048.0,4934.0,7190.453,41.0
6078.0,4979.0,7190.653,41.0
6113.0,5038.0,7190.893,41.0
6136.0,5082.0,7191.053000000001,41.0
6173.0,5165.0,7191.3330000000005,41.0
6217.0,5287.0,7191.633000000001,41.0
6265.0,5449.0,7192.052000000001,41.0
6307.0,5644.0,7192.452,41.0
6333.0,5911.0,7192.812000000001,41.0
6329.0,6021.0,7193.152,41.0
6319.0,6122.0,7193.332,41.0
6284.0,6307.0,7193.652,41.0
6254.0,6411.0,7193.832,41.0
6195.0,6559.0,7194.092000000001,41.0
5861.0,7038.0,7194.973000000001,41.0
5695.0,7190.0,7195.153,41.0
5607.0,7262.0,7195.453,41.0
5459.0,7377.0,7195.713000000001,41.0
5401.0,7421.0,7195.813,41.0
5120.0,7644.0,7196.153,41.0
5049.0,7703.0,7196.4130000000005,41.0
4939.0,7795.0,7196.613,41.0
4784.0,7927.0,7196.8730000000005,41.0
4542.0,8135.0,7197.133000000001,41.0
4394.0,8261.0,7197.513000000001,41.0
4196.0,8431.0,7197.8330000000005,41.0
4159.0,8463.0,7197.893,41.0
4033.0,8571.0,7198.093000000001,41.0
3769.0,8800.0,7198.432000000001,41.0
3568.0,8977.0,7198.832,41.0
3517.0,9022.0,7198.912,41.0
3377.0,9144.0,7199.1320000000005,41.0
3262.0,9245.0,7199.312000000001,41.0
3071.0,9413.0,7199.612,41.0
2917.0,9548.0,7199.852000000001,41.0
2761.0,9682.0,7200.092000000001,41.0
2645.0,9783.0,7200.272000000001,41.0
2490.0,9918.0,7200.512000000001,41.0
2354.0,10038.0,7200.712,41.0
2248.0,10133.0,7200.872,41.0
2159.0,10213.0,7201.012000000001,41.0
2049.0,10311.0,7201.213000000001,41.0
1872.0,10470.0,7201.493,41.0
1745.0,10577.0,7201.693,41.0
1636.0,10665.0,7201.8730000000005,41.0
1425.0,10805.0,7202.093000000001,41.0
1291.0,10871.0,7202.453,41.0
1178.0,10912.0,7202.653,41.0
1053.0,10941.0,7202.893,41.0
958.0,10949.0,7203.073,41.0
862.0,10949.0,7203.253000000001,41.0
782.0,10946.0,7203.4130000000005,41.0
677.0,10929.0,7203.653,41.0
583.0,10896.0,7203.8730000000005,41.0
442.0,10814.0,7204.213000000001,41.0
384.0,10758.0,7204.453,41.0
329.0,10683.0,7204.673000000001,41.0
248.0,10527.0,7204.953,41.0
201.0,10350.0,7205.412,41.0
194.0,10279.0,7205.692,41.0
188.0,10160.0,7205.952,41.0
185.0,10095.0,7206.092000000001,41.0
165.0,9886.0,7206.452,41.0
151.0,9828.0,7206.692,41.0
119.0,9748.0,7207.032,41.0
57.0,9647.0,7207.252,41.0
-11.0,9574.0,7207.6320000000005,41.0
-54.0,9539.0,7207.793000000001,41.0
-129.0,9492.0,7208.053000000001,41.0
-193.0,9464.0,7208.273,41.0
-284.0,9443.0,7208.533,41.0
-380.0,9445.0,7208.893,41.0
-409.0,9451.0,7208.993,41.0
-523.0,9505.0,7209.353,41.0
-598.0,9568.0,7209.733,41.0
-631.0,9606.0,7209.893,41.0
-662.0,9648.0,7210.053000000001,41.0
-720.0,9761.0,7210.3330000000005,41.0
-753.0,9861.0,7210.733,41.0
-769.0,9942.0,7210.953,41.0
-776.0,10076.0,7211.153,41.0
-774.0,10126.0,7211.4130000000005,41.0
-746.0,10328.0,7211.732000000001,41.0
-690.0,10529.0,7212.212,41.0
-657.0,10617.0,7212.512000000001,41.0
-592.0,10768.0,7212.812000000001,41.0
-537.0,10881.0,7213.032,41.0
-505.0,10944.0,7213.152,41.0
-437.0,11072.0,7213.392000000001,41.0
-365.0,11203.0,7213.6320000000005,41.0
-277.0,11345.0,7213.792,41.0
-170.0,11497.0,7214.1720000000005,41.0
-8.0,11700.0,7214.433,41.0
86.0,11804.0,7214.753000000001,41.0
217.0,11934.0,7215.013000000001,41.0
312.0,12023.0,7215.193,41.0
504.0,12182.0,7215.453,41.0
674.0,12303.0,7215.813,41.0
910.0,12437.0,7216.053000000001,41.0
1206.0,12563.0,7216.493,41.0
1383.0,12622.0,7216.8330000000005,41.0
1547.0,12669.0,7217.053000000001,41.0
1744.0,12715.0,7217.313,41.0
2047.0,12768.0,7217.533,41.0
2159.0,12783.0,7217.813,41.0
2363.0,12807.0,7218.073,41.0
2630.0,12835.0,7218.272000000001,41.0
2882.0,12861.0,7218.732000000001,41.0
3008.0,12873.0,7218.892000000001,41.0
3167.0,12890.0,7219.092000000001,41.0
3436.0,12919.0,7219.432000000001,41.0
3644.0,12942.0,7219.6320000000005,41.0
3947.0,12976.0,7220.072,41.0
3995.0,12982.0,7220.1320000000005,41.0
4236.0,13012.0,7220.432000000001,41.0
4477.0,13044.0,7220.612,41.0
4700.0,13073.0,7221.013000000001,41.0
4780.0,13083.0,7221.113,41.0
5003.0,13105.0,7221.393,41.0
5192.0,13115.0,7221.633000000001,41.0
5343.0,13109.0,7221.8330000000005,41.0
5511.0,13082.0,7222.053000000001,41.0
5586.0,13064.0,7222.153,41.0
5771.0,13001.0,7222.4130000000005,41.0
5877.0,12950.0,7222.573,41.0
6075.0,12821.0,7222.893,41.0
6176.0,12737.0,7223.073,41.0
6341.0,12557.0,7223.293000000001,41.0
6450.0,12380.0,7223.693,41.0
6503.0,12272.0,7223.853,41.0
6582.0,12078.0,7224.133000000001,41.0
6597.0,12036.0,7224.193,41.0
6652.0,11863.0,7224.433,41.0
6685.0,11746.0,7224.593000000001,41.0
6739.0,11539.0,7224.872,41.0
6780.0,11360.0,7225.112,41.0
6830.0,11117.0,7225.292,41.0
6870.0,10885.0,7225.712,41.0
6897.0,10699.0,7225.952,41.0
6905.0,10637.0,7226.032,41.0
6925.0,10464.0,7226.252,41.0
6946.0,10260.0,7226.512000000001,41.0
6962.0,10054.0,7226.772000000001,41.0
6971.0,9896.0,7226.972000000001,41.0
6976.0,9784.0,7227.112,41.0
6981.0,9562.0,7227.392000000001,41.0
6988.0,9278.0,7227.613,41.0
6994.0,9120.0,7227.953,41.0
7017.0,8843.0,7228.253000000001,41.0
7060.0,8564.0,7228.673000000001,41.0
7085.0,8441.0,7228.8330000000005,41.0
7129.0,8260.0,7229.073,41.0
7154.0,8170.0,7229.193,41.0
7189.0,8051.0,7229.353,41.0
7258.0,7845.0,7229.633000000001,41.0
7332.0,7658.0,7229.893,41.0
7538.0,6966.0,7230.8730000000005,41.0
7526.0,6726.0,7231.193,41.0
7485.0,6503.0,7231.353,41.0
7413.0,6212.0,7231.772000000001,41.0
7369.0,6025.0,7232.152,41.0
7354.0,5953.0,7232.252,41.0
7318.0,5658.0,7232.552000000001,41.0
7334.0,5418.0,7233.032,41.0
7349.0,5353.0,7233.1320000000005,41.0
7386.0,5238.0,7233.312000000001,41.0
7436.0,5127.0,7233.492,41.0
7501.0,5008.0,7233.692,41.0
7625.0,4804.0,7234.053000000001,41.0
7651.0,4757.0,7234.153,41.0
7710.0,4640.0,7234.393,41.0
7769.0,4467.0,7234.673000000001,41.0
7790.0,4290.0,7235.033,41.0
7765.0,4098.0,7235.293000000001,41.0
7682.0,3872.0,7235.673000000001,41.0
7645.0,3803.0,7235.933,41.0
7538.0,3649.0,7236.273,41.0
7454.0,3561.0,7236.493,41.0
7356.0,3484.0,7236.713000000001,41.0
7215.0,3399.0,7236.933,41.0
7075.0,3326.0,7237.253000000001,41.0
6841.0,3179.0,7237.573,41.0
6684.0,3034.0,7237.8730000000005,41.0
6525.0,2862.0,7238.352000000001,41.0
6437.0,2754.0,7238.552000000001,41.0
6308.0,2569.0,7238.772000000001,41.0
6233.0,2448.0,7239.072,41.0
6177.0,2349.0,7239.232000000001,41.0
6028.0,2060.0,7239.572,41.0
5932.0,1866.0,7239.952,41.0
5836.0,1667.0,7240.232000000001,41.0
5822.0,1639.0,7240.272000000001,41.0
5703.0,1392.0,7240.612,41.0
5633.0,1246.0,7240.813,41.0
5548.0,1067.0,7241.053000000001,41.0
5508.0,983.0,7241.153,41.0
5379.0,712.0,7241.3730000000005,41.0
5254.0,454.0,7241.853,41.0
5195.0,332.0,7242.013000000001,41.0
5151.0,240.0,7242.133000000001,41.0
5031.0,-5.0,7242.453,41.0
4905.0,-269.0,7242.673000000001,41.0
4808.0,-471.0,7243.053000000001,41.0
4680.0,-736.0,7243.273,41.0
4588.0,-924.0,7243.633000000001,41.0
4513.0,-1081.0,7243.8330000000005,41.0
4414.0,-1283.0,7244.093000000001,41.0
4376.0,-1361.0,7244.193,41.0
4276.0,-1562.0,7244.453,41.0
4184.0,-1748.0,7244.692,41.0
4076.0,-1963.0,7244.972000000001,41.0
3998.0,-2116.0,7245.1720000000005,41.0
3943.0,-2223.0,7245.312000000001,41.0
3820.0,-2461.0,7245.612,41.0
3720.0,-2650.0,7245.772000000001,41.0
3615.0,-2846.0,7246.112,41.0
3524.0,-3011.0,7246.332,41.0
3447.0,-3144.0,7246.512000000001,41.0
3286.0,-3406.0,7246.792,41.0
3182.0,-3553.0,7247.092000000001,41.0
2988.0,-3779.0,7247.453,41.0
2879.0,-3877.0,7247.713000000001,41.0
2615.0,-4035.0,7248.093000000001,41.0
2432.0,-4095.0,7248.433,41.0
2200.0,-4116.0,7248.8730000000005,41.0
1992.0,-4081.0,7249.293000000001,41.0
1948.0,-4068.0,7249.3730000000005,41.0
1808.0,-4009.0,7249.633000000001,41.0
1668.0,-3922.0,7249.9130000000005,41.0
1222.0,-3379.0,7250.953,41.0
1121.0,-3188.0,7251.292,41.0
1029.0,-3020.0,7251.712,41.0
969.0,-2920.0,7251.892000000001,41.0
912.0,-2833.0,7252.052000000001,41.0
822.0,-2704.0,7252.292,41.0
744.0,-2596.0,7252.492,41.0
680.0,-2510.0,7252.652,41.0
561.0,-2349.0,7252.952,41.0
457.0,-2208.0,7253.212,41.0
432.0,-2175.0,7253.272000000001,41.0
265.0,-1958.0,7253.652,41.0
110.0,-1768.0,7254.033,41.0
29.0,-1674.0,7254.213000000001,41.0
-124.0,-1499.0,7254.473000000001,41.0
-189.0,-1427.0,7254.693,41.0
-214.0,-1398.0,7254.973000000001,41.0
-308.0,-1292.0,7255.213000000001,41.0
-369.0,-1224.0,7255.393,41.0
-497.0,-1089.0,7255.713000000001,41.0
-622.0,-991.0,7256.113,41.0
-696.0,-953.0,7256.3730000000005,41.0
-801.0,-919.0,7256.733,41.0
-865.0,-913.0,7256.933,41.0
-950.0,-915.0,7257.253000000001,41.0
-1008.0,-926.0,7257.473000000001,41.0
-1050.0,-941.0,7257.633000000001,41.0
-1090.0,-962.0,7257.793000000001,41.0
-1176.0,-1021.0,7258.1320000000005,41.0
-1233.0,-1066.0,7258.352000000001,41.0
-1286.0,-1105.0,7258.552000000001,41.0
-1345.0,-1139.0,7258.772000000001,41.0
-1437.0,-1168.0,7258.992,41.0
-1516.0,-1171.0,7259.352000000001,41.0
-1535.0,-1169.0,7259.412,41.0
-1597.0,-1156.0,7259.612,41.0
-1667.0,-1134.0,7259.832,41.0
-1815.0,-1061.0,7260.112,41.0
-1862.0,-1029.0,7260.272000000001,41.0
-1995.0,-888.0,7260.633000000001,41.0
-2037.0,-836.0,7260.933,41.0
-2089.0,-768.0,7261.133000000001,41.0
-2193.0,-594.0,7261.453,41.0
-2243.0,-468.0,7261.793000000001,41.0
-2269.0,-380.0,7261.973000000001,41.0
-2290.0,-287.0,7262.153,41.0
-2310.0,-123.0,7262.453,41.0
-2314.0,2.0,7262.673000000001,41.0
-2309.0,96.0,7262.8330000000005,41.0
-2290.0,241.0,7263.073,41.0
-2255.0,385.0,7263.313,41.0
-2169.0,596.0,7263.493,41.0
-2037.0,821.0,7263.893,41.0
-1985.0,895.0,7264.193,41.0
-1912.0,996.0,7264.3730000000005,41.0
-1813.0,1133.0,7264.592000000001,41.0
-1701.0,1283.0,7264.852,42.0
-1602.0,1411.0,7265.072,42.0
-1480.0,1563.0,7265.331999999999,42.0
-1330.0,1756.0,7265.532,42.0
-1220.0,1908.0,7265.892,42.0
-776.0,2518.0,7266.831999999999,42.0
-585.0,2786.0,7267.112999999999,42.0
-501.0,2910.0,7267.413,42.0
-343.0,3146.0,7267.753,42.0
-212.0,3343.0,7267.973,42.0
-106.0,3495.0,7268.253,42.0
42.0,3698.0,7268.553,42.0
135.0,3817.0,7268.733,42.0
355.0,4071.0,7269.013,42.0
500.0,4208.0,7269.373,42.0
576.0,4268.0,7269.4929999999995,42.0
711.0,4355.0,7269.693,42.0
1087.0,4489.0,7270.072999999999,42.0
1198.0,4506.0,7270.333,42.0
1342.0,4518.0,7270.513,42.0
1656.0,4514.0,7270.813,42.0
1902.0,4488.0,7271.232,42.0
2024.0,4471.0,7271.392,42.0
2115.0,4459.0,7271.512,42.0
2327.0,4441.0,7271.7919999999995,42.0
2541.0,4440.0,7272.072,42.0
2676.0,4449.0,7272.2519999999995,42.0
2838.0,4475.0,7272.472,42.0
2970.0,4510.0,7272.652,42.0
3112.0,4560.0,7272.852,42.0
3274.0,4638.0,7273.092,42.0
3452.0,4751.0,7273.2919999999995,42.0
3673.0,4931.0,7273.753,42.0
3834.0,5089.0,7273.9529999999995,42.0
3897.0,5153.0,7274.173,42.0
4140.0,5390.0,7274.553,42.0
4278.0,5516.0,7274.913,42.0
4418.0,5637.0,7275.173,42.0
4497.0,5702.0,7275.433,42.0
4585.0,5773.0,7275.673,42.0
4689.0,5843.0,7275.973,42.0
4743.0,5869.0,7276.133,42.0
4840.0,5896.0,7276.413,42.0
4937.0,5900.0,7276.553,42.0
5062.0,5878.0,7277.013,42.0
5152.0,5834.0,7277.433,42.0
5194.0,5804.0,7277.612999999999,42.0
5247.0,5755.0,7277.871999999999,42.0
5293.0,5693.0,7278.052,42.0
5334.0,5605.0,7278.492,42.0
5336.0,5599.0,7278.512,42.0
5368.0,5482.0,7278.772,42.0
5384.0,5366.0,7279.272,42.0
5391.0,5290.0,7279.492,42.0
5396.0,5232.0,7279.652,42.0
5403.0,5178.0,7279.812,42.0
5423.0,5082.0,7280.093,42.0
5441.0,5027.0,7280.273,42.0
5470.0,4966.0,7280.4929999999995,42.0
5515.0,4897.0,7280.693,42.0
5571.0,4835.0,7281.072999999999,42.0
5607.0,4803.0,7281.253,42.0
5662.0,4765.0,7281.513,42.0
5696.0,4748.0,7281.673,42.0
5741.0,4733.0,7281.873,42.0
5781.0,4730.0,7282.053,42.0
5838.0,4742.0,7282.313,42.0
5888.0,4769.0,7282.553,42.0
5930.0,4802.0,7282.773,42.0
5960.0,4829.0,7282.933,42.0
6031.0,4911.0,7283.233,42.0
6062.0,4955.0,7283.553,42.0
6105.0,5024.0,7283.833,42.0
6151.0,5114.0,7284.053,42.0
6185.0,5196.0,7284.411999999999,42.0
6227.0,5317.0,7284.612,42.0
6252.0,5403.0,7284.972,42.0
6272.0,5479.0,7285.152,42.0
6298.0,5597.0,7285.411999999999,42.0
6312.0,5674.0,7285.572,42.0
6332.0,5883.0,7285.871999999999,42.0
6330.0,6005.0,7286.092,42.0
6302.0,6225.0,7286.331999999999,42.0
6275.0,6343.0,7286.673,42.0
6186.0,6578.0,7286.9529999999995,42.0
6074.0,6774.0,7287.393,42.0
5962.0,6926.0,7287.693,42.0
5870.0,7029.0,7287.893,42.0
5682.0,7201.0,7288.112999999999,42.0
5466.0,7372.0,7288.633,42.0
5443.0,7390.0,7288.673,42.0
5264.0,7527.0,7288.973,42.0
5133.0,7633.0,7289.193,42.0
4968.0,7771.0,7289.4529999999995,42.0
4848.0,7871.0,7289.673,42.0
4679.0,8017.0,7289.9529999999995,42.0
4482.0,8186.0,7290.273,42.0
4333.0,8314.0,7290.473,42.0
4182.0,8443.0,7290.753,42.0
4056.0,8551.0,7290.952,42.0
3941.0,8650.0,7291.132,42.0
3789.0,8782.0,7291.371999999999,42.0
3573.0,8972.0,7291.7119999999995,42.0
3459.0,9073.0,7291.892,42.0
3344.0,9173.0,7292.072,42.0
3242.0,9263.0,7292.232,42.0
3113.0,9376.0,7292.432,42.0
2972.0,9499.0,7292.652,42.0
2689.0,9745.0,7292.952,42.0
2612.0,9812.0,7293.2119999999995,42.0
2381.0,10014.0,7293.553,42.0
2286.0,10099.0,7293.673,42.0
2074.0,10290.0,7293.913,42.0
1932.0,10417.0,7294.253,42.0
1778.0,10551.0,7294.4929999999995,42.0
1549.0,10729.0,7294.793,42.0
1443.0,10795.0,7295.032999999999,42.0
1257.0,10884.0,7295.353,42.0
1111.0,10930.0,7295.612999999999,42.0
953.0,10949.0,7295.833,42.0
865.0,10949.0,7296.072999999999,42.0
712.0,10937.0,7296.393,42.0
669.0,10927.0,7296.4929999999995,42.0
462.0,10829.0,7296.873,42.0
396.0,10771.0,7297.233,42.0
355.0,10720.0,7297.393,42.0
318.0,10664.0,7297.552,42.0
254.0,10541.0,7297.892,42.0
217.0,10435.0,7298.052,42.0
197.0,10303.0,7298.492,42.0
192.0,10233.0,7298.652,42.0
189.0,10189.0,7298.7519999999995,42.0
127.0,9765.0,7299.7919999999995,42.0
48.0,9636.0,7300.053,42.0
-15.0,9570.0,7300.4529999999995,42.0
-81.0,9520.0,7300.693,42.0
-179.0,9469.0,7300.913,42.0
-244.0,9450.0,7301.253,42.0
-322.0,9441.0,7301.513,42.0
-431.0,9458.0,7301.773,42.0
-475.0,9477.0,7302.053,42.0
-546.0,9522.0,7302.333,42.0
-596.0,9566.0,7302.553,42.0
-622.0,9594.0,7302.673,42.0
-671.0,9662.0,7302.933,42.0
-711.0,9738.0,7303.193,42.0
-745.0,9830.0,7303.473,42.0
-762.0,9901.0,7303.673,42.0
-772.0,9968.0,7303.853,42.0
-774.0,10121.0,7304.093,42.0
-767.0,10198.0,7304.411999999999,42.0
-745.0,10331.0,7304.7119999999995,42.0
-739.0,10359.0,7304.772,42.0
-706.0,10481.0,7305.052,42.0
-664.0,10596.0,7305.232,42.0
-623.0,10698.0,7305.552,42.0
-540.0,10876.0,7305.892,42.0
-485.0,10983.0,7306.092,42.0
-427.0,11091.0,7306.2919999999995,42.0
-339.0,11246.0,7306.572999999999,42.0
-326.0,11268.0,7306.612999999999,42.0
-232.0,11411.0,7306.873,42.0
-169.0,11499.0,7307.032999999999,42.0
-60.0,11639.0,7307.293,42.0
59.0,11776.0,7307.553,42.0
149.0,11868.0,7307.733,42.0
242.0,11958.0,7307.913,42.0
360.0,12066.0,7308.133,42.0
485.0,12168.0,7308.353,42.0
617.0,12265.0,7308.572999999999,42.0
821.0,12392.0,7308.793,42.0
1014.0,12485.0,7309.173,42.0
1288.0,12592.0,7309.433,42.0
1406.0,12629.0,7309.713,42.0
1541.0,12667.0,7309.893,42.0
1814.0,12729.0,7310.253,42.0
2034.0,12766.0,7310.4529999999995,42.0
2208.0,12789.0,7310.7519999999995,42.0
2396.0,12810.0,7310.992,42.0
2758.0,12849.0,7311.312,42.0
2932.0,12866.0,7311.672,42.0
3058.0,12878.0,7311.831999999999,42.0
3217.0,12895.0,7312.032,42.0
3345.0,12909.0,7312.192,42.0
3536.0,12930.0,7312.432,42.0
3695.0,12948.0,7312.632,42.0
3887.0,12969.0,7312.871999999999,42.0
4063.0,12990.0,7313.093,42.0
4352.0,13028.0,7313.313,42.0
4480.0,13045.0,7313.612999999999,42.0
4767.0,13081.0,7313.973,42.0
5006.0,13105.0,7314.193,42.0
5310.0,13112.0,7314.532999999999,42.0
5540.0,13075.0,7314.9529999999995,42.0
5771.0,13001.0,7315.193,42.0
5968.0,12897.0,7315.572999999999,42.0
6145.0,12764.0,7315.753,42.0
6327.0,12577.0,7316.233,42.0
6446.0,12388.0,7316.433,42.0
6564.0,12126.0,7316.773,42.0
6629.0,11939.0,7317.173,42.0
6705.0,11674.0,7317.492,42.0
6756.0,11465.0,7317.812,42.0
6787.0,11329.0,7317.992,42.0
6825.0,11146.0,7318.232,42.0
6872.0,10870.0,7318.492,42.0
6915.0,10559.0,7318.952,42.0
6935.0,10370.0,7319.132,42.0
6954.0,10165.0,7319.452,42.0
6963.0,10038.0,7319.612999999999,42.0
6972.0,9863.0,7319.833,42.0
6980.0,9624.0,7320.133,42.0
6984.0,9434.0,7320.373,42.0
6989.0,9259.0,7320.593,42.0
6996.0,9086.0,7320.813,42.0
7002.0,8989.0,7320.9529999999995,42.0
7021.0,8803.0,7321.193,42.0
7045.0,8647.0,7321.393,42.0
7098.0,8386.0,7321.612999999999,42.0
7140.0,8220.0,7321.9529999999995,42.0
7226.0,7938.0,7322.253,42.0
7295.0,7749.0,7322.593,42.0
7371.0,7562.0,7322.853,42.0
7416.0,7446.0,7323.013,42.0
7477.0,7273.0,7323.253,42.0
7523.0,7083.0,7323.4529999999995,42.0
7539.0,6924.0,7323.753,42.0
7509.0,6621.0,7324.092,42.0
7454.0,6371.0,7324.492,42.0
7417.0,6227.0,7324.692,42.0
7402.0,6169.0,7324.772,42.0
7349.0,5924.0,7325.112,42.0
7326.0,5765.0,7325.272,42.0
7316.0,5598.0,7325.572,42.0
7358.0,5321.0,7325.852,42.0
7415.0,5170.0,7326.233,42.0
7464.0,5074.0,7326.393,42.0
7525.0,4969.0,7326.572999999999,42.0
7594.0,4855.0,7326.773,42.0
7676.0,4709.0,7327.093,42.0
7730.0,4591.0,7327.313,42.0
7768.0,4473.0,7327.532999999999,42.0
7785.0,4373.0,7327.713,42.0
7790.0,4273.0,7327.893,42.0
7773.0,4137.0,7328.133,42.0
7737.0,4003.0,7328.373,42.0
7649.0,3810.0,7328.612999999999,42.0
7609.0,3744.0,7328.893,42.0
7557.0,3672.0,7329.053,42.0
7451.0,3558.0,7329.333,42.0
7312.0,3455.0,7329.633,42.0
7220.0,3401.0,7329.813,42.0
7166.0,3373.0,7329.913,42.0
6917.0,3235.0,7330.233,42.0
6806.0,3149.0,7330.592,42.0
6718.0,3067.0,7330.772,42.0
6614.0,2960.0,7330.992,42.0
6540.0,2878.0,7331.152,42.0
6434.0,2751.0,7331.392,42.0
6361.0,2650.0,7331.572,42.0
6309.0,2569.0,7331.892,42.0
6221.0,2424.0,7332.192,42.0
6118.0,2239.0,7332.492,42.0
6051.0,2107.0,7332.692,42.0
5956.0,1914.0,7332.833,42.0
5881.0,1761.0,7333.193,42.0
5801.0,1596.0,7333.433,42.0
5698.0,1381.0,7333.733,42.0
5592.0,1159.0,7333.9529999999995,42.0
5431.0,822.0,7334.193,42.0
5382.0,720.0,7334.413,42.0
5269.0,485.0,7334.733,42.0
5118.0,174.0,7335.013,42.0
5068.0,70.0,7335.293,42.0
4925.0,-226.0,7335.633,42.0
4825.0,-435.0,7335.973,42.0
4693.0,-707.0,7336.253,42.0
4579.0,-944.0,7336.612999999999,42.0
4535.0,-1034.0,7336.733,42.0
4470.0,-1168.0,7336.913,42.0
4368.0,-1376.0,7337.192,42.0
4280.0,-1554.0,7337.432,42.0
4192.0,-1732.0,7337.672,42.0
4118.0,-1880.0,7337.871999999999,42.0
3982.0,-2147.0,7338.112,42.0
3909.0,-2289.0,7338.432,42.0
3826.0,-2448.0,7338.652,42.0
3753.0,-2588.0,7338.831999999999,42.0
3683.0,-2720.0,7339.012,42.0
3532.0,-2996.0,7339.353,42.0
3416.0,-3197.0,7339.673,42.0
3347.0,-3310.0,7339.833,42.0
3221.0,-3501.0,7340.112999999999,42.0
3056.0,-3707.0,7340.353,42.0
2977.0,-3791.0,7340.612999999999,42.0
2747.0,-3967.0,7340.913,42.0
2518.0,-4071.0,7341.373,42.0
2417.0,-4098.0,7341.693,42.0
2152.0,-4112.0,7342.013,42.0
1948.0,-4068.0,7342.393,42.0
1798.0,-4004.0,7342.793,42.0
1669.0,-3923.0,7343.053,42.0
1509.0,-3783.0,7343.273,42.0
1460.0,-3731.0,7343.532999999999,42.0
1377.0,-3628.0,7343.753,42.0
1309.0,-3528.0,7343.952,42.0
1060.0,-3074.0,7344.7919999999995,42.0
916.0,-2838.0,7345.092,42.0
774.0,-2638.0,7345.472,42.0
689.0,-2523.0,7345.831999999999,42.0
619.0,-2428.0,7346.013,42.0
525.0,-2301.0,7346.253,42.0
436.0,-2180.0,7346.473,42.0
359.0,-2078.0,7346.653,42.0
202.0,-1879.0,7347.032999999999,42.0
90.0,-1745.0,7347.253,42.0
12.0,-1654.0,7347.473,42.0
-145.0,-1476.0,7347.813,42.0
-229.0,-1381.0,7348.013,42.0
-306.0,-1294.0,7348.213,42.0
-362.0,-1231.0,7348.373,42.0
-415.0,-1174.0,7348.532999999999,42.0
-494.0,-1092.0,7348.793,42.0
-606.0,-1002.0,7349.032999999999,42.0
-732.0,-937.0,7349.373,42.0
-825.0,-915.0,7349.813,42.0
-946.0,-914.0,7350.072999999999,42.0
-1031.0,-934.0,7350.532,42.0
-1101.0,-968.0,7350.732,42.0
-1192.0,-1034.0,7351.132,42.0
-1241.0,-1073.0,7351.392,42.0
-1357.0,-1145.0,7351.7519999999995,42.0
-1429.0,-1167.0,7352.052,42.0
-1539.0,-1168.0,7352.331999999999,42.0
-1615.0,-1151.0,7352.653,42.0
-1695.0,-1123.0,7352.913,42.0
-1762.0,-1093.0,7353.133,42.0
-1820.0,-1058.0,7353.333,42.0
-1907.0,-987.0,7353.572999999999,42.0
-1968.0,-921.0,7353.893,42.0
-2028.0,-847.0,7354.133,42.0
-2094.0,-762.0,7354.393,42.0
-2147.0,-683.0,7354.612999999999,42.0
-2202.0,-572.0,7354.833,42.0
-2268.0,-383.0,7355.193,42.0
-2310.0,-126.0,7355.673,42.0
-2313.0,-69.0,7355.893,42.0
-2300.0,177.0,7356.233,42.0
-2270.0,334.0,7356.572999999999,42.0
-2192.0,548.0,7356.893,42.0
-2175.0,584.0,7356.9529999999995,42.0
-2113.0,701.0,7357.152,42.0
-2033.0,827.0,7357.392,42.0
-1958.0,933.0,7357.592,42.0
-1883.0,1037.0,7357.772,42.0
-1776.0,1183.0,7358.012,42.0
-1611.0,1399.0,7358.352,43.0
-1510.0,1525.0,7358.612,43.0
-1354.0,1725.0,7358.952,43.0
-1219.0,1909.0,7359.133,43.0
-1046.0,2147.0,7359.553,43.0
-879.0,2376.0,7359.893,43.0
-674.0,2659.0,7360.353,43.0
-573.0,2803.0,7360.653,43.0
-420.0,3030.0,7360.993,43.0
-366.0,3110.0,7361.113,43.0
-268.0,3259.0,7361.3330000000005,43.0
-132.0,3459.0,7361.493,43.0
-28.0,3603.0,7361.853,43.0
86.0,3756.0,7362.093,43.0
228.0,3930.0,7362.3730000000005,43.0
409.0,4125.0,7362.653,43.0
513.0,4219.0,7362.893,43.0
729.0,4365.0,7363.233,43.0
973.0,4462.0,7363.493,43.0
1093.0,4490.0,7363.732,43.0
1323.0,4516.0,7364.032,43.0
1415.0,4520.0,7364.152,43.0
1629.0,4516.0,7364.432000000001,43.0
1779.0,4504.0,7364.6320000000005,43.0
1914.0,4486.0,7364.812,43.0
2063.0,4465.0,7365.012000000001,43.0
2347.0,4440.0,7365.352,43.0
2676.0,4449.0,7365.713000000001,43.0
2895.0,4488.0,7366.113,43.0
3137.0,4570.0,7366.3330000000005,43.0
3373.0,4697.0,7366.713000000001,43.0
3612.0,4876.0,7367.073,43.0
3785.0,5040.0,7367.533,43.0
3911.0,5167.0,7367.773,43.0
4027.0,5282.0,7367.993,43.0
4112.0,5363.0,7368.153,43.0
4202.0,5447.0,7368.3330000000005,43.0
4374.0,5600.0,7368.613,43.0
4431.0,5648.0,7368.853,43.0
4545.0,5741.0,7369.153,43.0
4615.0,5795.0,7369.3730000000005,43.0
4714.0,5856.0,7369.593,43.0
4835.0,5895.0,7370.033,43.0
4890.0,5900.0,7370.193,43.0
4950.0,5899.0,7370.372,43.0
5073.0,5874.0,7370.6720000000005,43.0
5147.0,5838.0,7371.052000000001,43.0
5207.0,5793.0,7371.312,43.0
5263.0,5736.0,7371.592000000001,43.0
5307.0,5667.0,7371.872,43.0
5385.0,5358.0,7372.8730000000005,43.0
5391.0,5286.0,7373.073,43.0
5403.0,5180.0,7373.293000000001,43.0
5421.0,5089.0,7373.553,43.0
5439.0,5032.0,7373.733,43.0
5463.0,4979.0,7373.9130000000005,43.0
5493.0,4927.0,7374.113,43.0
5566.0,4840.0,7374.3730000000005,43.0
5643.0,4776.0,7374.853,43.0
5687.0,4752.0,7375.093,43.0
5753.0,4731.0,7375.393,43.0
5814.0,4735.0,7375.673000000001,43.0
5848.0,4747.0,7375.8330000000005,43.0
5885.0,4767.0,7376.013,43.0
5948.0,4819.0,7376.273,43.0
5997.0,4869.0,7376.633,43.0
6033.0,4914.0,7376.852,43.0
6048.0,4935.0,7376.952,43.0
6085.0,4991.0,7377.192,43.0
6132.0,5074.0,7377.512000000001,43.0
6175.0,5170.0,7377.712,43.0
6208.0,5258.0,7378.092000000001,43.0
6250.0,5395.0,7378.312,43.0
6281.0,5514.0,7378.732,43.0
6304.0,5626.0,7378.973,43.0
6314.0,5685.0,7379.093,43.0
6330.0,5831.0,7379.273,43.0
6333.0,5917.0,7379.433,43.0
6324.0,6075.0,7379.713000000001,43.0
6309.0,6192.0,7379.9130000000005,43.0
6271.0,6357.0,7380.193,43.0
6240.0,6450.0,7380.353,43.0
6182.0,6586.0,7380.593,43.0
6111.0,6716.0,7380.8330000000005,43.0
6050.0,6809.0,7381.013,43.0
5947.0,6945.0,7381.273,43.0
5862.0,7038.0,7381.453,43.0
5738.0,7153.0,7381.673000000001,43.0
5629.0,7245.0,7381.893,43.0
5400.0,7422.0,7382.293000000001,43.0
5305.0,7495.0,7382.453,43.0
5197.0,7581.0,7382.633,43.0
5028.0,7720.0,7382.9130000000005,43.0
4899.0,7829.0,7383.093,43.0
4741.0,7963.0,7383.273,43.0
4470.0,8196.0,7383.732,43.0
4320.0,8325.0,7384.032,43.0
4092.0,8520.0,7384.312,43.0
3914.0,8673.0,7384.6720000000005,43.0
3761.0,8807.0,7384.912,43.0
3672.0,8886.0,7385.052000000001,43.0
3531.0,9009.0,7385.272,43.0
3429.0,9099.0,7385.433,43.0
3170.0,9326.0,7385.793000000001,43.0
2988.0,9486.0,7386.113,43.0
2791.0,9657.0,7386.4130000000005,43.0
2619.0,9806.0,7386.593,43.0
2474.0,9932.0,7386.893,43.0
2194.0,10181.0,7387.153,43.0
2028.0,10330.0,7387.573,43.0
1887.0,10457.0,7387.793000000001,43.0
1784.0,10545.0,7387.953,43.0
1660.0,10646.0,7388.153,43.0
1516.0,10751.0,7388.393,43.0
1311.0,10863.0,7388.653,43.0
1167.0,10915.0,7389.013,43.0
1044.0,10942.0,7389.253000000001,43.0
919.0,10949.0,7389.493,43.0
754.0,10943.0,7389.713000000001,43.0
645.0,10919.0,7390.092000000001,43.0
602.0,10904.0,7390.192,43.0
487.0,10846.0,7390.492,43.0
390.0,10764.0,7390.712,43.0
335.0,10691.0,7391.032,43.0
296.0,10627.0,7391.212,43.0
246.0,10522.0,7391.492,43.0
219.0,10446.0,7391.692,43.0
194.0,10275.0,7392.013,43.0
189.0,10184.0,7392.293000000001,43.0
185.0,10100.0,7392.473,43.0
172.0,9934.0,7392.8330000000005,43.0
161.0,9864.0,7392.993,43.0
143.0,9803.0,7393.233,43.0
97.0,9707.0,7393.393,43.0
2.0,9586.0,7393.853,43.0
-40.0,9549.0,7394.113,43.0
-145.0,9484.0,7394.473,43.0
-205.0,9460.0,7394.673000000001,43.0
-285.0,9443.0,7394.8330000000005,43.0
-359.0,9442.0,7395.173000000001,43.0
-462.0,9470.0,7395.473,43.0
-515.0,9500.0,7395.733,43.0
-588.0,9557.0,7396.033,43.0
-668.0,9657.0,7396.293000000001,43.0
-720.0,9759.0,7396.712,43.0
-758.0,9882.0,7397.1320000000005,43.0
-773.0,9978.0,7397.352,43.0
-775.0,10097.0,7397.692,43.0
-766.0,10207.0,7397.952,43.0
-751.0,10305.0,7398.1720000000005,43.0
-747.0,10323.0,7398.212,43.0
-710.0,10469.0,7398.553,43.0
-658.0,10614.0,7398.753000000001,43.0
-611.0,10726.0,7399.073,43.0
-563.0,10829.0,7399.273,43.0
-454.0,11040.0,7399.553,43.0
-338.0,11248.0,7400.013,43.0
-208.0,11446.0,7400.4130000000005,43.0
-5.0,11704.0,7400.893,43.0
79.0,11797.0,7401.073,43.0
200.0,11918.0,7401.313,43.0
338.0,12046.0,7401.573,43.0
520.0,12195.0,7401.753000000001,43.0
729.0,12339.0,7402.233,43.0
767.0,12362.0,7402.293000000001,43.0
957.0,12459.0,7402.573,43.0
1198.0,12560.0,7402.853,43.0
1389.0,12624.0,7403.173000000001,43.0
1629.0,12689.0,7403.452,43.0
1891.0,12743.0,7403.832,43.0
2041.0,12767.0,7404.012000000001,43.0
2263.0,12795.0,7404.292,43.0
2451.0,12816.0,7404.492,43.0
2815.0,12854.0,7404.852,43.0
3149.0,12888.0,7405.313,43.0
3324.0,12907.0,7405.633,43.0
3452.0,12921.0,7405.793000000001,43.0
3740.0,12953.0,7406.153,43.0
3885.0,12969.0,7406.3330000000005,43.0
4272.0,13017.0,7406.813,43.0
4561.0,13056.0,7407.173000000001,43.0
4737.0,13078.0,7407.273,43.0
4977.0,13102.0,7407.693,43.0
5120.0,13112.0,7407.8730000000005,43.0
5312.0,13112.0,7408.133,43.0
5569.0,13068.0,7408.4130000000005,43.0
5768.0,13002.0,7408.753000000001,43.0
5964.0,12899.0,7409.053,43.0
6085.0,12813.0,7409.253000000001,43.0
6208.0,12708.0,7409.3330000000005,43.0
6408.0,12456.0,7409.853,43.0
6486.0,12308.0,7410.1320000000005,43.0
6615.0,11984.0,7410.452,43.0
6660.0,11838.0,7410.792,43.0
6701.0,11690.0,7410.992,43.0
6731.0,11571.0,7411.152,43.0
6770.0,11405.0,7411.372,43.0
6816.0,11192.0,7411.653,43.0
6867.0,10902.0,7411.893,43.0
6901.0,10668.0,7412.273,43.0
6911.0,10590.0,7412.3730000000005,43.0
6934.0,10385.0,7412.633,43.0
6962.0,10053.0,7412.9130000000005,43.0
6973.0,9847.0,7413.313,43.0
6978.0,9720.0,7413.473,43.0
6981.0,9544.0,7413.693,43.0
6990.0,9228.0,7413.973,43.0
6998.0,9057.0,7414.313,43.0
7010.0,8904.0,7414.513,43.0
7029.0,8748.0,7414.713000000001,43.0
7069.0,8516.0,7414.9130000000005,43.0
7122.0,8288.0,7415.313,43.0
7163.0,8137.0,7415.513,43.0
7249.0,7871.0,7415.813,43.0
7322.0,7682.0,7416.133,43.0
7420.0,7437.0,7416.433,43.0
7471.0,7293.0,7416.6720000000005,43.0
7524.0,7081.0,7416.992,43.0
7539.0,6936.0,7417.192,43.0
7534.0,6800.0,7417.372,43.0
7518.0,6678.0,7417.532,43.0
7497.0,6558.0,7417.692,43.0
7427.0,6266.0,7417.992,43.0
7365.0,6008.0,7418.453,43.0
7324.0,5751.0,7418.693,43.0
7318.0,5666.0,7418.933,43.0
7319.0,5528.0,7419.133,43.0
7355.0,5328.0,7419.433,43.0
7426.0,5148.0,7419.713000000001,43.0
7477.0,5050.0,7419.8730000000005,43.0
7547.0,4932.0,7420.073,43.0
7623.0,4806.0,7420.293000000001,43.0
7658.0,4742.0,7420.453,43.0
7742.0,4560.0,7420.693,43.0
7772.0,4452.0,7420.993,43.0
7789.0,4320.0,7421.233,43.0
7767.0,4108.0,7421.553,43.0
7728.0,3978.0,7421.853,43.0
7674.0,3856.0,7422.093,43.0
7601.0,3732.0,7422.353,43.0
7512.0,3619.0,7422.613,43.0
7386.0,3506.0,7422.813,43.0
7288.0,3441.0,7423.112,43.0
7182.0,3381.0,7423.312,43.0
6984.0,3277.0,7423.612,43.0
6769.0,3116.0,7424.032,43.0
6662.0,3010.0,7424.312,43.0
6530.0,2867.0,7424.592000000001,43.0
6381.0,2679.0,7424.813,43.0
6279.0,2524.0,7425.193,43.0
6214.0,2413.0,7425.3730000000005,43.0
6151.0,2301.0,7425.553,43.0
6040.0,2085.0,7425.8730000000005,43.0
5903.0,1806.0,7426.133,43.0
5785.0,1562.0,7426.533,43.0
5715.0,1416.0,7426.813,43.0
5624.0,1226.0,7427.073,43.0
5523.0,1013.0,7427.353,43.0
5479.0,923.0,7427.473,43.0
5342.0,636.0,7427.753000000001,43.0
5247.0,439.0,7428.113,43.0
5135.0,209.0,7428.4130000000005,43.0
5046.0,24.0,7428.593,43.0
4867.0,-347.0,7428.993,43.0
4792.0,-503.0,7429.3330000000005,43.0
4649.0,-798.0,7429.613,43.0
4513.0,-1080.0,7430.052000000001,43.0
4437.0,-1236.0,7430.252,43.0
4338.0,-1438.0,7430.472000000001,43.0
4254.0,-1608.0,7430.732,43.0
4161.0,-1793.0,7430.972000000001,43.0
4084.0,-1947.0,7431.1720000000005,43.0
3982.0,-2147.0,7431.433,43.0
3816.0,-2468.0,7431.713000000001,43.0
3684.0,-2719.0,7432.093,43.0
3560.0,-2945.0,7432.473,43.0
3406.0,-3213.0,7432.713000000001,43.0
3317.0,-3358.0,7433.033,43.0
3184.0,-3551.0,7433.313,43.0
3144.0,-3602.0,7433.393,43.0
2931.0,-3834.0,7433.733,43.0
2769.0,-3954.0,7434.113,43.0
2667.0,-4011.0,7434.293000000001,43.0
2609.0,-4038.0,7434.393,43.0
2452.0,-4090.0,7434.713000000001,43.0
2302.0,-4115.0,7434.973,43.0
2209.0,-4116.0,7435.133,43.0
2071.0,-4100.0,7435.3730000000005,43.0
2025.0,-4090.0,7435.453,43.0
1904.0,-4052.0,7435.673000000001,43.0
1809.0,-4009.0,7435.853,43.0
1709.0,-3951.0,7436.053,43.0
1605.0,-3873.0,7436.273,43.0
1428.0,-3693.0,7436.6320000000005,43.0
1268.0,-3461.0,7437.052000000001,43.0
1220.0,-3374.0,7437.312,43.0
1144.0,-3231.0,7437.572,43.0
1010.0,-2988.0,7437.872,43.0
950.0,-2891.0,7438.193,43.0
871.0,-2773.0,7438.4130000000005,43.0
772.0,-2635.0,7438.673000000001,43.0
702.0,-2541.0,7438.853,43.0
639.0,-2456.0,7439.013,43.0
537.0,-2317.0,7439.273,43.0
458.0,-2210.0,7439.473,43.0
406.0,-2140.0,7439.613,43.0
267.0,-1960.0,7439.9130000000005,43.0
156.0,-1823.0,7440.213000000001,43.0
60.0,-1710.0,7440.433,43.0
-18.0,-1619.0,7440.613,43.0
-170.0,-1448.0,7440.893,43.0
-254.0,-1354.0,7441.093,43.0
-330.0,-1267.0,7441.293000000001,43.0
-400.0,-1190.0,7441.493,43.0
-469.0,-1117.0,7441.713000000001,43.0
-534.0,-1056.0,7441.933,43.0
-581.0,-1019.0,7442.093,43.0
-656.0,-972.0,7442.3330000000005,43.0
-725.0,-941.0,7442.553,43.0
-803.0,-919.0,7442.793000000001,43.0
-876.0,-912.0,7443.052000000001,43.0
-957.0,-915.0,7443.332,43.0
-1052.0,-942.0,7443.612,43.0
-1131.0,-988.0,7444.012000000001,43.0
-1175.0,-1021.0,7444.192,43.0
-1224.0,-1059.0,7444.392,43.0
-1320.0,-1126.0,7444.613,43.0
-1407.0,-1162.0,7445.053,43.0
-1462.0,-1172.0,7445.233,43.0
-1531.0,-1169.0,7445.453,43.0
-1609.0,-1153.0,7445.593,43.0
-1732.0,-1107.0,7446.093,43.0
-1780.0,-1083.0,7446.253000000001,43.0
-1825.0,-1054.0,7446.4130000000005,43.0
-1928.0,-966.0,7446.693,43.0
-1979.0,-907.0,7446.993,43.0
-2045.0,-825.0,7447.253000000001,43.0
-2121.0,-724.0,7447.533,43.0
-2198.0,-581.0,7447.893,43.0
-2228.0,-510.0,7448.053,43.0
-2273.0,-366.0,7448.353,43.0
-2285.0,-315.0,7448.453,43.0
-2304.0,-187.0,7448.693,43.0
-2314.0,-19.0,7448.9130000000005,43.0
-2304.0,144.0,7449.273,43.0
-2290.0,240.0,7449.433,43.0
-2259.0,372.0,7449.652,43.0
-2213.0,502.0,7449.852,43.0
-2154.0,624.0,7450.032,43.0
-2075.0,763.0,7450.272,43.0
-1989.0,889.0,7450.532,43.0
-1901.0,1012.0,7450.752,43.0
-1733.0,1240.0,7451.012000000001,43.0
-1628.0,1377.0,7451.393,44.0
-1592.0,1423.0,7451.473,44.0
-1454.0,1595.0,7451.773,44.0
-1371.0,1701.0,7451.9529999999995,44.0
-1209.0,1923.0,7452.193,44.0
-1099.0,2074.0,7452.553,44.0
-1007.0,2200.0,7452.753,44.0
-849.0,2418.0,7453.013,44.0
-698.0,2626.0,7453.413,44.0
-586.0,2784.0,7453.652999999999,44.0
-467.0,2960.0,7453.853,44.0
-358.0,3123.0,7454.152999999999,44.0
-195.0,3368.0,7454.513,44.0
-176.0,3395.0,7454.553,44.0
-6.0,3634.0,7454.913,44.0
152.0,3839.0,7455.093,44.0
224.0,3926.0,7455.373,44.0
470.0,4182.0,7455.652999999999,44.0
568.0,4262.0,7455.9529999999995,44.0
766.0,4384.0,7456.2519999999995,44.0
970.0,4461.0,7456.532,44.0
1107.0,4492.0,7456.7119999999995,44.0
1324.0,4517.0,7456.871999999999,44.0
1527.0,4519.0,7457.2519999999995,44.0
1665.0,4514.0,7457.432,44.0
1968.0,4479.0,7457.753,44.0
2331.0,4441.0,7458.173,44.0
2528.0,4440.0,7458.572999999999,44.0
2781.0,4463.0,7458.793,44.0
2862.0,4481.0,7459.032999999999,44.0
3022.0,4527.0,7459.253,44.0
3242.0,4620.0,7459.572999999999,44.0
3422.0,4729.0,7459.813,44.0
3577.0,4847.0,7460.112999999999,44.0
3817.0,5071.0,7460.433,44.0
3901.0,5157.0,7460.713,44.0
4017.0,5272.0,7460.933,44.0
4112.0,5363.0,7461.112999999999,44.0
4214.0,5458.0,7461.313,44.0
4291.0,5527.0,7461.473,44.0
4404.0,5625.0,7461.733,44.0
4551.0,5746.0,7462.053,44.0
4651.0,5820.0,7462.413,44.0
4786.0,5884.0,7462.673,44.0
4863.0,5899.0,7463.032,44.0
4925.0,5901.0,7463.2119999999995,44.0
4990.0,5895.0,7463.411999999999,44.0
5074.0,5874.0,7463.692,44.0
5118.0,5854.0,7463.852,44.0
5162.0,5828.0,7464.032,44.0
5212.0,5789.0,7464.2519999999995,44.0
5260.0,5740.0,7464.4929999999995,44.0
5286.0,5704.0,7464.652999999999,44.0
5324.0,5631.0,7464.933,44.0
5343.0,5579.0,7465.112999999999,44.0
5360.0,5520.0,7465.313,44.0
5371.0,5470.0,7465.473,44.0
5379.0,5419.0,7465.633,44.0
5385.0,5359.0,7465.813,44.0
5398.0,5222.0,7466.173,44.0
5417.0,5105.0,7466.513,44.0
5445.0,5017.0,7466.793,44.0
5466.0,4972.0,7466.9529999999995,44.0
5497.0,4921.0,7467.152999999999,44.0
5558.0,4848.0,7467.353,44.0
5632.0,4784.0,7467.793,44.0
5674.0,4759.0,7468.072999999999,44.0
5749.0,4732.0,7468.433,44.0
5783.0,4730.0,7468.593,44.0
5833.0,4741.0,7468.833,44.0
5898.0,4777.0,7469.013,44.0
5940.0,4811.0,7469.371999999999,44.0
5996.0,4868.0,7469.692,44.0
6006.0,4880.0,7469.7519999999995,44.0
6052.0,4940.0,7470.032,44.0
6081.0,4983.0,7470.2119999999995,44.0
6135.0,5080.0,7470.492,44.0
6184.0,5193.0,7470.812,44.0
6225.0,5308.0,7471.253,44.0
6246.0,5380.0,7471.433,44.0
6264.0,5447.0,7471.593,44.0
6286.0,5536.0,7471.793,44.0
6302.0,5612.0,7471.9529999999995,44.0
6329.0,5802.0,7472.233,44.0
6332.0,5971.0,7472.553,44.0
6328.0,6037.0,7472.673,44.0
6318.0,6130.0,7472.833,44.0
6284.0,6308.0,7473.133,44.0
6241.0,6447.0,7473.373,44.0
6193.0,6563.0,7473.572999999999,44.0
6176.0,6598.0,7473.633,44.0
6038.0,6828.0,7473.933,44.0
5945.0,6947.0,7474.253,44.0
5800.0,7098.0,7474.553,44.0
5715.0,7174.0,7474.713,44.0
5549.0,7308.0,7475.013,44.0
5448.0,7386.0,7475.193,44.0
5311.0,7491.0,7475.433,44.0
5192.0,7585.0,7475.652999999999,44.0
4936.0,7797.0,7475.873,44.0
4791.0,7921.0,7476.2519999999995,44.0
4446.0,8216.0,7476.812,44.0
4284.0,8356.0,7477.072,44.0
4119.0,8497.0,7477.331999999999,44.0
4005.0,8595.0,7477.513,44.0
3864.0,8716.0,7477.733,44.0
3762.0,8806.0,7477.893,44.0
3648.0,8907.0,7478.072999999999,44.0
3546.0,8996.0,7478.233,44.0
3353.0,9166.0,7478.532999999999,44.0
3275.0,9234.0,7478.652999999999,44.0
3133.0,9359.0,7478.873,44.0
2898.0,9564.0,7479.233,44.0
2753.0,9689.0,7479.413,44.0
2595.0,9827.0,7479.693,44.0
2477.0,9930.0,7479.873,44.0
2265.0,10119.0,7480.193,44.0
2099.0,10267.0,7480.433,44.0
1918.0,10429.0,7480.753,44.0
1816.0,10519.0,7480.913,44.0
1639.0,10663.0,7481.193,44.0
1538.0,10737.0,7481.353,44.0
1360.0,10840.0,7481.652999999999,44.0
1212.0,10900.0,7481.913,44.0
1113.0,10929.0,7482.093,44.0
1009.0,10946.0,7482.293,44.0
858.0,10949.0,7482.4529999999995,44.0
656.0,10923.0,7482.911999999999,44.0
588.0,10898.0,7483.172,44.0
460.0,10828.0,7483.512,44.0
384.0,10757.0,7483.692,44.0
312.0,10655.0,7484.072999999999,44.0
252.0,10536.0,7484.353,44.0
205.0,10377.0,7484.693,44.0
195.0,10280.0,7485.013,44.0
185.0,10105.0,7485.393,44.0
179.0,10003.0,7485.612999999999,44.0
174.0,9949.0,7485.733,44.0
164.0,9880.0,7485.893,44.0
140.0,9794.0,7486.213,44.0
116.0,9745.0,7486.4529999999995,44.0
60.0,9652.0,7486.753,44.0
10.0,9595.0,7486.973,44.0
-34.0,9554.0,7487.152999999999,44.0
-94.0,9512.0,7487.373,44.0
-177.0,9470.0,7487.673,44.0
-195.0,9464.0,7487.733,44.0
-253.0,9448.0,7487.933,44.0
-376.0,9445.0,7488.233,44.0
-448.0,9465.0,7488.612999999999,44.0
-517.0,9501.0,7488.873,44.0
-557.0,9530.0,7489.032999999999,44.0
-628.0,9602.0,7489.232,44.0
-670.0,9660.0,7489.572,44.0
-717.0,9751.0,7489.871999999999,44.0
-756.0,9875.0,7490.112,44.0
-776.0,10038.0,7490.512,44.0
-775.0,10106.0,7490.813,44.0
-765.0,10220.0,7491.072999999999,44.0
-746.0,10331.0,7491.313,44.0
-712.0,10459.0,7491.4929999999995,44.0
-673.0,10577.0,7491.733,44.0
-602.0,10748.0,7491.9529999999995,44.0
-573.0,10809.0,7492.193,44.0
-515.0,10924.0,7492.413,44.0
-424.0,11096.0,7492.733,44.0
-376.0,11184.0,7492.893,44.0
-323.0,11272.0,7493.053,44.0
-206.0,11447.0,7493.373,44.0
-142.0,11535.0,7493.532999999999,44.0
-66.0,11632.0,7493.713,44.0
82.0,11799.0,7493.893,44.0
182.0,11901.0,7494.233,44.0
352.0,12059.0,7494.553,44.0
431.0,12125.0,7494.693,44.0
634.0,12277.0,7495.032999999999,44.0
813.0,12387.0,7495.193,44.0
1021.0,12488.0,7495.612999999999,44.0
1236.0,12574.0,7495.772,44.0
1415.0,12632.0,7496.152,44.0
1550.0,12669.0,7496.331999999999,44.0
1703.0,12706.0,7496.532,44.0
1920.0,12748.0,7496.812,44.0
2090.0,12774.0,7496.992,44.0
2326.0,12802.0,7497.293,44.0
2564.0,12828.0,7497.473,44.0
2739.0,12847.0,7497.813,44.0
3027.0,12875.0,7498.072999999999,44.0
3379.0,12913.0,7498.532999999999,44.0
3573.0,12934.0,7498.853,44.0
3832.0,12963.0,7499.133,44.0
4157.0,13002.0,7499.473,44.0
4384.0,13032.0,7499.853,44.0
4514.0,13049.0,7500.013,44.0
4708.0,13074.0,7500.253,44.0
4902.0,13096.0,7500.4929999999995,44.0
5144.0,13113.0,7500.793,44.0
5383.0,13105.0,7501.013,44.0
5523.0,13080.0,7501.293,44.0
5718.0,13022.0,7501.553,44.0
5858.0,12960.0,7501.753,44.0
6053.0,12838.0,7502.013,44.0
6304.0,12605.0,7502.392,44.0
6452.0,12377.0,7502.871999999999,44.0
6472.0,12336.0,7502.932,44.0
6580.0,12084.0,7503.152,44.0
6652.0,11866.0,7503.592,44.0
6697.0,11704.0,7503.813,44.0
6764.0,11433.0,7504.093,44.0
6828.0,11126.0,7504.433,44.0
6864.0,10922.0,7504.813,44.0
6894.0,10718.0,7505.072999999999,44.0
6920.0,10513.0,7505.333,44.0
6934.0,10386.0,7505.4929999999995,44.0
6949.0,10226.0,7505.693,44.0
6957.0,10131.0,7505.813,44.0
6972.0,9875.0,7506.133,44.0
6977.0,9730.0,7506.313,44.0
6983.0,9458.0,7506.553,44.0
6993.0,9154.0,7506.893,44.0
7012.0,8879.0,7507.333,44.0
7048.0,8629.0,7507.713,44.0
7106.0,8349.0,7507.9929999999995,44.0
7186.0,8061.0,7508.333,44.0
7283.0,7781.0,7508.833,44.0
7353.0,7606.0,7509.032,44.0
7444.0,7373.0,7509.392,44.0
7486.0,7242.0,7509.572,44.0
7517.0,7120.0,7509.7519999999995,44.0
7537.0,6973.0,7509.952,44.0
7533.0,6793.0,7510.192,44.0
7489.0,6520.0,7510.4529999999995,44.0
7450.0,6358.0,7510.773,44.0
7378.0,6069.0,7511.072999999999,44.0
7349.0,5927.0,7511.373,44.0
7325.0,5760.0,7511.612999999999,44.0
7319.0,5691.0,7511.713,44.0
7318.0,5542.0,7511.933,44.0
7335.0,5412.0,7512.133,44.0
7374.0,5272.0,7512.353,44.0
7475.0,5054.0,7512.713,44.0
7556.0,4918.0,7512.813,44.0
7679.0,4705.0,7513.293,44.0
7743.0,4558.0,7513.673,44.0
7765.0,4484.0,7513.813,44.0
7790.0,4303.0,7514.053,44.0
7770.0,4123.0,7514.4929999999995,44.0
7745.0,4029.0,7514.673,44.0
7711.0,3938.0,7514.853,44.0
7650.0,3813.0,7515.112999999999,44.0
7567.0,3685.0,7515.333,44.0
7440.0,3548.0,7515.732,44.0
7320.0,3460.0,7515.992,44.0
7216.0,3399.0,7516.192,44.0
7028.0,3301.0,7516.411999999999,44.0
6877.0,3207.0,7516.812,44.0
6737.0,3086.0,7517.013,44.0
6621.0,2968.0,7517.333,44.0
6546.0,2885.0,7517.4929999999995,44.0
6447.0,2766.0,7517.713,44.0
6354.0,2647.0,7517.9929999999995,44.0
6237.0,2452.0,7518.4529999999995,44.0
6180.0,2352.0,7518.612999999999,44.0
6138.0,2276.0,7518.733,44.0
6037.0,2080.0,7519.032999999999,44.0
5926.0,1853.0,7519.313,44.0
5850.0,1696.0,7519.572999999999,44.0
5758.0,1506.0,7519.833,44.0
5666.0,1313.0,7520.093,44.0
5514.0,996.0,7520.273,44.0
5398.0,753.0,7520.572999999999,44.0
5310.0,569.0,7520.833,44.0
5228.0,400.0,7521.053,44.0
5070.0,74.0,7521.333,44.0
4994.0,-82.0,7521.673,44.0
4850.0,-383.0,7521.913,44.0
4766.0,-557.0,7522.272,44.0
4682.0,-731.0,7522.492,44.0
4641.0,-819.0,7522.831999999999,44.0
4609.0,-882.0,7522.911999999999,44.0
4455.0,-1200.0,7523.172,44.0
4268.0,-1580.0,7523.673,44.0
4204.0,-1706.0,7523.9529999999995,44.0
4125.0,-1865.0,7524.153,44.0
3902.0,-2301.0,7524.473,44.0
3821.0,-2458.0,7524.673,44.0
3736.0,-2621.0,7524.853,44.0
3677.0,-2731.0,7524.9929999999995,44.0
3559.0,-2948.0,7525.273,44.0
3426.0,-3179.0,7525.473,44.0
3280.0,-3415.0,7525.893,44.0
3185.0,-3549.0,7526.093,44.0
3037.0,-3727.0,7526.313,44.0
2937.0,-3828.0,7526.593,44.0
2801.0,-3934.0,7526.853,44.0
2643.0,-4022.0,7527.133,44.0
2471.0,-4085.0,7527.393,44.0
2322.0,-4113.0,7527.733,44.0
2242.0,-4117.0,7527.873,44.0
2004.0,-4084.0,7528.193,44.0
1917.0,-4057.0,7528.4529999999995,44.0
1785.0,-3997.0,7528.713,44.0
1636.0,-3898.0,7529.032,44.0
1550.0,-3824.0,7529.232,44.0
1441.0,-3708.0,7529.392,44.0
1323.0,-3549.0,7529.852,44.0
1255.0,-3438.0,7529.932,44.0
1153.0,-3247.0,7530.433,44.0
1060.0,-3075.0,7530.612999999999,44.0
903.0,-2819.0,7531.093,44.0
822.0,-2703.0,7531.4529999999995,44.0
699.0,-2536.0,7531.633,44.0
613.0,-2420.0,7531.9929999999995,44.0
511.0,-2282.0,7532.253,44.0
385.0,-2113.0,7532.4929999999995,44.0
246.0,-1933.0,7532.713,44.0
195.0,-1870.0,7532.9529999999995,44.0
92.0,-1746.0,7533.193,44.0
21.0,-1665.0,7533.353,44.0
-167.0,-1450.0,7533.733,44.0
-243.0,-1366.0,7533.9929999999995,44.0
-345.0,-1251.0,7534.253,44.0
-459.0,-1127.0,7534.4529999999995,44.0
-526.0,-1062.0,7534.813,44.0
-589.0,-1013.0,7535.013,44.0
-701.0,-950.0,7535.353,44.0
-752.0,-931.0,7535.512,44.0
-801.0,-919.0,7535.672,44.0
-856.0,-913.0,7535.852,44.0
-942.0,-914.0,7536.132,44.0
-1006.0,-926.0,7536.371999999999,44.0
-1077.0,-955.0,7536.532,44.0
-1148.0,-1000.0,7536.9529999999995,44.0
-1204.0,-1044.0,7537.193,44.0
-1243.0,-1074.0,7537.353,44.0
-1332.0,-1132.0,7537.572999999999,44.0
-1394.0,-1158.0,7537.913,44.0
-1469.0,-1172.0,7538.173,44.0
-1559.0,-1164.0,7538.473,44.0
-1631.0,-1146.0,7538.653,44.0
-1713.0,-1116.0,7538.9929999999995,44.0
-1759.0,-1094.0,7539.153,44.0
-1863.0,-1027.0,7539.4529999999995,44.0
-1949.0,-943.0,7539.673,44.0
-2007.0,-873.0,7540.032999999999,44.0
-2086.0,-772.0,7540.313,44.0
-2156.0,-666.0,7540.653,44.0
-2199.0,-579.0,7540.873,44.0
-2213.0,-545.0,7540.9529999999995,44.0
-2279.0,-339.0,7541.333,44.0
-2298.0,-237.0,7541.593,44.0
-2314.0,-51.0,7541.933,44.0
-2314.0,-18.0,7541.9929999999995,44.0
-2308.0,108.0,7542.2119999999995,44.0
-2264.0,356.0,7542.552,44.0
-2213.0,503.0,7542.871999999999,44.0
-2138.0,654.0,7543.112,44.0
-2036.0,823.0,7543.373,44.0
-1897.0,1017.0,7543.733,44.0
-1773.0,1188.0,7544.093,44.0
-1616.0,1392.0,7544.353,45.0
-1432.0,1622.0,7544.793000000001,45.0
-1269.0,1840.0,7545.213,45.0
-1196.0,1940.0,7545.3730000000005,45.0
-1022.0,2180.0,7545.633,45.0
-929.0,2308.0,7545.953,45.0
-835.0,2437.0,7546.153,45.0
-693.0,2632.0,7546.453,45.0
-600.0,2765.0,7546.653,45.0
-499.0,2913.0,7546.8730000000005,45.0
-471.0,2954.0,7546.933,45.0
-289.0,3227.0,7547.253000000001,45.0
-197.0,3364.0,7547.533,45.0
-84.0,3525.0,7547.773,45.0
11.0,3657.0,7547.973,45.0
255.0,3961.0,7548.3330000000005,45.0
357.0,4074.0,7548.633,45.0
477.0,4188.0,7548.832,45.0
588.0,4277.0,7549.012,45.0
1166.0,4502.0,7549.813,45.0
1433.0,4520.0,7550.153,45.0
1680.0,4513.0,7550.3730000000005,45.0
1923.0,4485.0,7550.793000000001,45.0
2044.0,4468.0,7550.953,45.0
2225.0,4448.0,7551.193,45.0
2345.0,4441.0,7551.353,45.0
2498.0,4439.0,7551.553,45.0
2751.0,4458.0,7551.753000000001,45.0
2862.0,4480.0,7552.053,45.0
3187.0,4593.0,7552.4130000000005,45.0
3319.0,4664.0,7552.713,45.0
3482.0,4772.0,7552.973,45.0
3666.0,4924.0,7553.153,45.0
3806.0,5060.0,7553.553,45.0
4039.0,5293.0,7553.893,45.0
4175.0,5422.0,7554.253000000001,45.0
4326.0,5558.0,7554.433,45.0
4474.0,5684.0,7554.933,45.0
4562.0,5755.0,7555.053,45.0
4647.0,5818.0,7555.432,45.0
4753.0,5873.0,7555.612,45.0
4895.0,5900.0,7556.072,45.0
5051.0,5881.0,7556.533,45.0
5095.0,5865.0,7556.8330000000005,45.0
5136.0,5844.0,7556.993,45.0
5187.0,5810.0,7557.213,45.0
5273.0,5723.0,7557.553,45.0
5308.0,5665.0,7557.893,45.0
5330.0,5617.0,7558.073,45.0
5359.0,5523.0,7558.393,45.0
5370.0,5473.0,7558.553,45.0
5385.0,5365.0,7558.753000000001,45.0
5391.0,5293.0,7559.073,45.0
5406.0,5157.0,7559.4130000000005,45.0
5431.0,5056.0,7559.593,45.0
5460.0,4985.0,7559.953,45.0
5500.0,4918.0,7560.213,45.0
5538.0,4869.0,7560.433,45.0
5592.0,4816.0,7560.593,45.0
5636.0,4782.0,7560.933,45.0
5720.0,4739.0,7561.253000000001,45.0
5783.0,4730.0,7561.633,45.0
5829.0,4739.0,7561.853,45.0
5882.0,4765.0,7562.112,45.0
5886.0,4768.0,7562.1320000000005,45.0
5946.0,4817.0,7562.452,45.0
5978.0,4848.0,7562.6320000000005,45.0
6005.0,4879.0,7562.792,45.0
6038.0,4921.0,7562.993,45.0
6097.0,5011.0,7563.3730000000005,45.0
6138.0,5087.0,7563.533,45.0
6177.0,5174.0,7563.933,45.0
6190.0,5207.0,7564.033,45.0
6291.0,5562.0,7564.9130000000005,45.0
6321.0,5737.0,7565.173,45.0
6331.0,5852.0,7565.433,45.0
6323.0,6090.0,7565.733,45.0
6273.0,6352.0,7566.173,45.0
6250.0,6423.0,7566.4130000000005,45.0
6137.0,6670.0,7566.773,45.0
5952.0,6938.0,7567.173,45.0
5869.0,7031.0,7567.493,45.0
5620.0,7252.0,7567.8330000000005,45.0
5456.0,7380.0,7568.233,45.0
5348.0,7462.0,7568.4130000000005,45.0
5167.0,7605.0,7568.6320000000005,45.0
5035.0,7714.0,7568.932,45.0
4855.0,7866.0,7569.212,45.0
4709.0,7991.0,7569.452,45.0
4611.0,8076.0,7569.613,45.0
4412.0,8246.0,7569.793000000001,45.0
4083.0,8528.0,7570.313,45.0
3878.0,8704.0,7570.633,45.0
3649.0,8906.0,7571.133,45.0
3623.0,8929.0,7571.173,45.0
3443.0,9087.0,7571.453,45.0
3210.0,9291.0,7571.713,45.0
3106.0,9382.0,7571.973,45.0
2857.0,9600.0,7572.353,45.0
2659.0,9771.0,7572.513,45.0
2567.0,9851.0,7572.793000000001,45.0
2259.0,10124.0,7573.133,45.0
2156.0,10216.0,7573.4130000000005,45.0
1978.0,10376.0,7573.693,45.0
1851.0,10489.0,7573.893,45.0
1713.0,10604.0,7574.113,45.0
1606.0,10688.0,7574.293000000001,45.0
1441.0,10796.0,7574.573,45.0
1231.0,10894.0,7574.8330000000005,45.0
1102.0,10932.0,7575.192,45.0
939.0,10949.0,7575.432,45.0
762.0,10944.0,7575.772,45.0
612.0,10907.0,7576.233,45.0
534.0,10872.0,7576.433,45.0
458.0,10826.0,7576.653,45.0
396.0,10770.0,7576.8730000000005,45.0
355.0,10720.0,7577.033,45.0
279.0,10593.0,7577.273,45.0
223.0,10458.0,7577.693,45.0
207.0,10386.0,7577.933,45.0
191.0,10220.0,7578.313,45.0
187.0,10138.0,7578.493,45.0
182.0,10046.0,7578.693,45.0
167.0,9898.0,7578.9130000000005,45.0
143.0,9804.0,7579.293000000001,45.0
94.0,9701.0,7579.553,45.0
48.0,9635.0,7579.813,45.0
-54.0,9539.0,7580.213,45.0
-152.0,9481.0,7580.4130000000005,45.0
-254.0,9448.0,7580.793000000001,45.0
-308.0,9441.0,7581.073,45.0
-426.0,9457.0,7581.4130000000005,45.0
-493.0,9486.0,7581.712,45.0
-534.0,9513.0,7581.872,45.0
-617.0,9588.0,7582.232,45.0
-671.0,9661.0,7582.452,45.0
-729.0,9784.0,7582.813,45.0
-760.0,9893.0,7583.233,45.0
-773.0,9981.0,7583.473,45.0
-775.0,10091.0,7583.673,45.0
-742.0,10347.0,7584.353,45.0
-718.0,10439.0,7584.553,45.0
-700.0,10497.0,7584.733,45.0
-646.0,10644.0,7585.033,45.0
-574.0,10806.0,7585.293000000001,45.0
-528.0,10900.0,7585.533,45.0
-479.0,10995.0,7585.713,45.0
-359.0,11212.0,7586.113,45.0
-326.0,11267.0,7586.213,45.0
-226.0,11420.0,7586.493,45.0
-163.0,11506.0,7586.653,45.0
-36.0,11667.0,7586.8330000000005,45.0
124.0,11843.0,7587.293000000001,45.0
268.0,11983.0,7587.533,45.0
377.0,12080.0,7587.773,45.0
599.0,12252.0,7588.153,45.0
648.0,12286.0,7588.233,45.0
801.0,12381.0,7588.472,45.0
910.0,12437.0,7588.6320000000005,45.0
1021.0,12488.0,7588.792,45.0
1192.0,12558.0,7589.032,45.0
1428.0,12636.0,7589.353,45.0
1625.0,12688.0,7589.613,45.0
1747.0,12715.0,7589.773,45.0
1964.0,12755.0,7589.993,45.0
2232.0,12792.0,7590.3730000000005,45.0
2517.0,12823.0,7590.633,45.0
2628.0,12835.0,7590.8730000000005,45.0
2851.0,12858.0,7591.153,45.0
2963.0,12869.0,7591.293000000001,45.0
3171.0,12890.0,7591.553,45.0
3315.0,12906.0,7591.733,45.0
3540.0,12931.0,7592.013,45.0
3734.0,12952.0,7592.253000000001,45.0
3863.0,12967.0,7592.4130000000005,45.0
3993.0,12982.0,7592.573,45.0
4155.0,13002.0,7592.773,45.0
4430.0,13038.0,7593.113,45.0
4511.0,13049.0,7593.213,45.0
4720.0,13076.0,7593.473,45.0
4848.0,13090.0,7593.633,45.0
5025.0,13106.0,7593.853,45.0
5771.0,13001.0,7594.8330000000005,45.0
6008.0,12870.0,7595.192,45.0
6057.0,12835.0,7595.272,45.0
6194.0,12721.0,7595.512,45.0
6313.0,12594.0,7595.752,45.0
6429.0,12419.0,7595.953,45.0
6552.0,12159.0,7596.4130000000005,45.0
6637.0,11913.0,7596.613,45.0
6668.0,11811.0,7596.893,45.0
6708.0,11662.0,7597.093,45.0
6756.0,11467.0,7597.353,45.0
6803.0,11255.0,7597.633,45.0
6851.0,11001.0,7597.8330000000005,45.0
6874.0,10861.0,7598.113,45.0
6900.0,10674.0,7598.353,45.0
6925.0,10469.0,7598.613,45.0
6944.0,10280.0,7598.853,45.0
6963.0,10042.0,7599.033,45.0
6977.0,9738.0,7599.393,45.0
6986.0,9340.0,7599.933,45.0
6993.0,9150.0,7600.273,45.0
7002.0,8998.0,7600.473,45.0
7022.0,8795.0,7600.733,45.0
7054.0,8594.0,7600.933,45.0
7146.0,8196.0,7601.3730000000005,45.0
7214.0,7972.0,7601.752,45.0
7299.0,7739.0,7602.1320000000005,45.0
7334.0,7652.0,7602.252,45.0
7398.0,7493.0,7602.473,45.0
7447.0,7363.0,7602.653,45.0
7489.0,7233.0,7602.8330000000005,45.0
7528.0,7052.0,7603.113,45.0
7539.0,6936.0,7603.273,45.0
7534.0,6802.0,7603.453,45.0
7508.0,6619.0,7603.693,45.0
7471.0,6443.0,7603.933,45.0
7432.0,6284.0,7604.153,45.0
7399.0,6155.0,7604.3330000000005,45.0
7369.0,6026.0,7604.513,45.0
7335.0,5840.0,7604.773,45.0
7318.0,5669.0,7605.013,45.0
7317.0,5558.0,7605.173,45.0
7335.0,5409.0,7605.393,45.0
7408.0,5186.0,7605.673,45.0
7549.0,4929.0,7606.093,45.0
7632.0,4792.0,7606.393,45.0
7718.0,4621.0,7606.693,45.0
7763.0,4491.0,7606.993,45.0
7785.0,4381.0,7607.193,45.0
7779.0,4172.0,7607.453,45.0
7703.0,3919.0,7607.9130000000005,45.0
7633.0,3783.0,7608.332,45.0
7566.0,3683.0,7608.552000000001,45.0
7509.0,3615.0,7608.712,45.0
7372.0,3495.0,7608.912,45.0
7174.0,3377.0,7609.4130000000005,45.0
7040.0,3308.0,7609.593,45.0
6919.0,3237.0,7609.8730000000005,45.0
6776.0,3123.0,7610.153,45.0
6697.0,3047.0,7610.313,45.0
6554.0,2894.0,7610.613,45.0
6481.0,2809.0,7610.773,45.0
6349.0,2632.0,7611.053,45.0
6278.0,2522.0,7611.233,45.0
6169.0,2334.0,7611.513,45.0
6112.0,2227.0,7611.673,45.0
6008.0,2022.0,7611.853,45.0
5892.0,1783.0,7612.313,45.0
5829.0,1654.0,7612.493,45.0
5774.0,1539.0,7612.653,45.0
5675.0,1334.0,7612.933,45.0
5598.0,1172.0,7613.113,45.0
5457.0,877.0,7613.553,45.0
5349.0,649.0,7613.713,45.0
5297.0,543.0,7613.993,45.0
5163.0,267.0,7614.353,45.0
5088.0,112.0,7614.553,45.0
5021.0,-27.0,7614.733,45.0
4931.0,-214.0,7614.972,45.0
4818.0,-449.0,7615.1720000000005,45.0
4675.0,-746.0,7615.532,45.0
4534.0,-1036.0,7616.013,45.0
4419.0,-1273.0,7616.3330000000005,45.0
4288.0,-1539.0,7616.553,45.0
4203.0,-1710.0,7616.893,45.0
4070.0,-1975.0,7617.233,45.0
3983.0,-2145.0,7617.453,45.0
3968.0,-2176.0,7617.493,45.0
3839.0,-2424.0,7617.793000000001,45.0
3768.0,-2560.0,7617.973,45.0
3703.0,-2682.0,7618.133,45.0
3580.0,-2910.0,7618.433,45.0
3487.0,-3076.0,7618.653,45.0
3417.0,-3195.0,7618.813,45.0
3336.0,-3328.0,7618.993,45.0
3204.0,-3524.0,7619.273,45.0
3125.0,-3626.0,7619.433,45.0
3085.0,-3673.0,7619.513,45.0
2965.0,-3802.0,7619.753000000001,45.0
2754.0,-3963.0,7620.113,45.0
2596.0,-4043.0,7620.433,45.0
2483.0,-4082.0,7620.673,45.0
2321.0,-4113.0,7620.8730000000005,45.0
2195.0,-4115.0,7621.173,45.0
1979.0,-4077.0,7621.552000000001,45.0
1881.0,-4042.0,7621.732,45.0
1796.0,-4003.0,7621.892,45.0
1716.0,-3955.0,7622.052000000001,45.0
1575.0,-3847.0,7622.353,45.0
1523.0,-3798.0,7622.473,45.0
1374.0,-3623.0,7622.733,45.0
1279.0,-3479.0,7623.133,45.0
1218.0,-3371.0,7623.3330000000005,45.0
1177.0,-3294.0,7623.473,45.0
1102.0,-3151.0,7623.733,45.0
989.0,-2953.0,7624.033,45.0
877.0,-2781.0,7624.4130000000005,45.0
854.0,-2749.0,7624.473,45.0
707.0,-2547.0,7624.853,45.0
644.0,-2462.0,7625.013,45.0
304.0,-2008.0,7625.8330000000005,45.0
178.0,-1849.0,7626.133,45.0
99.0,-1755.0,7626.313,45.0
10.0,-1652.0,7626.513,45.0
-68.0,-1562.0,7626.693,45.0
-149.0,-1471.0,7626.853,45.0
-260.0,-1347.0,7627.113,45.0
-336.0,-1261.0,7627.313,45.0
-390.0,-1200.0,7627.473,45.0
-472.0,-1113.0,7627.733,45.0
-538.0,-1052.0,7627.953,45.0
-640.0,-981.0,7628.1720000000005,45.0
-767.0,-927.0,7628.612,45.0
-820.0,-916.0,7628.893,45.0
-875.0,-913.0,7629.073,45.0
-961.0,-916.0,7629.3730000000005,45.0
-1050.0,-941.0,7629.653,45.0
-1099.0,-968.0,7629.9130000000005,45.0
-1198.0,-1039.0,7630.173,45.0
-1282.0,-1102.0,7630.633,45.0
-1344.0,-1138.0,7630.853,45.0
-1415.0,-1164.0,7631.093,45.0
-1472.0,-1173.0,7631.273,45.0
-1504.0,-1172.0,7631.3730000000005,45.0
-1608.0,-1153.0,7631.693,45.0
-1659.0,-1137.0,7631.853,45.0
-1752.0,-1098.0,7632.153,45.0
-1848.0,-1039.0,7632.3730000000005,45.0
-1854.0,-1034.0,7632.393,45.0
-1911.0,-985.0,7632.593,45.0
-2019.0,-858.0,7632.893,45.0
-2097.0,-758.0,7633.313,45.0
-2172.0,-636.0,7633.573,45.0
-2259.0,-417.0,7633.993,45.0
-2280.0,-336.0,7634.253000000001,45.0
-2299.0,-230.0,7634.453,45.0
-2314.0,-50.0,7634.772,45.0
-2304.0,150.0,7634.972,45.0
-2270.0,331.0,7635.4130000000005,45.0
-2245.0,416.0,7635.553,45.0
-2129.0,672.0,7635.8730000000005,45.0
-2046.0,809.0,7636.193,45.0
-1941.0,957.0,7636.493,45.0
-1850.0,1081.0,7636.693,45.0
-1590.0,1425.0,7637.293,46.0
-1442.0,1610.0,7637.612999999999,46.0
-1250.0,1866.0,7637.893,46.0
-1085.0,2094.0,7638.293,46.0
-898.0,2350.0,7638.692999999999,46.0
-709.0,2611.0,7639.053,46.0
-531.0,2865.0,7639.4929999999995,46.0
-384.0,3083.0,7639.893,46.0
-229.0,3318.0,7640.112999999999,46.0
-97.0,3508.0,7640.513,46.0
0.0,3641.0,7640.713,46.0
88.0,3758.0,7640.893,46.0
297.0,4009.0,7641.152999999999,46.0
450.0,4165.0,7641.512,46.0
650.0,4319.0,7641.7919999999995,46.0
817.0,4407.0,7642.072999999999,46.0
1088.0,4489.0,7642.433,46.0
1197.0,4506.0,7642.572999999999,46.0
1370.0,4519.0,7642.793,46.0
1622.0,4516.0,7642.973,46.0
1805.0,4501.0,7643.352999999999,46.0
2140.0,4456.0,7643.652999999999,46.0
2397.0,4439.0,7644.053,46.0
2565.0,4441.0,7644.352999999999,46.0
2788.0,4465.0,7644.652999999999,46.0
2990.0,4517.0,7644.893,46.0
3185.0,4592.0,7645.253,46.0
3344.0,4678.0,7645.4929999999995,46.0
3457.0,4754.0,7645.673,46.0
3678.0,4935.0,7645.933,46.0
3850.0,5104.0,7646.373,46.0
3944.0,5200.0,7646.553,46.0
4121.0,5372.0,7646.753,46.0
4200.0,5445.0,7647.053,46.0
4391.0,5614.0,7647.352999999999,46.0
4483.0,5691.0,7647.732999999999,46.0
4602.0,5786.0,7647.932,46.0
4713.0,5856.0,7648.371999999999,46.0
4794.0,5886.0,7648.612999999999,46.0
4905.0,5901.0,7648.833,46.0
5041.0,5884.0,7649.272999999999,46.0
5087.0,5869.0,7649.513,46.0
5155.0,5833.0,7649.772999999999,46.0
5232.0,5771.0,7649.973,46.0
5297.0,5686.0,7650.4929999999995,46.0
5330.0,5617.0,7650.692999999999,46.0
5368.0,5483.0,7651.112999999999,46.0
5381.0,5400.0,7651.473,46.0
5384.0,5374.0,7651.553,46.0
5397.0,5229.0,7651.913,46.0
5412.0,5126.0,7652.272999999999,46.0
5427.0,5068.0,7652.4529999999995,46.0
5449.0,5008.0,7652.652999999999,46.0
5477.0,4953.0,7652.852999999999,46.0
5506.0,4908.0,7653.032999999999,46.0
5569.0,4836.0,7653.253,46.0
5665.0,4763.0,7653.732999999999,46.0
5717.0,4740.0,7654.072999999999,46.0
5753.0,4731.0,7654.232999999999,46.0
5830.0,4739.0,7654.592,46.0
5890.0,4771.0,7654.7919999999995,46.0
5952.0,4822.0,7655.213,46.0
6015.0,4891.0,7655.612999999999,46.0
6059.0,4950.0,7655.793,46.0
6086.0,4992.0,7656.072999999999,46.0
6124.0,5060.0,7656.333,46.0
6163.0,5141.0,7656.612999999999,46.0
6173.0,5166.0,7656.692999999999,46.0
6213.0,5274.0,7657.013,46.0
6235.0,5341.0,7657.192999999999,46.0
6262.0,5438.0,7657.433,46.0
6283.0,5524.0,7657.633,46.0
6301.0,5607.0,7657.812999999999,46.0
6331.0,5841.0,7658.093,46.0
6322.0,6097.0,7658.4929999999995,46.0
6313.0,6167.0,7658.753,46.0
6253.0,6414.0,7659.093,46.0
6186.0,6577.0,7659.4529999999995,46.0
6118.0,6704.0,7659.673,46.0
6045.0,6817.0,7659.873,46.0
5979.0,6905.0,7660.032999999999,46.0
5898.0,6999.0,7660.213,46.0
5820.0,7079.0,7660.373,46.0
5691.0,7194.0,7660.612999999999,46.0
5458.0,7378.0,7660.913,46.0
5326.0,7479.0,7661.232,46.0
5109.0,7653.0,7661.592,46.0
5072.0,7683.0,7661.652999999999,46.0
4902.0,7826.0,7661.933,46.0
4731.0,7973.0,7662.213,46.0
4581.0,8101.0,7662.373,46.0
4379.0,8274.0,7662.772999999999,46.0
4187.0,8439.0,7663.053,46.0
4045.0,8561.0,7663.293,46.0
3864.0,8717.0,7663.572999999999,46.0
3799.0,8774.0,7663.673,46.0
3592.0,8956.0,7663.9929999999995,46.0
3462.0,9070.0,7664.192999999999,46.0
3357.0,9162.0,7664.352999999999,46.0
3161.0,9334.0,7664.652999999999,46.0
2964.0,9507.0,7664.893,46.0
2752.0,9690.0,7665.272999999999,46.0
2567.0,9851.0,7665.532999999999,46.0
2264.0,10119.0,7665.9529999999995,46.0
2116.0,10252.0,7666.253,46.0
1964.0,10388.0,7666.4929999999995,46.0
1798.0,10534.0,7666.753,46.0
1734.0,10587.0,7666.852999999999,46.0
1573.0,10713.0,7667.112999999999,46.0
1370.0,10835.0,7667.333,46.0
1233.0,10893.0,7667.692,46.0
1027.0,10944.0,7667.972,46.0
785.0,10946.0,7668.393,46.0
678.0,10930.0,7668.772999999999,46.0
585.0,10897.0,7668.9929999999995,46.0
522.0,10866.0,7669.152999999999,46.0
438.0,10811.0,7669.393,46.0
228.0,10474.0,7670.352999999999,46.0
207.0,10385.0,7670.572999999999,46.0
192.0,10245.0,7670.873,46.0
182.0,10043.0,7671.253,46.0
164.0,9883.0,7671.692999999999,46.0
130.0,9772.0,7671.873,46.0
103.0,9716.0,7672.152999999999,46.0
66.0,9659.0,7672.333,46.0
-21.0,9565.0,7672.692999999999,46.0
-60.0,9535.0,7672.833,46.0
-159.0,9478.0,7673.133,46.0
-262.0,9446.0,7673.513,46.0
-317.0,9441.0,7673.692999999999,46.0
-360.0,9443.0,7673.833,46.0
-468.0,9473.0,7674.072999999999,46.0
-525.0,9506.0,7674.432,46.0
-607.0,9578.0,7674.793,46.0
-615.0,9587.0,7674.833,46.0
-675.0,9668.0,7675.152999999999,46.0
-711.0,9738.0,7675.393,46.0
-742.0,9821.0,7675.553,46.0
-770.0,9954.0,7676.032999999999,46.0
-775.0,10014.0,7676.192999999999,46.0
-774.0,10126.0,7676.373,46.0
-765.0,10218.0,7676.692999999999,46.0
-743.0,10342.0,7676.973,46.0
-709.0,10473.0,7677.293,46.0
-684.0,10543.0,7677.473,46.0
-651.0,10632.0,7677.652999999999,46.0
-579.0,10796.0,7677.833,46.0
-495.0,10963.0,7678.293,46.0
-444.0,11060.0,7678.473,46.0
-358.0,11213.0,7678.753,46.0
-312.0,11290.0,7678.893,46.0
-240.0,11400.0,7679.093,46.0
-112.0,11574.0,7679.333,46.0
21.0,11734.0,7679.713,46.0
190.0,11908.0,7679.973,46.0
306.0,12017.0,7680.272999999999,46.0
394.0,12094.0,7680.433,46.0
570.0,12231.0,7680.732999999999,46.0
782.0,12371.0,7680.991999999999,46.0
918.0,12441.0,7681.272,46.0
1144.0,12539.0,7681.593,46.0
1260.0,12582.0,7681.753,46.0
1499.0,12656.0,7682.032999999999,46.0
1758.0,12718.0,7682.413,46.0
2060.0,12769.0,7682.652999999999,46.0
2295.0,12799.0,7683.013,46.0
2516.0,12823.0,7683.373,46.0
2675.0,12840.0,7683.572999999999,46.0
2993.0,12872.0,7683.873,46.0
3280.0,12902.0,7684.232999999999,46.0
3551.0,12932.0,7684.673,46.0
3599.0,12937.0,7684.732999999999,46.0
3824.0,12962.0,7685.013,46.0
3952.0,12977.0,7685.173,46.0
4275.0,13017.0,7685.4929999999995,46.0
4596.0,13060.0,7685.933,46.0
4805.0,13086.0,7686.232999999999,46.0
4949.0,13100.0,7686.413,46.0
5219.0,13115.0,7686.753,46.0
5250.0,13115.0,7686.793,46.0
5466.0,13091.0,7687.072999999999,46.0
5720.0,13022.0,7687.293,46.0
5856.0,12961.0,7687.611999999999,46.0
6083.0,12815.0,7687.973,46.0
6174.0,12739.0,7688.133,46.0
6287.0,12626.0,7688.352999999999,46.0
6358.0,12533.0,7688.513,46.0
6472.0,12337.0,7688.812999999999,46.0
6541.0,12185.0,7689.032999999999,46.0
6585.0,12072.0,7689.192999999999,46.0
6624.0,11956.0,7689.352999999999,46.0
6676.0,11780.0,7689.593,46.0
6712.0,11646.0,7689.772999999999,46.0
6745.0,11511.0,7689.9529999999995,46.0
6780.0,11360.0,7690.152999999999,46.0
6806.0,11238.0,7690.312999999999,46.0
6873.0,10868.0,7690.652999999999,46.0
6908.0,10618.0,7691.093,46.0
6929.0,10429.0,7691.272999999999,46.0
6948.0,10240.0,7691.572999999999,46.0
6965.0,10002.0,7691.873,46.0
6969.0,9922.0,7691.973,46.0
6978.0,9683.0,7692.272999999999,46.0
6985.0,9381.0,7692.513,46.0
6991.0,9191.0,7692.893,46.0
7001.0,9014.0,7693.112999999999,46.0
7018.0,8827.0,7693.352999999999,46.0
7038.0,8687.0,7693.532999999999,46.0
7063.0,8548.0,7693.713,46.0
7244.0,7886.0,7694.472,46.0
7287.0,7769.0,7694.753,46.0
7374.0,7553.0,7695.053,46.0
7425.0,7423.0,7695.232999999999,46.0
7500.0,7193.0,7695.4929999999995,46.0
7535.0,6994.0,7695.852999999999,46.0
7539.0,6923.0,7695.9529999999995,46.0
7506.0,6607.0,7696.312999999999,46.0
7451.0,6358.0,7696.713,46.0
7429.0,6272.0,7696.833,46.0
7399.0,6157.0,7696.9929999999995,46.0
7330.0,5801.0,7697.373,46.0
7317.0,5649.0,7697.713,46.0
7318.0,5555.0,7697.852999999999,46.0
7354.0,5333.0,7698.192999999999,46.0
7416.0,5169.0,7698.352999999999,46.0
7540.0,4943.0,7698.833,46.0
7622.0,4809.0,7699.013,46.0
7725.0,4605.0,7699.373,46.0
7762.0,4497.0,7699.692999999999,46.0
7788.0,4248.0,7700.013,46.0
7743.0,4023.0,7700.433,46.0
7686.0,3881.0,7700.852,46.0
7622.0,3766.0,7701.052,46.0
7552.0,3666.0,7701.312999999999,46.0
7443.0,3551.0,7701.593,46.0
7351.0,3480.0,7701.793,46.0
7125.0,3351.0,7702.112999999999,46.0
6902.0,3225.0,7702.513,46.0
6760.0,3108.0,7702.893,46.0
6594.0,2938.0,7703.152999999999,46.0
6493.0,2823.0,7703.4529999999995,46.0
6397.0,2699.0,7703.652999999999,46.0
6333.0,2609.0,7703.793,46.0
6159.0,2314.0,7704.173,46.0
6109.0,2222.0,7704.393,46.0
6007.0,2018.0,7704.692999999999,46.0
5912.0,1824.0,7704.973,46.0
5788.0,1569.0,7705.192999999999,46.0
5671.0,1324.0,7705.612999999999,46.0
5581.0,1135.0,7705.933,46.0
5539.0,1048.0,7706.053,46.0
5466.0,894.0,7706.272999999999,46.0
5366.0,687.0,7706.553,46.0
5280.0,507.0,7706.793,46.0
5214.0,372.0,7706.973,46.0
5134.0,206.0,7707.192999999999,46.0
5017.0,-35.0,7707.411999999999,46.0
4922.0,-232.0,7707.772999999999,46.0
4813.0,-460.0,7708.072999999999,46.0
4688.0,-718.0,7708.272999999999,46.0
4345.0,-1424.0,7709.333,46.0
4233.0,-1650.0,7709.633,46.0
4143.0,-1831.0,7709.873,46.0
4021.0,-2071.0,7710.053,46.0
3899.0,-2309.0,7710.4929999999995,46.0
3814.0,-2472.0,7710.732999999999,46.0
3674.0,-2736.0,7711.072999999999,46.0
3530.0,-3000.0,7711.333,46.0
3369.0,-3274.0,7711.732999999999,46.0
3244.0,-3468.0,7712.093,46.0
3159.0,-3583.0,7712.272999999999,46.0
3052.0,-3711.0,7712.4929999999995,46.0
2933.0,-3832.0,7712.732999999999,46.0
2851.0,-3899.0,7712.893,46.0
2741.0,-3971.0,7713.093,46.0
2526.0,-4069.0,7713.393,46.0
2452.0,-4090.0,7713.633,46.0
2276.0,-4116.0,7713.932,46.0
2206.0,-4116.0,7714.052,46.0
1963.0,-4072.0,7714.333,46.0
1832.0,-4021.0,7714.713,46.0
1708.0,-3950.0,7714.9529999999995,46.0
1498.0,-3772.0,7715.272999999999,46.0
1381.0,-3633.0,7715.633,46.0
1299.0,-3512.0,7715.9529999999995,46.0
1237.0,-3406.0,7716.152999999999,46.0
1167.0,-3274.0,7716.393,46.0
1097.0,-3142.0,7716.633,46.0
1042.0,-3043.0,7716.812999999999,46.0
957.0,-2901.0,7717.072999999999,46.0
915.0,-2837.0,7717.192999999999,46.0
772.0,-2635.0,7717.4929999999995,46.0
694.0,-2529.0,7717.772999999999,46.0
623.0,-2434.0,7717.9529999999995,46.0
536.0,-2316.0,7718.173,46.0
402.0,-2135.0,7718.513,46.0
320.0,-2028.0,7718.713,46.0
211.0,-1890.0,7718.973,46.0
125.0,-1786.0,7719.173,46.0
36.0,-1682.0,7719.373,46.0
-34.0,-1600.0,7719.532999999999,46.0
-149.0,-1472.0,7719.732999999999,46.0
-220.0,-1392.0,7719.893,46.0
-360.0,-1234.0,7720.213,46.0
-449.0,-1137.0,7720.413,46.0
-521.0,-1066.0,7720.571999999999,46.0
-603.0,-1002.0,7720.7519999999995,46.0
-723.0,-938.0,7720.9929999999995,46.0
-765.0,-924.0,7721.072999999999,46.0
-961.0,-914.0,7721.413,46.0
-1050.0,-941.0,7721.812999999999,46.0
-1109.0,-972.0,7722.032999999999,46.0
-1133.0,-989.0,7722.133,46.0
-1198.0,-1039.0,7722.413,46.0
-1239.0,-1071.0,7722.593,46.0
-1275.0,-1098.0,7722.753,46.0
-1338.0,-1135.0,7723.013,46.0
-1421.0,-1165.0,7723.213,46.0
-1496.0,-1173.0,7723.553,46.0
-1556.0,-1166.0,7723.732999999999,46.0
-1628.0,-1147.0,7723.9529999999995,46.0
-1785.0,-1080.0,7724.333,46.0
-1829.0,-1052.0,7724.633,46.0
-1892.0,-1002.0,7724.873,46.0
-1936.0,-958.0,7725.053,46.0
-1908.0,-988.0,7725.232999999999,46.0
-1918.0,-973.0,7725.433,46.0
-1999.0,-880.0,7725.753,46.0
-2060.0,-805.0,7725.9929999999995,46.0
-2091.0,-765.0,7726.112999999999,46.0
-2131.0,-709.0,7726.272999999999,46.0
-2195.0,-585.0,7726.593,46.0
-2244.0,-463.0,7726.933,46.0
-2275.0,-356.0,7727.152,46.0
-2297.0,-243.0,7727.371999999999,46.0
-2312.0,-88.0,7727.572999999999,46.0
-2312.0,60.0,7727.913,46.0
-2300.0,179.0,7728.112999999999,46.0
-2275.0,310.0,7728.333,46.0
-2210.0,509.0,7728.652999999999,46.0
-2148.0,637.0,7728.852999999999,46.0
-2089.0,741.0,7729.032999999999,46.0
-2036.0,823.0,7729.192999999999,46.0
-1901.0,1012.0,7729.433,46.0
-1780.0,1177.0,7729.833,46.0
-1686.0,1302.0,7730.053,47.0
-1570.0,1450.0,7730.253,47.0
-1423.0,1634.0,7730.633,47.0
-1288.0,1814.0,7730.873,47.0
-1144.0,2012.0,7731.253,47.0
-980.0,2238.0,7731.513,47.0
-887.0,2365.0,7731.812999999999,47.0
-767.0,2531.0,7732.072999999999,47.0
-664.0,2673.0,7732.293,47.0
-519.0,2884.0,7732.553,47.0
-331.0,3164.0,7732.973,47.0
-205.0,3353.0,7733.312999999999,47.0
-67.0,3550.0,7733.612999999999,47.0
8.0,3654.0,7733.772,47.0
126.0,3806.0,7734.013,47.0
196.0,3893.0,7734.152999999999,47.0
311.0,4024.0,7734.373,47.0
425.0,4140.0,7734.572999999999,47.0
518.0,4223.0,7734.732999999999,47.0
668.0,4330.0,7734.973,47.0
834.0,4414.0,7735.213,47.0
951.0,4455.0,7735.373,47.0
1271.0,4513.0,7735.652999999999,47.0
1349.0,4518.0,7735.892999999999,47.0
1503.0,4520.0,7736.093,47.0
1686.0,4512.0,7736.333,47.0
1868.0,4493.0,7736.572999999999,47.0
2033.0,4469.0,7736.793,47.0
2227.0,4447.0,7737.053,47.0
2377.0,4440.0,7737.253,47.0
2573.0,4441.0,7737.513,47.0
2705.0,4452.0,7737.692999999999,47.0
2962.0,4507.0,7737.933,47.0
3251.0,4625.0,7738.333,47.0
3502.0,4787.0,7738.772999999999,47.0
3651.0,4911.0,7739.112999999999,47.0
3802.0,5056.0,7739.392999999999,47.0
3906.0,5162.0,7739.593,47.0
4032.0,5286.0,7739.753,47.0
4167.0,5414.0,7740.093,47.0
4256.0,5496.0,7740.272999999999,47.0
4467.0,5677.0,7740.633,47.0
4536.0,5734.0,7740.933,47.0
4645.0,5817.0,7741.253,47.0
4708.0,5853.0,7741.433,47.0
4783.0,5883.0,7741.652999999999,47.0
4896.0,5901.0,7741.892999999999,47.0
4971.0,5897.0,7742.192999999999,47.0
5029.0,5887.0,7742.373,47.0
5077.0,5873.0,7742.532999999999,47.0
5162.0,5828.0,7742.852999999999,47.0
5222.0,5780.0,7743.112999999999,47.0
5272.0,5724.0,7743.253,47.0
5331.0,5613.0,7743.692999999999,47.0
5358.0,5529.0,7744.072999999999,47.0
5372.0,5466.0,7744.272999999999,47.0
5386.0,5352.0,7744.513,47.0
5393.0,5273.0,7744.833,47.0
5412.0,5128.0,7745.213,47.0
5438.0,5036.0,7745.373,47.0
5482.0,4945.0,7745.812999999999,47.0
5522.0,4887.0,7746.013,47.0
5568.0,4838.0,7746.293,47.0
5661.0,4766.0,7746.633,47.0
5703.0,4745.0,7746.951999999999,47.0
5750.0,4732.0,7747.173,47.0
5784.0,4730.0,7747.333,47.0
5866.0,4756.0,7747.692999999999,47.0
5911.0,4787.0,7747.973,47.0
5947.0,4817.0,7748.173,47.0
5987.0,4858.0,7748.413,47.0
6019.0,4896.0,7748.612999999999,47.0
6082.0,4985.0,7748.892999999999,47.0
6133.0,5076.0,7749.272999999999,47.0
6175.0,5170.0,7749.713,47.0
6202.0,5242.0,7749.933,47.0
6228.0,5319.0,7750.152999999999,47.0
6257.0,5419.0,7750.293,47.0
6305.0,5629.0,7750.753,47.0
6314.0,5687.0,7751.013,47.0
6332.0,5875.0,7751.312999999999,47.0
6327.0,6041.0,7751.612999999999,47.0
6312.0,6168.0,7751.793,47.0
6264.0,6379.0,7752.192999999999,47.0
6241.0,6448.0,7752.312999999999,47.0
6165.0,6619.0,7752.612999999999,47.0
6085.0,6757.0,7752.852999999999,47.0
5983.0,6900.0,7753.013,47.0
5845.0,7054.0,7753.413,47.0
5752.0,7141.0,7753.592,47.0
5573.0,7290.0,7753.793,47.0
5455.0,7381.0,7754.112999999999,47.0
5215.0,7566.0,7754.473,47.0
5072.0,7684.0,7754.753,47.0
4978.0,7762.0,7754.913,47.0
4836.0,7882.0,7755.152999999999,47.0
4715.0,7986.0,7755.352999999999,47.0
4481.0,8186.0,7755.713,47.0
4295.0,8346.0,7756.032999999999,47.0
3814.0,8760.0,7756.793,47.0
3598.0,8950.0,7757.133,47.0
3458.0,9074.0,7757.352999999999,47.0
3278.0,9231.0,7757.572999999999,47.0
3085.0,9401.0,7757.933,47.0
2968.0,9503.0,7758.112999999999,47.0
2812.0,9639.0,7758.352999999999,47.0
2577.0,9842.0,7758.572999999999,47.0
2460.0,9945.0,7758.892999999999,47.0
2299.0,10088.0,7759.112999999999,47.0
2196.0,10180.0,7759.272999999999,47.0
2016.0,10341.0,7759.593,47.0
1876.0,10466.0,7759.812999999999,47.0
1763.0,10562.0,7759.9929999999995,47.0
1643.0,10660.0,7760.192,47.0
1572.0,10713.0,7760.312999999999,47.0
1457.0,10787.0,7760.513,47.0
1235.0,10892.0,7760.772999999999,47.0
1055.0,10940.0,7761.253,47.0
1024.0,10944.0,7761.312999999999,47.0
847.0,10949.0,7761.652999999999,47.0
762.0,10944.0,7761.833,47.0
625.0,10913.0,7762.013,47.0
551.0,10881.0,7762.333,47.0
471.0,10835.0,7762.553,47.0
387.0,10761.0,7762.833,47.0
318.0,10665.0,7763.112999999999,47.0
281.0,10598.0,7763.293,47.0
246.0,10522.0,7763.4929999999995,47.0
217.0,10437.0,7763.713,47.0
202.0,10352.0,7763.913,47.0
191.0,10219.0,7764.133,47.0
187.0,10137.0,7764.392999999999,47.0
178.0,9989.0,7764.713,47.0
167.0,9901.0,7764.913,47.0
153.0,9837.0,7765.072999999999,47.0
127.0,9764.0,7765.272999999999,47.0
57.0,9646.0,7765.532999999999,47.0
2.0,9586.0,7765.852999999999,47.0
-97.0,9510.0,7766.213,47.0
-121.0,9496.0,7766.293,47.0
-168.0,9473.0,7766.4529999999995,47.0
-235.0,9452.0,7766.673,47.0
-315.0,9441.0,7766.933,47.0
-364.0,9443.0,7767.093,47.0
-427.0,9457.0,7767.312999999999,47.0
-519.0,9502.0,7767.652999999999,47.0
-602.0,9572.0,7767.873,47.0
-642.0,9620.0,7768.213,47.0
-670.0,9662.0,7768.373,47.0
-726.0,9774.0,7768.692999999999,47.0
-755.0,9868.0,7769.032999999999,47.0
-771.0,9955.0,7769.272999999999,47.0
-774.0,9985.0,7769.352999999999,47.0
-774.0,10114.0,7769.673,47.0
-760.0,10252.0,7769.852999999999,47.0
-741.0,10351.0,7770.213,47.0
-708.0,10473.0,7770.473,47.0
-684.0,10544.0,7770.692999999999,47.0
-633.0,10675.0,7770.913,47.0
-537.0,10882.0,7771.352999999999,47.0
-465.0,11021.0,7771.553,47.0
-309.0,11296.0,7771.973,47.0
-266.0,11362.0,7772.232999999999,47.0
-197.0,11460.0,7772.413,47.0
-29.0,11676.0,7772.753,47.0
83.0,11801.0,7773.053,47.0
205.0,11923.0,7773.293,47.0
398.0,12098.0,7773.532999999999,47.0
512.0,12189.0,7773.852999999999,47.0
731.0,12341.0,7774.213,47.0
847.0,12405.0,7774.392999999999,47.0
1110.0,12526.0,7774.633,47.0
1211.0,12565.0,7774.913,47.0
1358.0,12614.0,7775.112999999999,47.0
1613.0,12685.0,7775.4529999999995,47.0
1843.0,12734.0,7775.633,47.0
2031.0,12765.0,7775.9529999999995,47.0
2182.0,12786.0,7776.133,47.0
2339.0,12804.0,7776.333,47.0
2496.0,12821.0,7776.532999999999,47.0
2654.0,12838.0,7776.732999999999,47.0
2939.0,12866.0,7777.093,47.0
3082.0,12881.0,7777.272999999999,47.0
3305.0,12905.0,7777.513,47.0
3641.0,12942.0,7777.833,47.0
3961.0,12978.0,7778.373,47.0
3977.0,12980.0,7778.392999999999,47.0
4154.0,13002.0,7778.612999999999,47.0
4379.0,13031.0,7778.892999999999,47.0
4523.0,13051.0,7779.072999999999,47.0
4780.0,13083.0,7779.392999999999,47.0
5020.0,13106.0,7779.553,47.0
5194.0,13115.0,7779.913,47.0
5305.0,13112.0,7780.072999999999,47.0
5472.0,13090.0,7780.293,47.0
5763.0,13005.0,7780.652999999999,47.0
5934.0,12918.0,7780.9529999999995,47.0
6091.0,12808.0,7781.213,47.0
6137.0,12771.0,7781.293,47.0
6264.0,12651.0,7781.532999999999,47.0
6355.0,12538.0,7781.732999999999,47.0
6531.0,12208.0,7782.093,47.0
6581.0,12082.0,7782.413,47.0
6669.0,11807.0,7782.692999999999,47.0
6716.0,11630.0,7783.032999999999,47.0
6749.0,11495.0,7783.213,47.0
6780.0,11360.0,7783.392999999999,47.0
6825.0,11147.0,7783.673,47.0
6855.0,10979.0,7783.852999999999,47.0
6901.0,10667.0,7784.152999999999,47.0
6920.0,10510.0,7784.4529999999995,47.0
6956.0,10146.0,7784.772999999999,47.0
6965.0,10003.0,7785.093,47.0
6975.0,9813.0,7785.333,47.0
6979.0,9669.0,7785.513,47.0
6986.0,9352.0,7785.772999999999,47.0
6990.0,9225.0,7786.072999999999,47.0
6997.0,9069.0,7786.272999999999,47.0
7006.0,8942.0,7786.4529999999995,47.0
7024.0,8786.0,7786.652999999999,47.0
7077.0,8477.0,7786.9929999999995,47.0
7132.0,8249.0,7787.352999999999,47.0
7202.0,8010.0,7787.572999999999,47.0
7274.0,7805.0,7787.9529999999995,47.0
7383.0,7530.0,7788.213,47.0
7459.0,7328.0,7788.612999999999,47.0
7510.0,7150.0,7788.873,47.0
7532.0,7024.0,7789.053,47.0
7539.0,6894.0,7789.232999999999,47.0
7521.0,6696.0,7789.4929999999995,47.0
7488.0,6517.0,7789.652999999999,47.0
7443.0,6327.0,7789.9929999999995,47.0
7398.0,6154.0,7790.232999999999,47.0
7362.0,5995.0,7790.4529999999995,47.0
7331.0,5808.0,7790.713,47.0
7317.0,5584.0,7790.892999999999,47.0
7344.0,5372.0,7791.352999999999,47.0
7405.0,5194.0,7791.513,47.0
7531.0,4957.0,7791.973,47.0
7645.0,4768.0,7792.373,47.0
7673.0,4715.0,7792.513,47.0
7715.0,4629.0,7792.673,47.0
7748.0,4544.0,7792.833,47.0
7774.0,4446.0,7793.013,47.0
7788.0,4239.0,7793.392999999999,47.0
7778.0,4163.0,7793.532999999999,47.0
7756.0,4067.0,7793.713,47.0
7713.0,3942.0,7793.9529999999995,47.0
7651.0,3813.0,7794.213,47.0
7598.0,3728.0,7794.392999999999,47.0
7538.0,3648.0,7794.572999999999,47.0
7476.0,3582.0,7794.732999999999,47.0
7379.0,3500.0,7794.9529999999995,47.0
7246.0,3416.0,7795.213,47.0
7191.0,3386.0,7795.312999999999,47.0
7057.0,3316.0,7795.553,47.0
6935.0,3247.0,7795.772999999999,47.0
6740.0,3089.0,7796.013,47.0
6614.0,2960.0,7796.413,47.0
6567.0,2908.0,7796.513,47.0
6408.0,2716.0,7796.852999999999,47.0
6333.0,2609.0,7797.013,47.0
6205.0,2398.0,7797.333,47.0
6084.0,2172.0,7797.692999999999,47.0
6029.0,2063.0,7797.852999999999,47.0
5961.0,1924.0,7798.053,47.0
5906.0,1811.0,7798.213,47.0
5486.0,938.0,7799.413,47.0
5393.0,742.0,7799.673,47.0
5328.0,606.0,7799.852999999999,47.0
5210.0,364.0,7800.032999999999,47.0
5144.0,226.0,7800.352999999999,47.0
5069.0,73.0,7800.553,47.0
5010.0,-49.0,7800.713,47.0
4899.0,-281.0,7801.013,47.0
4772.0,-545.0,7801.213,47.0
4642.0,-814.0,7801.692999999999,47.0
4581.0,-939.0,7801.852999999999,47.0
4491.0,-1126.0,7802.093,47.0
4407.0,-1297.0,7802.312999999999,47.0
4354.0,-1405.0,7802.4529999999995,47.0
4293.0,-1529.0,7802.612999999999,47.0
4208.0,-1699.0,7802.833,47.0
4101.0,-1914.0,7803.112999999999,47.0
4008.0,-2098.0,7803.352999999999,47.0
3953.0,-2204.0,7803.4929999999995,47.0
3875.0,-2355.0,7803.692999999999,47.0
3772.0,-2552.0,7803.9529999999995,47.0
3700.0,-2688.0,7804.133,47.0
3587.0,-2898.0,7804.413,47.0
3435.0,-3164.0,7804.633,47.0
3392.0,-3237.0,7804.873,47.0
3285.0,-3409.0,7805.112999999999,47.0
3200.0,-3529.0,7805.293,47.0
3064.0,-3698.0,7805.572999999999,47.0
2892.0,-3867.0,7805.833,47.0
2773.0,-3952.0,7806.133,47.0
2611.0,-4036.0,7806.413,47.0
2534.0,-4066.0,7806.553,47.0
2359.0,-4109.0,7806.852999999999,47.0
2147.0,-4111.0,7807.112999999999,47.0
2020.0,-4089.0,7807.433,47.0
1942.0,-4066.0,7807.572999999999,47.0
1823.0,-4017.0,7807.793,47.0
1607.0,-3875.0,7808.093,47.0
1478.0,-3750.0,7808.532999999999,47.0
1363.0,-3608.0,7808.753,47.0
1295.0,-3506.0,7809.032999999999,47.0
1209.0,-3354.0,7809.312999999999,47.0
1156.0,-3254.0,7809.4929999999995,47.0
1048.0,-3054.0,7809.753,47.0
943.0,-2879.0,7810.173,47.0
833.0,-2719.0,7810.392999999999,47.0
724.0,-2570.0,7810.753,47.0
605.0,-2410.0,7810.913,47.0
454.0,-2205.0,7811.433,47.0
361.0,-2081.0,7811.532999999999,47.0
278.0,-1974.0,7811.873,47.0
202.0,-1878.0,7812.053,47.0
43.0,-1690.0,7812.413,47.0
16.0,-1659.0,7812.473,47.0
-212.0,-1400.0,7812.873,47.0
-265.0,-1341.0,7813.093,47.0
-430.0,-1157.0,7813.473,47.0
-456.0,-1129.0,7813.532999999999,47.0
-689.0,-952.0,7813.892999999999,47.0
-789.0,-917.0,7814.192999999999,47.0
-952.0,-908.0,7814.4529999999995,47.0
-1032.0,-926.0,7814.593,47.0
-1131.0,-984.0,7814.873,47.0
-1207.0,-1045.0,7815.112999999999,47.0
-1281.0,-1101.0,7815.4929999999995,47.0
-1299.0,-1113.0,7815.572999999999,47.0
-1428.0,-1167.0,7815.973,47.0
-1542.0,-1168.0,7816.312999999999,47.0
-1626.0,-1148.0,7816.713,47.0
-1675.0,-1131.0,7816.873,47.0
-1758.0,-1094.0,7817.152999999999,47.0
-1809.0,-1065.0,7817.333,47.0
-1846.0,-1039.0,7817.473,47.0
-1890.0,-1003.0,7817.652999999999,47.0
-1978.0,-908.0,7818.013,47.0
-1909.0,-982.0,7818.413,47.0
-1934.0,-955.0,7818.513,47.0
-1989.0,-892.0,7818.732999999999,47.0
-2094.0,-761.0,7819.053,47.0
-2142.0,-691.0,7819.352999999999,47.0
-2198.0,-580.0,7819.553999999999,47.0
-2276.0,-354.0,7820.072999999999,47.0
-2289.0,-293.0,7820.333,47.0
-2310.0,-120.0,7820.652999999999,47.0
-2314.0,27.0,7820.913,47.0
-2307.0,121.0,7821.072999999999,47.0
-2294.0,217.0,7821.232999999999,47.0
-2272.0,325.0,7821.413,47.0
-2248.0,409.0,7821.553,47.0
-2194.0,544.0,7821.772999999999,47.0
-2134.0,662.0,7821.973,47.0
-2029.0,832.0,7822.293,47.0
-1953.0,940.0,7822.4929999999995,47.0
-1920.0,985.0,7822.572999999999,47.0
-1767.0,1195.0,7822.913,47.0
-1680.0,1310.0,7823.113,48.0
-1497.0,1540.0,7823.373,48.0
-1395.0,1670.0,7823.733,48.0
-1314.0,1779.0,7823.913,48.0
-1195.0,1941.0,7824.173,48.0
-1057.0,2131.0,7824.413,48.0
-974.0,2246.0,7824.653,48.0
-843.0,2426.0,7824.933,48.0
-692.0,2635.0,7825.253,48.0
-570.0,2808.0,7825.4529999999995,48.0
-387.0,3079.0,7825.813,48.0
-167.0,3408.0,7826.253,48.0
-111.0,3489.0,7826.513,48.0
73.0,3738.0,7826.893,48.0
205.0,3903.0,7827.073,48.0
322.0,4036.0,7827.373,48.0
503.0,4210.0,7827.693,48.0
666.0,4329.0,7827.913,48.0
818.0,4407.0,7828.173,48.0
966.0,4460.0,7828.373,48.0
1134.0,4497.0,7828.593,48.0
1320.0,4516.0,7828.833,48.0
1507.0,4520.0,7829.073,48.0
1645.0,4515.0,7829.253,48.0
1873.0,4492.0,7829.553,48.0
1934.0,4483.0,7829.633,48.0
2085.0,4463.0,7829.833,48.0
2250.0,4446.0,7830.053,48.0
2431.0,4439.0,7830.293,48.0
2627.0,4444.0,7830.553,48.0
2803.0,4468.0,7830.793,48.0
3021.0,4526.0,7830.993,48.0
3173.0,4587.0,7831.313,48.0
3357.0,4687.0,7831.593,48.0
3482.0,4772.0,7831.793,48.0
3667.0,4925.0,7832.053,48.0
3775.0,5029.0,7832.313,48.0
3881.0,5137.0,7832.513,48.0
3997.0,5252.0,7832.734,48.0
4112.0,5363.0,7832.9529999999995,48.0
4266.0,5505.0,7833.253,48.0
4359.0,5587.0,7833.4529999999995,48.0
4461.0,5673.0,7833.693,48.0
4729.0,5864.0,7834.413,48.0
4793.0,5886.0,7834.593,48.0
4837.0,5895.0,7834.713,48.0
4945.0,5900.0,7835.013,48.0
5063.0,5878.0,7835.273,48.0
5131.0,5847.0,7835.613,48.0
5172.0,5821.0,7835.773,48.0
5218.0,5784.0,7835.973,48.0
5255.0,5746.0,7836.153,48.0
5311.0,5659.0,7836.413,48.0
5334.0,5606.0,7836.753,48.0
5359.0,5520.0,7837.113,48.0
5367.0,5484.0,7837.273,48.0
5377.0,5427.0,7837.533,48.0
5382.0,5381.0,7837.753,48.0
5385.0,5352.0,7837.893,48.0
5388.0,5316.0,7838.073,48.0
5394.0,5254.0,7838.293,48.0
5398.0,5215.0,7838.633,48.0
5404.0,5175.0,7838.873,48.0
5402.0,5186.0,7839.113,48.0
5411.0,5136.0,7839.374,48.0
5426.0,5078.0,7839.753,48.0
5438.0,5040.0,7840.173,48.0
5450.0,5011.0,7840.433,48.0
5461.0,4987.0,7840.653,48.0
5462.0,4985.0,7840.673,48.0
5476.0,4959.0,7840.913,48.0
5502.0,4918.0,7841.233,48.0
5524.0,4888.0,7841.573,48.0
5558.0,4850.0,7841.793,48.0
5592.0,4818.0,7842.253,48.0
5611.0,4802.0,7842.413,48.0
5644.0,4778.0,7842.673,48.0
5692.0,4751.0,7842.893,48.0
5714.0,4742.0,7843.153,48.0
5752.0,4733.0,7843.393,48.0
5781.0,4732.0,7843.573,48.0
5825.0,4740.0,7843.833,48.0
5878.0,4765.0,7844.153,48.0
5915.0,4791.0,7844.313,48.0
5968.0,4840.0,7844.773,48.0
5982.0,4854.0,7844.873,48.0
6026.0,4906.0,7845.093,48.0
6053.0,4943.0,7845.433,48.0
6092.0,5002.0,7845.753,48.0
6113.0,5039.0,7845.934,48.0
6152.0,5117.0,7846.173,48.0
6183.0,5192.0,7846.613,48.0
6201.0,5240.0,7846.813,48.0
6216.0,5284.0,7846.993,48.0
6242.0,5370.0,7847.233,48.0
6258.0,5427.0,7847.553,48.0
6273.0,5486.0,7847.773,48.0
6296.0,5586.0,7848.073,48.0
6306.0,5644.0,7848.333,48.0
6316.0,5709.0,7848.553,48.0
6329.0,5822.0,7848.773,48.0
6331.0,5911.0,7849.053,48.0
6330.0,5982.0,7849.273,48.0
6322.0,6087.0,7849.4529999999995,48.0
6309.0,6180.0,7849.873,48.0
6286.0,6293.0,7850.153,48.0
6247.0,6427.0,7850.533,48.0
6193.0,6559.0,7850.993,48.0
6132.0,6676.0,7851.373,48.0
6098.0,6733.0,7851.553,48.0
6066.0,6783.0,7851.713,48.0
6010.0,6862.0,7851.973,48.0
5968.0,6916.0,7852.153,48.0
5888.0,7008.0,7852.394,48.0
5805.0,7091.0,7852.773,48.0
5704.0,7180.0,7852.993,48.0
5636.0,7237.0,7853.333,48.0
5495.0,7349.0,7853.633,48.0
5415.0,7410.0,7854.013,48.0
5348.0,7461.0,7854.213,48.0
5240.0,7547.0,7854.433,48.0
5145.0,7624.0,7854.813,48.0
5007.0,7737.0,7855.113,48.0
4945.0,7790.0,7855.473,48.0
4881.0,7844.0,7855.653,48.0
4803.0,7911.0,7855.873,48.0
4738.0,7966.0,7856.053,48.0
4615.0,8072.0,7856.293,48.0
4540.0,8136.0,7856.593,48.0
4366.0,8285.0,7856.933,48.0
4257.0,8379.0,7857.333,48.0
4177.0,8447.0,7857.533,48.0
4071.0,8538.0,7857.793,48.0
4022.0,8580.0,7857.913,48.0
3930.0,8659.0,7858.133,48.0
3745.0,8821.0,7858.433,48.0
3659.0,8897.0,7858.773,48.0
3616.0,8935.0,7858.873,48.0
3529.0,9011.0,7859.074,48.0
3441.0,9088.0,7859.273,48.0
3262.0,9245.0,7859.613,48.0
3098.0,9389.0,7860.033,48.0
2932.0,9535.0,7860.253,48.0
2848.0,9608.0,7860.573,48.0
2772.0,9673.0,7860.733,48.0
2601.0,9822.0,7861.093,48.0
2466.0,9939.0,7861.313,48.0
2331.0,10059.0,7861.613,48.0
2216.0,10162.0,7861.853,48.0
2093.0,10273.0,7862.153,48.0
1978.0,10376.0,7862.333,48.0
1810.0,10523.0,7862.753,48.0
1791.0,10539.0,7862.793,48.0
1609.0,10685.0,7863.173,48.0
1476.0,10774.0,7863.473,48.0
1368.0,10835.0,7863.713,48.0
1325.0,10855.0,7863.813,48.0
1117.0,10928.0,7864.193,48.0
1060.0,10939.0,7864.433,48.0
957.0,10948.0,7864.673,48.0
510.0,10859.0,7865.854,48.0
408.0,10782.0,7866.153,48.0
335.0,10689.0,7866.533,48.0
293.0,10618.0,7866.753,48.0
272.0,10578.0,7866.873,48.0
242.0,10510.0,7867.073,48.0
208.0,10389.0,7867.413,48.0
199.0,10328.0,7867.573,48.0
193.0,10241.0,7867.793,48.0
189.0,10169.0,7867.973,48.0
183.0,10064.0,7868.233,48.0
179.0,10000.0,7868.393,48.0
166.0,9894.0,7868.573,48.0
121.0,9753.0,7869.053,48.0
92.0,9699.0,7869.313,48.0
50.0,9639.0,7869.533,48.0
1.0,9587.0,7869.753,48.0
-67.0,9530.0,7870.033,48.0
-109.0,9504.0,7870.193,48.0
-185.0,9467.0,7870.473,48.0
-266.0,9446.0,7870.693,48.0
-338.0,9442.0,7870.993,48.0
-408.0,9451.0,7871.233,48.0
-506.0,9494.0,7871.4529999999995,48.0
-560.0,9533.0,7871.813,48.0
-640.0,9617.0,7872.1539999999995,48.0
-684.0,9685.0,7872.454,48.0
-707.0,9731.0,7872.613,48.0
-734.0,9797.0,7872.833,48.0
-754.0,9866.0,7873.053,48.0
-768.0,9940.0,7873.273,48.0
-775.0,10024.0,7873.513,48.0
-775.0,10090.0,7873.693,48.0
-770.0,10172.0,7873.913,48.0
-753.0,10290.0,7874.173,48.0
-690.0,10528.0,7874.533,48.0
-654.0,10624.0,7874.893,48.0
-576.0,10803.0,7875.213,48.0
-511.0,10932.0,7875.573,48.0
-459.0,11031.0,7875.793,48.0
-445.0,11057.0,7875.853,48.0
-376.0,11183.0,7876.153,48.0
-326.0,11268.0,7876.373,48.0
-289.0,11325.0,7876.533,48.0
-249.0,11386.0,7876.713,48.0
-213.0,11437.0,7876.873,48.0
-121.0,11562.0,7877.273,48.0
-47.0,11654.0,7877.433,48.0
-10.0,11697.0,7877.713,48.0
73.0,11789.0,7878.013,48.0
139.0,11857.0,7878.233,48.0
201.0,11918.0,7878.433,48.0
300.0,12011.0,7878.633,48.0
376.0,12078.0,7878.954,48.0
479.0,12162.0,7879.233,48.0
556.0,12221.0,7879.433,48.0
620.0,12266.0,7879.593,48.0
686.0,12311.0,7879.753,48.0
807.0,12383.0,7880.033,48.0
945.0,12453.0,7880.333,48.0
1051.0,12501.0,7880.533,48.0
1199.0,12560.0,7880.853,48.0
1260.0,12581.0,7880.973,48.0
1479.0,12650.0,7881.333,48.0
1620.0,12686.0,7881.653,48.0
1752.0,12716.0,7881.893,48.0
1933.0,12750.0,7882.173,48.0
2070.0,12771.0,7882.433,48.0
2234.0,12792.0,7882.713,48.0
2365.0,12807.0,7882.933,48.0
2485.0,12820.0,7883.133,48.0
2595.0,12831.0,7883.313,48.0
2730.0,12846.0,7883.533,48.0
2891.0,12862.0,7883.793,48.0
3004.0,12873.0,7883.973,48.0
3169.0,12890.0,7884.173,48.0
3336.0,12908.0,7884.493,48.0
3479.0,12924.0,7884.713,48.0
3727.0,12951.0,7884.973,48.0
3844.0,12964.0,7885.274,48.0
4092.0,12994.0,7885.614,48.0
4323.0,13024.0,7886.013,48.0
4448.0,13040.0,7886.213,48.0
4618.0,13063.0,7886.4529999999995,48.0
4792.0,13084.0,7886.793,48.0
4870.0,13092.0,7886.933,48.0
5032.0,13107.0,7887.233,48.0
5127.0,13112.0,7887.413,48.0
5216.0,13114.0,7887.593,48.0
5351.0,13107.0,7887.873,48.0
5392.0,13102.0,7887.9529999999995,48.0
5543.0,13073.0,7888.253,48.0
5719.0,13020.0,7888.513,48.0
5785.0,12993.0,7888.753,48.0
5939.0,12912.0,7889.093,48.0
6060.0,12831.0,7889.293,48.0
6189.0,12724.0,7889.693,48.0
6278.0,12634.0,7889.933,48.0
6312.0,12593.0,7890.033,48.0
6375.0,12505.0,7890.233,48.0
6437.0,12401.0,7890.4529999999995,48.0
6492.0,12292.0,7890.673,48.0
6542.0,12179.0,7890.893,48.0
6575.0,12095.0,7891.053,48.0
6651.0,11864.0,7891.353,48.0
6705.0,11671.0,7891.813,48.0
6723.0,11601.0,7891.934,48.0
6749.0,11494.0,7892.114,48.0
6774.0,11386.0,7892.294,48.0
6811.0,11217.0,7892.573,48.0
6831.0,11111.0,7892.733,48.0
6876.0,10842.0,7892.973,48.0
6906.0,10630.0,7893.433,48.0
6919.0,10520.0,7893.613,48.0
6931.0,10410.0,7893.793,48.0
6938.0,10338.0,7893.913,48.0
6961.0,10072.0,7894.273,48.0
6969.0,9926.0,7894.593,48.0
6974.0,9828.0,7894.753,48.0
6979.0,9667.0,7895.013,48.0
6981.0,9542.0,7895.213,48.0
6986.0,9341.0,7895.433,48.0
6995.0,9113.0,7895.893,48.0
6997.0,9076.0,7895.9529999999995,48.0
7007.0,8940.0,7896.213,48.0
7017.0,8842.0,7896.373,48.0
7045.0,8648.0,7896.693,48.0
7067.0,8529.0,7896.893,48.0
7092.0,8411.0,7897.093,48.0
7118.0,8306.0,7897.273,48.0
7149.0,8189.0,7897.473,48.0
7186.0,8062.0,7897.693,48.0
7219.0,7959.0,7897.873,48.0
7255.0,7856.0,7898.053,48.0
7356.0,7600.0,7898.393,48.0
7427.0,7417.0,7898.734,48.0
7490.0,7228.0,7899.213,48.0
7514.0,7124.0,7899.413,48.0
7536.0,6977.0,7899.753,48.0
7533.0,6807.0,7899.933,48.0
7508.0,6624.0,7900.413,48.0
7470.0,6444.0,7900.653,48.0
7442.0,6327.0,7900.973,48.0
7410.0,6200.0,7901.213,48.0
7382.0,6083.0,7901.433,48.0
7364.0,5999.0,7901.593,48.0
7346.0,5906.0,7901.773,48.0
7327.0,5775.0,7902.033,48.0
7318.0,5618.0,7902.293,48.0
7326.0,5476.0,7902.653,48.0
7343.0,5383.0,7902.853,48.0
7366.0,5301.0,7903.033,48.0
7396.0,5220.0,7903.213,48.0
7427.0,5149.0,7903.373,48.0
7481.0,5047.0,7903.613,48.0
7544.0,4939.0,7903.873,48.0
7619.0,4813.0,7904.173,48.0
7652.0,4755.0,7904.333,48.0
7718.0,4621.0,7904.553,48.0
7749.0,4536.0,7904.873,48.0
7772.0,4451.0,7905.074,48.0
7788.0,4277.0,7905.354,48.0
7782.0,4200.0,7905.653,48.0
7754.0,4063.0,7905.973,48.0
7701.0,3915.0,7906.253,48.0
7662.0,3835.0,7906.533,48.0
7626.0,3773.0,7906.693,48.0
7529.0,3640.0,7907.053,48.0
7235.0,3411.0,7907.833,48.0
7123.0,3352.0,7908.093,48.0
7047.0,3312.0,7908.273,48.0
6966.0,3266.0,7908.473,48.0
6903.0,3225.0,7908.633,48.0
6836.0,3173.0,7908.813,48.0
6687.0,3035.0,7909.153,48.0
6533.0,2869.0,7909.613,48.0
6438.0,2755.0,7909.993,48.0
6399.0,2700.0,7910.053,48.0
6328.0,2599.0,7910.273,48.0
6212.0,2410.0,7910.613,48.0
6168.0,2330.0,7910.893,48.0
6106.0,2215.0,7911.153,48.0
6061.0,2127.0,7911.353,48.0
5981.0,1965.0,7911.634,48.0
5924.0,1849.0,7912.014,48.0
5884.0,1767.0,7912.213,48.0
5836.0,1667.0,7912.4529999999995,48.0
5766.0,1523.0,7912.693,48.0
5742.0,1472.0,7912.913,48.0
5692.0,1368.0,7913.153,48.0
5625.0,1228.0,7913.473,48.0
5561.0,1093.0,7913.693,48.0
5514.0,996.0,7914.033,48.0
5440.0,840.0,7914.293,48.0
5396.0,747.0,7914.573,48.0
5356.0,664.0,7914.753,48.0
5284.0,515.0,7915.073,48.0
5215.0,373.0,7915.353,48.0
5100.0,135.0,7915.773,48.0
5025.0,-19.0,7916.073,48.0
4959.0,-156.0,7916.473,48.0
4883.0,-314.0,7916.673,48.0
4826.0,-433.0,7917.033,48.0
4773.0,-543.0,7917.253,48.0
4705.0,-684.0,7917.533,48.0
4636.0,-827.0,7917.793,48.0
4626.0,-847.0,7917.833,48.0
4557.0,-990.0,7918.113,48.0
4482.0,-1143.0,7918.414,48.0
4422.0,-1266.0,7918.614,48.0
4351.0,-1411.0,7918.933,48.0
4310.0,-1494.0,7919.093,48.0
4269.0,-1577.0,7919.253,48.0
4201.0,-1713.0,7919.513,48.0
4153.0,-1809.0,7919.693,48.0
4079.0,-1958.0,7919.973,48.0
4030.0,-2054.0,7920.153,48.0
3964.0,-2182.0,7920.393,48.0
3877.0,-2351.0,7920.673,48.0
3809.0,-2482.0,7920.973,48.0
3715.0,-2661.0,7921.293,48.0
3619.0,-2838.0,7921.473,48.0
3577.0,-2915.0,7921.753,48.0
3502.0,-3048.0,7921.993,48.0
3444.0,-3148.0,7922.173,48.0
3372.0,-3269.0,7922.393,48.0
3263.0,-3440.0,7922.713,48.0
3205.0,-3521.0,7922.873,48.0
3162.0,-3579.0,7922.993,48.0
3035.0,-3729.0,7923.333,48.0
2974.0,-3792.0,7923.493,48.0
2851.0,-3897.0,7923.773,48.0
2771.0,-3951.0,7924.013,48.0
2631.0,-4026.0,7924.373,48.0
2572.0,-4051.0,7924.533,48.0
2527.0,-4067.0,7924.713,48.0
2468.0,-4084.0,7924.894,48.0
2398.0,-4100.0,7925.114,48.0
2282.0,-4113.0,7925.373,48.0
2220.0,-4113.0,7925.753,48.0
2167.0,-4110.0,7925.973,48.0
2144.0,-4107.0,7926.073,48.0
2048.0,-4091.0,7926.373,48.0
2009.0,-4082.0,7926.693,48.0
1948.0,-4064.0,7926.973,48.0
1913.0,-4052.0,7927.133,48.0
1814.0,-4009.0,7927.473,48.0
1741.0,-3968.0,7927.893,48.0
1695.0,-3938.0,7928.093,48.0
1622.0,-3884.0,7928.313,48.0
1553.0,-3824.0,7928.713,48.0
1471.0,-3740.0,7928.933,48.0
1412.0,-3670.0,7929.333,48.0
1327.0,-3553.0,7929.613,48.0
1258.0,-3442.0,7930.033,48.0
1213.0,-3359.0,7930.113,48.0
1162.0,-3265.0,7930.493,48.0
1110.0,-3166.0,7930.733,48.0
1049.0,-3054.0,7930.993,48.0
997.0,-2967.0,7931.193,48.0
942.0,-2879.0,7931.394,48.0
870.0,-2771.0,7931.634,48.0
786.0,-2655.0,7931.814,48.0
665.0,-2491.0,7932.253,48.0
583.0,-2379.0,7932.493,48.0
514.0,-2286.0,7932.693,48.0
401.0,-2134.0,7932.873,48.0
357.0,-2077.0,7933.133,48.0
231.0,-1915.0,7933.473,48.0
139.0,-1802.0,7933.713,48.0
75.0,-1727.0,7933.873,48.0
471.0,-2044.0,7934.093,48.0
410.0,-1952.0,7934.273,48.0
299.0,-1786.0,7934.513,48.0
211.0,-1656.0,7934.853,48.0
120.0,-1520.0,7935.133,48.0
38.0,-1397.0,7935.353,48.0
-57.0,-1254.0,7935.753,48.0
-116.0,-1171.0,7935.973,48.0
-162.0,-1108.0,7936.153,48.0
-203.0,-1053.0,7936.313,48.0
-265.0,-974.0,7936.573,48.0
-325.0,-905.0,7936.833,48.0
-379.0,-845.0,7937.133,48.0
-428.0,-791.0,7937.433,48.0
-477.0,-737.0,7937.653,48.0
-505.0,-708.0,7937.974,48.0
-525.0,-686.0,7938.114,48.0
-554.0,-653.0,7938.314,48.0
-927.0,-258.0,7938.653,48.0
-957.0,-226.0,7938.853,48.0
-985.0,-197.0,7939.033,48.0
-1037.0,-141.0,7939.273,48.0
-1067.0,-109.0,7939.573,48.0
-1101.0,-74.0,7939.793,48.0
-1125.0,-48.0,7939.9529999999995,48.0
-1186.0,16.0,7940.353,48.0
-1213.0,44.0,7940.533,48.0
-1237.0,70.0,7940.693,48.0
-1321.0,159.0,7940.933,48.0
-1349.0,188.0,7941.113,48.0
-1394.0,236.0,7941.353,48.0
-1440.0,285.0,7941.713,48.0
-1486.0,333.0,7941.9529999999995,48.0
-1522.0,372.0,7942.213,48.0
-1575.0,448.0,7942.513,48.0
-1594.0,488.0,7942.813,48.0
-1617.0,559.0,7943.153,48.0
-1622.0,585.0,7943.273,48.0
-1626.0,630.0,7943.473,48.0
-1626.0,678.0,7943.693,48.0
-1621.0,726.0,7943.913,48.0
-1606.0,786.0,7944.193,48.0
-1587.0,833.0,7944.413,48.0
-1547.0,903.0,7944.614,48.0
