Distance,X,Y,Speed,nGear,Throttle,Brake,DRS,SessionSeconds,LapNumber
0.054415494076611226,-1767.134821932325,1194.4417495537525,255.9249984,6,100.0,False,0,6660.807,36.0
6.220471534911766,-1733.0,1240.0,258.0499968,6,100.0,False,0,6660.892,36.0
17.756944444444436,-1667.8942529762592,1325.2256028716906,262.0,6,100.0,False,0,6661.05,36.0
19.37099731086466,-1654.0,1343.0,262.2749984,6,100.0,False,0,6661.072,36.0
31.166395496675037,-1522.0,1510.0,264.2749984,6,100.0,False,0,6661.232,36.0
47.42361111111111,-1436.7671388715357,1615.5795290816145,267.0,7,100.0,False,0,6661.45,36.0
62.70511680294732,-1388.0,1679.0,271.3285686857143,7,100.0,False,0,6661.652,36.0
68.65694444444443,-1353.917816104049,1725.140974895784,273.0,7,100.0,False,0,6661.73,36.0
70.34050614520321,-1343.0,1740.0,273.2749984,7,100.0,False,0,6661.7519999999995,36.0
95.04249963673018,-1157.0,1995.0,277.2749984,7,100.0,False,0,6662.072,36.0
99.54583333333332,-1133.0298992524856,2027.8330934166468,278.0,7,100.0,False,0,6662.13,36.0
119.97049872928345,-1056.0,2133.0,280.44859742277333,7,100.0,False,0,6662.392,36.0
124.60166666666665,-1033.8087992125343,2163.3864337171995,281.0,7,100.0,False,0,6662.451,36.0
137.22388888888887,-959.9073429262356,2264.7756045436686,284.0,7,100.0,False,0,6662.611,36.0
145.21559384890665,-903.0,2343.0,284.6332283118288,7,100.0,False,0,6662.7119999999995,36.0
162.56666666666666,-764.140439435907,2534.2122784275543,286.0,7,100.0,False,0,6662.929999999999,36.0
165.93849485027408,-744.0,2562.0,286.656248,7,100.0,False,0,6662.972,36.0
183.7319258101928,-678.0,2654.0,290.093748,7,100.0,False,0,6663.192,36.0
188.4333333333333,-656.0726251071424,2685.1407017470706,291.0,7,100.0,False,0,6663.25,36.0
206.43156290411088,-549.0,2839.0,291.6937496,7,100.0,False,0,6663.472,36.0
214.38888888888886,-503.62277510636375,2905.487838520837,292.0,7,100.0,False,0,6663.57,36.0
225.93919226378372,-440.0,3000.0,292.4437496,7,100.0,False,0,6663.7119999999995,36.0
240.43333333333334,-358.87359841550904,3121.9003089622897,293.0,7,100.0,False,0,6663.889999999999,36.0
248.73558393684345,-314.0,3190.0,293.0,7,100.0,False,0,6663.992,36.0
261.75552975326815,-242.0,3299.0,293.0,7,100.0,False,0,6664.152,36.0
269.73333333333335,-179.65898340076984,3389.667062062981,293.0,7,100.0,False,0,6664.25,36.0
281.2985672474117,-84.0,3526.0,293.0,7,100.0,False,0,6664.392,36.0
299.03333333333336,-0.21257708634567213,3641.804061872494,293.0,7,100.0,False,0,6664.61,36.0
313.7779729403897,60.0,3721.0,291.9888896,7,100.0,False,0,6664.7919999999995,36.0
325.0749330977652,129.0,3810.0,291.2111118222222,7,100.0,False,0,6664.932,36.0
328.1333333333334,153.34286985606028,3839.7391329464963,291.0,7,100.0,False,0,6664.969999999999,36.0
349.1266880158614,350.0,4066.0,288.81666773333336,7,100.0,False,0,6665.232,36.0
356.93333333333334,396.7096901240209,4116.31277222079,288.0,7,100.0,False,0,6665.33,36.0
376.10509758583095,477.0,4188.0,285.7312512,7,100.0,False,0,6665.572,36.0
382.2666666666667,516.773272059965,4220.740992259109,285.0,7,100.0,False,0,6665.65,36.0
396.62558030058483,631.0,4307.0,284.09000064,7,100.0,False,0,6665.831999999999,36.0
398.0444444444445,642.683257210447,4314.5880978630275,284.0,7,100.0,False,0,6665.849999999999,36.0
404.50535647567426,697.0,4347.0,283.6583338666667,7,100.0,False,0,6665.932,36.0
416.91111111111115,811.7037740015699,4403.921382736347,283.0,7,100.0,False,0,6666.09,36.0
421.74678434880605,858.0,4423.0,282.31111253333336,7,100.0,False,0,6666.152,36.0
435.68877780219003,991.0,4466.0,280.31111253333336,7,100.0,False,0,6666.331999999999,36.0
444.81111111111113,1074.8020345974192,4486.112669367879,279.0,7,100.0,False,0,6666.45,36.0
451.1535285109628,1135.0,4497.0,278.7437504,7,100.0,False,0,6666.532,36.0
469.52222222222224,1327.0021485640848,4516.25590164393,278.0,7,100.0,False,0,6666.7699999999995,36.0
472.74322952012085,1360.0,4518.0,277.4750016,7,100.0,False,0,6666.812,36.0
478.85957827835153,1422.0,4520.0,276.4750016,7,100.0,False,0,6666.892,36.0
487.8555555555556,1526.187586271304,4519.189121939272,275.0,7,100.0,False,0,6667.01,36.0
500.0333333333334,1688.61347292539,4511.199918497709,274.0,7,100.0,False,0,6667.17,36.0
507.8002278449002,1788.0,4503.0,274.0,7,100.0,False,0,6667.272,36.0
515.2555555555556,1878.2594773475635,4492.976380497471,274.0,7,100.0,False,0,6667.37,36.0
536.635727242848,2097.0,4461.0,273.1187504,7,100.0,False,0,6667.652,36.0
539.5222222222222,2119.4484473576476,4457.984047142214,273.0,7,100.0,False,0,6667.69,36.0
551.7,2194.6398835742584,4449.361296342494,274.0,7,100.0,False,0,6667.849999999999,36.0
563.8777777777779,2268.5784367142874,4444.278325100737,274.0,7,100.0,False,0,6668.01,36.0
567.0752035687194,2293.0,4443.0,274.0,7,100.0,False,0,6668.052,36.0
579.1,2404.3114577822175,4438.8401062977155,274.0,7,100.0,False,0,6668.21,36.0
583.8099956036478,2459.0,4439.0,273.7785718857143,7,100.0,False,0,6668.272,36.0
600.3333333333334,2680.5012517519954,4449.7993992042075,273.0,7,100.0,False,0,6668.49,36.0
600.5604055585134,2683.0,4450.0,272.98500096,7,100.0,False,0,6668.4929999999995,36.0
615.4444444444445,2797.7526072699516,4465.405769715519,272.0,7,100.0,False,0,6668.69,36.0
621.6080713507652,2843.0,4476.0,271.4163708848674,7,100.0,False,0,6668.772,36.0
636.5194444444444,2986.078106087784,4516.183969613718,270.0,7,100.0,False,0,6668.971,36.0
647.1019677990639,3090.0,4551.0,270.0,7,100.0,False,0,6669.112,36.0
651.5194444444445,3129.21539327558,4565.986983864261,270.0,7,100.0,False,0,6669.170999999999,36.0
659.0540524122196,3206.0,4602.0,269.2759862879458,7,100.0,False,0,6669.272,36.0
672.2894444444445,3411.0222454396917,4721.791667996176,268.0,7,100.0,False,0,6669.45,36.0
672.4382591044667,3413.0,4723.0,268.0,7,100.0,False,0,6669.452,36.0
693.1338888888889,3545.5721395388005,4813.849568593388,268.0,7,100.0,False,0,6669.73,36.0
706.6348438569624,3604.0,4869.0,267.4312504,7,100.0,False,0,6669.911999999999,36.0
716.8672222222223,3680.512411833465,4938.053574344781,267.0,7,100.0,False,0,6670.05,36.0
721.4693653389169,3715.0,4970.0,267.0,7,100.0,False,0,6670.112,36.0
734.847081088795,3811.0,5065.0,267.0,7,100.0,False,0,6670.2919999999995,36.0
749.5005555555556,3972.7161324381677,5228.705204632609,267.0,7,100.0,False,0,6670.49,36.0
749.6479438441821,3974.0,5230.0,266.9571456,7,100.0,False,0,6670.492,36.0
769.8005555555555,4065.218506000191,5318.686030772119,261.0,7,100.0,False,0,6670.7699999999995,36.0
772.7082604651041,4084.0,5336.0,257.70001005714283,7,85.3000448,False,0,6670.812,36.0
788.3894444444445,4260.03498465012,5497.983453098925,239.0,7,2.0,True,0,6671.05,36.0
795.956339756089,4330.0,5562.0,229.41429577142858,7,1.5642861714285714,True,0,6671.172,36.0
805.2672222222222,4359.410239496848,5587.988288557876,217.0,7,1.0,True,0,6671.33,36.0
809.8686273789874,4374.0,5600.0,208.39001344,7,1.40999936,True,0,6671.411999999999,36.0
816.1561111111112,4414.763571987845,5633.994057198402,196.0,7,2.0,True,0,6671.53,36.0
823.9994889670498,4488.0,5695.0,181.8250112,7,2.5062496,True,0,6671.692,36.0
831.0894444444444,4548.8227422204545,5744.862624305071,168.0,5,3.0,True,0,6671.849999999999,36.0
838.107129122241,4608.0,5790.0,160.8000056888889,5,3.4499996444444445,True,0,6672.012,36.0
845.5661539543863,4676.0,5836.0,152.8000056888889,5,3.9499996444444445,True,0,6672.192,36.0
846.2894444444445,4681.815861005144,5839.706496660056,152.0,4,4.0,True,0,6672.21,36.0
853.372325356875,4745.0,5870.0,142.9000064,4,4.649999542857143,True,0,6672.392,36.0
857.0227777777778,4811.451572527872,5887.738762207357,138.0,3,5.0,True,0,6672.49,36.0
859.2756701489408,4851.0,5897.0,135.6750048,3,4.8062504,True,0,6672.552,36.0
868.2227777777779,4909.5837657321645,5903.85441611884,126.0,2,4.0,True,0,6672.8099999999995,36.0
871.6058391924921,4928.0,5901.0,123.4500032,2,3.3045463272727273,True,0,6672.911999999999,36.0
879.2542454861838,5008.0,5892.0,117.4500032,2,1.668182690909091,True,0,6673.152,36.0
882.2783333333334,5040.620541295825,5885.3777364414445,115.0,2,1.0,True,0,6673.25,36.0
902.7582013169664,5220.0,5782.0,105.25000177777778,2,3.9249994666666668,True,0,6673.952,36.0
903.2783333333334,5224.019510831476,5778.207747202715,105.0,2,4.0,False,0,6673.969999999999,36.0
906.2310880959446,5246.0,5756.0,105.0,2,10.954536727272728,False,0,6674.072,36.0
911.4665290205131,5278.0,5716.0,105.0,2,23.227264,False,0,6674.2519999999995,36.0
916.1116666666668,5301.902360091718,5677.265538329953,105.0,2,34.0,False,0,6674.41,36.0
918.5435620304174,5313.0,5656.0,105.7687488,2,35.7937472,False,0,6674.492,36.0
923.3376328121635,5332.0,5613.0,107.2687488,2,39.2937472,False,0,6674.652,36.0
925.7116666666668,5339.829170795216,5591.883052265139,108.0,2,41.0,False,0,6674.73,36.0
932.0079594190851,5357.0,5534.0,110.89999725714286,2,42.44999862857143,False,0,6674.933,36.0
934.4227777777779,5363.147940913135,5509.091359798186,112.0,2,43.0,False,0,6675.01,36.0
937.0356056569233,5369.0,5482.0,112.82999808,2,45.90499328,False,0,6675.093,36.0
940.7561111111113,5374.758853010337,5446.535075832526,114.0,2,50.0,False,0,6675.21,36.0
943.4079503459975,5378.0,5421.0,115.63183876834667,2,50.815919384173334,False,0,6675.2919999999995,36.0
947.3444444444445,5382.584319973981,5380.082522804558,118.0,2,52.0,False,0,6675.411,36.0
952.8555555555556,5388.393626635122,5320.520716368972,124.0,2,56.0,False,0,6675.571,36.0
955.7360889068814,5391.0,5292.0,126.36249813333333,2,57.34999893333333,False,0,6675.652,36.0
961.588888888889,5395.412637753516,5240.204541791802,131.0,2,60.0,False,0,6675.811,36.0
967.6777777777778,5400.905654895095,5189.708529010314,137.0,3,67.0,False,0,6675.971,36.0
969.1693374478381,5403.0,5176.0,134.94265601315416,3,57.15413949152356,False,0,6676.012,36.0
977.2102777777778,5420.1543524055105,5093.115276171626,123.0,3,0.0,True,0,6676.25,36.0
977.9289448875619,5422.0,5086.0,122.37143222857142,3,0.0,True,0,6676.272,36.0
984.3364593466802,5441.0,5027.0,116.65714651428571,3,0.0,True,0,6676.472,36.0
986.1547222222223,5448.005468367433,5010.282179822884,115.0,3,0.0,True,0,6676.53,36.0
989.3100785826367,5462.0,4981.0,112.4500032,3,0.0,True,0,6676.632,36.0
993.4213888888889,5483.442341288269,4942.72673609085,109.0,2,0.0,True,0,6676.7699999999995,36.0
994.050368904082,5487.0,4937.0,107.99167253333333,2,0.0,True,0,6676.7919999999995,36.0
999.9547222222222,5523.068851005639,4887.216619555245,98.0,2,0.0,True,0,6677.01,36.0
1001.5718990680281,5533.0,4875.0,96.67143131428571,2,0.0,True,0,6677.072,36.0
1007.1102777777778,5571.136709653125,4834.17189051064,92.0,2,0.0,True,0,6677.29,36.0
1007.6601298108912,5577.0,4829.0,91.68571611428571,2,0.0,True,0,6677.312,36.0
1012.093940683945,5634.0,4783.0,89.11428754285714,2,0.0,True,0,6677.492,36.0
1013.9547222222222,5647.75213154995,4772.537163270279,88.0,2,0.0,True,0,6677.57,36.0
1018.1305705545279,5662.0,4765.0,84.10000274285714,2,0.0,True,0,6677.7519999999995,36.0
1020.3325,5677.282837187811,4758.064066074606,82.0,2,0.0,True,0,6677.849999999999,36.0
1026.159978810014,5735.0,4735.0,80.12857234285714,2,0.0,True,0,6678.112,36.0
1026.5547222222222,5738.561022045752,4733.989714691947,80.0,2,0.0,True,0,6678.13,36.0
1029.6359445320936,5767.0,4730.0,78.2250016,2,0.0,True,0,6678.272,36.0
1030.0213888888889,5771.420885969385,4730.19515782359,78.0,2,0.0,False,0,6678.29,36.0
1034.6709080975793,5834.0,4742.0,76.6125008,2,9.712494399999999,False,0,6678.512,36.0
1040.0213888888889,5866.206717448212,4753.580558267429,75.0,2,21.0,False,0,6678.7699999999995,36.0
1043.0427821266874,5890.0,4772.0,76.41999872,2,24.5499968,False,0,6678.911999999999,36.0
1044.2991666666667,5904.887691019418,4783.989603411871,77.0,2,26.0,False,0,6678.969999999999,36.0
1047.8869105584251,5951.0,4822.0,79.42999808,2,28.42999808,False,0,6679.132,36.0
1048.743611111111,5958.667841687118,4828.546169096683,80.0,2,29.0,False,0,6679.17,36.0
1053.354722222222,5977.258177915625,4846.6240639715,83.0,2,32.0,False,0,6679.37,36.0
1056.7711434750672,5990.0,4862.0,85.36666453333333,2,36.141662933333336,False,0,6679.512,36.0
1059.154722222222,6004.36882394659,4878.971784116273,87.0,2,39.0,False,0,6679.61,36.0
1061.6271420640435,6021.0,4899.0,87.6374992,2,40.9124976,False,0,6679.7119999999995,36.0
1066.5944585688505,6051.0,4939.0,88.8874992,2,44.6624976,False,0,6679.911999999999,36.0
1067.065833333333,6054.04186313954,4943.4630098796315,89.0,2,45.0,False,0,6679.929999999999,36.0
1072.565833333333,6092.705995249873,5004.20874860793,99.0,2,53.0,False,0,6680.13,36.0
1075.4972419954756,6110.0,5033.0,102.05999616,2,54.01999872,False,0,6680.232,36.0
1078.3991666666664,6122.9588316026975,5055.63718185281,105.0,2,55.0,False,0,6680.33,36.0
1087.2658333333331,6151.045159239131,5114.228897771012,114.0,2,60.0,False,0,6680.61,36.0
1088.0054166465272,6154.0,5121.0,114.8249952,2,60.65999616,False,0,6680.632,36.0
1095.0319878342357,6186.0,5198.0,122.3249952,2,66.65999616,False,0,6680.831999999999,36.0
1101.5991666666664,6214.795447977869,5278.342374149828,129.0,3,72.0,False,0,6681.01,36.0
1106.978791755726,6236.0,5345.0,134.3249952,3,76.73332906666667,False,0,6681.152,36.0
1110.7991666666665,6249.317483012609,5390.707277072905,138.0,3,80.0,False,0,6681.25,36.0
1118.9658333333332,6273.067030749805,5482.590321784335,147.0,3,80.0,False,0,6681.45,36.0
1128.849778239195,6290.0,5554.0,155.6722247111111,3,92.38889244444445,False,0,6681.673,36.0
1135.065833333333,6294.490419812158,5575.001623266804,161.0,4,100.0,False,0,6681.8099999999995,36.0
1139.6676911021875,6299.0,5599.0,162.5887833697263,4,100.0,False,0,6681.911999999999,36.0
1149.8674999999998,6317.920627733418,5714.323913918824,166.0,4,100.0,False,0,6682.130999999999,36.0
1149.9169670675017,6318.0,5715.0,166.0958272,4,100.0,False,0,6682.132,36.0
1162.4674999999997,6330.874868343013,5901.8672788551885,189.0,5,100.0,False,0,6682.371,36.0
1166.9579693983194,6332.0,5958.0,193.3392822857143,5,100.0,False,0,6682.452,36.0
1178.3341666666665,6327.206777409426,6056.725382942636,204.0,5,100.0,False,0,6682.651,36.0
1187.7337419774185,6318.0,6128.0,209.63499776,5,100.0,False,0,6682.812,36.0
1190.0563888888887,6315.337411093185,6147.72418964745,211.0,5,100.0,False,0,6682.851,36.0
1194.950522377555,6309.0,6191.0,213.53918243728,5,100.0,False,0,6682.932,36.0
1209.6394444444443,6279.643260871204,6327.59189516383,221.0,5,100.0,False,0,6683.17,36.0
1213.440202705254,6268.0,6367.0,221.0,5,100.0,False,0,6683.232,36.0
1224.3727777777776,6224.421049151062,6489.208008126092,221.0,5,100.0,False,0,6683.41,36.0
1229.5195718004409,6203.0,6541.0,223.25499648,5,100.0,False,0,6683.492,36.0
1247.6376495272261,6132.0,6680.0,230.95499648,5,100.0,False,0,6683.772,36.0
1250.1505555555552,6121.687562263541,6698.17155039141,232.0,6,100.0,False,0,6683.8099999999995,36.0
1266.2838888888884,6042.157023770608,6824.363370079023,242.0,6,100.0,False,0,6684.05,36.0
1271.878135845755,5995.0,6884.0,243.46428342857143,6,100.0,False,0,6684.132,36.0
1285.4949999999997,5846.26952250209,7052.62410734317,247.0,6,100.0,False,0,6684.33,36.0
1285.6327562188005,5845.0,7054.0,247.0142848,6,100.0,False,0,6684.331999999999,36.0
1304.8616666666665,5745.330836907316,7149.55961359461,249.0,6,100.0,False,0,6684.61,36.0
1313.4264599031858,5705.0,7182.0,251.17856914285716,6,100.0,False,0,6684.732,36.0
1324.617222222222,5629.067611677184,7244.952183383413,254.0,6,100.0,False,0,6684.889999999999,36.0
1329.0250832917443,5589.0,7277.0,254.968748,6,100.0,False,0,6684.952,36.0
1343.377089740166,5429.0,7400.0,258.093748,6,100.0,False,0,6685.152,36.0
1347.6394444444443,5387.924356402464,7431.530385877429,259.0,6,100.0,False,0,6685.21,36.0
1375.0394444444446,5206.001242777173,7574.0023656655,274.0,6,100.0,False,0,6685.57,36.0
1376.7304862870787,5196.0,7582.0,274.32999808,6,100.0,False,0,6685.592,36.0
1390.4283333333335,5115.375924862603,7647.099563307377,277.0,7,100.0,False,0,6685.7699999999995,36.0
1402.9656920328314,5012.0,7733.0,278.61999872,7,100.0,False,0,6685.932,36.0
1405.9283333333335,4979.757706869615,7760.123416508257,279.0,7,100.0,False,0,6685.969999999999,36.0
1421.8429520013376,4783.0,7927.0,283.20833066666665,7,100.0,False,0,6686.172,36.0
1424.8616666666667,4750.3720308028,7954.874587123501,284.0,7,100.0,False,0,6686.21,36.0
1455.5214627351654,4528.0,8147.0,288.7749984,7,100.0,False,0,6686.592,36.0
1456.972777777778,4521.295588364609,8152.7490353639805,289.0,7,100.0,False,0,6686.61,36.0
1473.1394444444445,4461.879463967516,8203.029673137069,291.0,7,100.0,False,0,6686.8099999999995,36.0
1479.8216378637999,4429.0,8231.0,292.0249984,7,100.0,False,0,6686.892,36.0
1506.0283333333332,4232.224086499086,8399.94882844967,296.0,7,100.0,False,0,6687.21,36.0
1506.1941233175437,4231.0,8401.0,296.0222208,7,100.0,False,0,6687.2119999999995,36.0
1521.1599601118521,4118.0,8498.0,298.0222208,7,100.0,False,0,6687.392,36.0
1536.0283333333334,3945.6533628787142,8646.219734952605,300.0,8,100.0,False,0,6687.57,36.0
1544.5721450815113,3859.0,8721.0,300.8499989333333,8,100.0,False,0,6687.672,36.0
1556.1616666666666,3790.5990388036043,8780.593812632065,302.0,8,100.0,False,0,6687.8099999999995,36.0
1573.1958153218952,3727.0,8837.0,303.00999936,8,100.0,False,0,6688.012,36.0
1589.9394444444442,3609.306937094234,8940.153972971651,304.0,8,100.0,False,0,6688.21,36.0
1596.96222278895,3556.0,8987.0,304.2585664316145,8,100.0,False,0,6688.293,36.0
1610.512701480693,3454.0,9077.0,304.75700889859365,8,100.0,False,0,6688.4529999999995,36.0
1617.1352777777777,3394.276955801837,9129.482037764612,305.0,8,100.0,False,0,6688.531,36.0
1632.5513861317063,3250.0,9256.0,306.1312496,8,100.0,False,0,6688.7119999999995,36.0
1644.4241666666667,3175.1706044561406,9321.946482091767,307.0,8,100.0,False,0,6688.851,36.0
1659.9100640329193,3083.0,9403.0,307.90499968,8,100.0,False,0,6689.032,36.0
1661.5352777777778,3069.967300010727,9414.384118654387,308.0,8,100.0,False,0,6689.0509999999995,36.0
1675.2241666666666,2938.279502281093,9528.997597765481,308.0,8,100.0,False,0,6689.211,36.0
1682.180120965431,2876.0,9583.0,308.5062496,8,100.0,False,0,6689.2919999999995,36.0
1702.7797222222223,2743.4526903675674,9697.246936281757,310.0,8,100.0,False,0,6689.531,36.0
1709.7559264496567,2700.0,9735.0,310.0,8,100.0,False,0,6689.612,36.0
1719.9158333333332,2629.7745457046462,9796.56070464533,310.0,8,100.0,False,0,6689.73,36.0
1732.1451347767313,2538.0,9877.0,310.0,8,100.0,False,0,6689.871999999999,36.0
1733.693611111111,2526.130317623065,9887.330937200037,310.0,8,100.0,False,0,6689.889999999999,36.0
1747.604366439132,2415.0,9984.0,309.3250005333333,8,100.0,False,0,6690.052,36.0
1754.2936111111112,2356.0727444659096,10036.146110094562,309.0,8,100.0,False,0,6690.13,36.0
1763.0376450424153,2279.0,10105.0,308.74500032,8,100.0,False,0,6690.232,36.0
1780.1596383611852,2151.0,10220.0,308.24500032,8,100.0,False,0,6690.432,36.0
1788.5158333333334,2097.273638012946,10268.020173999488,308.0,8,100.0,False,0,6690.53,36.0
1802.1158333333333,2014.9307846260492,10341.340627915879,306.0,8,100.0,False,0,6690.69,36.0
1803.9865183043062,2003.0,10352.0,305.7250016,8,100.0,False,0,6690.7119999999995,36.0
1822.3158333333336,1873.6688164884781,10467.883486010365,303.0,8,100.0,False,0,6690.929999999999,36.0
1824.0972061596408,1859.0,10481.0,301.2277880888889,8,94.07225671111111,False,0,6690.952,36.0
1828.8768371444457,1816.0,10519.0,296.39445475555556,8,77.90559004444444,False,0,6691.012,36.0
1848.4168168389394,1551.0,10728.0,275.4500103111111,8,7.8500344888888804,False,0,6691.272,36.0
1849.7158333333334,1537.781947028786,10737.896623632838,274.0,8,3.0,True,0,6691.29,36.0
1873.1259270313158,1430.0,10802.0,248.3500096,8,3.0,True,0,6691.632,36.0
1876.8269444444445,1404.828460169731,10814.671117540845,244.0,8,3.0,True,0,6691.69,36.0
1886.6047222222223,1311.4226651123222,10861.968694108602,220.0,8,3.0,True,0,6691.849999999999,36.0
1891.3633537471312,1262.0,10883.0,214.875008,8,3.0,True,0,6691.932,36.0
1896.9369045273836,1204.0,10903.0,208.625008,8,3.0,True,0,6692.032,36.0
1904.3825000000002,1127.678353790996,10924.946937243833,200.0,5,3.0,True,0,6692.17,36.0
1915.9091838538527,1011.0,10946.0,189.59375599999998,5,3.6937496,True,0,6692.392,36.0
1920.8269444444445,960.3316951598338,10948.582292969653,185.0,4,4.0,True,0,6692.49,36.0
1925.8379190687745,906.0,10949.0,179.2625072,4,4.0,True,0,6692.592,36.0
1928.6491666666668,873.3881321517327,10949.210966327366,176.0,4,4.0,True,0,6692.65,36.0
1935.4333564753667,791.0,10947.0,172.4500032,4,4.0,True,0,6692.7919999999995,36.0
1938.1491666666668,758.1510349237915,10943.183784632154,171.0,4,4.0,True,0,6692.849999999999,36.0
1947.2602777777781,650.1432832749236,10917.069918212243,164.0,4,4.0,True,0,6693.05,36.0
1954.4767895972946,582.0,10895.0,161.468752,4,4.5062496,True,0,6693.2119999999995,36.0
1961.3936111111116,537.9930070237558,10878.653604499537,159.0,4,5.0,False,0,6693.37,36.0
1968.3574828521878,492.0,10849.0,155.62500266666666,4,5.0,False,0,6693.532,36.0
1971.660277777778,460.69788050384466,10823.330022344115,154.0,4,5.0,True,0,6693.61,36.0
1980.8782419539893,365.0,10734.0,150.03571657142857,4,5.0,True,0,6693.831999999999,36.0
1983.249166666667,349.2385486328265,10716.830951605114,149.0,4,5.0,False,0,6693.889999999999,36.0
1994.6047222222226,314.24233794717657,10658.486629125773,146.0,4,39.0,False,0,6694.17,36.0
1994.686940783567,314.0,10658.0,146.0249984,4,39.05249664,False,0,6694.172,36.0
2026.7259307093411,205.0,10377.0,155.2875008,4,58.50375168,False,0,6694.913,36.0
2029.271388888889,202.04617835734868,10352.098505699521,156.0,4,60.0,False,0,6694.969999999999,36.0
2030.3007526923416,201.0,10342.0,156.44598469956514,4,61.911362998136376,False,0,6694.9929999999995,36.0
2041.993980418524,191.0,10226.0,161.46814253174827,4,83.43489656463541,False,0,6695.2519999999995,36.0
2045.616666666667,188.94428412472993,10189.701662381049,163.0,4,90.0,False,0,6695.331,36.0
2052.153267901513,186.0,10124.0,165.81999872,4,97.0499968,False,0,6695.472,36.0
2054.8944444444446,184.72777335590536,10096.260059780583,167.0,4,100.0,False,0,6695.531,36.0
2063.2796620536965,180.0,10011.0,165.64250048,4,54.750016,False,0,6695.7119999999995,36.0
2073.1166666666672,169.07767543857537,9909.467913297747,164.0,4,0.0,True,0,6695.931,36.0
2073.1600403334155,169.0,9909.0,163.95909352727273,4,0.015908072727272727,True,0,6695.932,36.0
2079.093477893379,156.0,9846.0,158.2318208,4,2.2431807999999998,True,0,6696.072,36.0
2088.6867673245038,132.0,9777.0,148.41363898181817,4,6.061362618181818,True,0,6696.312,36.0
2090.9611111111117,123.8017184984036,9759.010393194436,146.0,3,7.0,True,0,6696.371,36.0
2097.7416047652587,92.0,9698.0,138.62382853941997,3,7.0,True,0,6696.552,36.0
2102.7463888888897,62.422126739361424,9653.306862126876,133.0,3,7.0,True,0,6696.69,36.0
2105.6640153612984,43.0,9629.0,130.9500032,3,5.975001600000001,True,0,6696.772,36.0
2111.2264544730606,3.0,9588.0,126.9500032,3,3.9750016,True,0,6696.932,36.0
2113.857500000001,-14.695087709013935,9570.87371090019,125.0,2,3.0,True,0,6697.01,36.0
2121.6852546036876,-81.0,9520.0,117.22143268571429,2,0.4071442285714286,True,0,6697.2519999999995,36.0
2122.879722222223,-98.16684847244429,9510.084643764445,116.0,2,0.0,True,0,6697.29,36.0
2127.273630073881,-170.0,9473.0,113.464288,2,0.0,True,0,6697.432,36.0
2131.513055555556,-219.9903805765621,9453.141569005013,111.0,2,0.0,True,0,6697.57,36.0
2136.4463888888895,-258.13204320913417,9446.550752888195,111.0,2,0.0,True,0,6697.73,36.0
2138.3139397067152,-273.0,9445.0,109.8375024,2,0.0,True,0,6697.7919999999995,36.0
2145.779722222223,-337.9761300352286,9442.873663077911,105.0,2,0.0,False,0,6698.05,36.0
2151.9453086606145,-389.0,9447.0,100.37500266666666,2,11.0999936,False,0,6698.272,36.0
2152.4463888888895,-392.6231451047938,9447.589219406636,100.0,2,12.0,False,0,6698.29,36.0
2159.179722222223,-438.5591357406169,9460.821242050153,101.0,2,28.0,False,0,6698.53,36.0
2159.235666311075,-439.0,9461.0,101.0,2,28.07999488,False,0,6698.532,36.0
2164.7908333333344,-489.08163889094254,9484.86066857201,101.0,2,36.0,False,0,6698.73,36.0
2167.1695746645355,-510.0,9497.0,102.70833066666667,2,37.70833066666667,False,0,6698.812,36.0
2170.133144265821,-534.0,9513.0,104.791664,2,39.791664,False,0,6698.911999999999,36.0
2171.857500000001,-547.4746230010454,9523.044229719695,106.0,2,41.0,False,0,6698.969999999999,36.0
2179.0575000000013,-599.5988245124777,9569.593635340903,108.0,2,42.0,False,0,6699.21,36.0
2179.11883447651,-600.0,9570.0,108.0428544,2,42.0428544,False,0,6699.2119999999995,36.0
2187.924166666668,-653.3102496097168,9635.610134864715,114.0,2,48.0,False,0,6699.49,36.0
2188.6444684475273,-658.0,9643.0,114.44999738181818,2,48.19999883636363,False,0,6699.512,36.0
2196.0359916185425,-706.0,9729.0,118.94999738181818,2,50.19999883636363,False,0,6699.732,36.0
2202.9575000000013,-727.529999698245,9776.419764751536,123.0,2,52.0,False,0,6699.929999999999,36.0
2206.615967941559,-736.0,9802.0,125.29499712,2,53.2749984,False,0,6700.032,36.0
2214.7061223631,-757.0,9877.0,130.24499712,2,56.0249984,False,0,6700.2519999999995,36.0
2217.6241666666683,-762.9985764653936,9901.894700405806,132.0,3,57.0,False,0,6700.33,36.0
2225.235277777779,-772.9444438965892,9974.976296966819,137.0,3,60.0,False,0,6700.53,36.0
2225.3127510945565,-773.0,9976.0,137.0444416,3,60.0777728,False,0,6700.532,36.0
2233.2167613868774,-775.0,10092.0,141.48888604444446,3,67.85555057777778,False,0,6700.732,36.0
2239.735277777779,-774.7370878777747,10135.300623108302,145.0,3,74.0,False,0,6700.889999999999,36.0
2245.836240346907,-769.0,10179.0,152.80999296,3,75.41999872,False,0,6701.032,36.0
2248.401944444446,-764.0113366587707,10211.16817293244,156.0,3,76.0,False,0,6701.09,36.0
2258.676731001547,-738.0,10365.0,164.7607168,3,82.3714304,False,0,6701.313,36.0
2261.390833333335,-733.0851658573664,10390.019526609665,167.0,4,84.0,False,0,6701.37,36.0
2275.3284566542784,-713.0,10455.0,174.7006761651775,4,94.26756822023665,False,0,6701.652999999999,36.0
2283.318333333335,-690.3672663729703,10523.349368922947,179.0,4,100.0,False,0,6701.811,36.0
2291.5849012002486,-660.0,10609.0,184.63499776,4,100.0,False,0,6701.972,36.0
2293.6516666666685,-651.9906752402904,10629.532692500554,186.0,4,100.0,False,0,6702.0109999999995,36.0
2302.451666666668,-616.8029605458787,10713.069602239559,198.0,5,100.0,False,0,6702.170999999999,36.0
2303.633097637636,-612.0,10724.0,198.62999808,5,100.0,False,0,6702.192,36.0
2317.4919437783674,-555.0,10847.0,205.82999808,5,100.0,False,0,6702.432,36.0
2325.7850000000017,-520.892925963069,10914.018845864803,210.0,5,100.0,False,0,6702.571,36.0
2328.2656638147896,-510.0,10935.0,211.30454341818182,5,100.0,False,0,6702.612,36.0
2339.342445778522,-457.0,11036.0,217.03181614545454,5,100.0,False,0,6702.7919999999995,36.0
2351.9510886509556,-398.0,11144.0,223.39545250909092,5,100.0,False,0,6702.992,36.0
2353.1627777777794,-392.8782607555815,11153.288787386304,224.0,5,100.0,False,0,6703.0109999999995,36.0
2362.2299194548677,-351.0,11226.0,227.97805382258483,5,100.0,False,0,6703.152,36.0
2373.8091666666683,-249.14260491714688,11381.791959611994,233.0,6,100.0,False,0,6703.33,36.0
2381.792204144393,-189.0,11471.0,235.2874976,6,100.0,False,0,6703.452,36.0
2384.298055555557,-177.4115700227476,11487.984698402248,236.0,6,100.0,False,0,6703.49,36.0
2399.1740054836655,-141.0,11536.0,240.7571401142857,6,100.0,False,0,6703.7119999999995,36.0
2403.120277777779,-120.24089910194796,11562.304202672469,242.0,6,100.0,False,0,6703.7699999999995,36.0
2411.4967203974584,-65.0,11632.0,245.0499968,6,100.0,False,0,6703.892,36.0
2422.4869444444457,-2.253942955337494,11708.48325040007,249.0,6,100.0,False,0,6704.05,36.0
2429.659251370247,52.0,11768.0,250.9124976,6,100.0,False,0,6704.152,36.0
2445.1536111111122,226.15121577819312,11943.642514687002,255.0,6,100.0,False,0,6704.37,36.0
2446.7253122835327,243.0,11960.0,255.2749984,6,100.0,False,0,6704.392,36.0
2468.1758333333346,415.8028539698552,12115.363376514566,259.0,6,100.0,False,0,6704.69,36.0
2479.864722222223,494.0654729148281,12175.684321322085,263.0,7,100.0,False,0,6704.849999999999,36.0
2484.4386999229337,527.0,12200.0,263.9041648,7,100.0,False,0,6704.911999999999,36.0
2512.97809160671,742.0,12347.0,269.4458314666667,7,100.0,False,0,6705.2919999999995,36.0
2515.8647222222235,760.1583139419699,12358.18987047658,270.0,7,100.0,False,0,6705.33,36.0
2540.309166666668,906.7833985298115,12435.419139235288,275.0,7,100.0,False,0,6705.65,36.0
2540.461893320567,908.0,12436.0,275.0,7,100.0,False,0,6705.652,36.0
2554.191871081122,1034.0,12494.0,275.0,7,100.0,False,0,6705.831999999999,36.0
2561.698055555556,1106.1723635330832,12524.506352692413,275.0,7,100.0,False,0,6705.929999999999,36.0
2575.746959579172,1242.0,12576.0,277.72999808,7,100.0,False,0,6706.112,36.0
2577.142500000001,1255.5927914566932,12580.710478354307,278.0,7,100.0,False,0,6706.13,36.0
2589.586944444445,1374.8582901565903,12619.266291008036,280.0,7,100.0,False,0,6706.29,36.0
2591.302783403704,1390.0,12624.0,280.10999936,7,100.0,False,0,6706.312,36.0
2606.949863692969,1532.0,12665.0,281.10999936,7,100.0,False,0,6706.512,36.0
2620.920277777779,1747.500018173479,12715.214579322876,282.0,7,100.0,False,0,6706.69,36.0
2624.2198460880472,1792.0,12725.0,282.2624992,7,100.0,False,0,6706.732,36.0
2633.4980555555567,1882.334351448798,12743.685639733501,283.0,7,100.0,False,0,6706.849999999999,36.0
2654.1624650451568,2008.0,12762.0,283.9357138285714,7,100.0,False,0,6707.112,36.0
2655.5869444444456,2021.3888469431458,12763.926101193094,284.0,7,100.0,False,0,6707.13,36.0
2663.6722135186565,2106.0,12776.0,284.50999936,7,100.0,False,0,6707.232,36.0
2681.1661464699555,2286.0,12798.0,285.60999936,7,100.0,False,0,6707.452,36.0
2687.3647222222235,2367.1242373521372,12807.014836049424,286.0,7,100.0,False,0,6707.53,36.0
2701.8162508811724,2562.0,12828.0,286.0,7,100.0,False,0,6707.7119999999995,36.0
2706.43138888889,2605.984422778218,12832.6586471588,286.0,7,100.0,False,0,6707.7699999999995,36.0
2727.4590045578034,2737.0,12846.0,287.19545483636364,7,100.0,False,0,6708.032999999999,36.0
2741.63138888889,2861.203323489993,12858.452149065984,288.0,7,100.0,False,0,6708.21,36.0
2751.464358966128,2975.0,12870.0,288.0,7,100.0,False,0,6708.333,36.0
2770.5795663943427,3246.0,12898.0,288.0,7,100.0,False,0,6708.572,36.0
2773.7113888888903,3286.8436424613205,12902.283530808494,288.0,7,100.0,False,0,6708.611,36.0
2789.822500000001,3466.6879875362592,12921.490086281217,290.0,7,100.0,False,0,6708.811,36.0
2838.322500000001,3848.858506745471,12965.247184234217,291.0,7,100.0,False,0,6709.411,36.0
2840.031692555072,3864.0,12967.0,291.1431813818182,7,100.0,False,0,6709.432,36.0
2854.7240304532197,4001.0,12983.0,292.37045410909093,7,100.0,False,0,6709.612,36.0
2871.07440485361,4163.0,13003.0,293.73409047272725,7,100.0,False,0,6709.812,36.0
2874.255833333334,4194.849372817333,13007.028457765357,294.0,7,100.0,False,0,6709.851,36.0
2888.992343871544,4341.0,13026.0,293.2426782948477,7,100.0,False,0,6710.032,36.0
2893.707777777779,4386.181041748858,13032.131769696085,293.0,7,100.0,False,0,6710.09,36.0
2905.241599912699,4510.0,13049.0,292.4083338666667,7,100.0,False,0,6710.232,36.0
2913.1744444444457,4630.265110721482,13064.655202879256,292.0,7,100.0,False,0,6710.33,36.0
2921.3956401428213,4752.0,13080.0,291.1500010666667,7,100.0,False,0,6710.432,36.0
2932.5077777777788,4851.3122766435245,13091.425933682163,290.0,7,100.0,False,0,6710.57,36.0
2948.8473545052584,4944.0,13099.0,290.8416661333333,7,100.0,False,0,6710.772,36.0
2951.907777777779,4969.049750963275,13101.008098654918,291.0,7,100.0,False,0,6710.8099999999995,36.0
2967.9077777777793,5133.099585473348,13112.704978732485,288.0,7,92.0,False,0,6711.01,36.0
2971.258055075421,5168.0,13114.0,287.7375008,7,88.062512,False,0,6711.052,36.0
2980.663333333335,5262.552785712354,13114.483222682102,287.0,7,77.0,False,0,6711.17,36.0
2987.195630699325,5327.0,13111.0,286.6583338666667,7,75.29166933333333,False,0,6711.2519999999995,36.0
2999.7300000000014,5451.213640533854,13093.71614672359,286.0,7,72.0,False,0,6711.41,36.0
3007.737024050581,5528.0,13078.0,283.96000256,7,69.4500032,False,0,6711.512,36.0
3015.396666666668,5597.571105750611,13060.979052702964,282.0,7,67.0,False,0,6711.61,36.0
3020.2409224455714,5642.0,13048.0,281.6555562666667,7,64.416672,False,0,6711.672,36.0
3037.3846345466,5807.0,12985.0,280.43333404444445,7,55.250005333333334,False,0,6711.892,36.0
3043.396666666668,5860.4759861597,12959.146350218783,280.0,7,52.0,False,0,6711.969999999999,36.0
3055.7492758669905,5963.0,12900.0,275.9500032,7,58.074995200000004,False,0,6712.132,36.0
3061.663333333335,6011.086155535378,12868.156339247427,274.0,7,61.0,False,0,6712.21,36.0
3073.9129421041143,6112.0,12792.0,272.38000128,7,60.19000064,False,0,6712.371999999999,36.0
3076.774444444446,6136.858242804575,12771.29418798009,272.0,7,60.0,False,0,6712.41,36.0
3090.4029166353234,6256.0,12660.0,270.2937512,7,67.9624944,False,0,6712.592,36.0
3100.685555555557,6331.635042607445,12569.54542744056,269.0,7,74.0,False,0,6712.73,36.0
3118.5522222222235,6432.322985716541,12411.508900349127,268.0,7,75.0,False,0,6712.969999999999,36.0
3120.197231642569,6440.0,12398.0,268.15714194285715,7,75.70713874285714,False,0,6712.992,36.0
3139.5522222222235,6512.43641999804,12251.317329841058,270.0,7,84.0,False,0,6713.25,36.0
3148.6535225224516,6543.0,12179.0,269.4916672,7,92.1333248,False,0,6713.371999999999,36.0
3157.485555555557,6573.253896060979,12102.943163582144,269.0,7,100.0,False,0,6713.49,36.0
3160.653022104435,6584.0,12074.0,269.83999744,7,100.0,False,0,6713.532,36.0
3172.652222222224,6623.826315361461,11955.2504609829,273.0,7,100.0,False,0,6713.69,36.0
3183.47357901207,6656.0,11849.0,273.8874992,7,100.0,False,0,6713.831999999999,36.0
3197.096666666668,6690.576969288151,11725.541903522597,275.0,7,100.0,False,0,6714.01,36.0
3197.250245879669,6691.0,11724.0,275.0187488,7,100.0,False,0,6714.012,36.0
3204.9445334867705,6713.0,11643.0,275.9562488,7,100.0,False,0,6714.112,36.0
3221.8077777777794,6751.7472947147035,11484.596245512335,278.0,7,100.0,False,0,6714.33,36.0
3225.068060038555,6760.0,11448.0,278.3499989333333,7,100.0,False,0,6714.371999999999,36.0
3240.4744444444455,6805.342667156745,11239.263443637969,280.0,7,100.0,False,0,6714.57,36.0
3243.8232803808046,6814.0,11198.0,280.2687488,7,100.0,False,0,6714.612999999999,36.0
3252.9633333333345,6832.902827174673,11104.625155394966,281.0,7,100.0,False,0,6714.73,36.0
3272.042500000001,6857.306164280078,10965.050211023428,285.0,7,100.0,False,0,6714.971,36.0
3276.8602556440537,6864.0,10923.0,284.7458336,7,100.0,False,0,6715.032,36.0
3289.472813643389,6883.0,10798.0,284.07916693333334,7,100.0,False,0,6715.192,36.0
3290.9758333333343,6885.124949400328,10783.221008392575,284.0,7,100.0,False,0,6715.211,36.0
3302.1731411671026,6900.0,10673.0,285.7624992,7,100.0,False,0,6715.352,36.0
3303.686944444445,6902.0538912311595,10656.854204560803,286.0,7,100.0,False,0,6715.371,36.0
3322.8869444444454,6928.854839939775,10429.5429389532,288.0,7,100.0,False,0,6715.611,36.0
3329.385868330414,6936.0,10363.0,288.33749973333335,7,100.0,False,0,6715.692,36.0
3342.153611111112,6945.735549759474,10260.719975831636,289.0,7,100.0,False,0,6715.851,36.0
3348.654920135817,6950.0,10211.0,289.0,7,100.0,False,0,6715.932,36.0
3371.0536111111123,6965.735301480204,9998.574588356667,289.0,7,100.0,False,0,6716.211,36.0
3374.3513196870413,6968.0,9955.0,289.17083306666666,7,100.0,False,0,6716.2519999999995,36.0
3390.3869444444454,6977.960066433177,9707.16045909815,290.0,7,100.0,False,0,6716.451,36.0
3390.4676700568602,6978.0,9706.0,290.0062496,7,100.0,False,0,6716.452,36.0
3403.320277777779,6982.72267329448,9546.21373169256,291.0,7,100.0,False,0,6716.611,36.0
3416.172777777779,6984.585272443792,9431.872070403813,291.0,7,100.0,False,0,6716.7699999999995,36.0
3430.784584437226,6987.0,9319.0,289.18000128,7,100.0,False,0,6716.952,36.0
3432.2283333333344,6987.299683456263,9308.43866838235,289.0,7,100.0,False,0,6716.969999999999,36.0
3451.4950000000013,6992.411923154923,9172.306186030306,289.0,7,100.0,False,0,6717.21,36.0
3453.2625121103033,6993.0,9159.0,289.0,7,100.0,False,0,6717.232,36.0
3470.761666666668,7000.89205799876,9012.508263324145,289.0,7,100.0,False,0,6717.45,36.0
3470.921627048941,7001.0,9011.0,288.9833344,7,100.0,False,0,6717.452,36.0
3483.6796772293046,7012.0,8884.0,287.6500010666667,7,100.0,False,0,6717.612,36.0
3489.895000000002,7018.640387219348,8825.22791063008,287.0,7,100.0,False,0,6717.69,36.0
3499.6265776156656,7031.0,8735.0,287.0,7,100.0,False,0,6717.812,36.0
3502.6505555555573,7035.496359441946,8705.487445914205,287.0,7,100.0,False,0,6717.849999999999,36.0
3518.4838888888908,7063.95179644554,8541.682504632963,285.0,7,100.0,False,0,6718.05,36.0
3523.37927274723,7074.0,8492.0,284.8062504,7,100.0,False,0,6718.112,36.0
3537.5749715032493,7106.0,8353.0,284.2437504,7,100.0,False,0,6718.2919999999995,36.0
3543.7283333333353,7121.133463252899,8292.03289362813,284.0,7,100.0,False,0,6718.37,36.0
3551.7795706105194,7141.0,8215.0,284.0,7,100.0,False,0,6718.472,36.0
3570.720084559405,7192.0,8041.0,284.0,7,100.0,False,0,6718.7119999999995,36.0
3575.283888888891,7212.633802492581,7979.496641664888,284.0,7,100.0,False,0,6718.7699999999995,36.0
3587.997509123532,7277.0,7796.0,283.10000071111114,7,100.0,False,0,6718.932,36.0
3603.4838888888908,7315.918066406768,7695.160344538261,282.0,7,100.0,False,0,6719.13,36.0
3611.446571461647,7335.0,7650.0,281.5750005333333,7,100.0,False,0,6719.232,36.0
3622.2172222222243,7372.230627045372,7560.6196165812835,281.0,7,100.0,False,0,6719.37,36.0
3633.313208646673,7417.0,7445.0,281.0,7,100.0,False,0,6719.512,36.0
3637.828333333335,7434.998004248823,7393.96606781248,281.0,7,100.0,False,0,6719.57,36.0
3656.3616666666685,7500.599281898634,7190.2718743221685,278.0,7,100.0,False,0,6719.8099999999995,36.0
3656.5156557143177,7501.0,7189.0,277.9888896,7,100.0,False,0,6719.812,36.0
3682.5937767854402,7533.0,7014.0,276.10000071111114,7,100.0,False,0,6720.152,36.0
3683.9616666666684,7533.1987790507565,6997.284422479639,276.0,7,100.0,False,0,6720.17,36.0
3699.0727777777797,7526.618842931949,6753.6782305088755,272.0,7,100.0,False,0,6720.37,36.0
3702.2387863585627,7523.0,6706.0,271.9045457454545,7,100.0,False,0,6720.411999999999,36.0
3729.33872500595,7470.0,6436.0,271.0863639272727,7,100.0,False,0,6720.772,36.0
3732.195000000002,7464.959327819443,6416.3276300677135,271.0,7,100.0,False,0,6720.8099999999995,36.0
3759.195000000002,7423.594916754082,6253.174295840909,270.0,7,100.0,False,0,6721.17,36.0
3760.9138166235675,7420.0,6239.0,269.8562496,7,100.0,False,0,6721.193,36.0
3771.1505555555577,7395.261472956759,6141.13749533785,269.0,7,100.0,False,0,6721.33,36.0
3775.8766115186436,7384.0,6094.0,269.3913049008914,7,100.0,False,0,6721.393,36.0
3783.225555555557,7368.242969879892,6022.460864344945,270.0,7,100.0,False,0,6721.491,36.0
3792.296031944961,7351.0,5935.0,268.4750016,7,87.29168,False,0,6721.612999999999,36.0
3801.0255555555573,7336.0772915302005,5850.18996120752,267.0,6,75.0,False,0,6721.731,36.0
3807.015556297717,7328.0,5790.0,266.3250005333333,6,63.8625088,False,0,6721.812,36.0
3818.6922222222242,7319.19900510856,5664.909641486955,265.0,6,42.0,False,0,6721.971,36.0
3825.9741588059487,7316.0,5598.0,261.2125024,6,42.0,False,0,6722.072,36.0
3830.203333333335,7314.355043143231,5567.899219308214,259.0,6,42.0,False,0,6722.130999999999,36.0
3841.7149371988967,7328.0,5453.0,257.2750006857143,6,37.400001828571426,False,0,6722.2919999999995,36.0
3848.7832311832844,7367.0,5291.0,256.2035721142857,6,34.54285897142857,False,0,6722.392,36.0
3850.1144444444462,7374.059927461232,5263.547558453294,256.0,6,34.0,False,0,6722.411,36.0
3861.1811111111133,7416.830466979345,5120.326350145191,249.0,6,28.0,False,0,6722.571,36.0
3882.6922222222242,7472.717874461993,5056.440494916897,242.0,6,31.0,False,0,6722.891,36.0
3882.758567855542,7473.0,5056.0,241.9781264,6,31.0,False,0,6722.892,36.0
3893.3184009142606,7526.0,4967.0,238.4781264,6,31.0,False,0,6723.052,36.0
3903.581111111113,7584.121366096131,4871.521011475527,235.0,6,31.0,True,0,6723.211,36.0
3911.1589873666762,7623.0,4807.0,228.31156347768814,6,12.150769800757452,True,0,6723.331999999999,36.0
3915.963333333335,7642.809425095715,4772.394404219546,224.0,6,0.0,True,0,6723.41,36.0
3920.961497158227,7664.0,4732.0,221.36428982857143,6,1.171426742857143,True,0,6723.492,36.0
3932.685555555557,7730.827497417977,4588.498454071411,215.0,5,4.0,True,0,6723.69,36.0
3933.9408825340606,7737.0,4574.0,213.2125104,5,4.2749984,True,0,6723.7119999999995,36.0
3941.663333333335,7764.303249761093,4501.528985435249,202.0,5,6.0,True,0,6723.849999999999,36.0
3955.1300000000015,7780.3323132156975,4412.655653147633,202.0,5,8.0,False,0,6724.09,36.0
3957.4883546632786,7783.0,4392.0,202.0,5,8.299999085714285,False,0,6724.132,36.0
3963.1006792174767,7789.0,4337.0,202.0,5,9.0142848,False,0,6724.232,36.0
3970.8411111111127,7789.2065007989495,4264.377335308738,202.0,5,10.0,False,0,6724.37,36.0
3975.4386927006326,7786.0,4222.0,202.0,5,10.0,False,0,6724.452,36.0
3982.063333333335,7778.241933992597,4159.328827872949,202.0,5,10.0,False,0,6724.57,36.0
3985.5549765532714,7770.0,4121.0,202.0,5,10.0,False,0,6724.632,36.0
3997.7744444444465,7711.618768167998,3946.582784646365,202.0,5,10.0,False,0,6724.849999999999,36.0
4003.344392632035,7685.0,3879.0,198.43000448,5,10.0,False,0,6724.952,36.0
4008.607777777779,7666.10438150868,3835.921255448936,195.0,5,10.0,True,0,6725.05,36.0
4021.274444444446,7630.730727736765,3779.327263019287,190.0,5,65.0,False,0,6725.29,36.0
4022.4432125570565,7626.0,3772.0,190.36666453333333,5,66.0999936,False,0,6725.312,36.0
4033.219867481202,7566.0,3684.0,193.69999786666668,5,76.0999936,False,0,6725.512,36.0
4034.207777777779,7558.596137558602,3674.8303855435315,194.0,5,77.0,False,0,6725.53,36.0
4050.1065531134304,7419.0,3531.0,200.46249706666666,5,81.11249813333333,False,0,6725.812,36.0
4061.5411111111125,7354.327424013438,3481.482050354796,205.0,5,84.0,False,0,6726.01,36.0
4067.4690865963535,7321.0,3461.0,208.05999616,5,92.15998976,False,0,6726.112,36.0
4073.2633333333347,7282.886404361212,3438.3581076782334,211.0,5,100.0,False,0,6726.21,36.0
4086.9379966131937,7158.0,3369.0,221.17499413333334,5,100.0,False,0,6726.432,36.0
4088.0633333333344,7143.9532444161705,3361.575858252735,222.0,5,100.0,False,0,6726.45,36.0
4098.2591071239785,7009.0,3291.0,226.0499968,5,100.0,False,0,6726.612,36.0
4103.263333333334,6964.790041538432,3266.8494243954638,228.0,5,100.0,False,0,6726.69,36.0
4119.2463295137995,6886.0,3213.0,236.64285257142856,5,100.0,False,0,6726.932,36.0
4121.774444444445,6869.296868599719,3200.0809510260174,238.0,5,100.0,False,0,6726.969999999999,36.0
4132.557537403836,6785.0,3131.0,239.61999872,5,100.0,False,0,6727.132,36.0
4135.107777777779,6765.048728800142,3113.027999166781,240.0,6,100.0,False,0,6727.17,36.0
4151.62888103169,6645.0,2993.0,244.0333312,6,100.0,False,0,6727.411999999999,36.0
4162.807833924183,6574.0,2917.0,246.71666346666666,6,100.0,False,0,6727.572999999999,36.0
4168.174444444446,6533.884324887757,2870.9580801427855,248.0,6,100.0,False,0,6727.65,36.0
4182.38518280278,6423.0,2736.0,250.02493606383018,6,100.0,False,0,6727.853,36.0
4196.244444444445,6356.182788915507,2644.1728108964335,252.0,6,100.0,False,0,6728.0509999999995,36.0
4203.350167021433,6326.0,2598.0,252.0,6,100.0,False,0,6728.153,36.0
4210.244444444445,6294.288019148327,2547.7694360539026,252.0,6,100.0,False,0,6728.251,36.0
4227.8004923673925,6208.0,2403.0,261.46785462857144,6,100.0,False,0,6728.492,36.0
4230.700000000001,6193.580822997988,2377.4336821975708,263.0,6,100.0,False,0,6728.531,36.0
4242.802076676097,6136.0,2272.0,268.36666453333333,6,100.0,False,0,6728.692,36.0
4248.766666666667,6112.301109199189,2227.2376594982566,271.0,7,100.0,False,0,6728.771,36.0
4254.877357214227,6084.0,2172.0,271.5062496,7,100.0,False,0,6728.852,36.0
4270.032650449025,5979.0,1961.0,272.7562496,7,100.0,False,0,6729.052,36.0
4273.033333333335,5961.578494435849,1925.7653259977155,273.0,7,100.0,False,0,6729.090999999999,36.0
4301.333333333335,5872.688418091596,1743.7627145763786,283.0,7,100.0,False,0,6729.451,36.0
4307.717512133327,5853.0,1703.0,283.5062496,7,100.0,False,0,6729.532,36.0
4313.955555555557,5831.129292412497,1657.7076669005626,284.0,7,100.0,False,0,6729.611,36.0
4325.171908538551,5774.0,1539.0,286.11499904,7,100.0,False,0,6729.7519999999995,36.0
4329.9000000000015,5736.727908666766,1461.2852966859903,287.0,7,100.0,False,0,6729.811,36.0
4338.0440750967855,5670.0,1322.0,288.578124,7,100.0,False,0,6729.911999999999,36.0
4355.855555555557,5614.679355663812,1206.2429339711277,292.0,7,100.0,False,0,6730.130999999999,36.0
4370.632433358699,5579.0,1131.0,293.8190942491355,7,100.0,False,0,6730.312,36.0
4372.107222222223,5572.391787969953,1117.0931005960508,294.0,7,100.0,False,0,6730.33,36.0
4385.433046401743,5499.0,963.0,295.5187488,7,100.0,False,0,6730.492,36.0
4398.507222222223,5445.092966846501,851.3713654436326,297.0,7,100.0,False,0,6730.65,36.0
4406.980787396724,5406.0,770.0,297.9562488,7,100.0,False,0,6730.7519999999995,36.0
4421.995160628746,5317.0,583.0,299.6437488,7,100.0,False,0,6730.932,36.0
4425.173888888889,5302.584221736497,553.0190771060338,300.0,8,100.0,False,0,6730.969999999999,36.0
4441.951666666668,5252.903320547575,452.06574531863805,302.0,8,100.0,False,0,6731.17,36.0
4443.801172381019,5247.0,440.0,302.1374992,8,100.0,False,0,6731.192,36.0
4455.418333333334,5203.105370371512,349.4111273357926,303.0,8,100.0,False,0,6731.33,36.0
4462.333048463095,5170.0,281.0,303.40999936,8,100.0,False,0,6731.411999999999,36.0
4472.307222222223,5111.869450276163,161.25948922414753,304.0,8,100.0,False,0,6731.53,36.0
4492.707222222222,4989.743541363383,-90.45506154771866,306.0,8,100.0,False,0,6731.7699999999995,36.0
4492.877571128122,4989.0,-92.0,306.0124992,8,100.0,False,0,6731.772,36.0
4506.351666666667,4946.385755677769,-181.53343233578533,307.0,8,100.0,False,0,6731.929999999999,36.0
4523.462777777778,4901.649108675076,-275.6600405838375,308.0,8,100.0,False,0,6732.13,36.0
4523.633926755049,4901.0,-277.0,308.0,8,100.0,False,0,6732.132,36.0
4535.612150409029,4849.0,-384.0,308.0,8,100.0,False,0,6732.272,36.0
4540.573888888889,4828.593685878745,-426.5246661434773,308.0,8,100.0,False,0,6732.33,36.0
4552.721526708438,4775.0,-539.0,308.0,8,100.0,False,0,6732.472,36.0
4561.107222222223,4720.733285032396,-651.5506032546303,308.0,8,100.0,False,0,6732.57,36.0
4574.975877146304,4628.0,-843.0,308.0,8,100.0,False,0,6732.732,36.0
4595.329444444445,4572.211218452132,-958.5213808943445,308.0,8,100.0,False,0,6732.969999999999,36.0
4600.617980868045,4557.0,-990.0,307.7416672,8,100.0,False,0,6733.032,36.0
4615.796111111112,4492.896190095736,-1122.279967046323,307.0,8,100.0,False,0,6733.21,36.0
4619.386335147223,4475.0,-1159.0,307.20999936,8,100.0,False,0,6733.2519999999995,36.0
4632.907222222222,4401.190333507153,-1309.5272566636345,308.0,8,100.0,False,0,6733.41,36.0
4646.728366579726,4328.0,-1458.0,307.59500032,8,100.0,False,0,6733.572,36.0
4667.018333333333,4249.350741226191,-1616.8691470954134,307.0,8,100.0,False,0,6733.8099999999995,36.0
4682.590752051731,4191.0,-1734.0,307.90999936,8,100.0,False,0,6733.992,36.0
4684.129444444445,4184.50598886129,-1747.0105611807082,308.0,8,100.0,False,0,6734.01,36.0
4696.332551370528,4130.0,-1856.0,307.4892854857143,8,100.0,False,0,6734.153,36.0
4708.0072222222225,4079.205507653999,-1956.9588955819672,307.0,8,100.0,False,0,6734.29,36.0
4720.19447100326,4026.0,-2062.0,307.0,8,100.0,False,0,6734.433,36.0
4735.547093774652,3956.0,-2199.0,307.0,8,100.0,False,0,6734.612999999999,36.0
4738.7925,3941.6834111964044,-2226.6893084305752,307.0,8,100.0,False,0,6734.651,36.0
4754.357413889576,3871.0,-2362.0,307.5687504,8,100.0,False,0,6734.833,36.0
4766.170277777778,3802.7076893244466,-2492.6816991263004,308.0,8,100.0,False,0,6734.971,36.0
4774.816447143403,3756.0,-2582.0,308.0,8,100.0,False,0,6735.072,36.0
4790.1258333333335,3697.895153082923,-2692.5831758080017,308.0,8,100.0,False,0,6735.251,36.0
4797.038277055688,3672.0,-2741.0,307.7468752,8,100.0,False,0,6735.331999999999,36.0
4817.414722222222,3574.9426597186985,-2918.2328207051432,307.0,8,100.0,False,0,6735.571,36.0
4819.2082719619075,3565.0,-2936.0,307.07499977142857,8,100.0,False,0,6735.592,36.0
4841.370277777777,3431.0833067136227,-3170.310438966045,308.0,8,100.0,False,0,6735.851,36.0
4844.881733194326,3412.0,-3203.0,308.0,8,100.0,False,0,6735.892,36.0
4861.903611111111,3335.88317948003,-3330.219585290741,308.0,8,100.0,False,0,6736.090999999999,36.0
4878.736944444443,3259.4522950257233,-3446.3446436409995,303.0,8,100.0,True,0,6736.291,36.0
4878.818641138496,3259.0,-3447.0,302.9340951272727,8,99.79092247272727,True,0,6736.2919999999995,36.0
4885.253007801094,3221.0,-3501.0,297.66136785454546,8,83.06364974545454,True,0,6736.371999999999,36.0
4904.949810423998,3093.0,-3664.0,280.52500421818183,8,28.70001338181818,True,0,6736.632,36.0
4912.225833333333,3047.071398448727,-3717.86453877045,274.0,8,8.0,True,0,6736.731,36.0
4921.004219953304,2983.0,-3784.0,263.34592187333965,8,8.761005580475741,True,0,6736.852,36.0
4923.709166666666,2958.1390463480534,-3806.6936347922892,260.0,7,9.0,True,0,6736.889999999999,36.0
4937.431388888888,2800.523338449142,-3932.5864192403874,247.0,7,11.0,True,0,6737.09,36.0
4938.889500675948,2783.0,-3945.0,246.312504,7,11.687496,True,0,6737.112,36.0
5011.031388888889,2038.071553824722,-4090.8580129905895,207.0,5,51.0,False,0,6738.37,36.0
5016.884980133076,2007.0,-4085.0,207.0,5,56.0999936,False,0,6738.472,36.0
5022.531388888889,1981.8156518382789,-4079.1325466864473,207.0,5,61.0,False,0,6738.57,36.0
5032.994594384084,1930.0,-4061.0,207.0,5,61.0,False,0,6738.7519999999995,36.0
5034.031388888888,1922.7296247092377,-4058.006764823237,207.0,5,61.0,False,0,6738.7699999999995,36.0
5045.586944444443,1816.519312506151,-4010.446110214328,208.0,5,64.0,False,0,6738.969999999999,36.0
5052.64817930195,1753.0,-3978.0,208.3812496,5,67.812496,False,0,6739.092,36.0
5061.943216954927,1675.0,-3927.0,208.8812496,5,72.812496,False,0,6739.2519999999995,36.0
5064.164722222222,1647.2644983787136,-3904.898702026429,209.0,5,74.0,False,0,6739.29,36.0
5072.51434759429,1531.0,-3806.0,211.12999808,5,85.35998976,False,0,6739.432,36.0
5075.9425,1502.3889925390035,-3780.5951036815313,212.0,5,90.0,False,0,6739.49,36.0
5090.328076147815,1466.0,-3737.0,213.5124992,5,97.562496,False,0,6739.732,36.0
5094.964722222222,1444.0816516305015,-3709.539770346139,214.0,5,100.0,False,0,6739.8099999999995,36.0
5109.321654094852,1348.0,-3587.0,214.0,5,100.0,False,0,6740.052,36.0
5113.986944444444,1322.8313010585766,-3549.4493296855344,214.0,5,100.0,False,0,6740.13,36.0
5120.133355534465,1293.0,-3501.0,215.9124976,5,100.0,False,0,6740.232,36.0
5123.631388888889,1275.8222645440287,-3472.326677351101,217.0,5,100.0,False,0,6740.29,36.0
5130.973822235798,1235.0,-3401.0,217.0,5,100.0,False,0,6740.411999999999,36.0
5133.275833333333,1219.1991381501705,-3372.128669887722,217.0,5,100.0,False,0,6740.45,36.0
5146.962181000866,1119.0,-3183.0,220.69999786666668,5,100.0,False,0,6740.672,36.0
5155.575833333333,1090.476725064856,-3128.812613152293,223.0,5,100.0,False,0,6740.8099999999995,36.0
5167.039563111706,1069.0,-3090.0,224.520776424736,5,100.0,False,0,6740.9929999999995,36.0
5178.238611111111,1021.7679065760113,-3007.2457401598226,226.0,5,100.0,False,0,6741.170999999999,36.0
5188.47779385171,960.0,-2906.0,227.34999893333332,5,100.0,False,0,6741.333,36.0
5193.438611111111,925.2220045791228,-2852.674004225825,228.0,6,100.0,False,0,6741.411,36.0
5203.760607250185,854.0,-2748.0,229.78888817777778,6,100.0,False,0,6741.572,36.0
5216.638611111111,796.1477188632903,-2667.5935670017516,232.0,6,100.0,False,0,6741.771,36.0
5220.603744450156,778.0,-2643.0,232.5718744,6,100.0,False,0,6741.831999999999,36.0
5237.5275,679.8160593437169,-2509.921392910059,235.0,6,100.0,False,0,6742.090999999999,36.0
5241.532741265171,654.0,-2475.0,235.5083328,6,100.0,False,0,6742.152,36.0
5253.327499999999,577.2013199426517,-2371.3886341391994,237.0,6,100.0,False,0,6742.331,36.0
5257.360975311064,556.0,-2343.0,237.27727243636363,6,100.0,False,0,6742.392,36.0
5260.009747767319,544.0,-2327.0,237.45909061818182,6,100.0,False,0,6742.432,36.0
5278.614179087355,434.0,-2178.0,238.7318178909091,6,100.0,False,0,6742.7119999999995,36.0
5282.53861111111,400.2882420966505,-2133.569813873283,239.0,6,100.0,False,0,6742.771,36.0
5295.912994717149,283.0,-1981.0,239.55833315555554,6,100.0,False,0,6742.972,36.0
5306.53861111111,247.12662112722802,-1934.163048335022,240.0,6,100.0,False,0,6743.130999999999,36.0
5316.01881337991,217.0,-1897.0,241.17499946666666,6,100.0,False,0,6743.272,36.0
5322.671944444443,174.2604852659258,-1845.2888066218152,242.0,6,100.0,False,0,6743.371,36.0
5326.759035517169,144.0,-1809.0,241.69500032,6,100.0,False,0,6743.432,36.0
5336.060833333332,73.65429115303056,-1725.7824139564827,241.0,6,100.0,False,0,6743.571,36.0
5346.704999999999,-7.773512824172771,-1631.3082844280962,241.0,6,100.0,False,0,6743.73,36.0
5349.478682223555,-29.0,-1607.0,240.10000274285716,6,100.0,False,0,6743.772,36.0
5364.982777777777,-146.67153222518215,-1474.6323054635109,235.0,6,100.0,False,0,6744.01,36.0
5374.312753182687,-212.0,-1401.0,234.29000064,6,100.0,False,0,6744.152,36.0
5377.982777777777,-237.2159432784631,-1372.2229962298502,234.0,6,100.0,False,0,6744.21,36.0
5384.102608707234,-283.0,-1320.0,224.31001215999999,6,74.75503168,False,0,6744.312,36.0
5396.931817681656,-407.0,-1182.0,201.51001216,6,15.355031679999996,False,0,6744.552,36.0
5399.760555555555,-427.31870513671424,-1159.714423526491,196.0,6,1.0,True,0,6744.61,36.0
5411.3482104506675,-481.0,-1105.0,170.45501248,6,1.65499968,True,0,6744.871999999999,36.0
5417.204999999999,-521.8910854762242,-1067.6362020502065,157.0,6,2.0,True,0,6745.01,36.0
5422.446785047303,-561.0,-1034.0,155.17000192,6,2.0,True,0,6745.132,36.0
5433.982777777776,-648.0950838647689,-975.4397041229148,151.0,3,2.0,True,0,6745.41,36.0
5435.554626440261,-668.0,-966.0,147.6166769777778,3,1.883333688888889,True,0,6745.452,36.0
5441.101054723227,-759.0,-929.0,134.7277880888889,3,1.4388892444444443,True,0,6745.612,36.0
5446.182777777776,-823.107967915583,-910.2825600310716,122.0,2,1.0,True,0,6745.7699999999995,36.0
5454.738333333332,-885.7524284176313,-911.6268476999415,110.0,2,1.0,True,0,6746.05,36.0
5455.402585959598,-891.0,-912.0,109.81666773333333,2,1.0916661333333333,True,0,6746.072,36.0
5461.938333333332,-948.0907168591465,-916.4872138857255,108.0,2,2.0,True,0,6746.29,36.0
5467.798763578105,-999.0,-924.0,105.98000128,2,6.0399974400000005,True,0,6746.492,36.0
5473.493888888887,-1038.5870182508797,-936.451371704741,104.0,2,10.0,False,0,6746.69,36.0
5477.048701129259,-1065.0,-949.0,104.0,2,12.439997439999999,False,0,6746.812,36.0
5479.271666666666,-1084.6802247708483,-959.6335612582276,104.0,2,14.0,False,0,6746.889999999999,36.0
5483.122220507761,-1122.0,-982.0,100.4500032,2,19.7687448,False,0,6747.032,36.0
5487.804999999999,-1160.751750002913,-1009.6293086471019,96.0,2,27.0,False,0,6747.21,36.0
5489.492951767943,-1174.0,-1020.0,96.7875008,2,30.1500032,False,0,6747.273,36.0
5492.160555555555,-1194.9422530694706,-1036.9230399629132,98.0,2,35.0,False,0,6747.37,36.0
5492.814152558779,-1200.0,-1041.0,98.73928777142856,2,36.31428937142857,False,0,6747.393,36.0
5500.482777777777,-1258.87597117484,-1086.4047514049428,107.0,2,51.0,False,0,6747.65,36.0
5502.352960726274,-1274.0,-1097.0,107.0,2,51.782609801782776,False,0,6747.713,36.0
5505.268055555555,-1298.0803413449999,-1112.8474499369881,107.0,2,53.0,False,0,6747.811,36.0
5509.62453031235,-1335.0,-1134.0,109.218752,2,50.3374976,False,0,6747.9529999999995,36.0
5515.223611111111,-1385.7125071726896,-1155.8999389445516,112.0,2,47.0,False,0,6748.130999999999,36.0
5515.25516662418,-1386.0,-1156.0,112.0062496,2,46.9593776,False,0,6748.132,36.0
5520.952610990207,-1440.0,-1169.0,113.1312496,2,39.646877599999996,False,0,6748.312,36.0
5525.356944444444,-1493.291611050366,-1171.560014237799,114.0,2,34.0,False,0,6748.451,36.0
5528.551543881641,-1530.0,-1170.0,114.0,2,34.0,False,0,6748.552,36.0
5531.690277777777,-1558.3815881061946,-1166.151687135946,114.0,2,34.0,False,0,6748.651,36.0
5536.801388888888,-1597.1459105835372,-1155.6709600912063,115.0,2,34.0,False,0,6748.811,36.0
5537.475106065739,-1603.0,-1154.0,115.14999954285715,2,34.824997485714285,False,0,6748.831999999999,36.0
5543.944615652274,-1666.0,-1135.0,116.57857097142858,2,42.68214034285714,False,0,6749.032,36.0
5545.9013888888885,-1684.1985798281853,-1128.5421898171046,117.0,2,45.0,False,0,6749.090999999999,36.0
5554.189538246749,-1759.0,-1094.0,121.5187488,2,49.0166656,False,0,6749.331999999999,36.0
5562.701388888888,-1844.7256384682235,-1041.1738488344251,126.0,2,53.0,False,0,6749.571,36.0
5562.737247765841,-1845.0,-1041.0,126.020832,2,53.0166656,False,0,6749.572,36.0
5571.434722222221,-1879.9879228091675,-1018.8468922658274,131.0,3,57.0,False,0,6749.811,36.0
5579.199946868797,-1923.0,-971.0,136.52749824,3,64.5374976,False,0,6750.012,36.0
5587.212499999999,-2009.6496890930948,-869.4168892007135,142.0,3,72.0,False,0,6750.210999999999,36.0
5587.2532502117665,-2010.0,-869.0,142.04402232190296,3,72.012577806258,False,0,6750.2119999999995,36.0
5593.793333333332,-2044.7863035188566,-826.4691448326503,149.0,3,74.0,False,0,6750.37,36.0
5601.770780722522,-2068.0,-796.0,157.18999424,3,76.72999808,False,0,6750.552,36.0
5602.57111111111,-2071.542691350319,-791.4958626494298,158.0,3,77.0,False,0,6750.57,36.0
5609.77111111111,-2112.396793016566,-735.9494846174009,162.0,3,79.0,False,0,6750.73,36.0
5609.863593296048,-2113.0,-735.0,162.0812448,3,79.0187488,False,0,6750.732,36.0
5625.326666666666,-2213.6302586902507,-545.7693399227576,175.0,4,82.0,False,0,6751.05,36.0
5625.425587497422,-2214.0,-545.0,175.0499968,4,82.0249984,False,0,6751.052,36.0
5633.282222222222,-2227.801384173174,-512.2314405704884,179.0,4,84.0,False,0,6751.21,36.0
5638.483731835912,-2235.0,-489.0,181.80499648,4,83.74500032,False,0,6751.312,36.0
5649.035405925157,-2265.0,-395.0,187.30499648,4,83.24500032,False,0,6751.512,36.0
5654.3933333333325,-2278.6061096738263,-343.33588710826194,190.0,4,83.0,False,0,6751.61,36.0
5694.5077224716215,-2313.0,38.0,210.83888497777778,4,99.10277475555556,False,0,6752.2919999999995,36.0
5696.793333333332,-2311.801631922116,60.506392518941155,212.0,5,100.0,False,0,6752.33,36.0
5708.9044444444435,-2299.868750333828,180.73735603582227,218.0,5,100.0,False,0,6752.53,36.0
5712.759076604771,-2294.0,218.0,220.3249952,5,100.0,False,0,6752.592,36.0
5722.895125418354,-2274.0,314.0,226.3249952,5,100.0,False,0,6752.7519999999995,36.0
5724.037777777777,-2271.3442185317235,324.9034920291808,227.0,5,100.0,False,0,6752.7699999999995,36.0
5733.063482099716,-2247.0,412.0,228.7749984,5,100.0,False,0,6752.911999999999,36.0
5734.2155555555555,-2243.3351982992995,423.1852550719268,229.0,6,100.0,False,0,6752.929999999999,36.0
5755.104444444444,-2149.99314729042,634.1364908665155,235.0,6,100.0,False,0,6753.25,36.0
5757.8981070974605,-2132.0,666.0,236.25999616,6,100.0,False,0,6753.2919999999995,36.0
5768.493333333333,-2053.3379484783995,793.3233166003007,241.0,6,100.0,False,0,6753.45,36.0
5772.673607276753,-2027.0,834.0,241.92999808,6,100.0,False,0,6753.512,36.0
5782.0488888888885,-1988.8141680028943,890.5384988717044,244.0,6,100.0,False,0,6753.65,36.0
5794.634285029355,-1948.0,946.0,248.5499968,6,100.0,False,0,6753.831999999999,36.0
5795.8822222222225,-1941.9698500406764,954.3547541703124,249.0,6,100.0,False,0,6753.849999999999,36.0
5806.993333333334,-1874.9601780095572,1047.7834940138614,250.0,6,100.0,False,0,6754.01,36.0
5810.00984061643,-1856.0,1074.0,250.93769070408786,6,100.0,False,0,6754.053,36.0
5824.400740613157,-1769.715634630781,1191.0940763414112,255.34267879729424,6,100.0,False,0,6754.255,36.0
0.4267075351968992,-1770.257385761594,1190.1118647582746,255.34267879729424,6,100.0,False,0,6754.255,37.0
3.1604762625401954,-1754.0,1212.0,256.1713366073693,6,100.0,False,0,6754.293,37.0
5.901944444444442,-1737.699956967099,1233.9013559908426,257.0,6,100.0,False,0,6754.331,37.0
14.755520600607891,-1685.0,1304.0,259.61428297142857,6,100.0,False,0,6754.453,37.0
26.357499999999995,-1615.1661188839191,1393.4806193567601,263.0,6,100.0,False,0,6754.611,37.0
30.958875002721488,-1586.0,1430.0,264.5500032,6,100.0,False,0,6754.673,37.0
42.86272405575357,-1507.0,1528.0,268.5249984,6,100.0,False,0,6754.832,37.0
44.290833333333325,-1497.8670925412898,1539.4797666634845,269.0,6,100.0,False,0,6754.851,37.0
56.43915830171594,-1424.0,1634.0,271.41499904,6,100.0,False,0,6755.012,37.0
59.40194444444444,-1406.2972872311698,1656.8636376342631,272.0,7,100.0,False,0,6755.051,37.0
73.26999087841845,-1323.0,1766.0,275.61999872,7,100.0,False,0,6755.232,37.0
74.73527777777777,-1313.9657839880374,1778.127683450145,276.0,7,100.0,False,0,6755.251,37.0
90.23527777777777,-1215.9059925949,1913.037352942045,279.0,7,100.0,False,0,6755.451,37.0
98.07134406074249,-1169.0,1978.0,279.3156248,7,100.0,False,0,6755.552,37.0
115.12416666666667,-1076.8163040242944,2104.59858847562,280.0,7,100.0,False,0,6755.771,37.0
118.34278344272565,-1059.0,2129.0,280.640624,7,100.0,False,0,6755.812,37.0
138.94182196320983,-938.0,2295.0,284.703124,7,100.0,False,0,6756.072,37.0
140.4575,-929.2176446535973,2307.119479374634,285.0,7,100.0,False,0,6756.091,37.0
158.1823188600069,-826.0,2450.0,287.12499938461536,7,100.0,False,0,6756.312,37.0
180.80871055101096,-680.0,2651.0,289.8173070769231,7,100.0,False,0,6756.592000000001,37.0
182.3463888888889,-671.81515829234,2662.3854176989,290.0,7,100.0,False,0,6756.611,37.0
209.99458175283166,-528.0,2870.0,291.70499968,7,100.0,False,0,6756.952,37.0
214.79083333333332,-482.12364713791095,2937.687029421436,292.0,7,100.0,False,0,6757.011,37.0
224.6387043653446,-382.0,3086.0,292.76100558047574,7,100.0,False,0,6757.1320000000005,37.0
227.73166666666668,-357.62217338044445,3122.3529446873026,293.0,7,100.0,False,0,6757.17,37.0
244.00944444444448,-290.9357694785741,3224.377532318438,293.0,7,100.0,False,0,6757.37,37.0
267.05064849637887,-215.0,3338.0,293.58749973333335,7,100.0,False,0,6757.652,37.0
283.2094444444445,-78.47646820917952,3532.9769747473442,294.0,7,100.0,False,0,6757.85,37.0
285.0003408992227,-65.0,3552.0,293.89000064,7,100.0,False,0,6757.872,37.0
315.65388888888896,74.26801763377125,3740.0419255323613,292.0,7,100.0,False,0,6758.25,37.0
315.8157059370085,75.0,3741.0,291.99000064,7,100.0,False,0,6758.252,37.0
331.82055555555564,173.43759709249633,3865.147372431163,291.0,7,100.0,False,0,6758.45,37.0
331.9819990826258,175.0,3867.0,290.9875008,7,100.0,False,0,6758.452,37.0
344.70944444444456,327.15924973298684,4040.9756606045553,290.0,7,100.0,False,0,6758.61,37.0
344.8698751973496,329.0,4043.0,289.9750016,7,100.0,False,0,6758.612,37.0
363.8427777777778,492.79151863252275,4205.113172859654,287.0,7,100.0,False,0,6758.85,37.0
382.8427777777778,589.9205203293689,4277.820476212805,285.0,7,100.0,False,0,6759.09,37.0
384.5730883534759,598.0,4284.0,284.75555697777776,7,100.0,False,0,6759.112,37.0
410.94277777777785,757.5054268656143,4381.423633558389,281.0,7,100.0,False,0,6759.45,37.0
412.6542322250059,779.0,4390.0,280.94500032,7,100.0,False,0,6759.472,37.0
428.2054279100118,1022.0,4474.0,280.44500032,7,100.0,False,0,6759.6720000000005,37.0
442.05388888888893,1139.264361682489,4504.4937303530705,280.0,7,100.0,False,0,6759.85,37.0
454.4983333333334,1198.5463534078215,4507.476856007523,280.0,7,100.0,False,0,6760.01,37.0
457.7450474060328,1221.0,4509.0,279.2125024,7,100.0,False,0,6760.052,37.0
466.8094444444445,1299.6964711292826,4514.916467906458,277.0,7,100.0,False,0,6760.17,37.0
473.0578352707023,1369.0,4518.0,275.9750016,7,100.0,False,0,6760.252,37.0
491.07611111111123,1622.5532036127506,4514.89183655765,273.0,7,100.0,False,0,6760.49,37.0
495.86700763967207,1675.0,4513.0,273.31500032,7,100.0,False,0,6760.553,37.0
506.2983333333334,1746.144071898972,4508.855402244586,274.0,7,100.0,False,0,6760.6900000000005,37.0
518.4316666666667,1822.6549098222154,4498.6437135702945,273.0,7,100.0,False,0,6760.85,37.0
520.1751808200303,1842.0,4496.0,273.0,7,100.0,False,0,6760.8730000000005,37.0
538.3758212620238,2113.0,4459.0,273.0,7,100.0,False,0,6761.113,37.0
539.7408333333334,2127.9496927152863,4457.018111528356,273.0,7,100.0,False,0,6761.131,37.0
554.9075,2216.256766161823,4446.984374504229,273.0,7,100.0,False,0,6761.331,37.0
561.052901932818,2254.0,4445.0,273.0,7,100.0,False,0,6761.412,37.0
570.0741666666667,2334.9578837020044,4441.959501466972,273.0,7,100.0,False,0,6761.531,37.0
579.2198869367465,2428.0,4439.0,272.4958336,7,100.0,False,0,6761.652,37.0
588.2075,2509.654798016528,4436.504099348002,272.0,7,100.0,False,0,6761.771,37.0
603.3186111111111,2666.8413959129057,4446.3259269674845,272.0,7,100.0,False,0,6761.9710000000005,37.0
604.8991464585101,2690.0,4450.0,271.85000045714287,7,100.0,False,0,6761.992,37.0
621.390663330394,2956.0,4505.0,270.2785718857143,7,100.0,False,0,6762.212,37.0
624.3186111111111,2980.2763021663627,4510.646437514814,270.0,7,100.0,False,0,6762.251,37.0
639.4568700702845,3020.0,4526.0,270.71785691428573,7,100.0,False,0,6762.452,37.0
645.3963888888889,3062.424477146737,4542.794545948519,271.0,7,100.0,False,0,6762.531,37.0
658.9412705751629,3206.0,4602.0,269.8687504,7,100.0,False,0,6762.712,37.0
669.3075,3299.9941483013686,4652.249169379934,269.0,7,100.0,False,0,6762.851,37.0
673.8522807103687,3338.0,4675.0,268.84750016,7,100.0,False,0,6762.912,37.0
691.7136125904534,3481.0,4771.0,268.24750016,7,100.0,False,0,6763.152,37.0
699.0852777777778,3542.7545153972546,4818.601063757896,268.0,7,100.0,False,0,6763.251,37.0
709.5932291614187,3627.0,4889.0,268.0,7,100.0,False,0,6763.392,37.0
718.5389096414867,3688.0,4945.0,268.0,7,100.0,False,0,6763.512,37.0
728.8630555555557,3766.3002742108156,5020.666454447466,268.0,7,100.0,False,0,6763.651,37.0
733.3789049683677,3801.0,5055.0,267.54135393822895,7,100.0,False,0,6763.712,37.0
752.5239600305515,3938.0,5194.0,265.58646703374967,7,100.0,False,0,6763.972,37.0
758.2338888888889,3976.0699323008766,5232.220170552518,265.0,7,100.0,False,0,6764.05,37.0
765.6770216188054,4032.0,5287.0,262.02500373333334,7,100.0,False,0,6764.152,37.0
775.433888888889,4137.1099533610995,5386.5840837904525,258.0,7,100.0,True,0,6764.29,37.0
783.4279895868506,4230.0,5473.0,244.4928713142857,7,56.42861714285714,True,0,6764.412,37.0
793.0894444444446,4314.835703039878,5550.012907117894,227.0,7,0.0,True,0,6764.57,37.0
804.6450000000002,4377.948959310423,5603.826821797569,208.0,7,0.0,True,0,6764.77,37.0
810.3501419933175,4408.0,5629.0,202.2625072,7,0.6374991999999999,True,0,6764.872,37.0
813.4894444444446,4425.082216341675,5643.252901283101,199.0,7,1.0,True,0,6764.93,37.0
823.6005555555557,4484.48243744404,5692.447377015182,182.0,7,2.0,True,0,6765.13,37.0
830.34316865416,4532.0,5731.0,173.71667413333333,7,2.5916661333333333,True,0,6765.272,37.0
834.8005555555558,4568.464924945025,5760.126209067437,168.0,4,3.0,True,0,6765.37,37.0
837.5347232567552,4593.0,5779.0,163.66000896,4,3.0,True,0,6765.432,37.0
843.3561111111113,4649.761987241099,5819.598039723765,154.0,4,3.0,True,0,6765.57,37.0
844.2452734208813,4658.0,5825.0,152.6642934857143,4,3.0,True,0,6765.592000000001,37.0
850.3988294335508,4710.0,5854.0,142.95000777142857,4,3.0,True,0,6765.752,37.0
854.0116666666669,4742.931288921402,5868.249989490818,137.0,3,3.0,True,0,6765.85,37.0
862.6393584122346,4830.0,5894.0,130.9500032,3,3.0,True,0,6766.092000000001,37.0
868.122777777778,4885.662150897953,5900.540308983135,127.0,2,3.0,True,0,6766.25,37.0
869.5679086627698,4900.0,5901.0,126.12500266666666,2,2.8250005333333332,True,0,6766.292,37.0
872.9857934879151,4934.0,5900.0,124.04166933333333,2,2.4083338666666667,True,0,6766.392,37.0
876.2561111111113,4971.664690958571,5895.955547628356,122.0,2,2.0,True,0,6766.49,37.0
883.294220515286,5059.0,5879.0,116.4500032,2,2.0,True,0,6766.712,37.0
888.7005555555558,5103.019673499612,5863.497851598693,112.0,2,2.0,True,0,6766.89,37.0
894.1480139536791,5139.0,5843.0,108.18749866666667,2,2.0,True,0,6767.073,37.0
895.8338888888891,5151.847924165115,5834.992791527926,107.0,2,2.0,True,0,6767.13,37.0
899.4618051036257,5181.0,5815.0,106.2312512,2,2.7687488,True,0,6767.253,37.0
900.5450000000002,5189.630888994284,5808.22305816846,106.0,2,3.0,False,0,6767.29,37.0
903.5332363725227,5213.0,5788.0,105.14522745765376,2,4.282158813519353,False,0,6767.393,37.0
907.5072222222224,5241.962323379328,5759.9035349464975,104.0,2,6.0,False,0,6767.531,37.0
912.1902292170794,5272.0,5725.0,104.36818152727272,2,17.781808872727275,False,0,6767.693,37.0
917.4378697748722,5300.0,5682.0,104.77727301818182,2,30.87273658181818,False,0,6767.8730000000005,37.0
920.3405555555557,5313.559272341508,5654.835771646634,105.0,2,38.0,False,0,6767.9710000000005,37.0
923.366811690546,5326.0,5626.0,106.8937488,2,41.7874976,False,0,6768.072,37.0
925.1405555555557,5332.349734940881,5609.84787045909,108.0,2,44.0,False,0,6768.131,37.0
928.1750266352733,5342.0,5583.0,108.50499968,2,44.0,False,0,6768.232,37.0
931.1961111111112,5350.59763918556,5556.975705378704,109.0,2,44.0,False,0,6768.331,37.0
936.262777777778,5363.530378299298,5507.051402679693,114.0,2,44.0,False,0,6768.491,37.0
937.5858020269807,5367.0,5489.0,114.68333226666667,2,45.366664533333335,False,0,6768.532,37.0
943.4958929484587,5382.0,5392.0,117.68333226666667,2,51.366664533333335,False,0,6768.712,37.0
944.1294444444446,5383.242380427654,5382.712723290662,118.0,2,52.0,False,0,6768.731,37.0
950.9072222222223,5390.905568349413,5308.097760350179,122.0,2,53.0,False,0,6768.9310000000005,37.0
958.6086821145364,5395.0,5249.0,125.15714194285714,2,56.157141942857145,False,0,6769.152,37.0
960.7072222222223,5396.483868421223,5233.141603927757,126.0,3,57.0,False,0,6769.211,37.0
971.6660449323673,5409.0,5145.0,129.7624992,3,14.107509119999996,False,0,6769.512,37.0
975.2627777777778,5416.608593686832,5108.650197397531,131.0,3,0.0,True,0,6769.611,37.0
978.1814031261406,5424.0,5079.0,129.38000128,3,0.0,True,0,6769.692,37.0
982.3183333333334,5436.421520458469,5039.911925055343,127.0,3,0.0,True,0,6769.811,37.0
986.1569575523035,5451.0,5004.0,120.27778133333334,3,0.0,True,0,6769.932,37.0
993.0183333333334,5485.410747291925,4939.724753554449,107.0,2,0.0,True,0,6770.171,37.0
994.7400590445142,5495.0,4925.0,105.2208352,2,0.0,True,0,6770.232,37.0
999.6850000000001,5523.844969740272,4886.19659557968,100.0,2,0.0,True,0,6770.411,37.0
999.7117380239872,5524.0,4886.0,99.97132800657708,2,0.0,True,0,6770.412,37.0
1006.3648100691253,5571.0,4835.0,92.51613258411295,2,0.0,True,0,6770.6720000000005,37.0
1006.815,5576.357027458655,4830.28755328268,92.0,2,0.0,True,0,6770.6900000000005,37.0
1010.8335523389246,5631.0,4785.0,89.57000192,2,0.0,True,0,6770.852,37.0
1011.7594444444446,5640.182865343031,4777.397145844861,89.0,2,0.0,True,0,6770.89,37.0
1020.2255851265718,5688.0,4752.0,84.4750016,2,0.0,True,0,6771.252,37.0
1021.0927777777779,5700.892079953959,4747.88979295961,84.0,2,0.0,False,0,6771.29,37.0
1024.3067091948199,5755.0,4731.0,81.87000191999999,2,0.0,False,0,6771.432,37.0
1025.5927777777779,5767.949339710878,4727.1806105831865,81.0,2,0.0,True,0,6771.49,37.0
1030.7423439657243,5788.0,4731.0,77.9750016,2,0.0,True,0,6771.732,37.0
1034.0372222222225,5831.191600895705,4745.017559366881,76.0,2,0.0,False,0,6771.89,37.0
1037.0131146225563,5871.0,4759.0,76.0,2,8.4312424,False,0,6772.032,37.0
1040.792777777778,5892.335320851917,4771.480416521529,76.0,2,19.0,False,0,6772.21,37.0
1043.436829928875,5903.0,4781.0,77.21999872,2,22.0499968,False,0,6772.332,37.0
1045.1261111111114,5912.708211967226,4788.83586227766,78.0,2,24.0,False,0,6772.41,37.0
1050.3261111111115,5955.572786200087,4825.569951287439,78.0,2,29.0,False,0,6772.650000000001,37.0
1050.3711930289946,5956.0,4826.0,78.05999616,2,29.06999552,False,0,6772.652,37.0
1054.9927777777782,6002.30308670611,4877.419928851667,84.0,2,36.0,False,0,6772.85,37.0
1056.935640349965,6018.0,4896.0,85.0249984,2,36.5124992,False,0,6772.932,37.0
1058.8150000000005,6029.054637365277,4909.5143548439555,86.0,2,37.0,False,0,6773.01,37.0
1063.870555555556,6045.9502125308,4932.361855743452,91.0,2,43.0,False,0,6773.21,37.0
1064.967741072669,6050.0,4938.0,92.0499968,2,43.62999808,False,0,6773.252,37.0
1069.2038888888894,6068.989849723534,4964.8099894337265,96.0,2,46.0,False,0,6773.41,37.0
1071.4774104073983,6084.0,4989.0,98.45999616,2,47.63999744,False,0,6773.492,37.0
1074.8705555555562,6113.738485347779,5040.999116110259,102.0,2,50.0,False,0,6773.61,37.0
1077.3714767139536,6132.0,5074.0,104.76666026666666,2,52.30555022222222,False,0,6773.693,37.0
1086.2705555555563,6151.281822197094,5114.755817481133,114.0,2,60.0,False,0,6773.97,37.0
1087.031639801442,6153.0,5119.0,114.91542572431466,2,61.02985393985399,False,0,6773.993,37.0
1093.082222222223,6174.111820263989,5169.879367854466,122.0,2,69.0,False,0,6774.171,37.0
1097.5300517943233,6191.0,5212.0,127.66427977142857,2,72.92142445714286,False,0,6774.293,37.0
1103.582222222223,6210.762893381166,5265.32557463308,135.0,3,78.0,False,0,6774.451,37.0
1103.6600279842153,6211.0,5266.0,135.0666624,3,78.0583296,False,0,6774.453,37.0
1113.1155555555563,6239.056770944804,5354.532341960486,143.0,3,85.0,False,0,6774.691,37.0
1113.9656688168147,6242.0,5365.0,143.37499885714286,3,85.14999954285715,False,0,6774.712,37.0
1123.0042786160961,6275.0,5489.0,147.30357028571427,3,86.72142811428571,False,0,6774.932,37.0
1124.6266666666675,6278.999122239151,5503.883714547401,148.0,3,87.0,False,0,6774.9710000000005,37.0
1131.4266666666674,6287.849643222313,5536.61997411047,153.0,3,98.0,False,0,6775.131,37.0
1136.072506083005,6294.0,5574.0,159.312496,3,98.50499968,False,0,6775.232,37.0
1151.204444444445,6325.575687016667,5821.5288950286895,178.0,4,100.0,False,0,6775.531,37.0
1155.4459468623904,6332.0,5887.0,182.72499626666666,4,100.0,False,0,6775.612,37.0
1164.004444444445,6338.206635868388,5988.679107425646,192.0,5,100.0,False,0,6775.771,37.0
1195.219534681703,6308.0,6195.0,212.35156,5,100.0,False,0,6776.292,37.0
1202.5822222222228,6293.613670174394,6261.227712121665,217.0,5,100.0,False,0,6776.411,37.0
1217.485821221197,6256.0,6407.0,221.3818170181818,5,100.0,False,0,6776.652,37.0
1227.5749294917982,6223.0,6494.0,224.2909079272727,5,100.0,False,0,6776.812,37.0
1230.0822222222228,6213.087389024741,6517.144618668451,225.0,5,100.0,False,0,6776.851,37.0
1237.9811496198206,6178.0,6593.0,229.23499776,5,100.0,False,0,6776.972,37.0
1256.6377777777782,6086.02107166778,6754.265386678182,239.0,6,100.0,False,0,6777.251,37.0
1259.3850850180766,6073.0,6775.0,239.77358338673372,6,100.0,False,0,6777.292,37.0
1267.3261111111117,6036.290221188891,6830.866226934918,242.0,6,100.0,False,0,6777.41,37.0
1271.554583372673,6008.0,6868.0,243.3562472,6,100.0,False,0,6777.472,37.0
1286.8143209550972,5855.0,7045.0,248.1687472,6,100.0,False,0,6777.692,37.0
1289.4594444444451,5835.690965237185,7065.968399398167,249.0,6,100.0,False,0,6777.7300000000005,37.0
1303.4038888888895,5779.716148787808,7117.895937600437,251.0,6,100.0,False,0,6777.93,37.0
1307.7544513707053,5758.0,7136.0,251.7749984,6,100.0,False,0,6777.992,37.0
1320.3372222222226,5664.420838595496,7215.154683154425,254.0,6,100.0,False,0,6778.17,37.0
1327.6123488634396,5604.0,7265.0,255.69999786666668,6,100.0,False,0,6778.272,37.0
1337.5372222222227,5525.465278979267,7326.857625553423,258.0,6,100.0,False,0,6778.41,37.0
1343.483773899419,5479.0,7362.0,259.5374976,6,100.0,False,0,6778.492,37.0
1347.8358980179732,5444.0,7388.0,260.6624976,6,100.0,False,0,6778.552,37.0
1349.1372222222226,5432.687838302257,7396.486262590631,261.0,6,100.0,False,0,6778.57,37.0
1366.5372222222225,5249.557992340493,7538.560054623575,261.0,6,100.0,False,0,6778.81,37.0
1371.2243838826096,5205.0,7574.0,265.3916576,6,100.0,False,0,6778.872,37.0
1385.070555555556,5097.371663857322,7661.656538366909,278.0,7,100.0,False,0,6779.05,37.0
1407.1354244919105,4983.0,7758.0,281.204544,7,100.0,False,0,6779.332,37.0
1408.7108610886205,4977.0,7763.0,281.43181672727275,7,100.0,False,0,6779.352,37.0
1419.6594444444447,4911.772649632847,7818.022945508619,283.0,7,100.0,False,0,6779.49,37.0
1437.5584675098125,4758.0,7949.0,287.5409064727273,7,100.0,False,0,6779.712,37.0
1453.8762240550184,4630.0,8059.0,291.63181556363634,7,100.0,False,0,6779.912,37.0
1455.3483333333338,4618.719140191348,8068.767881311622,292.0,7,100.0,False,0,6779.93,37.0
1468.623226651876,4519.0,8155.0,293.61999872,7,100.0,False,0,6780.092000000001,37.0
1481.8725665998659,4425.0,8234.0,295.22999808,7,100.0,False,0,6780.253,37.0
1488.2372222222225,4378.318273020407,8273.954880178651,296.0,7,100.0,False,0,6780.33,37.0
1503.4330187510184,4263.0,8374.0,298.74500096,7,100.0,False,0,6780.513,37.0
1504.8483333333336,4252.252181156155,8383.247682044404,299.0,7,100.0,False,0,6780.53,37.0
1524.9986111111114,4099.283944227456,8513.897744647082,301.0,8,100.0,False,0,6780.771,37.0
1525.167007248005,4098.0,8515.0,301.0249984,8,100.0,False,0,6780.773,37.0
1538.715801828997,3996.0,8603.0,303.0249984,8,100.0,False,0,6780.933,37.0
1558.9986111111116,3847.9323841762675,8731.324167915023,306.0,8,100.0,False,0,6781.171,37.0
1560.8694259631484,3830.0,8747.0,306.0,8,100.0,False,0,6781.193,37.0
1572.5986111111115,3695.22501573694,8865.31418652184,306.0,8,100.0,False,0,6781.331,37.0
1579.4980497565973,3625.0,8927.0,306.40499968,8,100.0,False,0,6781.412,37.0
1605.185378343962,3490.0,9045.0,307.90499968,8,100.0,False,0,6781.712,37.0
1606.8208333333337,3479.967719859826,9053.807992195256,308.0,8,100.0,False,0,6781.731,37.0
1620.7200359626595,3374.0,9147.0,310.0124992,8,100.0,False,0,6781.892,37.0
1627.5541666666672,3311.316909546502,9202.024504192143,311.0,8,100.0,False,0,6781.9710000000005,37.0
1648.3541666666672,3114.6574880552,9374.42309285668,312.0,8,100.0,False,0,6782.211,37.0
1648.441091146386,3114.0,9375.0,312.0062496,8,100.0,False,0,6782.212,37.0
1676.2652777777782,2960.141129700342,9509.915185473144,314.0,8,100.0,False,0,6782.531,37.0
1679.8412340642858,2937.0,9530.0,314.0,8,100.0,False,0,6782.572,37.0
1693.7097222222226,2827.0892524784335,9624.939690745536,314.0,8,100.0,False,0,6782.731,37.0
1702.541104357206,2745.0,9696.0,314.6312496,8,100.0,False,0,6782.832,37.0
1707.7097222222226,2693.775758879617,9740.51034739322,315.0,8,100.0,False,0,6782.8910000000005,37.0
1725.265277777778,2506.6711932346975,9903.927822355356,316.0,8,100.0,False,0,6783.091,37.0
1737.607229301318,2402.0,9996.0,315.5593752,8,100.0,False,0,6783.232,37.0
1753.265277777778,2322.95763209131,10066.602310601582,315.0,8,100.0,False,0,6783.411,37.0
1767.3943419409027,2258.0,10125.0,315.80499968,8,100.0,False,0,6783.572,37.0
1770.820833333334,2237.284748072762,10143.473676885285,316.0,8,100.0,False,0,6783.611,37.0
1788.4963849485748,2111.0,10256.0,316.0,8,100.0,False,0,6783.812,37.0
1806.0392441961199,1982.0,10372.0,316.0,8,100.0,False,0,6784.012,37.0
1809.443055555556,1950.9417418558176,10399.481405030867,316.0,8,100.0,False,0,6784.051,37.0
1826.579166666667,1768.209044741587,10558.191186304652,310.0,8,100.0,True,0,6784.25,37.0
1830.0598105348295,1734.0,10587.0,306.01001216,8,80.26006016,True,0,6784.292,37.0
1842.7458333333336,1629.7517043023076,10670.928908739119,291.0,8,6.0,True,0,6784.45,37.0
1855.1458333333337,1550.5920300579014,10727.635660219199,279.0,8,3.0,True,0,6784.61,37.0
1859.6294489290563,1520.0,10748.0,270.7333504,8,3.5166656,True,0,6784.6720000000005,37.0
1871.6125000000002,1431.4530564446613,10802.302889338927,247.0,8,5.0,True,0,6784.85,37.0
1886.7458333333336,1304.1376046938385,10865.522801221978,227.0,8,5.0,True,0,6785.09,37.0
1886.864721946523,1303.0,10866.0,226.8388992,8,5.0,True,0,6785.092000000001,37.0
1895.931140549365,1210.0,10901.0,213.9500103111111,8,5.0,True,0,6785.252,37.0
1906.5458333333336,1102.1082671200918,10931.767782054665,198.0,5,5.0,True,0,6785.45,37.0
1906.6536763082236,1101.0,10932.0,197.937504,5,4.9875008,True,0,6785.452,37.0
1915.1236111111114,1010.2589011818478,10945.296223627469,193.0,5,4.0,True,0,6785.61,37.0
1920.3056623428301,947.0,10949.0,187.1714358857143,5,3.635714742857143,True,0,6785.712,37.0
1928.890277777778,825.9534830808448,10946.872224286893,177.0,4,3.0,True,0,6785.89,37.0
1937.4252115021623,722.0,10939.0,170.50000457142858,4,3.0,True,0,6786.072,37.0
1941.8791666666668,688.7982549351361,10934.771281042269,167.0,4,3.0,True,0,6786.17,37.0
1953.2313337609783,635.0,10916.0,158.26667093333333,4,4.455554844444444,True,0,6786.432,37.0
1957.3791666666668,600.350549914334,10901.405507314841,155.0,4,5.0,True,0,6786.53,37.0
1964.090277777778,532.0748137302769,10870.982692954904,151.0,4,5.0,False,0,6786.6900000000005,37.0
1965.8216030619546,516.0,10863.0,149.9500032,4,6.0499968,False,0,6786.732,37.0
1970.6236111111114,475.95736696361513,10840.680141555073,147.0,4,9.0,False,0,6786.85,37.0
1973.9735972051078,445.0,10816.0,146.5220739835177,4,13.619951492661988,False,0,6786.933,37.0
1981.9624710369362,356.0,10721.0,145.37044236412345,4,24.7523904801401,False,0,6787.133,37.0
1991.4636111111113,321.5603547357663,10672.493999834198,144.0,4,38.0,False,0,6787.371,37.0
1995.561702783712,311.0,10652.0,144.25500032,4,38.76500096,False,0,6787.473,37.0
2006.0461685978496,260.0,10554.0,144.90499968,4,40.71499904,False,0,6787.733,37.0
2007.5747222222224,251.75201075265252,10533.994457271812,145.0,4,41.0,False,0,6787.771,37.0
2014.8477459885828,217.0,10435.0,145.0,4,41.7541664,False,0,6787.952,37.0
2017.241388888889,210.47441831033842,10412.64397179851,145.0,4,42.0,False,0,6788.011,37.0
2027.1990010075917,202.0,10353.0,148.44285622857143,4,46.30357028571429,False,0,6788.252,37.0
2028.830277777778,200.72662802841447,10339.72934989846,149.0,4,47.0,False,0,6788.291,37.0
2035.5858333333335,194.35021816667975,10270.820112429976,152.0,4,60.0,False,0,6788.451,37.0
2039.9454694024323,191.0,10225.0,154.5249984,4,62.019998720000004,False,0,6788.552,37.0
2044.308055555556,188.76262074396286,10181.689664997097,157.0,4,64.0,False,0,6788.651,37.0
2046.1435368864738,188.0,10164.0,157.8968736,4,65.4093728,False,0,6788.692,37.0
2057.1140464928167,183.0,10056.0,163.1468736,4,73.6593728,False,0,6788.932,37.0
2058.8858333333337,181.45180315523206,10035.20401927277,164.0,4,75.0,False,0,6788.9710000000005,37.0
2067.830277777778,170.2592309595939,9921.933425938485,161.0,4,0.0,True,0,6789.171,37.0
2068.7513578151247,169.0,9912.0,160.38750186666667,4,0.2624992,True,0,6789.192,37.0
2078.096944444445,155.64913961549863,9839.697951585842,154.0,4,3.0,True,0,6789.411,37.0
2084.5729991060102,140.0,9795.0,147.9625024,4,4.5093744000000004,True,0,6789.572,37.0
2090.719166666667,116.48315024506242,9741.087053966603,142.0,3,6.0,True,0,6789.731,37.0
2091.519241607906,113.0,9734.0,141.40000182857142,3,6.074999771428572,True,0,6789.752,37.0
2101.1413888888897,58.30543905672929,9648.368720801538,134.0,3,7.0,True,0,6790.011,37.0
2101.177510256625,58.0,9648.0,133.9708352,3,6.9958336,True,0,6790.012,37.0
2108.947510988037,-21.0,9565.0,127.55416853333334,3,6.079166933333333,True,0,6790.232,37.0
2109.6080555555563,-26.862415416638715,9559.469323034213,127.0,2,6.0,True,0,6790.251,37.0
2121.808055555556,-98.04177318773772,9509.198124578425,122.0,2,9.0,False,0,6790.611,37.0
2122.4890103763064,-102.0,9507.0,121.61264943450651,2,8.750988922182753,False,0,6790.6320000000005,37.0
2144.578055555556,-313.764238258456,9437.393039303417,108.0,2,0.0,True,0,6791.37,37.0
2146.982646381473,-352.0,9442.0,107.2312512,2,0.0,True,0,6791.452,37.0
2152.2450648779777,-438.0,9461.0,105.5437512,2,0.0,True,0,6791.6320000000005,37.0
2153.9113888888896,-454.9378369098298,9465.402921674691,105.0,2,0.0,False,0,6791.6900000000005,37.0
2161.2454448242943,-485.0,9482.0,102.38000128,2,13.0999936,False,0,6791.952,37.0
2165.133611111112,-520.8667276534723,9507.719978631294,101.0,2,20.0,False,0,6792.09,37.0
2171.5690066777534,-590.0,9560.0,103.46666524444444,2,32.94999253333333,False,0,6792.312,37.0
2175.633611111112,-613.933122339273,9583.213135775371,105.0,2,41.0,False,0,6792.45,37.0
2181.049871672978,-635.0,9611.0,107.2749984,2,41.7583328,False,0,6792.6320000000005,37.0
2182.833611111112,-643.0902114101584,9621.803177441883,108.0,2,42.0,False,0,6792.6900000000005,37.0
2190.012642841086,-682.0,9682.0,113.5499968,2,46.93333048888889,False,0,6792.912,37.0
2194.533611111112,-713.7770906410994,9747.262725007833,117.0,2,50.0,False,0,6793.05,37.0
2196.5395198605847,-725.0,9772.0,117.0,2,51.937496,False,0,6793.112,37.0
2199.7336111111117,-735.0951482129602,9796.22581865516,117.0,2,55.0,False,0,6793.21,37.0
2206.0308916032727,-742.0,9823.0,122.1468768,2,57.287500800000004,False,0,6793.393,37.0
2210.9336111111115,-753.9527931252088,9866.530283195187,126.0,2,59.0,False,0,6793.53,37.0
2214.681287384566,-763.0,9905.0,129.09000192,2,59.0,False,0,6793.633,37.0
2218.266944444445,-768.9249580100104,9940.369470552945,132.0,2,59.0,False,0,6793.7300000000005,37.0
2222.142083913597,-773.0,9978.0,134.19929012368175,2,60.09964506184087,False,0,6793.8330000000005,37.0
2229.0386111111115,-776.0367298667767,10046.038393052913,138.0,3,62.0,False,0,6794.011,37.0
2230.712190264383,-776.0,10063.0,139.67999488,3,63.46999552,False,0,6794.053,37.0
2237.149722222223,-773.3147724181359,10130.037060343195,146.0,3,69.0,False,0,6794.211,37.0
2238.88952348237,-772.0,10148.0,147.25999616,3,69.41999872,False,0,6794.253,37.0
2245.594166666667,-764.9451701200683,10214.718035881277,152.0,3,71.0,False,0,6794.411,37.0
2249.196481601363,-760.0,10249.0,154.672997888,3,73.348998144,False,0,6794.492,37.0
2296.983055555556,-638.2016613166405,10663.51658369482,185.0,4,100.0,False,0,6795.411,37.0
2297.0392891070396,-638.0,10664.0,185.0583296,4,100.0,False,0,6795.412,37.0
2306.1259183481784,-604.0,10742.0,194.39166293333332,4,100.0,False,0,6795.572,37.0
2317.583055555556,-558.5253440363616,10838.659874317842,206.0,5,100.0,False,0,6795.771,37.0
2323.4183436670746,-533.0,10890.0,207.44285622857143,5,100.0,False,0,6795.872,37.0
2333.9163888888893,-483.0205620457688,10986.581168699973,210.0,5,100.0,False,0,6796.051,37.0
2335.1760796722256,-477.0,10998.0,210.66817978181817,5,100.0,False,0,6796.072,37.0
2349.9978146625413,-408.0,11126.0,218.30454341818182,5,100.0,False,0,6796.312,37.0
2360.0926732552725,-362.0,11207.0,223.39545250909092,5,100.0,False,0,6796.472,37.0
2361.294166666667,-356.15913177885704,11216.85441037938,224.0,5,100.0,False,0,6796.491,37.0
2365.155485728317,-336.0,11250.0,225.906248,5,100.0,False,0,6796.552,37.0
2371.471944444445,-294.5147150018413,11314.45777362625,229.0,6,100.0,False,0,6796.651,37.0
2389.9830555555563,-149.44648057707082,11524.3818226681,238.0,6,100.0,False,0,6796.9310000000005,37.0
2390.0505108082057,-149.0,11525.0,238.0281232,6,100.0,False,0,6796.932,37.0
2411.938611111112,-37.27000318966242,11667.79783740249,247.0,6,100.0,False,0,6797.251,37.0
2420.361186814698,5.0,11716.0,248.890624,6,100.0,False,0,6797.372,37.0
2434.338611111112,85.91052949399727,11804.362275772917,252.0,6,100.0,False,0,6797.571,37.0
2442.921412558767,139.0,11859.0,253.68523557700536,6,100.0,False,0,6797.692,37.0
2454.3613926376975,216.0,11933.0,255.91364743600715,6,100.0,False,0,6797.852,37.0
2459.967222222223,265.83806714996484,11978.69548200932,257.0,6,100.0,False,0,6797.93,37.0
2474.574507666294,409.0,12106.0,259.88571245714286,6,100.0,False,0,6798.1320000000005,37.0
2480.267222222223,449.8688955027617,12141.034854113226,261.0,6,100.0,False,0,6798.21,37.0
2499.618604602419,565.0,12228.0,265.67856914285716,6,100.0,False,0,6798.472,37.0
2500.956111111112,576.1542270510942,12235.676880062743,266.0,7,100.0,False,0,6798.49,37.0
2521.8783333333345,787.6460755761327,12373.185885340159,269.0,7,72.0,False,0,6798.77,37.0
2522.028899946361,789.0,12374.0,269.0249984,7,72.1916544,False,0,6798.772,37.0
2540.011666666668,918.7794123313494,12442.874095094629,272.0,7,95.0,False,0,6799.01,37.0
2550.652119916931,998.0,12478.0,270.4785728,7,75.7285888,False,0,6799.152,37.0
2560.93388888889,1092.239832552976,12518.292437066646,269.0,7,57.0,False,0,6799.29,37.0
2570.0009412671516,1178.0,12553.0,268.4916672,7,75.80831359999999,False,0,6799.412,37.0
2578.800555555557,1253.898978148059,12581.029002778452,268.0,7,94.0,False,0,6799.53,37.0
2586.4689728984304,1334.0,12607.0,269.69999786666665,7,96.5499968,False,0,6799.6320000000005,37.0
2596.9338888888906,1479.9644090942784,12649.996721297586,272.0,7,100.0,False,0,6799.77,37.0
2598.6115561269635,1501.0,12656.0,272.36666453333333,7,100.0,False,0,6799.792,37.0
2615.3338888888907,1635.3400051550034,12691.736291412553,276.0,7,100.0,False,0,6800.01,37.0
2626.329442384998,1716.0,12709.0,276.8937504,7,100.0,False,0,6800.153,37.0
2627.6450000000013,1727.7571117531077,12711.400030734862,277.0,7,100.0,False,0,6800.17,37.0
2638.8109290843163,1838.0,12733.0,279.54448570408215,7,100.0,False,0,6800.313,37.0
2649.656666666668,1941.5670960150437,12751.08888409903,282.0,7,100.0,False,0,6800.451,37.0
2651.3834225665423,1960.0,12754.0,282.0916672,7,100.0,False,0,6800.473,37.0
2668.523333333335,2185.9620462710395,12785.416496168667,283.0,7,100.0,False,0,6800.691,37.0
2679.8522736240866,2318.0,12802.0,285.3666688,7,100.0,False,0,6800.8330000000005,37.0
2697.423333333335,2444.9623710898086,12815.898734461982,289.0,7,100.0,False,0,6801.051,37.0
2702.3444674442417,2485.0,12820.0,289.60999936,7,100.0,False,0,6801.112,37.0
2713.590000000002,2600.5958433956284,12831.928416878221,291.0,7,100.0,False,0,6801.251,37.0
2720.191777125264,2669.0,12839.0,292.21499904,7,100.0,False,0,6801.332,37.0
2729.923333333335,2757.4714702679094,12848.136856952133,294.0,7,100.0,False,0,6801.451,37.0
2744.6934041489435,2913.0,12864.0,294.0,7,100.0,False,0,6801.6320000000005,37.0
2752.790000000002,3042.2407293918272,12877.01646946948,294.0,7,100.0,False,0,6801.731,37.0
2759.4361721585738,3141.0,12887.0,294.80999936,7,100.0,False,0,6801.812,37.0
2769.2344444444466,3232.5532931910348,12896.46533072188,296.0,7,100.0,False,0,6801.9310000000005,37.0
2789.101111111113,3353.1266926807666,12909.903925962128,298.0,7,100.0,False,0,6802.171,37.0
2789.184063145325,3354.0,12910.0,298.0035712,7,100.0,False,0,6802.1720000000005,37.0
2812.3566666666684,3680.927077653351,12945.778081942968,299.0,8,100.0,False,0,6802.451,37.0
2814.100588866673,3701.0,12948.0,299.0,8,100.0,False,0,6802.472,37.0
2832.290000000002,3827.5554303981617,12962.477723564643,299.0,8,100.0,False,0,6802.691,37.0
2844.0330079624723,3899.0,12971.0,299.58749973333335,8,100.0,False,0,6802.832,37.0
2852.290000000002,3968.4742299569484,12979.218899200903,300.0,8,100.0,False,0,6802.9310000000005,37.0
2867.401907340506,4131.0,12999.0,300.45249984,8,100.0,False,0,6803.112,37.0
2884.140816425971,4338.0,13026.0,300.95249984,8,100.0,False,0,6803.312,37.0
2885.734444444446,4355.677976368591,13028.318951857855,301.0,8,100.0,False,0,6803.331,37.0
2899.156666666668,4482.391208220541,13044.860733300507,302.0,8,99.0,False,0,6803.491,37.0
2912.4900000000016,4586.444809316932,13058.47749229753,300.0,8,100.0,False,0,6803.651,37.0
2915.9054146456606,4613.0,13062.0,300.0,8,100.0,False,0,6803.692,37.0
2935.823333333335,4801.77270728641,13084.877245589172,300.0,8,100.0,False,0,6803.9310000000005,37.0
2935.906560231726,4803.0,13085.0,299.9916672,8,99.9833344,False,0,6803.932,37.0
2952.4945246094103,5091.0,13111.0,298.3250005333333,8,96.65000106666666,False,0,6804.1320000000005,37.0
2955.6900000000014,5128.998064150457,13114.111700598334,298.0,8,96.0,False,0,6804.171,37.0
2981.468561546554,5241.0,13114.0,289.95264927863633,8,30.7270441489392,False,0,6804.492,37.0
2984.509722222224,5267.073288563071,13113.14587216235,289.0,8,23.0,False,0,6804.53,37.0
2989.4786943168174,5316.0,13111.0,288.6125008,8,25.7124944,False,0,6804.592000000001,37.0
2997.309722222224,5392.431843749006,13103.2046701885,288.0,8,30.0,False,0,6804.6900000000005,37.0
3008.4788817366943,5501.0,13084.0,283.74000384,8,36.38999424,False,0,6804.832,37.0
3012.9763888888906,5544.923268256707,13074.274820149401,282.0,8,39.0,False,0,6804.89,37.0
3028.2541666666684,5693.196782453373,13031.922766758407,275.0,7,56.0,False,0,6805.09,37.0
3031.456169570354,5723.0,13021.0,274.79000064,7,57.0499968,False,0,6805.1320000000005,37.0
3043.47638888889,5830.804087584832,12973.363671732044,274.0,7,61.0,False,0,6805.29,37.0
3046.641712382255,5859.0,12959.0,272.9500032,7,59.9500032,False,0,6805.332,37.0
3055.4763888888906,5937.556062116736,12915.136393378434,270.0,7,57.0,False,0,6805.45,37.0
3058.6114344097564,5964.0,12899.0,269.76666737777776,7,59.0999936,False,0,6805.492,37.0
3070.5169486927766,6057.0,12835.0,268.8777784888889,7,67.0999936,False,0,6805.652,37.0
3082.276388888891,6153.009733527651,12757.423702672484,268.0,7,75.0,False,0,6805.81,37.0
3089.8891235681103,6211.0,12705.0,268.4249994666667,7,78.39999573333333,False,0,6805.912,37.0
3100.209722222224,6277.917645453945,12636.195634771077,269.0,7,83.0,False,0,6806.05,37.0
3104.8517385318614,6306.0,12603.0,269.1937496,7,81.4500032,False,0,6806.112,37.0
3116.847006893166,6376.0,12507.0,269.6937496,7,77.4500032,False,0,6806.272,37.0
3124.209722222224,6414.808783007076,12445.00749927669,270.0,7,75.0,False,0,6806.37,37.0
3134.9766158604384,6470.0,12341.0,270.71500032,7,83.58000384,False,0,6806.513,37.0
3154.4319444444463,6574.042578637356,12100.388337481718,272.0,7,99.0,False,0,6806.77,37.0
3154.660220141681,6575.0,12098.0,272.0249464315937,7,99.00623660789843,False,0,6806.773,37.0
3186.84946490447,6651.0,11868.0,275.51767251794394,7,99.87941812948598,False,0,6807.193,37.0
3191.3086111111134,6662.271719592052,11828.246280456293,276.0,7,100.0,False,0,6807.251,37.0
3206.8435226722513,6706.0,11669.0,276.91818123636364,7,100.0,False,0,6807.453,37.0
3222.320781946663,6743.0,11519.0,277.8272721454546,7,100.0,False,0,6807.653,37.0
3225.286388888891,6749.5046014831405,11492.132967006584,278.0,7,100.0,False,0,6807.691,37.0
3234.782826801901,6770.0,11406.0,279.81499904,7,100.0,False,0,6807.812,37.0
3249.0225017258986,6802.0,11260.0,282.51499904,7,100.0,False,0,6807.992,37.0
3256.8419444444467,6817.056680869549,11185.250119954435,284.0,7,100.0,False,0,6808.091,37.0
3264.801053708976,6832.0,11106.0,284.0,7,100.0,False,0,6808.192,37.0
3275.77527777778,6854.916594591746,10977.519861056104,284.0,7,100.0,False,0,6808.331,37.0
3280.622725248835,6864.0,10923.0,284.6777770666667,7,100.0,False,0,6808.392,37.0
3303.0515529361223,6895.0,10711.0,287.7888881777778,7,100.0,False,0,6808.6720000000005,37.0
3304.57527777778,6897.377781007708,10695.842158577216,288.0,7,100.0,False,0,6808.691,37.0
3306.259249378811,6900.0,10679.0,288.08749973333335,7,100.0,False,0,6808.712,37.0
3323.8419444444467,6920.663638495275,10509.183752719833,289.0,7,100.0,False,0,6808.9310000000005,37.0
3332.0028850602894,6930.0,10417.0,290.00999936,7,100.0,False,0,6809.032,37.0
3340.008611111113,6940.575125666964,10311.27638588581,291.0,7,100.0,False,0,6809.131,37.0
3351.3693176156044,6955.0,10160.0,290.4964288,7,100.0,False,0,6809.272,37.0
3362.564166666669,6963.81443281851,10048.97781748058,290.0,7,100.0,False,0,6809.411,37.0
3378.730833333336,6969.197638677338,9935.290858491775,291.0,7,100.0,False,0,6809.611,37.0
3385.2882730502206,6971.0,9885.0,291.0964284952381,7,100.0,False,0,6809.692,37.0
3446.864166666669,6987.969690652608,9277.802445566334,292.0,7,100.0,False,0,6810.451,37.0
3446.9452737280963,6988.0,9277.0,292.0,7,100.0,False,0,6810.452,37.0
3463.0863888888916,6995.026366983869,9117.126192970933,292.0,7,100.0,False,0,6810.651,37.0
3464.79065416867,6996.0,9099.0,292.0,7,100.0,False,0,6810.6720000000005,37.0
3476.0641666666693,7003.957559792071,8970.109704176857,292.0,7,100.0,False,0,6810.811,37.0
3482.6051832469325,7011.0,8891.0,291.3250005333333,7,100.0,False,0,6810.892,37.0
3495.3975000000028,7031.759195306357,8731.838274404452,290.0,7,100.0,False,0,6811.051,37.0
3509.9408382777465,7058.0,8574.0,289.4958219951738,7,100.0,False,0,6811.232,37.0
3524.2172222222252,7076.494395172664,8477.599721515313,289.0,7,100.0,False,0,6811.41,37.0
3537.017222222225,7094.704908645248,8399.633777921592,288.0,7,100.0,False,0,6811.57,37.0
3538.7734547321297,7098.0,8386.0,287.89000064,7,100.0,False,0,6811.592000000001,37.0
3552.9616666666698,7130.908111672074,8253.39844958764,287.0,7,100.0,False,0,6811.77,37.0
3557.908360342004,7143.0,8207.0,287.0,7,100.0,False,0,6811.832,37.0
3568.9061111111146,7169.191268246062,8112.546491064065,287.0,7,100.0,False,0,6811.97,37.0
3576.9833073275977,7200.0,8017.0,285.98000128,7,100.0,False,0,6812.072,37.0
3584.7394444444476,7246.263888025538,7883.788515770433,285.0,7,100.0,False,0,6812.17,37.0
3591.2544810240415,7284.0,7778.0,285.3416661333333,7,100.0,False,0,6812.252,37.0
3603.806111111114,7324.53109493667,7669.630373356822,286.0,7,100.0,False,0,6812.41,37.0
3624.34160940375,7367.0,7571.0,282.7250016,7,100.0,False,0,6812.6720000000005,37.0
3628.872777777781,7388.608232216366,7516.0780617248365,282.0,7,100.0,False,0,6812.7300000000005,37.0
3641.5333054169273,7459.0,7328.0,281.59500032,7,100.0,False,0,6812.892,37.0
3660.095000000003,7515.3975754424055,7124.282224647689,281.0,7,100.0,False,0,6813.13,37.0
3675.8269496287667,7534.0,7006.0,279.48129795212736,7,100.0,False,0,6813.3330000000005,37.0
3691.0611111111143,7540.917103785717,6921.82912620459,278.0,7,100.0,False,0,6813.531,37.0
3703.2833333333365,7537.238576929255,6840.668956590448,275.0,7,100.0,False,0,6813.691,37.0
3704.96007992689,7536.0,6826.0,274.8624992,7,100.0,False,0,6813.713,37.0
3715.461111111114,7524.220561347623,6718.621311130598,274.0,7,100.0,False,0,6813.851,37.0
3715.613082043897,7524.0,6717.0,273.9937504,7,100.0,False,0,6813.853,37.0
3733.8143495085387,7490.0,6527.0,273.2437504,7,100.0,False,0,6814.093,37.0
3739.727777777781,7478.367201060648,6472.43433268264,273.0,7,100.0,False,0,6814.171,37.0
3745.94759085515,7465.0,6415.0,273.0,7,100.0,False,0,6814.253,37.0
3751.8611111111145,7449.908655682837,6355.510956432946,273.0,7,100.0,False,0,6814.331,37.0
3759.5059831709214,7429.0,6276.0,272.6843752,7,100.0,False,0,6814.432,37.0
3776.0388888888924,7388.391523371856,6114.921884789939,272.0,7,100.0,False,0,6814.651,37.0
3782.1410445446354,7375.0,6056.0,271.4214290285714,7,99.71071451428571,False,0,6814.732,37.0
3792.650223020247,7354.0,5954.0,270.4214290285714,7,99.21071451428571,False,0,6814.872,37.0
3797.0388888888924,7346.124583839919,5913.296659087353,270.0,7,99.0,True,0,6814.9310000000005,37.0
3813.2567108264184,7324.0,5751.0,264.4750016,7,20.729189333333323,True,0,6815.152,37.0
3814.638888888892,7322.903675816118,5733.0516730182835,264.0,7,14.0,True,0,6815.171,37.0
3826.1500000000033,7318.828258406407,5565.486090622857,259.0,7,14.0,True,0,6815.331,37.0
3829.0146700045866,7319.0,5531.0,256.60833706666665,7,14.683332266666667,True,0,6815.372,37.0
3842.4833333333368,7326.522128047736,5440.678213424387,245.0,6,18.0,True,0,6815.571,37.0
3849.2347872464607,7337.0,5400.0,243.1062512,6,18.6312496,True,0,6815.6720000000005,37.0
3863.7277777777813,7378.191925728783,5262.183382662704,239.0,6,20.0,False,0,6815.8910000000005,37.0
3869.0213148861744,7398.0,5209.0,237.31250133333333,6,24.0499968,False,0,6815.972,37.0
3879.3277777777807,7442.320400286143,5114.160961340596,234.0,6,32.0,False,0,6816.131,37.0
3883.2643715317745,7461.0,5079.0,232.8562512,6,34.6687472,False,0,6816.192,37.0
3889.5944444444476,7493.1314882324,5021.903524280515,231.0,6,39.0,False,0,6816.291,37.0
3897.1375446779703,7534.0,4953.0,226.63055786666666,6,25.891673599999997,False,0,6816.412,37.0
3909.127241061862,7600.0,4845.0,219.40833564444443,6,4.225006933333333,False,0,6816.612,37.0
3911.394444444448,7611.920329223972,4825.434513902191,218.0,6,0.0,True,0,6816.651,37.0
3916.029251846692,7635.0,4787.0,214.35500288,6,1.21499904,True,0,6816.732,37.0
3929.2874399301486,7690.0,4682.0,203.55500288,6,4.81499904,True,0,6816.972,37.0
3933.61666666667,7709.887964395646,4634.940644612404,200.0,5,6.0,True,0,6817.051,37.0
3942.372222222226,7751.439120931886,4524.812930551448,197.0,5,7.0,True,0,6817.211,37.0
3945.687315095344,7763.0,4490.0,196.34642925714286,5,7.435713828571428,True,0,6817.272,37.0
3957.4611111111144,7781.7393268951255,4405.678311673676,194.0,5,9.0,False,0,6817.491,37.0
3962.823524034504,7786.0,4365.0,192.87465272429588,5,10.406684094630133,False,0,6817.592000000001,37.0
3969.1436001353527,7790.0,4303.0,191.5376056088948,5,12.077992988881473,False,0,6817.712,37.0
3976.408333333337,7782.686379543411,4212.192866765467,190.0,5,14.0,False,0,6817.85,37.0
3988.1242084255223,7756.0,4068.0,190.0,5,14.0,False,0,6818.072,37.0
3989.075000000004,7754.188671321993,4059.860329828012,190.0,5,14.0,False,0,6818.09,37.0
4002.912067978293,7727.0,3977.0,190.0,5,14.0,False,0,6818.352,37.0
4005.9638888888926,7716.582013308045,3952.8648845493344,190.0,5,14.0,False,0,6818.41,37.0
4018.5638888888925,7658.0016849009935,3828.229117332069,189.0,5,14.0,False,0,6818.650000000001,37.0
4020.7828051438046,7648.0,3809.0,189.44999862857142,5,23.299971657142855,False,0,6818.692,37.0
4029.2970064094447,7607.0,3741.0,191.16428434285714,5,58.728543085714286,False,0,6818.852,37.0
4033.497222222226,7574.2992366823455,3696.958346518049,192.0,5,76.0,False,0,6818.93,37.0
4042.336585147537,7493.0,3598.0,195.5437472,5,83.0874944,False,0,6819.092000000001,37.0
4051.186111111115,7436.830629587859,3539.9448603650544,199.0,5,90.0,False,0,6819.25,37.0
4065.2765726047674,7359.0,3486.0,208.50713782857142,5,98.64285257142858,False,0,6819.492,37.0
4067.5194444444487,7341.638912987188,3474.8210429621545,210.0,5,100.0,False,0,6819.53,37.0
4076.0000800895273,7268.0,3429.0,212.55357257142856,5,100.0,False,0,6819.673,37.0
4084.241666666671,7198.843831358432,3389.6346040597605,215.0,5,100.0,False,0,6819.81,37.0
4086.863021591776,7177.0,3378.0,216.37721836349456,5,100.0,False,0,6819.853,37.0
4101.726111111115,7046.319562084735,3311.1898913894534,224.0,5,100.0,False,0,6820.091,37.0
4103.139128867355,7032.0,3303.0,224.94286262857142,5,100.0,False,0,6820.113,37.0
4120.081666666671,6852.066835615304,3187.7420576552036,236.0,6,100.0,False,0,6820.371,37.0
4120.213553905761,6851.0,3187.0,236.0166656,6,100.0,False,0,6820.3730000000005,37.0
4135.948333333336,6768.283755406038,3119.0504591984777,238.0,6,100.0,False,0,6820.611,37.0
4141.460203043465,6727.0,3077.0,240.0499968,6,100.0,False,0,6820.693,37.0
4152.215000000004,6604.631735273771,2948.9764508906887,244.0,6,100.0,False,0,6820.851000000001,37.0
4156.466770405688,6557.0,2897.0,244.968752,6,100.0,False,0,6820.9130000000005,37.0
4174.348333333337,6416.283330296676,2724.199526175645,249.0,6,100.0,False,0,6821.171,37.0
4184.252794317362,6368.0,2659.0,252.5249984,6,100.0,False,0,6821.312,37.0
4185.5927777777815,6362.654578205792,2651.779644622602,253.0,6,100.0,False,0,6821.331,37.0
4196.9261111111155,6328.57721189648,2605.7248104083774,255.0,6,100.0,False,0,6821.491,37.0
4208.392777777782,6282.374925469411,2531.0971534199166,258.0,6,100.0,False,0,6821.651,37.0
4209.912226570817,6273.0,2515.0,258.40833208888887,6,100.0,False,0,6821.6720000000005,37.0
4227.526892237339,6135.0,2270.0,263.07499875555555,6,100.0,False,0,6821.912,37.0
4234.892777777782,6094.315362478144,2195.449833901582,265.0,6,100.0,False,0,6822.011,37.0
4265.115000000004,6016.263828647932,2036.5377115697447,272.0,7,100.0,False,0,6822.411,37.0
4265.191335405285,6016.0,2036.0,272.015624,7,100.0,False,0,6822.412,37.0
4280.532279355503,5945.0,1892.0,275.140624,7,100.0,False,0,6822.612,37.0
4289.737222222226,5874.357910421186,1746.854871150908,277.0,7,100.0,False,0,6822.731,37.0
4297.598332625245,5823.0,1641.0,279.01999872,7,100.0,False,0,6822.832,37.0
4305.348333333337,5801.060172985644,1595.7941744057348,281.0,7,100.0,False,0,6822.9310000000005,37.0
4318.0487891568655,5782.0,1556.0,283.29999908571426,7,100.0,False,0,6823.092000000001,37.0
4327.515000000004,5731.915980592257,1451.3308126035738,285.0,7,100.0,False,0,6823.211,37.0
4343.644327156353,5628.0,1234.0,288.3499989333333,7,100.0,False,0,6823.412,37.0
4346.78166666667,5616.158578883589,1209.165663754615,289.0,7,100.0,False,0,6823.451,37.0
4362.892777777782,5586.198167933288,1145.9693483803821,290.0,7,100.0,False,0,6823.651,37.0
4367.828100117249,5569.0,1110.0,290.60999936,7,100.0,False,0,6823.712,37.0
4379.115000000004,5503.124362258301,972.663242869736,292.0,7,100.0,False,0,6823.851000000001,37.0
4392.24659934317,5414.0,787.0,293.3416661333333,7,100.0,False,0,6824.012,37.0
4398.715000000004,5380.244355939487,716.6124383744632,294.0,7,100.0,False,0,6824.091,37.0
4428.415000000004,5275.2355995983635,497.9484263350804,297.0,7,100.0,False,0,6824.451,37.0
4430.159309415953,5268.0,483.0,297.1913433525149,7,100.0,False,0,6824.472,37.0
4461.92816831656,5119.0,176.0,300.6537574263315,7,100.0,False,0,6824.852,37.0
4465.120277777782,5107.736876166419,152.59398887723975,301.0,8,100.0,False,0,6824.89,37.0
4485.3202777777815,5051.315604817072,34.46715462047847,303.0,8,100.0,False,0,6825.13,37.0
4488.856364854188,5039.0,9.0,303.0,8,100.0,False,0,6825.1720000000005,37.0
4505.69041220501,4966.0,-141.0,303.0,8,100.0,False,0,6825.372,37.0
4512.253611111114,4935.853221191538,-203.4554136656982,303.0,8,100.0,False,0,6825.45,37.0
4532.453611111115,4845.309394273386,-392.39137276607164,303.0,8,100.0,False,0,6825.6900000000005,37.0
4535.995880504311,4831.0,-422.0,303.1166663111111,8,100.0,False,0,6825.732,37.0
4544.441343229927,4798.0,-490.0,303.39444408888886,8,100.0,False,0,6825.832,37.0
4557.962484401989,4736.0,-619.0,303.8388885333333,8,100.0,False,0,6825.992,37.0
4562.853611111114,4712.088402738266,-668.6202798949085,304.0,8,100.0,False,0,6826.05,37.0
4583.053611111114,4612.123056395159,-874.8786369320034,303.0,8,100.0,False,0,6826.29,37.0
4590.052336306715,4583.0,-935.0,303.34583253333335,8,100.0,False,0,6826.3730000000005,37.0
4603.3202777777815,4537.862249640939,-1028.4714397361138,304.0,8,100.0,False,0,6826.53,37.0
4610.3495867263955,4513.0,-1080.0,304.51552696269397,8,100.0,False,0,6826.613,37.0
4616.960555555559,4486.411438937662,-1135.0690597828705,305.0,8,100.0,False,0,6826.691,37.0
4632.382355449756,4417.0,-1278.0,305.0,8,100.0,False,0,6826.8730000000005,37.0
4633.9050000000025,4410.152908534905,-1291.9503416407395,305.0,8,100.0,False,0,6826.8910000000005,37.0
4654.17166666667,4320.170793013227,-1473.1834828130422,304.0,8,100.0,False,0,6827.131,37.0
4659.416833175761,4297.0,-1520.0,304.22142902857144,8,100.0,False,0,6827.193,37.0
4676.368221301975,4222.0,-1672.0,304.93571474285716,8,100.0,False,0,6827.393,37.0
4677.893888888892,4215.225998595081,-1685.526958882482,305.0,8,100.0,False,0,6827.411,37.0
4689.926882526019,4161.0,-1793.0,305.0,8,100.0,False,0,6827.553,37.0
4706.784459093414,4082.0,-1952.0,305.0,8,100.0,False,0,6827.752,37.0
4711.78277777778,4061.4920036874773,-1992.750304582286,305.0,8,100.0,False,0,6827.811,37.0
4730.507233579792,3978.0,-2155.0,305.0,8,100.0,False,0,6828.032,37.0
4745.67166666667,3867.5108876754866,-2369.009112388577,305.0,8,100.0,False,0,6828.211,37.0
4745.756366823265,3867.0,-2370.0,305.0,8,100.0,False,0,6828.212,37.0
4766.005000000003,3806.746440102879,-2487.588010791916,305.0,8,100.0,False,0,6828.451,37.0
4783.069831409704,3737.0,-2619.0,305.55833315555554,8,100.0,False,0,6828.652,37.0
4794.985569699881,3637.0,-2806.0,305.94722204444446,8,100.0,False,0,6828.792,37.0
4796.605000000003,3625.258385650596,-2827.874862778408,306.0,8,100.0,False,0,6828.811,37.0
4823.893888888892,3529.840538845138,-3001.056959518855,307.0,8,100.0,False,0,6829.131,37.0
4832.447904502213,3501.0,-3051.0,306.0531256,8,100.0,False,0,6829.232,37.0
4849.31379512672,3420.0,-3190.0,304.1781256,8,100.0,False,0,6829.432,37.0
4850.916111111114,3411.473588216007,-3204.276931060895,304.0,8,100.0,False,0,6829.451,37.0
4870.982777777782,3300.900650699183,-3383.132154903192,301.0,8,100.0,False,0,6829.691,37.0
4872.685631450184,3292.0,-3397.0,299.74000384,8,95.0125152,False,0,6829.712,37.0
4880.641987540145,3251.0,-3459.0,293.74000384,8,71.2625152,False,0,6829.812,37.0
4898.872777676132,3135.0,-3612.0,279.34000384,8,14.262515199999996,False,0,6830.052,37.0
4901.760555555559,3115.1550069717255,-3636.373475921075,277.0,8,5.0,True,0,6830.091,37.0
4913.479703573232,3033.0,-3732.0,269.31591214545455,8,7.195453672727273,True,0,6830.252,37.0
4926.206210212487,2944.0,-3822.0,260.7250030545455,8,9.649999127272727,True,0,6830.432,37.0
4933.0494444444475,2896.5079272457233,-3863.6556755656165,256.0,7,11.0,True,0,6830.531,37.0
4942.598381170695,2824.0,-3918.0,246.13000448,7,11.0,True,0,6830.6720000000005,37.0
4946.493888888892,2788.9134819918327,-3941.104231601794,242.0,6,11.0,True,0,6830.731,37.0
4951.727799187288,2740.0,-3971.0,237.9500032,6,12.0124992,True,0,6830.812,37.0
4961.7247763198375,2655.0,-4016.0,229.9500032,6,14.0124992,True,0,6830.972,37.0
4966.582777777781,2612.7428656128986,-4035.2284025622175,226.0,6,15.0,True,0,6831.051,37.0
4983.555666292505,2455.0,-4090.0,218.07210370967198,6,16.761754731184002,True,0,6831.332,37.0
4985.811388888892,2433.258693081485,-4095.1590084562067,217.0,5,17.0,True,0,6831.37,37.0
4995.318431033758,2340.0,-4111.0,213.76000256,5,25.50499328,True,0,6831.532,37.0
5009.033611111115,2203.1432329884065,-4116.074320424849,209.0,5,38.0,False,0,6831.77,37.0
5009.148049576212,2202.0,-4116.0,208.9666688,5,38.0583296,False,0,6831.772,37.0
5012.575326588041,2168.0,-4113.0,207.9666688,5,39.8083296,False,0,6831.832,37.0
5022.700277777781,2071.22604265322,-4099.274818846725,205.0,5,45.0,False,0,6832.01,37.0
5022.81404324158,2070.0,-4099.0,205.0,5,45.10999296,False,0,6832.012,37.0
5034.089166666669,1924.9820011819454,-4054.5362586311844,205.0,5,56.0,False,0,6832.21,37.0
5043.341896036569,1817.0,-4013.0,205.57857097142858,5,64.67856457142857,False,0,6832.372,37.0
5050.111388888891,1766.185315771365,-3989.531715541795,206.0,5,71.0,False,0,6832.49,37.0
5061.666944444447,1705.4651246158346,-3949.2643681688323,208.0,5,73.0,False,0,6832.6900000000005,37.0
5062.945911174598,1697.0,-3943.0,208.21999872,5,73.5499968,False,0,6832.712,37.0
5073.333611111114,1613.6938311937427,-3878.2543566079485,210.0,5,78.0,False,0,6832.89,37.0
5079.339597886845,1565.0,-3837.0,210.0,5,92.1625088,False,0,6832.993,37.0
5082.666944444447,1540.4388487778688,-3814.655624487514,210.0,5,100.0,False,0,6833.05,37.0
5094.44777777778,1464.7201724480044,-3736.358066376269,211.0,5,100.0,False,0,6833.251,37.0
5098.09509543591,1442.0,-3710.0,211.44285805714287,5,100.0,False,0,6833.313,37.0
5111.014444444447,1362.6896590745362,-3607.9658089628074,213.0,5,100.0,False,0,6833.531,37.0
5111.134223512641,1362.0,-3607.0,213.0249984,5,100.0,False,0,6833.533,37.0
5125.692478049549,1284.0,-3487.0,216.0249984,5,100.0,False,0,6833.773,37.0
5134.256930401299,1238.0,-3408.0,217.7750016,5,100.0,False,0,6833.9130000000005,37.0
5140.214444444447,1205.3560992778098,-3348.355075163836,219.0,5,100.0,False,0,6834.011,37.0
5153.545045652807,1135.0,-3214.0,218.38611128888888,5,100.0,False,0,6834.232,37.0
5162.014444444447,1098.1765365359215,-3144.9117811312576,218.0,5,100.0,False,0,6834.371,37.0
5171.925555555557,1058.4355476135609,-3072.7629090351684,223.0,5,100.0,False,0,6834.531,37.0
5175.709639473998,1041.0,-3042.0,223.1906248,5,100.0,False,0,6834.592000000001,37.0
5185.634958739445,991.0,-2956.0,223.6906248,5,100.0,False,0,6834.752,37.0
5191.836666666669,963.0912839723289,-2910.2361312886605,224.0,5,100.0,False,0,6834.851000000001,37.0
5199.5018196107285,920.0,-2845.0,226.2687488,5,100.0,False,0,6834.972,37.0
5212.281111111113,798.8138791546545,-2672.74967844108,230.0,6,100.0,False,0,6835.171,37.0
5216.230499665331,769.0,-2631.0,230.87142765714285,6,100.0,False,0,6835.232,37.0
5230.481111111113,723.9487515984978,-2569.62706621128,234.0,6,100.0,False,0,6835.451,37.0
5235.743712373952,707.0,-2547.0,234.0,6,100.0,False,0,6835.532,37.0
5243.481111111113,667.4463894353345,-2493.5815498581437,234.0,6,100.0,False,0,6835.651,37.0
5259.265099519075,560.0,-2348.0,235.33888853333335,6,100.0,False,0,6835.892,37.0
5267.081111111113,513.568222410129,-2285.548642482153,236.0,6,100.0,False,0,6836.011,37.0
5278.972955338615,443.0,-2191.0,236.64642834285715,6,100.0,False,0,6836.192,37.0
5285.514444444447,397.33874766688115,-2129.7136838429815,237.0,6,100.0,False,0,6836.291,37.0
5290.898392855212,360.0,-2080.0,238.0124992,6,100.0,False,0,6836.372,37.0
5301.514444444447,294.9293974751096,-1995.514177675152,240.0,6,100.0,False,0,6836.531,37.0
5308.25248580167,254.0,-1944.0,239.7704546909091,6,88.52273454545454,False,0,6836.6320000000005,37.0
5359.692222222226,-113.97095145943,-1511.466787745314,238.0,6,0.0,False,0,6837.411,37.0
5363.634114061148,-139.0,-1483.0,235.7125024,6,0.0,False,0,6837.472,37.0
5370.003333333337,-177.2689079790888,-1439.704381998255,232.0,6,0.0,False,0,6837.571,37.0
5384.09318257536,-255.0,-1352.0,227.70277902222222,6,0.0,False,0,6837.792,37.0
5392.503333333337,-301.68349612880866,-1298.517782323679,225.0,6,0.0,True,0,6837.9310000000005,37.0
5400.474019871451,-363.0,-1230.0,212.8245202318404,6,0.0,True,0,6838.072,37.0
5409.930380594403,-472.0,-1113.0,197.28134751530294,6,0.0,True,0,6838.252,37.0
5411.849444444448,-490.9185455386196,-1093.4624174729308,194.0,6,0.0,True,0,6838.29,37.0
5421.460555555559,-551.8662995597742,-1037.0105412269454,173.0,6,0.0,True,0,6838.49,37.0
5428.482777777781,-584.1211717309097,-1015.3632144054376,158.0,5,0.0,True,0,6838.650000000001,37.0
5430.339251848402,-594.0,-1009.0,158.0,5,0.0,True,0,6838.692,37.0
5435.505000000004,-624.8970378535394,-989.6072689992835,158.0,4,0.0,True,0,6838.81,37.0
5440.341580516079,-661.0,-969.0,146.41001216,4,0.0,True,0,6838.932,37.0
5443.2272222222255,-685.9048256587408,-956.5144450075916,139.0,3,0.0,True,0,6839.01,37.0
5448.854235011926,-744.0,-934.0,129.74286445714284,3,0.0,True,0,6839.1720000000005,37.0
5452.793888888892,-794.2069834732247,-922.8051608954648,123.0,3,0.0,True,0,6839.29,37.0
5459.349444444448,-879.3701686382421,-912.662097091026,118.0,2,0.0,True,0,6839.49,37.0
5460.079695417061,-887.0,-912.0,117.1374976,2,0.0,True,0,6839.513,37.0
5464.327222222226,-922.2378040456585,-910.1196240284335,112.0,2,0.0,True,0,6839.650000000001,37.0
5470.3572222222265,-956.6315742819447,-914.0356776658164,108.0,2,1.0,True,0,6839.851000000001,37.0
5472.149088648986,-971.0,-917.0,106.4499968,2,1.442858057142857,True,0,6839.9130000000005,37.0
5476.625080060212,-1015.0,-928.0,102.4499968,2,2.5857152,True,0,6840.073,37.0
5478.212777777782,-1029.2941463827383,-932.5326081209719,101.0,2,3.0,False,0,6840.131,37.0
5481.500423832504,-1060.0,-946.0,99.30555733333334,2,9.0999936,False,0,6840.253,37.0
5487.812777777783,-1145.1487572647334,-999.0908440189709,96.0,2,21.0,False,0,6840.491,37.0
5488.399696141821,-1151.0,-1003.0,96.16500096,2,22.21000704,False,0,6840.513,37.0
5496.556427054444,-1189.0,-1032.0,98.41499904,2,38.70999296,False,0,6840.813,37.0
5498.812777777783,-1202.492672938387,-1043.115883046565,99.0,2,43.0,False,0,6840.8910000000005,37.0
5504.3338713620215,-1251.0,-1080.0,105.5361088,2,47.5249984,False,0,6841.072,37.0
5510.0127777777825,-1322.4400329337916,-1126.4472178958763,112.0,2,52.0,False,0,6841.251,37.0
5510.6821100123025,-1330.0,-1131.0,112.3937488,2,51.343752,False,0,6841.272,37.0
5515.123888888894,-1370.05990641022,-1152.739708795588,115.0,2,47.0,False,0,6841.411,37.0
5524.068333333338,-1422.2088087486338,-1166.2872062504114,115.0,2,27.0,False,0,6841.691,37.0
5525.375488416971,-1432.0,-1168.0,115.0,2,29.0499968,False,0,6841.732,37.0
5528.560315947873,-1459.0,-1172.0,115.0,2,34.0499968,False,0,6841.832,37.0
5533.0127777777825,-1504.00719314403,-1172.7649134730195,115.0,2,41.0,False,0,6841.9710000000005,37.0
5533.690386922265,-1512.0,-1172.0,115.14999954285715,2,41.0,False,0,6841.992,37.0
5542.112777777783,-1634.2760594392612,-1143.0996460578172,117.0,2,41.0,False,0,6842.251,37.0
5545.385506273893,-1672.0,-1132.0,117.0,2,42.00999936,False,0,6842.352,37.0
5548.612777777783,-1696.2577666367592,-1124.530241323989,117.0,2,43.0,False,0,6842.451,37.0
5555.27944444445,-1724.8875380334553,-1111.989383068777,120.0,2,47.0,False,0,6842.651,37.0
5556.66642676185,-1734.0,-1107.0,120.58571337142857,2,47.439285028571426,False,0,6842.692,37.0
5564.923888888894,-1809.8123824247607,-1062.6264974354099,124.0,2,50.0,False,0,6842.9310000000005,37.0
5567.822618121604,-1828.0,-1052.0,126.36249813333333,2,52.36249813333333,False,0,6843.012,37.0
5573.657222222228,-1846.8291211517712,-1040.1329809540714,131.0,3,57.0,False,0,6843.171,37.0
5573.6944345354805,-1847.0,-1040.0,131.0249984,3,57.0166656,False,0,6843.1720000000005,37.0
5579.733094682539,-1887.0,-1006.0,135.0249984,3,59.68333226666667,False,0,6843.332,37.0
5582.790555555562,-1908.5785513900903,-985.6191675959606,137.0,3,61.0,False,0,6843.411,37.0
5589.1461111111175,-1950.748774559246,-941.2842052932403,143.0,3,64.0,False,0,6843.571,37.0
5589.186383856329,-1951.0,-941.0,143.020832,3,64.0291648,False,0,6843.572,37.0
5595.712588196316,-1990.0,-894.0,146.35416533333333,3,68.69583146666666,False,0,6843.732,37.0
5599.012777777784,-2009.8968887467286,-868.8326007947373,148.0,3,71.0,False,0,6843.811,37.0
5604.188399569582,-2042.0,-828.0,153.2937472,3,76.2937472,False,0,6843.932,37.0
5605.901666666673,-2052.8548493827643,-814.4392998346517,155.0,3,78.0,False,0,6843.9710000000005,37.0
5614.189606237773,-2104.0,-749.0,161.7874976,3,81.16749888,False,0,6844.152,37.0
5624.790555555563,-2156.7791418845663,-664.3988474498279,170.0,4,85.0,False,0,6844.371,37.0
5624.839903653108,-2157.0,-664.0,170.0392832,4,85.0142848,False,0,6844.372,37.0
5634.867594331112,-2198.0,-582.0,177.89642605714286,4,87.87142765714286,False,0,6844.572,37.0
5638.86833333334,-2212.5334760004616,-548.3795295384582,181.0,4,89.0,False,0,6844.651,37.0
5646.995000000007,-2239.7917078534306,-476.29741809324435,184.0,4,89.0,False,0,6844.81,37.0
5649.205384304548,-2247.0,-455.0,185.52726807272728,4,90.0499968,False,0,6844.852,37.0
5655.7012944329,-2267.0,-390.0,189.89090443636363,4,93.0499968,False,0,6844.972,37.0
5664.705817713687,-2286.0,-307.0,195.70908625454547,4,97.0499968,False,0,6845.1320000000005,37.0
5671.4394444444515,-2296.5583743722054,-247.2457770464944,200.0,5,100.0,False,0,6845.25,37.0
5678.468662527981,-2305.0,-182.0,203.38888533333332,5,100.0,False,0,6845.372,37.0
5692.4394444444515,-2313.9763416323785,-39.137109109747314,210.0,5,100.0,False,0,6845.61,37.0
5692.558792091222,-2314.0,-38.0,210.0642816,5,100.0,False,0,6845.612,37.0
5703.4375765182085,-2312.0,60.0,215.8499958857143,5,100.0,False,0,6845.792,37.0
5709.472777777785,-2306.8650657385697,118.49487174912488,219.0,5,100.0,False,0,6845.89,37.0
5719.684706682223,-2294.0,218.0,222.66749568,5,100.0,False,0,6846.053,37.0
5729.876739052868,-2274.0,315.0,226.26749568,5,100.0,False,0,6846.213,37.0
5734.806111111118,-2249.5446315764734,388.36383825354943,228.0,5,100.0,False,0,6846.29,37.0
5747.759444444452,-2165.571602639943,603.617392786582,232.0,6,100.0,False,0,6846.491,37.0
5747.889331881636,-2165.0,605.0,232.02999808,6,100.0,False,0,6846.493,37.0
5766.303745898949,-2120.0,687.0,236.22999808,6,100.0,False,0,6846.773,37.0
5774.203888888896,-2080.324767603599,748.2356568587138,238.0,6,100.0,False,0,6846.8910000000005,37.0
5785.04833333334,-2010.9750369625826,856.3100711660599,244.0,6,100.0,False,0,6847.051,37.0
5787.918419023901,-1996.0,879.0,244.69999786666668,6,100.0,False,0,6847.093,37.0
5801.581666666673,-1942.8448595662126,954.4793630991919,248.0,6,100.0,False,0,6847.291,37.0
5808.710761879454,-1899.0,1014.0,250.5500032,6,100.0,False,0,6847.393,37.0
5812.781666666673,-1863.5218132084701,1062.3097301928137,252.0,6,100.0,False,0,6847.451,37.0
5825.532740743378,-1733.0,1240.0,253.2928566857143,6,100.0,False,0,6847.6320000000005,37.0
5830.624786619608,-1694.64101593425,1291.8135937077232,253.8071424,6,100.0,False,0,6847.704,37.0
0.10777961738848343,-1719.4370275446834,1259.0488813439622,253.8071424,6,100.0,False,0,6847.704,38.0
2.0455555555555556,-1713.6232547170112,1266.989723366551,254.0,6,100.0,False,0,6847.731,38.0
21.109223437582745,-1637.0,1366.0,260.5249984,6,100.0,False,0,6847.991999999999,38.0
31.378888888888884,-1581.0803712806114,1435.2129737854184,264.0,6,100.0,False,0,6848.130999999999,38.0
41.82844462743487,-1513.0,1520.0,266.6437488,6,100.0,False,0,6848.272,38.0
43.24555555555555,-1502.9027487209016,1532.7722260607707,267.0,7,100.0,False,0,6848.291,38.0
58.301111111111105,-1390.5641943867124,1677.2076107689502,271.0,7,100.0,False,0,6848.491,38.0
59.887999580915775,-1380.0,1691.0,271.1749994666667,7,100.0,False,0,6848.512,38.0
76.5011111111111,-1292.47591308897,1807.9758891877816,273.0,7,100.0,False,0,6848.731,38.0
90.43097003658431,-1222.0,1905.0,275.71499904,7,100.0,False,0,6848.911999999999,38.0
102.88533877839178,-1145.0,2011.0,278.11499904,7,100.0,False,0,6849.072,38.0
107.50111111111111,-1116.9545207223914,2049.255558624466,279.0,7,100.0,False,0,6849.130999999999,38.0
117.00619870153832,-1062.0,2124.0,280.6805546666667,7,100.0,False,0,6849.2519999999995,38.0
129.6447023495837,-993.0,2219.0,282.90277688888887,7,100.0,False,0,6849.411999999999,38.0
135.9011111111111,-955.2137942083223,2270.987541293163,284.0,7,100.0,False,0,6849.491,38.0
143.9136516087859,-905.0,2340.0,285.00999936,7,100.0,False,0,6849.592,38.0
151.79000000000002,-857.6022953981443,2405.1852116915866,286.0,7,100.0,False,0,6849.691,38.0
159.85574966839079,-812.0,2468.0,286.7214281142857,7,100.0,False,0,6849.7919999999995,38.0
174.19,-736.946752313719,2572.011216711749,288.0,7,100.0,False,0,6849.971,38.0
179.0711031700927,-705.0,2617.0,288.0,7,100.0,False,0,6850.032,38.0
196.59000000000003,-554.1069584704252,2832.459205405247,288.0,7,100.0,False,0,6850.250999999999,38.0
201.47560788249052,-517.0,2886.0,288.1694442666667,7,100.0,False,0,6850.312,38.0
225.49,-414.15552696877137,3038.7629724946496,289.0,7,100.0,False,0,6850.611,38.0
240.11558655595286,-356.0,3127.0,290.0055552,7,100.0,False,0,6850.7919999999995,38.0
253.05588415439385,-284.0,3235.0,290.89444408888886,7,100.0,False,0,6850.951999999999,38.0
254.59,-275.3572203401589,3247.9967315245676,291.0,7,100.0,False,0,6850.971,38.0
262.7359181136435,-230.0,3316.0,290.57916693333334,7,100.0,False,0,6851.072,38.0
273.92333333333335,-166.50823761561765,3408.3499174496887,290.0,7,100.0,False,0,6851.210999999999,38.0
275.6113822083901,-157.0,3422.0,289.9343752,7,100.0,False,0,6851.232,38.0
294.8744491867543,-50.0,3573.0,289.1843752,7,100.0,False,0,6851.472,38.0
299.6122222222222,-22.84609151628613,3610.384014139026,289.0,7,100.0,False,0,6851.531,38.0
315.5875,72.93813196072094,3738.668453186851,289.0,7,100.0,False,0,6851.73,38.0
317.34583307321594,84.0,3753.0,288.7642870857143,7,100.0,False,0,6851.7519999999995,38.0
337.83194444444445,217.98138846148305,3918.8017210295925,286.0,7,100.0,False,0,6852.009999999999,38.0
337.9900918426861,219.0,3920.0,285.9833344,7,100.0,False,0,6852.012,38.0
355.34688670390875,330.0,4044.0,284.1500010666667,7,100.0,False,0,6852.232,38.0
356.7652777777778,339.56392680677067,4054.1147168211055,284.0,7,100.0,False,0,6852.25,38.0
371.1000145753159,443.0,4157.0,283.54500032,7,100.0,False,0,6852.432,38.0
386.87988647316615,567.0,4261.0,283.04249984,7,100.0,False,0,6852.633,38.0
388.2097222222222,576.3877694112813,4268.5204430604,283.0,7,100.0,False,0,6852.65,38.0
409.98749999999995,727.2467248545346,4368.769162956189,280.0,7,100.0,False,0,6852.929999999999,38.0
414.84398355859366,790.0,4395.0,278.82608529732585,7,100.0,False,0,6852.9929999999995,38.0
422.3755555555555,917.9881260971981,4441.593009716411,277.0,7,100.0,False,0,6853.090999999999,38.0
427.1362601264717,993.0,4467.0,276.8062496,7,100.0,False,0,6853.152999999999,38.0
446.90888888888884,1127.3747934421715,4499.608740284748,276.0,7,100.0,False,0,6853.411,38.0
454.70399536788,1174.0,4503.0,275.3624992,7,100.0,False,0,6853.513,38.0
459.13111111111107,1209.947988867829,4506.041587676478,275.0,7,100.0,False,0,6853.571,38.0
474.3533333333333,1376.6077956692454,4518.357687385693,274.0,7,100.0,False,0,6853.771,38.0
476.01930712940384,1397.0,4519.0,273.83499904,7,100.0,False,0,6853.793,38.0
495.57815579777497,1640.0,4515.0,271.88500096,7,100.0,False,0,6854.053,38.0
504.4644444444444,1718.18240576694,4510.2074639863895,271.0,7,100.0,False,0,6854.170999999999,38.0
518.1438322402736,1820.0,4499.0,271.90499968,7,100.0,False,0,6854.352,38.0
519.5755555555555,1832.506920079067,4497.394194262371,272.0,7,100.0,False,0,6854.371,38.0
534.5755555555555,1982.9820836268705,4476.430641463219,270.0,7,100.0,False,0,6854.571,38.0
539.1420616345646,2030.0,4470.0,270.0,7,100.0,False,0,6854.632,38.0
551.1425880038536,2148.0,4455.0,270.0,7,100.0,False,0,6854.7919999999995,38.0
552.5755555555555,2160.9794382950363,4453.523441783641,270.0,7,100.0,False,0,6854.811,38.0
560.2252197717515,2231.0,4447.0,271.51499904,7,100.0,False,0,6854.911999999999,38.0
567.7422222222222,2319.7252555220703,4443.018392863579,273.0,7,100.0,False,0,6855.0109999999995,38.0
587.4880302742624,2583.0,4442.0,272.27500017777777,7,100.0,False,0,6855.272,38.0
594.9422222222221,2643.9622339520365,4443.838816411178,272.0,7,100.0,False,0,6855.371,38.0
612.9422222222221,2758.295764145292,4459.866418748685,270.0,7,100.0,False,0,6855.611,38.0
613.0172174060598,2759.0,4460.0,270.0,7,100.0,False,0,6855.612,38.0
626.5269737164014,2909.0,4492.0,270.0,7,100.0,False,0,6855.7919999999995,38.0
633.9422222222221,2982.3653551481425,4512.834938722732,270.0,7,100.0,False,0,6855.891,38.0
638.5002199216052,3025.0,4527.0,269.69500032,7,100.0,False,0,6855.951999999999,38.0
653.3896279768627,3163.0,4582.0,268.69500032,7,100.0,False,0,6856.152,38.0
663.7199999999999,3254.562219615784,4626.411906836729,268.0,7,100.0,False,0,6856.291,38.0
708.2199999999999,3614.4762891155196,4877.452192693754,267.0,7,100.0,False,0,6856.891,38.0
714.1961184717513,3662.0,4920.0,266.4214290285714,7,100.0,False,0,6856.972,38.0
728.8311111111111,3774.49943482417,5028.5010713113425,265.0,7,100.0,False,0,6857.170999999999,38.0
728.9044360608614,3775.0,5029.0,264.99545483636365,7,100.0,False,0,6857.172,38.0
742.0679551158871,3869.0,5124.0,264.17727301818184,7,100.0,False,0,6857.352,38.0
755.1979246776207,4036.0,5290.0,263.3590912,7,100.0,False,0,6857.532,38.0
760.9755555555555,4094.1095242738734,5346.817600698065,263.0,7,100.0,False,0,6857.611,38.0
783.9977777777777,4215.689496315303,5459.717437985236,259.0,7,100.0,True,0,6857.931,38.0
784.0654312587043,4216.0,5460.0,258.8375104,7,99.3812896,True,0,6857.932,38.0
794.3533333333334,4264.3444036117635,5503.998540656921,233.0,7,1.0,True,0,6858.090999999999,38.0
806.1275,4341.984868933227,5572.133299262319,213.0,7,1.0,True,0,6858.29,38.0
806.2467080890871,4343.0,5573.0,213.0,7,1.0249984,True,0,6858.2919999999995,38.0
815.5941666666668,4437.688047489742,5652.6836394620295,213.0,7,3.0,True,0,6858.45,38.0
821.7314845265289,4504.0,5708.0,190.43002368,7,3.6099993599999998,True,0,6858.572,38.0
825.3719444444445,4533.482377634056,5732.588041579415,176.0,7,4.0,True,0,6858.65,38.0
834.4830555555557,4573.856372677412,5765.478593817661,164.0,5,4.0,True,0,6858.849999999999,38.0
838.9906923924417,4603.0,5787.0,160.88333724444445,5,4.0,True,0,6858.951999999999,38.0
843.313585569863,4641.0,5814.0,157.82778168888888,5,4.0,True,0,6859.052,38.0
849.7830555555556,4694.603270378797,5847.279826176223,153.0,3,4.0,True,0,6859.21,38.0
853.7276896328931,4731.0,5864.0,145.2749952,3,4.0,True,0,6859.313,38.0
858.7830555555556,4788.133868670619,5882.792515813646,135.0,3,4.0,True,0,6859.45,38.0
864.7502449229063,4856.0,5898.0,131.75622169352332,3,4.0,True,0,6859.612999999999,38.0
866.0972222222223,4869.4294686234925,5900.060674345981,131.0,3,4.0,True,0,6859.651,38.0
876.6750000000001,4959.429567719809,5898.778903064972,119.0,2,4.0,True,0,6859.971,38.0
877.3804562459957,4966.0,5898.0,118.6333312,2,4.0,True,0,6859.9929999999995,38.0
882.4742721029993,5017.0,5890.0,115.96666453333333,2,4.0,True,0,6860.152999999999,38.0
887.9750000000001,5073.262684608897,5873.454142071684,113.0,2,4.0,True,0,6860.331,38.0
891.5970230899077,5108.0,5859.0,109.9500032,2,4.0,True,0,6860.4529999999995,38.0
897.3083333333334,5156.502184245899,5831.335841101982,105.0,2,4.0,True,0,6860.651,38.0
897.3657463204763,5157.0,5831.0,104.99000064,2,4.124992,True,0,6860.652999999999,38.0
903.626512725823,5211.0,5790.0,103.89500032,2,17.812496,True,0,6860.871999999999,38.0
905.9121588151472,5226.0,5777.0,103.49500032,2,22.812496,True,0,6860.951999999999,38.0
908.7527777777779,5244.930554542034,5757.745090933084,103.0,2,29.0,False,0,6861.0509999999995,38.0
912.2436402578967,5268.0,5730.0,103.7562496,2,32.781248,False,0,6861.172,38.0
913.3750000000001,5274.959144788078,5720.548972253098,104.0,2,34.0,False,0,6861.210999999999,38.0
918.6924767629911,5304.0,5674.0,105.80999936,2,37.61999872,False,0,6861.392,38.0
919.263888888889,5306.7058895705995,5668.948559559698,106.0,2,38.0,False,0,6861.411,38.0
924.2324695075745,5327.0,5625.0,108.92727156363637,2,40.92727156363637,False,0,6861.572,38.0
929.3562958326679,5343.0,5579.0,111.83636247272727,2,43.836362472727274,False,0,6861.732,38.0
933.1972222222223,5353.541361048285,5543.031868149185,114.0,2,46.0,False,0,6861.851,38.0
939.6972222222223,5368.538639067116,5480.621796884551,117.0,2,47.0,False,0,6862.0509999999995,38.0
941.0401274154685,5371.0,5468.0,117.5124992,2,47.2562496,False,0,6862.092,38.0
944.9861111111112,5377.02774503059,5430.743108789557,119.0,2,48.0,False,0,6862.210999999999,38.0
946.3778603928796,5379.0,5415.0,120.0249984,2,49.5374976,False,0,6862.2519999999995,38.0
953.3194444444446,5388.496581473094,5315.231650107359,125.0,2,57.0,False,0,6862.451,38.0
954.7633884709385,5390.0,5298.0,125.7687488,2,56.7437504,False,0,6862.491999999999,38.0
959.0083333333334,5393.037248825068,5262.776205929538,128.0,2,56.0,False,0,6862.611,38.0
964.963888888889,5395.884483086023,5234.581903493949,134.0,3,61.0,False,0,6862.771,38.0
967.2509724941781,5398.0,5218.0,133.8093752,3,49.3718872,False,0,6862.831999999999,38.0
975.3989403899371,5410.0,5136.0,133.1218752,3,7.434387199999996,False,0,6863.052,38.0
976.7861111111112,5412.31262685205,5123.019193609987,133.0,3,0.0,True,0,6863.090999999999,38.0
982.9821747001893,5428.0,5064.0,123.9500032,3,0.0,True,0,6863.272,38.0
983.6194444444444,5430.989008981296,5055.781420870641,123.0,3,0.0,True,0,6863.291,38.0
988.8638888888888,5462.818311874183,4978.410157304003,118.0,3,0.0,True,0,6863.451,38.0
988.8951829311771,5463.0,4978.0,117.94000384,3,0.0,True,0,6863.451999999999,38.0
994.7527777777777,5489.887054953566,4925.448295412831,106.0,2,0.0,True,0,6863.651,38.0
1001.4666026730686,5516.0,4895.0,100.83571565714286,2,0.0,True,0,6863.892,38.0
1002.5305555555556,5521.773261450606,4888.12706895639,100.0,2,0.0,True,0,6863.931,38.0
1006.3303891275392,5546.0,4860.0,97.65000106666666,2,0.0,True,0,6864.072,38.0
1008.9305555555555,5565.597962608934,4839.664483106987,96.0,2,0.0,False,0,6864.170999999999,38.0
1011.0050896655027,5582.0,4824.0,94.2281264,2,0.0,False,0,6864.2519999999995,38.0
1015.9194576861325,5621.0,4792.0,89.8531264,2,0.0,False,0,6864.451999999999,38.0
1016.8416666666667,5628.867045790295,4786.4320110839235,89.0,2,0.0,True,0,6864.491,38.0
1021.842878548383,5674.0,4759.0,84.8562512,2,0.0,True,0,6864.7119999999995,38.0
1025.3255566441644,5704.0,4745.0,81.8562512,2,0.0,True,0,6864.871999999999,38.0
1027.5083333333334,5725.332312840423,4737.544751901008,80.0,2,0.0,False,0,6864.971,38.0
1029.758037783808,5748.0,4732.0,80.0,2,0.0,False,0,6865.072,38.0
1031.9305555555557,5768.927937407104,4729.927832523387,80.0,2,0.0,False,0,6865.17,38.0
1035.0103319988177,5798.0,4732.0,78.2250016,2,0.0,False,0,6865.312,38.0
1035.3972222222224,5801.647491522764,4732.612977647078,78.0,2,0.0,False,0,6865.33,38.0
1038.4327983517007,5830.0,4740.0,77.29000064,2,9.22999168,False,0,6865.472,38.0
1039.6750000000002,5841.212173066082,4744.12078109504,77.0,2,13.0,False,0,6865.53,38.0
1042.7399425877875,5868.0,4757.0,77.70999936,2,18.67999488,False,0,6865.672,38.0
1044.0083333333334,5878.892779013811,4763.537466362849,78.0,2,21.0,False,0,6865.73,38.0
1048.9994340957803,5920.0,4794.0,80.3892864,2,26.5750016,False,0,6865.9529999999995,38.0
1050.3083333333334,5930.013448354585,4802.375126802087,81.0,2,28.0,False,0,6866.009999999999,38.0
1054.6066515868483,5961.0,4831.0,83.28037508393771,2,31.990656396890994,False,0,6866.192999999999,38.0
1057.8875,5983.832667176671,4855.239837628908,85.0,2,35.0,False,0,6866.331,38.0
1059.8344387500292,5997.0,4870.0,85.58571337142857,2,37.0499968,False,0,6866.413,38.0
1064.6541666666667,6029.605393854121,4909.469835360505,87.0,2,42.0,False,0,6866.611,38.0
1064.705151569748,6030.0,4910.0,87.05999616,2,42.0499968,False,0,6866.612999999999,38.0
1070.6195002702023,6077.0,4978.0,93.66000384,2,47.5500032,False,0,6866.833,38.0
1075.6541666666667,6094.3867178201845,5006.185626869426,99.0,2,52.0,False,0,6867.0109999999995,38.0
1078.000392301362,6102.0,5020.0,101.45999616,2,54.45999616,False,0,6867.093,38.0
1081.4875000000002,6117.657089389228,5048.72837988555,105.0,2,58.0,False,0,6867.210999999999,38.0
1086.6624993413004,6142.0,5095.0,112.0437472,2,61.5218736,False,0,6867.371999999999,38.0
1092.065277777778,6160.854220551479,5134.84716466262,119.0,2,65.0,False,0,6867.531,38.0
1096.2521003890133,6179.0,5181.0,123.23499776,2,69.23499776,False,0,6867.652,38.0
1099.065277777778,6195.346713131981,5225.898988832825,126.0,2,72.0,False,0,6867.731,38.0
1103.553569478976,6221.0,5299.0,132.8062464,2,75.0249984,False,0,6867.852,38.0
1105.065277777778,6227.218648847854,5317.24347730145,135.0,3,76.0,False,0,6867.891,38.0
1118.6649635833323,6252.0,5402.0,151.0499968,3,86.69999786666666,False,0,6868.2119999999995,38.0
1120.365277777778,6254.937442027081,5413.344370740911,153.0,3,88.0,False,0,6868.250999999999,38.0
1129.1430555555557,6272.930470427985,5484.318075057274,158.0,4,98.0,False,0,6868.451,38.0
1134.639438184482,6285.0,5535.0,162.5374976,4,99.0083328,False,0,6868.572,38.0
1140.276388888889,6297.148257931869,5589.216387428206,167.0,4,100.0,False,0,6868.691,38.0
1142.2874486423798,6301.0,5608.0,169.86999552,4,100.0,False,0,6868.732,38.0
1150.3319444444446,6313.919537591221,5684.423830384731,181.0,4,100.0,False,0,6868.891,38.0
1150.3829927461807,6314.0,5685.0,181.020832,4,100.0,False,0,6868.892,38.0
1162.7319444444445,6331.3877496109035,5858.861540890749,186.0,4,100.0,False,0,6869.130999999999,38.0
1163.8415648104633,6332.0,5875.0,186.67499794285715,4,100.0,False,0,6869.152,38.0
1177.8986111111112,6326.040745445575,6056.453046033466,195.0,5,100.0,False,0,6869.411,38.0
1177.9541059005046,6326.0,6057.0,195.0227258181818,5,100.0,False,0,6869.411999999999,38.0
1196.1291320750422,6309.0,6186.0,202.2954530909091,5,100.0,False,0,6869.732,38.0
1202.9541666666667,6297.403955128366,6247.55543707166,205.0,5,100.0,False,0,6869.851,38.0
1208.7373037073303,6285.0,6304.0,205.0,5,100.0,False,0,6869.951999999999,38.0
1216.6208333333334,6264.154084922684,6379.662559087922,205.0,5,100.0,False,0,6870.090999999999,38.0
1218.912139076962,6257.0,6402.0,205.0,5,100.0,False,0,6870.132,38.0
1235.9340462422795,6191.0,6566.0,205.0,5,100.0,False,0,6870.432,38.0
1237.1208333333334,6186.238038320715,6575.952497846831,205.0,5,100.0,False,0,6870.451,38.0
1250.3430555555556,6131.308227187038,6679.458753476189,238.0,5,100.0,True,0,6870.651,38.0
1250.409289541914,6131.0,6680.0,238.0,5,100.0,True,0,6870.652,38.0
1260.9208333333333,6077.168605856649,6770.017924582779,238.0,5,100.0,False,0,6870.811,38.0
1265.131140009422,6054.0,6805.0,241.0499968,5,100.0,False,0,6870.871999999999,38.0
1271.8541666666667,6013.447533412508,6861.10626740738,246.0,6,100.0,False,0,6870.971,38.0
1277.862833283945,5972.0,6914.0,229.33501056,6,100.0,False,0,6871.072,38.0
1283.6875,5934.984944184059,6958.093531042927,213.0,6,100.0,False,0,6871.170999999999,38.0
1290.3539958040813,5895.0,7002.0,226.3464201142857,6,100.0,False,0,6871.272,38.0
1301.7890850331237,5817.0,7081.0,247.48927725714287,6,100.0,False,0,6871.432,38.0
1303.1319444444446,5807.335934378685,7090.245660469524,250.0,6,100.0,False,0,6871.451,38.0
1315.7007340630594,5713.0,7175.0,250.0,6,100.0,False,0,6871.632,38.0
1322.5763888888891,5657.975958946708,7221.407085411145,250.0,6,100.0,False,0,6871.731,38.0
1335.3511169450423,5555.0,7304.0,252.59498056602595,6,100.0,False,0,6871.911999999999,38.0
1342.261388888889,5501.650541789251,7344.772256275597,254.0,6,100.0,False,0,6872.009999999999,38.0
1350.790948189199,5431.0,7398.0,254.0,6,100.0,False,0,6872.132,38.0
1356.3725000000002,5378.601209765472,7438.018683404856,254.0,6,100.0,False,0,6872.21,38.0
1367.112703147071,5283.0,7512.0,263.8312544,6,100.0,False,0,6872.353,38.0
1380.9058333333335,5204.4106682431075,7575.015446701693,276.0,6,100.0,False,0,6872.53,38.0
1388.9361633892843,5146.0,7623.0,278.1369313558656,6,100.0,False,0,6872.633,38.0
1399.7172222222223,5026.752814124453,7721.034708192851,281.0,7,100.0,False,0,6872.771,38.0
1409.2967602621618,4921.0,7809.0,282.5249984,7,100.0,False,0,6872.893,38.0
1412.295,4894.636589916672,7831.356877389986,283.0,7,100.0,False,0,6872.931,38.0
1423.5709521307524,4813.0,7902.0,284.7750016,7,100.0,False,0,6873.072999999999,38.0
1444.4934663973677,4650.0,8042.0,288.0249984,7,100.0,False,0,6873.333,38.0
1450.8283333333334,4601.847971800778,8083.27874349513,289.0,7,100.0,False,0,6873.411,38.0
1457.5159661058426,4552.0,8126.0,289.81999872,7,100.0,False,0,6873.4929999999995,38.0
1532.2914255368096,3992.0,8606.0,298.80999936,7,100.0,False,0,6874.392,38.0
1533.883888888889,3978.4024769685584,8617.745399198171,299.0,8,100.0,False,0,6874.411,38.0
1547.3061111111112,3861.0008398101313,8719.361974181602,302.0,8,100.0,False,0,6874.571,38.0
1555.7981803474927,3796.0,8776.0,302.3156248,8,100.0,False,0,6874.672,38.0
1574.2394444444446,3681.389132713938,8877.217534805115,303.0,8,100.0,False,0,6874.891,38.0
1577.6892275853024,3651.0,8904.0,303.0,8,100.0,False,0,6874.932,38.0
1591.072777777778,3489.7334121493714,9045.601262746626,303.0,8,100.0,False,0,6875.090999999999,38.0
1599.6026393972718,3398.0,9126.0,303.56111075555555,8,100.0,False,0,6875.192,38.0
1621.572777777778,3300.4995024795962,9211.208026389739,305.0,8,100.0,False,0,6875.451,38.0
1628.464222838513,3270.0,9238.0,305.5062496,8,100.0,False,0,6875.532,38.0
1648.861666666667,3121.4635478864525,9368.96546462781,307.0,8,100.0,False,0,6875.771,38.0
1657.5172627374977,3052.0,9430.0,307.8416661333333,8,100.0,False,0,6875.871999999999,38.0
1669.4616666666668,2961.4660387456693,9509.118899134155,309.0,8,100.0,False,0,6876.0109999999995,38.0
1678.1608815188415,2897.0,9565.0,309.50499968,8,100.0,False,0,6876.112,38.0
1686.6838888888892,2832.674188806689,9620.41792696983,310.0,8,100.0,False,0,6876.210999999999,38.0
1686.769853296925,2832.0,9621.0,309.9937504,8,100.0,False,0,6876.2119999999995,38.0
1700.4172222222226,2716.709768791712,9721.13842157182,309.0,8,100.0,False,0,6876.371,38.0
1712.5193590823237,2618.0,9807.0,309.0,8,100.0,False,0,6876.512,38.0
1717.583888888889,2581.9340129033358,9838.21150358661,309.0,8,100.0,False,0,6876.571,38.0
1741.6172222222222,2417.7532967754482,9981.327948207505,309.0,8,100.0,False,0,6876.851,38.0
1741.7030580958517,2417.0,9982.0,309.0,8,100.0,False,0,6876.852,38.0
1753.7212300452377,2299.0,10088.0,309.0,8,100.0,False,0,6876.991999999999,38.0
1758.7838888888891,2245.9628870765,10135.66143417113,309.0,8,100.0,False,0,6877.0509999999995,38.0
1779.383888888889,2031.826135386987,10327.651234368639,309.0,8,100.0,False,0,6877.291,38.0
1786.36996086756,1979.0,10375.0,309.33749973333335,8,100.0,False,0,6877.371999999999,38.0
1800.0505555555558,1913.9237149440396,10433.377226496577,310.0,8,100.0,False,0,6877.531,38.0
1813.655015716763,1858.0,10482.0,305.57250176,8,100.0,False,0,6877.692,38.0
1833.272777777778,1715.6054358178262,10601.07954597453,299.0,8,100.0,True,0,6877.931,38.0
1836.5530652787754,1685.0,10626.0,295.10500608,8,80.11503103999999,True,0,6877.972,38.0
1839.7291534683977,1654.0,10651.0,291.30500608,8,60.71503104,True,0,6878.012,38.0
1848.8283333333334,1573.2925066475245,10713.038499849847,280.0,8,3.0,True,0,6878.130999999999,38.0
1866.215394782257,1423.0,10806.0,244.9281336,8,3.8156248,True,0,6878.392,38.0
1869.895,1381.7634523333334,10827.293920398177,237.0,7,4.0,True,0,6878.451,38.0
1878.4979047121187,1281.0,10875.0,223.5376988823481,7,3.2914578359130577,True,0,6878.592,38.0
1881.9455555555555,1245.7845374268445,10889.990210001924,218.0,6,3.0,True,0,6878.65,38.0
1899.9899999999998,1100.33132783393,10932.738284834099,203.0,6,3.0,True,0,6878.969999999999,38.0
1900.1525711677475,1099.0,10933.0,202.7750144,6,3.0,True,0,6878.973,38.0
1906.556634506456,1044.0,10942.0,193.7750144,6,3.0,True,0,6879.093,38.0
1908.4788888888886,1025.8883037077521,10943.996352880671,191.0,6,3.0,True,0,6879.13,38.0
1919.4673277800025,909.0,10949.0,181.39228609774673,6,3.0,True,0,6879.353,38.0
1929.5488888888888,800.5666955776769,10946.751402996264,172.0,4,3.0,True,0,6879.571,38.0
1930.5477181984552,790.0,10946.0,170.8999936,4,3.0,True,0,6879.593,38.0
1938.5488888888888,706.6011097886048,10935.488056567056,162.0,4,3.0,True,0,6879.771,38.0
1941.3409741615965,678.0,10929.0,162.0,4,3.31000064,True,0,6879.833,38.0
1947.548888888889,614.7004166805226,10908.244817146318,162.0,4,4.0,False,0,6879.971,38.0
1954.6155555555556,544.599629117144,10876.426780631899,159.0,4,5.0,False,0,6880.130999999999,38.0
1958.9793864467401,507.0,10858.0,156.4499968,4,12.96876,False,0,6880.233,38.0
1968.0377777777778,445.87510335252347,10824.018966329646,151.0,3,30.0,False,0,6880.451,38.0
1973.862174792636,400.0,10776.0,149.82500053333334,3,35.2874976,False,0,6880.592,38.0
1977.9711111111112,357.8966147933603,10719.851369044627,149.0,3,39.0,False,0,6880.691,38.0
1983.0403916394482,311.0,10652.0,150.0083328,3,43.0333312,False,0,6880.812,38.0
1993.1711111111113,283.9655128279016,10605.5619213107,152.0,3,51.0,False,0,6881.0509999999995,38.0
1995.7705047017616,278.0,10592.0,152.60999936,3,52.21999872,False,0,6881.112,38.0
2001.7266666666667,255.50561557544827,10542.388140562201,154.0,3,55.0,False,0,6881.250999999999,38.0
2006.1027610113022,238.0,10501.0,155.2624992,3,55.0,False,0,6881.352,38.0
2012.1933333333334,219.31282450011074,10446.836360347126,157.0,3,55.0,False,0,6881.491,38.0
2013.120284126511,217.0,10438.0,157.2999990857143,3,55.674997942857146,False,0,6881.512,38.0
2022.0432113062682,201.0,10345.0,160.15714194285715,3,62.10356937142857,False,0,6881.7119999999995,38.0
2024.7155555555557,197.94135252054548,10319.453828365946,161.0,4,64.0,False,0,6881.771,38.0
2032.0933333333332,192.3268760860678,10251.009822330368,166.0,4,76.0,False,0,6881.931,38.0
2034.0392646618525,191.0,10229.0,167.1531232,4,79.0749952,False,0,6881.972,38.0
2047.648888888889,181.06314128406882,10032.513241053543,175.0,4,100.0,False,0,6882.250999999999,38.0
2050.5645819855995,178.0,9993.0,173.4750016,4,74.58336,False,0,6882.312,38.0
2058.915555555556,166.4038387286378,9900.236331562766,169.0,4,0.0,True,0,6882.491,38.0
2067.8600000000006,153.05532686984571,9834.239770739,161.0,4,1.0,True,0,6882.691,38.0
2067.9034357475343,153.0,9834.0,160.9500032,4,1.01999872,True,0,6882.692,38.0
2076.2488888888893,143.5630715725342,9802.04415356242,151.0,4,5.0,True,0,6882.891,38.0
2080.2144021214212,135.0,9783.0,146.5812528,4,5.0,True,0,6882.991999999999,38.0
2088.426666666667,100.33474140681092,9713.557210291026,137.0,3,5.0,True,0,6883.210999999999,38.0
2092.983809097946,75.0,9672.0,135.18500096,3,5.0,True,0,6883.331999999999,38.0
2095.8711111111115,56.928398935650684,9647.084123345569,134.0,3,5.0,True,0,6883.411,38.0
2100.71059993406,24.0,9608.0,126.9500032,3,4.412500266666667,True,0,6883.552,38.0
2104.0044444444447,3.025740957352655,9585.864291240407,122.0,2,4.0,True,0,6883.651,38.0
2107.362005339913,-23.0,9563.0,120.1062512,2,2.7375008000000003,True,0,6883.7519999999995,38.0
2109.2933333333335,-43.49366746170162,9547.204438176213,119.0,2,2.0,True,0,6883.811,38.0
2113.1398615820044,-89.0,9515.0,116.31111253333333,2,1.3277781333333332,True,0,6883.932,38.0
2120.3933333333334,-142.0331391258418,9485.536221135455,111.0,2,0.0,True,0,6884.170999999999,38.0
2122.206297394533,-155.0,9480.0,109.8562512,2,0.0,True,0,6884.232,38.0
2129.726666666667,-223.89836143362876,9454.619420055547,105.0,2,0.0,True,0,6884.491,38.0
2130.321672277469,-230.0,9453.0,104.62500114285714,2,0.0,True,0,6884.512,38.0
2135.884528089728,-289.0,9443.0,101.05357257142857,2,0.0,True,0,6884.7119999999995,38.0
2137.5044444444447,-305.56957290627827,9441.969169218084,100.0,2,0.0,False,0,6884.771,38.0
2140.806491753935,-338.0,9442.0,99.2437504,2,8.6968704,False,0,6884.892,38.0
2146.215555555556,-389.6842522797988,9446.882713463252,98.0,2,23.0,False,0,6885.090999999999,38.0
2147.334772372042,-402.0,9450.0,98.1715478034349,2,25.40166924808857,False,0,6885.132,38.0
2152.7880555555557,-470.8357523724171,9476.609556716869,99.0,2,37.0,False,0,6885.33,38.0
2154.527138905715,-489.0,9485.0,99.92999808,2,37.30999936,False,0,6885.392,38.0
2158.4547222222227,-517.1835699303844,9499.977717050819,102.0,2,38.0,False,0,6885.53,38.0
2163.783457387014,-545.0,9521.0,104.74500096,2,40.74500096,False,0,6885.713,38.0
2164.288055555556,-548.2240678663362,9523.672814741438,105.0,2,41.0,False,0,6885.73,38.0
2172.8741666666674,-610.5937950030408,9581.554587797085,110.0,2,46.0,False,0,6886.0109999999995,38.0
2172.936640199831,-611.0,9582.0,110.0499968,2,46.0374976,False,0,6886.013,38.0
2174.8190313205773,-623.0,9596.0,111.5500032,2,47.1625024,False,0,6886.072999999999,38.0
2177.940833333334,-645.7153192229472,9628.182891355915,114.0,2,49.0,False,0,6886.170999999999,38.0
2184.5519444444453,-698.6180694602033,9717.928349229342,119.0,2,55.0,False,0,6886.371,38.0
2187.333071164394,-713.0,9744.0,121.0499968,2,55.5124992,False,0,6886.4529999999995,38.0
2190.018611111112,-721.5170669555894,9760.528634978049,123.0,2,56.0,False,0,6886.531,38.0
2197.1297222222233,-731.8433182395407,9789.527332209429,128.0,3,58.0,False,0,6886.731,38.0
2197.203016478166,-732.0,9790.0,128.0611072,3,58.0222208,False,0,6886.733,38.0
2205.555553852639,-755.0,9867.0,134.78333724444445,3,60.46666808888889,False,0,6886.9529999999995,38.0
2211.0297222222234,-766.7050087877433,9933.720158136884,139.0,3,62.0,False,0,6887.090999999999,38.0
2217.6045300621518,-775.0,10009.0,143.42749824,3,65.62249856,False,0,6887.2519999999995,38.0
2227.69638888889,-776.010411401648,10080.224624162993,150.0,3,71.0,False,0,6887.491,38.0
2230.3248234160296,-775.0,10101.0,152.2874976,3,72.1437488,False,0,6887.552,38.0
2234.6297222222233,-772.665885892448,10141.640934360628,156.0,3,74.0,False,0,6887.651,38.0
2239.062225659091,-769.0,10187.0,157.8937488,3,75.8937488,False,0,6887.7519999999995,38.0
2241.69638888889,-766.06790559055,10212.96750876533,159.0,4,77.0,False,0,6887.811,38.0
2250.0687412472826,-753.0,10294.0,166.23999744,4,79.71499904,False,0,6887.991999999999,38.0
2250.9741666666678,-751.2070790514692,10303.194363686229,167.0,4,80.0,False,0,6888.0109999999995,38.0
2258.8529053808684,-734.0,10382.0,173.0374976,4,87.54687200000001,False,0,6888.172,38.0
2266.885277777779,-718.2134921548285,10442.203797641854,179.0,4,95.0,False,0,6888.331,38.0
2272.0636663899377,-704.0,10486.0,183.4187472,4,98.156248,False,0,6888.432,38.0
2275.1519444444452,-692.8583343385246,10517.743492417067,186.0,4,100.0,False,0,6888.491,38.0
2288.4241005860154,-635.0,10670.0,195.0374976,4,100.0,False,0,6888.732,38.0
2297.4852777777783,-601.9750541634021,10748.432406309417,201.0,5,100.0,False,0,6888.891,38.0
2309.040833333334,-564.0036805284235,10828.612097744048,208.0,5,100.0,False,0,6889.090999999999,38.0
2312.6446462218128,-551.0,10855.0,209.69444266666667,5,100.0,False,0,6889.152,38.0
2323.519292524763,-503.0,10949.0,214.69444266666667,5,100.0,False,0,6889.331999999999,38.0
2330.840833333334,-448.4065074331523,11051.494154362272,218.0,5,100.0,False,0,6889.451,38.0
2335.8726181706006,-410.0,11122.0,220.31428388571427,5,100.0,False,0,6889.532,38.0
2348.418611111112,-338.54601100300675,11245.939890908707,226.0,5,100.0,False,0,6889.731,38.0
2358.7917566982937,-297.0,11314.0,230.69583146666668,5,100.0,False,0,6889.892,38.0
2363.9519444444454,-279.8677576175647,11342.064541321137,233.0,6,100.0,False,0,6889.971,38.0
2382.6186111111115,-219.44792141108903,11434.068437901857,240.0,6,100.0,False,0,6890.250999999999,38.0
2390.8921386787792,-157.0,11515.0,244.23499776,6,100.0,False,0,6890.371999999999,38.0
2396.340833333334,-100.0298322715279,11586.604647564518,247.0,6,100.0,False,0,6890.451,38.0
2403.3422094230855,-28.0,11676.0,248.2624992,6,100.0,False,0,6890.552,38.0
2418.6519444444452,37.733186535026434,11754.602522940275,251.0,6,100.0,False,0,6890.771,38.0
2427.1797884191087,73.0,11791.0,253.2687488,6,100.0,False,0,6890.892,38.0
2429.940833333334,89.5498386663991,11807.889041808181,254.0,6,100.0,False,0,6890.931,38.0
2439.9777634506695,163.0,11882.0,255.5107136,6,100.0,False,0,6891.072,38.0
2449.929722222223,234.6564984390655,11951.925259309952,257.0,6,100.0,False,0,6891.210999999999,38.0
2452.871111018286,256.0,11972.0,257.5124992,6,100.0,False,0,6891.2519999999995,38.0
2461.4408333333345,319.4552342968742,12029.484769135732,259.0,6,100.0,False,0,6891.371,38.0
2465.8699645395723,352.0,12058.0,259.91499904,6,100.0,False,0,6891.432,38.0
2482.047905118172,470.0,12156.0,263.21499904,6,100.0,False,0,6891.652,38.0
2490.885277777779,542.0834375113122,12210.909434191239,265.0,7,100.0,False,0,6891.771,38.0
2507.4738067402054,680.0,12308.0,268.71548231886663,7,100.0,False,0,6891.9929999999995,38.0
2508.7438888888896,689.4980802945884,12314.25315086215,269.0,7,100.0,False,0,6892.009999999999,38.0
2516.430648169222,749.0,12351.0,269.0,7,100.0,False,0,6892.112999999999,38.0
2526.677222222223,865.3241989821562,12412.44884434082,269.0,7,100.0,False,0,6892.25,38.0
2538.766111111112,1015.1695894248162,12485.102333412233,272.0,7,100.0,False,0,6892.41,38.0
2540.5178728773817,1032.0,12493.0,272.31292608622965,7,100.0,False,0,6892.433,38.0
2565.222891497121,1189.0,12557.0,276.66666821466384,7,100.0,False,0,6892.753,38.0
2572.821111111112,1254.7195781990372,12580.309852246843,278.0,7,100.0,False,0,6892.851,38.0
2582.27059695937,1349.0,12612.0,278.5083328,7,100.0,False,0,6892.973,38.0
2591.421111111112,1441.6007031326997,12639.993262300102,279.0,7,100.0,False,0,6893.090999999999,38.0
2599.355472958018,1521.0,12662.0,279.5666673777778,7,100.0,False,0,6893.192999999999,38.0
2613.4111518890063,1657.0,12696.0,280.56666595555555,7,100.0,False,0,6893.373,38.0
2619.521111111112,1715.4183217313453,12709.1650605922,281.0,7,100.0,False,0,6893.451,38.0
2633.8216590997913,1856.0,12737.0,281.8272733090909,7,100.0,False,0,6893.633,38.0
2652.6198588228685,2059.0,12769.0,282.9136360727273,7,100.0,False,0,6893.871999999999,38.0
2654.1100000000006,2074.3533540059534,12771.20911302181,283.0,7,100.0,False,0,6893.891,38.0
2666.6433333333343,2198.2251855951768,12787.903134107522,282.0,7,100.0,False,0,6894.0509999999995,38.0
2666.721723472271,2199.0,12788.0,282.0062496,7,100.0,False,0,6894.052,38.0
2679.221111111112,2323.777025091409,12802.479562206427,283.0,7,100.0,False,0,6894.210999999999,38.0
2682.4651485495774,2356.0,12806.0,283.5124992,7,100.0,False,0,6894.2519999999995,38.0
2696.7796432933746,2497.0,12821.0,285.7624992,7,100.0,False,0,6894.432,38.0
2698.2877777777785,2511.9929195607,12822.631811006195,286.0,7,100.0,False,0,6894.451,38.0
2709.446349535049,2624.0,12835.0,285.41250026666665,7,100.0,False,0,6894.592,38.0
2717.2877777777785,2702.8115771256594,12843.39827330839,285.0,7,100.0,False,0,6894.691,38.0
2768.7264765909968,3211.0,12894.0,288.77058785882355,7,100.0,False,0,6895.331999999999,38.0
2771.8766666666675,3241.4630147967714,12897.283164403048,289.0,7,100.0,False,0,6895.371,38.0
2781.659321143101,3339.0,12908.0,289.6722218666667,7,100.0,False,0,6895.491999999999,38.0
2800.9766666666674,3570.98326309058,12933.60609181331,291.0,7,100.0,False,0,6895.731,38.0
2812.329778924396,3692.0,12947.0,290.29500032,7,100.0,False,0,6895.871999999999,38.0
2817.0877777777782,3732.8351957673103,12951.531277582719,290.0,7,100.0,False,0,6895.931,38.0
2833.3728902585667,3852.0,12965.0,291.2562496,7,100.0,False,0,6896.132,38.0
2843.043333333334,3939.642485054267,12975.293961544758,292.0,7,100.0,False,0,6896.250999999999,38.0
2852.8847892844974,4037.0,12987.0,292.60499968,7,100.0,False,0,6896.371999999999,38.0
2859.321111111112,4100.6499646838765,12994.816297881465,293.0,7,100.0,False,0,6896.451,38.0
2865.9330305933877,4166.0,13003.0,293.2892854857143,7,100.0,False,0,6896.532,38.0
2882.1877777777786,4327.016518891982,13023.949150561837,294.0,7,100.0,False,0,6896.731,38.0
2890.403489674643,4409.0,13035.0,293.43888924444445,7,100.0,False,0,6896.831999999999,38.0
2906.611660904692,4570.0,13057.0,292.3277781333333,7,100.0,False,0,6897.032,38.0
2911.3877777777784,4615.3181980683175,13062.8713904904,292.0,7,100.0,False,0,6897.090999999999,38.0
2916.3241621533925,4666.0,13069.0,291.6187504,7,100.0,False,0,6897.152,38.0
2924.3211111111113,4768.016938999177,13080.07415889372,291.0,7,100.0,False,0,6897.250999999999,38.0
2940.376666666667,5012.915690084789,13103.706011833581,289.0,7,100.0,False,0,6897.451,38.0
2946.863698036067,5082.0,13110.0,288.66250026666665,7,99.15625066666666,False,0,6897.532,38.0
2970.809856093475,5210.0,13115.0,287.41250026666665,7,96.03125066666666,False,0,6897.831999999999,38.0
2978.6433333333334,5287.5208035144415,13112.801813776103,287.0,7,95.0,False,0,6897.931,38.0
2983.4495316163448,5342.0,13109.0,285.4750016,7,90.8062544,False,0,6897.991999999999,38.0
2991.2211111111114,5432.327857935758,13096.96731795566,283.0,7,84.0,False,0,6898.090999999999,38.0
3013.1056422291836,5670.0,13039.0,280.3656256,7,64.6812544,False,0,6898.371999999999,38.0
3016.11,5694.575945824358,13031.265423320845,280.0,7,62.0,False,0,6898.411,38.0
3033.069635123605,5812.0,12983.0,275.37499733333334,7,62.92500053333333,False,0,6898.633,38.0
3034.4433333333336,5822.804399139492,12977.65638719318,275.0,7,63.0,False,0,6898.651,38.0
3046.5891666666666,5929.7916522330415,12919.921163236479,275.0,7,63.0,False,0,6898.8099999999995,38.0
3051.3955642897813,5972.0,12894.0,274.80373807924997,7,65.35514304900049,False,0,6898.873,38.0
3065.0976925783784,6084.0,12814.0,274.24299110140635,7,72.0841067831241,False,0,6899.053,38.0
3071.020833333333,6130.538657393439,12776.856593753113,274.0,7,75.0,False,0,6899.130999999999,38.0
3080.2684280981666,6201.0,12715.0,273.39000064,7,81.70999296,False,0,6899.253,38.0
3086.1875,6244.063122132302,12672.298411512242,273.0,7,86.0,False,0,6899.331,38.0
3098.5286646860714,6326.0,12578.0,273.89999928888886,7,92.29999502222222,False,0,6899.4929999999995,38.0
3113.6875,6406.704804477354,12458.090263193952,275.0,7,100.0,False,0,6899.691,38.0
3115.375935107189,6415.0,12444.0,275.1375008,7,100.0,False,0,6899.713,38.0
3132.3006654080614,6494.0,12292.0,276.5124992,7,100.0,False,0,6899.933,38.0
3138.3097222222223,6520.382618283147,12232.92361288938,277.0,7,100.0,False,0,6900.0109999999995,38.0
3146.170764101953,6552.0,12157.0,277.36428617142855,7,100.0,False,0,6900.112999999999,38.0
3155.435344653391,6583.0,12077.0,277.7928576,7,100.0,False,0,6900.233,38.0
3159.9319444444445,6597.434691701834,12036.758698260019,278.0,7,100.0,False,0,6900.291,38.0
3177.173010952072,6651.0,11870.0,280.36785645714286,7,100.0,False,0,6900.512,38.0
3181.7874999999995,6664.495744234346,11823.619184398049,281.0,7,100.0,False,0,6900.571,38.0
3197.5154992885987,6707.0,11666.0,281.55833315555554,7,100.0,False,0,6900.772,38.0
3209.9874999999993,6735.623105006189,11551.706250783122,282.0,7,100.0,False,0,6900.931,38.0
3216.3577144353667,6750.0,11491.0,282.5785709714286,7,100.0,False,0,6901.012,38.0
3230.5693990367104,6783.0,11345.0,283.86428525714285,7,100.0,False,0,6901.192,38.0
3232.0763888888882,6786.337113533233,11330.02608273983,284.0,7,100.0,False,0,6901.210999999999,38.0
3238.516439039251,6800.0,11268.0,285.0124992,7,100.0,False,0,6901.2919999999995,38.0
3251.209722222222,6824.525687747586,11146.80076505597,287.0,7,100.0,False,0,6901.451,38.0
3252.8880895454527,6828.0,11128.0,287.10499968,7,100.0,False,0,6901.472,38.0
3267.209722222222,6861.955275558725,10928.464248459317,288.0,7,100.0,False,0,6901.651,38.0
3283.3262184043224,6899.0,10684.0,288.45681803636364,7,100.0,False,0,6901.852,38.0
3302.531944444444,6925.817401197645,10462.732508402793,289.0,7,100.0,False,0,6902.090999999999,38.0
3315.4915056174987,6936.0,10365.0,289.5031248,7,100.0,False,0,6902.2519999999995,38.0
3328.309722222222,6941.415902311788,10313.849705487079,290.0,7,100.0,False,0,6902.411,38.0
3339.6954327112817,6947.0,10244.0,290.58749973333335,7,100.0,False,0,6902.552,38.0
3347.709722222222,6953.693234709561,10149.907608752364,291.0,7,100.0,False,0,6902.651,38.0
3363.9319444444436,6969.749877182251,9903.968035929618,292.0,7,100.0,False,0,6902.851,38.0
3365.627332740264,6971.0,9882.0,291.7375008,7,100.0,False,0,6902.871999999999,38.0
3376.8208333333328,6976.755630126116,9760.64266415736,290.0,7,100.0,False,0,6903.0109999999995,38.0
3401.2332086078213,6980.0,9582.0,291.8812496,7,100.0,False,0,6903.312,38.0
3402.7763888888885,6980.1929534971105,9570.383610015671,292.0,7,100.0,False,0,6903.331,38.0
3418.99861111111,6982.719347743716,9440.535475082119,292.0,7,100.0,False,0,6903.531,38.0
3423.9258784032663,6984.0,9396.0,291.39000064,7,100.0,False,0,6903.592,38.0
3435.1097222222215,6988.028614603976,9284.916802697559,290.0,7,100.0,False,0,6903.731,38.0
3439.997900068477,6990.0,9236.0,289.39000064,7,100.0,False,0,6903.7919999999995,38.0
3451.109722222221,6994.5601972252325,9129.83130849486,288.0,7,100.0,False,0,6903.931,38.0
3459.1870248837668,6998.0,9058.0,288.0,7,100.0,False,0,6904.032,38.0
3473.509722222221,7004.834990357492,8940.862686649614,288.0,7,100.0,False,0,6904.210999999999,38.0
3483.1931917392244,7019.0,8822.0,288.0,7,100.0,False,0,6904.331999999999,38.0
3495.9097222222213,7053.819849346538,8595.56737555748,288.0,7,100.0,False,0,6904.491,38.0
3497.587536620618,7058.0,8570.0,287.91250026666665,7,100.0,False,0,6904.512,38.0
3515.043055555555,7084.24136032038,8429.875811521313,287.0,7,100.0,False,0,6904.731,38.0
3530.933348394321,7106.0,8352.0,285.49250048,7,100.0,False,0,6904.932,38.0
3546.5986111111106,7145.403322736605,8200.949162805997,284.0,7,100.0,False,0,6905.130999999999,38.0
3548.3303882342343,7150.0,8184.0,283.9499997090909,7,100.0,False,0,6905.152999999999,38.0
3564.0730777382073,7192.0,8040.0,283.49545425454545,7,100.0,False,0,6905.353,38.0
3576.6426587746723,7231.0,7921.0,283.1318178909091,7,100.0,False,0,6905.513,38.0
3581.187499999999,7246.2108972050655,7878.0140771623,283.0,7,100.0,False,0,6905.571,38.0
3589.1651787456026,7274.0,7803.0,282.59736791578945,7,100.0,False,0,6905.673,38.0
3640.2986111111104,7460.657585129256,7322.261048755041,280.0,7,100.0,False,0,6906.331,38.0
3642.0055820507296,7466.0,7306.0,279.8624992,7,100.0,False,0,6906.353,38.0
3652.69861111111,7497.047039664417,7204.044431751312,279.0,7,100.0,False,0,6906.491,38.0
3655.9387935862087,7505.0,7174.0,278.6062512,7,100.0,False,0,6906.532999999999,38.0
3677.2319444444433,7536.053407795317,6985.759512395959,276.0,7,100.0,False,0,6906.811,38.0
3678.9111251817308,7537.0,6970.0,275.8428562285714,7,100.0,False,0,6906.833,38.0
3692.6238276243516,7537.0,6836.0,274.55714377142857,7,100.0,False,0,6907.013,38.0
3698.5430555555545,7533.210381592533,6781.403722485804,274.0,7,100.0,False,0,6907.090999999999,38.0
3712.2210186154334,7511.0,6635.0,272.19000064,7,100.0,False,0,6907.272,38.0
3713.654166666666,7506.946175983821,6613.9048019958755,272.0,7,100.0,False,0,6907.291,38.0
3724.2728964094185,7471.0,6441.0,271.1187504,7,100.0,False,0,6907.432,38.0
3725.69861111111,7466.635830189944,6420.943751531076,271.0,7,100.0,False,0,6907.451,38.0
3740.643055555555,7433.080417191215,6280.028843996086,269.0,7,100.0,False,0,6907.651,38.0
3760.237731646026,7401.0,6164.0,269.54374986666664,7,100.0,False,0,6907.911999999999,38.0
3772.238515847622,7374.0,6048.0,269.8770832,7,100.0,False,0,6908.072,38.0
3776.6430555555544,7362.040817695994,5985.919473757147,270.0,7,100.0,False,0,6908.130999999999,38.0
3790.0851084243777,7327.0,5780.0,267.7375008,7,70.5875104,False,0,6908.312,38.0
3794.4430555555546,7321.199106898643,5741.325069033778,267.0,7,61.0,False,0,6908.371,38.0
3810.666559993719,7318.0,5672.0,264.9281256,7,53.4031272,False,0,6908.592,38.0
3817.9097222222213,7317.176398994237,5612.536415109782,264.0,7,50.0,False,0,6908.691,38.0
3826.7533923372766,7319.0,5524.0,262.79000064,7,31.8500096,False,0,6908.812,38.0
3832.4652777777765,7324.333429494009,5468.686672373249,262.0,7,20.0,False,0,6908.891,38.0
3846.576388888888,7353.1357113745225,5333.612270375024,254.0,7,18.0,False,0,6909.090999999999,38.0
3849.4164218052674,7362.0,5305.0,252.82857325714286,7,18.58571337142857,False,0,6909.132,38.0
3858.993137423628,7399.0,5206.0,248.82857325714286,7,20.58571337142857,False,0,6909.272,38.0
3865.709722222221,7428.254848012199,5141.459061101503,246.0,6,22.0,False,0,6909.371,38.0
3872.536997821431,7460.0,5080.0,244.1062512,6,25.787497600000002,False,0,6909.472,38.0
3883.216768615063,7515.0,4985.0,241.1062512,6,31.787497600000002,False,0,6909.632,38.0
3887.0430555555545,7538.169038258654,4946.078997167206,240.0,6,34.0,False,0,6909.691,38.0
3904.387499999999,7651.2481550294615,4756.045108016297,223.0,6,0.0,True,0,6909.971,38.0
3905.6495655005165,7657.0,4746.0,222.03750293333334,6,0.2624992,True,0,6909.991999999999,38.0
3918.520833333332,7692.742567312696,4677.394979567235,212.0,6,3.0,True,0,6910.210999999999,38.0
3920.8629178484025,7699.0,4664.0,209.6937536,6,3.7687488,True,0,6910.2519999999995,38.0
3927.5430555555545,7720.6874788541245,4616.573292037412,203.0,5,6.0,True,0,6910.371,38.0
3938.487499999999,7760.594457323909,4503.795720381045,197.0,5,9.0,True,0,6910.571,38.0
3939.6341071429733,7764.0,4489.0,197.0,5,9.0,True,0,6910.592,38.0
3949.4319444444436,7785.954660357438,4345.405597218099,197.0,5,9.0,True,0,6910.771,38.0
3952.775584991645,7790.0,4303.0,197.0,5,9.0,True,0,6910.831999999999,38.0
3958.187499999999,7792.4998778924955,4249.980516252869,197.0,5,9.0,True,0,6910.931,38.0
3973.276388888888,7776.98048436351,4157.117097799897,194.0,5,9.0,True,0,6911.210999999999,38.0
3974.405990693923,7775.0,4148.0,194.0,5,9.0,True,0,6911.232,38.0
3981.945557416002,7759.0,4078.0,194.0,5,9.0,True,0,6911.371999999999,38.0
3986.2097222222214,7747.207396579893,4037.161595994762,194.0,5,9.0,True,0,6911.451,38.0
3990.5902346649164,7733.0,3995.0,194.0,5,9.0,True,0,6911.532,38.0
4001.4540927622375,7690.0,3890.0,194.0,5,9.0,True,0,6911.733,38.0
4005.6097222222215,7671.977503115033,3852.7538219560165,194.0,5,9.0,False,0,6911.811,38.0
4014.054166666666,7633.018407576152,3783.1207517833946,190.0,5,69.0,False,0,6911.971,38.0
4019.531688482185,7605.0,3739.0,192.18571702857142,5,71.91428937142857,False,0,6912.072999999999,38.0
4023.8947464810276,7581.0,3704.0,193.90000274285714,5,74.20000365714286,False,0,6912.152999999999,38.0
4029.2986111111104,7549.166299821463,3662.224065727763,196.0,5,77.0,False,0,6912.250999999999,38.0
4040.4652777777774,7475.791614734457,3581.76912302691,201.0,5,83.0,False,0,6912.451,38.0
4040.5765937528386,7475.0,3581.0,201.0,5,83.0583296,False,0,6912.4529999999995,38.0
4049.4459907188525,7408.0,3522.0,201.0,5,87.72499626666666,False,0,6912.612999999999,38.0
4053.865277777777,7372.806690811309,3495.4638070606366,201.0,5,90.0,False,0,6912.691,38.0
4063.243055555555,7295.02574547875,3444.621011811828,211.0,5,91.0,False,0,6912.851,38.0
4063.3616206494303,7294.0,3444.0,211.0428544,5,91.0642816,False,0,6912.853,38.0
4079.0090796642935,7152.0,3366.0,216.61428845714286,5,99.42143268571428,False,0,6913.112999999999,38.0
4080.120833333333,7141.95855263008,3360.8160529242996,217.0,5,100.0,False,0,6913.130999999999,38.0
4087.7730085114054,7074.0,3326.0,222.5916608,5,100.0,False,0,6913.253,38.0
4095.3208333333328,7009.035686049217,3291.2684513165027,228.0,5,100.0,False,0,6913.371,38.0
4101.925023652819,6954.0,3259.0,230.5500032,5,100.0,False,0,6913.473,38.0
4113.598611111111,6861.0299530087,3194.7928861355113,235.0,6,100.0,False,0,6913.651,38.0
4113.730545505749,6860.0,3194.0,235.0333312,6,100.0,False,0,6913.652999999999,38.0
4129.531944444444,6739.968871846893,3088.9052472862336,239.0,6,100.0,False,0,6913.891,38.0
4134.935162219434,6702.0,3052.0,239.5062496,6,100.0,False,0,6913.972,38.0
4140.19861111111,6666.888211527785,3016.543592621493,240.0,6,100.0,False,0,6914.0509999999995,38.0
4145.573123247759,6626.0,2973.0,240.0,6,100.0,False,0,6914.132,38.0
4153.531944444444,6544.050613108824,2881.256186423148,240.0,6,100.0,False,0,6914.250999999999,38.0
4161.872017761883,6463.0,2787.0,245.041664,6,100.0,False,0,6914.371999999999,38.0
4170.198611111111,6414.49528039313,2726.2587870429306,250.0,6,100.0,False,0,6914.491,38.0
4184.19861111111,6379.136586190891,2675.1856945038044,252.0,6,100.0,False,0,6914.691,38.0
4184.268597592143,6379.0,2675.0,252.0,6,100.0,False,0,6914.692,38.0
4195.46477461991,6356.0,2644.0,252.0,6,100.0,False,0,6914.852,38.0
4203.79861111111,6320.718477068227,2589.7977849769773,252.0,6,100.0,False,0,6914.971,38.0
4216.475582324723,6245.0,2466.0,252.0,6,100.0,False,0,6915.152,38.0
4217.79861111111,6236.8403915951,2452.088787159398,252.0,6,100.0,False,0,6915.170999999999,38.0
4234.59861111111,6138.340128832693,2276.6270045925185,252.0,6,100.0,False,0,6915.411,38.0
4234.671317350882,6138.0,2276.0,252.1062432,6,100.0,False,0,6915.411999999999,38.0
4246.554166666666,6093.37473628637,2191.317970977081,269.0,6,100.0,False,0,6915.571,38.0
4255.754430407761,6060.0,2125.0,271.2687488,6,100.0,False,0,6915.692,38.0
4269.541886384563,5999.0,2002.0,274.6437488,6,100.0,False,0,6915.871999999999,38.0
4270.99861111111,5992.705309797538,1989.3234275998677,275.0,6,100.0,False,0,6915.891,38.0
4283.355661152269,5941.0,1885.0,276.3416661333333,6,100.0,False,0,6916.052,38.0
4289.465277777777,5913.8374650975275,1829.1688300896067,277.0,7,100.0,False,0,6916.130999999999,38.0
4306.798040934487,5836.0,1667.0,281.7357129142857,7,100.0,False,0,6916.352,38.0
4311.476388888887,5817.575875884878,1628.7640304974966,283.0,7,100.0,False,0,6916.411,38.0
4325.949853136371,5754.0,1497.0,285.71499904,7,100.0,False,0,6916.592,38.0
4340.447640890734,5657.0,1295.0,288.41499904,7,100.0,False,0,6916.772,38.0
4343.587499999999,5642.516400374622,1264.8853193957602,289.0,7,100.0,False,0,6916.811,38.0
4356.476388888887,5613.731918355021,1205.322123665901,290.0,7,100.0,False,0,6916.971,38.0
4363.0315745473235,5594.0,1164.0,290.80999936,7,100.0,False,0,6917.052,38.0
4372.69861111111,5546.386826467595,1063.7146704366696,292.0,7,100.0,False,0,6917.170999999999,38.0
4387.459825711447,5452.0,865.0,293.2928566857143,7,100.0,False,0,6917.352,38.0
4395.565277777777,5403.489100763525,763.5354379207918,294.0,7,100.0,False,0,6917.451,38.0
4408.720833333332,5330.194485543878,611.0825215947169,296.0,7,100.0,False,0,6917.611,38.0
4410.4548812484445,5321.0,592.0,296.1968744,7,100.0,False,0,6917.632,38.0
4435.29861111111,5201.78677969401,345.5123351697966,299.0,7,100.0,False,0,6917.931,38.0
4443.708859946621,5169.0,278.0,299.3156248,7,100.0,False,0,6918.032,38.0
4461.9652777777765,5112.827517704021,162.76899184541264,300.0,8,100.0,False,0,6918.250999999999,38.0
4473.831472060507,5074.0,83.0,300.4437504,8,100.0,False,0,6918.393,38.0
4488.720833333333,5013.018124146706,-42.85234066741506,301.0,8,100.0,False,0,6918.571,38.0
4492.232899955515,4998.0,-74.0,301.0,8,100.0,False,0,6918.612999999999,38.0
4502.182222222222,4955.580982140411,-162.38163888950902,301.0,8,100.0,False,0,6918.732,38.0
4515.643312346715,4897.0,-285.0,301.0,8,100.0,False,0,6918.893,38.0
4525.509722222221,4852.252262615787,-378.6776656260642,301.0,8,100.0,False,0,6919.0109999999995,38.0
4530.693972576682,4832.0,-421.0,301.0,8,100.0,False,0,6919.072999999999,38.0
4550.760704204268,4745.0,-601.0,301.0,8,100.0,False,0,6919.313,38.0
4552.265277777776,4729.497832273995,-632.9861811943655,301.0,8,100.0,False,0,6919.331,38.0
4559.118578432117,4650.0,-797.0,301.0,8,100.0,False,0,6919.413,38.0
4582.365277777776,4579.515424725511,-942.3045263143456,301.0,8,100.0,False,0,6919.691,38.0
4587.561120085885,4570.0,-962.0,301.15500032,8,100.0,False,0,6919.753,38.0
4615.920833333332,4446.787636326266,-1216.3892958554266,302.0,8,100.0,False,0,6920.090999999999,38.0
4616.088359656422,4446.0,-1218.0,301.9944448,8,100.0,False,0,6920.093,38.0
4636.076829686887,4357.0,-1399.0,301.3305557333333,8,100.0,False,0,6920.331999999999,38.0
4641.090470768427,4335.0,-1444.0,301.1638890666667,8,100.0,False,0,6920.392,38.0
4646.020833333332,4313.081976055357,-1488.2667347253011,301.0,8,100.0,False,0,6920.451,38.0
4657.805852206117,4260.0,-1594.0,301.0,8,100.0,False,0,6920.592,38.0
4662.743055555555,4237.904860257283,-1638.24519118294,301.0,8,100.0,False,0,6920.651,38.0
4682.876388888888,4148.375486957129,-1818.2499715474214,302.0,8,100.0,False,0,6920.891,38.0
4682.960402899481,4148.0,-1819.0,302.0041664,8,100.0,False,0,6920.892,38.0
4698.101415474329,4080.0,-1954.0,302.7541664,8,100.0,False,0,6921.072,38.0
4703.076388888889,4057.5883954300307,-1998.2240044781202,303.0,8,100.0,False,0,6921.130999999999,38.0
4716.5875,3996.6218202388955,-2118.182669095275,304.0,8,100.0,False,0,6921.291,38.0
4720.040843889449,3981.0,-2149.0,303.77222257777777,8,100.0,False,0,6921.331999999999,38.0
4728.441032273563,3943.0,-2224.0,303.2166670222222,8,100.0,False,0,6921.432,38.0
4743.518640089555,3876.0,-2354.0,302.2166670222222,8,100.0,False,0,6921.612,38.0
4746.787499999999,3861.637664253682,-2381.51747624055,302.0,8,100.0,False,0,6921.651,38.0
4761.970121631314,3794.0,-2510.0,302.0,8,100.0,False,0,6921.831999999999,38.0
4770.2763888888885,3754.2177983488264,-2585.391835100169,302.0,8,100.0,False,0,6921.931,38.0
4783.69861111111,3686.8499795731695,-2712.655564789901,302.0,8,100.0,False,0,6922.090999999999,38.0
4790.49549517869,3654.0,-2774.0,302.0,8,100.0,False,0,6922.172,38.0
4805.595524678835,3582.0,-2906.0,302.0,8,100.0,False,0,6922.352,38.0
4807.187499999999,3573.5612221285846,-2921.189444207706,302.0,8,100.0,False,0,6922.371,38.0
4820.565277777777,3495.104639524939,-3060.3882744589664,301.0,8,100.0,False,0,6922.531,38.0
4827.2966101287075,3458.0,-3125.0,299.84285805714285,8,100.0,False,0,6922.612,38.0
4843.665277777777,3385.316491191499,-3247.5471830461242,297.0,8,100.0,False,0,6922.811,38.0
4853.462318100775,3344.0,-3315.0,292.4625024,8,100.0,False,0,6922.932,38.0
4856.598611111111,3330.016167130894,-3337.656566674152,291.0,8,100.0,False,0,6922.971,38.0
4875.665277777778,3220.4870879436144,-3501.8684622744404,286.0,8,100.0,True,0,6923.210999999999,38.0
4877.308640494224,3206.0,-3521.0,285.16000256,8,96.11501184,True,0,6923.232,38.0
4889.666596571596,3081.0,-3678.0,278.76000256,8,66.51501184,True,0,6923.392,38.0
4891.1097222222215,3069.419920412714,-3692.3384763397953,278.0,8,63.0,True,0,6923.411,38.0
4905.8875,3008.645818367731,-3765.4293714855944,266.0,8,3.0,True,0,6923.611,38.0
4914.288689626845,2962.0,-3805.0,258.57500392727275,8,5.474998690909091,True,0,6923.732,38.0
4932.564005389668,2761.0,-3959.0,241.39318574545456,8,11.202271418181818,True,0,6924.012,38.0
4935.098611111111,2740.768601472604,-3973.463111885955,239.0,7,12.0,True,0,6924.0509999999995,38.0
4953.33277600764,2640.0,-4024.0,233.7312512,7,12.8781248,True,0,6924.331999999999,38.0
4955.809722222222,2616.522272803291,-4032.511885808735,233.0,6,13.0,True,0,6924.371,38.0
4971.926599287822,2423.0,-4097.0,222.74643108571428,6,14.864285257142857,True,0,6924.632,38.0
4973.076388888889,2413.1601568842016,-4099.836689347794,222.0,5,15.0,False,0,6924.651,38.0
4988.683939887755,2324.0,-4113.0,216.17777493333332,5,33.922231466666666,False,0,6924.913,38.0
4994.476388888888,2270.6970681444704,-4115.68460272932,214.0,5,41.0,False,0,6925.0109999999995,38.0
5000.504664596218,2207.0,-4116.0,213.6822425285468,5,46.71963448615765,False,0,6925.112999999999,38.0
5011.1545966483445,2101.0,-4105.0,213.12149555070317,5,56.81308008734307,False,0,6925.293,38.0
5013.468888888889,2079.833176676431,-4101.8931611496455,213.0,5,59.0,False,0,6925.331999999999,38.0
5025.357777777777,1978.5683691745273,-4081.557995078798,214.0,5,70.0,False,0,6925.532,38.0
5032.51645062084,1895.0,-4048.0,213.39196031615347,5,72.43215873538614,False,0,6925.652999999999,38.0
5037.131944444443,1826.5605194900102,-4014.3304764850427,213.0,5,74.0,False,0,6925.731,38.0
5045.563879599023,1706.0,-3949.0,213.5916672,5,89.3833472,False,0,6925.873,38.0
5051.39861111111,1663.609850834056,-3923.742170959074,214.0,5,100.0,False,0,6925.971,38.0
5062.264204840051,1633.0,-3896.0,214.91000064,5,100.0,False,0,6926.152999999999,38.0
5063.343055555554,1628.734280093718,-3891.8660651889727,215.0,5,100.0,False,0,6926.170999999999,38.0
5101.130121484987,1368.0,-3615.0,218.27368488421052,5,100.0,False,0,6926.793,38.0
5109.576388888888,1318.2760985407904,-3543.974626450603,219.0,5,100.0,False,0,6926.931,38.0
5124.360292197188,1244.0,-3418.0,220.72142811428571,5,100.0,False,0,6927.172,38.0
5126.765277777777,1232.425415472086,-3397.1347573470225,221.0,5,100.0,False,0,6927.210999999999,38.0
5136.742840371078,1185.0,-3309.0,222.5093744,5,100.0,False,0,6927.371999999999,38.0
5146.676388888887,1138.2645803212217,-3220.507382836961,224.0,5,100.0,False,0,6927.531,38.0
5146.739117564947,1138.0,-3220.0,224.01499904,5,100.0,False,0,6927.532,38.0
5159.2874999999985,1089.2235726002496,-3126.4894784119374,227.0,5,100.0,False,0,6927.731,38.0
5163.16016163502,1064.0,-3082.0,227.7624992,5,100.0,False,0,6927.7919999999995,38.0
5169.4652777777765,1005.8422774386127,-2982.914471179979,229.0,5,100.0,False,0,6927.891,38.0
5175.911940606434,951.0,-2891.0,229.6312496,5,100.0,False,0,6927.991999999999,38.0
5179.687499999998,933.6689375648965,-2862.3042348407644,230.0,6,100.0,False,0,6928.0509999999995,38.0
5192.615197513176,908.0,-2827.0,231.2562496,6,100.0,False,0,6928.2519999999995,38.0
5200.30972222222,852.3574001650871,-2749.2387214504047,232.0,6,100.0,False,0,6928.371,38.0
5213.30972222222,734.4095768663948,-2583.5687918557896,234.0,6,100.0,False,0,6928.571,38.0
5213.375022259193,734.0,-2583.0,234.00749952,6,100.0,False,0,6928.572,38.0
5235.745917577034,659.0,-2483.0,236.55749952,6,100.0,False,0,6928.911999999999,38.0
5239.6430555555535,636.838166082691,-2453.0043333406047,237.0,6,100.0,False,0,6928.971,38.0
5246.317891019605,592.0,-2392.0,237.6312496,6,100.0,False,0,6929.072,38.0
5250.220833333332,566.3829684870543,-2357.2038667120232,238.0,6,100.0,False,0,6929.130999999999,38.0
5268.8097222222195,458.3164539185083,-2210.4333225451855,239.0,6,100.0,False,0,6929.411,38.0
5268.876432206041,458.0,-2210.0,239.00999936,6,100.0,False,0,6929.411999999999,38.0
5278.242009097525,410.0,-2145.0,240.40999936,6,100.0,False,0,6929.552,38.0
5282.198611111108,374.91725491707626,-2099.229438752694,241.0,6,100.0,False,0,6929.611,38.0
5293.015970459874,258.0,-1949.0,241.80499968,6,100.0,False,0,6929.772,38.0
5295.643055555553,238.15349870618908,-1923.6632156477456,242.0,6,100.0,False,0,6929.811,38.0
5309.143055555553,192.85056979389785,-1867.2020848726381,243.0,6,100.0,False,0,6930.0109999999995,38.0
5317.282339480314,165.0,-1834.0,242.4958336,6,100.0,False,0,6930.132,38.0
5333.3421896728005,65.0,-1715.0,241.4958336,6,100.0,False,0,6930.371999999999,38.0
5341.276388888886,9.469857865623892,-1650.6118230840111,241.0,6,100.0,False,0,6930.491,38.0
5345.3368920054345,-18.0,-1619.0,240.2375008,6,68.35628320000001,False,0,6930.552,38.0
5351.898611111108,-59.79056412873358,-1571.017977566311,239.0,6,17.0,False,0,6930.651,38.0
5359.825715207691,-110.0,-1514.0,235.9750016,6,11.85750272,False,0,6930.772,38.0
5377.343055555552,-236.07238029858766,-1374.029417477042,229.0,6,0.0,True,0,6931.0509999999995,38.0
5378.585874421505,-245.0,-1364.0,227.32955054545454,6,0.0,True,0,6931.072,38.0
5390.932833807066,-332.0,-1265.0,209.82955054545454,6,0.0,True,0,6931.2919999999995,38.0
5401.054166666664,-410.72253634161376,-1177.8686418933148,194.0,6,0.0,True,0,6931.491,38.0
5402.112570115541,-419.0,-1169.0,190.4249792,6,0.0,True,0,6931.513,38.0
5408.52083333333,-467.85056499526866,-1118.3051876885597,168.0,6,0.0,True,0,6931.651,38.0
5419.298888888886,-541.6221559207863,-1049.42150382474,161.0,6,0.0,True,0,6931.892,38.0
5421.1523763186015,-553.0,-1040.0,161.0,6,0.0,True,0,6931.933,38.0
5430.0322222222185,-605.2749379033133,-1002.3143878611801,161.0,4,0.0,True,0,6932.132,38.0
5431.7241509242995,-617.0,-995.0,157.3392914285714,4,0.0,True,0,6932.173,38.0
5440.609999999996,-694.6672949875159,-953.1532118537721,136.0,2,0.0,True,0,6932.411999999999,38.0
5440.644570695062,-695.0,-953.0,135.92887486423436,2,0.0,True,0,6932.413,38.0
5446.602308335115,-754.0,-930.0,123.12551280320996,2,0.0,True,0,6932.593,38.0
5448.510277777774,-772.3302682777048,-924.9165648733951,119.0,2,0.0,True,0,6932.651,38.0
5453.906221383656,-822.0,-916.0,119.0,2,0.0,True,0,6932.813,38.0
5455.121388888885,-833.5034307015824,-914.649265380297,119.0,2,0.0,True,0,6932.851,38.0
5462.779262155087,-912.0,-912.0,105.8999936,2,0.0,True,0,6933.112999999999,38.0
5463.288055555552,-917.394325055072,-912.1940685507424,105.0,2,0.0,True,0,6933.130999999999,38.0
5467.776944444441,-964.2661648649944,-916.1267022232289,101.0,2,0.0,True,0,6933.291,38.0
5468.932886725252,-975.0,-918.0,100.2125024,2,0.5249984,True,0,6933.333,38.0
5471.647313281028,-998.0,-924.0,98.3374976,2,1.7750016,True,0,6933.433,38.0
5472.132499999997,-1002.288763699656,-925.3064222508102,98.0,2,2.0,False,0,6933.451,38.0
5478.532499999997,-1064.7526329554648,-948.8808996277276,96.0,2,29.0,False,0,6933.691,38.0
5478.559041632659,-1065.0,-949.0,96.0,2,29.03499776,False,0,6933.692,38.0
5483.351597015897,-1107.0,-973.0,96.0,2,35.33499776,False,0,6933.871999999999,38.0
5483.86583333333,-1111.4063183782991,-975.8084798550635,96.0,2,36.0,False,0,6933.891,38.0
5489.4440726723315,-1158.0,-1008.0,99.19772625454546,2,42.852270545454545,False,0,6934.092,38.0
5494.085166234131,-1194.0,-1036.0,101.7431808,2,48.306816,False,0,6934.2519999999995,38.0
5496.454722222218,-1215.4782287990006,-1052.5428974745257,103.0,2,51.0,False,0,6934.331,38.0
5504.639172665789,-1294.0,-1110.0,110.17749824,2,51.0,False,0,6934.592,38.0
5509.121388888885,-1324.0303191513788,-1128.4025673226815,114.0,2,51.0,False,0,6934.731,38.0
5513.055476509655,-1350.0,-1141.0,115.29642788571428,2,38.9000064,False,0,6934.852,38.0
5518.2213888888855,-1393.34577719674,-1158.0915113810213,117.0,2,23.0,False,0,6935.0109999999995,38.0
5520.824510479542,-1418.0,-1165.0,116.19000064,2,21.78500096,False,0,6935.092,38.0
5524.610277777774,-1456.1702510478124,-1171.3481212846318,115.0,2,20.0,False,0,6935.210999999999,38.0
5527.158105726876,-1482.0,-1173.0,114.32500053333334,2,24.0499968,False,0,6935.2919999999995,38.0
5532.143611111107,-1529.9037885958533,-1169.9271727819373,113.0,2,32.0,False,0,6935.451,38.0
5534.716872013484,-1554.0,-1166.0,113.67499946666666,2,35.37499733333333,False,0,6935.532,38.0
5539.810277777773,-1603.5555231852736,-1154.2110300300913,115.0,2,42.0,False,0,6935.691,38.0
5540.482816685635,-1611.0,-1152.0,115.08749973333333,2,42.34999893333333,False,0,6935.7119999999995,38.0
5547.543611111107,-1701.932180204493,-1119.7305266303879,116.0,2,46.0,False,0,6935.931,38.0
5550.230666770228,-1731.0,-1108.0,118.0249984,2,48.0249984,False,0,6936.012,38.0
5554.265833333329,-1762.896535934804,-1093.6074504581886,121.0,2,51.0,False,0,6936.130999999999,38.0
5561.312620679315,-1804.0,-1069.0,125.30714148571428,2,52.43571382857143,False,0,6936.331999999999,38.0
5564.143611111107,-1823.888274826997,-1055.2833132804724,127.0,2,53.0,False,0,6936.411,38.0
5571.47694444444,-1880.8234279666062,-1011.7048389788215,132.0,3,57.0,False,0,6936.611,38.0
5573.032931298032,-1892.0,-1002.0,133.11041493333335,3,58.0249984,False,0,6936.652,38.0
5580.107703396685,-1940.0,-954.0,137.98541493333335,3,62.5249984,False,0,6936.831999999999,38.0
5590.010876597292,-2015.0,-862.0,144.48541493333335,3,68.5249984,False,0,6937.072,38.0
5590.810277777774,-2020.129450181057,-855.5970428100222,145.0,3,69.0,False,0,6937.090999999999,38.0
5602.86583333333,-2079.113083453693,-781.8121479643412,155.0,3,78.0,False,0,6937.371,38.0
5604.679649637379,-2088.0,-770.0,156.19583146666668,3,78.68333226666667,False,0,6937.411999999999,38.0
5610.062600881553,-2116.0,-731.0,159.69583146666668,3,80.68333226666667,False,0,6937.532,38.0
5613.66583333333,-2135.1162365897153,-701.5398951564184,162.0,3,82.0,False,0,6937.611,38.0
5622.1356399529905,-2178.0,-625.0,168.33499776,3,84.71499904,False,0,6937.7919999999995,38.0
5623.0547222222185,-2182.130821631315,-616.5437712424407,169.0,4,85.0,False,0,6937.811,38.0
5634.28876665745,-2225.0,-515.0,178.86667235555555,4,94.25000533333333,False,0,6938.032999999999,38.0
5641.5547222222185,-2247.4165238226756,-454.3495411438851,185.0,4,100.0,False,0,6938.170999999999,38.0
5645.928332035883,-2260.0,-414.0,187.80996502130145,4,100.0,False,0,6938.253,38.0
5659.031388888885,-2293.8843008212384,-269.6127894238851,196.0,5,100.0,False,0,6938.491999999999,38.0
5659.087927570495,-2294.0,-269.0,196.02979546852572,5,100.0,False,0,6938.4929999999995,38.0
5710.536666666662,-2296.339003013373,202.87364094606318,221.0,5,100.0,False,0,6939.331,38.0
5713.188252713623,-2292.0,228.0,222.22499626666666,5,100.0,False,0,6939.373,38.0
5724.588129226294,-2269.0,337.0,227.47500373333332,5,100.0,False,0,6939.553,38.0
5725.736666666663,-2266.339001547682,347.4369380945492,228.0,5,100.0,False,0,6939.571,38.0
5736.153827132498,-2237.0,441.0,230.69999786666668,5,100.0,False,0,6939.733,38.0
5741.203333333329,-2215.957016671622,493.03955318150986,232.0,6,100.0,False,0,6939.811,38.0
5754.258888888885,-2146.652464987665,638.3751383314077,235.0,6,100.0,False,0,6940.0109999999995,38.0
5755.716673467319,-2139.0,653.0,235.6416704,6,100.0,False,0,6940.032999999999,38.0
5770.392222222218,-2065.332108682513,779.4845660244436,242.0,6,100.0,False,0,6940.250999999999,38.0
5770.460094028865,-2065.0,780.0,242.01363549090908,6,100.0,False,0,6940.2519999999995,38.0
5782.737414714981,-2005.0,867.0,244.46818094545455,6,100.0,False,0,6940.432,38.0
5795.171163278825,-1937.0,962.0,246.9227264,6,100.0,False,0,6940.612,38.0
5800.703333333329,-1898.475019836957,1015.4226994609005,248.0,6,100.0,False,0,6940.691,38.0
5816.426955347095,-1775.0,1185.0,254.1388871111111,6,100.0,False,0,6940.911999999999,38.0
5823.73429540222,-1725.4216842610158,1251.573312626002,256.9444408888889,6,100.0,False,0,6941.013,38.0
0.9011641007293109,-1732.1194315921061,1241.9393205165682,256.9444408888889,6,100.0,False,0,6941.013,39.0
3.617777777777782,-1716.1528532420646,1262.9506793029643,258.0,6,100.0,False,0,6941.0509999999995,39.0
15.084444444444449,-1649.918072624473,1348.967810090852,258.0,6,100.0,False,0,6941.211,39.0
20.99417926875175,-1617.0,1391.0,260.3142838857143,6,100.0,False,0,6941.292,39.0
35.77333333333333,-1537.877578732342,1489.9430218770922,266.0,6,100.0,False,0,6941.491,39.0
53.77333333333333,-1441.4160047500611,1610.4698065692187,270.0,7,100.0,False,0,6941.731,39.0
53.84893906525387,-1441.0,1611.0,270.0166656,7,100.0,False,0,6941.732,39.0
69.06755531104749,-1354.0,1724.0,273.3499989333333,7,100.0,False,0,6941.932,39.0
72.03999999999999,-1335.4416243058747,1748.7685211273015,274.0,7,100.0,False,0,6941.971,39.0
81.25217342584303,-1277.0,1828.0,274.3781248,7,100.0,False,0,6942.092,39.0
96.48444444444443,-1190.778756813199,1947.837175566373,275.0,7,100.0,False,0,6942.291,39.0
99.66029623281943,-1169.0,1978.0,276.0249984,7,100.0,False,0,6942.332,39.0
115.21777777777777,-1039.7055690888908,2155.5838140029737,281.0,7,100.0,False,0,6942.531,39.0
116.86511992051416,-1027.0,2173.0,281.2624992,7,100.0,False,0,6942.552,39.0
127.79555555555554,-955.1002106124245,2271.5536408572884,283.0,7,100.0,False,0,6942.691,39.0
148.52486250961323,-855.0,2409.0,285.7964278857143,7,100.0,False,0,6942.952,39.0
150.04,-847.808625544749,2418.905979563727,286.0,7,100.0,False,0,6942.971,39.0
172.44,-739.6476562193552,2568.508826234265,288.0,7,100.0,False,0,6943.251,39.0
182.17681593301614,-687.0,2642.0,288.7562496,7,100.0,False,0,6943.372,39.0
198.21777777777777,-593.7512918988226,2773.448777253355,290.0,7,100.0,False,0,6943.571,39.0
199.90714787215182,-585.0,2786.0,289.9522728727273,7,100.0,False,0,6943.592,39.0
217.56333671927968,-490.0,2926.0,289.4522728727273,7,100.0,False,0,6943.812,39.0
230.40434028742027,-360.0,3119.0,289.0886365090909,7,100.0,False,0,6943.972,39.0
233.54000000000002,-334.2441492269973,3157.3899631862523,289.0,7,100.0,False,0,6944.0109999999995,39.0
246.42888888888888,-271.87131401871545,3251.4310508955577,290.0,7,100.0,False,0,6944.171,39.0
265.8288888888889,-217.3556440874518,3334.46962336248,291.0,7,100.0,False,0,6944.411,39.0
265.9096600244143,-217.0,3335.0,290.99750016,7,100.0,False,0,6944.412,39.0
278.8175974647179,-149.0,3435.0,290.59750016,7,100.0,False,0,6944.572,39.0
294.9955644760921,-55.0,3566.0,290.09500032,7,100.0,False,0,6944.773,39.0
298.05111111111114,-37.066107504989034,3590.612711303902,290.0,7,100.0,False,0,6944.811,39.0
311.06276118787554,40.0,3695.0,289.19000064,7,100.0,False,0,6944.973,39.0
314.1066666666667,58.45304539970203,3719.3730221522474,289.0,7,100.0,False,0,6945.0109999999995,39.0
325.444999079607,128.0,3809.0,287.82157538830216,7,100.0,False,0,6945.153,39.0
333.3197222222222,175.81346206605625,3868.4772854552484,287.0,7,100.0,False,0,6945.2519999999995,39.0
338.1606598961144,209.0,3908.0,286.66111004444446,7,100.0,False,0,6945.313,39.0
360.31504675495626,410.0,4125.0,285.1055544888889,7,100.0,False,0,6945.593,39.0
361.81972222222225,424.00885913484103,4138.4005375765255,285.0,7,100.0,False,0,6945.612,39.0
374.48638888888894,538.525147433942,4237.326260437632,285.0,7,100.0,False,0,6945.772,39.0
388.68315241352445,649.0,4319.0,283.35079575751496,7,100.0,False,0,6945.9529999999995,39.0
408.75277777777785,754.7604661153471,4381.113866762835,281.0,7,100.0,False,0,6946.211,39.0
421.3468271817436,834.0,4414.0,279.9875008,7,100.0,False,0,6946.373,39.0
433.5527777777778,945.334275660452,4454.694791844862,279.0,7,100.0,False,0,6946.531,39.0
438.302423032669,1003.0,4470.0,277.4499968,7,100.0,False,0,6946.593,39.0
445.77500000000003,1113.3787861705962,4491.456243129738,275.0,7,100.0,False,0,6946.691,39.0
454.9689325513828,1246.0,4511.0,274.3277781333333,7,100.0,False,0,6946.812,39.0
473.07500000000005,1372.0206522581764,4520.209855999733,273.0,7,100.0,False,0,6947.0509999999995,39.0
479.2178532734678,1416.0,4520.0,273.0,7,100.0,False,0,6947.132,39.0
488.24166666666673,1503.6860746597888,4519.498946504264,273.0,7,100.0,False,0,6947.251,39.0
495.8890206899207,1584.0,4518.0,272.74750016,7,100.0,False,0,6947.352,39.0
512.5088695143894,1750.0,4507.0,272.19750016,7,100.0,False,0,6947.572,39.0
518.463888888889,1825.9433499094966,4498.114328111455,272.0,7,100.0,False,0,6947.651,39.0
535.088688131614,2043.0,4468.0,271.3861112888889,7,100.0,False,0,6947.872,39.0
545.563888888889,2108.6140854596883,4458.908414210798,271.0,7,100.0,False,0,6948.0109999999995,39.0
553.198813007561,2154.0,4454.0,271.6312496,7,100.0,False,0,6948.112,39.0
557.6527777777778,2190.384088569487,4450.658889282652,272.0,7,100.0,False,0,6948.171,39.0
569.7455926188804,2318.0,4442.0,270.9937504,7,100.0,False,0,6948.332,39.0
581.6527777777778,2462.467201184367,4439.82316768013,270.0,7,100.0,False,0,6948.491,39.0
596.7122789944393,2632.0,4445.0,269.28214308571427,7,100.0,False,0,6948.692,39.0
602.575,2680.9939396134564,4448.784934821274,269.0,7,100.0,False,0,6948.771,39.0
615.8167832522273,2777.0,4463.0,265.0406264,7,43.43751999999999,False,0,6948.952,39.0
625.8638888888889,2868.8313108051757,4482.0899865302445,262.0,7,0.0,False,0,6949.091,39.0
630.2524087046764,2912.0,4493.0,260.4750016,7,0.0,False,0,6949.152,39.0
637.3305555555556,2983.6278112065747,4514.172381745445,258.0,7,0.0,False,0,6949.251,39.0
647.263574476573,3083.0,4549.0,255.482144,7,0.0,False,0,6949.392,39.0
657.0083333333334,3169.139095601372,4584.703639380566,253.0,7,0.0,False,0,6949.531,39.0
662.7214011782997,3218.0,4608.0,253.0,7,0.0,False,0,6949.612,39.0
671.063888888889,3292.5486236801953,4647.941559559608,253.0,7,0.0,False,0,6949.731,39.0
673.8885542368184,3321.0,4665.0,251.4625024,7,0.0,False,0,6949.772,39.0
687.3305555555556,3484.334582354924,4776.445728326397,244.0,6,0.0,False,0,6949.971,39.0
694.1088894966716,3561.0,4834.0,242.1062512,6,0.0,False,0,6950.072,39.0
698.0416666666667,3599.2829499848044,4864.407318370777,241.0,6,0.0,False,0,6950.131,39.0
713.7083333333334,3711.854597106263,4967.289783909386,235.0,6,0.0,False,0,6950.371,39.0
721.3592545818215,3764.0,5019.0,231.30277973333332,6,0.0,False,0,6950.492,39.0
736.1083333333333,3875.8416317573574,5131.172819161722,224.0,5,0.0,True,0,6950.731,39.0
745.7972222222222,3943.007924601228,5198.888645165539,218.0,5,0.0,True,0,6950.891,39.0
750.4531035525598,3968.0,5224.0,212.79286125714285,5,0.0,True,0,6950.972,39.0
761.3527777777778,4006.0891976854887,5261.87592727,200.0,5,0.0,True,0,6951.171,39.0
766.9186351528107,4031.0,5286.0,196.93999616,5,0.0,True,0,6951.273,39.0
772.1305555555556,4065.9385252351685,5319.583769514909,194.0,5,0.0,True,0,6951.371,39.0
776.2882424535621,4100.0,5352.0,189.50125318723244,5,0.0,True,0,6951.4529999999995,39.0
791.2894444444445,4238.415517438956,5480.12971967779,172.0,4,0.0,True,0,6951.772,39.0
792.2696737312904,4246.0,5487.0,171.4749952,4,0.0,True,0,6951.793,39.0
800.5672222222222,4298.744792530471,5533.888097306884,167.0,4,0.0,True,0,6951.972,39.0
806.7854432225579,4338.0,5568.0,161.7124928,4,0.0,True,0,6952.113,39.0
814.345,4396.314745247496,5618.328267094245,155.0,3,0.0,True,0,6952.292,39.0
815.2184480472303,4403.0,5624.0,154.2124928,3,0.0,True,0,6952.313,39.0
823.33870171842,4462.0,5673.0,146.7124928,3,0.0,True,0,6952.513,39.0
824.0783333333334,4467.327541183211,5677.415775501565,146.0,3,0.0,True,0,6952.532,39.0
832.9080555555555,4535.450016946771,5733.53095759074,133.0,3,0.0,True,0,6952.771,39.0
834.4041712344247,4550.0,5745.0,131.53000448,3,0.0,True,0,6952.813,39.0
839.9080555555555,4612.818459404558,5792.9079133619725,126.0,2,0.0,True,0,6952.971,39.0
842.0047387104617,4635.0,5809.0,124.22856777142857,2,0.0,True,0,6953.033,39.0
849.0858333333333,4688.5557320811195,5842.602173932926,118.0,2,0.0,True,0,6953.251,39.0
851.630634852278,4707.0,5852.0,115.72222577777778,2,0.0,True,0,6953.333,39.0
858.7453316498143,4773.0,5879.0,109.08333511111111,2,0.0,True,0,6953.572,39.0
859.8858333333334,4786.6265003128165,5882.707780180164,108.0,2,0.0,True,0,6953.611,39.0
864.5080555555555,4848.690496037523,5894.967336217248,104.0,2,0.0,True,0,6953.771,39.0
866.2300083471545,4869.0,5898.0,102.91071542857142,2,0.0,True,0,6953.832,39.0
872.2080555555556,4917.268514905833,5900.896958862235,99.0,2,0.0,True,0,6954.0509999999995,39.0
875.8891728344099,4945.0,5899.0,95.4750016,2,0.0,True,0,6954.192,39.0
879.3636111111111,4978.7103350459465,5895.7028283454965,92.0,2,0.0,True,0,6954.331,39.0
879.8729798101875,4984.0,5895.0,91.67692406153846,2,0.0,True,0,6954.352,39.0
884.9639488995614,5039.0,5884.0,88.29230867692307,2,0.0,True,0,6954.572,39.0
901.3191666666667,5192.8285449205005,5802.29604158786,76.0,1,0.0,False,0,6955.371,39.0
903.030121442885,5206.0,5792.0,76.0,1,0.0,False,0,6955.452,39.0
904.6969444444444,5218.579580324881,5781.704958770139,76.0,1,0.0,False,0,6955.531,39.0
905.5537782334115,5225.0,5776.0,75.70714331428572,1,0.0,False,0,6955.572,39.0
910.4525,5260.305793652283,5736.982794500675,74.0,1,0.0,False,0,6955.811,39.0
912.0876946162807,5270.0,5725.0,73.32500053333334,1,0.0,False,0,6955.892,39.0
915.2524999999999,5286.866557665496,5701.226571156282,72.0,1,0.0,False,0,6956.0509999999995,39.0
915.272138602392,5287.0,5701.0,71.9875008,1,0.0,False,0,6956.052,39.0
918.363611111111,5313.1465484246455,5651.6612832767505,70.0,1,0.0,False,0,6956.211,39.0
919.1592499701544,5319.0,5640.0,70.0,1,3.0749952,False,0,6956.2519999999995,39.0
921.4747222222221,5330.62938395757,5615.739916502145,70.0,1,12.0,False,0,6956.371,39.0
926.9969444444444,5338.300257902654,5590.8022315168055,71.0,1,22.0,False,0,6956.651,39.0
927.8178329206391,5340.0,5585.0,71.2562496,1,22.1281248,False,0,6956.692,39.0
931.4611297623997,5350.0,5552.0,72.3812496,1,22.6906248,False,0,6956.872,39.0
933.4858333333333,5355.4233471703965,5533.534202068607,73.0,1,23.0,False,0,6956.971,39.0
934.7397260714713,5359.0,5519.0,73.2541664,1,17.4083392,False,0,6957.032,39.0
938.4191666666666,5370.9456930903025,5457.979630814859,74.0,1,1.0,False,0,6957.211,39.0
939.2518383061757,5373.0,5447.0,73.7437504,1,0.8718752000000001,False,0,6957.2519999999995,39.0
944.8191666666665,5377.744149307739,5420.244684867814,72.0,1,0.0,False,0,6957.531,39.0
945.2334311724157,5378.0,5418.0,71.89500032,1,0.57749824,False,0,6957.552,39.0
951.1028504314121,5384.0,5359.0,70.39000064,1,8.85499648,False,0,6957.853,39.0
952.5969444444443,5386.052743508552,5338.617558078484,70.0,1,11.0,False,0,6957.931,39.0
955.6191666666665,5389.964763903237,5298.400038367345,68.0,1,0.0,False,0,6958.091,39.0
955.6564586573254,5390.0,5298.0,67.98639542659707,1,0.0,False,0,6958.093,39.0
961.1091428537125,5393.0,5258.0,65.94557706239667,1,0.0,False,0,6958.393,39.0
963.5816666666665,5395.834596379228,5234.645668548416,65.0,1,0.0,True,0,6958.532,39.0
965.3674169762146,5398.0,5218.0,63.98999808,1,0.0,True,0,6958.633,39.0
967.0816666666665,5399.6952260597245,5204.701355726638,63.0,1,0.0,True,0,6958.732,39.0
968.7664041370247,5402.0,5189.0,61.31666346666667,1,0.0,True,0,6958.833,39.0
971.0149999999998,5407.825266623366,5155.087512364781,59.0,1,0.0,True,0,6958.972,39.0
973.268218557932,5414.0,5122.0,58.2166656,1,0.0,True,0,6959.113,39.0
976.7149999999998,5418.691355716476,5103.07547402947,57.0,1,0.0,False,0,6959.332,39.0
978.2833153580127,5421.0,5095.0,56.577405167556776,1,3.803353491989023,False,0,6959.433,39.0
980.4327777777776,5425.759549348458,5076.69376600988,56.0,1,9.0,False,0,6959.571,39.0
981.4146210964801,5429.0,5066.0,56.44285805714286,1,10.550003199999999,False,0,6959.633,39.0
984.9438888888888,5446.816386275057,5018.162729548805,58.0,1,16.0,False,0,6959.851,39.0
986.9663136471336,5456.0,4996.0,59.21999872,1,17.21999872,False,0,6959.973,39.0
988.2772222222221,5460.255668091931,4986.526594613391,60.0,1,18.0,False,0,6960.0509999999995,39.0
992.0681972321091,5470.0,4969.0,61.57857097142857,1,18.0,False,0,6960.272,39.0
993.0994444444443,5473.962693263173,4962.121580095531,62.0,1,18.0,False,0,6960.331,39.0
997.0342479304712,5494.0,4929.0,63.65749952,1,17.44750016,False,0,6960.552,39.0
1000.3216666666665,5513.884156280881,4901.153715049173,65.0,1,17.0,False,0,6960.731,39.0
1000.340319326804,5514.0,4901.0,65.0124992,1,16.9833344,False,0,6960.732,39.0
1003.3620648758719,5533.0,4877.0,67.0124992,1,14.316667733333333,False,0,6960.892,39.0
1004.8549999999998,5542.712338914258,4865.950636186113,68.0,1,13.0,False,0,6960.971,39.0
1008.2288723653562,5566.0,4842.0,67.09500032,1,1.2350041600000008,False,0,6961.152,39.0
1008.5772222222221,5568.555875435568,4839.482130135713,67.0,1,0.0,False,0,6961.171,39.0
1011.477287361545,5590.0,4819.0,65.90227316363637,1,0.0,False,0,6961.332,39.0
1015.7068948964758,5622.0,4793.0,64.26590952727273,1,0.0,False,0,6961.572,39.0
1016.3994444444443,5631.436421220131,4786.573972290127,64.0,1,0.0,False,0,6961.611,39.0
1018.9093036717941,5671.0,4761.0,64.0,1,0.0,False,0,6961.7519999999995,39.0
1019.2438888888887,5675.31411646528,4758.338275171325,64.0,1,0.0,False,0,6961.771,39.0
1026.3815170470907,5717.0,4741.0,61.12954589090909,1,0.0,False,0,6962.192,39.0
1026.6994444444442,5719.03964816977,4740.353442454534,61.0,1,0.0,False,0,6962.211,39.0
1030.0611339822028,5750.0,4733.0,60.3718752,1,0.0,False,0,6962.412,39.0
1032.0327777777775,5781.616455376811,4733.141153419231,60.0,1,0.0,False,0,6962.531,39.0
1033.6887479106088,5807.0,4735.0,59.3687504,1,0.0,False,0,6962.632,39.0
1034.6549999999997,5817.59525815108,4736.272830177419,59.0,1,0.0,False,0,6962.691,39.0
1038.5883333333331,5837.669750316477,4743.7840546569705,59.0,1,5.0,False,0,6962.931,39.0
1039.572438612533,5844.0,4747.0,58.69500032,1,6.2199987199999995,False,0,6962.992,39.0
1041.8105555555553,5863.054755205092,4756.4447800202715,58.0,1,9.0,False,0,6963.131,39.0
1042.1534461610645,5866.0,4758.0,58.1312496,1,9.1312496,False,0,6963.152,39.0
1047.1438888888886,5908.813058110239,4786.848740746371,60.0,1,11.0,False,0,6963.451,39.0
1047.1606440075955,5909.0,4787.0,60.0031248,1,11.0218736,False,0,6963.452,39.0
1050.850318407524,5955.0,4827.0,60.6906248,1,15.8343736,False,0,6963.672,39.0
1052.5661111111108,5970.635996277177,4842.097302715127,61.0,1,18.0,False,0,6963.771,39.0
1057.7048972331334,5997.0,4872.0,65.390624,1,21.5124992,False,0,6964.052,39.0
1058.4327777777773,6000.009681916119,4875.461510248514,66.0,1,22.0,False,0,6964.091,39.0
1062.2105555555552,6014.683814198897,4892.397449614828,68.0,1,24.0,False,0,6964.291,39.0
1063.416918841097,6020.0,4899.0,69.1625024,1,25.937504,False,0,6964.353,39.0
1065.3661111111107,6029.535688758152,4911.36481558402,71.0,1,29.0,False,0,6964.451,39.0
1069.133985932059,6053.0,4944.0,73.52077784301879,1,29.504155568603757,False,0,6964.633,39.0
1072.9872222222218,6084.788753006742,4991.102153215107,76.0,1,30.0,False,0,6964.812,39.0
1073.4462860923904,6088.0,4996.0,76.3500032,1,30.5250048,False,0,6964.833,39.0
1078.3205555555553,6108.890940401732,5030.169104400878,80.0,1,36.0,False,0,6965.052,39.0
1082.9371259501213,6123.0,5058.0,82.5124992,1,37.67499946666667,False,0,6965.253,39.0
1083.8538888888886,6126.729674218903,5065.428664369047,83.0,1,38.0,False,0,6965.292,39.0
1088.6872222222219,6148.845335569786,5110.384621169483,87.0,1,40.0,False,0,6965.492,39.0
1089.2106785024057,6151.0,5115.0,87.5250048,1,40.10500096,False,0,6965.513,39.0
1093.30174458795,6167.0,5152.0,91.5250048,1,40.90500096,False,0,6965.673,39.0
1093.798333333333,6169.3167903427,5157.816439236542,92.0,1,41.0,False,0,6965.692,39.0
1100.2649999999996,6202.893991918327,5246.716059004661,97.0,2,42.0,False,0,6965.932,39.0
1100.2927484021293,6203.0,5247.0,97.031248,2,42.0124992,False,0,6965.933,39.0
1104.798333333333,6214.087359998866,5276.689080768595,102.0,2,44.0,False,0,6966.092,39.0
1110.1866495124932,6223.0,5304.0,106.033429743344,2,45.008357435836004,False,0,6966.273,39.0
1115.7677777777774,6239.103407233323,5357.654686984011,110.0,2,46.0,False,0,6966.451,39.0
1117.126389609542,6243.0,5371.0,111.0499968,2,46.31499904,False,0,6966.4929999999995,39.0
1123.7695754767342,6260.0,5432.0,116.0249984,2,47.80749952,False,0,6966.692,39.0
1129.1011111111109,6273.861058099709,5487.35311677244,120.0,2,49.0,False,0,6966.851,39.0
1132.4447811660486,6282.0,5522.0,120.0,2,49.0,False,0,6966.952,39.0
1134.4344444444441,6286.260923324327,5540.907690422845,120.0,2,49.0,False,0,6967.0109999999995,39.0
1142.9677777777774,6300.941210466929,5612.688508764511,128.0,2,49.0,False,0,6967.251,39.0
1143.0038576177765,6301.0,5613.0,128.0107136,2,49.0,False,0,6967.2519999999995,39.0
1153.1566666666663,6316.900150684249,5710.140241572425,131.0,3,49.0,False,0,6967.531,39.0
1153.9368683548662,6318.0,5719.0,131.43749866666667,3,49.0,False,0,6967.552,39.0
1156.1814992797729,6321.0,5745.0,132.68749866666667,3,49.0,False,0,6967.612,39.0
1162.223333333333,6326.657883927018,5798.870617189645,136.0,3,49.0,False,0,6967.771,39.0
1164.5685566029192,6328.0,5823.0,136.7624992,3,48.7458336,False,0,6967.832,39.0
1171.4899999999996,6329.480841549239,5923.808442969253,139.0,3,48.0,False,0,6968.0109999999995,39.0
1177.6851855133991,6329.0,6005.0,139.0,3,48.0,False,0,6968.172,39.0
1179.2122222222217,6328.795730374797,6017.147352645105,139.0,3,48.0,False,0,6968.211,39.0
1188.1683217679497,6325.0,6061.0,143.9111096888889,3,48.0,False,0,6968.432,39.0
1193.9122222222218,6316.7665387562265,6121.024170269451,147.0,3,48.0,False,0,6968.571,39.0
1200.534444444444,6303.558624979203,6210.014379110898,149.0,3,48.0,False,0,6968.731,39.0
1203.0768505259987,6299.0,6237.0,149.3812496,3,48.1906248,False,0,6968.792,39.0
1213.9566666666663,6280.918337513865,6316.126259492859,151.0,3,49.0,False,0,6969.0509999999995,39.0
1214.838757932134,6279.0,6323.0,151.0,3,49.0,False,0,6969.072,39.0
1228.2599086209095,6239.0,6450.0,151.0,3,49.0,False,0,6969.392,39.0
1229.0566666666662,6236.321700334376,6457.132260453762,151.0,3,49.0,False,0,6969.411,39.0
1235.8096753796294,6212.0,6516.0,151.0,3,49.0,False,0,6969.572,39.0
1240.843607128786,6190.0,6566.0,151.0,3,49.0,False,0,6969.692,39.0
1244.156666666666,6174.727571858656,6597.74244761662,151.0,3,49.0,False,0,6969.771,39.0
1254.223333333333,6127.193653760463,6684.662569509298,151.0,3,49.0,False,0,6970.0109999999995,39.0
1254.2653410231296,6127.0,6685.0,151.0,3,49.0,False,0,6970.012,39.0
1260.9344444444441,6094.659473383392,6739.10147863333,151.0,3,49.0,False,0,6970.171,39.0
1262.6363567155863,6083.0,6757.0,151.0,3,49.0,False,0,6970.2119999999995,39.0
1267.6455555555553,6038.124948028074,6822.5886685010755,151.0,3,49.0,False,0,6970.331,39.0
1271.3006011763277,6009.0,6864.0,156.3156208,3,49.0,False,0,6970.412,39.0
1282.9344444444444,5963.078133982594,6924.867616410777,172.0,3,49.0,False,0,6970.651,39.0
1287.913883265778,5941.0,6950.0,173.8937488,3,51.8406232,False,0,6970.7519999999995,39.0
1297.862975962521,5875.0,7022.0,177.6625024,3,57.4937536,False,0,6970.9529999999995,39.0
1298.7566666666664,5868.824211405738,7028.443426291518,178.0,4,58.0,False,0,6970.971,39.0
1308.701111111111,5800.965105635971,7095.201609423442,179.0,4,61.0,False,0,6971.171,39.0
1310.7836304435073,5786.0,7109.0,179.0,4,61.0,False,0,6971.213,39.0
1316.6566666666665,5741.997466418884,7148.089012347356,179.0,4,61.0,False,0,6971.331,39.0
1318.7789706161943,5726.0,7162.0,179.78504449296838,4,61.0,False,0,6971.373,39.0
1330.1197952933837,5641.0,7234.0,183.89719963059432,4,61.0,False,0,6971.593,39.0
1333.1524999999997,5617.763315614363,7252.843197545673,185.0,4,61.0,False,0,6971.652,39.0
1342.3593236040383,5544.0,7311.0,185.0,4,61.0,False,0,6971.833,39.0
1350.5772321716759,5475.0,7365.0,185.0,4,61.0,False,0,6971.9929999999995,39.0
1353.7080555555553,5451.622865007337,7382.897864409086,185.0,4,61.0,False,0,6972.052,39.0
1360.3005475900343,5404.0,7419.0,191.5541632,4,61.0,False,0,6972.173,39.0
1366.9080555555552,5348.684839044108,7461.642014228135,198.0,4,61.0,False,0,6972.292,39.0
1370.3045397368298,5321.0,7483.0,199.1437536,4,61.3812512,False,0,6972.353,39.0
1375.8413888888886,5280.7767886993925,7513.844123326693,201.0,5,62.0,False,0,6972.452,39.0
1380.4084910028553,5246.0,7541.0,202.21499904,5,62.0,False,0,6972.533,39.0
1387.1747222222218,5183.346835699465,7591.492278745958,204.0,5,62.0,False,0,6972.652,39.0
1401.057963134659,5040.0,7710.0,206.41603907111153,5,62.60400976777788,False,0,6972.893,39.0
1410.228055555555,4963.152989004452,7774.153400525165,208.0,5,63.0,False,0,6973.0509999999995,39.0
1416.1574806094993,4916.0,7814.0,209.02000128,5,63.0,False,0,6973.153,39.0
1421.8947222222218,4869.591208740745,7853.662802023031,210.0,5,63.0,False,0,6973.251,39.0
1426.6903094187023,4832.0,7886.0,211.265624,5,63.5062496,False,0,6973.332,39.0
1441.005833333333,4729.599513909122,7974.467945863342,215.0,5,65.0,False,0,6973.571,39.0
1444.650814162531,4702.0,7998.0,215.0,5,64.6187504,False,0,6973.632,39.0
1450.5613888888888,4654.307632036566,8038.2347691084815,215.0,5,64.0,False,0,6973.731,39.0
1456.6010187070833,4606.0,8079.0,215.50499968,5,64.0,False,0,6973.832,39.0
1462.5613888888886,4563.003764895663,8115.818424172673,216.0,5,64.0,False,0,6973.931,39.0
1467.4896689591865,4528.0,8146.0,217.34999893333332,5,64.22499982222222,False,0,6974.012,39.0
1484.7613888888886,4394.227191262427,8261.226916014259,222.0,5,65.0,False,0,6974.291,39.0
1486.0735668990726,4384.0,8270.0,222.41999872,5,65.20999936,False,0,6974.312,39.0
1497.3169444444443,4298.44122376451,8343.189432024543,226.0,5,67.0,False,0,6974.491,39.0
1499.9055423924758,4280.0,8359.0,226.2795450181818,5,67.0,False,0,6974.532,39.0
1511.3269988534166,4194.0,8433.0,227.50681774545455,5,67.0,False,0,6974.7119999999995,39.0
1525.305833333333,4022.117280331691,8580.468630201744,229.0,5,67.0,False,0,6974.931,39.0
1526.649076803512,4011.0,8590.0,229.14999954285713,5,67.29999908571429,False,0,6974.952,39.0
1542.0475555815565,3962.0,8632.0,230.86428525714285,5,70.72857051428572,False,0,6975.192,39.0
1543.2724999999998,3956.056385741394,8637.104578081697,231.0,5,71.0,False,0,6975.211,39.0
1556.2169444444444,3856.2107310965325,8723.21598468974,233.0,6,69.0,False,0,6975.411,39.0
1557.5788096479546,3845.0,8733.0,233.0656248,6,69.0656248,False,0,6975.432,39.0
1577.0169444444443,3697.7410700813734,8863.607651809174,234.0,6,70.0,False,0,6975.731,39.0
1579.6935974988646,3679.0,8880.0,234.40999936,6,69.79500032,False,0,6975.772,39.0
1590.1280555555552,3603.1359224264183,8945.53379147588,236.0,6,69.0,False,0,6975.931,39.0
1591.5180094388566,3590.0,8957.0,236.328124,6,68.7375008,False,0,6975.952,39.0
1603.5504991817884,3455.0,9076.0,239.140624,6,66.4875008,False,0,6976.132,39.0
1611.5502777777774,3400.0334886428554,9124.222171571122,241.0,6,65.0,False,0,6976.251,39.0
1625.0633955124997,3344.0,9173.0,241.83749973333335,6,62.4875008,False,0,6976.452,39.0
1627.6836111111108,3328.1874094276927,9186.931959208629,242.0,6,62.0,False,0,6976.491,39.0
1639.8399701778317,3233.0,9271.0,242.0,6,62.0,False,0,6976.672,39.0
1643.8169444444443,3195.5150974819235,9303.942832119337,242.0,6,62.0,False,0,6976.731,39.0
1660.0836111111107,3034.9192157462517,9444.458618809662,244.0,6,62.0,False,0,6976.971,39.0
1661.507219090387,3024.0,9454.0,244.0,6,62.0,False,0,6976.992,39.0
1670.9280555555554,2968.8036646680157,9502.19862182585,244.0,6,62.0,False,0,6977.131,39.0
1683.232669304176,2907.0,9556.0,244.64642834285715,6,62.0,False,0,6977.312,39.0
1689.983611111111,2857.549778925532,9598.977071800453,245.0,6,62.0,False,0,6977.411,39.0
1699.6875338598607,2778.0,9668.0,245.8875008,6,60.2249984,False,0,6977.553,39.0
1700.9169444444442,2768.4129062486054,9676.302079046589,246.0,6,60.0,False,0,6977.571,39.0
1717.3169444444443,2649.0525983952516,9779.60830789311,246.0,6,60.0,False,0,6977.811,39.0
1720.2093122037904,2628.0,9798.0,246.2089546535975,6,59.582090692805,False,0,6977.853,39.0
1731.1077777777778,2546.508849754342,9869.55564065578,247.0,6,58.0,False,0,6978.012,39.0
1731.1749008394402,2546.0,9870.0,246.95750272,6,57.85500928,False,0,6978.013,39.0
1742.911598615318,2454.0,9950.0,239.30749184,6,31.75497216,False,0,6978.193,39.0
1756.6633333333332,2329.51752638215,10060.795844808748,230.0,6,0.0,True,0,6978.412,39.0
1759.230693027288,2308.0,10080.0,228.36000256,6,0.0,True,0,6978.4529999999995,39.0
1768.9966666666662,2234.4331832957214,10145.460282616157,222.0,6,0.0,True,0,6978.612,39.0
1771.3850416810828,2217.0,10161.0,219.11136814545455,6,0.0,True,0,6978.653,39.0
1778.033211829992,2169.0,10204.0,210.65682269090908,6,0.0,True,0,6978.773,39.0
1786.2773075144994,2115.0,10253.0,199.38409541818183,6,0.0,True,0,6978.933,39.0
1792.3411111111109,2071.120737660138,10292.393126299337,191.0,5,0.0,True,0,6979.052,39.0
1802.4522222222217,1991.9336297462005,10362.913993852757,182.0,5,0.0,True,0,6979.2519999999995,39.0
1803.498179588746,1984.0,10370.0,181.343744,5,0.0,True,0,6979.273,39.0
1810.3188888888885,1933.21766281097,10415.440762572127,177.0,4,0.0,True,0,6979.412,39.0
1812.290304029827,1918.0,10429.0,175.86967613117977,4,0.0,True,0,6979.4529999999995,39.0
1824.3532581849581,1820.0,10515.0,168.70175042377937,4,0.0,True,0,6979.713,39.0
1828.7172222222218,1789.824863788319,10540.53110990725,166.0,4,0.0,True,0,6979.811,39.0
1836.5266367627055,1730.0,10589.0,158.2428598857143,4,0.0,True,0,6979.992,39.0
1840.6949999999997,1680.9265029686317,10627.98742201514,154.0,4,0.0,True,0,6980.091,39.0
1847.3172222222217,1598.4062140582475,10692.686757267913,149.0,3,0.0,True,0,6980.251,39.0
1847.3582423334667,1598.0,10693.0,148.98500096,3,0.0,True,0,6980.2519999999995,39.0
1855.428333333333,1546.2348703996568,10731.21167227148,146.0,3,0.0,True,0,6980.451,39.0
1863.3395249239843,1507.0,10755.0,142.41071542857142,3,0.0,True,0,6980.652,39.0
1866.3949999999998,1482.4748834119155,10769.70457161644,141.0,3,0.0,True,0,6980.731,39.0
1873.3012428665627,1417.0,10808.0,137.9833344,3,0.0,True,0,6980.912,39.0
1875.528333333333,1397.773635691399,10818.564303022238,137.0,3,0.0,True,0,6980.971,39.0
1879.316002923501,1366.0,10835.0,135.7375008,3,0.0,True,0,6981.072,39.0
1884.4616666666664,1319.0552608447986,10857.008296662265,134.0,3,0.0,False,0,6981.211,39.0
1887.4134501376227,1291.0,10869.0,133.32500053333334,3,0.0,False,0,6981.292,39.0
1923.1012356775243,930.0,10947.0,124.65833386666667,3,0.0,False,0,6982.332,39.0
1925.7949999999998,901.6760111596252,10947.74367871901,124.0,3,0.0,False,0,6982.411,39.0
1928.5639811648307,873.0,10948.0,123.66250026666667,3,0.0,False,0,6982.492,39.0
1933.9949999999997,819.2321966622632,10947.572889545305,123.0,3,0.0,False,0,6982.651,39.0
1937.4150709933497,783.0,10945.0,122.27857188571429,3,0.0,False,0,6982.7519999999995,39.0
1943.4061111111107,709.6472019197585,10933.782575679119,121.0,3,0.0,False,0,6982.931,39.0
1948.701954236737,653.0,10921.0,119.27500068571429,3,0.0,False,0,6983.092,39.0
1952.5838888888886,627.4709038963377,10912.440302869518,118.0,2,0.0,False,0,6983.211,39.0
1956.51906775872,603.0,10902.0,117.2437504,2,0.0,False,0,6983.332,39.0
1957.7838888888884,592.6462270940222,10897.71326833706,117.0,2,0.0,False,0,6983.371,39.0
1962.3327709957093,549.0,10879.0,116.1187504,2,0.0,False,0,6983.512,39.0
1962.939444444444,543.1850450084324,10876.20654439799,116.0,2,0.0,False,0,6983.531,39.0
1969.859614333575,480.0,10840.0,113.54444515555555,2,0.0,False,0,6983.7519999999995,39.0
1974.139444444444,445.2952838237235,10815.002829954385,112.0,2,0.0,False,0,6983.891,39.0
1977.2337231001666,422.0,10795.0,111.27857188571429,2,6.132138971428572,False,0,6983.992,39.0
1982.6949999999997,383.7655811547633,10754.436050411045,110.0,2,17.0,False,0,6984.171,39.0
1986.4108905399162,361.0,10726.0,110.0,2,23.099993599999998,False,0,6984.293,39.0
1991.2505555555554,335.0338195465975,10688.515294049299,110.0,2,31.0,False,0,6984.451,39.0
1991.9306561946469,331.0,10682.0,110.21890681597033,2,31.875627263881317,False,0,6984.473,39.0
1997.5038888888887,292.98350164291486,10615.313242605478,112.0,2,39.0,False,0,6984.652,39.0
1999.4047103633486,282.0,10595.0,112.21785782857143,2,39.43571565714286,False,0,6984.713,39.0
2006.2927777777775,258.9356680531205,10547.922567135105,113.0,2,41.0,False,0,6984.932,39.0
2008.9183767842296,251.0,10529.0,114.5187488,2,42.265624,False,0,6985.013,39.0
2016.2331737467703,225.0,10463.0,118.6437536,2,45.703128,False,0,6985.233,39.0
2016.8705555555553,223.20188037595585,10458.155530327962,119.0,2,46.0,False,0,6985.2519999999995,39.0
2023.648333333333,210.79598529143786,10417.251280244995,122.0,2,47.0,False,0,6985.452,39.0
2027.8754022840521,203.0,10352.0,124.2687488,2,47.7562496,False,0,6985.573,39.0
2031.445088872465,195.0,10267.0,126.1437536,2,48.3812512,False,0,6985.673,39.0
2035.0261111111108,189.82226057768167,10208.60306408575,128.0,3,49.0,False,0,6985.772,39.0
2043.8927777777776,188.46536643415297,10176.23686619625,133.0,3,51.0,False,0,6986.012,39.0
2047.7023777707982,188.0,10156.0,133.84166826666666,3,41.18053688888889,False,0,6986.113,39.0
2057.4927777777775,183.57461409015926,10057.370046450913,136.0,3,16.0,True,0,6986.372,39.0
2058.268382965245,183.0,10049.0,135.4723571546188,3,14.311542894780175,True,0,6986.393,39.0
2064.734166666666,177.03613065508262,9982.361034257032,131.0,3,0.0,True,0,6986.571,39.0
2064.7701257592844,177.0,9982.0,130.9812512,3,0.0,True,0,6986.572,39.0
2070.423055555555,170.90587644837788,9925.95606145443,128.0,3,0.0,True,0,6986.731,39.0
2071.8435881167984,169.0,9912.0,126.718752,3,0.0,True,0,6986.772,39.0
2075.8897222222217,162.3860720769091,9872.705928170202,123.0,3,0.0,True,0,6986.891,39.0
2079.2819046284008,154.0,9839.0,121.7375008,3,0.0,True,0,6986.992,39.0
2085.8575764906454,130.0,9773.0,119.2375008,3,0.0,True,0,6987.192,39.0
2086.4674999999997,128.13132228318463,9768.258867398501,119.0,2,0.0,True,0,6987.211,39.0
2093.9771049329797,105.0,9722.0,113.64444586666667,2,0.6694442666666667,True,0,6987.452,39.0
2097.5674999999997,77.7745935183548,9682.501524993331,111.0,2,1.0,True,0,6987.571,39.0
2103.4996487107865,24.0,9610.0,107.41071542857142,2,1.7178569142857143,True,0,6987.772,39.0
2105.811944444444,10.966981849082087,9593.702099404425,106.0,2,2.0,False,0,6987.851,39.0
2110.4786111111107,-2.9456503402047316,9580.170786004091,105.0,2,3.0,False,0,6988.0109999999995,39.0
2113.9571923500666,-19.0,9568.0,103.79000064,2,3.60499968,False,0,6988.132,39.0
2116.200833333333,-34.62389862593136,9556.176816349871,103.0,2,4.0,False,0,6988.211,39.0
2122.3631125035613,-90.0,9516.0,101.15833386666667,2,1.5444451555555552,False,0,6988.432,39.0
2126.200833333333,-120.80913478020608,9497.360292774983,100.0,2,0.0,False,0,6988.571,39.0
2128.4359269585075,-141.0,9487.0,99.66250026666667,2,0.0,False,0,6988.652,39.0
2130.0903429865984,-158.0,9479.0,99.41250026666667,2,0.0,False,0,6988.7119999999995,39.0
2132.800833333333,-184.95300871559064,9467.67811227175,99.0,2,0.0,False,0,6988.811,39.0
2138.758786110631,-241.0,9451.0,97.15833386666667,2,0.9208330666666666,False,0,6989.032,39.0
2139.2674999999995,-245.89735009885976,9450.003145540604,97.0,2,1.0,False,0,6989.0509999999995,39.0
2143.5638921653417,-288.0,9444.0,96.32916693333334,2,10.391662933333333,False,0,6989.2119999999995,39.0
2145.6674999999996,-308.8235128387621,9442.319791137437,96.0,2,15.0,False,0,6989.291,39.0
2148.3555426863336,-336.0,9442.0,96.0,2,19.544997119999998,False,0,6989.392,39.0
2151.000833333333,-363.83887851566874,9444.597008704222,96.0,2,24.0,False,0,6989.491,39.0
2156.9925193831573,-424.0,9457.0,97.57857097142858,2,29.5249984,False,0,6989.7119999999995,39.0
2158.6230555555553,-437.25002580429964,9460.427668149623,98.0,2,31.0,False,0,6989.771,39.0
2166.5563888888883,-499.89319287079513,9490.005868369366,102.0,2,38.0,False,0,6990.0509999999995,39.0
2167.1615551314835,-507.0,9495.0,102.20999936,2,38.20999936,False,0,6990.072,39.0
2172.334166666666,-577.4990716419562,9549.700095197473,104.0,2,40.0,False,0,6990.251,39.0
2172.9342675428957,-584.0,9555.0,103.84250048,2,37.9000064,False,0,6990.272,39.0
2182.4602533493926,-624.0,9597.0,101.29250048,2,3.9000064000000023,False,0,6990.612,39.0
2183.5563888888883,-629.104278161243,9603.949259720284,101.0,2,0.0,True,0,6990.651,39.0
2188.0452777777773,-656.2297205749103,9641.089565739418,101.0,2,0.0,True,0,6990.811,39.0
2189.188317836685,-663.0,9651.0,99.74000384,2,0.0,True,0,6990.853,39.0
2193.323055555555,-684.7760814196487,9686.450965697091,95.0,2,0.0,True,0,6991.0109999999995,39.0
2195.3739809468007,-695.0,9706.0,92.61826034675794,2,0.0,True,0,6991.093,39.0
2199.214166666666,-714.2081797123172,9748.811391123083,88.0,1,0.0,True,0,6991.2519999999995,39.0
2201.1369816918473,-723.0,9771.0,86.78500096,1,0.0,True,0,6991.333,39.0
2203.9363888888884,-734.160560351608,9802.390413520196,85.0,1,0.0,True,0,6991.452,39.0
2209.5363888888883,-750.7842178930739,9859.627800656011,84.0,1,0.0,False,0,6991.692,39.0
2210.93740632638,-754.0,9872.0,83.38999808,1,0.0,False,0,6991.753,39.0
2214.091944444444,-759.8670772012922,9896.654265845887,82.0,1,0.0,False,0,6991.892,39.0
2217.685508628335,-765.0,9925.0,80.65833386666667,1,0.0,False,0,6992.053,39.0
2219.4252777777774,-767.2574735919768,9941.482473506607,80.0,1,0.0,False,0,6992.132,39.0
2222.9228987585584,-771.0,9978.0,78.9937504,1,0.0,False,0,6992.293,39.0
2226.358611111111,-772.9910403267079,10012.789122151284,78.0,1,0.0,False,0,6992.452,39.0
2226.3802987978133,-773.0,10013.0,78.0,1,0.0,False,0,6992.4529999999995,39.0
2230.7227690571267,-774.0,10054.0,78.0,1,0.0,False,0,6992.653,39.0
2231.5586111111106,-773.9653871050667,10062.285870815642,78.0,1,0.0,False,0,6992.692,39.0
2234.9363888888884,-773.0151630426445,10097.801906817645,76.0,1,0.0,False,0,6992.852,39.0
2237.04891688657,-772.0,10120.0,75.57916586666667,1,0.0,False,0,6992.9529999999995,39.0
2239.9363888888884,-770.2270375965975,10149.412435088652,75.0,1,0.0,False,0,6993.092,39.0
2241.5866149460553,-769.0,10166.0,74.59799007903837,1,0.0,False,0,6993.172,39.0
2244.026944444444,-766.8870195805227,10190.449533174959,74.0,1,0.0,False,0,6993.291,39.0
2246.492935895065,-764.0,10215.0,73.56785737142857,1,0.4321426285714286,False,0,6993.412,39.0
2249.704722222222,-759.0268786910967,10246.80058257383,73.0,1,1.0,False,0,6993.571,39.0
2249.72479470296,-759.0,10247.0,72.9964288,1,1.0071424,False,0,6993.572,39.0
2251.325562849587,-757.0,10263.0,72.71071451428571,1,1.5785709714285714,False,0,6993.652,39.0
2255.3047222222217,-750.0344348704036,10302.817761197162,72.0,1,3.0,False,0,6993.851,39.0
2255.3249421673754,-750.0,10303.0,72.0062496,1,3.0749952,False,0,6993.852,39.0
2260.2469978536906,-740.0,10350.0,73.5062496,1,21.0749952,False,0,6994.092,39.0
2261.8824999999997,-732.9207046085795,10377.48204781844,74.0,1,27.0,False,0,6994.171,39.0
2265.215833333333,-713.1719967459118,10450.142054579934,75.0,1,32.0,False,0,6994.331,39.0
2267.36501888776,-704.0,10483.0,76.51499904,1,35.53499776,False,0,6994.432,39.0
2269.5491666666667,-699.0290165599347,10499.997686084862,78.0,1,39.0,False,0,6994.531,39.0
2273.8283673263527,-694.0,10514.0,84.0333312,1,40.5083328,False,0,6994.7119999999995,39.0
2275.2825000000003,-690.9094012229781,10522.866127805664,86.0,1,41.0,False,0,6994.771,39.0
2280.9380098835886,-671.0,10578.0,90.52045323636364,1,41.0,False,0,6994.992,39.0
2286.893611111111,-639.2111642005339,10657.491238134207,95.0,2,41.0,False,0,6995.211,39.0
2287.484430615234,-637.0,10663.0,95.5249984,2,41.14318138181818,False,0,6995.232,39.0
2295.074274492665,-621.0,10702.0,102.0249984,2,42.915908654545454,False,0,6995.492,39.0
2299.8491666666664,-596.8785196106057,10755.26133071171,106.0,2,44.0,False,0,6995.651,39.0
2304.128645347298,-572.0,10809.0,108.81999872,2,44.70499968,False,0,6995.792,39.0
2305.9602777777777,-563.0104210554717,10828.014988323705,110.0,2,45.0,False,0,6995.851,39.0
2316.4491666666668,-525.4352525786604,10903.099430669687,118.0,2,50.0,False,0,6996.171,39.0
2319.9178481529125,-513.0,10927.0,121.02999808,2,50.50499968,False,0,6996.272,39.0
2323.3380555555555,-499.6909005919325,10952.423288138874,124.0,2,51.0,False,0,6996.371,39.0
2328.849166666667,-475.9741626816634,10997.511602359978,124.0,2,51.0,False,0,6996.531,39.0
2332.43112904379,-460.0,11028.0,126.5249984,2,52.51499904,False,0,6996.632,39.0
2336.015833333334,-443.7102941407288,11059.197552292853,129.0,2,54.0,False,0,6996.731,39.0
2337.5153261611094,-437.0,11072.0,129.73214171428572,2,53.85357165714286,False,0,6996.772,39.0
2345.716494797917,-398.0,11144.0,133.66071314285713,2,53.06785737142857,False,0,6996.992,39.0
2346.438055555556,-393.42226569029185,11152.032167815345,134.0,3,53.0,False,0,6997.0109999999995,39.0
2352.6158333333337,-345.4227433769651,11233.991152614033,139.0,3,53.0,False,0,6997.171,39.0
2357.501679369584,-315.0,11285.0,141.6687472,3,53.3812496,False,0,6997.293,39.0
2365.5936111111114,-294.4683259446107,11317.824128525948,146.0,3,54.0,False,0,6997.491,39.0
2368.9104519690777,-282.0,11336.0,146.0,3,53.65975147810828,False,0,6997.573,39.0
2375.3675000000003,-236.86950778318598,11401.449634502678,146.0,3,53.0,False,0,6997.732,39.0
2382.1293093634617,-181.0,11481.0,149.62249856,3,54.20749952,False,0,6997.893,39.0
2392.5897222222225,-113.00437486349652,11572.383699021386,155.0,3,56.0,False,0,6998.132,39.0
2402.6982532497373,-63.0,11635.0,160.5250048,3,56.0,False,0,6998.353,39.0
2412.8786111111112,-18.042502981951294,11687.578399682228,166.0,3,56.0,False,0,6998.572,39.0
2414.7752297188254,-6.0,11701.0,166.2562496,3,55.7437504,False,0,6998.613,39.0
2420.3008333333337,38.95798090252842,11750.295526852113,167.0,4,55.0,False,0,6998.732,39.0
2430.91184998868,134.0,11852.0,171.29722595555555,4,56.227778844444444,False,0,6998.9529999999995,39.0
2437.700833333334,173.28247242034348,11891.806766686572,174.0,4,57.0,False,0,6999.092,39.0
2448.544164468914,224.0,11940.0,176.3678592,4,58.5785728,False,0,6999.313,39.0
2451.4675000000007,241.83932565103277,11957.251218952122,177.0,4,59.0,False,0,6999.372,39.0
2458.518949108756,292.0,12005.0,178.958336,4,59.0,False,0,6999.513,39.0
2469.6675000000005,388.2185913140878,12088.937191469919,182.0,4,59.0,False,0,6999.732,39.0
2473.8055338186514,426.0,12120.0,183.67363971919272,4,58.665272056161456,False,0,6999.812,39.0
2482.0822222222228,502.6474758464668,12180.159827022904,187.0,4,58.0,False,0,6999.971,39.0
2490.393333333334,577.8387529172655,12236.056938188849,187.0,4,59.0,False,0,7000.131,39.0
2495.694755290124,618.0,12265.0,188.51499904,4,60.00999936,False,0,7000.232,39.0
2500.948888888889,651.4622659930324,12288.344645782709,190.0,4,61.0,False,0,7000.331,39.0
2511.726666666667,713.6186370846734,12328.74827729732,194.0,4,62.0,False,0,7000.531,39.0
2513.9460884026676,730.0,12339.0,194.40999936,4,62.61499904,False,0,7000.572,39.0
2518.283059216341,766.0,12361.0,195.20999936,4,63.81499904,False,0,7000.652,39.0
2522.615555555556,805.2152053072664,12382.84147654214,196.0,4,65.0,False,0,7000.731,39.0
2529.3678967108617,868.0,12415.0,199.781248,4,61.9750016,False,0,7000.852,39.0
2531.548888888889,887.5997953554772,12424.794314013041,201.0,5,61.0,False,0,7000.891,39.0
2542.715555555556,983.6431255464607,12470.882666968979,201.0,5,62.0,False,0,7001.091,39.0
2550.7351326969742,1057.0,12503.0,203.34999893333332,5,61.41250026666667,False,0,7001.232,39.0
2556.3822222222225,1113.957934485293,12526.361899557565,205.0,5,61.0,False,0,7001.331,39.0
2560.9778318578,1158.0,12544.0,205.0,5,60.19000064,False,0,7001.412,39.0
2567.7711111111116,1210.625682200745,12564.856597378503,205.0,5,59.0,False,0,7001.531,39.0
2573.676031426116,1271.0,12586.0,208.7874976,5,59.6312496,False,0,7001.632,39.0
2577.1488888888894,1322.8571023915854,12602.812241707015,211.0,5,60.0,False,0,7001.691,39.0
2584.2683499638,1439.0,12639.0,211.60499968,5,58.18500096,False,0,7001.812,39.0
2588.926666666667,1489.243170334852,12654.01378952014,212.0,5,57.0,False,0,7001.891,39.0
2604.4195584284416,1571.0,12674.0,213.44999964444443,5,56.27500017777778,False,0,7002.152,39.0
2610.3266666666673,1620.125280328241,12685.946486125107,214.0,5,56.0,False,0,7002.251,39.0
2617.564449698616,1692.0,12703.0,214.60499968,5,55.39500032,False,0,7002.372,39.0
2634.3266666666673,1862.4377690895005,12737.898789451345,216.0,5,54.0,False,0,7002.651,39.0
2634.3869188049107,1863.0,12738.0,216.00499968,5,54.0124992,False,0,7002.652,39.0
2641.626726626081,1928.0,12749.0,216.60499968,5,55.5124992,False,0,7002.772,39.0
2652.525320150854,2040.0,12766.0,217.50499968,5,57.7624992,False,0,7002.952,39.0
2658.5488888888895,2133.4714149636275,12778.424779548966,218.0,5,59.0,False,0,7003.0509999999995,39.0
2668.388642457777,2289.0,12798.0,219.34166613333332,5,54.9750016,False,0,7003.2119999999995,39.0
2673.2155555555564,2332.8831960868188,12803.35239585363,220.0,5,53.0,False,0,7003.291,39.0
2689.097678969943,2404.0,12811.0,219.34750016,5,49.7375008,False,0,7003.552,39.0
2697.5488888888895,2490.353036491875,12820.694565594165,219.0,5,48.0,False,0,7003.691,39.0
2701.2610500941964,2530.0,12825.0,219.0,5,48.91499904,False,0,7003.7519999999995,39.0
2709.7155555555564,2611.4595534561695,12833.236986871772,219.0,5,51.0,False,0,7003.891,39.0
2712.2636493724985,2639.0,12836.0,218.89526214787227,5,51.209475704255475,False,0,7003.933,39.0
2732.842805699561,2911.0,12864.0,218.04738107489374,5,52.90523785021252,False,0,7004.273,39.0
2733.9983333333344,2922.209027406368,12865.133824378872,218.0,5,53.0,False,0,7004.292,39.0
2748.665000000001,3006.8737251755183,12873.252081534085,220.0,5,56.0,False,0,7004.532,39.0
2758.4872222222234,3092.249713718939,12881.921765004645,221.0,5,54.0,False,0,7004.692,39.0
2758.5486064308166,3093.0,12882.0,221.0,5,54.0,False,0,7004.693,39.0
2773.2205555555565,3318.133722771569,12905.906801378305,221.0,5,54.0,False,0,7004.932,39.0
2773.282057728619,3319.0,12906.0,221.0035712,5,54.0035712,False,0,7004.933,39.0
2790.4872222222234,3501.187354864848,12925.99988624442,222.0,5,55.0,False,0,7005.2119999999995,39.0
2795.489239808654,3546.0,12931.0,222.22499982222223,5,55.899999288888885,False,0,7005.293,39.0
2812.7872222222236,3701.662894536257,12948.424604551492,223.0,5,59.0,False,0,7005.572,39.0
2821.6310367974766,3786.0,12958.0,223.8812512,5,59.8812512,False,0,7005.713,39.0
2832.787222222224,3901.6426037865076,12971.310963711509,225.0,5,61.0,False,0,7005.892,39.0
2849.509444444446,4076.464758529545,12991.935130641055,215.0,5,0.0,True,0,7006.172,39.0
2849.5668790479695,4077.0,12992.0,214.9472256,5,0.0,True,0,7006.173,39.0
2869.109444444446,4234.802100646248,13011.907706036412,196.0,5,0.0,True,0,7006.532,39.0
2871.1805196576997,4251.0,13014.0,194.39599023222212,5,0.0,True,0,7006.572,39.0
2889.059444444446,4409.286023078298,13034.7802961546,180.0,4,0.0,True,0,7006.931,39.0
2891.052398422887,4433.0,13038.0,178.4625024,4,0.0,True,0,7006.972,39.0
2896.792777777779,4510.7306323575895,13048.678352244813,174.0,4,0.0,True,0,7007.091,39.0
2901.614639740414,4571.0,13057.0,172.48500096,4,0.0,True,0,7007.192,39.0
2906.292777777779,4612.57191937182,13062.722726029573,171.0,4,0.0,True,0,7007.291,39.0
2914.7129391623516,4669.0,13070.0,168.171876,4,0.0,True,0,7007.472,39.0
2921.048333333334,4728.598676999602,13076.830027228796,166.0,4,0.0,True,0,7007.611,39.0
2929.1061773506995,4813.0,13086.0,160.57000192,4,0.0,True,0,7007.7919999999995,39.0
2929.937222222223,4820.964879505852,13086.85096700052,160.0,4,0.0,True,0,7007.811,39.0
2935.159142172981,4870.0,13092.0,157.31111253333333,4,0.0,True,0,7007.932,39.0
2943.536596283404,4961.0,13101.0,152.8666680888889,4,0.0,True,0,7008.132,39.0
2945.137222222223,4978.0216521208495,13102.552820699375,152.0,3,0.0,True,0,7008.171,39.0
2973.9680122734335,5246.0,13113.0,140.30000101052633,3,0.0,True,0,7008.912,39.0
2974.6927777777787,5253.456040012447,13112.776381976595,140.0,3,0.0,True,0,7008.931,39.0
2980.7816666666677,5317.782684679169,13109.657371588615,137.0,3,0.0,True,0,7009.091,39.0
2981.5755589280116,5326.0,13109.0,136.79000064,3,0.0,True,0,7009.112,39.0
2988.2816666666677,5392.640376669724,13101.052418657891,135.0,3,0.0,False,0,7009.291,39.0
2988.3188352117345,5393.0,13101.0,134.9916672,3,0.0,False,0,7009.2919999999995,39.0
2997.8796680361634,5484.0,13085.0,132.82500053333334,3,0.0,False,0,7009.552,39.0
3001.4816666666675,5519.081395850276,13077.638353885837,132.0,3,0.0,False,0,7009.651,39.0
3004.416938764977,5548.0,13071.0,131.19000064,3,0.0,False,0,7009.732,39.0
3008.703888888889,5590.579383598015,13060.11885593263,130.0,3,0.0,False,0,7009.851,39.0
3015.14850313034,5653.0,13042.0,128.8687504,3,0.0,False,0,7010.032,39.0
3020.0816666666674,5697.902362608691,13027.11338794148,128.0,3,0.0,False,0,7010.171,39.0
3021.5402997015126,5714.0,13021.0,128.0,3,0.0,False,0,7010.2119999999995,39.0
3025.7705555555563,5772.507059997582,12996.756395847771,128.0,3,0.0,False,0,7010.331,39.0
3029.365945580803,5820.0,12976.0,127.27142765714285,3,0.0,False,0,7010.433,39.0
3035.5705555555564,5864.956152633987,12954.72776840756,126.0,3,0.0,False,0,7010.611,39.0
3041.8400423454646,5897.0,12936.0,124.17999872,3,3.64000256,False,0,7010.793,39.0
3042.4594444444456,5901.421878758935,12933.380033628982,124.0,3,4.0,False,0,7010.811,39.0
3048.005000000001,5949.432734968685,12904.595334261263,124.0,3,19.0,False,0,7010.972,39.0
3050.106647977637,5968.0,12893.0,124.0,3,20.22000384,False,0,7011.033,39.0
3054.89388888889,6007.636586010934,12866.877877100109,124.0,3,23.0,False,0,7011.172,39.0
3056.3048096743823,6019.0,12859.0,124.0,3,23.40999936,False,0,7011.213,39.0
3061.782777777779,6062.745033991893,12827.046948833497,124.0,3,25.0,False,0,7011.372,39.0
3063.896167776475,6080.0,12814.0,124.30500096,3,25.0,False,0,7011.433,39.0
3068.727222222223,6120.570624758058,12782.520555036654,125.0,3,25.0,False,0,7011.572,39.0
3070.1510275855203,6132.0,12773.0,125.0,3,25.292856685714284,False,0,7011.613,39.0
3072.233234924713,6148.0,12759.0,125.0,3,25.721429942857142,False,0,7011.673,39.0
3078.4494444444454,6194.570846107349,12717.445587620723,125.0,3,27.0,False,0,7011.852,39.0
3080.5747405477164,6210.0,12703.0,125.21785782857143,3,27.21785782857143,False,0,7011.913,39.0
3088.2494444444455,6263.169549358976,12648.965396957334,126.0,3,28.0,False,0,7012.132,39.0
3092.537269708716,6291.0,12617.0,126.7562496,3,28.3781248,False,0,7012.253,39.0
3098.951165051299,6330.0,12567.0,127.8812512,3,28.9406256,False,0,7012.433,39.0
3099.6272222222233,6333.857131749301,12561.817918087707,128.0,3,29.0,False,0,7012.452,39.0
3106.056555145906,6369.0,12512.0,128.0,3,29.0,False,0,7012.633,39.0
3111.0050000000015,6396.902301568604,12467.74784520092,128.0,3,29.0,False,0,7012.772,39.0
3111.754952538984,6401.0,12461.0,128.0656256,3,29.0,False,0,7012.793,39.0
3120.3224774126456,6444.0,12386.0,128.8125,3,29.0,False,0,7013.032,39.0
3122.4716666666677,6454.100792662716,12366.927242727128,129.0,3,29.0,False,0,7013.092,39.0
3128.9103605235896,6483.0,12309.0,129.0,3,31.25,False,0,7013.272,39.0
3131.071666666668,6492.14708784556,12289.759610069745,129.0,3,32.0,False,0,7013.332,39.0
3135.432347946822,6510.0,12251.0,130.20300732583343,3,35.00751831458353,False,0,7013.452,39.0
3145.8125000000014,6550.861674890666,12156.34573387399,133.0,3,42.0,False,0,7013.731,39.0
3145.850489237928,6551.0,12156.0,133.01818065454546,3,42.01590807272727,False,0,7013.732,39.0
3152.7835477783638,6575.0,12093.0,136.29090792727274,3,44.87954443636364,False,0,7013.912,39.0
3161.483168468641,6604.0,12013.0,140.2909079272727,3,48.37954443636364,False,0,7014.132,39.0
3163.0458333333345,6608.847370320749,11998.954540887808,141.0,3,49.0,False,0,7014.171,39.0
3167.9329128528957,6624.0,11953.0,144.0249984,3,50.81499904,False,0,7014.2919999999995,39.0
3171.156944444446,6635.27356320785,11916.665980588046,146.0,3,52.0,False,0,7014.371,39.0
3179.4347222222236,6663.887779559253,11820.38099106693,149.0,3,51.0,False,0,7014.571,39.0
3179.476455650666,6664.0,11820.0,149.0124992,3,51.0166656,False,0,7014.572,39.0
3189.568055555557,6684.385754142768,11748.493678514094,152.0,3,55.0,False,0,7014.811,39.0
3191.333824260544,6689.0,11731.0,152.85416533333333,3,55.0,False,0,7014.852,39.0
3200.034722222223,6720.396692539061,11608.064718733602,157.0,3,55.0,False,0,7015.0509999999995,39.0
3204.4937650295537,6734.0,11554.0,158.08214217142856,3,55.0,False,0,7015.152,39.0
3212.4791666666674,6745.831187641069,11505.962136778875,160.0,3,55.0,False,0,7015.331,39.0
3217.9624299541592,6753.0,11476.0,162.41999872,3,55.60499968,False,0,7015.452,39.0
3221.5902777777787,6759.926030316416,11447.156750557777,164.0,3,56.0,False,0,7015.531,39.0
3228.172976180934,6775.0,11383.0,166.93749866666667,3,56.0,False,0,7015.672,39.0
3232.856944444445,6785.719040264847,11334.604280288331,169.0,4,56.0,False,0,7015.771,39.0
3236.7178478908236,6794.0,11296.0,170.5187488,4,58.0249984,False,0,7015.852,39.0
3240.5013888888902,6801.278721831905,11261.2865915268,172.0,4,60.0,False,0,7015.931,39.0
3253.1269212869665,6826.0,11136.0,174.4468744,4,60.8156248,False,0,7016.192,39.0
3256.0569444444454,6834.089502586447,11093.690011384206,175.0,4,61.0,False,0,7016.251,39.0
3262.183721228038,6851.0,11003.0,178.4031232,4,62.1343744,False,0,7016.372,39.0
3272.4125000000013,6867.028332633515,10903.662205905548,184.0,4,64.0,False,0,7016.571,39.0
3274.5017615809948,6870.0,10884.0,184.0,4,64.2562496,False,0,7016.612,39.0
3280.5902777777787,6879.426389943182,10821.878937888261,184.0,4,65.0,False,0,7016.731,39.0
3283.790786581423,6884.0,10791.0,185.906248,4,65.5718744,False,0,7016.7919999999995,39.0
3290.256120921976,6892.0,10734.0,189.656248,4,66.6968744,False,0,7016.912,39.0
3297.834722222223,6902.823864840448,10651.303812733931,194.0,4,68.0,False,0,7017.0509999999995,39.0
3308.8578612583156,6919.0,10521.0,196.16428434285714,4,68.0,False,0,7017.253,39.0
3313.156944444445,6923.904406305598,10479.611697113827,197.0,4,68.0,False,0,7017.331,39.0
3324.379444444445,6933.451735049866,10392.074718865437,201.0,5,71.0,False,0,7017.532,39.0
3331.1825394421044,6939.0,10333.0,202.5124992,5,71.7562496,False,0,7017.653,39.0
3333.401666666667,6940.865329322049,10311.838582867516,203.0,5,72.0,False,0,7017.692,39.0
3335.7543280965697,6943.0,10287.0,204.0249984,5,72.0,False,0,7017.733,39.0
3353.465683324118,6964.0,10025.0,211.5250048,5,72.0,False,0,7018.033,39.0
3354.601666666667,6965.003174780415,10010.838980006185,212.0,5,72.0,False,0,7018.052,39.0
3376.3016666666667,6973.392355335561,9838.119042095956,217.0,5,71.0,False,0,7018.412,39.0
3378.789038181486,6974.0,9821.0,217.5124992,5,71.0,False,0,7018.4529999999995,39.0
3386.035,6975.867766880636,9769.389649294013,219.0,5,71.0,False,0,7018.572,39.0
3394.7078862500744,6978.0,9699.0,220.7625024,5,71.0,False,0,7018.713,39.0
3400.8350000000005,6979.232952204798,9639.42408637653,222.0,5,71.0,False,0,7018.812,39.0
3410.790555555556,6980.988719116687,9538.576360966277,224.0,5,72.0,False,0,7018.972,39.0
3410.853204988006,6981.0,9538.0,224.015624,5,72.0062496,False,0,7018.973,39.0
3426.071821750422,6985.0,9387.0,227.765624,5,73.5062496,False,0,7019.213,39.0
3431.1461111111107,6988.015124387318,9298.537766641148,229.0,5,74.0,False,0,7019.2919999999995,39.0
3437.6741066383574,6992.0,9183.0,230.37727534545454,5,73.31136232727273,False,0,7019.393,39.0
3459.868333333333,6996.123210866652,9063.424218834554,235.0,5,71.0,False,0,7019.732,39.0
3466.4725934811904,7001.0,9014.0,236.11111111111111,5,71.83333333333333,False,0,7019.832,39.0
3483.768333333333,7026.195526276096,8776.645980857524,239.0,6,74.0,False,0,7020.092,39.0
3486.4476684347446,7030.0,8745.0,239.60301488144245,6,74.20100496048082,False,0,7020.132,39.0
3497.145555555556,7042.743780087962,8656.639272992245,242.0,6,75.0,False,0,7020.291,39.0
3509.4085059886593,7056.0,8586.0,243.80999936,6,75.0,False,0,7020.472,39.0
3510.7011111111105,7057.548274682997,8577.46410026558,244.0,6,75.0,False,0,7020.491,39.0
3525.8001705508036,7087.0,8432.0,245.84166613333332,6,75.92083306666666,False,0,7020.7119999999995,39.0
3527.101111111111,7092.083785389719,8410.383793509835,246.0,6,76.0,False,0,7020.731,39.0
3535.394965426194,7131.0,8252.0,246.7562496,6,72.9750016,False,0,7020.852,39.0
3538.0788888888887,7142.261882005735,8207.974969870844,247.0,6,72.0,False,0,7020.891,39.0
3549.1455555555553,7177.53660394847,8080.635288819492,249.0,6,69.0,False,0,7021.0509999999995,39.0
3560.212222222222,7201.100692186664,8010.7259857670815,249.0,6,69.0,False,0,7021.211,39.0
3567.253113902757,7216.0,7967.0,250.08214217142856,6,69.36071405714286,False,0,7021.312,39.0
3579.812222222222,7242.85856137176,7888.316686881746,252.0,6,70.0,False,0,7021.491,39.0
3596.7416326193515,7292.0,7756.0,252.86071405714284,6,67.41785782857143,False,0,7021.732,39.0
3599.49,7302.996113872818,7728.475513657,253.0,6,67.0,False,0,7021.771,39.0
3603.795505322164,7321.0,7684.0,253.15249984,6,64.25500288,False,0,7021.832,39.0
3622.1806128412536,7391.0,7512.0,253.80249984,6,52.55500288,False,0,7022.092,39.0
3627.7122222222224,7410.208410013831,7462.961689114661,254.0,6,49.0,False,0,7022.171,39.0
3633.345949364037,7431.0,7406.0,251.9750016,6,34.15001173333333,False,0,7022.2519999999995,39.0
3644.2455555555553,7480.703036292535,7252.490129588037,248.0,6,5.0,True,0,7022.411,39.0
3651.0088191277873,7508.0,7156.0,244.2125024,6,7.104165333333333,True,0,7022.512,39.0
3660.178888888889,7530.652228106452,7051.621176260752,239.0,6,10.0,False,0,7022.651,39.0
3678.456666666667,7538.7214913376,6919.449297853054,235.0,6,24.0,False,0,7022.931,39.0
3681.0991530871233,7539.0,6904.0,234.26785828571428,6,27.807136914285714,False,0,7022.972,39.0
3696.345555555555,7536.156132975621,6816.104190325199,230.0,5,50.0,False,0,7023.211,39.0
3700.213832131042,7531.0,6776.0,229.69500032,5,51.82999808,False,0,7023.272,39.0
3716.6559368534986,7490.0,6528.0,228.39500032,5,59.62999808,False,0,7023.532,39.0
3721.6788888888887,7480.336067038139,6475.486149427904,228.0,5,62.0,False,0,7023.611,39.0
3744.7788888888886,7448.451841212436,6351.5837341139495,231.0,5,62.0,False,0,7023.971,39.0
3748.7740899969194,7436.0,6303.0,231.1405898798135,5,61.297050600932515,False,0,7024.033,39.0
3761.6801219218264,7386.0,6102.0,231.59410468485873,5,59.029476575706354,False,0,7024.233,39.0
3773.1988888888886,7371.905533212879,6041.183228201186,232.0,5,57.0,False,0,7024.412,39.0
3777.111082824451,7368.0,6021.0,231.32222008888888,5,48.01941617777778,False,0,7024.473,39.0
3794.8295489389598,7336.0,5845.0,228.21110897777777,5,6.7971939555555565,False,0,7024.753,39.0
3795.998888888889,7334.1923086982315,5833.149655505884,228.0,5,4.0,True,0,7024.772,39.0
3806.8973566029654,7322.0,5729.0,219.59641965714286,5,1.4142829714285714,True,0,7024.9529999999995,39.0
3812.721111111111,7318.383177038922,5670.035603928354,215.0,5,0.0,True,0,7025.052,39.0
3817.4308167392874,7317.0,5622.0,213.15909236363638,5,4.234087563636364,True,0,7025.133,39.0
3833.357376849272,7328.0,5459.0,206.795456,5,18.8704512,True,0,7025.413,39.0
3837.776666666666,7339.503984262437,5403.689657331153,205.0,5,23.0,False,0,7025.492,39.0
3848.890678305947,7378.0,5265.0,201.65000106666668,5,34.724996266666665,False,0,7025.693,39.0
3857.6766666666663,7400.5471212446755,5204.1156398335,199.0,5,44.0,False,0,7025.852,39.0
3864.4210675712275,7421.0,5161.0,200.1343744,5,50.4281216,False,0,7025.973,39.0
3875.632222222222,7471.7200690647205,5060.520493513404,202.0,5,61.0,False,0,7026.172,39.0
3875.6889725321707,7472.0,5060.0,202.0124992,5,61.0124992,False,0,7026.173,39.0
3893.9433333333327,7566.0,4901.0,206.0,5,65.0,False,0,7026.492,39.0
3904.208573165145,7617.0,4817.0,205.1,5,15.5,False,0,7026.672,39.0
3905.332222222222,7621.808679855318,4808.877237288885,205.0,5,10.0,True,0,7026.692,39.0
3913.0700112904487,7655.0,4749.0,201.8109344056952,5,7.767654083986648,True,0,7026.832,39.0
3923.8158202447185,7726.0,4603.0,197.25512641383122,5,4.57858848968186,True,0,7027.032,39.0
3929.111388888888,7746.236315934008,4556.428353789129,195.0,5,3.0,False,0,7027.131,39.0
3939.778055555555,7758.651152374972,4509.038348248377,192.0,4,12.0,False,0,7027.331,39.0
3941.9481438330513,7762.0,4495.0,191.6156256,4,11.1031264,False,0,7027.372,39.0
3953.492837992638,7784.0,4383.0,189.5531256,4,6.2906264,False,0,7027.592,39.0
3956.5780555555552,7786.170326253731,4342.698505263017,189.0,4,5.0,False,0,7027.651,39.0
3969.164765673251,7778.0,4167.0,188.2468752,4,20.062496,False,0,7027.892,39.0
3973.289166666666,7773.604276128964,4127.512198356277,188.0,4,25.0,False,0,7027.971,39.0
3987.9113888888883,7750.111987180612,4043.653516139685,188.0,4,25.0,False,0,7028.251,39.0
3991.0985920328585,7741.0,4019.0,188.0,4,25.0,False,0,7028.312,39.0
4002.5336111111105,7697.211075873252,3906.4895779580593,188.0,4,25.0,False,0,7028.531,39.0
4002.5857133265336,7697.0,3906.0,188.0,4,25.1821312,False,0,7028.532,39.0
4012.998218450691,7653.0,3817.0,188.0,4,61.61070262857143,False,0,7028.732,39.0
4017.155833333333,7631.981904877204,3780.9339889808334,188.0,4,76.0,False,0,7028.811,39.0
4023.606323977742,7595.0,3724.0,190.2687488,4,76.0,False,0,7028.932,39.0
4034.400277777777,7523.271918884344,3632.189801990235,194.0,4,76.0,False,0,7029.131,39.0
4036.6458595634986,7508.0,3615.0,195.0249984,4,76.40999936,False,0,7029.172,39.0
4045.4558333333325,7449.11004446442,3556.233496597672,199.0,4,78.0,False,0,7029.331,39.0
4055.805760234553,7376.0,3498.0,204.027776,4,89.0611072,False,0,7029.512,39.0
4066.3558333333326,7289.765204915835,3441.7396968666135,209.0,5,100.0,False,0,7029.691,39.0
4071.2213164761533,7248.0,3417.0,211.0249984,5,100.0,False,0,7029.772,39.0
4073.645039242378,7227.0,3405.0,212.0249984,5,100.0,False,0,7029.812,39.0
4095.8224999999993,7034.0260639792705,3304.5549961420797,221.0,5,100.0,False,0,7030.171,39.0
4095.946974562464,7033.0,3304.0,221.027776,5,99.9944448,False,0,7030.173,39.0
4107.18041723566,6943.0,3252.0,223.52777955555555,5,99.49444408888888,False,0,7030.353,39.0
4117.276349884864,6862.0,3196.0,225.75000177777778,5,99.04999964444444,False,0,7030.513,39.0
4118.4225,6853.08601837941,3189.0672944188464,226.0,5,99.0,False,0,7030.531,39.0
4134.034983621487,6738.0,3086.0,230.82792839148982,5,97.79301790212754,False,0,7030.773,39.0
4137.961965755499,6710.0,3059.0,232.02494117106292,5,97.49376470723426,False,0,7030.833,39.0
4144.487499999999,6663.783464976024,3012.8480207369025,234.0,5,97.0,False,0,7030.932,39.0
4155.2222174994895,6586.0,2930.0,237.5218736,5,98.0062496,False,0,7031.093,39.0
4165.909722222222,6501.682227547305,2832.982667161614,241.0,6,99.0,False,0,7031.2519999999995,39.0
4175.411206429255,6431.0,2746.0,242.41000192,6,99.0,False,0,7031.393,39.0
4179.409722222221,6405.173704461266,2712.2970318819753,243.0,6,99.0,False,0,7031.452,39.0
4197.32391245202,6310.0,2574.0,246.62500266666666,6,99.72500053333333,False,0,7031.713,39.0
4204.209722222222,6275.959973017885,2519.4146445547412,248.0,6,100.0,False,0,7031.812,39.0
4212.6910568460935,6233.0,2447.0,250.0166656,6,100.0,False,0,7031.933,39.0
4224.002257914897,6172.0,2339.0,252.68333226666667,6,100.0,False,0,7032.093,39.0
4229.6097222222215,6144.642896677851,2288.203460115359,254.0,6,100.0,False,0,7032.172,39.0
4238.2251864284935,6106.0,2214.0,255.81499904,6,99.39500032,False,0,7032.293,39.0
4243.887499999999,6081.37935734625,2166.0778641093834,257.0,6,99.0,False,0,7032.372,39.0
4262.878229762917,5999.0,2002.0,260.91500288,6,99.65250048,False,0,7032.633,39.0
4273.1097222222215,5950.845703115752,1903.9527231044747,263.0,6,100.0,False,0,7032.772,39.0
4274.660198307383,5944.0,1890.0,263.42000384,6,100.0,False,0,7032.793,39.0
4287.9430555555555,5889.077437152441,1778.070221491065,267.0,6,100.0,False,0,7032.972,39.0
4290.9360620296075,5873.0,1745.0,267.7142857142857,6,99.85714285714286,False,0,7033.012,39.0
4307.5721035135,5762.0,1515.0,271.64285714285717,6,99.07142857142857,False,0,7033.232,39.0
4309.0986111111115,5754.196791970873,1498.794550858987,272.0,7,99.0,False,0,7033.2519999999995,39.0
4335.341622676282,5683.0,1350.0,277.112781134792,7,99.0,False,0,7033.592,39.0
4339.910277777778,5666.351772818187,1314.9590531340873,278.0,7,99.0,False,0,7033.651,39.0
4352.310277777778,5610.866539343687,1198.14820698152,279.0,7,98.0,False,0,7033.811,39.0
4355.507571603257,5597.0,1169.0,279.7687488,7,96.718752,False,0,7033.852,39.0
4364.8436111111105,5559.142282137545,1089.563412519134,282.0,7,93.0,False,0,7033.971,39.0
4371.2421899799565,5534.0,1037.0,283.0124992,7,94.7718736,False,0,7034.052,39.0
4388.751067186075,5464.0,891.0,285.7624992,7,99.58437359999999,False,0,7034.272,39.0
4390.265833333333,5457.844594447302,878.047233774116,286.0,7,100.0,False,0,7034.291,39.0
4401.515103759981,5409.0,775.0,287.1749994666667,7,100.0,False,0,7034.432,39.0
4409.465833333333,5365.4427662739645,684.144160237735,288.0,7,100.0,False,0,7034.531,39.0
4422.546980966303,5294.0,536.0,290.68333226666664,7,99.55277795555556,False,0,7034.692,39.0
4438.865833333332,5243.292791873978,430.6878702516699,294.0,7,99.0,False,0,7034.891,39.0
4443.872615823211,5227.0,397.0,294.5083328,7,97.9833344,False,0,7034.952,39.0
4458.599166666665,5163.967587230237,267.25536927414066,296.0,7,95.0,False,0,7035.131,39.0
4468.618267539208,5119.0,175.0,297.2964278857143,7,97.16071314285715,False,0,7035.2519999999995,39.0
4481.8547222222205,5064.732626440038,63.92742182684338,299.0,7,100.0,False,0,7035.411,39.0
4486.949445544858,5039.0,11.0,299.60999936,7,99.39000064,False,0,7035.472,39.0
4498.576944444443,4963.71981732104,-144.5859530731241,301.0,7,98.0,False,0,7035.611,39.0
4505.347502896799,4923.0,-229.0,301.0,7,96.9875008,False,0,7035.692,39.0
4511.954722222221,4892.273995699557,-292.8770960139328,301.0,8,96.0,False,0,7035.771,39.0
4537.275602033953,4821.0,-442.0,302.8812496,8,99.7624992,False,0,7036.072,39.0
4538.888055555555,4815.604348478937,-453.2185024205195,303.0,8,100.0,False,0,7036.091,39.0
4556.070576099915,4740.0,-610.0,306.01499904,8,100.0,False,0,7036.2919999999995,39.0
4573.221388888888,4614.32099515062,-870.9614906008356,309.0,8,100.0,False,0,7036.491,39.0
4578.489662046702,4583.0,-936.0,309.4357138285714,8,100.0,False,0,7036.552,39.0
4597.410277777777,4530.445578140641,-1044.945673996181,311.0,8,100.0,False,0,7036.771,39.0
4606.190710269746,4508.0,-1091.0,310.48999936,8,100.0,False,0,7036.873,39.0
4614.6325,4476.280444556016,-1155.9127747411205,310.0,8,100.0,False,0,7036.971,39.0
4628.657442353911,4413.0,-1285.0,311.0093451981249,8,100.0,False,0,7037.133,39.0
4642.452499999999,4355.315627023111,-1401.8453585596073,312.0,8,100.0,False,0,7037.2919999999995,39.0
4647.738556629089,4329.0,-1455.0,312.0,8,100.0,False,0,7037.353,39.0
4659.785833333333,4255.491526167255,-1603.3838978522435,312.0,8,100.0,False,0,7037.492,39.0
4665.084634684579,4225.0,-1665.0,312.1906256,8,100.0,False,0,7037.553,39.0
4687.608055555556,4137.169703821849,-1843.1100542250188,313.0,8,100.0,False,0,7037.812,39.0
4699.805510151868,4094.0,-1928.0,312.29499904,8,100.0,False,0,7037.9529999999995,39.0
4706.702858209447,4066.0,-1982.0,311.89499904,8,100.0,False,0,7038.033,39.0
4722.163611111111,3995.1673706029883,-2121.627601296419,311.0,8,100.0,False,0,7038.2119999999995,39.0
4727.447042536289,3968.0,-2175.0,311.2178578285714,8,100.0,False,0,7038.273,39.0
4746.4302777777775,3858.062585404655,-2387.59755217289,312.0,8,100.0,False,0,7038.492,39.0
4756.870549095452,3803.0,-2493.0,311.2437504,8,100.0,False,0,7038.613,39.0
4773.985833333334,3735.919062570665,-2620.261951185267,310.0,8,100.0,False,0,7038.812,39.0
4787.719166666667,3688.7476640920595,-2708.4325939301298,309.0,8,100.0,False,0,7038.972,39.0
4791.217169556001,3675.0,-2734.0,308.2312512,8,100.0,False,0,7039.013,39.0
4801.319166666666,3631.262522072096,-2815.0791183506612,306.0,8,100.0,False,0,7039.132,39.0
4816.584087685374,3558.0,-2949.0,303.7374976,8,100.0,False,0,7039.313,39.0
4821.519166666666,3533.851992017664,-2992.226818199453,303.0,8,100.0,False,0,7039.372,39.0
4838.074722222222,3451.3014460226677,-3136.725380762848,298.0,8,100.0,False,0,7039.572,39.0
4839.717288697737,3443.0,-3151.0,297.6,8,100.0,False,0,7039.592,39.0
4852.782625362607,3376.0,-3264.0,294.4,8,100.0,False,0,7039.7519999999995,39.0
4854.408055555556,3367.455957266769,-3277.9610808664047,294.0,8,100.0,False,0,7039.772,39.0
4864.127634563367,3316.0,-3360.0,291.0,8,100.0,False,0,7039.892,39.0
4873.608055555555,3266.1969756351186,-3436.556669721205,288.0,8,100.0,True,0,7040.012,39.0
4878.190113207714,3236.0,-3479.0,283.0,8,76.0,True,0,7040.072,39.0
4891.474722222223,3109.702178690607,-3638.2866838135683,268.0,8,4.0,True,0,7040.2519999999995,39.0
4901.612646279201,3023.0,-3742.0,260.95597767809704,8,3.1194972097621294,True,0,7040.392,39.0
4902.958055555556,3014.6746907385736,-3751.789868871926,260.0,8,3.0,True,0,7040.411,39.0
4916.624722222223,2970.203748898988,-3799.8804563415824,246.0,8,5.0,True,0,7040.611,39.0
4923.3171287073255,2943.0,-3823.0,242.3527800888889,8,5.561110755555555,True,0,7040.7119999999995,39.0
4938.735493338163,2824.0,-3918.0,233.68611342222223,8,6.894444088888889,True,0,7040.952,39.0
4939.924722222223,2813.474630035758,-3925.399984119371,233.0,6,7.0,True,0,7040.971,39.0
4952.202500000001,2700.5724779769203,-3993.7000086774106,221.0,6,10.0,True,0,7041.171,39.0
4952.263229046253,2700.0,-3994.0,220.984376,6,10.0062496,True,0,7041.172,39.0
4965.515886110628,2579.0,-4049.0,217.546876,6,11.3812496,True,0,7041.392,39.0
4971.402500000001,2537.843020806048,-4064.805324217258,216.0,5,12.0,False,0,7041.491,39.0
4976.181290745075,2503.0,-4076.0,214.31250133333333,5,21.449992533333333,False,0,7041.572,39.0
4985.469166666669,2414.7780281025402,-4098.359309914013,211.0,5,40.0,False,0,7041.731,39.0
4987.8460186424545,2391.0,-4103.0,210.38500096,5,42.86999552,False,0,7041.772,39.0
4997.024722222224,2301.1939068949114,-4114.245846861867,208.0,5,54.0,False,0,7041.931,39.0
5000.553982156194,2267.0,-4116.0,208.1906248,5,57.4312464,False,0,7041.992,39.0
5009.841155616894,2176.0,-4114.0,208.6906248,5,66.43124639999999,False,0,7042.152,39.0
5015.602500000002,2116.5980531272508,-4107.150805871957,209.0,5,72.0,False,0,7042.251,39.0
5024.991712890527,2021.0,-4089.0,209.80499968,5,67.9750016,False,0,7042.412,39.0
5027.269166666669,1999.8266325791826,-4083.9402420174056,210.0,5,67.0,False,0,7042.451,39.0
5038.991388888891,1887.7004237572999,-4045.3141227833717,211.0,5,65.0,False,0,7042.651,39.0
5039.050464247711,1887.0,-4045.0,211.0124992,5,65.0531216,False,0,7042.652,39.0
5052.1786054334225,1709.0,-3951.0,213.7624992,5,76.7406216,False,0,7042.872,39.0
5058.102500000002,1642.1563909602785,-3906.622565593949,215.0,5,82.0,False,0,7042.971,39.0
5067.658055555557,1562.1772847503896,-3837.9137346152665,215.0,5,80.0,False,0,7043.131,39.0
5078.629471786154,1496.0,-3771.0,216.95000137142858,5,93.00000914285714,False,0,7043.313,39.0
5084.613611111113,1468.3300408240932,-3741.0763839012466,218.0,5,100.0,False,0,7043.411,39.0
5102.146593502003,1403.0,-3662.0,223.27102669578102,5,100.0,False,0,7043.693,39.0
5104.586944444446,1392.314178269679,-3648.563025957099,224.0,5,100.0,False,0,7043.732,39.0
5118.440832369913,1309.0,-3529.0,225.65750144,5,100.0,False,0,7043.9529999999995,39.0
5128.592103541853,1210.0,-3357.0,226.85750144,5,100.0,False,0,7044.113,39.0
5129.809166666669,1200.56635114534,-3340.1972537351003,227.0,5,100.0,False,0,7044.132,39.0
5145.342500000002,1151.0220744613332,-3245.9738725082834,233.0,6,100.0,False,0,7044.372,39.0
5158.3751981723835,1113.0,-3172.0,233.9136360727273,6,100.0,False,0,7044.573,39.0
5174.064722222224,1000.4881766333764,-2971.822874150184,235.0,6,100.0,False,0,7044.812,39.0
5174.131379185505,1000.0,-2971.0,235.0281232,6,100.0,False,0,7044.813,39.0
5195.753611111113,864.8761731484115,-2763.6791253781766,244.0,6,100.0,False,0,7045.132,39.0
5199.931634973991,847.0,-2738.0,245.1437536,6,100.0,False,0,7045.193,39.0
5206.73138888889,824.6677765005855,-2706.408063556946,247.0,6,100.0,False,0,7045.2919999999995,39.0
5222.0076795241375,778.0,-2643.0,248.84166826666666,6,100.0,False,0,7045.513,39.0
5223.331388888891,771.4988901486671,-2634.173451965353,249.0,6,100.0,False,0,7045.532,39.0
5238.852842167099,674.0,-2502.0,252.1571456,6,100.0,False,0,7045.753,39.0
5243.0091666666685,648.2325151396847,-2467.3942197266456,253.0,6,100.0,False,0,7045.812,39.0
5251.536088405317,598.0,-2400.0,253.7562496,6,100.0,False,0,7045.933,39.0
5254.298055555557,582.3526644044496,-2378.8011734827,254.0,6,100.0,False,0,7045.972,39.0
5262.927709058722,531.0,-2309.0,256.2687488,6,100.0,False,0,7046.093,39.0
5265.720277777778,511.02353276549604,-2282.0670040323657,257.0,6,100.0,False,0,7046.132,39.0
5285.864722222223,339.6893144679435,-2053.6654770118703,259.0,6,100.0,False,0,7046.412,39.0
5288.7578005921805,321.0,-2029.0,259.4,6,100.0,False,0,7046.452,39.0
5300.364722222223,270.30534249274575,-1962.9758075684276,261.0,6,100.0,False,0,7046.612,39.0
5314.920277777778,224.681704037001,-1906.2806336539377,262.0,6,99.0,False,0,7046.812,39.0
5316.376505827884,218.0,-1898.0,262.125,6,99.125,False,0,7046.832,39.0
5326.609166666667,159.85733778575738,-1826.085181026251,263.0,6,100.0,False,0,7046.972,39.0
5334.049729558212,106.0,-1763.0,263.4555807991864,6,95.44419200813601,False,0,7047.072,39.0
5337.060334655919,82.0,-1736.0,263.63781311886095,6,93.62186881139043,False,0,7047.112,39.0
5358.924444444444,-56.25769578485612,-1575.1608968203968,265.0,6,80.0,True,0,7047.411,39.0
5360.336851482141,-66.0,-1564.0,262.7090978909091,6,76.18182981818182,True,0,7047.432,39.0
5375.243726637418,-183.0,-1433.0,236.52727970909092,6,32.54546618181818,True,0,7047.672,39.0
5385.446666666666,-252.6263417627792,-1354.4230494810072,217.0,6,0.0,True,0,7047.851,39.0
5385.502385864993,-253.0,-1354.0,216.93409512727274,6,0.0,True,0,7047.852,39.0
5395.301368291208,-325.0,-1273.0,205.07045876363637,6,0.0,True,0,7048.032,39.0
5408.424444444444,-459.64638183837985,-1126.3809001379582,188.0,4,0.0,True,0,7048.291,39.0
5408.472372610887,-460.0,-1126.0,187.88000768,4,0.0,True,0,7048.2919999999995,39.0
5417.535555555554,-493.02937001139134,-1091.533749935038,164.0,4,0.0,True,0,7048.491,39.0
5421.679846938185,-511.0,-1076.0,156.98611555555556,4,0.0,True,0,7048.592,39.0
5428.453649130371,-571.0,-1026.0,144.48611555555556,4,0.0,True,0,7048.772,39.0
5431.435555555554,-596.5781420011956,-1007.486640980934,139.0,4,0.0,True,0,7048.851,39.0
5436.849629755132,-640.0,-981.0,139.0,4,0.0,True,0,7048.992,39.0
5443.79111111111,-700.689225064439,-950.1723912371378,139.0,4,0.0,True,0,7049.171,39.0
5444.601438164209,-708.0,-947.0,139.0,4,0.0,True,0,7049.192,39.0
5451.51771363928,-771.0,-925.0,139.0,4,0.0,True,0,7049.372,39.0
5456.146666666665,-812.0290416981801,-916.442719542531,139.0,4,0.0,True,0,7049.491,39.0
5460.930566304111,-855.0,-912.0,139.0,4,0.0,True,0,7049.612,39.0
5463.868888888887,-884.8132057488583,-910.9731485554636,139.0,4,0.0,True,0,7049.691,39.0
5470.649258385561,-967.0,-916.0,120.33180741818182,4,0.5045457454545454,True,0,7049.913,39.0
5475.3332693914845,-1016.0,-928.0,105.1954653090909,4,0.9136360727272728,True,0,7050.093,39.0
5476.335555555554,-1025.1791294958537,-931.0075400387414,102.0,4,1.0,True,0,7050.131,39.0
5481.7420959070705,-1076.0,-954.0,99.48129795212735,4,15.608471877661348,True,0,7050.333,39.0
5487.140277777776,-1145.334815461873,-999.0891614435739,97.0,4,30.0,False,0,7050.532,39.0
5487.710825767172,-1151.0,-1003.0,97.10500096,4,30.94500864,False,0,7050.553,39.0
5492.58472222222,-1177.3962669832272,-1022.653480814036,98.0,2,39.0,False,0,7050.732,39.0
5495.914093814611,-1198.0,-1039.0,99.5124992,2,41.2687488,False,0,7050.853,39.0
5497.029166666664,-1208.3398049992434,-1046.9826275244423,100.0,2,42.0,False,0,7050.892,39.0
5504.451359502665,-1291.0,-1109.0,109.46785462857143,2,52.32856868571429,False,0,7051.133,39.0
5505.662499999998,-1300.8073263203348,-1115.9067683408882,111.0,2,54.0,False,0,7051.172,39.0
5510.595833333331,-1326.1398112441443,-1131.4710894602983,111.0,2,56.0,False,0,7051.332,39.0
5515.119422325995,-1351.0,-1142.0,113.51786057142857,2,39.88569234285714,False,0,7051.473,39.0
5519.618055555553,-1389.550214099613,-1156.6746130757917,116.0,2,24.0,False,0,7051.612,39.0
5522.811121956637,-1421.0,-1166.0,114.98999808,2,25.76750336,False,0,7051.713,39.0
5532.062499999997,-1512.3760517816224,-1171.8017941554608,112.0,2,31.0,False,0,7052.012,39.0
5532.717259823602,-1519.0,-1171.0,112.10500096,2,31.68250624,False,0,7052.033,39.0
5534.593731573281,-1538.0,-1168.0,112.40499968,2,33.63249792,False,0,7052.093,39.0
5544.729166666664,-1635.5244349503466,-1144.964238021256,114.0,2,44.0,False,0,7052.412,39.0
5545.407280588592,-1644.0,-1142.0,114.30000274285715,2,44.37500342857143,False,0,7052.433,39.0
5551.280821229451,-1723.0,-1111.0,116.87142765714286,2,47.58928457142857,False,0,7052.613,39.0
5553.906944444442,-1746.4267699286074,-1100.9178623495122,118.0,2,49.0,False,0,7052.692,39.0
5560.703056913919,-1783.0,-1081.0,121.125,2,49.0,False,0,7052.892,39.0
5564.840277777776,-1812.2798742877007,-1062.050613954616,123.0,2,49.0,False,0,7053.012,39.0
5570.440277777776,-1857.619873039402,-1030.0625463130193,126.0,3,50.0,False,0,7053.172,39.0
5572.632645738164,-1873.0,-1018.0,128.0625,3,51.5,False,0,7053.232,39.0
5582.618055555554,-1929.1388526530986,-964.9025140876477,137.0,3,58.0,False,0,7053.492,39.0
5585.718669624539,-1947.0,-945.0,138.6,3,59.6,False,0,7053.572,39.0
5590.451388888887,-1976.3259831864839,-910.3500319167323,141.0,3,62.0,False,0,7053.692,39.0
5597.11766104394,-2018.0,-859.0,146.6140341872226,3,67.21303174527812,False,0,7053.852,39.0
5603.234651324903,-2054.0,-814.0,151.52631410104235,3,71.77443452239646,False,0,7053.992,39.0
5607.630555555554,-2078.1004399277845,-782.9659740985701,155.0,3,75.0,False,0,7054.091,39.0
5610.365723332029,-2093.0,-763.0,156.5249984,3,76.21999872,False,0,7054.152,39.0
5620.403326121569,-2149.0,-679.0,162.0249984,3,80.61999872,False,0,7054.372,39.0
5625.963888888887,-2178.324840052494,-623.2104284387726,165.0,4,83.0,False,0,7054.491,39.0
5635.574999999998,-2221.8155149721915,-524.4541184603072,173.0,4,87.0,False,0,7054.691,39.0
5635.624444925081,-2222.0,-524.0,173.062496,4,87.0124992,False,0,7054.692,39.0
5643.708333333331,-2247.0253351489755,-457.3283116058342,183.0,4,89.0,False,0,7054.851,39.0
5655.811198968222,-2272.0,-368.0,190.10356937142856,4,91.17053508571429,False,0,7055.072,39.0
5706.904691423828,-2309.0,97.0,216.46071222857142,4,99.22410651428571,False,0,7055.892,39.0
5711.841666666664,-2304.3050453914857,145.15749595139476,219.0,5,100.0,False,0,7055.971,39.0
5719.363765031934,-2294.0,218.0,222.0249984,5,100.0,False,0,7056.092,39.0
5724.286111111109,-2285.414384938657,264.06289238815884,224.0,5,100.0,False,0,7056.171,39.0
5730.625008076024,-2273.0,321.0,225.8937488,5,100.0,False,0,7056.272,39.0
5734.374999999997,-2265.4431553126587,353.11889062455936,227.0,5,100.0,False,0,7056.331,39.0
5746.2321764636445,-2228.0,467.0,232.1187536,5,100.0,False,0,7056.513,39.0
5755.352777777775,-2162.5356496041277,604.2272843065981,236.0,6,100.0,False,0,7056.651,39.0
5762.094632551318,-2116.0,695.0,237.53000192,6,100.0,False,0,7056.753,39.0
5768.630555555553,-2087.621183560397,748.058104182619,239.0,6,100.0,False,0,7056.851,39.0
5783.825978785498,-2040.0,818.0,244.53271457350073,6,100.0,False,0,7057.073,39.0
5790.654722222221,-1995.2975216268874,880.1809628648231,247.0,6,100.0,False,0,7057.172,39.0
5807.25472222222,-1855.505112232362,1073.3047985276596,249.0,6,100.0,False,0,7057.412,39.0
5807.325016877568,-1855.0,1074.0,249.03999744,6,100.0,False,0,7057.413,39.0
5821.532499999998,-1771.6115037967597,1188.2609892045602,257.0,6,100.0,False,0,7057.612,39.0
5831.234999949789,-1734.6716486530995,1238.1887478929987,259.01000192000004,6,100.0,False,0,7057.746,39.0
0.08465690218069222,-1746.3330979599914,1222.802762262721,259.01000192000004,6,100.0,False,0,7057.746,40.0
4.96217093420788,-1722.0,1255.0,260.01499904,6,100.0,False,0,7057.813,40.0
19.656111111111116,-1644.7815084155836,1355.1724178267434,263.0,6,100.0,False,0,7058.012,40.0
36.336242923283855,-1549.0,1476.0,268.5250048,6,100.0,False,0,7058.233,40.0
53.145,-1440.543587229789,1611.3040006412084,274.0,7,100.0,False,0,7058.452,40.0
53.22216879396324,-1440.0,1612.0,274.0214272,7,100.0,False,0,7058.453,40.0
68.737612463033,-1328.0,1759.0,278.3071414857143,7,100.0,False,0,7058.653,40.0
74.92277777777778,-1290.5966832783731,1809.194534315166,280.0,7,100.0,False,0,7058.732,40.0
93.92277777777778,-1200.9092017446137,1932.9871163977286,285.0,7,100.0,False,0,7058.972,40.0
101.99283040854942,-1157.0,1994.0,286.4428598857143,7,100.0,False,0,7059.073,40.0
113.24911086739364,-1087.0,2091.0,288.44285622857143,7,100.0,False,0,7059.213,40.0
116.40055555555556,-1067.8468324088697,2117.4309977879166,289.0,7,100.0,False,0,7059.252,40.0
131.03530169315326,-983.0,2234.0,291.25,7,100.0,False,0,7059.432,40.0
149.06722222222223,-877.6360773382296,2378.745413104847,294.0,7,100.0,False,0,7059.652,40.0
150.71084067076725,-868.0,2392.0,294.15,7,100.0,False,0,7059.6720000000005,40.0
168.83762994611473,-762.0,2538.0,295.8,7,100.0,False,0,7059.892,40.0
182.06722222222226,-685.311766195958,2643.9549959776796,297.0,7,100.0,False,0,7060.052,40.0
185.3800665175267,-666.0,2671.0,297.2857142857143,7,100.0,False,0,7060.092,40.0
190.35341763019161,-637.0,2712.0,297.7142857142857,7,100.0,False,0,7060.152,40.0
205.3227777777778,-555.3486697486615,2830.183416785565,299.0,7,100.0,False,0,7060.332,40.0
217.0403281314753,-491.0,2925.0,300.5053759987668,7,100.0,False,0,7060.472,40.0
228.72777777777782,-422.14234127259255,3026.906925849887,302.0,8,100.0,False,0,7060.611,40.0
232.18304503064797,-402.0,3057.0,302.5124992,8,100.0,False,0,7060.652,40.0
242.2388888888889,-345.48587188012516,3142.468816033862,304.0,8,100.0,False,0,7060.771,40.0
254.22414334985098,-281.0,3240.0,305.40999936,8,100.0,False,0,7060.912,40.0
259.23888888888894,-254.33774857517852,3279.559507151783,306.0,8,100.0,False,0,7060.9710000000005,40.0
271.18898399218205,-190.0,3374.0,305.5593752,8,99.5593752,False,0,7061.112,40.0
283.04079416152587,-118.0,3479.0,305.1218752,8,99.1218752,False,0,7061.252,40.0
286.35,-92.60112443834039,3514.6960398262677,305.0,8,99.0,False,0,7061.291,40.0
303.35,59.027091648461976,3720.703926180414,306.0,8,100.0,False,0,7061.491,40.0
305.13157348993553,72.0,3738.0,305.8687504,8,99.8687504,False,0,7061.512,40.0
316.90555555555557,135.74589600382703,3821.2658803826703,305.0,8,99.0,False,0,7061.651,40.0
330.46111111111117,178.54146777706967,3872.23939480083,305.0,8,100.0,False,0,7061.811,40.0
339.00756720490426,221.0,3922.0,304.49500032,8,100.0,False,0,7061.912,40.0
347.35,275.4336116942523,3985.3552547920153,304.0,8,100.0,False,0,7062.011,40.0
347.43396490159023,276.0,3986.0,303.98000128,8,100.0,False,0,7062.012,40.0
364.0166666666667,388.94927213823576,4106.168581152037,300.0,8,100.0,False,0,7062.211,40.0
370.68170820669803,440.0,4154.0,298.6500010666667,8,100.0,False,0,7062.292,40.0
393.41666666666674,641.2944604926515,4313.526132905518,294.0,8,100.0,False,0,7062.571,40.0
393.4983352570425,642.0,4314.0,294.0,8,100.0,False,0,7062.572,40.0
406.4833333333334,749.1869778203065,4377.045430456471,294.0,8,100.0,False,0,7062.731,40.0
422.59444444444443,875.7751969864803,4430.482052929599,290.0,8,99.0,False,0,7062.9310000000005,40.0
425.8802414204365,902.0,4440.0,289.59000064,8,99.20499968,False,0,7062.972,40.0
438.59444444444443,1010.4967360575744,4472.953099797203,288.0,8,100.0,False,0,7063.131,40.0
441.94851723994026,1049.0,4481.0,287.8250005333333,8,100.0,False,0,7063.173,40.0
457.72777777777776,1284.7526338883533,4513.773157642853,287.0,8,100.0,False,0,7063.371,40.0
457.88670380040924,1287.0,4514.0,286.98010076978335,8,100.0,False,0,7063.3730000000005,40.0
473.6402777777777,1469.9095899361118,4523.3420690539515,285.0,8,100.0,False,0,7063.572,40.0
489.3069444444444,1596.0202695670553,4517.205160101295,282.0,8,100.0,False,0,7063.772,40.0
492.50168085420876,1619.0,4516.0,281.69250048,8,100.0,False,0,7063.813,40.0
512.6532514481664,1759.0,4506.0,279.74249856,8,100.0,False,0,7064.073,40.0
520.3069444444444,1830.635270673278,4497.292762871296,279.0,8,100.0,False,0,7064.1720000000005,40.0
529.6566406156885,1928.0,4484.0,278.39500032,8,100.0,False,0,7064.293,40.0
535.7513888888889,1991.3057969673814,4475.074977544819,278.0,8,100.0,False,0,7064.372,40.0
548.1407236309033,2119.0,4458.0,277.19500032,8,100.0,False,0,7064.533,40.0
551.1402777777777,2149.497142260337,4454.61398389597,277.0,8,100.0,False,0,7064.572,40.0
566.5291666666666,2302.103876786735,4442.342931660613,277.0,7,100.0,False,0,7064.772,40.0
569.6858308793794,2332.0,4441.0,277.0,7,100.0,False,0,7064.813,40.0
578.8402777777777,2416.5210549571766,4439.275071559229,277.0,7,100.0,False,0,7064.932,40.0
581.9846728701542,2447.0,4439.0,276.7071433142857,7,100.0,False,0,7064.973,40.0
591.1570586879637,2546.0,4440.0,275.85000045714287,7,100.0,False,0,7065.093,40.0
600.2291666666666,2670.419497161427,4452.30837810996,275.0,7,100.0,False,0,7065.212,40.0
612.4069444444444,2852.0597698680435,4481.60110679665,274.0,7,99.0,False,0,7065.372,40.0
617.042777756707,2903.0,4491.0,273.7458325333333,7,99.25416746666667,False,0,7065.433,40.0
630.6069444444444,2986.292364606372,4510.995939680733,273.0,7,100.0,False,0,7065.612,40.0
642.6513888888888,3047.466693932993,4535.779941079854,271.0,7,99.0,False,0,7065.772,40.0
642.7265255488251,3048.0,4536.0,270.9958336,7,99.0041664,False,0,7065.773,40.0
660.6513888888888,3215.432563283519,4607.475780273614,270.0,7,100.0,False,0,7066.012,40.0
665.1400689716315,3253.0,4626.0,269.7857142857143,7,100.0,False,0,7066.072,40.0
669.6241241246282,3286.0,4644.0,269.57142857142856,7,100.0,False,0,7066.1320000000005,40.0
681.5736111111111,3387.3230761707705,4705.177807317486,269.0,7,100.0,False,0,7066.292,40.0
686.0559221608843,3433.0,4737.0,269.0,7,100.0,False,0,7066.352,40.0
696.5180555555556,3557.8293018149266,4834.4197700202785,269.0,7,100.0,False,0,7066.492,40.0
706.9813884661041,3673.0,4931.0,269.0,7,100.0,False,0,7066.6320000000005,40.0
708.4736111111112,3685.790349104661,4942.012337996019,269.0,7,100.0,False,0,7066.652,40.0
723.3625,3763.5159482929516,5013.998265641032,268.0,7,100.0,False,0,7066.852,40.0
738.2644765993406,3830.0,5084.0,268.0,7,100.0,False,0,7067.052,40.0
741.2291666666666,3849.8740864462834,5104.436574399139,268.0,7,100.0,False,0,7067.092,40.0
744.1854817622353,3872.0,5127.0,267.25,7,100.0,False,0,7067.1320000000005,40.0
753.0069444444445,3952.245113740596,5207.340036168556,265.0,7,100.0,False,0,7067.252,40.0
764.6227777777777,4076.0625601646257,5328.665136648586,263.0,7,100.0,False,0,7067.411,40.0
769.0937274937387,4118.0,5369.0,262.6187504,7,99.6187504,False,0,7067.472,40.0
776.2672222222222,4178.108097028392,5425.7628245230935,262.0,7,99.0,True,0,7067.571,40.0
787.1561111111112,4254.8427717744225,5495.41985513449,245.0,7,10.0,True,0,7067.731,40.0
795.6929136134125,4305.0,5540.0,229.72500693333333,7,6.083335111111111,True,0,7067.872,40.0
807.7561111111112,4355.152839483182,5583.639486583419,206.0,7,0.0,True,0,7068.091,40.0
814.4022509607033,4396.0,5618.0,198.437504,7,0.7562496,True,0,7068.212,40.0
816.4672222222223,4413.954671606833,5633.019939145874,196.0,7,1.0,True,0,7068.251,40.0
828.0769533335433,4545.0,5742.0,175.34286262857142,7,1.0,True,0,7068.492,40.0
829.845,4559.59858250696,5754.008545338745,172.0,6,1.0,True,0,7068.531,40.0
841.1248982045403,4619.0,5799.0,156.15357531428572,6,1.0,True,0,7068.792,40.0
841.9005555555556,4624.353027697553,5802.570408253743,155.0,4,1.0,True,0,7068.811,40.0
850.510021651051,4700.0,5849.0,141.187504,4,1.9208330666666666,True,0,7069.032,40.0
851.2338888888889,4706.280347683803,5852.329745025435,140.0,3,2.0,True,0,7069.051,40.0
858.0731897009567,4764.0,5877.0,136.76785828571428,3,1.353571657142857,True,0,7069.232,40.0
861.7338888888889,4799.846399673851,5887.219982494665,135.0,3,1.0,True,0,7069.331,40.0
865.3917915294487,4837.0,5895.0,132.4750016,3,1.3156248,True,0,7069.432,40.0
871.7332034488329,4898.0,5901.0,127.9500032,3,1.8812495999999999,True,0,7069.613,40.0
873.0227777777778,4911.106762045983,5901.148642004169,127.0,3,2.0,True,0,7069.651,40.0
878.3539776971966,4968.0,5898.0,121.937504,3,2.5062496,True,0,7069.813,40.0
883.4227777777778,5019.897816302816,5889.932394286809,117.0,2,3.0,True,0,7069.9710000000005,40.0
886.6924522911531,5053.0,5881.0,115.91103041390016,2,3.0,True,0,7070.073,40.0
892.3211111111111,5112.750950474638,5856.693685222735,114.0,2,3.0,True,0,7070.252,40.0
896.5272935922636,5158.0,5831.0,109.06499328,2,4.41000192,True,0,7070.393,40.0
898.2655555555556,5175.750637998735,5818.792352853572,107.0,2,5.0,False,0,7070.452,40.0
906.5100000000001,5246.724791433153,5755.710754680084,106.0,2,21.0,False,0,7070.732,40.0
907.710911085274,5254.0,5748.0,106.0,2,24.416661333333334,False,0,7070.773,40.0
913.5766666666668,5277.6139645026715,5717.773614441412,106.0,2,41.0,False,0,7070.972,40.0
916.0441758331006,5286.0,5705.0,107.34999893333334,2,41.0,False,0,7071.053,40.0
924.7766666666668,5321.52001391939,5640.8216501132565,112.0,2,41.0,False,0,7071.332,40.0
926.6703265414237,5331.0,5615.0,112.0,2,41.0,False,0,7071.393,40.0
929.7544444444445,5347.833145671231,5561.015002718737,112.0,2,41.0,False,0,7071.492,40.0
933.6180073722344,5365.0,5500.0,114.16071314285715,2,45.32142628571429,False,0,7071.613,40.0
938.8544444444445,5370.651741051449,5476.727209403832,117.0,2,51.0,False,0,7071.772,40.0
942.2737577003164,5372.0,5464.0,119.94583893333333,2,52.68333653333333,False,0,7071.8730000000005,40.0
947.1211111111112,5378.06347731845,5420.3265380713465,124.0,2,55.0,False,0,7072.012,40.0
952.241701425597,5385.0,5364.0,127.916672,2,55.7833344,False,0,7072.153,40.0
959.0273522691091,5390.0,5299.0,132.91666488888887,2,56.783332977777775,False,0,7072.3330000000005,40.0
960.5211111111112,5391.355561105208,5283.455160586825,134.0,3,57.0,False,0,7072.372,40.0
967.5399277018215,5401.0,5201.0,136.58571702857142,3,33.72854674285714,False,0,7072.553,40.0
971.2544444444445,5409.772846198646,5148.909687399908,138.0,3,21.0,True,0,7072.652,40.0
977.558251620969,5431.0,5055.0,129.5625,3,9.187500000000002,True,0,7072.832,40.0
982.1877777777779,5450.319026537217,5000.7007207207325,123.0,3,0.0,True,0,7072.972,40.0
989.7877777777778,5483.699633848378,4940.748491669983,114.0,3,0.0,True,0,7073.212,40.0
990.4039223058951,5486.0,4937.0,113.4,3,0.0,True,0,7073.232,40.0
995.7877777777778,5503.033192484341,4911.463782371805,108.0,2,0.0,True,0,7073.412,40.0
1000.7168317784644,5524.0,4886.0,100.5,2,0.0,True,0,7073.592,40.0
1002.3211111111111,5534.205250337911,4874.264183029354,98.0,2,0.0,True,0,7073.652,40.0
1005.5281013615459,5557.0,4849.0,96.71428571428571,2,0.0,True,0,7073.772,40.0
1009.71,5585.408883461481,4821.0369006024675,95.0,2,0.0,True,0,7073.932,40.0
1011.2167738522676,5599.0,4810.0,93.24267829484765,2,0.0,True,0,7073.992,40.0
1015.5522222222223,5653.882517666123,4772.004479543817,88.0,2,0.0,True,0,7074.171,40.0
1017.4716388249589,5676.0,4758.0,86.9875008,2,0.0,True,0,7074.252,40.0
1023.018888888889,5710.770934764971,4740.3422111369555,84.0,2,0.0,True,0,7074.491,40.0
1026.2362330839983,5730.0,4736.0,82.6781256,2,0.0,True,0,7074.6320000000005,40.0
1029.8044936173521,5762.0,4731.0,81.1781256,2,0.0,True,0,7074.792,40.0
1030.218888888889,5766.099936313428,4730.755968121248,81.0,2,0.0,False,0,7074.811,40.0
1034.0905925686573,5805.0,4733.0,77.38000128,2,0.0,False,0,7074.992,40.0
1034.496666666667,5808.695629703168,4733.619304719762,77.0,2,0.0,False,0,7075.011,40.0
1039.2783585960653,5851.0,4749.0,77.92083306666666,2,20.258327466666668,False,0,7075.232,40.0
1039.696666666667,5855.675833478705,4751.580221583529,78.0,2,22.0,False,0,7075.251,40.0
1044.202578206651,5911.0,4787.0,80.00999936,2,24.5124992,False,0,7075.452,40.0
1048.807777777778,5943.383609938701,4812.06777997074,82.0,2,27.0,False,0,7075.651,40.0
1054.0888875349124,5968.0,4838.0,84.30208266666666,2,31.1437488,False,0,7075.872,40.0
1059.454732376515,6003.0,4877.0,86.59374933333334,2,35.2687488,False,0,7076.092,40.0
1060.407777777778,6009.2184984543155,4884.447577663635,87.0,2,36.0,False,0,7076.131,40.0
1064.3633333333335,6033.703935730353,4915.608469468681,89.0,2,41.0,False,0,7076.291,40.0
1064.414362543947,6034.0,4916.0,89.0749952,2,41.062496,False,0,7076.293,40.0
1068.5855555555556,6056.820687274088,4947.385978630878,95.0,2,46.0,False,0,7076.451,40.0
1069.1804822091049,6060.0,4952.0,95.39146144147165,2,46.39146144147165,False,0,7076.473,40.0
1076.3911111111113,6097.856378403626,5011.755920931013,100.0,2,51.0,False,0,7076.732,40.0
1076.4197178938919,6098.0,5012.0,100.0291648,2,51.0291648,False,0,7076.733,40.0
1081.6916273465158,6123.0,5057.0,105.27917226666666,2,56.27917226666666,False,0,7076.9130000000005,40.0
1083.5244444444445,6130.539880260594,5071.966888068633,107.0,2,58.0,False,0,7076.972,40.0
1091.6930404390644,6163.0,5142.0,117.84499712,2,65.22999808,False,0,7077.213,40.0
1093.1221927642764,6170.0,5157.0,119.64499712,2,66.42999808,False,0,7077.253,40.0
1097.4133333333334,6185.429086530008,5194.22186598849,125.0,2,70.0,False,0,7077.372,40.0
1101.1016804053816,6196.0,5224.0,128.7875072,2,72.10417066666666,False,0,7077.473,40.0
1106.3466666666666,6212.644130274504,5272.697395137193,134.0,3,75.0,False,0,7077.612,40.0
1112.017436549179,6230.0,5327.0,141.6375104,3,81.4625088,False,0,7077.753,40.0
1116.1466666666668,6241.244271660811,5365.4987979552225,147.0,3,86.0,False,0,7077.852,40.0
1123.035884780022,6259.0,5430.0,151.91944248888888,3,92.26110862222222,False,0,7078.013,40.0
1130.1557801098388,6277.0,5497.0,156.8083313777778,3,98.48333084444445,False,0,7078.173,40.0
1131.9466666666667,6280.652258263219,5512.475867560473,158.0,3,100.0,False,0,7078.212,40.0
1134.7915605764988,6286.0,5537.0,161.812512,3,100.0,False,0,7078.273,40.0
1143.48,6303.115410983926,5624.1144271579815,173.0,4,100.0,False,0,7078.452,40.0
1151.8027065951806,6317.0,5704.0,180.24499712,4,100.0,False,0,7078.613,40.0
1161.5087602216465,6327.0,5790.0,188.34500864,4,100.0,False,0,7078.793,40.0
1164.7022222222224,6328.564806121923,5833.160169371882,191.0,4,100.0,False,0,7078.852,40.0
1173.4133333333334,6329.08374453118,5977.332166884114,196.0,5,100.0,False,0,7079.012,40.0
1176.7967666649838,6329.0,6014.0,198.13500672,5,100.0,False,0,7079.073,40.0
1184.6911111111112,6328.63445273276,6045.932384890109,203.0,5,100.0,False,0,7079.212,40.0
1189.383036806788,6325.0,6071.0,207.5,5,100.0,False,0,7079.292,40.0
1194.1133333333335,6317.204865573752,6120.59068211603,212.0,5,100.0,False,0,7079.372,40.0
1203.5355555555557,6291.179246181076,6271.95290771494,212.0,5,100.0,False,0,7079.532,40.0
1207.1398742801373,6280.0,6324.0,213.8,5,100.0,False,0,7079.592,40.0
1215.6466666666668,6251.888614636721,6425.15221283861,218.0,5,100.0,False,0,7079.732,40.0
1230.18,6202.3353363929455,6542.383000267534,218.0,5,100.0,False,0,7079.972,40.0
1233.9702413844739,6192.0,6565.0,221.42857142857142,5,99.78571428571429,False,0,7080.032,40.0
1248.38,6158.214675722891,6633.867354966871,234.0,6,99.0,False,0,7080.252,40.0
1252.3463592553203,6144.0,6659.0,235.5,6,99.3,False,0,7080.312,40.0
1261.657777777778,6097.313432564606,6736.755364086885,239.0,6,100.0,False,0,7080.452,40.0
1267.0420390461377,6067.0,6784.0,240.6,6,100.0,False,0,7080.532,40.0
1275.157777777778,6021.102533455614,6850.130914830877,243.0,6,100.0,False,0,7080.652,40.0
1283.246604804911,5971.0,6915.0,243.0,6,100.0,False,0,7080.772,40.0
1285.957777777778,5952.544188273579,6937.325158950384,243.0,6,100.0,False,0,7080.812,40.0
1295.5510147471023,5885.0,7014.0,245.92886950858724,6,100.0,False,0,7080.952,40.0
1302.4222222222224,5841.455314232752,7059.388632950842,248.0,6,100.0,False,0,7081.051,40.0
1315.1375442994786,5748.0,7144.0,252.5249984,6,100.0,False,0,7081.232,40.0
1316.4777777777779,5734.433900777028,7155.478899826009,253.0,6,100.0,False,0,7081.251,40.0
1330.588888888889,5555.202688046847,7301.333069528718,254.0,6,100.0,False,0,7081.451,40.0
1337.666678927611,5488.0,7355.0,254.0,6,100.0,False,0,7081.552,40.0
1347.5222222222224,5450.695553483127,7384.170425179154,254.0,6,100.0,False,0,7081.691,40.0
1356.4331107483692,5423.0,7405.0,261.0583296,6,100.0,False,0,7081.812,40.0
1365.388888888889,5362.2402548598875,7451.446251029417,268.0,6,100.0,False,0,7081.9310000000005,40.0
1379.1580595214705,5243.0,7544.0,273.42999808,6,100.0,False,0,7082.112,40.0
1380.6111111111113,5232.0909784403675,7552.656902220489,274.0,7,100.0,False,0,7082.131,40.0
1391.435780675352,5148.0,7621.0,276.11499904,7,100.0,False,0,7082.272,40.0
1396.0000000000002,5096.451968987305,7663.718722106385,277.0,7,100.0,False,0,7082.331,40.0
1408.488888888889,4923.676239110127,7808.07747078255,281.0,7,100.0,False,0,7082.491,40.0
1411.7027647128411,4888.0,7838.0,281.5124992,7,100.0,False,0,7082.532,40.0
1421.0666666666668,4813.911930699388,7900.432791788259,283.0,7,100.0,False,0,7082.651,40.0
1441.9911949968953,4732.0,7971.0,287.093752,7,100.0,False,0,7082.9130000000005,40.0
1446.666666666667,4707.408034761494,7992.172118402814,288.0,7,100.0,False,0,7082.9710000000005,40.0
1522.3933333333337,4059.2197364971207,8548.044130237675,296.0,7,100.0,False,0,7083.892,40.0
1529.138192260461,4015.0,8586.0,298.0249984,7,100.0,False,0,7083.973,40.0
1535.726666666667,3976.392096073013,8619.158426220107,300.0,7,100.0,False,0,7084.052,40.0
1552.448888888889,3891.5408886914374,8692.30151678595,301.0,8,100.0,False,0,7084.252,40.0
1560.9108096953848,3838.0,8739.0,301.42083413333336,8,100.0,False,0,7084.353,40.0
1572.5822222222223,3746.8194242297773,8819.070651185797,302.0,8,100.0,False,0,7084.492,40.0
1581.0898113585952,3680.0,8878.0,302.6312512,8,100.0,False,0,7084.593,40.0
1594.6095058772437,3585.0,8962.0,303.6312512,8,100.0,False,0,7084.753,40.0
1599.6044444444447,3547.460493325917,8995.008407562374,304.0,8,100.0,False,0,7084.812,40.0
1613.259499267152,3439.0,9090.0,304.80499968,8,100.0,False,0,7084.973,40.0
1628.5727107089053,3324.0,9191.0,305.70500096,8,100.0,False,0,7085.153,40.0
1633.6044444444449,3288.4372662448823,9222.464323437847,306.0,8,100.0,False,0,7085.212,40.0
1645.6559321856923,3203.0,9298.0,307.41000192,8,100.0,False,0,7085.353,40.0
1650.715555555556,3163.6523005104173,9332.332186260435,308.0,8,100.0,False,0,7085.412,40.0
1661.1295931299858,3080.0,9405.0,308.82499956363637,8,100.0,False,0,7085.533,40.0
1678.4323796103267,2951.0,9518.0,310.18863592727274,8,100.0,False,0,7085.733,40.0
1688.7266666666671,2873.2849270891134,9585.322725089758,311.0,8,100.0,False,0,7085.852,40.0
1692.1847686690394,2847.0,9608.0,311.0,8,100.0,False,0,7085.892,40.0
1709.4615250527156,2716.0,9721.0,311.0,8,100.0,False,0,7086.092,40.0
1712.9155555555558,2690.20334796093,9743.43761337551,311.0,8,100.0,False,0,7086.1320000000005,40.0
1731.9138512537097,2547.0,9869.0,311.0,8,100.0,False,0,7086.352,40.0
1737.1044444444449,2505.0483274204344,9905.759634830154,311.0,8,100.0,False,0,7086.412,40.0
1754.4377777777781,2355.3440620872193,10037.183355012408,312.0,8,100.0,False,0,7086.612,40.0
1757.902961823545,2324.0,10065.0,311.85714285714283,8,100.0,False,0,7086.652,40.0
1775.1887658414462,2170.0,10203.0,311.14285714285717,8,100.0,False,0,7086.852,40.0
1778.6266666666672,2144.8663847440766,10225.573964612398,311.0,8,100.0,False,0,7086.892,40.0
1802.4612965587974,2010.0,10347.0,306.625,8,100.0,False,0,7087.1720000000005,40.0
1805.8266666666673,1988.6035403555975,10366.412283798387,306.0,8,100.0,False,0,7087.212,40.0
1824.1691146166606,1840.0,10498.0,301.2857142857143,8,100.0,False,0,7087.432,40.0
1829.1600000000003,1784.105897096832,10544.667766705967,300.0,8,100.0,False,0,7087.492,40.0
1839.137398693952,1671.0,10637.0,295.77889582990286,8,45.72866067017948,False,0,7087.612,40.0
1845.3563888888893,1618.7105604319108,10678.938466481331,293.0,8,10.0,True,0,7087.691,40.0
1862.7864114715528,1518.0,10750.0,252.40000995555556,8,5.6500010666666665,True,0,7087.952,40.0
1869.0563888888894,1464.282423558721,10782.705191286006,237.0,8,4.0,True,0,7088.051,40.0
1876.8307004284197,1391.0,10824.0,231.7062528,8,3.2437504,True,0,7088.1720000000005,40.0
1879.2786111111116,1368.0817619849431,10835.766916035422,230.0,8,3.0,True,0,7088.211,40.0
1888.8768282119142,1277.0,10877.0,216.31500544,8,3.80499968,True,0,7088.372,40.0
1891.1119444444448,1255.6837109906598,10885.536202745687,213.0,8,4.0,True,0,7088.411,40.0
1898.9659937226568,1177.0,10912.0,201.5437552,8,4.0,True,0,7088.552,40.0
1900.0008333333337,1165.359240642871,10915.063172751916,200.0,6,4.0,True,0,7088.571,40.0
1912.6675000000005,1001.4561559996333,10943.590449397634,190.0,5,5.0,True,0,7088.811,40.0
1916.8137010212404,954.0,10949.0,186.76000256,5,5.0,True,0,7088.892,40.0
1922.7786111111116,898.4833722422275,10953.101874240387,182.0,4,5.0,True,0,7089.011,40.0
1934.3119444444449,816.5377961271076,10949.441320354565,173.0,4,5.0,True,0,7089.251,40.0
1937.1870789610296,791.0,10947.0,171.91071542857142,4,5.0,True,0,7089.312,40.0
1940.9794962182266,754.0,10943.0,170.46428342857143,4,5.0,True,0,7089.393,40.0
1947.3786111111117,698.5353864616196,10935.054298508094,168.0,4,5.0,True,0,7089.531,40.0
1952.0602274318483,654.0,10923.0,165.95999744,4,5.0,True,0,7089.633,40.0
1956.4897222222228,601.3234347992113,10903.102959360443,164.0,4,5.0,True,0,7089.731,40.0
1965.3348406638697,484.0,10844.0,158.9679735727769,4,6.437721836349457,True,0,7089.933,40.0
1968.744444444445,447.42554521505934,10818.62671937691,157.0,4,7.0,False,0,7090.012,40.0
1977.3000000000006,380.1462784224235,10750.90195374896,154.0,4,7.0,False,0,7090.212,40.0
1983.9800970680103,345.0,10707.0,151.12500114285714,4,17.349995885714286,False,0,7090.3730000000005,40.0
1988.8888888888896,328.16963193505313,10684.033774165087,149.0,4,25.0,False,0,7090.492,40.0
1998.1241741650651,302.0,10638.0,150.22777884444446,4,37.27778844444445,False,0,7090.713,40.0
2003.9888888888895,273.9447175358961,10582.998016684092,151.0,4,45.0,False,0,7090.852,40.0
2006.5722815293893,262.0,10558.0,151.50833493333334,4,45.7625024,False,0,7090.9130000000005,40.0
2013.3776785256966,237.0,10499.0,152.84166826666666,4,47.7625024,False,0,7091.073,40.0
2014.1888888888893,234.46232114483877,10492.3382104918,153.0,4,48.0,False,0,7091.092,40.0
2023.694119845056,210.0,10403.0,154.84166826666666,4,52.60417066666667,False,0,7091.313,40.0
2024.5222222222228,208.22514818563693,10391.662193917098,155.0,4,53.0,False,0,7091.332,40.0
2034.3101919397488,192.0,10238.0,158.31500288,4,61.84000768,False,0,7091.553,40.0
2042.4111111111117,187.9548850206117,10180.34634407999,161.0,4,69.0,False,0,7091.732,40.0
2048.898730432042,187.0,10146.0,165.406256,4,81.3375168,False,0,7091.8730000000005,40.0
2049.7888888888897,186.8085502348662,10139.781486007045,166.0,4,83.0,False,0,7091.892,40.0
2057.3888888888896,184.48391638613558,10072.44254104411,171.0,4,100.0,False,0,7092.052,40.0
2062.979897041257,179.0,10004.0,167.37000192,4,40.71003136,False,0,7092.173,40.0
2066.5555555555566,172.82076663140484,9951.251472144355,165.0,4,2.0,True,0,7092.252,40.0
2074.5841687829247,151.0,9826.0,160.4749952,4,3.5083349333333333,True,0,7092.433,40.0
2082.1555555555565,119.10403472469147,9741.065691663389,156.0,4,5.0,True,0,7092.612,40.0
2089.256593621707,86.0,9686.0,147.45,4,5.45,True,0,7092.792,40.0
2097.3777777777786,56.87724534934013,9644.00717952126,137.0,3,6.0,True,0,7093.012,40.0
2105.070197450702,16.0,9600.0,129.85,3,6.55,True,0,7093.232,40.0
2107.110305140529,-1.0,9583.0,127.9,3,6.7,True,0,7093.292,40.0
2111.1555555555565,-34.384908697322956,9553.61428095009,124.0,2,7.0,True,0,7093.412,40.0
2117.118500034536,-82.0,9520.0,119.5,2,6.1,True,0,7093.592,40.0
2117.766666666668,-87.2113993427092,9516.669350745593,119.0,2,6.0,True,0,7093.612,40.0
2122.8295622860705,-130.0,9492.0,115.0,2,2.0,True,0,7093.772,40.0
2125.300000000001,-154.41570480244587,9479.840060911043,113.0,2,0.0,False,0,7093.852,40.0
2127.7388147442643,-179.0,9469.0,111.4,2,0.0,False,0,7093.932,40.0
2131.3555555555563,-212.114056620548,9457.779304074593,109.0,2,0.0,False,0,7094.052,40.0
2134.9517300920843,-245.0,9450.0,108.13978514356184,2,0.0,False,0,7094.1720000000005,40.0
2139.6480555555563,-294.66811445903494,9442.025439681147,107.0,2,0.0,False,0,7094.331,40.0
2139.6771720419133,-295.0,9442.0,106.9888896,2,0.0499968,False,0,7094.332,40.0
2149.9480555555565,-416.7235717282139,9453.932567115193,103.0,2,18.0,False,0,7094.691,40.0
2149.977040702779,-417.0,9454.0,103.0111104,2,18.0583296,False,0,7094.692,40.0
2160.0727844377598,-490.0,9485.0,106.78888817777778,2,37.891662933333336,False,0,7095.032,40.0
2160.6480555555563,-494.10724069723307,9487.328469827193,107.0,2,39.0,False,0,7095.051,40.0
2169.2768584417463,-564.0,9536.0,110.1222215111111,2,42.90277688888889,False,0,7095.332,40.0
2171.748055555556,-587.8868797331571,9558.88527237972,111.0,2,44.0,False,0,7095.411,40.0
2174.9380453317194,-617.0,9589.0,112.51499904,2,44.0,False,0,7095.512,40.0
2178.0813888888897,-638.1439977853831,9611.577965724502,114.0,2,44.0,False,0,7095.611,40.0
2184.4702777777784,-662.2188538690193,9642.425922986384,115.0,2,44.0,False,0,7095.811,40.0
2189.1657171985007,-685.0,9687.0,117.958336,2,43.4083328,False,0,7095.953,40.0
2192.4702777777784,-706.6727977745214,9734.061721151042,120.0,3,43.0,False,0,7096.051,40.0
2196.6347860602136,-732.0,9792.0,121.73665337774312,3,46.907470099922016,False,0,7096.173,40.0
2202.149166666667,-745.3106754442764,9827.80488785567,124.0,3,52.0,False,0,7096.332,40.0
2207.1295546515275,-751.0,9852.0,126.82000384,3,52.70500096,False,0,7096.473,40.0
2209.2602777777784,-754.8386439246351,9867.593309233556,128.0,3,53.0,False,0,7096.532,40.0
2215.2158333333336,-766.9366783460747,9929.497376841375,134.0,3,61.0,False,0,7096.692,40.0
2215.2538827405206,-767.0,9930.0,134.0285696,3,61.0214272,False,0,7096.693,40.0
2223.8725208539654,-776.0,10056.0,140.3142912,3,65.7357184,False,0,7096.9130000000005,40.0
2226.2602777777784,-776.646201753631,10079.231240884372,142.0,3,67.0,False,0,7096.972,40.0
2236.327348782943,-773.0,10137.0,148.69444266666667,3,72.35555413333333,False,0,7097.213,40.0
2241.460277777778,-769.2366611000164,10181.88304232493,152.0,3,75.0,False,0,7097.332,40.0
2245.009549908473,-764.0,10222.0,155.5437472,3,75.5062496,False,0,7097.4130000000005,40.0
2248.526944444445,-755.6322504046609,10269.19290400822,159.0,3,76.0,False,0,7097.492,40.0
2255.860277777778,-730.5644160328206,10383.094457198395,165.0,3,80.0,False,0,7097.652,40.0
2261.6067976309114,-716.0,10445.0,169.0333312,3,84.5374976,False,0,7097.773,40.0
2267.393611111111,-708.6113829940994,10474.205102729982,173.0,4,89.0,False,0,7097.892,40.0
2276.40991521365,-698.0,10504.0,179.03333973333332,4,95.7875072,False,0,7098.073,40.0
2279.4602777777777,-690.2507580359112,10526.069531460811,181.0,4,98.0,False,0,7098.1320000000005,40.0
2287.026961683265,-665.0,10596.0,188.6375104,4,99.1750016,False,0,7098.273,40.0
2292.3936111111107,-644.658330996408,10647.28606936381,194.0,4,100.0,False,0,7098.372,40.0
2298.8602575145146,-618.0,10710.0,194.0,4,100.0,False,0,7098.493,40.0
2305.326944444444,-590.9324889571325,10770.096095643677,194.0,5,100.0,False,0,7098.612,40.0
2311.0565321228764,-567.0,10821.0,198.79750912,5,100.0,False,0,7098.713,40.0
2322.9731287579534,-516.0,10924.0,208.29750912,5,100.0,False,0,7098.9130000000005,40.0
2328.9936111111106,-488.4183029080616,10975.71259165992,213.0,5,100.0,False,0,7099.012,40.0
2332.730489181801,-471.0,11008.0,215.17857828571428,5,100.0,False,0,7099.073,40.0
2346.338055555555,-407.0711182479831,11127.022210916852,223.0,5,100.0,False,0,7099.292,40.0
2347.5984702073047,-401.0,11138.0,223.42857142857142,5,100.0,False,0,7099.312,40.0
2362.87902973147,-325.0,11269.0,228.57142857142858,5,100.0,False,0,7099.552,40.0
2364.149166666666,-318.5356778619875,11279.602284217706,229.0,6,100.0,False,0,7099.572,40.0
2374.3269444444436,-265.7398202616067,11362.844937917578,229.0,6,100.0,False,0,7099.732,40.0
2378.241129152889,-244.0,11395.0,231.57142857142858,6,100.0,False,0,7099.792,40.0
2393.071388888888,-154.0,11519.0,241.0,6,100.0,False,0,7100.012,40.0
2408.31802585393,-61.0,11638.0,248.07142857142858,6,100.0,False,0,7100.232,40.0
2412.5158333333325,-37.49676631694959,11665.867105153222,250.0,6,100.0,False,0,7100.292,40.0
2415.3205240574057,-21.0,11685.0,250.66666666666666,6,100.0,False,0,7100.332,40.0
2429.449166666666,77.0,11795.0,254.0,6,100.0,False,0,7100.532,40.0
2442.4034836508918,162.0,11881.0,257.85714285714283,6,100.0,False,0,7100.712,40.0
2449.671388888888,217.46891839805386,11934.249760195431,260.0,6,100.0,False,0,7100.812,40.0
2468.736787007603,376.0,12079.0,263.2581448407988,6,100.0,False,0,7101.072,40.0
2479.0422222222214,446.72040140950685,12137.404402104346,265.0,6,100.0,False,0,7101.211,40.0
2489.5822293623755,514.0,12190.0,266.9227264,6,100.0,False,0,7101.352,40.0
2512.1644444444437,690.3242597477382,12316.789481363016,271.0,7,100.0,False,0,7101.651,40.0
2515.276281590386,730.0,12340.0,271.7687488,7,100.0,False,0,7101.692,40.0
2524.342222222221,868.7523653519384,12415.553165034375,274.0,7,100.0,False,0,7101.811,40.0
2527.48616064419,911.0,12438.0,274.5857133714286,7,100.0,False,0,7101.852,40.0
2545.9644444444434,1023.6953512382257,12496.220310997778,278.0,7,100.0,False,0,7102.091,40.0
2558.3644444444435,1110.6217112718866,12527.196390773304,279.0,7,100.0,False,0,7102.251,40.0
2560.000535645226,1130.0,12534.0,279.2624992,7,100.0,False,0,7102.272,40.0
2577.1644444444432,1387.2684968630813,12623.409847128823,282.0,7,100.0,False,0,7102.491,40.0
2577.3211697701026,1389.0,12624.0,282.0,7,100.0,False,0,7102.493,40.0
2592.83111111111,1467.9800803135925,12648.811250505287,282.0,7,100.0,False,0,7102.691,40.0
2600.8594347991298,1509.0,12659.0,282.8464743160762,7,100.0,False,0,7102.793,40.0
2611.8433333333323,1613.666810750564,12685.853161073153,284.0,7,100.0,False,0,7102.932,40.0
2615.089424962338,1647.0,12694.0,284.20499968,7,100.0,False,0,7102.973,40.0
2643.62111111111,1926.102860841254,12748.84995985523,286.0,7,100.0,False,0,7103.332,40.0
2643.700800427834,1927.0,12749.0,286.00499968,7,100.0,False,0,7103.3330000000005,40.0
2648.4845112652056,1982.0,12758.0,286.30500096,7,100.0,False,0,7103.393,40.0
2659.565555555555,2101.8762860064767,12775.444757729572,287.0,7,100.0,False,0,7103.532,40.0
2672.351592588413,2227.0,12791.0,286.42500022857143,7,100.0,False,0,7103.693,40.0
2681.8099999999995,2312.07069614927,12800.824807150191,286.0,7,100.0,False,0,7103.812,40.0
2693.0631319910717,2433.0,12814.0,287.0071442285714,7,100.0,False,0,7103.953,40.0
2704.209999999999,2601.976644965619,12832.056979128176,288.0,7,100.0,False,0,7104.092,40.0
2707.5088777268998,2649.0,12837.0,288.5124992,7,100.0,False,0,7104.133,40.0
2717.0988888888883,2761.504338687992,12848.525310369547,290.0,7,100.0,False,0,7104.252,40.0
2739.654444444444,2945.5731856781504,12866.423744815622,290.0,7,100.0,False,0,7104.532,40.0
2741.3539171889965,2961.0,12868.0,290.1750016,7,100.0,False,0,7104.553,40.0
2768.9544444444437,3248.397928266009,12898.777371842561,293.0,7,100.0,False,0,7104.892,40.0
2777.199623140717,3325.0,12907.0,293.6312512,7,100.0,False,0,7104.993,40.0
2782.0211111111103,3364.997636661644,12911.246224950235,294.0,7,100.0,False,0,7105.052,40.0
2801.6877777777772,3511.3280385104117,12926.92434637786,295.0,7,100.0,False,0,7105.292,40.0
2801.7699092727003,3512.0,12927.0,295.0062496,7,100.0,False,0,7105.293,40.0
2814.8433333333332,3631.8781115632983,12940.806248177476,296.0,7,100.0,False,0,7105.452,40.0
2816.569808489367,3651.0,12943.0,296.0,7,100.0,False,0,7105.473,40.0
2841.1544444444444,3983.8179527458974,12980.777860743134,296.0,7,100.0,False,0,7105.772,40.0
2842.803354132291,4003.0,12983.0,296.1,7,100.0,False,0,7105.792,40.0
2874.2655555555552,4249.111644936149,13013.629018990528,298.0,7,100.0,False,0,7106.1720000000005,40.0
2879.2521427197844,4290.0,13019.0,298.3,7,100.0,False,0,7106.232,40.0
2890.876666666666,4399.6192285105235,13033.459589293312,299.0,7,100.0,False,0,7106.372,40.0
2897.4819976243816,4463.0,13042.0,298.0,7,100.0,False,0,7106.452,40.0
2904.0766666666664,4522.848934582239,13050.278510865539,297.0,7,100.0,False,0,7106.532,40.0
2917.276666666666,4637.7838496943905,13066.361962223637,297.0,7,100.0,False,0,7106.692,40.0
2927.143756683183,4757.0,13080.0,296.25,7,100.0,False,0,7106.812,40.0
2930.432222222222,4805.341787949368,13084.969958939024,296.0,7,100.0,False,0,7106.852,40.0
2945.2508497717654,5035.0,13107.0,296.0,7,98.875,False,0,7107.032,40.0
2956.7433333333333,5134.579150525081,13117.082017788918,296.0,7,98.0,False,0,7107.1720000000005,40.0
2969.81,5203.406624342576,13118.356395947649,294.0,7,87.0,False,0,7107.332,40.0
2974.7155218726825,5249.0,13115.0,293.625,7,70.125,False,0,7107.392,40.0
2982.8322222222223,5351.674824157932,13104.672854288277,293.0,7,42.0,False,0,7107.492,40.0
2992.302565621893,5482.0,13088.0,287.0,7,34.2,False,0,7107.612,40.0
2998.554444444444,5546.957889892736,13076.79915964673,283.0,7,29.0,False,0,7107.692,40.0
3017.2097222222224,5669.625191786563,13039.932758658038,281.0,7,31.0,False,0,7107.9310000000005,40.0
3020.3605886775,5692.0,13032.0,279.63333546666667,7,30.829166933333333,False,0,7107.972,40.0
3033.9866558270182,5810.0,12984.0,273.63333546666667,7,30.079166933333333,False,0,7108.152,40.0
3035.409722222222,5825.580002537119,12975.911206288858,273.0,7,30.0,False,0,7108.171,40.0
3047.276388888889,5980.5756918540055,12882.47242648498,267.0,7,30.0,False,0,7108.331,40.0
3054.629216580435,6063.0,12830.0,264.7906264,7,37.89062,False,0,7108.432,40.0
3070.3875000000003,6143.465470073389,12779.130145992007,260.0,7,55.0,False,0,7108.651,40.0
3081.9875,6208.657793772692,12709.333579086664,261.0,7,61.0,False,0,7108.811,40.0
3083.502304546267,6223.0,12693.0,260.7750006857143,7,61.674997942857146,False,0,7108.832,40.0
3094.9581956805214,6356.0,12537.0,259.0607149714286,7,66.81785508571429,False,0,7108.992,40.0
3102.054166666667,6408.363709212364,12470.33217820137,258.0,7,70.0,False,0,7109.091,40.0
3123.9348695967437,6453.0,12375.0,260.2593529391486,7,84.30923528127445,False,0,7109.393,40.0
3131.126666666667,6479.266627016725,12321.322033367345,261.0,7,89.0,False,0,7109.492,40.0
3141.3595379092912,6528.0,12216.0,261.5875008,7,94.875008,False,0,7109.633,40.0
3148.5933333333332,6565.781324629879,12119.408552000497,262.0,7,99.0,False,0,7109.732,40.0
3162.0011402009577,6627.0,11946.0,265.77083733333336,7,99.75416746666667,False,0,7109.9130000000005,40.0
3166.3933333333334,6638.433192086209,11911.785047567657,267.0,7,100.0,False,0,7109.972,40.0
3181.377213050926,6661.0,11832.0,268.1166663111111,7,100.0,False,0,7110.173,40.0
3193.2933333333335,6695.115878867338,11704.560474178612,269.0,7,100.0,False,0,7110.332,40.0
3206.962138288217,6741.0,11527.0,270.81000192,7,100.0,False,0,7110.513,40.0
3223.6266666666666,6783.067376039936,11345.428644102853,273.0,7,100.0,False,0,7110.732,40.0
3237.4947741265187,6808.0,11229.0,275.71500288,7,100.0,False,0,7110.9130000000005,40.0
3238.96,6810.160628047883,11218.807618600393,276.0,7,100.0,False,0,7110.932,40.0
3251.3599999999997,6825.619340662168,11144.010487082163,279.0,7,100.0,False,0,7111.092,40.0
3257.6325344187626,6835.0,11093.0,279.0,7,100.0,False,0,7111.173,40.0
3263.7599999999998,6846.341590090557,11027.571580966942,279.0,7,100.0,False,0,7111.252,40.0
3281.0609090206417,6883.0,10799.0,281.21000192,7,100.0,False,0,7111.473,40.0
3295.204444444444,6905.397146122337,10635.172613723698,283.0,7,100.0,False,0,7111.652,40.0
3315.9423493025492,6927.0,10446.0,285.79643062857144,7,100.0,False,0,7111.9130000000005,40.0
3317.4488888888886,6928.216665400603,10434.827883007794,286.0,7,100.0,False,0,7111.932,40.0
3333.282222222222,6938.428785174797,10335.845507509808,285.0,7,100.0,False,0,7112.1320000000005,40.0
3342.9137447043513,6945.0,10265.0,286.0083328,7,100.0,False,0,7112.253,40.0
3352.415555555555,6952.901280801038,10175.512901004206,287.0,7,100.0,False,0,7112.372,40.0
3358.8071952566443,6958.0,10114.0,287.22222222222223,7,100.0,False,0,7112.452,40.0
3381.2155555555546,6971.085339856586,9891.191132399399,288.0,7,100.0,False,0,7112.732,40.0
3382.8197505517837,6972.0,9866.0,288.0833333333333,7,100.0,False,0,7112.752,40.0
3395.6674980548187,6979.0,9635.0,288.75,7,100.0,False,0,7112.912,40.0
3400.4822222222215,6980.47037711721,9578.090501708877,289.0,7,100.0,False,0,7112.972,40.0
3421.2969122329464,6982.0,9482.0,288.27777777777777,7,100.0,False,0,7113.232,40.0
3429.282222222221,6984.088376427186,9411.61274368298,288.0,7,100.0,False,0,7113.332,40.0
3435.6625529783532,6986.0,9347.0,287.6666666666667,7,100.0,False,0,7113.412,40.0
3448.415555555555,6989.119167007384,9222.469873360064,287.0,7,100.0,False,0,7113.572,40.0
3459.5856532135062,6995.0,9101.0,287.0,7,100.0,False,0,7113.712,40.0
3464.3599999999997,6999.4143276569175,9040.898960996083,287.0,7,100.0,False,0,7113.772,40.0
3483.3250709640733,7022.0,8800.0,285.2,7,100.0,False,0,7114.012,40.0
3495.9155555555553,7030.3975120693485,8720.896179139352,284.0,7,100.0,False,0,7114.1720000000005,40.0
3511.6480404103822,7050.0,8614.0,283.44444444444446,7,100.0,False,0,7114.372,40.0
3524.2155555555555,7086.854814345666,8432.63274217408,283.0,7,100.0,False,0,7114.532,40.0
3525.78461842644,7091.0,8413.0,282.9283154286301,7,99.92831542863016,False,0,7114.552,40.0
3546.070555555555,7126.482822168234,8267.945247636542,282.0,7,99.0,False,0,7114.811,40.0
3549.2776101698914,7133.0,8245.0,281.8861112888889,7,99.0,False,0,7114.852,40.0
3574.170555555555,7207.441238082247,7993.831165529651,281.0,7,99.0,False,0,7115.171,40.0
3578.908763977119,7223.0,7946.0,280.69500032,7,99.15249984,False,0,7115.232,40.0
3605.1705555555554,7309.72208727737,7712.703390898931,279.0,7,100.0,False,0,7115.571,40.0
3605.248181746015,7310.0,7712.0,279.00249984,7,100.0,False,0,7115.572,40.0
3622.442609139288,7374.0,7552.0,279.55500032,7,100.0,False,0,7115.793,40.0
3636.2816666666663,7422.223736938492,7429.440391621544,280.0,7,100.0,False,0,7115.9710000000005,40.0
3637.988185779799,7428.0,7414.0,279.8633531879168,7,100.0,False,0,7115.993,40.0
3648.7591666666663,7463.655832136689,7313.146882085476,279.0,7,100.0,False,0,7116.1320000000005,40.0
3653.489939712654,7478.0,7268.0,279.0,7,100.0,False,0,7116.193,40.0
3661.244117230699,7499.0,7195.0,279.0,7,100.0,False,0,7116.293,40.0
3664.259166666666,7506.208800056802,7168.9267361769735,279.0,7,100.0,False,0,7116.332,40.0
3676.5702777777774,7528.884550856265,7070.436428075726,277.0,7,100.0,False,0,7116.492,40.0
3681.2438895867103,7533.0,7021.0,276.54249856,7,100.0,False,0,7116.553,40.0
3705.5805790257828,7519.0,6682.0,274.14249856,7,100.0,False,0,7116.8730000000005,40.0
3707.0147222222217,7517.80879359229,6668.95836809915,274.0,7,100.0,False,0,7116.892,40.0
3728.0147222222217,7497.12921508222,6561.555763979025,270.0,7,100.0,False,0,7117.1720000000005,40.0
3728.08934801777,7497.0,6561.0,269.9928576,7,100.0,False,0,7117.173,40.0
3745.953434845757,7455.0,6377.0,268.2785718857143,7,100.0,False,0,7117.4130000000005,40.0
3748.859166666666,7447.853664306143,6347.515087578519,268.0,7,100.0,False,0,7117.452,40.0
3757.890739856012,7426.0,6261.0,268.60499968,7,100.0,False,0,7117.573,40.0
3763.8036111111105,7411.4641742191525,6204.317675982832,269.0,7,100.0,False,0,7117.652,40.0
3775.7591666666663,7382.507396154462,6088.273519069825,269.0,7,45.0,True,0,7117.812,40.0
3777.303059090112,7379.0,6073.0,267.9499904,7,41.3249664,True,0,7117.8330000000005,40.0
3787.359166666666,7357.828791212292,5973.1412598326,261.0,7,17.0,True,0,7117.972,40.0
3788.8638691465517,7355.0,5959.0,260.36999424,7,16.89499904,True,0,7117.993,40.0
3801.525833333333,7335.127156812975,5847.323719844654,255.0,7,16.0,True,0,7118.1720000000005,40.0
3805.741504963503,7330.0,5800.0,252.6035638857143,7,16.435715657142858,True,0,7118.233,40.0
3820.503611111111,7318.6269080403345,5582.806019620007,244.0,6,18.0,True,0,7118.452,40.0
3823.2265252711777,7318.0,5552.0,242.56500224,6,18.0,True,0,7118.493,40.0
3833.6702777777773,7320.575254949072,5487.497511251537,237.0,6,18.0,False,0,7118.652,40.0
3840.196021233898,7328.0,5451.0,235.16363287272728,6,22.361371927272728,False,0,7118.753,40.0
3857.8760341874,7372.0,5277.0,230.0909090909091,6,34.40909090909091,False,0,7119.032,40.0
3861.659166666666,7382.958058621928,5243.617038981419,229.0,6,37.0,False,0,7119.092,40.0
3871.748055555555,7417.042645562261,5163.642205932215,227.0,6,51.0,False,0,7119.252,40.0
3876.8187126017465,7447.0,5107.0,227.0,6,47.2,False,0,7119.332,40.0
3890.788413940006,7560.0,4911.0,227.0,6,36.75,False,0,7119.552,40.0
3896.970277777777,7583.187178018914,4872.496548350431,227.0,6,32.0,True,0,7119.652,40.0
3905.3883470769733,7599.0,4847.0,220.875,6,18.4375,True,0,7119.792,40.0
3915.9036111111104,7644.147664800886,4767.832474847991,213.0,6,1.0,True,0,7119.972,40.0
3918.2115725498847,7655.0,4748.0,211.83333333333334,6,1.3333333333333333,True,0,7120.012,40.0
3929.636944444444,7705.156088108519,4650.508309556862,206.0,5,3.0,True,0,7120.212,40.0
3937.5959674649976,7734.0,4583.0,204.6,5,6.5,True,0,7120.352,40.0
3940.970277777777,7744.359582049673,4554.07600410053,204.0,5,8.0,True,0,7120.412,40.0
3947.6210583993106,7762.0,4495.0,201.33333333333334,5,11.333333333333334,True,0,7120.532,40.0
3957.369970722214,7782.0,4400.0,197.33333333333334,5,16.333333333333336,True,0,7120.712,40.0
3960.5702777777774,7785.949727869878,4368.524026038319,196.0,5,18.0,False,0,7120.772,40.0
3970.0342213892386,7789.0,4274.0,191.5,5,32.14285714285714,False,0,7120.952,40.0
3975.270277777777,7785.241326770165,4218.735861428051,189.0,5,40.0,False,0,7121.052,40.0
3980.5233049839608,7778.0,4164.0,189.313479560932,5,45.642632096776005,False,0,7121.152,40.0
3988.9712575644535,7760.0,4082.0,189.8150468584232,5,54.670843451617614,False,0,7121.312,40.0
3992.1063888888884,7751.392416624425,4051.905470713208,190.0,5,58.0,False,0,7121.371,40.0
4002.8718290017473,7716.0,3951.0,192.00999936,5,61.01499904,False,0,7121.572,40.0
4011.536755675603,7684.0,3877.0,193.60999936,5,63.41499904,False,0,7121.732,40.0
4013.661944444444,7674.901752983312,3858.816432918004,194.0,5,64.0,False,0,7121.771,40.0
4020.2881662175014,7643.0,3801.0,195.5124992,5,67.32749824,False,0,7121.892,40.0
4030.24139897219,7588.0,3713.0,197.7624992,5,72.27749824,False,0,7122.072,40.0
4035.773055555555,7558.152912580135,3671.116128496452,199.0,5,75.0,False,0,7122.171,40.0
4042.647328368536,7512.0,3619.0,201.541664,5,77.0333312,False,0,7122.293,40.0
4049.3730555555553,7444.015798713992,3557.249516062261,204.0,5,79.0,False,0,7122.411,40.0
4059.9276568857467,7333.0,3468.0,208.5500032,5,82.64000256,False,0,7122.593,40.0
4060.9841666666657,7325.113250913427,3462.079258470626,209.0,5,83.0,False,0,7122.611,40.0
4070.5547222222212,7279.30224157805,3432.327115000642,214.0,5,100.0,False,0,7122.772,40.0
4077.945729933598,7240.0,3412.0,218.0333312,5,100.0,False,0,7122.893,40.0
4085.354722222222,7178.579560101373,3379.7889168903484,222.0,5,100.0,False,0,7123.012,40.0
4095.488055555555,7078.355233174261,3327.4134352119927,228.0,5,99.0,False,0,7123.1720000000005,40.0
4098.12348624676,7056.0,3316.0,228.9111096888889,5,99.11388871111112,False,0,7123.213,40.0
4112.5275286340275,6935.0,3246.0,233.80000426666666,5,99.72500053333333,False,0,7123.433,40.0
4119.088055555555,6836.306512863638,3170.8646121909746,236.0,6,100.0,False,0,7123.532,40.0
4123.145588871568,6781.0,3127.0,237.08928914285715,6,99.78214217142857,False,0,7123.593,40.0
4137.8324999999995,6709.8126131660265,3062.993794260949,241.0,6,99.0,False,0,7123.812,40.0
4146.058169063854,6683.0,3032.0,243.520832,6,99.5041664,False,0,7123.933,40.0
4154.232499999999,6631.786157385148,2977.7711088486003,246.0,6,100.0,False,0,7124.052,40.0
4158.456977793666,6602.0,2946.0,246.953128,6,100.0,False,0,7124.113,40.0
4176.543611111111,6478.731652925727,2806.384147003265,251.0,6,100.0,False,0,7124.372,40.0
4182.18211920664,6443.0,2762.0,251.0,6,100.0,False,0,7124.453,40.0
4184.961132785024,6426.0,2740.0,251.0,6,100.0,False,0,7124.493,40.0
4196.065833333333,6360.839731481804,2649.3251239733186,251.0,6,100.0,False,0,7124.652,40.0
4203.214665363878,6321.0,2590.0,252.37727534545454,6,100.0,False,0,7124.753,40.0
4214.682533688887,6260.0,2494.0,254.55909352727272,6,100.0,False,0,7124.9130000000005,40.0
4227.476944444444,6195.507191532689,2381.1513225887566,257.0,6,100.0,False,0,7125.092000000001,40.0
4231.806651178732,6175.0,2344.0,257.0,6,100.0,False,0,7125.153,40.0
4243.1338693939815,6124.0,2250.0,257.0,6,100.0,False,0,7125.313,40.0
4250.321388888888,6090.490033897018,2185.317938513409,257.0,6,100.0,False,0,7125.412,40.0
4262.416516147452,6036.0,2077.0,266.19999634285716,6,100.0,False,0,7125.573,40.0
4271.554722222221,6000.276668903662,2005.2376966989113,273.0,6,100.0,False,0,7125.692,40.0
4276.1945358991625,5978.0,1960.0,274.3333333333333,6,100.0,False,0,7125.752,40.0
4296.512117235186,5842.0,1681.0,280.1111111111111,6,100.0,False,0,7126.012,40.0
4299.654722222222,5824.371509703801,1644.6733462872996,281.0,7,100.0,False,0,7126.052,40.0
4318.588055555556,5755.452548063744,1501.6673898436115,284.0,7,100.0,False,0,7126.292,40.0
4337.6946837256455,5685.0,1354.0,286.25,7,100.0,False,0,7126.532,40.0
4344.099166666667,5650.648174490189,1282.0800103724475,287.0,7,100.0,False,0,7126.612,40.0
4369.876944444445,5503.0,973.0,290.0,7,100.0,False,0,7126.932,40.0
4382.854722222222,5472.324219821255,908.5545847551894,292.0,7,100.0,False,0,7127.092000000001,40.0
4391.005372783329,5454.0,870.0,293.0,7,100.0,False,0,7127.192,40.0
4399.188055555556,5427.497869340466,814.3078173871035,294.0,7,100.0,False,0,7127.292,40.0
4412.343611111111,5366.0,686.0,296.0,7,100.0,False,0,7127.452,40.0
4432.184134915699,5240.0,426.0,297.3333333333333,7,100.0,False,0,7127.692,40.0
4442.143611111112,5196.944274834268,336.46622095931735,298.0,7,100.0,False,0,7127.812,40.0
4465.393611111112,5132.293887137977,201.5995451194878,300.0,8,100.0,False,0,7128.091,40.0
4465.4772112412975,5132.0,201.0,300.00499968,8,100.0,False,0,7128.092000000001,40.0
4483.919763605018,5055.0,44.0,301.10499968,8,100.0,False,0,7128.312,40.0
4492.317930139782,5016.0,-38.0,301.60499968,8,100.0,False,0,7128.412,40.0
4498.949166666667,4986.6246552145585,-99.14766171275203,302.0,8,100.0,False,0,7128.491,40.0
4514.132683353509,4921.0,-234.0,302.0,8,100.0,False,0,7128.6720000000005,40.0
4519.0825,4897.812747673634,-281.96458805304565,302.0,8,100.0,False,0,7128.731,40.0
4541.073942448003,4794.0,-498.0,302.0,8,100.0,False,0,7128.993,40.0
4552.638055555556,4753.04429169606,-583.0336771099674,302.0,8,100.0,False,0,7129.131,40.0
4562.840672042489,4714.0,-664.0,301.39303526942416,8,100.0,False,0,7129.253,40.0
4569.443888888889,4681.899380461184,-730.6047033754253,301.0,8,100.0,False,0,7129.332,40.0
4581.232459901292,4621.0,-857.0,301.0,8,100.0,False,0,7129.473,40.0
4589.510555555556,4586.570363589541,-928.4673399376037,301.0,8,100.0,False,0,7129.572,40.0
4602.888333333334,4532.954204565572,-1039.3504238769472,301.0,8,100.0,False,0,7129.732,40.0
4607.986818150286,4501.0,-1105.0,301.0,8,100.0,False,0,7129.793,40.0
4619.610555555557,4409.1978508648,-1293.0835117990162,301.0,8,100.0,False,0,7129.932,40.0
4621.369412215797,4398.0,-1316.0,301.0875008,8,100.0,False,0,7129.953,40.0
4639.74388888889,4350.653002164065,-1412.4578043667789,302.0,8,100.0,False,0,7130.1720000000005,40.0
4646.540997830986,4335.0,-1444.0,302.0,8,100.0,False,0,7130.253,40.0
4671.706201815172,4220.0,-1676.0,302.0,8,100.0,False,0,7130.553,40.0
4680.010555555557,4184.105941771617,-1748.2408550920643,302.0,8,100.0,False,0,7130.652,40.0
4695.194485136417,4115.0,-1886.0,302.0,8,100.0,False,0,7130.8330000000005,40.0
4710.210555555557,4019.824353832174,-2073.1029744186158,302.0,8,100.0,False,0,7131.012,40.0
4713.649768253978,4001.0,-2110.0,302.0,8,100.0,False,0,7131.053,40.0
4733.699444444446,3933.695999068649,-2241.3783397822385,302.0,8,100.0,False,0,7131.292,40.0
4742.176398840115,3906.0,-2295.0,302.0,8,100.0,False,0,7131.393,40.0
4760.633745486673,3822.0,-2457.0,302.0,8,100.0,False,0,7131.613,40.0
4763.899444444446,3804.557112347967,-2490.4958540090447,302.0,8,100.0,False,0,7131.652,40.0
4780.698533110211,3706.0,-2678.0,301.3718752,8,100.0,False,0,7131.853,40.0
4790.655000000001,3644.2321741435653,-2792.55758013554,301.0,8,100.0,False,0,7131.972,40.0
4809.201865863519,3533.0,-2994.0,301.7892864,8,100.0,False,0,7132.193,40.0
4814.14388888889,3507.0444399620033,-3040.1938476879345,302.0,8,100.0,False,0,7132.252,40.0
4827.521666666667,3445.0511723108593,-3148.5852405405767,301.0,8,100.0,False,0,7132.412,40.0
4844.299444444446,3377.8498880930447,-3261.4258075791563,302.0,8,100.0,False,0,7132.612,40.0
4850.95338954825,3351.0,-3305.0,301.0,8,100.0,False,0,7132.692,40.0
4864.232777777778,3297.1982036624213,-3389.737871508026,299.0,8,100.0,False,0,7132.852,40.0
4877.521666666668,3237.0,-3478.0,299.0,8,100.0,True,0,7133.012,40.0
4894.246279453409,3136.0,-3612.0,275.1666666666667,8,12.0,True,0,7133.232,40.0
4895.721666666668,3126.377324715293,-3623.8849448266,273.0,8,4.0,True,0,7133.252,40.0
4915.943888888891,2990.0,-3777.0,260.0,7,7.0,True,0,7133.532,40.0
4922.858151786308,2941.0,-3825.0,253.0,7,8.0,True,0,7133.6320000000005,40.0
4929.610555555558,2881.4759542234647,-3874.453250707,246.0,7,9.0,True,0,7133.732,40.0
4942.666111111113,2746.0,-3968.0,235.0,6,10.0,True,0,7133.932,40.0
4957.466111111113,2610.7308533962887,-4036.9955685966574,222.0,5,13.0,True,0,7134.1720000000005,40.0
4969.404336652587,2518.0,-4071.0,217.0,5,13.555555555555555,True,0,7134.372,40.0
4978.766111111113,2454.1184124487554,-4090.5828326761875,213.0,5,14.0,False,0,7134.532,40.0
4990.2757070208345,2366.0,-4107.0,207.97908084242187,5,43.28869508587245,False,0,7134.732,40.0
4992.508611111113,2344.4518666102513,-4109.385939576691,207.0,5,49.0,False,0,7134.771,40.0
5003.953055555557,2221.0583200287792,-4116.121333054128,206.0,5,61.0,False,0,7134.9710000000005,40.0
5005.159015950313,2209.0,-4116.0,206.11666631111112,5,61.5249984,False,0,7134.992,40.0
5017.860093019853,2094.0,-4104.0,207.33888853333335,5,67.0249984,False,0,7135.212,40.0
5024.753055555557,2026.0064464569068,-4089.0496072988926,208.0,5,70.0,False,0,7135.331,40.0
5036.364166666668,1910.0475069477006,-4054.371421595681,209.0,5,84.0,False,0,7135.531,40.0
5036.480818466114,1909.0,-4054.0,209.01999872,5,84.15998976,False,0,7135.533,40.0
5048.086388888891,1809.8640865846983,-4010.2833376981107,211.0,5,100.0,False,0,7135.731,40.0
5049.37947456146,1797.0,-4003.0,211.07829228829434,5,100.0,False,0,7135.753,40.0
5064.6341666666685,1621.9315104801133,-3886.0518610789477,212.0,5,100.0,False,0,7136.012,40.0
5065.873406160615,1611.0,-3878.0,212.10500096,5,100.0,False,0,7136.033,40.0
5076.467500000002,1553.0381593108018,-3829.806653885995,213.0,5,100.0,False,0,7136.212,40.0
5084.888373017899,1514.0,-3789.0,214.7625024,5,100.0,False,0,7136.353,40.0
5086.023055555558,1507.0913190344932,-3781.723432109376,215.0,5,100.0,False,0,7136.372,40.0
5092.046243407927,1465.0,-3736.0,215.0,5,100.0,False,0,7136.473,40.0
5095.578611111114,1438.126536534959,-3703.8774245537124,215.0,5,100.0,False,0,7136.532,40.0
5110.111944444447,1323.6013645424332,-3547.8464277461726,218.0,5,100.0,False,0,7136.772,40.0
5115.020602589047,1296.0,-3507.0,218.0,5,100.0,False,0,7136.853,40.0
5119.800833333336,1276.7428554585945,-3476.623661836904,218.0,5,100.0,False,0,7136.932,40.0
5129.489722222225,1247.2323215324118,-3423.427652868086,218.0,5,100.0,False,0,7137.092000000001,40.0
5129.550767043761,1247.0,-3423.0,218.01999872,5,100.0,False,0,7137.093,40.0
5141.823055555559,1187.9358523451283,-3313.423861020166,222.0,5,100.0,False,0,7137.292,40.0
5148.062742655267,1159.0,-3259.0,222.42083413333333,5,100.0,False,0,7137.393,40.0
5153.012944053738,1139.0,-3221.0,222.75416746666667,5,100.0,False,0,7137.473,40.0
5156.689722222226,1121.9393397852946,-3188.9770145191087,223.0,5,100.0,False,0,7137.532,40.0
5176.956388888892,999.3875756867874,-2969.64582354877,228.0,5,100.0,False,0,7137.852,40.0
5177.020073179396,999.0,-2969.0,228.0055552,5,100.0,False,0,7137.853,40.0
5199.956388888892,870.3125396734881,-2772.452668984366,230.0,6,100.0,False,0,7138.212,40.0
5200.020603691946,870.0,-2772.0,230.0083328,6,100.0,False,0,7138.213,40.0
5215.42305555556,803.7328528837076,-2678.3164995705265,232.0,6,100.0,False,0,7138.452,40.0
5225.7786111111145,750.3331532560943,-2605.5003695128594,233.0,6,100.0,False,0,7138.612,40.0
5228.443198071382,733.0,-2582.0,233.40999936,6,100.0,False,0,7138.653,40.0
5238.83416666667,653.1926300861863,-2474.1827367208853,235.0,6,100.0,False,0,7138.812,40.0
5244.106721053895,616.0,-2424.0,236.0,6,100.0,False,0,7138.892,40.0
5254.700833333336,561.3822775981171,-2350.2937260332574,238.0,6,100.0,False,0,7139.052,40.0
5265.278611111114,514.0,-2286.0,238.0,6,100.0,False,0,7139.212,40.0
5281.211944444448,425.0,-2165.0,239.0,6,100.0,False,0,7139.452,40.0
5294.545277777782,347.00985676725617,-2062.8792836145967,240.0,6,100.0,False,0,7139.652,40.0
5295.881264563299,337.0,-2050.0,240.07142857142858,6,100.0,False,0,7139.6720000000005,40.0
5310.607358868138,209.0,-1887.0,240.85714285714286,6,100.0,False,0,7139.892,40.0
5313.289722222226,191.87295304590083,-1865.5287807714615,241.0,6,100.0,False,0,7139.932,40.0
5326.73416666667,136.9654416876058,-1799.2394645628326,242.0,6,99.0,False,0,7140.1320000000005,40.0
5329.436449065965,124.0,-1784.0,242.22222222222223,6,99.11111111111111,False,0,7140.1720000000005,40.0
5344.371553898381,27.0,-1671.0,243.44444444444446,6,99.72222222222223,False,0,7140.392,40.0
5351.134166666669,-25.86945237067844,-1610.352549069366,244.0,6,100.0,False,0,7140.492,40.0
5363.217866300562,-124.0,-1499.0,240.5,6,73.5,False,0,7140.6720000000005,40.0
5374.834166666669,-213.74116531569294,-1398.1764084535287,237.0,6,47.0,True,0,7140.852,40.0
5377.304159066042,-237.0,-1372.0,233.0,6,39.166666666666664,True,0,7140.892,40.0
5389.03416666667,-367.0,-1225.0,213.0,6,0.0,True,0,7141.092000000001,40.0
5401.767500000003,-434.0494679688229,-1147.3095803217557,191.0,6,0.0,True,0,7141.332,40.0
5413.31916666667,-492.5415111506139,-1093.4035476995139,174.0,5,1.0,True,0,7141.571,40.0
5413.364009155883,-493.0,-1093.0,173.92000512,5,0.99750016,True,0,7141.572,40.0
5419.313490940358,-567.0,-1029.0,162.72000512,5,0.64750016,True,0,7141.712,40.0
5429.096944444447,-646.4118791387783,-971.3123958677203,142.0,3,0.0,True,0,7141.9710000000005,40.0
5437.720302426343,-699.0,-951.0,129.9000064,3,0.0,True,0,7142.213,40.0
5439.0525000000025,-710.5218944387921,-946.3847908365782,128.0,3,0.0,True,0,7142.251,40.0
5443.303336624609,-751.0,-931.0,125.57214107769666,3,0.0,True,0,7142.3730000000005,40.0
5445.975833333336,-776.3226401308757,-923.6255145217832,124.0,2,0.0,True,0,7142.452,40.0
5451.123004758732,-826.0,-915.0,118.18611342222222,2,0.0,True,0,7142.613,40.0
5454.1473522406695,-858.0,-913.0,114.57499306666666,2,0.0,True,0,7142.713,40.0
5457.075833333336,-897.016358993119,-912.6878989840548,111.0,2,0.0,True,0,7142.812,40.0
5461.702330416601,-965.0,-916.0,106.9750016,2,0.44722204444444447,True,0,7142.973,40.0
5467.275833333336,-1024.2269498960093,-928.002422078459,102.0,2,1.0,False,0,7143.1720000000005,40.0
5471.72027777778,-1060.050366713491,-944.7028145595592,100.0,2,8.0,False,0,7143.332,40.0
5473.947089981666,-1080.0,-956.0,99.71071451428571,2,13.496424228571428,False,0,7143.4130000000005,40.0
5479.42027777778,-1134.481517488563,-991.8910716405569,99.0,2,27.0,False,0,7143.612,40.0
5486.296557206006,-1197.0,-1038.0,101.40999936,2,36.63999744,False,0,7143.853,40.0
5490.864722222224,-1226.3466012566778,-1060.910699229527,103.0,2,43.0,False,0,7144.012,40.0
5496.642500000002,-1258.9782946382632,-1086.119070216835,104.0,2,51.0,False,0,7144.212,40.0
5497.2808256491935,-1263.0,-1089.0,105.1812608,2,51.0,False,0,7144.233,40.0
5501.664722222225,-1292.6257777150527,-1109.2663571377034,113.0,2,51.0,False,0,7144.372,40.0
5505.574081372157,-1322.0,-1127.0,114.72857051428572,2,45.382145828571424,False,0,7144.493,40.0
5510.764722222225,-1364.9587576152169,-1148.3310865446294,117.0,2,38.0,False,0,7144.652,40.0
5514.056244900991,-1397.0,-1159.0,117.0,2,28.531232,False,0,7144.753,40.0
5515.964722222225,-1417.9858097655558,-1163.7554845003297,117.0,2,23.0,False,0,7144.812,40.0
5521.075833333336,-1479.9854486190698,-1171.2057296160433,115.0,2,23.0,False,0,7144.972,40.0
5523.02473841915,-1501.0,-1172.0,115.0,2,25.74500864,False,0,7145.033,40.0
5527.464722222225,-1540.7222410348284,-1169.6199674976951,115.0,2,32.0,False,0,7145.1720000000005,40.0
5533.798055555558,-1590.0497407275238,-1157.658482538296,114.0,2,35.0,False,0,7145.372,40.0
5534.463151964013,-1596.0,-1156.0,114.0,2,35.7000064,False,0,7145.393,40.0
5541.398055555557,-1664.0,-1135.0,114.0,2,43.0,False,0,7145.612,40.0
5546.464722222224,-1708.9350317605465,-1117.553193024923,114.0,2,43.0,False,0,7145.772,40.0
5549.776476709763,-1738.0,-1104.0,116.8125,2,45.5,False,0,7145.872,40.0
5555.999607746727,-1794.0,-1074.0,121.875,2,50.0,False,0,7146.052,40.0
5557.398055555557,-1804.3899748592105,-1067.8814896769522,123.0,2,51.0,False,0,7146.092000000001,40.0
5563.75555347266,-1844.0,-1041.0,126.75,2,52.5,False,0,7146.272,40.0
5565.93138888889,-1858.762311417956,-1029.4907758505385,128.0,2,53.0,False,0,7146.332,40.0
5570.396913842902,-1891.0,-1002.0,131.66666666666666,2,57.0,False,0,7146.452,40.0
5577.40117375636,-1941.0,-952.0,137.16666666666666,2,63.0,False,0,7146.6320000000005,40.0
5579.83138888889,-1955.9847663172727,-935.0659074938026,139.0,3,65.0,False,0,7146.692,40.0
5585.690968499181,-1989.0,-895.0,144.6,3,70.25,False,0,7146.832,40.0
5594.412341194436,-2044.0,-827.0,152.6,3,77.75,False,0,7147.032,40.0
5597.053611111112,-2064.8463314176042,-799.3479072767349,155.0,3,80.0,False,0,7147.092000000001,40.0
5606.869143031718,-2142.0,-691.0,160.5,3,82.75,False,0,7147.312,40.0
5607.786944444445,-2146.4302405451713,-684.3296416765808,161.0,3,83.0,False,0,7147.332,40.0
5619.225250369185,-2175.0,-630.0,169.4,3,86.6,False,0,7147.572,40.0
5627.231388888889,-2206.12374015097,-560.9044312112945,175.0,4,89.0,False,0,7147.732,40.0
5633.414244096553,-2231.0,-500.0,179.875,4,82.25,False,0,7147.852,40.0
5643.9425,-2263.0,-402.0,188.0,4,71.0,False,0,7148.052,40.0
5653.484027911429,-2286.0,-311.0,190.5806445693145,4,71.64516114232863,False,0,7148.232,40.0
5658.8225,-2295.4946180874626,-258.0378184127992,192.0,5,72.0,False,0,7148.331,40.0
5664.367148576319,-2303.0,-200.0,194.5249984,5,75.02999808,False,0,7148.432,40.0
5681.266944444445,-2313.926198863259,-7.606104412942072,202.0,5,84.0,False,0,7148.731,40.0
5682.529448657626,-2314.0,5.0,202.8250048,5,84.5500032,False,0,7148.753,40.0
5690.511388888889,-2312.0870547064847,75.16555237589199,208.0,5,88.0,False,0,7148.8910000000005,40.0
5702.40388888889,-2301.6488860166905,167.9772493479813,213.0,5,100.0,False,0,7149.092000000001,40.0
5703.669391326989,-2300.0,179.0,213.5906304,5,100.0,False,0,7149.113,40.0
5719.691085058314,-2270.0,333.0,220.9031232,5,100.0,False,0,7149.3730000000005,40.0
5722.137222222223,-2263.6660169087554,356.8749652710644,222.0,5,100.0,False,0,7149.412,40.0
5731.060936031781,-2235.0,446.0,225.5250048,5,100.0,False,0,7149.553,40.0
5742.581666666668,-2177.4112296008257,579.174204804335,230.0,6,100.0,False,0,7149.732,40.0
5742.646671760698,-2177.0,580.0,230.0249984,6,100.0,False,0,7149.733,40.0
5759.7557003117745,-2057.0,793.0,236.5250048,6,100.0,False,0,7149.993,40.0
5761.015000000001,-2051.098878544638,802.7524089872264,237.0,6,100.0,False,0,7150.012,40.0
5774.348333333334,-2021.4880572569643,845.6300561590891,240.0,6,100.0,False,0,7150.212,40.0
5781.196024788851,-2000.0,874.0,243.156256,6,100.0,False,0,7150.313,40.0
5785.237222222224,-1980.3635612326834,901.033426823702,245.0,6,100.0,False,0,7150.372,40.0
5796.406317903871,-1908.0,1002.0,249.0249984,6,100.0,False,0,7150.533,40.0
5799.126111111112,-1889.240126346927,1027.9589033937425,250.0,6,100.0,False,0,7150.572,40.0
5810.326111111112,-1809.3999161490995,1137.3338205317575,252.0,6,100.0,False,0,7150.732,40.0
5817.485272750073,-1760.0,1204.0,254.5250048,6,100.0,False,0,7150.8330000000005,40.0
5818.483855570386,-1753.307442901975,1212.963485355909,254.8750016,6,100.0,False,0,7150.847,40.0
0.1062073774327712,-1753.7208215691185,1212.380435388608,254.8750016,6,100.0,False,0,7150.847,41.0
3.3277777777777793,-1733.5968261842827,1239.1369561013078,256.0,6,100.0,False,0,7150.892,41.0
17.82777777777778,-1645.2355015828825,1354.7452143233709,261.0,6,100.0,False,0,7151.092,41.0
28.159003395693595,-1584.0,1433.0,263.01428845714287,6,100.0,False,0,7151.233,41.0
38.4388888888889,-1524.4907324468275,1507.5145070826097,265.0,7,100.0,False,0,7151.371999999999,41.0
53.505881700562384,-1436.0,1618.0,268.19772625454544,7,100.0,False,0,7151.572999999999,41.0
65.65012619319154,-1362.0,1713.0,270.7431808,7,100.0,False,0,7151.733,41.0
71.68333333333334,-1330.5355133974067,1754.7248963701409,272.0,7,100.0,False,0,7151.812,41.0
88.6902133340351,-1231.0,1892.0,275.6833365333333,7,100.0,False,0,7152.032999999999,41.0
99.48333333333333,-1116.5897372969093,2049.8577774368473,278.0,7,100.0,False,0,7152.172,41.0
105.72875205709757,-1062.0,2125.0,279.3333333333333,7,100.0,False,0,7152.2519999999995,41.0
118.28333333333333,-1020.9448542082387,2180.8310164660156,282.0,7,100.0,False,0,7152.411999999999,41.0
126.1629606988986,-1006.0,2201.0,283.25,7,100.0,False,0,7152.512,41.0
130.90555555555557,-991.675639933897,2220.6117708013658,284.0,7,100.0,False,0,7152.572,41.0
143.61666666666667,-933.004603970143,2301.5756711157874,286.0,7,100.0,False,0,7152.732,41.0
154.82731838871007,-843.0,2426.0,287.5,7,100.0,False,0,7152.871999999999,41.0
166.09444444444446,-721.2277186239337,2594.331042828607,289.0,7,100.0,False,0,7153.012,41.0
167.7063411044014,-707.0,2614.0,289.14285714285717,7,100.0,False,0,7153.032,41.0
188.7277777777778,-632.2903168449672,2718.022191550631,291.0,7,100.0,False,0,7153.2919999999995,41.0
195.23212504996917,-609.0,2752.0,291.8,7,100.0,False,0,7153.371999999999,41.0
205.0055555555556,-552.4917354143222,2834.8146720617606,293.0,7,100.0,False,0,7153.492,41.0
221.28046677204702,-439.0,3002.0,293.0,7,100.0,False,0,7153.692,41.0
224.5388888888889,-421.5258892969528,3027.960705608246,293.0,7,100.0,False,0,7153.732,41.0
244.1388888888889,-335.0,3158.0,294.0,7,100.0,False,0,7153.972,41.0
257.25000000000006,-252.16055487444592,3282.314461150825,295.0,7,100.0,False,0,7154.132,41.0
270.29012983493226,-166.0,3410.0,294.0,7,100.0,False,0,7154.2919999999995,41.0
283.2944444444445,-99.1977747330957,3505.7619273401433,293.0,7,100.0,False,0,7154.451999999999,41.0
299.57346044187744,-19.0,3616.0,293.0,7,100.0,False,0,7154.652,41.0
312.5944444444445,65.6672212802294,3730.646541784666,293.0,7,100.0,False,0,7154.812,41.0
320.72367119517423,128.0,3810.0,292.686520439068,7,100.0,False,0,7154.911999999999,41.0
338.46888888888896,287.9715243538415,3994.3909482331155,292.0,7,100.0,False,0,7155.130999999999,41.0
349.89213476340234,371.0,4087.0,290.47857005714286,7,100.0,False,0,7155.273,41.0
360.9466666666668,415.3056895432506,4137.64628244121,289.0,7,100.0,False,0,7155.411,41.0
378.6673585501245,497.0,4205.0,287.6168213566248,7,100.0,False,0,7155.633,41.0
386.5375000000001,585.4588321085728,4267.022770822252,287.0,7,100.0,False,0,7155.732,41.0
399.20416666666677,740.3046339984638,4370.560203020422,285.0,7,100.0,False,0,7155.892,41.0
399.2830516094821,741.0,4371.0,284.9875008,7,100.0,False,0,7155.893,41.0
411.78194444444455,806.3223915608867,4406.535132070637,283.0,7,100.0,False,0,7156.052,41.0
421.2465025060242,854.0,4422.0,281.9916672,7,100.0,False,0,7156.173,41.0
430.5152777777779,938.689499269229,4450.671108594129,281.0,7,100.0,False,0,7156.2919999999995,41.0
438.34993700819643,1026.0,4476.0,280.3113623272727,7,100.0,False,0,7156.393,41.0
464.49305555555566,1334.1064606806938,4516.95153223526,278.0,7,100.0,False,0,7156.732,41.0
464.5700614107867,1335.0,4517.0,277.9937504,7,100.0,False,0,7156.733,41.0
476.8041666666668,1474.2711976012758,4520.240296188755,277.0,7,100.0,False,0,7156.892,41.0
493.71830847389145,1643.0,4515.0,275.89499904,7,100.0,False,0,7157.112999999999,41.0
507.3597222222224,1741.5411102430996,4507.9692491454,275.0,7,100.0,False,0,7157.2919999999995,41.0
518.0892521998436,1818.0,4499.0,274.1187488,7,100.0,False,0,7157.433,41.0
519.5375000000001,1829.4921601294154,4497.464448146002,274.0,7,100.0,False,0,7157.451999999999,41.0
534.8152777777779,1971.9502045204592,4476.867608595859,275.0,7,100.0,False,0,7157.652,41.0
540.9861668516263,2053.0,4467.0,274.59500032,7,100.0,False,0,7157.733,41.0
550.0375000000001,2201.92729001276,4451.444420189707,274.0,7,100.0,False,0,7157.852,41.0
556.2008113317872,2293.0,4443.0,274.0,7,100.0,False,0,7157.933,41.0
565.2597222222224,2378.1975320665597,4436.87492825771,274.0,7,100.0,False,0,7158.052,41.0
583.6179891208853,2474.0,4439.0,274.0,7,100.0,False,0,7158.293,41.0
592.6597222222224,2560.475759385468,4440.836716167546,274.0,7,100.0,False,0,7158.411999999999,41.0
598.7983732035048,2625.0,4444.0,273.59500032,7,100.0,False,0,7158.4929999999995,41.0
616.8482503558388,2802.0,4467.0,272.4,7,100.0,False,0,7158.732,41.0
622.8819444444446,2855.794726123986,4477.473912134974,272.0,7,100.0,False,0,7158.812,41.0
637.9375000000001,3007.0,4522.0,271.0,7,100.0,False,0,7159.012,41.0
652.8819444444447,3221.0,4610.0,269.0,7,100.0,False,0,7159.2119999999995,41.0
667.8819444444447,3307.542187789649,4651.582702380695,270.0,7,100.0,False,0,7159.411999999999,41.0
676.8209653806189,3358.0,4687.0,269.0,7,100.0,False,0,7159.532,41.0
685.7486111111114,3446.5635868399004,4751.1483259054385,268.0,7,100.0,False,0,7159.652,41.0
699.1999030420696,3594.0,4861.0,268.9,7,100.0,False,0,7159.831999999999,41.0
700.6930555555559,3605.819013334477,4870.220959697866,269.0,7,100.0,False,0,7159.852,41.0
721.5375000000004,3711.8615676056947,4966.865597874916,268.0,7,100.0,False,0,7160.132,41.0
723.0265567865474,3722.0,4977.0,268.0,7,100.0,False,0,7160.152,41.0
739.404166666667,3876.009327803098,5131.840984815364,268.0,7,100.0,False,0,7160.371999999999,41.0
746.8205836179255,3940.0,5196.0,267.5833333333333,7,100.0,False,0,7160.472,41.0
757.2041666666671,4001.927955639533,5257.445794996522,267.0,7,100.0,False,0,7160.612,41.0
769.0263888888893,4055.165795155904,5308.887076390055,266.0,7,100.0,False,0,7160.772,41.0
771.879318394759,4072.0,5325.0,263.0,7,87.625,False,0,7160.812,41.0
782.7759382249822,4151.0,5400.0,251.0,7,38.125,False,0,7160.972,41.0
790.5375000000004,4210.055211510574,5454.834255378283,242.0,7,1.0,True,0,7161.092,41.0
801.5893857136906,4303.0,5538.0,222.2,7,0.09999999999999998,True,0,7161.272,41.0
802.7597222222226,4314.5457964521875,5548.05816719364,220.0,7,0.0,True,0,7161.2919999999995,41.0
813.8152777777782,4431.929730545332,5648.326577701769,199.0,6,1.0,True,0,7161.492,41.0
814.8696769337123,4441.0,5656.0,197.5,6,1.0,True,0,7161.512,41.0
825.8819444444449,4501.544132769756,5706.408037592916,181.0,6,1.0,True,0,7161.732,41.0
829.6264217072778,4526.0,5726.0,174.22176449291663,6,1.6778235507083377,True,0,7161.813,41.0
836.5705555555561,4592.792548195453,5778.758023286064,161.0,4,3.0,True,0,7161.971,41.0
838.3824765660383,4610.0,5792.0,159.56075176289133,4,3.0,True,0,7162.013,41.0
848.4062670599081,4696.0,5848.0,151.3364510577348,4,3.0,True,0,7162.253,41.0
849.9455555555561,4713.45912244465,5855.608207889898,150.0,3,3.0,True,0,7162.2919999999995,41.0
859.5364737709059,4845.0,5896.0,135.49998933333333,3,3.0,True,0,7162.553,41.0
862.9455555555561,4878.413316761504,5902.563026925219,130.0,3,3.0,True,0,7162.652,41.0
872.7395313166162,4941.0,5900.0,120.593744,3,3.0,True,0,7162.9529999999995,41.0
878.2788888888895,4995.243496967986,5894.124085536724,115.0,2,3.0,True,0,7163.132,41.0
879.5267559919207,5011.0,5891.0,113.9750016,2,3.0,True,0,7163.173,41.0
884.3281905110875,5081.0,5871.0,109.9750016,2,3.0,True,0,7163.333,41.0
886.6788888888894,5111.054111851023,5858.557918080694,108.0,2,3.0,True,0,7163.411999999999,41.0
893.7455555555562,5176.669877979997,5817.040948059854,106.0,2,2.0,False,0,7163.652,41.0
894.9287131532416,5185.0,5811.0,105.4875008,2,2.0,False,0,7163.692999999999,41.0
902.8122222222229,5224.230586419631,5778.511354692442,102.0,2,2.0,False,0,7163.972,41.0
905.6410890465218,5239.0,5763.0,101.57916586666667,2,12.1000192,False,0,7164.072999999999,41.0
909.5455555555562,5263.79099678098,5734.657230598218,101.0,2,26.0,False,0,7164.2119999999995,41.0
911.8431127895738,5278.0,5716.0,102.0124992,2,31.5687456,False,0,7164.293,41.0
914.123333333334,5290.4186573041425,5697.058263455643,103.0,2,37.0,False,0,7164.371999999999,41.0
916.5250070532041,5302.0,5677.0,104.21499904,2,38.295998976,False,0,7164.4529999999995,41.0
946.9011111111118,5379.794128479487,5409.661715971528,118.0,2,53.0,False,0,7165.371999999999,41.0
949.5785755270235,5383.0,5382.0,119.5,2,53.0,False,0,7165.451999999999,41.0
952.2788888888896,5385.723536174417,5353.559694587968,121.0,2,53.0,False,0,7165.532,41.0
957.136462313761,5390.0,5303.0,124.5,2,54.4,False,0,7165.672,41.0
959.2788888888896,5392.024546239157,5281.642428261651,126.0,2,55.0,False,0,7165.732,41.0
961.4610068707184,5394.0,5261.0,127.5,2,56.285714285714285,False,0,7165.7919999999995,41.0
969.623333333334,5400.540262285343,5192.235241693081,133.0,3,61.0,False,0,7166.012,41.0
971.8050432512168,5404.0,5170.0,131.75,3,45.75,False,0,7166.072,41.0
978.1566666666673,5420.115297037644,5092.528252360546,128.0,3,0.0,True,0,7166.2519999999995,41.0
978.8384178981336,5422.0,5085.0,127.1,3,0.0,True,0,7166.272,41.0
984.7677777777785,5438.459786955008,5033.71150340079,119.0,3,0.0,True,0,7166.451999999999,41.0
986.6774579943061,5445.0,5018.0,117.2,3,0.0,True,0,7166.512,41.0
991.0455555555562,5463.685373513205,4978.199895439867,113.0,3,0.0,True,0,7166.652,41.0
994.1358237150255,5478.0,4951.0,111.125,3,0.0,True,0,7166.7519999999995,41.0
995.9344444444451,5486.370509192571,4936.3777535321005,110.0,2,0.0,True,0,7166.812,41.0
1001.9742210600953,5524.0,4885.0,102.5,2,0.0,True,0,7167.032,41.0
1007.5455555555563,5589.875119401558,4817.898537466857,95.0,2,0.0,True,0,7167.2519999999995,41.0
1008.0488431328189,5595.0,4813.0,94.75,2,0.0,True,0,7167.272,41.0
1018.449536126658,5656.0,4768.0,89.5,2,0.0,True,0,7167.692,41.0
1019.412222222223,5663.175015139159,4764.117544236946,89.0,2,0.0,False,0,7167.732,41.0
1020.8454675766075,5675.0,4758.0,88.0,2,0.0,False,0,7167.7919999999995,41.0
1025.0788888888897,5715.578018223052,4740.918337579288,85.0,2,0.0,True,0,7167.972,41.0
1027.4009195591054,5738.0,4734.0,84.16666666666667,2,0.0,True,0,7168.072,41.0
1030.612222222223,5766.800376694271,4728.929962230605,83.0,2,0.0,False,0,7168.2119999999995,41.0
1032.4452453814947,5786.0,4730.0,81.9875008,2,0.0,False,0,7168.293,41.0
1034.2122222222229,5808.400186473351,4734.613139258115,81.0,2,0.0,False,0,7168.371999999999,41.0
1037.7404377364574,5855.0,4750.0,79.9937504,2,6.5406224,False,0,7168.532999999999,41.0
1041.234444444445,5880.660357199673,4762.725278655884,79.0,2,13.0,False,0,7168.692,41.0
1045.3452889398984,5901.0,4779.0,80.93928777142857,2,20.110721828571428,False,0,7168.873,41.0
1047.6122222222227,5916.834351238817,4791.474343862883,82.0,2,24.0,False,0,7168.972,41.0
1049.918402210522,5937.0,4809.0,82.28055608888889,2,25.683336533333332,False,0,7169.072999999999,41.0
1055.9122222222227,6002.885954241459,4877.982404392825,83.0,2,30.0,False,0,7169.331999999999,41.0
1056.8955460423283,6011.0,4887.0,84.0249984,2,31.22999808,False,0,7169.373,41.0
1060.8011111111116,6031.104656428448,4910.536810707934,88.0,2,36.0,False,0,7169.532,41.0
1064.845555555556,6041.548355138673,4925.587556421305,91.0,2,39.0,False,0,7169.692,41.0
1066.9020803328208,6051.0,4939.0,91.80999936,2,41.0249984,False,0,7169.773,41.0
1068.9664911042776,6063.0,4956.0,92.60999936,2,43.0249984,False,0,7169.853,41.0
1070.0122222222228,6068.952749112406,4964.707019989218,93.0,2,44.0,False,0,7169.892,41.0
1075.8023130801491,6098.0,5011.0,101.61428297142857,2,50.46071222857143,False,0,7170.093,41.0
1078.1788888888893,6108.144008139653,5029.270716908975,105.0,2,53.0,False,0,7170.172,41.0
1081.2589517279605,6121.0,5054.0,108.03000576,2,54.51500288,False,0,7170.273,41.0
1084.345555555556,6134.844293042748,5081.61199123201,111.0,2,56.0,False,0,7170.371999999999,41.0
1088.89336662658,6155.0,5124.0,115.23000576,2,59.5250048,False,0,7170.513,41.0
1090.845555555556,6162.802778978277,5141.550872496383,117.0,2,61.0,False,0,7170.572,41.0
1094.9363977115115,6178.0,5178.0,120.62999808,2,64.62999808,False,0,7170.692999999999,41.0
1097.6788888888893,6187.7974982503365,5203.117504115509,123.0,2,67.0,False,0,7170.772,41.0
1103.4609789762976,6207.0,5256.0,128.36666453333333,2,70.35416533333333,False,0,7170.933,41.0
1106.4122222222227,6215.635597003798,5281.474318038221,131.0,3,72.0,False,0,7171.012,41.0
1111.886491342623,6232.0,5334.0,136.2875072,3,77.2875072,False,0,7171.152999999999,41.0
1120.1069617645173,6262.0,5440.0,143.7875072,3,84.7875072,False,0,7171.353,41.0
1122.634444444445,6269.487749842497,5467.828245502339,146.0,3,87.0,False,0,7171.411999999999,41.0
1129.7455555555562,6284.698352074303,5528.22961375201,160.0,3,91.0,False,0,7171.572,41.0
1139.2455555555562,6298.508320204201,5595.2948292052515,171.0,4,100.0,False,0,7171.772,41.0
1142.18766036786,6303.0,5620.0,172.906256,4,100.0,False,0,7171.833,41.0
1147.0677777777785,6311.0,5668.0,176.0,4,100.0,False,0,7171.932,41.0
1155.5631754162735,6328.0,5796.0,185.0,4,100.0,False,0,7172.092,41.0
1164.312222222223,6333.628541964612,5903.059788515415,194.0,4,100.0,False,0,7172.2519999999995,41.0
1172.9344444444453,6331.284402898462,5983.831029888126,194.0,5,100.0,False,0,7172.411999999999,41.0
1174.0500950371566,6331.0,5993.0,195.33333333333334,5,100.0,False,0,7172.432,41.0
1186.9344444444453,6327.861151331869,6080.99681131459,210.0,5,100.0,False,0,7172.652,41.0
1197.768226572114,6307.0,6199.0,214.5,5,100.0,False,0,7172.831999999999,41.0
1206.312222222223,6271.347899776711,6347.001758905259,218.0,5,100.0,False,0,7172.972,41.0
1210.0051518402547,6258.0,6399.0,219.5,5,100.0,False,0,7173.032,41.0
1216.1788888888896,6243.925139765816,6449.645493713667,222.0,5,100.0,False,0,7173.132,41.0
1226.0900000000006,6230.595142288485,6477.972938363885,223.0,5,100.0,False,0,7173.2919999999995,41.0
1228.6307596313693,6224.0,6492.0,224.55555555555554,5,100.0,False,0,7173.331999999999,41.0
1244.4514411327143,6158.0,6632.0,233.88888888888889,5,100.0,False,0,7173.572,41.0
1249.7900000000006,6132.534055231394,6678.385363424015,237.0,6,100.0,False,0,7173.652,41.0
1255.1279833157757,6106.0,6723.0,238.0,6,100.0,False,0,7173.732,41.0
1268.5119035932087,6033.0,6834.0,240.5,6,100.0,False,0,7173.932,41.0
1271.2122222222229,6017.0373941855305,6855.851743500136,241.0,6,100.0,False,0,7173.972,41.0
1282.1011111111118,5948.880045228715,6941.547306314615,245.0,6,100.0,False,0,7174.132,41.0
1283.471063349489,5940.0,6952.0,245.25,6,100.0,False,0,7174.152,41.0
1297.2740896042576,5847.0,7053.0,247.75,6,100.0,False,0,7174.352,41.0
1309.8788888888894,5755.134442094504,7138.717952524441,250.0,6,100.0,False,0,7174.532,41.0
1312.7054373093165,5733.0,7158.0,250.9,6,100.0,False,0,7174.572,41.0
1325.5405269767216,5627.0,7246.0,254.95,6,100.0,False,0,7174.7519999999995,41.0
1338.6566666666672,5525.339683073795,7326.154478272567,259.0,6,100.0,False,0,7174.932,41.0
1353.705101177253,5413.0,7412.0,265.69999786666665,6,100.0,False,0,7175.133,41.0
1365.7566666666671,5319.591334438773,7483.541050713382,271.0,7,100.0,False,0,7175.2919999999995,41.0
1365.8325199567878,5319.0,7484.0,271.01499904,7,100.0,False,0,7175.293,41.0
1377.9929035264836,5224.0,7559.0,273.41499904,7,100.0,False,0,7175.4529999999995,41.0
1380.9788888888893,5200.519656887349,7577.8745382320685,274.0,7,100.0,False,0,7175.492,41.0
1390.316197125782,5129.0,7636.0,276.41999872,7,100.0,False,0,7175.612999999999,41.0
1396.4233333333336,5086.839221302153,7670.596178765778,278.0,7,100.0,False,0,7175.692,41.0
1408.7788888888892,4997.817543640567,7744.990348454169,278.0,7,100.0,False,0,7175.852,41.0
1411.9804041441193,4966.0,7772.0,279.281248,7,100.0,False,0,7175.893,41.0
1421.356666666667,4849.585308210192,7871.529001003531,283.0,7,100.0,False,0,7176.012,41.0
1429.3590326421984,4758.0,7950.0,284.51500288,7,100.0,False,0,7176.112999999999,41.0
1437.245555555556,4701.91489902568,7997.895092423677,286.0,7,100.0,False,0,7176.2119999999995,41.0
1458.2540975900877,4630.0,8059.0,289.2625024,7,100.0,False,0,7176.473,41.0
1463.0233333333338,4600.8094541013825,8084.0985441945395,290.0,7,100.0,False,0,7176.532,41.0
1480.9394717213515,4458.0,8207.0,291.84166826666666,7,100.0,False,0,7176.753,41.0
1482.4900000000007,4446.056741458035,8217.223020348243,292.0,7,100.0,False,0,7176.772,41.0
1489.1239132456953,4396.0,8260.0,293.1249991111111,7,100.0,False,0,7176.853,41.0
1512.1900000000007,4215.643687592296,8414.451050599831,297.0,7,100.0,False,0,7177.132,41.0
1512.2728985733406,4215.0,8415.0,297.0124992,7,100.0,False,0,7177.133,41.0
1525.4788888888897,4114.611560194241,8500.477392398412,299.0,7,100.0,False,0,7177.2919999999995,41.0
1525.5622320496248,4114.0,8501.0,299.0093744,7,100.0,False,0,7177.293,41.0
1540.6372979701262,4007.0,8593.0,300.6968768,7,100.0,False,0,7177.473,41.0
1552.3233333333342,3922.915899172236,8665.668936566297,302.0,8,100.0,False,0,7177.612,41.0
1565.8667814230091,3810.0,8764.0,302.80499968,8,100.0,False,0,7177.773,41.0
1569.1566666666674,3777.840126296841,8792.178515834425,303.0,8,100.0,False,0,7177.812,41.0
1584.4923691153208,3620.0,8931.0,304.35750144,8,100.0,False,0,7177.9929999999995,41.0
1603.1566666666672,3482.891508551016,9051.872367191449,306.0,8,100.0,False,0,7178.2119999999995,41.0
1622.0586637090296,3370.0,9151.0,307.5785728,8,100.0,False,0,7178.433,41.0
1627.112222222223,3336.7652246870534,9179.996950806082,308.0,8,100.0,False,0,7178.492,41.0
1651.1455555555565,3168.680689811491,9326.674268119401,309.0,8,100.0,False,0,7178.772,41.0
1652.8688168163526,3157.0,9337.0,309.14285714285717,8,100.0,False,0,7178.7919999999995,41.0
1663.2308347645007,3086.0,9400.0,310.0,8,100.0,False,0,7178.911999999999,41.0
1675.3344444444451,2983.0493525857164,9489.971143213028,311.0,8,100.0,False,0,7179.052,41.0
1690.8822011271998,2832.0,9621.0,311.0,8,100.0,False,0,7179.232,41.0
1692.6122222222232,2815.45803246625,9635.384372824115,311.0,8,100.0,False,0,7179.2519999999995,41.0
1720.3455555555565,2573.1443872783466,9846.718801383671,312.0,8,100.0,False,0,7179.572,41.0
1723.8016406623055,2551.0,9866.0,311.85714285714283,8,100.0,False,0,7179.612,41.0
1744.5344444444452,2455.600784333781,9948.85595614887,311.0,8,100.0,False,0,7179.852,41.0
1749.758128655008,2427.0,9974.0,311.3,8,100.0,False,0,7179.911999999999,41.0
1761.8677777777784,2340.1962893615228,10050.89893432294,312.0,8,100.0,False,0,7180.052,41.0
1779.9108555671012,2176.0,10198.0,303.1666666666667,8,84.16666666666667,False,0,7180.272,41.0
1855.4866085855904,1488.0,10768.0,259.8030303030303,8,6.439393939393938,False,0,7181.352,41.0
1856.8344444444451,1472.0947887774623,10777.071620916431,259.0,8,5.0,True,0,7181.371999999999,41.0
1867.4566666666674,1339.5967902562545,10847.219654362832,239.0,8,5.0,True,0,7181.532,41.0
1872.4413368864653,1278.0,10876.0,230.92523841500082,8,4.747663700468776,True,0,7181.612999999999,41.0
1885.9141666666674,1135.4881319613492,10924.62882670199,207.0,7,4.0,True,0,7181.853,41.0
1894.6359234324627,1062.0,10939.0,198.2970734601979,7,4.0,True,0,7182.013,41.0
1898.7936111111119,1029.5057433443935,10943.479779090972,194.0,5,4.0,True,0,7182.092,41.0
1906.8825000000008,971.2604813556538,10947.307166960552,182.0,5,4.0,True,0,7182.2519999999995,41.0
1914.9713888888898,913.6472766211514,10948.607126175362,182.0,4,3.0,True,0,7182.411999999999,41.0
1916.9835911417185,898.0,10949.0,180.2428598857143,4,3.0,True,0,7182.4529999999995,41.0
1927.3179050443118,791.0,10946.0,170.81427748571429,4,3.0,True,0,7182.673,41.0
1928.193611111112,776.395141407866,10944.177693139452,170.0,4,3.0,True,0,7182.692,41.0
1933.7269442169156,673.0,10928.0,165.4625024,4,3.0,True,0,7182.813,41.0
1935.482500000001,646.9067140351816,10923.332150011376,164.0,4,3.0,False,0,7182.852,41.0
1952.7047222222232,545.3552276390441,10878.225465250107,155.0,4,12.0,False,0,7183.2519999999995,41.0
1952.747012187333,545.0,10878.0,154.98500096,4,12.03999744,False,0,7183.253,41.0
1961.1491666666675,454.6918547781165,10821.695281882912,152.0,4,20.0,False,0,7183.451999999999,41.0
1962.8837550725134,439.0,10811.0,152.0,4,20.0,False,0,7183.4929999999995,41.0
1969.593611111112,400.73121457582914,10778.519924197173,152.0,4,20.0,False,0,7183.652,41.0
1973.783754649745,381.0,10754.0,150.48499712,4,28.58501632,False,0,7183.753,41.0
1977.87138888889,357.4305499159976,10720.85728787062,149.0,4,37.0,False,0,7183.852,41.0
1989.5380555555564,284.20815900885674,10603.372375807492,150.0,4,39.0,False,0,7184.132,41.0
1989.5799584524293,284.0,10603.0,150.00499968,4,39.01499904,False,0,7184.133,41.0
1997.9269444444453,251.67464351042366,10537.763319410118,151.0,4,42.0,False,0,7184.331999999999,41.0
2002.9627078366689,236.0,10496.0,150.2437504,4,45.781248,False,0,7184.4529999999995,41.0
2004.593611111112,231.02526095151075,10480.959632730952,150.0,4,47.0,False,0,7184.492,41.0
2014.7936111111119,205.06588861021947,10378.416715955058,153.0,4,49.0,False,0,7184.732,41.0
2014.8365794935237,205.0,10378.0,153.0124992,4,49.04749696,False,0,7184.733,41.0
2019.1511511683373,200.0,10335.0,154.2625024,4,53.79750912,False,0,7184.833,41.0
2032.3491666666673,187.53924846669557,10146.618877534558,158.0,4,68.0,False,0,7185.132,41.0
2033.2560790978928,187.0,10137.0,158.66666666666666,4,68.5,False,0,7185.152,41.0
2043.4158333333341,183.98611488031858,10075.336274720306,166.0,4,74.0,False,0,7185.371999999999,41.0
2048.1086507479854,182.0,10044.0,167.0,4,54.5,False,0,7185.472,41.0
2052.7491666666674,178.67432844601652,9998.657556439373,168.0,4,35.0,False,0,7185.572,41.0
2056.356626163375,175.0,9959.0,164.4,4,21.0,False,0,7185.652,41.0
2061.5825000000004,167.73099664421835,9903.095714491563,159.0,4,0.0,True,0,7185.772,41.0
2068.1778027239616,153.0,9834.0,153.1818181818182,4,2.1818181818181817,True,0,7185.932,41.0
2076.744087318164,120.0,9747.0,145.1818181818182,4,5.181818181818182,True,0,7186.152,41.0
2079.0602777777785,109.18585459959446,9725.603484108991,143.0,3,6.0,True,0,7186.2119999999995,41.0
2086.6713888888894,68.0,9661.0,137.0,3,6.0,True,0,7186.411999999999,41.0
2093.761326356718,21.0,9605.0,128.66666666666666,3,7.666666666666667,True,0,7186.612,41.0
2095.138055555556,12.646002881021008,9595.855944387791,127.0,3,8.0,True,0,7186.652,41.0
2099.214501356311,-20.0,9566.0,124.66666666666667,3,7.333333333333333,True,0,7186.772,41.0
2103.870938572588,-97.0,9510.0,121.94444444444444,3,6.555555555555555,True,0,7186.911999999999,41.0
2107.138055555556,-133.33960874347648,9485.072482498923,120.0,3,6.0,True,0,7187.012,41.0
2116.652037023074,-169.0,9473.0,114.375,3,6.0,True,0,7187.312,41.0
2117.2713888888893,-173.49060579843345,9471.627126171632,114.0,2,6.0,True,0,7187.331999999999,41.0
2122.1602777777784,-222.33971072640279,9455.781626134267,110.0,2,0.0,True,0,7187.492,41.0
2124.561350752169,-248.0,9449.0,109.0,2,0.0,True,0,7187.572,41.0
2129.2936111111117,-295.0,9442.0,107.0,2,0.0,False,0,7187.732,41.0
2133.9602777777786,-341.3787924372562,9441.6724021683,105.0,2,0.0,False,0,7187.892,41.0
2134.5364354551207,-347.0,9442.0,104.8125,2,0.4375,False,0,7187.911999999999,41.0
2141.36322572169,-411.0,9452.0,102.5531232,2,5.7093792,False,0,7188.152999999999,41.0
2143.0269444444452,-426.2631093723604,9456.303307386814,102.0,2,7.0,False,0,7188.2119999999995,41.0
2145.8790579258966,-454.0,9467.0,102.0,2,17.605020160000002,False,0,7188.313,41.0
2148.6936111111117,-486.3450266728993,9484.423224214024,102.0,2,28.0,False,0,7188.411999999999,41.0
2155.655833333334,-566.0,9538.0,104.0,2,40.0,False,0,7188.652999999999,41.0
2160.2933333333344,-591.8669148918011,9558.448495423612,105.0,2,40.0,False,0,7188.812,41.0
2165.8249876023206,-615.0,9587.0,108.87857554285715,2,41.939287771428575,False,0,7188.9929999999995,41.0
2168.9266666666676,-635.8689656786689,9615.978515645736,111.0,2,43.0,False,0,7189.092,41.0
2173.9933333333342,-676.9915841435019,9675.964498997408,114.0,2,40.0,False,0,7189.2519999999995,41.0
2176.568239472293,-693.0,9701.0,114.5062496,2,41.0124992,False,0,7189.333,41.0
2179.104444444445,-704.4634623239946,9720.52560646896,115.0,2,42.0,False,0,7189.411999999999,41.0
2185.7155555555564,-719.205280147362,9755.459613241,119.0,3,48.0,False,0,7189.612,41.0
2189.138992368189,-729.0,9783.0,121.02000384,3,50.02000384,False,0,7189.713,41.0
2191.890142779955,-739.0,9812.0,122.62000384,3,51.62000384,False,0,7189.793,41.0
2192.54888888889,-741.3518836397506,9819.672003386968,123.0,3,52.0,False,0,7189.812,41.0
2201.082222222223,-766.2093098852876,9930.852055114321,128.0,3,57.0,False,0,7190.052,41.0
2202.595004669302,-769.0,9947.0,129.31785508571429,3,57.14642834285714,False,0,7190.093,41.0
2211.737777777779,-775.7507972937068,10012.915202559068,137.0,3,58.0,False,0,7190.331999999999,41.0
2216.537859152029,-776.0,10049.0,140.0249984,3,59.5124992,False,0,7190.4529999999995,41.0
2224.7299306944624,-774.0,10129.0,145.0249984,3,62.0124992,False,0,7190.652999999999,41.0
2228.0711111111123,-771.3833204548391,10161.552575722359,147.0,3,63.0,False,0,7190.732,41.0
2235.069927059605,-763.0,10228.0,152.36666453333333,3,67.0249984,False,0,7190.893,41.0
2242.215276150742,-752.0,10296.0,157.69999786666668,3,71.0249984,False,0,7191.053,41.0
2243.9711111111124,-748.9781869808437,10312.152125617136,159.0,3,72.0,False,0,7191.092,41.0
2251.2600000000016,-734.80707031415,10377.13071037269,164.0,3,81.0,False,0,7191.2519999999995,41.0
2255.057499723565,-725.0,10414.0,166.69999786666668,3,82.34999893333334,False,0,7191.333,41.0
2262.7266666666683,-699.3385712384843,10498.036908828903,172.0,4,85.0,False,0,7191.492,41.0
2269.728042484996,-673.0,10575.0,177.64000768,4,95.5750144,False,0,7191.633,41.0
2272.7266666666683,-661.860877480194,10605.2616906167,180.0,4,100.0,False,0,7191.692,41.0
2283.171111111113,-623.3379776503855,10700.037833764598,188.0,4,100.0,False,0,7191.892,41.0
2291.6520039481456,-588.0,10778.0,191.2,4,100.0,False,0,7192.052,41.0
2293.8377777777796,-578.2864025785386,10798.528906656218,192.0,4,100.0,False,0,7192.092,41.0
2314.8377777777796,-475.0,11002.0,210.0,5,100.0,False,0,7192.451999999999,41.0
2326.8377777777796,-405.3982596587881,11129.314861726098,216.0,5,100.0,False,0,7192.652,41.0
2336.6460163177076,-358.0,11214.0,220.0,5,100.0,False,0,7192.812,41.0
2341.63777777778,-341.06296567147433,11243.891509503945,222.0,5,100.0,False,0,7192.892,41.0
2358.295308275756,-292.0,11323.0,230.35714285714286,5,100.0,False,0,7193.152,41.0
2359.6044444444465,-285.8668356569065,11332.219533814952,231.0,6,100.0,False,0,7193.172,41.0
2370.2211125357826,-226.0,11420.0,236.0,6,100.0,False,0,7193.331999999999,41.0
2381.026666666669,-163.15496772279366,11507.306291209377,241.0,6,100.0,False,0,7193.492,41.0
2391.960000000002,-98.0,11592.0,246.0,6,100.0,False,0,7193.652,41.0
2404.450817092356,-20.0,11686.0,248.86363636363637,6,100.0,False,0,7193.831999999999,41.0
2422.882222222224,96.0,11815.0,253.0,6,100.0,False,0,7194.092,41.0
2485.182222222224,530.4508892341175,12204.071556501603,267.0,7,100.0,False,0,7194.932,41.0
2488.2578708713518,574.0,12234.0,267.76397426642455,7,100.0,False,0,7194.973,41.0
2497.2572222222243,715.4446917108713,12328.512276800351,270.0,7,100.0,False,0,7195.093,41.0
2501.7506400781594,773.0,12366.0,270.0,7,100.0,False,0,7195.152999999999,41.0
2515.257222222224,842.0554724301551,12406.214602760723,270.0,7,100.0,False,0,7195.333,41.0
2524.364441662546,880.0,12422.0,272.00836766303127,7,100.0,False,0,7195.4529999999995,41.0
2533.4477777777797,957.0267489232594,12457.726095862132,274.0,7,100.0,False,0,7195.572,41.0
2544.2310031793404,1067.0,12508.0,274.7833344,7,100.0,False,0,7195.713,41.0
2551.894963725514,1138.0,12537.0,275.3388885333333,7,100.0,False,0,7195.813,41.0
2561.0477777777796,1257.1562027706254,12579.00354014516,276.0,7,100.0,False,0,7195.932,41.0
2578.1439470868336,1491.0,12654.0,277.5068194909091,7,100.0,False,0,7196.152999999999,41.0
2595.1477777777795,1561.8506494165017,12672.666080918976,279.0,7,100.0,False,0,7196.371999999999,41.0
2598.3310975247296,1581.0,12677.0,279.1464283428571,7,100.0,False,0,7196.413,41.0
2613.8792330610336,1733.0,12712.0,279.86071405714284,7,100.0,False,0,7196.612999999999,41.0
2616.9255555555574,1762.309913520904,12718.399003587412,280.0,7,100.0,False,0,7196.652,41.0
2634.29074128946,1933.0,12750.0,282.0718768,7,100.0,False,0,7196.873,41.0
2642.081111111113,2047.77583341884,12766.921374172984,283.0,7,100.0,False,0,7196.972,41.0
2654.7337877385003,2240.0,12793.0,283.0,7,100.0,False,0,7197.133,41.0
2657.8033333333356,2273.3643998524303,12797.350686250154,283.0,7,100.0,False,0,7197.172,41.0
2673.581111111113,2365.2738240426347,12807.911332393636,284.0,7,100.0,False,0,7197.371999999999,41.0
2684.6915623823406,2428.0,12814.0,284.0,7,100.0,False,0,7197.513,41.0
2695.670000000002,2522.2766783397506,12823.504997822633,284.0,7,100.0,False,0,7197.652,41.0
2710.070135418675,2679.0,12840.0,285.35750144,7,100.0,False,0,7197.833,41.0
2714.8658198583735,2734.0,12846.0,285.80749952,7,100.0,False,0,7197.893,41.0
2727.5588888888906,2858.786198377178,12858.611190588557,287.0,7,100.0,False,0,7198.052,41.0
2730.8277540220733,2893.0,12862.0,287.0,7,100.0,False,0,7198.093,41.0
2740.3144444444465,3006.5048996812848,12873.412414414855,287.0,7,100.0,False,0,7198.2119999999995,41.0
2757.9104527948107,3226.0,12896.0,287.6111111111111,7,100.0,False,0,7198.432,41.0
2769.1144444444462,3325.2202808317234,12906.590690625062,288.0,7,100.0,False,0,7198.572,41.0
2781.914444444446,3412.699294205926,12916.362594024948,288.0,7,100.0,False,0,7198.732,41.0
2789.9500470304856,3481.0,12924.0,288.625,7,100.0,False,0,7198.831999999999,41.0
2796.4019423178265,3544.0,12931.0,289.125,7,100.0,False,0,7198.911999999999,41.0
2807.692222222224,3655.775498261701,12942.942751350056,290.0,7,100.0,False,0,7199.052,41.0
2814.135797530827,3720.0,12950.0,290.0,7,100.0,False,0,7199.132,41.0
2823.803333333335,3817.167147331084,12961.362521996898,290.0,7,100.0,False,0,7199.2519999999995,41.0
2828.6460699768413,3865.0,12967.0,290.3,7,100.0,False,0,7199.312,41.0
2839.9700000000016,3972.802976583403,12979.389796765385,291.0,7,100.0,False,0,7199.451999999999,41.0
2852.9486309580307,4097.0,12994.0,291.8,7,100.0,False,0,7199.612,41.0
2856.1922222222242,4129.6269307836465,12998.05824194416,292.0,7,100.0,False,0,7199.652,41.0
2872.381613042631,4298.0,13020.0,291.54545454545456,7,100.0,False,0,7199.852,41.0
2891.758888888891,4491.0,13046.0,291.0,7,100.0,False,0,7200.092,41.0
2906.2668484472733,4627.0,13064.0,290.5,7,100.0,False,0,7200.272,41.0
2920.758888888891,4770.885596862476,13081.532173641215,290.0,7,100.0,False,0,7200.451999999999,41.0
2925.587240096248,4819.0,13087.0,289.875,7,99.75,False,0,7200.512,41.0
2941.672911343765,4979.0,13103.0,289.4583333333333,7,98.91666666666667,False,0,7200.7119999999995,41.0
2954.4986534401814,5115.0,13112.0,289.125,7,98.25,False,0,7200.871999999999,41.0
2959.2922222222246,5161.525973166635,13113.916584041079,289.0,7,98.0,False,0,7200.932,41.0
2965.669999806914,5218.0,13115.0,288.1111111111111,7,90.44444444444444,False,0,7201.012,41.0
2981.601040281341,5340.0,13109.0,285.8777784888889,7,71.46111715555556,False,0,7201.213,41.0
2987.7922222222246,5393.883665537105,13102.450468421797,285.0,7,64.0,False,0,7201.2919999999995,41.0
3003.341823118699,5547.0,13074.0,280.8979598944885,7,52.14966191741125,False,0,7201.4929999999995,41.0
3018.5754202669077,5696.0,13030.0,276.8163266490814,7,40.35827698623521,False,0,7201.692999999999,41.0
3021.602222222225,5722.466249075728,13020.924476999702,276.0,7,38.0,False,0,7201.733,41.0
3032.1440718963795,5820.0,12979.0,273.89999616,7,48.15001856,False,0,7201.873,41.0
3048.6072255986433,6046.0,12843.0,270.6,7,64.1,False,0,7202.093,41.0
3051.602222222225,6075.573544351042,12823.675565567597,270.0,7,67.0,False,0,7202.133,41.0
3072.5272222222247,6169.784396469316,12745.10496167404,270.0,7,83.0,False,0,7202.411999999999,41.0
3075.61006033153,6186.0,12729.0,270.20499968,7,85.0499968,False,0,7202.4529999999995,41.0
3087.5827777777804,6268.695413187136,12645.693613244075,271.0,7,93.0,False,0,7202.612,41.0
3090.672531036464,6290.0,12622.0,271.1138887111111,7,93.79722097777778,False,0,7202.652999999999,41.0
3108.7890015564144,6395.0,12477.0,271.7805553777778,7,98.46388764444444,False,0,7202.893,41.0
3114.78277777778,6425.831226759896,12424.486447177831,272.0,7,100.0,False,0,7202.972,41.0
3122.472149842265,6463.0,12355.0,273.2625024,7,100.0,False,0,7203.072999999999,41.0
3126.9605555555577,6483.302212878327,12314.243358024727,274.0,7,100.0,False,0,7203.132,41.0
3136.1323609217943,6522.0,12230.0,273.39500032,7,100.0,False,0,7203.253,41.0
3142.1272222222246,6545.503043385563,12174.16723930279,273.0,7,100.0,False,0,7203.331999999999,41.0
3148.2977087335767,6568.0,12117.0,273.60749952,7,100.0,False,0,7203.413,41.0
3166.7079228430466,6626.0,11949.0,275.40749952,7,100.0,False,0,7203.652999999999,41.0
3172.793888888891,6644.371740704244,11889.956388736133,276.0,7,100.0,False,0,7203.732,41.0
3183.6807958850623,6677.0,11778.0,277.7625024,7,100.0,False,0,7203.873,41.0
3185.149444444447,6681.372531011752,11762.210782215561,278.0,7,100.0,False,0,7203.892,41.0
3200.6494444444465,6726.680959119975,11587.63670119644,279.0,7,100.0,False,0,7204.092,41.0
3210.115724345932,6750.0,11492.0,280.5124992,7,100.0,False,0,7204.213,41.0
3225.805000000002,6779.321831901438,11364.3774264285,283.0,7,100.0,False,0,7204.411999999999,41.0
3229.045938148277,6785.0,11339.0,283.40999936,7,100.0,False,0,7204.4529999999995,41.0
3241.6383333333356,6808.043083742401,11233.542250034192,285.0,7,100.0,False,0,7204.612,41.0
3246.478119920591,6819.0,11177.0,285.2541674666667,7,100.0,False,0,7204.673,41.0
3260.705000000002,6860.413137998774,10938.98277604067,286.0,7,100.0,False,0,7204.852,41.0
3268.746245838631,6882.0,10805.0,286.3607149714286,7,100.0,False,0,7204.9529999999995,41.0
3283.027222222224,6907.583957052382,10625.847247568032,287.0,7,100.0,False,0,7205.132,41.0
3295.827222222224,6919.216932887814,10519.901732211623,288.0,7,100.0,False,0,7205.2919999999995,41.0
3305.423389211603,6926.0,10456.0,288.0,7,100.0,False,0,7205.411999999999,41.0
3311.827222222224,6929.785850085161,10420.130876182953,288.0,7,100.0,False,0,7205.492,41.0
3327.882777777779,6939.0,10329.0,289.0,7,100.0,False,0,7205.692,41.0
3347.2161111111127,6955.704474141662,10144.701366195923,290.0,7,100.0,False,0,7205.932,41.0
3348.8316834022144,6957.0,10128.0,290.1,7,100.0,False,0,7205.951999999999,41.0
3360.1536444823696,6965.0,10007.0,290.8,7,100.0,False,0,7206.092,41.0
3363.382777777779,6967.033710237185,9968.289361811972,291.0,7,100.0,False,0,7206.132,41.0
3382.7161111111127,6976.9334474036405,9709.212620281261,290.0,7,100.0,False,0,7206.371999999999,41.0
3389.199901727152,6979.0,9644.0,290.8,7,100.0,False,0,7206.451999999999,41.0
3398.9383333333353,6980.800554043137,9578.595528523034,292.0,7,100.0,False,0,7206.572,41.0
3408.6258944048395,6982.0,9523.0,291.14285714285717,7,100.0,False,0,7206.692,41.0
3421.493888888891,6984.15446028559,9418.882350017662,290.0,7,100.0,False,0,7206.852,41.0
3435.949141502469,6989.0,9258.0,289.1,7,100.0,False,0,7207.032,41.0
3437.549444444446,6989.817543554836,9237.062618057764,289.0,7,100.0,False,0,7207.052,41.0
3453.466026817149,7000.0,9020.0,287.5,7,100.0,False,0,7207.2519999999995,41.0
3469.327222222224,7009.431101060017,8895.95875536079,286.0,7,100.0,False,0,7207.451999999999,41.0
3482.0383333333352,7020.186129060795,8812.469627693683,286.0,7,100.0,False,0,7207.612,41.0
3483.624386262788,7022.0,8799.0,285.9,7,100.0,False,0,7207.632,41.0
3496.3677769369715,7040.0,8673.0,285.09499904,7,100.0,False,0,7207.793,41.0
3497.8716666666687,7042.405457792093,8658.11122205785,285.0,7,100.0,False,0,7207.812,41.0
3510.5383333333352,7064.591590737241,8538.761083744403,285.0,7,100.0,False,0,7207.972,41.0
3516.938051626565,7077.0,8479.0,284.6639005912433,7,100.0,False,0,7208.053,41.0
3529.5505555555574,7104.010235827125,8357.851402518325,284.0,7,100.0,False,0,7208.213,41.0
3534.272458430963,7116.0,8309.0,283.8124992,7,99.8124992,False,0,7208.273,41.0
3554.706111111113,7179.0,8082.0,283.0,7,99.0,False,0,7208.532999999999,41.0
3567.2838888888905,7215.540241264446,7967.954322350574,283.0,7,99.0,False,0,7208.692999999999,41.0
3582.957662909733,7262.0,7837.0,282.44289703524953,7,99.55710296475044,False,0,7208.893,41.0
3590.785137833313,7289.0,7763.0,282.16434483978253,7,99.83565516021747,False,0,7208.9929999999995,41.0
3595.4055555555574,7307.2561895815015,7715.395701333163,282.0,7,100.0,False,0,7209.052,41.0
3614.2055555555576,7393.25357611421,7504.039998990444,282.0,7,100.0,False,0,7209.2919999999995,41.0
3618.975952224514,7412.0,7457.0,281.7458325333333,7,100.0,False,0,7209.353,41.0
3632.938888888891,7454.898094105967,7343.4547441798,281.0,7,100.0,False,0,7209.532,41.0
3648.4388888888907,7489.8350029208905,7230.613316387786,279.0,7,100.0,False,0,7209.732,41.0
3648.5160139517366,7490.0,7230.0,278.9906256,7,100.0,False,0,7209.733,41.0
3660.804499825311,7515.0,7126.0,277.4906256,7,100.0,False,0,7209.893,41.0
3672.972222222224,7533.936324175085,7007.879305483633,276.0,7,100.0,False,0,7210.052,41.0
3673.048787958554,7534.0,7007.0,275.9964288,7,100.0,False,0,7210.053,41.0
3694.361111111113,7525.073291278909,6720.853433679487,275.0,7,100.0,False,0,7210.331999999999,41.0
3694.436792928932,7525.0,6720.0,274.982144,7,100.0,False,0,7210.333,41.0
3715.361111111113,7500.207792097931,6563.79835721383,270.0,7,100.0,False,0,7210.612,41.0
3724.423177699707,7485.0,6501.0,270.0,7,100.0,False,0,7210.733,41.0
3739.361111111113,7449.569592568392,6354.521457875679,270.0,7,100.0,False,0,7210.932,41.0
3740.940854427125,7444.0,6332.0,270.05250048,7,100.0,False,0,7210.9529999999995,41.0
3756.017596885607,7382.0,6085.0,270.55250048,7,100.0,False,0,7211.152999999999,41.0
3769.472222222224,7367.838190140115,6028.762547812242,271.0,7,100.0,False,0,7211.331999999999,41.0
3775.5282222004653,7363.0,5998.0,270.13214354285714,7,97.68571611428571,False,0,7211.413,41.0
3790.3166666666684,7332.561047377592,5799.803993648649,268.0,7,92.0,False,0,7211.612,41.0
3799.1646358508797,7318.0,5665.0,265.75,7,61.25,False,0,7211.732,41.0
3802.094444444446,7315.720611971563,5625.596518776435,265.0,7,51.0,False,0,7211.772,41.0
3819.4277777777793,7328.363290327423,5446.511743161354,260.0,6,30.0,False,0,7212.012,41.0
3833.5388888888906,7350.0,5348.0,254.0,6,17.0,False,0,7212.2119999999995,41.0
3853.894834029545,7386.0,5237.0,246.5,6,28.59090909090909,False,0,7212.512,41.0
3863.2388888888904,7422.62608418783,5156.818003478229,243.0,6,34.0,False,0,7212.652,41.0
3873.8897013482333,7477.0,5051.0,240.77777777777777,6,39.333333333333336,False,0,7212.812,41.0
3887.0388888888906,7550.193074950774,4927.2164556148255,238.0,6,46.0,True,0,7213.012,41.0
3888.334791381232,7557.0,4916.0,237.125,6,40.25,True,0,7213.032,41.0
3896.035349265749,7595.0,4853.0,231.875,6,5.75,True,0,7213.152,41.0
3897.3055555555575,7601.098340861237,4842.669543018976,231.0,6,0.0,True,0,7213.172,41.0
3910.9712070393934,7664.0,4732.0,223.66666666666666,6,1.8333333333333335,True,0,7213.392,41.0
3912.172222222224,7669.0808523983815,4722.860602326453,223.0,6,2.0,True,0,7213.411999999999,41.0
3924.853930061053,7723.0,4609.0,213.5,6,5.0,True,0,7213.632,41.0
3933.753243432867,7770.0,4465.0,206.5909090909091,6,7.181818181818182,True,0,7213.7919999999995,41.0
3937.105555555557,7781.978714668965,4425.495371834389,204.0,5,8.0,True,0,7213.852,41.0
3948.2722222222237,7793.656614673283,4367.2611595085045,201.0,5,9.0,False,0,7214.052,41.0
3954.798747157569,7790.0,4314.0,198.0,5,11.25,False,0,7214.172,41.0
3965.4277777777793,7774.177278122754,4157.301798748665,193.0,5,15.0,False,0,7214.371999999999,41.0
3968.6459514799635,7769.0,4117.0,191.8562464,5,23.7687776,False,0,7214.433,41.0
3973.872222222224,7761.370413339402,4072.2781135414066,190.0,5,38.0,False,0,7214.532,41.0
3985.704347562756,7740.0,4014.0,192.06542276693787,5,56.588804902440856,False,0,7214.753,41.0
3991.0813888888906,7722.641820286763,3969.194398773058,193.0,5,65.0,False,0,7214.853,41.0
3999.703611111113,7688.0,3885.0,194.0,5,67.0,False,0,7215.013,41.0
4009.653091726015,7642.0,3798.0,197.5000049777778,5,73.00000853333333,False,0,7215.192999999999,41.0
4019.803611111113,7563.331356686799,3683.750716375203,201.0,5,79.0,False,0,7215.373,41.0
4024.347090602334,7531.0,3640.0,202.14285714285714,5,78.71428571428571,False,0,7215.4529999999995,41.0
4035.748055555557,7480.315531070103,3577.9860154599796,205.0,5,78.0,False,0,7215.652999999999,41.0
4044.846388888891,7418.570281872231,3530.4031558716415,206.0,5,78.0,False,0,7215.812,41.0
4044.9048017479286,7418.0,3530.0,206.0458304,5,78.0916608,False,0,7215.813,41.0
4059.313055555557,7239.723474917321,3412.44387381548,217.0,5,100.0,False,0,7216.052,41.0
4059.3740634556134,7239.0,3412.0,217.01999872,5,100.0,False,0,7216.053,41.0
4071.590833333335,7115.15402103477,3342.9483934301315,221.0,5,100.0,False,0,7216.2519999999995,41.0
4084.257500000002,7021.910696876815,3297.8482041410116,228.0,5,100.0,False,0,7216.451999999999,41.0
4086.906140399217,7005.0,3289.0,229.0249984,5,100.0,False,0,7216.4929999999995,41.0
4109.476411653058,6876.0,3206.0,237.5250048,5,100.0,False,0,7216.833,41.0
4113.468611111113,6847.700014911359,3183.2791226640948,239.0,6,100.0,False,0,7216.892,41.0
4124.454626065304,6765.0,3112.0,242.21999872,6,100.0,False,0,7217.053,41.0
4140.913055555557,6651.426727673811,2999.4946634553717,247.0,6,100.0,False,0,7217.2919999999995,41.0
4142.360292217926,6638.0,2985.0,247.2625024,6,100.0,False,0,7217.313,41.0
4151.979722222224,6529.558075536108,2864.566615936184,249.0,6,100.0,False,0,7217.451999999999,41.0
4157.679351370613,6475.0,2802.0,251.0249984,6,100.0,False,0,7217.532999999999,41.0
4174.824166666668,6405.108217982583,2710.806647383275,257.0,6,100.0,False,0,7217.772,41.0
4177.781936053775,6394.0,2695.0,257.81999872,6,100.0,False,0,7217.813,41.0
4189.324166666668,6335.31699881317,2612.6893880027787,261.0,6,100.0,False,0,7217.972,41.0
4196.779311930702,6283.0,2531.0,263.02000384,6,100.0,False,0,7218.072999999999,41.0
4211.7090828965465,6158.0,2314.0,267.0,6,100.0,False,0,7218.272,41.0
4219.213055555558,6116.107918718932,2238.6659469582173,269.0,6,100.0,False,0,7218.371999999999,41.0
4231.213055555558,6087.918050613589,2184.062806772865,270.0,7,100.0,False,0,7218.532,41.0
4243.390833333336,6058.464231657644,2122.491538375147,274.0,7,100.0,False,0,7218.692,41.0
4246.467277735396,6047.0,2099.0,274.85714285714283,7,100.0,False,0,7218.732,41.0
4258.895650152263,5989.0,1981.0,278.2857142857143,7,100.0,False,0,7218.892,41.0
4265.168611111114,5960.808221158222,1923.4656654469181,280.0,7,100.0,False,0,7218.972,41.0
4274.643847537058,5921.0,1842.0,281.90909090909093,7,100.0,False,0,7219.092,41.0
4300.2463888888915,5811.45193197476,1617.4628514869132,287.0,7,100.0,False,0,7219.411999999999,41.0
4301.85871442885,5803.0,1600.0,287.3333333333333,7,100.0,False,0,7219.432,41.0
4318.030560053042,5712.0,1411.0,290.6666666666667,7,100.0,False,0,7219.632,41.0
4319.646388888892,5704.21965758375,1394.739955108107,291.0,7,100.0,False,0,7219.652,41.0
4335.813055555558,5647.811665962883,1275.5269890252266,291.0,7,100.0,False,0,7219.852,41.0
4348.92416666667,5605.467639356138,1185.9100467596284,295.0,7,100.0,False,0,7220.012,41.0
4353.878946841211,5583.0,1139.0,296.125,7,100.0,False,0,7220.072,41.0
4358.85018057385,5558.0,1087.0,297.25,7,100.0,False,0,7220.132,41.0
4362.168611111115,5543.346624660083,1056.4868125965322,298.0,7,100.0,False,0,7220.172,41.0
4383.826671746942,5461.0,884.0,299.85714285714283,7,100.0,False,0,7220.432,41.0
4385.501944444448,5450.141398870243,861.2802951770568,300.0,7,100.0,False,0,7220.451999999999,41.0
4398.959221568613,5349.0,650.0,301.6,7,100.0,False,0,7220.612,41.0
4419.279722222225,5280.811038894613,509.7501799081559,304.0,8,100.0,False,0,7220.852,41.0
4432.956836280456,5246.0,438.0,305.3416661333333,8,100.0,False,0,7221.013,41.0
4439.679722222226,5220.30576984027,384.25524062432373,306.0,8,100.0,False,0,7221.092,41.0
4441.468051204339,5213.0,369.0,306.1312512,8,100.0,False,0,7221.112999999999,41.0
4453.32416666667,5162.114743113822,263.4562985585774,307.0,8,100.0,False,0,7221.2519999999995,41.0
4465.409234621356,5109.0,154.0,307.87850604431276,8,100.0,False,0,7221.393,41.0
4480.87666666667,5042.905446950344,18.108564874839622,309.0,8,100.0,False,0,7221.572999999999,41.0
4486.026942664323,5020.0,-29.0,309.0,8,100.0,False,0,7221.633,41.0
4498.043333333337,4963.956100148233,-144.4366867630567,309.0,8,100.0,False,0,7221.773,41.0
4503.200233664702,4941.0,-192.0,309.1875008,8,100.0,False,0,7221.833,41.0
4522.147632464766,4863.0,-355.0,309.875,8,100.0,False,0,7222.053,41.0
4525.598888888891,4846.7580489373195,-388.7091222329895,310.0,8,100.0,False,0,7222.093,41.0
4530.779363768176,4822.0,-440.0,310.30000128,8,100.0,False,0,7222.152999999999,41.0
4542.87666666667,4771.564480551332,-544.7636882821661,311.0,8,100.0,False,0,7222.293,41.0
4553.243506711825,4728.0,-635.0,311.0,8,100.0,False,0,7222.413,41.0
4556.612500000004,4712.274492178371,-667.4234880513583,311.0,8,100.0,False,0,7222.451999999999,41.0
4567.064953998574,4661.0,-773.0,311.0,8,100.0,False,0,7222.572999999999,41.0
4577.3458333333365,4613.4758916088485,-871.3881345209185,311.0,8,100.0,False,0,7222.692,41.0
4594.623611111115,4540.349396701488,-1023.2768043877746,311.0,8,100.0,False,0,7222.892,41.0
4594.709915162172,4540.0,-1024.0,310.9972224,8,100.0,False,0,7222.893,41.0
4610.227639470502,4472.0,-1164.0,310.4972216888889,8,100.0,False,0,7223.072999999999,41.0
4625.623611111115,4364.528310190077,-1383.20126664983,310.0,8,100.0,False,0,7223.2519999999995,41.0
4629.145082996257,4343.0,-1427.0,309.79500032,8,100.0,False,0,7223.293,41.0
4642.790277777782,4287.47568580024,-1539.562584224655,309.0,8,100.0,False,0,7223.451999999999,41.0
4656.523611111114,4258.044789570641,-1598.5821242294608,309.0,8,100.0,False,0,7223.612,41.0
4663.479238332044,4236.0,-1643.0,309.0,8,100.0,False,0,7223.692999999999,41.0
4677.123611111114,4179.370485433547,-1757.2547592254816,309.0,8,100.0,False,0,7223.852,41.0
4677.209279976493,4179.0,-1758.0,308.9964288,8,100.0,False,0,7223.853,41.0
4701.079166666669,4071.443568639117,-1972.1276567100253,308.0,8,100.0,False,0,7224.132,41.0
4701.16488344754,4071.0,-1973.0,308.00499968,8,100.0,False,0,7224.133,41.0
4706.3122711204,4044.0,-2026.0,308.30500096,8,100.0,False,0,7224.192999999999,41.0
4718.245833333336,3991.963912478572,-2128.081674689247,309.0,8,100.0,False,0,7224.331999999999,41.0
4726.893665122278,3954.0,-2202.0,308.3687488,8,100.0,False,0,7224.433,41.0
4731.934722222225,3928.5241584854293,-2251.266121910691,308.0,8,100.0,False,0,7224.492,41.0
4740.546509137927,3883.0,-2339.0,307.3687488,8,100.0,False,0,7224.593,41.0
4745.57916666667,3858.466206405684,-2386.2610620504825,307.0,8,100.0,False,0,7224.652,41.0
4764.400701559133,3778.0,-2541.0,307.9166666666667,8,100.0,False,0,7224.871999999999,41.0
4766.112500000003,3771.0831857035464,-2554.2553965948846,308.0,8,100.0,False,0,7224.892,41.0
4784.9346021119445,3680.0,-2726.0,308.0,8,100.0,False,0,7225.112,41.0
4786.645833333336,3667.0817560212968,-2749.84656263571,308.0,8,100.0,False,0,7225.132,41.0
4800.3389921555845,3549.0,-2966.0,308.0,8,100.0,False,0,7225.2919999999995,41.0
4817.445833333336,3477.268423745775,-3094.426947683808,308.0,8,100.0,False,0,7225.492,41.0
4834.501388888892,3440.2215729206814,-3155.543272180364,307.0,8,100.0,False,0,7225.692,41.0
4836.199394822315,3434.0,-3166.0,306.625,8,100.0,False,0,7225.7119999999995,41.0
4848.012500000003,3377.6980072754286,-3261.1108238045053,304.0,8,100.0,False,0,7225.852,41.0
4856.3129157483,3329.0,-3340.0,300.25,8,74.6875,False,0,7225.951999999999,41.0
4862.861769964386,3288.0,-3403.0,297.25,8,54.4375,False,0,7226.032,41.0
4873.968055555559,3221.5446236002763,-3499.998815644616,292.0,8,19.0,True,0,7226.172,41.0
4880.087959454068,3185.0,-3550.0,284.85714285714283,8,14.714285714285715,True,0,7226.2519999999995,41.0
4894.734722222225,3092.8347060321457,-3664.9642593717795,267.0,8,4.0,True,0,7226.451999999999,41.0
4898.978197924465,3064.0,-3698.0,263.5,8,5.0,True,0,7226.512,41.0
4916.677681119816,2932.0,-3833.0,248.33333333333334,8,9.333333333333332,True,0,7226.772,41.0
4919.3347222222255,2911.5435670462152,-3850.7947939709757,246.0,7,10.0,True,0,7226.812,41.0
4929.823611111115,2829.0,-3914.0,236.0,6,9.0,True,0,7226.972,41.0
4938.854963299843,2754.0,-3963.0,232.5,6,9.875,True,0,7227.112,41.0
4940.134722222226,2743.574381776186,-3969.4153756893256,232.0,6,10.0,False,0,7227.132,41.0
4952.745833333337,2638.31079439187,-4026.364196271537,227.0,6,10.0,False,0,7227.331999999999,41.0
4956.423134844399,2596.0,-4043.0,224.9375,6,16.0,False,0,7227.392,41.0
4969.621088739314,2409.0,-4100.0,217.3406272,6,38.0999936,False,0,7227.612999999999,41.0
4971.945833333338,2386.3038621294645,-4106.167798288795,216.0,5,42.0,False,0,7227.652,41.0
4983.890277777781,2331.7299503661375,-4116.033738405245,215.0,5,55.0,False,0,7227.852,41.0
4989.88027294599,2293.0,-4115.0,214.44044205038307,5,55.559557949616924,False,0,7227.9529999999995,41.0
5005.249444444448,2107.4643167933436,-4104.167877083889,213.0,5,57.0,False,0,7228.213,41.0
5007.633855283729,2080.0,-4101.0,213.33333333333334,5,58.333333333333336,False,0,7228.253,41.0
5032.970432463572,1868.0,-4037.0,216.83333546666665,5,72.33334186666667,False,0,7228.673,41.0
5034.182777777782,1857.438101789166,-4032.241347475945,217.0,5,73.0,False,0,7228.692999999999,41.0
5042.676149139784,1781.0,-3995.0,217.70000128,5,72.64999936,False,0,7228.833,41.0
5057.292257945326,1663.0,-3919.0,218.90000128,5,72.04999936,False,0,7229.072999999999,41.0
5058.516111111115,1652.744132954946,-3911.2790929165503,219.0,5,72.0,False,0,7229.093,41.0
5064.649597405361,1601.0,-3870.0,219.83682200185518,5,76.18411000927598,False,0,7229.192999999999,41.0
5073.188055555559,1537.0630119985835,-3811.884048100858,221.0,5,82.0,False,0,7229.331999999999,41.0
5074.475956987935,1528.0,-3803.0,221.0,5,83.35001234285714,False,0,7229.353,41.0
5090.376944444448,1424.1566134176655,-3688.173746675395,221.0,5,100.0,False,0,7229.612,41.0
5091.677951395867,1416.0,-3678.0,221.1750016,5,100.0,False,0,7229.633,41.0
5107.978135857567,1317.0,-3541.0,223.34166613333332,5,100.0,False,0,7229.893,41.0
5167.376944444448,1035.7260078227023,-3032.4750579954725,231.0,6,100.0,False,0,7230.812,41.0
5171.319210317061,1019.0,-3003.0,231.43571565714285,6,100.0,False,0,7230.873,41.0
5185.49916666667,956.1068071226418,-2898.7534772661515,233.0,6,100.0,False,0,7231.092,41.0
5192.099373550381,905.0,-2823.0,234.01000192,6,100.0,False,0,7231.192999999999,41.0
5202.637226873149,791.0,-2661.0,235.61000192,6,100.0,False,0,7231.353,41.0
5211.832500000003,716.2282215852819,-2557.3854300680186,237.0,6,100.0,False,0,7231.492,41.0
5225.110277777781,653.7324445020508,-2474.5771785375937,239.0,6,100.0,False,0,7231.692,41.0
5230.437773219459,633.0,-2447.0,239.4,6,100.0,False,0,7231.772,41.0
5238.443611111115,604.949152477318,-2409.2344527593677,240.0,6,100.0,False,0,7231.892,41.0
5254.510277777782,541.6316851375464,-2323.263955393326,241.0,6,100.0,False,0,7232.132,41.0
5255.856435643665,534.0,-2313.0,241.25,6,100.0,False,0,7232.152,41.0
5262.605729180206,490.0,-2254.0,242.5,6,100.0,False,0,7232.2519999999995,41.0
5265.310277777782,469.93020503550326,-2227.140040110838,243.0,6,100.0,False,0,7232.2919999999995,41.0
5282.930606044796,327.0,-2037.0,243.92857142857142,6,100.0,False,0,7232.552,41.0
5284.28805555556,317.9442038137553,-2025.1312248027882,244.0,6,100.0,False,0,7232.572,41.0
5303.343611111116,230.3815852819357,-1914.2005300288029,245.0,6,100.0,False,0,7232.852,41.0
5315.708295032054,175.0,-1846.0,246.28571428571428,6,100.0,False,0,7233.032,41.0
5322.554722222227,136.0,-1798.0,247.0,6,100.0,False,0,7233.132,41.0
5334.761608522217,52.0,-1700.0,244.3,6,100.0,False,0,7233.312,41.0
5336.110277777782,43.288366657253924,-1689.9158982465478,244.0,6,100.0,False,0,7233.331999999999,41.0
5346.8420647554,-27.0,-1609.0,241.6,6,100.0,False,0,7233.492,41.0
5349.499166666671,-50.16084341396592,-1582.8005975638425,241.0,6,100.0,False,0,7233.532,41.0
5360.032500000004,-156.0,-1464.0,237.0,6,100.0,False,0,7233.692,41.0
5380.38805555556,-293.7375528538663,-1308.0432833313953,229.0,6,8.0,True,0,7234.012,41.0
5382.659572609672,-308.0,-1292.0,222.9638983111111,6,7.088890311111111,True,0,7234.053,41.0
5387.784781667433,-342.0,-1254.0,208.2416384,6,4.866662399999999,True,0,7234.152999999999,41.0
5397.98805555556,-418.3957290272451,-1170.037410940466,176.0,6,0.0,True,0,7234.371999999999,41.0
5398.974544956323,-426.0,-1162.0,175.16417119655202,6,0.0,True,0,7234.393,41.0
5407.36805555556,-493.03039102527146,-1094.0967577249921,168.0,6,0.0,True,0,7234.572999999999,41.0
5411.729722937629,-527.0,-1062.0,160.4999808,6,0.0,True,0,7234.673,41.0
5415.86805555556,-556.3296820886042,-1036.3057049186366,153.0,5,0.0,True,0,7234.773,41.0
5425.780002872898,-629.0,-987.0,139.1874864,5,0.0,True,0,7235.032999999999,41.0
5427.956944444449,-651.2314044781449,-974.9505914121823,136.0,3,0.0,True,0,7235.093,41.0
5433.601388888894,-718.5126234123113,-943.2166033716779,127.0,2,0.0,True,0,7235.253,41.0
5434.960907637056,-735.0,-937.0,125.75,2,0.0,True,0,7235.293,41.0
5444.001388888893,-838.3837504778228,-915.6088427614258,117.0,2,0.0,True,0,7235.572999999999,41.0
5447.162472096254,-864.0,-913.0,115.21428114285715,2,0.0,True,0,7235.673,41.0
5452.712500000004,-892.0422330430061,-911.5081324142834,112.0,2,0.0,True,0,7235.853,41.0
5455.065255766648,-906.0,-912.0,108.47798883904852,2,0.0,True,0,7235.933,41.0
5457.350000000004,-923.9981780942409,-913.1212305190824,105.0,2,0.0,False,0,7236.012,41.0
5463.072222222226,-983.2560661820746,-919.8866408922596,103.0,2,1.0,False,0,7236.2119999999995,41.0
5464.768033526973,-1001.0,-924.0,101.77999616,2,4.050009599999999,False,0,7236.273,41.0
5468.572222222226,-1038.950443766815,-937.2435287411907,99.0,2,11.0,False,0,7236.411999999999,41.0
5470.796115073859,-1059.0,-946.0,99.0,2,17.412494933333335,False,0,7236.4929999999995,41.0
5475.172222222226,-1094.3118506842013,-964.0887180278314,99.0,2,30.0,False,0,7236.652,41.0
5476.848038145369,-1110.0,-974.0,99.0,2,33.0500096,False,0,7236.713,41.0
5479.572222222226,-1140.44872745119,-995.4265238162573,99.0,2,38.0,False,0,7236.812,41.0
5482.941120794752,-1177.0,-1023.0,100.5124992,2,42.5374976,False,0,7236.933,41.0
5484.061111111115,-1186.1099374432995,-1030.101407383776,101.0,2,44.0,False,0,7236.972,41.0
5492.772815261457,-1237.0,-1070.0,109.42999808,2,51.72749824,False,0,7237.253,41.0
5496.61666666667,-1277.0291259287674,-1097.0536722765205,113.0,2,55.0,False,0,7237.371999999999,41.0
5501.81666666667,-1343.4236220904622,-1137.2899320612823,117.0,2,47.0,False,0,7237.532,41.0
5503.150925773291,-1359.0,-1145.0,117.0,2,44.54000384,False,0,7237.572999999999,41.0
5508.31666666667,-1412.6642411937169,-1163.8245862518797,117.0,2,35.0,False,0,7237.732,41.0
5512.8587463925505,-1453.0,-1171.0,116.5593744,2,32.796872,False,0,7237.873,41.0
5518.627777777781,-1496.4673595739823,-1173.5554412715205,116.0,3,30.0,False,0,7238.052,41.0
5528.4595116428045,-1565.0,-1164.0,117.875,3,36.5625,False,0,7238.352,41.0
5529.11666666667,-1570.3243979347744,-1162.910095438714,118.0,3,37.0,False,0,7238.371999999999,41.0
5535.026363455975,-1627.0,-1148.0,118.0,3,37.0,False,0,7238.552,41.0
5539.6055555555595,-1692.1515628302493,-1123.4346984973072,118.0,3,37.0,False,0,7238.692,41.0
5542.211811045343,-1725.0,-1110.0,118.0,3,37.0,False,0,7238.772,41.0
5544.850000000004,-1748.1068729487406,-1100.0254025812465,118.0,3,37.0,False,0,7238.852,41.0
5552.463973079398,-1787.0,-1079.0,123.5,3,48.0,False,0,7239.072,41.0
5556.050000000004,-1814.1043348672877,-1062.8944662450435,126.0,3,53.0,False,0,7239.172,41.0
5558.229984927517,-1833.0,-1050.0,128.1,3,55.7,False,0,7239.232,41.0
5563.4388888888925,-1882.8746798046136,-1008.6479690273864,133.0,3,62.0,False,0,7239.371999999999,41.0
5571.34089565828,-1952.0,-941.0,139.36363636363637,3,65.18181818181819,False,0,7239.572,41.0
5581.405555555559,-1999.6269421239906,-884.1684445947584,147.0,3,69.0,False,0,7239.812,41.0
5587.483595714678,-2026.0,-850.0,153.41666666666666,3,73.08333333333333,False,0,7239.951999999999,41.0
5591.938888888892,-2049.3365215611348,-820.9407130128656,158.0,3,76.0,False,0,7240.052,41.0
5600.230633490413,-2101.0,-753.0,163.5,3,79.5,False,0,7240.232,41.0
5602.119119885557,-2114.0,-734.0,164.72222222222223,3,80.27777777777777,False,0,7240.272,41.0
5608.838888888891,-2151.343899696114,-674.698763114724,169.0,4,83.0,False,0,7240.411999999999,41.0
5618.74240538735,-2191.0,-597.0,177.33333333333334,4,86.33333333333333,False,0,7240.612,41.0
5620.772222222225,-2198.9205110789408,-579.5827442081645,179.0,4,87.0,False,0,7240.652,41.0
5629.089623735251,-2230.0,-504.0,184.63499776,4,87.0,False,0,7240.813,41.0
5631.105555555558,-2236.8997733536257,-484.89237700763806,186.0,4,87.0,False,0,7240.852,41.0
5639.372222222225,-2262.2711867674466,-404.9143269632729,186.0,4,87.0,False,0,7241.012,41.0
5641.541588925792,-2268.0,-385.0,187.83581861439,4,87.61193953813,False,0,7241.053,41.0
5646.947286749739,-2281.0,-333.0,192.31344344308647,4,89.1044811476955,False,0,7241.152999999999,41.0
5650.259722222225,-2289.0502516131546,-286.6776107047169,195.0,4,90.0,False,0,7241.213,41.0
5659.333255762243,-2309.0,-135.0,201.28571428571428,4,95.71428571428571,False,0,7241.373,41.0
5666.281944444447,-2317.144698423819,-58.218540373454545,206.0,5,100.0,False,0,7241.4929999999995,41.0
5678.059722222225,-2317.6772162322764,0.9668898433657809,212.0,5,100.0,False,0,7241.692999999999,41.0
5687.874351795885,-2312.0,68.0,216.88888888888889,5,100.0,False,0,7241.853,41.0
5697.878016185157,-2302.0,166.0,221.77777777777777,5,100.0,False,0,7242.013,41.0
5700.359722222225,-2298.547235278184,189.2197293071556,223.0,5,100.0,False,0,7242.053,41.0
5705.2988730023535,-2291.0,233.0,223.0,5,100.0,False,0,7242.133,41.0
5710.270833333336,-2283.864283763418,275.4571105412311,223.0,5,100.0,False,0,7242.213,41.0
5725.708748509518,-2239.0,435.0,230.71428571428572,5,100.0,False,0,7242.4529999999995,41.0
5728.3152777777805,-2221.5201885236424,476.13434227418577,232.0,5,100.0,False,0,7242.4929999999995,41.0
5740.088805294353,-2127.0,676.0,234.82132006092638,5,100.0,False,0,7242.673,41.0
5749.316111111114,-2088.4437696734994,752.0756238100175,237.0,6,100.0,False,0,7242.812,41.0
5765.649444444447,-2037.4371019756393,821.3984248658617,245.0,6,100.0,False,0,7243.052,41.0
5765.718359418552,-2037.0,822.0,245.0166656,6,100.0,False,0,7243.053,41.0
5781.038020985279,-1914.0,993.0,248.68333653333335,6,100.0,False,0,7243.273,41.0
5799.382777777781,-1840.92737169278,1094.5937377936036,253.0,6,100.0,False,0,7243.532,41.0
5806.59626149997,-1812.0,1134.0,255.5250048,6,100.0,False,0,7243.633,41.0
5813.7161111111145,-1774.2000648706237,1185.1135558359742,258.0,6,100.0,False,0,7243.732,41.0
5814.294226992409,-1770.733030605621,1189.7894890122993,258.2,6,100.0,False,0,7243.74,41.0
0.004531347241270273,-1766.2618807818008,1196.1566432883178,258.2,6,100.0,False,0,7243.74,42.0
6.755882071981285,-1726.0,1250.0,260.5250048,6,100.0,False,0,7243.833,42.0
11.07111111111111,-1700.2126409056514,1284.071335206459,262.0,6,100.0,False,0,7243.892,42.0
22.89333333333333,-1628.8861254841154,1376.2978974284326,266.0,6,100.0,False,0,7244.052,42.0
25.946427703319827,-1610.0,1400.0,266.68333226666664,6,100.0,False,0,7244.093,42.0
33.4309910686933,-1563.0,1458.0,268.3500032,6,100.0,False,0,7244.193,42.0
40.89333333333333,-1516.411633417707,1515.8172886285502,270.0,6,100.0,False,0,7244.2919999999995,42.0
53.1359158036951,-1441.0,1611.0,273.21999872,6,100.0,False,0,7244.4529999999995,42.0
56.11555555555555,-1422.798254298223,1634.3404721469583,274.0,7,100.0,False,0,7244.492,42.0
71.46798105186298,-1330.0,1756.0,276.14285714285717,7,100.0,False,0,7244.692,42.0
77.66,-1293.2653185534023,1805.77212370178,277.0,7,100.0,False,0,7244.772,42.0
93.29384611650416,-1202.0,1932.0,279.72727272727275,7,100.0,False,0,7244.972,42.0
109.08341267897322,-1110.0,2059.0,282.45454545454544,7,100.0,False,0,7245.172,42.0
112.24888888888889,-1091.2271543079426,2085.0042986556446,283.0,7,100.0,False,0,7245.2119999999995,42.0
120.17337821504182,-1045.0,2149.0,283.9375,7,100.0,False,0,7245.312,42.0
137.67111111111112,-953.5727090631553,2273.535491644646,286.0,7,100.0,False,0,7245.532,42.0
144.0609034757447,-908.0,2336.0,287.0,7,100.0,False,0,7245.612,42.0
150.4711111111111,-850.9128263431678,2414.7252217350947,288.0,7,100.0,False,0,7245.692,42.0
156.90749918085876,-795.0,2492.0,289.0,7,100.0,False,0,7245.772,42.0
169.8711111111111,-724.7638249766812,2589.0647555694554,291.0,7,100.0,False,0,7245.932,42.0
184.61730983192078,-667.0,2670.0,294.0,7,100.0,False,0,7246.112,42.0
189.53777777777776,-640.9556473351348,2706.9157857943846,295.0,7,100.0,False,0,7246.172,42.0
202.632268391977,-564.0,2817.0,295.0,7,100.0,False,0,7246.331999999999,42.0
209.20444444444445,-530.0776163187401,2866.3596566253264,295.0,7,100.0,False,0,7246.411999999999,42.0
217.46701401290488,-485.0,2933.0,295.90909090909093,7,100.0,False,0,7246.512,42.0
240.77399059103973,-316.0,3187.0,298.45454545454544,7,100.0,False,0,7246.7919999999995,42.0
245.74888888888887,-290.18505265605927,3226.142403435237,299.0,7,100.0,False,0,7246.852,42.0
265.5488888888888,-215.0,3339.0,297.0,7,100.0,False,0,7247.092,42.0
281.9933333333333,-113.32028385808898,3484.0805536778275,296.0,7,100.0,False,0,7247.2919999999995,42.0
295.22487321543457,-30.0,3601.0,296.0,7,100.0,False,0,7247.4529999999995,42.0
308.30444444444436,32.402084481000955,3686.9934289151906,296.0,8,100.0,False,0,7247.612,42.0
316.6265200427755,78.0,3746.0,296.0,8,100.0,False,0,7247.713,42.0
324.83111111111106,136.53953498947266,3818.444727021544,296.0,8,100.0,False,0,7247.813,42.0
337.80888888888876,252.98878780743118,3957.064296456092,292.0,8,100.0,False,0,7247.973,42.0
347.4811778118708,335.0,4049.0,291.0,8,100.0,False,0,7248.093,42.0
357.14222222222213,407.2032797999161,4123.9149883175,290.0,8,100.0,False,0,7248.213,42.0
370.03111111111104,493.617429138948,4202.745822162609,290.0,8,100.0,False,0,7248.373,42.0
374.83502685886606,527.0,4230.0,289.2499968,8,100.0,False,0,7248.433,42.0
389.16444444444437,631.7142406359017,4305.584831035949,287.0,8,100.0,False,0,7248.612999999999,42.0
401.8755555555555,729.336073938743,4363.979669549497,286.0,8,100.0,False,0,7248.773,42.0
409.755761677864,791.0,4395.0,284.7499968,8,100.0,False,0,7248.873,42.0
426.9422222222221,928.218687117813,4448.237316809992,282.0,8,100.0,False,0,7249.093,42.0
442.4993565386946,1066.0,4484.0,280.75,8,100.0,False,0,7249.293,42.0
448.7193143813944,1127.0,4496.0,280.25,8,100.0,False,0,7249.373,42.0
451.831111111111,1158.03502626632,4500.9969999865025,280.0,7,100.0,False,0,7249.413,42.0
468.94691325562735,1330.0,4517.0,280.0,7,100.0,False,0,7249.633,42.0
470.4199999999999,1344.477596687529,4517.736740103533,280.0,7,100.0,False,0,7249.652,42.0
490.5332330447355,1540.0,4519.0,278.64999900689656,7,100.0,False,0,7249.913,42.0
558.7088888888889,2307.5968609567267,4442.564812314617,274.0,7,100.0,False,0,7250.812,42.0
569.4048086102902,2424.0,4439.0,273.29499904,7,100.0,False,0,7250.9529999999995,42.0
573.8755555555555,2471.6166111832954,4438.984748056256,273.0,7,100.0,False,0,7251.012,42.0
588.9866666666666,2625.502910281301,4444.9155152419935,272.0,7,100.0,False,0,7251.2119999999995,42.0
595.0060669909236,2679.0,4449.0,271.55555555555554,7,100.0,False,0,7251.2919999999995,42.0
615.9866666666666,2827.0615605915514,4470.560564871716,270.0,7,100.0,False,0,7251.572,42.0
626.4616782590365,2910.0,4492.0,269.65,7,100.0,False,0,7251.7119999999995,42.0
639.9117615011876,3040.0,4533.0,269.2,7,100.0,False,0,7251.892,42.0
645.8755555555554,3096.339841021908,4554.136821851829,269.0,7,100.0,False,0,7251.972,42.0
651.8301871811564,3151.0,4577.0,268.6,7,100.0,False,0,7252.052,42.0
660.7644444444443,3231.2241707827734,4614.969228522612,268.0,7,100.0,False,0,7252.172,42.0
669.7334360788684,3310.0,4658.0,268.5,7,100.0,False,0,7252.2919999999995,42.0
678.6977777777777,3387.895807751547,4706.647898408106,269.0,7,100.0,False,0,7252.411999999999,42.0
684.6491090118735,3437.0,4740.0,268.5,7,100.0,False,0,7252.492,42.0
696.5038977010903,3527.0,4807.0,267.5,7,100.0,False,0,7252.652,42.0
702.431111111111,3573.2550652363616,4844.551112778588,267.0,7,100.0,False,0,7252.732,42.0
718.7478645478872,3702.0,4958.0,267.0,7,100.0,False,0,7252.952,42.0
723.1977777777777,3734.3131736102405,4988.461783696289,267.0,7,100.0,False,0,7253.012,42.0
738.027984258825,3836.0,5090.0,267.0,7,100.0,False,0,7253.2119999999995,42.0
740.9977777777777,3856.5434506926113,5111.2190768229075,267.0,7,100.0,False,0,7253.2519999999995,42.0
742.4834215109983,3867.0,5122.0,266.8333333333333,7,100.0,False,0,7253.272,42.0
767.3977777777777,4061.650464874613,5315.461391377581,264.0,7,100.0,True,0,7253.612,42.0
770.1811802163865,4083.0,5336.0,261.125,7,87.5,True,0,7253.652,42.0
788.8199999999999,4213.88941190113,5457.955419478492,241.0,7,0.0,True,0,7253.932,42.0
795.3925335848185,4258.0,5498.0,234.687488,7,0.0,True,0,7254.032999999999,42.0
799.0866666666666,4283.718173315844,5521.2173872988715,231.0,7,0.0,True,0,7254.092,42.0
806.1411753885224,4340.0,5571.0,216.439837859542,7,0.5020745565675171,True,0,7254.213,42.0
812.6094444444443,4408.272687421275,5628.711129277195,202.0,7,1.0,True,0,7254.333,42.0
819.6973835926982,4481.0,5689.0,187.9999744,7,2.1666688,True,0,7254.473,42.0
824.476111111111,4510.873813459091,5713.864658483877,178.0,6,3.0,True,0,7254.572999999999,42.0
829.9134110573312,4538.0,5736.0,171.72727272727272,6,3.0,True,0,7254.693,42.0
841.7363997776686,4635.0,5809.0,157.0909090909091,6,3.0,True,0,7254.973,42.0
843.4205555555554,4649.759768331564,5818.76746044659,155.0,4,3.0,True,0,7255.013,42.0
850.1316666666665,4707.961073078711,5852.965770326516,151.0,3,4.0,True,0,7255.173,42.0
851.7602119488464,4722.0,5860.0,149.0,3,4.0,True,0,7255.213,42.0
856.4872222222222,4762.965009049663,5877.265407655027,143.0,3,4.0,True,0,7255.333,42.0
858.7553260270751,4785.0,5884.0,140.6666567111111,3,4.166667377777777,True,0,7255.393,42.0
869.3872222222221,4914.199912985812,5900.80321401663,129.0,3,5.0,True,0,7255.693,42.0
870.0815518398935,4922.0,5901.0,128.64999552,3,5.0,True,0,7255.713,42.0
882.9427777777777,5037.49383440384,5885.575625678223,122.0,3,5.0,True,0,7256.093,42.0
883.5849606527026,5043.0,5884.0,121.39848863783641,3,4.849622159459102,True,0,7256.112999999999,42.0
891.5806991066079,5114.0,5857.0,113.57894871916612,3,2.8947371797915302,True,0,7256.373,42.0
895.1344444444444,5145.146594846575,5839.5129627966235,110.0,2,2.0,False,0,7256.492,42.0
902.2506064208269,5205.0,5795.0,107.32222293333334,2,7.355554133333333,False,0,7256.733,42.0
905.7344444444444,5232.854021679315,5769.623164980802,106.0,2,10.0,False,0,7256.852,42.0
908.0968862554834,5250.0,5752.0,105.4937504,2,14.049996799999999,False,0,7256.933,42.0
910.401111111111,5264.63711619656,5735.0584128421515,105.0,2,18.0,False,0,7257.012,42.0
917.4845615850436,5300.0,5681.0,105.86071405714286,2,32.632138971428574,False,0,7257.253,42.0
918.6455555555555,5305.243608813444,5670.97085657905,106.0,2,35.0,False,0,7257.2919999999995,42.0
924.1003113054069,5328.0,5621.0,107.81000192,2,36.81000192,False,0,7257.473,42.0
929.0238746319959,5345.0,5576.0,109.41000192,2,38.41000192,False,0,7257.633,42.0
930.8677777777777,5350.532698870247,5557.657588784221,110.0,2,39.0,False,0,7257.692,42.0
934.0598448332556,5359.0,5525.0,111.578128,2,41.8406304,False,0,7257.793,42.0
941.09,5372.495754042025,5458.065619319574,115.0,2,48.0,False,0,7258.012,42.0
944.9644436956193,5378.0,5421.0,116.2,2,49.8,False,0,7258.132,42.0
947.59,5381.173613495014,5395.4073792614545,117.0,2,51.0,False,0,7258.2119999999995,42.0
952.3208356488295,5386.0,5348.0,121.2,2,54.5,False,0,7258.352,42.0
954.4233333333334,5387.914560421475,5326.135863546758,123.0,2,56.0,False,0,7258.411999999999,42.0
959.5351312343598,5392.0,5275.0,126.88888888888889,2,56.77777777777778,False,0,7258.552,42.0
967.7233333333334,5400.0,5200.0,133.0,2,58.0,False,0,7258.772,42.0
975.3701677619594,5422.0,5086.0,127.5,2,26.1,False,0,7258.992,42.0
981.39,5433.232212360467,5042.717633666769,123.0,2,0.0,True,0,7259.172,42.0
987.3057421317636,5449.0,5008.0,118.5,2,0.0,True,0,7259.352,42.0
987.9455555555555,5451.88784436058,5001.515563387277,118.0,2,0.0,True,0,7259.371999999999,42.0
989.2117294264274,5458.0,4988.0,116.25,2,0.0,True,0,7259.411999999999,42.0
992.8788888888889,5474.623354293849,4956.253373007452,111.0,2,0.0,True,0,7259.532,42.0
995.1785859007094,5486.0,4938.0,107.88888888888889,2,0.0,True,0,7259.612,42.0
1001.0170019035384,5523.0,4887.0,99.33333333333333,2,0.0,True,0,7259.831999999999,42.0
1002.578888888889,5533.637130048174,4874.242920768332,97.0,2,0.0,True,0,7259.892,42.0
1007.7455555555556,5570.197233611498,4835.684511084828,93.0,2,0.0,True,0,7260.092,42.0
1008.2534734137209,5574.0,4832.0,92.75,2,0.0,True,0,7260.112,42.0
1012.2460558460898,5607.0,4803.0,90.75,2,0.0,True,0,7260.272,42.0
1015.6566666666668,5646.1017447578615,4776.734527021175,89.0,2,0.0,False,0,7260.411999999999,42.0
1020.9115653127876,5707.0,4743.0,86.54444231111111,2,0.0,False,0,7260.633,42.0
1024.1566666666668,5724.792608471588,4735.43597353443,85.0,2,0.0,False,0,7260.772,42.0
1027.8730030924207,5742.0,4733.0,83.39801007697834,2,0.0,False,0,7260.933,42.0
1028.7908333333335,5748.948531725219,4732.09050555889,83.0,2,0.0,False,0,7260.973,42.0
1032.4352777777779,5785.0,4730.0,82.0,2,0.0,False,0,7261.133,42.0
1038.6575,5856.325632945549,4750.981757303835,80.0,2,16.0,False,0,7261.413,42.0
1039.5532707018183,5865.0,4755.0,80.25,2,16.875,False,0,7261.4529999999995,42.0
1045.946388888889,5911.163703772227,4785.703140464172,82.0,2,23.0,False,0,7261.733,42.0
1047.3506383047827,5921.0,4794.0,82.7500032,2,24.750007466666666,False,0,7261.793,42.0
1051.6130555555558,5953.0,4823.0,85.0,2,30.0,False,0,7261.973,42.0
1055.435277777778,5979.71975512869,4850.412423751878,86.0,2,32.0,False,0,7262.133,42.0
1055.926671350936,5983.0,4854.0,86.4375056,2,32.625008,False,0,7262.152999999999,42.0
1063.7019444444447,6031.0,4912.0,93.0,2,42.0,False,0,7262.4529999999995,42.0
1069.7214076131686,6063.0,4957.0,97.8125056,2,47.500006400000004,False,0,7262.673,42.0
1072.5908333333336,6079.308444753679,4980.940292388131,100.0,2,50.0,False,0,7262.773,42.0
1074.3623385023611,6089.0,4996.0,101.69279685160188,2,51.12853123440126,False,0,7262.833,42.0
1081.6756335112989,6123.0,5057.0,108.46395536773309,2,55.64263691182206,False,0,7263.072999999999,42.0
1082.2494444444446,6125.401440547475,5061.583347102874,109.0,2,56.0,False,0,7263.092,42.0
1088.305,6152.062957667787,5116.813076308411,109.0,2,61.0,False,0,7263.2919999999995,42.0
1088.9710749030196,6156.0,5126.0,110.15501056,2,61.31500288,False,0,7263.313,42.0
1094.9716666666668,6196.792962860573,5227.456157611271,120.0,2,64.0,False,0,7263.492,42.0
1095.006796884507,6197.0,5228.0,120.0687456,2,64.0499968,False,0,7263.4929999999995,42.0
1100.7938888888891,6223.1199136242685,5301.8511908544515,131.0,3,72.0,False,0,7263.652,42.0
1110.062095921753,6244.0,5373.0,137.88571245714286,3,77.16428434285714,False,0,7263.893,42.0
1111.6050000000002,6246.339240581438,5380.971633119045,139.0,3,78.0,False,0,7263.932,42.0
1118.0494444444446,6253.697318093638,5406.127066504563,145.0,3,85.0,False,0,7264.092,42.0
1122.2163362398048,6261.0,5434.0,147.8406304,3,86.8937536,False,0,7264.193,42.0
1129.9606486240111,6281.0,5515.0,152.9031232,3,90.2687488,False,0,7264.373,42.0
1131.7383333333335,6285.060521924539,5532.427070622605,154.0,4,91.0,False,0,7264.411999999999,42.0
1140.4335203659564,6302.0,5615.0,166.5,4,95.5,False,0,7264.592,42.0
1149.6383333333333,6320.825639854297,5734.31093450958,179.0,4,100.0,False,0,7264.772,42.0
1153.7977149058493,6327.0,5786.0,183.5,4,100.0,False,0,7264.852,42.0
1157.993888888889,6330.709057714617,5831.473083136931,188.0,4,100.0,False,0,7264.932,42.0
1165.428062156095,6333.0,5901.0,191.5,4,100.0,False,0,7265.072,42.0
1168.716111111111,6333.333305610819,5929.679060910694,193.0,4,100.0,False,0,7265.132,42.0
1180.2731019417158,6327.0,6046.0,203.625,4,100.0,False,0,7265.331999999999,42.0
1187.3827777777778,6311.273874457963,6163.762646773803,210.0,5,100.0,False,0,7265.452,42.0
1192.1180147478608,6300.0,6237.0,211.33333333333334,5,100.0,False,0,7265.532,42.0
1201.6494444444447,6283.468342004226,6323.587036297561,214.0,5,100.0,False,0,7265.692,42.0
1213.8959047914593,6265.0,6379.0,219.625,5,100.0,False,0,7265.892,42.0
1221.4716666666668,6249.236223068865,6422.400844581132,223.0,5,100.0,False,0,7266.012,42.0
1277.4265648932274,5975.0,6910.0,244.4318181818182,5,100.0,False,0,7266.831999999999,42.0
1281.6050000000002,5934.279334100058,6955.95431350719,246.0,6,100.0,False,0,7266.892,42.0
1292.7605555555558,5819.088155013266,7076.673176293473,251.0,6,100.0,False,0,7267.052,42.0
1297.0502080516553,5785.0,7111.0,251.95015894333386,6,100.0,False,0,7267.112999999999,42.0
1315.5872222222224,5703.271350128909,7184.434643435968,256.0,6,100.0,False,0,7267.373,42.0
1318.4679516017338,5689.0,7196.0,256.7142857142857,6,100.0,False,0,7267.413,42.0
1335.8872222222226,5563.812209636499,7296.496853522696,261.0,6,100.0,False,0,7267.652999999999,42.0
1343.1959185576827,5495.0,7350.0,262.4285750857143,6,100.0,False,0,7267.753,42.0
1356.4983333333337,5355.839464965638,7455.516212611969,265.0,6,100.0,False,0,7267.933,42.0
1359.499843717095,5329.0,7476.0,266.0,6,100.0,False,0,7267.973,42.0
1380.9417065864302,5193.0,7584.0,273.0,6,100.0,False,0,7268.253,42.0
1390.2316666666668,5125.515215930549,7638.966602591911,276.0,7,100.0,False,0,7268.373,42.0
1404.223105483014,5020.0,7726.0,279.60000512,7,100.0,False,0,7268.553,42.0
1405.7872222222222,5009.75255319132,7734.604464172211,280.0,7,100.0,False,0,7268.572999999999,42.0
1418.3840866950898,4926.0,7806.0,282.6666666666667,7,100.0,False,0,7268.733,42.0
1424.7205555555556,4864.754706671554,7858.376899685846,284.0,7,100.0,False,0,7268.813,42.0
1440.6396463523338,4691.0,8007.0,286.14285714285717,7,100.0,False,0,7269.013,42.0
1447.042777777778,4644.905126050446,8046.482604787833,287.0,7,100.0,False,0,7269.093,42.0
1466.3761111111112,4558.533717169491,8120.497264346372,290.0,7,100.0,False,0,7269.333,42.0
1469.6133253819967,4538.0,8138.0,290.4,7,100.0,False,0,7269.373,42.0
1479.347505642877,4464.0,8201.0,291.6,7,100.0,False,0,7269.4929999999995,42.0
1482.5983333333334,4439.636253900748,8221.773816900397,292.0,7,100.0,False,0,7269.532999999999,42.0
1495.6307121069117,4340.0,8307.0,293.14695314191755,7,100.0,False,0,7269.693,42.0
1505.3833333333334,4242.779618503775,8390.423020949547,294.0,7,100.0,False,0,7269.812,42.0
1525.2500000000002,4038.6910066210667,8565.924755575117,298.0,7,100.0,False,0,7270.052,42.0
1526.9966791006266,4027.0,8576.0,298.1750016,7,100.0,False,0,7270.072999999999,42.0
1548.713939787561,3939.0,8652.0,300.3416661333333,7,100.0,False,0,7270.333,42.0
1555.3500000000001,3898.6510185083625,8686.604723059154,301.0,8,100.0,False,0,7270.411999999999,42.0
1563.8606729705077,3831.0,8745.0,302.0821449142857,8,100.0,False,0,7270.513,42.0
1578.9944444444448,3671.520093451964,8885.154242723895,304.0,8,100.0,False,0,7270.692,42.0
1589.2366835020357,3572.0,8973.0,304.43214262857146,8,100.0,False,0,7270.813,42.0
1602.7166666666667,3485.026284962778,9049.51856476681,305.0,8,100.0,False,0,7270.972,42.0
1619.7166666666667,3407.5715011735915,9117.422219154001,306.0,8,100.0,False,0,7271.172,42.0
1624.8202808428478,3374.0,9147.0,306.1875,8,100.0,False,0,7271.232,42.0
1638.4425536769168,3265.0,9243.0,306.6875,8,100.0,False,0,7271.392,42.0
1647.0055555555557,3200.537011819966,9299.079380938005,307.0,8,100.0,False,0,7271.492,42.0
1648.7240282794842,3188.0,9310.0,307.375,8,100.0,False,0,7271.512,42.0
1660.7833333333335,3101.9079037542315,9385.576458264135,310.0,8,100.0,False,0,7271.652,42.0
1672.8014613784396,3014.0,9463.0,309.4166666666667,8,100.0,False,0,7271.7919999999995,42.0
1681.3833333333337,2947.1991454522376,9521.494130928058,309.0,8,100.0,False,0,7271.892,42.0
1696.8749446981508,2826.0,9627.0,309.75,8,100.0,False,0,7272.072,42.0
1702.0500000000002,2788.4740607491412,9659.49489927127,310.0,8,100.0,False,0,7272.132,42.0
1712.415665102428,2715.0,9723.0,310.3,8,100.0,False,0,7272.2519999999995,42.0
1731.4353650495184,2572.0,9847.0,310.85,8,100.0,False,0,7272.472,42.0
1736.6055555555558,2533.80502324965,9880.131798762535,311.0,8,100.0,False,0,7272.532,42.0
1746.9197412855497,2455.0,9949.0,310.3333333333333,8,100.0,False,0,7272.652,42.0
1764.0700768266422,2305.0,10083.0,309.22222222222223,8,100.0,False,0,7272.852,42.0
1767.5055555555557,2278.2646364260736,10106.843659293954,309.0,8,100.0,False,0,7272.892,42.0
1784.7196915940906,2151.0,10220.0,309.8333333333333,8,100.0,False,0,7273.092,42.0
1788.1722222222222,2119.251895287185,10248.406337749706,310.0,8,100.0,False,0,7273.132,42.0
1801.9944444444445,1984.0,10370.0,311.0,8,100.0,False,0,7273.2919999999995,42.0
1815.6833333333334,1894.5227946787682,10451.374148632716,308.0,8,100.0,False,0,7273.452,42.0
1832.4055555555556,1816.8953662085016,10519.57908391863,301.0,8,100.0,False,0,7273.652,42.0
1840.6967617148823,1743.0,10579.0,295.9499904,8,82.9562176,False,0,7273.753,42.0
1845.4277777777777,1687.2203273709229,10622.932301706738,293.0,8,73.0,True,0,7273.812,42.0
1856.2548530974384,1554.0,10726.0,278.2686319661316,8,22.492452455308246,True,0,7273.9529999999995,42.0
1860.6144444444444,1524.0386227356566,10748.206035384172,272.0,8,1.0,True,0,7274.013,42.0
1871.4779279904715,1484.0,10770.0,252.0,8,1.0,True,0,7274.173,42.0
1876.7477777777779,1442.5377210407369,10790.434021653631,242.0,8,1.0,True,0,7274.253,42.0
1887.1477777777777,1312.8594394128918,10853.97626407358,234.0,8,1.0,True,0,7274.413,42.0
1895.431693744267,1213.0,10900.0,221.9444224,8,1.0,True,0,7274.553,42.0
1907.447777777778,1124.249012951722,10931.1282570617,203.0,6,1.0,True,0,7274.773,42.0
1915.0943607623979,1065.0,10939.0,196.8749888,6,1.0,True,0,7274.913,42.0
1916.1588888888891,1054.2595916631712,10940.016404252174,196.0,5,1.0,True,0,7274.933,42.0
1924.3366666666668,951.4003100580356,10947.011220053098,184.0,5,2.0,True,0,7275.093,42.0
1928.2536636110517,905.0,10949.0,179.0,5,1.5,True,0,7275.173,42.0
1932.0700000000002,867.6844786131045,10949.719269891466,174.0,4,1.0,True,0,7275.253,42.0
1940.3346596915972,801.0,10947.0,165.89998848,4,1.0,True,0,7275.433,42.0
1941.236666666667,792.9187788213335,10946.368107463168,165.0,4,1.0,True,0,7275.4529999999995,42.0
1951.0235868113446,697.0,10934.0,160.41666133333334,4,1.0,True,0,7275.673,42.0
1951.9033333333334,688.5926773041671,10932.180521703394,160.0,4,1.0,True,0,7275.693,42.0
1958.8811111111113,625.0084292618218,10913.013827286204,157.0,4,2.0,False,0,7275.853,42.0
1964.0186750052067,577.0,10893.0,155.0,4,3.0,False,0,7275.973,42.0
1969.0811111111113,527.0373254796243,10868.61704433617,153.0,4,4.0,False,0,7276.093,42.0
1970.7545316594724,512.0,10861.0,152.4984327025088,4,6.382444663083202,False,0,7276.133,42.0
1982.2841666666668,420.4762763736371,10795.510276542493,149.0,4,23.0,False,0,7276.411999999999,42.0
1982.325350731637,420.0,10795.0,148.99500032,4,23.04499712,False,0,7276.413,42.0
1988.0874913955445,345.0,10707.0,148.29499904,4,29.34500864,False,0,7276.553,42.0
1990.5063888888892,320.12416548200866,10674.88878904868,148.0,4,32.0,False,0,7276.612,42.0
1997.0397222222225,283.3964385141135,10616.16206193266,147.0,4,36.0,False,0,7276.772,42.0
2005.261944444445,266.9836281352302,10570.017312060827,148.0,4,38.0,False,0,7276.972,42.0
2006.9525080210333,263.0,10560.0,148.11388871111112,4,38.68333226666667,False,0,7277.013,42.0
2020.1619444444448,226.26248136069256,10472.08672714324,149.0,4,44.0,False,0,7277.331999999999,42.0
2024.3775494362076,216.0,10434.0,150.08214491428572,4,47.96786468571428,False,0,7277.433,42.0
2031.984166666667,202.05943939711068,10354.426923145267,152.0,4,55.0,False,0,7277.612,42.0
2032.0276216384889,202.0,10354.0,152.0249984,4,55.01999872,False,0,7277.612999999999,42.0
2043.633799625481,192.0,10239.0,158.5,4,60.2,False,0,7277.871999999999,42.0
2049.984166666667,187.2335889287035,10137.502190081203,162.0,4,63.0,False,0,7278.012,42.0
2051.7896799689297,186.0,10111.0,162.2,4,64.2,False,0,7278.052,42.0
2059.0397222222227,182.054463758118,10036.397921830834,163.0,4,69.0,False,0,7278.2119999999995,42.0
2070.173055555556,175.78447603925946,9968.668893043556,167.0,4,0.0,True,0,7278.452,42.0
2071.9470910302357,174.0,9952.0,165.0,4,0.5,True,0,7278.492,42.0
2072.8211886597333,173.0,9943.0,164.0,4,0.75,True,0,7278.512,42.0
2083.595277777778,145.0,9810.0,151.0,4,4.0,True,0,7278.772,42.0
2093.0619444444446,120.6751713573218,9741.108252430617,142.0,3,6.0,True,0,7279.012,42.0
2100.506388888889,96.92414373120022,9705.416073854169,134.0,3,6.0,True,0,7279.2119999999995,42.0
2102.641624420668,87.0,9691.0,131.6,3,6.0,True,0,7279.272,42.0
2107.506388888889,58.99091316046672,9651.078513340759,126.0,2,6.0,True,0,7279.411999999999,42.0
2110.2811782835897,42.0,9629.0,125.2,2,6.0,True,0,7279.492,42.0
2114.395277777778,16.856697308563152,9600.890045596818,124.0,2,6.0,True,0,7279.612,42.0
2115.736036055393,8.0,9592.0,123.0,2,6.142857142857143,True,0,7279.652,42.0
2120.9506314666883,-31.0,9557.0,119.0,2,6.714285714285714,True,0,7279.812,42.0
2123.495277777778,-51.921933728161164,9540.856057842611,117.0,2,7.0,True,0,7279.892,42.0
2129.7366624096207,-107.0,9505.0,113.48250112,2,3.48250112,True,0,7280.093,42.0
2135.1543243203746,-156.0,9479.0,110.33249664,2,0.33249663999999957,True,0,7280.273,42.0
2135.7175,-160.8244011500994,9476.759970472287,110.0,2,0.0,True,0,7280.2919999999995,42.0
2141.5508333333337,-213.66133273143893,9458.085101787097,105.0,2,0.0,False,0,7280.492,42.0
2141.579622440822,-214.0,9458.0,104.98757842984485,2,0.0,False,0,7280.4929999999995,42.0
2146.1572222222226,-277.50900129490805,9445.259693938833,103.0,2,0.0,False,0,7280.652999999999,42.0
2147.303211602257,-292.0,9443.0,103.0,2,0.25,False,0,7280.693,42.0
2150.7350000000006,-326.2852528409528,9439.336044895037,103.0,2,1.0,False,0,7280.813,42.0
2156.346111111112,-364.36869126132405,9442.47683165183,101.0,2,26.0,False,0,7281.013,42.0
2158.0329930575604,-378.0,9445.0,101.30000128,2,29.0000128,False,0,7281.072999999999,42.0
2162.0127777777784,-415.019659073558,9453.6482073972,102.0,2,36.0,False,0,7281.213,42.0
2163.169651485142,-426.0,9457.0,102.57142857142857,2,36.714285714285715,False,0,7281.253,42.0
2170.257222222223,-490.0132502286001,9485.243369691027,106.0,2,41.0,False,0,7281.4929999999995,42.0
2170.8523327219314,-495.0,9488.0,106.20000256,2,41.10000128,False,0,7281.513,42.0
2175.647232118439,-533.0,9512.0,107.80000256,2,41.90000128,False,0,7281.673,42.0
2176.257222222223,-537.6968318222584,9515.347614543527,108.0,2,42.0,False,0,7281.693,42.0
2181.2350000000006,-575.3243759555057,9545.646830620597,112.0,2,45.0,False,0,7281.853,42.0
2181.8670507869656,-580.0,9550.0,112.30000384,2,45.40000512,False,0,7281.873,42.0
2187.6238888888897,-621.0,9594.0,115.0,2,49.0,False,0,7282.053,42.0
2194.1238888888897,-660.3370158813333,9645.354512658047,117.0,2,51.0,False,0,7282.253,42.0
2196.150359413606,-671.0,9662.0,119.10000896,2,51.30000128,False,0,7282.313,42.0
2201.012777777779,-694.1109400242232,9704.003851750727,124.0,2,52.0,False,0,7282.4529999999995,42.0
2204.5538038013206,-709.0,9735.0,125.8750048,2,52.9375024,False,0,7282.553,42.0
2212.5683333333345,-737.0,9804.0,130.0,3,55.0,False,0,7282.773,42.0
2218.641945650563,-754.0,9864.0,134.0100244194447,3,57.40601465166682,False,0,7282.933,42.0
2228.0850000000014,-773.3146559577395,9996.161219942085,140.0,3,61.0,False,0,7283.172,42.0
2230.5613070391214,-776.0,10024.0,141.7156304,3,62.1437536,False,0,7283.233,42.0
2241.329444444446,-776.0835201555378,10091.047625410829,149.0,3,67.0,False,0,7283.492,42.0
2243.905888049997,-775.0,10107.0,150.27083733333333,3,67.50833493333333,False,0,7283.553,42.0
2251.5961111111124,-770.8780045247346,10169.335083114815,154.0,3,69.0,False,0,7283.732,42.0
2256.0792849471763,-764.0,10222.0,157.36667306666666,3,70.68333653333333,False,0,7283.833,42.0
2262.3961111111125,-746.4220486811784,10319.241429008527,162.0,3,73.0,False,0,7283.972,42.0
2266.134304121895,-737.0,10368.0,164.36249813333333,3,75.69999786666666,False,0,7284.053,42.0
2273.6627777777794,-727.8053403350104,10415.855182340385,169.0,4,81.0,False,0,7284.2119999999995,42.0
2283.6834623176574,-705.0,10482.0,178.28571428571428,4,88.85714285714286,False,0,7284.411999999999,42.0
2287.818333333335,-681.5073705867067,10546.601541410413,182.0,4,92.0,False,0,7284.492,42.0
2294.12618632701,-643.0,10651.0,186.28571428571428,4,95.42857142857143,False,0,7284.612,42.0
2302.751666666668,-617.0160720532563,10717.38473142896,192.0,4,100.0,False,0,7284.772,42.0
2313.914527690836,-596.0,10760.0,198.11111111111111,4,100.0,False,0,7284.972,42.0
2323.051666666668,-560.1489591557896,10835.479084238847,203.0,5,100.0,False,0,7285.132,42.0
2324.2016578608686,-555.0,10846.0,203.6,5,100.0,False,0,7285.152,42.0
2334.662777777779,-504.91453716107833,10943.956529970641,209.0,5,100.0,False,0,7285.331999999999,42.0
2339.416247480557,-483.0,10986.0,211.2,5,100.0,False,0,7285.411999999999,42.0
2349.1316907555884,-441.0,11066.0,215.6,5,100.0,False,0,7285.572,42.0
2359.1072222222233,-391.567824596259,11155.39178656311,220.0,5,100.0,False,0,7285.732,42.0
2368.0430607296003,-347.0,11233.0,226.0,5,100.0,False,0,7285.871999999999,42.0
2377.151666666668,-305.385396829234,11302.626322310358,232.0,5,100.0,False,0,7286.012,42.0
2382.424875465511,-272.0,11353.0,234.0,5,100.0,False,0,7286.092,42.0
2398.4850000000015,-128.0,11553.0,240.0,6,100.0,False,0,7286.331999999999,42.0
2409.3294444444464,-84.23897189641409,11612.514767118522,244.0,6,100.0,False,0,7286.492,42.0
2420.396111111113,-47.22366981223436,11654.779443904772,249.0,6,100.0,False,0,7286.652,42.0
2421.8567130686897,-38.0,11665.0,249.22500205714286,6,100.0,False,0,7286.673,42.0
2439.996111111113,133.2988621692353,11851.514949183325,252.0,6,100.0,False,0,7286.932,42.0
2441.482936195217,146.0,11865.0,252.33333642932774,6,100.0,False,0,7286.9529999999995,42.0
2471.723611111113,313.965383153079,12025.247757059004,259.0,6,100.0,False,0,7287.373,42.0
2473.181141582216,323.0,12033.0,259.416672,6,100.0,False,0,7287.393,42.0
2489.3236111111123,441.21830739544254,12132.463380569267,264.0,6,100.0,False,0,7287.612999999999,42.0
2495.2637367154293,485.0,12168.0,265.25,6,100.0,False,0,7287.693,42.0
2510.2390050156478,604.0,12256.0,268.375,6,100.0,False,0,7287.893,42.0
2513.2347222222234,640.3893796482522,12279.683258924868,269.0,7,100.0,False,0,7287.933,42.0
2525.234722222224,814.5947463897696,12386.966421884335,270.0,7,100.0,False,0,7288.093,42.0
2526.746436661617,833.0,12398.0,270.3571474285714,7,100.0,False,0,7288.112999999999,42.0
2546.623611111113,964.7685700077077,12470.76446390514,275.0,7,100.0,False,0,7288.373,42.0
2565.0236111111126,1073.7431109676663,12511.519553851012,276.0,7,100.0,False,0,7288.612999999999,42.0
2566.559484979691,1090.0,12518.0,276.1250016,7,100.0,False,0,7288.633,42.0
2569.6328230056506,1125.0,12532.0,276.3750016,7,100.0,False,0,7288.673,42.0
2577.334722222224,1205.0017117808836,12562.817938418873,277.0,7,100.0,False,0,7288.773,42.0
2592.8347222222237,1343.0,12610.0,279.0,7,100.0,False,0,7288.973,42.0
2608.3347222222237,1491.5172206189627,12653.800776484291,279.0,7,100.0,False,0,7289.173,42.0
2609.8921604226734,1507.0,12658.0,279.2500032,7,100.0,False,0,7289.193,42.0
2627.134722222224,1681.5477462896965,12701.180910944917,282.0,7,100.0,False,0,7289.413,42.0
2630.2852679834727,1712.0,12708.0,282.4,7,100.0,False,0,7289.4529999999995,42.0
2642.9125000000013,1827.9798489247387,12731.679471709309,284.0,7,100.0,False,0,7289.612999999999,42.0
2647.6452600816815,1874.0,12740.0,284.0,7,100.0,False,0,7289.673,42.0
2668.078055555557,2096.613096119769,12774.585214809025,284.0,7,100.0,False,0,7289.932,42.0
2669.7391992383305,2114.0,12777.0,284.0875008,7,100.0,False,0,7289.9529999999995,42.0
2687.078055555557,2281.8155219879122,12797.844812087518,285.0,7,100.0,False,0,7290.172,42.0
2695.0407780657442,2365.0,12807.0,284.57916586666664,7,100.0,False,0,7290.273,42.0
2706.01138888889,2493.075033383432,12820.452085707175,284.0,7,100.0,False,0,7290.411999999999,42.0
2710.85735003722,2546.0,12826.0,284.7625024,7,100.0,False,0,7290.473,42.0
2725.1447222222237,2673.633647507217,12839.721144779618,287.0,7,100.0,False,0,7290.652,42.0
2733.197065273703,2743.0,12847.0,287.0,7,100.0,False,0,7290.753,42.0
2749.051897936151,2894.0,12862.0,287.0,7,100.0,False,0,7290.952,42.0
2753.8447222222235,2940.7582086113703,12866.571912087094,287.0,7,100.0,False,0,7291.012,42.0
2763.447807122717,3036.0,12876.0,287.75,7,100.0,False,0,7291.132,42.0
2766.6447222222237,3068.740020088519,12879.348669801711,288.0,7,100.0,False,0,7291.172,42.0
2782.581451187645,3235.0,12897.0,287.1666666666667,7,100.0,False,0,7291.371999999999,42.0
2785.7780555555564,3266.8076043933625,12900.44331563792,287.0,7,100.0,False,0,7291.411999999999,42.0
2809.937135445252,3498.0,12926.0,289.8125,7,100.0,False,0,7291.7119999999995,42.0
2811.5558333333342,3514.4919185280405,12927.845827989982,290.0,7,100.0,False,0,7291.732,42.0
2824.534101221807,3650.0,12943.0,291.0,7,100.0,False,0,7291.892,42.0
2837.51138888889,3778.991091711753,12957.194833007812,292.0,7,100.0,False,0,7292.052,42.0
2839.129826405666,3795.0,12959.0,291.9,7,100.0,False,0,7292.072,42.0
2852.0600355925985,3924.0,12974.0,291.1,7,100.0,False,0,7292.232,42.0
2853.678055555557,3940.261405320295,12975.908231829531,291.0,7,100.0,False,0,7292.2519999999995,42.0
2868.2717997529817,4084.0,12993.0,291.64285714285717,7,100.0,False,0,7292.432,42.0
2876.389166666668,4155.056020930699,13001.984348291251,292.0,7,100.0,False,0,7292.532,42.0
2886.1295934129107,4254.0,13015.0,292.0,7,100.0,False,0,7292.652,42.0
2895.8558333333344,4397.7540662671145,13034.047957440267,292.0,7,100.0,False,0,7292.772,42.0
2910.400660434525,4608.0,13062.0,291.25,7,100.0,False,0,7292.952,42.0
2915.2558333333345,4644.3302164435145,13066.841408903108,291.0,7,100.0,False,0,7293.012,42.0
2928.2336111111126,4686.825551336598,13072.139767031611,292.0,7,100.0,False,0,7293.172,42.0
2931.4759779131796,4704.0,13074.0,291.8333333333333,7,100.0,False,0,7293.2119999999995,42.0
2947.6336111111123,4855.668664790727,13089.719632308503,291.0,7,100.0,False,0,7293.411999999999,42.0
2958.922792241242,4977.0,13102.0,289.2374976,7,98.8249984,False,0,7293.553,42.0
2966.8336111111125,5053.202735238058,13108.970268620045,288.0,7,98.0,False,0,7293.652,42.0
2968.5131037256833,5072.0,13110.0,288.0,7,95.65215151389874,False,0,7293.673,42.0
2979.7136111111126,5234.803973423443,13111.724397273998,288.0,7,80.0,False,0,7293.813,42.0
2987.698714632639,5344.0,13109.0,287.0624976,7,70.624976,False,0,7293.913,42.0
3005.046944444446,5463.2379794070575,13094.63934332071,285.0,7,50.0,False,0,7294.133,42.0
3014.230252350565,5520.0,13080.0,278.4,7,38.0,False,0,7294.253,42.0
3020.2691666666688,5570.803503321202,13067.058377916419,274.0,7,30.0,False,0,7294.333,42.0
3032.2015038889267,5695.0,13030.0,270.8,7,39.6,False,0,7294.4929999999995,42.0
3049.8247222222244,5894.403491426914,12938.477955194317,266.0,6,54.0,False,0,7294.733,42.0
3054.2012604069546,5934.0,12917.0,265.37499733333334,6,55.750007466666666,False,0,7294.793,42.0
3071.6003565419633,6045.0,12843.0,262.87499733333334,6,62.750007466666666,False,0,7295.032999999999,42.0
3084.624722222224,6145.216005292133,12762.953985269934,261.0,6,68.0,False,0,7295.213,42.0
3094.7713352654237,6223.0,12694.0,261.0,6,76.750016,False,0,7295.353,42.0
3096.2247222222245,6233.0127316981225,12684.401106756832,261.0,6,78.0,False,0,7295.373,42.0
3113.7580555555573,6344.0,12553.0,263.0,6,100.0,False,0,7295.612999999999,42.0
3125.535833333335,6433.014215366172,12407.581028022549,265.0,6,100.0,False,0,7295.773,42.0
3129.990659830664,6459.0,12362.0,265.7500032,6,100.0,False,0,7295.833,42.0
3148.0101738069707,6508.0,12260.0,268.7500032,6,100.0,False,0,7296.072999999999,42.0
3155.535833333335,6533.296883924579,12199.133523046112,270.0,7,100.0,False,0,7296.173,42.0
3172.0908960602687,6600.0,12029.0,270.9166677333333,7,100.0,False,0,7296.393,42.0
3173.602500000002,6604.9934284239625,12014.770264203042,271.0,7,100.0,False,0,7296.413,42.0
3179.665243351263,6624.0,11957.0,271.8602148564382,7,100.0,False,0,7296.4929999999995,42.0
3194.8375000000015,6681.500341768054,11755.077920564216,274.0,7,100.0,False,0,7296.692,42.0
3208.7043413909305,6728.0,11580.0,275.35750144,7,100.0,False,0,7296.873,42.0
3225.6152777777793,6754.61570416228,11474.738341610626,277.0,7,100.0,False,0,7297.092,42.0
3236.6126631573966,6770.0,11407.0,279.82000384,7,100.0,False,0,7297.233,42.0
3241.2263888888906,6778.608096529153,11368.34915067043,281.0,7,100.0,False,0,7297.2919999999995,42.0
3249.130217879666,6795.0,11293.0,281.3156256,7,100.0,False,0,7297.393,42.0
3261.5874984445677,6820.0,11170.0,281.8125,7,100.0,False,0,7297.552,42.0
3266.293055555557,6829.068215109398,11122.92979218161,282.0,7,100.0,False,0,7297.612,42.0
3288.286238373513,6873.0,10863.0,282.5833333333333,7,100.0,False,0,7297.892,42.0
3300.8764884459033,6903.0,10652.0,282.9166666666667,7,100.0,False,0,7298.052,42.0
3304.0263888888903,6908.7865883524,10609.511170351972,283.0,7,100.0,False,0,7298.092,42.0
3322.9597222222237,6924.856359730399,10474.423643934879,284.0,7,100.0,False,0,7298.331999999999,42.0
3335.654337599812,6933.0,10392.0,285.14285714285717,7,100.0,False,0,7298.492,42.0
3345.2041666666682,6941.973308431804,10304.334715778572,286.0,7,100.0,False,0,7298.612,42.0
3348.390823081757,6945.0,10273.0,286.1666666666667,7,100.0,False,0,7298.652,42.0
3356.3645258994816,6952.0,10194.0,286.5833333333333,7,100.0,False,0,7298.7519999999995,42.0
3364.337500000002,6957.947582477502,10117.665961577723,287.0,7,100.0,False,0,7298.852,42.0
3439.018919021548,6985.0,9366.0,286.0208333333333,7,100.0,False,0,7299.7919999999995,42.0
3440.604166666669,6985.93543229698,9341.984415505805,286.0,7,100.0,False,0,7299.812,42.0
3459.695052871255,6998.0,9056.0,285.3305557333333,7,100.0,False,0,7300.053,42.0
3469.104166666669,7002.261197121679,8974.257985970453,285.0,7,100.0,False,0,7300.172,42.0
3484.9608333333354,7008.460097201561,8909.231833153863,284.0,7,99.0,False,0,7300.373,42.0
3491.25927264074,7013.0,8871.0,283.7142857142857,7,99.28571428571429,False,0,7300.4529999999995,42.0
3506.971944444446,7032.282862634962,8724.78585084831,283.0,7,100.0,False,0,7300.652999999999,42.0
3510.1082419220047,7039.0,8684.0,282.8333333333333,7,100.0,False,0,7300.693,42.0
3525.771944444446,7084.995859866196,8441.691379966898,282.0,7,100.0,False,0,7300.893,42.0
3527.3390309432507,7089.0,8422.0,282.0,7,100.0,False,0,7300.913,42.0
3541.438611111113,7113.207289178618,8314.249104081424,282.0,7,100.0,False,0,7301.093,42.0
3553.9275000000016,7132.0,8247.0,281.0,7,100.0,False,0,7301.253,42.0
3572.660833333335,7182.705588863054,8071.577588563988,281.0,7,100.0,False,0,7301.4929999999995,42.0
3574.213928099688,7189.0,8052.0,280.7499968,7,100.0,False,0,7301.513,42.0
3585.060833333335,7243.501754194334,7892.11698372853,279.0,7,100.0,False,0,7301.652999999999,42.0
3594.3958776218988,7286.0,7773.0,279.6,7,100.0,False,0,7301.773,42.0
3600.6163888888905,7303.760879641958,7725.074541364362,280.0,7,100.0,False,0,7301.853,42.0
3616.086079416199,7332.0,7657.0,278.8888888888889,7,100.0,False,0,7302.053,42.0
3628.4163888888907,7374.49723202506,7553.137363408728,278.0,7,100.0,False,0,7302.213,42.0
3637.6559351746305,7410.0,7463.0,277.4,7,100.0,False,0,7302.333,42.0
3643.80527777778,7431.73403520144,7405.175548466415,277.0,7,100.0,False,0,7302.413,42.0
3654.539975241565,7467.0,7303.0,276.1249984,7,100.0,False,0,7302.553,42.0
3656.071944444446,7471.893495500868,7287.499930431601,276.0,7,100.0,False,0,7302.572999999999,42.0
3663.728359915268,7495.0,7209.0,275.6428562285714,7,100.0,False,0,7302.673,42.0
3677.4608333333354,7523.325637033266,7085.389777485642,275.0,7,100.0,False,0,7302.853,42.0
3683.5230452008145,7531.0,7031.0,273.8,7,100.0,False,0,7302.933,42.0
3692.5719444444467,7537.436793422599,6944.665769385094,272.0,7,100.0,False,0,7303.053,42.0
3703.07419310015,7537.0,6841.0,270.59999744,7,100.0,False,0,7303.193,42.0
3707.571944444446,7534.0987915718215,6797.21219800138,270.0,7,100.0,False,0,7303.253,42.0
3724.075274344791,7511.0,6635.0,270.0,7,100.0,False,0,7303.473,42.0
3725.4969444444464,7508.277854993502,6620.220351053846,270.0,7,100.0,False,0,7303.492,42.0
3738.9946029323355,7479.0,6479.0,268.99444337777777,7,100.0,False,0,7303.673,42.0
3752.2969444444466,7448.235202484127,6347.9530746489545,268.0,7,100.0,False,0,7303.852,42.0
3752.371223255345,7448.0,6347.0,267.9968752,7,100.0,False,0,7303.853,42.0
3770.184188264862,7379.0,6073.0,267.2468752,7,100.0,False,0,7304.093,42.0
3776.03027777778,7366.415921744504,6021.241708995247,267.0,6,100.0,False,0,7304.172,42.0
3793.717278315607,7354.0,5950.0,265.5,6,100.0,False,0,7304.411999999999,42.0
3799.585833333336,7346.292077978999,5902.3071238523125,265.0,6,100.0,False,0,7304.492,42.0
3815.6090383809824,7322.0,5728.0,261.85714285714283,6,30.85714285714286,False,0,7304.7119999999995,42.0
3819.8858333333355,7319.0,5686.0,261.0,6,12.0,True,0,7304.772,42.0
3833.7747222222247,7314.157724329339,5562.341611295541,250.0,6,11.0,True,0,7304.972,42.0
3839.2126611853173,7322.0,5496.0,247.75,6,12.0,True,0,7305.052,42.0
3851.2397125350294,7362.0,5309.0,242.6875,6,14.25,True,0,7305.232,42.0
3855.196944444447,7373.173409904753,5266.435920263928,241.0,6,15.0,False,0,7305.2919999999995,42.0
3865.641388888892,7393.770287821891,5213.851862792199,235.0,6,30.0,False,0,7305.452,42.0
3872.120103494438,7412.0,5179.0,234.0,6,36.0,False,0,7305.552,42.0
3878.5858333333363,7437.768394937262,5129.402967696395,233.0,6,42.0,False,0,7305.652,42.0
3894.0817511238824,7518.0,4980.0,232.14285714285714,6,47.142857142857146,False,0,7305.892,42.0
3896.630277777781,7531.149104636832,4957.545392756333,232.0,6,48.0,True,0,7305.932,42.0
3906.6759214374943,7583.0,4873.0,226.66666666666666,6,16.0,True,0,7306.092,42.0
3911.5636111111144,7609.49261841059,4829.193832404878,224.0,6,0.0,True,0,7306.172,42.0
3918.6886860925224,7647.0,4765.0,219.2,6,1.5,True,0,7306.2919999999995,42.0
3934.6747222222252,7710.775237897024,4638.490978483544,208.0,5,5.0,False,0,7306.572,42.0
3934.731487422987,7711.0,4638.0,207.98000128,5,5.0,False,0,7306.572999999999,42.0
3937.001430613096,7720.0,4618.0,207.18000128,5,5.0,False,0,7306.612999999999,42.0
3946.0080555555583,7749.373102490145,4538.17699462349,204.0,5,5.0,False,0,7306.772,42.0
3951.714424313812,7764.0,4486.0,203.1618239101939,5,7.095440224515246,False,0,7306.873,42.0
3959.5308333333364,7780.265978687493,4410.768379025247,202.0,5,10.0,False,0,7307.013,42.0
3960.6295968078985,7782.0,4400.0,201.3333248,5,10.0,False,0,7307.032999999999,42.0
3972.4641666666694,7789.773398910448,4282.576649102945,194.0,5,10.0,False,0,7307.253,42.0
3974.5854815647813,7789.0,4261.0,193.33333333333334,5,14.0,False,0,7307.293,42.0
3985.1308333333363,7775.50547342283,4151.493337074557,190.0,5,34.0,False,0,7307.4929999999995,42.0
3988.3065892429313,7769.0,4119.0,190.3750016,5,42.2500352,False,0,7307.553,42.0
3993.619722222225,7756.031711327191,4065.7420343938124,191.0,5,56.0,False,0,7307.652999999999,42.0
3997.8894789188107,7744.0,4025.0,191.66666666666666,5,58.0,False,0,7307.733,42.0
4006.486388888892,7715.942705614153,3949.4697938822956,193.0,5,62.0,False,0,7307.893,42.0
4007.567249671195,7712.0,3940.0,193.2500032,5,62.416672,False,0,7307.913,42.0
4019.553055555559,7661.0,3832.0,196.0,5,67.0,False,0,7308.133,42.0
4030.6086111111144,7601.016235557601,3733.0888225653953,199.0,5,68.0,False,0,7308.333,42.0
4031.7203190376003,7595.0,3724.0,199.20000256,5,68.40000512,False,0,7308.353,42.0
4044.0183514563555,7520.0,3628.0,201.4,5,72.8,False,0,7308.572999999999,42.0
4053.1641666666696,7420.744049987513,3535.3098462683433,203.0,5,76.0,False,0,7308.733,42.0
4056.655281798731,7387.0,3506.0,205.0625088,5,80.5000192,False,0,7308.793,42.0
4072.1863888888925,7305.260484913394,3447.6286774849696,214.0,5,100.0,False,0,7309.053,42.0
4079.5922188552117,7245.0,3416.0,218.125,5,100.0,False,0,7309.173,42.0
4092.186388888892,7075.584852026426,3326.519744369702,225.0,5,100.0,False,0,7309.373,42.0
4095.9958957412714,7035.0,3305.0,226.5000064,5,99.69999872,False,0,7309.433,42.0
4104.96416666667,6985.052914076059,3278.269699936238,230.0,5,99.0,False,0,7309.572999999999,42.0
4114.105834866877,6947.0,3254.0,233.5000064,5,99.50000091428572,False,0,7309.713,42.0
4123.397500000004,6873.48903017474,3203.714527143444,237.0,6,100.0,False,0,7309.853,42.0
4126.074763945508,6852.0,3188.0,237.77994415065064,6,100.0,False,0,7309.893,42.0
4147.729722222226,6703.395724952192,3053.380684016718,244.0,6,100.0,False,0,7310.2119999999995,42.0
4150.53850577848,6679.0,3028.0,244.81999872,6,100.0,False,0,7310.253,42.0
4161.507500000004,6569.826251352747,2911.0724479790815,248.0,6,100.0,False,0,7310.411999999999,42.0
4164.370017090643,6546.0,2885.0,249.0249984,6,100.0,False,0,7310.4529999999995,42.0
4175.56305555556,6487.330880772641,2818.260743178761,253.0,6,100.0,False,0,7310.612,42.0
4185.430904357503,6443.0,2761.0,253.875,6,100.0,False,0,7310.7519999999995,42.0
4186.851944444448,6434.699099276461,2749.9520917711743,254.0,6,100.0,False,0,7310.772,42.0
4202.722125763128,6319.0,2587.0,258.7142857142857,6,100.0,False,0,7310.992,42.0
4207.074166666671,6285.011914279163,2533.2622461530955,260.0,6,100.0,False,0,7311.052,42.0
4224.540833333338,6159.538652017278,2315.49593014103,262.0,6,100.0,False,0,7311.2919999999995,42.0
4226.017741186197,6152.0,2302.0,262.57142857142856,6,100.0,False,0,7311.312,42.0
4245.540833333337,6096.05383576557,2197.331280898618,270.0,7,100.0,False,0,7311.572,42.0
4253.132387973574,6072.0,2149.0,272.0,7,100.0,False,0,7311.672,42.0
4260.76305555556,6038.852769355886,2082.052750973114,274.0,7,100.0,False,0,7311.772,42.0
4265.362447853019,6018.0,2040.0,274.75,7,100.0,False,0,7311.831999999999,42.0
4280.807105491285,5953.0,1909.0,277.25,7,100.0,False,0,7312.032,42.0
4285.474166666671,5932.002139524759,1865.7731536648794,278.0,7,100.0,False,0,7312.092,42.0
4293.2870196892345,5896.0,1791.0,279.5625,7,100.0,False,0,7312.192,42.0
4310.6297222222265,5820.802483065435,1635.0379044028036,283.0,7,100.0,False,0,7312.411999999999,42.0
4312.21717889095,5814.0,1621.0,283.3333333333333,7,100.0,False,0,7312.432,42.0
4328.166607735885,5745.0,1479.0,286.6666666666667,7,100.0,False,0,7312.632,42.0
4329.763055555561,5737.953893043523,1464.4257860628904,287.0,7,100.0,False,0,7312.652,42.0
4347.3514589589495,5662.0,1306.0,287.9166666666667,7,100.0,False,0,7312.871999999999,42.0
4348.9630555555605,5655.872711533442,1293.1037744496743,288.0,7,100.0,False,0,7312.892,42.0
4365.322733710852,5590.0,1154.0,291.3499989333333,7,100.0,False,0,7313.093,42.0
4378.36305555556,5498.350539992234,962.2391470948429,294.0,7,100.0,False,0,7313.2519999999995,42.0
4383.367673966826,5469.0,901.0,294.38006357733354,7,100.0,False,0,7313.313,42.0
4404.7563888888935,5419.598447178832,798.7679524702792,296.0,7,100.0,False,0,7313.572999999999,42.0
4408.0676048451805,5412.0,783.0,296.3636363636364,7,100.0,False,0,7313.612999999999,42.0
4438.082509188429,5283.0,514.0,299.6363636363636,7,100.0,False,0,7313.973,42.0
4441.42305555556,5263.5213399024115,473.55465566576083,300.0,7,100.0,False,0,7314.013,42.0
4456.450845014496,5171.0,282.0,300.5000007111111,7,100.0,False,0,7314.193,42.0
4471.52305555556,5091.259901533918,117.80389563928424,301.0,8,100.0,False,0,7314.373,42.0
4485.001693925453,5035.0,2.0,302.09090909090907,8,100.0,False,0,7314.532999999999,42.0
4508.678611111115,4969.030954362842,-135.31810547532675,304.0,8,100.0,False,0,7314.813,42.0
4520.499096092894,4922.0,-233.0,304.0,8,100.0,False,0,7314.9529999999995,42.0
4522.189722222227,4913.486480767975,-250.6333221065944,304.0,8,100.0,False,0,7314.973,42.0
4540.831195378062,4808.0,-469.0,304.7857152,8,100.0,False,0,7315.193,42.0
4545.91194444445,4787.18354480275,-512.3878819433249,305.0,8,100.0,False,0,7315.253,42.0
4572.934667838634,4695.0,-705.0,304.1111111111111,8,100.0,False,0,7315.572999999999,42.0
4576.311944444449,4671.7034336932575,-752.8915084524613,304.0,8,100.0,False,0,7315.612999999999,42.0
4588.138375647,4580.0,-941.0,304.0,8,100.0,False,0,7315.753,42.0
4596.578611111116,4535.069797403585,-1033.4811267423775,304.0,8,100.0,False,0,7315.853,42.0
4623.51194444445,4468.299231717762,-1172.2730441572457,303.0,8,100.0,False,0,7316.173,42.0
4628.559917134559,4444.0,-1222.0,303.0,8,100.0,False,0,7316.233,42.0
4645.3903786014125,4333.0,-1448.0,303.0,8,100.0,False,0,7316.433,42.0
4663.911944444449,4234.6051960294135,-1646.4819994431577,303.0,8,100.0,False,0,7316.652999999999,42.0
4674.0184902537185,4195.0,-1726.0,303.0,8,100.0,False,0,7316.773,42.0
4694.127777777782,4141.3724514261285,-1833.6919081149808,303.0,8,100.0,False,0,7317.012,42.0
4707.6323789716635,4097.0,-1922.0,302.19500032,8,100.0,False,0,7317.173,42.0
4710.905555555559,4082.807857195876,-1950.1360864964665,302.0,8,100.0,False,0,7317.2119999999995,42.0
4734.464058382924,3960.0,-2192.0,302.6363636363636,8,100.0,False,0,7317.492,42.0
4747.938888888893,3903.9461335976735,-2299.850330788518,303.0,8,100.0,False,0,7317.652,42.0
4761.406367134643,3849.0,-2405.0,303.0,8,100.0,False,0,7317.812,42.0
4768.138888888893,3816.8591991075978,-2467.153003638374,303.0,8,100.0,False,0,7317.892,42.0
4776.554311480246,3776.0,-2546.0,303.0,8,100.0,False,0,7317.992,42.0
4796.75476689285,3686.0,-2715.0,303.0,8,100.0,False,0,7318.232,42.0
4798.438888888893,3677.053141964267,-2731.5562577164114,303.0,8,100.0,False,0,7318.2519999999995,42.0
4815.272222222227,3575.504962090736,-2918.239121351228,303.0,8,100.0,False,0,7318.452,42.0
4818.629025234529,3557.0,-2952.0,302.75,8,100.0,False,0,7318.492,42.0
4828.694444444449,3509.064868653132,-3038.8134066230623,302.0,8,100.0,False,0,7318.612,42.0
4842.161111111115,3460.474889648592,-3124.682044272316,303.0,8,100.0,False,0,7318.772,42.0
4857.157051905223,3385.0,-3249.0,300.75,8,100.0,False,0,7318.952,42.0
4868.738888888894,3304.4642875172085,-3376.8034702547966,299.0,8,100.0,False,0,7319.092,42.0
4872.042351687769,3283.0,-3410.0,298.5,8,99.66666666666667,False,0,7319.132,42.0
4888.472222222226,3202.01736874872,-3527.310164840789,296.0,8,98.0,True,0,7319.331999999999,42.0
4898.173656543903,3156.0,-3587.0,290.6,8,44.0,True,0,7319.452,42.0
4904.416666666671,3120.9526744921686,-3630.642836103337,287.0,8,8.0,True,0,7319.532,42.0
4910.463428484526,3083.0,-3676.0,279.5750058666667,8,8.0,True,0,7319.612999999999,42.0
4925.782291342516,2974.0,-3793.0,259.4083157333333,8,8.0,True,0,7319.833,42.0
4929.81666666667,2944.129893288371,-3821.145225717152,254.0,7,8.0,True,0,7319.892,42.0
4946.08416666667,2819.0,-3921.0,243.0,7,11.0,True,0,7320.133,42.0
4961.417500000003,2685.0,-4001.0,230.0,6,12.0,True,0,7320.373,42.0
4973.8619444444475,2569.739419326084,-4052.852417010566,224.0,6,12.0,False,0,7320.572999999999,42.0
4975.09914940723,2559.0,-4057.0,223.7499968,6,12.2500032,False,0,7320.593,42.0
4983.728611111114,2489.4015392502215,-4080.261709515116,222.0,6,14.0,False,0,7320.733,42.0
4988.6288698184035,2448.0,-4091.0,220.8,6,15.6,False,0,7320.813,42.0
4995.895277777781,2378.8078033770953,-4105.126447282985,219.0,5,18.0,False,0,7320.933,42.0
4997.090279037244,2367.0,-4107.0,218.3333248,5,18.7500096,False,0,7320.9529999999995,42.0
5009.961944444449,2238.9536437175343,-4116.907029854218,211.0,5,27.0,False,0,7321.173,42.0
5011.113578754688,2228.0,-4117.0,210.5714230857143,5,28.214301257142857,False,0,7321.193,42.0
5022.502821333924,2113.0,-4107.0,206.2857088,5,40.3571584,False,0,7321.393,42.0
5025.906388888892,2063.723022197888,-4096.23701672712,205.0,5,44.0,False,0,7321.4529999999995,42.0
5034.987265643643,1924.0,-4059.0,205.0,5,52.888888888888886,False,0,7321.612999999999,42.0
5046.406388888892,1856.2047540509104,-4037.3787696806703,205.0,5,64.0,False,0,7321.813,42.0
5054.491527350619,1814.0,-4012.0,206.40000256,5,67.5000064,False,0,7321.9529999999995,42.0
5069.628611111115,1651.0439193357429,-3907.4094791385833,209.0,5,74.0,False,0,7322.213,42.0
5071.957852137497,1629.0,-3892.0,209.25,5,76.25,False,0,7322.253,42.0
5078.961944444448,1577.6243799736892,-3852.5312381923213,210.0,5,83.0,False,0,7322.373,42.0
5091.97310239232,1511.0,-3786.0,212.3571456,5,96.3571584,False,0,7322.593,42.0
5095.5286111111145,1489.0526355460509,-3762.3331050760553,213.0,5,100.0,False,0,7322.652999999999,42.0
5107.353875001494,1409.0,-3670.0,213.0,5,100.0,False,0,7322.853,42.0
5112.095277777781,1379.4458888721865,-3631.2835581723784,213.0,5,100.0,False,0,7322.933,42.0
5116.850955062555,1352.0,-3593.0,213.66666666666666,5,100.0,False,0,7323.013,42.0
5126.428611111115,1303.1707454161606,-3519.3514929113353,215.0,5,100.0,False,0,7323.173,42.0
5131.268850505439,1275.0,-3472.0,216.11111111111111,5,100.0,False,0,7323.253,42.0
5143.5053529014,1192.0,-3322.0,218.88888888888889,5,100.0,False,0,7323.4529999999995,42.0
5148.428611111115,1169.7670502383219,-3280.3949415202,220.0,5,100.0,False,0,7323.532999999999,42.0
5162.03192352432,1129.0,-3202.0,222.06896750967422,5,100.0,False,0,7323.753,42.0
5168.1888888888925,1099.6994866020896,-3147.9059346016634,223.0,5,100.0,False,0,7323.852,42.0
5183.214993900395,1012.0,-2991.0,225.0,5,100.0,False,0,7324.092,42.0
5190.788888888893,975.1411102363793,-2928.738983364026,226.0,6,100.0,False,0,7324.2119999999995,42.0
5208.630708330031,894.0,-2805.0,228.8,6,100.0,False,0,7324.492,42.0
5216.3444444444485,849.3493175198864,-2741.7544229711484,230.0,6,100.0,False,0,7324.612,42.0
5221.508260391132,820.0,-2701.0,230.66666666666666,6,100.0,False,0,7324.692,42.0
5226.689136500806,793.0,-2664.0,231.33333333333334,6,100.0,False,0,7324.772,42.0
5247.544444444448,672.3359927839984,-2501.0069199199997,234.0,6,100.0,False,0,7325.092,42.0
5248.852653499742,662.0,-2487.0,234.2,6,100.0,False,0,7325.112,42.0
5259.340696360173,573.0,-2366.0,235.8,6,100.0,False,0,7325.272,42.0
5260.65555555556,564.0986815851219,-2353.8486732553547,236.0,6,100.0,False,0,7325.2919999999995,42.0
5279.154122599773,479.0,-2238.0,237.55555555555554,6,100.0,False,0,7325.572,42.0
5284.45555555556,438.984086627571,-2184.991933401081,238.0,6,100.0,False,0,7325.652,42.0
5295.077777777782,343.00401437698326,-2058.85332473294,239.0,6,100.0,False,0,7325.812,42.0
5297.744708918433,324.0,-2034.0,239.33333333333334,6,100.0,False,0,7325.852,42.0
5311.144444444449,267.75548827264265,-1961.3706725020381,241.0,6,100.0,False,0,7326.052,42.0
5323.313827980138,225.0,-1908.0,241.5656256,6,100.0,False,0,7326.233,42.0
5332.655555555561,170.8871904830235,-1840.7901398972615,242.0,6,100.0,False,0,7326.371999999999,42.0
5334.064998526801,162.0,-1830.0,241.93457882807803,6,100.0,False,0,7326.393,42.0
5346.1252113546425,84.0,-1738.0,241.37383185023438,6,100.0,False,0,7326.572999999999,42.0
5354.144722222227,34.031778141856556,-1679.0479553233026,241.0,6,100.0,False,0,7326.693,42.0
5359.481849121412,-3.0,-1636.0,240.6,6,100.0,False,0,7326.773,42.0
5367.478055555561,-69.64931053846634,-1560.3137447287552,240.0,6,100.0,False,0,7326.893,42.0
5380.7002777777825,-187.0,-1429.0,238.0,6,100.0,False,0,7327.093,42.0
5394.455393566065,-281.0,-1323.0,226.214272,6,21.428479999999993,False,0,7327.313,42.0
5398.044722222227,-304.444584882204,-1296.346419817606,223.0,6,0.0,True,0,7327.373,42.0
5407.273290751251,-365.0,-1228.0,210.42857142857142,6,0.0,True,0,7327.532999999999,42.0
5413.678055555561,-408.3140750886447,-1181.1374170836868,201.0,6,0.0,True,0,7327.652999999999,42.0
5416.666095795536,-429.0,-1159.0,194.0624704,6,0.0,True,0,7327.713,42.0
5424.8459867910005,-487.0,-1098.0,173.25,6,0.0,True,0,7327.893,42.0
5428.255833333339,-511.7339329800584,-1074.59709188357,164.0,4,0.0,True,0,7327.973,42.0
5434.7545740199575,-560.0,-1034.0,150.66666666666666,4,0.0,True,0,7328.133,42.0
5437.8558333333385,-583.7427448990145,-1015.8816530897625,144.0,3,0.0,True,0,7328.213,42.0
5443.778027974801,-640.0,-981.0,137.33333333333334,3,0.0,True,0,7328.373,42.0
5450.755833333338,-743.9123335202962,-935.1044131963544,129.0,2,0.0,True,0,7328.572999999999,42.0
5452.110892850618,-759.0,-929.0,126.75,2,0.0,True,0,7328.612999999999,42.0
5456.089166666671,-782.7116722120054,-920.2074543047925,120.0,2,0.0,True,0,7328.733,42.0
5461.1654979067725,-800.0,-919.0,115.33333333333333,2,0.0,True,0,7328.893,42.0
5463.622500000005,-821.9512400173744,-916.5760873125446,113.0,2,0.0,True,0,7328.973,42.0
5466.0328085672745,-848.0,-914.0,110.66666666666667,2,0.0,True,0,7329.053,42.0
5470.689166666672,-897.336298544064,-911.8186050523101,106.0,2,0.0,True,0,7329.213,42.0
5474.004463206753,-932.0,-913.0,102.0,2,0.0,True,0,7329.333,42.0
5477.222500000004,-964.7119265925071,-916.7444260567306,98.0,2,0.0,False,0,7329.4529999999995,42.0
5481.972495356404,-1010.0,-927.0,96.64999808,2,11.250015999999999,False,0,7329.633,42.0
5486.710391153364,-1052.0,-943.0,95.3,2,22.5,False,0,7329.813,42.0
5487.77805555556,-1061.9388561032988,-947.6634632901519,95.0,2,25.0,False,0,7329.853,42.0
5489.389838376306,-1078.0,-956.0,95.66666951111111,2,27.000008533333332,False,0,7329.913,42.0
5497.67805555556,-1177.0024934683936,-1022.3467456971799,99.0,2,37.0,False,0,7330.213,42.0
5498.249016605498,-1182.0,-1026.0,99.50179842252653,2,37.86022586718833,False,0,7330.233,42.0
5505.89305555556,-1218.9525885266237,-1055.6992499052833,106.0,2,49.0,False,0,7330.492,42.0
5508.998060041107,-1236.0,-1069.0,108.5,2,49.3125,False,0,7330.592,42.0
5514.746627931547,-1282.0,-1102.0,113.0,2,49.875,False,0,7330.772,42.0
5516.026388888893,-1292.942458695255,-1109.1140360276954,114.0,2,50.0,False,0,7330.812,42.0
5521.77864427077,-1342.0,-1137.0,114.75,2,38.0,False,0,7330.992,42.0
5523.693055555559,-1357.876855455906,-1144.428931601196,115.0,2,34.0,False,0,7331.052,42.0
5526.8800252658575,-1385.0,-1155.0,115.0,2,33.54545454545455,False,0,7331.152,42.0
5534.529923859731,-1460.0,-1172.0,115.0,2,32.45454545454545,False,0,7331.392,42.0
5537.748611111115,-1490.8071970253363,-1173.010598123088,115.0,3,32.0,False,0,7331.492,42.0
5540.340338411657,-1517.0,-1171.0,116.0,3,32.0,False,0,7331.572,42.0
5542.9486111111155,-1546.2313935811192,-1166.5230737224238,117.0,3,32.0,False,0,7331.652,42.0
5550.895444304202,-1638.0,-1144.0,119.25,3,42.5,False,0,7331.892,42.0
5553.615277777782,-1661.6893585529288,-1136.7898536510143,120.0,3,46.0,False,0,7331.972,42.0
5561.300372668737,-1718.0,-1114.0,124.71428571428571,3,46.785714285714285,False,0,7332.192,42.0
5563.415277777782,-1736.2995190261856,-1104.8865144559657,126.0,3,47.0,False,0,7332.2519999999995,42.0
5571.9199255178855,-1811.0,-1064.0,127.71428571428571,3,49.57142857142857,False,0,7332.492,42.0
5573.370833333337,-1819.6875251061535,-1059.1063327403267,128.0,3,50.0,False,0,7332.532,42.0
5579.281944444448,-1859.0,-1030.0,133.0,3,53.0,False,0,7332.692,42.0
5584.527847599625,-1933.0,-961.0,134.41000192,3,57.23000576,False,0,7332.833,42.0
5586.781944444448,-1954.9484639075886,-939.5379936476209,135.0,3,59.0,False,0,7332.892,42.0
5594.781944444448,-1976.832623846903,-912.2071180390861,144.0,3,64.0,False,0,7333.092,42.0
5598.949079541525,-1990.0,-894.0,147.13665317233418,3,68.39131444126785,False,0,7333.193,42.0
5601.445555555559,-2002.494754158124,-878.0117329482883,149.0,3,71.0,False,0,7333.253,42.0
5609.02089880798,-2053.0,-815.0,152.00000426666668,3,73.2500032,False,0,7333.433,42.0
5611.6455555555585,-2069.581225737172,-793.6962857550923,153.0,3,74.0,False,0,7333.4929999999995,42.0
5622.820349496137,-2131.0,-708.0,164.33333333333334,3,79.33333333333333,False,0,7333.733,42.0
5628.6455555555585,-2158.3808463899786,-662.1243273217809,170.0,3,82.0,False,0,7333.853,42.0
5633.565260970076,-2182.0,-615.0,173.125008,3,82.9375024,False,0,7333.9529999999995,42.0
5644.6455555555585,-2237.4113024882977,-480.52876973743525,180.0,4,85.0,False,0,7334.173,42.0
5645.67548858381,-2241.0,-471.0,180.71429485714285,4,85.57143588571428,False,0,7334.193,42.0
5657.263482680933,-2263.0,-402.0,188.57142857142858,4,91.85714285714286,False,0,7334.413,42.0
5659.423333333336,-2266.9677753183873,-387.651307037559,190.0,4,93.0,False,0,7334.4529999999995,42.0
5674.980074507628,-2299.0,-234.0,198.55555555555554,4,93.77777777777777,False,0,7334.733,42.0
5679.523333333336,-2305.2934433790097,-167.3315345429958,201.0,4,94.0,False,0,7334.813,42.0
5688.723333333337,-2312.958884695131,-25.91452016514278,207.0,5,100.0,False,0,7334.973,42.0
5691.058147552796,-2314.0,-1.0,208.16666666666666,5,100.0,False,0,7335.013,42.0
5702.990000000003,-2313.787482885089,57.96519257541595,214.0,5,100.0,False,0,7335.213,42.0
5707.908302151643,-2310.0,87.0,216.36363636363637,5,100.0,False,0,7335.293,42.0
5729.46436366097,-2271.0,330.0,226.40909847272727,5,100.0,False,0,7335.633,42.0
5730.734444444448,-2268.286390046865,342.6185587554591,227.0,5,100.0,False,0,7335.652999999999,42.0
5740.912222222226,-2246.079742467288,424.06079597444034,229.0,5,99.0,False,0,7335.813,42.0
5751.312222222226,-2207.0,515.0,234.0,6,100.0,False,0,7335.973,42.0
5767.045555555559,-2104.492262488937,713.7154602591794,236.0,6,100.0,False,0,7336.213,42.0
5769.710665102684,-2090.0,740.0,236.9,6,100.0,False,0,7336.253,42.0
5794.267777777782,-2004.0,868.0,245.0,6,100.0,False,0,7336.612999999999,42.0
5802.57689642533,-1956.0,935.0,247.25,6,100.0,False,0,7336.733,42.0
5815.166446424959,-1873.0,1050.0,250.6250048,6,100.0,False,0,7336.913,42.0
5816.578888888892,-1863.8114065035854,1062.6280821485475,251.0,6,100.0,False,0,7336.933,42.0
5832.950389216076,-1762.6900252442151,1199.9903910309247,256.10306743566485,6,100.0,False,0,7337.161999999999,42.0
0.4276514311183828,-1763.087271079983,1199.444955949432,256.10306743566485,6,100.0,False,0,7337.162,43.0
2.5965106502051496,-1750.0,1217.0,256.77158814099823,6,100.0,False,0,7337.192,43.0
9.861666666666668,-1706.5927653025146,1274.8196997860896,259.0,6,100.0,False,0,7337.292,43.0
20.124620662190797,-1646.0,1354.0,261.45,6,100.0,False,0,7337.432000000001,43.0
37.92585063346105,-1541.0,1486.0,265.65,6,100.0,False,0,7337.6720000000005,43.0
39.41722222222222,-1532.1642408841176,1496.9904093277855,266.0,6,100.0,False,0,7337.692,43.0
52.8950804242374,-1444.0,1608.0,269.0,6,100.0,False,0,7337.872,43.0
57.41722222222222,-1404.5453683235546,1659.4562761301095,270.0,7,100.0,False,0,7337.932000000001,43.0
71.08381804159328,-1280.0,1825.0,272.56227816365055,7,100.0,False,0,7338.112,43.0
78.80444444444444,-1240.250038262886,1878.7202547462475,274.0,7,100.0,False,0,7338.213000000001,43.0
94.11638888888889,-1196.7365769143548,1939.6644920268654,277.0,7,100.0,False,0,7338.412,43.0
95.66525763269756,-1190.0,1949.0,277.375,7,100.0,False,0,7338.432000000001,43.0
106.56083333333333,-1128.076969991754,2034.2919870143485,280.0,7,100.0,False,0,7338.572,43.0
112.8246265548048,-1089.0,2088.0,280.85714285714283,7,100.0,False,0,7338.652,43.0
126.99455768526727,-1006.0,2202.0,282.7857142857143,7,100.0,False,0,7338.832,43.0
128.57194444444445,-997.2481456818203,2213.97986139389,283.0,7,100.0,False,0,7338.852,43.0
141.20862068564927,-927.0,2310.0,284.14285714285717,7,100.0,False,0,7339.012000000001,43.0
150.73861111111114,-864.5538843472581,2395.8780705480967,285.0,7,100.0,False,0,7339.1320000000005,43.0
168.45714987840807,-745.0,2561.0,287.7625024,7,100.0,False,0,7339.353,43.0
176.42750000000004,-702.8657716367111,2619.228391769104,289.0,7,100.0,False,0,7339.452,43.0
194.24266882029096,-619.0,2737.0,289.50113429494917,7,100.0,False,0,7339.673000000001,43.0
207.1305064663099,-546.0,2843.0,289.8639461389854,7,100.0,False,0,7339.8330000000005,43.0
211.95250000000001,-520.2791375444743,2880.7220129579914,290.0,7,100.0,False,0,7339.893,43.0
229.60878422985078,-420.0,3030.0,289.0833322666667,7,100.0,False,0,7340.113,43.0
231.2191666666667,-407.77114616171013,3048.388692260654,289.0,7,100.0,False,0,7340.133,43.0
249.00309633319438,-263.0,3267.0,290.83333546666665,7,100.0,False,0,7340.353,43.0
250.61916666666667,-254.33707530838765,3280.0937950409157,291.0,7,100.0,False,0,7340.3730000000005,43.0
269.9601484732988,-190.0,3375.0,290.4,7,100.0,False,0,7340.613,43.0
282.8413888888889,-88.07864056168643,3519.8011883581557,290.0,7,100.0,False,0,7340.773,43.0
294.12243513528193,16.0,3664.0,290.0,7,100.0,False,0,7340.9130000000005,43.0
298.9525,55.3712589743477,3716.6454842986736,290.0,7,100.0,False,0,7340.973,43.0
321.4302777777778,198.3625532438688,3893.763974684134,289.0,7,100.0,False,0,7341.253000000001,43.0
331.046033878634,241.0,3945.0,288.5,7,100.0,False,0,7341.3730000000005,43.0
340.6302777777778,272.92855781622245,3983.9249214039437,288.0,7,100.0,False,0,7341.493,43.0
353.34138888888884,321.7099710041021,4037.2382083079765,286.0,7,100.0,False,0,7341.653,43.0
356.5213743359433,343.0,4058.0,286.0,7,100.0,False,0,7341.693,43.0
372.4080555555555,505.1151487599017,4206.876992460183,286.0,7,100.0,False,0,7341.893,43.0
381.84847611796636,610.0,4292.0,283.75,7,100.0,False,0,7342.013,43.0
384.9858333333333,641.8878235628623,4314.9376145078495,283.0,7,100.0,False,0,7342.053,43.0
409.9636111111111,849.7619248362339,4419.667890534654,281.0,7,100.0,False,0,7342.3730000000005,43.0
411.51337600486556,861.0,4424.0,280.69999616,7,100.0,False,0,7342.393,43.0
425.4080555555555,954.9408862984126,4456.18727802264,278.0,7,100.0,False,0,7342.573,43.0
442.34130909857004,1069.0,4485.0,277.0833322666667,7,100.0,False,0,7342.793000000001,43.0
443.8747222222222,1080.4146616237158,4487.438662550735,277.0,7,100.0,False,0,7342.813,43.0
462.17614415768435,1261.0,4512.0,275.3636363636364,7,100.0,False,0,7343.053,43.0
477.36361111111114,1526.3085447455787,4518.8164491220505,274.0,7,100.0,False,0,7343.253000000001,43.0
478.8824874108367,1545.0,4519.0,273.9285705142857,7,100.0,False,0,7343.273,43.0
498.5969444444445,1636.0,4515.0,273.0,7,100.0,False,0,7343.533,43.0
515.1558032988152,1794.0,4502.0,271.16666453333335,7,100.0,False,0,7343.753000000001,43.0
516.6636111111111,1809.5736579342592,4500.280997577155,271.0,7,100.0,False,0,7343.773,43.0
530.1898360467312,1944.0,4482.0,271.89949751975956,7,100.0,False,0,7343.952,43.0
531.6991666666667,1958.5994383751238,4479.929753284783,272.0,7,100.0,False,0,7343.972000000001,43.0
592.9523359182831,2580.0,4442.0,269.54,7,100.0,False,0,7344.792,43.0
606.4213888888888,2770.7322711942093,4465.532856225565,269.0,7,100.0,False,0,7344.972000000001,43.0
615.4255641190998,2891.0,4488.0,269.6,7,100.0,False,0,7345.092000000001,43.0
621.4213888888888,2961.3109491231007,4505.6740205716915,270.0,7,100.0,False,0,7345.1720000000005,43.0
633.3769444444443,3078.5505635146924,4546.719426528819,269.0,7,100.0,False,0,7345.332,43.0
643.8526929241225,3159.0,4580.0,269.0,7,100.0,False,0,7345.472000000001,43.0
651.3102777777777,3204.5407144751434,4600.396283904838,269.0,7,100.0,False,0,7345.572,43.0
670.523195140917,3310.0,4658.0,266.2142857142857,7,100.0,False,0,7345.832,43.0
671.9991666666666,3320.619760717442,4664.4397358974475,266.0,7,100.0,False,0,7345.852,43.0
683.8914402049043,3417.0,4726.0,266.0,7,100.0,False,0,7346.013,43.0
692.6880555555556,3488.778951854134,4777.329125503749,266.0,7,100.0,False,0,7346.1320000000005,43.0
701.6344712800778,3560.0,4833.0,266.0,7,100.0,False,0,7346.253000000001,43.0
717.8996731042068,3684.0,4941.0,266.0,7,100.0,False,0,7346.473,43.0
728.2286111111111,3759.159349126656,5013.395986443811,266.0,7,100.0,False,0,7346.613,43.0
731.175867429395,3780.0,5034.0,265.8181818181818,7,100.0,False,0,7346.653,43.0
759.0406370020639,3980.0,5235.0,264.0909079272727,7,100.0,False,0,7347.033,43.0
760.4952777777778,3992.666844039275,5247.470289240822,264.0,7,100.0,False,0,7347.053,43.0
774.8997357135654,4121.0,5372.0,259.0,7,100.0,False,0,7347.253000000001,43.0
777.6952777777778,4140.374853101454,5390.449784153993,258.0,7,100.0,False,0,7347.293000000001,43.0
789.7211368068812,4208.0,5453.0,240.89997568,7,9.99987200000001,False,0,7347.473,43.0
790.9730555555556,4216.254672278345,5460.500819006497,239.0,7,0.0,True,0,7347.493,43.0
808.6491235114677,4370.0,5597.0,201.66666666666666,7,0.0,True,0,7347.813,43.0
810.6730555555556,4387.6547688792125,5611.98259431423,197.0,7,0.0,True,0,7347.853,43.0
818.5027195254033,4453.0,5666.0,186.33333333333334,7,0.4444444444444445,True,0,7348.013,43.0
827.9730555555556,4531.0,5730.0,173.0,6,1.0,True,0,7348.213000000001,43.0
835.4841666666666,4592.0,5779.0,169.0,4,3.0,True,0,7348.3730000000005,43.0
842.4250108907293,4651.0,5821.0,159.28571428571428,4,2.428571428571429,True,0,7348.533,43.0
847.3063888888888,4691.257917781212,5846.05338280556,152.0,3,2.0,True,0,7348.653,43.0
852.7402178155835,4745.0,5870.0,144.9999872,3,2.4375008,True,0,7348.793000000001,43.0
859.3952777777777,4842.594896004827,5895.154043615208,136.0,3,3.0,True,0,7348.973,43.0
861.5560038494345,4874.0,5900.0,134.3124928,3,3.0,True,0,7349.033,43.0
870.6841666666666,4977.706446737105,5896.856109021913,127.0,2,3.0,True,0,7349.293000000001,43.0
873.4748778563034,5000.0,5894.0,125.8,2,3.8,True,0,7349.3730000000005,43.0
877.5730555555555,5025.4415687828,5891.057616768228,124.0,2,5.0,True,0,7349.493,43.0
887.4750314116368,5089.0,5868.0,112.44444444444444,2,5.0,True,0,7349.813,43.0
888.6730555555555,5103.7306735935135,5859.651337858662,111.0,2,5.0,True,0,7349.853,43.0
895.2319376146089,5196.0,5803.0,108.99999767272728,2,10.5000064,True,0,7350.073,43.0
901.7508333333333,5235.903708637479,5775.654021577614,107.0,2,16.0,False,0,7350.293000000001,43.0
908.8011616382545,5262.0,5738.0,107.0,2,27.432803217085635,False,0,7350.532,43.0
914.7988888888889,5309.0,5666.0,107.0,2,37.0,False,0,7350.732,43.0
924.7544444444444,5345.753328454036,5573.848851274224,112.0,2,41.0,False,0,7351.052000000001,43.0
927.2916131896409,5351.0,5555.0,113.2,2,42.2,False,0,7351.1320000000005,43.0
931.1433333333333,5358.085727705272,5528.843313439798,115.0,2,44.0,False,0,7351.252,43.0
935.7367907505134,5366.0,5493.0,117.33333333333333,2,47.5,False,0,7351.392,43.0
939.0766666666667,5372.053985508866,5457.426295153201,119.0,2,50.0,False,0,7351.492,43.0
947.2766666666668,5385.294626154609,5358.641874466716,123.0,2,53.0,False,0,7351.732,43.0
947.9724964961733,5386.0,5352.0,123.5,2,53.375,False,0,7351.752,43.0
952.9211111111113,5388.9840114661365,5314.207107758912,127.0,2,56.0,False,0,7351.892,43.0
958.8322222222224,5393.0,5266.0,133.0,3,59.0,False,0,7352.052000000001,43.0
969.4100000000002,5412.0,5127.0,136.0,3,67.0,True,0,7352.332,43.0
977.8766666666669,5426.070298040538,5066.934540290426,127.0,3,0.0,True,0,7352.572,43.0
980.624953097959,5433.0,5048.0,124.16500224,3,0.0,True,0,7352.653,43.0
984.5433333333335,5446.801917106473,5013.558666851752,120.0,3,0.0,True,0,7352.772,43.0
988.9377068805293,5467.0,4970.0,114.14936807286124,3,0.0,True,0,7352.9130000000005,43.0
991.9072222222225,5482.528634795861,4942.990486263947,110.0,2,0.0,True,0,7353.013,43.0
995.3238604131277,5502.0,4914.0,105.875,2,0.0,True,0,7353.133,43.0
1000.7072222222224,5538.0,4869.0,99.0,2,0.0,True,0,7353.3330000000005,43.0
1006.762548358644,5600.0,4809.0,93.54545454545455,2,0.0,True,0,7353.573,43.0
1011.5850000000003,5630.464265173055,4784.95537069689,89.0,2,0.0,True,0,7353.773,43.0
1014.4220763913588,5648.0,4774.0,87.33333333333333,2,0.0,True,0,7353.893,43.0
1019.9850000000002,5697.0,4747.0,84.0,2,0.0,True,0,7354.133,43.0
1025.8487733839613,5752.0,4732.0,81.21428297142857,2,0.0,True,0,7354.393,43.0
1026.2850000000003,5755.836177605921,4731.386195149234,81.0,2,0.0,False,0,7354.4130000000005,43.0
1030.5181510562152,5795.0,4731.0,77.42857142857143,2,8.571428571428571,False,0,7354.613,43.0
1032.1961111111113,5816.344141774336,4736.134710970525,76.0,2,12.0,False,0,7354.693,43.0
1035.1542478069205,5857.0,4751.0,76.4375008,2,16.8125088,False,0,7354.8330000000005,43.0
1039.0405555555558,5897.813877063501,4774.95369196653,77.0,2,23.0,False,0,7355.013,43.0
1043.0812448033384,5932.0,4804.0,80.60000512,2,26.60000512,False,0,7355.193,43.0
1043.5405555555558,5935.817740780897,4807.534453859746,81.0,2,27.0,False,0,7355.213000000001,43.0
1047.2738888888891,5966.499283788646,4838.021823676369,84.0,2,30.0,False,0,7355.3730000000005,43.0
1051.051666666667,5995.22447050901,4869.353415963703,85.0,2,34.0,False,0,7355.533,43.0
1054.5482805447816,6012.0,4888.0,88.5000064,2,38.0833408,False,0,7355.673000000001,43.0
1057.1183333333336,6018.809190226833,4895.752635205721,91.0,2,41.0,False,0,7355.773,43.0
1060.2366009463574,6028.0,4908.0,93.0,2,42.5,False,0,7355.893,43.0
1063.4516666666668,6046.899238675399,4935.074131670438,95.0,2,44.0,False,0,7356.013,43.0
1069.7294270330665,6091.0,5001.0,102.33334186666667,2,50.41667413333333,False,0,7356.233,43.0
1070.3183333333336,6094.119548603405,5005.930464979436,103.0,2,51.0,False,0,7356.253000000001,43.0
1078.873888888889,6125.280327018214,5061.617286525803,110.0,2,56.0,False,0,7356.533,43.0
1080.1590488376332,6130.0,5071.0,111.42857142857143,2,57.57142857142857,False,0,7356.573,43.0
1088.2072222222223,6163.674722278601,5141.572845631069,120.0,2,67.0,False,0,7356.813,43.0
1090.9988726444117,6174.0,5167.0,123.5,2,69.0,False,0,7356.893,43.0
1093.131912571253,6181.0,5186.0,126.1250112,2,70.5000064,False,0,7356.953,43.0
1093.8516666666667,6183.334521651775,5192.297174597534,127.0,2,71.0,False,0,7356.973,43.0
1100.4916452976036,6205.0,5250.0,132.7535734857143,2,76.11428754285714,False,0,7357.152,43.0
1104.4294444444445,6217.663231026002,5287.503856939942,136.0,3,79.0,False,0,7357.253000000001,43.0
1110.1026524811753,6235.0,5343.0,144.14226098282552,3,83.65272056161457,False,0,7357.392,43.0
1114.3877777777777,6246.884730657975,5383.004439079525,150.0,3,87.0,False,0,7357.492,43.0
1118.8573923347194,6258.0,5423.0,154.54545454545453,3,89.95454545454545,False,0,7357.592000000001,43.0
1127.3476399570643,6276.0,5496.0,162.72727272727272,3,95.27272727272728,False,0,7357.772,43.0
1135.1655555555556,6292.667760987656,5567.857107875986,170.0,4,100.0,False,0,7357.932000000001,43.0
1139.1451082916271,6301.0,5611.0,174.4,4,100.0,False,0,7358.012000000001,43.0
1145.221111111111,6313.158992055987,5688.200857167604,181.0,4,100.0,False,0,7358.1320000000005,43.0
1155.7211111111112,6329.099012301261,5824.745162158083,189.0,4,100.0,False,0,7358.332,43.0
1156.8026364487134,6330.0,5836.0,189.85714285714286,4,100.0,False,0,7358.352,43.0
1171.3544444444444,6332.0,5951.0,201.0,4,100.0,False,0,7358.612,43.0
1180.6433333333334,6330.072377043101,6024.7105358709305,209.0,5,100.0,False,0,7358.772,43.0
1191.4568498443675,6316.0,6146.0,214.14285714285714,5,100.0,False,0,7358.952,43.0
1197.5211111111112,6297.503171678927,6245.168796967453,217.0,5,100.0,False,0,7359.052000000001,43.0
1202.4224164850257,6281.0,6323.0,217.0,5,100.0,False,0,7359.133,43.0
1216.8100000000002,6241.723110139766,6457.954290240118,217.0,5,100.0,False,0,7359.372,43.0
1226.5147222222222,6209.093275433498,6527.657167337528,217.0,5,100.0,False,0,7359.533,43.0
1227.7597235678973,6204.0,6538.0,218.04546792727274,5,100.0,False,0,7359.553,43.0
1250.3974491101837,6089.0,6751.0,235.8181818181818,5,100.0,False,0,7359.893,43.0
1255.8480555555557,6058.542679933485,6798.420044819467,240.0,6,100.0,False,0,7359.973,43.0
1272.2480555555555,5964.032997786804,6923.970833372024,246.0,6,100.0,False,0,7360.213000000001,43.0
1282.054039582847,5911.0,6986.0,249.1111168,6,100.0,False,0,7360.353,43.0
1297.6480555555559,5831.1167756670775,7069.073623892656,254.0,6,100.0,False,0,7360.573,43.0
1303.2715062690281,5797.0,7101.0,254.0,6,100.0,False,0,7360.653,43.0
1308.9369444444449,5758.318481786678,7135.693973862568,254.0,6,100.0,False,0,7360.733,43.0
1326.4702777777782,5621.831553150578,7250.493153467092,263.0,6,100.0,False,0,7360.973,43.0
1327.9401057859072,5610.0,7260.0,263.2500032,6,100.0,False,0,7360.993,43.0
1336.7679817958467,5540.0,7315.0,264.7500032,6,100.0,False,0,7361.113,43.0
1338.248055555556,5529.295190053125,7323.259307886957,265.0,6,100.0,False,0,7361.133,43.0
1350.2036111111115,5443.235793716768,7388.64604064949,269.0,6,100.0,False,0,7361.293000000001,43.0
1353.2218204951776,5409.0,7415.0,269.8333333333333,6,100.0,False,0,7361.3330000000005,43.0
1365.4025249678004,5229.0,7555.0,273.1666666666667,6,100.0,False,0,7361.493,43.0
1368.4702777777782,5195.701890280887,7581.134098044801,274.0,7,100.0,False,0,7361.533,43.0
1380.8258333333338,5137.930307995203,7627.901075353186,278.0,7,100.0,False,0,7361.693,43.0
1393.3171508593707,5097.0,7663.0,280.0,7,100.0,False,0,7361.853,43.0
1405.8925000000004,5008.96284430547,7736.1557173087995,282.0,7,100.0,False,0,7362.013,43.0
1412.1922534405621,4960.0,7777.0,283.0,7,100.0,False,0,7362.093,43.0
1418.5147222222226,4913.097104973216,7816.4759871881115,284.0,7,100.0,False,0,7362.173000000001,43.0
1431.2702777777781,4819.424149745244,7896.333451416098,287.0,7,100.0,False,0,7362.3330000000005,43.0
1434.4810116665699,4793.0,7919.0,287.57142857142856,7,100.0,False,0,7362.3730000000005,43.0
1453.9036111111116,4616.231173035637,8071.291212237661,291.0,7,100.0,False,0,7362.613,43.0
1457.1600054145204,4591.0,8093.0,291.6,7,100.0,False,0,7362.653,43.0
1470.2369444444448,4511.349833652243,8161.244494497383,294.0,7,100.0,False,0,7362.813,43.0
1476.8080647894062,4473.0,8194.0,294.75,7,100.0,False,0,7362.893,43.0
1496.636944444445,4333.345246998614,8313.261457369106,297.0,7,100.0,False,0,7363.133,43.0
1504.9374502389792,4260.0,8376.0,298.0714313142857,7,100.0,False,0,7363.233,43.0
1519.9702777777784,4106.041031291509,8507.906277259612,300.0,8,100.0,False,0,7363.4130000000005,43.0
1526.7124533652295,4050.0,8556.0,301.0,8,100.0,False,0,7363.493,43.0
1547.0582654547843,3948.0,8644.0,303.9875008,8,100.0,False,0,7363.732,43.0
1560.7702777777783,3850.513350784061,8728.453102380638,306.0,8,100.0,False,0,7363.893,43.0
1572.5807635910605,3756.0,8811.0,306.0,8,100.0,False,0,7364.032,43.0
1574.370277777778,3742.3367679188123,8823.03384515385,306.0,8,100.0,False,0,7364.053,43.0
1582.8370341473064,3679.0,8879.0,306.9020505655325,8,100.0,False,0,7364.152,43.0
1606.9897624400178,3492.0,9043.0,309.4533030409763,8,100.0,False,0,7364.432000000001,43.0
1612.1730555555557,3452.5937248640266,9077.793848935453,310.0,8,100.0,False,0,7364.492,43.0
1624.2671258540001,3363.0,9157.0,310.7,8,100.0,False,0,7364.6320000000005,43.0
1629.4508333333338,3325.8326578793003,9189.572592592582,311.0,8,100.0,False,0,7364.692,43.0
1639.8197171525308,3252.0,9254.0,311.0,8,100.0,False,0,7364.812,43.0
1646.7286111111116,3201.1183826769156,9298.561686054274,311.0,8,100.0,False,0,7364.892,43.0
1657.0823492364982,3122.0,9368.0,311.0,8,100.0,False,0,7365.012000000001,43.0
1664.0063888888894,3067.2892010238575,9416.000608760965,311.0,8,100.0,False,0,7365.092000000001,43.0
1684.9397222222228,2890.1243978829443,9570.972891571497,314.0,8,100.0,False,0,7365.332,43.0
1686.686498985493,2874.0,9585.0,314.0,8,100.0,False,0,7365.352,43.0
1716.3397222222227,2596.46599695891,9825.201404834048,314.0,8,100.0,False,0,7365.692,43.0
1718.1665989434036,2584.0,9836.0,313.9124992,8,100.0,False,0,7365.713000000001,43.0
1737.2063888888893,2502.5281666313344,9906.988939088895,313.0,8,100.0,False,0,7365.932000000001,43.0
1752.9947549463652,2398.0,10000.0,313.9004987543877,8,100.0,False,0,7366.113,43.0
1754.738055555556,2379.4683989896107,10016.516250591561,314.0,8,100.0,False,0,7366.133,43.0
1772.126944444445,2156.0,10216.0,313.0,8,100.0,False,0,7366.3330000000005,43.0
1804.947808335162,1926.0,10422.0,311.09999872,8,100.0,False,0,7366.713000000001,43.0
1806.6825000000006,1913.3056732976538,10433.01384103086,311.0,8,100.0,False,0,7366.733,43.0
1823.9047222222227,1764.4304671335215,10559.989743229025,310.0,8,100.0,False,0,7366.933,43.0
1835.2188951148412,1669.0,10639.0,297.3124768,8,60.624928,False,0,7367.073,43.0
1848.8825000000006,1582.1525057767558,10706.845683663358,281.0,8,10.0,True,0,7367.253000000001,43.0
1863.2158333333339,1509.0442384370128,10755.177612078927,258.0,8,5.0,True,0,7367.453,43.0
1868.719372243451,1471.0,10778.0,252.75,8,4.75,True,0,7367.533,43.0
1884.2825000000005,1331.0,10854.0,237.0,7,4.0,True,0,7367.773,43.0
1896.9663397879376,1206.0,10902.0,212.6428288,7,4.0,True,0,7367.993,43.0
1900.3047222222226,1173.0144141774201,10912.699310127613,206.0,6,4.0,True,0,7368.053,43.0
1905.8264446412372,1120.0,10928.0,202.0714185142857,6,4.0,True,0,7368.153,43.0
1915.4713888888894,1027.0,10944.0,195.0,5,4.0,True,0,7368.3330000000005,43.0
1929.1878631146292,829.0,10948.0,179.44444444444446,5,4.0,True,0,7368.613,43.0
1932.9713888888894,799.3723538483584,10947.634052675021,175.0,4,4.0,True,0,7368.693,43.0
1940.4606001092836,764.0,10944.0,169.4,4,4.0,True,0,7368.853,43.0
1942.3047222222228,750.9718255421144,10941.823099199322,168.0,4,4.0,True,0,7368.893,43.0
1953.9767036891571,636.0,10916.0,162.3124944,4,4.0,True,0,7369.153,43.0
1956.615833333334,610.8444863464092,10907.77436465824,161.0,4,4.0,False,0,7369.213000000001,43.0
1963.577431581001,544.0,10878.0,158.14285714285714,4,11.428571428571429,False,0,7369.3730000000005,43.0
1968.7491666666674,483.442641126875,10841.636816806085,156.0,4,17.0,False,0,7369.493,43.0
1973.0386220242867,437.0,10810.0,155.16666453333335,4,18.388892444444444,False,0,7369.593,43.0
1984.0491666666674,373.64620639260085,10750.923276226526,153.0,4,22.0,False,0,7369.853,43.0
1991.4976785576082,341.0,10701.0,149.39999488,4,29.20001024,False,0,7370.033,43.0
1992.326944444445,336.5134202599854,10693.904311708638,149.0,4,30.0,False,0,7370.053,43.0
1998.160007942975,303.0,10639.0,149.8750016,4,34.375008,False,0,7370.193,43.0
1998.9936111111117,298.66018182331976,10631.360903149392,150.0,4,35.0,False,0,7370.213000000001,43.0
2005.6184687767766,268.0,10570.0,150.0,4,39.968752,False,0,7370.372,43.0
2005.6602777777782,267.80687876857104,10569.558784958228,150.0,4,40.0,False,0,7370.3730000000005,43.0
2017.4825000000005,215.44791639929628,10426.298270265715,152.0,4,46.0,False,0,7370.653,43.0
2018.2939174435057,213.0,10418.0,152.28643303350898,4,46.668343744854276,False,0,7370.6720000000005,43.0
2026.050555555556,199.9509794117623,10357.567979877293,155.0,4,53.0,False,0,7370.852,43.0
2034.832127759058,196.0,10297.0,157.5,4,60.5,False,0,7371.052000000001,43.0
2036.5838888888895,195.01672675374408,10281.267505146507,158.0,4,62.0,False,0,7371.092000000001,43.0
2043.6061111111119,190.58734365645282,10207.934628814319,158.0,4,71.0,False,0,7371.252,43.0
2046.338208967472,189.0,10179.0,160.5,4,72.25,False,0,7371.312,43.0
2054.8061111111115,184.74776711378928,10091.126177117725,168.0,4,76.0,False,0,7371.492,43.0
2059.523740790176,182.0,10043.0,168.0,4,43.0,False,0,7371.592000000001,43.0
2064.139444444445,178.6305618057596,9996.039235765309,168.0,4,10.0,False,0,7371.692,43.0
2071.1172222222226,171.21245363126846,9924.467271339741,157.0,4,0.0,True,0,7371.852,43.0
2071.956758349769,170.0,9916.0,156.440559404791,4,0.07992008502985559,True,0,7371.872,43.0
2106.9863888888895,28.612093465476555,9612.900448611354,129.0,2,4.0,True,0,7372.853,43.0
2107.677734772847,24.0,9608.0,128.374992,2,4.1250016,True,0,7372.8730000000005,43.0
2112.4975000000004,-10.254676063789889,9574.611953997688,124.0,2,5.0,False,0,7373.013,43.0
2114.5010548724595,-26.0,9561.0,122.4999936,2,5.500002133333333,False,0,7373.073,43.0
2120.364166666667,-76.5919967244817,9523.41065949636,118.0,2,7.0,False,0,7373.253000000001,43.0
2121.678092082863,-88.0,9516.0,118.0,2,5.6,False,0,7373.293000000001,43.0
2126.9197222222224,-133.23116778006442,9490.296228166815,118.0,2,0.0,False,0,7373.453,43.0
2130.0629372725143,-161.0,9477.0,114.99999232,2,0.0,False,0,7373.553,43.0
2133.1419444444446,-188.30201324659245,9465.597146794977,112.0,2,0.0,False,0,7373.653,43.0
2135.5959575531624,-211.0,9458.0,111.0,2,0.0,False,0,7373.733,43.0
2138.0308333333337,-235.33426732029938,9451.877434439837,110.0,2,0.0,False,0,7373.813,43.0
2141.0321106297347,-266.0,9446.0,108.7499968,2,0.0,False,0,7373.9130000000005,43.0
2145.164166666667,-305.7306646986412,9440.738699419378,107.0,2,0.0,False,0,7374.053,43.0
2146.9144752706693,-326.0,9441.0,106.4374976,2,0.0,False,0,7374.113,43.0
2154.4086111111114,-438.0,9461.0,104.0,2,0.0,False,0,7374.3730000000005,43.0
2168.4086111111114,-534.0,9513.0,105.0,2,37.0,False,0,7374.853,43.0
2175.694240905942,-580.0,9551.0,108.33333333333333,2,40.333333333333336,False,0,7375.093,43.0
2179.4086111111114,-605.2123357654023,9576.426002196202,110.0,2,42.0,False,0,7375.213000000001,43.0
2184.4308333333333,-638.239430663861,9615.10481664181,113.0,2,46.0,False,0,7375.3730000000005,43.0
2185.0652879101826,-642.0,9620.0,113.30000384,2,46.30000384,False,0,7375.393,43.0
2190.8752777777777,-672.1869812022668,9664.770258630118,116.0,2,49.0,False,0,7375.573,43.0
2194.230098932418,-688.0,9693.0,118.5000064,2,50.428575085714286,False,0,7375.673000000001,43.0
2199.747498715484,-713.0,9744.0,122.5000064,2,52.71428937142857,False,0,7375.8330000000005,43.0
2200.4419444444443,-715.8173501127617,9750.173485653318,123.0,2,53.0,False,0,7375.853,43.0
2206.041944444444,-736.0,9801.0,126.0,2,55.0,False,0,7376.013,43.0
2213.2641666666664,-759.6455085429262,9891.966065550372,130.0,3,56.0,False,0,7376.213000000001,43.0
2215.502977697878,-765.0,9917.0,132.2500096,3,58.6250112,False,0,7376.273,43.0
2219.3086111111106,-771.2919123186832,9951.450358022961,136.0,3,63.0,False,0,7376.3730000000005,43.0
2228.7752777777773,-775.9292703792275,10017.207568368602,142.0,3,65.0,False,0,7376.613,43.0
2229.5848108946493,-776.0,10024.0,142.7500096,3,65.7500096,False,0,7376.633,43.0
2235.353055555555,-775.3839352379847,10078.869346542446,148.0,3,71.0,False,0,7376.773,43.0
2238.708441265787,-774.0,10114.0,150.63333546666667,3,72.64583466666667,False,0,7376.852,43.0
2243.0574918383004,-771.0,10161.0,153.9666688,3,74.729168,False,0,7376.952,43.0
2245.753055555555,-768.3493871662373,10189.060639594523,156.0,3,76.0,False,0,7377.013,43.0
2253.8478708803077,-758.0,10266.0,161.9666688,3,78.2375008,False,0,7377.192,43.0
2256.6863888888884,-754.2788398574838,10289.896186577931,164.0,3,79.0,False,0,7377.253000000001,43.0
2266.297499999999,-736.9751923687486,10372.941034818261,173.0,4,88.0,False,0,7377.453,43.0
2269.207525377829,-726.0,10411.0,174.97489701090623,4,89.97489701090623,False,0,7377.512000000001,43.0
2278.3138888888884,-678.3868807062242,10558.760098751409,181.0,4,96.0,False,0,7377.692,43.0
2279.3517939284407,-674.0,10572.0,181.85714285714286,4,96.28571428571429,False,0,7377.712,43.0
2293.3249999999994,-647.0163742332027,10647.37054208941,193.0,4,100.0,False,0,7377.972000000001,43.0
2300.0612130256864,-622.0,10701.0,197.2,4,100.0,False,0,7378.092000000001,43.0
2312.8023350689054,-538.0,10880.0,204.9,4,100.0,False,0,7378.312,43.0
2316.3249999999994,-520.4492875317899,10916.497048118075,207.0,5,100.0,False,0,7378.372,43.0
2328.213888888888,-489.4140637836939,10976.0693000122,214.0,5,100.0,False,0,7378.572,43.0
2337.9604175446107,-461.0,11027.0,218.0,5,100.0,False,0,7378.732,43.0
2345.402777777777,-427.9015362156181,11087.645978520319,221.0,5,100.0,False,0,7378.852,43.0
2353.0127292255943,-390.0,11157.0,224.0249984,5,100.0,False,0,7378.973,43.0
2360.6643684049363,-353.0,11223.0,227.0249984,5,100.0,False,0,7379.093,43.0
2365.7583333333323,-326.9839170120987,11266.087789580397,229.0,6,100.0,False,0,7379.1720000000005,43.0
2372.3356461350068,-292.0,11321.0,232.763983806801,6,100.0,False,0,7379.273,43.0
2376.268055555555,-270.7392077734751,11353.50692832693,235.0,6,100.0,False,0,7379.3330000000005,43.0
2382.854557369979,-234.0,11408.0,236.8750048,6,100.0,False,0,7379.433,43.0
2386.845833333333,-210.72401043402658,11441.318803783253,238.0,6,100.0,False,0,7379.493,43.0
2400.401388888888,-127.57148035565693,11553.943494283867,244.0,6,100.0,False,0,7379.693,43.0
2401.7686934940134,-119.0,11565.0,244.28571794285713,6,100.0,False,0,7379.713000000001,43.0
2415.5263049763403,-32.0,11672.0,247.1428608,6,100.0,False,0,7379.9130000000005,43.0
2419.690277777777,-6.1086098304524015,11702.247078045148,248.0,6,100.0,False,0,7379.973,43.0
2430.8902777777766,63.883443503039125,11780.222531540867,252.0,6,100.0,False,0,7380.133,43.0
2435.1341688919274,93.0,11811.0,253.5000064,6,100.0,False,0,7380.193,43.0
2442.268055555555,145.7377583727024,11864.906840834055,256.0,6,100.0,False,0,7380.293000000001,43.0
2446.58909642348,178.0,11897.0,257.1666716444444,6,100.0,False,0,7380.353,43.0
2464.141505063892,304.0,12016.0,261.8333383111111,6,100.0,False,0,7380.593,43.0
2468.568055555555,336.42945195594604,12044.904597596285,263.0,6,100.0,False,0,7380.653,43.0
2481.917214220629,437.0,12130.0,265.2500032,6,100.0,False,0,7380.8330000000005,43.0
2495.352298704926,542.0,12211.0,267.5,6,100.0,False,0,7381.013,43.0
2498.345833333333,566.1721907036369,12228.782247095527,268.0,7,100.0,False,0,7381.053,43.0
2514.8755305691025,701.0,12322.0,270.3571456,7,100.0,False,0,7381.273,43.0
2519.423611111111,736.0090495469116,12343.858536352232,271.0,7,100.0,False,0,7381.3330000000005,43.0
2528.5862096827814,810.0,12386.0,273.14285714285717,7,100.0,False,0,7381.453,43.0
2540.8902777777776,936.4986536412472,12449.548981659267,276.0,7,100.0,False,0,7381.613,43.0
2545.511312313183,982.0,12471.0,276.30000128,7,100.0,False,0,7381.673000000001,43.0
2562.4880830083525,1123.0,12531.0,277.4,7,100.0,False,0,7381.893,43.0
2571.7791666666662,1206.8039603215118,12562.262829509782,278.0,7,100.0,False,0,7382.013,43.0
2590.445833333333,1388.4607628258311,12623.196391389689,280.0,7,100.0,False,0,7382.253000000001,43.0
2593.573118794052,1417.0,12632.0,280.3333333333333,7,100.0,False,0,7382.293000000001,43.0
2606.115513559548,1529.0,12664.0,281.6666666666667,7,100.0,False,0,7382.453,43.0
2609.2458333333334,1559.7583550739628,12672.066915555777,282.0,7,100.0,False,0,7382.493,43.0
2620.174924346728,1674.0,12700.0,281.1249984,7,100.0,False,0,7382.633,43.0
2621.734722222222,1689.910187967143,12703.632737944276,281.0,7,100.0,False,0,7382.653,43.0
2640.4680555555556,1872.5845909639945,12740.28075472475,281.0,7,100.0,False,0,7382.893,43.0
2642.0353922887493,1888.0,12743.0,281.1666688,7,100.0,False,0,7382.9130000000005,43.0
2656.198668193621,2040.0,12767.0,282.6666666666667,7,100.0,False,0,7383.093,43.0
2668.8680555555557,2224.8918089032495,12791.260453407547,284.0,7,100.0,False,0,7383.253000000001,43.0
2670.4566892066246,2247.0,12794.0,284.15000192,7,100.0,False,0,7383.273,43.0
2700.7569444444443,2547.4675813241574,12826.302339565902,287.0,7,100.0,False,0,7383.653,43.0
2707.0381029948726,2594.0,12831.0,286.60499968,7,100.0,False,0,7383.732,43.0
2716.6458333333335,2659.2605652858374,12837.83713980003,286.0,7,100.0,False,0,7383.853,43.0
2729.3569444444443,2759.9658446633057,12848.381119865564,286.0,7,100.0,False,0,7384.013,43.0
2730.8687841042133,2776.0,12850.0,286.1187504,7,100.0,False,0,7384.032,43.0
2742.1125,2923.0079702767976,12864.53019238673,287.0,7,100.0,False,0,7384.173000000001,43.0
2753.2544082906225,3069.0,12879.0,287.8714735806448,7,100.0,False,0,7384.312,43.0
2767.721111111111,3190.8729917626506,12891.849546935216,289.0,7,100.0,False,0,7384.492,43.0
2782.1691876884624,3292.0,12903.0,289.0,7,100.0,False,0,7384.6720000000005,43.0
2783.7766666666666,3305.355097165114,12904.439367770246,289.0,7,100.0,False,0,7384.692,43.0
2799.8877777777775,3459.275768898371,12921.094655267738,290.0,7,100.0,False,0,7384.892,43.0
2801.501669646859,3476.0,12923.0,290.0833333333333,7,100.0,False,0,7384.912,43.0
2812.811728408518,3596.0,12937.0,290.6666666666667,7,100.0,False,0,7385.052000000001,43.0
2819.2877777777776,3661.6078368598673,12944.20826368951,291.0,7,100.0,False,0,7385.1320000000005,43.0
2830.646071958385,3772.0,12956.0,291.5833333333333,7,100.0,False,0,7385.272,43.0
2838.7544444444443,3851.097852715362,12965.107557836092,292.0,7,100.0,False,0,7385.372,43.0
2843.6910030952413,3901.0,12971.0,291.8093744,7,100.0,False,0,7385.433,43.0
2864.621111111111,4131.278677441472,12998.600354464392,291.0,7,100.0,False,0,7385.692,43.0
2872.811663098161,4215.0,13009.0,291.62733063446683,7,100.0,False,0,7385.793000000001,43.0
2877.6800000000003,4260.856859792981,13014.842123445358,292.0,7,100.0,False,0,7385.853,43.0
2897.1466666666665,4426.734418073656,13037.03546278654,292.0,7,100.0,False,0,7386.093,43.0
2898.770065847349,4441.0,13039.0,292.0,7,100.0,False,0,7386.113,43.0
2916.6133333333332,4611.219472995785,13062.430910721883,292.0,7,100.0,False,0,7386.3330000000005,43.0
2923.0644197930496,4690.0,13072.0,291.0,7,100.0,False,0,7386.4130000000005,43.0
2929.5022222222224,4781.263921627629,13082.199341108972,290.0,7,100.0,False,0,7386.493,43.0
2937.546304349712,4890.0,13094.0,289.49999872,7,100.0,False,0,7386.593,43.0
2945.5577777777776,4961.983149313241,13102.277559510456,289.0,7,100.0,False,0,7386.693,43.0
2961.3980802063043,5074.0,13110.0,286.77777777777777,7,91.66666666666667,False,0,7386.893,43.0
2974.0577777777776,5249.707035056878,13110.416279099838,285.0,7,85.0,False,0,7387.053,43.0
2982.025322190729,5354.0,13108.0,285.4166677333333,7,79.16665173333334,False,0,7387.153,43.0
2993.124444444444,5449.6792476446735,13101.023960864382,286.0,7,71.0,False,0,7387.293000000001,43.0
3014.588613909044,5567.0,13069.0,278.3,7,59.8,False,0,7387.573,43.0
3023.68,5651.556879150075,13044.423738625854,275.0,7,55.0,False,0,7387.693,43.0
3031.2612084745556,5727.0,13019.0,273.7499968,7,58.7500096,False,0,7387.793000000001,43.0
3035.8133333333335,5769.634446223725,13001.644396835032,273.0,7,61.0,False,0,7387.853,43.0
3043.4060540560276,5837.0,12970.0,273.0,7,66.0000128,False,0,7387.953,43.0
3047.9466666666667,5875.80127656265,12950.05901673243,273.0,7,69.0,False,0,7388.013,43.0
3058.4603109034756,5963.0,12900.0,271.49999725714287,7,72.00000548571428,False,0,7388.153,43.0
3068.9466666666667,6048.801115719465,12842.785703023226,270.0,7,75.0,False,0,7388.293000000001,43.0
3076.472395264342,6116.0,12789.0,270.6250016,7,76.8750048,False,0,7388.393,43.0
3080.991111111111,6160.71202633509,12748.978718900798,271.0,7,78.0,False,0,7388.453,43.0
3093.0355555555557,6283.807284888759,12626.973140296304,271.0,7,81.0,False,0,7388.613,43.0
3096.0528868673755,6308.0,12601.0,271.1666666666667,7,82.83333333333333,False,0,7388.653,43.0
3111.1688888888893,6378.909703484785,12509.648835544749,272.0,7,92.0,False,0,7388.853,43.0
3123.2428405096543,6418.0,12438.0,272.0,7,96.57142857142857,False,0,7389.013,43.0
3132.3244444444445,6457.590064651169,12363.395093840272,272.0,7,100.0,False,0,7389.133,43.0
3141.456668838993,6499.0,12281.0,273.125,7,100.0,False,0,7389.253000000001,43.0
3156.768888888889,6559.505395579718,12139.854234883516,275.0,7,100.0,False,0,7389.453,43.0
3159.8407229892528,6573.0,12103.0,275.3333333333333,7,100.0,False,0,7389.493,43.0
3175.2355555555555,6647.101648591594,11879.624719669317,277.0,7,100.0,False,0,7389.693,43.0
3176.776633431207,6653.0,11861.0,277.0625008,7,100.0,False,0,7389.713000000001,43.0
3199.9466666666667,6696.234561774477,11707.469837883087,278.0,7,100.0,False,0,7390.013,43.0
3206.084380771507,6708.0,11660.0,278.6583338666667,7,100.0,False,0,7390.092000000001,43.0
3213.878869224287,6727.0,11584.0,279.4916672,7,100.0,False,0,7390.192,43.0
3228.0466666666666,6757.241835678627,11461.856427019211,281.0,7,100.0,False,0,7390.3730000000005,43.0
3237.3978712198773,6781.0,11356.0,282.4875008,7,100.0,False,0,7390.492,43.0
3240.6244444444446,6790.9857372653405,11309.265803767434,283.0,7,100.0,False,0,7390.533,43.0
3254.735275664751,6837.0,11084.0,283.7458336,7,100.0,False,0,7390.712,43.0
3259.5577777777776,6847.6735499387705,11027.768962706199,284.0,7,100.0,False,0,7390.773,43.0
3280.121390976225,6872.0,10872.0,285.44289703524953,7,100.0,False,0,7391.032,43.0
3288.0783333333334,6883.55201538051,10795.378053889171,286.0,7,100.0,False,0,7391.1320000000005,43.0
3294.4458592677584,6893.0,10730.0,286.2,7,100.0,False,0,7391.212,43.0
3316.7675915119867,6920.0,10509.0,286.9,7,100.0,False,0,7391.492,43.0
3319.967222222222,6923.458182861428,10478.424667912492,287.0,7,100.0,False,0,7391.532,43.0
3332.7969590097446,6937.0,10350.0,288.14285714285717,7,100.0,False,0,7391.692,43.0
3342.4449999999997,6947.585705474852,10229.675200738298,289.0,7,100.0,False,0,7391.812,43.0
3358.6418596135395,6963.0,10031.0,289.6281248,7,100.0,False,0,7392.013,43.0
3368.2227777777775,6967.9285963402635,9960.507651428437,290.0,7,100.0,False,0,7392.1320000000005,43.0
3381.151455711424,6972.0,9878.0,289.4270463606084,7,100.0,False,0,7392.293000000001,43.0
3390.780833333333,6975.455024294682,9783.798813164662,289.0,7,100.0,False,0,7392.4130000000005,43.0
3395.597949055632,6977.0,9733.0,289.0,7,100.0,False,0,7392.473,43.0
3416.4697222222217,6981.1238330338165,9517.878997121306,289.0,7,100.0,False,0,7392.733,43.0
3424.4792227566854,6983.0,9436.0,288.5833322666667,7,100.0,False,0,7392.8330000000005,43.0
3435.669722222222,6986.508693118079,9323.082499673692,288.0,7,100.0,False,0,7392.973,43.0
3437.265863742801,6987.0,9308.0,287.89999872,7,100.0,False,0,7392.993,43.0
3451.6141666666667,6991.60256241532,9179.349541032701,287.0,7,100.0,False,0,7393.173000000001,43.0
3456.3999808668455,6995.0,9118.0,287.0,7,100.0,False,0,7393.233,43.0
3469.169275659854,7010.0,8902.0,287.0,7,100.0,False,0,7393.393,43.0
3477.1252777777777,7020.552294101312,8791.357779173755,287.0,7,100.0,False,0,7393.493,43.0
3499.2919444444437,7050.469012259512,8611.994086704573,285.0,7,100.0,False,0,7393.773,43.0
3505.628561859974,7058.0,8573.0,285.0,7,100.0,False,0,7393.853,43.0
3521.4586111111107,7075.589404794302,8482.662508994907,285.0,7,100.0,False,0,7394.053,43.0
3526.186865646747,7083.0,8449.0,284.39999744,7,100.0,False,0,7394.113,43.0
3537.1808333333333,7106.582114696468,8350.186689536993,283.0,7,100.0,False,0,7394.253000000001,43.0
3554.3626089363115,7152.0,8175.0,281.77777635555555,7,100.0,False,0,7394.473,43.0
3565.2808333333332,7179.266884162947,8080.026669347833,281.0,7,100.0,False,0,7394.613,43.0
3569.963920490458,7197.0,8025.0,281.0,7,100.0,False,0,7394.673000000001,43.0
3582.462888623693,7263.0,7833.0,281.0,7,100.0,False,0,7394.8330000000005,43.0
3596.5030555555554,7301.70480078635,7729.025656368748,281.0,7,100.0,False,0,7395.013,43.0
3608.947690093688,7331.0,7659.0,280.2,7,100.0,False,0,7395.173000000001,43.0
3612.058611111111,7342.412235186332,7630.834976405413,280.0,7,100.0,False,0,7395.213000000001,43.0
3624.5030555555554,7401.920028363607,7481.558124143957,280.0,7,100.0,False,0,7395.3730000000005,43.0
3632.259577316146,7434.0,7398.0,279.3749984,7,100.0,False,0,7395.473,43.0
3636.9030555555555,7448.573570791213,7358.183102340468,279.0,7,100.0,False,0,7395.533,43.0
3652.322341497077,7481.0,7260.0,277.75,7,100.0,False,0,7395.733,43.0
3661.525277777778,7500.992603323357,7197.570151724158,277.0,7,100.0,False,0,7395.853,43.0
3675.2554966885564,7526.0,7066.0,275.0714258285714,7,100.0,False,0,7396.033,43.0
3682.8363888888885,7531.695168664377,6953.711137533358,274.0,7,100.0,False,0,7396.133,43.0
3694.8876071006775,7530.0,6761.0,272.22222222222223,7,100.0,False,0,7396.293000000001,43.0
3709.836388888889,7513.204169960579,6611.072266028872,270.0,7,100.0,False,0,7396.493,43.0
3726.0917656113475,7485.0,6505.0,268.1749994666667,7,100.0,False,0,7396.712,43.0
3736.5363888888887,7466.68284698069,6431.677641326261,267.0,6,100.0,False,0,7396.853,43.0
3748.403055555555,7444.4250751817535,6339.157711272275,267.0,6,100.0,False,0,7397.013,43.0
3757.262301429499,7423.0,6251.0,267.59500032,6,100.0,False,0,7397.1320000000005,43.0
3763.291944444444,7405.761749003218,6180.621742438683,268.0,6,100.0,False,0,7397.213000000001,43.0
3773.610694897308,7376.0,6057.0,267.30499968,6,100.0,False,0,7397.352,43.0
3778.1252777777772,7365.663729396902,6011.295353496054,267.0,6,100.0,False,0,7397.4130000000005,43.0
3798.6630472259476,7335.0,5841.0,265.0071424,6,98.0071424,False,0,7397.692,43.0
3798.7363888888885,7334.909033679605,5840.337329162749,265.0,6,98.0,False,0,7397.693,43.0
3817.608200998843,7317.0,5655.0,262.21505371410956,6,20.949819423697335,False,0,7397.952,43.0
3819.041388888889,7316.620856051118,5641.286196828306,262.0,6,15.0,True,0,7397.972000000001,43.0
3833.126312619269,7321.0,5510.0,255.125,6,11.25,True,0,7398.1720000000005,43.0
3835.8876522412916,7323.0,5483.0,253.75,6,10.5,True,0,7398.212,43.0
3841.3525,7329.081463275222,5430.866046138785,251.0,6,9.0,False,0,7398.292,43.0
3858.6985633282056,7381.0,5252.0,242.2999936,6,23.500010666666668,False,0,7398.553,43.0
3865.2525,7421.978717320451,5159.822376495858,239.0,6,29.0,False,0,7398.652,43.0
3871.9769173079494,7464.0,5073.0,239.0,6,32.156256,False,0,7398.753000000001,43.0
3875.874722222222,7482.660464870504,5036.504522599545,239.0,6,34.0,False,0,7398.812,43.0
3892.5852523692383,7539.0,4945.0,231.77007650217422,6,9.418260107392374,False,0,7399.073,43.0
3898.838333333333,7570.6128104191375,4894.0397285893,229.0,6,0.0,True,0,7399.173000000001,43.0
3905.0354889855853,7607.0,4833.0,225.66665813333333,6,0.0,True,0,7399.273,43.0
3913.5716666666663,7660.973423187012,4736.422403064683,221.0,6,0.0,True,0,7399.4130000000005,43.0
3921.8728734820543,7709.0,4643.0,214.69998848,6,2.10000384,True,0,7399.553,43.0
3925.349444444444,7724.8589525706675,4608.86630404154,212.0,5,3.0,True,0,7399.613,43.0
3943.216111111111,7768.737763704002,4472.681379439225,201.0,5,8.0,True,0,7399.933,43.0
3947.651667526847,7775.0,4439.0,200.2,5,8.0,True,0,7400.013,43.0
3954.271666666666,7782.58827797392,4385.387708917353,199.0,5,8.0,False,0,7400.133,43.0
3969.2581820710548,7788.0,4250.0,195.2941176470588,5,28.176470588235293,False,0,7400.4130000000005,43.0
3990.160555555555,7750.459605006356,4048.4948737658274,190.0,5,57.0,False,0,7400.813,43.0
3994.3842622446487,7737.0,4007.0,190.25,5,57.75,False,0,7400.893,43.0
4003.940625631363,7700.0,3913.0,190.8125008,5,59.4375024,False,0,7401.073,43.0
4007.1383333333324,7685.824116364502,3882.5280539279047,191.0,5,60.0,False,0,7401.133,43.0
4015.7161111111104,7645.785301139699,3805.7811914487993,193.0,5,64.0,False,0,7401.293000000001,43.0
4016.8011627715605,7641.0,3797.0,193.5000064,5,65.40001792,False,0,7401.313,43.0
4026.7161111111104,7597.652732995917,3723.6144633204894,198.0,5,78.0,False,0,7401.493,43.0
4031.2006205178777,7562.0,3679.0,200.5,5,78.5,False,0,7401.573,43.0
4035.7383333333323,7509.930930606581,3621.046773340431,203.0,5,79.0,False,0,7401.653,43.0
4041.494481499713,7440.0,3548.0,204.94444942222222,5,82.33334186666667,False,0,7401.753000000001,43.0
4056.7383333333323,7347.64750971587,3469.038791268821,210.0,5,91.0,False,0,7402.013,43.0
4068.571666666666,7283.702859781113,3437.383455703845,213.0,5,100.0,False,0,7402.213000000001,43.0
4069.789635310168,7274.0,3432.0,213.88890026666667,5,100.0,False,0,7402.233,43.0
4073.4926869918854,7242.0,3414.0,216.55555555555554,5,100.0,False,0,7402.293000000001,43.0
4091.471666666666,7086.0,3332.0,229.0,5,100.0,False,0,7402.573,43.0
4104.527222222222,6950.6243263203705,3255.643990156044,235.0,6,100.0,False,0,7402.773,43.0
4109.77142425335,6903.0,3226.0,236.0,6,100.0,False,0,7402.853,43.0
4115.060555555555,6863.473475407861,3198.9314902222513,237.0,6,100.0,False,0,7402.933,43.0
4125.860555555555,6801.593653408066,3147.4762010119466,243.0,6,100.0,False,0,7403.093,43.0
4131.3395656238945,6765.0,3113.0,244.5,6,100.0,False,0,7403.173000000001,43.0
4147.993888888889,6628.062301006052,2974.8852461701563,249.0,6,100.0,False,0,7403.4130000000005,43.0
4150.714770741414,6608.0,2954.0,249.4875008,6,100.0,False,0,7403.452,43.0
4170.482777777777,6497.924197338075,2832.073394456637,253.0,6,100.0,False,0,7403.733,43.0
4177.571860047641,6451.0,2772.0,255.20000142222221,6,100.0,False,0,7403.832,43.0
4190.638219813896,6347.0,2630.0,259.2000014222222,6,100.0,False,0,7404.012000000001,43.0
4196.582777777778,6309.829596043723,2575.07111786369,261.0,6,100.0,False,0,7404.093,43.0
4211.352394761543,6237.0,2454.0,264.98000128,6,100.0,False,0,7404.292,43.0
4226.396043510174,6147.0,2294.0,268.98000128,6,100.0,False,0,7404.492,43.0
4226.471666666667,6146.537350845934,2293.143115024096,269.0,6,100.0,False,0,7404.493,43.0
4241.617777777778,6055.026519783922,2115.5704389978237,274.0,7,100.0,False,0,7404.692,43.0
4253.973333333333,5988.0,1980.0,278.0,7,100.0,False,0,7404.852,43.0
4290.063944307329,5847.0,1690.0,281.84166826666666,7,100.0,False,0,7405.313,43.0
4291.573333333334,5842.4335714576055,1680.5664231144794,282.0,7,100.0,False,0,7405.332,43.0
4307.653333333334,5797.714797196298,1588.2574774390073,288.0,7,100.0,False,0,7405.533,43.0
4315.709578487913,5770.0,1531.0,289.0714313142857,7,100.0,False,0,7405.633,43.0
4328.663001189913,5714.0,1415.0,290.7857170285714,7,100.0,False,0,7405.793000000001,43.0
4330.286666666667,5706.68895721139,1399.7660056654688,291.0,7,100.0,False,0,7405.813,43.0
4353.153333333334,5604.5289968572715,1185.0213902119094,294.0,7,100.0,False,0,7406.093,43.0
4358.104828360444,5584.0,1142.0,295.5000064,7,100.0,False,0,7406.153,43.0
4366.397777777778,5551.329191903048,1073.8650280134614,298.0,7,100.0,False,0,7406.253000000001,43.0
4373.0618120629415,5525.0,1019.0,298.625,7,100.0,False,0,7406.3330000000005,43.0
4413.495045230567,5356.0,665.0,302.375,7,100.0,False,0,7406.813,43.0
4420.264444444445,5333.554936572056,618.2908050068194,303.0,8,100.0,False,0,7406.893,43.0
4437.208888888889,5272.628712850042,492.38270207698594,305.0,8,100.0,False,0,7407.093,43.0
4444.000169276777,5224.0,392.0,305.4,8,100.0,False,0,7407.173000000001,43.0
4452.505002075222,5146.0,231.0,305.90000128,8,100.0,False,0,7407.273,43.0
4454.208888888889,5132.657329441979,203.4783423940963,306.0,8,100.0,False,0,7407.293000000001,43.0
4478.164444444445,5058.349968491922,50.90617059248604,308.0,8,100.0,False,0,7407.573,43.0
4488.483057334598,5031.0,-6.0,308.6666666666667,8,100.0,False,0,7407.693,43.0
4503.996963106934,4964.0,-146.0,309.6666680888889,8,100.0,False,0,7407.8730000000005,43.0
4509.164444444445,4942.117830866209,-191.34555966954656,310.0,8,100.0,False,0,7407.933,43.0
4526.3755397618115,4870.0,-340.0,310.0,8,100.0,False,0,7408.133,43.0
4533.275555555556,4835.008535529947,-412.80185282404875,310.0,8,100.0,False,0,7408.213000000001,43.0
4550.596396494121,4743.0,-605.0,311.1111111111111,8,100.0,False,0,7408.4130000000005,43.0
4564.475555555556,4688.09847502161,-718.9471578620014,312.0,8,100.0,False,0,7408.573,43.0
4578.3422222222225,4638.103420742836,-822.28726120635,312.0,8,100.0,False,0,7408.733,43.0
4580.076392470978,4631.0,-837.0,312.0,8,100.0,False,0,7408.753000000001,43.0
4595.6755555555565,4559.1167727307575,-986.1223548123276,312.0,8,100.0,False,0,7408.933,43.0
4606.018925795216,4518.0,-1071.0,311.0,8,100.0,False,0,7409.053,43.0
4616.3422222222225,4489.572781283337,-1128.8262430016837,310.0,8,100.0,False,0,7409.173000000001,43.0
4623.231225845012,4442.0,-1226.0,310.0,8,100.0,False,0,7409.253000000001,43.0
4630.125674271627,4359.0,-1396.0,310.0,8,100.0,False,0,7409.3330000000005,43.0
4654.231111111111,4219.7768163266355,-1679.023012440418,310.0,8,100.0,False,0,7409.613,43.0
4667.964444444446,4201.309691129078,-1714.729968858938,309.0,8,100.0,False,0,7409.773,43.0
4674.87451212441,4187.0,-1743.0,310.0,8,100.0,False,0,7409.853,43.0
4681.786666666668,4169.306223184055,-1778.2143997622634,311.0,8,100.0,False,0,7409.933,43.0
4698.867559023816,4102.0,-1912.0,309.00999936,8,100.0,False,0,7410.1320000000005,43.0
4698.953333333335,4101.528275530061,-1912.9311828180262,309.0,8,100.0,False,0,7410.133,43.0
4722.9866666666685,3936.7615320060195,-2236.340549895367,309.0,8,100.0,False,0,7410.4130000000005,43.0
4726.328134053353,3919.0,-2271.0,308.86071405714284,8,100.0,False,0,7410.452,43.0
4746.942222222224,3860.5120103919676,-2383.492844149217,308.0,8,100.0,False,0,7410.693,43.0
4755.410320238914,3836.0,-2430.0,308.0,8,100.0,False,0,7410.792,43.0
4772.522823725466,3763.0,-2569.0,308.0,8,100.0,False,0,7410.992,43.0
4781.1644444444455,3726.0464531184157,-2639.354356323325,308.0,8,100.0,False,0,7411.093,43.0
4786.2122448572745,3704.0,-2681.0,308.0,8,100.0,False,0,7411.152,43.0
4798.1900000000005,3647.796571698844,-2785.659299827794,308.0,8,100.0,False,0,7411.292,43.0
4805.03520523305,3615.0,-2846.0,308.0,8,100.0,False,0,7411.372,43.0
4815.301111111112,3566.5334906949874,-2934.302325077322,308.0,8,100.0,False,0,7411.492,43.0
4829.06197320536,3494.0,-3063.0,307.42500022857143,8,100.0,False,0,7411.653,43.0
4839.17888888889,3426.549424355427,-3179.119079279506,307.0,8,100.0,False,0,7411.772,43.0
4849.388057535005,3360.0,-3291.0,304.40714422857144,8,100.0,False,0,7411.893,43.0
4862.590000000001,3297.8284901736397,-3390.0565428959294,301.0,8,100.0,False,0,7412.052000000001,43.0
4880.309023053551,3222.0,-3498.0,290.59278689733617,8,41.84204442629042,False,0,7412.273,43.0
4888.036154215265,3175.0,-3563.0,285.88365684364,8,15.526317655635253,False,0,7412.3730000000005,43.0
4891.06888888889,3156.61659840044,-3587.724444632727,284.0,8,5.0,True,0,7412.4130000000005,43.0
4907.206312236598,3048.0,-3716.0,267.4999808,8,5.0,True,0,7412.633,43.0
4911.524444444445,3005.686722082759,-3757.650557493787,263.0,7,5.0,True,0,7412.693,43.0
4922.902222222223,2873.8945470328513,-3876.7513294723476,256.0,7,9.0,True,0,7412.853,43.0
4927.048048380656,2834.0,-3911.0,252.74998613333332,7,9.0,True,0,7412.9130000000005,43.0
4939.102222222223,2761.0545599588636,-3967.1079455294634,243.0,6,9.0,True,0,7413.093,43.0
4953.347230956604,2687.0,-4001.0,234.3571328,6,11.357145599999999,True,0,7413.313,43.0
4957.146666666667,2651.5535375828385,-4017.275444800749,232.0,6,12.0,True,0,7413.3730000000005,43.0
4963.399171789922,2588.0,-4046.0,228.78570605714285,6,13.071431314285714,True,0,7413.473,43.0
4974.491111111112,2497.5912589113796,-4080.011703326041,223.0,5,15.0,False,0,7413.653,43.0
4976.950483280743,2472.0,-4086.0,222.5,5,15.0,False,0,7413.693,43.0
4989.157777777778,2295.7467253481855,-4111.284522986726,220.0,5,15.0,False,0,7413.893,43.0
4993.936613239481,2236.0,-4117.0,217.2,5,17.0,False,0,7413.973,43.0
5000.991111111112,2179.615621461454,-4119.409575013247,213.0,5,20.0,False,0,7414.093,43.0
5013.649046461657,2113.0,-4107.0,208.2857088,5,38.8571648,False,0,7414.313,43.0
5017.091111111113,2080.8252985211425,-4100.630056644588,207.0,5,44.0,False,0,7414.3730000000005,43.0
5025.151716851918,1994.0,-4082.0,207.3888896,5,53.3333504,False,0,7414.513,43.0
5036.729971002022,1885.0,-4044.0,207.94444515555554,5,66.66668373333333,False,0,7414.713000000001,43.0
5037.891111111113,1871.058299260954,-4037.591618369689,208.0,5,68.0,False,0,7414.733,43.0
5048.368380090812,1730.0,-3965.0,209.00000142222223,5,69.50000213333334,False,0,7414.9130000000005,43.0
5058.891111111113,1649.2273692143403,-3914.19686919297,210.0,5,71.0,False,0,7415.093,43.0
5071.821729775951,1589.0,-3859.0,211.5714304,5,86.714304,False,0,7415.313,43.0
5075.380000000002,1565.8035658577262,-3837.7575318961935,212.0,5,91.0,False,0,7415.3730000000005,43.0
5083.751712219186,1503.0,-3777.0,214.00000365714286,5,95.50000822857143,False,0,7415.513,43.0
5092.180000000002,1434.8680139677692,-3698.8614968900756,216.0,5,100.0,False,0,7415.653,43.0
5101.833640422562,1365.0,-3610.0,217.14285714285714,5,100.0,False,0,7415.813,43.0
5109.135555555557,1329.2222550055885,-3560.935257274923,218.0,5,100.0,False,0,7415.933,43.0
5121.4891986072125,1281.0,-3483.0,221.57142857142858,5,100.0,False,0,7416.133,43.0
5126.480000000002,1255.53133293995,-3438.275727483524,223.0,5,100.0,False,0,7416.213000000001,43.0
5140.3240905276725,1179.0,-3298.0,225.00000232727274,5,99.49999941818182,False,0,7416.433,43.0
5154.224444444447,1123.0083491851528,-3190.4472046605088,227.0,5,99.0,False,0,7416.653,43.0
5155.4220037407495,1118.0,-3181.0,227.0,5,99.09500032,False,0,7416.6720000000005,43.0
5166.835555555558,1064.5658430936678,-3083.106989525256,227.0,6,100.0,False,0,7416.853,43.0
5175.684888937251,1020.0,-3005.0,228.39000064,6,100.0,False,0,7416.992,43.0
5188.553339782532,954.0,-2896.0,230.39000064,6,100.0,False,0,7417.192,43.0
5192.502222222224,932.5700436752084,-2863.0124930916772,231.0,6,100.0,False,0,7417.253000000001,43.0
5200.236926620886,890.0,-2800.0,232.19000064,6,100.0,False,0,7417.372,43.0
5210.6934116255725,834.0,-2720.0,233.79000064,6,100.0,False,0,7417.532,43.0
5218.6133333333355,786.5305041063078,-2654.8127688521827,235.0,6,100.0,False,0,7417.653,43.0
5221.167114689291,769.0,-2631.0,235.19500032,6,100.0,False,0,7417.692,43.0
5231.724444444447,682.2733585766532,-2513.8368637438984,236.0,6,100.0,False,0,7417.853,43.0
5240.8820460721,612.0,-2419.0,236.774373477549,6,100.0,False,0,7417.992,43.0
5255.458333333336,548.0781051200734,-2331.996569381391,238.0,6,100.0,False,0,7418.212,43.0
5271.458333333337,474.4818895339215,-2232.644463394155,240.0,6,100.0,False,0,7418.452,43.0
5271.525134864997,474.0,-2232.0,240.00414911313504,6,100.0,False,0,7418.453,43.0
5287.591944444448,344.0,-2059.0,241.0,6,100.0,False,0,7418.693,43.0
5303.761066456694,294.0,-1995.0,242.2,6,100.0,False,0,7418.933,43.0
5314.591944444447,224.6852179914898,-1907.3560754384166,243.0,6,100.0,False,0,7419.093,43.0
5317.305240546801,206.0,-1884.0,243.2,6,100.0,False,0,7419.133,43.0
5328.147500000003,137.15749521757442,-1799.7831850096288,244.0,6,100.0,False,0,7419.293000000001,43.0
5337.534667367938,81.0,-1733.0,242.59999744,6,100.0,False,0,7419.433,43.0
5354.81416666667,-33.733616843080476,-1600.8076523502734,240.0,6,100.0,False,0,7419.693,43.0
5356.144553741829,-46.0,-1587.0,239.71428205714287,6,100.0,False,0,7419.713000000001,43.0
5366.773678021659,-156.0,-1464.0,237.42856777142856,6,100.0,False,0,7419.8730000000005,43.0
5373.169722222226,-203.64846649376494,-1410.4085368558492,236.0,6,100.0,False,0,7419.973,43.0
5379.271256565933,-242.0,-1367.0,227.2499776,6,59.166562133333336,False,0,7420.073,43.0
5387.503055555559,-301.4675809077782,-1299.7706672921165,215.0,6,2.0,True,0,7420.213000000001,43.0
5392.170345476243,-334.0,-1263.0,211.33333333333334,6,1.3333333333333335,True,0,7420.293000000001,43.0
5401.103055555558,-394.0,-1196.0,204.0,6,0.0,True,0,7420.453,43.0
5412.356376380995,-505.0,-1081.0,172.28571428571428,6,0.0,True,0,7420.693,43.0
5414.091944444447,-517.8256538984579,-1068.4548587365177,167.0,5,0.0,True,0,7420.733,43.0
5424.7725322504275,-567.0,-1029.0,149.9374832,5,0.0,True,0,7420.993,43.0
5427.069722222225,-582.6508420046644,-1017.994702213519,146.0,3,0.0,True,0,7421.053,43.0
5433.5967828472785,-643.0,-979.0,133.99998293333334,3,0.0,True,0,7421.233,43.0
5435.736388888891,-665.459745192927,-967.1497716920026,130.0,3,0.0,True,0,7421.293000000001,43.0
5442.791944444447,-742.7819000710149,-934.5771317075998,127.0,2,0.0,True,0,7421.493,43.0
5444.768006567111,-762.0,-928.0,124.49998933333333,2,0.0,True,0,7421.553,43.0
5453.607874339061,-834.0,-915.0,112.0,2,0.0,True,0,7421.853,43.0
5457.058611111113,-870.3122577215634,-912.6988306306309,107.0,2,0.0,True,0,7421.973,43.0
5460.553968426065,-908.0,-912.0,105.2,2,0.0,True,0,7422.093,43.0
5462.836388888891,-930.5345451237905,-912.9842432885139,104.0,2,0.0,True,0,7422.173000000001,43.0
5467.702563328303,-976.0,-919.0,98.74999253333334,2,3.0000042666666666,True,0,7422.353,43.0
5469.303055555558,-990.7021525713885,-921.9567903758991,97.0,2,4.0,False,0,7422.4130000000005,43.0
5474.6832845298995,-1045.0,-940.0,97.0,2,18.285714285714285,False,0,7422.613,43.0
5476.847500000003,-1074.0668843591257,-954.5047822212631,97.0,2,24.0,False,0,7422.693,43.0
5480.105546602508,-1116.0,-978.0,97.75,2,30.0,False,0,7422.813,43.0
5481.203055555558,-1125.8076033750435,-983.8939804785928,98.0,2,32.0,False,0,7422.853,43.0
5488.516155476816,-1160.0,-1010.0,101.5972231111111,2,38.4750016,False,0,7423.112,43.0
5491.503055555559,-1181.2036095575102,-1026.3378628027767,103.0,2,41.0,False,0,7423.213000000001,43.0
5494.5169464941155,-1207.0,-1046.0,106.18214491428571,2,45.24285988571429,False,0,7423.312,43.0
5500.214166666669,-1262.1078044530414,-1088.162892441354,112.0,2,53.0,False,0,7423.493,43.0
5504.05605268937,-1300.0,-1114.0,114.12500114285714,2,48.324997485714285,False,0,7423.612,43.0
5509.31416666667,-1349.7296455065675,-1140.7966827969599,117.0,2,42.0,False,0,7423.773,43.0
5515.81416666667,-1406.9654230618537,-1161.9391173239069,117.0,2,26.0,False,0,7423.973,43.0
5517.716881420571,-1422.0,-1166.0,116.6312496,2,26.3687504,False,0,7424.032,43.0
5520.969722222225,-1445.7123813287353,-1170.6806636348465,116.0,3,27.0,False,0,7424.133,43.0
5526.782222288825,-1487.0,-1173.0,116.63928594285714,3,29.55714377142857,False,0,7424.312,43.0
5530.069722222225,-1514.507187943695,-1171.8277681669126,117.0,3,31.0,False,0,7424.4130000000005,43.0
5535.887395921494,-1578.0,-1161.0,117.0,3,36.37000192,False,0,7424.592000000001,43.0
5536.569722222225,-1587.5156539074046,-1158.457970479708,117.0,3,37.0,False,0,7424.613,43.0
5543.037222222226,-1684.6141218093994,-1127.1340487211041,117.0,3,38.0,False,0,7424.812,43.0
5543.069738174764,-1685.0,-1127.0,117.00499968,3,38.0,False,0,7424.813,43.0
5549.592777777781,-1731.388062617667,-1109.2334622344094,118.0,3,38.0,False,0,7425.012000000001,43.0
5555.81368526021,-1764.0,-1091.0,122.50890260700984,3,44.44128943858549,False,0,7425.193,43.0
5559.349722222225,-1794.1196024814558,-1073.5725200914678,125.0,3,48.0,False,0,7425.293000000001,43.0
5562.217233450141,-1818.0,-1059.0,127.5,3,49.5,False,0,7425.3730000000005,43.0
5565.127500000002,-1836.9915848578398,-1046.164079208823,130.0,3,51.0,False,0,7425.453,43.0
5568.837249040143,-1858.0,-1030.0,131.78571885714285,3,53.5000064,False,0,7425.553,43.0
5575.627500000002,-1902.3272519854252,-991.7206187327777,135.0,3,58.0,False,0,7425.733,43.0
5580.906614554799,-1947.0,-945.0,136.40000256,3,60.10000384,False,0,7425.8730000000005,43.0
5583.238611111114,-1969.8166581493133,-918.5389244808607,137.0,3,61.0,False,0,7425.933,43.0
5591.48113920311,-2050.0,-819.0,145.125,3,67.875,False,0,7426.133,43.0
5596.571944444447,-2085.1378105046015,-773.4286265230594,150.0,3,72.0,False,0,7426.253000000001,43.0
5603.416388888892,-2116.4928111905756,-729.8549430685762,154.0,3,74.0,False,0,7426.4130000000005,43.0
5608.784094388262,-2136.0,-700.0,160.0,3,78.5,False,0,7426.533,43.0
5610.616388888891,-2142.0287654035146,-690.203049691337,162.0,4,80.0,False,0,7426.573,43.0
5622.005658723909,-2178.0,-623.0,169.33333333333334,4,82.66666666666667,False,0,7426.813,43.0
5627.916388888892,-2202.088684030896,-570.8638759992623,173.0,4,84.0,False,0,7426.933,43.0
5634.9732353354575,-2231.0,-501.0,177.4545536,4,85.9090944,False,0,7427.073,43.0
5649.683986507142,-2273.0,-364.0,186.3636445090909,4,89.72727621818181,False,0,7427.353,43.0
5650.771944444447,-2275.4624686608213,-354.2591561408189,187.0,4,90.0,False,0,7427.3730000000005,43.0
5656.287985539005,-2287.0,-302.0,191.25001088,4,92.00000512,False,0,7427.473,43.0
5672.279329489042,-2312.0,-93.0,203.15001088,4,97.60000512,False,0,7427.753000000001,43.0
5673.438611111114,-2312.998726327759,-81.0947797685351,204.0,5,98.0,False,0,7427.773,43.0
5685.160833333337,-2316.2033791182052,-1.839719049468625,211.0,5,100.0,False,0,7427.973,43.0
5693.575707260052,-2313.0,52.0,215.20000768,5,100.0,False,0,7428.113,43.0
5697.216388888892,-2310.559708057036,81.35527167166565,217.0,5,100.0,False,0,7428.173000000001,43.0
5706.99416666667,-2300.1819940367627,177.52467276095953,220.0,5,100.0,False,0,7428.3330000000005,43.0
5711.936157978541,-2291.0,234.0,221.6,5,98.8,False,0,7428.4130000000005,43.0
5719.4386111111135,-2271.236608093575,328.48670387092835,224.0,5,97.0,False,0,7428.533,43.0
5723.241207552083,-2257.0,379.0,225.75000746666666,5,97.7500032,False,0,7428.593,43.0
5734.838611111114,-2192.634895608118,540.7367618788567,231.0,6,100.0,False,0,7428.773,43.0
5749.335173687603,-2110.0,706.0,236.5000064,6,100.0,False,0,7428.993,43.0
5753.349722222225,-2095.793932247025,732.8432030557108,238.0,6,100.0,False,0,7429.053,43.0
5772.415152946545,-2043.0,813.0,243.6,6,100.0,False,0,7429.3330000000005,43.0
5780.683055555558,-1993.6358712312617,882.2700783199117,246.0,6,100.0,False,0,7429.453,43.0
5791.757611811063,-1915.0,992.0,248.28571428571428,6,100.0,False,0,7429.613,43.0
5800.127500000002,-1863.3850259926453,1063.5042132328667,250.0,6,100.0,False,0,7429.733,43.0
5819.960833333335,-1768.402469860888,1193.0892737518298,255.0,6,100.0,False,0,7430.013,43.0
5821.397765877689,-1762.9809206886341,1200.350215290744,255.60000768,6,100.0,False,0,7430.033,43.0
0.02649681087395997,-1765.7213408252878,1196.664836594542,255.60000768,6,100.0,False,0,7430.033,44.0
1.3988837526943556,-1758.0,1207.0,256.17000192,6,100.0,False,0,7430.052000000001,44.0
13.08333333333333,-1688.5839744088144,1298.909330691931,261.0,6,100.0,False,0,7430.213000000001,44.0
15.9285836915539,-1670.0,1323.0,261.58500096,6,100.0,False,0,7430.252,44.0
27.749999999999996,-1586.0091594478472,1429.5936645398467,264.0,6,100.0,False,0,7430.4130000000005,44.0
32.12347073493157,-1557.0,1466.0,265.4750016,6,100.0,False,0,7430.472000000001,44.0
39.66111111111111,-1513.0061611744138,1520.9401680938943,268.0,7,100.0,False,0,7430.573,44.0
51.644377794527216,-1450.0,1600.0,270.6500010666667,7,100.0,False,0,7430.732,44.0
57.794444444444444,-1415.4458907188923,1644.2814633722382,272.0,7,100.0,False,0,7430.813,44.0
69.9400351620915,-1344.0,1738.0,274.9812512,7,100.0,False,0,7430.972000000001,44.0
70.01666666666667,-1343.5456180169308,1738.607636807031,275.0,7,100.0,False,0,7430.973,44.0
82.32777777777778,-1270.5227339934938,1837.9275793311697,277.0,7,100.0,False,0,7431.133000000001,44.0
85.35227523036683,-1253.0,1862.0,277.609376,7,100.0,False,0,7431.1720000000005,44.0
105.81751653020324,-1129.0,2033.0,281.687504,7,100.0,False,0,7431.433,44.0
107.39444444444443,-1116.902399668461,2049.6521876583856,282.0,7,100.0,False,0,7431.453,44.0
127.97262167645314,-939.0,2294.0,284.7957010361116,7,100.0,False,0,7431.713000000001,44.0
129.48194444444445,-928.0302230842309,2309.045281935223,285.0,7,100.0,False,0,7431.732,44.0
145.5061111111111,-839.4314821773355,2430.367511581046,287.0,7,100.0,False,0,7431.933,44.0
158.37497945015014,-787.0,2502.0,289.0,7,100.0,False,0,7432.093000000001,44.0
164.83944444444444,-762.6732175186759,2535.21346749729,290.0,7,100.0,False,0,7432.173000000001,44.0
181.06166666666664,-699.1393413613338,2622.9268012236034,292.0,7,100.0,False,0,7432.3730000000005,44.0
189.19148258257084,-646.0,2699.0,292.50000128,7,100.0,False,0,7432.473,44.0
197.33944444444444,-574.5165294118287,2802.6606041870054,293.0,7,100.0,False,0,7432.573,44.0
208.79082431379743,-475.0,2948.0,293.8750016,7,100.0,False,0,7432.713000000001,44.0
223.56166666666664,-417.87678594964643,3032.514569969555,295.0,7,100.0,False,0,7432.893,44.0
235.06793807466408,-384.0,3084.0,295.8750016,7,100.0,False,0,7433.033,44.0
236.7172222222222,-377.2868098798466,3094.1933166765325,296.0,7,100.0,False,0,7433.053000000001,44.0
256.58388888888885,-270.191298283686,3256.227793350674,298.0,7,100.0,False,0,7433.293000000001,44.0
258.23187429377947,-261.0,3270.0,297.7499968,7,100.0,False,0,7433.313,44.0
264.8048073787809,-224.0,3325.0,296.7499968,7,100.0,False,0,7433.393,44.0
269.7394444444444,-192.1822799340863,3371.34046635985,296.0,7,100.0,False,0,7433.453,44.0
282.9394444444444,-89.64657096830025,3517.071620988219,297.0,7,100.0,False,0,7433.613,44.0
292.76124944458985,-21.0,3613.0,295.5,7,100.0,False,0,7433.733,44.0
302.53944444444437,31.737767440674634,3685.339864003253,294.0,7,100.0,False,0,7433.853,44.0
322.0727777777777,117.96498423568903,3796.7562571950793,293.0,7,100.0,False,0,7434.093000000001,44.0
323.6934775095695,127.0,3808.0,292.79999744,7,100.0,False,0,7434.113,44.0
338.23944444444436,220.0,3921.0,291.0,7,100.0,False,0,7434.293000000001,44.0
346.3296366019415,273.0,3982.0,291.0,7,100.0,False,0,7434.393,44.0
357.6394444444444,351.95064867725876,4067.635004892706,291.0,7,100.0,False,0,7434.533,44.0
370.4838888888888,447.82579839699184,4161.993641498087,289.0,7,100.0,False,0,7434.693,44.0
372.08793510200917,460.0,4173.0,288.9166656,7,100.0,False,0,7434.713000000001,44.0
389.6838888888889,595.6625842446738,4281.8960031052,288.0,7,100.0,False,0,7434.933,44.0
392.85395645627375,620.0,4299.0,287.0,7,100.0,False,0,7434.973,44.0
402.306111111111,692.682550527526,4345.383472593557,284.0,7,100.0,False,0,7435.093000000001,44.0
405.4417740017239,719.0,4360.0,283.5,7,100.0,False,0,7435.133000000001,44.0
421.03944444444437,869.0016010201009,4427.671117362625,281.0,7,100.0,False,0,7435.3330000000005,44.0
424.1533029213251,897.0,4438.0,280.8,7,100.0,False,0,7435.3730000000005,44.0
430.3776831694756,950.0,4455.0,280.4,7,100.0,False,0,7435.453,44.0
436.5949999999999,1010.4210104184324,4470.928351846313,280.0,7,100.0,False,0,7435.533,44.0
447.4557147216409,1125.0,4495.0,279.4999990857143,7,100.0,False,0,7435.673000000001,44.0
458.29499999999996,1226.7222874808417,4509.195618713324,279.0,7,100.0,False,0,7435.813,44.0
461.388670907117,1257.0,4512.0,278.75,7,100.0,False,0,7435.853,44.0
470.6505555555555,1355.975650183905,4517.923035532628,278.0,7,100.0,False,0,7435.973,44.0
476.79360679697913,1421.0,4520.0,277.2,7,100.0,False,0,7436.053000000001,44.0
485.98388888888877,1508.5813142218253,4520.5287592114055,276.0,7,100.0,False,0,7436.173000000001,44.0
493.652222685972,1583.0,4518.0,276.0,7,100.0,False,0,7436.273,44.0
504.3838888888888,1703.1280436172551,4509.145586179651,276.0,7,100.0,False,0,7436.4130000000005,44.0
519.6616666666666,1893.1353561616995,4489.051451960384,275.0,7,100.0,False,0,7436.613,44.0
521.1119270610853,1911.0,4487.0,275.0,7,100.0,False,0,7436.6320000000005,44.0
547.1616666666666,2210.1112377965255,4449.971208202713,275.0,7,100.0,False,0,7436.973,44.0
553.2203670847192,2259.0,4445.0,275.4937504,7,100.0,False,0,7437.052000000001,44.0
559.4283333333333,2297.977658390504,4442.109920113926,276.0,7,100.0,False,0,7437.133000000001,44.0
573.0752491014649,2372.0,4440.0,274.8812496,7,100.0,False,0,7437.312000000001,44.0
583.7838888888889,2462.957883981381,4436.749855448327,274.0,7,100.0,False,0,7437.453,44.0
592.8096747927874,2570.0,4441.0,273.2562496,7,100.0,False,0,7437.572,44.0
595.9172222222222,2614.3461191461283,4445.470996320241,273.0,7,100.0,False,0,7437.613,44.0
615.5243404376091,2912.0,4493.0,272.46041653333333,7,100.0,False,0,7437.872,44.0
632.1838888888889,2996.0540482707465,4515.137708674156,272.0,7,100.0,False,0,7438.093000000001,44.0
639.6904403704176,3035.0,4531.0,270.74213565096426,7,100.0,False,0,7438.193,44.0
644.1088888888888,3069.1674599921143,4544.470660064249,270.0,7,100.0,False,0,7438.252,44.0
656.1343023486967,3187.0,4593.0,269.1990050384892,7,100.0,False,0,7438.4130000000005,44.0
659.1280555555555,3215.0783247177087,4606.286443170015,269.0,7,100.0,False,0,7438.453,44.0
671.1280555555555,3319.9522480373685,4663.6195420720505,270.0,7,100.0,False,0,7438.613,44.0
675.6034545145349,3358.0,4687.0,269.2499968,7,100.0,False,0,7438.673000000001,44.0
683.0391666666667,3420.6803564325455,4728.3221474014435,268.0,7,100.0,False,0,7438.773,44.0
688.9916166132878,3471.0,4764.0,268.0,7,100.0,False,0,7438.853,44.0
700.9053506675414,3572.0,4842.0,268.0,7,100.0,False,0,7439.013,44.0
703.8836111111111,3595.783414880285,4861.738521438448,268.0,7,100.0,False,0,7439.053000000001,44.0
715.7947222222223,3684.3717176194127,4940.947801074633,268.0,7,100.0,False,0,7439.213000000001,44.0
720.2608748773793,3717.0,4972.0,268.0,7,100.0,False,0,7439.273,44.0
727.7058333333334,3771.6150513460198,5025.950236087678,268.0,7,100.0,False,0,7439.3730000000005,44.0
735.1561842746655,3824.0,5079.0,268.0,7,100.0,False,0,7439.473,44.0
745.5725000000001,3893.0,5149.0,268.0,7,100.0,False,0,7439.613,44.0
763.3058333333335,4043.3602615671266,5297.457615833238,266.0,7,100.0,False,0,7439.853,44.0
767.71339148575,4078.0,5331.0,265.2499968,7,100.0,False,0,7439.9130000000005,44.0
775.0391666666668,4128.230880526161,5378.935792717533,264.0,7,100.0,False,0,7440.013,44.0
789.3725000000001,4214.0,5458.0,258.0,7,12.0,True,0,7440.213000000001,44.0
801.9836111111113,4306.829060779487,5540.884206289489,227.0,7,0.0,True,0,7440.4130000000005,44.0
803.1860238809791,4316.0,5549.0,225.6249824,7,0.1250016,True,0,7440.433,44.0
813.6641500565305,4396.0,5619.0,213.25,7,1.25,True,0,7440.613,44.0
820.2058333333334,4448.132209308651,5662.7402114214765,205.0,6,2.0,True,0,7440.733,44.0
828.2994046379963,4515.0,5717.0,190.77777777777777,6,2.4444444444444446,True,0,7440.893,44.0
837.5058333333335,4591.0,5777.0,173.0,4,3.0,True,0,7441.093000000001,44.0
845.8524822850335,4659.0,5826.0,155.14285714285714,4,2.2857142857142856,True,0,7441.293000000001,44.0
849.0169444444446,4686.332080884787,5842.281312057503,148.0,3,2.0,True,0,7441.3730000000005,44.0
853.6180280492913,4728.0,5863.0,142.85714285714286,3,2.0,True,0,7441.493,44.0
859.5947222222223,4784.271809799881,5883.435282067485,136.0,3,2.0,True,0,7441.653,44.0
861.8316238661456,4805.0,5889.0,134.8749952,3,2.0,True,0,7441.713000000001,44.0
865.5058333333335,4838.689612809458,5895.745771454749,133.0,3,2.0,True,0,7441.813,44.0
869.7066371274693,4880.0,5900.0,128.71428571428572,3,2.0,True,0,7441.933,44.0
875.0725000000002,4939.0,5900.0,123.0,2,2.0,True,0,7442.093000000001,44.0
882.9391666666669,5015.0,5890.0,118.0,2,3.0,True,0,7442.3330000000005,44.0
889.2725000000002,5078.7266582766915,5872.420735552574,114.0,2,3.0,True,0,7442.533,44.0
889.8989400689891,5085.0,5870.0,113.78571154285714,2,3.0,True,0,7442.553000000001,44.0
897.3051454663215,5155.0,5833.0,111.21428297142857,2,3.0,True,0,7442.793000000001,44.0
897.9058333333335,5159.962200476542,5829.778755967032,111.0,2,3.0,False,0,7442.813,44.0
904.883141239864,5210.0,5791.0,106.5187488,2,11.9625024,False,0,7443.052000000001,44.0
907.2391666666668,5226.006090519429,5776.5716579517,105.0,2,15.0,False,0,7443.133000000001,44.0
913.0978322153046,5266.0,5732.0,105.71071451428571,2,29.214290285714284,False,0,7443.332,44.0
915.4836111111114,5283.225839583746,5706.298550344957,106.0,2,35.0,False,0,7443.4130000000005,44.0
921.3426513377472,5322.0,5637.0,106.0,2,40.97000192,False,0,7443.612,44.0
921.3725000000003,5322.147492096043,5636.706504066672,106.0,2,41.0,False,0,7443.613,44.0
926.2169444444447,5338.954547288336,5598.3350206476825,109.0,2,39.0,False,0,7443.773,44.0
932.4391666666669,5350.105325483717,5557.002286107516,112.0,2,41.0,False,0,7443.973,44.0
933.6919359333288,5353.0,5546.0,112.9750016,2,42.53214537142857,False,0,7444.012000000001,44.0
939.6448191445568,5368.0,5487.0,117.4750016,2,49.60357394285714,False,0,7444.192,44.0
941.6947222222225,5371.656473504881,5469.526746155948,119.0,2,52.0,False,0,7444.253000000001,44.0
946.4044868168705,5378.0,5425.0,120.9857152,2,52.0,False,0,7444.392000000001,44.0
951.2613888888891,5385.985675501264,5344.6193699126015,123.0,2,52.0,False,0,7444.533,44.0
954.0637361140459,5390.0,5301.0,124.71428571428571,2,52.57142857142857,False,0,7444.613,44.0
961.2947222222224,5395.5506087995045,5237.808033033661,129.0,2,54.0,False,0,7444.813,44.0
970.4280555555557,5402.0,5187.0,137.0,3,62.0,False,0,7445.053000000001,44.0
976.776232178129,5413.0,5121.0,129.99999004444444,3,30.999955911111112,False,0,7445.233,44.0
982.7280555555558,5427.799124359826,5061.705706603425,123.0,3,0.0,True,0,7445.4130000000005,44.0
984.020845523311,5434.0,5045.0,121.8,3,0.0,True,0,7445.453,44.0
988.4601693151474,5464.0,4976.0,117.59999232,3,0.0,True,0,7445.593000000001,44.0
995.061388888889,5496.594955135939,4914.258515784675,111.0,2,0.0,True,0,7445.813,44.0
1002.6257473024916,5529.0,4879.0,101.66666666666667,2,0.0,True,0,7446.093000000001,44.0
1006.7136574938368,5558.0,4847.0,96.33333333333333,2,0.0,True,0,7446.253000000001,44.0
1007.7280555555558,5565.355651555691,4839.723250420826,95.0,2,0.0,True,0,7446.293000000001,44.0
1010.7519984383547,5589.0,4819.0,92.0,2,0.0,True,0,7446.4130000000005,44.0
1012.7280555555558,5609.190572903933,4803.006244157461,90.0,2,0.0,False,0,7446.493,44.0
1017.4772589806668,5663.0,4764.0,86.42857142857143,2,0.0,False,0,7446.693,44.0
1019.3391666666669,5676.904212301288,4755.3540411529375,85.0,2,0.0,False,0,7446.773,44.0
1023.9502777777781,5700.8287271794225,4746.023430743484,83.0,2,0.0,False,0,7446.973,44.0
1024.4061627739006,5704.0,4745.0,82.8333312,2,0.0,False,0,7446.993,44.0
1029.350277777778,5749.913878274108,4732.226053564774,81.0,2,0.0,False,0,7447.213000000001,44.0
1030.2355134108107,5759.0,4731.0,80.6,2,0.0,False,0,7447.253000000001,44.0
1033.739166666667,5795.222179756081,4731.744197954608,79.0,2,0.0,False,0,7447.4130000000005,44.0
1036.3372490514746,5821.0,4737.0,78.57142857142857,2,6.0,False,0,7447.533,44.0
1039.8058333333336,5852.181894761353,4748.963356785422,78.0,2,14.0,False,0,7447.693,44.0
1044.2335220360612,5888.0,4770.0,79.25,2,21.5,False,0,7447.893,44.0
1046.9169444444447,5909.06507204796,4784.684715636214,80.0,2,26.0,False,0,7448.013,44.0
1047.813254699623,5916.0,4790.0,80.25,2,26.75,False,0,7448.053000000001,44.0
1054.2058333333337,5963.58859049332,4833.504832513049,82.0,2,32.0,False,0,7448.3330000000005,44.0
1054.6821758098363,5967.0,4837.0,82.5000064,2,32.6666752,False,0,7448.353,44.0
1057.11074789136,5984.0,4855.0,85.0,2,36.0,False,0,7448.453,44.0
1063.3058333333336,6024.0,4902.0,91.0,2,44.0,False,0,7448.693,44.0
1069.52262384451,6070.0,4967.0,98.15000832,2,50.05000704,False,0,7448.9130000000005,44.0
1074.861388888889,6094.1491505857575,5003.482804623642,104.0,2,55.0,False,0,7449.093000000001,44.0
1079.750277777778,6110.646312084162,5032.532358900547,110.0,2,58.0,False,0,7449.253000000001,44.0
1080.3848354284933,6113.0,5037.0,110.6875088,2,58.312504,False,0,7449.273,44.0
1085.6840140196184,6134.0,5079.0,116.1875088,2,60.812504,False,0,7449.433,44.0
1090.5058333333334,6154.734597450755,5122.837678222618,121.0,2,63.0,False,0,7449.573,44.0
1093.2622390005329,6166.0,5148.0,123.30416853333334,2,65.30416853333334,False,0,7449.652,44.0
1099.0391666666667,6186.270662874981,5197.475643004818,128.0,3,70.0,False,0,7449.813,44.0
1100.4956994912932,6191.0,5210.0,129.5843776,3,71.218752,False,0,7449.852000000001,44.0
1107.504468973659,6213.0,5273.0,136.8968776,3,76.843752,False,0,7450.032,44.0
1111.5725,6225.757312766205,5312.261620831094,141.0,3,80.0,False,0,7450.133000000001,44.0
1117.2922147099353,6243.0,5369.0,146.56000256,3,84.17000192,False,0,7450.272,44.0
1119.8502777777778,6250.035328602789,5393.974252550411,149.0,3,86.0,False,0,7450.3330000000005,44.0
1128.4718300419415,6271.0,5473.0,155.96500224,3,90.9750016,False,0,7450.532,44.0
1128.5169444444446,6271.099689966606,5473.370106084926,156.0,3,91.0,False,0,7450.533,44.0
1137.961388888889,6291.580583388565,5558.309784474127,170.0,4,100.0,False,0,7450.733,44.0
1138.9011421155717,6294.0,5572.0,171.10833706666668,4,100.0,False,0,7450.752,44.0
1150.2280555555558,6326.951840942747,5801.254745316008,184.0,4,100.0,False,0,7450.973,44.0
1152.2482915444898,6331.0,5834.0,184.65000106666668,4,100.0,False,0,7451.012000000001,44.0
1162.761388888889,6336.656631150558,5912.714577203499,188.0,4,100.0,False,0,7451.213000000001,44.0
1172.5816721506985,6332.0,5964.0,196.10001152,4,100.0,False,0,7451.393,44.0
1173.7058333333334,6331.543251867606,5974.319449246042,197.0,5,100.0,False,0,7451.4130000000005,44.0
1177.12194306109,6330.0,6009.0,199.812512,5,100.0,False,0,7451.473,44.0
1192.5502777777779,6313.330104677592,6160.740594680269,212.0,5,100.0,False,0,7451.733,44.0
1194.9797007483303,6310.0,6183.0,213.42857142857142,5,100.0,False,0,7451.773,44.0
1206.0679114304187,6289.0,6289.0,219.85715199999999,5,100.0,False,0,7451.953,44.0
1209.8169444444445,6274.747532955549,6338.465812630562,222.0,5,100.0,False,0,7452.013,44.0
1221.2167828916224,6220.0,6502.0,226.5000064,5,100.0,False,0,7452.193,44.0
1227.6280555555556,6198.543329041307,6558.2455002712295,229.0,5,100.0,False,0,7452.293000000001,44.0
1243.2280555555556,6158.1353163865615,6632.961402830362,234.0,6,100.0,False,0,7452.533,44.0
1244.5473545935329,6153.0,6642.0,234.5000064,6,100.0,False,0,7452.553000000001,44.0
1257.9134713072083,6082.0,6762.0,239.5000064,6,100.0,False,0,7452.753000000001,44.0
1261.9725,6052.820500902144,6804.812903394582,241.0,6,100.0,False,0,7452.813,44.0
1272.9058333333335,5964.079579379699,6922.893252281762,246.0,6,100.0,False,0,7452.973,44.0
1275.6727966073797,5944.0,6948.0,247.0,6,100.0,False,0,7453.013,44.0
1286.8502777777778,5876.662019695452,7025.507789598464,251.0,6,100.0,False,0,7453.173000000001,44.0
1298.0947222222223,5820.517997016406,7079.300583895573,253.0,6,100.0,False,0,7453.3330000000005,44.0
1303.7504184025227,5788.0,7109.0,254.0,6,100.0,False,0,7453.4130000000005,44.0
1315.161388888889,5712.171038692309,7175.978909255587,256.0,6,100.0,False,0,7453.573,44.0
1320.9371881275113,5663.0,7217.0,258.0,6,100.0,False,0,7453.653,44.0
1332.6280555555559,5540.639296149868,7314.4033012312375,262.0,6,100.0,False,0,7453.813,44.0
1335.5784159858458,5513.0,7336.0,263.25,6,100.0,False,0,7453.853,44.0
1344.4947222222227,5447.21234140772,7386.658895999473,267.0,6,100.0,False,0,7453.973,44.0
1358.0518434961923,5370.0,7445.0,270.7500053333333,6,100.0,False,0,7454.153,44.0
1362.6280555555559,5340.372406956457,7467.69577664043,272.0,7,100.0,False,0,7454.213000000001,44.0
1385.9526297976624,5155.0,7615.0,278.13636887272725,7,100.0,False,0,7454.513,44.0
1389.0972830766934,5125.0,7640.0,278.9545506909091,7,100.0,False,0,7454.553000000001,44.0
1396.9725000000003,5065.26177766134,7689.569298954736,281.0,7,100.0,False,0,7454.653,44.0
1415.9725,4943.823203749149,7790.818971171903,285.0,7,100.0,False,0,7454.893,44.0
1417.566500988089,4926.0,7806.0,285.2500032,7,100.0,False,0,7454.9130000000005,44.0
1431.9949896385915,4738.0,7967.0,287.5,7,100.0,False,0,7455.093000000001,44.0
1441.661388888889,4687.3131164043825,8010.126873450712,289.0,7,100.0,False,0,7455.213000000001,44.0
1454.582000077935,4646.0,8045.0,290.2,7,100.0,False,0,7455.3730000000005,44.0
1474.1058333333333,4416.486573720705,8241.80909981431,292.0,7,100.0,False,0,7455.613,44.0
1477.3881000482004,4386.0,8268.0,293.0,7,100.0,False,0,7455.653,44.0
1487.2613888888889,4330.743412483386,8315.57022131543,296.0,7,100.0,False,0,7455.773,44.0
1502.053689996086,4286.0,8354.0,296.0,7,100.0,False,0,7455.953,44.0
1503.7058333333334,4277.533106075233,8361.217638867096,296.0,7,100.0,False,0,7455.973,44.0
1527.003773146001,4103.0,8510.0,299.8750008888889,7,100.0,False,0,7456.252,44.0
1533.8058333333333,4049.1115198906973,8556.431890491187,301.0,7,100.0,False,0,7456.3330000000005,44.0
1550.54436057389,3925.0,8664.0,302.6583338666667,7,100.0,False,0,7456.532,44.0
1554.0058333333332,3902.3684388985157,8683.561346033941,303.0,8,100.0,False,0,7456.573,44.0
1565.7842222563754,3811.0,8763.0,304.1583338666667,8,100.0,False,0,7456.712,44.0
1579.4060467752645,3626.0,8926.0,305.4916672,8,100.0,False,0,7456.872,44.0
1584.605833333333,3575.0977386670907,8970.814654507365,306.0,8,100.0,False,0,7456.933,44.0
1611.865906653765,3466.0,9066.0,307.59500032,8,100.0,False,0,7457.252,44.0
1618.8280555555555,3416.33856960274,9109.58125856147,308.0,8,100.0,False,0,7457.3330000000005,44.0
1627.366261156242,3343.0,9174.0,309.0607149714286,8,100.0,False,0,7457.432000000001,44.0
1643.016944444444,3198.381132575335,9300.916485094785,311.0,8,100.0,False,0,7457.613,44.0
1655.102402200842,3083.0,9402.0,311.0,8,100.0,False,0,7457.753000000001,44.0
1667.2058333333332,2968.5683656759284,9502.041994202349,311.0,8,100.0,False,0,7457.893,44.0
1691.5501893286162,2776.0,9670.0,312.9928812005936,8,100.0,False,0,7458.173000000001,44.0
1691.637222222222,2775.5188213823094,9670.419172897859,313.0,8,100.0,False,0,7458.174,44.0
1709.026111111111,2710.762459851453,9726.734117826305,313.0,8,100.0,False,0,7458.374000000001,44.0
1722.806111111111,2638.3742995726107,9789.765926528216,312.0,8,100.0,False,0,7458.533,44.0
1726.2719609510075,2606.0,9818.0,312.0,8,100.0,False,0,7458.573,44.0
1745.3405070275287,2376.0,10019.0,312.0,8,100.0,False,0,7458.793000000001,44.0
1757.4727777777775,2314.438870161765,10073.930818351017,312.0,8,100.0,False,0,7458.933,44.0
1766.1357050796748,2279.0,10106.0,312.0,8,100.0,False,0,7459.033,44.0
1778.2727777777777,2192.655381722699,10183.044491881788,312.0,8,100.0,False,0,7459.173000000001,44.0
1785.2220353605774,2139.0,10231.0,312.0,8,100.0,False,0,7459.253000000001,44.0
1806.006111111111,1997.9199643704594,10358.170827677945,312.0,8,100.0,False,0,7459.493,44.0
1812.8401488292034,1945.0,10405.0,310.2857142857143,8,100.0,False,0,7459.573,44.0
1829.8061111111108,1792.1142700512983,10537.641892633634,306.0,8,100.0,False,0,7459.773,44.0
1833.2096357047722,1765.0,10561.0,305.0,8,90.4,False,0,7459.813,44.0
1846.5283333333332,1679.8521391672582,10633.998876850974,301.0,8,52.0,True,0,7459.973,44.0
1856.911583052979,1598.0,10694.0,282.09996544,8,34.84996864,True,0,7460.113,44.0
1873.9727777777775,1369.3561880173738,10832.618504993468,247.0,8,3.0,True,0,7460.3730000000005,44.0
1877.827160906631,1331.0,10854.0,241.99997866666666,8,3.0,True,0,7460.433,44.0
1889.1061111111107,1277.387127121743,10878.318236265299,227.0,8,3.0,True,0,7460.613,44.0
1895.01044251149,1246.0,10888.0,218.49997824,8,3.0,True,0,7460.713000000001,44.0
1900.7727777777775,1193.419957431277,10905.584888963349,210.0,7,3.0,True,0,7460.813,44.0
1907.6675859409568,1120.0,10928.0,206.4,7,3.0,True,0,7460.933,44.0
1912.1061111111107,1077.3420273786562,10937.257977521453,204.0,5,3.0,True,0,7461.013,44.0
1917.3561599966297,1027.0,10944.0,196.7777592888889,5,3.0,True,0,7461.113,44.0
1927.0625391177105,922.0,10949.0,182.33331484444443,5,3.0,True,0,7461.313,44.0
1929.9061111111107,892.1215256745924,10949.353290651054,178.0,5,3.0,True,0,7461.3730000000005,44.0
1934.602704523267,844.0,10949.0,174.0714185142857,5,3.0,True,0,7461.473,44.0
1942.8949999999998,758.4266672387707,10944.42432857704,167.0,4,3.0,True,0,7461.653,44.0
1946.4973006109535,719.0,10938.0,165.36363636363637,4,3.3636363636363638,True,0,7461.733,44.0
1960.4819050781155,561.0,10886.0,158.8181818181818,4,4.818181818181818,True,0,7462.053000000001,44.0
1962.2061111111109,546.0990528823933,10880.157395305863,158.0,4,5.0,False,0,7462.093000000001,44.0
1970.7616666666663,490.7162465752874,10854.571799405887,154.0,4,5.0,False,0,7462.293000000001,44.0
1975.8193674327129,451.0,10821.0,152.2,4,4.4,False,0,7462.4130000000005,44.0
1979.1505555555552,417.32725429962346,10786.670902429214,151.0,4,4.0,False,0,7462.493,44.0
1985.7283333333328,347.37822044895086,10707.60750134885,148.0,4,18.0,False,0,7462.653,44.0
1986.551107390882,341.0,10700.0,148.05555626666666,4,19.277794133333334,False,0,7462.673000000001,44.0
2000.6283333333326,297.7090894299789,10629.479603331338,149.0,4,41.0,False,0,7463.013,44.0
2001.4163949539773,295.0,10624.0,149.06785737142857,4,41.4750016,False,0,7463.032,44.0
2008.8914492916772,261.0,10556.0,149.7107145142857,4,45.9750016,False,0,7463.212,44.0
2012.2949999999994,246.31579227470843,10523.274082816959,150.0,4,48.0,False,0,7463.293000000001,44.0
2017.3603633783969,228.0,10475.0,152.38000128,4,52.16500224,False,0,7463.412,44.0
2020.850555555555,218.46165648463455,10441.843633920613,154.0,4,55.0,False,0,7463.493,44.0
2029.5658809477818,203.0,10360.0,156.71363723636364,4,57.71363723636364,False,0,7463.692,44.0
2036.7252823723666,195.0,10293.0,158.89545541818183,4,59.89545541818182,False,0,7463.852000000001,44.0
2040.4061111111105,192.39604930657907,10254.41532133626,160.0,4,61.0,False,0,7463.933,44.0
2044.9564548840453,190.0,10206.0,162.4750016,4,74.78929462857143,False,0,7464.032,44.0
2053.3949999999995,185.92192521293717,10125.567032247516,167.0,4,100.0,False,0,7464.213000000001,44.0
2055.226600982754,185.0,10108.0,167.39000064,4,99.80499968,False,0,7464.252,44.0
2062.7838888888887,180.78778369492773,10031.829756752802,169.0,4,99.0,False,0,7464.4130000000005,44.0
2066.4770790395714,178.0,9994.0,167.0,4,59.4,False,0,7464.493,44.0
2071.8949999999995,172.47379552790306,9939.006121334074,164.0,4,0.0,True,0,7464.613,44.0
2073.6567011951897,170.0,9921.0,162.50467379159699,4,0.37383155210075386,True,0,7464.653,44.0
2085.407912619929,145.0,9809.0,152.03739033277589,4,2.990652416806031,True,0,7464.933,44.0
2085.4483333333333,144.91166668186486,9808.724799897986,152.0,4,3.0,True,0,7464.934,44.0
2092.5149640208588,128.0,9769.0,143.7958304,4,3.7458336,True,0,7465.113,44.0
2094.848333333333,119.12537397605881,9750.48364931247,141.0,3,4.0,True,0,7465.174,44.0
2100.0246846466143,93.0,9700.0,137.0783657399568,3,4.871474280009598,True,0,7465.313,44.0
2105.8233718477018,58.0,9648.0,132.56425643992864,3,5.874609680015857,True,0,7465.473,44.0
2106.5449999999996,53.46999013606724,9642.17302380425,132.0,3,6.0,True,0,7465.493,44.0
2111.5758770075536,21.0,9605.0,129.6666624,3,4.8333312,True,0,7465.633000000001,44.0
2115.078333333333,-3.4898628816578334,9580.431072929357,128.0,3,4.0,True,0,7465.733,44.0
2117.7936718391393,-24.0,9562.0,124.8,3,3.6,True,0,7465.813,44.0
2121.7449999999994,-56.417635528005604,9536.716289967315,120.0,2,3.0,True,0,7465.933,44.0
2129.3244675427277,-124.0,9495.0,115.2,2,1.2000000000000002,True,0,7466.173000000001,44.0
2134.189444444444,-167.37429390299377,9474.145546086198,112.0,2,0.0,False,0,7466.3330000000005,44.0
2138.9449999999993,-210.50942344787487,9458.595786842026,107.0,2,0.0,True,0,7466.493,44.0
2139.535959319046,-216.0,9457.0,106.85714102857143,2,0.0,True,0,7466.513,44.0
2147.1116666666658,-289.24943292786594,9443.453921244141,105.0,2,0.0,False,0,7466.773,44.0
2147.676326611835,-295.0,9443.0,104.64999552,2,0.45000576,False,0,7466.793000000001,44.0
2152.081613301025,-340.0,9442.0,101.84999552,2,4.05000576,False,0,7466.953,44.0
2157.459532178955,-392.0,9448.0,98.34999552,2,8.55000576,False,0,7467.153,44.0
2158.0005555555545,-399.5320912922881,9450.202415625165,98.0,2,9.0,False,0,7467.173000000001,44.0
2162.35611111111,-472.86802442594205,9477.505570132464,98.0,2,26.0,False,0,7467.3330000000005,44.0
2162.905506396727,-481.0,9481.0,98.20000256,2,27.30001664,False,0,7467.353,44.0
2167.9116666666655,-533.1558294184191,9508.748465378587,100.0,2,39.0,False,0,7467.533,44.0
2173.6338888888877,-561.6976576532079,9534.375213621532,103.0,2,39.0,False,0,7467.733,44.0
2175.384673456411,-570.0,9542.0,104.1250048,2,40.1250048,False,0,7467.793000000001,44.0
2178.344999999999,-583.858491469535,9554.693156366093,106.0,2,42.0,False,0,7467.893,44.0
2183.835210691362,-611.0,9582.0,109.60000512,2,44.70000384,False,0,7468.073,44.0
2184.45611111111,-614.4361668038033,9585.90897583729,110.0,2,45.0,False,0,7468.093000000001,44.0
2192.05611111111,-661.0877063233457,9646.039892890443,114.0,2,51.0,False,0,7468.3330000000005,44.0
2195.295452738683,-679.0,9675.0,116.00000512,2,52.50000384,False,0,7468.433,44.0
2198.6116666666658,-694.6085219228817,9705.092685560621,118.0,2,54.0,False,0,7468.533,44.0
2200.6554253294025,-703.0,9722.0,120.00000853333333,2,55.750007466666666,False,0,7468.593000000001,44.0
2207.011666666666,-725.2159992075747,9767.986451012139,126.0,2,61.0,False,0,7468.773,44.0
2209.1948833314887,-734.0,9795.0,127.5000064,2,61.0,False,0,7468.8330000000005,44.0
2215.925418321344,-764.0,9912.0,132.0,2,61.0,False,0,7469.013,44.0
2220.511666666666,-773.6679018500155,9955.687827401049,135.0,3,61.0,False,0,7469.133000000001,44.0
2228.344999999999,-773.9447833214649,9982.533165432244,141.0,3,64.0,False,0,7469.3330000000005,44.0
2229.9301571775313,-774.0,9993.0,142.62500266666666,3,65.30000213333334,False,0,7469.372,44.0
2238.4116666666655,-775.4686408246251,10079.390186870463,151.0,3,72.0,False,0,7469.573,44.0
2243.619356141066,-774.0,10130.0,154.3468768,3,72.7437504,False,0,7469.692,44.0
2246.293632920616,-772.0,10151.0,156.0343768,3,73.1187504,False,0,7469.752,44.0
2252.6338888888877,-765.2409679121977,10209.88008198785,160.0,3,74.0,False,0,7469.893,44.0
2258.9544103562603,-756.0,10275.0,163.4750016,3,75.39000064,False,0,7470.032,44.0
2261.8005555555546,-751.1661881663185,10303.129830345813,165.0,4,76.0,False,0,7470.093000000001,44.0
2267.532924676685,-739.0,10361.0,169.29722453333332,4,82.28055893333334,False,0,7470.212,44.0
2279.600555555555,-696.1662777625585,10508.839422106656,178.0,4,95.0,False,0,7470.453,44.0
2281.5589418360737,-688.0,10533.0,178.9750016,4,95.9750016,False,0,7470.492,44.0
2287.6894444444433,-661.4243418787319,10605.142296688271,182.0,4,99.0,False,0,7470.613,44.0
2296.133888888888,-626.4698757400041,10690.263983541587,190.0,4,88.0,False,0,7470.773,44.0
2298.2361887247753,-619.0,10708.0,191.2535734857143,4,89.67143131428571,False,0,7470.812000000001,44.0
2311.6116666666658,-582.4801133890926,10790.941644996466,199.0,5,100.0,False,0,7471.053000000001,44.0
2323.349196526442,-546.0,10865.0,206.48129317603917,5,100.0,False,0,7471.253000000001,44.0
2334.1845827098527,-498.0,10958.0,213.2144666105297,5,100.0,False,0,7471.433,44.0
2335.4488888888877,-492.16258184351574,10969.031845365045,214.0,5,100.0,False,0,7471.454000000001,44.0
2343.8287512646116,-453.0,11042.0,216.78000128,5,100.0,False,0,7471.593000000001,44.0
2347.559999999999,-434.9372107761314,11075.760195112933,218.0,5,100.0,False,0,7471.654,44.0
2356.2519518246713,-392.0,11155.0,223.2125024,5,97.68333226666667,False,0,7471.793000000001,44.0
2362.6933333333322,-359.98125906590747,11210.978968648045,227.0,5,96.0,False,0,7471.894,44.0
2366.4930586491096,-341.0,11243.0,228.72803673549396,5,96.98744956313939,False,0,7471.953,44.0
2378.2283333333326,-281.7867709539322,11337.874718172592,234.0,6,100.0,False,0,7472.133000000001,44.0
2384.8128749213342,-247.0,11390.0,236.5000064,6,100.0,False,0,7472.233,44.0
2388.80611111111,-225.23801268942844,11421.365419337899,238.0,6,100.0,False,0,7472.293000000001,44.0
2399.650555555555,-163.6297968875227,11505.891673011789,244.0,6,100.0,False,0,7472.453,44.0
2406.5349218731035,-121.0,11562.0,246.5000064,6,100.0,False,0,7472.553000000001,44.0
2413.483888888888,-75.17797006964987,11620.642724585055,249.0,6,100.0,False,0,7472.653,44.0
2414.880192072181,-66.0,11632.0,249.40000512,6,100.0,False,0,7472.673000000001,44.0
2426.125376345002,6.0,11716.0,252.60000512,6,100.0,False,0,7472.8330000000005,44.0
2427.5394444444437,14.99784254311593,11726.118743579387,253.0,6,100.0,False,0,7472.853,44.0
2447.510975040691,146.0,11866.0,256.5,6,100.0,False,0,7473.133000000001,44.0
2450.383888888888,166.54408578054557,11886.536098714088,257.0,6,100.0,False,0,7473.173000000001,44.0
2461.9394444444433,253.54593065964178,11970.172511284887,260.0,6,100.0,False,0,7473.3330000000005,44.0
2464.8616742623385,276.0,11991.0,261.0,6,100.0,False,0,7473.3730000000005,44.0
2476.661666666666,365.9852275352279,12071.311471728031,265.0,6,100.0,False,0,7473.533,44.0
2479.6185283044624,386.0,12088.0,265.4,6,100.0,False,0,7473.573,44.0
2484.055919807489,415.0,12111.0,266.00000256,6,100.0,False,0,7473.633000000001,44.0
2491.4949999999994,485.7154097571264,12165.222626878662,267.0,7,100.0,False,0,7473.733,44.0
2506.621586746589,660.0,12295.0,270.5,7,100.0,False,0,7473.933,44.0
2521.939444444444,748.7934160262894,12353.686876568368,274.0,7,100.0,False,0,7474.133000000001,44.0
2531.1548105457555,802.0,12382.0,275.2857142857143,7,100.0,False,0,7474.253000000001,44.0
2543.4838888888885,908.4083736801592,12435.613115617894,277.0,7,100.0,False,0,7474.4130000000005,44.0
2554.32678726378,1011.0,12484.0,278.3125024,7,100.0,False,0,7474.553000000001,44.0
2566.8042897066584,1118.0,12529.0,279.8125024,7,100.0,False,0,7474.713000000001,44.0
2568.372777777777,1131.6865442853295,12534.425203341998,280.0,7,100.0,False,0,7474.733,44.0
2590.5215456646815,1339.0,12609.0,284.375,7,100.0,False,0,7475.013,44.0
2593.7061111111107,1370.926272658938,12619.03316671497,285.0,7,100.0,False,0,7475.053000000001,44.0
2604.8836334681178,1484.0,12652.0,286.05000192,7,100.0,False,0,7475.193,44.0
2624.1058386463355,1661.0,12697.0,287.85000192,7,100.0,False,0,7475.433,44.0
2625.7061111111107,1674.8738231935044,12700.265870799027,288.0,7,100.0,False,0,7475.453,44.0
2638.5061111111104,1792.414481985526,12725.554250045863,288.0,7,100.0,False,0,7475.613,44.0
2641.711971843288,1834.0,12733.0,288.1818181818182,7,100.0,False,0,7475.653,44.0
2659.402295252815,2129.0,12779.0,289.1818193454545,7,100.0,False,0,7475.8730000000005,44.0
2673.950555555555,2246.4411474680055,12794.934252193292,290.0,7,100.0,False,0,7476.053000000001,44.0
2690.113257782279,2314.0,12801.0,290.94761935238097,7,100.0,False,0,7476.252,44.0
2735.9184365729257,2774.0,12850.0,293.6142860190476,7,100.0,False,0,7476.812000000001,44.0
2742.550555555555,2841.3532450036596,12856.777437116247,294.0,7,100.0,False,0,7476.893,44.0
2757.206066970839,2985.0,12871.0,294.40681832727273,7,100.0,False,0,7477.072,44.0
2778.5239573223143,3196.0,12893.0,294.9977274181818,7,100.0,False,0,7477.332,44.0
2778.6061111111103,3196.7825249974326,12893.083191651433,295.0,7,100.0,False,0,7477.3330000000005,44.0
2793.4133924162693,3335.0,12908.0,295.64285805714286,7,100.0,False,0,7477.513,44.0
2801.6283333333326,3415.264130140544,12916.98620568415,296.0,7,100.0,False,0,7477.613,44.0
2811.457823872195,3514.0,12928.0,295.5729540284442,7,100.0,False,0,7477.733,44.0
2824.5724501957843,3645.0,12942.0,295.0035593997032,7,100.0,False,0,7477.893,44.0
2824.6547222222216,3645.814606601987,12942.087470397513,295.0,7,100.0,False,0,7477.894,44.0
2837.854722222222,3775.5728147764776,12956.274481849116,297.0,7,100.0,False,0,7478.054,44.0
2839.4249640406865,3791.0,12958.0,297.05277795555554,7,100.0,False,0,7478.073,44.0
2852.66245498304,3922.0,12973.0,297.4972224,7,100.0,False,0,7478.233,44.0
2867.6547222222216,4075.69889850855,12991.343865053957,298.0,7,100.0,False,0,7478.414000000001,44.0
2877.513740325572,4176.0,13004.0,298.0,7,100.0,False,0,7478.533,44.0
2884.2102777777773,4242.515424787897,13012.794029749817,298.0,7,100.0,False,0,7478.6140000000005,44.0
2887.4271444684955,4274.0,13017.0,297.75548695001095,7,100.0,False,0,7478.653,44.0
2905.5061844280885,4446.0,13040.0,296.3761741699857,7,100.0,False,0,7478.8730000000005,44.0
2910.4391666666656,4492.268217367633,13046.235341015468,296.0,7,100.0,False,0,7478.933,44.0
2926.8836111111104,4649.178267727349,13067.175012909267,296.0,7,100.0,False,0,7479.133000000001,44.0
2935.0416505065527,4740.0,13078.0,294.99999744,7,100.0,False,0,7479.233,44.0
2949.611738272624,4919.0,13097.0,293.2,7,100.0,False,0,7479.4130000000005,44.0
2959.328055555555,5012.342454423379,13105.491983269758,292.0,7,100.0,False,0,7479.533,44.0
2972.3058333333324,5120.0,13112.0,292.0,7,89.0,False,0,7479.693,44.0
2986.862195767151,5259.0,13114.0,291.09999872,7,73.69997824000001,False,0,7479.8730000000005,44.0
2988.4724999999994,5274.535006896332,13113.495334347048,291.0,7,72.0,False,0,7479.893,44.0
3012.4054716589344,5509.0,13083.0,287.2499968,7,50.4374816,False,0,7480.193,44.0
3013.9836111111103,5525.869574266184,13079.13751057364,287.0,7,49.0,False,0,7480.213000000001,44.0
3026.516944444444,5665.06308694592,13040.582136071398,282.0,7,48.0,False,0,7480.3730000000005,44.0
3031.165068307631,5712.0,13025.0,281.0454504727273,7,50.045463272727275,False,0,7480.433,44.0
3055.565864288124,5906.0,12934.0,275.95454138181816,7,60.95455418181818,False,0,7480.753000000001,44.0
3060.128055555555,5944.204379191017,12911.278031506303,275.0,7,63.0,False,0,7480.813,44.0
3067.737880311412,6010.0,12869.0,274.3749984,7,66.7500096,False,0,7480.9130000000005,44.0
3072.3058333333324,6048.744759266729,12841.532276830752,274.0,7,69.0,False,0,7480.973,44.0
3087.528055555555,6171.58120467238,12741.301355975971,274.0,7,70.0,False,0,7481.173000000001,44.0
3089.047450429037,6183.0,12731.0,273.9374992,7,70.8125104,False,0,7481.193,44.0
3101.178092132417,6268.0,12647.0,273.4374992,7,77.3125104,False,0,7481.353,44.0
3111.794722222222,6332.5143864529255,12568.979115574246,273.0,7,83.0,False,0,7481.493,44.0
3123.9643399542283,6398.0,12472.0,273.8,7,93.4,False,0,7481.653,44.0
3127.0169444444437,6413.591711745101,12446.05421464502,274.0,7,96.0,False,0,7481.693,44.0
3143.8941636211657,6493.0,12294.0,275.65000192,7,98.20000256,False,0,7481.9130000000005,44.0
3157.794722222222,6548.0,12167.0,277.0,7,100.0,False,0,7482.093000000001,44.0
3173.2947222222215,6605.0,12015.0,279.0,7,100.0,False,0,7482.293000000001,44.0
3185.6502777777773,6667.0,11814.0,278.0,7,100.0,False,0,7482.453,44.0
3207.428055555555,6730.228685326338,11577.127449561945,280.0,7,100.0,False,0,7482.733,44.0
3221.3900283464554,6752.0,11482.0,280.7458336,7,100.0,False,0,7482.912,44.0
3226.1613888888883,6758.469430252332,11453.8404079484,281.0,7,100.0,False,0,7482.973,44.0
3241.804577539449,6780.0,11359.0,282.99000064,7,100.0,False,0,7483.1720000000005,44.0
3241.883611111111,6780.134614934804,11358.393836818499,283.0,7,100.0,False,0,7483.173000000001,44.0
3268.9035369667367,6841.0,11059.0,286.76666737777776,7,100.0,False,0,7483.512000000001,44.0
3270.5836111111107,6845.3528606727705,11033.690265961273,287.0,7,100.0,False,0,7483.533,44.0
3283.3109331188925,6877.0,10837.0,287.56785737142854,7,100.0,False,0,7483.692,44.0
3292.983611111111,6892.389465503635,10736.406829363676,288.0,7,100.0,False,0,7483.813,44.0
3308.9280555555547,6905.372411563755,10637.802935937012,287.0,7,100.0,False,0,7484.013,44.0
3313.713789789525,6910.0,10599.0,287.1875008,7,100.0,False,0,7484.073,44.0
3334.5280555555546,6935.108513364029,10371.430562128951,288.0,7,100.0,False,0,7484.3330000000005,44.0
3336.1395401507543,6937.0,10352.0,288.24896564397756,7,100.0,False,0,7484.353,44.0
3354.008888888888,6955.660428438655,10131.167966161927,291.0,7,100.0,False,0,7484.5740000000005,44.0
3363.59875561237,6963.0,10031.0,290.5041674666667,7,100.0,False,0,7484.693,44.0
3373.3422222222216,6968.028594465354,9953.99975616747,290.0,7,100.0,False,0,7484.814,44.0
3389.412897288812,6973.0,9845.0,290.6218744,7,100.0,False,0,7485.013,44.0
3399.2088888888884,6975.787923380926,9757.441859210663,291.0,7,100.0,False,0,7485.134,44.0
3412.1866666666665,6979.207933017891,9621.244272833157,292.0,7,100.0,False,0,7485.294000000001,44.0
3420.2285089739917,6981.0,9538.0,292.0,7,100.0,False,0,7485.393,44.0
3438.0611111111107,6985.0,9360.0,292.0,7,100.0,False,0,7485.613,44.0
3447.701506043912,6989.0,9264.0,290.2,7,100.0,False,0,7485.733,44.0
3454.1166666666663,6991.247904902626,9201.53984930017,289.0,7,100.0,False,0,7485.813,44.0
3460.5365234096153,6994.0,9136.0,289.0,7,100.0,False,0,7485.893,44.0
3470.1722222222215,7001.043317763135,9023.40759738552,289.0,7,100.0,False,0,7486.013,44.0
3483.0166666666664,7013.313329012206,8873.248533977714,289.0,7,100.0,False,0,7486.173000000001,44.0
3486.2216090651054,7016.0,8845.0,288.75,7,100.0,False,0,7486.213000000001,44.0
3495.816666666666,7022.975167296622,8784.328357692895,288.0,7,100.0,False,0,7486.3330000000005,44.0
3505.379621432361,7032.0,8727.0,287.45454545454544,7,100.0,False,0,7486.453,44.0
3529.1864507734804,7076.0,8484.0,286.0909079272727,7,100.0,False,0,7486.753000000001,44.0
3530.772222222222,7079.418379701413,8467.58852206915,286.0,7,100.0,False,0,7486.773,44.0
3546.615380922475,7115.0,8314.0,285.1666666666667,7,100.0,False,0,7486.973,44.0
3549.7722222222214,7122.297511066252,8284.991532259903,285.0,7,100.0,False,0,7487.013,44.0
3560.780973793299,7149.0,8185.0,283.2499968,7,100.0,False,0,7487.153,44.0
3562.3499999999995,7153.137642916705,8170.355490979287,283.0,7,100.0,False,0,7487.173000000001,44.0
3578.0007084576337,7199.0,8019.0,282.1666666666667,7,100.0,False,0,7487.3730000000005,44.0
3599.8166666666657,7273.356524178744,7804.933460748502,281.0,7,100.0,False,0,7487.653,44.0
3601.3722456803334,7279.0,7790.0,280.9166656,7,99.9166656,False,0,7487.673000000001,44.0
3606.0367660883135,7296.0,7746.0,280.6666666666667,7,99.66666666666667,False,0,7487.733,44.0
3618.4833333333327,7339.192974230452,7639.218559049449,280.0,7,99.0,False,0,7487.893,44.0
3621.60379746137,7352.0,7607.0,280.125,7,99.125,False,0,7487.933,44.0
3643.4611111111103,7462.139513306703,7317.097856990288,281.0,7,100.0,False,0,7488.213000000001,44.0
3645.011598359046,7468.0,7301.0,280.7499968,7,100.0,False,0,7488.233,44.0
3668.0833333333326,7506.096818453218,7174.368804040856,277.0,7,100.0,False,0,7488.533,44.0
3674.207952701984,7513.0,7136.0,276.55555555555554,7,100.0,False,0,7488.613,44.0
3694.059653156629,7539.0,6949.0,275.1111096888889,7,100.0,False,0,7488.8730000000005,44.0
3695.5833333333326,7539.764051629111,6934.254401788638,275.0,7,100.0,False,0,7488.893,44.0
3706.235864520505,7536.0,6821.0,274.1249984,7,100.0,False,0,7489.033,44.0
3719.8499999999995,7503.2694978266345,6595.6941249725105,273.0,7,100.0,False,0,7489.213000000001,44.0
3721.2778563115344,7500.0,6576.0,272.68333226666664,7,100.0,False,0,7489.232,44.0
3737.783333333333,7476.634664192644,6459.759095100753,269.0,7,100.0,False,0,7489.453,44.0
3746.638843890819,7464.0,6413.0,268.40499968,7,100.0,False,0,7489.572,44.0
3752.6722222222215,7452.322458225358,6368.412625007722,268.0,7,100.0,False,0,7489.653,44.0
3767.6166666666663,7413.370406496262,6213.205618230822,269.0,7,100.0,False,0,7489.853,44.0
3769.0376370847844,7409.0,6195.0,269.0,7,100.0,False,0,7489.872,44.0
3786.9742871765666,7351.0,5935.0,269.0,7,100.0,False,0,7490.112,44.0
3788.538888888889,7347.111876919124,5914.110695130807,269.0,7,100.0,False,0,7490.133000000001,44.0
3800.405555555555,7326.99232148509,5774.9560135838965,267.0,6,99.0,False,0,7490.293000000001,44.0
3812.0499999999997,7318.858029156082,5671.256137745103,262.0,6,42.0,False,0,7490.453,44.0
3816.251490888967,7317.0,5642.0,260.156248,6,38.0666624,False,0,7490.512000000001,44.0
3836.9235281516108,7319.0,5533.0,250.75,6,18.0,False,0,7490.813,44.0
3844.9833333333327,7328.121521051276,5460.401643180607,247.0,6,10.0,False,0,7490.933,44.0
3854.3089214648676,7346.0,5363.0,243.0142303105615,6,10.996442422359626,False,0,7491.073,44.0
3863.6386111111105,7372.6642397043715,5273.884196149805,239.0,6,12.0,False,0,7491.214,44.0
3870.1650090701814,7397.0,5212.0,237.51499904,6,13.48500096,False,0,7491.313,44.0
3876.749722222222,7426.828214666362,5146.459075383859,236.0,6,15.0,False,0,7491.414000000001,44.0
3881.810386100384,7451.0,5098.0,233.46072045714286,6,16.410710857142856,False,0,7491.493,44.0
3894.4052777777774,7512.571083557288,4989.5379268258985,227.0,6,20.0,False,0,7491.694,44.0
3896.822672060931,7529.0,4962.0,225.8625056,6,16.750016,False,0,7491.733,44.0
3909.0719444444444,7630.839847738501,4792.269413095626,220.0,6,0.0,True,0,7491.934,44.0
3910.1975687408985,7637.0,4782.0,218.6937456,6,0.0,True,0,7491.953,44.0
3918.360833333333,7651.767777402471,4757.08670720064,209.0,5,0.0,True,0,7492.094,44.0
3923.902626378996,7658.0,4744.0,205.2758574199518,5,1.241380860016066,True,0,7492.193,44.0
3935.8172222222224,7712.0,4635.0,197.0,5,4.0,True,0,7492.4130000000005,44.0
3952.812364440334,7767.0,4475.0,191.66666666666666,5,9.333333333333332,True,0,7492.733,44.0
3954.9172222222223,7771.454062786417,4454.997768395111,191.0,5,10.0,False,0,7492.773,44.0
3961.2092788353284,7782.0,4395.0,189.71428571428572,5,14.285714285714285,False,0,7492.893,44.0
3969.5394444444446,7789.0,4318.0,188.0,5,20.0,False,0,7493.053000000001,44.0
3985.991809707602,7775.0,4150.0,185.33333333333334,5,23.555555555555557,False,0,7493.3730000000005,44.0
3988.0394444444446,7770.724903113174,4129.098032573492,185.0,5,24.0,False,0,7493.4130000000005,44.0
3994.177198977095,7756.0,4069.0,185.0,5,25.5,False,0,7493.533,44.0
4000.3727777777776,7741.39249007586,4015.6882945518582,185.0,5,27.0,False,0,7493.653,44.0
4003.516845553376,7728.0,3980.0,186.1250048,5,30.5625152,False,0,7493.713000000001,44.0
4013.097323828242,7661.0,3833.0,189.5,5,41.25,False,0,7493.893,44.0
4017.3505555555553,7640.238175490767,3790.8509831339543,191.0,5,46.0,False,0,7493.973,44.0
4027.9616666666666,7615.062163458729,3751.930322741047,191.0,5,68.0,False,0,7494.173000000001,44.0
4031.19732199226,7604.0,3737.0,192.5000064,5,70.40001024,False,0,7494.233,44.0
4038.8505555555557,7567.013710087396,3686.6345721103617,196.0,5,76.0,False,0,7494.3730000000005,44.0
4048.8417259469334,7500.0,3606.0,199.75000533333332,5,79.00000426666666,False,0,7494.553000000001,44.0
4052.2505555555554,7473.881539029943,3580.088923694135,201.0,5,80.0,False,0,7494.613,44.0
4056.874641816055,7439.0,3548.0,203.88888888888889,5,84.44444444444444,False,0,7494.693,44.0
4073.6505555555555,7326.450604517448,3462.9933256408067,214.0,5,100.0,False,0,7494.973,44.0
4077.3221556814633,7282.0,3437.0,215.92857965714285,5,100.0,False,0,7495.033,44.0
4087.232675787811,7130.0,3354.0,221.07143680000001,5,100.0,False,0,7495.193,44.0
4090.995,7089.178294565556,3333.2920771709205,223.0,5,100.0,False,0,7495.253000000001,44.0
4106.328333333333,7028.309630891657,3309.791977989754,230.0,5,100.0,False,0,7495.493,44.0
4114.226225324165,6957.0,3261.0,233.33333333333334,5,100.0,False,0,7495.613,44.0
4124.887902357063,6802.0,3146.0,237.75000177777778,5,100.0,False,0,7495.772,44.0
4130.328333333333,6749.926937097578,3105.071044388773,240.0,6,100.0,False,0,7495.853,44.0
4149.228333333333,6690.6839734061905,3040.231042244446,243.0,6,100.0,False,0,7496.133000000001,44.0
4150.533013989256,6684.0,3033.0,243.55416853333332,6,100.0,False,0,7496.152,44.0
4163.039687694306,6598.0,2943.0,248.80416853333332,6,100.0,False,0,7496.332,44.0
4165.8949999999995,6578.406665848867,2921.9014683399246,250.0,6,100.0,False,0,7496.3730000000005,44.0
4176.961777018749,6505.0,2838.0,250.79500032,6,100.0,False,0,7496.532,44.0
4179.839444444444,6484.567527296633,2812.973883859697,251.0,6,100.0,False,0,7496.573,44.0
4196.908958357113,6360.0,2648.0,256.2281264,6,100.0,False,0,7496.812,44.0
4202.772777777776,6323.456906738626,2594.657734384782,258.0,6,100.0,False,0,7496.893,44.0
4209.979576620446,6284.0,2534.0,259.48500096,6,100.0,False,0,7496.992,44.0
4232.10611111111,6176.0,2347.0,264.0,6,100.0,False,0,7497.293000000001,44.0
4245.4440177971255,6075.0,2155.0,266.70000384,6,100.0,False,0,7497.473,44.0
4246.939444444442,6066.670100941335,2138.97616061301,267.0,7,100.0,False,0,7497.493,44.0
4271.270431337797,6001.0,2006.0,273.2049828494274,7,100.0,False,0,7497.813,44.0
4274.4155555555535,5985.715194969559,1974.6011619879387,274.0,7,100.0,False,0,7497.854,44.0
4291.286457170403,5876.0,1750.0,277.1285723428571,7,100.0,False,0,7498.073,44.0
4296.037777777776,5849.012076880167,1694.5189013508254,278.0,7,100.0,False,0,7498.134,44.0
4327.735424689177,5725.0,1437.0,285.97999616,7,100.0,False,0,7498.533,44.0
4327.815555555554,5724.743687142078,1436.467033741147,286.0,7,100.0,False,0,7498.534000000001,44.0
4353.474868317913,5642.0,1264.0,289.18999808,7,100.0,False,0,7498.853,44.0
4360.037777777776,5613.852117040809,1204.6554652656946,290.0,7,100.0,False,0,7498.934,44.0
4376.256917416766,5533.0,1034.0,292.4952968999906,7,100.0,False,0,7499.133000000001,44.0
4386.089444444443,5481.763457568141,926.7790328009421,294.0,7,100.0,False,0,7499.253000000001,44.0
4402.533888888887,5401.655246014335,759.9010622382649,296.0,7,100.0,False,0,7499.453,44.0
4404.178346642697,5395.0,746.0,296.0,7,100.0,False,0,7499.473,44.0
4415.689444444442,5355.800613933195,663.8470166124744,296.0,7,100.0,False,0,7499.613,44.0
4432.189444444442,5307.468796584626,562.7510578083718,297.0,7,100.0,False,0,7499.813,44.0
4435.501072052342,5295.0,537.0,297.3333333333333,7,100.0,False,0,7499.853,44.0
4448.789810117239,5237.0,418.0,298.6666666666667,7,100.0,False,0,7500.013,44.0
4452.122777777775,5222.201074102471,387.73583290345,299.0,8,100.0,False,0,7500.053000000001,44.0
4468.8449999999975,5149.0,238.0,301.0,8,100.0,False,0,7500.253000000001,44.0
4485.622777777776,5075.046637157151,85.10691671106258,302.0,8,100.0,False,0,7500.453,44.0
4488.984926738974,5061.0,56.0,302.14285714285717,8,100.0,False,0,7500.493,44.0
4509.189444444442,4979.122097631657,-113.70864370286945,303.0,8,100.0,False,0,7500.733,44.0
4514.240485094849,4952.0,-170.0,303.0,8,100.0,False,0,7500.793000000001,44.0
4532.756111111109,4835.0,-413.0,303.0,8,100.0,False,0,7501.013,44.0
4556.322742300312,4769.0,-550.0,303.0,8,100.0,False,0,7501.293000000001,44.0
4559.6894444444415,4757.017668650696,-574.955440138887,303.0,8,100.0,False,0,7501.3330000000005,44.0
4576.522777777775,4678.264889576498,-738.8803275881767,303.0,8,100.0,False,0,7501.533,44.0
4578.206113172732,4670.0,-756.0,303.0,8,100.0,False,0,7501.553000000001,44.0
4595.039379394131,4588.0,-925.0,303.0,8,100.0,False,0,7501.753000000001,44.0
4596.722777777775,4579.907028305079,-941.6512881349697,303.0,8,100.0,False,0,7501.773,44.0
4616.92535310422,4481.0,-1145.0,303.0,8,100.0,False,0,7502.013,44.0
4630.389444444442,4405.105028576083,-1300.6925592444018,303.0,8,100.0,False,0,7502.173000000001,44.0
4648.8186598949405,4307.0,-1501.0,303.0,8,100.0,False,0,7502.392000000001,44.0
4650.589444444442,4299.55833904162,-1516.0776090389697,303.0,8,100.0,False,0,7502.4130000000005,44.0
4667.478333333331,4246.3492816395765,-1622.5718478756726,304.0,8,100.0,False,0,7502.613,44.0
4689.260811009623,4175.0,-1766.0,303.2805553777778,8,100.0,False,0,7502.872,44.0
4694.316852007534,4149.0,-1819.0,303.1138887111111,8,100.0,False,0,7502.932000000001,44.0
4697.778333333331,4126.970612792306,-1863.2267992672664,303.0,8,100.0,False,0,7502.973,44.0
4712.9422469850615,4012.0,-2090.0,304.79000064,8,100.0,False,0,7503.152,44.0
4714.722777777775,4001.4820484279817,-2110.679873257841,305.0,8,100.0,False,0,7503.173000000001,44.0
4731.66722222222,3945.0049914040524,-2221.487223095987,305.0,8,100.0,False,0,7503.3730000000005,44.0
4750.155829646806,3904.0,-2300.0,304.21785691428573,8,100.0,False,0,7503.592000000001,44.0
4755.311666666664,3884.8036462411737,-2336.5832594689423,304.0,8,100.0,False,0,7503.653,44.0
4768.868549625605,3820.0,-2460.0,304.57142857142856,8,100.0,False,0,7503.813,44.0
4779.033888888886,3760.3776871818873,-2573.6995746541447,305.0,8,100.0,False,0,7503.933,44.0
4792.5490193956875,3674.0,-2737.0,304.430605371259,8,100.0,False,0,7504.093000000001,44.0
4802.762777777774,3610.639345062408,-2854.1268049761584,304.0,8,100.0,False,0,7504.214,44.0
4821.263873497278,3511.0,-3034.0,304.0,8,100.0,False,0,7504.433,44.0
4826.4072222222185,3490.2458075949426,-3070.76683722711,304.0,8,100.0,False,0,7504.494000000001,44.0
4853.109135781568,3405.0,-3215.0,300.81000192,8,100.0,False,0,7504.813,44.0
4859.740555555552,3375.1544117471835,-3264.1834489754074,300.0,8,100.0,False,0,7504.894,44.0
4874.105250779192,3297.0,-3389.0,292.541664,8,80.6083264,False,0,7505.073,44.0
4888.240555555552,3211.1236261671193,-3513.6756153713463,285.0,8,61.0,True,0,7505.254000000001,44.0
4894.2922949754575,3173.0,-3565.0,279.86501248,8,39.67005184,True,0,7505.3330000000005,44.0
4903.351666666664,3114.765958142027,-3638.5092871729566,272.0,8,7.0,True,0,7505.454000000001,44.0
4906.192532384022,3096.0,-3661.0,268.88001536,8,6.80500096,True,0,7505.493,44.0
4917.573888888885,3018.206485096659,-3748.111649786802,256.0,7,6.0,True,0,7505.654,44.0
4920.276876304048,2999.0,-3768.0,254.20502831533656,7,6.489537732180939,True,0,7505.693,44.0
4928.475932186746,2939.0,-3826.0,248.6820113261346,7,7.995815092872376,True,0,7505.813,44.0
4933.839166666664,2899.298049569558,-3860.632322504286,245.0,7,9.0,True,0,7505.893,44.0
4946.89472222222,2798.677462574324,-3935.00457298578,235.0,6,9.0,True,0,7506.093000000001,44.0
4949.453082108555,2777.0,-3949.0,233.25,6,9.25,True,0,7506.133000000001,44.0
4957.028055555553,2708.1889496675526,-3989.7094307126376,228.0,6,10.0,True,0,7506.253000000001,44.0
4960.759423428554,2671.0,-4009.0,226.4999936,6,10.5625024,True,0,7506.313,44.0
4975.377575520826,2506.0,-4075.0,220.4999936,6,12.8125024,True,0,7506.553000000001,44.0
4976.583611111108,2492.1365075808953,-4079.165348887999,220.0,5,13.0,False,0,7506.573,44.0
4988.5836111111075,2356.784519939089,-4107.938273468351,216.0,5,18.0,False,0,7506.773,44.0
4995.765780011943,2284.0,-4116.0,215.25,5,27.75,False,0,7506.893,44.0
4998.139166666664,2261.693601571021,-4117.3555794070235,215.0,5,31.0,False,0,7506.933,44.0
5021.2502777777745,2078.0,-4101.0,208.0,5,59.0,False,0,7507.3330000000005,44.0
5032.80583333333,1991.8977058159965,-4082.213208315122,208.0,5,67.0,False,0,7507.533,44.0
5043.290377563174,1900.0,-4050.0,209.50000213333334,5,71.5000064,False,0,7507.713000000001,44.0
5046.80583333333,1863.4858918702093,-4034.029810860387,210.0,5,73.0,False,0,7507.773,44.0
5058.583611111108,1730.4950074425851,-3964.774126656428,212.0,5,78.0,False,0,7507.973,44.0
5059.7615177575,1718.0,-3957.0,212.0,5,79.6250208,False,0,7507.993,44.0
5068.005833333331,1636.8847864369777,-3898.9127252989174,212.0,5,91.0,False,0,7508.133000000001,44.0
5079.837187722696,1542.0,-3816.0,212.83333333333334,5,94.75,False,0,7508.3330000000005,44.0
5096.539166666665,1454.6279263534368,-3728.8748129284622,214.0,5,100.0,False,0,7508.613,44.0
5109.79545095666,1386.0,-3640.0,216.20000256,5,100.0,False,0,7508.8330000000005,44.0
5120.761388888887,1313.9598583655795,-3535.6412550602295,218.0,5,100.0,False,0,7509.013,44.0
5121.926635073267,1307.0,-3525.0,218.2159098181818,5,100.0,False,0,7509.032,44.0
5144.227536783825,1207.0,-3350.0,222.3068189090909,5,100.0,False,0,7509.392000000001,44.0
5148.016944444443,1189.6766724142255,-3317.1200965618514,223.0,5,100.0,False,0,7509.453,44.0
5155.405610280446,1155.0,-3251.0,223.42500022857143,5,100.0,False,0,7509.572,44.0
5165.439166666665,1110.4090295303554,-3167.087970725084,224.0,5,100.0,False,0,7509.733,44.0
5166.630403481475,1105.0,-3157.0,224.2375008,5,100.0,False,0,7509.752,44.0
5179.2626545261455,1045.0,-3047.0,226.7375008,5,100.0,False,0,7509.952,44.0
5185.705833333332,1014.0659307802562,-2993.107977964972,228.0,5,100.0,False,0,7510.053000000001,44.0
5194.642919705531,964.0,-2912.0,229.7375008,5,100.0,False,0,7510.192,44.0
5206.328055555554,872.6086185393312,-2776.0180658737063,232.0,6,100.0,False,0,7510.3730000000005,44.0
5211.477075610395,838.0,-2726.0,232.0,6,100.0,False,0,7510.453,44.0
5219.216944444443,803.3938766293966,-2677.281532167554,232.0,6,100.0,False,0,7510.573,44.0
5232.2721919356945,753.0,-2610.0,234.98507177545383,6,100.0,False,0,7510.773,44.0
5232.337777777775,752.59986621856,-2609.459823063299,235.0,6,100.0,False,0,7510.774,44.0
5250.771111111108,604.9564864388163,-2408.8221478379673,237.0,6,100.0,False,0,7511.054,44.0
5252.02562411802,597.0,-2398.0,237.1187504,6,100.0,False,0,7511.073,44.0
5261.348888888886,555.5895385013384,-2341.7416468304127,238.0,6,100.0,False,0,7511.214,44.0
5271.8983237871325,515.0,-2287.0,238.6624992,6,100.0,False,0,7511.3730000000005,44.0
5277.28222222222,482.6366600228555,-2243.491742369541,239.0,6,100.0,False,0,7511.454000000001,44.0
5287.865092100181,420.0,-2159.0,239.6624992,6,100.0,False,0,7511.613,44.0
5293.28222222222,405.2928071624158,-2138.730287755895,240.0,6,100.0,False,0,7511.694,44.0
5294.556600813607,401.0,-2133.0,240.2375008,6,100.0,False,0,7511.713000000001,44.0
5304.037777777776,345.3779693844236,-2061.3424928466657,242.0,6,100.0,False,0,7511.854,44.0
5309.336228220379,310.0,-2016.0,241.71785782857143,6,100.0,False,0,7511.933,44.0
5322.7152648282,232.0,-1916.0,241.0035721142857,6,100.0,False,0,7512.133000000001,44.0
5322.78222222222,231.58237459577612,-1915.477175860264,241.0,6,100.0,False,0,7512.134,44.0
5337.4464925558,139.0,-1802.0,241.0,6,100.0,False,0,7512.353,44.0
5338.848888888887,132.76346781339214,-1794.3522352127263,241.0,6,100.0,False,0,7512.374000000001,44.0
5354.715833333332,80.2373128532719,-1731.0807048509125,239.0,6,100.0,False,0,7512.613,44.0
5361.274451423065,-21.0,-1616.0,237.1249952,6,100.0,False,0,7512.713000000001,44.0
5367.774826894425,-180.0,-1436.0,235.25,6,100.0,False,0,7512.813,44.0
5375.4269444444435,-309.5013699168157,-1289.6375976226946,233.0,6,100.0,False,0,7512.933,44.0
5390.026944444443,-350.60151898061815,-1244.1660180586568,219.0,6,100.0,True,0,7513.173000000001,44.0
5396.638669094151,-362.0,-1232.0,207.75,6,62.5,True,0,7513.293000000001,44.0
5406.826944444442,-404.37033149635187,-1185.5490660349392,189.0,6,0.0,True,0,7513.493,44.0
5415.557351392682,-456.0,-1130.0,176.24998186666667,6,0.0,True,0,7513.673000000001,44.0
5418.293611111109,-473.8572548817401,-1111.309139721595,172.0,6,0.0,True,0,7513.733,44.0
5421.77080361147,-501.0,-1085.0,165.77777777777777,6,0.0,True,0,7513.813,44.0
5431.205990406821,-613.0,-997.0,147.11111111111111,6,0.0,True,0,7514.053000000001,44.0
5432.693611111109,-628.2151760716674,-986.3062582992106,144.0,4,0.0,True,0,7514.093000000001,44.0
5446.626954349561,-722.0,-942.0,126.72727272727272,4,0.0,True,0,7514.493,44.0
5447.971388888886,-733.5153073011628,-937.9956528666646,125.0,3,0.0,True,0,7514.533,44.0
5452.639941432171,-778.0,-924.0,121.4999936,3,0.0,True,0,7514.673000000001,44.0
5457.149166666664,-820.9156758517651,-916.4217900758719,118.0,3,0.0,True,0,7514.813,44.0
5458.389561799989,-833.0,-915.0,116.5,3,0.0,True,0,7514.853,44.0
5466.00599512113,-914.0,-912.0,106.7499904,3,0.0,True,0,7515.113,44.0
5466.571388888887,-920.9286095041015,-912.4688313888495,106.0,2,0.0,True,0,7515.133000000001,44.0
5471.015833333331,-978.4755825756315,-919.7603266418115,100.0,2,0.0,False,0,7515.293000000001,44.0
5472.108834846689,-991.0,-922.0,99.57142857142857,2,1.0,False,0,7515.3330000000005,44.0
5478.560277777776,-1042.35038019497,-937.0549146418496,97.0,2,7.0,False,0,7515.573,44.0
5482.801892032109,-1073.0,-953.0,96.33749973333333,2,18.9250048,False,0,7515.732,44.0
5484.960277777775,-1091.9242330284083,-963.9636043101741,96.0,2,25.0,False,0,7515.813,44.0
5489.730155609286,-1136.0,-992.0,96.9944448,2,31.9611136,False,0,7515.992,44.0
5494.760277777776,-1175.457518549842,-1021.7451606415888,98.0,2,39.0,False,0,7516.173000000001,44.0
5495.312566521276,-1181.0,-1026.0,98.61750208,2,39.57000192,False,0,7516.192,44.0
5502.033050375656,-1261.0,-1087.0,105.76750208,2,46.17000192,False,0,7516.412,44.0
5507.09361111111,-1292.76761739657,-1111.9168268529506,111.0,2,51.0,False,0,7516.573,44.0
5512.1158333333315,-1312.237829001245,-1123.5365324180839,113.0,2,50.0,False,0,7516.733,44.0
5514.609289376453,-1334.0,-1133.0,113.39500032,2,46.83999744,False,0,7516.812,44.0
5518.4491666666645,-1383.5947053036211,-1152.6801308981294,114.0,2,42.0,False,0,7516.933,44.0
5521.000155380251,-1415.0,-1164.0,114.33333333333333,2,37.333333333333336,False,0,7517.013,44.0
5526.115833333331,-1453.194434532806,-1173.619391034546,115.0,2,28.0,False,0,7517.173000000001,44.0
5531.219530843883,-1486.0,-1173.0,115.0,2,33.97509897419501,False,0,7517.3330000000005,44.0
5533.8144444444415,-1511.0119117420327,-1171.4979318618055,115.0,2,37.0,False,0,7517.414000000001,44.0
5536.359235826289,-1537.0,-1169.0,115.4937488,2,37.9874976,False,0,7517.493,44.0
5538.969999999997,-1561.4310060370228,-1165.1161945412891,116.0,2,39.0,False,0,7517.5740000000005,44.0
5543.424574555288,-1607.0,-1153.0,116.0,2,39.57916693333333,False,0,7517.713000000001,44.0
5546.70333333333,-1653.2914416278888,-1137.171199776258,116.0,2,40.0,False,0,7517.814,44.0
5552.669595372099,-1741.0,-1103.0,119.58000128,2,43.58000128,False,0,7517.993,44.0
5553.369999999996,-1749.0322302698664,-1099.528418575676,120.0,3,44.0,False,0,7518.014,44.0
5558.70333333333,-1793.2507128950274,-1077.326164327355,120.0,3,48.0,False,0,7518.174,44.0
5568.4293600139345,-1832.0,-1049.0,125.2312464,3,48.8718744,False,0,7518.453,44.0
5569.90333333333,-1838.0762947155495,-1044.933170391684,126.0,3,49.0,False,0,7518.494000000001,44.0
5574.241156302482,-1860.0,-1029.0,128.6031208,3,51.2312464,False,0,7518.613,44.0
5578.694609879056,-1895.0,-998.0,131.2281208,3,53.4812464,False,0,7518.733,44.0
5581.725555555552,-1916.9188346984465,-977.0879005302406,133.0,3,55.0,False,0,7518.814,44.0
5587.769999999997,-1954.7087488140637,-936.8688427101637,136.0,3,62.0,False,0,7518.974,44.0
5590.0223161422855,-1970.0,-919.0,137.1062512,3,64.2125024,False,0,7519.033,44.0
5593.947777777775,-1998.7104325058003,-883.7209164459309,139.0,3,68.0,False,0,7519.134,44.0
5601.291012254459,-2051.0,-817.0,146.48954844348663,3,71.74477422174331,False,0,7519.313,44.0
5603.839722222219,-2066.222847912213,-797.7766480715561,149.0,3,73.0,False,0,7519.3730000000005,44.0
5612.617499999998,-2111.0,-739.0,158.0,3,76.0,False,0,7519.573,44.0
5624.763242452663,-2168.0,-644.0,165.94445226666667,3,80.3333376,False,0,7519.8330000000005,44.0
5629.517499999997,-2188.9124019919304,-601.5021095494589,169.0,4,82.0,False,0,7519.933,44.0
5637.161049398661,-2220.0,-529.0,172.2,4,82.0,False,0,7520.093000000001,44.0
5639.128611111108,-2227.074432920238,-510.60960410929926,173.0,4,82.0,False,0,7520.133000000001,44.0
5646.274881268141,-2250.0,-444.0,180.0000128,4,84.00000365714286,False,0,7520.273,44.0
5653.673055555552,-2271.2606475951493,-369.4295748057964,187.0,4,86.0,False,0,7520.4130000000005,44.0
5662.263190842555,-2291.0,-283.0,192.6,4,90.0,False,0,7520.573,44.0
5664.450833333331,-2294.6735001071384,-262.9022898604164,194.0,4,91.0,False,0,7520.613,44.0
5676.83048445288,-2308.0,-157.0,202.2500096,4,92.83333546666667,False,0,7520.8330000000005,44.0
5677.984166666663,-2308.9727661840634,-146.78619803837566,203.0,5,93.0,False,0,7520.853,44.0
5689.766487019592,-2314.0,-26.0,209.25,5,97.375,False,0,7521.053000000001,44.0
5696.917499999997,-2306.502749687048,83.22249565130332,213.0,5,100.0,False,0,7521.173000000001,44.0
5706.4730555555525,-2293.0,222.0,215.0,5,100.0,False,0,7521.3330000000005,44.0
5718.750833333331,-2290.5320228938413,276.3045669701817,221.0,5,100.0,False,0,7521.533,44.0
5727.605293147636,-2267.0,343.0,224.888896,5,100.0,False,0,7521.673000000001,44.0
5741.850833333331,-2171.30483784207,587.2106263348167,231.0,5,100.0,False,0,7521.893,44.0
5743.157288455416,-2164.0,605.0,231.4285769142857,5,100.0,False,0,7521.9130000000005,44.0
5760.2841666666645,-2116.4137922361942,699.7740187018936,237.0,6,100.0,False,0,7522.173000000001,44.0
5766.852070855555,-2097.0,728.0,238.48500096,6,100.0,False,0,7522.272,44.0
5773.6174999999985,-2067.989462858374,772.7074695112856,240.0,6,100.0,False,0,7522.3730000000005,44.0
5781.72819128558,-2026.0,837.0,242.7045469090909,6,100.0,False,0,7522.492,44.0
5804.173055555554,-1899.567723964222,1013.852046043019,250.0,6,100.0,False,0,7522.813,44.0
5805.51345772019,-1892.0,1024.0,250.28500096,6,100.0,False,0,7522.832,44.0
5811.168958624229,-1859.0,1068.0,251.48500096,6,100.0,False,0,7522.912,44.0
5826.176221475943,-1726.1024724864615,1247.9125617589452,254.65000192000002,6,100.0,False,0,7523.1230000000005,44.0
0.44523462374154144,-1714.4255086311118,1264.8324307016887,254.65000192000002,6,100.0,False,0,7523.123,45.0
3.9634311451555106,-1685.0,1304.0,255.38500096,6,100.0,False,0,7523.172,45.0
6.916666666666664,-1661.5833917438458,1334.8680195280583,256.0,6,100.0,False,0,7523.213,45.0
30.29444444444444,-1515.8893299424656,1518.5808262089727,263.0,6,100.0,False,0,7523.532999999999,45.0
40.754322419123795,-1471.0,1574.0,266.1111168,6,100.0,False,0,7523.673,45.0
57.394444444444446,-1416.9806650781072,1641.976968243312,271.0,7,100.0,False,0,7523.893,45.0
61.9466174808355,-1397.0,1668.0,271.7468905584938,7,100.0,False,0,7523.9529999999995,45.0
75.73722222222221,-1315.1276201795442,1776.667307089292,274.0,7,100.0,False,0,7524.134,45.0
77.1937269713949,-1306.0,1789.0,274.31666773333336,7,100.0,False,0,7524.152999999999,45.0
94.27055555555555,-1201.6599578110802,1933.2342431714121,278.0,7,100.0,False,0,7524.374,45.0
102.0041259793168,-1157.0,1995.0,279.546876,7,100.0,False,0,7524.473,45.0
117.76400060703779,-1069.0,2115.0,282.671876,7,100.0,False,0,7524.673,45.0
119.42611111111111,-1059.1175373251813,2128.5190136732263,283.0,7,100.0,False,0,7524.6939999999995,45.0
132.0508740458646,-981.0,2236.0,285.38499712,7,100.0,False,0,7524.852999999999,45.0
135.315,-961.3736157027677,2263.1660454489192,286.0,7,100.0,False,0,7524.893999999999,45.0
143.20859743188407,-916.0,2326.0,286.49500032,7,100.0,False,0,7524.9929999999995,45.0
165.62772613314527,-789.0,2500.0,287.89500032,7,100.0,False,0,7525.272999999999,45.0
167.315,-775.6696611386864,2518.449443180411,288.0,7,100.0,False,0,7525.294,45.0
181.72996184950009,-649.0,2695.0,289.1187504,7,100.0,False,0,7525.473,45.0
193.0927777777778,-580.5866629905677,2791.989030996254,290.0,7,100.0,False,0,7525.614,45.0
215.55589525163757,-498.0,2914.0,290.0,7,100.0,False,0,7525.893,45.0
218.79000000000002,-483.5288496963036,2935.4448072088326,290.0,7,100.0,False,0,7525.933,45.0
231.7677777777778,-412.0,3042.0,292.0,7,100.0,False,0,7526.093,45.0
249.6129386436094,-273.0,3252.0,292.0,7,100.0,False,0,7526.312999999999,45.0
251.23444444444445,-263.2643929723565,3266.6307733004533,292.0,7,100.0,False,0,7526.333,45.0
272.3101421420878,-181.0,3387.0,292.0,7,100.0,False,0,7526.593,45.0
280.43444444444447,-139.95205635451202,3445.4808114153584,292.0,7,100.0,False,0,7526.692999999999,45.0
293.4650285898143,-64.0,3553.0,292.6666666666667,7,100.0,False,0,7526.852999999999,45.0
299.9677777777778,-27.920119963381108,3603.7853493047264,293.0,7,100.0,False,0,7526.933,45.0
316.13444444444445,70.0,3736.0,291.0,7,100.0,False,0,7527.133,45.0
328.9788888888889,179.812411313454,3872.2688421303537,289.0,7,100.0,False,0,7527.293,45.0
337.012089759235,243.0,3948.0,289.0,7,100.0,False,0,7527.393,45.0
351.4566666666667,318.2720325714087,4033.20676561082,289.0,7,100.0,False,0,7527.572999999999,45.0
364.20772040977994,381.0,4097.0,287.8,7,100.0,False,0,7527.732999999999,45.0
375.3095676239236,461.0,4173.0,286.74999808,7,100.0,False,0,7527.873,45.0
383.2344444444444,541.3459049460903,4236.780426522253,286.0,7,100.0,False,0,7527.973,45.0
395.9011111111111,689.9869277966548,4340.226595724364,285.0,7,100.0,False,0,7528.133,45.0
400.6365158096805,732.0,4367.0,284.57142674285717,7,100.0,False,0,7528.192999999999,45.0
417.9122222222222,825.2114197355571,4411.035942054205,283.0,7,100.0,False,0,7528.413,45.0
421.0367576957049,845.0,4418.0,282.625,7,100.0,False,0,7528.4529999999995,45.0
441.2488032854708,1032.0,4477.0,280.1874976,7,100.0,False,0,7528.713,45.0
442.80111111111114,1048.0848370901927,4480.742367296794,280.0,7,100.0,False,0,7528.732999999999,45.0
458.3011111111111,1212.0899841034495,4506.540040384819,279.0,7,100.0,False,0,7528.933,45.0
465.9278146643801,1286.0,4514.0,277.7624992,7,100.0,False,0,7529.031999999999,45.0
470.6122222222222,1327.4379883033419,4517.301493506736,277.0,7,100.0,False,0,7529.093,45.0
481.25004585826815,1441.0,4520.0,275.8416661333333,7,100.0,False,0,7529.232,45.0
488.9455555555556,1582.0397041356027,4516.287334477981,275.0,7,100.0,False,0,7529.333,45.0
493.4269750591227,1656.0,4514.0,274.5083328,7,100.0,False,0,7529.392,45.0
507.1455555555556,1742.8433187232895,4513.094835854297,273.0,7,100.0,False,0,7529.572999999999,45.0
528.3804946045183,1906.0,4487.0,273.9964288,7,100.0,False,0,7529.852,45.0
528.4566666666667,1907.9550015900422,4486.726527281149,274.0,7,100.0,False,0,7529.852999999999,45.0
534.4746500737325,2079.0,4463.0,274.0,7,100.0,False,0,7529.932,45.0
552.8122222222222,2274.749921153125,4434.18474151716,274.0,7,100.0,False,0,7530.173,45.0
572.4942043634951,2342.0,4441.0,272.8208610303734,7,100.0,False,0,7530.433,45.0
586.0569997309916,2584.0,4442.0,272.00453601616573,7,100.0,False,0,7530.612999999999,45.0
586.1322222222221,2585.3020687713533,4442.044171859587,272.0,7,100.0,False,0,7530.614,45.0
616.1322222222221,2918.84514377129,4496.3523045286165,270.0,7,100.0,False,0,7531.013999999999,45.0
622.0589301763542,2954.0,4505.0,270.0,7,100.0,False,0,7531.093,45.0
631.1322222222221,2992.9419595611316,4513.132272703768,270.0,7,100.0,False,0,7531.214,45.0
646.0766666666667,3074.915625843533,4542.453045087539,269.0,7,100.0,False,0,7531.414,45.0
648.9821502777893,3110.0,4559.0,268.8375008,7,100.0,False,0,7531.4529999999995,45.0
662.3767575709999,3323.0,4666.0,268.08749973333335,7,100.0,False,0,7531.633,45.0
663.9433333333334,3342.0316835994317,4675.987444394636,268.0,7,100.0,False,0,7531.6539999999995,45.0
678.8877777777777,3421.594649464786,4724.224940842994,269.0,7,100.0,False,0,7531.853999999999,45.0
689.2023908291545,3461.0,4757.0,267.60999936,7,100.0,False,0,7531.9929999999995,45.0
693.721111111111,3489.3410834572896,4779.2568345971085,267.0,7,100.0,False,0,7532.053999999999,45.0
708.4801018098946,3608.0,4873.0,267.0,7,100.0,False,0,7532.253,45.0
708.5544444444444,3608.5623253108656,4873.472537484816,267.0,7,100.0,False,0,7532.254,45.0
726.3467979973962,3745.0,5000.0,267.9958325333333,7,100.0,False,0,7532.4929999999995,45.0
726.421111111111,3745.748875295436,5000.738755500739,268.0,7,100.0,False,0,7532.494,45.0
741.1802777777776,3913.184069944603,5169.043569598662,267.0,7,100.0,False,0,7532.692999999999,45.0
742.6653187385829,3925.0,5181.0,266.89999872,7,100.0,False,0,7532.713,45.0
760.5033938576364,3988.0,5244.0,265.69999872,7,100.0,False,0,7532.9529999999995,45.0
770.6247222222221,4058.1946518244645,5311.6813246969405,265.0,7,100.0,False,0,7533.093,45.0
777.6443301486103,4115.0,5366.0,255.99997696,7,50.499873279999996,False,0,7533.192999999999,45.0
784.3469444444443,4164.818931828041,5413.081075668033,247.0,7,1.0,True,0,7533.293,45.0
788.1482371329165,4195.0,5441.0,237.9999616,7,0.6249984,True,0,7533.352999999999,45.0
794.2580555555554,4249.971132932741,5490.5951790639165,223.0,7,0.0,True,0,7533.4529999999995,45.0
810.824722222222,4401.0,5622.0,213.0,7,0.0,True,0,7533.732999999999,45.0
819.0469444444443,4446.736018219213,5660.521158026432,185.0,7,0.0,True,0,7533.893,45.0
823.959960439323,4471.0,5681.0,179.58331946666667,7,0.41666773333333335,True,0,7533.9929999999995,45.0
830.513611111111,4510.5519203091735,5715.204805221674,172.0,6,1.0,True,0,7534.133,45.0
835.6865038980366,4563.0,5756.0,164.36363636363637,6,1.2727272727272727,True,0,7534.253,45.0
843.5249770368001,4690.0,5844.0,151.63636363636363,6,1.7272727272727273,True,0,7534.4529999999995,45.0
848.113611111111,4730.9587772378245,5869.564678652912,144.0,3,2.0,True,0,7534.572999999999,45.0
857.1802777777777,4764.0,5877.0,136.0,3,2.0,True,0,7534.812999999999,45.0
864.450357326442,4832.0,5895.0,131.0,3,2.0,True,0,7535.013,45.0
865.8469444444444,4846.07948240942,5897.585549551238,130.0,2,2.0,True,0,7535.053,45.0
875.7674212112697,4947.0,5900.0,119.6874912,2,2.0,True,0,7535.352999999999,45.0
876.4247222222222,4954.042030236587,5899.4020761840875,119.0,2,2.0,True,0,7535.373,45.0
881.017016814254,5003.0,5893.0,118.30499968,2,2.0,True,0,7535.512,45.0
882.9802777777777,5022.508838559764,5888.984088247154,118.0,2,2.0,True,0,7535.572999999999,45.0
886.0455972580423,5052.0,5881.0,114.81785508571429,2,2.0,True,0,7535.672,45.0
891.4278287185533,5103.0,5862.0,109.0321408,2,2.0,True,0,7535.852,45.0
891.4580555555555,5103.272858635685,5861.875063453638,109.0,2,2.0,True,0,7535.852999999999,45.0
898.7247222222221,5164.382109403199,5826.786489756105,109.0,2,2.0,True,0,7536.093,45.0
899.8581118418856,5173.0,5821.0,107.5374976,2,5.1687552,True,0,7536.132,45.0
903.3024999999999,5196.934713183131,5803.735472608287,103.0,2,15.0,False,0,7536.253,45.0
906.7142989175707,5226.0,5776.0,103.3718752,2,23.5531296,False,0,7536.371999999999,45.0
911.3518780899119,5281.0,5713.0,103.8718752,2,35.0531296,False,0,7536.531999999999,45.0
912.5469444444443,5291.621721190427,5699.903756928838,104.0,2,38.0,False,0,7536.572999999999,45.0
918.4358333333332,5312.557500939921,5666.66211704176,106.0,2,38.0,False,0,7536.772999999999,45.0
923.9168415885645,5322.0,5637.0,108.69326937379621,2,41.14214760276224,False,0,7536.9529999999995,45.0
930.9113888888887,5346.160641033518,5571.542038178849,112.0,2,45.0,False,0,7537.174,45.0
931.5267153281029,5348.0,5566.0,112.38863767272727,2,45.345455709090906,False,0,7537.192999999999,45.0
936.7962490648715,5361.0,5517.0,115.66136494545455,2,48.25454661818182,False,0,7537.352999999999,45.0
944.2791237699637,5381.0,5402.0,120.1613597090909,2,52.25454196363636,False,0,7537.572999999999,45.0
945.7002777777776,5383.297606522527,5386.209481045607,121.0,2,53.0,False,0,7537.614,45.0
956.3157691281715,5388.0,5324.0,127.5406264,2,52.0656248,False,0,7537.913,45.0
957.0780555555554,5388.492740642899,5317.956091174281,128.0,2,52.0,False,0,7537.933999999999,45.0
962.9891666666665,5394.050932065522,5259.328409163136,133.0,3,56.0,False,0,7538.093999999999,45.0
966.0308906855579,5397.0,5230.0,134.9749952,3,57.31666346666667,False,0,7538.173,45.0
972.2558333333332,5402.428909755489,5177.664132867783,139.0,3,60.0,True,0,7538.334,45.0
977.2206587015163,5412.0,5126.0,132.0499968,3,25.249984000000005,True,0,7538.473,45.0
980.7224999999999,5424.562479317513,5077.437074263715,127.0,3,0.0,True,0,7538.574,45.0
983.4662571775275,5435.0,5042.0,125.68333653333333,3,0.0,True,0,7538.652999999999,45.0
988.9224999999999,5452.031478419355,4996.564337715916,123.0,2,0.0,True,0,7538.813999999999,45.0
994.4175756729903,5472.0,4962.0,112.55832960000001,2,0.0,True,0,7538.9929999999995,45.0
996.1891666666666,5481.0973399878585,4947.10391166436,109.0,2,0.0,True,0,7539.053999999999,45.0
998.9795352325109,5497.0,4922.0,104.54499712,2,0.0,True,0,7539.152999999999,45.0
1001.7447222222221,5512.21322178515,4899.712005225889,100.0,2,0.0,True,0,7539.254,45.0
1007.024435273941,5549.0,4857.0,95.83682075593968,2,0.0,True,0,7539.4529999999995,45.0
1008.0516666666665,5559.925285676475,4846.407792086249,95.0,2,0.0,True,0,7539.4929999999995,45.0
1012.5185724529521,5614.0,4798.0,91.49999502222222,2,0.0,True,0,7539.673,45.0
1016.8516666666665,5640.9605864052155,4776.126545184725,88.0,2,0.0,True,0,7539.852999999999,45.0
1020.6738888888887,5658.69598947909,4766.652660154785,86.0,2,0.0,True,0,7540.013,45.0
1021.1428253544351,5662.0,4765.0,85.7499968,2,0.0,True,0,7540.032999999999,45.0
1027.4533048086441,5725.0,4737.0,82.2499968,2,0.0,True,0,7540.312999999999,45.0
1031.3405555555553,5759.64975177999,4729.945704730987,80.0,2,0.0,False,0,7540.4929999999995,45.0
1034.720064777625,5789.0,4731.0,77.71428571428571,2,7.428571428571429,False,0,7540.652999999999,45.0
1037.2516666666663,5813.448046484196,4734.974861308549,76.0,2,13.0,False,0,7540.772999999999,45.0
1039.381960524195,5834.0,4741.0,76.50000128,2,17.00001024,False,0,7540.873,45.0
1041.098699558121,5850.0,4748.0,76.90000128,2,20.20001024,False,0,7540.9529999999995,45.0
1041.5294444444442,5854.136882261689,4750.099767528662,77.0,2,21.0,False,0,7540.973,45.0
1048.5516666666663,5924.111513700996,4797.387513545943,79.0,2,27.0,False,0,7541.293,45.0
1049.460424180679,5931.0,4803.0,79.8,2,27.6,False,0,7541.333,45.0
1053.1627777777774,5952.276269247593,4822.799472403935,83.0,2,30.0,False,0,7541.4929999999995,45.0
1055.5095290106938,5965.0,4836.0,84.2500032,2,32.5000064,False,0,7541.593,45.0
1058.8961111111107,5986.272922859915,4858.313218289177,86.0,2,36.0,False,0,7541.732999999999,45.0
1064.1035436337206,6019.0,4896.0,91.0,2,41.0,False,0,7541.933,45.0
1065.7163071925615,6028.0,4908.0,92.5000064,2,42.5000064,False,0,7541.9929999999995,45.0
1068.3961111111107,6042.869734309473,4927.887309436493,95.0,2,45.0,False,0,7542.093,45.0
1071.582446595043,6062.0,4955.0,96.4875008,2,47.9750016,False,0,7542.2119999999995,45.0
1072.7072222222218,6069.394958477717,4966.3142555890245,97.0,2,49.0,False,0,7542.253,45.0
1080.9516666666664,6123.199609542444,5056.900446734752,106.0,2,54.0,False,0,7542.532999999999,45.0
1081.5440704466237,6126.0,5062.0,106.7125024,2,54.5343768,False,0,7542.552,45.0
1091.4405555555552,6155.961980525815,5125.212687847978,118.0,2,63.0,False,0,7542.852999999999,45.0
1092.0940202199104,6158.0,5130.0,118.85500288,2,63.57000192,False,0,7542.871999999999,45.0
1098.4961111111106,6181.019965989013,5185.437839554403,127.0,3,69.0,False,0,7543.053,45.0
1100.6635209790106,6189.0,5206.0,128.9666688,3,70.229168,False,0,7543.111999999999,45.0
1107.4961111111106,6213.2808803592425,5274.441322771893,135.0,3,74.0,False,0,7543.293,45.0
1110.5419654895159,6224.0,5308.0,137.0,3,78.0,False,0,7543.373,45.0
1113.6738888888883,6234.743053564916,5343.865156979864,139.0,3,82.0,False,0,7543.4529999999995,45.0
1122.2163888888883,6260.728503262026,5437.996611993622,153.0,3,86.0,False,0,7543.6539999999995,45.0
1125.7836896815722,6269.0,5468.0,156.703116,3,89.4562416,False,0,7543.732999999999,45.0
1137.1497222222217,6286.916455257829,5533.329601640742,168.0,4,100.0,False,0,7543.973999999999,45.0
1142.8450663784768,6298.0,5594.0,171.718744,4,100.0,False,0,7544.093,45.0
1144.8386111111106,6302.784353758836,5623.502782396532,173.0,4,100.0,False,0,7544.134,45.0
1155.8706761173162,6330.0,5818.0,180.82143085714284,4,100.0,False,0,7544.352999999999,45.0
1159.071944444444,6334.179436991643,5861.357193312889,183.0,4,100.0,False,0,7544.414,45.0
1169.9608333333329,6335.140539454662,5957.30551248324,196.0,4,100.0,False,0,7544.614,45.0
1179.0274999999995,6328.9147743465,6023.420881338307,204.0,5,100.0,False,0,7544.773999999999,45.0
1180.127011283496,6328.0,6032.0,204.6785737142857,5,100.0,False,0,7544.793,45.0
1195.671944444444,6311.64794117432,6164.71742146689,214.0,5,100.0,False,0,7545.053999999999,45.0
1205.3991870126613,6298.0,6248.0,218.6374944,5,100.0,False,0,7545.213,45.0
1210.4052777777774,6289.926213829892,6288.812595981,221.0,5,100.0,False,0,7545.294,45.0
1215.314606638073,6277.0,6337.0,222.234372,5,100.0,False,0,7545.373,45.0
1230.4941666666664,6196.451640252518,6554.685756922379,226.0,5,100.0,False,0,7545.614,45.0
1231.708140395916,6191.0,6568.0,226.66500224,5,100.0,False,0,7545.633,45.0
1243.4386111111107,6157.430113572965,6638.713973400221,233.0,6,100.0,False,0,7545.813999999999,45.0
1252.7423357782798,6129.0,6684.0,237.2590571636183,6,100.0,False,0,7545.9529999999995,45.0
1266.4065645972432,6058.0,6798.0,243.38719414579742,6,100.0,False,0,7546.152999999999,45.0
1267.770833333333,6050.34128577824,6809.434891122726,244.0,6,100.0,False,0,7546.173,45.0
1278.7041666666664,5988.525193350403,6893.988925301718,246.0,6,100.0,False,0,7546.333,45.0
1287.0643789316214,5937.0,6956.0,249.0,6,100.0,False,0,7546.4529999999995,45.0
1298.3819444444441,5858.001586392608,7041.842584997561,253.0,6,100.0,False,0,7546.612999999999,45.0
1301.222856240825,5837.0,7063.0,253.75,6,100.0,False,0,7546.652999999999,45.0
1309.7597222222219,5771.767634437918,7124.631239298586,256.0,6,100.0,False,0,7546.772999999999,45.0
1316.8639763590886,5721.0,7169.0,256.4166677333333,6,100.0,False,0,7546.873,45.0
1321.1324285312564,5693.0,7192.0,256.6666666666667,6,100.0,False,0,7546.933,45.0
1326.8930555555553,5644.630237945711,7230.86485940313,257.0,6,100.0,False,0,7547.013,45.0
1344.658871390794,5463.0,7374.0,264.3333333333333,6,100.0,False,0,7547.253,45.0
1353.6930555555552,5403.584029306892,7419.400519418898,268.0,7,100.0,False,0,7547.373,45.0
1365.8148089803474,5337.0,7470.0,272.0,7,100.0,False,0,7547.532999999999,45.0
1368.8597222222218,5316.626184505414,7485.933359107479,273.0,7,100.0,False,0,7547.572999999999,45.0
1384.193055555555,5200.0,7579.0,276.0,7,100.0,False,0,7547.772999999999,45.0
1399.8041666666663,5080.0,7677.0,281.0,7,100.0,False,0,7547.973,45.0
1422.0486111111106,4849.59364217685,7871.095947068415,286.0,7,100.0,False,0,7548.253,45.0
1428.4395316073555,4799.0,7914.0,286.8,7,100.0,False,0,7548.333,45.0
1438.0486111111106,4749.528408024224,7956.037514353191,288.0,7,100.0,False,0,7548.4529999999995,45.0
1452.5394040580443,4689.0,8008.0,289.80000256,7,100.0,False,0,7548.633,45.0
1454.159722222222,4678.745580587188,8016.83503630774,290.0,7,100.0,False,0,7548.652999999999,45.0
1468.7627688053094,4566.0,8114.0,292.9833344,7,100.0,False,0,7548.831999999999,45.0
1473.7597222222219,4529.394845336663,8145.431179407273,294.0,7,100.0,False,0,7548.893,45.0
1483.5197207442795,4461.0,8204.0,294.9916672,7,100.0,False,0,7549.012,45.0
1493.4930555555554,4388.0066685338115,8266.463460311132,296.0,7,100.0,False,0,7549.133,45.0
1550.8631468037981,3950.0,8642.0,303.1578947368421,7,100.0,False,0,7549.812999999999,45.0
1557.6708333333331,3904.5964400166513,8681.294059399686,304.0,8,100.0,False,0,7549.893,45.0
1579.8179393153046,3739.0,8826.0,305.9451381409812,8,100.0,False,0,7550.152999999999,45.0
1591.867222222222,3603.9741605499103,8945.196742392905,307.0,8,100.0,False,0,7550.294,45.0
1598.6352177726394,3534.0,9007.0,307.65833173333334,8,100.0,False,0,7550.373,45.0
1612.467222222222,3434.7461489123107,9094.434526040573,309.0,8,100.0,False,0,7550.534,45.0
1634.8314702525306,3321.0,9194.0,310.17727301818184,8,100.0,False,0,7550.793,45.0
1648.6642779028414,3217.0,9285.0,310.9045457454545,8,100.0,False,0,7550.9529999999995,45.0
1650.478333333333,3203.0025007899476,9297.203031174653,311.0,8,100.0,False,0,7550.973999999999,45.0
1667.7561111111108,3072.8826694110917,9410.531078009903,311.0,8,100.0,False,0,7551.174,45.0
1669.401774539803,3061.0,9421.0,311.10555591111114,8,100.0,False,0,7551.192999999999,45.0
1683.301355664024,2964.0,9507.0,311.9944448,8,100.0,False,0,7551.352999999999,45.0
1699.056111111111,2843.765947222068,9610.679943254972,313.0,8,100.0,False,0,7551.534,45.0
1700.7085787864387,2826.0,9626.0,313.0,8,100.0,False,0,7551.553,45.0
1718.0873242902467,2602.0,9820.0,313.0,8,100.0,False,0,7551.753,45.0
1740.7894444444441,2515.8921997615316,9896.038825361082,313.0,8,100.0,False,0,7552.013999999999,45.0
1744.1908036219247,2498.0,9912.0,313.19499904,8,100.0,False,0,7552.053,45.0
1758.233888888889,2370.36656490338,10025.287746750491,314.0,8,100.0,False,0,7552.214,45.0
1775.4882904196604,2188.0,10187.0,313.00500096,8,100.0,False,0,7552.413,45.0
1792.9005555555555,2099.696598604947,10265.867883193854,312.0,8,100.0,False,0,7552.614,45.0
1801.5118310045514,2061.0,10301.0,312.6187504,8,100.0,False,0,7552.713,45.0
1806.8116666666665,2032.3342003809487,10327.168469301272,313.0,8,100.0,False,0,7552.773999999999,45.0
1823.9996962386285,1893.0,10451.0,309.11977882729116,8,100.0,False,0,7552.973,45.0
1837.3266666666666,1707.2969713049654,10607.769924372966,306.0,8,100.0,True,0,7553.133,45.0
1838.9418688082687,1688.0,10624.0,303.8333056,8,91.9165632,True,0,7553.152999999999,45.0
1855.993333333333,1589.2510448947994,10707.523198238538,280.0,8,3.0,True,0,7553.373,45.0
1869.0445473512716,1531.0,10741.0,263.4999765333333,8,1.4999978666666667,True,0,7553.553,45.0
1873.193333333333,1493.7398815502058,10761.191066539324,258.0,8,1.0,True,0,7553.612999999999,45.0
1883.7266666666662,1356.9132162678588,10833.901026955298,237.0,8,1.0,True,0,7553.772999999999,45.0
1891.1090438047572,1273.0,10878.0,226.2,8,1.6,True,0,7553.893,45.0
1895.893333333333,1236.598291953227,10896.878971916656,219.0,6,2.0,True,0,7553.973,45.0
1905.3155555555552,1199.7700268626825,10912.423957043738,212.0,6,1.0,True,0,7554.133,45.0
1912.2116211764587,1134.0,10924.0,207.2,6,1.6,True,0,7554.253,45.0
1916.6488888888885,1061.151992830821,10934.689754370218,204.0,5,2.0,True,0,7554.333,45.0
1921.953837789642,966.0,10948.0,196.4999808,5,2.0,True,0,7554.433,45.0
1929.0488888888883,889.7582272171192,10958.848189931556,186.0,4,2.0,True,0,7554.572999999999,45.0
1938.8266666666661,869.4609017052691,10958.635447012519,176.0,4,2.0,True,0,7554.772999999999,45.0
1946.3354639769154,788.0,10946.0,171.0,4,2.5,True,0,7554.933,45.0
1951.793316697563,683.0,10931.0,167.25,4,2.875,True,0,7555.053,45.0
1953.5822222222216,656.4855232698234,10926.994593521227,166.0,4,3.0,True,0,7555.093,45.0
1968.2764224529506,570.0,10890.0,156.58333155555556,4,6.766667377777778,True,0,7555.432,45.0
1969.1822222222215,558.9704862578451,10883.689663150355,156.0,4,7.0,False,0,7555.4529999999995,45.0
1976.058557329311,455.0,10824.0,155.33749973333335,4,11.637501866666668,False,0,7555.611999999999,45.0
1979.515555555555,414.8902466634917,10797.235492534237,155.0,4,14.0,False,0,7555.692999999999,45.0
1987.8488888888885,366.5096691514754,10747.214630448103,150.0,4,23.0,False,0,7555.893,45.0
1995.2589338936061,336.0,10694.0,149.10499968,4,33.74000384,False,0,7556.071999999999,45.0
1996.126666666666,331.88565210672596,10686.470235229208,149.0,4,35.0,False,0,7556.093,45.0
2006.0599999999995,277.2554854243514,10581.967889004243,149.0,4,41.0,False,0,7556.333,45.0
2014.5395102248156,241.0,10509.0,151.22222222222223,4,44.333333333333336,False,0,7556.532999999999,45.0
2021.3599999999994,227.56035970268002,10478.867488881291,153.0,4,47.0,False,0,7556.692999999999,45.0
2027.2842530475953,219.0,10446.0,153.0,4,49.32365385003511,False,0,7556.833,45.0
2031.6024999999995,210.5917752804333,10404.992400156889,153.0,4,51.0,False,0,7556.933999999999,45.0
2034.1629744754887,206.0,10379.0,154.843752,4,52.843752,False,0,7556.9929999999995,45.0
2038.6247222222216,200.05952811576765,10336.421649500719,158.0,4,56.0,False,0,7557.093999999999,45.0
2044.041505089419,195.0,10281.0,160.72707893333333,4,63.685404266666666,False,0,7557.213,45.0
2060.1600967942377,184.0,10071.0,168.51875146666666,4,85.64375413333333,False,0,7557.553,45.0
2061.158055555555,183.4862998166172,10061.21302228642,169.0,4,87.0,False,0,7557.574,45.0
2076.046937978863,175.0,9958.0,168.0031256,4,0.2719272000000075,False,0,7557.893,45.0
2076.0913888888886,174.95395998936758,9957.620577543996,168.0,4,0.0,True,0,7557.893999999999,45.0
2083.7715055866256,164.0,9882.0,159.0499968,4,1.9178578285714285,True,0,7558.072999999999,45.0
2088.069166666666,155.39710876781967,9844.846462963158,154.0,4,3.0,True,0,7558.174,45.0
2094.9136111111106,138.6885218972126,9795.76086994403,154.0,3,5.0,True,0,7558.334,45.0
2097.284824549195,132.0,9778.0,150.20713874285715,3,5.0,True,0,7558.393,45.0
2103.2654374199947,108.0,9725.0,139.92142445714285,3,5.0,True,0,7558.553,45.0
2105.4913888888887,90.41995138475427,9696.695354692598,136.0,3,5.0,True,0,7558.614,45.0
2110.5149302227433,43.0,9629.0,131.13499776,3,5.69500032,True,0,7558.753,45.0
2112.6580555555556,28.708092027259077,9610.148806636877,129.0,3,6.0,True,0,7558.813999999999,45.0
2121.215520569884,-4.0,9580.0,121.08610915555556,3,5.280555377777778,True,0,7559.072999999999,45.0
2124.458055555556,-23.205332279923372,9563.792132798975,118.0,2,5.0,True,0,7559.174,45.0
2129.5691666666667,-66.4503031492118,9529.316536606533,115.0,2,3.0,True,0,7559.334,45.0
2132.049040448708,-96.0,9511.0,113.87143131428572,2,2.153573485714286,True,0,7559.413,45.0
2137.5703157495286,-175.0,9471.0,111.29999908571429,2,0.2249993142857143,True,0,7559.593,45.0
2138.2025,-182.24115987894933,9467.6552984827,111.0,2,0.0,False,0,7559.614,45.0
2148.1013145469574,-245.0,9450.0,105.33425773865595,2,0.0,False,0,7559.9529999999995,45.0
2148.673333333333,-249.66935288902397,9449.415105232696,105.0,2,0.0,False,0,7559.973,45.0
2154.3399999999997,-307.3685833450389,9442.971359704443,102.0,2,0.0,False,0,7560.173,45.0
2155.4622549998385,-318.0,9442.0,101.75,2,3.75,False,0,7560.213,45.0
2158.8288888888887,-345.2399738734887,9440.164006344203,101.0,2,15.0,False,0,7560.333,45.0
2161.6792149282987,-377.0,9445.0,101.9375024,2,23.1250208,False,0,7560.433,45.0
2166.3195245858965,-455.0,9468.0,103.4375024,2,36.1250208,False,0,7560.593,45.0
2168.0733333333333,-474.7892405203343,9474.529431739624,104.0,2,41.0,False,0,7560.652999999999,45.0
2176.370504924615,-510.0,9497.0,106.625,2,41.0,False,0,7560.933,45.0
2177.584444444444,-518.9818695146098,9504.308244810594,107.0,2,41.0,False,0,7560.973,45.0
2186.2955555555554,-606.0,9577.0,112.0,2,46.0,False,0,7561.253,45.0
2192.684444444444,-641.4607309821616,9615.917212723274,115.0,2,44.0,False,0,7561.4529999999995,45.0
2198.776042606426,-665.0,9653.0,119.05000576,2,48.05000576,False,0,7561.633,45.0
2206.462222222222,-701.0,9717.0,124.0,2,53.0,False,0,7561.852999999999,45.0
2214.862222222222,-734.002470042212,9794.417539910606,126.0,3,54.0,False,0,7562.093,45.0
2215.547220792091,-736.0,9801.0,126.5343768,3,54.4156264,False,0,7562.111999999999,45.0
2216.272558407235,-738.0,9808.0,127.0968768,3,54.8531264,False,0,7562.132,45.0
2226.862222222222,-762.3662274164024,9904.01431163617,135.0,3,61.0,False,0,7562.413,45.0
2228.3734861361745,-765.0,9918.0,136.4625024,3,61.7312512,False,0,7562.451999999999,45.0
2233.128888888889,-771.7812381425957,9963.338062980596,141.0,3,64.0,False,0,7562.572999999999,45.0
2235.4943934191797,-774.0,9987.0,142.4750016,3,64.7375008,False,0,7562.632,45.0
2242.0549873471823,-776.0,10056.0,146.4750016,3,66.7375008,False,0,7562.7919999999995,45.0
2242.9288888888887,-775.919540172935,10065.108834470875,147.0,3,67.0,False,0,7562.812999999999,45.0
2250.5371866464898,-773.0,10140.0,151.5000064,3,69.2500032,False,0,7562.9929999999995,45.0
2256.7066666666665,-769.8853701009239,10188.822996695031,155.0,3,71.0,False,0,7563.133,45.0
2267.9689905578093,-751.0,10302.0,163.70747920218594,3,74.80952215095634,False,0,7563.373,45.0
2275.6860804298326,-720.0,10434.0,169.51246533697653,3,77.34920358492724,False,0,7563.532999999999,45.0
2277.6541666666667,-713.1653219076716,10460.898578639013,171.0,4,78.0,False,0,7563.574,45.0
2285.3875,-694.7587655093427,10522.76531783698,174.0,4,82.0,False,0,7563.7339999999995,45.0
2295.815034900863,-672.0,10579.0,181.54273465806452,4,84.88870689032258,False,0,7563.933,45.0
2301.44045525637,-655.0,10622.0,185.33306694193547,4,86.34032350967742,False,0,7564.032999999999,45.0
2357.59544877011,-434.0,11078.0,218.6879056516129,4,99.11451705806451,False,0,7564.913,45.0
2361.509722222222,-409.8265100884314,11121.37741958884,221.0,5,100.0,False,0,7564.973999999999,45.0
2374.2091628639014,-333.0,11256.0,226.52777244444445,5,100.0,False,0,7565.173,45.0
2384.609722222222,-296.24001219822975,11316.72479096671,231.0,5,100.0,False,0,7565.334,45.0
2391.137099632978,-267.0,11360.0,234.18214491428571,5,100.0,False,0,7565.433,45.0
2403.2763888888885,-175.15428890131366,11489.751480955294,240.0,6,100.0,False,0,7565.614,45.0
2411.3448352147852,-106.0,11582.0,242.9749952,6,100.0,False,0,7565.732999999999,45.0
2416.8875,-61.01143131911651,11638.410539772844,245.0,6,100.0,False,0,7565.813999999999,45.0
2436.4097222222217,74.08425043477946,11790.224162465609,251.0,6,100.0,False,0,7566.093999999999,45.0
2442.009818818387,100.0,11818.0,252.9749952,6,100.0,False,0,7566.173,45.0
2450.6319444444443,127.5480573280115,11846.90702782658,256.0,6,100.0,False,0,7566.294,45.0
2459.1179215709803,160.0,11879.0,256.74842736917014,6,100.0,False,0,7566.413,45.0
2461.9827777777778,176.41564133884208,11894.9312175568,257.0,6,100.0,False,0,7566.4529999999995,45.0
2473.5383333333334,269.498372447879,11984.171298771616,260.0,6,100.0,False,0,7566.612999999999,45.0
2485.2565206203344,384.0,12086.0,263.2,6,100.0,False,0,7566.772999999999,45.0
2488.205,413.7510680542896,12110.631127641327,264.0,6,100.0,False,0,7566.812999999999,45.0
2512.027222222222,643.1546810999798,12282.701914590036,268.0,7,100.0,False,0,7567.133,45.0
2515.0380216916656,663.0,12297.0,268.7142857142857,7,100.0,False,0,7567.173,45.0
2533.2605555555556,740.8127709239848,12349.352591151921,273.0,7,100.0,False,0,7567.413,45.0
2539.3923211576694,784.0,12372.0,274.3333333333333,7,100.0,False,0,7567.4929999999995,45.0
2551.7272222222223,925.0953977181238,12440.781919484361,277.0,7,100.0,False,0,7567.652999999999,45.0
2565.681893550118,1098.0,12521.0,278.50000213333334,7,100.0,False,0,7567.833,45.0
2579.7272222222223,1199.7282551839157,12563.404284173972,280.0,7,100.0,False,0,7568.013,45.0
2597.0306683114263,1303.0,12597.0,282.00000232727274,7,100.0,False,0,7568.232999999999,45.0
2611.2689899790726,1446.0,12641.0,283.6363636363636,7,100.0,False,0,7568.413,45.0
2614.438333333333,1486.3412194229068,12652.105499349313,284.0,7,100.0,False,0,7568.4529999999995,45.0
2628.645034093628,1676.0,12700.0,285.2785718857143,7,100.0,False,0,7568.632,45.0
2636.6827777777776,1746.1796457953706,12716.205192211244,286.0,7,100.0,False,0,7568.732999999999,45.0
2652.572699898547,1848.0,12735.0,287.2437504,7,100.0,False,0,7568.932,45.0
2662.2827777777775,1942.7666548585692,12750.950331027529,288.0,7,100.0,False,0,7569.053,45.0
2675.091219471438,2084.0,12773.0,289.9875008,7,100.0,False,0,7569.2119999999995,45.0
2675.1716666666666,2084.8357627301584,12773.119983870405,290.0,7,100.0,False,0,7569.213,45.0
2688.0161111111106,2209.9150477853614,12789.345362337615,289.0,7,100.0,False,0,7569.373,45.0
2694.350361333783,2267.0,12796.0,289.0,7,100.0,False,0,7569.451999999999,45.0
2707.263041532266,2395.0,12810.0,289.0,7,100.0,False,0,7569.612999999999,45.0
2713.7049999999995,2502.0013535837415,12821.351198285118,289.0,7,100.0,False,0,7569.692999999999,45.0
2721.787148717472,2651.0,12837.0,289.74813123281496,7,100.0,False,0,7569.793,45.0
2746.230555555555,2926.7696729302925,12864.702998509101,292.0,7,100.0,False,0,7570.093999999999,45.0
2763.9926082474763,3079.0,12880.0,292.0,7,100.0,False,0,7570.312999999999,45.0
2765.6972222222216,3095.446670690969,12881.719880754252,292.0,7,100.0,False,0,7570.334,45.0
2790.018381117287,3337.0,12908.0,292.74750016,7,100.0,False,0,7570.633,45.0
2798.2527777777773,3396.734682192894,12914.920569711892,293.0,7,100.0,False,0,7570.7339999999995,45.0
2814.5861111111108,3477.372710870441,12925.030777601372,294.0,7,100.0,False,0,7570.933999999999,45.0
2830.882863271005,3621.0,12940.0,294.6218744,7,100.0,False,0,7571.133,45.0
2834.1630088835404,3662.0,12944.0,294.7468744,7,100.0,False,0,7571.173,45.0
2840.808333333333,3734.2330184147195,12951.478268450128,295.0,7,100.0,False,0,7571.254,45.0
2857.1550795243124,3890.0,12970.0,295.7107136,7,100.0,False,0,7571.4529999999995,45.0
2863.8305555555553,3979.904844435805,12980.69261063687,296.0,7,100.0,False,0,7571.534,45.0
2878.643598187224,4184.0,13005.0,296.9944448,7,100.0,False,0,7571.713,45.0
2893.630555555555,4273.7202186025925,13016.420753725502,298.0,7,100.0,False,0,7571.893999999999,45.0
2900.1498844345974,4306.0,13021.0,297.5611121777778,7,100.0,False,0,7571.973,45.0
2923.230555555555,4493.806398332716,13047.841520592116,296.0,7,100.0,False,0,7572.254,45.0
2931.3215842182394,4617.0,13063.0,295.1749994666667,7,100.0,False,0,7572.352999999999,45.0
2942.8305555555553,4837.267549267328,13088.370686941827,294.0,7,100.0,False,0,7572.494,45.0
2944.3826760606025,4860.0,13091.0,294.0,7,100.0,False,0,7572.513,45.0
2959.1638888888883,4942.937405201682,13101.174644342878,294.0,7,100.0,False,0,7572.6939999999995,45.0
2967.210753112121,4982.0,13103.0,293.2928566857143,7,100.0,False,0,7572.793,45.0
2981.8749999999995,5161.206580865266,13109.015482673303,292.0,7,100.0,False,0,7572.973999999999,45.0
2994.7274999999995,5324.0,13111.0,291.0,7,89.0,False,0,7573.133,45.0
3016.774306061121,5455.0,13093.0,284.7,7,56.1,False,0,7573.413,45.0
3026.0608333333325,5538.002677553322,13074.38041804183,282.0,7,42.0,False,0,7573.532999999999,45.0
3038.343100037395,5668.0,13040.0,279.45454545454544,7,51.09090909090909,False,0,7573.692999999999,45.0
3053.5798287245443,5809.0,12984.0,276.27272727272725,7,62.45454545454545,False,0,7573.893,45.0
3059.671944444444,5863.175231396407,12957.250976122168,275.0,7,67.0,False,0,7573.973,45.0
3070.3337607232106,5956.0,12904.0,274.4166656,7,71.0833408,False,0,7574.112999999999,45.0
3077.9386111111107,6020.049022292831,12860.57356024598,274.0,7,74.0,False,0,7574.213,45.0
3084.010947592102,6069.0,12825.0,273.75,7,75.75,False,0,7574.293,45.0
3102.2052777777767,6205.730234144785,12712.923672606972,273.0,7,81.0,False,0,7574.532999999999,45.0
3105.2441014967626,6231.0,12686.0,273.1666666666667,7,84.0,False,0,7574.572999999999,45.0
3120.4719444444436,6369.4542808642655,12511.116053351945,274.0,7,99.0,False,0,7574.772999999999,45.0
3125.050768012665,6402.0,12466.0,274.25000106666664,7,97.4999936,False,0,7574.833,45.0
3138.805277777777,6454.435798661494,12383.106384809695,275.0,7,93.0,False,0,7575.013,45.0
3151.0274999999992,6486.225189948718,12308.558200067358,275.0,7,94.0,False,0,7575.173,45.0
3152.477559147178,6492.0,12295.0,275.0,7,94.593752,False,0,7575.192,45.0
3163.249722222222,6547.676449450195,12164.036303899202,275.0,7,99.0,False,0,7575.333,45.0
3170.8749736464456,6587.0,12066.0,276.48500096,7,99.49500032,False,0,7575.432,45.0
3178.6941666666658,6618.662289129153,11977.683437415548,278.0,7,100.0,False,0,7575.532999999999,45.0
3197.271018047772,6669.0,11806.0,279.4937504,7,100.0,False,0,7575.772,45.0
3203.5830555555544,6683.140427499539,11754.616010383925,280.0,7,100.0,False,0,7575.852999999999,45.0
3219.1941666666658,6713.2356086397085,11639.922839843939,281.0,7,100.0,False,0,7576.053,45.0
3233.2772425565126,6741.0,11527.0,281.64285805714286,7,100.0,False,0,7576.232999999999,45.0
3241.127499999999,6757.895151980096,11455.825519978027,282.0,7,100.0,False,0,7576.333,45.0
3249.0026723824813,6775.0,11382.0,282.9950264724125,7,100.0,False,0,7576.433,45.0
3256.9841666666657,6791.635158867784,11308.174543836205,284.0,7,100.0,False,0,7576.534,45.0
3266.426739249435,6812.0,11212.0,284.8499986285714,7,100.0,False,0,7576.652999999999,45.0
3279.2286111111102,6843.165911746291,11050.223552594995,286.0,7,100.0,False,0,7576.813999999999,45.0
3283.9130117477307,6853.0,10995.0,286.0,7,100.0,False,0,7576.873,45.0
3296.6212060546377,6874.0,10861.0,286.0,7,100.0,False,0,7577.032999999999,45.0
3298.2952777777764,6877.081810680813,10839.641615467133,286.0,7,100.0,False,0,7577.053999999999,45.0
3315.8541573807834,6913.0,10576.0,287.64250048,7,100.0,False,0,7577.272999999999,45.0
3330.406388888888,6930.7788160846685,10423.185218361341,289.0,7,100.0,False,0,7577.454,45.0
3349.592509723971,6943.0,10288.0,289.0,7,100.0,False,0,7577.692999999999,45.0
3349.6730555555546,6943.052691362559,10287.432129292562,289.0,7,100.0,False,0,7577.6939999999995,45.0
3365.8397222222216,6953.88678891347,10169.975589035716,291.0,7,100.0,False,0,7577.893999999999,45.0
3369.004095007319,6956.0,10144.0,291.19499904,7,100.0,False,0,7577.933,45.0
3398.395277777777,6973.401453291038,9852.845179086538,293.0,7,100.0,False,0,7578.294,45.0
3399.940360735549,6974.0,9837.0,292.95249984,7,100.0,False,0,7578.312999999999,45.0
3414.5568530470377,6978.0,9691.0,292.50250048,7,100.0,False,0,7578.4929999999995,45.0
3430.75878449474,6982.0,9529.0,292.00250048,7,100.0,False,0,7578.692999999999,45.0
3430.8397222222216,6982.026839540671,9527.953737072554,292.0,7,100.0,False,0,7578.6939999999995,45.0
3447.0063888888885,6988.487794809827,9282.217301658116,291.0,7,100.0,False,0,7578.893999999999,45.0
3448.540327380273,6989.0,9263.0,290.93214262857146,7,99.93214262857143,False,0,7578.913,45.0
3469.561944444444,6993.2043995211525,9127.023071483027,290.0,7,99.0,False,0,7579.174,45.0
3479.0942106392267,6998.0,9060.0,289.2562512,7,99.0,False,0,7579.293,45.0
3495.161944444444,7013.758128431028,8874.134483393285,288.0,7,99.0,False,0,7579.494,45.0
3499.887223978384,7019.0,8823.0,288.0,7,99.3687504,False,0,7579.553,45.0
3507.961944444444,7027.933598192404,8750.887905802589,288.0,7,100.0,False,0,7579.6539999999995,45.0
3520.5512093321454,7043.0,8657.0,286.00418490712764,7,100.0,False,0,7579.812999999999,45.0
3526.8827777777774,7051.75530263394,8606.081816912332,285.0,7,100.0,False,0,7579.893,45.0
3539.593888888888,7072.247667616419,8494.401830029572,286.0,7,100.0,False,0,7580.053,45.0
3552.2695135028766,7109.0,8338.0,285.3333333333333,7,100.0,False,0,7580.213,45.0
3558.593888888888,7135.387168025502,8238.106551000374,285.0,7,100.0,False,0,7580.293,45.0
3568.0687971792468,7178.0,8086.0,284.5,7,100.0,False,0,7580.413,45.0
3577.527222222221,7212.801385234346,7971.926631565906,284.0,7,100.0,False,0,7580.532999999999,45.0
3597.96659843832,7266.0,7824.0,283.07142765714286,7,100.0,False,0,7580.793,45.0
3599.5383333333325,7269.3221304932395,7815.196130758253,283.0,7,100.0,False,0,7580.812999999999,45.0
3612.1161111111105,7293.196358797573,7753.655242684627,283.0,7,100.0,False,0,7580.973,45.0
3619.98134087889,7315.0,7699.0,283.0,7,100.0,False,0,7581.072999999999,45.0
3627.8383333333322,7346.246553492052,7621.111030535509,283.0,7,100.0,False,0,7581.173,45.0
3640.371666666666,7408.661062254352,7464.871041368397,282.0,7,100.0,False,0,7581.333,45.0
3646.627077056766,7434.0,7399.0,281.6666666666667,7,100.0,False,0,7581.413,45.0
3659.1049999999996,7468.616101925244,7301.741111859379,281.0,7,100.0,False,0,7581.572999999999,45.0
3669.8873173883853,7490.0,7230.0,279.60999936,7,100.0,False,0,7581.7119999999995,45.0
3674.604999999999,7499.083867507283,7195.901894864943,279.0,7,100.0,False,0,7581.772999999999,45.0
3682.245765823365,7513.0,7137.0,278.2928566857143,7,100.0,False,0,7581.871999999999,45.0
3696.149444444444,7533.7827453869295,7017.139881250289,277.0,7,100.0,False,0,7582.053,45.0
3709.788516502455,7539.0,6873.0,274.7624992,7,100.0,False,0,7582.232,45.0
3714.4161111111107,7535.192073821174,6815.791852416198,274.0,7,100.0,False,0,7582.293,45.0
3726.4377119466926,7515.0,6658.0,272.6749994666667,7,100.0,False,0,7582.451999999999,45.0
3732.5494444444435,7501.933341046467,6582.908965507719,272.0,7,100.0,False,0,7582.532999999999,45.0
3747.604999999999,7464.725249320284,6417.322720416138,271.0,7,100.0,False,0,7582.732999999999,45.0
3753.5872511078906,7451.0,6361.0,270.0,7,100.0,False,0,7582.812999999999,45.0
3759.560555555555,7438.427660715784,6310.65677775449,269.0,7,100.0,False,0,7582.893,45.0
3784.9759611003014,7392.0,6129.0,269.0,7,100.0,False,0,7583.232999999999,45.0
3786.535277777777,7388.946984893992,6116.221226554102,269.0,6,100.0,False,0,7583.254,45.0
3801.313055555555,7358.079242010743,5973.241442183587,266.0,6,80.0,False,0,7583.454,45.0
3802.7149364256134,7355.0,5956.0,266.0,6,79.36666453333333,False,0,7583.473,45.0
3817.488864118746,7324.0,5747.0,266.0,6,72.69999786666666,False,0,7583.673,45.0
3819.046388888888,7321.619687508985,5726.733194317919,266.0,6,72.0,False,0,7583.6939999999995,45.0
3863.213055555555,7345.64347989472,5355.63001241385,265.0,6,69.0,False,0,7584.294,45.0
3867.294709362682,7357.0,5320.0,259.0999936,6,55.13498496,False,0,7584.352999999999,45.0
3876.8241666666663,7390.266641594837,5228.834695945975,245.0,6,22.0,False,0,7584.494,45.0
3880.741765024486,7406.0,5191.0,243.10356937142856,6,25.582146742857145,False,0,7584.553,45.0
3892.506482542987,7459.0,5082.0,237.31786331428572,6,36.51070262857143,False,0,7584.732999999999,45.0
3895.179722222222,7472.1562854692675,5057.874744336737,236.0,6,39.0,False,0,7584.773999999999,45.0
3908.2352777777774,7542.283343683087,4939.960874911494,235.0,6,45.0,False,0,7584.973999999999,45.0
3912.0938783277998,7565.0,4902.0,234.6312496,6,30.9874848,False,0,7585.032999999999,45.0
3918.6352777777774,7606.091434073873,4832.400332563174,234.0,6,7.0,True,0,7585.134,45.0
3928.5017398241393,7661.0,4738.0,224.46001152,6,1.4350067199999996,True,0,7585.293,45.0
3930.9686111111105,7668.994334342322,4724.058099315815,222.0,6,0.0,True,0,7585.334,45.0
3942.5310885026643,7690.0,4682.0,212.671884,6,3.7312464,True,0,7585.532999999999,45.0
3949.3686111111106,7718.641656308321,4618.823475750625,207.0,5,6.0,True,0,7585.6539999999995,45.0
3952.6769738147086,7733.0,4584.0,205.5249984,5,6.7375008,True,0,7585.713,45.0
3962.7686111111107,7765.158308684837,4483.346329909105,201.0,5,9.0,True,0,7585.893999999999,45.0
3975.0041742880294,7785.0,4372.0,201.0,5,11.7375008,True,0,7586.112999999999,45.0
3976.1686111111107,7786.137417873477,4361.787158104478,201.0,5,12.0,False,0,7586.134,45.0
3980.527485886705,7789.0,4323.0,199.81500288,5,16.73998848,False,0,7586.213,45.0
3987.1686111111103,7787.682209317994,4255.801941103182,198.0,5,24.0,False,0,7586.334,45.0
3995.9101303661823,7778.0,4165.0,198.0,5,24.0,False,0,7586.4929999999995,45.0
4004.7136111111104,7759.0,4078.0,198.0,5,24.0,False,0,7586.652999999999,45.0
4014.611897532479,7706.0,3926.0,198.0,5,24.0,False,0,7586.833,45.0
4020.1136111111105,7682.22149477059,3864.634550600495,198.0,5,24.0,False,0,7586.933,45.0
4039.994832167415,7616.0,3755.0,198.9,5,60.0,False,0,7587.293,45.0
4042.2247222222213,7603.012952315468,3736.9890142234494,199.0,5,64.0,False,0,7587.333,45.0
4053.4577901761727,7526.0,3635.0,201.77777777777777,5,70.66666666666667,False,0,7587.532999999999,45.0
4062.6247222222214,7472.260244620655,3577.048711952779,204.0,5,76.0,False,0,7587.692999999999,45.0
4067.2905391098893,7443.0,3551.0,207.5,5,83.0,False,0,7587.772999999999,45.0
4072.0024999999996,7409.576050210077,3524.039386828874,211.0,5,90.0,False,0,7587.852999999999,45.0
4086.4024999999992,7288.931733477967,3441.0495712810225,216.0,5,97.0,False,0,7588.093,45.0
4090.0948846716124,7257.0,3422.0,217.63637061818181,5,97.40909265454546,False,0,7588.152999999999,45.0
4095.081707268212,7214.0,3398.0,219.8181888,5,97.9545472,False,0,7588.232999999999,45.0
4110.329045661369,7085.0,3331.0,226.33636538181818,5,99.58409134545454,False,0,7588.472,45.0
4114.269166666666,7049.04060127593,3312.1572032861322,228.0,5,100.0,False,0,7588.532999999999,45.0
4120.701110193445,6990.0,3280.0,230.20000142222221,5,100.0,False,0,7588.632,45.0
4131.191810633573,6903.0,3226.0,233.7555569777778,5,100.0,False,0,7588.7919999999995,45.0
4137.869166666666,6852.640527759724,3188.7723764499015,236.0,6,100.0,False,0,7588.893,45.0
4147.1335139224475,6786.0,3132.0,239.4750016,6,99.30499968,False,0,7589.031999999999,45.0
4151.258055555555,6756.396003659738,3104.573491767185,241.0,6,99.0,False,0,7589.093,45.0
4169.299449007326,6629.0,2975.0,249.3571510857143,6,99.92857234285714,False,0,7589.352999999999,45.0
4170.702499999999,6619.29446374918,2964.7366588663976,250.0,6,100.0,False,0,7589.373,45.0
4187.635833333333,6506.0,2840.0,254.0,6,100.0,False,0,7589.612999999999,45.0
4199.053262356358,6435.0,2752.0,256.27757851496415,6,100.0,False,0,7589.772999999999,45.0
4207.774166666666,6374.196267291772,2668.08720759839,258.0,6,100.0,False,0,7589.893999999999,45.0
4214.97212824119,6326.0,2598.0,259.8562512,6,100.0,False,0,7589.9929999999995,45.0
4231.240833333332,6242.638346985422,2466.9535168263083,264.0,6,100.0,False,0,7590.214,45.0
4243.1210520742525,6178.0,2351.0,268.968744,6,100.0,False,0,7590.373,45.0
4243.196388888889,6177.529154322577,2350.1244454676744,269.0,6,100.0,False,0,7590.374,45.0
4258.41861111111,6073.931317306345,2151.7870171332893,274.0,7,100.0,False,0,7590.574,45.0
4262.96259428381,6051.0,2107.0,274.9386373818182,7,100.0,False,0,7590.633,45.0
4281.673398822246,6003.0,2010.0,278.7568192,7,100.0,False,0,7590.873,45.0
4292.763055555556,5958.069603350203,1919.1472785357207,281.0,7,100.0,False,0,7591.013999999999,45.0
4303.745310322989,5906.0,1813.0,283.78000128,7,100.0,False,0,7591.152999999999,45.0
4308.596388888888,5884.835771390533,1769.0406697283888,285.0,7,100.0,False,0,7591.214,45.0
4314.916135631266,5858.0,1713.0,286.18499712,7,100.0,False,0,7591.293,45.0
4335.964842467707,5767.0,1525.0,290.08500096,7,100.0,False,0,7591.553,45.0
4340.929722222222,5746.634685150945,1483.0097582616431,291.0,7,100.0,False,0,7591.614,45.0
4350.635415698515,5707.0,1401.0,292.78499712,7,100.0,False,0,7591.732999999999,45.0
4357.263055555556,5678.257571293485,1341.0235242924628,294.0,7,100.0,False,0,7591.813999999999,45.0
4373.634023617208,5605.0,1187.0,295.65833173333334,7,100.0,False,0,7592.013,45.0
4386.963055555556,5549.48290961803,1069.9473552443815,297.0,7,100.0,False,0,7592.174,45.0
4393.528786130686,5522.0,1012.0,298.18499712,7,100.0,False,0,7592.253,45.0
4403.629722222223,5478.607500282177,920.5968798755517,300.0,7,100.0,False,0,7592.374,45.0
4406.901104869111,5465.0,892.0,300.4874976,7,100.0,False,0,7592.413,45.0
4420.4004469206275,5411.0,779.0,302.4874976,7,100.0,False,0,7592.572999999999,45.0
4430.651944444445,5364.87013393324,682.9519291177205,304.0,8,100.0,False,0,7592.6939999999995,45.0
4437.354958199558,5334.0,619.0,304.56428434285715,8,100.0,False,0,7592.772999999999,45.0
4454.451944444445,5258.982262043396,465.07213095783743,306.0,8,100.0,False,0,7592.973999999999,45.0
4466.321093942989,5208.0,360.0,306.77222257777777,8,100.0,False,0,7593.112999999999,45.0
4474.881648963577,5171.0,283.0,307.3277767111111,8,100.0,False,0,7593.213,45.0
4485.251944444445,5125.980741789239,189.8239216853776,308.0,8,100.0,False,0,7593.334,45.0
4497.180892221308,5074.0,83.0,308.8742152946499,8,100.0,False,0,7593.473,45.0
4498.899444444446,5066.502597060708,67.64000625984093,309.0,8,100.0,False,0,7593.4929999999995,45.0
4510.950852017919,5014.0,-40.0,309.8750016,8,100.0,False,0,7593.633,45.0
4512.6772222222235,5006.52687336083,-55.44631125580577,310.0,8,100.0,False,0,7593.652999999999,45.0
4530.006885832189,4932.0,-211.0,311.6666666666667,8,100.0,False,0,7593.852999999999,45.0
4533.477222222223,4917.012553531429,-242.31514745457216,312.0,8,100.0,False,0,7593.893,45.0
4614.9496695389325,4551.0,-1001.0,312.0,8,100.0,False,0,7594.833,45.0
4627.077222222222,4493.460268510666,-1119.1374413251672,312.0,8,100.0,False,0,7594.973,45.0
4640.94388888889,4430.376537640802,-1248.791638786987,312.0,8,100.0,False,0,7595.133,45.0
4646.069448021634,4410.0,-1291.0,312.2107145142857,8,100.0,False,0,7595.192,45.0
4653.032269233526,4384.0,-1345.0,312.4964288,8,100.0,False,0,7595.272,45.0
4665.288333333335,4328.357294555615,-1457.9805400552582,313.0,8,100.0,False,0,7595.413,45.0
4673.858107403538,4288.0,-1539.0,312.44999964444446,8,100.0,False,0,7595.512,45.0
4694.57226639462,4195.0,-1725.0,311.1166663111111,8,100.0,False,0,7595.7519999999995,45.0
4696.388333333335,4184.864029564869,-1745.3383332695462,311.0,8,100.0,False,0,7595.772999999999,45.0
4711.9874485006985,4091.0,-1934.0,311.5000007111111,8,100.0,False,0,7595.9529999999995,45.0
4727.588333333335,4033.233224485531,-2049.6365472429025,312.0,8,100.0,False,0,7596.133,45.0
4744.952500000001,3982.3419250164043,-2148.4890944929316,311.0,8,100.0,False,0,7596.334,45.0
4751.773120408373,3942.0,-2226.0,311.0,8,100.0,False,0,7596.413,45.0
4765.685833333334,3830.907016453878,-2438.919557811779,311.0,8,100.0,False,0,7596.574,45.0
4769.062813288369,3810.0,-2479.0,311.1624992,8,100.0,False,0,7596.612999999999,45.0
4786.485833333335,3768.6587772225175,-2558.471117355549,312.0,8,100.0,False,0,7596.813999999999,45.0
4793.318548083786,3752.0,-2590.0,311.60500096,8,100.0,False,0,7596.893,45.0
4803.763611111113,3705.985941005184,-2676.652901086529,311.0,8,100.0,False,0,7597.013999999999,45.0
4810.571111464631,3671.0,-2742.0,310.60500096,8,100.0,False,0,7597.093,45.0
4820.985833333334,3619.236350839984,-2837.4093255857074,310.0,8,100.0,False,0,7597.214,45.0
4832.9437828640885,3564.0,-2938.0,309.42083306666666,8,100.0,False,0,7597.352999999999,45.0
4841.585833333334,3527.844346125758,-3003.508892784971,309.0,8,100.0,False,0,7597.454,45.0
4856.73646096099,3450.0,-3139.0,305.6437488,8,100.0,False,0,7597.633,45.0
4868.519166666667,3350.6026539729046,-3303.950222727277,303.0,8,100.0,False,0,7597.773999999999,45.0
4873.409330001172,3315.0,-3362.0,301.5249984,8,100.0,False,0,7597.833,45.0
4891.541388888889,3249.9461148022506,-3460.5905726759706,296.0,8,100.0,False,0,7598.053999999999,45.0
4896.345008388616,3232.0,-3485.0,293.7874976,8,85.9874848,False,0,7598.112999999999,45.0
4904.4302777777775,3190.6137783351187,-3540.9214249509387,290.0,8,62.0,True,0,7598.214,45.0
4914.955935892993,3121.0,-3631.0,280.15416213333333,8,46.072909333333335,True,0,7598.352999999999,45.0
4933.087655832807,2992.0,-3775.0,261.7375136,8,16.281272,True,0,7598.612999999999,45.0
4938.563611111111,2955.0890096633257,-3812.862791227254,256.0,7,7.0,True,0,7598.6939999999995,45.0
4949.136305444433,2865.0,-3889.0,246.34644022857142,7,9.839282285714285,True,0,7598.852999999999,45.0
4957.1525,2751.100010913014,-3963.14799857275,239.0,6,12.0,True,0,7598.973999999999,45.0
4961.08372290046,2698.0,-3995.0,239.0,6,12.3687504,True,0,7599.032999999999,45.0
4967.774722222222,2627.075720969766,-4033.8494377994516,239.0,6,13.0,True,0,7599.134,45.0
4984.139931298265,2512.0,-4073.0,227.89999725714284,6,15.775000685714286,True,0,7599.393,45.0
4985.430277777778,2501.9008943238946,-4075.4425423009407,227.0,5,16.0,False,0,7599.414,45.0
5002.308055555556,2345.9397255118133,-4104.135987265815,217.0,5,18.0,False,0,7599.6939999999995,45.0
5014.2525000000005,2239.711300492711,-4115.188792309441,215.0,5,35.0,False,0,7599.893999999999,45.0
5016.547287710797,2222.0,-4116.0,214.0250048,5,37.9249856,False,0,7599.933,45.0
5025.9191666666675,2159.2582867304964,-4114.7056129817865,210.0,5,50.0,False,0,7600.093999999999,45.0
5036.333844223871,2083.0,-4102.0,210.0,5,56.931668380137424,False,0,7600.272999999999,45.0
5048.009259316564,1963.0,-4072.0,210.0,5,64.67654648268092,False,0,7600.473,45.0
5051.5275,1929.504862595798,-4061.4863539734824,210.0,5,67.0,False,0,7600.532999999999,45.0
5060.949722222223,1845.6365627804003,-4027.774811830743,212.0,5,64.0,False,0,7600.692999999999,45.0
5063.317567929329,1822.0,-4016.0,212.33333333333334,5,64.83333333333333,False,0,7600.732999999999,45.0
5075.21638888889,1689.0,-3937.0,214.0,5,69.0,False,0,7600.933,45.0
5084.771944444446,1591.2231402359519,-3861.0041679460664,215.0,5,69.0,False,0,7601.093,45.0
5101.727500000001,1456.0,-3726.0,218.0,5,76.0,False,0,7601.373,45.0
5111.460833333334,1403.7977434283134,-3664.677182792871,219.0,5,83.0,False,0,7601.532999999999,45.0
5125.051298258833,1347.0,-3585.0,222.421876,5,94.6343784,False,0,7601.7519999999995,45.0
5131.371944444446,1318.9337124580843,-3542.2167146084457,224.0,5,100.0,False,0,7601.852999999999,45.0
5143.927500000002,1261.0194600062198,-3447.7525923046774,226.0,5,100.0,False,0,7602.053,45.0
5148.923524199927,1239.0,-3409.0,226.79000064,5,100.0,False,0,7602.132,45.0
5156.530874089899,1206.0,-3348.0,227.99000064,5,100.0,False,0,7602.2519999999995,45.0
5156.594166666668,1205.7094183444274,-3347.459112909033,228.0,5,100.0,False,0,7602.253,45.0
5170.490489262941,1137.0,-3219.0,228.0,5,100.0,False,0,7602.473,45.0
5176.860833333335,1109.3390463484623,-3165.3332097428997,228.0,6,100.0,False,0,7602.572999999999,45.0
5182.002575083188,1087.0,-3123.0,229.42348657185258,6,100.0,False,0,7602.652999999999,45.0
5193.68182146862,1030.0,-3023.0,232.62633591367796,6,100.0,False,0,7602.833,45.0
5195.047777777779,1023.1183317504365,-3011.3038913188675,233.0,6,100.0,False,0,7602.853999999999,45.0
5211.935454524923,936.0,-2869.0,234.43888924444445,6,100.0,False,0,7603.112999999999,45.0
5218.547777777779,900.1414455196851,-2814.339532120455,235.0,6,100.0,False,0,7603.214,45.0
5222.418389521872,878.0,-2782.0,235.42142902857142,6,100.0,False,0,7603.272999999999,45.0
5234.269367779536,805.0,-2681.0,236.7071414857143,6,100.0,False,0,7603.4529999999995,45.0
5236.981111111112,788.580916849328,-2658.463836186686,237.0,6,100.0,False,0,7603.494,45.0
5247.603333333335,726.2297087993583,-2572.7564491354065,239.0,6,100.0,False,0,7603.6539999999995,45.0
5250.1968516829,711.0,-2552.0,239.13928502857144,6,100.0,False,0,7603.692999999999,45.0
5266.202973055844,616.0,-2424.0,239.9964278857143,6,100.0,False,0,7603.933,45.0
5266.270000000002,615.601788740841,-2423.463036732527,240.0,6,100.0,False,0,7603.933999999999,45.0
5277.025555555558,551.7331938080382,-2337.07240857695,242.0,6,100.0,False,0,7604.093999999999,45.0
5281.000770239393,528.0,-2305.0,242.29500032,6,100.0,False,0,7604.152999999999,45.0
5290.525555555558,471.1440266971182,-2228.4056393795613,243.0,6,100.0,False,0,7604.294,45.0
5293.170349252747,456.0,-2208.0,243.27857005714284,6,100.0,False,0,7604.333,45.0
5305.42606145964,389.0,-2118.0,244.56428617142856,6,100.0,False,0,7604.513,45.0
5309.5811111111125,364.89376300392274,-2086.2642307628275,245.0,6,100.0,False,0,7604.574,45.0
5323.124149120422,281.0,-1978.0,245.0,6,100.0,False,0,7604.772999999999,45.0
5323.192222222224,280.5735046012726,-1977.4548504724396,245.0,6,100.0,False,0,7604.773999999999,45.0
5339.465261281184,179.0,-1850.0,244.4568186181818,6,100.0,False,0,7605.013,45.0
5350.270197062416,113.0,-1772.0,244.09318225454547,6,100.0,False,0,7605.173,45.0
5353.014444444446,96.0287680768984,-1752.0484134820176,244.0,6,100.0,False,0,7605.214,45.0
5364.895141446426,12.0,-1654.0,240.270832,6,25.41664,False,0,7605.393,45.0
5368.94777777778,-26.761675843366056,-1609.7266191260492,239.0,6,0.0,False,0,7605.454,45.0
5379.570000000002,-146.65385429221007,-1474.3299452633878,239.0,6,0.0,False,0,7605.614,45.0
5383.387873703987,-186.0,-1430.0,235.8041632,6,0.0,False,0,7605.673,45.0
5394.636666666669,-279.50971819475535,-1324.7174124036148,226.0,6,0.0,False,0,7605.853999999999,45.0
5408.249430395915,-360.0,-1234.0,205.0875168,6,0.0,False,0,7606.093,45.0
5408.303333333336,-360.29307891499275,-1233.668495953116,205.0,6,0.0,True,0,7606.093999999999,45.0
5418.525555555559,-413.08857878401085,-1174.1127492801634,184.0,6,0.0,True,0,7606.294,45.0
5423.109746131847,-443.0,-1143.0,176.02499484444445,6,0.0,True,0,7606.393,45.0
5434.025555555559,-542.2686050046672,-1049.9230132752368,155.0,4,0.0,True,0,7606.6539999999995,45.0
5435.593664910663,-555.0,-1039.0,151.8312656,4,0.0,True,0,7606.692999999999,45.0
5440.33666666667,-587.2255771459694,-1013.6158133906401,142.0,4,0.0,True,0,7606.813999999999,45.0
5446.210833333336,-622.8175881918755,-991.0637708745402,133.0,3,0.0,True,0,7606.973,45.0
5446.95106744039,-628.0,-988.0,133.0,3,0.0,True,0,7606.9929999999995,45.0
5453.599722222225,-683.4754340145255,-958.2972246472768,133.0,2,0.0,True,0,7607.173,45.0
5454.307291804614,-691.0,-955.0,131.79998464,2,0.0,True,0,7607.192999999999,45.0
5460.321944444448,-771.0630559954809,-926.9839448653453,121.0,2,0.0,True,0,7607.373,45.0
5462.8086137077125,-806.0,-918.0,117.28571428571429,2,0.0,True,0,7607.4529999999995,45.0
5468.721944444447,-878.321479094691,-909.1604521085608,108.0,2,0.0,True,0,7607.652999999999,45.0
5475.788611111114,-940.7343694762737,-913.6012101095563,106.0,2,0.0,True,0,7607.893,45.0
5476.361352707575,-945.0,-914.0,105.4999936,2,0.0,True,0,7607.913,45.0
5482.455277777781,-982.5320653052247,-918.510344340952,100.0,2,0.0,False,0,7608.133,45.0
5487.719299704088,-1018.0,-929.0,96.890624,2,10.571878400000001,False,0,7608.331999999999,45.0
5490.899722222225,-1047.1538527249195,-940.968588554426,95.0,2,17.0,False,0,7608.4529999999995,45.0
5493.5252373015355,-1071.0,-952.0,95.49500032,2,24.4250048,False,0,7608.552,45.0
5496.233055555558,-1092.3626646499474,-963.1874216939855,96.0,2,32.0,False,0,7608.652999999999,45.0
5497.832157628261,-1108.0,-973.0,96.63214354285714,2,33.4750016,False,0,7608.7119999999995,45.0
5503.346070030709,-1183.0,-1027.0,98.77500068571429,2,38.4750016,False,0,7608.911999999999,45.0
5503.933055555558,-1189.5303381846486,-1031.941175360081,99.0,2,39.0,False,0,7608.933,45.0
5510.799722222225,-1228.7048559201237,-1065.044964602901,103.0,2,51.0,False,0,7609.173,45.0
5518.218776300137,-1272.0,-1096.0,108.44217450136621,2,44.469390598360555,False,0,7609.413,45.0
5523.971436247524,-1337.0,-1135.0,112.52381118237699,2,39.57142658114761,False,0,7609.593,45.0
5524.6422222222245,-1343.3928247404206,-1138.5324906237715,113.0,2,39.0,False,0,7609.614,45.0
5532.909748183082,-1401.0,-1161.0,114.17727301818182,2,31.93636189090909,False,0,7609.873,45.0
5538.69777777778,-1457.8560007375538,-1171.1690606338304,115.0,3,27.0,False,0,7610.053999999999,45.0
5541.8715855999,-1491.0,-1173.0,115.35357165714285,3,28.41428662857143,False,0,7610.152999999999,45.0
5547.035448537687,-1542.0,-1168.0,115.92500022857143,3,30.700000914285713,False,0,7610.312999999999,45.0
5547.720000000002,-1548.7737090187154,-1166.8489160882552,116.0,3,31.0,False,0,7610.334,45.0
5552.964444444447,-1601.6723452161407,-1155.0070091733976,118.0,3,34.0,False,0,7610.494,45.0
5556.813389139977,-1639.0,-1144.0,117.50416746666667,3,35.98333013333333,False,0,7610.612999999999,45.0
5560.764444444447,-1673.6603690229033,-1131.5154470708114,117.0,3,38.0,False,0,7610.7339999999995,45.0
5562.067632976398,-1685.0,-1127.0,117.7583296,3,38.8666624,False,0,7610.772999999999,45.0
5571.74204530742,-1773.0,-1086.0,123.20277404444444,3,45.088884622222224,False,0,7611.053,45.0
5573.164444444446,-1785.87433406958,-1078.7730958186808,124.0,3,46.0,False,0,7611.093999999999,45.0
5577.983354529876,-1826.0,-1054.0,124.8687504,3,49.4750016,False,0,7611.232999999999,45.0
5578.720000000002,-1830.9348894756101,-1050.6976651529167,125.0,3,50.0,False,0,7611.254,45.0
5588.115969053967,-1877.0,-1014.0,130.55000137142858,3,52.77500068571429,False,0,7611.513,45.0
5588.908888888891,-1881.4934511392676,-1010.1603361273887,131.0,3,53.0,False,0,7611.534,45.0
5594.286146861979,-1920.0,-974.0,135.7781272,3,57.343752,False,0,7611.673,45.0
5601.490675748839,-1999.0,-882.0,141.9656184,3,62.968744,False,0,7611.852999999999,45.0
5601.531111111113,-1999.3793564913717,-881.5478575292575,142.0,3,63.0,False,0,7611.853999999999,45.0
5609.753333333336,-2047.6549027080625,-823.6507817758231,148.0,3,68.0,False,0,7612.053999999999,45.0
5621.133793567677,-2084.0,-775.0,156.9031272,3,73.6656264,False,0,7612.312999999999,45.0
5623.886666666669,-2099.3996300393846,-753.825514344346,159.0,3,75.0,False,0,7612.374,45.0
5629.305117433917,-2132.0,-707.0,162.56999424,3,75.59499904,False,0,7612.4929999999995,45.0
5633.053333333335,-2150.055776252959,-677.324017306116,165.0,3,76.0,False,0,7612.574,45.0
5636.769571787316,-2166.0,-648.0,166.9749952,3,76.9874976,False,0,7612.652999999999,45.0
5648.431111111113,-2215.159641404113,-541.2054516429953,173.0,4,80.0,False,0,7612.893999999999,45.0
5650.353234947965,-2223.0,-521.0,174.4624928,4,80.0,False,0,7612.933,45.0
5656.386666666668,-2246.783981330219,-453.5002133974681,179.0,4,80.0,False,0,7613.053999999999,45.0
5659.377872714674,-2257.0,-423.0,180.7208352,4,80.4916672,False,0,7613.112999999999,45.0
5668.786666666669,-2279.840260544721,-352.5863894009912,186.0,4,82.0,False,0,7613.294,45.0
5682.9569496438,-2301.0,-214.0,193.78947935734345,4,82.0,False,0,7613.553,45.0
5690.731666666668,-2312.8215666122583,-71.11634488404003,198.0,5,82.0,False,0,7613.692999999999,45.0
5691.840036946561,-2314.0,-55.0,198.2500032,5,82.1250016,False,0,7613.713,45.0
5699.620555555558,-2317.0055111626,2.241258636985407,200.0,5,83.0,False,0,7613.852999999999,45.0
5707.586152492912,-2314.0,29.0,204.0833408,5,84.1666688,False,0,7613.9929999999995,45.0
5713.420555555557,-2310.110732640973,70.32868336191639,207.0,5,85.0,False,0,7614.093,45.0
5729.205210942243,-2291.0,232.0,214.0416736,5,83.9166656,False,0,7614.352999999999,45.0
5741.531329583625,-2264.0,354.0,219.45834026666665,5,83.08333226666667,False,0,7614.553,45.0
5742.753888888891,-2260.7835963453763,365.74009919723676,220.0,5,83.0,False,0,7614.572999999999,45.0
5752.531666666669,-2230.0,460.0,220.0,5,86.0,False,0,7614.732999999999,45.0
5762.620555555557,-2182.6278986241937,569.2415348121268,227.0,5,100.0,False,0,7614.893,45.0
5767.71436154421,-2151.0,631.0,229.25714468571428,5,100.0,False,0,7614.972,45.0
5780.832482708183,-2052.0,800.0,234.9714304,5,100.0,False,0,7615.172,45.0
5780.898333333335,-2051.5354853719505,800.738347865826,235.0,6,100.0,False,0,7615.173,45.0
5791.476111111113,-1986.609073340017,896.7384289310708,238.0,6,100.0,False,0,7615.333,45.0
5802.231666666669,-1933.6616905509177,966.075119719941,242.0,6,100.0,False,0,7615.4929999999995,45.0
5804.886031502953,-1921.0,983.0,242.9750016,6,100.0,False,0,7615.531999999999,45.0
5818.765000000002,-1857.0774578008832,1070.8547030360755,248.0,6,100.0,False,0,7615.732999999999,45.0
5832.8761111111135,-1791.7911994862588,1161.9913053862704,254.0,6,100.0,False,0,7615.933,45.0
5838.610809603666,-1763.0,1201.0,255.6632009993044,6,100.0,False,0,7616.013,45.0
0.1367983408045783,-1763.0,1201.0,255.6632009993044,6,100.0,False,0,7616.013,46.0
23.602603391947575,-1632.0,1372.0,262.31600499652194,6,100.0,False,0,7616.333,46.0
29.62888888888889,-1575.182224823624,1443.584392048056,264.0,6,100.0,False,0,7616.414,46.0
40.05170012817525,-1475.0,1569.0,267.08889031111113,6,100.0,False,0,7616.553,46.0
56.82888888888889,-1401.2869603955469,1661.7595789690795,272.0,7,100.0,False,0,7616.774,46.0
65.96295252881744,-1368.0,1706.0,274.2312464,7,100.0,False,0,7616.893,46.0
81.53999999999999,-1281.9859344160468,1823.7103705919365,278.0,7,100.0,False,0,7617.094,46.0
92.41075982958995,-1213.0,1918.0,280.78000128,7,100.0,False,0,7617.233,46.0
97.20666666666665,-1182.677283508081,1959.0753799070924,282.0,7,100.0,False,0,7617.294,46.0
109.78024426429906,-1111.0,2057.0,284.38499712,7,100.0,False,0,7617.4529999999995,46.0
112.96039238467023,-1097.0,2077.0,284.98499712,7,100.0,False,0,7617.4929999999995,46.0
113.03999999999999,-1096.6367810252732,2077.5168434403345,285.0,7,100.0,False,0,7617.494,46.0
137.02997401362083,-952.0,2276.0,288.7375008,7,100.0,False,0,7617.793,46.0
138.72888888888886,-942.2003295356114,2289.3780428890796,289.0,7,100.0,False,0,7617.814,46.0
151.6509646219689,-871.0,2387.0,290.806816,7,100.0,False,0,7617.973,46.0
164.74303864866567,-790.0,2499.0,292.62499781818184,7,100.0,False,0,7618.133,46.0
174.66222222222223,-730.4820738662729,2581.167083236333,294.0,7,100.0,False,0,7618.254,46.0
187.81777777777776,-654.9263199715833,2686.359479533384,296.0,7,100.0,False,0,7618.414,46.0
189.39014912634093,-646.0,2699.0,296.2590917818182,7,100.0,False,0,7618.433,46.0
207.79093089151664,-543.0,2848.0,299.25908829090906,7,100.0,False,0,7618.653,46.0
221.27541212567576,-468.0,2959.0,301.44090647272725,7,100.0,False,0,7618.813,46.0
224.7288888888889,-448.87597886721915,2987.3809014500075,302.0,7,100.0,False,0,7618.854,46.0
236.4310969640573,-384.0,3084.0,302.57916693333334,7,100.0,False,0,7618.9929999999995,46.0
244.92888888888888,-336.02500705664403,3156.328461229304,303.0,8,100.0,False,0,7619.094,46.0
259.98496538144974,-253.0,3282.0,303.0,8,100.0,False,0,7619.273,46.0
265.1288888888889,-226.97108302600088,3320.9510107241554,303.0,8,100.0,False,0,7619.334,46.0
273.5001529292779,-182.0,3387.0,303.55000035555554,8,100.0,False,0,7619.433,46.0
280.28552245715457,-138.0,3450.0,303.9944448,8,100.0,False,0,7619.513,46.0
295.6288888888889,-48.90113884209515,3574.4578587414444,305.0,8,100.0,False,0,7619.6939999999995,46.0
300.6172161207776,-19.0,3615.0,304.70499968,8,100.0,False,0,7619.753,46.0
312.5177777777778,59.86250803443506,3719.5819045582066,304.0,8,100.0,False,0,7619.894,46.0
325.9844444444445,154.74335854319492,3841.21583018967,303.0,8,100.0,False,0,7620.054,46.0
330.9155413950782,187.0,3881.0,302.26065047129043,8,100.0,False,0,7620.113,46.0
357.36532668244865,341.0,4056.0,298.2506234789968,8,100.0,False,0,7620.433,46.0
359.01277777777784,350.5219362954247,4066.1884638306337,298.0,8,100.0,False,0,7620.4529999999995,46.0
375.45722222222224,460.5221787175738,4174.0386889955025,296.0,8,100.0,False,0,7620.653,46.0
377.09459243016073,476.0,4187.0,295.7499968,8,100.0,False,0,7620.673,46.0
393.373672519236,661.0,4326.0,293.2499968,8,100.0,False,0,7620.873,46.0
394.9905555555556,676.0300106458491,4336.2895846738065,293.0,8,100.0,False,0,7620.893,46.0
417.4226293381352,817.0,4407.0,289.1111111111111,8,100.0,False,0,7621.173,46.0
423.7905555555556,868.458127179108,4425.006938645194,288.0,8,100.0,False,0,7621.253,46.0
447.49445912604926,1109.0,4493.0,285.9613632,8,100.0,False,0,7621.552,46.0
458.6238888888889,1213.341814430095,4508.105255525293,285.0,8,100.0,False,0,7621.693,46.0
461.6970327057172,1244.0,4511.0,284.6749994666667,8,100.0,False,0,7621.732,46.0
474.2771747502873,1379.0,4519.0,283.3416661333333,8,100.0,False,0,7621.892,46.0
477.4905555555556,1410.7166690272945,4519.8914279692835,283.0,7,100.0,False,0,7621.933,46.0
486.791017123893,1498.0,4520.0,282.0083328,7,100.0,False,0,7622.052,46.0
496.22388888888895,1595.8415219671974,4517.2083598949375,281.0,7,100.0,False,0,7622.173,46.0
510.2404683288352,1740.0,4508.0,280.35714194285714,7,100.0,False,0,7622.353,46.0
518.0016666666668,1808.573439330402,4500.112931533159,280.0,7,100.0,False,0,7622.4529999999995,46.0
519.5507143170228,1825.0,4498.0,279.8576495207519,7,100.0,False,0,7622.473,46.0
539.6238895173378,2116.0,4459.0,278.0071187994064,7,100.0,False,0,7622.733,46.0
539.7011111111112,2116.934832112795,4458.880215038936,278.0,7,100.0,False,0,7622.7339999999995,46.0
570.5227887653728,2337.0,4441.0,278.0,7,100.0,False,0,7623.133,46.0
573.678888888889,2364.9428824041634,4440.275625748551,278.0,7,100.0,False,0,7623.174,46.0
585.8868769908065,2490.0,4439.0,277.0062512,7,100.0,False,0,7623.333,46.0
596.6057924202386,2597.0,4443.0,276.1312496,7,100.0,False,0,7623.473,46.0
598.2122222222223,2612.6416231372386,4443.94980770016,276.0,7,100.0,False,0,7623.494,46.0
616.4692508314951,2795.0,4466.0,275.0041674666667,7,100.0,False,0,7623.733,46.0
616.5455555555557,2795.863688944978,4466.175560968067,275.0,7,100.0,False,0,7623.7339999999995,46.0
637.8566666666667,3057.058802623119,4538.8907672775385,274.0,7,100.0,False,0,7624.014,46.0
639.2965291044009,3072.0,4544.0,273.86428525714285,7,100.0,False,0,7624.033,46.0
659.0122222222224,3220.9105117008567,4608.737980562169,272.0,7,100.0,False,0,7624.294,46.0
668.0054517593242,3290.0,4647.0,272.0,7,100.0,False,0,7624.413,46.0
672.5380179325261,3330.0,4670.0,272.0,7,100.0,False,0,7624.473,46.0
674.1233333333334,3343.967136121119,4678.338620552292,272.0,7,100.0,False,0,7624.494,46.0
692.1900000000002,3494.7524456819283,4781.346354704708,271.0,7,100.0,False,0,7624.7339999999995,46.0
701.0909774722033,3565.0,4837.0,269.5125024,7,100.0,False,0,7624.853,46.0
704.1455555555557,3588.640404221739,4856.819315080165,269.0,7,100.0,False,0,7624.894,46.0
712.9720357167406,3656.0,4916.0,267.691002112,7,100.0,False,0,7625.013,46.0
771.6748226696304,4094.0,5346.0,258.670999296,7,100.0,False,0,7625.833,46.0
775.8122222222223,4123.920329763417,5374.583872951269,258.0,7,100.0,False,0,7625.894,46.0
791.549141542755,4240.0,5482.0,237.0875168,7,1.4125791999999961,False,0,7626.133,46.0
791.6122222222224,4240.498897442447,5482.450298280833,237.0,7,1.0,True,0,7626.134,46.0
802.4545457924977,4329.0,5561.0,219.0999936,7,1.0,True,0,7626.313,46.0
803.6677777777779,4338.427842034725,5569.2151313722325,217.0,7,1.0,True,0,7626.334,46.0
812.5122222222224,4404.094682702086,5625.352461508108,199.0,7,2.0,True,0,7626.494,46.0
813.51792282462,4412.0,5632.0,197.49582826666668,7,2.079166933333333,True,0,7626.513,46.0
822.5759451357862,4488.0,5695.0,183.24584853333334,7,2.8291658666666666,True,0,7626.693,46.0
824.5122222222224,4503.386100955386,5707.549311397097,180.0,7,3.0,True,0,7626.7339999999995,46.0
829.8576303210729,4545.0,5741.0,171.867891113064,7,3.2710702962312004,True,0,7626.853,46.0
840.4314755134692,4641.0,5814.0,154.10021208938662,7,3.863326263687113,True,0,7627.113,46.0
842.803888888889,4660.894972487499,5826.981425771335,150.0,3,4.0,True,0,7627.173,46.0
848.284519104479,4706.0,5852.0,144.7499904,3,4.0,True,0,7627.313,46.0
852.203888888889,4742.176855233471,5868.549185375022,141.0,3,4.0,True,0,7627.413,46.0
854.5733330296539,4764.0,5877.0,141.0,3,3.6249984,True,0,7627.473,46.0
858.4705555555556,4798.6998155375,5887.4142588011,141.0,3,3.0,True,0,7627.573,46.0
864.2616819496895,4851.0,5897.0,133.88888888888889,3,3.4444444444444446,True,0,7627.733,46.0
870.9705555555556,4918.485355622643,5901.454437635552,125.0,2,4.0,True,0,7627.933,46.0
871.6276672766331,4927.0,5901.0,124.28570514285714,2,4.0,True,0,7627.9529999999995,46.0
878.6466336404496,5037.0,5885.0,116.46428342857143,2,4.0,True,0,7628.172,46.0
879.9150000000001,5054.551513148146,5880.7972799448635,115.0,2,4.0,True,0,7628.213,46.0
890.5150000000001,5147.266643382714,5837.26944329724,106.0,2,4.0,True,0,7628.573,46.0
891.642868807231,5154.0,5833.0,105.80499968,2,5.75500288,True,0,7628.612,46.0
899.7523666821581,5197.0,5802.0,104.4,2,18.4,True,0,7628.893,46.0
902.0705555555556,5212.4987175034,5788.3535153310895,104.0,2,22.0,False,0,7628.973,46.0
904.9782324583879,5233.0,5769.0,104.49751323620626,2,28.467672070681406,False,0,7629.073,46.0
907.9330555555556,5252.324304356616,5749.174835119691,105.0,2,35.0,False,0,7629.174,46.0
913.8333253482793,5288.0,5702.0,106.65833173333333,2,37.4874976,False,0,7629.373,46.0
915.0663888888889,5295.389873015477,5689.100011315803,107.0,2,38.0,False,0,7629.414,46.0
922.3693569432927,5334.0,5607.0,109.2406232,2,40.2406232,False,0,7629.653,46.0
924.8441666666668,5341.530143115621,5588.619437237659,110.0,2,41.0,False,0,7629.7339999999995,46.0
929.7330555555557,5351.491148326402,5554.477740849793,110.0,2,42.0,False,0,7629.894,46.0
930.3265715027313,5353.0,5548.0,110.4156264,2,42.296876,False,0,7629.913,46.0
938.7719650629684,5378.0,5424.0,116.1031208,2,46.359372,False,0,7630.173,46.0
940.1330555555556,5380.72072260912,5408.15562314671,117.0,2,47.0,False,0,7630.214,46.0
948.266388888889,5386.337925407903,5353.91461392219,122.0,2,55.0,False,0,7630.454,46.0
954.7541726847187,5389.0,5311.0,126.92250176,2,55.0,False,0,7630.633,46.0
963.006778497611,5397.0,5229.0,132.97249472,2,55.0,False,0,7630.853,46.0
963.0441666666667,5397.044925074186,5228.60594577771,133.0,3,55.0,False,0,7630.854,46.0
971.8748696663529,5410.0,5137.0,133.0,3,14.170866133333334,False,0,7631.093,46.0
971.9108333333334,5410.066462272767,5136.648679858093,133.0,3,14.0,False,0,7631.094,46.0
978.1552195123443,5424.0,5078.0,125.83999744,3,1.4699955199999994,False,0,7631.273,46.0
978.8552777777778,5425.955199390242,5071.26437617854,125.0,3,0.0,True,0,7631.294,46.0
981.4201750666132,5434.0,5046.0,120.062512,3,0.0,True,0,7631.373,46.0
983.9663888888889,5443.5184721888045,5020.608662236733,115.0,3,0.0,True,0,7631.454,46.0
991.1376743339791,5477.0,4952.0,108.02917226666666,3,0.0,True,0,7631.693,46.0
991.1663888888888,5477.145645701068,4951.748532951877,108.0,2,0.0,True,0,7631.6939999999995,46.0
995.5831130001884,5501.0,4915.0,103.031256,2,0.0,True,0,7631.853,46.0
999.8775,5528.341408630273,4879.899515222728,98.0,2,0.0,True,0,7632.014,46.0
1003.5354505983224,5554.0,4852.0,95.21999872,2,0.0,True,0,7632.153,46.0
1005.0997222222222,5565.654078868264,4840.8185548813835,94.0,2,0.0,True,0,7632.214,46.0
1009.0193513472539,5597.0,4812.0,90.0250048,2,0.0,True,0,7632.373,46.0
1009.5016796105078,5601.0,4808.0,89.5249984,2,0.0,True,0,7632.393,46.0
1010.9663888888889,5612.595171083676,4797.435670433592,88.0,2,0.0,True,0,7632.454,46.0
1014.2681613414416,5640.0,4779.0,86.5107136,2,0.0,True,0,7632.593,46.0
1017.5775,5680.21722100546,4757.808926014521,85.0,2,0.0,False,0,7632.7339999999995,46.0
1021.2629323459178,5726.0,4737.0,83.41000192,2,0.0,False,0,7632.893,46.0
1022.1886111111111,5734.921841835287,4733.490887376402,83.0,2,0.0,False,0,7632.934,46.0
1027.388611111111,5766.382318171534,4727.562055153247,78.0,2,0.0,False,0,7633.174,46.0
1030.3551714384148,5788.0,4731.0,77.5656248,2,7.3843784,False,0,7633.313,46.0
1034.2330555555554,5830.198751505449,4740.717548989451,77.0,2,17.0,False,0,7633.494,46.0
1035.9440032968146,5850.0,4748.0,77.56428434285715,2,18.410710857142856,False,0,7633.573,46.0
1040.3774999999998,5898.227793651578,4776.814024511523,79.0,2,22.0,False,0,7633.774,46.0
1045.4129465252267,5938.0,4809.0,81.74608396002546,2,26.805646930044546,False,0,7633.9929999999995,46.0
1047.732222222222,5948.25288571816,4817.953398033732,83.0,2,29.0,False,0,7634.093,46.0
1051.4285149048517,5963.0,4833.0,83.57142857142857,2,32.42857142857143,False,0,7634.253,46.0
1054.2655555555552,5982.448083935553,4854.079286230762,84.0,2,35.0,False,0,7634.373,46.0
1056.2166392348176,5996.0,4869.0,86.0,2,36.666666666666664,False,0,7634.4529999999995,46.0
1060.2655555555552,6018.259834350214,4894.007399306838,90.0,2,40.0,False,0,7634.613,46.0
1064.4914881590094,6046.0,4932.0,94.63750186666667,2,45.30000213333334,False,0,7634.772,46.0
1066.732222222222,6066.862961060901,4963.828939125464,97.0,2,48.0,False,0,7634.853,46.0
1070.1397499949119,6098.0,5013.0,100.3468768,2,50.2312512,False,0,7634.972,46.0
1076.1544444444442,6123.460425814636,5055.382191574498,106.0,2,54.0,False,0,7635.173,46.0
1083.6211111111108,6139.0,5089.0,112.0,2,58.0,False,0,7635.413,46.0
1088.111474065399,6158.0,5130.0,115.5000064,2,61.5000064,False,0,7635.553,46.0
1088.7766666666664,6161.079154765858,5137.093764921763,116.0,2,62.0,False,0,7635.573,46.0
1097.2786111111109,6201.095243515034,5238.518286338264,127.0,2,70.0,False,0,7635.814,46.0
1099.4139457899064,6209.0,5260.0,128.4750016,2,71.4750016,False,0,7635.873,46.0
1109.2786111111109,6231.702084695338,5329.55916801653,135.0,3,78.0,False,0,7636.134,46.0
1111.730507508054,6237.0,5348.0,139.4250048,3,80.0281272,False,0,7636.193,46.0
1123.4119444444443,6266.568785787782,5456.669685198709,159.0,3,89.0,False,0,7636.454,46.0
1125.2055863184114,6271.0,5474.0,160.624992,3,90.7874912,False,0,7636.4929999999995,46.0
1134.6298064806876,6292.0,5564.0,168.95832533333333,3,99.95415786666666,False,0,7636.693,46.0
1134.678611111111,6292.097558109836,5564.479648438372,169.0,4,100.0,False,0,7636.6939999999995,46.0
1166.7885399559866,6332.0,5895.0,192.95999232,4,100.0,False,0,7637.293,46.0
1166.8452777777775,6332.018962217883,5895.524119039275,193.0,5,100.0,False,0,7637.294,46.0
1183.0230555555554,6327.3889192092665,6046.672139842488,208.0,5,100.0,False,0,7637.574,46.0
1185.3214693479842,6324.0,6075.0,208.9749952,5,100.0,False,0,7637.613,46.0
1199.7452777777778,6287.6564699237815,6290.94667597508,215.0,5,100.0,False,0,7637.854,46.0
1202.1086968771278,6281.0,6322.0,215.812496,5,100.0,False,0,7637.893,46.0
1214.4119444444443,6247.214742373263,6440.700503930789,220.0,5,100.0,False,0,7638.094,46.0
1224.3230555555554,6216.003546290857,6513.550483284881,223.0,5,100.0,False,0,7638.254,46.0
1226.7287811481806,6207.0,6533.0,223.0,5,100.0,False,0,7638.293,46.0
1234.2341666666664,6175.583719697356,6597.565583058854,223.0,6,100.0,False,0,7638.414,46.0
1252.5999133091711,6081.0,6764.0,236.9499904,6,100.0,False,0,7638.693,46.0
1252.6674999999998,6080.597202759246,6764.614073594459,237.0,6,100.0,False,0,7638.6939999999995,46.0
1277.3964601452456,5915.0,6981.0,245.9749952,6,100.0,False,0,7639.053,46.0
1282.9786111111107,5877.202302082949,7022.513172498893,248.0,6,100.0,False,0,7639.134,46.0
1294.0008333333328,5804.273319528833,7094.153494199775,248.0,6,100.0,False,0,7639.294,46.0
1308.265327262547,5722.0,7168.0,254.63332693333334,6,100.0,False,0,7639.4929999999995,46.0
1320.0008333333328,5664.462660670406,7217.0164720224,260.0,6,100.0,False,0,7639.6539999999995,46.0
1331.6452777777772,5595.538194124098,7271.92982367382,262.0,6,100.0,False,0,7639.814,46.0
1337.4936362402696,5540.0,7315.0,263.9749952,6,100.0,False,0,7639.893,46.0
1352.5674999999994,5352.8659090957135,7458.574460368738,269.0,7,100.0,False,0,7640.094,46.0
1353.985549422026,5338.0,7470.0,269.0,7,100.0,False,0,7640.113,46.0
1370.5008333333328,5237.290154208746,7548.403976450817,269.0,7,100.0,False,0,7640.334,46.0
1384.3131467847966,5170.0,7603.0,277.05500288,7,100.0,False,0,7640.513,46.0
1385.9452777777772,5158.848248661272,7612.065209430785,278.0,7,100.0,False,0,7640.534,46.0
1399.8936017651347,5050.0,7701.0,280.246864533046,7,100.0,False,0,7640.713,46.0
1404.600555555555,5019.507206599217,7726.40780592639,281.0,7,100.0,False,0,7640.773,46.0
1414.076830421132,4954.0,7782.0,283.4,7,100.0,False,0,7640.893,46.0
1420.4338888888883,4886.147593279253,7839.864502464721,285.0,7,100.0,False,0,7640.973,46.0
1433.2338888888883,4728.6955387254575,7974.420207349218,288.0,7,100.0,False,0,7641.133,46.0
1434.8428941553636,4714.0,7987.0,288.2500032,7,100.0,False,0,7641.153,46.0
1459.1894444444438,4612.170749798137,8074.713013341268,292.0,7,100.0,False,0,7641.4529999999995,46.0
1464.0075347301968,4585.0,8098.0,292.63214354285714,7,100.0,False,0,7641.512,46.0
1482.1338888888881,4421.83717487208,8237.303580198259,295.0,7,100.0,False,0,7641.733,46.0
1486.9978987276563,4380.0,8273.0,295.63214354285714,7,100.0,False,0,7641.792,46.0
1505.311666666666,4260.6691763426215,8374.882643210074,298.0,7,100.0,False,0,7642.013,46.0
1510.3088336598573,4229.0,8402.0,298.6428598857143,7,100.0,False,0,7642.073,46.0
1528.7227777777773,4096.92450767352,8515.451067505768,301.0,8,100.0,False,0,7642.293,46.0
1540.5151344596907,4007.0,8593.0,302.30841282487455,8,100.0,False,0,7642.433,46.0
1552.355738614246,3918.0,8670.0,303.6168208647053,8,100.0,False,0,7642.573,46.0
1555.8294444444439,3893.6088836266235,8691.140187704632,304.0,8,100.0,False,0,7642.614,46.0
1571.0297197592413,3771.0,8798.0,305.4916672,8,100.0,False,0,7642.793,46.0
1576.229444444444,3704.033444819852,8856.737684286876,306.0,8,100.0,False,0,7642.854,46.0
1586.4079041588163,3566.0,8978.0,306.99166506666666,8,100.0,False,0,7642.973,46.0
1607.1294444444438,3470.617211995158,9061.730508822642,309.0,8,100.0,False,0,7643.214,46.0
1619.1153268320213,3411.0,9114.0,309.57916693333334,8,100.0,False,0,7643.353,46.0
1645.0484766778968,3125.0,9365.0,310.82916586666664,8,100.0,False,0,7643.653,46.0
1648.5961111111105,3092.2977721731704,9393.754689469308,311.0,8,100.0,False,0,7643.6939999999995,46.0
1669.3961111111105,2964.140705928989,9506.730259126572,312.0,8,100.0,False,0,7643.934,46.0
1679.7668397443886,2910.0,9554.0,312.99166506666666,8,100.0,False,0,7644.053,46.0
1690.3294444444439,2851.2997810157303,9604.731360653324,314.0,8,100.0,False,0,7644.174,46.0
1705.936418734891,2758.0,9685.0,314.0,8,100.0,False,0,7644.353,46.0
1714.7516666666659,2702.155603911918,9733.244425146979,314.0,8,100.0,False,0,7644.454,46.0
1732.1664081254116,2567.0,9851.0,314.49749952,8,100.0,False,0,7644.653,46.0
1749.751666666666,2371.6486663359137,10023.083193971852,315.0,8,100.0,False,0,7644.854,46.0
1753.155351364856,2339.0,10052.0,314.8607149714286,8,100.0,False,0,7644.893,46.0
1774.173888888888,2211.70698060016,10166.125455772977,314.0,8,100.0,False,0,7645.134,46.0
1784.6021244195645,2155.0,10217.0,314.3718744,8,100.0,False,0,7645.253,46.0
1802.173888888888,2032.2214143257966,10326.242620211904,315.0,8,100.0,False,0,7645.454,46.0
1805.5492057861818,2008.0,10348.0,313.9031304,8,100.0,False,0,7645.4929999999995,46.0
1820.9562894252017,1892.0,10452.0,308.8406232,8,100.0,False,0,7645.673,46.0
1829.3738888888881,1801.8087651386022,10528.835897860357,306.0,8,100.0,False,0,7645.774,46.0
1842.2087107761627,1652.0,10652.0,292.750016,8,39.0500736,False,0,7645.933,46.0
1848.440555555555,1596.132221894015,10695.772324616824,286.0,8,8.0,True,0,7646.014,46.0
1870.840555555555,1471.711199088826,10777.395682191855,252.0,8,3.0,True,0,7646.334,46.0
1873.4154314337698,1456.0,10787.0,248.1000192,8,3.19499904,True,0,7646.373,46.0
1883.729444444444,1374.4582745534105,10833.394408310893,232.0,8,4.0,True,0,7646.534,46.0
1884.9061587222664,1360.0,10840.0,230.38499456,8,3.90499968,True,0,7646.553,46.0
1895.6738888888883,1182.9401118551423,10908.772505172386,215.0,8,3.0,True,0,7646.7339999999995,46.0
1896.7584716428237,1169.0,10914.0,213.64285257142856,8,3.0,True,0,7646.753,46.0
1910.840555555555,1102.7223850512953,10934.055903424607,195.0,5,3.0,True,0,7647.014,46.0
1912.8331256252727,1087.0,10935.0,192.4000128,5,3.0,True,0,7647.053,46.0
1922.7738888888882,933.5409008718955,10944.509117328264,179.0,4,3.0,True,0,7647.254,46.0
1927.5955564087733,865.0,10949.0,176.92886729013605,4,3.0,True,0,7647.353,46.0
1934.325555555555,813.8934814063491,10952.89473976929,174.0,4,3.0,True,0,7647.4929999999995,46.0
1945.5016494221607,754.0,10943.0,168.0,4,3.0,True,0,7647.733,46.0
1947.314444444444,730.3293238215831,10937.578364331583,167.0,4,3.0,True,0,7647.773,46.0
1954.3720031765893,618.0,10910.0,162.5281232,4,3.0,True,0,7647.932,46.0
1961.3588888888883,550.4045611815087,10888.175443105523,158.0,4,3.0,True,0,7648.093,46.0
1973.294201437252,496.0,10852.0,154.0142848,4,8.9785728,True,0,7648.372,46.0
1973.3366666666661,495.72868764764803,10851.81837797254,154.0,4,9.0,False,0,7648.373,46.0
1980.0922222222218,444.11500675827034,10816.938534862798,152.0,4,9.0,False,0,7648.533,46.0
1983.416272907859,415.0,10791.0,150.85714285714286,4,15.571428571428571,False,0,7648.613,46.0
1991.6033333333328,341.35788574687496,10700.043113650892,148.0,4,32.0,False,0,7648.813,46.0
1992.4192599633598,335.0,10691.0,147.87577495559756,4,32.86957531081702,False,0,7648.833,46.0
1998.1774999999996,297.99441552397354,10632.663019851268,147.0,4,39.0,False,0,7648.974,46.0
2010.625586521785,252.0,10535.0,149.3000004923077,4,44.17500110769231,False,0,7649.273,46.0
2019.9886111111107,227.86936104465843,10474.694246431583,151.0,4,48.0,False,0,7649.494,46.0
2020.7981156079527,226.0,10469.0,151.28500096,4,48.57000192,False,0,7649.513,46.0
2028.5441666666661,209.394957062504,10405.243378912954,154.0,4,54.0,False,0,7649.6939999999995,46.0
2031.9427722498212,203.0,10362.0,154.78999808,4,54.78999808,False,0,7649.773,46.0
2037.2108333333329,194.36164764970331,10271.059059677926,156.0,4,56.0,False,0,7649.894,46.0
2040.7290593222185,190.0,10214.0,157.9749952,4,63.1593576,False,0,7649.973,46.0
2051.7886111111106,184.78931747792694,10116.673367524529,164.0,4,85.0,False,0,7650.214,46.0
2064.8097731730686,181.0,10032.0,167.98571154285713,4,49.12859611428571,False,0,7650.4929999999995,46.0
2064.8552777777772,180.96226322952595,10031.495272621418,168.0,4,49.0,False,0,7650.494,46.0
2071.966388888888,172.68616084799746,9936.81981553858,160.0,4,3.0,True,0,7650.6539999999995,46.0
2073.6478899093554,170.0,9915.0,158.24500864,4,3.5849971199999997,True,0,7650.693,46.0
2080.3552777777772,156.14931722298672,9842.859223992138,151.0,4,6.0,True,0,7650.854,46.0
2090.2527504758127,128.0,9768.0,140.63999744,4,6.0,True,0,7651.113,46.0
2095.3552777777772,112.16284787295805,9734.426344951535,135.0,3,6.0,True,0,7651.254,46.0
2103.0505082576374,81.0,9681.0,130.0227258181818,3,5.502272581818182,True,0,7651.473,46.0
2105.8047598959606,65.0,9657.0,128.204544,3,5.3204544,True,0,7651.553,46.0
2110.633055555555,28.65385536188134,9613.484911839274,125.0,2,5.0,True,0,7651.6939999999995,46.0
2116.0552777777775,-18.75515594470665,9567.488626499196,122.0,2,0.0,False,0,7651.854,46.0
2118.016836155851,-34.0,9554.0,120.94642742857143,2,0.0,False,0,7651.913,46.0
2125.1552777777774,-79.88208677852676,9520.287857390349,117.0,2,0.0,False,0,7652.134,46.0
2129.478065318234,-112.0,9502.0,114.29722097777778,2,0.0,False,0,7652.273,46.0
2134.9259678061503,-165.0,9475.0,110.79722595555556,2,0.0,False,0,7652.4529999999995,46.0
2136.1552777777774,-177.02319030146714,9469.910179191258,110.0,2,0.0,True,0,7652.494,46.0
2140.884709704344,-222.0,9455.0,108.41000192,2,0.0,True,0,7652.653,46.0
2146.744785965433,-277.0,9444.0,106.41000192,2,0.0,True,0,7652.853,46.0
2147.9330555555553,-287.916317526573,9442.537470404808,106.0,2,0.0,False,0,7652.894,46.0
2151.928396139744,-329.0,9441.0,104.95749952,2,8.34000384,False,0,7653.033,46.0
2158.201263350049,-426.0,9457.0,103.30750144,2,21.539988479999998,False,0,7653.253,46.0
2159.3774999999996,-441.8342510961473,9461.346157179505,103.0,2,24.0,False,0,7653.294,46.0
2165.1552777777774,-498.6726508020757,9486.848605526397,104.0,2,29.0,False,0,7653.494,46.0
2172.1607659283945,-542.0,9519.0,105.4937488,2,34.9749952,False,0,7653.733,46.0
2174.5775,-554.6303945012384,9528.750043220503,106.0,2,37.0,False,0,7653.814,46.0
2182.4811567837646,-596.0,9566.0,109.71326512167349,2,41.64158140209186,False,0,7654.073,46.0
2183.1025,-600.1210155910642,9570.34339264183,110.0,2,42.0,False,0,7654.093,46.0
2187.493074629775,-631.0,9605.0,112.6250048,2,44.6250048,False,0,7654.233,46.0
2188.1247222222223,-635.0470379364347,9609.870923759303,113.0,2,45.0,False,0,7654.253,46.0
2193.235833333333,-662.436294514569,9646.323218078183,115.0,2,46.0,False,0,7654.413,46.0
2199.2301490887003,-693.0,9702.0,118.9777792,2,48.486112,False,0,7654.592,46.0
2205.5358333333334,-730.7225966733954,9786.823946720713,123.0,2,51.0,False,0,7654.773,46.0
2206.2071827694476,-734.0,9795.0,123.34545570909091,2,51.12954589090909,False,0,7654.792,46.0
2221.5469444444448,-764.0,9913.0,131.0,3,54.0,False,0,7655.213,46.0
2229.1580555555556,-772.8616191116489,9966.522194616397,137.0,3,60.0,False,0,7655.413,46.0
2237.04583118982,-776.0,10054.0,141.97511962575638,3,61.99004785030255,False,0,7655.613,46.0
2237.086388888889,-775.9848978951484,10054.593763623352,142.0,3,62.0,False,0,7655.614,46.0
2244.5412067391485,-770.0,10169.0,148.7125024,3,68.7125024,False,0,7655.793,46.0
2247.1530555555555,-768.1554715833389,10194.44770390874,151.0,3,71.0,False,0,7655.854,46.0
2256.8007952908056,-761.0,10245.0,158.30000213333332,3,73.7375008,False,0,7656.073,46.0
2257.7530555555554,-759.7417043169087,10252.197751204014,159.0,3,74.0,False,0,7656.094,46.0
2268.931573051758,-738.0,10365.0,167.5357074285714,3,80.82856594285714,False,0,7656.333,46.0
2270.8974999999996,-733.2770830736184,10385.209573443419,169.0,4,82.0,False,0,7656.374,46.0
2280.6752777777774,-705.7127135032036,10482.963124408529,176.0,4,89.0,False,0,7656.574,46.0
2282.6281877885112,-699.0,10503.0,177.25356525714287,4,90.53213531428571,False,0,7656.613,46.0
2286.6850471095227,-684.0,10545.0,179.82499382857142,4,93.67499245714286,False,0,7656.693,46.0
2295.0641666666666,-654.28357700278,10624.016276730743,185.0,4,100.0,False,0,7656.854,46.0
2303.62996191256,-623.0,10700.0,190.56499328,4,99.60250048,False,0,7657.013,46.0
2313.6811993973733,-582.0,10790.0,196.86500224,4,99.15249984,False,0,7657.193,46.0
2317.1752777777774,-567.6338692672145,10819.895098183884,199.0,5,99.0,False,0,7657.254,46.0
2327.685001891246,-524.0,10907.0,207.390628,5,99.5593752,False,0,7657.433,46.0
2336.1974999999998,-486.55449112272794,10979.509127714404,214.0,5,100.0,False,0,7657.574,46.0
2339.8130026992653,-470.0,11011.0,216.10714514285715,5,100.0,False,0,7657.633,46.0
2351.0300825838326,-415.0,11113.0,222.5357074285714,5,100.0,False,0,7657.813,46.0
2353.619722222222,-400.7250254158911,11138.64388686028,224.0,5,100.0,False,0,7657.854,46.0
2366.4530555555552,-320.56437044883603,11276.127243234849,231.0,5,100.0,False,0,7658.054,46.0
2369.007267288693,-303.0,11304.0,232.07249472,5,100.0,False,0,7658.093,46.0
2393.3419444444444,-134.28291595084892,11544.597102608259,242.0,6,100.0,False,0,7658.454,46.0
2396.0072458919867,-123.0,11560.0,242.9749952,6,100.0,False,0,7658.4929999999995,46.0
2407.064166666666,-97.0682694367232,11594.625224197087,247.0,6,100.0,False,0,7658.6539999999995,46.0
2413.9140569140354,-72.0,11624.0,248.48500096,6,100.0,False,0,7658.753,46.0
2420.9530555555552,-24.931514922374262,11677.783000695907,250.0,6,100.0,False,0,7658.854,46.0
2432.241944444444,80.05166922574115,11795.926149410809,254.0,6,100.0,False,0,7659.014,46.0
2437.902847468724,124.0,11844.0,255.9749952,6,100.0,False,0,7659.093,46.0
2449.5752777777775,189.28284492898092,11911.514092618716,260.0,6,100.0,False,0,7659.254,46.0
2464.0955113187515,264.0,11980.0,262.4874976,6,100.0,False,0,7659.4529999999995,46.0
2473.041944444444,331.4149311813695,12040.359196421206,264.0,6,100.0,False,0,7659.574,46.0
2480.45593565771,391.0,12092.0,266.4750016,6,100.0,False,0,7659.673,46.0
2494.119722222222,495.833308518913,12176.456228620382,271.0,7,100.0,False,0,7659.854,46.0
2495.5501001696375,507.0,12185.0,271.0,7,100.0,False,0,7659.873,46.0
2506.1641666666665,592.1837047421944,12247.659376779919,271.0,7,100.0,False,0,7660.014,46.0
2507.6017990443734,604.0,12256.0,271.28500096,7,100.0,False,0,7660.033,46.0
2521.3100071279746,718.0,12332.0,273.98499712,7,100.0,False,0,7660.213,46.0
2521.386388888889,718.6194761791714,12332.38606820991,274.0,7,100.0,False,0,7660.214,46.0
2533.549068530136,816.0,12389.0,275.3249984,7,100.0,False,0,7660.373,46.0
2539.786388888889,869.1918952632246,12417.276742562673,276.0,7,100.0,False,0,7660.454,46.0
2552.1397609978544,990.0,12475.0,279.17999616,7,100.0,False,0,7660.613,46.0
2555.3419444444444,1026.9450180476724,12490.897598758656,280.0,7,100.0,False,0,7660.6539999999995,46.0
2575.6861013136063,1274.0,12587.0,282.43573874502147,7,100.0,False,0,7660.913,46.0
2580.418888888889,1313.86890805787,12601.28403970804,283.0,7,100.0,False,0,7660.973,46.0
2596.252222222222,1405.821155386759,12629.628464754915,285.0,7,100.0,False,0,7661.173,46.0
2600.955046665312,1440.0,12639.0,285.6555562666667,7,100.0,False,0,7661.232,46.0
2625.1522222222225,1683.5334546211097,12701.62128579969,289.0,7,100.0,False,0,7661.533,46.0
2629.9146761735583,1726.0,12711.0,289.4916672,7,100.0,False,0,7661.592,46.0
2634.8435712503638,1766.0,12719.0,290.0,7,100.0,False,0,7661.653,46.0
2644.552222222222,1857.7410443697104,12736.284626891222,291.0,7,100.0,False,0,7661.773,46.0
2657.520240730213,1994.0,12760.0,291.4432130606734,7,100.0,False,0,7661.933,46.0
2673.8333333333335,2155.507347001918,12783.383085165686,292.0,7,100.0,False,0,7662.134,46.0
2680.2459158924157,2236.0,12793.0,292.0,7,100.0,False,0,7662.213,46.0
2686.811111111111,2335.329189202754,12803.929559917482,292.0,7,100.0,False,0,7662.294,46.0
2693.194357856524,2430.0,12814.0,291.60500096,7,100.0,False,0,7662.373,46.0
2702.977777777778,2536.053812622894,12825.247657032098,291.0,7,100.0,False,0,7662.494,46.0
2722.5777777777776,2669.191299869256,12839.135078985146,294.0,7,100.0,False,0,7662.7339999999995,46.0
2725.76412669478,2697.0,12842.0,294.0,7,100.0,False,0,7662.773,46.0
2745.4444444444443,2909.054145276675,12863.676589941126,294.0,7,100.0,False,0,7663.014,46.0
2748.6377676894294,2942.0,12867.0,294.17727185454544,7,100.0,False,0,7663.053,46.0
2768.3560895661835,3121.0,12885.0,295.26818094545456,7,100.0,False,0,7663.293,46.0
2781.6222222222227,3245.9852858989466,12898.451007349533,296.0,7,100.0,False,0,7663.454,46.0
2791.439622414392,3342.0,12909.0,296.59499904,7,100.0,False,0,7663.573,46.0
2798.1222222222223,3408.293973240125,12916.272463880077,297.0,7,100.0,False,0,7663.6539999999995,46.0
2799.6892696093378,3424.0,12918.0,297.0,7,100.0,False,0,7663.673,46.0
2814.6222222222227,3576.943465472137,12934.959507460466,297.0,7,100.0,False,0,7663.854,46.0
2826.133797881391,3695.0,12948.0,297.77222257777777,7,100.0,False,0,7663.9929999999995,46.0
2842.770729125759,3860.0,12966.0,298.8833336888889,7,100.0,False,0,7664.193,46.0
2844.522222222223,3876.559594684723,12967.824314107522,299.0,7,100.0,False,0,7664.214,46.0
2856.137181690563,3984.0,12980.0,300.1583338666667,7,100.0,False,0,7664.353,46.0
2864.5888888888894,4064.878509673246,12989.96592381988,301.0,7,100.0,False,0,7664.454,46.0
2881.246365785711,4240.0,13013.0,301.0,7,100.0,False,0,7664.653,46.0
2891.344444444445,4363.413270225375,13029.427079612278,301.0,7,100.0,False,0,7664.774,46.0
2901.236091602198,4480.0,13045.0,299.81000192,7,100.0,False,0,7664.893,46.0
2907.9555555555557,4546.826049140608,13053.942287727717,299.0,7,100.0,False,0,7664.974,46.0
2932.709159527692,4752.0,13080.0,298.0656248,7,100.0,False,0,7665.273,46.0
2934.444444444445,4768.774544648542,13081.904761670075,298.0,7,100.0,False,0,7665.294,46.0
2954.1620526793686,4982.0,13103.0,297.0041674666667,7,100.0,False,0,7665.533,46.0
2954.244444444445,4982.908509483408,13103.06921767562,297.0,7,100.0,False,0,7665.534,46.0
2970.688888888889,5162.622488066733,13112.597924376803,296.0,7,100.0,False,0,7665.7339999999995,46.0
2988.5544724443757,5339.0,13110.0,293.65357074285714,7,88.2678537142857,False,0,7665.9529999999995,46.0
2993.4777777777776,5381.1283208340055,13106.210831787022,293.0,7,85.0,False,0,7666.014,46.0
3012.50486911562,5535.0,13077.0,288.3527815111111,7,62.42779591111111,False,0,7666.253,46.0
3022.0777777777776,5627.07166038752,13051.771512280744,286.0,7,51.0,False,0,7666.374,46.0
3031.4859151210703,5718.0,13022.0,284.5125024,7,45.7937584,False,0,7666.4929999999995,46.0
3034.7000000000003,5746.92069413808,13011.068346510221,284.0,7,44.0,False,0,7666.534,46.0
3051.561303651578,5893.0,12941.0,277.61249813333336,7,53.12500266666667,False,0,7666.753,46.0
3053.166666666667,5908.323737061739,12932.287614772293,277.0,7,54.0,False,0,7666.774,46.0
3059.200060421271,5966.0,12898.0,276.2593768,7,56.468744,False,0,7666.853,46.0
3077.5222222222224,6107.00333161655,12797.495878087184,274.0,7,64.0,False,0,7667.094,46.0
3078.9584641145743,6121.0,12785.0,273.8218744,7,64.4750016,False,0,7667.113,46.0
3095.5123397592592,6308.0,12601.0,271.7593768,7,69.9749952,False,0,7667.333,46.0
3101.6111111111113,6350.03112960782,12555.664403063955,271.0,7,72.0,False,0,7667.414,46.0
3116.6466666666665,6388.022526316329,12495.697866594779,272.0,7,78.0,False,0,7667.613,46.0
3122.631728052805,6410.0,12452.0,272.2194446222222,7,82.82778168888889,False,0,7667.692,46.0
3143.870946613472,6538.0,12191.0,272.9972224,7,99.9388928,False,0,7667.972,46.0
3143.9466666666667,6538.420599415701,12190.050415282594,273.0,7,100.0,False,0,7667.973,46.0
3162.146666666667,6615.769970126423,11984.430918524356,273.0,7,100.0,False,0,7668.213,46.0
3174.4577777777777,6648.591771546748,11877.42125786549,277.0,7,100.0,False,0,7668.373,46.0
3176.002179714712,6652.0,11866.0,277.12461211238156,7,100.0,False,0,7668.393,46.0
3199.3352777777777,6689.283616664757,11731.039960227194,279.0,7,100.0,False,0,7668.6939999999995,46.0
3205.489202660227,6701.0,11686.0,279.4388878222222,7,100.0,False,0,7668.773,46.0
3222.673534398924,6743.0,11521.0,280.6611114666667,7,100.0,False,0,7668.9929999999995,46.0
3227.4352777777776,6754.747355037013,11471.704049234417,281.0,7,100.0,False,0,7669.054,46.0
3235.1576315648795,6773.0,11392.0,281.0,7,100.0,False,0,7669.153,46.0
3239.9241666666667,6783.549451792251,11344.478036139033,281.0,7,100.0,False,0,7669.214,46.0
3253.9846716825414,6812.0,11209.0,281.828704,7,100.0,False,0,7669.393,46.0
3325.7241666666664,6922.8707139216,10489.771570805098,286.0,7,100.0,False,0,7670.294,46.0
3330.403586613513,6928.0,10443.0,286.0,7,100.0,False,0,7670.353,46.0
3341.6130555555555,6939.153864720198,10331.853221877975,286.0,7,100.0,False,0,7670.494,46.0
3347.956832546681,6945.0,10268.0,287.1285686857143,7,100.0,False,0,7670.573,46.0
3364.168611111111,6959.08565792881,10095.937318460517,290.0,7,100.0,False,0,7670.774,46.0
3372.0612245812504,6965.0,10005.0,288.1437488,7,100.0,False,0,7670.873,46.0
3376.9241666666667,6968.179674390052,9946.696506870925,287.0,7,100.0,False,0,7670.934,46.0
3396.1908333333336,6977.238581419243,9713.603579925497,289.0,7,100.0,False,0,7671.174,46.0
3402.5336944974397,6979.0,9652.0,289.0,7,100.0,False,0,7671.253,46.0
3409.0352777777775,6980.175364969663,9599.61121728541,289.0,7,100.0,False,0,7671.334,46.0
3431.513055555555,6982.318998785611,9446.791377773648,289.0,7,100.0,False,0,7671.614,46.0
3437.837449806065,6985.0,9363.0,288.67083413333336,7,100.0,False,0,7671.693,46.0
3450.7130555555555,6993.247102865052,9143.315906184864,288.0,7,100.0,False,0,7671.854,46.0
3452.233857373296,6994.0,9124.0,288.0,7,100.0,False,0,7671.873,46.0
3466.713055555555,6996.9894975703355,9055.540312563991,288.0,7,100.0,False,0,7672.054,46.0
3474.584974836068,7000.0,9020.0,287.32499956363637,7,99.77499985454546,False,0,7672.153,46.0
3488.80597341552,7013.0,8871.0,286.09772858181816,7,99.36590952727273,False,0,7672.333,46.0
3501.546388888889,7029.863556458572,8737.386309438858,285.0,7,99.0,False,0,7672.494,46.0
3517.3600506297857,7055.0,8589.0,285.82916586666664,7,99.0,False,0,7672.693,46.0
3520.613055555555,7060.471523879177,8559.879692392127,286.0,7,99.0,False,0,7672.7339999999995,46.0
3528.450786145181,7075.0,8488.0,285.50499968,7,99.24750016,False,0,7672.833,46.0
3552.0899280274243,7138.0,8226.0,284.00500096,7,99.99749952,False,0,7673.133,46.0
3552.168611111111,7138.211486147403,8225.193020239196,284.0,7,100.0,False,0,7673.134,46.0
3574.1797222222226,7194.14007368241,8031.37626803334,283.0,7,100.0,False,0,7673.414,46.0
3581.9652868631765,7217.0,7962.0,283.0,7,100.0,False,0,7673.513,46.0
3596.117292315956,7264.0,7829.0,283.0,7,100.0,False,0,7673.693,46.0
3599.3352777777777,7273.950047951244,7802.662536848766,283.0,7,100.0,False,0,7673.7339999999995,46.0
3607.095895198273,7301.0,7734.0,282.50499968,7,100.0,False,0,7673.833,46.0
3615.0019444444447,7345.532521564564,7622.532223850101,282.0,7,100.0,False,0,7673.934,46.0
3625.8683243298456,7412.0,7456.0,281.5656248,7,100.0,False,0,7674.073,46.0
3639.9797222222223,7452.9145769274,7349.8167871829455,281.0,7,100.0,False,0,7674.254,46.0
3653.7956783606674,7472.0,7289.0,279.7240143763826,7,100.0,False,0,7674.432,46.0
3661.6022222222227,7486.546353517091,7238.749380110947,279.0,7,100.0,False,0,7674.533,46.0
3676.9911111111114,7519.560061198139,7102.957878338177,277.0,7,100.0,False,0,7674.733,46.0
3681.5983356472307,7528.0,7051.0,276.6249984,7,100.0,False,0,7674.793,46.0
3684.6672797403307,7533.0,7014.0,276.3749984,7,100.0,False,0,7674.833,46.0
3689.2577777777783,7538.04551762867,6962.209442256705,276.0,7,100.0,False,0,7674.893,46.0
3701.4355555555558,7537.2206838545735,6848.396841450766,274.0,7,99.0,False,0,7675.053,46.0
3709.0503085357586,7532.0,6782.0,274.0,7,99.41493849100335,False,0,7675.153,46.0
3719.7783333333336,7521.085456833849,6687.51141381066,274.0,7,100.0,False,0,7675.294,46.0
3727.2782717205064,7505.0,6598.0,273.00999936,7,100.0,False,0,7675.393,46.0
3734.889444444445,7477.985203336145,6473.887208159885,272.0,7,100.0,False,0,7675.494,46.0
3739.3109817126137,7462.0,6404.0,271.11499904,7,100.0,False,0,7675.553,46.0
3749.8338888888893,7432.844574603421,6281.251156153521,269.0,7,100.0,False,0,7675.6939999999995,46.0
3770.7561111111117,7399.142198487123,6153.967657588512,269.0,7,100.0,False,0,7675.974,46.0
3775.16614202858,7391.0,6121.0,269.0,7,100.0,False,0,7676.033,46.0
3782.7116666666675,7375.486373934148,6055.535637229602,269.0,7,100.0,False,0,7676.134,46.0
3787.114023184707,7365.0,6005.0,268.6312496,7,74.187472,False,0,7676.193,46.0
3794.6227777777785,7344.094554870009,5889.67181363524,268.0,6,30.0,False,0,7676.294,46.0
3800.4487094083916,7330.0,5805.0,266.0250048,6,22.429185066666665,False,0,7676.373,46.0
3812.0894444444452,7318.158824104527,5715.859739679157,262.0,6,7.0,False,0,7676.534,46.0
3823.066418224044,7318.0,5660.0,253.55313519999999,6,7.9937488,False,0,7676.693,46.0
3833.867222222223,7318.933072767732,5558.783843686179,245.0,6,9.0,True,0,7676.854,46.0
3841.7933191340608,7325.0,5474.0,242.3968792,6,13.0906184,True,0,7676.973,46.0
3855.0227777777786,7352.513330348617,5339.903982307,238.0,6,20.0,False,0,7677.174,46.0
3862.720484955093,7377.0,5264.0,234.43000576,6,25.35499136,False,0,7677.293,46.0
3867.9116666666673,7396.559740569566,5213.256092985881,232.0,6,29.0,False,0,7677.374,46.0
3874.2109285204697,7422.0,5155.0,230.23214171428572,6,31.121429942857144,False,0,7677.473,46.0
3885.505198961003,7477.0,5051.0,227.01786057142857,6,34.97856731428571,False,0,7677.653,46.0
3885.567222222223,7477.468440484964,5050.192640788437,227.0,6,35.0,False,0,7677.6539999999995,46.0
3896.5338382846276,7583.0,4874.0,222.5249984,6,19.3374944,False,0,7677.833,46.0
3909.6783333333337,7653.508164897034,4756.616356449106,217.0,6,0.0,True,0,7678.054,46.0
3921.2338888888894,7682.266381582982,4700.426911977437,208.0,6,2.0,True,0,7678.254,46.0
3923.49338491645,7690.0,4684.0,208.0,6,1.7562512,True,0,7678.293,46.0
3930.478333333334,7718.000840700665,4622.326632793176,208.0,5,1.0,False,0,7678.414,46.0
3933.8049733357147,7731.0,4591.0,205.7874976,5,1.9833344,False,0,7678.473,46.0
3943.7450000000003,7760.921157051658,4501.169347200377,199.0,5,5.0,True,0,7678.6539999999995,46.0
3949.119617399565,7773.0,4449.0,197.34999893333332,5,6.6500010666666665,True,0,7678.753,46.0
3956.6908670511925,7786.0,4369.0,195.01666986666666,5,8.983330133333332,True,0,7678.893,46.0
3956.7450000000003,7786.065461188425,4368.4572250724195,195.0,5,9.0,True,0,7678.894,46.0
3967.524163137098,7789.0,4264.0,195.0,5,11.98499712,True,0,7679.093,46.0
3967.578333333334,7788.9522648104285,4263.382695401332,195.0,5,12.0,False,0,7679.094,46.0
3980.5157436328846,7764.0,4097.0,195.0,5,13.991665066666666,False,0,7679.333,46.0
3987.078333333334,7751.732061649407,4039.184185541295,195.0,5,15.0,False,0,7679.454,46.0
4000.0783333333334,7717.830708973366,3951.240599164108,195.0,5,15.0,False,0,7679.6939999999995,46.0
4001.0930572134685,7713.0,3941.0,194.703124,5,17.8500096,False,0,7679.713,46.0
4014.7905659808957,7627.0,3773.0,190.640628,5,56.8499712,False,0,7679.973,46.0
4016.9672222222225,7616.025498282125,3753.7198741322372,190.0,5,63.0,False,0,7680.014,46.0
4027.745,7575.213610138078,3694.7884530245547,194.0,5,69.0,False,0,7680.214,46.0
4030.9818540632914,7560.0,3676.0,195.18000128,5,69.88500096,False,0,7680.273,46.0
4039.896035542885,7507.0,3614.0,198.38000128,5,72.28500096,False,0,7680.433,46.0
4050.1894444444447,7438.409457733568,3545.651233010062,202.0,5,75.0,False,0,7680.614,46.0
4057.067570646813,7378.0,3499.0,204.9749952,5,78.718744,False,0,7680.733,46.0
4068.8561111111117,7241.02648128348,3414.403874080398,210.0,5,85.0,False,0,7680.934,46.0
4072.2881358280893,7207.0,3395.0,211.45728462210374,5,89.08039694189051,False,0,7680.992,46.0
4080.7408333333337,7148.282418041435,3363.5762747677877,215.0,5,99.0,False,0,7681.133,46.0
4089.3380879442407,7098.0,3338.0,221.9500032,5,99.8687504,False,0,7681.272,46.0
4090.651944444445,7088.872921082097,3333.202772369244,223.0,5,100.0,False,0,7681.293,46.0
4105.918611111111,6962.0605088464545,3262.9696609023295,229.0,5,100.0,False,0,7681.533,46.0
4109.840156233883,6930.0,3243.0,231.13523896809295,5,100.0,False,0,7681.593,46.0
4120.489229545508,6847.0,3184.0,236.82918525550332,5,100.0,False,0,7681.753,46.0
4124.573888888889,6812.973629893458,3155.403392271728,239.0,6,100.0,False,0,7681.814,46.0
4138.018333333333,6698.477243736683,3047.2151843741294,242.0,6,100.0,False,0,7682.014,46.0
4139.302291811378,6689.0,3038.0,242.2375008,6,100.0,False,0,7682.033,46.0
4159.884999999999,6566.896918935907,2912.0833910119127,246.0,6,100.0,False,0,7682.334,46.0
4165.403876606986,6525.0,2862.0,248.30416106666667,6,100.0,False,0,7682.413,46.0
4176.751666666667,6416.202045143793,2724.6528180828504,253.0,6,100.0,False,0,7682.574,46.0
4182.3180583523845,6370.0,2664.0,253.4937488,6,100.0,False,0,7682.653,46.0
4188.040555555555,6335.684815602273,2616.9132586328574,254.0,6,100.0,False,0,7682.734,46.0
4205.1738888888885,6285.437710004775,2534.1783811070227,257.0,6,100.0,False,0,7682.974,46.0
4207.9706069440335,6276.0,2518.0,257.4874976,6,100.0,False,0,7683.013,46.0
4222.507222222222,6212.5880827115525,2410.9889174044038,260.0,6,100.0,False,0,7683.214,46.0
4234.363063473779,6157.0,2313.0,264.6977216,6,100.0,False,0,7683.373,46.0
4249.651017259245,6088.0,2180.0,270.6068125090909,6,100.0,False,0,7683.573,46.0
4255.873888888889,6052.911189130662,2110.280986684074,273.0,7,100.0,False,0,7683.6539999999995,46.0
4272.77659415011,5948.0,1899.0,277.56250133333333,7,100.0,False,0,7683.873,46.0
4274.407222222222,5939.223596430086,1881.1305315613672,278.0,7,100.0,False,0,7683.894,46.0
4296.3405555555555,5845.73352292522,1687.7721918227014,282.0,7,100.0,False,0,7684.174,46.0
4301.005791877852,5829.0,1653.0,282.84285805714285,7,100.0,False,0,7684.233,46.0
4318.585,5771.644775640126,1534.3309872050993,286.0,7,100.0,False,0,7684.454,46.0
4336.087606648501,5708.0,1402.0,287.5642861714286,7,100.0,False,0,7684.673,46.0
4340.904604263935,5687.0,1358.0,287.9928557714286,7,100.0,False,0,7684.733,46.0
4340.985000000001,5686.6473563049285,1357.2599496734238,288.0,7,100.0,False,0,7684.734,46.0
4363.525033649315,5590.0,1154.0,290.6156232,7,100.0,False,0,7685.013,46.0
4366.8516666666665,5576.20671640102,1125.3246081617165,291.0,7,100.0,False,0,7685.054,46.0
4376.526664314869,5535.0,1040.0,292.4874976,7,100.0,False,0,7685.173,46.0
4379.873888888888,5519.298384744119,1007.3539088778477,293.0,7,100.0,False,0,7685.214,46.0
4402.872588610845,5401.0,760.0,296.4874976,7,100.0,False,0,7685.4929999999995,46.0
4406.273888888889,5385.079250985911,726.6862625718716,297.0,7,100.0,False,0,7685.534,46.0
4436.273888888889,5266.034174060322,478.02383413045425,300.0,7,100.0,False,0,7685.894,46.0
4439.527996951389,5254.0,453.0,300.1624992,7,100.0,False,0,7685.933,46.0
4456.3405555555555,5192.4118162021205,325.43948187453685,301.0,8,100.0,False,0,7686.134,46.0
4464.696501240109,5159.0,257.0,302.8562512,8,100.0,False,0,7686.233,46.0
4469.851666666667,5136.685840928564,211.59979206529374,304.0,8,100.0,False,0,7686.294,46.0
4479.891729602421,5092.0,121.0,304.0,8,100.0,False,0,7686.413,46.0
4486.740555555555,5063.801458345768,63.72678169638924,304.0,8,100.0,False,0,7686.494,46.0
4503.740555555555,4995.820723631234,-76.73073849916926,306.0,8,100.0,False,0,7686.6939999999995,46.0
4508.748041474562,4971.0,-130.0,305.7892854857143,8,100.0,False,0,7686.753,46.0
4512.138464356465,4953.0,-169.0,305.6464283428571,8,100.0,False,0,7686.793,46.0
4527.462777777778,4890.876756672309,-299.04349210046905,305.0,8,100.0,False,0,7686.974,46.0
4535.851389089181,4850.0,-383.0,305.0,8,100.0,False,0,7687.073,46.0
4554.4991887728875,4725.0,-642.0,305.0,8,100.0,False,0,7687.293,46.0
4561.351666666667,4693.337635386184,-707.6062251612041,305.0,8,100.0,False,0,7687.374,46.0
4578.240555555556,4646.7270586717095,-803.8674269053971,304.0,8,100.0,False,0,7687.574,46.0
4581.449207004334,4636.0,-826.0,304.0,8,100.0,False,0,7687.612,46.0
4591.751666666667,4594.32669899189,-911.9806625629373,304.0,8,100.0,False,0,7687.734,46.0
4611.9213051281495,4499.0,-1109.0,304.0,8,100.0,False,0,7687.973,46.0
4625.438460977419,4444.0,-1223.0,304.0,8,100.0,False,0,7688.133,46.0
4628.822777777777,4429.70726460793,-1252.3495412203988,304.0,8,100.0,False,0,7688.173,46.0
4644.072428672427,4362.0,-1390.0,304.8955228062668,8,100.0,False,0,7688.353,46.0
4645.851944444445,4354.101401716796,-1405.9772312038178,305.0,8,100.0,False,0,7688.374,46.0
4657.628179815274,4302.0,-1511.0,305.0,8,100.0,False,0,7688.513,46.0
4672.963055555555,4233.0424906946455,-1649.0007310849012,305.0,8,100.0,False,0,7688.6939999999995,46.0
4683.050598207074,4188.0,-1739.0,305.0,8,100.0,False,0,7688.813,46.0
4693.296388888889,4143.073750348793,-1828.9232494795563,305.0,8,100.0,False,0,7688.934,46.0
4701.658708984525,4105.0,-1905.0,304.6464283428571,8,100.0,False,0,7689.033,46.0
4715.164270394442,4040.0,-2034.0,304.07499977142857,8,100.0,False,0,7689.193,46.0
4716.940833333332,4031.9617536228184,-2049.7727010338326,304.0,8,100.0,False,0,7689.214,46.0
4728.725944421826,3982.0,-2147.0,304.69500032,8,100.0,False,0,7689.353,46.0
4749.1517827530115,3895.0,-2317.0,305.89500032,8,100.0,False,0,7689.593,46.0
4750.940833333333,3886.8294616193325,-2332.767465468015,306.0,8,100.0,False,0,7689.614,46.0
4764.494386596383,3824.0,-2453.0,306.39749952,8,100.0,False,0,7689.773,46.0
4779.848843482909,3760.0,-2575.0,306.84750016,8,100.0,False,0,7689.9529999999995,46.0
4785.051944444444,3735.398174081492,-2621.493764600102,307.0,8,100.0,False,0,7690.014,46.0
4796.907230165842,3676.0,-2733.0,307.0,8,100.0,False,0,7690.153,46.0
4808.929722222222,3619.644661042112,-2837.320806228173,307.0,8,100.0,False,0,7690.294,46.0
4810.549367589459,3611.0,-2853.0,307.0,8,100.0,False,0,7690.313,46.0
4839.537366565054,3422.0,-3186.0,307.0,8,100.0,False,0,7690.653,46.0
4843.040833333333,3404.644486333953,-3216.300214090189,307.0,8,100.0,False,0,7690.6939999999995,46.0
4863.3741666666665,3338.9327703995027,-3329.149096420433,305.0,8,100.0,True,0,7690.934,46.0
4876.055586274053,3276.0,-3422.0,293.0750144,8,55.83338666666667,True,0,7691.093,46.0
4889.63245290188,3170.0,-3569.0,279.5749952,8,5.833315555555558,True,0,7691.273,46.0
4891.174166666667,3159.230794952884,-3583.327348513187,278.0,8,0.0,True,0,7691.294,46.0
4910.834880997726,3052.0,-3710.0,259.6113762909091,8,3.1704523636363637,True,0,7691.573,46.0
4921.6075,2976.5630854648016,-3788.6814397190647,249.0,8,5.0,True,0,7691.734,46.0
4930.621464196251,2909.0,-3852.0,240.7468712,8,5.8687504,True,0,7691.873,46.0
4936.964221118444,2864.0,-3888.0,234.8093864,8,6.4937488,True,0,7691.973,46.0
4942.051944444444,2826.5083097204106,-3915.9710721091205,230.0,6,7.0,True,0,7692.054,46.0
4955.59431738693,2700.0,-3993.0,223.74285531428572,6,7.782143085714286,True,0,7692.273,46.0
4959.318611111111,2650.3840757285416,-4016.103316917737,222.0,5,8.0,True,0,7692.334,46.0
4970.133662967329,2498.0,-4078.0,218.16428434285714,5,10.55714377142857,True,0,7692.513,46.0
4976.118611111111,2444.982380418561,-4096.794662068218,216.0,5,12.0,False,0,7692.614,46.0
4992.16190031181,2363.0,-4108.0,207.03214902857144,5,25.949990399999997,False,0,7692.893,46.0
4992.218611111111,2362.549601833034,-4108.041365678221,207.0,5,26.0,False,0,7692.894,46.0
5004.535917471269,2239.0,-4117.0,204.2624992,5,34.2125024,False,0,7693.113,46.0
5014.663055555556,2142.4859568877255,-4110.841426635946,202.0,5,41.0,False,0,7693.294,46.0
5017.9700422820515,2110.0,-4106.0,202.0,5,41.0,False,0,7693.353,46.0
5025.885277777777,2027.216338436486,-4089.4510003475816,202.0,5,41.0,False,0,7693.494,46.0
5028.077773093593,2005.0,-4084.0,202.19499904,5,44.11998464,False,0,7693.533,46.0
5037.163055555556,1919.2607022864065,-4057.1240823665835,203.0,5,57.0,False,0,7693.6939999999995,46.0
5038.242595800498,1909.0,-4053.0,203.15000050526316,5,58.02500345263158,False,0,7693.713,46.0
5081.285277777778,1505.4210067457052,-3778.9397006294175,209.0,5,98.0,False,0,7694.454,46.0
5082.333702355698,1500.0,-3774.0,209.06451571464882,5,98.12903142929761,False,0,7694.472,46.0
5097.560277777778,1443.375310344316,-3710.793451775625,210.0,5,100.0,False,0,7694.733,46.0
5098.737741187145,1438.0,-3704.0,210.3750048,5,100.0,False,0,7694.753,46.0
5107.026944444444,1390.7272486248376,-3643.426493456806,213.0,5,100.0,False,0,7694.893,46.0
5116.560347946959,1331.0,-3562.0,213.99688413893534,5,100.0,False,0,7695.053,46.0
5126.197777777777,1280.4126554437128,-3482.003976435231,215.0,5,100.0,False,0,7695.214,46.0
5127.337112675064,1274.0,-3471.0,215.19000064,5,100.0,False,0,7695.233,46.0
5138.253333333333,1204.86473622517,-3345.2441271983384,217.0,5,100.0,False,0,7695.414,46.0
5143.103153155973,1178.0,-3295.0,218.9749952,5,100.0,False,0,7695.4929999999995,46.0
5150.586666666667,1146.6088630189392,-3235.797302364138,222.0,5,100.0,False,0,7695.614,46.0
5160.453333333334,1115.2625351498937,-3176.3345612969406,222.0,5,100.0,False,0,7695.774,46.0
5165.354508744114,1094.0,-3137.0,222.65833173333334,5,99.78055608888889,False,0,7695.853,46.0
5171.596452096435,1061.0,-3077.0,223.4916672,5,99.5027776,False,0,7695.9529999999995,46.0
5182.953333333334,994.5172854215787,-2963.0839529453756,225.0,5,99.0,False,0,7696.134,46.0
5193.042222222223,935.60534877885,-2868.2907961181545,227.0,5,100.0,False,0,7696.294,46.0
5194.249021959996,929.0,-2858.0,227.2714294857143,5,99.93214262857143,False,0,7696.313,46.0
5211.00888888889,845.8927669466468,-2736.00209203025,231.0,6,99.0,False,0,7696.574,46.0
5219.995128039952,801.0,-2674.0,231.9928576,6,99.4964288,False,0,7696.713,46.0
5227.769734304625,759.0,-2617.0,232.85000045714287,6,99.92500022857143,False,0,7696.833,46.0
5229.131111111112,751.0902134622833,-2606.3176585286183,233.0,6,100.0,False,0,7696.854,46.0
5238.14895498322,693.0,-2528.0,233.57916693333334,6,100.0,False,0,7696.9929999999995,46.0
5244.731111111112,642.3917337330134,-2459.5718965407996,234.0,6,100.0,False,0,7697.094,46.0
5263.098282450978,498.0,-2264.0,236.98928365714286,6,100.0,False,0,7697.373,46.0
5263.1644444444455,497.6163815031881,-2263.4819036093286,237.0,6,100.0,False,0,7697.374,46.0
5281.753333333335,422.25526463399154,-2162.5273597741743,239.0,6,100.0,False,0,7697.6539999999995,46.0
5285.686914379969,403.0,-2137.0,239.3687504,6,100.0,False,0,7697.713,46.0
5295.044869151376,347.0,-2063.0,240.2437488,6,100.0,False,0,7697.853,46.0
5303.1755555555565,301.5484692375769,-2003.589614050803,241.0,6,100.0,False,0,7697.974,46.0
5318.005533063179,202.0,-1879.0,242.09500032,6,99.45249984,False,0,7698.193,46.0
5328.775370464109,90.0,-1744.0,242.89500032,6,99.05249984,False,0,7698.353,46.0
5330.1755555555565,77.78255747009854,-1729.3767251211268,243.0,6,99.0,False,0,7698.374,46.0
5356.397777777778,-40.69869560833848,-1593.1050770095135,236.0,6,0.0,False,0,7698.774,46.0
5360.246412947595,-71.0,-1559.0,235.0166656,6,0.0,False,0,7698.833,46.0
5371.802357163534,-195.0,-1419.0,232.01666986666666,6,0.0,False,0,7699.013,46.0
5371.864444444445,-195.66318171744072,-1418.252269099001,232.0,6,0.0,False,0,7699.014,46.0
5392.412648621767,-366.0,-1227.0,206.87001344,6,0.0,False,0,7699.373,46.0
5394.531111111111,-377.0620688247953,-1214.5112679552205,204.0,6,0.0,True,0,7699.414,46.0
5407.707322457318,-435.0,-1152.0,176.79751872,6,0.0,True,0,7699.693,46.0
5412.864444444445,-481.64150439201734,-1106.6464462120152,165.0,5,0.0,True,0,7699.814,46.0
5420.709489745226,-574.0,-1024.0,150.0750144,5,0.0,True,0,7700.013,46.0
5426.6644444444455,-634.9483371666767,-981.9353826901274,138.0,4,0.0,True,0,7700.174,46.0
5435.804041177695,-707.0,-948.0,130.34772538181818,4,0.0,True,0,7700.433,46.0
5441.942222222223,-740.1762444385995,-933.4129854369564,125.0,2,0.0,True,0,7700.614,46.0
5448.4977777777785,-779.6463507561647,-922.8370493619481,118.0,2,0.0,True,0,7700.814,46.0
5449.691482663122,-791.0,-921.0,116.48000512,2,0.0,True,0,7700.852,46.0
5454.60888888889,-850.2762575738076,-914.0569386600806,110.0,2,0.0,True,0,7701.014,46.0
5455.740662578579,-863.0,-913.0,109.0500032,2,0.0,True,0,7701.052,46.0
5459.320000000001,-895.6536208218663,-911.5777364430091,106.0,2,0.0,True,0,7701.174,46.0
5463.267866743104,-927.0,-913.0,103.09204653419638,2,0.0,True,0,7701.313,46.0
5466.025277777779,-952.6455429159876,-915.5674432047288,101.0,2,0.0,False,0,7701.413,46.0
5470.834805053017,-1001.0,-924.0,97.26555782992904,2,8.962661208170323,False,0,7701.593,46.0
5472.451944444445,-1016.1340514547257,-928.2099629885968,96.0,2,12.0,False,0,7701.6539999999995,46.0
5476.1469592352005,-1051.0,-942.0,96.0,2,18.515628,False,0,7701.793,46.0
5480.985277777778,-1107.4907134985624,-974.2248108445968,96.0,2,27.0,False,0,7701.974,46.0
5484.72712653127,-1151.0,-1003.0,97.15833386666667,2,33.17778062222222,False,0,7702.113,46.0
5490.885277777777,-1207.7198495442708,-1045.6237655913515,99.0,2,43.0,False,0,7702.334,46.0
5496.25905642144,-1244.0,-1075.0,106.458336,2,51.2041696,False,0,7702.513,46.0
5498.151944444445,-1254.6529696373912,-1083.560145433696,109.0,2,54.0,False,0,7702.574,46.0
5508.342365060725,-1317.0,-1124.0,114.9812464,2,39.046884,False,0,7702.893,46.0
5508.3741666666665,-1317.3124446527581,-1124.1521189367386,115.0,2,39.0,False,0,7702.894,46.0
5515.907499999999,-1407.0775500382365,-1161.9820974348852,113.0,2,21.0,False,0,7703.134,46.0
5516.496736767803,-1413.0,-1164.0,112.7624992,2,20.7624992,False,0,7703.153,46.0
5520.840833333333,-1445.7497942159125,-1171.9197710553763,111.0,2,19.0,False,0,7703.294,46.0
5525.695587088417,-1478.0,-1172.0,110.20500096,2,23.76999424,False,0,7703.4529999999995,46.0
5526.951944444443,-1489.1525480352402,-1171.6615972738034,110.0,2,25.0,False,0,7703.494,46.0
5531.854437463203,-1539.0,-1168.0,110.9937488,2,33.943739199999996,False,0,7703.653,46.0
5531.8852777777765,-1539.307513257936,-1167.9565516800183,111.0,2,34.0,False,0,7703.6539999999995,46.0
5536.162999823757,-1582.0,-1159.0,111.0,2,35.4892864,False,0,7703.793,46.0
5540.51861111111,-1634.7125710572686,-1143.1096711608811,111.0,2,37.0,False,0,7703.934,46.0
5545.540833333332,-1698.3788063353027,-1120.619753590427,113.0,2,46.0,False,0,7704.094,46.0
5548.090580107853,-1721.0,-1112.0,114.69285302857143,2,47.128568685714285,False,0,7704.173,46.0
5554.796388888887,-1757.6773492149068,-1094.5237960186707,119.0,2,50.0,False,0,7704.374,46.0
5555.444325736867,-1762.0,-1092.0,119.4156264,2,50.1781256,False,0,7704.393,46.0
5565.960604729597,-1858.0,-1030.0,125.9781208,2,52.9906232,False,0,7704.693,46.0
5565.996388888887,-1858.2840629796967,-1029.7982533927304,126.0,2,53.0,False,0,7704.6939999999995,46.0
5573.274166666665,-1905.60464294197,-991.2957386048815,131.0,3,57.0,False,0,7704.894,46.0
5576.26105983039,-1930.0,-965.0,133.53927954285714,3,58.128568685714285,False,0,7704.973,46.0
5584.163055555554,-2014.8890073096554,-862.7676193920538,140.0,3,61.0,False,0,7705.174,46.0
5584.930036853295,-2022.0,-854.0,140.51818356363637,3,61.30227374545454,False,0,7705.193,46.0
5602.696913024443,-2108.0,-743.0,151.97272203636365,3,67.98408785454545,False,0,7705.613,46.0
5602.7408333333315,-2108.156719637939,-742.7779494029586,152.0,3,68.0,False,0,7705.614,46.0
5617.129522790075,-2165.0,-650.0,161.74721635555557,3,73.31666346666667,False,0,7705.933,46.0
5619.040833333332,-2174.8165011476112,-630.3708629308683,163.0,3,74.0,False,0,7705.974,46.0
5622.765746550629,-2194.0,-590.0,165.468744,3,74.4937488,False,0,7706.053,46.0
5633.391140557064,-2233.0,-494.0,172.343752,3,75.8687504,False,0,7706.273,46.0
5634.418611111109,-2236.32540614484,-484.75404739189315,173.0,4,76.0,False,0,7706.294,46.0
5646.351944444443,-2271.658418404248,-372.2561254617908,179.0,4,77.0,False,0,7706.534,46.0
5647.3196097319005,-2274.0,-363.0,179.61071634285713,4,77.20357211428572,False,0,7706.553,46.0
5659.854349287987,-2297.0,-242.0,187.32500205714285,4,79.77500068571429,False,0,7706.793,46.0
5660.974166666665,-2298.5330713617313,-230.9181288684518,188.0,4,80.0,False,0,7706.814,46.0
5669.565890045722,-2308.0,-147.0,193.2999936,4,81.3249984,False,0,7706.973,46.0
5674.040833333332,-2311.5656858424372,-108.3188121017588,196.0,4,82.0,False,0,7707.054,46.0
5681.896311976532,-2314.0,-33.0,199.82250176,4,82.34750016,False,0,7707.193,46.0
5694.595357926779,-2304.0,145.0,205.84499648,4,82.89499968,False,0,7707.412,46.0
5697.040833333332,-2301.4939263169185,171.88349577638343,207.0,5,83.0,False,0,7707.454,46.0
5708.763055555554,-2288.723304798285,250.56713121304244,211.0,5,85.0,False,0,7707.6539999999995,46.0
5715.917131468092,-2279.0,294.0,213.9749952,5,85.0,False,0,7707.773,46.0
5728.2297222222205,-2255.680020121649,392.7947364853244,219.0,5,85.0,False,0,7707.974,46.0
5734.3167072321485,-2227.0,468.0,220.65000106666668,5,91.187504,False,0,7708.073,46.0
5743.096388888887,-2158.339719536766,612.8353384173425,223.0,5,100.0,False,0,7708.214,46.0
5746.84949779715,-2128.0,673.0,224.66532438709677,5,100.0,False,0,7708.273,46.0
5822.3679181661,-1780.0,1177.0,254.584672,5,100.0,False,0,7709.333,46.0
5827.497505201561,-1753.6241044265726,1210.9055227843721,256.4193548387097,5,100.0,False,0,7709.398,46.0
11.494990717713515,-1747.6156920001245,1219.9679198997615,256.4193548387097,5,100.0,False,0,7709.398,47.0
15.524444444444441,-1721.1268374624433,1254.93760611313,258.0,6,100.0,False,0,7709.454,47.0
28.42864725071349,-1646.0,1353.0,259.9178578285714,6,100.0,False,0,7709.633,47.0
35.82444444444444,-1609.9118915810182,1399.255539933045,261.0,6,100.0,False,0,7709.734,47.0
46.21935305383735,-1542.0,1485.0,265.7781272,6,100.0,False,0,7709.8730000000005,47.0
59.92578460582786,-1389.0,1678.0,271.9656184,6,100.0,False,0,7710.053,47.0
60.002222222222215,-1388.2655495331433,1678.9345249087137,272.0,7,100.0,False,0,7710.054,47.0
93.90165403954171,-1243.0,1876.0,277.9863610181818,7,100.0,False,0,7710.493,47.0
93.97999999999999,-1242.6762952678798,1876.4544077982337,278.0,7,100.0,False,0,7710.494,47.0
112.86578973634421,-1147.0,2009.0,282.77999616,7,100.0,False,0,7710.733,47.0
125.75777777777776,-1078.9440099038734,2102.4867780040577,286.0,7,100.0,False,0,7710.894,47.0
140.24067572605557,-988.0,2227.0,288.9833344,7,100.0,False,0,7711.073,47.0
154.95777777777778,-863.6820860404541,2397.138609379179,292.0,7,100.0,False,0,7711.254,47.0
161.37610265472495,-812.0,2468.0,292.32916586666664,7,100.0,False,0,7711.3330000000005,47.0
174.4911111111111,-725.9030867523608,2586.5057819369767,293.0,7,100.0,False,0,7711.494,47.0
187.64666666666665,-660.1650988775139,2678.138265364298,296.0,7,100.0,False,0,7711.654,47.0
194.15168002709225,-630.0,2721.0,296.39499904,7,100.0,False,0,7711.733,47.0
204.14666666666665,-586.3593493780779,2784.142272991133,297.0,7,100.0,False,0,7711.854,47.0
224.1217059343197,-499.0,2913.0,300.4142829714286,7,100.0,False,0,7712.093,47.0
227.55777777777777,-481.77980849321966,2938.3002864788937,301.0,7,100.0,False,0,7712.134,47.0
239.21304585115737,-419.0,3031.0,301.8687504,7,100.0,False,0,7712.273,47.0
240.97999999999996,-409.1322971716081,3045.802706016068,302.0,7,100.0,False,0,7712.294,47.0
257.83782977978575,-313.0,3192.0,303.98999808,7,100.0,False,0,7712.493,47.0
274.97999999999996,-217.87337245775524,3334.3933904600326,306.0,8,100.0,False,0,7712.694,47.0
278.30838249456025,-199.0,3362.0,306.1392850285714,8,100.0,False,0,7712.733,47.0
291.96497880479643,-121.0,3474.0,306.7107136,8,100.0,False,0,7712.893,47.0
298.85777777777776,-85.28730111599249,3524.7603252990793,307.0,8,100.0,False,0,7712.974,47.0
308.94748727516287,-27.0,3605.0,306.1886376727273,8,100.0,False,0,7713.093,47.0
334.24461416838204,185.0,3879.0,304.1431813818182,8,100.0,False,0,7713.393,47.0
336.0133333333333,194.55322537732778,3891.009400075227,304.0,8,100.0,False,0,7713.414,47.0
349.48,238.68970440638967,3943.6217569517084,303.0,8,100.0,False,0,7713.5740000000005,47.0
354.43606304273055,261.0,3968.0,302.70499968,8,100.0,False,0,7713.633,47.0
366.2577777777778,346.9000256925459,4060.154958789895,302.0,8,100.0,False,0,7713.774,47.0
379.4687570166881,460.0,4174.0,301.0125008,8,100.0,False,0,7713.932,47.0
379.6355555555555,461.2626544150257,4175.166148483444,301.0,8,100.0,False,0,7713.934,47.0
389.45289638921383,536.0,4237.0,299.82000128,8,100.0,False,0,7714.052000000001,47.0
396.24666666666667,609.642469827742,4286.435064513373,299.0,8,100.0,False,0,7714.134,47.0
412.6278890506474,819.0,4408.0,296.5125024,8,100.0,False,0,7714.3330000000005,47.0
415.98,850.1377344853321,4424.103814556433,296.0,8,100.0,False,0,7714.374,47.0
443.37756879331715,1004.0,4470.0,291.7624992,8,100.0,False,0,7714.713,47.0
454.6466666666667,1103.1230692121849,4492.080600785749,290.0,8,100.0,False,0,7714.854,47.0
462.52360840999904,1195.0,4506.0,288.6249991111111,8,100.0,False,0,7714.953,47.0
483.14666666666665,1510.4407731587019,4518.33333712513,285.0,8,100.0,False,0,7715.214,47.0
487.77864348910845,1572.0,4518.0,284.11499904,8,100.0,False,0,7715.273,47.0
498.81333333333333,1685.4117106727533,4513.929853044385,282.0,8,100.0,False,0,7715.414,47.0
511.3022222222222,1774.018510195132,4504.870216097097,281.0,7,100.0,False,0,7715.5740000000005,47.0
515.895988622299,1806.0,4501.0,280.70499968,7,100.0,False,0,7715.633,47.0
526.8577777777778,1882.3801235188457,4490.691395649796,280.0,7,100.0,False,0,7715.774,47.0
540.7775565430102,1992.0,4475.0,280.0,7,100.0,False,0,7715.953,47.0
545.5244444444444,2036.564371780687,4468.845990977561,280.0,7,100.0,False,0,7716.014,47.0
556.3484544163065,2145.0,4455.0,280.0,7,100.0,False,0,7716.153,47.0
564.191111111111,2219.8261119811955,4447.563063045155,280.0,7,100.0,False,0,7716.254,47.0
574.9270085750546,2321.0,4441.0,278.60999936,7,100.0,False,0,7716.393,47.0
579.6355555555555,2366.9533982941043,4439.368751605371,278.0,7,100.0,False,0,7716.454,47.0
593.4809346109732,2507.0,4439.0,278.0,7,100.0,False,0,7716.633,47.0
607.3588165390461,2652.0,4446.0,278.0,7,100.0,False,0,7716.813,47.0
607.4355555555555,2652.78337989152,4446.068644912152,278.0,7,100.0,False,0,7716.814,47.0
622.7133333333333,2802.287135212694,4467.126645414264,275.0,7,99.0,False,0,7717.014,47.0
627.2086440602134,2845.0,4476.0,274.7541664,7,99.2458336,False,0,7717.073,47.0
636.3420498018429,2934.0,4499.0,274.2541664,7,99.7458336,False,0,7717.193,47.0
640.9799999999999,2986.470222689419,4515.924504687751,274.0,7,100.0,False,0,7717.254,47.0
659.1202560585228,3204.0,4601.0,273.40250048,7,100.0,False,0,7717.493,47.0
671.3133333333333,3284.5313390278898,4641.729087003563,273.0,7,100.0,False,0,7717.654,47.0
680.3121172827693,3338.0,4675.0,272.57500068571426,7,100.0,False,0,7717.773,47.0
692.4688888888888,3434.213203858236,4737.811022002465,272.0,7,100.0,False,0,7717.934,47.0
693.9021822935749,3446.0,4746.0,271.94722204444446,7,100.0,False,0,7717.953,47.0
710.4763493673918,3579.0,4848.0,271.33611164444443,7,100.0,False,0,7718.173,47.0
719.568888888889,3648.6060584004363,4908.268441694404,271.0,7,100.0,False,0,7718.294,47.0
735.9918518068754,3769.0,5023.0,270.08749973333335,7,100.0,False,0,7718.513,47.0
737.5688888888889,3780.284738313362,5034.26859017201,270.0,7,100.0,False,0,7718.534000000001,47.0
751.0420009793763,3876.0,5132.0,269.5027776,7,100.0,False,0,7718.713,47.0
764.468888888889,3976.751084735983,5232.7752313711235,269.0,7,100.0,False,0,7718.894,47.0
770.1866927900778,4020.0,5275.0,263.0750144,7,55.068859200000006,False,0,7718.973,47.0
775.8911111111112,4063.0437814932525,5316.299238323072,257.0,7,9.0,True,0,7719.054,47.0
783.8553240389346,4124.0,5374.0,245.1000192,7,3.6450086400000004,True,0,7719.173,47.0
789.0577777777778,4164.036949383173,5411.882820336414,237.0,7,0.0,True,0,7719.254,47.0
796.4505664644312,4221.0,5465.0,228.9250130285714,7,0.0,True,0,7719.3730000000005,47.0
805.955329507035,4294.0,5530.0,218.06787017142858,7,0.0,True,0,7719.533,47.0
806.0133333333333,4294.431055677938,5530.377780586833,218.0,7,0.0,True,0,7719.534000000001,47.0
817.171604570961,4376.0,5601.0,203.0750144,7,0.0,True,0,7719.733,47.0
819.3466666666667,4393.5359552164255,5616.058595279225,200.0,7,0.0,True,0,7719.774,47.0
825.3882449485789,4445.0,5660.0,191.67001344,7,0.0,True,0,7719.893,47.0
838.4577777777778,4550.274948813614,5746.5547141859815,172.0,4,0.0,True,0,7720.174,47.0
840.2110254290429,4565.0,5758.0,168.8312656,4,0.0,True,0,7720.213,47.0
845.5244444444445,4611.847841904853,5793.326596415946,159.0,4,0.0,True,0,7720.334,47.0
848.8218436184453,4632.0,5808.0,154.76786742857144,4,0.0,True,0,7720.4130000000005,47.0
855.1030612877579,4643.0,5814.0,146.25000685714286,4,0.0,True,0,7720.572,47.0
856.7244444444444,4652.382667947628,5819.690448720293,144.0,3,0.0,True,0,7720.6140000000005,47.0
861.9542814043641,4703.0,5850.0,137.1000064,3,0.0,True,0,7720.752,47.0
862.7688888888889,4711.090798203707,5854.240584247473,136.0,3,0.0,True,0,7720.774,47.0
870.556450302651,4784.0,5883.0,129.91666488888887,3,0.6083335111111111,True,0,7720.993,47.0
873.298688128295,4808.0,5889.0,127.69444266666667,3,0.8305557333333334,True,0,7721.073,47.0
875.3688888888889,4830.069510898645,5892.561321133882,126.0,2,1.0,True,0,7721.134,47.0
880.7355555555556,4904.806732142115,5898.135882984077,120.0,2,2.0,True,0,7721.295,47.0
884.5415281561922,4953.0,5899.0,117.0500032,2,2.0,True,0,7721.4130000000005,47.0
887.1244444444445,4978.863867896334,5898.055889982125,115.0,2,2.0,True,0,7721.495,47.0
896.7533212254087,5047.0,5882.0,109.01881238494046,2,1.0031353974900772,True,0,7721.813,47.0
896.7830555555556,5047.251645268359,5881.91659719344,109.0,2,1.0,True,0,7721.814,47.0
901.4941666666667,5091.9504222448895,5865.963740235944,106.0,2,2.0,True,0,7721.974,47.0
903.1896785950613,5108.0,5859.0,105.2624992,2,4.5812528,True,0,7722.033,47.0
906.0046192468511,5133.0,5846.0,104.0125024,2,8.956241599999998,True,0,7722.133,47.0
913.6900789736893,5198.0,5801.0,100.5125024,2,21.2062416,True,0,7722.4130000000005,47.0
914.8275,5206.752345344212,5793.588774115102,100.0,2,23.0,False,0,7722.454,47.0
918.7153315198505,5235.0,5767.0,100.57916693333334,2,27.633335466666665,False,0,7722.593,47.0
921.5608333333333,5254.482968455803,5746.17040971619,101.0,2,31.0,False,0,7722.694,47.0
923.22796405135,5265.0,5734.0,101.29500032,2,31.88500096,False,0,7722.753,47.0
927.2275000000001,5286.620936291668,5706.024552970888,102.0,2,34.0,False,0,7722.894,47.0
930.6212264978806,5305.0,5673.0,102.49583253333333,2,35.98333013333333,False,0,7723.013,47.0
934.0941666666668,5326.849615248479,5622.546517241465,103.0,2,38.0,False,0,7723.134,47.0
936.3764127846252,5339.0,5592.0,103.78999808,2,39.18499712,False,0,7723.213,47.0
939.9275,5350.1240993504825,5561.696646411849,105.0,2,41.0,False,0,7723.334,47.0
946.6736006009477,5359.0,5524.0,110.4750016,2,43.34642925714286,False,0,7723.553,47.0
948.6386111111111,5362.875743924832,5506.0723486632905,112.0,2,44.0,False,0,7723.6140000000005,47.0
952.5879945945373,5371.0,5466.0,115.24544930909092,2,47.24544930909091,False,0,7723.733,47.0
960.2312305664816,5381.0,5394.0,121.24545629090909,2,53.24545629090909,False,0,7723.953,47.0
963.7941666666667,5386.01590533865,5346.417955599254,124.0,2,56.0,False,0,7724.054,47.0
972.3941666666667,5398.533666167941,5217.247824336639,129.0,2,58.0,False,0,7724.294,47.0
973.832023667578,5400.0,5203.0,129.69642514285715,2,57.58214491428571,False,0,7724.3330000000005,47.0
982.8163888888889,5406.303501399933,5157.01001231957,134.0,3,55.0,False,0,7724.5740000000005,47.0
984.9388344402232,5409.0,5144.0,131.89285485714285,3,43.410701714285715,False,0,7724.633,47.0
992.4608333333333,5426.15323338261,5071.316374760972,124.0,3,0.0,True,0,7724.854,47.0
993.0669368273009,5428.0,5065.0,123.14499712,3,0.0,True,0,7724.8730000000005,47.0
998.4744378894304,5448.0,5010.0,115.04500864,3,0.0,True,0,7725.053,47.0
1003.6300187870855,5473.0,4959.0,106.94499712,3,0.0,True,0,7725.233,47.0
1004.2386111111111,5476.163045596524,4953.483582444609,106.0,2,0.0,True,0,7725.254,47.0
1008.8608333333333,5501.773103990694,4914.444228283497,104.0,2,0.0,True,0,7725.414,47.0
1009.3892588908618,5505.0,4910.0,103.41944248888889,2,0.0,True,0,7725.433,47.0
1017.6287694676531,5564.0,4841.0,93.6416647111111,2,0.0,True,0,7725.753,47.0
1018.1608333333334,5567.9754854835,4837.114345283711,93.0,2,0.0,True,0,7725.774,47.0
1022.2052777777778,5598.440051814225,4810.271799601888,91.0,2,0.0,False,0,7725.934,47.0
1023.6469863094026,5610.0,4801.0,89.85277653333333,2,0.0,False,0,7725.993,47.0
1026.4735168917584,5634.0,4783.0,87.5194432,2,0.0,False,0,7726.113,47.0
1030.128276133561,5666.0,4763.0,84.40833208888888,2,0.0,False,0,7726.273,47.0
1030.605277777778,5670.63536460303,4760.584295605026,84.0,2,0.0,True,0,7726.294,47.0
1036.0052777777778,5729.994067753153,4736.674216992217,81.0,2,0.0,False,0,7726.534000000001,47.0
1037.3132347636924,5743.0,4733.0,80.5083328,2,0.0,False,0,7726.593,47.0
1041.2719444444444,5775.078270872345,4728.507308022786,79.0,2,0.0,False,0,7726.774,47.0
1044.6794768320838,5802.0,4732.0,78.0062512,2,5.9624928,False,0,7726.933,47.0
1048.1163888888889,5834.6528290414,4741.594077007652,77.0,2,12.0,False,0,7727.094,47.0
1049.3645579487834,5846.0,4746.0,77.28999936,2,14.31999488,False,0,7727.152,47.0
1052.4497222222221,5871.064345964827,4758.499837186892,78.0,2,20.0,False,0,7727.294,47.0
1054.1690497624402,5887.0,4769.0,78.77999872,2,21.55999744,False,0,7727.372,47.0
1056.8941666666665,5918.348149642157,4792.815052715815,80.0,2,24.0,False,0,7727.494,47.0
1058.6820511911058,5937.0,4808.0,80.9874976,2,26.468744,False,0,7727.573,47.0
1060.5386111111109,5951.337878344462,4820.395995873312,82.0,2,29.0,False,0,7727.654,47.0
1066.2288888888886,5977.599979630586,4848.293119161014,85.0,2,34.0,False,0,7727.895,47.0
1066.663744178124,5980.0,4851.0,85.30000213333334,2,34.37500266666667,False,0,7727.9130000000005,47.0
1071.6026170933142,6012.0,4888.0,88.63333546666667,2,38.54166933333333,False,0,7728.113,47.0
1072.162222222222,6015.6634335264,4892.498202019036,89.0,2,39.0,False,0,7728.135,47.0
1077.358876951687,6048.0,4935.0,93.97070675261409,2,43.97070675261409,False,0,7728.3330000000005,47.0
1078.4691666666665,6054.443787393374,4944.018594103526,95.0,2,45.0,False,0,7728.374,47.0
1084.0802777777776,6084.554643296391,4989.064366464647,101.0,2,50.0,False,0,7728.5740000000005,47.0
1086.4287045436554,6096.0,5008.0,103.82142171428572,2,52.25713737142857,False,0,7728.653,47.0
1092.6815745906604,6124.0,5059.0,110.96427885714286,2,57.971423085714285,False,0,7728.853,47.0
1092.713611111111,6124.1364551686365,5059.260014913978,111.0,2,58.0,False,0,7728.854,47.0
1098.565519571588,6148.0,5107.0,117.26500224,2,62.4750016,False,0,7729.033,47.0
1099.2691666666665,6150.732213728736,5112.98577313674,118.0,2,63.0,False,0,7729.054,47.0
1104.0225410708535,6170.0,5159.0,122.05416853333334,2,67.05416853333334,False,0,7729.193,47.0
1107.6025,6188.808722624932,5208.2659185859575,125.0,2,70.0,False,0,7729.294,47.0
1112.7260880258384,6215.0,5280.0,130.2125024,2,72.6062512,False,0,7729.433,47.0
1119.7802777777777,6233.540943221089,5335.284870018686,137.0,3,76.0,False,0,7729.6140000000005,47.0
1128.928395499499,6247.0,5385.0,147.9500032,3,81.4750016,False,0,7729.8330000000005,47.0
1131.524722222222,6252.422863393982,5405.015952428588,151.0,3,83.0,False,0,7729.894,47.0
1138.3564025523692,6270.0,5472.0,154.9749952,3,86.17999616,False,0,7730.053,47.0
1140.1913888888887,6275.3146917159565,5493.5152706988465,156.0,3,87.0,False,0,7730.094,47.0
1147.6979756925075,6297.0,5587.0,169.9124832,3,98.9249856,False,0,7730.253,47.0
1147.7469444444444,6297.124732418286,5587.578969679151,170.0,4,99.0,False,0,7730.254,47.0
1164.1913888888887,6326.303445616931,5766.271045991569,185.0,4,100.0,False,0,7730.5740000000005,47.0
1167.259893020289,6329.0,5804.0,186.4750016,4,100.0,False,0,7730.633,47.0
1172.5913888888888,6331.539417882073,5874.496880296267,189.0,4,100.0,False,0,7730.734,47.0
1180.3651117256627,6332.0,5968.0,195.9500032,4,100.0,False,0,7730.8730000000005,47.0
1190.813611111111,6330.154670823575,6048.230120414373,205.0,5,100.0,False,0,7731.054,47.0
1199.924722222222,6320.582498138443,6119.625132085939,205.0,5,100.0,False,0,7731.214,47.0
1202.2028116739339,6316.0,6145.0,206.5843672,5,100.0,False,0,7731.253,47.0
1218.0090505612213,6271.0,6356.0,217.1468776,5,100.0,False,0,7731.513,47.0
1219.3024999999998,6267.833573944085,6368.831125694274,218.0,5,100.0,False,0,7731.534000000001,47.0
1236.600197202193,6230.0,6478.0,222.88249664,5,100.0,False,0,7731.813,47.0
1244.3025,6201.365988867305,6542.973012411443,225.0,5,100.0,False,0,7731.934,47.0
1253.363925487433,6161.0,6627.0,229.4227293090909,5,100.0,False,0,7732.073,47.0
1268.070423507902,6088.0,6752.0,236.42272116363637,5,100.0,False,0,7732.293000000001,47.0
1273.513611111111,6053.164842511328,6803.594831120004,239.0,6,100.0,False,0,7732.374,47.0
1285.573974094499,5965.0,6922.0,241.796876,6,100.0,False,0,7732.553,47.0
1295.2024999999999,5895.375006148633,7002.862093105227,244.0,6,100.0,False,0,7732.694,47.0
1314.7715132289643,5762.0,7133.0,251.8468696,6,100.0,False,0,7732.973,47.0
1317.6913888888887,5743.384164147157,7149.6972677288495,253.0,6,100.0,False,0,7733.014,47.0
1339.2693455031572,5606.0,7263.0,259.5406264,6,100.0,False,0,7733.313,47.0
1340.8024999999998,5595.033123700605,7271.617270806495,260.0,6,100.0,False,0,7733.334,47.0
1355.524722222222,5480.017728978077,7360.331671703166,265.0,6,100.0,False,0,7733.534000000001,47.0
1361.4110820006,5431.0,7398.0,266.9749952,6,100.0,False,0,7733.613,47.0
1367.4802777777775,5379.135180823852,7437.960663966424,269.0,7,100.0,False,0,7733.694,47.0
1373.3472356586112,5330.0,7476.0,270.16999808,7,100.0,False,0,7733.772,47.0
1382.5913888888886,5259.185080524871,7531.364466151573,272.0,7,100.0,False,0,7733.894,47.0
1391.7258371268176,5192.0,7585.0,274.5499958857143,7,100.0,False,0,7734.013,47.0
1402.5810276113568,5109.0,7653.0,277.55000137142855,7,100.0,False,0,7734.153,47.0
1404.2136111111108,5096.216838217393,7663.577661809658,278.0,7,100.0,False,0,7734.174,47.0
1416.7024999999996,4998.602129644482,7744.944035862887,281.0,7,100.0,False,0,7734.334,47.0
1419.7704797464496,4977.0,7763.0,281.776115829211,7,100.0,False,0,7734.3730000000005,47.0
1432.6149999999998,4897.190544120429,7829.885916907007,285.0,7,100.0,False,0,7734.535,47.0
1435.6450630955858,4877.0,7847.0,285.5428553142857,7,100.0,False,0,7734.573,47.0
1448.471064051434,4780.0,7930.0,287.8285696,7,100.0,False,0,7734.733,47.0
1455.0927777777777,4727.9503901870075,7974.589164525423,289.0,7,100.0,False,0,7734.8150000000005,47.0
1467.94895931664,4627.0,8061.0,291.15945123871325,7,100.0,False,0,7734.973,47.0
1487.6803835412347,4479.0,8188.0,294.4396329928553,7,100.0,False,0,7735.213,47.0
1491.0663888888887,4455.479186430212,8208.435541291976,295.0,7,100.0,False,0,7735.254,47.0
1500.9177187200573,4380.0,8274.0,296.4874976,7,100.0,False,0,7735.3730000000005,47.0
1517.6441666666663,4174.760435263111,8449.015669986722,299.0,7,100.0,False,0,7735.5740000000005,47.0
1524.2513429773676,4115.0,8500.0,299.65833173333334,7,100.0,False,0,7735.653,47.0
1544.435301983306,4052.0,8555.0,301.65833173333334,7,100.0,False,0,7735.893,47.0
1558.0441666666663,3956.8256411589496,8636.763819731914,303.0,8,100.0,False,0,7736.054,47.0
1561.3477483205334,3931.0,8659.0,303.3249984,8,100.0,False,0,7736.093,47.0
1581.7383233021396,3778.0,8792.0,305.3249984,8,100.0,False,0,7736.3330000000005,47.0
1588.6441666666663,3724.4905381537233,8839.032352377028,306.0,8,100.0,False,0,7736.414,47.0
1602.2355303296001,3618.0,8933.0,307.3249984,8,100.0,False,0,7736.573,47.0
1609.1774999999998,3565.533081035914,8979.214544199654,308.0,8,100.0,False,0,7736.654,47.0
1621.1185801458519,3477.0,9057.0,308.6318184727273,8,100.0,False,0,7736.793000000001,47.0
1643.5287190701872,3309.0,9204.0,309.81363549090906,8,100.0,False,0,7737.053,47.0
1647.0663888888887,3282.403822289583,9227.303694363804,310.0,8,100.0,False,0,7737.094,47.0
1660.7935276343935,3179.0,9318.0,310.56785645714285,8,100.0,False,0,7737.253,47.0
1671.2552777777773,3099.657196577554,9387.523006593474,311.0,8,100.0,False,0,7737.374,47.0
1683.2953406617492,3010.0,9466.0,311.57916693333334,8,100.0,False,0,7737.513,47.0
1692.0552777777775,2947.4266146873642,9520.718683896044,312.0,8,100.0,False,0,7737.6140000000005,47.0
1698.9122653784993,2892.0,9569.0,312.32916586666664,8,100.0,False,0,7737.693,47.0
1712.921944444444,2746.2790679682857,9695.250946579741,313.0,8,100.0,False,0,7737.854,47.0
1719.8298468444827,2675.0,9757.0,313.78999808,8,100.0,False,0,7737.933,47.0
1730.421944444444,2579.3904071706493,9840.024283177007,315.0,8,100.0,False,0,7738.054,47.0
1754.6966105998213,2397.0,10000.0,313.4500010666667,8,100.0,False,0,7738.3330000000005,47.0
1761.721944444444,2343.6478693339413,10047.441899751808,313.0,8,100.0,False,0,7738.414,47.0
1785.988611111111,2161.378671165803,10211.147290379036,312.0,8,100.0,False,0,7738.694,47.0
1792.8525099439871,2117.0,10251.0,312.4937488,8,100.0,False,0,7738.773,47.0
1799.899722222222,2075.6438053368065,10288.067854768075,313.0,8,100.0,False,0,7738.854,47.0
1813.7663888888887,2002.6994334410615,10353.172042770779,312.0,8,100.0,True,0,7739.014,47.0
1822.100978329603,1951.0,10399.0,305.39999573333336,8,59.57497386666667,True,0,7739.113,47.0
1833.4997222222223,1864.0980797610114,10475.657358232294,296.0,8,2.0,True,0,7739.254,47.0
1844.064946063898,1777.0,10551.0,283.4031192,8,2.0,True,0,7739.393,47.0
1857.2330555555554,1671.9470468015988,10636.354031043273,267.0,8,2.0,True,0,7739.5740000000005,47.0
1858.610231129953,1658.0,10647.0,265.812496,8,1.8812496,True,0,7739.593,47.0
1868.6552777777777,1537.3148100463723,10735.836914431211,257.0,8,1.0,True,0,7739.734,47.0
1869.9462455972678,1523.0,10746.0,255.31590341818182,8,1.0,True,0,7739.753,47.0
1890.5736896810156,1377.0,10831.0,225.17956247272727,8,1.0,True,0,7740.093,47.0
1895.2997222222223,1335.8219298646536,10850.976143639444,218.0,6,1.0,True,0,7740.174,47.0
1901.103451192705,1276.0,10877.0,212.4312464,6,1.0,True,0,7740.273,47.0
1904.5886111111113,1234.484646698735,10891.778250408213,209.0,6,1.0,True,0,7740.334,47.0
1917.3219444444446,1058.5494882572884,10937.69960319943,191.0,5,1.0,True,0,7740.5740000000005,47.0
1920.3925556931413,1028.0,10944.0,189.156248,5,1.0,True,0,7740.633,47.0
1925.5886111111113,992.0919897452745,10949.61186749348,186.0,5,1.0,True,0,7740.734,47.0
1935.2920192258118,944.0,10949.0,177.50178562318249,5,1.0,True,0,7740.933,47.0
1939.170277777778,910.4175694599637,10948.666815046578,174.0,4,1.0,True,0,7741.015,47.0
1948.4480555555558,805.3067173753197,10946.995440711908,167.0,4,1.0,True,0,7741.215,47.0
1950.171692708828,787.0,10946.0,166.0500032,4,1.0,True,0,7741.253,47.0
1958.1711163752211,710.0,10937.0,161.5499968,4,1.0,True,0,7741.433,47.0
1960.8925000000004,684.476175180132,10931.303792301573,160.0,4,1.0,True,0,7741.495,47.0
1967.7753832587046,615.0,10908.0,157.73476937983784,4,2.132615310081076,True,0,7741.653,47.0
1972.9825000000003,549.4301788989836,10878.116549011753,156.0,4,3.0,False,0,7741.774,47.0
1978.0404304543295,491.0,10848.0,154.01666986666666,4,4.4874976,False,0,7741.893,47.0
1983.1158333333337,454.8576651916394,10826.354002038326,152.0,4,6.0,False,0,7742.014,47.0
1990.4959539415927,420.0,10795.0,149.44285622857143,4,19.4250048,False,0,7742.193,47.0
1994.626944444445,392.86512674870136,10766.402383067703,148.0,4,27.0,False,0,7742.294,47.0
1997.8530144186711,371.0,10741.0,147.7531256,4,29.468744,False,0,7742.3730000000005,47.0
2004.3796364700381,332.0,10687.0,147.2531256,4,34.468744,False,0,7742.533,47.0
2007.6936111111115,314.2678236129762,10658.163542183367,147.0,4,37.0,False,0,7742.6140000000005,47.0
2015.9158333333335,275.693436525283,10585.929824875706,148.0,4,40.0,False,0,7742.814,47.0
2017.5264314979192,269.0,10573.0,148.2437488,4,40.7312464,False,0,7742.853,47.0
2028.3609128779656,228.0,10473.0,149.8687504,4,45.6062512,False,0,7743.113,47.0
2029.2491666666667,224.3429174511297,10458.906777700484,150.0,4,46.0,False,0,7743.134,47.0
2034.3257277971286,204.0,10367.0,152.47916266666667,4,50.958325333333335,False,0,7743.253,47.0
2039.5825000000002,191.68547457720555,10292.45069954901,155.0,4,56.0,False,0,7743.374,47.0
2053.9220169609794,188.0,10174.0,161.20277404444445,4,67.51943751111111,False,0,7743.693,47.0
2055.7825000000003,187.64852370738126,10160.150220930325,162.0,4,69.0,False,0,7743.734,47.0
2064.8936111111116,184.9117239364795,10093.252370617403,164.0,4,72.0,False,0,7743.934,47.0
2071.35535028309,182.0,10042.0,164.69500032,4,46.97998848,False,0,7744.073,47.0
2080.6358568065384,174.0,9953.0,165.69500032,4,10.979988480000003,False,0,7744.273,47.0
2083.338055555556,168.19243263544536,9917.756119684449,166.0,4,0.0,True,0,7744.334,47.0
2090.90329308805,146.0,9813.0,154.812496,4,2.2375008,True,0,7744.513,47.0
2093.4047222222225,140.16604055471242,9791.120040988764,151.0,4,3.0,True,0,7744.5740000000005,47.0
2102.938055555556,122.75524047610672,9755.300083625409,143.0,3,5.0,True,0,7744.814,47.0
2103.6592366975237,121.0,9752.0,142.26110862222222,3,5.0,True,0,7744.8330000000005,47.0
2115.838055555556,62.97662082451351,9653.346695754117,129.0,3,5.0,True,0,7745.174,47.0
2117.187607276333,49.0,9637.0,127.83000576,3,5.0,True,0,7745.213,47.0
2122.6380445246978,-20.0,9566.0,123.03000576,3,5.0,True,0,7745.3730000000005,47.0
2122.671388888889,-20.36929178684892,9565.637144639291,123.0,3,5.0,True,0,7745.374,47.0
2135.3380555555555,-92.11677532732642,9511.930788966098,114.0,2,0.0,True,0,7745.774,47.0
2136.5313630257265,-102.0,9507.0,113.0250048,2,0.0,True,0,7745.813,47.0
2141.393611111111,-155.7675824370269,9479.873315546103,109.0,2,0.0,False,0,7745.974,47.0
2142.5514761917916,-168.0,9474.0,108.5125024,2,0.0,False,0,7746.013,47.0
2150.6490678022146,-238.0,9451.0,105.0125024,2,0.0,False,0,7746.293000000001,47.0
2152.9491666666668,-266.0855596982507,9447.724309027755,104.0,2,0.0,False,0,7746.374,47.0
2160.218468292329,-365.0,9444.0,102.05749952,2,12.9500032,False,0,7746.633,47.0
2164.171388888889,-392.0425810052641,9445.669179607416,101.0,2,20.0,False,0,7746.774,47.0
2169.1912541662928,-418.0,9454.0,101.5562496,2,26.1187456,False,0,7746.952,47.0
2173.2380555555555,-454.19335582345195,9468.071483337617,102.0,2,31.0,False,0,7747.094,47.0
2175.51149321914,-476.0,9478.0,102.7406232,2,33.468744,False,0,7747.173,47.0
2180.17083147622,-518.0,9502.0,104.2406232,2,38.468744,False,0,7747.3330000000005,47.0
2182.571388888889,-539.178385136476,9516.943150988833,105.0,2,41.0,False,0,7747.414,47.0
2189.8683333333333,-599.1318610000849,9569.061960350857,109.0,2,42.0,False,0,7747.655,47.0
2191.0289352104337,-607.0,9577.0,109.4749984,2,42.7124976,False,0,7747.693,47.0
2194.8016666666667,-628.8155751149768,9601.371408927747,111.0,2,45.0,False,0,7747.8150000000005,47.0
2199.9385401771187,-654.0,9636.0,115.6083296,2,48.9499968,False,0,7747.973,47.0
2202.668333333333,-668.3156165460107,9658.413998632586,118.0,2,51.0,False,0,7748.055,47.0
2206.631688647797,-689.0,9694.0,119.96666453333333,2,51.0,False,0,7748.173,47.0
2210.8016666666663,-708.0782650968833,9731.531175951872,122.0,2,51.0,False,0,7748.295,47.0
2214.9333337679027,-724.0,9768.0,124.96481995101269,2,53.96481995101268,False,0,7748.4130000000005,47.0
2217.821944444444,-733.3499200003928,9792.865183514159,127.0,3,56.0,False,0,7748.494,47.0
2222.1402094600885,-746.0,9836.0,129.9749952,3,57.78499712,False,0,7748.613,47.0
2225.1552777777774,-755.0109625327525,9876.125731675887,132.0,3,59.0,False,0,7748.694,47.0
2232.8857436729504,-774.0,9991.0,137.52777244444445,3,62.31666346666667,False,0,7748.893,47.0
2239.3552777777772,-777.8750170011006,10063.097840035382,142.0,3,65.0,False,0,7749.054,47.0
2248.3494466945986,-773.0,10138.0,147.4750016,3,67.34642925714286,False,0,7749.273,47.0
2250.944166666666,-771.4690868850162,10157.02305095012,149.0,3,68.0,False,0,7749.334,47.0
2265.2552777777773,-760.0076863810791,10253.86124175788,161.0,3,72.0,False,0,7749.654,47.0
2267.958130550523,-756.0,10276.0,162.4750016,3,73.4750016,False,0,7749.713,47.0
2276.3886111111105,-739.7208974365006,10353.498851833545,167.0,4,78.0,False,0,7749.894,47.0
2278.2528124960645,-736.0,10370.0,168.218744,4,79.7874912,False,0,7749.933,47.0
2289.107960476204,-707.0,10476.0,175.093752,4,89.87083626666667,False,0,7750.153,47.0
2296.3429167879012,-663.0,10600.0,179.468744,4,96.2874912,False,0,7750.293000000001,47.0
2300.655277777777,-638.0973469203452,10664.794314973553,182.0,4,100.0,False,0,7750.374,47.0
2321.9849115041,-555.0,10847.0,201.89750336,4,100.0,False,0,7750.753,47.0
2323.2108333333326,-552.359763698399,10852.384427730056,203.0,5,100.0,False,0,7750.774,47.0
2337.448113226606,-526.0,10904.0,211.36499328,5,100.0,False,0,7751.013,47.0
2347.321944444444,-485.578806650457,10981.529318155834,217.0,5,100.0,False,0,7751.174,47.0
2356.0237473436455,-443.0,11062.0,220.79091083636365,5,100.0,False,0,7751.313,47.0
2375.246154306661,-348.0,11231.0,228.97272203636365,5,100.0,False,0,7751.613,47.0
2375.3108333333325,-347.61443298037545,11231.639467070861,229.0,5,100.0,False,0,7751.6140000000005,47.0
2386.9405211878143,-273.0,11351.0,233.4750016,5,100.0,False,0,7751.793000000001,47.0
2388.310833333332,-264.77143228496726,11363.67389953178,234.0,5,100.0,False,0,7751.814,47.0
2401.477499999999,-197.2541618861885,11462.035861703647,237.0,6,100.0,False,0,7752.014,47.0
2413.6917927753984,-134.0,11546.0,243.39285942857143,6,100.0,False,0,7752.193,47.0
2420.6886111111103,-91.34964642507325,11600.578402151375,247.0,6,100.0,False,0,7752.294,47.0
2422.0081141496266,-83.0,11611.0,247.38000128,6,100.0,False,0,7752.313,47.0
2434.6330555555546,-0.25480633304785427,11709.358827806309,251.0,6,100.0,False,0,7752.494,47.0
2442.99443310244,52.0,11768.0,252.4874976,6,100.0,False,0,7752.613,47.0
2451.566388888888,100.18942362834514,11819.641375677249,254.0,6,100.0,False,0,7752.734,47.0
2460.083141724313,166.0,11885.0,256.9749952,6,100.0,False,0,7752.853,47.0
2463.033055555555,198.16474187171337,11915.932172741193,258.0,6,100.0,False,0,7752.894,47.0
2471.6336696392486,302.0,12014.0,259.78499712,6,100.0,False,0,7753.013,47.0
2477.5330555555547,355.67828880926197,12063.309870476214,261.0,6,100.0,False,0,7753.094,47.0
2501.163342564546,476.0,12161.0,266.3166634666667,6,100.0,False,0,7753.4130000000005,47.0
2504.2330555555545,494.3476462884576,12175.15994843906,267.0,6,100.0,False,0,7753.454,47.0
2514.608596383472,577.0,12236.0,268.9166648888889,6,100.0,False,0,7753.592000000001,47.0
2529.8350254505103,777.0,12368.0,271.7083342222222,6,100.0,False,0,7753.793000000001,47.0
2531.4330555555543,792.8781818179409,12378.024021426216,272.0,7,100.0,False,0,7753.814,47.0
2554.3255817972185,913.0,12439.0,274.9825447553189,7,100.0,False,0,7754.113,47.0
2562.176388888888,979.1236212140238,12467.625465251986,276.0,7,100.0,False,0,7754.215,47.0
2577.620833333333,1151.0889495970741,12541.090223328725,278.0,7,100.0,False,0,7754.415,47.0
2582.1178155600574,1196.0,12559.0,278.4833344,7,100.0,False,0,7754.473,47.0
2596.287499999999,1315.681488399813,12601.75859960078,280.0,7,100.0,False,0,7754.655,47.0
2603.9550513869954,1381.0,12622.0,280.98000128,7,100.0,False,0,7754.753,47.0
2611.954166666666,1456.535014589195,12643.771908607616,282.0,7,100.0,False,0,7754.8550000000005,47.0
2616.50667892605,1501.0,12656.0,282.1812504,7,100.0,False,0,7754.9130000000005,47.0
2635.3770346944093,1684.0,12702.0,282.9312504,7,100.0,False,0,7755.153,47.0
2637.1097222222215,1700.0754737594632,12705.622023661355,283.0,7,100.0,False,0,7755.175,47.0
2649.6530555555546,1815.9291205347806,12729.234664772604,284.0,7,100.0,False,0,7755.334,47.0
2651.1560616555203,1831.0,12732.0,284.1187504,7,100.0,False,0,7755.353,47.0
2675.075277777777,2104.2538386362107,12775.118359098515,286.0,7,100.0,False,0,7755.654,47.0
2679.7749677039333,2154.0,12782.0,286.3687504,7,100.0,False,0,7755.713,47.0
2687.8308333333325,2231.522283317967,12791.998248665368,287.0,7,100.0,False,0,7755.814,47.0
2705.379296396344,2383.0,12809.0,287.876000256,7,100.0,False,0,7756.033,47.0
2766.9553389336293,2999.0,12872.0,290.916000256,7,100.0,False,0,7756.793000000001,47.0
2768.664166666666,3016.274942022924,12873.78520277945,291.0,7,100.0,False,0,7756.814,47.0
2794.634644616608,3273.0,12901.0,292.77222115555554,7,100.0,False,0,7757.133,47.0
2797.9641666666666,3304.694335258276,12904.516147933089,293.0,7,100.0,False,0,7757.174,47.0
2812.479669075162,3451.0,12921.0,292.10499968,7,100.0,False,0,7757.353,47.0
2814.1863888888884,3471.3245106935788,12923.264359543471,292.0,7,100.0,False,0,7757.374,47.0
2830.4256360230565,3678.0,12946.0,293.4214272,7,100.0,False,0,7757.573,47.0
2837.053055555555,3742.609396340433,12952.988571138425,294.0,7,100.0,False,0,7757.654,47.0
2856.719722222222,3884.945301673116,12968.56476975276,295.0,7,100.0,False,0,7757.894,47.0
2859.9223902031363,3914.0,12972.0,295.2437488,7,100.0,False,0,7757.933,47.0
2869.8752777777772,4018.884973872786,12984.791428342987,296.0,7,100.0,False,0,7758.054,47.0
2874.7397288730435,4069.0,12991.0,296.29500032,7,99.70499968,False,0,7758.113,47.0
2886.3752777777777,4171.665404007779,13003.872554544208,297.0,7,99.0,False,0,7758.254,47.0
2894.524296143876,4265.0,13016.0,296.50499968,7,99.49500032,False,0,7758.353,47.0
2902.8197222222216,4401.370931021906,13034.070461675863,296.0,7,100.0,False,0,7758.454,47.0
2912.572243076445,4558.0,13055.0,295.40500096,7,100.0,False,0,7758.573,47.0
2919.2086111111107,4621.05604775518,13063.4801826693,295.0,7,100.0,False,0,7758.654,47.0
2935.5975,4684.077084093882,13071.663023706782,295.0,7,100.0,False,0,7758.854,47.0
2938.7826886296916,4704.0,13074.0,294.7562512,7,100.0,False,0,7758.893,47.0
2956.680968931308,4875.0,13093.0,293.3812496,7,100.0,False,0,7759.113,47.0
2961.641944444444,4924.779927092659,13097.955615755174,293.0,7,100.0,False,0,7759.174,47.0
2969.6988999980767,5005.0,13105.0,292.72499982222223,7,99.44999964444445,False,0,7759.273,47.0
2990.841944444444,5225.950897102202,13115.236776571244,292.0,7,98.0,False,0,7759.534000000001,47.0
2995.5577848637954,5274.0,13114.0,290.5249984,7,85.56784365714286,False,0,7759.593,47.0
3012.9303025209683,5444.0,13095.0,285.0250048,7,39.21075474285714,False,0,7759.813,47.0
3013.00861111111,5444.776028766199,13094.865323966522,285.0,7,39.0,False,0,7759.814,47.0
3025.453055555555,5569.007815210887,13068.528438611516,280.0,7,40.0,False,0,7759.974,47.0
3026.9180562092797,5583.0,13065.0,279.61999872,7,40.57000192,False,0,7759.993,47.0
3040.7863888888883,5708.798172472672,13026.078049401627,276.0,7,46.0,False,0,7760.174,47.0
3042.1679091118617,5722.0,13021.0,276.0,7,46.0,False,0,7760.192,47.0
3051.4550378436024,5813.0,12982.0,276.0,7,46.0,False,0,7760.313,47.0
3053.0530555555547,5827.147871059757,12975.496426463373,276.0,7,46.0,False,0,7760.334,47.0
3066.4845083075165,5939.0,12914.0,270.62999808,7,57.63500416,False,0,7760.513,47.0
3068.0530555555547,5955.731431422576,12902.791508499073,270.0,7,59.0,False,0,7760.534000000001,47.0
3085.9111155426854,6180.0,12734.0,269.14946668172905,7,71.757999774064,False,0,7760.773,47.0
3089.0499999999993,6209.89451134173,12709.346984380552,269.0,7,74.0,False,0,7760.8150000000005,47.0
3103.9944444444436,6292.235937192279,12629.391554199892,269.0,7,78.0,False,0,7761.015,47.0
3115.9499999999994,6328.159615472282,12576.781591134297,269.0,7,85.0,False,0,7761.175,47.0
3121.8144131096933,6352.0,12542.0,269.9749984,7,89.874992,False,0,7761.253,47.0
3126.3366721189814,6373.0,12511.0,270.7250016,7,93.625008,False,0,7761.313,47.0
3127.9944444444436,6381.05088080425,12498.466354558814,271.0,7,95.0,False,0,7761.335,47.0
3149.0722222222216,6488.808088554768,12300.842192624697,271.0,7,100.0,False,0,7761.615,47.0
3151.9285057206303,6501.0,12276.0,271.0,7,100.0,False,0,7761.653,47.0
3165.473572089913,6555.0,12150.0,271.0,7,100.0,False,0,7761.8330000000005,47.0
3167.1388888888882,6563.929363120929,12125.648963045,271.0,7,100.0,False,0,7761.8550000000005,47.0
3179.1776374845613,6635.0,11920.0,273.6443486140656,7,100.0,False,0,7762.013,47.0
3185.3958333333326,6655.129251541583,11859.537876795497,275.0,7,100.0,False,0,7762.094,47.0
3197.7513888888884,6663.768789237504,11826.40276239129,278.0,7,100.0,False,0,7762.254,47.0
3203.8673509357586,6672.0,11794.0,278.32916586666664,7,100.0,False,0,7762.3330000000005,47.0
3220.9393479556265,6718.0,11621.0,279.2458336,7,100.0,False,0,7762.553,47.0
3235.0847222222214,6752.450866114067,11480.197960354499,280.0,7,100.0,False,0,7762.734,47.0
3242.8693519133094,6769.0,11409.0,281.2375008,7,100.0,False,0,7762.8330000000005,47.0
3260.329166666666,6803.456406469416,11253.940478971788,284.0,7,100.0,False,0,7763.054,47.0
3264.994804640739,6814.0,11202.0,284.29500032,7,100.0,False,0,7763.113,47.0
3276.1624999999995,6842.177707012697,11054.818927040227,285.0,7,100.0,False,0,7763.254,47.0
3279.2609802156744,6849.0,11017.0,285.2785700571429,7,100.0,False,0,7763.293000000001,47.0
3295.2093315541224,6874.0,10861.0,286.70714148571426,7,100.0,False,0,7763.493,47.0
3298.484722222222,6878.763719258296,10829.027008700476,287.0,7,100.0,False,0,7763.534000000001,47.0
3312.799791273566,6899.0,10687.0,287.7458336,7,100.0,False,0,7763.713,47.0
3317.6847222222214,6904.60646684728,10643.777424175938,288.0,7,100.0,False,0,7763.774,47.0
3328.829588347268,6917.0,10537.0,288.4343752,7,100.0,False,0,7763.9130000000005,47.0
3343.37361111111,6939.151359631225,10327.447941128032,289.0,7,100.0,False,0,7764.094,47.0
3346.5126844740635,6943.0,10290.0,289.1218744,7,100.0,False,0,7764.133,47.0
3367.4620331895935,6956.0,10146.0,289.9343752,7,100.0,False,0,7764.393,47.0
3369.151388888888,6956.906729566032,10132.979925769281,290.0,7,100.0,False,0,7764.414,47.0
3391.6291666666657,6970.252987931319,9904.848860974316,289.0,7,100.0,False,0,7764.694,47.0
3393.153483250581,6971.0,9889.0,289.0,7,100.0,False,0,7764.713,47.0
3404.4736111111106,6975.524367241885,9775.207683757337,289.0,7,100.0,False,0,7764.854,47.0
3409.223428311077,6977.0,9728.0,289.3687504,7,100.0,False,0,7764.9130000000005,47.0
3417.3624999999993,6979.054286264687,9646.511486640202,290.0,7,100.0,False,0,7765.014,47.0
3422.111084499179,6980.0,9600.0,289.8156248,7,100.0,False,0,7765.073,47.0
3438.169139029618,6983.0,9439.0,289.1906248,7,100.0,False,0,7765.273,47.0
3443.051388888888,6984.938759568624,9374.255136935766,289.0,7,100.0,False,0,7765.334,47.0
3458.9268798068883,6993.0,9152.0,287.5785728,7,99.2892864,False,0,7765.533,47.0
3465.3736111111107,6994.919739819676,9099.7544686934,287.0,7,99.0,False,0,7765.6140000000005,47.0
3484.362022646006,7000.0,9019.0,286.33611164444443,7,99.66388835555556,False,0,7765.853,47.0
3493.9736111111106,7007.329826629606,8942.680664357824,286.0,7,100.0,False,0,7765.974,47.0
3506.6847222222214,7022.123774362499,8805.736613596266,286.0,7,99.0,False,0,7766.134,47.0
3512.9450024469734,7031.0,8736.0,285.5062512,7,99.4937488,False,0,7766.213,47.0
3519.27235182886,7041.0,8666.0,285.0062512,7,99.9937488,False,0,7766.293000000001,47.0
3519.3513888888883,7041.131587716073,8665.156684958738,285.0,7,100.0,False,0,7766.294,47.0
3531.894826339062,7064.0,8541.0,284.0062512,7,100.0,False,0,7766.453,47.0
3531.97361111111,7064.154533769201,8540.236672283736,284.0,7,100.0,False,0,7766.454,47.0
3549.192000689057,7101.0,8372.0,283.08749973333335,7,99.08749973333333,False,0,7766.673,47.0
3550.840277777777,7104.853720323124,8355.78036765258,283.0,7,99.0,False,0,7766.694,47.0
3569.5674916041858,7152.0,8174.0,282.14642925714287,7,99.0,False,0,7766.933,47.0
3572.7736111111103,7160.434623344558,8144.736252893572,282.0,7,99.0,False,0,7766.974,47.0
3582.0677426801503,7186.0,8061.0,281.57500068571426,7,99.42499931428571,False,0,7767.093,47.0
3594.629166666666,7225.499006792864,7940.158753552319,281.0,7,100.0,False,0,7767.254,47.0
3599.233762843771,7240.0,7898.0,281.0,7,100.0,False,0,7767.313,47.0
3607.196111111111,7264.060932624832,7831.078825155533,281.0,7,100.0,False,0,7767.415,47.0
3622.8072222222218,7319.447248755284,7688.444619093449,281.0,7,100.0,False,0,7767.615,47.0
3625.7683428555006,7335.0,7649.0,280.86428617142855,7,100.0,False,0,7767.653,47.0
3642.876285986027,7441.0,7380.0,280.0785709714286,7,100.0,False,0,7767.8730000000005,47.0
3644.5849999999996,7448.325732107754,7360.9561830497405,280.0,7,100.0,False,0,7767.895,47.0
3663.185,7477.706287224818,7272.829580697094,279.0,7,100.0,False,0,7768.135,47.0
3669.1925117400933,7486.0,7242.0,278.35000106666666,7,100.0,False,0,7768.213,47.0
3681.4531150925345,7512.0,7141.0,277.01666773333335,7,100.0,False,0,7768.3730000000005,47.0
3690.785,7527.641350427605,7041.799020333614,276.0,7,100.0,False,0,7768.495,47.0
3705.9104436807743,7539.0,6874.0,275.01000064,7,100.0,False,0,7768.693,47.0
3706.0627777777772,7539.011634065702,6872.5203368125185,275.0,7,100.0,False,0,7768.695,47.0
3721.153611111111,7529.894716253535,6747.51960673349,273.0,7,99.0,False,0,7768.894,47.0
3731.601745317892,7515.0,6659.0,271.5107136,7,99.4964288,False,0,7769.033,47.0
3742.153611111111,7495.033332444906,6551.3491880176525,270.0,7,100.0,False,0,7769.174,47.0
3749.5551886180747,7480.0,6479.0,269.3812496,7,100.0,False,0,7769.273,47.0
3754.109166666666,7470.882637728711,6439.854410125762,269.0,7,100.0,False,0,7769.334,47.0
3755.52620668483,7468.0,6428.0,268.92083306666666,7,100.0,False,0,7769.353,47.0
3771.975833333333,7430.772029043784,6286.0421940514825,268.0,7,100.0,False,0,7769.5740000000005,47.0
3779.3466860012372,7407.0,6188.0,268.0,7,99.64642834285715,False,0,7769.673,47.0
3792.7459051140913,7355.0,5957.0,268.0,7,99.00357211428572,False,0,7769.853,47.0
3792.8202777777774,7354.7770983374,5955.977660448097,268.0,7,99.0,False,0,7769.854,47.0
3810.6869444444437,7332.980131918923,5841.762619750997,268.0,7,99.0,False,0,7770.094,47.0
3819.640106983508,7329.0,5797.0,268.59499904,7,85.31502208,False,0,7770.213,47.0
3825.6313888888885,7324.733218131483,5749.780893798966,269.0,7,76.0,False,0,7770.294,47.0
3837.0091666666663,7316.367164978823,5633.179883464354,256.0,7,23.0,True,0,7770.454,47.0
3838.33522403057,7316.0,5620.0,255.38928365714287,7,23.882145828571428,True,0,7770.473,47.0
3853.4322618618303,7325.0,5473.0,248.31786331428572,7,34.09641965714286,True,0,7770.693,47.0
3856.2202777777775,7330.4719881324945,5441.497268974454,247.0,6,36.0,False,0,7770.734,47.0
3868.3345999530047,7365.0,5297.0,244.0166656,6,38.9833344,False,0,7770.9130000000005,47.0
3872.4202777777778,7377.307448377849,5256.035040190948,243.0,6,40.0,False,0,7770.974,47.0
3885.6425000000004,7418.015930058571,5156.413224939852,238.0,6,40.0,False,0,7771.174,47.0
3897.3395009228734,7474.0,5056.0,235.31499904,6,43.58000128,False,0,7771.353,47.0
3898.6980555555556,7482.39962518921,5041.689187739601,235.0,6,44.0,False,0,7771.374,47.0
3910.1329612868603,7563.0,4907.0,230.5249984,6,16.510704457142857,False,0,7771.553,47.0
3916.431388888889,7604.447223384599,4835.90851850199,228.0,6,1.0,True,0,7771.654,47.0
3930.9647222222225,7681.331661325941,4697.445869638211,218.0,6,0.0,True,0,7771.894,47.0
3935.7145888619507,7697.0,4668.0,216.81500288,6,1.1849971199999998,True,0,7771.973,47.0
3942.909166666667,7711.041062762602,4639.973459335102,215.0,5,3.0,True,0,7772.094,47.0
3950.9033348581083,7725.0,4605.0,208.74499712,5,6.4750016,True,0,7772.233,47.0
3954.3536111111116,7735.246886083528,4577.906730249953,206.0,5,8.0,True,0,7772.294,47.0
3961.019386903715,7758.0,4510.0,204.01666986666666,5,9.4874976,True,0,7772.4130000000005,47.0
3979.6230432710427,7790.0,4295.0,198.34999893333332,5,13.7375008,True,0,7772.753,47.0
3980.7536111111112,7790.256213536286,4284.187702431681,198.0,5,14.0,False,0,7772.774,47.0
3991.420277777778,7783.3428700486875,4200.067505644055,192.0,5,24.0,False,0,7772.974,47.0
3995.5879170522967,7778.0,4167.0,191.0125024,5,34.8624736,False,0,7773.053,47.0
3999.8647222222226,7771.598212050244,4130.43167699365,190.0,5,46.0,False,0,7773.134,47.0
4008.3595115456756,7749.0,4042.0,191.70356937142859,5,54.51784685714286,False,0,7773.293000000001,47.0
4014.875833333334,7712.772799424615,3947.7285360557394,193.0,5,61.0,False,0,7773.414,47.0
4021.3032506501186,7676.0,3862.0,193.89249856,5,62.78499712,False,0,7773.533,47.0
4036.6536111111113,7631.119431133891,3777.8215693709017,196.0,5,67.0,False,0,7773.814,47.0
4038.8209058031316,7623.0,3766.0,196.7780511565967,5,68.26433312946962,False,0,7773.853,47.0
4059.2613363688847,7502.0,3607.0,203.96009719063895,5,79.9351579347883,False,0,7774.213,47.0
4059.3769444444442,7501.241143952335,3606.1711002923767,204.0,5,80.0,False,0,7774.215,47.0
4069.7507380565457,7422.0,3534.0,209.34000384,5,91.57000832,False,0,7774.393,47.0
4071.043611111111,7407.45646890089,3523.223245496598,210.0,5,93.0,False,0,7774.415,47.0
4082.9325000000003,7246.428273138848,3416.5397119776335,214.0,5,100.0,False,0,7774.615,47.0
4084.021429556923,7236.0,3410.0,214.50000355555557,5,100.0,False,0,7774.633,47.0
4101.397291532916,7158.0,3369.0,222.27778133333334,5,100.0,False,0,7774.9130000000005,47.0
4105.3325,7126.3699474553305,3352.7470666004065,224.0,5,100.0,False,0,7774.975,47.0
4114.191685178295,7039.0,3307.0,229.52000512,5,100.0,False,0,7775.113,47.0
4118.221388888889,7005.713571945831,3289.7788699443863,232.0,6,100.0,False,0,7775.175,47.0
4136.676447662847,6859.0,3193.0,238.97490558281737,6,100.0,False,0,7775.453,47.0
4136.743888888889,6858.205516302369,3192.330652490956,239.0,6,100.0,False,0,7775.454,47.0
4147.632777777778,6715.3826282914615,3064.413358658044,245.0,6,99.0,False,0,7775.6140000000005,47.0
4148.941383241657,6702.0,3052.0,245.4750016,6,99.06785737142857,False,0,7775.633,47.0
4167.232777777778,6628.733560482172,2975.943161157161,252.0,6,100.0,False,0,7775.894,47.0
4171.42788831623,6610.0,2955.0,253.1062512,6,100.0,False,0,7775.953,47.0
4184.334748894582,6519.0,2855.0,256.4812464,6,100.0,False,0,7776.133,47.0
4190.1661111111125,6477.863340991877,2805.504754846769,258.0,6,100.0,False,0,7776.214,47.0
4198.747840957723,6419.0,2729.0,258.99166506666666,6,100.0,False,0,7776.3330000000005,47.0
4207.4994444444455,6356.01324665414,2642.350381856968,260.0,6,100.0,False,0,7776.454,47.0
4213.231461055059,6318.0,2587.0,260.65833173333334,6,100.0,False,0,7776.533,47.0
4224.966111111113,6255.197679228816,2486.1961472864296,262.0,6,100.0,False,0,7776.694,47.0
4227.821955470682,6241.0,2462.0,262.7312464,6,100.0,False,0,7776.733,47.0
4236.74388888889,6196.941760643119,2384.621242539053,265.0,7,100.0,False,0,7776.854,47.0
4251.855000000001,6124.777215211219,2251.2010737309147,272.0,7,100.0,False,0,7777.054,47.0
4254.847810155144,6111.0,2225.0,272.79772334545453,7,100.0,False,0,7777.093,47.0
4268.844287714943,6048.0,2102.0,276.47954676363634,7,100.0,False,0,7777.273,47.0
4286.199444444445,5964.173447385995,1930.82915410164,281.0,7,100.0,False,0,7777.494000000001,47.0
4287.689965750322,5956.0,1914.0,281.19000064,7,100.0,False,0,7777.513,47.0
4301.921666666668,5868.713843314715,1734.1174401827607,283.0,7,100.0,False,0,7777.694,47.0
4313.013042655119,5807.0,1607.0,285.6062512,7,100.0,False,0,7777.8330000000005,47.0
4327.610555555556,5751.380846905196,1492.7998811747102,289.0,7,100.0,False,0,7778.014,47.0
4353.566111111112,5679.90105017066,1343.6062270189773,292.0,7,100.0,False,0,7778.334,47.0
4356.747573642044,5667.0,1316.0,292.4874976,7,100.0,False,0,7778.3730000000005,47.0
4358.380817329302,5660.0,1301.0,292.7375008,7,100.0,False,0,7778.393,47.0
4373.232777777778,5595.701430965419,1167.3893838052213,295.0,7,100.0,False,0,7778.5740000000005,47.0
4376.455513878623,5582.0,1139.0,295.541664,7,100.0,False,0,7778.613,47.0
4399.799495746802,5486.0,937.0,299.4305528888889,7,100.0,False,0,7778.893,47.0
4403.232777777778,5471.927575838019,907.4326907037316,300.0,7,100.0,False,0,7778.934,47.0
4414.890655532507,5425.0,809.0,301.7375008,7,100.0,False,0,7779.073,47.0
4416.655,5418.269432539701,794.8372316483659,302.0,8,100.0,False,0,7779.094,47.0
4441.892816033462,5305.0,558.0,303.8687504,8,100.0,False,0,7779.393,47.0
4443.677222222223,5291.7754707340955,530.8353125849289,304.0,8,100.0,False,0,7779.414,47.0
4455.533666073451,5197.0,337.0,305.39000064,8,100.0,False,0,7779.553,47.0
4477.899444444444,5133.688443716918,207.6164331653134,308.0,8,100.0,False,0,7779.814,47.0
4486.362785032091,5111.0,160.0,308.0,8,100.0,False,0,7779.9130000000005,47.0
4491.588333333333,5090.505368534852,116.80487527744225,308.0,8,100.0,False,0,7779.974,47.0
4500.10546333448,5052.0,36.0,309.2375008,8,100.0,False,0,7780.073,47.0
4505.366111111111,5029.702386548364,-10.080449215030413,310.0,8,100.0,False,0,7780.134,47.0
4519.099241683401,4973.0,-126.0,310.56785645714285,8,100.0,False,0,7780.293000000001,47.0
4529.555,4923.888873587364,-227.9131571144529,311.0,8,100.0,False,0,7780.414,47.0
4550.201683386345,4824.0,-437.0,311.0,8,100.0,False,0,7780.653,47.0
4550.374722222223,4823.264531117923,-438.53335286515187,311.0,8,100.0,False,0,7780.655,47.0
4567.708055555555,4757.673300066009,-574.5430920111993,312.0,8,100.0,False,0,7780.8550000000005,47.0
4576.22212491696,4722.0,-648.0,312.4083338666667,8,100.0,False,0,7780.953,47.0
4588.574722222223,4659.243386241751,-776.8603098808414,313.0,8,100.0,False,0,7781.095,47.0
4598.8438319175775,4608.0,-883.0,313.0,8,100.0,False,0,7781.213,47.0
4605.790242845581,4578.0,-946.0,313.0,8,100.0,False,0,7781.293000000001,47.0
4605.963611111111,4577.265396241042,-947.5365400999391,313.0,8,100.0,False,0,7781.295,47.0
4626.510762178205,4491.0,-1125.0,311.5125008,8,100.0,False,0,7781.533,47.0
4633.608055555555,4461.940124948824,-1184.7331516440083,311.0,8,100.0,False,0,7781.615,47.0
4643.866630707641,4415.0,-1281.0,312.17999872,8,100.0,False,0,7781.733,47.0
4650.996944444444,4373.509691922904,-1365.4588259482562,313.0,8,100.0,False,0,7781.8150000000005,47.0
4664.863611111111,4276.6513617866785,-1561.578940190346,312.0,8,100.0,False,0,7781.975,47.0
4675.065269709611,4223.0,-1670.0,311.41000064,8,100.0,False,0,7782.093,47.0
4682.141388888889,4199.532986090858,-1717.345206060127,311.0,8,100.0,False,0,7782.175,47.0
4702.630482938708,4150.0,-1816.0,310.1469540594801,8,100.0,False,0,7782.4130000000005,47.0
4706.166388888889,4132.601939669542,-1850.5085571548448,310.0,8,100.0,False,0,7782.454,47.0
4723.444166666667,4020.000903452444,-2073.519819538105,311.0,8,100.0,False,0,7782.654,47.0
4726.805012338585,4002.0,-2109.0,310.7562512,8,100.0,False,0,7782.693,47.0
4737.2219444444445,3961.1717800651077,-2188.8842623921732,310.0,8,100.0,False,0,7782.814,47.0
4756.146814616871,3909.0,-2289.0,310.78214308571427,8,100.0,False,0,7783.033,47.0
4761.410833333333,3887.2497123480216,-2330.943758793185,311.0,8,100.0,False,0,7783.094,47.0
4771.657010274846,3839.0,-2424.0,310.2562512,8,100.0,False,0,7783.213,47.0
4775.188611111111,3822.5963446252754,-2455.5349315037083,310.0,8,100.0,False,0,7783.254,47.0
4787.185026672379,3768.0,-2560.0,310.3159092363636,8,100.0,False,0,7783.393,47.0
4811.389023946964,3659.0,-2765.0,310.9522728727273,8,100.0,False,0,7783.673,47.0
4813.199722222223,3650.858965511329,-2779.9918381293437,311.0,8,100.0,False,0,7783.694,47.0
4826.884486649295,3584.0,-2901.0,310.20500096,8,100.0,False,0,7783.853,47.0
4847.533055555556,3437.5940808111895,-3158.602824495968,309.0,8,100.0,False,0,7784.094,47.0
4852.568358896606,3410.0,-3207.0,308.2624992,8,100.0,False,0,7784.153,47.0
4861.1775,3378.4932441115593,-3262.3991007768605,307.0,8,100.0,False,0,7784.254,47.0
4878.129587994111,3325.0,-3345.0,306.2892864,8,100.0,False,0,7784.453,47.0
4884.9775,3277.529640625785,-3412.301278230111,306.0,8,100.0,True,0,7784.534000000001,47.0
4901.588611111111,3125.8819244447777,-3621.7107950996506,299.0,8,49.0,True,0,7784.734,47.0
4904.723576391857,3104.0,-3651.0,295.1000192,8,38.2750528,True,0,7784.773,47.0
4914.166388888889,3058.048532230851,-3709.556481173072,283.0,8,5.0,True,0,7784.894,47.0
4928.586445767343,3008.0,-3759.0,268.9795589818182,8,6.809089163636363,True,0,7785.093,47.0
4944.8987758888325,2891.0,-3868.0,252.07046807272727,8,8.990907345454545,True,0,7785.3330000000005,47.0
4944.96638888889,2890.504446837648,-3868.4214988568974,252.0,7,9.0,True,0,7785.334,47.0
4955.677500000001,2807.4180182442788,-3929.9369893671287,241.0,6,9.0,True,0,7785.494000000001,47.0
4956.916309466156,2794.0,-3938.0,239.98213942857143,6,9.203572114285715,True,0,7785.513,47.0
4973.193645724274,2562.0,-4056.0,226.0535817142857,6,11.989283657142858,True,0,7785.773,47.0
4973.255277777778,2561.424933638254,-4056.275885585332,226.0,5,12.0,True,0,7785.774,47.0
4991.471774099605,2500.0,-4077.0,219.4593736,5,12.9343752,True,0,7786.073,47.0
4992.7219444444445,2491.6403215920363,-4078.988247422638,219.0,5,13.0,True,0,7786.094,47.0
5002.099722222222,2397.592091065123,-4101.746265094734,211.0,5,15.0,False,0,7786.254,47.0
5003.198732628338,2386.0,-4104.0,210.5249984,5,15.76000256,False,0,7786.273,47.0
5013.487428952816,2284.0,-4116.0,206.0250048,5,22.95999232,False,0,7786.453,47.0
5013.544166666667,2283.4646009329394,-4116.030238095193,206.0,5,23.0,False,0,7786.454,47.0
5024.76831067613,2177.0,-4114.0,203.5125024,5,41.24164906666667,False,0,7786.653,47.0
5027.0775,2151.875026306325,-4110.971510895317,203.0,5,45.0,False,0,7786.694,47.0
5038.355277777778,2013.3111071591154,-4084.0965870055647,203.0,5,55.0,False,0,7786.894,47.0
5043.937664595548,1955.0,-4070.0,203.0,5,55.41078875639204,False,0,7786.993,47.0
5051.945,1893.7261361882465,-4052.3240836283367,203.0,5,56.0,False,0,7787.135,47.0
5064.267308760473,1799.0,-4004.0,203.77857188571429,5,66.9000064,False,0,7787.353,47.0
5067.8116666666665,1756.2308137259283,-3977.411583915272,204.0,5,70.0,False,0,7787.415,47.0
5076.959519408087,1640.0,-3901.0,206.15454370909092,5,73.23181556363636,False,0,7787.573,47.0
5093.4783333333335,1553.1430406167358,-3831.6569797550756,210.0,5,79.0,False,0,7787.8550000000005,47.0
5099.180980767302,1517.0,-3791.0,210.0,5,79.0,False,0,7787.953,47.0
5102.811666666667,1485.7918545354376,-3755.0614546569113,210.0,5,79.0,False,0,7788.015,47.0
5114.642202327126,1371.0,-3619.0,214.2428544,5,93.8499904,False,0,7788.213,47.0
5119.611666666668,1339.224754308487,-3578.5174773391873,216.0,5,100.0,False,0,7788.295,47.0
5139.120880914653,1277.0,-3476.0,220.41666488888887,5,100.0,False,0,7788.613,47.0
5141.711666666668,1266.6497947999667,-3457.5646082269004,221.0,5,100.0,False,0,7788.655,47.0
5155.189337791697,1202.0,-3341.0,222.36677168817118,5,100.0,False,0,7788.8730000000005,47.0
5161.471944444445,1171.0729501441733,-3282.6546447397454,223.0,5,100.0,False,0,7788.974,47.0
5166.40894146674,1147.0,-3237.0,223.84642651428572,5,100.0,False,0,7789.053,47.0
5177.724879799292,1094.0,-3138.0,225.77500068571428,5,100.0,False,0,7789.233,47.0
5179.049722222223,1088.3508409403448,-3127.4409200334194,226.0,5,100.0,False,0,7789.254,47.0
5191.71638888889,1033.7649036898654,-3027.6836182662437,228.0,5,100.0,False,0,7789.454,47.0
5194.198252122599,1018.0,-3001.0,228.38999808,5,100.0,False,0,7789.493,47.0
5204.429892044476,938.0,-2871.0,229.98999808,5,100.0,False,0,7789.653,47.0
5204.494166666668,937.555772064318,-2870.2956369462054,230.0,6,100.0,False,0,7789.654,47.0
5220.027500000001,867.2284783931713,-2765.7358985450023,233.0,6,100.0,False,0,7789.894,47.0
5226.487471815146,839.0,-2727.0,233.74250048,6,100.0,False,0,7789.993,47.0
5242.240417789166,747.0,-2601.0,235.54250048,6,100.0,False,0,7790.233,47.0
5246.249722222224,722.4577195616706,-2567.493683146998,236.0,6,100.0,False,0,7790.294,47.0
5256.716943712779,661.0,-2484.0,236.9937488,6,100.0,False,0,7790.453,47.0
5256.7830555555565,660.6410952060941,-2483.51572440602,237.0,6,100.0,False,0,7790.454,47.0
5270.060833333335,589.8041471945423,-2388.7074301823736,239.0,6,100.0,False,0,7790.654,47.0
5273.973853175735,558.0,-2346.0,239.0,6,100.0,False,0,7790.713,47.0
5280.683055555557,485.4082746919538,-2248.186969303935,239.0,6,100.0,False,0,7790.814,47.0
5285.971515712181,432.0,-2176.0,239.84642651428572,6,100.0,False,0,7790.893,47.0
5299.505277777779,371.8066700135955,-2093.4417974161124,242.0,6,100.0,False,0,7791.094,47.0
5315.571944444447,319.00380182253446,-2025.862190151589,241.0,6,100.0,False,0,7791.334,47.0
5316.849281875997,308.0,-2012.0,241.1295458909091,6,100.0,False,0,7791.353,47.0
5327.659823206188,190.0,-1864.0,242.2204549818182,6,100.0,False,0,7791.513,47.0
5345.394166666669,79.71767638815896,-1730.9423639536324,244.0,6,100.0,False,0,7791.774,47.0
5358.882082949904,14.0,-1657.0,244.0,6,99.00500096,False,0,7791.973,47.0
5358.9497222222235,13.585489034877877,-1656.5319925114777,244.0,6,99.0,False,0,7791.974,47.0
5375.083055555558,-109.05132740974045,-1517.7150182641221,242.0,6,100.0,False,0,7792.214,47.0
5385.546385005748,-191.0,-1425.0,238.0250048,6,99.43214354285715,False,0,7792.3730000000005,47.0
5393.360833333336,-244.20048165941114,-1364.876773555783,235.0,6,99.0,False,0,7792.494000000001,47.0
5394.575495181668,-252.0,-1356.0,233.6937456,6,87.2437104,False,0,7792.513,47.0
5403.316388888891,-306.6770220175115,-1293.3008342606718,224.0,6,0.0,True,0,7792.654,47.0
5404.41345011395,-314.0,-1285.0,221.05499008,6,0.0,True,0,7792.673,47.0
5412.949574600742,-376.0,-1216.0,196.25499008,6,0.0,True,0,7792.8330000000005,47.0
5414.038611111114,-383.8124555122093,-1207.3484011944802,193.0,6,0.0,True,0,7792.854,47.0
5422.123544948495,-440.0,-1146.0,183.062512,6,0.0,True,0,7793.013,47.0
5422.171944444447,-440.34304285116474,-1145.6400133113582,183.0,6,0.0,True,0,7793.014,47.0
5436.038611111114,-545.3246550462895,-1047.0430190081186,156.0,4,0.0,True,0,7793.334,47.0
5438.448244120857,-564.0,-1032.0,153.27045905092305,4,0.0,True,0,7793.393,47.0
5444.060593874959,-608.0,-1000.0,146.79360109178103,4,0.0,True,0,7793.533,47.0
5447.200555555558,-634.2838034948325,-983.9449970599795,143.0,3,0.0,True,0,7793.615,47.0
5450.785996653207,-666.0,-967.0,136.13999104,3,0.0,True,0,7793.713,47.0
5454.367222222225,-698.8786438843963,-951.3820987402494,129.0,3,0.0,True,0,7793.8150000000005,47.0
5459.028724442345,-743.0,-934.0,122.0999936,3,0.0,True,0,7793.953,47.0
5459.745000000003,-749.976179118948,-931.6914016707678,121.0,3,0.0,True,0,7793.975,47.0
5466.9718586482995,-825.0,-915.0,112.67000448,3,0.0,True,0,7794.213,47.0
5471.633888888891,-876.4465909193968,-912.0981341278581,107.0,2,0.0,True,0,7794.375,47.0
5472.149970142838,-882.0,-912.0,106.62499733333334,2,0.0,True,0,7794.393,47.0
5477.268699688669,-935.0,-913.0,102.87500266666666,2,0.0,True,0,7794.573,47.0
5478.4338888888915,-946.8273996309607,-914.0621953732164,102.0,2,0.0,False,0,7794.615,47.0
5481.631549440233,-979.0,-919.0,100.12272930909091,2,4.559085963636363,False,0,7794.733,47.0
5487.368261874738,-1035.0,-936.0,96.62272523636364,2,13.059095854545454,False,0,7794.953,47.0
5490.045000000003,-1060.220189687594,-946.8361577593248,95.0,2,17.0,False,0,7795.055,47.0
5494.246826557064,-1097.0,-966.0,95.78999936,2,23.31999488,False,0,7795.213,47.0
5495.378333333336,-1105.8369349045734,-971.2562485695438,96.0,2,25.0,False,0,7795.255,47.0
5496.952109564005,-1118.0,-979.0,96.87000191999999,2,28.48000768,False,0,7795.313,47.0
5500.878333333336,-1151.4379906152717,-1002.6780818728291,99.0,2,37.0,False,0,7795.455,47.0
5503.674202689251,-1174.0,-1020.0,100.9108656649153,2,40.002788902009776,False,0,7795.553,47.0
5510.199538812886,-1224.0,-1060.0,105.20055350185119,2,46.74372693148044,False,0,7795.773,47.0
5511.448888888891,-1238.0736258450847,-1070.2454344157309,106.0,2,48.0,False,0,7795.814,47.0
5517.639658101471,-1318.0,-1125.0,111.96999424,2,52.9749952,False,0,7796.013,47.0
5517.6711111111135,-1318.3223523342285,-1125.210265932231,112.0,2,53.0,False,0,7796.014,47.0
5524.004444444447,-1359.3841258044226,-1149.2038052982475,114.0,2,39.0,False,0,7796.214,47.0
5530.360398733301,-1395.0,-1159.0,114.7107136,2,33.3142912,False,0,7796.4130000000005,47.0
5532.948888888891,-1419.0974186208273,-1164.7974404447916,115.0,3,31.0,False,0,7796.494000000001,47.0
5533.555575338433,-1425.0,-1166.0,115.0,3,30.8812496,False,0,7796.513,47.0
5538.060000000002,-1468.6433875712446,-1171.3113950754982,115.0,3,30.0,False,0,7796.654,47.0
5544.478012253153,-1531.0,-1169.0,115.90454458181819,3,32.713633745454544,False,0,7796.853,47.0
5549.696928457085,-1583.0,-1160.0,116.6318173090909,3,34.89545192727273,False,0,7797.013,47.0
5552.360000000002,-1609.6056801927691,-1153.1098313083835,117.0,3,36.0,False,0,7797.094,47.0
5560.309433477891,-1687.0,-1126.0,119.56071222857143,3,39.41428297142857,False,0,7797.3330000000005,47.0
5561.693333333335,-1699.6278561543427,-1120.918492972318,120.0,3,40.0,False,0,7797.374,47.0
5572.680589886216,-1793.0,-1075.0,123.9874976,3,45.9812464,False,0,7797.693,47.0
5572.715555555558,-1793.29170513908,-1074.8224220931897,124.0,3,46.0,False,0,7797.694,47.0
5578.313042920875,-1837.0,-1046.0,126.38499712,3,46.79499904,False,0,7797.853,47.0
5579.771111111113,-1845.3342424637583,-1040.165315731315,127.0,3,47.0,False,0,7797.894,47.0
5585.487155139076,-1872.0,-1019.0,129.38499712,3,48.58999808,False,0,7798.053,47.0
5591.412747993196,-1914.0,-980.0,131.78499712,3,50.18999808,False,0,7798.213,47.0
5594.548888888891,-1936.103050802843,-958.1843165106405,133.0,3,51.0,False,0,7798.294,47.0
5641.637777777781,-2180.2263856953837,-619.5915538128411,163.0,3,78.0,False,0,7799.334,47.0
5645.454286413251,-2195.0,-587.0,166.2093672,3,77.5062512,False,0,7799.4130000000005,47.0
5657.282222222225,-2236.102736115496,-483.69796837693696,176.0,4,76.0,False,0,7799.654,47.0
5658.2354058403025,-2239.0,-476.0,176.4750016,4,76.1187504,False,0,7799.673,47.0
5667.419508552985,-2266.0,-392.0,180.9749952,4,77.2437488,False,0,7799.853,47.0
5673.63777777778,-2289.6454061270574,-281.17994411355954,184.0,4,78.0,False,0,7799.974,47.0
5676.662493694717,-2299.0,-233.0,184.58706550035916,4,78.29353275017958,False,0,7800.033,47.0
5684.02277777778,-2308.6303973655877,-174.26883916118192,186.0,4,79.0,False,0,7800.175,47.0
5693.750447882575,-2309.0,-137.0,193.2312552,4,82.3375024,False,0,7800.353,47.0
5701.711666666669,-2313.0744889133025,-62.75404666784594,199.0,5,85.0,False,0,7800.495,47.0
5704.96923729873,-2314.0,-28.0,200.4500032,5,85.0,False,0,7800.553,47.0
5710.733888888892,-2313.2256804262747,33.33410777739511,203.0,5,85.0,False,0,7800.655,47.0
5714.055431416022,-2312.0,66.0,204.74000383999999,5,85.87000191999999,False,0,7800.713,47.0
5722.345000000002,-2307.8004765128185,134.36784171805604,209.0,5,88.0,False,0,7800.8550000000005,47.0
5731.890451184711,-2291.0,232.0,213.30908741818183,5,90.87272494545455,False,0,7801.013,47.0
5744.298635318896,-2241.0,430.0,218.76363287272727,5,94.50908858181818,False,0,7801.213,47.0
5749.356111111114,-2221.4411965704944,493.5106423149855,221.0,5,96.0,False,0,7801.295,47.0
5761.689444444447,-2181.8611231096925,581.7862026868405,222.0,5,100.0,False,0,7801.495,47.0
5774.469077137799,-2135.0,661.0,229.14999537777777,5,100.0,False,0,7801.693,47.0
5785.056713521881,-2086.0,745.0,234.92777315555554,5,100.0,False,0,7801.853,47.0
5785.189444444447,-2085.3591981450722,746.0457709575056,235.0,6,100.0,False,0,7801.8550000000005,47.0
5801.055406985639,-2005.0,866.0,239.95833066666665,6,100.0,False,0,7802.093,47.0
5801.189444444448,-2004.2652313664655,867.0416248044432,240.0,6,100.0,False,0,7802.095,47.0
5815.890727041801,-1918.0,987.0,242.7250016,6,100.0,False,0,7802.313,47.0
5817.389444444448,-1908.834088527736,999.7302466794545,243.0,6,100.0,False,0,7802.335,47.0
5825.489370199761,-1859.0,1069.0,246.71068630513255,6,100.0,False,0,7802.453,47.0
5828.3427777777815,-1841.78774615386,1092.7990648040773,248.0,6,100.0,False,0,7802.494000000001,47.0
5836.763924421252,-1792.0,1161.0,252.67499245714285,6,100.0,False,0,7802.613,47.0
5841.088542580686,-1766.6451509032365,1195.2043306427543,255.03214537142856,6,100.0,False,0,7802.673,47.0
0.4919925897261357,-1766.3265236316336,1195.5479701922852,255.03214537142856,6,100.0,False,0,7802.673,48.0
7.813333333333333,-1723.1688555873861,1252.934347005871,259.0,6,100.0,False,0,7802.773999999999,48.0
12.118846625089285,-1698.0,1286.0,260.2642870857143,6,100.0,False,0,7802.833,48.0
28.424444444444447,-1603.3306521659392,1407.7640489273936,265.0,6,100.0,False,0,7803.054,48.0
32.82029510833596,-1577.0,1441.0,266.229168,6,100.0,False,0,7803.112999999999,48.0
46.42444444444445,-1492.5787068575992,1546.3649249303191,270.0,6,100.0,False,0,7803.294,48.0
50.90245717125471,-1465.0,1581.0,271.4750016,6,100.0,False,0,7803.353,48.0
58.602222222222224,-1418.3146275889048,1640.316784428314,274.0,7,100.0,False,0,7803.454,48.0
61.578852295977455,-1400.0,1664.0,274.2785700571429,7,100.0,False,0,7803.4929999999995,48.0
76.89944175445785,-1304.0,1792.0,275.70714148571426,7,100.0,False,0,7803.693,48.0
80.06888888888889,-1285.5135924636115,1817.1706749998916,276.0,7,100.0,False,0,7803.7339999999995,48.0
97.19030760129792,-1190.0,1949.0,280.6928585142857,7,100.0,False,0,7803.9529999999995,48.0
102.00222222222223,-1160.3182173317678,1989.8711237807825,282.0,7,100.0,False,0,7804.014,48.0
111.43317022866411,-1102.0,2070.0,284.37999616,7,100.0,False,0,7804.133,48.0
117.89111111111112,-1067.3716590087479,2117.565392728886,286.0,7,100.0,False,0,7804.214,48.0
133.89901547669143,-971.0,2250.0,288.4874976,7,100.0,False,0,7804.413,48.0
143.6688888888889,-869.9519129255165,2388.9774608137727,290.0,7,100.0,False,0,7804.534,48.0
151.6594829561054,-800.0,2485.0,290.6187504,7,100.0,False,0,7804.633,48.0
156.60222222222222,-777.0279143210909,2516.311244302976,291.0,7,100.0,False,0,7804.6939999999995,48.0
171.24859961395006,-752.0,2550.0,293.55714377142857,7,100.0,False,0,7804.873,48.0
179.54666666666668,-711.7359704332775,2606.0122264472075,295.0,7,100.0,False,0,7804.974,48.0
190.9628862203515,-638.0,2710.0,295.69500032,7,100.0,False,0,7805.112999999999,48.0
195.9911111111111,-608.3279507238838,2752.715968422165,296.0,7,100.0,False,0,7805.174,48.0
205.85316854680406,-554.0,2832.0,297.4874976,7,100.0,False,0,7805.293,48.0
215.92444444444448,-500.29752929354123,2910.531227502988,299.0,7,100.0,False,0,7805.414,48.0
229.1767199938101,-423.0,3025.0,299.79499904,7,100.0,False,0,7805.572999999999,48.0
232.5911111111111,-399.800331709443,3059.854992965256,300.0,7,100.0,False,0,7805.614,48.0
250.8006045799955,-271.0,3255.0,300.0,7,100.0,False,0,7805.833,48.0
259.2577777777778,-229.2569894497844,3317.8505230832975,300.0,7,100.0,False,0,7805.934,48.0
276.06240351273254,-162.0,3416.0,303.97999616,7,100.0,False,0,7806.133,48.0
276.14666666666665,-161.58782319917017,3416.5867042149157,304.0,8,100.0,False,0,7806.134,48.0
299.48708613041833,-25.0,3607.0,301.3843768,8,100.0,False,0,7806.413,48.0
302.90222222222224,-5.771542816847287,3633.3310185347327,301.0,8,100.0,False,0,7806.454,48.0
311.14010025936545,39.0,3694.0,300.1749994666667,8,100.0,False,0,7806.553,48.0
322.8355555555556,103.58403021148766,3779.5067955592594,299.0,8,100.0,False,0,7806.6939999999995,48.0
335.94016388248565,193.0,3889.0,297.67867172142655,8,100.0,False,0,7806.853,48.0
352.5177777777778,348.8988381358387,4062.4453135109106,296.0,8,100.0,False,0,7807.054999999999,48.0
357.2776367325578,387.0,4103.0,295.70999936,8,100.0,False,0,7807.112999999999,48.0
368.9066666666667,452.3401725419912,4168.544061957915,295.0,8,100.0,False,0,7807.255,48.0
383.3492682560853,525.0,4228.0,293.0222208,8,100.0,False,0,7807.433,48.0
394.62930745519236,614.0,4295.0,291.46666808888887,8,100.0,False,0,7807.572999999999,48.0
398.0066666666667,640.5240232300092,4313.612397021902,291.0,8,100.0,False,0,7807.615,48.0
412.28565355153853,764.0,4383.0,289.3312488,8,100.0,False,0,7807.793,48.0
423.6066666666667,921.2641132255102,4439.34894707814,288.0,8,100.0,False,0,7807.9349999999995,48.0
436.1147412443053,1097.0,4491.0,285.63000192,8,100.0,False,0,7808.093,48.0
439.44000000000005,1130.7742705307355,4500.085599526726,285.0,8,100.0,False,0,7808.135,48.0
452.10666666666674,1209.45303508787,4516.787144422131,285.0,7,100.0,False,0,7808.295,48.0
470.6003488710728,1333.0,4517.0,281.43000192,7,100.0,False,0,7808.532999999999,48.0
483.1066666666668,1511.881576026857,4518.144305972363,279.0,7,100.0,False,0,7808.695,48.0
487.596087181662,1568.0,4518.0,279.0,7,100.0,False,0,7808.753,48.0
498.6066666666668,1655.1233106254476,4515.466059604297,279.0,7,100.0,False,0,7808.8949999999995,48.0
509.3160930909055,1723.0,4509.0,279.0,7,100.0,False,0,7809.032999999999,48.0
517.2066666666667,1794.3238576900549,4501.045724609061,279.0,7,100.0,False,0,7809.135,48.0
530.8777903237835,1938.0,4483.0,277.6616533876045,7,100.0,False,0,7809.313,48.0
544.6505055404162,2075.0,4464.0,276.3082720708536,7,100.0,False,0,7809.4929999999995,48.0
547.7966666666667,2114.313341707875,4459.753711538123,276.0,7,100.0,False,0,7809.534,48.0
560.1077777777779,2293.5184509292153,4444.275619051153,277.0,7,100.0,False,0,7809.6939999999995,48.0
564.6613433154989,2349.0,4440.0,277.2107145142857,7,100.0,False,0,7809.753,48.0
581.7300000000001,2469.634140221653,4432.596153755661,278.0,7,100.0,False,0,7809.974,48.0
596.9867816836874,2586.0,4442.0,276.01000192,7,100.0,False,0,7810.173,48.0
597.0633333333335,2586.876297063316,4442.095380907499,276.0,7,100.0,False,0,7810.174,48.0
613.798135961162,2810.0,4469.0,275.08749973333335,7,100.0,False,0,7810.393,48.0
615.3966666666668,2826.1844913724626,4470.996952555465,275.0,7,100.0,False,0,7810.414,48.0
633.5966666666668,2929.878583187833,4489.6921734597345,273.0,7,100.0,False,0,7810.6539999999995,48.0
641.1082213062602,3016.0,4524.0,273.0,7,100.0,False,0,7810.753,48.0
648.7633333333334,3155.359007962833,4583.109873361758,273.0,7,100.0,False,0,7810.853999999999,48.0
653.2227443269921,3231.0,4615.0,272.6722218666667,7,100.0,False,0,7810.913,48.0
675.8633333333336,3327.732030076503,4645.084245522048,271.0,7,100.0,False,0,7811.214,48.0
692.2902563385918,3469.0,4763.0,270.3916664888889,7,100.0,False,0,7811.433,48.0
699.7884093397399,3617.0,4881.0,270.1138894222222,7,100.0,False,0,7811.532999999999,48.0
702.8633333333336,3661.114670139442,4916.433846558181,270.0,7,100.0,False,0,7811.574,48.0
725.2945564269238,3723.0,4978.0,270.0,7,100.0,False,0,7811.873,48.0
732.8633333333336,3772.839466168875,5028.200488199018,270.0,7,100.0,False,0,7811.974,48.0
738.7782411543542,3820.0,5075.0,270.0,7,100.0,False,0,7812.053,48.0
747.8633333333336,3887.9276632482606,5143.039069134442,270.0,7,100.0,False,0,7812.174,48.0
762.8633333333337,3992.5924182238195,5247.997678801374,270.0,7,100.0,False,0,7812.374,48.0
765.6611500914172,4013.0,5268.0,266.9125152,7,91.87504,False,0,7812.413,48.0
769.85821415064,4045.0,5299.0,262.16249493333333,7,79.37498666666667,False,0,7812.473,48.0
793.796666666667,4292.959862896215,5528.703966828014,232.0,7,0.0,True,0,7812.853999999999,48.0
794.8901649233428,4301.0,5536.0,230.05249344,7,0.0,True,0,7812.873,48.0
806.9000945653185,4360.0,5588.0,207.50251968,7,0.0,True,0,7813.093,48.0
815.0188888888893,4419.156607503879,5637.774725561164,191.0,7,0.0,True,0,7813.254,48.0
825.235153154623,4512.0,5715.0,176.59863315717126,7,0.0,True,0,7813.473,48.0
827.885003267986,4534.0,5733.0,172.6530711877473,7,0.0,True,0,7813.532999999999,48.0
834.8638888888893,4618.28145293745,5793.530044313372,162.0,4,0.0,True,0,7813.695,48.0
841.4861111111115,4708.037777327114,5851.926451965426,149.0,3,0.0,True,0,7813.855,48.0
843.0045053628603,4723.0,5861.0,147.5750048,3,0.0,True,0,7813.893,48.0
850.8194444444449,4764.534875356318,5879.877216957278,140.0,3,0.0,True,0,7814.094999999999,48.0
854.60340724227,4785.0,5884.0,138.7749984,3,0.0,True,0,7814.193,48.0
859.9527777777782,4832.470458205157,5893.683179658475,137.0,3,0.0,True,0,7814.335,48.0
864.0890035103539,4877.0,5900.0,131.1000064,3,0.0,True,0,7814.4529999999995,48.0
868.7803412192488,4925.0,5901.0,124.0999936,3,0.0,True,0,7814.593,48.0
869.5194444444448,4932.141461108118,5900.808354550329,123.0,2,0.0,True,0,7814.615,48.0
874.8527777777782,4981.521857328488,5897.138198547318,120.0,2,1.0,True,0,7814.775,48.0
877.9240946032514,5014.0,5891.0,116.3249952,2,1.0,True,0,7814.873,48.0
884.4527777777782,5095.288181647577,5865.286280288515,108.0,2,1.0,True,0,7815.094999999999,48.0
884.9781642305629,5101.0,5863.0,107.83636247272727,2,0.9590906181818182,True,0,7815.112999999999,48.0
895.9754625328658,5183.0,5813.0,104.38181934545455,2,0.09545483636363639,True,0,7815.4929999999995,48.0
897.1638888888893,5191.246012306589,5806.462118540921,104.0,2,0.0,False,0,7815.535,48.0
898.2331761175765,5199.0,5800.0,103.2875024,2,3.7999872,False,0,7815.572999999999,48.0
901.6527777777783,5226.75222631115,5773.900018738968,101.0,2,16.0,False,0,7815.695,48.0
909.6065219067902,5293.0,5693.0,102.99283016651924,2,29.949811165634713,False,0,7815.973,48.0
909.6352777777782,5293.193883113654,5692.690713465398,103.0,2,30.0,False,0,7815.974,48.0
916.5686111111116,5329.249711882791,5617.404672693632,104.0,2,35.0,False,0,7816.214,48.0
919.4903994545366,5339.0,5592.0,105.06071497142857,2,35.35357165714286,False,0,7816.313,48.0
924.8908333333338,5349.9875598229355,5560.005066395993,107.0,2,36.0,False,0,7816.494,48.0
931.4428376334771,5360.0,5519.0,107.91250026666667,2,38.7375008,False,0,7816.713,48.0
932.0908333333339,5361.348493184291,5513.09243702036,108.0,2,39.0,False,0,7816.7339999999995,48.0
936.5044503416191,5371.0,5468.0,111.4750016,2,42.4750016,False,0,7816.873,48.0
945.9143901939121,5383.0,5379.0,118.4750016,2,49.4750016,False,0,7817.152999999999,48.0
946.6352777777784,5383.620514614356,5372.505708267034,119.0,2,50.0,False,0,7817.174,48.0
952.1544366082748,5388.0,5322.0,122.9749952,2,53.9749952,False,0,7817.333,48.0
956.4352777777784,5392.349931398481,5277.833388986203,126.0,2,57.0,False,0,7817.454,48.0
957.114351530766,5393.0,5271.0,126.38000128,2,57.09500032,False,0,7817.473,48.0
963.6211574537258,5399.0,5209.0,129.97999616,2,57.99499904,False,0,7817.652999999999,48.0
963.6575000000006,5399.045620536516,5208.640470665288,130.0,2,58.0,False,0,7817.6539999999995,48.0
972.390833333334,5415.594955702117,5114.687353286523,131.0,3,1.0,True,0,7817.893999999999,48.0
976.6886768894232,5426.0,5072.0,129.01666986666666,3,0.5041674666666667,True,0,7818.013,48.0
980.8575000000006,5437.205727525673,5035.536419482353,127.0,3,0.0,True,0,7818.134,48.0
989.2289262829693,5469.0,4967.0,108.06787017142857,3,0.0,True,0,7818.413,48.0
989.2575000000006,5469.1428935123495,4966.749512318551,108.0,2,0.0,True,0,7818.414,48.0
992.0607758135847,5484.0,4942.0,104.53499776,2,0.0,True,0,7818.513,48.0
994.8686111111117,5498.695225978269,4919.033871332498,101.0,2,0.0,True,0,7818.614,48.0
998.1079156677299,5519.0,4892.0,98.87500342857143,2,0.0,True,0,7818.733,48.0
1002.3352777777784,5559.739633961301,4848.518086535849,96.0,2,0.0,True,0,7818.893999999999,48.0
1006.2821042589123,5597.0,4812.0,92.0250048,2,0.0,True,0,7819.053,48.0
1011.0352777777783,5617.359315236474,4793.076409512008,87.0,2,0.0,True,0,7819.254,48.0
1013.3239950771739,5635.0,4782.0,85.453124,2,0.0,True,0,7819.353,48.0
1017.8766073161414,5701.0,4746.0,82.3125,2,0.0,True,0,7819.554,48.0
1018.3241666666672,5707.368551620956,4743.185485595896,82.0,2,0.0,True,0,7819.574,48.0
1025.3463888888894,5782.600610542432,4731.128491897221,79.0,2,0.0,False,0,7819.893999999999,48.0
1029.1394568870605,5807.0,4734.0,77.51246457838707,2,1.9833805621505707,False,0,7820.072999999999,48.0
1032.9675000000004,5821.966915086236,4736.589558752187,76.0,2,4.0,False,0,7820.255,48.0
1034.6227386992468,5831.0,4740.0,76.32499946666667,2,8.549992533333334,False,0,7820.333,48.0
1038.1008333333336,5861.216548741904,4754.227326412957,77.0,2,18.0,False,0,7820.495,48.0
1041.5676825669714,5895.0,4774.0,78.9749984,2,22.937496,False,0,7820.652999999999,48.0
1041.6119444444448,5895.389596258338,4774.266666246185,79.0,2,23.0,False,0,7820.655,48.0
1047.3905744217618,5940.0,4812.0,80.43333404444445,2,29.450003199999998,False,0,7820.913,48.0
1049.7119444444447,5957.406530939242,4828.588481417985,81.0,2,32.0,False,0,7821.014999999999,48.0
1051.0410728941108,5967.0,4838.0,81.87000191999999,2,32.87000192,False,0,7821.072999999999,48.0
1054.3786111111115,5989.1131399661135,4860.8173749261505,84.0,2,35.0,False,0,7821.215,48.0
1054.819268839269,5992.0,4864.0,84.5500039111111,2,35.600004266666666,False,0,7821.233,48.0
1059.4576225081835,6022.0,4900.0,90.04999608888889,2,41.59999573333333,False,0,7821.413,48.0
1063.2693141041714,6043.0,4929.0,94.32778168888889,2,46.26667093333333,False,0,7821.553,48.0
1063.8786111111115,6046.3203784645575,4933.685408634453,95.0,2,47.0,False,0,7821.575,48.0
1069.4921277499807,6077.0,4978.0,100.5687464,2,50.7124976,False,0,7821.773,48.0
1073.123055555556,6095.5260297101895,5007.3725341109575,104.0,2,53.0,False,0,7821.8949999999995,48.0
1075.5292175849029,6107.0,5027.0,106.38332942222222,2,53.21666631111111,False,0,7821.973,48.0
1084.623055555556,6145.87976852462,5103.815193895951,115.0,2,54.0,False,0,7822.255,48.0
1085.862415819289,6151.0,5115.0,115.527776,2,54.527776,False,0,7822.293,48.0
1092.4331916692408,6177.0,5175.0,118.30555377777777,2,57.305553777777774,False,0,7822.4929999999995,48.0
1095.158919380198,6186.0,5197.0,119.41666488888889,2,58.41666488888889,False,0,7822.572999999999,48.0
1096.623055555556,6190.873139072489,5209.686941897764,120.0,3,59.0,False,0,7822.615,48.0
1103.8644444444449,6215.801667578396,5281.658632288775,131.0,3,68.0,False,0,7822.813999999999,48.0
1107.6431544018708,6227.0,5316.0,134.57500231111112,3,71.30000213333334,False,0,7822.913,48.0
1115.6750841693024,6248.0,5387.0,141.79722453333332,3,77.96666880000001,False,0,7823.112999999999,48.0
1118.264444444445,6256.963772888699,5421.868369986383,144.0,3,80.0,False,0,7823.174,48.0
1127.1580965616567,6289.0,5553.0,156.7928448,3,86.3964224,False,0,7823.373,48.0
1130.8644444444449,6296.616688183503,5584.0359996464795,162.0,4,89.0,False,0,7823.454,48.0
1141.9977777777783,6306.957582639836,5637.648039492586,167.0,4,99.0,False,0,7823.6939999999995,48.0
1143.8660140464644,6310.0,5658.0,168.624992,4,98.187504,False,0,7823.733,48.0
1152.7389609060053,6328.0,5790.0,176.12500266666666,4,94.43749866666667,False,0,7823.913,48.0
1153.7977777777783,6329.415588349308,5803.740149810124,177.0,4,94.0,False,0,7823.934,48.0
1164.1311111111115,6332.623330612641,5906.613249985797,186.0,4,92.0,False,0,7824.134,48.0
1166.205124278617,6332.0,5929.0,187.5321353142857,4,91.86071497142858,False,0,7824.173,48.0
1179.3968985086422,6323.0,6089.0,196.96070674285716,4,91.00357211428572,False,0,7824.413,48.0
1179.4533333333338,6322.95199703208,6089.5626850204635,197.0,5,91.0,False,0,7824.414,48.0
1190.9533333333338,6311.373928436073,6178.701633382634,207.0,5,92.0,False,0,7824.614,48.0
1193.2338890748583,6308.0,6197.0,207.77999616,5,92.0,False,0,7824.652999999999,48.0
1209.920947803612,6271.0,6358.0,213.37999616,5,92.0,False,0,7824.933,48.0
1214.8422222222227,6257.314119270122,6403.391062514251,215.0,5,92.0,False,0,7825.014,48.0
1224.7088888888893,6224.776960672564,6491.151111131799,222.0,5,92.0,False,0,7825.174,48.0
1229.7046856402321,6202.0,6542.0,225.15999232,5,90.81500288,False,0,7825.253,48.0
1237.4866666666671,6157.444816328669,6631.769435257988,230.0,5,89.0,False,0,7825.374,48.0
1242.6111453487722,6126.0,6690.0,231.41071085714285,5,89.28214217142857,False,0,7825.4529999999995,48.0
1255.764444444445,6047.715717734724,6815.933043025899,235.0,6,90.0,False,0,7825.6539999999995,48.0
1266.2246370209755,5978.0,6907.0,236.58999808,6,93.9749952,False,0,7825.813,48.0
1268.9311111111115,5957.7829241878635,6930.913351955544,237.0,6,95.0,False,0,7825.853999999999,48.0
1279.5533333333337,5870.102403236166,7025.921860232782,239.0,6,99.0,False,0,7826.014,48.0
1295.8084321979152,5756.0,7138.0,244.2281208,6,99.0,False,0,7826.253,48.0
1301.4200000000005,5733.125290974898,7158.771548913281,246.0,6,99.0,False,0,7826.334,48.0
1313.998223426459,5691.0,7193.0,251.94191241610952,6,99.74273905201369,False,0,7826.513,48.0
1318.4238888888895,5668.768621426419,7211.072077852341,254.0,6,100.0,False,0,7826.575,48.0
1338.8794444444447,5507.971426422163,7340.079722927593,263.0,6,100.0,False,0,7826.855,48.0
1341.708523507269,5477.0,7364.0,263.85499712,6,100.0,False,0,7826.893,48.0
1355.2725354335867,5318.0,7485.0,267.90500288,6,100.0,False,0,7827.072999999999,48.0
1369.1016666666671,5237.761364767658,7548.076061938792,272.0,7,100.0,False,0,7827.255,48.0
1378.0707535375554,5194.0,7584.0,273.26428434285714,7,100.0,False,0,7827.373,48.0
1390.4905555555558,5102.68948491506,7658.544108583346,275.0,7,100.0,False,0,7827.535,48.0
1402.8656443717473,4998.0,7745.0,280.2666624,7,100.0,False,0,7827.693,48.0
1409.3572222222226,4944.866053914959,7789.767062109697,283.0,7,100.0,False,0,7827.775,48.0
1420.3515433920293,4860.0,7862.0,285.76000256,7,100.0,False,0,7827.913,48.0
1425.301666666667,4825.320690988981,7891.45201298365,287.0,7,100.0,False,0,7827.974999999999,48.0
1441.1406940637696,4720.0,7981.0,287.98999936,7,100.0,False,0,7828.173,48.0
1441.301666666667,4718.857223075082,7981.978630834932,288.0,7,100.0,False,0,7828.175,48.0
1457.3605318742207,4598.0,8086.0,291.95999744,7,100.0,False,0,7828.373,48.0
1457.5238888888894,4596.753551907189,8087.073274385216,292.0,7,100.0,False,0,7828.375,48.0
1475.4414290456343,4462.0,8203.0,295.63333546666667,7,100.0,False,0,7828.593,48.0
1477.2572222222225,4448.784674102622,8214.379644148536,296.0,7,100.0,False,0,7828.615,48.0
1490.501666666667,4354.138275211116,8295.938770577799,298.0,7,100.0,False,0,7828.775,48.0
1495.331935005247,4318.0,8327.0,298.87000192,7,100.0,False,0,7828.833,48.0
1507.2238888888892,4223.090732416313,8408.30075658785,301.0,7,100.0,False,0,7828.974999999999,48.0
1515.47480206396,4159.0,8463.0,301.98000128,7,100.0,False,0,7829.072999999999,48.0
1530.7193483877545,4051.0,8555.0,303.77999872,7,100.0,False,0,7829.253,48.0
1541.1127777777783,3972.131249093596,8622.950054278866,305.0,8,100.0,False,0,7829.375,48.0
1556.36326566067,3852.0,8727.0,306.9832879806952,8,100.0,False,0,7829.553,48.0
1563.241430276439,3800.0,8772.0,307.8746527242959,8,100.0,False,0,7829.633,48.0
1571.9269444444449,3738.548770749273,8826.187531469861,309.0,8,100.0,False,0,7829.7339999999995,48.0
1580.442463940447,3678.0,8880.0,309.49500032,8,100.0,False,0,7829.833,48.0
1589.149166666667,3610.699619352201,8939.296119679811,310.0,8,100.0,False,0,7829.934,48.0
1599.4545904418242,3529.0,9011.0,311.4874976,8,100.0,False,0,7830.053,48.0
1603.0158333333338,3501.625444855781,9035.049967387604,312.0,8,100.0,False,0,7830.094,48.0
1620.3666913709606,3372.0,9149.0,313.65833173333334,8,100.0,False,0,7830.293,48.0
1623.9491666666672,3344.999990662092,9172.701172995246,314.0,8,100.0,False,0,7830.334,48.0
1637.9491666666672,3239.205145514831,9265.433513398852,315.0,8,100.0,False,0,7830.494,48.0
1643.1257337142567,3202.0,9298.0,315.29500032,8,100.0,False,0,7830.553,48.0
1664.2611427331585,3043.0,9437.0,316.49500032,8,100.0,False,0,7830.793,48.0
1673.1713888888894,2940.0357551741936,9527.073318873367,317.0,8,100.0,False,0,7830.893999999999,48.0
1681.909370477309,2844.0,9611.0,317.3093752,8,100.0,False,0,7830.9929999999995,48.0
1701.438055555556,2745.207069434778,9696.531442554746,318.0,8,100.0,False,0,7831.214,48.0
1710.2020496102118,2703.0,9733.0,318.41250026666665,8,100.0,False,0,7831.313,48.0
1722.7047222222225,2612.2271395751836,9811.87502577888,319.0,8,100.0,False,0,7831.454,48.0
1735.05861780482,2510.0,9901.0,319.4343752,8,100.0,False,0,7831.593,48.0
1751.149166666667,2385.458564741884,10010.212276949356,320.0,8,100.0,False,0,7831.773999999999,48.0
1752.8353438668146,2371.0,10023.0,319.93214262857146,8,100.0,False,0,7831.793,48.0
1775.8716620071082,2157.0,10214.0,319.0035721142857,8,100.0,False,0,7832.053,48.0
1775.9602777777782,2156.335630407112,10214.595854920848,319.0,8,100.0,False,0,7832.054,48.0
1798.914534255493,2026.0,10332.0,319.0,8,100.0,False,0,7832.313,48.0
1804.3158333333338,1990.8085134175894,10363.718951619774,319.0,8,100.0,False,0,7832.374,48.0
1816.552986380152,1901.0,10444.0,316.3937488,8,100.0,False,0,7832.513,48.0
1818.3602777777783,1887.3133393739738,10456.041220329489,316.0,8,100.0,True,0,7832.534,48.0
1834.8254757505426,1758.0,10567.0,298.85714285714283,8,29.285714285714278,True,0,7832.7339999999995,48.0
1841.0713888888893,1707.8150707555192,10608.529892993276,292.0,8,1.0,True,0,7832.813999999999,48.0
1851.4728159459796,1622.0,10676.0,271.1499904,8,1.0,True,0,7832.9529999999995,48.0
1852.9825000000003,1609.0205030647842,10685.598620427218,268.0,8,1.0,True,0,7832.974,48.0
1871.500604274998,1439.0,10797.0,241.05608793641628,8,0.1308415463360092,True,0,7833.253,48.0
1874.1150000000005,1414.800294899716,10810.788415437853,237.0,8,0.0,True,0,7833.295,48.0
1883.6342758439562,1326.0,10856.0,222.3285833142857,8,0.0,True,0,7833.4529999999995,48.0
1890.5261111111117,1256.041726480457,10885.033774384929,211.0,6,0.0,True,0,7833.575,48.0
1896.7331621886033,1189.0,10908.0,204.29546181818182,6,0.0,True,0,7833.693,48.0
1928.0467326600667,831.0,10948.0,163.3863709090909,6,0.0,True,0,7834.413,48.0
1929.8816666666673,811.8806450556726,10947.287272715612,161.0,4,0.0,True,0,7834.455,48.0
1935.9830673114157,752.0,10943.0,159.2749984,4,0.0,True,0,7834.593,48.0
1936.948333333334,743.3373734763192,10941.957236773025,159.0,4,0.0,True,0,7834.615,48.0
1941.193647117596,707.0,10936.0,156.95833066666665,4,0.40833386666666666,True,0,7834.713,48.0
1947.2150000000006,654.9644126430912,10923.202475792328,154.0,4,1.0,True,0,7834.855,48.0
1953.7867153170384,588.0,10897.0,150.708336,4,0.34166719999999995,True,0,7835.013,48.0
1957.1483333333338,545.3027489238675,10875.631216896445,149.0,4,0.0,False,0,7835.094999999999,48.0
1964.3356693313776,455.0,10824.0,146.218748,4,1.6687512,False,0,7835.273,48.0
1969.9483333333337,419.0091070658841,10798.513589967544,144.0,4,3.0,False,0,7835.415,48.0
1977.5986743648207,391.0,10765.0,139.87500266666666,4,24.449986133333333,False,0,7835.612999999999,48.0
1979.2150000000004,381.68511063822086,10753.681988499986,139.0,4,29.0,False,0,7835.655,48.0
1983.7646253030907,352.0,10716.0,139.0,4,30.4749984,False,0,7835.773,48.0
1985.3927777777783,342.1330103813116,10701.87517097192,139.0,4,31.0,False,0,7835.815,48.0
1991.5721222489701,309.0,10648.0,140.3166656,4,35.6083296,False,0,7835.973,48.0
1994.7927777777782,293.7000746868643,10621.64099372808,141.0,4,38.0,False,0,7836.054999999999,48.0
1998.642093015692,275.0,10585.0,141.0,4,35.54121599054544,False,0,7836.152999999999,48.0
2005.7202777777784,233.88902787610843,10483.736869557975,141.0,4,31.0,False,0,7836.334,48.0
2008.7774457273226,220.0,10445.0,140.15357348571428,4,22.25359268571429,False,0,7836.413,48.0
2016.4536111111117,206.5973114055084,10392.229663673395,138.0,4,0.0,False,0,7836.614,48.0
2021.6607421703804,204.0,10362.0,135.68333226666667,4,0.0,False,0,7836.753,48.0
2025.386944444445,200.98429040799596,10330.781300729182,134.0,4,0.0,True,0,7836.853999999999,48.0
2034.7078057828853,192.0,10230.0,130.46818094545455,4,0.0,True,0,7837.112999999999,48.0
2040.3054189473391,189.0,10171.0,128.28636276363636,4,0.0,True,0,7837.273,48.0
2041.0313888888895,188.62784999414828,10163.482926669114,128.0,3,0.0,True,0,7837.294,48.0
2046.498055555556,185.60493508953596,10107.58842737946,123.0,3,0.0,True,0,7837.454,48.0
2049.1584641992645,184.0,10080.0,121.81500288,3,0.0,True,0,7837.532999999999,48.0
2053.1647222222227,181.402743823293,10037.17942422747,120.0,3,0.0,True,0,7837.6539999999995,48.0
2056.3559460036104,179.0,10003.0,117.5249984,3,0.0,True,0,7837.753,48.0
2059.5536111111114,176.1763742670415,9970.038009937634,115.0,3,0.0,True,0,7837.853999999999,48.0
2060.779000171588,175.0,9958.0,114.44285988571428,3,0.0,True,0,7837.893,48.0
2066.351638614309,167.0,9902.0,111.87142765714286,3,0.0,True,0,7838.072999999999,48.0
2068.1869444444446,161.11373573806992,9876.086133734967,111.0,3,0.0,True,0,7838.134,48.0
2072.823695993583,143.0,9807.0,107.46667093333333,3,0.0,True,0,7838.293,48.0
2078.486944444445,137.32082342329682,9787.816438551907,103.0,2,0.0,True,0,7838.494,48.0
2082.356584539267,132.0,9779.0,100.68333226666667,2,0.0,True,0,7838.633,48.0
2085.0869444444447,122.15305737056525,9758.2097109596,99.0,2,0.0,True,0,7838.7339999999995,48.0
2088.671183399374,104.0,9721.0,95.84090763636364,2,0.0,True,0,7838.873,48.0
2094.502124741378,71.0,9669.0,90.38636218181819,2,0.0,True,0,7839.112999999999,48.0
2095.9647222222225,60.684857412466336,9655.052158463935,89.0,2,0.0,True,0,7839.174,48.0
2100.726468089554,22.0,9608.0,87.18181818181819,2,0.0,True,0,7839.374,48.0
2106.3536111111116,-26.110398013133448,9562.934313480755,85.0,1,0.0,False,0,7839.614,48.0
2109.560241893555,-51.0,9543.0,83.27329044404092,1,0.0,False,0,7839.753,48.0
2110.065555555556,-54.58089847576035,9540.253024212316,83.0,1,0.0,False,0,7839.775,48.0
2115.5322222222226,-87.86794954971997,9517.11238504014,82.0,1,0.0,False,0,7840.014999999999,48.0
2119.0385615110335,-112.0,9503.0,80.81500096,1,0.0,False,0,7840.173,48.0
2124.3100000000004,-159.20313578528058,9478.688725733813,79.0,1,0.0,False,0,7840.415,48.0
2124.701284975128,-163.0,9477.0,78.90999936,1,0.0,False,0,7840.433,48.0
2128.643333333334,-202.21921150921435,9462.174353866525,78.0,1,0.0,False,0,7840.615,48.0
2129.4586908254596,-210.0,9460.0,77.7625008,1,0.0,False,0,7840.652999999999,48.0
2129.8865787464842,-214.0,9459.0,77.6374992,1,0.0,False,0,7840.673,48.0
2134.9439807914755,-263.0,9448.0,76.1374992,1,0.0,False,0,7840.913,48.0
2135.3988888888894,-268.12634008374675,9447.287535394014,76.0,1,0.0,False,0,7840.9349999999995,48.0
2141.0766666666673,-337.4886520545022,9443.081273827253,73.0,1,0.0,False,0,7841.215,48.0
2141.437854231993,-341.0,9443.0,72.8874992,1,0.0,False,0,7841.233,48.0
2144.276666666667,-362.49502784802996,9442.943748948277,72.0,1,0.0,False,0,7841.375,48.0
2148.1930084214937,-395.0,9450.0,71.17500053333333,1,0.0,False,0,7841.572999999999,48.0
2149.0100000000007,-406.3181418071422,9453.609230116168,71.0,1,0.0,False,0,7841.615,48.0
2152.420934351368,-461.0,9473.0,69.21999872,1,2.67000192,False,0,7841.793,48.0
2152.843333333334,-466.28130783416174,9474.99296344555,69.0,1,3.0,False,0,7841.815,48.0
2160.621111111112,-510.1168292085463,9498.50354732858,70.0,1,5.0,False,0,7842.215,48.0
2161.35619396441,-515.0,9502.0,69.81000064,1,4.0500032,False,0,7842.253,48.0
2164.4168377716246,-540.0,9520.0,69.01000064,1,0.050003199999999914,False,0,7842.413,48.0
2164.454444444445,-540.2997647125087,9520.221180564768,69.0,1,0.0,False,0,7842.415,48.0
2169.156534837254,-577.0,9551.0,66.65454429090909,1,0.0,False,0,7842.673,48.0
2172.3988888888894,-614.2849252344885,9589.86501174735,65.0,1,0.0,False,0,7842.855,48.0
2173.076382873224,-620.0,9596.0,64.8410047622414,1,0.0,False,0,7842.893,48.0
2176.647777777778,-631.61284913764,9609.36820929632,64.0,1,0.0,True,0,7843.094,48.0
2177.6828009487067,-635.0,9614.0,63.6312496,1,0.0,True,0,7843.152999999999,48.0
2181.806905957484,-660.0,9649.0,62.1312496,1,0.0,True,0,7843.393,48.0
2182.158888888889,-662.1014969287897,9652.180486542595,62.0,1,0.0,True,0,7843.414,48.0
2184.7761994272914,-676.0,9675.0,60.0125024,1,0.0,True,0,7843.572999999999,48.0
2186.0922222222225,-682.3161566265454,9686.444078837678,59.0,1,0.0,True,0,7843.6539999999995,48.0
2188.98203264916,-695.0,9711.0,58.2541664,1,0.0,True,0,7843.833,48.0
2189.9588888888893,-699.0481864387885,9718.814422544525,58.0,1,0.0,False,0,7843.893999999999,48.0
2193.125555555556,-712.2819877236652,9745.664400162124,57.0,1,0.0,False,0,7844.094,48.0
2194.0458465359707,-717.0,9757.0,56.6312496,1,0.0,False,0,7844.152999999999,48.0
2195.614444444445,-726.1201787832393,9780.752965569845,56.0,1,0.0,False,0,7844.254,48.0
2196.534393464664,-731.0,9794.0,56.0,1,0.0,False,0,7844.313,48.0
2198.7255555555557,-739.1547466032239,9817.280440855588,56.0,1,0.0,False,0,7844.454,48.0
2202.9255555555555,-746.6502851579489,9844.106532063575,54.0,1,0.0,False,0,7844.7339999999995,48.0
2203.501669895906,-748.0,9849.0,53.86071497142857,1,0.0,False,0,7844.773,48.0
2204.9720695482124,-752.0,9864.0,53.5035712,1,0.0,False,0,7844.873,48.0
2207.047777777778,-758.8054373011175,9896.53708260792,53.0,1,0.0,False,0,7845.014,48.0
2208.2191975364963,-762.0,9913.0,53.282142171428575,1,3.385706057142857,False,0,7845.093,48.0
2211.2477777777776,-765.5931425527316,9932.316724644492,54.0,1,12.0,False,0,7845.294,48.0
2213.4131574714447,-767.0,9944.0,55.7375008,1,15.475001599999999,False,0,7845.433,48.0
2215.0477777777774,-768.5267060640997,9958.321720037633,57.0,1,18.0,False,0,7845.534,48.0
2218.8179982362053,-772.0,9997.0,60.65000106666667,1,21.041667555555556,False,0,7845.753,48.0
2221.3477777777775,-772.8811257451262,10018.071253358354,63.0,1,23.0,False,0,7845.893999999999,48.0
2222.0737253811863,-773.0,10026.0,63.75,1,24.0,False,0,7845.934,48.0
2224.281111111111,-773.1150440337512,10058.49646162324,66.0,1,27.0,False,0,7846.054,48.0
2226.5344557719172,-773.0,10092.0,67.69394783065005,1,28.27046087298753,False,0,7846.173,48.0
2229.745,-772.6809696962176,10121.203314704191,70.0,1,30.0,False,0,7846.335,48.0
2235.737028576995,-770.0,10157.0,76.9499968,1,34.343748,False,0,7846.612999999999,48.0
2236.6783333333333,-769.093571604251,10165.517782872514,78.0,1,35.0,False,0,7846.655,48.0
2240.2861967790905,-765.0,10202.0,81.291664,1,35.0,False,0,7846.813,48.0
2242.2116666666666,-763.0783980618673,10219.476108752151,83.0,2,35.0,False,0,7846.8949999999995,48.0
2244.5671486480505,-760.0,10243.0,84.8375024,2,36.2250016,False,0,7846.9929999999995,48.0
2250.1227777777776,-746.9418926045952,10318.04932329338,89.0,2,39.0,False,0,7847.215,48.0
2250.5866995956385,-746.0,10323.0,89.4500032,2,39.12857234285714,False,0,7847.233,48.0
2257.5894444444443,-735.7404392018564,10367.780937530504,96.0,2,41.0,False,0,7847.495,48.0
2259.2141861647005,-732.0,10382.0,97.28889173333333,2,41.322222933333336,False,0,7847.553,48.0
2265.5922238146695,-710.0,10463.0,102.17777493333334,2,42.54444373333333,False,0,7847.773,48.0
2267.9894444444444,-700.2763531658572,10494.607448299685,104.0,2,43.0,False,0,7847.855,48.0
2272.7005555555556,-680.9253775811159,10551.488649017778,106.0,2,45.0,False,0,7848.014999999999,48.0
2274.4713726726036,-675.0,10568.0,108.1750048,2,45.7250016,False,0,7848.072999999999,48.0
2277.6783333333337,-666.3054587030922,10591.06390102912,112.0,2,47.0,False,0,7848.175,48.0
2282.849719717258,-653.0,10624.0,115.9499968,2,48.69285577142857,False,0,7848.333,48.0
2286.933888888889,-638.0600276039311,10661.171435276847,119.0,2,50.0,False,0,7848.455,48.0
2290.2325623644656,-625.0,10693.0,120.47000192,2,50.49000064,False,0,7848.553,48.0
2293.711666666667,-611.9550664274113,10723.516425129541,122.0,2,51.0,False,0,7848.655,48.0
2297.8332293356957,-596.0,10759.0,124.9499968,2,51.0,False,0,7848.773,48.0
2300.7672222222227,-583.2426837814786,10786.2941049182,127.0,3,51.0,False,0,7848.855,48.0
2308.1116343698923,-551.0,10853.0,132.6571392,3,53.1214272,False,0,7849.053,48.0
2311.2672222222227,-539.9510120189019,10875.362310425638,135.0,3,54.0,False,0,7849.135,48.0
2316.7335673370635,-515.0,10924.0,139.312504,3,55.7250016,False,0,7849.273,48.0
2324.07387618371,-454.0,11040.0,144.937496,3,57.9749984,False,0,7849.4529999999995,48.0
2324.1561111111114,-453.4266913620383,11041.08684328729,145.0,3,58.0,False,0,7849.455,48.0
2335.7811111111114,-416.40824219429504,11110.567896834913,150.0,3,55.0,False,0,7849.7339999999995,48.0
2341.7093796050294,-398.0,11143.0,152.78000128,3,57.78000128,False,0,7849.873,48.0
2344.336666666667,-385.5427510454499,11164.868093933623,154.0,3,59.0,False,0,7849.934,48.0
2351.3144444444447,-342.58331609341786,11239.417811358,157.0,3,55.0,False,0,7850.094,48.0
2353.9442856336364,-326.0,11267.0,158.4750016,3,55.4916672,False,0,7850.152999999999,48.0
2362.1811111111115,-275.4694495645586,11346.100924328002,163.0,4,57.0,False,0,7850.334,48.0
2371.3828317639563,-223.0,11423.0,165.8428544,4,47.0500096,False,0,7850.532999999999,48.0
2375.1700000000005,-203.38327617838155,11451.128203124206,167.0,4,43.0,False,0,7850.614,48.0
2384.614444444445,-158.7736853550495,11513.290784791227,170.0,4,46.0,False,0,7850.813999999999,48.0
2393.116929645058,-115.0,11570.0,170.7458336,4,45.2541664,False,0,7850.9929999999995,48.0
2396.014444444445,-98.44246072195781,11590.501481571122,171.0,4,45.0,False,0,7851.054,48.0
2405.514444444445,-38.82730312697119,11661.570362109098,171.0,4,44.0,False,0,7851.254,48.0
2411.206208349479,-2.0,11705.0,171.66111004444446,4,44.0,False,0,7851.373,48.0
2419.871521348106,54.0,11770.0,172.66111146666665,4,44.0,False,0,7851.553,48.0
2422.814444444445,72.84281463438128,11790.202444344322,173.0,4,44.0,False,0,7851.614,48.0
2427.5963481483645,104.0,11822.0,173.6187504,4,44.6187504,False,0,7851.713,48.0
2430.5477777777783,124.24068400337467,11842.270152668021,174.0,4,45.0,False,0,7851.773999999999,48.0
2440.2125378270557,194.0,11911.0,174.82916586666667,4,44.17083413333334,False,0,7851.973,48.0
2442.2144444444452,208.4319088648888,11925.234016447552,175.0,4,44.0,False,0,7852.014,48.0
2449.0259482317515,261.0,11976.0,175.69500032,4,38.43999744,False,0,7852.152999999999,48.0
2451.9922222222226,289.2002784252484,12001.73107513201,176.0,4,36.0,False,0,7852.214,48.0
2460.587831041114,376.0,12078.0,173.1875,4,15.75,False,0,7852.393999999999,48.0
2467.1922222222224,416.65126155869376,12113.275832950927,171.0,4,0.0,False,0,7852.534,48.0
2478.4309094211635,483.0,12165.0,169.5109043261616,4,0.0,False,0,7852.773,48.0
2482.2613888888895,528.9906996052426,12199.190626459891,169.0,4,0.0,False,0,7852.855,48.0
2488.66762827714,610.0,12259.0,167.2749984,4,0.0,False,0,7852.9929999999995,48.0
2489.6836111111115,619.2610200500606,12265.848110141702,167.0,4,0.0,False,0,7853.014999999999,48.0
2498.8502777777785,659.8487662495208,12295.564897063683,165.0,4,0.0,False,0,7853.215,48.0
2504.2022887931093,694.0,12316.0,163.8937512,4,0.0,False,0,7853.333,48.0
2513.2502777777786,812.0576097161072,12383.4882212339,162.0,4,0.0,False,0,7853.535,48.0
2517.5761726029596,865.0,12413.0,160.59999817142858,4,0.7000009142857143,False,0,7853.633,48.0
2525.5391666666674,921.3356188636965,12442.454169967874,158.0,3,2.0,False,0,7853.815,48.0
2534.1746732335623,963.0,12461.0,157.01000064,3,15.85999104,False,0,7854.013,48.0
2534.2613888888895,963.5600021636084,12461.253123986728,157.0,3,16.0,False,0,7854.014999999999,48.0
2542.7898221908663,1037.0,12494.0,155.35000106666666,3,31.674989866666667,False,0,7854.213,48.0
2544.594722222223,1059.4456358866005,12503.527525281577,155.0,3,35.0,False,0,7854.255,48.0
2551.4836111111117,1156.0177509195714,12543.361814286143,155.0,3,41.0,False,0,7854.415,48.0
2552.262369178457,1165.0,12547.0,155.18000128,3,41.54000384,False,0,7854.433,48.0
2560.205833333334,1224.8927773091327,12570.381150148929,157.0,3,47.0,False,0,7854.615,48.0
2569.050502154364,1285.0,12590.0,160.29999786666667,3,54.4249952,False,0,7854.813,48.0
2570.9391666666675,1305.603251595988,12596.553552562411,161.0,3,56.0,False,0,7854.855,48.0
2578.1836111111115,1405.1800005164796,12627.864316711773,163.0,3,57.0,False,0,7855.014999999999,48.0
2582.749091197155,1458.0,12644.0,165.4500032,3,58.633335466666665,False,0,7855.112999999999,48.0
2589.4502777777784,1508.697670438542,12658.46877650346,169.0,3,61.0,False,0,7855.255,48.0
2599.6313117503796,1572.0,12674.0,169.0,3,64.11428754285714,False,0,7855.473,48.0
2602.594722222223,1600.3666816543337,12681.117808324223,169.0,4,65.0,False,0,7855.535,48.0
2608.3784761534107,1661.0,12696.0,173.63570925714285,4,66.26428434285714,False,0,7855.652999999999,48.0
2616.594722222223,1736.8349182118825,12712.36309459958,180.0,4,68.0,False,0,7855.815,48.0
2619.6027193081686,1764.0,12718.0,181.77222613333333,4,69.12778026666666,False,0,7855.873,48.0
2629.145908656405,1859.0,12737.0,187.27221831111112,4,72.62777528888888,False,0,7856.053,48.0
2635.694722222223,1951.214620125616,12752.208413314329,191.0,4,75.0,False,0,7856.175,48.0
2642.0597926886758,2034.0,12765.0,193.35999744,4,75.0,False,0,7856.293,48.0
2646.528055555556,2070.4326575109108,12770.598438513329,195.0,4,75.0,False,0,7856.375,48.0
2658.668831561917,2140.0,12780.0,199.7837009085992,4,78.41692922042799,False,0,7856.593,48.0
2664.4275000000007,2206.7629212255874,12788.104274495652,202.0,4,80.0,False,0,7856.6939999999995,48.0
2678.3574092271297,2401.0,12811.0,208.82856594285715,4,80.0,False,0,7856.933,48.0
2680.760833333334,2424.7588336379326,12813.729229909955,210.0,5,80.0,False,0,7856.974,48.0
2694.8941666666674,2508.536280737658,12822.726569422364,212.0,5,78.0,False,0,7857.214,48.0
2702.0719608832164,2561.0,12828.0,216.4624928,5,85.437488,False,0,7857.333,48.0
2704.5830555555567,2584.1514742455747,12830.328598747787,218.0,5,88.0,False,0,7857.374,48.0
2714.52301022078,2689.0,12841.0,222.4718696,5,92.4718696,False,0,7857.532999999999,48.0
2724.7608333333346,2789.5222854612434,12851.779572605672,227.0,5,97.0,False,0,7857.6939999999995,48.0
2731.0662313680764,2851.0,12858.0,228.8562512,5,98.2375008,False,0,7857.793,48.0
2734.983055555557,2889.857235736468,12861.612592372232,230.0,5,99.0,False,0,7857.853999999999,48.0
2738.808485258259,2927.0,12865.0,231.4750016,5,99.2458336,False,0,7857.913,48.0
2750.7163888888904,3038.4857105525634,12875.822235969828,236.0,5,100.0,False,0,7858.094,48.0
2753.297403617103,3069.0,12879.0,236.6499968,5,99.6750016,False,0,7858.133,48.0
2766.7163888888904,3276.1553698424314,12901.543053802327,240.0,5,98.0,False,0,7858.334,48.0
2773.4566208027054,3362.0,12911.0,242.0250013090909,5,98.45000029090909,False,0,7858.433,48.0
2797.0800731324757,3498.0,12926.0,248.97954152727272,5,99.99545367272728,False,0,7858.773,48.0
2797.1497222222238,3498.5370936241557,12926.060777409699,249.0,6,100.0,False,0,7858.773999999999,48.0
2804.041983398515,3560.0,12933.0,249.82500053333334,6,100.0,False,0,7858.873,48.0
2813.8830555555573,3656.5311356381585,12943.463924358659,251.0,6,100.0,False,0,7859.014,48.0
2818.0939083175003,3698.0,12948.0,251.9,6,100.0,False,0,7859.074,48.0
2827.994166666668,3794.103996863957,12958.89635810602,254.0,6,100.0,False,0,7859.214,48.0
2832.2117553205444,3838.0,12964.0,254.80272207567847,6,98.12698182341687,False,0,7859.273,48.0
2856.8301437672267,4122.0,12998.0,259.42856960414616,6,87.33333759032564,False,0,7859.612999999999,48.0
2859.8441666666686,4150.130351729666,13001.492737607054,260.0,6,86.0,False,0,7859.655,48.0
2874.0108333333355,4252.566476657865,13014.75877750337,255.0,6,0.0,False,0,7859.855,48.0
2886.2044453364088,4383.0,13032.0,249.65999616,6,0.0,False,0,7860.032999999999,48.0
2900.8783106993415,4620.0,13063.0,243.06000384,6,0.0,False,0,7860.253,48.0
2901.0108333333355,4621.593339229003,13063.207126700661,243.0,6,0.0,True,0,7860.255,48.0
2911.544166666669,4694.024098437792,13072.499727979002,237.0,6,0.0,True,0,7860.415,48.0
2921.727893771382,4741.0,13078.0,232.062504,6,0.0,True,0,7860.572999999999,48.0
2921.85527777778,4741.94228512108,13078.11021667806,232.0,6,0.0,True,0,7860.575,48.0
2931.776436855511,4836.0,13089.0,226.0750048,6,0.0,True,0,7860.733,48.0
2931.899722222224,4837.240701417663,13089.139598291744,226.0,6,0.0,True,0,7860.735,48.0
2953.051291683152,5058.0,13109.0,213.47000448,6,0.0,True,0,7861.093,48.0
2955.4552777777803,5088.247742991015,13110.423803561203,212.0,6,0.0,True,0,7861.135,48.0
2965.51908242515,5215.0,13114.0,205.3249952,6,0.0,True,0,7861.313,48.0
2968.988611111113,5247.13820561738,13114.230697358147,203.0,5,0.0,True,0,7861.375,48.0
2982.1723392229705,5335.0,13109.0,200.0250016,5,0.0,True,0,7861.612999999999,48.0
2986.677500000002,5374.221002471069,13104.151527716193,199.0,5,0.0,False,0,7861.695,48.0
2995.3145044636867,5460.0,13091.0,197.30714422857142,5,0.0,False,0,7861.853,48.0
3001.9219444444466,5523.903696070115,13078.520254825602,196.0,5,0.0,False,0,7861.974999999999,48.0
3011.438769182014,5624.0,13052.0,193.0333312,5,2.9666688,False,0,7862.152999999999,48.0
3014.7219444444468,5665.039219706839,13038.677448073977,192.0,5,4.0,False,0,7862.215,48.0
3020.9275883184373,5743.0,13011.0,190.68889031111112,5,13.177767822222222,False,0,7862.333,48.0
3033.521944444447,5844.253269165693,12967.451440594119,188.0,5,32.0,False,0,7862.575,48.0
3042.7315552384844,5911.0,12929.0,187.10999936,5,36.89500352,False,0,7862.753,48.0
3044.7955230957896,5929.0,12918.0,186.90999936,5,37.99500352,False,0,7862.793,48.0
3054.1886111111135,6013.063277937254,12863.140654881456,186.0,5,43.0,False,0,7862.974999999999,48.0
3062.4036111111136,6083.912593028422,12812.282743363025,186.0,5,45.0,False,0,7863.134,48.0
3064.423165854031,6100.0,12800.0,186.2166656,5,46.2999936,False,0,7863.173,48.0
3080.0897334934,6211.0,12704.0,187.88333368888888,5,56.30000213333334,False,0,7863.473,48.0
3081.203611111114,6218.625604571238,12696.51466828646,188.0,5,57.0,False,0,7863.494,48.0
3092.973334624718,6297.0,12612.0,192.69285851428572,5,60.12857234285714,False,0,7863.713,48.0
3096.2925000000027,6316.914951307862,12587.443951829508,194.0,5,61.0,False,0,7863.773999999999,48.0
3098.4227317888453,6330.0,12570.0,194.58499712,5,61.77999616,False,0,7863.813,48.0
3118.514722222225,6462.696442337667,12351.827440653,200.0,5,69.0,False,0,7864.174,48.0
3119.597798451585,6467.0,12344.0,200.42750144,5,69.42750144,False,0,7864.193,48.0
3133.505285848153,6499.0,12277.0,205.82750144,5,74.82750144,False,0,7864.433,48.0
3141.7369444444475,6531.375528322634,12203.828491092137,209.0,5,78.0,False,0,7864.574,48.0
3147.5103079344917,6557.0,12144.0,210.2375008,5,79.8562512,False,0,7864.673,48.0
3151.1147222222253,6571.8505789182145,12107.845676627572,211.0,5,81.0,False,0,7864.7339999999995,48.0
3225.4293051440254,6761.0,11443.0,238.0344827586207,5,98.37931034482759,False,0,7865.853999999999,48.0
3228.1258333333362,6767.848256116581,11412.486015220355,239.0,6,99.0,False,0,7865.893999999999,48.0
3241.637500000003,6802.752958252555,11252.561613653677,242.0,6,95.0,False,0,7866.094999999999,48.0
3245.5631098603594,6812.0,11208.0,242.7250016,6,92.583328,False,0,7866.152999999999,48.0
3257.9708333333365,6837.520673486479,11076.853482652845,245.0,6,85.0,False,0,7866.335,48.0
3268.9486111111146,6856.688566670689,10967.231617763402,247.0,6,81.0,False,0,7866.495,48.0
3271.576515051093,6861.0,10941.0,247.5428553142857,6,80.45714468571428,False,0,7866.532999999999,48.0
3286.931224173125,6884.0,10791.0,250.68571611428573,6,77.31428388571429,False,0,7866.753,48.0
3288.470833333337,6886.079349493476,10777.006549255622,251.0,6,77.0,False,0,7866.775,48.0
3295.331339478964,6895.0,10715.0,251.54444515555556,6,76.72777742222222,False,0,7866.873,48.0
3309.3781085835544,6913.0,10569.0,252.65555626666668,6,76.17222186666666,False,0,7867.072999999999,48.0
3313.770833333337,6918.173550375973,10525.194615113172,253.0,6,76.0,False,0,7867.135,48.0
3330.90416666667,6936.272269286388,10363.452257616902,257.0,6,80.0,False,0,7867.375,48.0
3333.608052521965,6939.0,10336.0,256.7625008,6,81.6624944,False,0,7867.413,48.0
3342.2819444444476,6947.526624519733,10243.578714592435,256.0,6,87.0,False,0,7867.535,48.0
3344.9970544343632,6950.0,10215.0,256.4071414857143,6,88.62856594285714,False,0,7867.572999999999,48.0
3360.836904302265,6962.0,10057.0,258.7642870857143,6,98.05714834285715,False,0,7867.793,48.0
3362.4263888888922,6962.973853231859,10041.25865159612,259.0,6,99.0,False,0,7867.815,48.0
3373.8623253125043,6969.0,9927.0,260.3166656,6,99.0,False,0,7867.973,48.0
3379.826388888893,6971.830535468687,9866.680445087552,261.0,6,99.0,False,0,7868.054999999999,48.0
3392.8632013939605,6977.0,9738.0,262.6687512,6,99.0,False,0,7868.233,48.0
3403.293055555559,6979.655680266213,9637.320481656592,264.0,7,99.0,False,0,7868.375,48.0
3404.6139475769983,6980.0,9621.0,264.0,7,99.1125008,False,0,7868.393,48.0
3415.026388888892,6983.104560953379,9458.719768709248,264.0,7,100.0,False,0,7868.535,48.0
3417.8114930060124,6984.0,9416.0,264.0,7,99.81000064,False,0,7868.572999999999,48.0
3429.693055555559,6987.984570432489,9265.973621110432,264.0,7,99.0,False,0,7868.735,48.0
3444.4152777777817,6993.123919052075,9142.996538542868,265.0,7,98.0,False,0,7868.9349999999995,48.0
3453.0707348930982,6996.0,9086.0,264.2625008,7,98.0,False,0,7869.053,48.0
3456.148611111115,6996.989108077916,9068.090172597253,264.0,7,98.0,False,0,7869.094999999999,48.0
3470.815277777782,7003.059726626589,8982.721383721362,264.0,7,97.0,False,0,7869.295,48.0
3472.1385162841375,7004.0,8972.0,264.09000064,7,96.72999808,False,0,7869.313,48.0
3485.5375000000045,7017.587335696144,8833.971773651108,265.0,7,94.0,False,0,7869.495,48.0
3488.3305852990934,7021.0,8805.0,264.8944448,7,93.7888896,False,0,7869.532999999999,48.0
3504.459521305539,7044.0,8653.0,264.2833329777778,7,92.56666595555555,False,0,7869.753,48.0
3511.9375000000045,7057.657083760911,8578.585908277582,264.0,7,92.0,False,0,7869.855,48.0
3523.597500000004,7081.997331703549,8458.074720605055,264.0,7,92.0,False,0,7870.014,48.0
3524.9873572327942,7085.0,8444.0,263.8812496,7,91.1687472,False,0,7870.032999999999,48.0
3535.2863888888937,7107.839506780674,8342.27309626681,263.0,7,85.0,False,0,7870.174,48.0
3536.6766187257617,7111.0,8329.0,263.0,7,84.406248,False,0,7870.193,48.0
3546.975277777782,7135.098712527147,8233.986109779955,263.0,7,80.0,True,0,7870.334,48.0
3556.9111037752155,7164.0,8133.0,257.43999744,7,24.399974400000005,True,0,7870.473,48.0
3561.141944444449,7179.5421381884335,8082.266718839745,255.0,7,0.0,True,0,7870.534,48.0
3571.718819826855,7222.0,7950.0,243.0750144,7,0.0,True,0,7870.693,48.0
3576.941944444449,7238.774590356406,7900.048566421544,237.0,7,0.0,True,0,7870.773999999999,48.0
3590.673594758743,7274.0,7804.0,226.8321398857143,7,0.0,True,0,7870.9929999999995,48.0
3594.3641666666713,7284.883114242297,7775.863818371465,224.0,7,0.0,True,0,7871.054,48.0
3604.8112417834263,7327.0,7670.0,215.94499712,7,0.0,True,0,7871.233,48.0
3617.196903256111,7408.0,7469.0,206.04500864,7,0.0,True,0,7871.4529999999995,48.0
3617.2530555555604,7408.278541016911,7468.305652249828,206.0,5,0.0,True,0,7871.454,48.0
3632.808611111116,7440.148901033989,7384.283243606513,200.0,5,0.0,True,0,7871.7339999999995,48.0
3637.0465877963816,7448.0,7359.0,197.36667306666666,5,0.0,True,0,7871.813,48.0
3651.6086111111163,7497.3359217727475,7196.589930627892,188.0,5,0.0,True,0,7872.094,48.0
3654.66524921952,7506.0,7165.0,186.95,5,0.0,True,0,7872.1539999999995,48.0
3669.7336091158895,7528.0,7049.0,181.7,5,0.0,True,0,7872.454,48.0
3671.719722222227,7530.24833991726,7030.634406932671,181.0,4,0.0,False,0,7872.494,48.0
3677.5982957522856,7536.0,6971.0,179.024898927774,4,0.0,False,0,7872.612999999999,48.0
3683.568888888894,7537.438727237912,6911.834645407977,177.0,4,0.0,False,0,7872.735,48.0
3688.3166568602505,7536.0,6864.0,175.59999817142858,4,4.200005485714286,False,0,7872.833,48.0
3697.0244444444497,7529.032756597387,6770.957892633212,173.0,4,12.0,False,0,7873.014999999999,48.0
3698.825722149946,7527.0,6752.0,172.5777792,4,11.2611136,False,0,7873.053,48.0
3709.153206672825,7512.0,6648.0,170.1333319111111,4,6.983330844444445,False,0,7873.273,48.0
3713.92444444445,7503.606519185753,6600.752982651302,169.0,4,5.0,False,0,7873.375,48.0
3720.37122778591,7491.0,6537.0,168.1374992,4,0.6874960000000003,False,0,7873.513,48.0
3721.3911111111165,7488.868126205127,6526.83442422471,168.0,4,0.0,False,0,7873.535,48.0
3728.625488067676,7473.0,6455.0,166.0250016,4,0.0,False,0,7873.693,48.0
3738.51669078481,7451.0,6362.0,163.2749984,4,0.0,False,0,7873.913,48.0
3739.502222222228,7448.531619484065,6352.042829003847,163.0,4,0.0,False,0,7873.9349999999995,48.0
3746.6577777777834,7428.610805084138,6273.594902225347,161.0,4,10.0,False,0,7874.094999999999,48.0
3750.147533160909,7418.0,6231.0,161.0,4,14.6312424,False,0,7874.173,48.0
3760.968888888895,7382.922803622051,6083.501763086871,161.0,4,29.0,False,0,7874.415,48.0
3766.220339373466,7370.0,6028.0,160.41000064,4,29.58999936,False,0,7874.532999999999,48.0
3769.857777777783,7363.965172460636,6001.93405204314,160.0,4,30.0,False,0,7874.615,48.0
3780.4577777777836,7354.28191798914,5952.283518338641,159.0,4,36.0,False,0,7874.855,48.0
3782.1358267817454,7352.0,5938.0,159.0,4,36.18999936,False,0,7874.893,48.0
3789.291111111117,7338.611725863756,5849.9501542071,159.0,4,37.0,False,0,7875.054999999999,48.0
3796.2605958270588,7326.0,5760.0,159.0,4,37.0,False,0,7875.213,48.0
3799.891111111117,7321.967082402979,5726.28003628845,159.0,4,37.0,False,0,7875.295,48.0
3808.780000000006,7318.344776460705,5669.343024871467,160.0,4,37.0,False,0,7875.495,48.0
3812.2082807209063,7318.0,5641.0,159.0250016,4,19.450028800000002,False,0,7875.572999999999,48.0
3815.802222222228,7318.068880913502,5604.909905652812,158.0,4,1.0,False,0,7875.655,48.0
3821.8737900708593,7320.0,5542.0,158.0,4,0.30999935999999995,False,0,7875.793,48.0
3824.4930907764465,7322.0,5520.0,158.0,4,0.010000640000000005,False,0,7875.853,48.0
3824.580000000006,7322.078143092846,5519.254178805786,158.0,4,0.0,False,0,7875.855,48.0
3834.8466666666723,7336.769429659264,5415.457624514198,154.0,4,0.0,False,0,7876.094999999999,48.0
3837.2986370206027,7342.0,5390.0,153.4562488,4,0.0,False,0,7876.152999999999,48.0
3846.5216194240966,7367.0,5300.0,151.3937512,4,0.0,False,0,7876.373,48.0
3848.2688888888947,7372.17318793204,5284.109350193679,151.0,4,0.0,False,0,7876.415,48.0
3853.154963980786,7388.0,5240.0,149.89028355806224,4,0.0,False,0,7876.532999999999,48.0
3860.5306139513955,7419.0,5168.0,148.1974915215064,4,0.0,False,0,7876.713,48.0
3861.383333333339,7422.6502379183785,5160.107178833521,148.0,3,0.0,False,0,7876.7339999999995,48.0
3866.9868760625386,7446.0,5112.0,146.2624992,3,0.0,False,0,7876.873,48.0
3871.0500000000056,7462.113860748794,5080.902086214602,145.0,3,0.0,False,0,7876.974,48.0
3879.1055555555613,7497.62177519933,5018.341945806929,145.0,3,0.0,False,0,7877.174,48.0
3883.021602668828,7528.0,4967.0,143.58571337142857,3,0.0,False,0,7877.273,48.0
3889.2570390961732,7589.0,4865.0,141.2999990857143,3,0.0,False,0,7877.433,48.0
3890.072222222228,7594.457399912959,4855.931317834995,141.0,3,0.0,False,0,7877.454,48.0
3900.078977432392,7617.0,4818.0,139.3812496,3,0.0,False,0,7877.713,48.0
3902.4277777777834,7626.090423227455,4801.456619416335,139.0,3,0.0,False,0,7877.773999999999,48.0
3908.5611111111166,7660.762361205496,4737.82891352698,138.0,3,0.0,False,0,7877.934,48.0
3911.5407374797505,7672.0,4717.0,136.81500288,3,0.0,False,0,7878.013,48.0
3916.0611111111166,7677.023240144135,4707.194557952315,135.0,3,0.0,False,0,7878.134,48.0
3919.7581214330576,7681.0,4699.0,134.64642834285715,3,0.0,False,0,7878.233,48.0
3926.483333333339,7707.402103754298,4644.589457948369,134.0,3,0.0,False,0,7878.414,48.0
3927.1831164947434,7711.0,4636.0,133.85749952,3,1.1400038399999999,False,0,7878.433,48.0
3934.4753055734877,7750.0,4530.0,132.35749952,3,13.140003839999999,False,0,7878.633,48.0
3941.0388888888947,7764.552235036646,4484.73456974002,131.0,3,24.0,False,0,7878.813999999999,48.0
3946.1322933266533,7770.0,4457.0,131.0,3,25.75,False,0,7878.954,48.0
3949.772222222228,7775.408894847839,4425.6519081060205,131.0,3,27.0,False,0,7879.054,48.0
3956.281171712153,7785.0,4357.0,131.0,3,30.18505524499479,False,0,7879.233,48.0
3959.997500000006,7787.641092963948,4320.469188760261,131.0,3,32.0,False,0,7879.335,48.0
3963.578248232971,7788.0,4285.0,131.3062504,3,33.531252,False,0,7879.433,48.0
3969.447357708412,7784.0,4223.0,131.8062504,3,36.031252,False,0,7879.593,48.0
3971.730833333339,7781.346743735559,4200.1181388387095,132.0,3,37.0,False,0,7879.655,48.0
3975.350977982841,7776.0,4165.0,132.7000009142857,3,38.75000228571429,False,0,7879.753,48.0
3982.1530555555614,7762.225568694316,4098.5567648431015,134.0,3,42.0,False,0,7879.9349999999995,48.0
3985.893991025517,7753.0,4063.0,135.531252,3,43.531252,False,0,7880.032999999999,48.0
3994.508611111117,7727.490714318457,3983.7461970565923,139.0,3,47.0,False,0,7880.255,48.0
3997.5454636967133,7716.0,3954.0,139.9749984,3,48.4624976,False,0,7880.333,48.0
4000.7752777777837,7702.17807552092,3920.9149277920296,141.0,3,50.0,False,0,7880.415,48.0
4005.5472626278524,7681.0,3874.0,144.687496,3,52.2124976,False,0,7880.532999999999,48.0
4007.2641666666723,7673.788547898261,3858.98606058303,146.0,3,53.0,False,0,7880.575,48.0
4017.197500000005,7632.211098949807,3783.343054441907,149.0,3,55.0,False,0,7880.815,48.0
4018.8036017696195,7624.0,3770.0,149.9499968,3,56.13999616,False,0,7880.853,48.0
4023.9394800885634,7594.0,3724.0,152.9499968,3,59.73999616,False,0,7880.973,48.0
4025.753055555561,7581.899080028888,3707.130503114939,154.0,3,61.0,False,0,7881.014999999999,48.0
4034.5308333333387,7514.17699959089,3624.224745749243,158.0,3,64.0,False,0,7881.215,48.0
4039.9233186461306,7476.0,3583.0,161.27777422222223,3,64.98333226666666,False,0,7881.333,48.0
4051.330833333339,7409.59074020452,3524.1624525099014,168.0,4,67.0,False,0,7881.575,48.0
4055.0151307543615,7385.0,3506.0,168.9749984,4,67.9749984,False,0,7881.652999999999,48.0
4062.7308333333385,7323.190460958153,3463.897517444578,171.0,4,70.0,False,0,7881.815,48.0
4066.5253152423334,7288.0,3442.0,172.9499968,4,71.218748,False,0,7881.893,48.0
4078.64194444445,7163.255280963227,3372.1442702822555,179.0,4,75.0,False,0,7882.135,48.0
4080.591647753964,7146.0,3363.0,180.04499648,4,75.09499968,False,0,7882.173,48.0
4094.2618892151163,7049.0,3313.0,187.19500352,4,75.74500032,False,0,7882.433,48.0
4099.75305555556,7004.847027470047,3288.3814637919468,190.0,4,76.0,False,0,7882.535,48.0
4109.496239234474,6921.0,3237.0,195.9333376,4,75.2583328,False,0,7882.713,48.0
4112.953055555561,6893.215564747988,3217.7884892298043,198.0,4,75.0,False,0,7882.775,48.0
4121.927828793622,6825.0,3165.0,201.9499968,4,75.56428525714286,False,0,7882.933,48.0
4128.8975000000055,6772.851434608817,3118.9610452922198,205.0,5,76.0,False,0,7883.054999999999,48.0
4133.326290016117,6740.0,3088.0,205.0,5,76.4874992,False,0,7883.133,48.0
4138.008611111117,6706.073266845507,3054.7335109792793,205.0,5,77.0,False,0,7883.215,48.0
4143.7095948358365,6666.0,3014.0,207.45682728346256,5,79.18384647418893,False,0,7883.313,48.0
4156.8638301609735,6576.0,2918.0,212.97214021666582,5,84.0863468592585,False,0,7883.532999999999,48.0
4159.349166666672,6559.053307192257,2899.065852077381,214.0,5,85.0,False,0,7883.574,48.0
4172.777829038957,6470.0,2795.0,218.2583345777778,5,93.51666915555556,False,0,7883.793,48.0
4181.449166666673,6417.671818123276,2729.2689880628736,221.0,5,99.0,False,0,7883.934,48.0
4183.83989308375,6402.0,2708.0,221.0,5,99.0,False,0,7883.973,48.0
4193.726944444451,6329.1744522082045,2601.4144145514792,221.0,5,99.0,False,0,7884.134,48.0
4196.149905607719,6312.0,2575.0,221.9749952,5,99.1624992,False,0,7884.173,48.0
4208.860277777784,6234.36563587567,2448.346592345484,227.0,5,100.0,False,0,7884.374,48.0
4216.59310423942,6195.0,2380.0,231.4624928,5,99.50416746666667,False,0,7884.4929999999995,48.0
4224.593611111118,6158.863256316181,2314.9669356181444,236.0,6,99.0,False,0,7884.614,48.0
4231.223737164009,6125.0,2251.0,238.97000192,6,99.0,False,0,7884.713,48.0
4238.038055555562,6080.848438191,2164.777916960153,242.0,6,99.0,False,0,7884.813999999999,48.0
4248.814456005673,6012.0,2028.0,243.9874976,6,99.0,False,0,7884.973,48.0
4248.882500000006,6011.676808908269,2027.3567929638461,244.0,6,99.0,False,0,7884.974,48.0
4265.349166666672,5966.621457151422,1936.9515326369303,247.0,6,99.0,False,0,7885.214,48.0
4269.534782468778,5954.0,1911.0,248.2,6,99.0,False,0,7885.273999999999,48.0
4293.682500000006,5841.0,1677.0,255.0,6,99.0,False,0,7885.614,48.0
4316.59833333334,5751.580518258687,1493.7217796905372,257.0,6,99.0,False,0,7885.9349999999995,48.0
4322.156075154055,5729.0,1447.0,257.0,6,99.0,False,0,7886.013,48.0
4328.020555555561,5703.6632432105,1394.2218582093724,257.0,6,99.0,False,0,7886.094999999999,48.0
4336.552090753323,5664.0,1311.0,259.10714057142854,6,99.0,False,0,7886.213,48.0
4348.398333333339,5603.396511723827,1182.8473735644234,262.0,6,99.0,False,0,7886.375,48.0
4354.133652382102,5577.0,1127.0,262.9749984,6,98.67500053333333,False,0,7886.4529999999995,48.0
4366.065000000005,5534.892951114358,1038.2810383982612,265.0,6,98.0,False,0,7886.615,48.0
4379.113954298172,5491.0,947.0,264.10999936,6,98.89000064,False,0,7886.793,48.0
4380.731666666672,5484.3665301072615,933.2952543521869,264.0,7,99.0,False,0,7886.815,48.0
4389.442587871714,5446.0,854.0,265.4749984,7,99.0,False,0,7886.933,48.0
4392.553888888895,5432.620492646644,826.0899922443598,266.0,7,99.0,False,0,7886.974999999999,48.0
4411.755422801783,5354.0,660.0,267.6125008,7,99.0,False,0,7887.233,48.0
4416.376111111117,5334.5059376560575,619.1015465528453,268.0,7,99.0,False,0,7887.295,48.0
4425.16716430286,5296.0,539.0,268.0,7,99.0,False,0,7887.413,48.0
4431.265000000006,5267.733394115432,480.90228749287746,268.0,7,99.0,False,0,7887.495,48.0
4438.5334644755185,5234.0,412.0,267.50999936,7,99.0,False,0,7887.593,48.0
4446.09833333334,5201.243129921977,345.22069255294775,267.0,7,99.0,False,0,7887.695,48.0
4459.3482259314005,5146.0,232.0,267.89000064,7,99.0,False,0,7887.873,48.0
4460.9872222222275,5138.850883235504,217.18009257758402,268.0,7,99.0,False,0,7887.8949999999995,48.0
4465.308264883144,5120.0,178.0,268.0,7,99.0,False,0,7887.9529999999995,48.0
4478.853888888895,5066.594813644745,67.26585123310987,268.0,7,99.0,False,0,7888.135,48.0
4487.605183265582,5024.0,-21.0,267.57857188571427,7,99.0,False,0,7888.253,48.0
4499.620555555562,4944.7097830851435,-185.47660971120231,267.0,7,99.0,False,0,7888.415,48.0
4506.917859775905,4905.0,-268.0,267.0,7,87.3624848,False,0,7888.513,48.0
4511.487222222228,4888.499565423456,-302.4039648874849,267.0,7,80.0,False,0,7888.575,48.0
4524.261492322097,4861.0,-360.0,258.98999424,7,8.79994880000001,False,0,7888.753,48.0
4525.820555555562,4856.650634144031,-369.0429358219627,258.0,7,0.0,True,0,7888.775,48.0
4539.765000000007,4802.754323022181,-480.52408185239864,251.0,7,0.0,True,0,7888.974999999999,48.0
4547.5517885873705,4761.0,-567.0,243.46111928888888,7,0.0,True,0,7889.093,48.0
4560.021419497467,4682.0,-731.0,230.6833415111111,7,0.0,True,0,7889.293,48.0
4562.565000000007,4668.301769748457,-759.3703207769124,228.0,7,0.0,True,0,7889.335,48.0
4583.464206962384,4589.0,-923.0,211.89000576,7,0.0,True,0,7889.693,48.0
4585.89833333334,4578.920250959615,-944.0019069135466,210.0,6,0.0,True,0,7889.735,48.0
4595.142777777784,4537.936925654353,-1029.5396630727917,208.0,5,0.0,True,0,7889.8949999999995,48.0
4597.284456553445,4529.0,-1048.0,206.501797504964,5,0.0,True,0,7889.933,48.0
4602.79249455534,4507.0,-1093.0,202.55913598643477,5,0.0,True,0,7890.032999999999,48.0
4610.410277777785,4472.6120130159625,-1163.1878127264406,197.0,5,0.0,True,0,7890.174,48.0
4613.589459279431,4458.0,-1193.0,195.81999872,5,0.0,True,0,7890.233,48.0
4621.132500000007,4424.390602791495,-1261.519674453798,193.0,5,0.0,True,0,7890.374,48.0
4625.289518565119,4406.0,-1299.0,191.46389262222223,5,0.0,True,0,7890.4529999999995,48.0
4636.626039547879,4355.0,-1403.0,187.18610986666667,5,0.0,True,0,7890.673,48.0
4639.732500000007,4340.467982177545,-1432.699561274455,186.0,4,0.0,False,0,7890.7339999999995,48.0
4647.768452943892,4303.0,-1509.0,183.515628,4,0.0,False,0,7890.893,48.0
4655.771603400036,4267.0,-1581.0,181.015628,4,0.0,False,0,7891.053,48.0
4655.821388888896,4266.738330525924,-1581.5239571439424,181.0,4,0.0,False,0,7891.054,48.0
4665.7102777777845,4202.795198050745,-1710.1295514227302,178.0,4,0.0,False,0,7891.254,48.0
4670.547069239845,4174.0,-1768.0,176.93928502857142,4,7.071433142857142,False,0,7891.353,48.0
4679.321388888896,4139.105948418188,-1837.5899919521382,175.0,4,20.0,False,0,7891.534,48.0
4692.806492060769,4100.0,-1915.0,174.0035721142857,4,28.96785097142857,False,0,7891.813,48.0
4692.85472222223,4099.802564534421,-1915.394751966186,174.0,4,29.0,False,0,7891.813999999999,48.0
4698.634598183184,4074.0,-1967.0,173.625,4,31.625,False,0,7891.934,48.0
4707.275159266502,4037.0,-2040.0,173.0625,4,35.5625,False,0,7892.114,48.0
4708.232500000007,4032.8090515359236,-2048.269007081537,173.0,4,36.0,False,0,7892.134,48.0
4715.873688676894,3998.0,-2117.0,172.3360994087567,4,37.99170177372993,False,0,7892.294,48.0
4719.746944444451,3979.7035666407855,-2152.8730565690425,172.0,4,39.0,False,0,7892.375,48.0
4729.258577195528,3937.0,-2236.0,172.6187496,4,39.6187496,False,0,7892.572999999999,48.0
4735.124722222229,3915.4669292703006,-2277.6921970064723,173.0,4,40.0,False,0,7892.695,48.0
4736.949911650588,3907.0,-2294.0,173.0,4,40.1187496,False,0,7892.733,48.0
4748.475963063075,3833.0,-2436.0,173.0,4,40.8687496,False,0,7892.973,48.0
4750.502500000007,3822.764938784393,-2455.683410483071,173.0,4,41.0,False,0,7893.014999999999,48.0
4766.0580555555625,3781.511543028639,-2535.259388054603,175.0,4,43.0,False,0,7893.335,48.0
4770.849591627825,3764.0,-2568.0,175.7000009142857,4,46.85000502857143,False,0,7893.433,48.0
4779.725056852318,3720.0,-2650.0,176.98571337142857,4,53.92142354285714,False,0,7893.612999999999,48.0
4779.824722222229,3719.53050051365,-2650.892238658908,177.0,4,54.0,False,0,7893.615,48.0
4788.790331062994,3681.0,-2725.0,179.9666688,4,58.4500032,False,0,7893.793,48.0
4794.929232058918,3652.0,-2778.0,181.9666688,4,61.4500032,False,0,7893.913,48.0
4798.12472222223,3634.5866870402015,-2809.6700693070397,183.0,4,63.0,False,0,7893.974999999999,48.0
4808.5691666666735,3569.4809886481544,-2928.26147936922,188.0,4,64.0,False,0,7894.175,48.0
4813.812034634464,3542.0,-2978.0,189.88461784615384,4,65.31923249230769,False,0,7894.273,48.0
4831.468891202543,3476.0,-3094.0,196.038464,4,69.6269248,False,0,7894.593,48.0
4837.169166666674,3449.8970459064813,-3138.1298239654698,198.0,4,71.0,False,0,7894.695,48.0
4840.4192490652495,3434.0,-3165.0,199.03571657142857,4,71.0,False,0,7894.753,48.0
4852.958055555563,3370.720603740592,-3272.2881359405487,203.0,5,71.0,False,0,7894.974999999999,48.0
4855.131600768868,3360.0,-3290.0,203.67856914285716,5,70.72857234285715,False,0,7895.013,48.0
4866.693983280131,3298.0,-3387.0,207.2499977142857,5,69.30000091428572,False,0,7895.213,48.0
4869.13583333334,3279.438101195029,-3414.271758938198,208.0,5,69.0,False,0,7895.255,48.0
4879.51652642089,3189.0,-3543.0,209.4833344,5,67.5166656,False,0,7895.433,48.0
4883.135833333341,3164.1480625478625,-3577.239192847395,210.0,5,67.0,False,0,7895.495,48.0
4894.746944444452,3113.66531129974,-3641.520642348985,209.0,5,4.0,True,0,7895.695,48.0
4905.805005342745,3060.0,-3701.0,201.08000512,5,0.04000256000000002,True,0,7895.893,48.0
4905.913611111118,3059.3001868673055,-3701.767433592797,201.0,5,0.0,True,0,7895.8949999999995,48.0
4909.033971949555,3038.0,-3725.0,197.80999296,5,0.0,True,0,7895.9529999999995,48.0
4916.469166666674,2985.405201409906,-3779.8416747594474,190.0,5,0.0,True,0,7896.094999999999,48.0
4922.486657181048,2943.0,-3821.0,185.28000512,5,0.0,True,0,7896.213,48.0
4926.580277777785,2914.654767998275,-3846.728784104892,182.0,5,0.0,True,0,7896.295,48.0
4930.404643780161,2887.0,-3870.0,179.49286125714286,5,0.0,True,0,7896.373,48.0
4940.035833333341,2805.947194883047,-3928.8745401021656,173.0,4,0.0,True,0,7896.575,48.0
4945.528093385609,2757.0,-3960.0,170.04075615483262,4,0.0,True,0,7896.693,48.0
4954.611984494608,2676.0,-4005.0,165.0250831799206,4,0.0,True,0,7896.893,48.0
4954.656666666674,2675.5913740281753,-4005.2061271453167,165.0,4,0.0,True,0,7896.894,48.0
4963.381327440142,2595.0,-4042.0,158.36667306666666,4,0.8291658666666667,True,0,7897.093,48.0
4965.12333333334,2579.758479195828,-4048.0369545768226,157.0,4,1.0,True,0,7897.134,48.0
4970.872732993953,2532.0,-4065.0,150.74499712,4,0.30499968,True,0,7897.273,48.0
4973.345555555563,2512.3354049193413,-4071.53772114819,148.0,3,0.0,True,0,7897.334,48.0
4978.90249203796,2467.0,-4085.0,144.5249984,3,0.0,True,0,7897.473,48.0
4984.31222222223,2412.901157945694,-4097.401498841029,141.0,3,0.0,True,0,7897.614,48.0
4987.19115025502,2383.0,-4103.0,137.296884,3,0.0,True,0,7897.693,48.0
4993.424513028612,2322.0,-4111.0,128.859372,3,0.0,True,0,7897.873,48.0
4995.51222222223,2301.861001592714,-4112.598873221301,126.0,3,0.0,True,0,7897.934,48.0
4999.566714790055,2260.0,-4114.0,123.0250048,3,0.0,True,0,7898.053,48.0
5000.934444444452,2243.5629441508804,-4113.833886578885,122.0,2,0.0,True,0,7898.094,48.0
5007.323333333341,2151.2035329281807,-4108.462423465,115.0,2,0.0,True,0,7898.294,48.0
5010.367674073879,2110.0,-4104.0,112.87857005714285,2,0.0,True,0,7898.393,48.0
5015.801111111119,2051.6365729169725,-4093.5321976752675,109.0,2,0.0,False,0,7898.574,48.0
5020.533994642889,2013.0,-4084.0,107.29181455756631,2,0.0,False,0,7898.7339999999995,48.0
5024.075000000008,1988.8952945308492,-4077.8471656405463,106.0,2,0.0,False,0,7898.855,48.0
5032.1638888888965,1936.1944620859626,-4061.199231873318,104.0,2,0.0,False,0,7899.135,48.0
5034.402027696799,1913.0,-4052.0,103.7562504,2,5.1187416,False,0,7899.213,48.0
5040.120714557992,1842.0,-4022.0,103.1312504,2,18.2437416,False,0,7899.413,48.0
5041.319444444452,1830.9371651887004,-4017.291222122151,103.0,2,21.0,False,0,7899.455,48.0
5049.330555555563,1777.2940945333075,-3989.865931516094,103.0,2,27.0,False,0,7899.735,48.0
5049.852137595059,1771.0,-3986.0,103.2250016,2,27.337502399999998,False,0,7899.753,48.0
5053.9972222222295,1707.3193332387254,-3945.7809871894733,105.0,2,30.0,False,0,7899.8949999999995,48.0
5055.1112053837605,1692.0,-3936.0,105.18999936,2,31.70999424,False,0,7899.933,48.0
5059.886111111118,1650.6682184896574,-3909.3537929021923,106.0,2,39.0,False,0,7900.094999999999,48.0
5068.363888888896,1619.4620824861508,-3882.5680934856023,109.0,2,42.0,False,0,7900.375,48.0
5069.5584604871865,1610.0,-3874.0,109.9499968,2,42.8312472,False,0,7900.413,48.0
5077.363663002444,1531.0,-3802.0,115.9499968,2,48.0812472,False,0,7900.652999999999,48.0
5078.763888888897,1520.9779014656124,-3792.6268566766707,117.0,2,49.0,False,0,7900.695,48.0
5088.260703071888,1482.0,-3752.0,122.95714011428572,2,52.97142674285714,False,0,7900.973,48.0
5088.3305555555635,1481.6421924801505,-3751.6006703747234,123.0,2,53.0,False,0,7900.974999999999,48.0
5096.791710386825,1427.0,-3689.0,127.95833066666667,2,56.966664533333336,False,0,7901.213,48.0
5096.863888888896,1426.5127316328617,-3688.416148468097,128.0,2,57.0,False,0,7901.215,48.0
5102.686111111118,1388.1248630260957,-3640.540483920957,131.0,3,64.0,False,0,7901.375,48.0
5104.815024296883,1375.0,-3623.0,132.0875024,3,61.0999936,False,0,7901.433,48.0
5108.641666666674,1353.2649001683583,-3592.154497193004,134.0,3,56.0,False,0,7901.535,48.0
5110.91593106257,1341.0,-3574.0,136.5375056,3,57.4500032,False,0,7901.593,48.0
5118.367725150493,1302.0,-3514.0,144.4124944,3,61.9499968,False,0,7901.773,48.0
5121.79722222223,1285.0009872520498,-3486.709028332649,148.0,3,64.0,False,0,7901.855,48.0
5129.244511527223,1247.0,-3422.0,150.67000192,3,66.67000192,False,0,7902.032999999999,48.0
5130.186111111118,1241.6834598919575,-3412.4960398637986,151.0,3,67.0,False,0,7902.054999999999,48.0
5140.7617604550605,1181.0,-3300.0,159.9249952,3,67.99166613333334,False,0,7902.293,48.0
5140.8527777777845,1180.560043595551,-3299.1736752878905,160.0,3,68.0,False,0,7902.295,48.0
5150.075000000007,1145.3833743790549,-3232.6151351252397,166.0,3,69.0,False,0,7902.495,48.0
5157.4488470861725,1118.0,-3181.0,167.9749984,3,70.4812488,False,0,7902.652999999999,48.0
5165.1861111111175,1081.9612517039723,-3114.194370887159,170.0,4,72.0,False,0,7902.815,48.0
5167.0438671603815,1073.0,-3098.0,171.70999424,4,72.0,False,0,7902.853,48.0
5175.130555555562,1033.632874959664,-3028.997567695067,179.0,4,72.0,False,0,7903.014999999999,48.0
5176.042866283685,1029.0,-3021.0,179.4500032,4,70.94999253333333,False,0,7903.032999999999,48.0
5185.290510976784,980.0,-2938.0,183.9499968,4,60.45000746666667,False,0,7903.213,48.0
5187.463888888895,968.4896404632971,-2919.4350904926564,185.0,4,58.0,False,0,7903.255,48.0
5193.5858086524,936.0,-2869.0,185.84285622857143,4,55.89285942857143,False,0,7903.373,48.0
5202.00833333334,889.1545218857783,-2799.383015182135,187.0,4,53.0,False,0,7903.535,48.0
5206.060316340818,866.0,-2766.0,187.0,4,51.40091401900114,False,0,7903.612999999999,48.0
5219.558556777346,787.0,-2656.0,187.0,4,46.07061342022948,False,0,7903.873,48.0
5224.811944444451,755.3823475567226,-2612.968523825528,187.0,5,44.0,False,0,7903.974,48.0
5235.1939182511505,694.0,-2530.0,187.82916586666667,5,44.0,False,0,7904.173,48.0
5237.345277777784,682.1346221116685,-2513.8813826567775,188.0,5,44.0,False,0,7904.214,48.0
5243.620390973723,644.0,-2462.0,188.89249856,5,44.0,False,0,7904.333,48.0
5255.316954359563,540.0,-2321.0,190.54250048,5,44.0,False,0,7904.553,48.0
5258.5675000000065,520.902607865784,-2295.107643936094,191.0,5,44.0,False,0,7904.614,48.0
5267.100833333339,496.9144689314917,-2262.606754359721,192.0,5,43.0,False,0,7904.773999999999,48.0
5272.378193889534,477.0,-2236.0,192.0,5,43.0,False,0,7904.873,48.0
5283.090208582745,406.0,-2142.0,192.0,5,43.0,False,0,7905.074,48.0
5288.434166666673,358.66944013331636,-2080.208365643444,192.0,5,43.0,False,0,7905.174,48.0
5297.011944444451,285.3004190663183,-1984.4026678756497,193.0,5,44.0,False,0,7905.334,48.0
5298.0871400604165,279.0,-1976.0,193.07117439343475,5,44.213523180304215,False,0,7905.353999999999,48.0
5312.154722222228,233.36964469883807,-1915.8107519988139,194.0,5,47.0,False,0,7905.615,48.0
5314.199511899031,219.0,-1900.0,193.8944448,5,43.4111232,False,0,7905.652999999999,48.0
5331.348000808949,109.0,-1767.0,193.00555591111112,5,13.188900977777777,False,0,7905.973,48.0
5331.454722222229,110.50003527590243,-1768.1527605585593,193.0,5,13.0,False,0,7905.974999999999,48.0
5344.188055555562,475.90358440921756,-2076.148263390749,191.0,5,0.0,True,0,7906.215,48.0
5346.179801103619,512.0,-2105.0,190.24000256,5,0.0,True,0,7906.253,48.0
5354.57694444445,511.1462702184865,-2086.3115573081077,187.0,5,0.0,True,0,7906.415,48.0
5360.586475177935,455.0,-2019.0,184.54166933333335,5,0.0,True,0,7906.532999999999,48.0
5366.710277777784,417.26941520050906,-1963.8769840188997,182.0,5,0.0,False,0,7906.655,48.0
5368.600532541406,407.0,-1948.0,181.2875024,5,0.0,False,0,7906.693,48.0
5382.354722222229,331.0016955218056,-1834.9622861436467,176.0,4,0.0,False,0,7906.974999999999,48.0
5386.062074014225,310.0,-1804.0,174.84772916363636,4,0.0,False,0,7907.053,48.0
5421.231716098984,103.0,-1494.0,163.3249981090909,4,0.0,False,0,7907.833,48.0
5422.199166666673,97.43728511095202,-1485.7591504922252,163.0,4,0.0,True,0,7907.855,48.0
5429.17694444445,57.65800935899423,-1427.0120538636118,157.0,4,0.0,True,0,7908.014999999999,48.0
5432.480033844304,39.0,-1399.0,154.8062536,4,0.0,True,0,7908.093,48.0
5439.846034721288,-2.0,-1336.0,149.7437464,4,0.0,True,0,7908.273,48.0
5442.332500000006,-15.654335021085641,-1315.1149681755405,148.0,3,0.0,True,0,7908.335,48.0
5447.782507584012,-46.0,-1270.0,143.16999552,3,0.0,True,0,7908.473,48.0
5450.165833333339,-60.12735431618273,-1250.1440894606696,141.0,3,0.0,True,0,7908.535,48.0
5453.83123364963,-82.0,-1220.0,136.7124944,3,0.0,True,0,7908.633,48.0
5456.121388888895,-94.5385327177151,-1202.3712377650174,134.0,3,0.0,True,0,7908.695,48.0
5460.473025084494,-118.0,-1169.0,132.31428754285713,3,0.0,True,0,7908.813,48.0
5466.232500000006,-157.53908655870313,-1113.7158725566942,130.0,2,0.0,True,0,7908.974999999999,48.0
5471.946965356604,-203.0,-1052.0,118.1333248,2,0.0,True,0,7909.152999999999,48.0
5473.832500000006,-217.13155855627747,-1033.5336221807595,114.0,2,0.0,True,0,7909.215,48.0
5484.132500000006,-283.2560078852994,-953.5865879597077,103.0,2,0.0,True,0,7909.575,48.0
5485.1955370287415,-289.0,-947.0,102.0500032,2,0.0,True,0,7909.612999999999,48.0
5488.532500000006,-306.0051567634233,-927.8524407651332,99.0,2,0.0,True,0,7909.735,48.0
5494.332500000006,-337.365157227126,-892.1983948984243,87.0,2,0.0,True,0,7909.974999999999,48.0
5494.751497071887,-340.0,-889.0,86.718748,2,0.0,True,0,7909.9929999999995,48.0
5496.142433290076,-349.0,-878.0,85.781252,2,0.0,True,0,7910.053,48.0
5501.136158053092,-383.0,-841.0,82.343748,2,0.0,True,0,7910.273,48.0
5501.621388888894,-387.52825983320173,-836.1045427434142,82.0,2,0.0,True,0,7910.295,48.0
5505.933055555561,-438.0366912417038,-780.479967454605,78.0,2,3.0,False,0,7910.494,48.0
5508.55918205798,-448.0,-769.0,78.84999862857143,2,27.649960228571427,False,0,7910.612999999999,48.0
5512.155277777783,-420.1637316977332,-798.5758757792623,80.0,2,61.0,False,0,7910.773999999999,48.0
5514.80022021769,-475.0,-740.0,80.0,2,78.10622240000001,False,0,7910.893,48.0
5515.710833333339,-525.0682722955451,-686.4475070256444,80.0,2,84.0,False,0,7910.934,48.0
5520.155277777783,-875.0796758644129,-312.16733976579945,80.0,2,100.0,False,0,7911.134,48.0
5520.577531166829,-894.0,-292.0,80.0,2,100.0,False,0,7911.152999999999,48.0
5525.021951928133,-925.0,-260.0,80.0,2,100.0,False,0,7911.353,48.0
5525.488611111116,-926.1180415021298,-258.8689543181469,80.0,2,100.0,False,0,7911.374,48.0
5529.044166666672,-959.752670671049,-222.83069334123059,80.0,2,100.0,False,0,7911.534,48.0
5531.2663891966195,-983.0,-198.0,80.0,2,100.0,False,0,7911.634,48.0
5532.599722222228,-993.4775628613822,-186.96235494208253,80.0,2,100.0,False,0,7911.6939999999995,48.0
5537.044166666672,-1012.2636148069955,-168.09684102036815,80.0,2,100.0,False,0,7911.894,48.0
5539.710814087943,-1025.0,-155.0,80.0,2,100.0,False,0,7912.014,48.0
5544.133051372167,-1055.0,-123.0,80.0,2,100.0,False,0,7912.213,48.0
5544.177500000005,-1055.2936458216748,-122.68283556079146,80.0,2,100.0,False,0,7912.215,48.0
5547.733055555561,-1077.2544638354666,-98.76472802143753,80.0,2,100.0,False,0,7912.375,48.0
5549.465995809444,-1091.0,-84.0,80.0,2,100.0,False,0,7912.4529999999995,48.0
5554.799668807264,-1145.0,-27.0,80.0,2,100.0,False,0,7912.693,48.0
5554.844166666672,-1145.3014315892942,-26.682600911486333,80.0,2,100.0,False,0,7912.695,48.0
5559.288611111117,-1161.3497244840055,-9.745495314060117,80.0,2,100.0,False,0,7912.8949999999995,48.0
5559.686131665132,-1163.0,-8.0,79.94999964444445,2,100.0,False,0,7912.913,48.0
5564.943735462498,-1199.0,30.0,79.28333297777777,2,100.0,False,0,7913.152999999999,48.0
5567.188611111116,-1219.3681565798784,51.36043604122692,79.0,2,100.0,False,0,7913.255,48.0
5571.6330555555605,-1271.07332861115,105.71964698423471,80.0,2,100.0,False,0,7913.455,48.0
5572.033930832192,-1277.0,112.0,80.0,2,100.0,False,0,7913.473,48.0
5576.933188869428,-1355.0,195.0,80.0,2,100.0,False,0,7913.693,48.0
5579.6330555555605,-1376.867201950891,218.1351288260309,80.0,2,100.0,False,0,7913.815,48.0
5584.021944444449,-1392.4941749224831,234.3624314560698,79.0,2,100.0,False,0,7914.014999999999,48.0
5584.4157735627805,-1395.0,237.0,79.0,2,100.0,False,0,7914.032999999999,48.0
5587.53305555556,-1422.2580071600923,265.8292992685035,79.0,2,100.0,False,0,7914.175,48.0
5590.181372774687,-1445.0,290.0,79.98333226666666,2,100.0,False,0,7914.293,48.0
5592.933055555561,-1460.429271476777,306.5384486543036,81.0,2,100.0,False,0,7914.415,48.0
5596.445967621237,-1477.0,324.0,80.21000064,2,100.0,False,0,7914.572999999999,48.0
5597.377500000005,-1482.8196088648263,329.9552234204576,80.0,2,100.0,False,0,7914.615,48.0
5600.442818137903,-1505.0,353.0,80.0,2,100.0,False,0,7914.753,48.0
5603.599722222228,-1528.9833419986098,380.7077633021491,80.0,2,100.0,False,0,7914.8949999999995,48.0
5607.554680256048,-1557.0,418.0,80.0,2,100.0,False,0,7915.072999999999,48.0
5608.933055555562,-1565.2172344395708,430.7287114912156,80.0,2,100.0,False,0,7915.135,48.0
5612.488611111117,-1583.145940061067,463.48573193091636,80.0,2,100.0,False,0,7915.295,48.0
5613.77021379421,-1589.0,476.0,79.8791664,2,100.0,False,0,7915.353,48.0
5622.977819873908,-1621.0,578.0,79.00416693333334,2,100.0,False,0,7915.773,48.0
5623.021944444451,-1621.0841031261014,578.5162362199452,79.0,2,100.0,False,0,7915.775,48.0
5629.640532758276,-1627.0,651.0,79.74500032,2,100.0,False,0,7916.072999999999,48.0
5631.91083333334,-1627.8876420428878,666.8268044399762,80.0,2,100.0,False,0,7916.175,48.0
5638.533175699165,-1623.0,713.0,80.0,2,100.0,False,0,7916.473,48.0
5639.021944444451,-1621.607265782783,719.658857270487,80.0,2,100.0,False,0,7916.495,48.0
5642.97709119779,-1607.0,782.0,80.0,2,100.0,False,0,7916.673,48.0
5649.688611111118,-1588.0990133809976,831.4333476698757,80.0,2,100.0,False,0,7916.974999999999,48.0
5650.977520059783,-1583.0,841.0,80.0,2,100.0,False,0,7917.032999999999,48.0
5654.11083333334,-1566.9648891060367,870.6088724064514,80.0,2,100.0,False,0,7917.174,48.0
5655.866379492397,-1557.0,888.0,80.0,2,100.0,False,0,7917.253,48.0
5656.5330488879445,-1553.1854102012633,894.3759564667333,80.0,2,100.0,False,0,7917.282999999999,48.0
