Distance,X,Y,Speed,nGear,Throttle,Brake,DRS,SessionSeconds,LapNumber
0.0005140613859917929,-1550.036803565236,898.6723762037182,79.0,1,19.9000064,False,0,6647.491,36.0
1.360635244095289,-1542.0,911.0,79.0,1,13.800012800000001,False,0,6647.552,36.0
4.366944444444444,-1528.3958378765856,931.4259012108106,79.0,1,0.0,True,0,6647.69,36.0
6.934901402672733,-1518.0,947.0,75.9500032,1,0.0,True,0,6647.812,36.0
7.700277777777776,-1514.447644772573,952.427124976397,75.0,1,0.0,True,0,6647.85,36.0
11.793782029971508,-1490.0,990.0,68.7562536,1,0.0,True,0,6648.072,36.0
13.566944444444443,-1476.424879698844,1010.207733336779,66.0,1,0.0,True,0,6648.17,36.0
16.944398037473594,-1452.0,1046.0,66.0,1,0.0,True,0,6648.352,36.0
17.966944444444444,-1446.7029102982128,1053.7615045394955,66.0,1,0.0,True,0,6648.41,36.0
22.09109589919038,-1431.0,1077.0,57.781248,1,3.2875007999999997,True,0,6648.673,36.0
22.94472222222222,-1426.2725438563757,1084.0950647394175,56.0,1,4.0,True,0,6648.73,36.0
24.171142164726728,-1419.0,1095.0,55.23364590328143,1,6.043610924582864,True,0,6648.812,36.0
27.670555555555552,-1400.2198256599972,1122.746740222621,53.0,1,12.0,False,0,6649.051,36.0
28.519339998989118,-1394.0,1132.0,52.235110673833596,1,9.705332021500785,False,0,6649.112,36.0
31.487254841349284,-1366.0,1174.0,49.476490537631996,1,1.429471612895977,False,0,6649.332,36.0
32.012499999999996,-1361.681901796896,1180.4877034768087,49.0,1,0.0,False,0,6649.37,36.0
36.723611111111104,-1335.413097357562,1219.8954063945077,53.0,1,14.0,False,0,6649.69,36.0
37.07407353237578,-1334.0,1222.0,53.6187464,1,15.5124912,False,0,6649.7119999999995,36.0
42.23472222222222,-1315.8045991171884,1249.216526126982,62.0,1,36.0,False,0,6650.01,36.0
42.65131567347709,-1314.0,1252.0,62.7562456,1,36.5499968,False,0,6650.032,36.0
46.66332583125926,-1294.0,1283.0,69.6312456,1,41.5499968,False,0,6650.232,36.0
48.723611111111104,-1283.6189269310285,1298.4698097784221,73.0,1,44.0,False,0,6650.33,36.0
50.913836787281824,-1271.0,1317.0,75.12499733333334,1,45.69999786666666,False,0,6650.432,36.0
53.92361111111111,-1248.0236927434385,1350.913754265608,78.0,1,48.0,False,0,6650.57,36.0
58.351206584104894,-1215.0,1400.0,78.56111075555556,1,49.122221511111114,False,0,6650.772,36.0
61.823611111111106,-1203.8271192418101,1417.117753731937,79.0,1,50.0,False,0,6650.93,36.0
64.50588342436372,-1196.0,1429.0,79.0,1,47.56000256,False,0,6651.052,36.0
66.21249999999999,-1188.3454524643992,1440.3021768182496,79.0,1,46.0,False,0,6651.13,36.0
71.34583333333333,-1157.24841113656,1485.6370230673015,77.0,1,18.0,True,0,6651.37,36.0
71.38697622912895,-1157.0,1486.0,76.9500032,1,17.8500096,True,0,6651.372,36.0
74.96242799983203,-1136.0,1517.0,72.4500032,1,4.3500096,True,0,6651.552,36.0
76.07916666666667,-1129.6227445708307,1526.7471949889105,71.0,1,0.0,True,0,6651.61,36.0
77.25965228441186,-1123.0,1537.0,69.708336,1,0.0,True,0,6651.672,36.0
80.47916666666667,-1105.1036278780805,1564.773675361117,66.0,1,0.0,True,0,6651.85,36.0
81.16752822526767,-1101.0,1571.0,64.56818618181818,1,0.0,True,0,6651.892,36.0
85.11186623039127,-1075.0,1609.0,55.02273163636364,1,0.0,True,0,6652.172,36.0
86.7125,-1065.9089390826653,1622.5473660055368,51.0,1,0.0,True,0,6652.29,36.0
87.84860133938271,-1059.0,1633.0,49.9750016,1,0.0,True,0,6652.372,36.0
88.89027777777777,-1051.2048509120173,1644.8494576201647,49.0,1,0.0,True,0,6652.45,36.0
90.97536138582737,-1032.0,1674.0,42.175004799999996,1,0.0,True,0,6652.632,36.0
91.55694444444444,-1027.313884308915,1680.9908419854416,40.0,1,0.0,True,0,6652.69,36.0
94.16901082185649,-1012.0,1703.0,30.34000384,1,0.0,True,0,6653.012,36.0
94.66805555555555,-1009.2824788652122,1706.9880973350707,28.0,1,0.0,True,0,6653.09,36.0
96.06805555555555,-1001.5353235653951,1718.7583071071876,18.0,1,0.0,True,0,6653.37,36.0
96.35907553921874,-1000.0,1721.0,15.266670933333334,1,0.0,True,0,6653.452,36.0
96.73472222222222,-998.0364230370387,1723.5919580643617,10.0,1,0.0,True,0,6653.61,36.0
96.76785455961092,-997.0,1725.0,3.0625040000000006,1,7.631245600000001,True,0,6653.832,36.0
96.73472222222222,-996.9452199287274,1725.5706865205416,0.0,1,11.0,True,0,6653.93,36.0
96.72354610740933,-997.0,1726.0,0.0,1,13.914282057142858,True,0,6654.032,36.0
96.73472222222222,-997.0050562173345,1726.0395885688927,0.0,1,19.0,True,0,6654.21,36.0
96.73634957532865,-997.0,1726.0,0.0,1,19.44285622857143,True,0,6654.272,36.0
96.73472222222222,-996.9990815603057,1725.9928108032027,0.0,1,21.0,True,0,6654.49,36.0
96.7345849997401,-997.0,1726.0,0.0,1,21.0,True,0,6654.552,36.0
96.73472222222222,-997.0007069563411,1726.005528567233,0.0,1,21.0,True,0,6654.65,36.0
96.73472222222222,-997.0001280726942,1726.0009885295988,0.0,1,20.0,True,0,6654.85,36.0
96.73472026539534,-997.0,1726.0,0.0,1,20.3874992,True,0,6654.912,36.0
96.73472222222222,-996.999963381201,1725.9997539576873,0.0,1,21.0,True,0,6655.01,36.0
96.73470616564677,-997.0,1726.0,0.0,1,21.0,True,0,6655.092,36.0
96.73472222222222,-997.0000297510558,1725.99998683839,0.0,1,21.0,True,0,6655.25,36.0
96.73476983571484,-997.0,1726.0,0.0,1,20.8656256,True,0,6655.293,36.0
96.73472222222222,-996.9999875345826,1726.0000152011287,0.0,1,20.0,True,0,6655.57,36.0
96.73471005392216,-997.0,1726.0,0.0,1,19.962735289534525,True,0,6655.572,36.0
96.73472222222222,-997.0012302892399,1725.9984871245929,0.0,1,17.0,False,0,6655.731,36.0
96.73721187835253,-997.0,1726.0,0.0,1,16.562724573425186,False,0,6655.792,36.0
96.7397757333078,-997.0,1726.0,0.0,1,16.2759862879458,False,0,6655.832,36.0
96.73472222222222,-997.1442680711027,1725.822513572392,0.0,1,15.0,False,0,6656.01,36.0
96.67619335458411,-997.0,1726.0,0.0,1,23.099993599999998,False,0,6656.172,36.0
96.73472222222222,-996.4596639271329,1726.6647510078676,0.0,1,29.0,False,0,6656.29,36.0
97.6236111111111,-993.0313296017505,1730.9600272090574,10.0,1,31.0,False,0,6656.61,36.0
97.63051549961716,-993.0,1731.0,10.0333312,1,30.9500032,False,0,6656.612,36.0
98.55694444444444,-988.4018607521258,1737.073076262601,14.0,1,25.0,False,0,6656.85,36.0
99.10462899868574,-986.0,1741.0,16.914282057142856,1,24.271429485714286,False,0,6656.952,36.0
100.26805555555555,-981.0665801936051,1749.8946979595253,22.0,1,23.0,False,0,6657.13,36.0
100.28215001676281,-981.0,1750.0,22.0437472,1,22.9812512,False,0,6657.132,36.0
101.64119320144538,-974.0,1760.0,25.9812472,1,21.2937512,False,0,6657.312,36.0
102.84583333333333,-968.0153265632775,1769.4667515124158,29.0,1,20.0,False,0,6657.45,36.0
103.05357264722058,-967.0,1771.0,29.611107555555556,1,19.816667733333333,False,0,6657.472,36.0
105.59151642315287,-954.0,1789.0,36.27777422222222,1,17.816667733333333,False,0,6657.7119999999995,36.0
106.74583333333335,-946.8361047971752,1799.788478877146,39.0,1,17.0,False,0,6657.81,36.0
109.32194626544403,-930.0,1826.0,44.6812464,1,24.5749952,False,0,6658.012,36.0
111.0125,-920.634277065522,1840.0147560656574,48.0,1,29.0,False,0,6658.13,36.0
114.87916666666668,-902.6096677017521,1866.1368892530584,58.0,1,29.0,False,0,6658.37,36.0
115.89464092213163,-898.0,1873.0,58.7749984,1,30.937496,False,0,6658.432,36.0
117.54583333333335,-890.7253399447245,1884.043101631593,60.0,1,34.0,False,0,6658.53,36.0
120.19962040370875,-879.0,1902.0,65.071424,1,35.5214272,False,0,6658.672,36.0
122.99027777777782,-864.4347893925908,1923.980269469734,70.0,1,37.0,False,0,6658.81,36.0
125.55674367713486,-851.0,1944.0,74.5749952,1,38.5249984,False,0,6658.932,36.0
126.36805555555556,-847.0638734389697,1949.8054424872753,76.0,1,39.0,False,0,6658.97,36.0
131.56805555555556,-820.8289914757593,1988.5476555999344,78.0,1,42.0,False,0,6659.21,36.0
132.48531660203395,-814.0,1999.0,78.17499946666666,1,42.69999786666666,False,0,6659.252,36.0
135.9956358655073,-783.0,2047.0,78.84166613333333,1,45.366664533333335,False,0,6659.412,36.0
136.83472222222224,-776.7454607934558,2056.559312022919,79.0,1,46.0,False,0,6659.45,36.0
141.2791666666667,-755.6475136883573,2087.2831074090195,80.0,1,46.0,False,0,6659.65,36.0
145.72361111111113,-740.1164654774321,2108.926609874495,80.0,1,46.0,False,0,6659.85,36.0
146.21242462540238,-738.0,2112.0,80.0,1,46.05499968,False,0,6659.872,36.0
150.65707211234118,-713.0,2149.0,80.0,1,46.55499968,False,0,6660.072,36.0
154.6125,-676.8313254015286,2202.3192885817125,80.0,1,47.0,False,0,6660.25,36.0
155.10127175907573,-673.0,2208.0,80.0,1,47.0,False,0,6660.272,36.0
158.16805555555558,-655.9141649918399,2233.6819481501443,80.0,1,47.0,False,0,6660.41,36.0
161.72361111111115,-647.3722068751247,2247.2746473200673,80.0,1,47.0,False,0,6660.57,36.0
164.40419106301138,-637.0,2263.0,79.39000064,1,47.0,False,0,6660.692,36.0
166.11250000000004,-627.7544923494168,2276.7130325063945,79.0,1,47.0,False,0,6660.77,36.0
168.78824466398132,-612.0,2300.0,79.0,1,47.43571382857143,False,0,6660.892,36.0
172.25694444444446,-593.7241525962004,2327.4356705813198,79.0,1,48.0,False,0,6661.05,36.0
172.73984506358136,-590.0,2333.0,79.0,1,48.0,False,0,6661.072,36.0
176.25122520997846,-555.0,2385.0,79.0,1,48.0,False,0,6661.232,36.0
181.03472222222223,-532.7202732658835,2417.452383088294,79.0,1,48.0,False,0,6661.45,36.0
185.46748047621142,-520.0,2436.0,79.0,1,48.0,False,0,6661.652,36.0
187.1791666666667,-510.93241506645,2449.60575038252,79.0,1,48.0,False,0,6661.73,36.0
187.66194473899773,-508.0,2454.0,79.0,1,47.94500032,False,0,6661.752,36.0
194.68415933181328,-457.0,2530.0,79.0,1,47.14500032,False,0,6662.072,36.0
195.95694444444445,-450.46253348926257,2539.868275535184,79.0,1,47.0,False,0,6662.13,36.0
201.7064190610628,-430.0,2571.0,79.0,1,47.0,False,0,6662.392,36.0
203.00111111111116,-424.20013212826797,2579.505824454974,79.0,1,47.0,False,0,6662.451,36.0
206.51222222222222,-404.941593474017,2607.283891788095,79.0,1,47.0,False,0,6662.611,36.0
208.72921935614727,-390.0,2629.0,79.0,1,47.3166141559144,False,0,6662.7119999999995,36.0
213.51250000000002,-353.27817822494194,2683.113315135114,79.0,1,48.0,False,0,6662.93,36.0
214.43279108529165,-348.0,2691.0,79.0,1,47.8687504,False,0,6662.972,36.0
219.25496218715364,-331.0,2717.0,79.0,1,47.1812504,False,0,6663.192,36.0
220.53472222222226,-325.1593634756417,2725.795523797862,79.0,1,47.0,False,0,6663.25,36.0
225.47215585839353,-296.0,2769.0,79.6937496,1,47.0,False,0,6663.472,36.0
227.64583333333337,-283.4906087392188,2787.2587847147774,80.0,1,47.0,False,0,6663.57,36.0
230.77165004384688,-266.0,2813.0,79.5562504,1,47.4437496,False,0,6663.7119999999995,36.0
234.6680555555556,-244.21210676303977,2846.527449475136,79.0,1,48.0,False,0,6663.89,36.0
236.90070850861247,-232.0,2865.0,79.0,1,48.283332977777775,False,0,6663.992,36.0
240.407084399483,-212.0,2894.0,79.0,1,48.727777422222225,False,0,6664.152,36.0
242.5680555555556,-195.2582207940182,2918.6008805499046,79.0,1,49.0,False,0,6664.25,36.0
245.72029503304157,-170.0,2956.0,79.39444408888889,1,49.0,False,0,6664.392,36.0
250.5680555555556,-148.1818865270081,2988.134672027515,80.0,1,49.0,False,0,6664.61,36.0
254.5716985316439,-133.0,3011.0,79.4944448,1,49.0,False,0,6664.792,36.0
257.63619536941997,-116.0,3037.0,79.10555591111111,1,49.0,False,0,6664.932,36.0
258.46805555555557,-110.27390556886502,3045.624532322879,79.0,1,49.0,False,0,6664.97,36.0
264.2079569603085,-66.0,3111.0,79.0,1,50.45555484444444,False,0,6665.232,36.0
266.36805555555554,-55.62495952087699,3125.9907701183993,79.0,1,51.0,False,0,6665.33,36.0
271.743777822074,-38.0,3151.0,79.7562496,1,51.0,False,0,6665.572,36.0
273.4791666666667,-29.275556847613355,3163.724870588784,80.0,1,51.0,False,0,6665.65,36.0
277.5237207607005,-6.0,3199.0,80.0,1,51.90999936,False,0,6665.832,36.0
277.9236111111112,-3.965833912147793,3202.2994843452893,80.0,1,52.0,False,0,6665.85,36.0
279.7452856005393,5.0,3217.0,80.0,1,52.341666133333334,False,0,6665.932,36.0
283.2569444444445,25.03274608597987,3246.432389988365,80.0,1,53.0,False,0,6666.09,36.0
284.63646324685084,33.0,3258.0,80.0,1,53.344443733333335,False,0,6666.152,36.0
288.64393852811025,55.0,3291.0,80.0,1,54.344443733333335,False,0,6666.332,36.0
291.2569444444445,69.75849513041071,3312.804231048777,80.0,1,55.0,False,0,6666.45,36.0
293.0631895381878,80.0,3328.0,79.7437504,1,55.2562496,False,0,6666.532,36.0
298.27916666666675,108.8581959114518,3371.6141537839,79.0,1,56.0,False,0,6666.77,36.0
299.2002336010589,114.0,3379.0,79.0,1,56.0,False,0,6666.812,36.0
300.95577500924486,124.0,3393.0,79.0,1,56.0,False,0,6666.892,36.0
303.5458333333334,140.18928946880234,3416.583122789383,79.0,1,56.0,False,0,6667.01,36.0
307.0569444444445,164.5230316761578,3453.611972067309,79.0,1,55.0,False,0,6667.17,36.0
309.29598341276574,180.0,3477.0,79.0,1,56.01999872,False,0,6667.272,36.0
311.4458333333335,194.6543554259104,3498.890998952559,79.0,1,57.0,False,0,6667.37,36.0
317.6283571520471,232.0,3554.0,79.0,1,57.8812496,False,0,6667.652,36.0
318.46805555555574,235.7863852913369,3559.6277065321074,79.0,1,58.0,False,0,6667.69,36.0
322.0236111111113,248.18288834425982,3578.25014173825,80.0,1,59.0,False,0,6667.85,36.0
325.57916666666677,260.0605982798979,3596.1308892172055,80.0,1,59.0,False,0,6668.01,36.0
326.5122034316705,264.0,3602.0,80.0,1,59.20999936,False,0,6668.052,36.0
330.0236111111113,282.0293247943495,3628.7000080139514,80.0,1,60.0,False,0,6668.21,36.0
331.40346723389604,291.0,3642.0,80.0,1,60.44285622857143,False,0,6668.272,36.0
336.24583333333345,327.59514509550775,3696.3994981594637,80.0,1,62.0,False,0,6668.49,36.0
336.31200608906425,328.0,3697.0,79.98500096,1,62.01499904,False,0,6668.493,36.0
340.6347222222224,345.8178255970565,3723.293278171767,79.0,1,63.0,False,0,6668.69,36.0
342.43303316866957,353.0,3734.0,79.0,1,63.291814557566305,False,0,6668.772,36.0
346.8011111111113,377.14770515621035,3770.4927168457825,79.0,1,64.0,False,0,6668.971,36.0
349.8955071142281,394.0,3796.0,79.0,1,64.0,False,0,6669.112,36.0
351.19000000000017,399.8543607071067,3804.823347103053,79.0,1,64.0,False,0,6669.171,36.0
353.4054600253989,412.0,3823.0,79.0,1,64.36200685602711,False,0,6669.272,36.0
357.31250000000017,450.616604692647,3880.4305758902055,79.0,1,65.0,False,0,6669.45,36.0
357.3564586667518,451.0,3881.0,79.0,1,64.9714304,False,0,6669.452,36.0
363.4569444444446,478.123206740576,3920.955775906942,79.0,1,61.0,False,0,6669.73,36.0
367.3790765310672,493.0,3939.0,78.4312504,1,58.7250016,False,0,6669.912,36.0
370.39027777777795,512.2526311908855,3961.239023020386,78.0,1,57.0,False,0,6670.05,36.0
371.7721296686537,521.0,3971.0,78.704544,1,55.4500032,False,0,6670.112,36.0
375.8853192004319,548.0,3997.0,80.74999854545455,1,50.9500032,False,0,6670.292,36.0
380.53472222222234,605.5439238356245,4039.6681209755957,83.0,1,46.0,False,0,6670.49,36.0
380.5821950241538,606.0,4040.0,83.0285696,1,45.8714368,False,0,6670.492,36.0
387.30138888888905,637.8015196748997,4061.051599590275,87.0,1,28.0,False,0,6670.77,36.0
388.34470532103967,646.0,4065.0,87.74999771428571,1,30.399992685714285,False,0,6670.812,36.0
394.4569444444446,728.6805708155407,4102.87744027656,92.0,1,44.0,False,0,6671.05,36.0
397.7824997946209,763.0,4118.0,95.48571062857143,1,46.61428297142857,False,0,6671.172,36.0
402.23472222222233,779.764043230364,4124.2622749857155,100.0,1,50.0,False,0,6671.33,36.0
404.5770045073598,790.0,4127.0,101.63999744,1,49.18000128,False,0,6671.412,36.0
408.0125000000002,817.304904400145,4134.521232887923,104.0,1,48.0,False,0,6671.53,36.0
412.92454766753656,868.0,4147.0,108.0499968,1,52.5562464,False,0,6671.692,36.0
417.9680555555558,916.3732406207989,4154.753966834687,112.0,1,57.0,False,0,6671.85,36.0
423.43181775352446,968.0,4161.0,117.84999537777777,1,58.34999893333333,False,0,6672.012,36.0
429.81446713205577,1029.0,4169.0,124.34999537777777,1,59.84999893333333,False,0,6672.192,36.0
430.4680555555558,1034.4906660975114,4169.721578045551,125.0,2,60.0,False,0,6672.21,36.0
437.2303120816082,1099.0,4178.0,131.49999542857142,2,67.14999497142857,False,0,6672.392,36.0
440.9680555555557,1169.1276136875904,4186.800198940467,135.0,2,71.0,False,0,6672.49,36.0
443.3628725544577,1211.0,4192.0,136.3562472,2,72.1624976,False,0,6672.552,36.0
453.5902777777779,1274.4306988323976,4199.268431418259,142.0,3,77.0,False,0,6672.81,36.0
457.75945583825035,1297.0,4202.0,144.5499968,3,80.94090414545454,False,0,6672.912,36.0
467.9154021037766,1397.0,4215.0,150.5499968,3,90.21363141818182,False,0,6673.152,36.0
472.29027777777793,1440.88888905054,4220.656929623045,153.0,3,94.0,False,0,6673.25,36.0
507.15809852808934,1754.0,4259.0,178.3499953777778,3,99.84999893333334,False,0,6673.952,36.0
508.0902777777779,1762.8970904289513,4260.046658819499,179.0,4,100.0,False,0,6673.97,36.0
513.3889918349755,1814.0,4266.0,181.3181789090909,4,100.0,False,0,6674.072,36.0
522.8111718606235,1904.0,4276.0,185.409088,4,100.0,False,0,6674.252,36.0
531.190277777778,1985.9928053830586,4284.53279529801,189.0,4,100.0,False,0,6674.41,36.0
535.5829461624891,2029.0,4289.0,190.281248,4,100.0,False,0,6674.492,36.0
544.2227611627694,2113.0,4298.0,192.781248,4,100.0,False,0,6674.652,36.0
548.4347222222224,2154.6252312921815,4302.667291929979,194.0,4,100.0,False,0,6674.73,36.0
559.374798889025,2264.0,4315.0,194.0,4,100.0,False,0,6674.933,36.0
563.5236111111111,2304.9071634782217,4319.246200037929,194.0,4,100.0,False,0,6675.01,36.0
567.9978061787396,2349.0,4324.0,194.0,4,100.0,False,0,6675.093,36.0
574.301388888889,2411.9074811355567,4331.909096406204,194.0,4,100.0,False,0,6675.21,36.0
578.7103109908071,2455.0,4338.0,194.0,4,100.0,False,0,6675.292,36.0
585.1330555555558,2514.3880478561214,4347.314634763236,194.0,4,100.0,False,0,6675.411,36.0
594.0219444444444,2597.9683707421086,4365.5950462618275,200.0,4,100.0,True,0,6675.571,36.0
598.8714878857197,2655.0,4384.0,207.76249386666666,4,98.9875008,True,0,6675.652,36.0
608.8886111111112,2799.3340361938995,4439.845366778339,223.0,4,97.0,True,0,6675.811,36.0
619.0219444444446,2954.375621733454,4504.029077650321,228.0,4,100.0,False,0,6675.971,36.0
621.6329886417033,2987.0,4517.0,228.44085942575268,4,100.0,False,0,6676.012,36.0
636.9244444444446,3129.594338393386,4570.857533567246,231.0,5,100.0,False,0,6676.25,36.0
638.3483792881625,3142.0,4576.0,231.31428388571427,5,100.0,False,0,6676.272,36.0
651.381153795485,3259.0,4631.0,234.17142674285714,5,100.0,False,0,6676.472,36.0
655.2022222222224,3292.370394514148,4649.072984497705,235.0,5,100.0,False,0,6676.53,36.0
661.9734079048945,3350.0,4683.0,237.12499733333334,5,100.0,False,0,6676.632,36.0
671.2022222222223,3426.7956671581865,4733.464516615043,240.0,6,100.0,False,0,6676.77,36.0
672.6757597245095,3439.0,4742.0,240.18333226666667,6,100.0,False,0,6676.792,36.0
687.3355555555555,3558.2905223861094,4832.205100949306,242.0,6,100.0,False,0,6677.01,36.0
691.5421313777393,3589.0,4857.0,242.88571245714286,6,100.0,False,0,6677.072,36.0
706.468888888889,3695.593623535522,4951.098424624819,246.0,6,100.0,False,0,6677.29,36.0
707.9850682511634,3711.0,4966.0,246.31428388571427,6,100.0,False,0,6677.312,36.0
720.4587642365699,3858.0,5113.0,248.88571245714286,6,100.0,False,0,6677.492,36.0
725.9133333333335,3892.8576033173645,5148.339755054245,250.0,6,100.0,False,0,6677.57,36.0
738.7471097402548,3927.0,5183.0,251.2999990857143,6,100.0,False,0,6677.752,36.0
745.5133333333335,3964.11924896167,5219.554094315626,252.0,6,100.0,False,0,6677.85,36.0
762.6589976774444,4104.0,5355.0,236.0928649142857,6,6.428617142857135,False,0,6678.112,36.0
763.7911111111111,4112.442363741415,5362.992794149241,235.0,6,0.0,True,0,6678.13,36.0
772.4753615769175,4178.0,5424.0,220.8000128,6,0.0,True,0,6678.272,36.0
773.5244444444445,4187.824926298503,5433.032134635229,219.0,5,0.0,True,0,6678.29,36.0
785.3115416409403,4323.0,5556.0,200.96251039999999,5,0.0,True,0,6678.512,36.0
797.5244444444445,4391.510097699271,5615.258071386365,180.0,4,0.0,True,0,6678.77,36.0
804.1719197772841,4440.0,5655.0,170.77000832,4,0.0,True,0,6678.912,36.0
806.8022222222222,4470.181178248601,5679.952935385076,167.0,3,0.0,True,0,6678.97,36.0
813.8020900520405,4565.0,5758.0,157.28000768,3,0.0,True,0,6679.132,36.0
815.4133333333333,4581.7441361569345,5771.40453716828,155.0,3,0.0,True,0,6679.17,36.0
823.7466666666668,4629.941196424701,5806.681382891501,150.0,3,0.0,True,0,6679.37,36.0
829.2107590142684,4643.0,5815.0,141.71667413333333,3,0.0,True,0,6679.512,36.0
832.8133333333334,4646.981432460664,5817.772383159527,136.0,2,0.0,True,0,6679.61,36.0
836.4713567130111,4657.0,5824.0,132.812504,2,0.0,True,0,6679.7119999999995,36.0
843.4019552057389,4719.0,5858.0,126.562504,2,0.0,True,0,6679.912,36.0
844.0133333333334,4725.775791911404,5860.975061779181,126.0,2,0.0,True,0,6679.93,36.0
850.6800000000002,4806.166066017864,5886.794084260243,120.0,2,0.0,True,0,6680.13,36.0
854.0024740593692,4842.0,5895.0,117.96000256,2,0.0,True,0,6680.232,36.0
857.1244444444445,4869.979083313668,5899.781592337274,116.0,2,0.0,True,0,6680.33,36.0
865.6022222222223,4935.329816263485,5899.545142546429,109.0,2,0.0,True,0,6680.61,36.0
866.2516848353114,4942.0,5899.0,108.7250016,2,0.0,True,0,6680.632,36.0
872.0745144907534,5013.0,5890.0,106.2250016,2,0.0,True,0,6680.832,36.0
877.1577777777778,5077.199979679905,5871.488421949698,104.0,2,0.0,False,0,6681.01,36.0
881.1581500021786,5124.0,5851.0,102.2250016,2,0.0,False,0,6681.152,36.0
883.8911111111112,5152.70855830077,5834.744247071536,101.0,2,0.0,False,0,6681.25,36.0
889.3911111111113,5202.075961347412,5796.627313190303,99.0,2,1.0,False,0,6681.45,36.0
895.3529410319265,5237.0,5765.0,97.14166613333333,2,3.477778488888889,False,0,6681.673,36.0
898.9911111111113,5246.731486701661,5755.673661780174,96.0,2,5.0,False,0,6681.81,36.0
901.7116919846981,5255.0,5746.0,96.31775667394525,2,10.40186345706935,False,0,6681.912,36.0
907.6402777777779,5287.837676539326,5701.264998319022,97.0,2,22.0,False,0,6682.131,36.0
907.6678755363301,5288.0,5701.0,97.0166656,2,22.0291648,False,0,6682.132,36.0
914.3736111111112,5325.1967192517,5626.427733832011,101.0,2,29.0,False,0,6682.371,36.0
916.6584676766765,5335.0,5603.0,101.28928548571429,2,29.578570971428572,False,0,6682.452,36.0
922.3069444444444,5350.439388771139,5558.186513038153,102.0,2,31.0,False,0,6682.651,36.0
927.0036171010881,5360.0,5520.0,105.21999872,2,44.68499456,False,0,6682.812,36.0
928.1958333333334,5362.603233469822,5508.78238249382,106.0,2,48.0,False,0,6682.851,36.0
930.7626545721732,5368.0,5484.0,109.55485541219201,2,49.777427706096006,False,0,6682.932,36.0
938.8291666666669,5379.479549153796,5410.138621422008,120.0,2,55.0,False,0,6683.17,36.0
940.9812362371063,5382.0,5388.0,121.8083296,2,56.8083296,False,0,6683.232,36.0
947.2958333333333,5388.945140443771,5315.424312765003,127.0,2,62.0,False,0,6683.41,36.0
950.3130923904506,5392.0,5283.0,128.63999744,2,51.13501696,False,0,6683.492,36.0
960.8958489813318,5402.0,5190.0,134.23999744,2,14.03501696,False,0,6683.772,36.0
962.2958333333336,5403.397641745733,5178.208598412881,135.0,2,9.0,False,0,6683.81,36.0
970.8291666666668,5416.207726708241,5100.730858012403,128.0,2,0.0,True,0,6684.05,36.0
973.6163525555255,5428.0,5065.0,125.36428982857143,2,0.0,True,0,6684.132,36.0
980.0847222222224,5470.629683614868,4964.8027478395525,119.0,2,0.0,True,0,6684.33,36.0
980.1483037459611,5471.0,4964.0,118.9357184,2,0.0,True,0,6684.332,36.0
988.6402777777779,5500.178874096922,4912.749935402366,110.0,2,0.0,True,0,6684.61,36.0
992.1359627834177,5514.0,4897.0,106.07857554285714,2,0.0,True,0,6684.732,36.0
996.4958333333335,5541.655966485285,4864.999258440903,101.0,2,0.0,True,0,6684.89,36.0
998.1725259155994,5556.0,4850.0,99.8375024,2,0.0,True,0,6684.952,36.0
1003.4493332342969,5612.0,4799.0,96.0875024,2,0.0,True,0,6685.152,36.0
1004.940277777778,5626.632033431209,4787.362690403321,95.0,1,0.0,True,0,6685.21,36.0
1013.8402777777779,5694.336445533005,4748.717117084755,89.0,1,0.0,False,0,6685.57,36.0
1014.3710087377802,5698.0,4747.0,88.67000192,1,0.0,False,0,6685.592,36.0
1018.6180555555558,5726.864897207646,4734.037253543378,86.0,1,0.0,True,0,6685.77,36.0
1022.4031033439185,5764.0,4730.0,84.38000128,1,0.0,True,0,6685.932,36.0
1023.2847222222223,5775.736901030549,4730.9236481432545,84.0,1,0.0,False,0,6685.97,36.0
1027.9465214433997,5847.0,4746.0,83.15833386666667,1,0.0,False,0,6686.172,36.0
1028.8180555555557,5858.347219114618,4750.117414481103,83.0,1,0.0,False,0,6686.21,36.0
1037.5172755362132,5928.0,4800.0,82.04500032,1,11.45999616,False,0,6686.592,36.0
1037.9291666666668,5929.97620829757,4801.749387838083,82.0,1,12.0,False,0,6686.61,36.0
1042.5402777777779,5947.076574913538,4817.047116540158,83.0,1,19.0,False,0,6686.81,36.0
1044.4607200478918,5956.0,4826.0,83.81999872,1,22.48499456,False,0,6686.892,36.0
1052.2069444444446,6007.680832948155,4882.63267045244,87.0,1,36.0,False,0,6687.21,36.0
1052.2581738114886,6008.0,4883.0,87.055552,1,36.0611072,False,0,6687.2119999999995,36.0
1057.0107153269266,6037.0,4919.0,92.055552,1,41.5611072,False,0,6687.392,36.0
1061.9069444444447,6078.674288499514,4981.821266829909,97.0,1,47.0,False,0,6687.57,36.0
1064.766470640334,6099.0,5014.0,99.5499968,1,50.824995200000004,False,0,6687.672,36.0
1068.7736111111114,6114.114540068589,5038.979432926655,103.0,1,56.0,False,0,6687.81,36.0
1075.1282412554283,6127.0,5065.0,110.06999552,1,59.53499776,False,0,6688.012,36.0
1081.7736111111114,6153.571094268728,5120.217613645553,117.0,2,63.0,False,0,6688.21,36.0
1084.6385459365017,6165.0,5146.0,119.8442307477594,2,65.8442307477594,False,0,6688.293,36.0
1090.3129059831422,6185.0,5197.0,125.32709788453042,2,71.32709788453042,False,0,6688.453,36.0
1093.1869444444446,6196.466062991085,5228.63359643376,128.0,2,74.0,False,0,6688.531,36.0
1100.1485542280477,6224.0,5308.0,135.3531224,2,78.5249984,False,0,6688.7119999999995,36.0
1105.720277777778,6237.932194885878,5350.795302279846,141.0,2,82.0,False,0,6688.851,36.0
1113.2386616030772,6254.0,5409.0,149.14499712,2,88.33499776,False,0,6689.032,36.0
1114.0536111111114,6256.209057224013,5417.581546528114,150.0,3,89.0,False,0,6689.051,36.0
1121.1647222222223,6278.136946566049,5505.874921495291,160.0,3,93.0,False,0,6689.211,36.0
1124.9818335200146,6288.0,5547.0,164.0499968,3,94.7718736,False,0,6689.292,36.0
1136.8091666666667,6306.242168577082,5632.71557208627,176.0,3,100.0,False,0,6689.531,36.0
1140.809719441696,6312.0,5671.0,177.62813889346288,3,100.0,False,0,6689.612,36.0
1146.7591666666665,6321.694861208826,5746.2096481525405,180.0,4,100.0,False,0,6689.73,36.0
1154.3945348115617,6331.0,5844.0,192.4249888,4,100.0,False,0,6689.872,36.0
1155.381388888889,6331.59198446675,5854.838482498966,194.0,4,100.0,False,0,6689.89,36.0
1164.3708224697089,6332.0,5942.0,198.72499626666666,4,100.0,False,0,6690.052,36.0
1168.781388888889,6330.504367869316,5984.977568717792,201.0,4,100.0,False,0,6690.13,36.0
1174.6381201253266,6327.0,6043.0,203.80499648,4,100.0,False,0,6690.232,36.0
1186.4174799866817,6314.0,6159.0,209.30499648,4,100.0,False,0,6690.432,36.0
1192.3369444444445,6304.375926515204,6216.621094988655,212.0,5,100.0,False,0,6690.53,36.0
1202.203611111111,6283.465270248177,6311.79185956415,222.0,5,100.0,False,0,6690.69,36.0
1203.576782263116,6280.0,6325.0,222.5499968,5,100.0,False,0,6690.7119999999995,36.0
1217.403611111111,6238.642766275823,6455.475898620638,228.0,5,100.0,False,0,6690.93,36.0
1218.8248012225254,6234.0,6468.0,228.61110755555555,5,100.0,False,0,6690.952,36.0
1222.726018082431,6220.0,6503.0,230.27777422222223,5,100.0,False,0,6691.012,36.0
1239.9932087003217,6098.0,6736.0,237.49999644444443,5,100.0,False,0,6691.272,36.0
1241.203611111111,6091.184336553225,6748.146188412504,238.0,5,100.0,False,0,6691.29,36.0
1264.4682071985249,6015.0,6859.0,243.98499776,5,100.0,False,0,6691.632,36.0
1268.4258333333332,5995.011697671038,6883.84985058315,245.0,6,100.0,False,0,6691.69,36.0
1279.3591666666669,5922.727686122276,6972.131938515951,246.0,6,100.0,False,0,6691.85,36.0
1285.0287051874066,5883.0,7016.0,247.5374976,6,100.0,False,0,6691.932,36.0
1292.0161804266497,5834.0,7065.0,249.4124976,6,100.0,False,0,6692.032,36.0
1301.759166666667,5762.632292315175,7131.057597503934,252.0,6,100.0,False,0,6692.17,36.0
1317.640411243936,5642.0,7234.0,256.1624976,6,100.0,False,0,6692.392,36.0
1324.6925000000003,5588.792260645835,7277.182934078326,258.0,6,100.0,False,0,6692.49,36.0
1332.0449568214576,5529.0,7324.0,259.2749984,6,100.0,False,0,6692.592,36.0
1336.2480555555555,5490.861263363153,7353.066121685708,260.0,6,100.0,False,0,6692.65,36.0
1346.6383832623003,5389.0,7430.0,262.83999744,6,100.0,False,0,6692.792,36.0
1350.9147222222225,5346.770054639659,7462.618635441765,264.0,6,100.0,False,0,6692.85,36.0
1365.803611111111,5201.2295313581,7578.491618751658,268.0,7,100.0,False,0,6693.05,36.0
1378.1101636427009,5108.0,7654.0,271.5437472,7,100.0,False,0,6693.2119999999995,36.0
1390.2480555555555,5048.955254875331,7702.22160487992,275.0,7,100.0,False,0,6693.37,36.0
1402.7407382178342,4979.0,7761.0,277.0249984,7,100.0,False,0,6693.532,36.0
1408.781388888889,4926.335728229447,7805.773195543621,278.0,7,100.0,False,0,6693.61,36.0
1426.085898685706,4754.0,7953.0,280.37857005714284,7,100.0,False,0,6693.832,36.0
1430.6369444444447,4722.341278688132,7980.07618623393,281.0,7,100.0,False,0,6693.89,36.0
1452.8036111111114,4623.807715742181,8064.311809526575,285.0,7,100.0,False,0,6694.17,36.0
1452.9632988350463,4623.0,8065.0,285.01999872,7,100.0,False,0,6694.172,36.0
1513.2464096098836,4172.0,8451.0,292.43000064,7,100.0,False,0,6694.913,36.0
1517.9147222222223,4137.076343105625,8481.684631245691,293.0,7,100.0,False,0,6694.97,36.0
1519.7984207637146,4123.0,8494.0,293.12742419987575,7,100.0,False,0,6694.993,36.0
1541.0152775691222,3962.0,8632.0,294.56232643764235,7,100.0,False,0,6695.252,36.0
1547.4966666666671,3913.080000965397,8674.19917812149,295.0,7,100.0,False,0,6695.331,36.0
1559.0819110451707,3826.0,8750.0,295.70499968,7,100.0,False,0,6695.472,36.0
1563.9411111111112,3789.42165184749,8782.0272641384,296.0,7,100.0,False,0,6695.531,36.0
1578.9012012988587,3677.0,8881.0,296.90499968,7,100.0,False,0,6695.7119999999995,36.0
1597.0522222222223,3541.619557495101,9000.456499543146,298.0,7,100.0,False,0,6695.931,36.0
1597.1350564493605,3541.0,9001.0,298.0,7,100.0,False,0,6695.932,36.0
1608.7286276055702,3454.0,9077.0,298.0,7,100.0,False,0,6696.072,36.0
1628.5912285587306,3304.0,9208.0,298.0,7,100.0,False,0,6696.312,36.0
1633.474444444445,3267.2796249599437,9240.234461772465,298.0,7,100.0,False,0,6696.371,36.0
1648.4568139305798,3155.0,9339.0,298.0,7,100.0,False,0,6696.552,36.0
1659.8805555555557,3069.27308558926,9414.051605018794,298.0,7,100.0,False,0,6696.69,36.0
1666.6685204046344,3018.0,9459.0,298.0,7,100.0,False,0,6696.772,36.0
1679.913107839724,2919.0,9546.0,298.0,7,100.0,False,0,6696.932,36.0
1686.3694444444445,2875.3925660145724,9583.939395814094,298.0,7,100.0,False,0,6697.01,36.0
1706.4006206620647,2718.0,9720.0,298.0,7,100.0,False,0,6697.252,36.0
1709.5472222222224,2679.3749272512077,9753.688254470464,298.0,7,100.0,False,0,6697.29,36.0
1721.3098391296105,2519.0,9894.0,298.0,7,100.0,False,0,6697.432,36.0
1732.7250000000004,2403.220285967137,9995.603666562802,298.0,7,100.0,False,0,6697.57,36.0
1745.9250000000002,2310.6376467488503,10077.312938020303,297.0,7,100.0,False,0,6697.73,36.0
1751.0478032039546,2276.0,10108.0,297.1937496,7,100.0,False,0,6697.792,36.0
1772.413888888889,2134.47025044276,10234.06767650016,298.0,7,100.0,False,0,6698.05,36.0
1790.7916273758276,2027.0,10331.0,298.0,7,100.0,False,0,6698.272,36.0
1792.2805555555558,2019.2550047783805,10338.056170794374,298.0,7,100.0,False,0,6698.29,36.0
1812.0138888888894,1918.009928911075,10430.103448498297,296.0,7,0.0,True,0,6698.53,36.0
1812.1756679271239,1917.0,10431.0,295.88000768,7,0.0,True,0,6698.532,36.0
1827.7916666666667,1799.4213422260277,10533.162069077754,284.0,7,0.0,True,0,6698.73,36.0
1833.8726297361354,1749.0,10575.0,275.45834666666667,7,0.0,True,0,6698.812,36.0
1840.9944269978082,1690.0,10622.0,265.04168,7,0.0,True,0,6698.912,36.0
1845.0583333333336,1656.0807468007063,10648.432987582508,259.0,7,0.0,True,0,6698.97,36.0
1861.3250000000005,1519.0863165916774,10749.268271195277,244.0,6,0.0,True,0,6699.21,36.0
1861.454761199355,1518.0,10750.0,243.8357248,6,0.0,True,0,6699.2119999999995,36.0
1878.5138888888894,1364.8868345565695,10837.244774068642,221.0,5,0.0,True,0,6699.49,36.0
1879.7986416465985,1350.0,10844.0,219.85000669090908,5,0.0,True,0,6699.512,36.0
1892.1839183757045,1189.0,10908.0,208.35000669090908,5,0.0,True,0,6699.732,36.0
1902.7138888888892,1113.7286805098543,10931.114768996777,198.0,4,0.0,True,0,6699.93,36.0
1907.938821485829,1077.0,10937.0,193.15500608,4,0.0,True,0,6700.032,36.0
1918.811888572544,966.0,10948.0,182.70500608,4,0.0,True,0,6700.252,36.0
1922.602777777778,927.185397889883,10950.019258542503,179.0,4,0.0,True,0,6700.33,36.0
1932.1583333333338,824.2011934945393,10948.091179062887,172.0,3,0.0,True,0,6700.53,36.0
1932.251594157781,823.0,10948.0,171.9388928,3,0.0,True,0,6700.532,36.0
1941.305058497529,699.0,10934.0,165.82778168888888,3,0.0,True,0,6700.732,36.0
1948.2583333333337,650.0647111809435,10925.255581934718,161.0,3,0.0,True,0,6700.89,36.0
1954.466939780256,607.0,10906.0,158.16000256,3,0.0,True,0,6701.032,36.0
1956.9805555555556,578.470467090329,10891.402310386846,157.0,3,0.0,True,0,6701.09,36.0
1966.4893762086786,449.0,10820.0,153.8142848,3,2.3892864,True,0,6701.313,36.0
1968.8805555555557,429.17751924208096,10807.68079839729,153.0,3,3.0,False,0,6701.37,36.0
1980.5300282000162,391.0,10766.0,149.79138493117605,3,19.043075344119778,False,0,6701.653,36.0
1987.0105555555558,354.75382731369666,10717.25524337876,148.0,3,28.0,False,0,6701.811,36.0
1993.6669641752328,313.0,10656.0,148.80499968,3,36.85499648,False,0,6701.972,36.0
1995.2883333333336,304.25450618071375,10641.28804622423,149.0,3,39.0,False,0,6702.011,36.0
2001.9994444444446,272.8803163351522,10581.018778082833,151.0,3,48.0,False,0,6702.171,36.0
2002.8945532785622,269.0,10573.0,151.41999872,3,48.89249728,False,0,6702.192,36.0
2013.3992358466478,229.0,10479.0,156.21999872,3,59.09249728,False,0,6702.432,36.0
2019.6661111111111,213.62311065130598,10422.409518070048,159.0,3,65.0,False,0,6702.571,36.0
2021.536188484075,210.0,10405.0,159.83863505454545,3,66.95681512727273,False,0,6702.612,36.0
2029.8626086979018,198.0,10324.0,163.52045323636364,3,75.54772421818181,False,0,6702.792,36.0
2039.2953858968958,191.0,10230.0,167.61136232727273,3,85.09317876363636,False,0,6702.992,36.0
2040.1994444444447,190.52084520984397,10221.365034357108,168.0,3,86.0,False,0,6703.011,36.0
2046.9515427597785,187.0,10153.0,169.7680239211488,3,52.849551478459894,False,0,6703.152,36.0
2055.4405555555554,178.986619146755,10019.46918170117,172.0,3,11.0,True,0,6703.33,36.0
2061.1092351745597,174.0,9945.0,167.4250048,3,2.6125087999999987,True,0,6703.452,36.0
2062.818333333333,172.91786402168086,9930.922493838949,166.0,3,0.0,True,0,6703.49,36.0
2072.185052040292,166.0,9893.0,154.10714971428573,3,0.0,True,0,6703.7119999999995,36.0
2074.5627777777777,161.24388667988183,9872.38290827503,151.0,3,0.0,True,0,6703.77,36.0
2079.5486496994517,149.0,9821.0,148.38571702857143,3,0.0,True,0,6703.892,36.0
2085.840555555555,136.7788548282869,9782.850958082983,145.0,3,0.0,True,0,6704.05,36.0
2089.703873477972,121.0,9753.0,140.8562552,3,0.0,True,0,6704.152,36.0
2097.573888888888,54.002186777390996,9644.085673595233,132.0,2,0.0,True,0,6704.37,36.0
2098.355140062884,47.0,9634.0,131.5875024,2,0.0,True,0,6704.392,36.0
2108.773888888888,-33.208818867477156,9549.548536383236,126.0,2,0.0,True,0,6704.69,36.0
2114.2849999999994,-72.25241003042257,9525.154465847545,124.0,2,0.0,True,0,6704.85,36.0
2116.376343509801,-88.0,9516.0,123.0958352,2,0.0,True,0,6704.912,36.0
2128.6781023462845,-186.0,9467.0,117.55416853333334,2,0.0,True,0,6705.292,36.0
2129.8849999999993,-194.4524496837297,9463.62360814189,117.0,2,0.0,False,0,6705.33,36.0
2139.9294444444436,-263.4532281799656,9446.076417824352,113.0,2,7.0,False,0,6705.65,36.0
2139.9913264633906,-264.0,9446.0,112.9785728,2,6.9571456,False,0,6705.652,36.0
2145.511430778129,-319.0,9441.0,111.05000137142858,2,3.100002742857143,False,0,6705.832,36.0
2148.484999999999,-348.78649690465204,9441.258418309308,110.0,2,1.0,False,0,6705.93,36.0
2153.9510979401257,-402.0,9449.0,108.18000128,2,4.63999744,False,0,6706.112,36.0
2154.484999999999,-407.1911735164323,9450.378546916607,108.0,2,5.0,False,0,6706.13,36.0
2159.1961111111104,-452.198261624271,9466.574706097857,106.0,2,11.0,False,0,6706.29,36.0
2159.8488849577334,-458.0,9469.0,106.16499904,2,11.93499456,False,0,6706.312,36.0
2165.880843236486,-511.0,9497.0,107.66499904,2,20.43499456,False,0,6706.512,36.0
2171.3072222222213,-577.8715666493522,9549.720566542026,109.0,2,28.0,False,0,6706.69,36.0
2172.586467547082,-591.0,9561.0,109.2624992,2,29.5749952,False,0,6706.732,36.0
2176.1961111111104,-616.3425990262748,9584.600044397586,110.0,2,34.0,False,0,6706.85,36.0
2184.4778084847635,-644.0,9623.0,113.74285531428572,2,42.421424457142855,False,0,6707.112,36.0
2185.0627777777772,-647.0037904263313,9627.1972044129,114.0,2,43.0,False,0,6707.13,36.0
2188.418663588711,-666.0,9654.0,116.03999744,2,45.5499968,False,0,6707.232,36.0
2195.8928203879213,-702.0,9718.0,120.43999744,2,51.0499968,False,0,6707.452,36.0
2198.618333333333,-715.7995787901036,9751.35425502533,122.0,2,53.0,False,0,6707.53,36.0
2205.1398562675563,-746.0,9836.0,128.0666624,2,56.0333312,False,0,6707.7119999999995,36.0
2207.2849999999994,-752.1840440600295,9855.308369580096,130.0,2,57.0,False,0,6707.77,36.0
2217.4820233004502,-765.0,9915.0,137.77045643636365,2,63.5750016,False,0,6708.033,36.0
2224.762777777777,-773.1234004370463,9975.045510221946,143.0,2,68.0,False,0,6708.21,36.0
2230.014943436555,-776.0,10033.0,147.60099105851228,2,70.76059463510737,False,0,6708.333,36.0
2240.6036414927876,-770.0,10179.0,156.54114450531983,2,76.1246867031919,False,0,6708.572,36.0
2242.362222222221,-768.0591375962154,10201.86501872485,158.0,3,77.0,False,0,6708.611,36.0
2251.5844444444433,-754.615457089558,10307.031384917454,166.0,3,82.0,False,0,6708.811,36.0
2283.417777777777,-676.8424552710576,10565.703424831034,191.0,4,100.0,False,0,6709.411,36.0
2284.596190124128,-673.0,10576.0,191.76363403636364,4,100.0,False,0,6709.432,36.0
2294.810055464072,-637.0,10668.0,198.30908858181817,4,100.0,False,0,6709.612,36.0
2306.418676652008,-591.0,10772.0,205.58181585454545,4,100.0,False,0,6709.812,36.0
2308.7177777777765,-581.2176918988084,10792.68066180635,207.0,5,100.0,False,0,6709.851,36.0
2319.5388817687517,-534.0,10888.0,213.81589534637112,5,100.0,False,0,6710.032,36.0
2323.057777777776,-519.4141513595682,10916.443994785768,216.0,5,100.0,False,0,6710.09,36.0
2331.778271921354,-478.0,10995.0,220.14166293333332,5,100.0,False,0,6710.232,36.0
2337.924444444443,-434.45192914697736,11076.21702042667,223.0,5,100.0,False,0,6710.33,36.0
2344.458846080496,-389.0,11160.0,227.24999466666668,5,100.0,False,0,6710.432,36.0
2353.4577777777763,-350.3002329204085,11228.848744311905,233.0,5,100.0,False,0,6710.57,36.0
2366.7909084442135,-309.0,11294.0,237.20833066666665,5,100.0,False,0,6710.772,36.0
2369.324444444443,-297.6441753337678,11311.509349297274,238.0,5,100.0,False,0,6710.81,36.0
2382.8244444444426,-221.9193429139592,11425.775295508649,243.0,6,100.0,False,0,6711.01,36.0
2385.7082370177286,-205.0,11450.0,244.5749952,6,100.0,False,0,6711.052,36.0
2393.8911111111097,-157.18597664696003,11515.456516242552,249.0,6,100.0,False,0,6711.17,36.0
2399.618858047625,-123.0,11560.0,250.36666453333333,6,100.0,False,0,6711.252,36.0
2410.757777777776,-53.679132460573726,11645.932606712007,253.0,6,100.0,False,0,6711.41,36.0
2418.03512384422,-7.0,11701.0,255.5499968,6,100.0,False,0,6711.512,36.0
2425.0911111111095,39.0282012417089,11753.339549273196,258.0,6,100.0,False,0,6711.61,36.0
2429.5872366215826,69.0,11786.0,259.0333312,6,100.0,False,0,6711.672,36.0
2445.7248981064486,181.0,11899.0,262.69999786666665,6,100.0,False,0,6711.892,36.0
2451.4911111111096,221.85769352196695,11938.77371093293,264.0,6,100.0,False,0,6711.97,36.0
2463.528561022845,308.0,12020.0,266.69999786666665,6,100.0,False,0,6712.132,36.0
2469.357777777776,349.976320782216,12057.464368500428,268.0,6,100.0,False,0,6712.21,36.0
2481.539905946635,444.0,12136.0,270.42999808,6,100.0,False,0,6712.372,36.0
2484.4133333333316,469.1599930520273,12155.868866921755,271.0,7,100.0,False,0,6712.41,36.0
2498.2622894799374,601.0,12254.0,273.2749984,7,100.0,False,0,6712.592,36.0
2508.8577777777764,700.3569128386664,12319.899828665413,275.0,7,100.0,False,0,6712.73,36.0
2527.457777777776,863.2123594654377,12413.70112252234,279.0,7,100.0,False,0,6712.97,36.0
2529.1690013352254,877.0,12421.0,279.15714194285715,7,100.0,False,0,6712.992,36.0
2549.3133333333317,1026.4856705670989,12491.786933597667,281.0,7,100.0,False,0,6713.25,36.0
2558.916186891203,1105.0,12524.0,282.5249984,7,100.0,False,0,6713.372,36.0
2568.2466666666646,1191.3682947811906,12557.377282421376,284.0,7,100.0,False,0,6713.49,36.0
2571.5756940670426,1223.0,12569.0,284.41999872,7,100.0,False,0,6713.532,36.0
2584.1355555555538,1342.0476027876243,12609.466492680964,286.0,7,100.0,False,0,6713.69,36.0
2595.468840846568,1450.0,12642.0,286.8874992,7,100.0,False,0,6713.832,36.0
2609.735555555554,1587.448996804886,12678.607161893538,288.0,7,100.0,False,0,6714.01,36.0
2609.8962267064267,1589.0,12679.0,288.0124992,7,100.0,False,0,6714.012,36.0
2617.9411048617417,1666.0,12698.0,288.6374992,7,100.0,False,0,6714.112,36.0
2635.5133333333315,1830.413407868037,12732.870928050714,290.0,7,100.0,False,0,6714.33,36.0
2638.8946920631943,1872.0,12740.0,290.0,7,100.0,False,0,6714.372,36.0
2654.8466666666645,2116.7822895252666,12776.554695906987,290.0,7,100.0,False,0,6714.57,36.0
2658.3270975243895,2163.0,12783.0,290.5374976,7,100.0,False,0,6714.613,36.0
2667.824444444443,2259.2529330216944,12795.777631984638,292.0,7,100.0,False,0,6714.73,36.0
2687.439166666665,2378.179715135008,12808.407609521098,293.0,7,100.0,False,0,6714.971,36.0
2692.405005534972,2421.0,12813.0,293.0,7,100.0,False,0,6715.032,36.0
2705.4265621568147,2559.0,12828.0,293.0,7,100.0,False,0,6715.192,36.0
2706.972499999998,2574.8816442724064,12829.66064481626,293.0,7,100.0,False,0,6715.211,36.0
2718.446509953311,2688.0,12841.0,293.0,7,100.0,False,0,6715.352,36.0
2719.99472222222,2704.18202515785,12842.610961613951,293.0,7,100.0,False,0,6715.371,36.0
2739.5947222222208,2928.604060706734,12865.11936609102,294.0,7,100.0,False,0,6715.611,36.0
2746.209132173435,2996.0,12872.0,294.0,7,100.0,False,0,6715.692,36.0
2759.19472222222,3104.767808538677,12883.362315909939,294.0,7,100.0,False,0,6715.851,36.0
2765.8199387517934,3158.0,12889.0,294.22499982222223,7,100.0,False,0,6715.932,36.0
2788.69472222222,3375.7245925276125,12912.282667374468,295.0,7,100.0,False,0,6716.211,36.0
2792.0633951571745,3419.0,12917.0,295.17083306666666,7,100.0,False,0,6716.252,36.0
2808.4280555555533,3662.8509754739116,12943.872544434298,296.0,7,100.0,False,0,6716.451,36.0
2808.510255538128,3664.0,12944.0,296.0,7,100.0,False,0,6716.452,36.0
2821.58361111111,3824.1936517395525,12961.878879354175,296.0,7,100.0,False,0,6716.611,36.0
2834.701111111109,3942.6116443911055,12975.365578841802,297.0,7,100.0,False,0,6716.77,36.0
2849.7159648336624,4057.0,12989.0,297.0,7,100.0,False,0,6716.952,36.0
2851.2011111111096,4067.4388823560457,12990.285930968881,297.0,7,100.0,False,0,6716.97,36.0
2871.0011111111094,4204.681207829962,13007.969351775315,297.0,7,100.0,False,0,6717.21,36.0
2872.8137262744885,4220.0,13010.0,296.9083338666667,7,100.0,False,0,6717.232,36.0
2890.7344444444434,4398.337991382208,13033.780670297092,296.0,7,100.0,False,0,6717.45,36.0
2890.8983298363437,4400.0,13034.0,295.9833344,7,100.0,False,0,6717.452,36.0
2903.976798489381,4530.0,13051.0,294.6500010666667,7,100.0,False,0,6717.612,36.0
2910.334444444443,4593.090638371539,13059.27148084192,294.0,7,100.0,False,0,6717.69,36.0
2920.2623365513973,4692.0,13072.0,293.2375008,7,100.0,False,0,6717.812,36.0
2923.3566666666648,4722.833410907243,13075.799209759529,293.0,7,100.0,False,0,6717.85,36.0
2939.6344444444426,4885.050405284976,13094.18875555461,293.0,7,100.0,False,0,6718.05,36.0
2944.629353331952,4935.0,13099.0,291.6437528,7,85.6625296,False,0,6718.112,36.0
2958.9469887211812,5079.0,13110.0,287.7062528,7,44.0375296,False,0,6718.292,36.0
2965.0566666666655,5141.29516560945,13113.051608390393,286.0,7,26.0,True,0,6718.37,36.0
2972.956996723518,5220.0,13115.0,283.19500352,7,26.25499968,True,0,6718.472,36.0
2991.2243268453135,5401.0,13102.0,276.59500352,7,26.85499968,True,0,6718.7119999999995,36.0
2995.61222222222,5461.49946977969,13090.475311517324,275.0,7,27.0,False,0,6718.77,36.0
3007.831256009633,5638.0,13049.0,272.75000177777775,7,27.449999644444443,False,0,6718.932,36.0
3022.61222222222,5734.469258667665,13018.252397812577,270.0,7,28.0,False,0,6719.13,36.0
3030.120040198227,5776.0,12999.0,267.4500032,7,36.49998933333333,False,0,6719.232,36.0
3040.212222222221,5856.475253364315,12960.014566051002,264.0,7,48.0,False,0,6719.37,36.0
3050.5933361107227,5957.0,12903.0,263.29000064,7,55.0999936,False,0,6719.512,36.0
3054.8233333333314,5999.796933483762,12874.371714330551,263.0,7,58.0,False,0,6719.57,36.0
3072.2899999999986,6167.898537101988,12744.888298967579,262.0,7,71.0,False,0,6719.81,36.0
3072.4364121770072,6169.0,12744.0,262.0222208,7,71.0388864,False,0,6719.812,36.0
3097.5594063810786,6310.0,12599.0,265.7999985777778,7,77.64999751111111,False,0,6720.152,36.0
3098.8899999999985,6319.587199964215,12585.154273216358,266.0,7,78.0,False,0,6720.17,36.0
3113.6677777777763,6444.42170492149,12386.002174398187,266.0,7,100.0,False,0,6720.37,36.0
3116.787875480323,6467.0,12346.0,266.38181701818183,7,100.0,False,0,6720.412,36.0
3143.8034113477956,6575.0,12098.0,269.6545442909091,7,100.0,False,0,6720.772,36.0
3146.6677777777763,6582.096467954544,12078.61411411092,270.0,7,100.0,False,0,6720.81,36.0
3173.867777777776,6637.672066946641,11911.477309323382,272.0,7,100.0,False,0,6721.17,36.0
3175.6099710464146,6642.0,11897.0,272.1437504,7,100.0,False,0,6721.193,36.0
3186.0011111111094,6670.846469231946,11797.73051600379,273.0,7,100.0,False,0,6721.33,36.0
3190.790069658966,6684.0,11751.0,273.3913049008914,7,100.0,False,0,6721.393,36.0
3198.2549999999983,6702.8248727554765,11682.072449296791,274.0,7,100.0,False,0,6721.491,36.0
3207.578166481724,6725.0,11596.0,275.0166656,7,100.0,False,0,6721.613,36.0
3216.654999999998,6747.039831472096,11504.08787551241,276.0,7,100.0,False,0,6721.731,36.0
3222.934603248191,6762.0,11439.0,277.3499989333333,7,100.0,False,0,6721.812,36.0
3235.3216666666654,6789.959275277214,11312.341036320933,280.0,7,100.0,False,0,6721.971,36.0
3243.1736328181955,6805.0,11243.0,280.0,7,100.0,False,0,6722.072,36.0
3247.7661111111097,6812.356356777755,11209.162915111836,280.0,7,100.0,False,0,6722.131,36.0
3260.352065737999,6839.0,11067.0,281.14999954285713,7,100.0,False,0,6722.292,36.0
3268.2047235503787,6872.0,10869.0,281.86428525714285,7,100.0,False,0,6722.392,36.0
3269.699444444443,6877.482203771443,10835.652495688932,282.0,7,100.0,False,0,6722.411,36.0
3282.321666666665,6904.655716642286,10665.08477606605,284.0,7,100.0,False,0,6722.571,36.0
3307.743888888888,6910.92847855999,10587.6193162749,286.0,7,100.0,False,0,6722.891,36.0
3307.823527009069,6911.0,10587.0,286.0031248,7,100.0,False,0,6722.892,36.0
3320.5763626526127,6926.0,10461.0,286.5031248,7,100.0,False,0,6723.052,36.0
3333.2549999999983,6939.442173643681,10332.69182718371,287.0,7,100.0,False,0,6723.211,36.0
3342.898367594098,6948.0,10239.0,287.0,7,100.0,False,0,6723.332,36.0
3349.1197222222204,6952.911213305456,10180.175072308433,287.0,7,100.0,False,0,6723.41,36.0
3355.6687068248384,6958.0,10111.0,287.2928566857143,7,100.0,False,0,6723.492,36.0
3371.5197222222205,6970.888707476096,9893.613338523515,288.0,7,100.0,False,0,6723.69,36.0
3373.284385278426,6972.0,9872.0,288.1374992,7,100.0,False,0,6723.7119999999995,36.0
3384.3641666666645,6976.695406054012,9763.10651614381,289.0,7,100.0,False,0,6723.85,36.0
3403.630833333332,6979.298065230639,9629.139844772055,289.0,7,100.0,False,0,6724.09,36.0
3407.0035177220743,6980.0,9599.0,289.0,7,100.0,False,0,6724.132,36.0
3415.0357830537587,6982.0,9519.0,289.0,7,100.0,False,0,6724.232,36.0
3426.1086111111094,6984.477955943533,9407.37858877706,289.0,7,100.0,False,0,6724.37,36.0
3432.6755633908288,6986.0,9343.0,288.59000064,7,100.0,False,0,6724.452,36.0
3442.1086111111085,6988.61433558899,9253.02157241705,288.0,7,100.0,False,0,6724.57,36.0
3447.0565493565905,6991.0,9199.0,287.7785718857143,7,100.0,False,0,6724.632,36.0
3464.430833333331,7007.133211223227,8952.289335447962,287.0,7,100.0,False,0,6724.85,36.0
3472.5698531034436,7015.0,8855.0,287.0,7,100.0,False,0,6724.952,36.0
3480.375277777776,7021.291593639362,8790.913204965353,287.0,7,100.0,False,0,6725.05,36.0
3499.375277777777,7036.837886918753,8694.725957797138,285.0,7,100.0,False,0,6725.29,36.0
3501.116618360288,7039.0,8682.0,285.0,7,100.0,False,0,6725.312,36.0
3516.952687626071,7067.0,8526.0,285.0,7,100.0,False,0,6725.512,36.0
3518.3752777777763,7070.609216427549,8508.69227111207,285.0,7,100.0,False,0,6725.53,36.0
3540.5785070663874,7140.0,8219.0,283.8250005333333,7,100.0,False,0,6725.812,36.0
3556.10861111111,7168.9347063320565,8116.1082627054575,283.0,7,100.0,False,0,6726.01,36.0
3564.098433155841,7184.0,8068.0,282.49000064,7,100.0,False,0,6726.112,36.0
3571.7752777777755,7202.21439991278,8010.249190855982,282.0,7,100.0,False,0,6726.21,36.0
3589.169870795559,7264.0,7830.0,282.0,7,100.0,False,0,6726.432,36.0
3590.575277777776,7270.9252277931355,7811.6478305245655,282.0,7,100.0,False,0,6726.45,36.0
3603.178063645413,7338.0,7641.0,280.6500010666667,7,100.0,False,0,6726.612,36.0
3609.241944444442,7361.428939827048,7583.047817432723,280.0,7,100.0,False,0,6726.69,36.0
3628.0767141079264,7409.0,7466.0,280.0,7,99.13571474285715,False,0,6726.932,36.0
3631.01972222222,7418.402707804033,7441.222843421387,280.0,7,99.0,False,0,6726.97,36.0
3643.4966554348875,7462.0,7320.0,277.57000192,7,81.99001344,False,0,6727.132,36.0
3646.408611111109,7470.775397775386,7293.063490850343,277.0,7,78.0,False,0,6727.17,36.0
3664.8291567365977,7513.0,7134.0,274.9833344,7,70.9416704,False,0,6727.412,36.0
3676.9988247267743,7533.0,7016.0,273.64166826666667,7,66.24583893333333,False,0,6727.573,36.0
3682.8086111111093,7536.556581108382,6948.230722239752,273.0,7,64.0,False,0,6727.65,36.0
3698.092687557945,7530.0,6762.0,271.9875319680849,7,66.53117007978774,False,0,6727.853,36.0
3712.994999999998,7514.990556276228,6646.167455636561,271.0,7,69.0,False,0,6728.051,36.0
3720.684996974945,7503.0,6587.0,271.0,7,72.57000448,False,0,6728.153,36.0
3728.0505555555537,7488.192214533377,6519.276823270473,271.0,7,76.0,False,0,6728.251,36.0
3745.9879445425963,7443.0,6329.0,268.4178578285714,7,81.16428434285714,False,0,6728.492,36.0
3748.894999999998,7435.585640493421,6299.737424886902,268.0,7,82.0,False,0,6728.531,36.0
3760.9415217293435,7406.0,6185.0,268.67083306666666,7,71.937504,False,0,6728.692,36.0
3766.828333333331,7393.099234074604,6131.957105083784,269.0,7,67.0,False,0,6728.771,36.0
3772.8249843587546,7379.0,6069.0,267.4812512,7,56.6218832,False,0,6728.852,36.0
3787.415023856678,7337.0,5856.0,263.7312512,7,30.9968832,False,0,6729.052,36.0
3790.2061111111084,7330.976726380006,5820.602272091318,263.0,7,26.0,False,0,6729.091,36.0
3815.3061111111083,7317.17017155301,5633.057898425891,251.0,6,23.0,False,0,6729.451,36.0
3820.9316460376112,7317.0,5595.0,249.9875008,6,23.0,False,0,6729.532,36.0
3826.372777777776,7316.694021677235,5554.527568392179,249.0,6,23.0,False,0,6729.611,36.0
3835.848022585647,7328.0,5451.0,243.36000256,6,23.0,False,0,6729.752,36.0
3839.761666666664,7344.088224747262,5382.826129864181,241.0,6,23.0,False,0,6729.811,36.0
3846.422934669364,7378.0,5260.0,239.421876,6,24.578124,False,0,6729.912,36.0
3860.739444444442,7416.56869565364,5153.137238394066,236.0,6,28.0,False,0,6730.131,36.0
3872.5069018358013,7449.0,5103.0,234.18090575086447,6,34.36682987197431,False,0,6730.312,36.0
3873.674444444442,7453.855185078433,5094.40321055741,234.0,6,35.0,False,0,6730.33,36.0
3884.1611579789223,7507.0,4998.0,232.4812512,6,33.4812512,False,0,6730.492,36.0
3894.207777777776,7560.451900692716,4910.73561947867,231.0,6,32.0,True,0,6730.65,36.0
3900.5244992131306,7596.0,4852.0,227.1750048,6,21.8000128,True,0,6730.752,36.0
3911.4028430262083,7658.0,4741.0,220.4250048,6,3.800012800000001,True,0,6730.932,36.0
3913.674444444442,7667.917246397502,4722.900372192281,219.0,5,0.0,True,0,6730.97,36.0
3925.5077777777756,7703.886814201753,4653.845010993603,213.0,5,0.0,True,0,6731.17,36.0
3926.7985033169925,7708.0,4645.0,212.5875024,5,0.0,True,0,6731.192,36.0
3934.8411111111086,7736.995942636266,4577.829059412668,210.0,5,0.0,False,0,6731.33,36.0
3939.5637024187786,7753.0,4528.0,208.36000256,5,2.0499967999999997,False,0,6731.412,36.0
3946.2855555555534,7770.893562540207,4442.984855210489,206.0,5,5.0,False,0,6731.53,36.0
3959.7522222222196,7788.949694457391,4267.09001181143,202.0,5,19.0,False,0,6731.77,36.0
3959.8643081437162,7789.0,4266.0,202.0,5,19.0,False,0,6731.772,36.0
3968.7299999999973,7787.762145782315,4201.908632022398,202.0,5,19.0,False,0,6731.93,36.0
3979.9522222222195,7772.228591170047,4132.9696698115,202.0,5,19.0,False,0,6732.13,36.0
3980.0646640205605,7772.0,4132.0,202.0,5,19.0,False,0,6732.132,36.0
3987.942758338536,7753.0,4055.0,202.0,5,19.0,False,0,6732.272,36.0
3991.1744444444416,7744.210545563628,4024.6633762157026,202.0,5,19.0,False,0,6732.33,36.0
3998.9580870591412,7716.0,3949.0,199.63333546666667,5,25.508327466666668,False,0,6732.472,36.0
4004.3744444444415,7683.925122178878,3880.998318632355,198.0,5,30.0,False,0,6732.57,36.0
4013.6114509345384,7625.0,3769.0,202.45499648,5,47.414986240000005,False,0,6732.732,36.0
4027.596666666664,7575.96575394152,3694.4822420417936,209.0,5,73.0,False,0,6732.97,36.0
4031.262123770945,7560.0,3675.0,210.291664,5,78.6833216,False,0,6733.032,36.0
4041.8633333333305,7493.902520738471,3599.397797642412,214.0,5,95.0,False,0,6733.21,36.0
4044.393226646953,7474.0,3580.0,215.0499968,5,96.0499968,False,0,6733.252,36.0
4054.0299999999975,7384.537260975603,3506.5818549472797,219.0,5,100.0,False,0,6733.41,36.0
4064.158388906009,7288.0,3440.0,222.64499712,5,100.0,False,0,6733.572,36.0
4079.363333333331,7172.904309609964,3375.463284198263,228.0,5,100.0,False,0,6733.81,36.0
4091.1283044567554,7083.0,3330.0,232.5499968,5,100.0,False,0,6733.992,36.0
4092.3077777777758,7073.137858710221,3324.824941093015,233.0,5,100.0,False,0,6734.01,36.0
4101.806049616699,6991.0,3280.0,237.0857161142857,5,100.0,False,0,6734.153,36.0
4111.05222222222,6914.8798624185465,3233.178799960652,241.0,6,100.0,False,0,6734.29,36.0
4120.7891320226945,6839.0,3178.0,243.3767327870108,6,100.0,False,0,6734.433,36.0
4133.182031458744,6748.0,3097.0,246.3684188132377,6,100.0,False,0,6734.613,36.0
4135.8208333333305,6729.553003543277,3079.3306486331394,247.0,6,100.0,False,0,6734.651,36.0
4148.568055225768,6639.0,2987.0,250.4125024,6,100.0,False,0,6734.833,36.0
4158.3097222222195,6554.767851078717,2894.2569650809055,253.0,6,100.0,False,0,6734.971,36.0
4165.461972803372,6498.0,2829.0,254.08214217142856,6,100.0,False,0,6735.072,36.0
4178.220833333331,6428.597891038108,2742.2955919577194,256.0,6,100.0,False,0,6735.251,36.0
4184.051839738459,6399.0,2702.0,257.265624,6,100.0,False,0,6735.332,36.0
4201.420833333331,6295.548613473373,2551.141822398161,261.0,6,100.0,False,0,6735.571,36.0
4202.952728240199,6286.0,2536.0,261.2249993142857,6,100.0,False,0,6735.592,36.0
4221.954166666665,6170.573151594579,2336.3362922443275,264.0,6,100.0,False,0,6735.851,36.0
4224.996105062211,6155.0,2308.0,264.85416533333336,6,100.0,False,0,6735.892,36.0
4239.887499999998,6094.629018966918,2194.3985042383497,269.0,7,100.0,False,0,6736.091,36.0
4254.998611111109,6038.324325151974,2081.6586276046673,272.0,7,100.0,False,0,6736.291,36.0
4255.074754191717,6038.0,2081.0,272.0136354909091,7,100.0,False,0,6736.292,36.0
4261.188960250956,6011.0,2026.0,273.1045445818182,7,100.0,False,0,6736.372,36.0
4281.3065720568775,5923.0,1847.0,276.64999912727274,7,100.0,False,0,6736.632,36.0
4288.9763888888865,5891.817965667382,1782.6807160892401,278.0,7,100.0,False,0,6736.731,36.0
4298.343143020339,5849.0,1694.0,278.76100558047574,7,100.0,False,0,6736.852,36.0
4301.298888888887,5832.632429469388,1660.2081493580317,279.0,7,100.0,False,0,6736.89,36.0
4317.021111111109,5730.2761455524305,1449.2742053504392,283.0,7,100.0,False,0,6737.09,36.0
4318.764009753114,5719.0,1426.0,283.171874,7,100.0,False,0,6737.112,36.0
4421.198888888887,5260.335935855067,467.1524218564478,293.0,7,100.0,False,0,6738.37,36.0
4429.530643173991,5241.0,427.0,293.50999936,7,100.0,False,0,6738.472,36.0
4437.532222222219,5225.077718462255,394.138804769137,294.0,7,100.0,False,0,6738.57,36.0
4452.395794789987,5191.0,324.0,294.0,7,100.0,False,0,6738.752,36.0
4453.865555555553,5186.1228798677885,313.9230567662405,294.0,7,100.0,False,0,6738.77,36.0
4470.198888888887,5114.0514559587255,164.71782542531548,294.0,7,100.0,False,0,6738.97,36.0
4480.1865482785815,5070.0,74.0,294.3812496,7,100.0,False,0,6739.092,36.0
4493.305991542356,5013.0,-43.0,294.8812496,7,100.0,False,0,6739.252,36.0
4496.42111111111,4991.609254526662,-87.48472594005841,295.0,7,100.0,False,0,6739.29,36.0
4508.05820239773,4900.0,-279.0,295.0,7,100.0,False,0,6739.432,36.0
4512.809999999998,4876.94281643037,-327.2376196388848,295.0,7,100.0,False,0,6739.49,36.0
4532.633416591476,4843.0,-398.0,295.0,7,100.0,False,0,6739.732,36.0
4539.03222222222,4822.8329821708785,-439.85252449052655,295.0,7,100.0,False,0,6739.81,36.0
4558.927722302918,4729.0,-634.0,295.7562496,7,100.0,False,0,6740.052,36.0
4565.3433333333305,4697.340794293836,-699.0634457806991,296.0,7,100.0,False,0,6740.13,36.0
4573.730657761628,4658.0,-780.0,296.0,7,100.0,False,0,6740.232,36.0
4578.4988888888865,4638.026219714267,-821.4217967522525,296.0,7,100.0,False,0,6740.29,36.0
4588.52779813727,4593.0,-915.0,296.0,7,100.0,False,0,6740.412,36.0
4591.654444444442,4574.346960363658,-953.5056622932319,296.0,7,100.0,False,0,6740.45,36.0
4609.9625409152,4449.0,-1211.0,296.6166663111111,7,100.0,False,0,6740.672,36.0
4621.3544444444415,4411.483969355462,-1288.0368972739734,297.0,7,100.0,False,0,6740.81,36.0
4636.453106021696,4384.0,-1344.0,297.0,7,100.0,False,0,6740.993,36.0
4651.136944444442,4330.716124607224,-1451.6361622842444,297.0,7,100.0,False,0,6741.171,36.0
4664.503746625183,4263.0,-1588.0,297.0,7,100.0,False,0,6741.333,36.0
4670.936944444441,4225.1516204910995,-1664.0848638959105,297.0,7,100.0,False,0,6741.411,36.0
4684.205517789328,4149.0,-1817.0,297.0,7,100.0,False,0,6741.572,36.0
4700.636944444441,4092.473551595864,-1930.2196078665384,297.0,7,100.0,False,0,6741.771,36.0
4705.693854644531,4075.0,-1965.0,297.3812496,7,100.0,False,0,6741.832,36.0
4727.214722222218,3978.7040325415433,-2155.0857262245772,299.0,7,100.0,False,0,6742.091,36.0
4732.27036789609,3955.0,-2201.0,298.7458336,7,100.0,False,0,6742.152,36.0
4747.081388888886,3887.8379246703307,-2329.151084326295,298.0,7,100.0,False,0,6742.331,36.0
4752.129491585038,3865.0,-2374.0,298.0,7,100.0,False,0,6742.392,36.0
4755.440289766897,3850.0,-2404.0,298.0,7,100.0,False,0,6742.432,36.0
4778.621080307567,3742.0,-2610.0,298.0,7,100.0,False,0,6742.7119999999995,36.0
4783.5036111111085,3707.7202731748803,-2673.5865150997174,298.0,7,100.0,False,0,6742.771,36.0
4800.13028433958,3584.0,-2902.0,298.0,7,100.0,False,0,6742.972,36.0
4813.303611111109,3547.1944436779368,-2970.2393768636966,298.0,7,100.0,False,0,6743.131,36.0
4825.017636344302,3520.0,-3018.0,298.58749973333335,7,100.0,False,0,6743.272,36.0
4833.236944444441,3481.303145733158,-3084.69510756309,299.0,7,100.0,False,0,6743.371,36.0
4838.291860783576,3453.0,-3133.0,298.69500032,7,100.0,False,0,6743.432,36.0
4849.792499999997,3382.9223646116056,-3250.903210221255,298.0,7,100.0,False,0,6743.571,36.0
4862.909999999997,3300.6937212655616,-3384.5782575172857,297.0,7,100.0,False,0,6743.73,36.0
4866.3387618078295,3281.0,-3415.0,295.9500032,7,85.00004571428572,False,0,6743.772,36.0
4885.465555555553,3185.323449926055,-3548.8029432936332,290.0,7,0.0,True,0,6744.01,36.0
4896.6918742576845,3128.0,-3621.0,284.32000512,7,0.0,True,0,6744.152,36.0
4901.132222222219,3102.544847478993,-3652.4255387767057,282.0,7,0.0,True,0,6744.21,36.0
4908.649627596371,3050.0,-3713.0,274.09500992,7,0.0,True,0,6744.312,36.0
4925.142816511761,2879.0,-3877.0,255.49500992,7,0.0,True,0,6744.552,36.0
4929.021111111108,2849.315229282726,-3902.6118884510834,251.0,6,0.0,True,0,6744.61,36.0
4946.175814779414,2759.0,-3960.0,239.86500544,6,0.0,True,0,6744.872,36.0
4955.021111111108,2680.1964119892027,-4001.755371971224,234.0,5,0.0,True,0,6745.01,36.0
4962.750422424984,2609.0,-4038.0,231.25500288,5,7.01499264,True,0,6745.132,36.0
4980.0211111111075,2476.148476102199,-4086.4263429340695,225.0,5,23.0,False,0,6745.41,36.0
4982.584196197519,2440.0,-4093.0,224.06666951111112,5,25.91665777777778,False,0,6745.452,36.0
4992.237926491981,2262.0,-4117.0,220.51111395555554,5,37.027768888888886,False,0,6745.612,36.0
5001.721111111107,2137.7834989149364,-4121.829608965502,217.0,5,48.0,False,0,6745.77,36.0
5018.598888888885,2022.0363645466962,-4090.387489396171,217.0,5,61.0,False,0,6746.05,36.0
5019.931315194558,2012.0,-4087.0,217.18333226666667,5,61.73332906666667,False,0,6746.072,36.0
5033.198888888885,1899.725285727617,-4047.2449720661657,219.0,5,69.0,False,0,6746.29,36.0
5045.623765911009,1796.0,-4003.0,220.51499904,5,74.0499968,False,0,6746.492,36.0
5057.8655555555515,1712.344981461842,-3954.652887163358,222.0,5,79.0,False,0,6746.69,36.0
5065.409828188699,1660.0,-3917.0,222.60999936,5,86.92999168,False,0,6746.812,36.0
5070.25444444444,1623.5083482609584,-3888.272969214443,223.0,5,92.0,False,0,6746.89,36.0
5079.145956806762,1555.0,-3829.0,224.3312488,5,95.5499968,False,0,6747.032,36.0
5090.343333333329,1476.2587882820358,-3748.628335331386,226.0,5,100.0,False,0,6747.21,36.0
5094.294668776545,1450.0,-3719.0,226.0,5,100.0,False,0,6747.273,36.0
5100.387777777773,1410.9900293636053,-3672.326443868554,226.0,5,100.0,False,0,6747.37,36.0
5101.839470034528,1402.0,-3661.0,226.24642925714286,5,100.0,False,0,6747.393,36.0
5118.1988888888845,1308.2693862410645,-3527.2169116575674,229.0,5,100.0,False,0,6747.65,36.0
5122.220042295309,1287.0,-3493.0,229.39130490089138,5,100.0,False,0,6747.713,36.0
5128.484999999995,1255.1737770709738,-3438.923791576869,230.0,6,100.0,False,0,6747.811,36.0
5137.6077836939185,1211.0,-3359.0,230.8875008,6,100.0,False,0,6747.953,36.0
5149.107222222217,1157.29423677643,-3257.5629790635076,232.0,6,100.0,False,0,6748.131,36.0
5149.171976290572,1157.0,-3257.0,232.0062496,6,100.0,False,0,6748.132,36.0
5160.856254709195,1103.0,-3154.0,233.1312496,6,100.0,False,0,6748.312,36.0
5169.907222222217,1051.5130934339245,-3060.165620236594,234.0,6,100.0,False,0,6748.451,36.0
5176.494892538757,1015.0,-2996.0,234.50499968,6,100.0,False,0,6748.552,36.0
5182.962777777772,984.5582234689541,-2944.817626074958,235.0,6,100.0,False,0,6748.651,36.0
5193.451666666661,938.9006200529905,-2873.4474093052313,236.0,6,100.0,False,0,6748.811,36.0
5194.835371021029,932.0,-2863.0,236.22499931428572,6,100.0,False,0,6748.832,36.0
5208.10411729636,858.0,-2754.0,238.36785645714286,6,100.0,False,0,6749.032,36.0
5212.040555555551,836.5610403105087,-2723.3917939117687,239.0,6,100.0,False,0,6749.091,36.0
5228.204212339168,741.0,-2592.0,240.5062496,6,100.0,False,0,6749.332,36.0
5244.307222222218,605.4626526564164,-2409.6231938995325,242.0,6,100.0,False,0,6749.571,36.0
5244.374623069001,605.0,-2409.0,242.0041664,6,100.0,False,0,6749.572,36.0
5260.507222222218,538.0479906357584,-2318.074981704108,243.0,6,100.0,False,0,6749.811,36.0
5274.170004410136,468.0,-2224.0,244.00499968,6,100.0,False,0,6750.012,36.0
5287.729444444441,343.50708256030515,-2058.669951614842,245.0,6,100.0,False,0,6750.211,36.0
5287.797498270736,343.0,-2058.0,245.0,6,100.0,False,0,6750.2119999999995,36.0
5298.550277777775,290.72380442676973,-1989.6027004082816,245.0,6,100.0,False,0,6750.37,36.0
5310.986286070825,251.0,-1940.0,245.90999936,6,100.0,False,0,6750.552,36.0
5312.216944444441,245.09368213023748,-1932.6344709012167,246.0,6,100.0,False,0,6750.57,36.0
5323.150277777775,175.11010453627208,-1846.3401969037157,246.0,6,100.0,False,0,6750.73,36.0
5323.286830026027,174.0,-1845.0,245.9937504,6,100.0,False,0,6750.732,36.0
5344.928055555552,-28.243949239289414,-1606.8798734585444,245.0,6,100.0,False,0,6751.05,36.0
5345.063288413497,-29.0,-1606.0,244.9750016,6,100.0,False,0,6751.052,36.0
5355.728055555553,-57.089008399236704,-1573.7512503615908,243.0,6,100.0,False,0,6751.21,36.0
5362.649416143905,-82.0,-1546.0,241.21500224,6,80.875024,False,0,6751.312,36.0
5376.03739075539,-196.0,-1418.0,237.71500224,6,43.375023999999996,False,0,6751.512,36.0
5381.950277777775,-249.39149826030575,-1357.748695550492,236.0,6,25.0,True,0,6751.61,36.0
5411.997587309735,-480.0,-1105.0,162.11668053333335,6,1.3194488888888891,True,0,6752.292,36.0
5413.550277777776,-491.4088394698157,-1094.3454502259478,158.0,3,0.0,True,0,6752.33,36.0
5421.716944444443,-552.0954272117807,-1041.7084877651985,147.0,3,0.0,True,0,6752.53,36.0
5424.076139264505,-571.0,-1027.0,142.8666752,3,0.0,True,0,6752.592,36.0
5429.8110834962845,-620.0,-993.0,132.20000853333335,3,0.0,True,0,6752.752,36.0
5430.450277777776,-625.5688313190094,-989.5493090206774,131.0,3,0.0,True,0,6752.77,36.0
5435.468996939638,-669.0,-965.0,127.4500032,3,0.0,True,0,6752.912,36.0
5436.09472222222,-674.1952135584015,-962.2198702335692,127.0,2,0.0,True,0,6752.93,36.0
5446.761388888887,-767.0795296057659,-925.1427693651574,120.0,2,0.0,True,0,6753.25,36.0
5448.122479286202,-785.0,-922.0,119.16000256,2,0.0,True,0,6753.292,36.0
5453.205833333332,-866.4924594661381,-913.7380456428997,116.0,2,0.0,True,0,6753.45,36.0
5455.202548458907,-893.0,-912.0,115.38000128,2,0.0,True,0,6753.512,36.0
5459.539166666665,-926.8843387557126,-911.1344638909009,114.0,2,0.0,True,0,6753.65,36.0
5464.702728309751,-951.0,-915.0,103.08000768,2,2.7299980799999997,True,0,6753.832,36.0
5465.205833333331,-954.6084518629427,-915.5894958238077,102.0,2,3.0,False,0,6753.85,36.0
5469.69472222222,-995.2349490683758,-922.9008586541214,101.0,2,5.0,False,0,6754.01,36.0
5470.88774423878,-1007.0,-926.0,100.73208837026061,2,7.009337223045428,False,0,6754.053,36.0
5477.464799213583,-1071.0,-952.0,99.23676096932306,2,18.224292730077053,False,0,6754.293,36.0
5478.52222222222,-1080.0572437614524,-956.6734966356107,99.0,2,20.0,False,0,6754.331,36.0
5481.965973504134,-1108.0,-973.0,100.74285531428572,2,23.92142445714286,False,0,6754.453,36.0
5486.533333333331,-1147.4210369347531,-1000.4338801215105,103.0,2,29.0,False,0,6754.611,36.0
5488.357421619653,-1163.0,-1012.0,104.29166933333333,2,34.68334506666667,False,0,6754.673,36.0
5493.145168687692,-1202.0,-1042.0,107.60416533333333,2,49.25832746666667,False,0,6754.832,36.0
5493.733333333331,-1206.672301639278,-1045.6548124344247,108.0,2,51.0,False,0,6754.851,36.0
5498.855078448383,-1247.0,-1077.0,113.63499776,2,51.80499968,False,0,6755.012,36.0
5500.1222222222195,-1257.131107975687,-1084.5078206507303,115.0,2,52.0,False,0,6755.051,36.0
5506.099486103286,-1307.0,-1118.0,118.61999872,2,43.85500288,False,0,6755.232,36.0
5506.733333333331,-1312.641235834211,-1121.2725257621687,119.0,2,43.0,False,0,6755.251,36.0
5513.455555555553,-1376.391680146656,-1152.148381968179,121.0,2,29.0,False,0,6755.451,36.0
5516.871120525091,-1408.0,-1163.0,121.3156248,2,25.843752000000002,False,0,6755.552,36.0
5524.299999999997,-1472.24993853212,-1172.9697689745938,122.0,3,19.0,False,0,6755.771,36.0
5525.690357958601,-1485.0,-1173.0,122.0,3,19.0,False,0,6755.812,36.0
5534.501013192204,-1573.0,-1162.0,122.0,3,19.0,False,0,6756.072,36.0
5535.144444444441,-1579.35767345276,-1160.6892738317654,122.0,3,19.0,False,0,6756.091,36.0
5542.62426306505,-1653.0,-1140.0,122.0,3,19.0,False,0,6756.312,36.0
5552.119874842192,-1753.0,-1097.0,122.0,3,19.0,False,0,6756.592,36.0
5552.766666666664,-1758.3919050961856,-1094.530303972742,122.0,3,19.0,False,0,6756.611,36.0
5564.361836251169,-1845.0,-1040.0,122.0,3,41.16499584,False,0,6756.952,36.0
5566.322222222219,-1871.6440663892404,-1016.8998832477025,122.0,3,45.0,False,0,6757.011,36.0
5570.335216848072,-1930.0,-964.0,122.0,3,62.50312835094205,False,0,6757.132,36.0
5571.710555555553,-1944.4322032401883,-950.5310996057333,122.0,3,68.0,False,0,6757.17,36.0
5580.099444444441,-1986.357271079718,-907.5975788482126,151.0,3,71.0,False,0,6757.37,36.0
5592.71804435242,-2035.0,-839.0,158.63749653333332,3,75.11249813333333,False,0,6757.652,36.0
5601.966111111107,-2114.2499848782136,-732.9699663946419,164.0,3,78.0,False,0,6757.85,36.0
5603.017281756404,-2122.0,-722.0,164.76999552,3,78.5499968,False,0,6757.872,36.0
5621.7438888888855,-2196.6753698482617,-586.7069080045283,178.0,3,88.0,False,0,6758.25,36.0
5621.845603251108,-2197.0,-586.0,178.07999488,3,88.11999232,False,0,6758.252,36.0
5632.077222222219,-2234.4968603293687,-492.54589420438583,186.0,4,100.0,False,0,6758.45,36.0
5632.182992637554,-2235.0,-491.0,186.0999936,4,100.0,False,0,6758.452,36.0
5640.699444444441,-2279.5177584702806,-337.8374533465386,194.0,4,100.0,False,0,6758.61,36.0
5640.808820451859,-2280.0,-336.0,194.0583296,4,100.0,False,0,6758.612,36.0
5654.09944444444,-2310.24798111122,-179.4922904349788,201.0,4,100.0,False,0,6758.85,36.0
5668.166111111108,-2312.605766654053,-92.6473726833393,211.0,5,100.0,False,0,6759.09,36.0
5669.4813737351105,-2313.0,-85.0,211.5499968,5,100.0,False,0,6759.112,36.0
5690.166111111108,-2313.0493955343095,64.69852840760595,220.0,5,100.0,False,0,6759.45,36.0
5691.543486934469,-2311.0,83.0,220.5499968,5,100.0,False,0,6759.472,36.0
5704.238132450205,-2282.0,283.0,225.5499968,5,100.0,False,0,6759.672,36.0
5715.721666666663,-2265.6826333996232,371.01101224221094,230.0,5,100.0,False,0,6759.85,36.0
5726.166111111108,-2245.8784319232627,421.1395194622165,235.0,6,100.0,False,0,6760.01,36.0
5728.943839253304,-2236.0,445.0,236.312496,6,100.0,False,0,6760.052,36.0
5736.832777777774,-2197.860859946015,535.6440758053477,240.0,6,100.0,False,0,6760.17,36.0
5742.378815812287,-2165.0,606.0,241.5374976,6,100.0,False,0,6760.252,36.0
5758.69944444444,-2056.276263394828,791.3934786815937,246.0,6,100.0,False,0,6760.49,36.0
5763.045855722154,-2034.0,826.0,246.94500096,6,100.0,False,0,6760.553,36.0
5772.532777777774,-2002.6516872753311,872.6864593288187,249.0,6,100.0,False,0,6760.69,36.0
5783.688333333329,-1961.7328608088958,928.2588431640224,251.0,6,100.0,False,0,6760.85,36.0
5785.300748744577,-1951.0,943.0,251.32740312083203,6,100.0,False,0,6760.873,36.0
5802.299572620909,-1795.0,1158.0,254.7437740056994,6,100.0,False,0,6761.113,36.0
5803.592499999996,-1785.4196289663346,1171.1196514304968,255.0,6,100.0,False,0,6761.131,36.0
5815.942536011193,-1725.4227572148868,1252.0696580898548,260.94999552,6,100.0,False,0,6761.301,36.0
0.31260451246609966,-1754.1499288739785,1213.0709928891326,260.94999552,6,100.0,False,0,6761.301,37.0
2.5138888888888875,-1744.8835480082766,1225.2675381505505,262.0,6,100.0,False,0,6761.331,37.0
8.488754818561427,-1716.0,1263.0,264.0249984,6,100.0,False,0,6761.412,37.0
17.34722222222222,-1663.4813106244474,1330.952390905537,267.0,7,100.0,False,0,6761.531,37.0
26.448005833748464,-1607.0,1403.0,269.520832,7,100.0,False,0,6761.652,37.0
35.480555555555554,-1557.6463003578456,1464.442712747329,272.0,7,100.0,False,0,6761.771000000001,37.0
50.8138888888889,-1461.429377051928,1585.2546218721784,276.0,7,100.0,False,0,6761.9710000000005,37.0
52.432153190897964,-1447.0,1604.0,276.2249993142857,7,100.0,False,0,6761.992,37.0
69.47330935477083,-1279.0,1826.0,278.5821421714286,7,100.0,False,0,6762.212,37.0
72.51388888888889,-1263.0116876364152,1847.3354662202016,279.0,7,100.0,False,0,6762.251,37.0
88.28379538457362,-1233.0,1889.0,281.8714276571429,7,100.0,False,0,6762.452,37.0
94.525,-1205.4194180358786,1927.31690138055,283.0,7,100.0,False,0,6762.531,37.0
108.9127804524404,-1113.0,2055.0,285.2624992,7,100.0,False,0,6762.712,37.0
120.03611111111113,-1047.3560306196298,2145.1801833840345,287.0,7,100.0,False,0,6762.851000000001,37.0
124.93583653000785,-1019.0,2184.0,287.60999936,7,100.0,False,0,6762.912,37.0
144.32187680909283,-905.0,2340.0,290.00999936,7,100.0,False,0,6763.152,37.0
152.36944444444444,-858.0926470995001,2405.081609350529,291.0,7,100.0,False,0,6763.251,37.0
163.8825377744625,-791.0,2498.0,292.40999936,7,100.0,False,0,6763.392000000001,37.0
173.7247034076024,-733.0,2577.0,293.60999936,7,100.0,False,0,6763.512000000001,37.0
185.14722222222224,-666.9402537549329,2668.9774743904973,295.0,7,100.0,False,0,6763.651000000001,37.0
190.16603420194767,-638.0,2710.0,295.3057640411807,7,100.0,False,0,6763.712,37.0
211.6075163504718,-516.0,2887.0,296.6090219775002,7,100.0,False,0,6763.972000000001,37.0
218.06472222222226,-482.51683044137144,2936.7095911712063,297.0,7,100.0,False,0,6764.05,37.0
226.52823922351024,-433.0,3011.0,297.8499989333333,7,100.0,False,0,6764.152,37.0
237.99805555555557,-336.55650387788717,3156.475334165406,299.0,7,100.0,False,0,6764.29,37.0
248.13671839002774,-249.0,3288.0,299.0,7,100.0,False,0,6764.412,37.0
261.2536111111111,-164.94472237852568,3412.0021140721374,299.0,7,100.0,False,0,6764.570000000001,37.0
277.80916666666667,-94.4416870353306,3511.7795882031933,298.0,7,100.0,False,0,6764.77,37.0
286.22490110703814,-59.0,3561.0,297.3625008,7,100.0,False,0,6764.872,37.0
291.00916666666666,-38.438691007652366,3589.3516305368694,297.0,7,100.0,False,0,6764.93,37.0
307.50916666666666,35.50372036760073,3689.9030973119216,297.0,7,100.0,False,0,6765.13,37.0
319.1650610627176,98.0,3771.0,295.81666773333336,7,100.0,False,0,6765.272,37.0
327.1758333333333,147.48189245084552,3833.1333001229705,295.0,7,100.0,False,0,6765.370000000001,37.0
332.23030241854156,180.0,3873.0,294.38000128,7,100.0,False,0,6765.432000000001,37.0
343.45361111111106,253.10901496297868,3959.4252679731308,293.0,7,100.0,False,0,6765.570000000001,37.0
345.2415376971964,265.0,3973.0,292.9214290285714,7,100.0,False,0,6765.592000000001,37.0
358.23404651991615,354.0,4070.0,292.35000045714287,7,100.0,False,0,6765.752,37.0
366.16472222222217,410.66220130048004,4126.879674422098,292.0,7,100.0,False,0,6765.85,37.0
385.62869830888667,558.0,4255.0,290.18500096,7,100.0,False,0,6766.092000000001,37.0
398.27583333333325,660.2914171808275,4325.049027600745,289.0,7,100.0,False,0,6766.25,37.0
401.6326840924881,688.0,4342.0,288.6500010666667,7,100.0,False,0,6766.292,37.0
409.61602133691946,757.0,4380.0,287.81666773333336,7,100.0,False,0,6766.392000000001,37.0
417.4091666666666,841.7907597555029,4415.6545102887585,287.0,7,100.0,False,0,6766.490000000001,37.0
434.9209198319879,1056.0,4482.0,284.78000128,7,100.0,False,0,6766.712,37.0
448.85361111111104,1168.0559537800427,4504.646113405511,283.0,7,100.0,False,0,6766.89,37.0
463.1017292148674,1274.0,4513.0,280.7124992,7,100.0,False,0,6767.073,37.0
467.52027777777766,1316.0692172477743,4515.595940259427,280.0,7,100.0,False,0,6767.13,37.0
477.02244908352407,1415.0,4520.0,278.4625024,7,100.0,False,0,6767.253000000001,37.0
479.8758333333332,1444.1746848452372,4520.501453839063,278.0,7,100.0,False,0,6767.29,37.0
487.8117533391138,1524.0,4520.0,277.57261372882687,7,100.0,False,0,6767.393,37.0
498.41944444444437,1630.5831677788724,4515.894526329012,277.0,7,100.0,False,0,6767.531,37.0
510.820391909097,1755.0,4506.0,276.26363694545455,7,100.0,False,0,6767.693,37.0
524.552069627371,1892.0,4489.0,275.44545396363634,7,100.0,False,0,6767.8730000000005,37.0
532.0305555555555,1966.806634098893,4478.630121598349,275.0,7,100.0,False,0,6767.9710000000005,37.0
539.7417707865746,2044.0,4468.0,275.0,7,100.0,False,0,6768.072,37.0
544.2527777777777,2089.0447846954,4462.1162689659905,275.0,7,100.0,False,0,6768.131,37.0
551.9914131746177,2164.0,4453.0,275.50499968,7,100.0,False,0,6768.232,37.0
559.5861111111111,2231.0983525798556,4445.951713747497,276.0,7,100.0,False,0,6768.331,37.0
571.8527777777778,2349.41060761918,4439.374191212797,276.0,7,100.0,False,0,6768.491,37.0
574.9905781196765,2392.0,4439.0,275.82916693333334,7,100.0,False,0,6768.532,37.0
588.7371233559768,2620.0,4444.0,275.07916693333334,7,100.0,False,0,6768.712,37.0
590.186111111111,2641.4230164326045,4445.184319453207,275.0,7,100.0,False,0,6768.731000000001,37.0
605.4083333333333,2806.246838037582,4465.371838362533,274.0,7,100.0,False,0,6768.9310000000005,37.0
622.115454448191,2922.0,4496.0,272.4214290285714,7,100.0,False,0,6769.152,37.0
626.5638888888889,2951.3555240181013,4504.330972741794,272.0,7,100.0,False,0,6769.211,37.0
649.2215657831586,3108.0,4558.0,271.24750016,7,100.0,False,0,6769.512000000001,37.0
656.675,3174.0484565006986,4586.911745397228,271.0,7,100.0,False,0,6769.611000000001,37.0
662.7768452233203,3230.0,4614.0,271.0,7,100.0,False,0,6769.692,37.0
671.7305555555555,3309.356703259934,4657.66909807819,271.0,7,100.0,False,0,6769.811000000001,37.0
680.7942900357049,3387.0,4706.0,270.3277781333333,7,100.0,False,0,6769.932000000001,37.0
698.6305555555555,3532.9167787483902,4810.915459244768,269.0,7,100.0,False,0,6770.171,37.0
703.1866658324575,3569.0,4840.0,269.0,7,100.0,False,0,6770.232,37.0
716.5638888888889,3670.47988141644,4928.525550273687,269.0,7,100.0,False,0,6770.411,37.0
716.6386160892981,3671.0,4929.0,269.0,7,100.0,False,0,6770.412,37.0
736.0664864587322,3812.0,5066.0,269.0,7,100.0,False,0,6770.6720000000005,37.0
737.4113888888888,3826.4971831868643,5080.595959822683,269.0,7,100.0,False,0,6770.6900000000005,37.0
749.5156762573057,3971.0,5227.0,269.0,7,100.0,False,0,6770.852000000001,37.0
752.3558333333334,3995.4045164380195,5251.778259972723,269.0,7,100.0,False,0,6770.89,37.0
779.1206530951562,4121.0,5372.0,265.38000128,7,100.0,False,0,6771.252,37.0
781.8002777777779,4152.904562347917,5401.220114206126,265.0,7,100.0,True,0,6771.29,37.0
791.483685204865,4286.0,5523.0,247.96001536,7,29.00006400000001,True,0,6771.432000000001,37.0
795.1891666666667,4317.675533106102,5551.950774391884,241.0,7,0.0,True,0,6771.490000000001,37.0
808.7510753009437,4361.0,5589.0,213.17001472,7,0.0,True,0,6771.732,37.0
816.8558333333333,4451.506675594823,5664.136157779557,195.0,7,0.0,True,0,6771.89,37.0
824.0817836128521,4536.0,5734.0,187.9000064,7,0.0,True,0,6772.032,37.0
832.7669444444444,4583.732084577904,5772.1680505939485,179.0,4,0.0,True,0,6772.21,37.0
838.255325971347,4608.0,5790.0,167.41001216,4,0.0,True,0,6772.332,37.0
841.6558333333332,4629.115175844436,5805.296576308582,160.0,3,0.0,True,0,6772.410000000001,37.0
851.9224999999999,4723.017451243237,5860.60372905065,154.0,3,0.0,True,0,6772.650000000001,37.0
852.0071748725669,4724.0,5861.0,153.9500032,3,0.0,True,0,6772.652,37.0
860.2002777777776,4833.852198063056,5892.621280640287,149.0,3,0.0,True,0,6772.85,37.0
863.309109833931,4871.0,5900.0,141.312512,3,0.0,True,0,6772.932000000001,37.0
866.1558333333331,4896.4478040520635,5903.465246847335,134.0,3,0.0,True,0,6773.01,37.0
873.2669444444443,4933.3950891282975,5900.779838671954,128.0,2,0.0,True,0,6773.21,37.0
874.7233364997994,4943.0,5900.0,126.9500032,2,0.0,True,0,6773.252,37.0
880.1002777777776,4990.257524286452,5896.93789640961,123.0,2,0.0,True,0,6773.410000000001,37.0
882.8456515597703,5025.0,5889.0,121.36000256,2,0.0,True,0,6773.492,37.0
886.7113888888887,5089.308162407399,5865.29194912647,119.0,2,0.0,True,0,6773.610000000001,37.0
889.3385328204063,5128.0,5849.0,116.9250048,2,0.0,True,0,6773.693,37.0
897.7113888888887,5167.745863386232,5825.760652768885,110.0,2,0.0,False,0,6773.97,37.0
898.398370755423,5171.0,5823.0,109.656715353382,2,0.0,False,0,6773.993,37.0
903.6855555555553,5210.646332744533,5790.208469281259,107.0,2,0.0,False,0,6774.171,37.0
907.2646329825195,5240.0,5763.0,106.12857234285714,2,0.4357138285714286,False,0,6774.293000000001,37.0
911.852222222222,5269.667072806126,5728.431822804958,105.0,2,1.0,False,0,6774.451,37.0
911.9100311533612,5270.0,5728.0,104.9916672,2,1.1583231999999999,False,0,6774.453,37.0
918.7855555555554,5305.667964836726,5671.124990059678,104.0,2,20.0,False,0,6774.691000000001,37.0
919.4000055476823,5309.0,5664.0,104.22499931428571,2,21.12499657142857,False,0,6774.712,37.0
925.9363598975116,5344.0,5576.0,106.58214217142857,2,32.91071085714286,False,0,6774.932000000001,37.0
927.1077777777776,5348.091871222399,5564.968070893592,107.0,2,35.0,False,0,6774.9710000000005,37.0
931.9522222222221,5356.542210999077,5539.366572184824,109.0,2,41.0,False,0,6775.131,37.0
935.0616947872039,5361.0,5517.0,110.2624992,2,43.019998720000004,False,0,6775.232,37.0
944.6188888888887,5381.296518540363,5386.09643054494,114.0,2,49.0,False,0,6775.531,37.0
947.342079895027,5386.0,5351.0,117.37499733333334,2,52.0374976,False,0,6775.612,37.0
952.8855555555554,5392.475479608888,5294.057193945919,124.0,2,58.0,False,0,6775.771000000001,37.0
972.7284192324184,5406.0,5162.0,133.7687488,2,10.784380799999994,False,0,6776.292,37.0
977.063333333333,5414.223316797592,5122.169980975201,136.0,2,0.0,True,0,6776.411,37.0
985.2802786108364,5438.0,5036.0,126.68863883636364,2,0.0,True,0,6776.652,37.0
990.3936758400855,5459.0,4986.0,120.50682065454545,2,0.0,True,0,6776.812000000001,37.0
991.6077777777775,5464.750189490987,4974.79288952291,119.0,2,0.0,True,0,6776.851000000001,37.0
995.2940490145993,5484.0,4942.0,115.06750208,2,0.0,True,0,6776.972000000001,37.0
1003.3855555555552,5533.650432967915,4873.60925384343,106.0,2,0.0,True,0,6777.251,37.0
1004.5371479126986,5541.0,4865.0,104.45283322653253,2,0.0,True,0,6777.292,37.0
1007.802222222222,5562.266619696039,4842.3817691593795,100.0,1,0.0,True,0,6777.410000000001,37.0
1009.4910597575474,5577.0,4829.0,99.2250016,1,0.0,True,0,6777.472000000001,37.0
1015.3439611491387,5648.0,4773.0,96.4750016,1,0.0,True,0,6777.692,37.0
1016.3355555555552,5656.557525872348,4766.792956527692,96.0,1,0.0,True,0,6777.7300000000005,37.0
1021.4466666666664,5679.312728276148,4754.314338887391,92.0,1,0.0,True,0,6777.93,37.0
1022.9772410187581,5688.0,4751.0,90.708336,1,0.0,True,0,6777.992,37.0
1027.2466666666664,5726.398255804176,4736.7606847784655,87.0,1,0.0,True,0,6778.17,37.0
1029.6465396605035,5751.0,4731.0,85.7250016,1,0.0,True,0,6778.272,37.0
1032.8466666666666,5782.2299295208,4730.282638798118,84.0,1,0.0,False,0,6778.410000000001,37.0
1034.7244416862923,5800.0,4732.0,82.9750016,1,0.5124991999999999,False,0,6778.492,37.0
1036.0853608656448,5813.0,4734.0,82.2250016,1,0.8874991999999999,False,0,6778.552000000001,37.0
1036.491111111111,5817.185223175187,4735.038325594361,82.0,1,1.0,False,0,6778.570000000001,37.0
1041.8244444444445,5883.606552222828,4767.307867931247,80.0,1,6.0,False,0,6778.81,37.0
1043.204840249194,5898.0,4776.0,80.2583328,1,9.0999936,False,0,6778.872,37.0
1047.2244444444443,5926.319986351822,4795.924824330018,81.0,1,18.0,False,0,6779.05,37.0
1053.9305351434862,5962.0,4832.0,84.8454528,1,29.5363584,False,0,6779.332,37.0
1054.4213654403368,5966.0,4836.0,85.11818007272727,1,30.354540218181818,False,0,6779.352000000001,37.0
1057.8577777777778,5990.67773249016,4861.927793396649,87.0,1,36.0,False,0,6779.490000000001,37.0
1063.568013568134,6024.0,4902.0,91.0363613090909,1,43.568177454545456,False,0,6779.712,37.0
1068.9678777993233,6055.0,4944.0,94.67272494545455,1,50.386359272727276,False,0,6779.912,37.0
1069.4688888888888,6057.754852342332,4947.9609491450165,95.0,1,51.0,False,0,6779.93,37.0
1074.089567540576,6082.0,4985.0,99.45499648,1,55.45499648,False,0,6780.092000000001,37.0
1078.882398319614,6105.0,5025.0,103.88249472,1,59.88249472,False,0,6780.253000000001,37.0
1081.2466666666667,6115.720139949876,5044.168661163222,106.0,1,62.0,False,0,6780.330000000001,37.0
1087.073488694834,6141.0,5092.0,114.23500288,1,66.57500160000001,False,0,6780.513000000001,37.0
1087.6355555555556,6143.386454910837,5096.936799945516,115.0,2,67.0,False,0,6780.530000000001,37.0
1096.0705555555555,6176.746787139768,5173.36764581589,126.0,2,69.0,False,0,6780.771000000001,37.0
1096.1448238552427,6177.0,5174.0,126.08999424,2,69.06499584,False,0,6780.773,37.0
1102.3304772590668,6196.0,5224.0,133.28999424,2,74.26499584,False,0,6780.933,37.0
1112.0705555555555,6225.646990210786,5310.795749736699,144.0,2,82.0,False,0,6781.171,37.0
1112.975534475738,6229.0,5322.0,144.8250048,2,82.9625056,False,0,6781.193,37.0
1118.7372222222223,6252.906590999944,5407.290681141024,150.0,3,89.0,False,0,6781.331,37.0
1122.306411387538,6265.0,5452.0,154.0499968,3,91.22749824,False,0,6781.412,37.0
1136.6758953625247,6287.0,5541.0,169.0499968,3,99.47749824,False,0,6781.712,37.0
1137.6261111111112,6288.542273423784,5548.156375114674,170.0,3,100.0,False,0,6781.731000000001,37.0
1145.8408377841074,6304.0,5627.0,180.062496,3,100.0,False,0,6781.892000000001,37.0
1149.9594444444447,6311.753668993387,5677.447201157067,185.0,4,100.0,False,0,6781.9710000000005,37.0
1162.8261111111112,6330.953824349533,5845.426837566576,193.0,4,100.0,False,0,6782.211,37.0
1162.8813034587897,6331.0,5846.0,193.0406224,4,100.0,False,0,6782.212,37.0
1181.1372222222224,6331.353120219105,5982.897180366936,206.0,5,100.0,False,0,6782.531,37.0
1183.5435847656531,6330.0,6003.0,207.43499776,5,100.0,False,0,6782.572,37.0
1192.9705555555556,6322.326355546384,6096.804115042566,213.0,5,100.0,False,0,6782.731000000001,37.0
1199.0290157627273,6312.0,6168.0,214.8937488,5,100.0,False,0,6782.832,37.0
1202.5705555555555,6303.110555710406,6213.379598307445,216.0,5,100.0,False,0,6782.8910000000005,37.0
1214.5705555555555,6259.087076405981,6383.268828299924,216.0,5,100.0,False,0,6783.091,37.0
1223.231254585799,6231.0,6476.0,219.9656232,5,100.0,False,0,6783.232,37.0
1234.5705555555555,6207.38348238573,6538.932795380399,225.0,5,100.0,False,0,6783.411,37.0
1245.1430363604597,6179.0,6593.0,234.65999616,5,100.0,False,0,6783.572,37.0
1247.737222222222,6168.697548603484,6612.172551028449,237.0,5,100.0,False,0,6783.611000000001,37.0
1261.2499089336923,6101.0,6733.0,240.19772625454544,5,100.0,False,0,6783.812000000001,37.0
1274.885990443173,6025.0,6845.0,243.37954443636363,5,100.0,False,0,6784.012000000001,37.0
1277.5594444444444,6005.0915072652815,6870.59481258124,244.0,6,100.0,False,0,6784.051,37.0
1291.2683333333334,5880.794455725276,7017.0861822551515,248.0,6,100.0,False,0,6784.25,37.0
1294.172905189827,5856.0,7044.0,248.41999872,6,100.0,False,0,6784.292,37.0
1305.1572222222223,5774.366944041283,7124.3408021360765,250.0,6,100.0,False,0,6784.450000000001,37.0
1316.4461111111113,5703.752568034719,7183.195479934388,254.0,6,100.0,False,0,6784.610000000001,37.0
1320.855093599689,5676.0,7206.0,255.0333312,6,100.0,False,0,6784.6720000000005,37.0
1333.6461111111112,5594.610890448757,7272.305047413085,258.0,6,100.0,False,0,6784.85,37.0
1351.312777777778,5472.135743934695,7368.142730311771,265.0,6,100.0,False,0,6785.09,37.0
1351.4611276934572,5471.0,7369.0,265.0222208,6,100.0,False,0,6785.092000000001,37.0
1363.370152818793,5376.0,7440.0,266.7999985777778,6,100.0,False,0,6785.252,37.0
1378.2127777777778,5259.236398986854,7531.015793525573,269.0,7,100.0,False,0,6785.450000000001,37.0
1378.3632545906412,5258.0,7532.0,269.0374976,7,100.0,False,0,6785.452,37.0
1390.3016666666667,5154.712102623627,7615.244194127384,272.0,7,100.0,False,0,6785.610000000001,37.0
1398.0972434120356,5082.0,7675.0,273.82142628571427,7,100.0,False,0,6785.712,37.0
1411.846111111111,4943.562146979652,7790.946592867876,277.0,7,100.0,False,0,6785.89,37.0
1426.0197029395665,4821.0,7895.0,279.5999981714286,7,100.0,False,0,6786.072,37.0
1433.7016666666666,4777.581599553448,7932.185868181263,281.0,7,100.0,False,0,6786.17,37.0
1454.4108146588962,4690.0,8008.0,283.91110968888887,7,100.0,False,0,6786.432000000001,37.0
1462.2016666666666,4636.602189709189,8053.7676700268585,285.0,7,100.0,False,0,6786.530000000001,37.0
1474.957222222222,4533.493851869387,8141.973694843166,287.0,7,100.0,False,0,6786.6900000000005,37.0
1478.3103139425818,4509.0,8163.0,287.2624992,7,100.0,False,0,6786.732,37.0
1487.757222222222,4446.92629378746,8216.486710590136,288.0,7,100.0,False,0,6786.85,37.0
1494.4525493354959,4388.0,8267.0,288.9558520329646,7,100.0,False,0,6786.933,37.0
1510.7650407942294,4179.0,8445.0,291.2591152717531,7,100.0,False,0,6787.133000000001,37.0
1530.3055555555554,4087.108946914522,8523.423908929846,294.0,7,100.0,False,0,6787.371,37.0
1538.684718881963,4055.0,8551.0,294.51000064,7,100.0,False,0,6787.473,37.0
1560.0647894461715,3894.0,8690.0,295.80999936,7,100.0,False,0,6787.733,37.0
1563.1944444444441,3860.6611246572684,8719.158953824157,296.0,7,100.0,False,0,6787.771000000001,37.0
1578.1207223465942,3696.0,8864.0,296.7541664,7,100.0,False,0,6787.952,37.0
1582.9944444444443,3659.972468656382,8895.71828033733,297.0,7,100.0,False,0,6788.011,37.0
1602.9420489822048,3572.0,8973.0,297.86071405714284,7,100.0,False,0,6788.252,37.0
1606.1722222222218,3552.590586225946,8990.000609305273,298.0,7,100.0,False,0,6788.291,37.0
1619.4166666666663,3451.2344418050934,9078.734543597917,298.0,7,100.0,False,0,6788.451,37.0
1627.7497626481056,3385.0,9137.0,297.49500032,7,100.0,False,0,6788.552000000001,37.0
1635.9166666666665,3323.7958400984753,9191.136548596382,297.0,7,100.0,False,0,6788.651000000001,37.0
1639.3051655565732,3299.0,9213.0,297.1281248,7,100.0,False,0,6788.692,37.0
1659.182191736753,3149.0,9344.0,297.8781248,7,100.0,False,0,6788.932000000001,37.0
1662.4055555555553,3120.5138578182236,9368.993951221944,298.0,7,100.0,False,0,6788.9710000000005,37.0
1678.9055555555553,2964.3890356374272,9506.40160833284,297.0,7,100.0,False,0,6789.171,37.0
1680.6406398899226,2950.0,9519.0,297.08749973333335,7,100.0,False,0,6789.192,37.0
1698.772222222222,2832.960623449045,9620.223595980793,298.0,7,100.0,False,0,6789.411,37.0
1712.1003989497015,2750.0,9692.0,298.0,7,100.0,False,0,6789.572,37.0
1725.2611111111107,2650.75812700915,9778.874356666556,298.0,7,100.0,False,0,6789.731000000001,37.0
1726.999644315039,2638.0,9790.0,298.0,7,100.0,False,0,6789.752,37.0
1748.4388888888886,2476.836833810603,9930.260029726396,298.0,7,100.0,False,0,6790.011,37.0
1748.5215880437086,2476.0,9931.0,298.0,7,100.0,False,0,6790.012000000001,37.0
1766.726025784326,2264.0,10120.0,298.0,7,100.0,False,0,6790.232,37.0
1768.3055555555552,2249.03147990565,10133.321976867806,298.0,7,100.0,False,0,6790.251,37.0
1798.205555555555,2096.5354014894824,10268.937772178231,299.0,7,100.0,False,0,6790.611000000001,37.0
1799.9028677852812,2089.0,10276.0,298.2806346640835,7,97.23321024647502,False,0,6790.6320000000005,37.0
1855.7630555555552,1664.9310324734129,10651.36866137999,273.0,7,0.0,True,0,6791.370000000001,37.0
1861.7409206359696,1581.0,10707.0,268.6437568,7,0.0,True,0,6791.452,37.0
1874.596970658006,1389.0,10825.0,259.0812568,7,0.0,True,0,6791.6320000000005,37.0
1878.5186111111107,1351.6151201811313,10847.231804866991,256.0,6,0.0,True,0,6791.6900000000005,37.0
1894.7495624347655,1286.0,10873.0,231.11001216,6,0.0,True,0,6791.952,37.0
1902.740833333333,1199.3929421301111,10898.335781535183,218.0,5,0.0,True,0,6792.09,37.0
1915.1909657961116,1029.0,10944.0,206.28334008888888,5,0.0,True,0,6792.312000000001,37.0
1922.640833333333,968.0818356536694,10951.882286674394,199.0,4,0.0,True,0,6792.450000000001,37.0
1932.101156439432,909.0,10950.0,189.1416736,4,0.0,True,0,6792.6320000000005,37.0
1935.0408333333328,884.9761987385837,10950.296089116779,186.0,4,0.0,True,0,6792.6900000000005,37.0
1945.9915636354908,763.0,10945.0,179.83333688888888,4,0.0,True,0,6792.912,37.0
1952.6408333333327,657.4127797904268,10921.313591847875,176.0,4,0.0,True,0,6793.05,37.0
1955.6035326864535,619.0,10911.0,174.062504,4,0.0,True,0,6793.112,37.0
1960.2408333333326,582.3174477199143,10899.623390037857,171.0,4,0.0,True,0,6793.21,37.0
1968.6846087924532,549.0,10881.0,167.5687488,4,0.5718752,True,0,6793.393,37.0
1974.9074999999993,497.6131372204866,10851.792427528271,165.0,4,1.0,False,0,6793.530000000001,37.0
1979.5691576382317,456.0,10825.0,163.45499904,4,4.09000192,False,0,6793.633000000001,37.0
1983.9074999999996,422.8992794016225,10798.634032035774,162.0,3,7.0,False,0,6793.7300000000005,37.0
1988.420630068455,392.0,10768.0,159.80070987631825,3,11.398580247363473,False,0,6793.8330000000005,37.0
1996.084166666666,343.38626833281216,10705.645740103231,156.0,3,19.0,False,0,6794.011,37.0
1997.8916656784977,333.0,10690.0,155.79000064,3,21.51999232,False,0,6794.053000000001,37.0
2004.695277777777,297.7337101029491,10629.445752774944,155.0,3,31.0,False,0,6794.211,37.0
2006.5054810866677,289.0,10613.0,155.20999936,3,33.30999296,False,0,6794.253000000001,37.0
2013.3619444444437,257.91488945069364,10550.02170161351,156.0,3,42.0,False,0,6794.411,37.0
2016.9515312549704,244.0,10517.0,156.890999296,3,43.295998976,False,0,6794.492,37.0
2059.7508333333326,185.02491662934952,10109.46781491904,167.0,3,58.0,False,0,6795.411,37.0
2059.796041631644,185.0,10109.0,166.9777792,3,57.8388992,False,0,6795.412,37.0
2066.953350814072,181.0,10034.0,163.42222364444444,3,32.06112142222222,False,0,6795.572,37.0
2075.6508333333327,173.57421487149162,9943.378432909734,159.0,3,0.0,True,0,6795.771000000001,37.0
2079.9823120322444,167.0,9899.0,156.11428754285714,3,0.0,True,0,6795.872,37.0
2087.395277777777,150.02896759537794,9826.004714961982,151.0,3,0.0,True,0,6796.051,37.0
2088.227481439684,148.0,9819.0,150.14091170909091,3,0.0,True,0,6796.072,37.0
2097.1802135244407,123.0,9757.0,140.3227298909091,3,0.0,True,0,6796.312000000001,37.0
2102.959660038593,95.0,9703.0,133.77727534545454,3,0.0,True,0,6796.472000000001,37.0
2103.6508333333327,91.5766723351425,9696.93799204206,133.0,2,0.0,True,0,6796.491,37.0
2105.8768294799625,80.0,9678.0,132.2375008,2,0.0,True,0,6796.552000000001,37.0
2109.473055555555,54.63831294142645,9644.75466466529,131.0,2,0.0,True,0,6796.651000000001,37.0
2119.1952777777774,-39.70714519952457,9550.258021376429,125.0,2,0.0,True,0,6796.9310000000005,37.0
2119.229130011784,-40.0,9550.0,124.9812512,2,0.0,True,0,6796.932000000001,37.0
2129.7730555555554,-113.35335182770622,9498.869443250289,119.0,2,0.0,False,0,6797.251,37.0
2133.6458937295884,-140.0,9486.0,117.109376,2,0.0,False,0,6797.372,37.0
2139.9063888888886,-189.23809452265579,9465.553889294024,114.0,2,0.0,False,0,6797.571000000001,37.0
2143.681506637188,-222.0,9455.0,112.98885865379678,2,0.6740942308021427,False,0,6797.692,37.0
2148.6176882994787,-270.0,9445.0,111.65181153839572,2,1.565458974402857,False,0,6797.852000000001,37.0
2150.9755555555553,-298.8952222350598,9442.96491673962,111.0,2,2.0,False,0,6797.93,37.0
2156.9355780142855,-377.0,9445.0,107.39285942857143,2,4.885712457142857,False,0,6798.1320000000005,37.0
2159.22,-397.9098823219199,9447.143267199248,106.0,2,6.0,False,0,6798.21,37.0
2166.930481710016,-449.0,9465.0,106.0,2,14.421424457142857,False,0,6798.472000000001,37.0
2167.4644444444443,-453.72835040937423,9467.39778160288,106.0,2,15.0,False,0,6798.490000000001,37.0
2175.8644444444444,-541.4616253912684,9518.638006458625,108.0,2,34.0,False,0,6798.77,37.0
2175.925184253182,-542.0,9519.0,108.0249984,2,34.0749952,False,0,6798.772,37.0
2183.2644444444445,-590.0419099653764,9558.069645078014,111.0,2,43.0,False,0,6799.01,37.0
2187.815076144796,-615.0,9586.0,114.0428544,2,45.535712,False,0,6799.152,37.0
2192.3644444444444,-642.4212609542479,9620.725884625079,117.0,2,48.0,False,0,6799.29,37.0
2196.4837187292956,-666.0,9654.0,120.0499968,2,52.0666624,False,0,6799.412,37.0
2200.5644444444447,-685.6276744091773,9685.611432790722,123.0,2,56.0,False,0,6799.530000000001,37.0
2204.17564162738,-703.0,9720.0,125.5499968,2,56.42499946666667,False,0,6799.6320000000005,37.0
2209.1644444444446,-729.4160308031762,9782.762171023069,129.0,2,57.0,False,0,6799.77,37.0
2209.967932218259,-733.0,9792.0,129.45833066666665,2,56.7250016,False,0,6799.792,37.0
2218.097777777778,-753.0491074880185,9855.782037572973,134.0,2,54.0,False,0,6800.01,37.0
2223.689303088632,-761.0,9897.0,140.2562528,2,62.0437536,False,0,6800.153,37.0
2224.3644444444444,-762.0635921463679,9902.91153698623,141.0,3,63.0,False,0,6800.17,37.0
2230.1154962574356,-771.0,9959.0,144.05338284489858,3,65.54448570408215,False,0,6800.313,37.0
2235.838611111111,-775.7201048705269,10016.869663231973,147.0,3,68.0,False,0,6800.451,37.0
2236.7712151504365,-776.0,10027.0,147.916672,3,68.5500032,False,0,6800.473,37.0
2246.3052777777775,-771.5343405754188,10144.224531265158,157.0,3,74.0,False,0,6800.691000000001,37.0
2252.7853644902953,-766.0,10211.0,161.3388928,3,77.5500032,False,0,6800.8330000000005,37.0
2263.1052777777777,-756.0934874504627,10280.697395235842,168.0,3,83.0,False,0,6801.051,37.0
2266.062448739039,-749.0,10312.0,170.74499712,3,88.18499456,False,0,6801.112,37.0
2272.938611111111,-722.7773301651254,10417.072563986581,177.0,4,100.0,False,0,6801.251,37.0
2277.060072610051,-707.0,10476.0,180.64499712,4,100.0,False,0,6801.332,37.0
2283.271944444444,-688.6363075082068,10537.467564879642,186.0,4,100.0,False,0,6801.451,37.0
2293.078129212667,-654.0,10625.0,193.11071177142858,4,100.0,False,0,6801.6320000000005,37.0
2298.5941666666663,-619.3776641272734,10705.445633641062,197.0,4,100.0,False,0,6801.731000000001,37.0
2303.1768706133444,-592.0,10768.0,200.64499712,4,100.0,False,0,6801.812000000001,37.0
2310.038611111111,-566.202338237566,10825.816313636351,206.0,5,100.0,False,0,6801.9310000000005,37.0
2324.371944444444,-526.3023025673275,10903.427818519078,215.0,5,100.0,False,0,6802.171,37.0
2324.4325674100974,-526.0,10904.0,215.0249984,5,100.0,False,0,6802.1720000000005,37.0
2341.638611111111,-411.18847329344567,11119.676896338022,222.0,5,100.0,False,0,6802.451,37.0
2342.9679112370777,-404.0,11133.0,222.87499733333334,5,100.0,False,0,6802.472000000001,37.0
2357.1052777777777,-356.69328788171146,11217.940201555139,232.0,5,100.0,False,0,6802.691000000001,37.0
2366.36606573383,-327.0,11266.0,235.5249984,5,100.0,False,0,6802.832,37.0
2372.9719444444445,-297.59785550356486,11312.276807517339,238.0,6,100.0,False,0,6802.9310000000005,37.0
2385.3341828185476,-224.0,11422.0,242.97749824,6,100.0,False,0,6803.112,37.0
2399.30318117024,-118.0,11566.0,248.47749824,6,100.0,False,0,6803.312000000001,37.0
2400.638611111111,-108.92346983984027,11577.901710063932,249.0,6,100.0,False,0,6803.331,37.0
2411.9275,-45.09225054858572,11658.49391288363,254.0,6,100.0,False,0,6803.491,37.0
2423.2608333333333,9.636631703158379,11721.824877963623,255.0,6,100.0,False,0,6803.651000000001,37.0
2426.2029264879657,25.0,11739.0,256.0249984,6,100.0,False,0,6803.692,37.0
2443.638611111111,144.2250375141979,11863.245782845892,262.0,6,100.0,False,0,6803.9310000000005,37.0
2443.7119167827586,145.0,11864.0,262.0124992,6,100.0,False,0,6803.932000000001,37.0
2458.4154072688957,327.0,12036.0,264.5124992,6,100.0,False,0,6804.1320000000005,37.0
2461.3052777777775,352.3071964577363,12059.443395352133,265.0,6,100.0,False,0,6804.171,37.0
2485.4397787045637,452.0,12142.0,270.3649004809091,6,100.0,False,0,6804.492,37.0
2488.33,473.16884240284196,12158.678073760462,271.0,7,100.0,False,0,6804.530000000001,37.0
2493.0588154363086,512.0,12189.0,272.5499968,7,100.0,False,0,6804.592000000001,37.0
2500.5522222222226,572.7525261806909,12234.259254074283,275.0,7,100.0,False,0,6804.6900000000005,37.0
2511.4143650706965,661.0,12295.0,275.70999936,7,100.0,False,0,6804.832,37.0
2515.8855555555556,698.112948429802,12318.854834076292,276.0,7,100.0,False,0,6804.89,37.0
2531.496666666667,831.0584349907688,12396.677673326161,281.0,7,100.0,False,0,6805.09,37.0
2534.783739906662,860.0,12412.0,281.20999936,7,100.0,False,0,6805.1320000000005,37.0
2547.1633333333334,971.8441914990116,12466.369087776873,282.0,7,100.0,False,0,6805.29,37.0
2550.466560775777,1002.0,12480.0,282.5249984,7,100.0,False,0,6805.332,37.0
2559.785555555556,1087.287893760938,12516.539170675123,284.0,7,100.0,False,0,6805.450000000001,37.0
2563.1203433944174,1118.0,12529.0,284.46666524444447,7,100.0,False,0,6805.492,37.0
2575.9114594436264,1237.0,12574.0,286.24444302222224,7,100.0,False,0,6805.652,37.0
2588.5855555555563,1356.8577495030431,12614.198507805586,288.0,7,100.0,False,0,6805.81,37.0
2596.7602233318366,1435.0,12638.0,288.4249994666667,7,100.0,False,0,6805.912,37.0
2607.852222222223,1541.420311699401,12667.634851230307,289.0,7,100.0,False,0,6806.05,37.0
2612.8672728924375,1590.0,12680.0,289.7749984,7,100.0,False,0,6806.112,37.0
2625.893328017782,1716.0,12709.0,291.7749984,7,100.0,False,0,6806.272,37.0
2633.8966666666674,1787.1877302186026,12724.13200706641,293.0,7,100.0,False,0,6806.370000000001,37.0
2645.592106052032,1908.0,12746.0,293.71500032,7,100.0,False,0,6806.513000000001,37.0
2666.6744444444453,2233.823960288392,12792.582283050087,295.0,7,100.0,False,0,6806.77,37.0
2666.921140414345,2237.0,12793.0,295.01247321579683,7,100.0,False,0,6806.773,37.0
2701.56991241923,2499.0,12821.0,296.758836258972,7,100.0,False,0,6807.193,37.0
2706.3569444444456,2541.179829289862,12825.487496163107,297.0,7,100.0,False,0,6807.251,37.0
2723.018413980596,2712.0,12844.0,297.0,7,100.0,False,0,6807.453,37.0
2739.518408220951,2877.0,12860.0,297.0,7,100.0,False,0,6807.653,37.0
2742.6569444444453,2908.2576637123084,12863.028778784794,297.0,7,100.0,False,0,6807.691000000001,37.0
2752.658246013194,3008.0,12873.0,297.30249984,7,100.0,False,0,6807.812000000001,37.0
2767.5588377240983,3156.0,12889.0,297.75249984,7,100.0,False,0,6807.992,37.0
2775.768055555556,3237.0535366741537,12897.424488041797,298.0,7,100.0,False,0,6808.091,37.0
2784.1535732112898,3320.0,12906.0,298.42083306666666,7,100.0,False,0,6808.192,37.0
2795.7013888888896,3435.373346922345,12918.454511375685,299.0,7,100.0,False,0,6808.331,37.0
2800.7671300715974,3486.0,12924.0,299.0,7,100.0,False,0,6808.392000000001,37.0
2824.0211525996774,3717.0,12950.0,299.0,7,100.0,False,0,6808.6720000000005,37.0
2825.6013888888897,3732.72027551479,12951.905958459338,299.0,7,100.0,False,0,6808.691000000001,37.0
2827.348389824156,3750.0,12954.0,299.08749973333335,7,100.0,False,0,6808.712,37.0
2845.6013888888897,3920.6014592806296,12973.029559361014,300.0,7,100.0,False,0,6808.9310000000005,37.0
2854.0496549095456,4014.0,12984.0,300.50499968,7,100.0,False,0,6809.032,37.0
2862.3236111111114,4122.686263982582,12997.641367019536,301.0,7,100.0,False,0,6809.131,37.0
2874.050653786051,4279.0,13018.0,299.9928576,7,100.0,False,0,6809.272,37.0
2885.579166666667,4392.563202838073,13033.040425894978,299.0,7,100.0,False,0,6809.411,37.0
2902.1347222222225,4507.02902478556,13048.415499905013,298.0,7,100.0,False,0,6809.611000000001,37.0
2908.777380801019,4558.0,13055.0,297.13214354285714,7,94.31071878095239,False,0,6809.692,37.0
2969.5680555555555,5174.217462018898,13113.986638789396,289.0,7,41.0,False,0,6810.451,37.0
2969.647930947286,5175.0,13114.0,288.99000064,7,40.95500288,False,0,6810.452,37.0
2985.5125000000003,5330.652175797813,13109.825794493821,287.0,7,32.0,False,0,6810.651000000001,37.0
2987.170655779246,5349.0,13108.0,286.343752,7,32.0,False,0,6810.6720000000005,37.0
2998.045833333333,5483.8371744220385,13087.7866930451,282.0,7,32.0,False,0,6810.811000000001,37.0
3004.306114321043,5564.0,13070.0,279.9750016,7,36.387496533333334,False,0,6810.892000000001,37.0
3016.445833333333,5711.08615707055,13022.975750529866,276.0,7,45.0,False,0,6811.051,37.0
3030.062187517681,5846.0,12966.0,272.9749319710428,7,53.066848077219284,False,0,6811.232,37.0
3043.3708333333334,5926.253821139591,12925.187533441294,270.0,7,61.0,False,0,6811.410000000001,37.0
3055.370833333333,5989.804171234026,12882.075306201295,270.0,7,67.0,False,0,6811.570000000001,37.0
3057.023946990232,6001.0,12874.0,270.10999936,7,68.20999296,False,0,6811.592000000001,37.0
3070.4263888888886,6109.76543322572,12792.328736904827,271.0,7,78.0,False,0,6811.77,37.0
3075.104535665972,6146.0,12764.0,271.30999936,7,84.81998592,False,0,6811.832,37.0
3085.5374999999995,6213.923934123291,12708.01810626068,272.0,7,100.0,False,0,6811.97,37.0
3093.2705735440086,6274.0,12640.0,272.50999936,7,100.0,False,0,6812.072,37.0
3100.7041666666664,6352.7671548890685,12532.886259156974,273.0,7,100.0,False,0,6812.17,37.0
3106.916860965377,6414.0,12445.0,273.0,7,100.0,False,0,6812.252,37.0
3118.9041666666667,6474.936155929829,12352.962337145498,273.0,7,100.0,False,0,6812.410000000001,37.0
3138.9757298136815,6512.0,12251.0,275.4562488,7,100.0,False,0,6812.6720000000005,37.0
3143.4375,6533.650040914734,12195.530043651921,276.0,7,100.0,False,0,6812.7300000000005,37.0
3155.9201449570874,6607.0,12006.0,276.80999936,7,100.0,False,0,6812.892000000001,37.0
3174.3263888888887,6673.406867517372,11796.156470678668,278.0,7,100.0,False,0,6813.13,37.0
3190.105471002652,6705.0,11671.0,279.0124680319151,7,100.0,False,0,6813.3330000000005,37.0
3205.515277777777,6727.9797991829055,11580.493420421959,280.0,7,100.0,False,0,6813.531,37.0
3217.959722222222,6748.491872362748,11496.696787202913,280.0,7,100.0,False,0,6813.691000000001,37.0
3219.676349299215,6752.0,11482.0,280.2750016,7,100.0,False,0,6813.713000000001,37.0
3230.4930555555547,6776.646749137798,11376.557845439313,282.0,7,100.0,False,0,6813.851000000001,37.0
3230.650604708101,6777.0,11375.0,282.0249984,7,100.0,False,0,6813.853,37.0
3249.709030265732,6816.0,11190.0,285.0249984,7,100.0,False,0,6814.093000000001,37.0
3255.915277777777,6828.281889726395,11125.455455831001,286.0,7,100.0,False,0,6814.171,37.0
3262.4299935448234,6841.0,11056.0,286.0,7,100.0,False,0,6814.253000000001,37.0
3268.6263888888884,6852.741261873428,10990.073480958637,286.0,7,100.0,False,0,6814.331,37.0
3276.661196773398,6867.0,10906.0,286.3156248,7,100.0,False,0,6814.432000000001,37.0
3294.1374999999994,6892.501057693996,10732.929618321117,287.0,7,100.0,False,0,6814.651000000001,37.0
3300.625960637681,6901.0,10669.0,287.5785709714286,7,100.0,False,0,6814.732,37.0
3311.8695545892724,6915.0,10558.0,288.5785709714286,7,100.0,False,0,6814.872,37.0
3316.615277777777,6920.311929898329,10513.751016099603,289.0,7,100.0,False,0,6814.9310000000005,37.0
3334.4182147099514,6939.0,10334.0,289.92083306666666,7,100.0,False,0,6815.152,37.0
3335.94861111111,6940.822818411512,10313.46210909746,290.0,7,100.0,False,0,6815.171,37.0
3348.837499999999,6956.830162597193,10118.612580261335,290.0,7,100.0,False,0,6815.331,37.0
3352.147345835521,6960.0,10078.0,290.17083306666666,7,100.0,False,0,6815.372,37.0
3368.2374999999993,6967.570733960427,9968.26817767004,291.0,7,100.0,False,0,6815.571000000001,37.0
3376.3835605881113,6970.0,9917.0,290.6843752,7,100.0,False,0,6815.6720000000005,37.0
3394.015277777777,6976.998299034254,9743.93413081615,290.0,7,100.0,False,0,6815.8910000000005,37.0
3400.5423172199608,6979.0,9675.0,290.0,7,100.0,False,0,6815.972000000001,37.0
3413.34861111111,6981.131836394636,9546.536837690772,290.0,7,100.0,False,0,6816.131,37.0
3418.2501700711555,6982.0,9498.0,289.6187504,7,100.0,False,0,6816.192,37.0
3426.193055555555,6983.93965275457,9418.96160981297,289.0,7,100.0,False,0,6816.291,37.0
3435.8862865227493,6987.0,9322.0,288.6638890666667,7,100.0,False,0,6816.412,37.0
3451.877759059251,6993.0,9162.0,288.1083335111111,7,100.0,False,0,6816.612,37.0
3454.9930555555547,6994.223337424076,9131.362283247458,288.0,7,100.0,False,0,6816.651000000001,37.0
3461.460263198939,6997.0,9069.0,287.79750016,7,100.0,False,0,6816.732,37.0
3480.595431865604,7012.0,8886.0,287.19750016,7,100.0,False,0,6816.972000000001,37.0
3486.8819444444434,7021.547259918524,8810.118484870807,287.0,7,100.0,False,0,6817.051,37.0
3499.593055555554,7046.404856805805,8640.822883098546,286.0,7,100.0,False,0,6817.211,37.0
3504.430205537517,7055.0,8588.0,285.78214308571427,7,100.0,False,0,6817.272,37.0
3521.759722222221,7080.045578604416,8462.177917463096,285.0,7,100.0,False,0,6817.491,37.0
3529.7383964918563,7094.0,8402.0,284.71866318107396,7,100.0,False,0,6817.592000000001,37.0
3539.2075433825316,7116.0,8310.0,284.3844014022237,7,100.0,False,0,6817.712,37.0
3550.0808333333325,7153.1084144174365,8175.378505188001,284.0,7,100.0,False,0,6817.85,37.0
3567.534481087396,7218.0,7962.0,283.0750005333333,7,100.0,False,0,6818.072,37.0
3568.9474999999993,7221.828558325553,7949.986983168919,283.0,7,100.0,False,0,6818.09,37.0
3589.4779498702674,7265.0,7829.0,282.1812504,7,100.0,False,0,6818.352000000001,37.0
3594.014166666666,7278.4766425882935,7794.257893595881,282.0,7,100.0,False,0,6818.410000000001,37.0
3612.747499999999,7350.735556301641,7611.618514390197,281.0,7,100.0,False,0,6818.650000000001,37.0
3616.0173265226645,7363.0,7581.0,280.85000045714287,7,98.05000594285714,False,0,6818.692,37.0
3628.454510589619,7409.0,7464.0,280.2785718857143,7,90.62143451428571,False,0,6818.852000000001,37.0
3634.525277777777,7436.536669452389,7387.000570998171,280.0,7,87.0,False,0,6818.93,37.0
3647.1654623879363,7494.0,7215.0,280.0,7,73.8375104,False,0,6819.092000000001,37.0
3659.4141666666656,7522.161838379594,7116.648234711148,280.0,7,61.0,False,0,6819.25,37.0
3677.8413333884328,7533.0,7015.0,274.8142884571429,7,58.407144228571426,False,0,6819.492,37.0
3680.7252777777767,7534.7580137004115,6990.5233289235675,274.0,7,58.0,False,0,6819.530000000001,37.0
3691.586207874528,7539.0,6883.0,273.4892854857143,7,59.53214354285714,False,0,6819.673000000001,37.0
3701.9586111111103,7531.66796303348,6777.344498212247,273.0,7,61.0,False,0,6819.81,37.0
3705.1988361035137,7528.0,6745.0,272.54092721216847,7,63.60141246437864,False,0,6819.853,37.0
3723.03361111111,7498.9915419573845,6567.092688460824,270.0,7,78.0,False,0,6820.091,37.0
3724.678951642076,7495.0,6548.0,269.92142811428573,7,79.1000064,False,0,6820.113,37.0
3743.9558333333325,7437.3714528233195,6306.454760118028,269.0,7,92.0,False,0,6820.371,37.0
3744.1051847383733,7437.0,6305.0,269.0,7,92.0666624,False,0,6820.3730000000005,37.0
3761.889166666666,7405.354686899218,6186.900015220126,269.0,7,100.0,False,0,6820.611000000001,37.0
3768.0368081064585,7391.0,6124.0,269.0,7,82.23336106666667,False,0,6820.693,37.0
3779.822499999999,7352.093016792708,5936.649945454645,269.0,7,48.0,False,0,6820.851000000001,37.0
3784.3727781311427,7339.0,5865.0,267.2562464,7,43.5437408,False,0,6820.9130000000005,37.0
3802.93361111111,7318.346379596989,5666.78876527514,260.0,6,25.0,False,0,6821.171,37.0
3812.9352744249363,7316.0,5600.0,255.593752,6,24.1187504,False,0,6821.312000000001,37.0
3814.2669444444437,7315.65146616917,5592.273950860704,255.0,6,24.0,False,0,6821.331,37.0
3825.3336111111103,7312.411648280388,5539.214050313885,249.0,6,23.0,False,0,6821.491,37.0
3836.3113888888884,7324.942758071316,5458.409629128789,247.0,6,24.0,False,0,6821.651000000001,37.0
3837.729199448462,7329.0,5442.0,246.3583352888889,6,24.34999893333333,False,0,6821.6720000000005,37.0
3853.4941033615214,7402.0,5200.0,239.02500195555555,6,28.34999893333333,False,0,6821.912,37.0
3859.9113888888883,7428.232832991462,5127.940964221678,236.0,6,30.0,False,0,6822.011,37.0
3885.689166666666,7512.71251434966,4988.449407799881,232.0,6,39.0,False,0,6822.411,37.0
3885.7526826625567,7513.0,4988.0,231.9781264,6,38.8781328,False,0,6822.412,37.0
3898.3345039478086,7582.0,4875.0,227.6031264,6,14.5031328,False,0,6822.612,37.0
3905.689166666666,7635.472661064375,4780.5942125258,225.0,6,0.0,True,0,6822.731000000001,37.0
3911.8477029887813,7673.0,4714.0,221.46500224,6,0.0,True,0,6822.832,37.0
3917.8002777777774,7690.956655309982,4684.072083160707,218.0,5,0.0,True,0,6822.9310000000005,37.0
3927.2851452670834,7705.0,4650.0,213.9750016,5,0.0,True,0,6823.092000000001,37.0
3934.211388888888,7731.251196414332,4568.272440023213,211.0,5,0.0,False,0,6823.211,37.0
3945.8424024417886,7782.0,4402.0,208.4875008,5,7.5374976,False,0,6823.412,37.0
3948.078055555555,7787.340594787063,4383.42204383131,208.0,5,9.0,False,0,6823.451,37.0
3959.4113888888883,7792.617914034269,4339.426208981079,204.0,5,14.0,False,0,6823.651000000001,37.0
3962.8288710013394,7790.0,4314.0,203.08500096,5,15.82999808,False,0,6823.712,37.0
3970.578055555555,7778.813897695307,4215.057079561676,201.0,5,20.0,False,0,6823.851000000001,37.0
3979.566918713326,7760.0,4081.0,201.0,5,20.0,False,0,6824.012000000001,37.0
3983.978055555555,7749.906846513282,4030.757408621619,201.0,5,20.0,False,0,6824.091,37.0
4004.078055555555,7686.609070761337,3880.9828420560107,201.0,5,20.0,True,0,6824.451,37.0
4005.25458596153,7681.0,3871.0,201.14350751438616,5,22.82231444959425,True,0,6824.472000000001,37.0
4026.756123240721,7556.0,3670.0,203.7403180697486,5,73.8929220383895,True,0,6824.852000000001,37.0
4028.9547222222213,7545.509106507236,3655.609904017627,204.0,5,79.0,False,0,6824.89,37.0
4043.088055555555,7484.8571475370945,3589.5376780893503,212.0,5,100.0,False,0,6825.13,37.0
4045.6019216979425,7470.0,3576.0,212.9187472,5,100.0,False,0,6825.1720000000005,37.0
4057.73806808745,7378.0,3499.0,217.2937472,5,100.0,False,0,6825.372,37.0
4062.5547222222217,7338.3548845319065,3470.764975084898,219.0,5,100.0,False,0,6825.450000000001,37.0
4077.688055555555,7208.883663986468,3394.760746415197,227.0,5,100.0,False,0,6825.6900000000005,37.0
4080.3874626436723,7185.0,3382.0,228.0499968,5,100.0,False,0,6825.732,37.0
4086.8769616555223,7127.0,3352.0,230.5499968,5,100.0,False,0,6825.832,37.0
4097.424233225729,7034.0,3304.0,234.5499968,5,100.0,False,0,6825.992,37.0
4101.288055555555,6998.840488368769,3283.75142904512,236.0,5,100.0,False,0,6826.05,37.0
4117.488055555556,6849.492095391591,3183.9492440888444,243.0,6,100.0,False,0,6826.29,37.0
4123.1548827210845,6806.0,3150.0,244.38333013333335,6,100.0,False,0,6826.3730000000005,37.0
4133.954722222222,6739.3271699410625,3089.4715895479026,247.0,6,100.0,False,0,6826.530000000001,37.0
4139.70406525115,6705.0,3055.0,248.54658088808185,6,100.0,False,0,6826.613,37.0
4145.135277777777,6670.285938562411,3019.213625978932,250.0,6,100.0,False,0,6826.691000000001,37.0
4157.919751732831,6584.0,2927.0,252.73000192,6,100.0,False,0,6826.8730000000005,37.0
4159.190833333333,6575.544077315186,2917.7097583670543,253.0,6,100.0,False,0,6826.8910000000005,37.0
4176.2575,6463.54736655724,2788.26714337516,256.0,6,100.0,False,0,6827.131,37.0
4180.715830592445,6433.0,2749.0,257.1071451428571,6,100.0,False,0,6827.193,37.0
4195.240790228886,6333.0,2609.0,260.67857371428573,6,100.0,False,0,6827.393,37.0
4196.5575,6325.162240993278,2597.373977549743,261.0,6,100.0,False,0,6827.411,37.0
4206.998046401657,6270.0,2511.0,263.13000192,6,100.0,False,0,6827.553000000001,37.0
4221.795783947714,6195.0,2380.0,266.11499904,6,100.0,False,0,6827.752,37.0
4226.224166666667,6175.279995994803,2344.8230520668462,267.0,6,100.0,False,0,6827.811000000001,37.0
4242.979620935113,6095.0,2195.0,270.86749888,6,100.0,False,0,6828.032,37.0
4256.66861111111,5993.459571851322,1991.9268281388504,274.0,7,100.0,False,0,6828.211,37.0
4256.745216478196,5993.0,1991.0,274.0124992,7,100.0,False,0,6828.212,37.0
4275.135277777777,5943.358390871125,1889.318660763427,277.0,7,100.0,False,0,6828.451,37.0
4290.863883114675,5885.0,1768.0,280.3499989333333,7,100.0,False,0,6828.652,37.0
4301.929314849528,5796.0,1585.0,282.68333226666664,7,100.0,False,0,6828.792,37.0
4303.435277777778,5785.696474776252,1563.7684408618852,283.0,7,100.0,False,0,6828.811000000001,37.0
4328.946388888889,5709.9243238166855,1404.9622045783392,287.0,7,100.0,False,0,6829.131,37.0
4337.0524223704415,5686.0,1355.0,287.9468744,7,100.0,False,0,6829.232,37.0
4353.185156400676,5616.0,1210.0,289.8218744,7,100.0,False,0,6829.432000000001,37.0
4354.724166666667,5609.287436091824,1195.980784744855,290.0,7,100.0,False,0,6829.451,37.0
4374.2575,5529.185833404814,1027.052686610915,293.0,7,100.0,False,0,6829.691000000001,37.0
4375.974096946219,5522.0,1012.0,293.15749952,7,100.0,False,0,6829.712,37.0
4384.164064634118,5487.0,939.0,293.90749952,7,100.0,False,0,6829.812000000001,37.0
4403.922663939273,5402.0,761.0,295.70749952,7,100.0,False,0,6830.052000000001,37.0
4407.146388888889,5388.185785625794,732.1129443434558,296.0,7,100.0,False,0,6830.091,37.0
4420.492525862223,5331.0,613.0,297.0977268363636,7,100.0,False,0,6830.252,37.0
4435.463596395967,5266.0,479.0,298.32499956363637,7,100.0,False,0,6830.432000000001,37.0
4443.690833333334,5230.019969963805,405.2414065702328,299.0,7,100.0,False,0,6830.531,37.0
4455.398359250558,5179.0,300.0,299.0,7,100.0,False,0,6830.6720000000005,37.0
4460.301944444445,5157.923611851199,255.79301018709063,299.0,7,100.0,False,0,6830.731000000001,37.0
4467.043156159773,5129.0,195.0,299.2531248,7,100.0,False,0,6830.812000000001,37.0
4480.383387065093,5071.0,75.0,299.7531248,7,100.0,False,0,6830.972000000001,37.0
4486.968611111111,5042.368173707272,16.089753499257647,300.0,7,100.0,False,0,6831.051,37.0
4510.380571229975,4941.0,-193.0,300.0,7,100.0,False,0,6831.332,37.0
4513.551944444445,4927.318263917535,-221.59581936649815,300.0,7,100.0,False,0,6831.370000000001,37.0
4527.095113949121,4869.0,-344.0,300.40499968,7,100.0,False,0,6831.532,37.0
4546.996388888889,4782.735003185229,-522.4963116498589,301.0,7,100.0,False,0,6831.77,37.0
4547.163215413488,4782.0,-524.0,300.9916672,7,100.0,False,0,6831.772000000001,37.0
4552.165079630757,4760.0,-569.0,300.7416672,7,100.0,False,0,6831.832,37.0
4566.99638888889,4695.825857021318,-703.2783442710374,300.0,7,100.0,False,0,6832.01,37.0
4567.163366649415,4695.0,-705.0,300.00999936,7,100.0,False,0,6832.012000000001,37.0
4583.718611111112,4596.214841663499,-908.6317885257603,301.0,7,100.0,False,0,6832.21,37.0
4597.216920888747,4522.0,-1061.0,300.4214290285714,7,100.0,False,0,6832.372,37.0
4607.051944444444,4486.868322278568,-1133.6738428868985,300.0,7,100.0,False,0,6832.490000000001,37.0
4623.774166666667,4441.767402123841,-1227.1559929453101,301.0,7,100.0,False,0,6832.6900000000005,37.0
4625.614056457748,4435.0,-1241.0,301.0,7,100.0,False,0,6832.712,37.0
4640.49638888889,4365.766655871391,-1381.5949108110942,301.0,7,100.0,False,0,6832.89,37.0
4649.108277726084,4324.0,-1466.0,301.0,7,100.0,False,0,6832.993,37.0
4653.874166666667,4302.561718025782,-1509.2333369728017,301.0,7,100.0,False,0,6833.05,37.0
4670.680000000001,4233.824237324256,-1647.3106267939197,301.0,7,100.0,False,0,6833.251,37.0
4675.86383070619,4212.0,-1691.0,301.0,7,100.0,False,0,6833.313,37.0
4694.091111111113,4130.752344548115,-1853.4897605796791,301.0,7,100.0,False,0,6833.531,37.0
4694.258332699226,4130.0,-1855.0,301.0,7,100.0,False,0,6833.533,37.0
4714.327670926573,4040.0,-2035.0,301.0,7,100.0,False,0,6833.773,37.0
4726.033277709906,3986.0,-2139.0,301.0,7,100.0,False,0,6833.9130000000005,37.0
4734.224444444445,3943.5848007745144,-2220.8882935944926,301.0,7,100.0,False,0,6834.011,37.0
4752.689640213795,3845.0,-2412.0,301.0,7,100.0,False,0,6834.232,37.0
4764.324444444445,3796.366265407975,-2505.6284265456197,301.0,7,100.0,False,0,6834.371,37.0
4777.746666666669,3746.8051248008383,-2599.913123135436,302.0,7,100.0,False,0,6834.531,37.0
4782.860728157181,3725.0,-2641.0,301.8093752,7,100.0,False,0,6834.592000000001,37.0
4796.253445517664,3662.0,-2759.0,301.3093752,7,100.0,False,0,6834.752,37.0
4804.502222222223,3626.058238988221,-2826.2472985578756,301.0,7,100.0,False,0,6834.851000000001,37.0
4814.536203996775,3574.0,-2921.0,299.4875008,7,100.0,False,0,6834.972000000001,37.0
4830.902222222224,3441.8867057488956,-3151.739971939614,297.0,7,100.0,False,0,6835.171,37.0
4835.877373876496,3410.0,-3207.0,295.91071542857145,7,100.0,False,0,6835.232,37.0
4853.613333333335,3362.1241862916545,-3288.709893174769,292.0,7,100.0,False,0,6835.451,37.0
4860.149918924655,3343.0,-3318.0,290.78500096,7,100.0,False,0,6835.532,37.0
4869.668888888889,3297.4305332030667,-3386.325854552271,289.0,7,100.0,False,0,6835.651000000001,37.0
4888.3103873079945,3172.0,-3566.0,279.62778026666666,7,33.05557333333334,False,0,6835.892000000001,37.0
4897.168888888889,3117.2801021153446,-3635.823804823568,275.0,7,0.0,True,0,6836.011,37.0
4910.188241441435,3037.0,-3727.0,263.36428982857143,7,0.0,True,0,6836.192,37.0
4917.157777777778,2988.748301568965,-3777.958990683119,257.0,6,0.0,True,0,6836.291,37.0
4922.808512831412,2948.0,-3818.0,253.9625024,6,0.0,True,0,6836.372,37.0
4933.691111111112,2867.0305095157864,-3887.13657799994,248.0,6,0.0,True,0,6836.531,37.0
4940.380083676126,2813.0,-3926.0,245.0159109818182,6,3.6727249454545454,True,0,6836.6320000000005,37.0
4987.957777777779,2335.6083356104778,-4111.2071177873,222.0,5,32.0,False,0,6837.411,37.0
4991.664670921932,2303.0,-4115.0,220.8562512,5,38.8624928,False,0,6837.472000000001,37.0
4997.691111111112,2252.984075540392,-4117.514838941408,219.0,5,50.0,False,0,6837.571000000001,37.0
5011.115346678963,2147.0,-4111.0,219.0,5,56.13888711111111,False,0,6837.792,37.0
5019.591111111112,2075.9067846345597,-4103.089017829021,219.0,5,60.0,False,0,6837.9310000000005,37.0
5028.24484196839,1979.0,-4078.0,220.17827223562836,5,64.7130889425134,False,0,6838.072,37.0
5039.370428668667,1808.0,-4009.0,221.68245024045456,5,70.72980096181821,False,0,6838.252,37.0
5041.729444444446,1778.362106825466,-3995.3523410990338,222.0,5,72.0,False,0,6838.29,37.0
5054.173888888889,1683.0616845577745,-3939.916864759125,224.0,5,81.0,False,0,6838.490000000001,37.0
5064.085000000001,1634.4912443400221,-3898.5578761985435,223.0,5,100.0,False,0,6838.650000000001,37.0
5066.70745711792,1620.0,-3886.0,223.7874976,5,100.0,False,0,6838.692,37.0
5074.129444444445,1575.410748561492,-3846.9324484799463,226.0,5,100.0,False,0,6838.81,37.0
5081.852690389167,1526.0,-3801.0,227.21999872,5,100.0,False,0,6838.932000000001,37.0
5086.796111111112,1494.132038201009,-3768.863146926471,228.0,5,100.0,False,0,6839.01,37.0
5097.043601033067,1424.0,-3688.0,228.0,5,100.0,False,0,6839.1720000000005,37.0
5104.529444444445,1365.1521849576961,-3607.324942989695,228.0,6,100.0,False,0,6839.29,37.0
5117.307222222223,1267.5665771638253,-3458.667530094288,230.0,6,100.0,False,0,6839.490000000001,37.0
5118.781080029814,1259.0,-3445.0,230.1437504,6,100.0,False,0,6839.513000000001,37.0
5127.57388888889,1220.422921615303,-3380.184899585409,231.0,6,100.0,False,0,6839.650000000001,37.0
5140.527222222223,1186.1681494271618,-3312.528881299482,232.0,6,100.0,False,0,6839.851000000001,37.0
5144.551130157632,1172.0,-3285.0,232.66428708571428,6,100.0,False,0,6839.9130000000005,37.0
5155.000940225226,1127.0,-3199.0,234.3785728,6,100.0,False,0,6840.073,37.0
5158.805000000001,1109.8009700095654,-3166.1589487643137,235.0,6,100.0,False,0,6840.131,37.0
5166.8309752371,1068.0,-3089.0,236.0166656,6,100.0,False,0,6840.253000000001,37.0
5182.605000000001,948.6532457575918,-2889.0243912337282,238.0,6,100.0,False,0,6840.491,37.0
5184.073097460265,940.0,-2875.0,238.22000128,6,100.0,False,0,6840.513000000001,37.0
5204.237448580289,873.0,-2775.0,241.21999872,6,100.0,False,0,6840.813,37.0
5209.493888888891,850.196300975375,-2742.8679969771897,242.0,6,100.0,False,0,6840.8910000000005,37.0
5221.689321315975,771.0,-2633.0,242.5027776,6,100.0,False,0,6841.072,37.0
5233.793888888891,653.0410602537193,-2474.1614240448334,243.0,6,100.0,False,0,6841.251,37.0
5235.219855145669,641.0,-2458.0,243.2624992,6,100.0,False,0,6841.272000000001,37.0
5244.68277777778,581.3536955372598,-2377.90428957688,245.0,6,100.0,False,0,6841.411,37.0
5263.816111111113,517.1876712909677,-2290.558697656934,246.0,6,100.0,False,0,6841.691000000001,37.0
5266.634921674006,503.0,-2271.0,246.2928566857143,6,100.0,False,0,6841.732,37.0
5273.532240811133,463.0,-2216.0,247.0071424,6,100.0,False,0,6841.832,37.0
5283.105000000002,406.85393092701855,-2141.794923355802,248.0,6,100.0,False,0,6841.9710000000005,37.0
5284.545078312327,397.0,-2129.0,247.77500068571428,6,100.0,False,0,6841.992,37.0
5302.160555555558,239.1534315469746,-1926.4888561606535,245.0,6,100.0,False,0,6842.251,37.0
5308.943450873318,189.0,-1863.0,242.98000128,6,100.0,False,0,6842.352000000001,37.0
5315.549444444447,155.93862974627615,-1821.8593843984559,241.0,6,100.0,False,0,6842.451,37.0
5328.771666666668,115.84339451000595,-1774.811965704367,238.0,6,100.0,False,0,6842.651000000001,37.0
5331.453484602306,104.0,-1761.0,237.26785828571428,6,100.0,False,0,6842.692,37.0
5346.893888888891,5.029561769307679,-1645.414885706607,233.0,6,100.0,False,0,6842.9310000000005,37.0
5352.068094373712,-31.0,-1604.0,231.65000106666668,6,100.0,False,0,6843.012000000001,37.0
5362.160555555558,-100.52311048874225,-1525.536140964077,229.0,6,100.0,False,0,6843.171,37.0
5362.223862431319,-101.0,-1525.0,228.9833344,6,100.0,False,0,6843.1720000000005,37.0
5372.312735399308,-182.0,-1434.0,226.31666773333333,6,100.0,False,0,6843.332,37.0
5377.160555555558,-217.1786434157661,-1394.6245451510174,225.0,6,100.0,False,0,6843.411,37.0
5386.538333333336,-279.6102048590802,-1324.4440434428573,211.0,6,0.0,True,0,6843.571000000001,37.0
5386.5946096939815,-280.0,-1324.0,210.9125056,6,0.0,True,0,6843.572,37.0
5395.201273290512,-342.0,-1253.0,196.9125056,6,0.0,True,0,6843.732,37.0
5399.205000000003,-370.63331631487205,-1221.0290716223726,190.0,6,0.0,True,0,6843.811000000001,37.0
5405.053639729896,-412.0,-1176.0,176.3875072,6,0.0,True,0,6843.932000000001,37.0
5406.849444444447,-424.9285086264427,-1162.1028373608876,172.0,6,0.0,True,0,6843.9710000000005,37.0
5414.557133867973,-483.0,-1102.0,160.23500416,6,0.0,True,0,6844.152,37.0
5423.0716666666685,-551.6896565594785,-1041.2494783270645,146.0,3,0.0,True,0,6844.371,37.0
5423.110177622112,-552.0,-1041.0,145.9678592,3,0.0,True,0,6844.372,37.0
5430.749046607409,-614.0,-996.0,139.53928777142858,3,0.0,True,0,6844.572,37.0
5433.727222222225,-639.1239710272022,-980.929488526133,137.0,2,0.0,True,0,6844.651000000001,37.0
5439.601388888891,-690.550477302069,-955.0030140396576,133.0,2,0.0,True,0,6844.81,37.0
5441.0854338276395,-704.0,-949.0,131.37727767272727,2,0.0,True,0,6844.852000000001,37.0
5445.140567257821,-742.0,-934.0,126.74091403636363,2,0.0,True,0,6844.972000000001,37.0
5450.18493895124,-792.0,-921.0,120.55909585454546,2,0.0,True,0,6845.1320000000005,37.0
5453.779166666669,-828.8573758307869,-915.7902315434105,116.0,2,0.0,True,0,6845.25,37.0
5457.396357463173,-867.0,-913.0,112.27222613333333,2,0.33888853333333335,True,0,6845.372,37.0
5464.279166666669,-940.4092859627665,-912.9458585365658,105.0,2,1.0,False,0,6845.610000000001,37.0
5464.336992897244,-941.0,-913.0,104.9928576,2,1.0142848,False,0,6845.612,37.0
5469.545971683612,-992.0,-922.0,104.35000045714285,2,2.299999085714286,False,0,6845.792,37.0
5472.3680555555575,-1018.3998026026518,-929.7020572960762,104.0,2,3.0,False,0,6845.89,37.0
5477.021811925155,-1060.0,-946.0,103.59250048,2,11.55748992,False,0,6846.053000000001,37.0
5481.584145436488,-1101.0,-968.0,103.19250048,2,19.95748992,False,0,6846.213000000001,37.0
5483.812500000002,-1128.0571763987755,-986.4496810540226,103.0,2,24.0,False,0,6846.29,37.0
5489.786666666669,-1202.517788164293,-1042.6255696667038,107.0,2,39.0,False,0,6846.491,37.0
5489.848430850964,-1203.0,-1043.0,107.05499648,2,39.04499712,False,0,6846.493,37.0
5498.987778333807,-1238.0,-1070.0,114.75499648,2,45.34499712,False,0,6846.773,37.0
5502.89777777778,-1271.270665806452,-1091.968790813097,118.0,2,48.0,False,0,6846.8910000000005,37.0
5508.1422222222245,-1329.8466285118707,-1129.4554124144838,118.0,2,31.0,False,0,6847.051,37.0
5509.5306189685925,-1342.0,-1137.0,118.34999893333334,2,30.125002666666667,False,0,6847.093000000001,37.0
5516.1422222222245,-1381.5374071652423,-1158.3813179837477,120.0,2,26.0,False,0,6847.291,37.0
5519.543513782626,-1414.0,-1164.0,120.0,2,21.5374944,False,0,6847.393,37.0
5521.4755555555585,-1440.8463926037075,-1166.308478411519,120.0,3,19.0,False,0,6847.451,37.0
5527.502486211019,-1538.0,-1169.0,120.0,3,19.0,False,0,6847.6320000000005,37.0
5530.8088888888915,-1569.9861495542546,-1167.1410934467733,120.0,3,19.0,False,0,6847.731000000001,37.0
5539.581549017646,-1612.0,-1152.0,120.65249984,3,19.0,False,0,6847.992,37.0
5544.253333333336,-1652.0476894742947,-1139.134503354865,121.0,3,19.0,False,0,6848.131,37.0
5548.987757803172,-1702.0,-1121.0,121.0,3,22.5249984,False,0,6848.272000000001,37.0
5549.631111111114,-1708.94671727216,-1118.026717141372,121.0,3,23.0,False,0,6848.291,37.0
5556.464444444447,-1780.7454189194498,-1082.3637509717385,123.0,3,23.0,False,0,6848.491,37.0
5557.174774888344,-1787.0,-1079.0,123.0,3,23.0,False,0,6848.512000000001,37.0
5564.664444444447,-1832.444293217063,-1052.0977497469148,123.0,3,23.0,False,0,6848.731000000001,37.0
5571.668982863832,-1869.0,-1022.0,133.40749632,3,40.64749376,False,0,6848.912,37.0
5578.373350663022,-1915.0,-979.0,142.60749632,3,56.247493760000005,False,0,6849.072,37.0
5580.886666666669,-1931.8226320684184,-961.8041656625398,146.0,3,62.0,False,0,6849.131,37.0
5586.108097675391,-1965.0,-925.0,150.0333312,3,65.36110933333333,False,0,6849.252,37.0
5593.150939605504,-2008.0,-872.0,155.36666453333333,3,69.80555377777777,False,0,6849.412,37.0
5596.686666666669,-2029.9722881006358,-844.329185317365,158.0,3,72.0,False,0,6849.491,37.0
5601.2632020690235,-2058.0,-809.0,161.53499776,3,75.53499776,False,0,6849.592000000001,37.0
5605.853333333336,-2084.023934725624,-776.3168039292407,165.0,3,79.0,False,0,6849.691000000001,37.0
5610.685547698931,-2113.0,-736.0,168.96785462857142,3,81.88571245714286,False,0,6849.792,37.0
5619.542222222225,-2178.146600305849,-626.7345623423678,176.0,3,87.0,False,0,6849.9710000000005,37.0
5622.612503183957,-2199.0,-584.0,177.96071222857142,3,89.83213988571428,False,0,6850.032,37.0
5633.931111111114,-2255.8023338938233,-425.60846557301494,185.0,4,100.0,False,0,6850.251,37.0
5637.209646533711,-2267.0,-388.0,187.71110826666666,4,100.0,False,0,6850.312000000001,37.0
5654.031111111114,-2295.1186432492523,-268.1531525274932,201.0,4,100.0,False,0,6850.611000000001,37.0
5664.675164145334,-2304.0,-191.0,207.5361088,4,100.0,False,0,6850.792,37.0
5674.283013806102,-2312.0,-98.0,213.31388657777777,4,100.0,False,0,6850.952,37.0
5675.431111111114,-2312.7030240815966,-86.56975586860096,214.0,5,100.0,False,0,6850.9710000000005,37.0
5681.5596506182455,-2315.0,-26.0,216.5249984,5,100.0,False,0,6851.072,37.0
5690.09777777778,-2312.824831956921,56.36505849119026,220.0,5,100.0,False,0,6851.211,37.0
5691.402481627541,-2312.0,69.0,220.5249984,5,100.0,False,0,6851.232,37.0
5706.575728633141,-2294.0,218.0,226.5249984,5,100.0,False,0,6851.472000000001,37.0
5710.364444444447,-2287.2793206862693,254.7845919229348,228.0,5,100.0,False,0,6851.531,37.0
5723.299444444447,-2257.1996908407914,378.3459860063509,234.0,5,100.0,False,0,6851.7300000000005,37.0
5724.746092046937,-2253.0,392.0,234.47142582857143,5,100.0,False,0,6851.752,37.0
5741.966111111114,-2190.5709473902775,551.7711588606577,240.0,6,100.0,False,0,6852.01,37.0
5742.101374931726,-2190.0,553.0,240.0499968,6,100.0,False,0,6852.012000000001,37.0
5757.12791208803,-2120.0,687.0,245.5499968,6,100.0,False,0,6852.232,37.0
5758.366111111113,-2113.7577638883267,697.8679905439313,246.0,6,100.0,False,0,6852.25,37.0
5770.942074355236,-2045.0,809.0,248.2749984,6,100.0,False,0,6852.432000000001,37.0
5785.045903740005,-1954.0,939.0,250.7875008,6,100.0,False,0,6852.633000000001,37.0
5786.255000000003,-1946.7158604273634,949.2017867203049,251.0,6,100.0,False,0,6852.650000000001,37.0
5806.4772222222255,-1832.225269573077,1107.3347678199905,260.0,6,100.0,False,0,6852.93,37.0
5811.0709898304385,-1796.0,1156.0,261.17391470267415,6,100.0,False,0,6852.993,37.0
5817.286725526687,-1737.6071628741256,1233.78766220117,262.7577650714097,6,100.0,False,0,6853.078,37.0
0.11463537908833665,-1725.9092619681603,1249.3025793627235,262.7577650714097,6,100.0,False,0,6853.078,38.0
1.0730555555555554,-1716.5422149302046,1261.7282269453895,263.0,6,100.0,False,0,6853.091,38.0
5.664814641355219,-1677.0,1314.0,264.3562528,6,100.0,False,0,6853.153,38.0
25.073055555555555,-1592.2144137308367,1422.5073173217056,270.0,7,100.0,False,0,6853.411,38.0
32.820523537392724,-1561.0,1461.0,272.5500032,7,100.0,False,0,6853.513000000001,38.0
37.25083333333333,-1538.769563996756,1488.503735947734,274.0,7,100.0,False,0,6853.571000000001,38.0
52.695277777777775,-1440.2760284671058,1612.1596903089105,278.0,7,100.0,False,0,6853.771000000001,38.0
54.409139347945576,-1428.0,1628.0,278.33000192,7,100.0,False,0,6853.793000000001,38.0
74.87343915499697,-1278.0,1827.0,282.22999808,7,100.0,False,0,6854.053000000001,38.0
84.25083333333333,-1229.428280887999,1893.1424108606511,284.0,7,100.0,False,0,6854.171,38.0
98.72355528153865,-1166.0,1981.0,287.61999872,7,100.0,False,0,6854.352000000001,38.0
100.25083333333333,-1158.1740978021478,1991.8061313114863,288.0,7,100.0,False,0,6854.371,38.0
116.41750000000002,-1063.6648097901461,2122.0258420610226,291.0,7,100.0,False,0,6854.571000000001,38.0
121.36995445394328,-1034.0,2163.0,291.5083328,7,100.0,False,0,6854.6320000000005,38.0
134.39974567157296,-958.0,2268.0,292.8416661333333,7,100.0,False,0,6854.792,38.0
135.95083333333335,-949.0919354287334,2280.1805191514663,293.0,7,100.0,False,0,6854.811000000001,38.0
144.20956045545327,-900.0,2347.0,294.00999936,7,100.0,False,0,6854.912,38.0
152.33972222222224,-841.9522278021409,2426.6686777526706,295.0,7,100.0,False,0,6855.011,38.0
173.98724844324184,-678.0,2654.0,297.89999928888886,7,100.0,False,0,6855.272000000001,38.0
182.23972222222224,-637.8831386868104,2710.1961353394545,299.0,7,100.0,False,0,6855.371,38.0
202.30638888888888,-563.4075412008374,2817.4046488397335,301.0,7,100.0,False,0,6855.611000000001,38.0
202.39036295813295,-563.0,2818.0,301.0107136,7,100.0,False,0,6855.612,38.0
217.56616614879493,-478.0,2943.0,302.9392850285714,7,100.0,False,0,6855.792,38.0
225.95083333333335,-431.33521055465695,3012.451861868456,304.0,7,100.0,False,0,6855.8910000000005,38.0
231.12754252677445,-403.0,3055.0,304.30499968,7,100.0,False,0,6855.952,38.0
248.14764500863157,-310.0,3196.0,305.30499968,7,100.0,False,0,6856.152,38.0
259.9508333333333,-244.67623157267136,3293.656957280709,306.0,7,100.0,False,0,6856.291,38.0
310.4508333333333,49.47313878581082,3708.062025120713,303.0,7,100.0,False,0,6856.8910000000005,38.0
317.2403373827833,92.0,3763.0,302.4214290285714,7,100.0,False,0,6856.972000000001,38.0
333.8619444444444,196.5123995175983,3893.402235058284,301.0,7,100.0,False,0,6857.171,38.0
333.94501753919553,197.0,3894.0,300.9886370909091,7,100.0,False,0,6857.1720000000005,38.0
348.8202782135336,295.0,4007.0,298.94318254545453,7,100.0,False,0,6857.352000000001,38.0
363.5759934014037,482.0,4192.0,296.897728,7,100.0,False,0,6857.532,38.0
370.0397222222222,550.8367812699543,4252.9765355069085,296.0,7,100.0,False,0,6857.611000000001,38.0
396.1730555555555,717.5669852008352,4358.758290212656,294.0,7,100.0,False,0,6857.9310000000005,38.0
396.2547370444287,718.0,4359.0,294.0,7,100.0,False,0,6857.932000000001,38.0
409.23972222222216,783.8812727252068,4395.88704423918,294.0,7,100.0,False,0,6858.091,38.0
425.436111111111,909.1465160892201,4442.496129524716,293.0,7,100.0,False,0,6858.290000000001,38.0
425.59910340107933,911.0,4443.0,293.0,7,100.0,False,0,6858.292,38.0
438.45833333333326,1094.2762537381473,4484.90493695028,293.0,7,100.0,False,0,6858.450000000001,38.0
448.211595119311,1228.0,4510.0,289.34000384,7,100.0,False,0,6858.572,38.0
454.4027777777777,1288.528995092675,4518.974626405763,287.0,7,100.0,False,0,6858.650000000001,38.0
470.2361111111111,1375.7228733247687,4520.711568569375,285.0,7,100.0,False,0,6858.85,38.0
478.2597792834084,1437.0,4520.0,284.1500010666667,7,100.0,False,0,6858.952,38.0
486.08863301764154,1516.0,4520.0,283.31666773333336,7,100.0,False,0,6859.052000000001,38.0
498.436111111111,1635.6412710663474,4516.505152827695,282.0,7,100.0,False,0,6859.21,38.0
506.4820770877476,1719.0,4510.0,281.5708330666667,7,100.0,False,0,6859.313,38.0
517.1694444444444,1847.442144178084,4494.821619507838,281.0,7,100.0,False,0,6859.450000000001,38.0
529.8479062648122,1998.0,4474.0,280.1890554233808,7,100.0,False,0,6859.613,38.0
532.8027777777777,2027.5938525254214,4469.974592598647,280.0,7,100.0,False,0,6859.651000000001,38.0
557.6916666666665,2227.558262539918,4447.083129358566,280.0,7,100.0,False,0,6859.9710000000005,38.0
559.4001444542703,2243.0,4446.0,279.93888853333334,7,100.0,False,0,6859.993,38.0
571.8100853211789,2366.0,4440.0,279.4944440888889,7,100.0,False,0,6860.153,38.0
585.5916666666665,2504.5087241244146,4439.259953354962,279.0,7,100.0,False,0,6860.331,38.0
595.0262865988445,2598.0,4443.0,278.6187504,7,100.0,False,0,6860.453,38.0
610.3027777777776,2747.4903489335716,4457.775507703645,278.0,7,100.0,False,0,6860.651000000001,38.0
610.4567111703074,2749.0,4458.0,277.99000064,7,100.0,False,0,6860.653,38.0
627.2685652238683,2914.0,4493.0,276.89500032,7,100.0,False,0,6860.872,38.0
633.3939564473884,2973.0,4511.0,276.49500032,7,100.0,False,0,6860.952,38.0
640.9694444444442,3044.9565887336057,4535.032934803689,276.0,7,100.0,False,0,6861.051,38.0
650.2186888579937,3131.0,4568.0,275.2437504,7,100.0,False,0,6861.1720000000005,38.0
653.1916666666664,3158.1896826259263,4579.856845083829,275.0,7,100.0,False,0,6861.211,38.0
666.9217659610249,3281.0,4642.0,273.19000064,7,100.0,False,0,6861.392000000001,38.0
668.3583333333331,3293.586438506241,4649.06779881172,273.0,7,100.0,False,0,6861.411,38.0
680.5018217153192,3398.0,4713.0,272.2681821090909,7,100.0,False,0,6861.572,38.0
692.5302675186783,3498.0,4784.0,271.5409093818182,7,100.0,False,0,6861.732000000001,38.0
701.4805555555553,3569.8933198502427,4840.636192434346,271.0,7,100.0,False,0,6861.851000000001,38.0
716.5361111111109,3684.155186834023,4940.516918675464,271.0,7,100.0,False,0,6862.051,38.0
719.6238727392858,3706.0,4961.0,271.0,7,100.0,False,0,6862.092000000001,38.0
728.5805555555553,3767.917956930549,5021.798023048618,271.0,7,100.0,False,0,6862.211,38.0
731.6600490178506,3793.0,5047.0,270.82916693333334,7,100.0,False,0,6862.252,38.0
746.5805555555553,3947.071337213015,5202.88045915917,270.0,7,100.0,False,0,6862.451,38.0
749.6588702453826,3974.0,5230.0,270.2562496,7,100.0,False,0,6862.492,38.0
758.6249999999998,4031.0519653667407,5286.807509773829,271.0,7,100.0,False,0,6862.611000000001,38.0
770.6694444444443,4078.949617473404,5332.4425880012495,271.0,7,100.0,False,0,6862.771000000001,38.0
775.0230578675753,4104.0,5356.0,264.9000064,7,80.93752,False,0,6862.832,38.0
789.4900825020238,4221.0,5465.0,242.9000064,7,12.187519999999992,False,0,6863.052000000001,38.0
791.9138888888887,4239.972230558798,5482.274352639641,239.0,7,0.0,True,0,6863.091,38.0
802.7048833040251,4327.0,5559.0,216.375008,7,0.0,True,0,6863.272000000001,38.0
803.8027777777775,4338.593218193661,5569.013307806955,214.0,7,0.0,True,0,6863.291,38.0
812.7805555555552,4445.432041794729,5660.51541190652,202.0,7,0.0,True,0,6863.451,38.0
812.8346573887352,4446.0,5661.0,201.91500544,7,0.0,True,0,6863.452,38.0
823.058333333333,4520.482136608085,5724.166443903619,185.0,5,0.0,True,0,6863.651000000001,38.0
834.1214503636189,4575.0,5766.0,166.9250048,5,0.0,True,0,6863.892000000001,38.0
835.8138888888885,4588.268450913969,5775.741115272573,164.0,3,0.0,True,0,6863.9310000000005,38.0
841.7458678271443,4642.0,5814.0,155.187504,3,0.0,True,0,6864.072,38.0
845.7472222222219,4676.628670271538,5836.536935755241,149.0,3,0.0,True,0,6864.171,38.0
848.9258972371451,4704.0,5852.0,145.7093776,3,0.0,True,0,6864.252,38.0
856.4250224890279,4773.0,5880.0,137.5843776,3,0.0,True,0,6864.452,38.0
857.8361111111108,4786.653603448491,5884.069049106588,136.0,3,0.0,True,0,6864.491,38.0
865.52525062683,4865.0,5899.0,129.55416853333332,3,0.0,True,0,6864.712,38.0
870.8459011916225,4922.0,5901.0,124.88750186666667,3,0.0,True,0,6864.872,38.0
874.1027777777774,4956.229977454315,5899.107892345273,122.0,2,0.0,True,0,6864.9710000000005,38.0
877.3983578817289,4990.0,5895.0,119.46231398196937,2,0.0,True,0,6865.072,38.0
880.5702777777774,5021.510283164895,5889.097841964534,117.0,2,0.0,True,0,6865.17,38.0
885.1136549086012,5065.0,5877.0,115.2250016,2,0.0,True,0,6865.312000000001,38.0
885.6813888888885,5070.332758448273,5875.144893015219,115.0,2,0.0,True,0,6865.330000000001,38.0
890.0833626817432,5111.0,5858.0,112.16000256,2,0.0,True,0,6865.472000000001,38.0
891.8480555555551,5126.913425761906,5849.750470225894,111.0,2,0.0,False,0,6865.530000000001,38.0
896.0943384836551,5164.0,5827.0,108.16000256,2,0.0,False,0,6865.6720000000005,38.0
897.7924999999996,5178.262180275201,5816.989971462345,107.0,2,0.0,False,0,6865.7300000000005,38.0
904.127684667043,5228.0,5775.0,103.017856,2,0.0,False,0,6865.953,38.0
905.725833333333,5239.301714246515,5763.461803476339,102.0,2,0.0,False,0,6866.01,38.0
910.8418327756768,5272.0,5724.0,101.42990622901557,2,11.971969190672985,False,0,6866.193,38.0
914.7316666666662,5293.676860238338,5691.425322022967,101.0,2,21.0,False,0,6866.331,38.0
917.0712274336001,5305.0,5672.0,101.87857005714285,2,23.342853485714286,False,0,6866.4130000000005,38.0
922.8205555555551,5328.739157253632,5620.704789392703,104.0,2,29.0,False,0,6866.611000000001,38.0
922.8795021547601,5329.0,5620.0,104.0249984,2,29.05999616,False,0,6866.613,38.0
929.4734531532499,5358.0,5529.0,106.7750016,2,35.66000384,False,0,6866.8330000000005,38.0
934.9316666666662,5365.553856092715,5496.282867409815,109.0,2,41.0,False,0,6867.011,38.0
937.4743357249233,5368.0,5481.0,110.63999744,2,43.86999552,False,0,6867.093000000001,38.0
941.2094444444439,5373.678710117578,5447.485378509864,113.0,2,48.0,False,0,6867.211,38.0
946.5648100229677,5382.0,5393.0,117.5281232,2,54.0374976,False,0,6867.372,38.0
952.0538888888883,5385.794471333616,5348.058837621499,122.0,2,60.0,False,0,6867.531000000001,38.0
956.3041098055188,5390.0,5298.0,125.62999808,2,63.0249984,False,0,6867.652,38.0
959.1649999999995,5394.964757783069,5249.759869261039,128.0,2,65.0,False,0,6867.731000000001,38.0
963.7114157636123,5404.0,5172.0,133.2937472,2,68.781248,False,0,6867.852000000001,38.0
965.1649999999995,5406.588673045572,5152.960887341293,135.0,2,70.0,False,0,6867.8910000000005,38.0
976.4442471677982,5425.0,5076.0,126.9750016,2,7.5833457777777795,False,0,6868.212,38.0
977.7649999999995,5427.742641111457,5067.542594597994,126.0,2,0.0,True,0,6868.251,38.0
984.3761111111106,5444.693980899198,5018.175457109498,119.0,2,0.0,True,0,6868.451,38.0
988.1170654256605,5459.0,4986.0,113.958336,2,0.0,True,0,6868.572,38.0
991.6427777777773,5476.535112285006,4953.777822476024,109.0,2,0.0,True,0,6868.691000000001,38.0
992.8357888586373,5483.0,4943.0,107.77000192,2,0.0,True,0,6868.732000000001,38.0
997.3649999999996,5508.837778209747,4904.225343475546,103.0,1,0.0,True,0,6868.8910000000005,38.0
997.393063966804,5509.0,4904.0,102.9833344,1,0.0,True,0,6868.892000000001,38.0
1003.9649999999996,5551.032105012058,4853.872785625014,99.0,1,0.0,True,0,6869.131,38.0
1004.5311966957557,5556.0,4849.0,98.70000091428571,1,0.0,True,0,6869.152,38.0
1011.3538888888884,5628.776117541574,4786.177568841902,95.0,1,0.0,True,0,6869.411,38.0
1011.3795119363501,5629.0,4786.0,94.98409192727273,1,0.0,True,0,6869.412,38.0
1019.2850134505394,5676.0,4757.0,89.89318283636364,1,0.0,True,0,6869.732000000001,38.0
1022.109444444444,5700.267287379637,4746.335261747884,88.0,1,0.0,False,0,6869.851000000001,38.0
1024.4664562009395,5723.0,4738.0,85.89583466666667,1,0.0,False,0,6869.952,38.0
1027.6427777777774,5753.188194761329,4730.991323175823,83.0,1,0.0,False,0,6870.091,38.0
1028.5627167878765,5762.0,4730.0,82.54444515555555,1,0.7972209777777778,False,0,6870.1320000000005,38.0
1035.1279314417102,5826.0,4738.0,79.21111182222222,1,6.630554311111111,False,0,6870.432000000001,38.0
1035.5427777777775,5829.9798522857445,4739.363360232484,79.0,1,7.0,False,0,6870.451,38.0
1039.9316666666664,5870.804299792489,4758.886372625335,79.0,1,10.0,False,0,6870.651000000001,38.0
1039.953765546061,5871.0,4759.0,79.0062496,1,10.0124992,False,0,6870.652,38.0
1043.487222222222,5900.940941315979,4778.6830764666,80.0,1,12.0,False,0,6870.811000000001,38.0
1044.848937951771,5912.0,4787.0,80.3812496,1,16.1937456,False,0,6870.872,38.0
1047.087222222222,5929.584585170752,4801.338533768367,81.0,1,23.0,False,0,6870.9710000000005,38.0
1049.4480112727942,5947.0,4817.0,83.01999872,1,27.03999744,False,0,6871.072,38.0
1051.8094444444441,5963.496072312596,4833.325561202777,85.0,1,31.0,False,0,6871.171,38.0
1054.2372729894419,5980.0,4851.0,86.08214217142857,1,35.32856868571429,False,0,6871.272000000001,38.0
1058.1723659895674,6006.0,4881.0,87.79642788571428,1,42.18571154285714,False,0,6871.432000000001,38.0
1058.6538888888886,6009.068442126,4884.672778120094,88.0,1,43.0,False,0,6871.451,38.0
1063.399507494726,6038.0,4921.0,93.17142674285714,1,48.17142674285714,False,0,6871.6320000000005,38.0
1066.1205555555553,6053.482338392261,4942.499302111646,96.0,1,51.0,False,0,6871.731000000001,38.0
1071.3279969298658,6081.0,4984.0,101.83870627355842,1,54.89247084903894,False,0,6871.912,38.0
1074.2580555555553,6095.378332282067,5006.82339284927,105.0,1,57.0,False,0,6872.01,38.0
1078.0055869393627,6114.0,5039.0,109.26999552,1,58.82999808,False,0,6872.1320000000005,38.0
1080.4802777777777,6127.19305242106,5064.185753231657,112.0,1,60.0,False,0,6872.21,38.0
1085.2066466253414,6151.0,5113.0,116.9156272,1,63.5750016,False,0,6872.353,38.0
1091.413611111111,6171.840813801333,5160.306613099783,123.0,2,68.0,False,0,6872.530000000001,38.0
1095.2178605001295,6183.0,5189.0,128.1286352540774,2,69.70954508469246,False,0,6872.633000000001,38.0
1100.451111111111,6199.649942169707,5235.225259028442,135.0,2,72.0,False,0,6872.771000000001,38.0
1105.1234677637833,6215.0,5280.0,138.0499968,2,77.3374944,False,0,6872.893,38.0
1106.6288888888887,6219.732514865002,5294.093798842688,139.0,3,79.0,False,0,6872.9310000000005,38.0
1112.5579913021365,6237.0,5348.0,146.39584,3,84.916672,False,0,6873.073,38.0
1124.608879181059,6266.0,5456.0,159.93749333333332,3,95.74999466666667,False,0,6873.3330000000005,38.0
1128.4955555555553,6274.846355112686,5489.97711693989,164.0,3,99.0,False,0,6873.411,38.0
1132.7140483902442,6284.0,5527.0,167.607994368,3,99.081999872,False,0,6873.493,38.0
1185.1505871431937,6326.0,6057.0,207.16399718399998,3,99.980999936,False,0,6874.392000000001,38.0
1186.273333333333,6324.630904144734,6070.240193565833,208.0,5,100.0,False,0,6874.411,38.0
1195.6955555555553,6308.924605707177,6183.536312423878,212.0,5,100.0,False,0,6874.571000000001,38.0
1201.651966822691,6299.0,6244.0,212.0,5,100.0,False,0,6874.6720000000005,38.0
1214.5399999999997,6277.146588929908,6342.4029730496,212.0,5,100.0,False,0,6874.8910000000005,38.0
1216.9306292641668,6268.0,6369.0,212.0,5,100.0,False,0,6874.932000000001,38.0
1226.3177777777778,6211.014868435295,6513.8075705074425,212.0,5,100.0,False,0,6875.091,38.0
1232.673615002508,6176.0,6597.0,219.01388444444444,5,100.0,False,0,6875.192,38.0
1250.0177777777778,6130.835401529839,6685.822608305133,237.0,6,100.0,False,0,6875.451,38.0
1255.50493529209,6113.0,6713.0,239.0249984,6,100.0,False,0,6875.532,38.0
1271.7955555555557,6025.855140215279,6843.23679999241,245.0,6,100.0,False,0,6875.771000000001,38.0
1278.7315673685102,5982.0,6902.0,246.2624992,6,100.0,False,0,6875.872,38.0
1288.328888888889,5919.835691930421,6975.435464984405,248.0,6,100.0,False,0,6876.011,38.0
1295.3406450855446,5873.0,7026.0,249.51499904,6,100.0,False,0,6876.112,38.0
1302.2733333333333,5824.528101112489,7075.486063090531,251.0,6,100.0,False,0,6876.211,38.0
1302.3437993326995,5824.0,7076.0,251.031248,6,100.0,False,0,6876.212,38.0
1313.651111111111,5727.670239999937,7162.754739035036,256.0,6,100.0,False,0,6876.371,38.0
1323.8077143512876,5640.0,7236.0,258.81999872,6,100.0,False,0,6876.512000000001,38.0
1328.0955555555554,5607.274248861579,7262.598534698414,260.0,6,100.0,False,0,6876.571000000001,38.0
1348.7066666666665,5467.539767236067,7370.59176630569,265.0,6,100.0,False,0,6876.851000000001,38.0
1348.7805559165924,5467.0,7371.0,265.00999936,6,100.0,False,0,6876.852000000001,38.0
1359.1375423968852,5384.0,7434.0,266.40999936,6,100.0,False,0,6876.992,38.0
1363.5399999999997,5340.734358776512,7467.759375912831,267.0,7,100.0,False,0,6877.051,38.0
1381.7399999999998,5130.244649657842,7636.640938275456,273.0,7,100.0,False,0,6877.291,38.0
1387.926239697102,5078.0,7679.0,274.0124992,7,100.0,False,0,6877.372,38.0
1400.1399999999996,5019.756168748298,7726.730890271625,276.0,7,100.0,False,0,6877.531000000001,38.0
1412.674382238629,4970.0,7769.0,278.41499904,7,100.0,False,0,6877.692,38.0
1431.4733333333331,4828.2930493215135,7889.791759115838,282.0,7,100.0,False,0,6877.9310000000005,38.0
1434.7013198463658,4803.0,7911.0,282.40999936,7,100.0,False,0,6877.972000000001,38.0
1437.8512162797701,4779.0,7931.0,282.80999936,7,100.0,False,0,6878.012000000001,38.0
1447.251111111111,4710.559488234593,7988.701877670391,284.0,7,100.0,False,0,6878.131,38.0
1468.112842181199,4550.0,8127.0,287.2624992,7,100.0,False,0,6878.392000000001,38.0
1472.851111111111,4504.019381423241,8166.597976283591,288.0,7,100.0,False,0,6878.451,38.0
1484.1930613722036,4392.0,8263.0,289.41708432817387,7,100.0,False,0,6878.592000000001,38.0
1488.8816666666664,4354.196366622063,8295.516472616997,290.0,7,100.0,False,0,6878.650000000001,38.0
1515.0149999999999,4196.741923455542,8430.512718984053,294.0,7,100.0,False,0,6878.97,38.0
1515.2605639535514,4195.0,8432.0,294.0187488,7,100.0,False,0,6878.973000000001,38.0
1525.0866676183905,4120.0,8496.0,294.7687488,7,100.0,False,0,6879.093000000001,38.0
1528.126111111111,4096.578275310483,8516.00859522948,295.0,7,100.0,False,0,6879.13,38.0
1546.5897899190882,3958.0,8635.0,297.0226766110007,7,100.0,False,0,6879.353,38.0
1564.7536111111108,3823.1950650780054,8752.568220954015,299.0,7,100.0,False,0,6879.571000000001,38.0
1566.5861579541242,3809.0,8765.0,299.11000064,7,100.0,False,0,6879.593000000001,38.0
1581.4202777777778,3688.837588755948,8870.389503039514,300.0,7,100.0,False,0,6879.771000000001,38.0
1586.5994373025749,3646.0,8908.0,300.31000064,7,100.0,False,0,6879.8330000000005,38.0
1598.1425,3550.1893809772096,8992.168292377077,301.0,7,100.0,False,0,6879.9710000000005,38.0
1611.5202777777777,3442.2593771099873,9087.01270666449,301.0,7,100.0,False,0,6880.131,38.0
1620.0482464588017,3383.0,9139.0,301.0,7,100.0,False,0,6880.233,38.0
1638.2758333333331,3281.195711430905,9228.030626832893,301.0,7,100.0,False,0,6880.451,38.0
1650.0660659175005,3181.0,9316.0,301.0,7,100.0,False,0,6880.592000000001,38.0
1658.3424999999997,3076.6757495782203,9407.843223523738,301.0,7,100.0,False,0,6880.691000000001,38.0
1668.4542212122865,2955.0,9515.0,301.0,7,100.0,False,0,6880.812000000001,38.0
1688.4424999999997,2876.2050468267644,9583.866555639479,301.0,7,100.0,False,0,6881.051,38.0
1693.5565487943622,2854.0,9603.0,301.30499968,7,100.0,False,0,6881.112,38.0
1705.2202777777775,2771.3256153722323,9674.277566304358,302.0,7,100.0,False,0,6881.251,38.0
1713.6904394200737,2702.0,9734.0,302.0,7,100.0,False,0,6881.352000000001,38.0
1725.353611111111,2613.171295481432,9810.549186731114,302.0,7,100.0,False,0,6881.491,38.0
1727.118151785658,2600.0,9822.0,302.07499977142857,7,100.0,False,0,6881.512000000001,38.0
1743.951596219983,2474.0,9933.0,302.7892854857143,7,100.0,False,0,6881.712,38.0
1748.9202777777778,2435.5237108305214,9966.9646613345,303.0,7,100.0,False,0,6881.771000000001,38.0
1762.3869444444445,2324.6608724075536,10064.878900426114,303.0,7,100.0,False,0,6881.9310000000005,38.0
1765.8306940134921,2293.0,10093.0,302.8718752,7,100.0,False,0,6881.972000000001,38.0
1789.2313888888887,2048.9090920768244,10311.297633430113,302.0,7,100.0,False,0,6882.251,38.0
1794.36790213938,2000.0,10355.0,302.2541664,7,100.0,False,0,6882.312000000001,38.0
1809.431388888889,1878.186220224239,10463.361458891024,303.0,7,100.0,False,0,6882.491,38.0
1825.9869444444444,1777.4188687372894,10551.638858256802,298.0,7,100.0,False,0,6882.691000000001,38.0
1826.0683934281524,1777.0,10552.0,297.94000384,7,99.500032,False,0,6882.692,38.0
1841.8758333333333,1707.9446446485063,10609.880619716832,286.0,7,0.0,True,0,6882.8910000000005,38.0
1849.4219060757591,1666.0,10642.0,277.1625056,7,0.0,True,0,6882.992,38.0
1864.8091666666667,1533.5667907039388,10736.983294150947,258.0,7,0.0,True,0,6883.211,38.0
1872.9630611730624,1456.0,10787.0,247.11000576,7,0.0,True,0,6883.332,38.0
1878.1425,1408.8190525144569,10814.235625641497,240.0,6,0.0,True,0,6883.411,38.0
1887.0798016151355,1330.0,10854.0,231.187504,6,0.0,True,0,6883.552000000001,38.0
1893.1425000000002,1277.1808261055737,10877.19372886447,225.0,5,0.0,True,0,6883.651000000001,38.0
1899.159275047192,1217.0,10899.0,216.7937552,5,0.0,True,0,6883.752,38.0
1902.5647222222224,1174.9128977419873,10911.860809039488,212.0,5,0.0,True,0,6883.811000000001,38.0
1909.248514168192,1087.0,10935.0,204.60555946666668,5,0.33611093333333336,True,0,6883.932000000001,38.0
1921.5647222222224,987.558631998497,10948.37304997892,190.0,4,1.0,True,0,6884.171,38.0
1924.6173629566033,962.0,10949.0,187.3312528,4,1.0,True,0,6884.232000000001,38.0
1937.2091666666668,823.7660255479435,10948.4554374964,176.0,4,1.0,True,0,6884.491,38.0
1938.204497970524,813.0,10948.0,175.32500205714285,4,1.0,True,0,6884.512000000001,38.0
1947.50305767266,721.0,10939.0,168.89643062857144,4,1.0,True,0,6884.712,38.0
1950.1980555555558,695.6737768541941,10933.9320116183,167.0,3,1.0,True,0,6884.771000000001,38.0
1955.6662735379423,645.0,10920.0,164.7312512,3,1.7562495999999999,True,0,6884.892000000001,38.0
1964.5091666666667,561.6588507691861,10886.724246871754,161.0,3,3.0,False,0,6885.091,38.0
1966.3125474694366,543.0,10877.0,160.3138087862604,3,4.200834624044285,False,0,6885.1320000000005,38.0
1974.9322222222224,446.29194748330053,10816.056867991869,157.0,3,10.0,False,0,6885.330000000001,38.0
1977.5998419766406,422.0,10798.0,156.07000192,3,12.78999424,False,0,6885.392000000001,38.0
1983.4877777777779,386.2540680698795,10765.234794482381,154.0,3,19.0,False,0,6885.530000000001,38.0
1991.2159204974412,356.0,10722.0,152.16999936,3,29.06500352,False,0,6885.713000000001,38.0
1991.9322222222224,352.6026406900118,10716.86919359461,152.0,3,30.0,False,0,6885.7300000000005,38.0
2003.7966666666669,288.4124385621789,10611.780062505784,152.0,3,41.0,False,0,6886.011,38.0
2003.8817345419454,288.0,10611.0,152.0249984,3,41.0874944,False,0,6886.013000000001,38.0
2006.4395459094949,276.0,10587.0,152.7750016,3,43.7125056,False,0,6886.073,38.0
2010.6411111111115,255.70340073970033,10537.53044036934,154.0,3,48.0,False,0,6886.171,38.0
2019.307777777778,215.12577136885102,10412.011393353643,156.0,3,53.0,False,0,6886.371,38.0
2022.8931082224567,205.0,10376.0,157.0249984,3,56.5874944,False,0,6886.453,38.0
2026.3300000000004,199.64767565053722,10353.176858335657,158.0,3,60.0,False,0,6886.531000000001,38.0
2035.3300000000002,197.04013201372447,10313.638521531358,162.0,3,71.0,False,0,6886.731000000001,38.0
2035.4220135556996,197.0,10313.0,162.0444416,3,71.0777728,False,0,6886.733,38.0
2045.8063997244712,190.0,10210.0,166.9333361777778,3,79.63333831111112,False,0,6886.953,38.0
2052.33,185.570798734356,10123.096572427048,170.0,3,85.0,False,0,6887.091,38.0
2059.77206389234,181.0,10028.0,167.58500096,3,50.7875136,False,0,6887.252,38.0
2070.552222222222,174.26241142941743,9947.76348816401,164.0,3,0.0,True,0,6887.491,38.0
2073.2698517639055,171.0,9926.0,162.093752,3,0.0,True,0,6887.552000000001,38.0
2077.6188888888887,163.6712049601599,9883.718235684542,159.0,3,0.0,True,0,6887.651000000001,38.0
2081.9181513771437,155.0,9842.0,154.5812528,3,0.0,True,0,6887.752,38.0
2084.374444444444,150.04352879202145,9823.19877985863,152.0,3,0.0,True,0,6887.811000000001,38.0
2091.683732030946,132.0,9777.0,145.66500224,3,0.0,True,0,6887.992,38.0
2092.43,129.35909407210818,9771.042228782628,145.0,3,0.0,True,0,6888.011,38.0
2098.5888829640385,102.0,9714.0,139.968752,3,0.0,True,0,6888.1720000000005,38.0
2104.43,71.56940495995028,9664.795360973792,135.0,2,0.0,True,0,6888.331,38.0
2108.0407009144533,48.0,9635.0,130.5812528,2,0.0,True,0,6888.432000000001,38.0
2110.1188888888887,31.959891830169525,9617.16127476685,128.0,2,0.0,True,0,6888.491,38.0
2118.3951215374623,-42.0,9548.0,124.38500096,2,0.0,True,0,6888.732000000001,38.0
2123.6744444444444,-82.95135557808842,9517.60251826474,122.0,2,0.0,True,0,6888.8910000000005,38.0
2130.1188888888887,-128.23383800410636,9492.49825616643,116.0,2,0.0,True,0,6889.091,38.0
2132.0440878245563,-143.0,9485.0,115.15277866666666,2,0.0,True,0,6889.152,38.0
2137.618075441791,-195.0,9463.0,112.65277866666666,2,0.0,True,0,6889.332,38.0
2141.2188888888886,-251.36618307507942,9449.453286674387,111.0,2,0.0,False,0,6889.451,38.0
2143.632160148394,-290.0,9443.0,109.55357257142857,2,0.0,False,0,6889.532,38.0
2149.463333333333,-357.16316992495865,9442.214871207716,106.0,2,0.0,False,0,6889.731000000001,38.0
2154.1337722438398,-393.0,9448.0,104.65833386666667,2,0.6708330666666666,False,0,6889.892000000001,38.0
2156.3966666666665,-407.3659433699632,9450.409275386137,104.0,2,1.0,False,0,6889.9710000000005,38.0
2164.252222222222,-450.90276764859533,9462.99538029993,101.0,2,10.0,False,0,6890.251,38.0
2167.626828805947,-487.0,9484.0,101.0,2,16.65499648,False,0,6890.372,38.0
2169.863333333333,-518.6899074072808,9504.411241304511,101.0,2,21.0,False,0,6890.451,38.0
2172.7893782719166,-558.0,9531.0,102.578124,2,24.4718728,False,0,6890.552000000001,38.0
2179.285555555555,-591.011529827378,9558.189419858067,106.0,2,32.0,False,0,6890.771000000001,38.0
2182.8709504410117,-605.0,9575.0,106.7562496,2,38.0499968,False,0,6890.892000000001,38.0
2184.0411111111107,-611.5758771629472,9582.7084223231,107.0,2,40.0,False,0,6890.9310000000005,38.0
2188.3657043747094,-640.0,9617.0,109.517856,2,42.0142848,False,0,6891.072,38.0
2192.752222222222,-664.2957191491013,9652.245901804958,112.0,2,44.0,False,0,6891.211,38.0
2194.0655465459718,-671.0,9663.0,113.281248,2,44.7687488,False,0,6891.252,38.0
2197.9522222222217,-689.8765353201526,9695.500321275264,117.0,2,47.0,False,0,6891.371,38.0
2200.0127323951137,-699.0,9713.0,118.67749824,2,49.2874976,False,0,6891.432000000001,38.0
2207.8172370988,-728.0,9781.0,124.72749824,2,57.5374976,False,0,6891.652,38.0
2212.174444444444,-741.154009054999,9820.537830946738,128.0,2,62.0,False,0,6891.771000000001,38.0
2220.487580712521,-761.0,9898.0,134.50209405801667,2,67.5732234783,False,0,6891.993,38.0
2221.136944444444,-762.271896036005,9904.030479378138,135.0,2,68.0,False,0,6892.01,38.0
2225.1141725882117,-769.0,9943.0,137.5750016,2,66.28333226666666,False,0,6892.113,38.0
2230.5369444444436,-774.0426858741948,10013.798681379225,141.0,2,64.0,False,0,6892.25,38.0
2237.1147222222216,-775.1290415103645,10101.996093562433,148.0,3,67.0,False,0,6892.410000000001,38.0
2238.0898699935933,-775.0,10112.0,148.7823152155741,3,67.83446956327903,False,0,6892.433,38.0
2252.454246854916,-766.0,10207.0,159.66667053665967,3,79.44444857243698,False,0,6892.753000000001,38.0
2257.082222222222,-760.6655751894741,10245.473441652142,163.0,3,83.0,False,0,6892.851000000001,38.0
2262.970623829204,-750.0,10307.0,169.6083264,3,88.5916608,False,0,6892.973000000001,38.0
2268.815555555555,-732.4502028189746,10383.174152966063,176.0,3,94.0,False,0,6893.091,38.0
2273.998391835455,-715.0,10449.0,179.68333795555554,3,95.70000213333333,False,0,6893.193,38.0
2283.4613643281837,-685.0,10543.0,186.1833287111111,3,98.69999786666666,False,0,6893.3730000000005,38.0
2287.715555555555,-670.7652415554484,10581.798796856543,189.0,4,100.0,False,0,6893.451,38.0
2298.016038861749,-634.0,10673.0,196.85909643636364,4,100.0,False,0,6893.633000000001,38.0
2312.022837705191,-579.0,10797.0,207.1795426909091,4,100.0,False,0,6893.872,38.0
2313.1377777777775,-574.2431280576333,10806.900326284434,208.0,5,100.0,False,0,6893.8910000000005,38.0
2322.5599999999995,-532.2681797331164,10890.473038514654,212.0,5,100.0,False,0,6894.051,38.0
2322.619473297977,-532.0,10891.0,212.031248,5,100.0,False,0,6894.052000000001,38.0
2332.204444444444,-488.5967036382699,10975.774374828934,217.0,5,100.0,False,0,6894.211,38.0
2334.7211094111112,-477.0,10998.0,218.36666453333333,5,100.0,False,0,6894.252,38.0
2345.9936117688776,-424.0,11097.0,224.36666453333333,5,100.0,False,0,6894.432000000001,38.0
2347.2044444444437,-418.292218488236,11107.45598450724,225.0,5,100.0,False,0,6894.451,38.0
2356.3154091884003,-375.0,11185.0,230.87499733333334,5,100.0,False,0,6894.592000000001,38.0
2362.8711111111106,-342.58377745856177,11239.88957833113,235.0,5,100.0,False,0,6894.691000000001,38.0
2408.2226186318553,-94.0,11597.0,253.85293929411765,5,100.0,False,0,6895.332,38.0
2411.037777777777,-77.27654851167935,11617.883016043816,255.0,6,100.0,False,0,6895.371,38.0
2419.774808625485,-22.0,11684.0,257.0166656,6,100.0,False,0,6895.492,38.0
2437.137777777777,120.01388990728854,11836.720694444575,261.0,6,100.0,False,0,6895.731000000001,38.0
2447.535419604684,197.0,11915.0,264.5249984,6,100.0,False,0,6895.872,38.0
2451.915555555555,223.45149271425942,11941.146293568785,266.0,6,100.0,False,0,6895.9310000000005,38.0
2466.95099142462,305.0,12017.0,268.5124992,6,100.0,False,0,6896.1320000000005,38.0
2475.915555555555,369.8946571513487,12073.908698616433,270.0,7,100.0,False,0,6896.251,38.0
2485.069150856161,443.0,12135.0,271.81499904,7,100.0,False,0,6896.372,38.0
2491.0822222222214,490.27100925826744,12172.168737794567,273.0,7,100.0,False,0,6896.451,38.0
2497.287067361394,539.0,12209.0,274.44642742857144,7,100.0,False,0,6896.532,38.0
2512.7044444444437,662.8070209638792,12297.888726815818,278.0,7,100.0,False,0,6896.731000000001,38.0
2520.6266166901687,729.0,12340.0,279.68333226666664,7,100.0,False,0,6896.832,38.0
2536.445724574312,866.0,12415.0,283.0166656,7,100.0,False,0,6897.032,38.0
2541.1044444444437,905.7595913302597,12435.321778725222,284.0,7,100.0,False,0,6897.091,38.0
2545.9135328329476,951.0,12457.0,284.0,7,100.0,False,0,6897.152,38.0
2553.7266666666665,1044.0055369486822,12496.945858643016,284.0,7,100.0,False,0,6897.251,38.0
2569.6711111111103,1271.928932677724,12584.294010565573,287.0,7,100.0,False,0,6897.451,38.0
2576.1840783819493,1337.0,12608.0,287.84374933333334,7,100.0,False,0,6897.532,38.0
2600.5364918066143,1461.0,12645.0,290.96874933333334,7,100.0,False,0,6897.832,38.0
2608.604444444444,1534.363618132441,12665.265987693962,292.0,7,100.0,False,0,6897.9310000000005,38.0
2613.579350690157,1587.0,12679.0,292.7624992,7,100.0,False,0,6897.992,38.0
2621.671111111111,1677.6562027657849,12700.307421337893,294.0,7,100.0,False,0,6898.091,38.0
2644.844246781148,1940.0,12751.0,296.6343744,7,100.0,False,0,6898.372,38.0
2648.071111111111,1971.0435889229652,12756.268491299581,297.0,7,100.0,False,0,6898.411,38.0
2666.44898932311,2133.0,12780.0,297.92500053333333,7,100.0,False,0,6898.633000000001,38.0
2667.9377777777777,2147.069265868909,12781.793692222407,298.0,7,100.0,False,0,6898.651000000001,38.0
2681.099444444444,2279.373588932885,12797.303584602207,298.0,7,100.0,False,0,6898.81,38.0
2686.3533762755087,2331.0,12803.0,298.7850476830002,7,100.0,False,0,6898.8730000000005,38.0
2701.483041248233,2472.0,12818.0,301.02803559437467,7,100.0,False,0,6899.053000000001,38.0
2708.0277777777774,2535.6178138909745,12824.82133684589,302.0,7,100.0,False,0,6899.131,38.0
2718.2263774420253,2639.0,12836.0,301.39000064,7,100.0,False,0,6899.253000000001,38.0
2724.75,2706.6913983492404,12843.312528758266,301.0,7,100.0,False,0,6899.331,38.0
2738.3562133869873,2848.0,12858.0,301.89999928888886,7,100.0,False,0,6899.493,38.0
2755.05,3013.684278147789,12873.192424465817,303.0,7,100.0,False,0,6899.691000000001,38.0
2756.9059303641407,3032.0,12875.0,303.0687504,7,100.0,False,0,6899.713000000001,38.0
2775.4780877606368,3216.0,12895.0,303.7562496,7,100.0,False,0,6899.933,38.0
2782.0722222222225,3281.384893792346,12901.841984745895,304.0,7,100.0,False,0,6900.011,38.0
2790.7042604632857,3367.0,12911.0,304.36428617142855,7,100.0,False,0,6900.113,38.0
2800.873312039347,3468.0,12923.0,304.7928576,7,100.0,False,0,6900.233,38.0
2805.7944444444447,3516.973655362332,12928.659883447799,305.0,7,100.0,False,0,6900.291,38.0
2824.5779482784965,3704.0,12949.0,305.7892854857143,7,100.0,False,0,6900.512000000001,38.0
2829.594444444445,3753.7533474089396,12954.350510147615,306.0,7,100.0,False,0,6900.571000000001,38.0
2846.6788635783237,3923.0,12973.0,306.0,7,100.0,False,0,6900.772000000001,38.0
2860.194444444445,4057.542753095395,12989.280145107292,306.0,7,100.0,False,0,6900.9310000000005,38.0
2867.0821021351326,4126.0,12998.0,306.0,7,100.0,False,0,6901.012000000001,38.0
2882.381796688346,4278.0,13018.0,306.0,7,100.0,False,0,6901.192,38.0
2883.994444444445,4294.203689430874,13020.104733886099,306.0,7,100.0,False,0,6901.211,38.0
2890.863763580882,4363.0,13029.0,305.66250026666665,7,100.0,False,0,6901.292,38.0
2904.327777777778,4494.547632021698,13046.448125459325,305.0,7,100.0,False,0,6901.451,38.0
2906.104972834644,4514.0,13049.0,304.89500032,7,100.0,False,0,6901.472000000001,38.0
2921.216666666667,4710.722629211723,13074.226838984318,304.0,7,100.0,False,0,6901.651000000001,38.0
2937.9746178927235,4948.0,13100.0,301.2590917818182,7,89.9500032,False,0,6901.852000000001,38.0
2957.638888888889,5176.0730436882195,13112.071777954074,298.0,7,78.0,True,0,6902.091,38.0
2970.7645917697196,5281.0,13114.0,294.9812512,7,56.365633599999995,True,0,6902.252,38.0
2983.594444444445,5337.324202133496,13113.993277814801,292.0,7,35.0,False,0,6902.411,38.0
2994.8312865515068,5406.0,13102.0,288.4750016,7,33.2375008,False,0,6902.552000000001,38.0
3002.6611111111115,5493.940667170845,13081.614995602393,286.0,7,32.0,False,0,6902.651000000001,38.0
3018.3277777777785,5719.131911977723,13020.511217295432,282.0,7,35.0,False,0,6902.851000000001,38.0
3019.9507241844703,5739.0,13014.0,281.2125024,7,36.1812464,False,0,6902.872,38.0
3030.594444444445,5847.327413201807,12971.432353386877,276.0,7,44.0,False,0,6903.011,38.0
3053.424367258607,5994.0,12879.0,273.1781256,7,58.109372,False,0,6903.312000000001,38.0
3054.8611111111118,6002.790299784923,12872.910879402245,273.0,7,59.0,False,0,6903.331,38.0
3069.972222222223,6096.607216606144,12804.588270675227,272.0,7,70.0,False,0,6903.531000000001,38.0
3074.5809787382686,6128.0,12779.0,272.0,7,73.0499968,False,0,6903.592000000001,38.0
3085.083333333334,6205.629526892238,12710.064946992445,272.0,7,80.0,False,0,6903.731000000001,38.0
3089.6911018988667,6239.0,12677.0,272.0,7,80.91499904,False,0,6903.792,38.0
3100.1944444444453,6308.710034544626,12597.936820547236,272.0,7,83.0,False,0,6903.9310000000005,38.0
3107.8390863196637,6353.0,12541.0,272.36071405714284,7,89.13213897142857,False,0,6904.032,38.0
3121.427777777779,6417.742501746453,12445.430549251178,273.0,7,100.0,False,0,6904.211,38.0
3130.6559421482752,6470.0,12342.0,273.86428525714285,7,100.0,False,0,6904.332,38.0
3142.816666666667,6558.328089489726,12139.06036998001,275.0,7,100.0,False,0,6904.491,38.0
3144.4237670855537,6568.0,12116.0,275.08749973333335,7,100.0,False,0,6904.512000000001,38.0
3161.216666666667,6617.612895971355,11988.154755120735,276.0,7,100.0,False,0,6904.731000000001,38.0
3176.7557573571626,6638.0,11912.0,277.50749952,7,100.0,False,0,6904.932000000001,38.0
3192.216666666667,6680.43507299195,11764.521317582012,279.0,7,100.0,False,0,6905.131,38.0
3193.9272834485873,6685.0,11748.0,279.10000058181816,7,100.0,False,0,6905.153,38.0
3209.4906911424937,6722.0,11605.0,280.0090914909091,7,100.0,False,0,6905.353,38.0
3222.001353268979,6754.0,11476.0,280.7363642181818,7,100.0,False,0,6905.513000000001,38.0
3226.561111111112,6764.339972205161,11431.289277968317,281.0,7,100.0,False,0,6905.571000000001,38.0
3234.6118436470506,6781.0,11355.0,281.80526416842105,7,100.0,False,0,6905.673000000001,38.0
3287.1500000000005,6878.346022816075,10829.48375765893,287.0,7,100.0,False,0,6906.331,38.0
3288.9038973803094,6881.0,10812.0,287.0,7,100.0,False,0,6906.353,38.0
3299.905555555556,6896.5719723037655,10703.11779016423,287.0,7,100.0,False,0,6906.491,38.0
3303.2632740295676,6901.0,10670.0,287.2624992,7,100.0,False,0,6906.533,38.0
3325.594444444445,6927.141816808104,10448.780529491456,289.0,7,100.0,False,0,6906.811000000001,38.0
3327.365274457463,6929.0,10431.0,289.07857188571427,7,100.0,False,0,6906.8330000000005,38.0
3341.865003994735,6943.0,10287.0,289.7214281142857,7,100.0,False,0,6907.013000000001,38.0
3348.1500000000005,6948.236906138351,10230.395109541923,290.0,7,100.0,False,0,6907.091,38.0
3362.7313543303108,6960.0,10078.0,290.0,7,100.0,False,0,6907.272000000001,38.0
3364.261111111112,6961.416537011149,10055.410593600336,290.0,7,100.0,False,0,6907.291,38.0
3375.6155552967157,6972.0,9868.0,290.0,7,100.0,False,0,6907.432000000001,38.0
3377.1500000000005,6973.129157803112,9846.130639745134,290.0,7,100.0,False,0,6907.451,38.0
3393.372222222223,6979.414611666791,9690.76506470521,292.0,7,100.0,False,0,6907.651000000001,38.0
3414.544842708411,6981.0,9560.0,292.0,7,100.0,False,0,6907.912,38.0
3427.5195901250468,6984.0,9430.0,292.0,7,100.0,False,0,6908.072,38.0
3432.305555555556,6986.128928020859,9358.784061548602,292.0,7,100.0,False,0,6908.131,38.0
3446.9904105255214,6994.0,9123.0,292.0,7,100.0,False,0,6908.312000000001,38.0
3451.772222222223,6995.495041695281,9082.059707821289,292.0,7,100.0,False,0,6908.371,38.0
3469.6479412035706,7000.0,9020.0,291.3093752,7,100.0,False,0,6908.592000000001,38.0
3477.6388888888896,7005.801840906501,8950.78749446664,291.0,7,100.0,False,0,6908.691000000001,38.0
3487.392254849661,7016.0,8844.0,290.39500032,7,100.0,False,0,6908.812000000001,38.0
3493.750000000001,7024.046599448298,8778.212784802352,290.0,7,100.0,False,0,6908.8910000000005,38.0
3509.805555555556,7049.112460132618,8621.96930303511,289.0,7,100.0,False,0,6909.091,38.0
3513.09086283875,7055.0,8590.0,288.8535716571429,7,100.0,False,0,6909.1320000000005,38.0
3524.294511696059,7077.0,8480.0,288.3535716571429,7,100.0,False,0,6909.272000000001,38.0
3532.205555555556,7094.39882253545,8401.490410555165,288.0,7,100.0,False,0,6909.371,38.0
3540.2673313009454,7113.0,8323.0,287.6843752,7,100.0,False,0,6909.472000000001,38.0
3553.0198341875303,7145.0,8200.0,287.1843752,7,100.0,False,0,6909.6320000000005,38.0
3557.716666666667,7160.698435655719,8146.154149076985,287.0,7,100.0,False,0,6909.691000000001,38.0
3579.9611111111117,7250.885756665013,7865.88035329724,286.0,7,100.0,False,0,6909.9710000000005,38.0
3581.625655103291,7256.0,7851.0,285.91250026666665,7,100.0,False,0,6909.992,38.0
3598.9611111111117,7294.013800587642,7751.187234527267,285.0,7,100.0,False,0,6910.211,38.0
3602.2061649033676,7302.0,7732.0,285.0,7,100.0,False,0,6910.252,38.0
3611.627777777778,7330.548249944104,7664.159879148934,285.0,7,100.0,False,0,6910.371,38.0
3627.4611111111117,7395.171054808097,7502.3457156359145,285.0,7,100.0,False,0,6910.571000000001,38.0
3629.1179593576376,7403.0,7481.0,284.79000064,7,97.27000832,False,0,6910.592000000001,38.0
3643.1833333333334,7474.67287826658,7273.94890750696,283.0,7,74.0,False,0,6910.771000000001,38.0
3647.9548237258987,7494.0,7215.0,282.2375008,7,68.281256,False,0,6910.832,38.0
3655.6722222222224,7515.30321425581,7145.869272970691,281.0,7,59.0,False,0,6910.9310000000005,38.0
3677.2944444444447,7530.8986432315805,7040.509026674495,278.0,7,57.0,False,0,6911.211,38.0
3678.9051057983916,7532.0,7028.0,277.7375008,7,56.7375008,False,0,6911.232000000001,38.0
3689.6069333651276,7539.0,6926.0,275.9875008,7,54.9875008,False,0,6911.372,38.0
3695.6277777777777,7538.20719304279,6865.782393926271,275.0,7,54.0,False,0,6911.451,38.0
3701.7912910963105,7534.0,6804.0,274.55000035555554,7,56.92499768888889,False,0,6911.532,38.0
3717.0375718500827,7514.0,6650.0,273.43333404444445,7,64.18332871111112,False,0,6911.733,38.0
3722.927777777778,7503.557013841314,6591.011399005514,273.0,7,67.0,False,0,6911.811000000001,38.0
3734.9722222222226,7478.146328014327,6471.674762099135,271.0,7,74.0,False,0,6911.9710000000005,38.0
3742.656889763625,7460.0,6396.0,271.36428617142855,7,77.27857554285714,False,0,6912.073,38.0
3748.6946901662996,7445.0,6337.0,271.6500004571429,7,79.85000411428571,False,0,6912.153,38.0
3756.127777777778,7427.0160400865425,6267.3353401384375,272.0,7,83.0,False,0,6912.251,38.0
3771.35,7391.3592412245025,6125.516294409704,274.0,7,54.0,True,0,6912.451,38.0
3771.500589995113,7391.0,6124.0,273.9416704,7,53.8666752,True,0,6912.453,38.0
3783.399997411249,7363.0,5999.0,269.27500373333334,7,43.20000853333333,True,0,6912.613,38.0
3789.15,7351.5580088394945,5941.148648580129,267.0,7,38.0,True,0,6912.691000000001,38.0
3800.8833333333337,7333.191585995735,5828.408488233746,264.0,6,32.0,False,0,6912.851000000001,38.0
3801.0285669833806,7333.0,5827.0,263.9428608,6,31.9857152,False,0,6912.853,38.0
3819.538868257981,7317.0,5644.0,256.51428205714285,6,30.128570514285713,False,0,6913.113,38.0
3820.7944444444443,7316.709244919769,5631.528241708182,256.0,6,30.0,True,0,6913.131,38.0
3829.2185272120205,7318.0,5548.0,251.4250048,6,30.0,True,0,6913.253000000001,38.0
3837.261111111111,7325.4552927393825,5469.010333958008,247.0,6,30.0,False,0,6913.371,38.0
3844.158306170033,7337.0,5402.0,245.17856914285716,6,31.821430857142857,False,0,6913.473000000001,38.0
3856.083333333333,7368.565108615316,5287.280043007553,242.0,6,35.0,False,0,6913.651000000001,38.0
3856.216620277674,7369.0,5286.0,241.9666688,6,34.9750016,False,0,6913.653,38.0
3871.95,7432.145029941313,5135.925122520317,238.0,6,32.0,False,0,6913.8910000000005,38.0
3877.225991832964,7456.0,5089.0,235.9750016,6,35.0374976,False,0,6913.972000000001,38.0
3882.3499999999995,7479.602296613624,5046.184483933077,234.0,6,38.0,False,0,6914.051,38.0
3887.6014463829483,7509.0,4996.0,233.19000064,6,38.40499968,False,0,6914.1320000000005,38.0
3895.2388888888886,7570.868879407566,4893.206045340813,232.0,6,39.0,True,0,6914.251,38.0
3902.7889066626067,7632.0,4792.0,226.958336,6,19.3375104,True,0,6914.372,38.0
3910.0388888888883,7665.806593141913,4734.502760582752,222.0,6,0.0,True,0,6914.491,38.0
3921.9277777777775,7694.804320217036,4674.441226058227,214.0,5,0.0,True,0,6914.691000000001,38.0
3921.9863875868655,7695.0,4674.0,213.9785728,5,0.0,True,0,6914.692,38.0
3931.265143474868,7731.0,4589.0,210.55000137142858,5,0.0,True,0,6914.852000000001,38.0
3938.1055555555554,7753.948703684209,4526.491464062346,208.0,5,0.0,False,0,6914.9710000000005,38.0
3948.472885927374,7778.0,4426.0,206.19000064,5,2.71499904,False,0,6915.152,38.0
3949.55,7779.690503360902,4413.749627177815,206.0,5,3.0,False,0,6915.171,38.0
3962.95,7788.010818092012,4250.559189999646,201.0,5,9.0,False,0,6915.411,38.0
3963.005393429613,7788.0,4250.0,200.9875008,5,9.0,False,0,6915.412,38.0
3971.7944444444443,7781.70042669676,4180.0254305145145,199.0,5,9.0,False,0,6915.571000000001,38.0
3978.4856861787403,7771.0,4129.0,199.0,5,10.890623999999999,False,0,6915.692,38.0
3988.435478933395,7746.0,4032.0,199.0,5,13.703123999999999,False,0,6915.872,38.0
3989.483333333333,7742.760914184101,4021.754740433605,199.0,5,14.0,False,0,6915.8910000000005,38.0
3998.3435907803114,7711.0,3938.0,198.32916693333334,5,14.0,False,0,6916.052000000001,38.0
4002.683333333333,7692.859393535982,3897.578695510001,198.0,5,14.0,False,0,6916.131,38.0
4014.8214443767893,7637.0,3790.0,198.0,5,23.471425828571427,False,0,6916.352000000001,38.0
4018.083333333333,7622.353149416791,3764.4192469413165,198.0,5,26.0,False,0,6916.411,38.0
4028.1776503591373,7563.0,3680.0,200.2624992,5,47.71999232,False,0,6916.592000000001,38.0
4038.393241015508,7457.0,3564.0,202.5124992,5,69.31999232,False,0,6916.772000000001,38.0
4040.6388888888887,7439.96479713059,3546.7467477478494,203.0,5,74.0,False,0,6916.811000000001,38.0
4049.972222222222,7400.389774225308,3513.541872406225,210.0,5,83.0,False,0,6916.9710000000005,38.0
4054.770341777062,7377.0,3498.0,212.0249984,5,89.88499456,False,0,6917.052000000001,38.0
4061.916666666667,7327.244987706512,3465.498113298453,215.0,5,100.0,False,0,6917.171,38.0
4073.0288382567533,7222.0,3402.0,219.5249984,5,100.0,False,0,6917.352000000001,38.0
4079.183333333334,7153.21584157856,3365.672991138871,222.0,5,100.0,False,0,6917.451,38.0
4089.227777777778,7035.453179020023,3305.086807973042,226.0,5,100.0,False,0,6917.611000000001,38.0
4090.5663895971793,7021.0,3297.0,226.5906232,5,100.0,False,0,6917.6320000000005,38.0
4110.116666666667,6844.861280849803,3180.232651914218,235.0,5,100.0,False,0,6917.9310000000005,38.0
4116.819428529454,6799.0,3144.0,236.8937488,5,100.0,False,0,6918.032,38.0
4131.538888888889,6723.314249563216,3074.2328866609823,241.0,6,100.0,False,0,6918.251,38.0
4141.298770737195,6671.0,3020.0,244.5500032,6,100.0,False,0,6918.393,38.0
4153.672222222222,6587.219442047216,2931.2480043885575,249.0,6,100.0,False,0,6918.571000000001,38.0
4156.593421265177,6567.0,2909.0,249.52173774777154,6,100.0,False,0,6918.613,38.0
4164.8975,6511.404655399567,2845.4216715678754,251.0,6,100.0,False,0,6918.732,38.0
4176.301096046005,6441.0,2759.0,253.88530285068322,6,100.0,False,0,6918.893,38.0
4184.737500000001,6393.755573371157,2696.337477292771,256.0,6,100.0,False,0,6919.011,38.0
4189.183527811616,6371.0,2665.0,256.7750016,6,100.0,False,0,6919.073,38.0
4206.531938187168,6273.0,2514.0,259.7750016,6,100.0,False,0,6919.313,38.0
4207.8486111111115,6260.285189892329,2492.402578380973,260.0,6,100.0,False,0,6919.331,38.0
4213.877522555882,6198.0,2385.0,261.8222193777778,6,100.0,False,0,6919.4130000000005,38.0
4234.648611111112,6131.132040006983,2263.3233611705205,268.0,6,100.0,False,0,6919.691000000001,38.0
4239.33472801499,6120.0,2241.0,269.08500224,6,100.0,False,0,6919.753000000001,38.0
4265.204166666667,6003.721049233107,2012.4432098737132,275.0,7,100.0,False,0,6920.091,38.0
4265.35882033575,6003.0,2011.0,275.0333312,7,100.0,False,0,6920.093000000001,38.0
4283.970478171214,5922.0,1845.0,279.0166656,7,100.0,False,0,6920.332,38.0
4288.672559582597,5902.0,1803.0,280.0166656,7,100.0,False,0,6920.392000000001,38.0
4293.304166666668,5881.935431034229,1761.5551364934006,281.0,7,100.0,False,0,6920.451,38.0
4304.407823137695,5833.0,1662.0,283.11499904,7,100.0,False,0,6920.592000000001,38.0
4309.081944444444,5812.6867743268285,1620.0425457867013,284.0,7,100.0,False,0,6920.651000000001,38.0
4328.281944444445,5730.348361226437,1447.7221226766999,288.0,7,100.0,False,0,6920.8910000000005,38.0
4328.3622715797965,5730.0,1447.0,288.0083328,7,100.0,False,0,6920.892000000001,38.0
4342.8505939609195,5667.0,1317.0,289.5083328,7,100.0,False,0,6921.072,38.0
4347.615277777778,5646.859927940255,1274.8803195848084,290.0,7,100.0,False,0,6921.131,38.0
4360.593055555555,5592.198660521956,1159.0924157587358,292.0,7,100.0,False,0,6921.291,38.0
4363.941915503779,5577.0,1127.0,292.56944355555555,7,100.0,False,0,6921.332,38.0
4372.15526444681,5538.0,1045.0,293.95833244444447,7,100.0,False,0,6921.432000000001,38.0
4387.0559183714895,5470.0,903.0,296.45833244444447,7,100.0,False,0,6921.612,38.0
4390.293055555555,5455.761093591167,873.2770158121212,297.0,7,100.0,False,0,6921.651000000001,38.0
4405.354335260503,5391.0,738.0,298.9392850285714,7,100.0,False,0,6921.832,38.0
4413.626388888888,5355.295137598608,663.4910487035505,300.0,7,100.0,False,0,6921.9310000000005,38.0
4427.048611111111,5297.155778894598,542.4167327391974,302.0,7,100.0,False,0,6922.091,38.0
4433.856846560236,5268.0,482.0,302.2892854857143,7,100.0,False,0,6922.1720000000005,38.0
4449.013019544812,5202.0,346.0,302.93214262857146,7,100.0,False,0,6922.352000000001,38.0
4450.615277777778,5194.346348900824,330.26854843709765,303.0,7,100.0,False,0,6922.371,38.0
4464.126388888889,5124.261164952271,186.37762634294617,304.0,7,100.0,False,0,6922.531000000001,38.0
4470.978336240968,5091.0,118.0,304.2892854857143,7,100.0,False,0,6922.612,38.0
4487.8486111111115,5024.43512287752,-19.427630609671702,305.0,7,100.0,False,0,6922.811000000001,38.0
4498.133329131596,4988.0,-95.0,305.7562496,7,100.0,False,0,6922.932000000001,38.0
4501.448611111111,4976.170628900158,-119.57460703833078,306.0,7,100.0,False,0,6922.9710000000005,38.0
4521.848611111111,4889.194101550255,-300.6747455588157,306.0,7,100.0,False,0,6923.211,38.0
4523.6370930822595,4878.0,-324.0,306.10499968,7,100.0,False,0,6923.232,38.0
4537.28330343759,4782.0,-524.0,306.90499968,7,100.0,False,0,6923.392000000001,38.0
4538.904166666666,4773.109852604374,-542.4952523298286,307.0,7,100.0,False,0,6923.411,38.0
4555.959722222222,4726.462401952218,-638.9704732708567,307.0,7,100.0,False,0,6923.611000000001,38.0
4566.270298697213,4693.0,-708.0,307.0,7,100.0,False,0,6923.732,38.0
4590.145394611881,4552.0,-1000.0,307.0,7,100.0,False,0,6924.012000000001,38.0
4593.481944444444,4538.057613128312,-1028.9181405397696,307.0,7,100.0,False,0,6924.051,38.0
4617.598485009574,4470.0,-1169.0,308.7562496,7,100.0,False,0,6924.332,38.0
4620.948611111111,4453.706399991169,-1202.0717720776793,309.0,7,100.0,False,0,6924.371,38.0
4643.353720839031,4318.0,-1477.0,309.0,7,100.0,False,0,6924.6320000000005,38.0
4644.981944444443,4311.104235699957,-1491.0550927378395,309.0,7,100.0,False,0,6924.651000000001,38.0
4667.392352135108,4250.0,-1616.0,308.27222186666665,7,100.0,False,0,6924.9130000000005,38.0
4675.781944444444,4214.777956658484,-1686.0530100089532,308.0,7,100.0,False,0,6925.011,38.0
4684.52763399057,4173.0,-1769.0,308.3177574714532,7,100.0,False,0,6925.113,38.0
4699.984981091172,4104.0,-1907.0,308.8785044492968,7,100.0,False,0,6925.293000000001,38.0
4703.334444444444,4090.2098004241475,-1934.4817516178723,309.0,7,100.0,False,0,6925.332,38.0
4720.50111111111,4023.4188529177727,-2066.3349236644585,309.0,7,100.0,False,0,6925.532,38.0
4730.856522198551,3964.0,-2182.0,308.3919603161535,7,100.0,False,0,6925.653,38.0
4737.526666666667,3913.6501965988555,-2279.577433775553,308.0,7,100.0,False,0,6925.731000000001,38.0
4749.672369448126,3824.0,-2453.0,308.0,7,100.0,False,0,6925.8730000000005,38.0
4758.0599999999995,3793.38087702387,-2512.2710327857194,308.0,7,100.0,False,0,6925.9710000000005,38.0
4773.636364677853,3771.0,-2555.0,308.0,7,100.0,False,0,6926.153,38.0
4775.171111111111,3767.416420588819,-2561.751974227483,308.0,7,100.0,False,0,6926.171,38.0
4827.326377324393,3512.0,-3032.0,302.2710514526316,7,100.0,False,0,6926.793000000001,38.0
4838.715555555555,3452.1436889984375,-3136.104175548735,301.0,7,100.0,False,0,6926.9310000000005,38.0
4858.353671906693,3351.0,-3304.0,293.2535734857143,7,85.36786102857143,False,0,6927.1720000000005,38.0
4861.426666666665,3334.441099945845,-3330.4447662647804,292.0,7,83.0,True,0,6927.211,38.0
4873.695833329817,3265.0,-3437.0,280.4281296,7,41.2406416,True,0,6927.372,38.0
4885.337777777777,3195.410059642366,-3534.437660736342,269.0,6,0.0,True,0,6927.531000000001,38.0
4885.410070372561,3195.0,-3535.0,268.93000448,6,0.0,True,0,6927.532,38.0
4899.504444444444,3115.939811519095,-3638.741986911032,255.0,6,0.0,True,0,6927.731000000001,38.0
4903.652003676168,3079.0,-3680.0,250.0437552,6,0.0,True,0,6927.792,38.0
4910.259999999999,2998.276227962877,-3763.895571898712,242.0,6,0.0,True,0,6927.8910000000005,38.0
4916.96319902763,2924.0,-3839.0,238.843752,6,0.0,True,0,6927.992,38.0
4920.793333333332,2900.861625516583,-3862.6812741836184,237.0,5,0.0,True,0,6928.051,38.0
4933.132215533681,2868.0,-3886.0,225.6937536,5,0.0,True,0,6928.252,38.0
4940.259999999999,2792.862517462452,-3931.387336882781,219.0,5,0.0,True,0,6928.371,38.0
4952.259999999998,2630.5813778413926,-4027.6745278742014,216.0,5,0.0,True,0,6928.571000000001,38.0
4952.319106621316,2630.0,-4028.0,215.9750016,5,0.05249664,True,0,6928.572,38.0
4971.806464718784,2518.0,-4072.0,207.4750016,5,17.90249664,True,0,6928.912,38.0
4975.148888888888,2488.9282531605545,-4080.413200432397,206.0,5,21.0,False,0,6928.9710000000005,38.0
4980.874831430038,2431.0,-4096.0,204.7375008,5,25.4187472,False,0,6929.072,38.0
4984.215555555555,2397.331508340212,-4103.039096470933,204.0,5,28.0,False,0,6929.131,38.0
4999.926666666665,2244.5097116640213,-4116.993677842816,202.0,5,26.0,False,0,6929.411,38.0
4999.981912511633,2244.0,-4117.0,201.9750016,5,26.01499904,False,0,6929.412,38.0
5007.649777850565,2167.0,-4113.0,198.4750016,5,28.11499904,False,0,6929.552000000001,38.0
5010.87111111111,2119.4944537642514,-4105.492187578262,197.0,5,29.0,False,0,6929.611000000001,38.0
5019.682335058241,1973.0,-4075.0,197.0,5,45.0999936,False,0,6929.772000000001,38.0
5021.815555555554,1948.4489798224813,-4069.225566533765,197.0,5,49.0,False,0,6929.811000000001,38.0
5032.759999999998,1893.6545284111505,-4050.560010628345,197.0,5,61.0,False,0,6930.011,38.0
5039.46149042544,1860.0,-4033.0,198.260416,5,66.5458304,False,0,6930.1320000000005,38.0
5052.9513441707,1741.0,-3971.0,200.760416,5,77.5458304,False,0,6930.372,38.0
5059.693333333331,1683.9469439467662,-3934.2711381518143,202.0,5,83.0,False,0,6930.491,38.0
5063.160196078259,1656.0,-3914.0,203.1437488,5,89.4812432,False,0,6930.552000000001,38.0
5068.804444444442,1611.6140496707696,-3878.668748574939,205.0,5,100.0,False,0,6930.651000000001,38.0
5075.73746461867,1559.0,-3832.0,206.20999936,5,100.0,False,0,6930.772000000001,38.0
5092.026666666665,1445.7918476117272,-3714.148127672699,209.0,5,100.0,False,0,6931.051,38.0
5093.283946666764,1438.0,-3705.0,209.57272552727272,5,100.0,False,0,6931.072,38.0
5106.731070953971,1360.0,-3603.0,215.57272552727272,5,100.0,False,0,6931.292,38.0
5119.037777777776,1282.1553756446742,-3483.3795566375684,221.0,5,100.0,False,0,6931.491,38.0
5120.393739504369,1274.0,-3470.0,221.1375008,5,100.0,False,0,6931.513000000001,38.0
5128.904444444443,1227.0241957693174,-3388.787383274954,222.0,5,100.0,False,0,6931.651000000001,38.0
5143.966944444443,1159.395000664894,-3259.8767431000147,225.0,5,100.0,False,0,6931.892000000001,38.0
5146.5269542742935,1149.0,-3240.0,225.0,5,100.0,False,0,6931.933,38.0
5158.9669444444435,1100.9843471789395,-3149.220476475045,225.0,5,100.0,False,0,6932.1320000000005,38.0
5161.559381101053,1090.0,-3129.0,225.73214171428572,5,100.0,False,0,6932.173000000001,38.0
5176.855833333332,1015.3274584433939,-2996.5566409660764,230.0,5,100.0,False,0,6932.412,38.0
5176.920117625591,1015.0,-2996.0,230.00836766303127,5,100.0,False,0,6932.4130000000005,38.0
5188.514117186524,955.0,-2898.0,231.51464555256354,5,100.0,False,0,6932.593000000001,38.0
5192.258055555554,934.7620973079477,-2866.770072142356,232.0,6,100.0,False,0,6932.651000000001,38.0
5202.7369000089975,876.0,-2780.0,232.80999936,6,100.0,False,0,6932.813,38.0
5205.2024999999985,861.9200353252517,-2759.7691139012595,233.0,6,100.0,False,0,6932.851000000001,38.0
5222.299089764896,762.0,-2621.0,234.8714294857143,6,100.0,False,0,6933.113,38.0
5223.480277777777,754.9470519202714,-2611.4407139047726,235.0,6,100.0,False,0,6933.131,38.0
5234.01361111111,691.5154632856653,-2526.296309701092,237.0,6,100.0,False,0,6933.291,38.0
5236.785052953328,675.0,-2504.0,237.2624992,6,100.0,False,0,6933.3330000000005,38.0
5243.397452400404,636.0,-2451.0,237.8875008,6,100.0,False,0,6933.433,38.0
5244.591388888888,628.9378168465644,-2441.429437174605,238.0,6,100.0,False,0,6933.451,38.0
5260.591388888888,533.3976069079816,-2312.541565657421,240.0,6,100.0,False,0,6933.691000000001,38.0
5260.65804092697,533.0,-2312.0,240.0,6,100.0,False,0,6933.692,38.0
5272.653074847288,462.0,-2215.0,240.0,6,100.0,False,0,6933.872,38.0
5273.924722222222,454.6179674786341,-2205.083106071688,240.0,6,100.0,False,0,6933.8910000000005,38.0
5287.477416320379,377.0,-2103.0,241.82727214545454,6,100.0,False,0,6934.092000000001,38.0
5298.362100692892,311.0,-2017.0,243.2818176,6,100.0,False,0,6934.252,38.0
5303.746944444444,273.204500532609,-1968.789319529879,244.0,6,100.0,False,0,6934.331,38.0
5321.571763231143,142.0,-1806.0,244.65249984,6,100.0,False,0,6934.592000000001,38.0
5330.969166666667,93.40845206180983,-1748.670915157217,245.0,6,100.0,False,0,6934.731000000001,38.0
5339.051442805036,54.0,-1703.0,242.40714422857144,6,100.0,False,0,6934.852000000001,38.0
5349.558055555556,-8.216729459075781,-1629.909363662019,239.0,6,100.0,False,0,6935.011,38.0
5354.8744032612385,-50.0,-1582.0,237.78500096,6,100.0,False,0,6935.092000000001,38.0
5362.669166666667,-127.55283844267362,-1495.2028389983732,236.0,6,100.0,False,0,6935.211,38.0
5367.989950402424,-178.0,-1439.0,234.65000106666668,6,89.53750826666666,False,0,6935.292,38.0
5378.135833333334,-249.26986076598376,-1358.824050280401,232.0,6,69.0,True,0,6935.451,38.0
5382.888113005498,-280.0,-1324.0,221.53750826666666,6,45.7125184,True,0,6935.532,38.0
5391.535833333333,-341.3100586086426,-1254.679100360434,201.0,6,0.0,True,0,6935.691000000001,38.0
5392.636246148617,-350.0,-1245.0,199.1625056,6,0.0,True,0,6935.712,38.0
5403.535833333333,-448.70794357612976,-1137.7069991266326,180.0,6,0.0,True,0,6935.9310000000005,38.0
5407.272349006955,-479.0,-1106.0,173.11500544,6,0.0,True,0,6936.012000000001,38.0
5412.591388888889,-511.5259582684258,-1073.6875526781707,163.0,5,0.0,True,0,6936.131,38.0
5421.51741288613,-554.0,-1039.0,158.69285851428572,5,0.0,True,0,6936.332,38.0
5424.8025,-576.2466404717862,-1022.9760559815604,157.0,3,0.0,True,0,6936.411,38.0
5432.358055555555,-642.7464312557235,-979.5450918544047,136.0,2,0.0,True,0,6936.611000000001,38.0
5433.836521264097,-656.0,-972.0,134.80416853333332,2,0.0,True,0,6936.652,38.0
5440.131492203245,-714.0,-945.0,129.55416853333332,2,0.0,True,0,6936.832,38.0
5448.024487399237,-809.0,-918.0,122.55416853333334,2,0.0,True,0,6937.072,38.0
5448.624722222222,-815.428501185787,-916.7098850173235,122.0,2,0.0,True,0,6937.091,38.0
5457.1802777777775,-887.7053038433506,-911.8762251422883,110.0,2,0.0,True,0,6937.371,38.0
5458.434947227666,-899.0,-912.0,110.0,2,0.0,True,0,6937.412,38.0
5462.1275780569595,-935.0,-913.0,110.0,2,0.0,True,0,6937.532,38.0
5464.513611111111,-958.2372174109471,-915.2408000817794,110.0,2,0.0,False,0,6937.611000000001,38.0
5469.7980694043845,-1009.0,-926.0,105.4750016,2,2.71499904,False,0,6937.792,38.0
5470.346944444444,-1014.237899562222,-927.6046594408703,105.0,2,3.0,False,0,6937.811000000001,38.0
5476.740029805289,-1073.0,-952.0,104.38333297777778,2,12.866672355555556,False,0,6938.033,38.0
5480.746944444443,-1104.7350226106103,-970.3219335927096,104.0,2,19.0,False,0,6938.171,38.0
5483.15328098066,-1125.0,-984.0,104.76635409671857,2,23.342673214738586,False,0,6938.253000000001,38.0
5490.287777777777,-1195.706824832181,-1036.7791373119146,107.0,2,36.0,False,0,6938.492,38.0
5490.318071864612,-1196.0,-1037.0,107.00715091244618,2,35.957094525322944,False,0,6938.493,38.0
5516.623055555555,-1409.7681022133431,-1163.4787813805897,113.0,2,0.0,False,0,6939.331,38.0
5517.944133391626,-1422.0,-1166.0,113.0,2,0.0,False,0,6939.3730000000005,38.0
5523.591771058166,-1477.0,-1172.0,113.0,2,0.0,False,0,6939.553000000001,38.0
5524.156388888888,-1482.5203132512333,-1172.1038423571156,113.0,2,0.0,False,0,6939.571000000001,38.0
5529.239780804519,-1532.0,-1169.0,113.0,2,0.0,False,0,6939.733,38.0
5531.6897222222215,-1556.119570156643,-1165.2416081253232,113.0,2,0.0,False,0,6939.811000000001,38.0
5537.9675,-1618.2827694888952,-1150.0082256015462,113.0,2,0.0,False,0,6940.011,38.0
5538.653766543617,-1625.0,-1148.0,112.8166656,2,0.0,False,0,6940.033,38.0
5545.367499999999,-1689.7132262055716,-1125.1151355249292,111.0,2,0.0,False,0,6940.251,38.0
5545.397737326873,-1690.0,-1125.0,110.99772741818182,2,0.0,False,0,6940.252,38.0
5550.746656299734,-1740.0,-1103.0,110.5886365090909,2,0.0,False,0,6940.432000000001,38.0
5556.194767244423,-1789.0,-1077.0,110.1795456,2,0.0,False,0,6940.612,38.0
5558.811944444444,-1813.7986874080907,-1061.1133884970761,110.0,2,0.0,False,0,6940.691000000001,38.0
5566.879086592192,-1888.0,-1005.0,124.73332906666667,2,38.6749888,False,0,6940.912,38.0
5572.211944444443,-1926.716804618351,-968.1085220486682,134.0,2,63.0,False,0,6941.051,38.0
5578.434166666665,-1964.4656736080908,-924.9716615020076,140.0,2,65.0,False,0,6941.211,38.0
5581.713596692645,-1983.0,-903.0,142.89285485714285,2,66.44642742857143,False,0,6941.292,38.0
5590.100833333332,-2027.5115151379373,-848.6782529557061,150.0,3,70.0,False,0,6941.491,38.0
5600.567499999999,-2082.7568086337014,-777.3246621771872,157.0,3,79.0,False,0,6941.731000000001,38.0
5600.61253397218,-2083.0,-777.0,157.0458304,3,79.0041664,False,0,6941.732,38.0
5609.897243639552,-2134.0,-704.0,166.21249706666666,3,79.83749973333333,False,0,6941.932000000001,38.0
5611.767499999999,-2144.575139072869,-686.1453555094313,168.0,3,80.0,False,0,6941.9710000000005,38.0
5617.68894587322,-2177.0,-626.0,172.1593728,3,81.5124992,False,0,6942.092000000001,38.0
5627.67861111111,-2220.0212652767786,-531.339212843001,179.0,4,84.0,False,0,6942.291,38.0
5629.7451315973,-2229.0,-507.0,179.68333226666667,4,86.73332906666667,False,0,6942.332,38.0
5639.87861111111,-2274.183632001328,-362.27969341171564,183.0,4,100.0,False,0,6942.531000000001,38.0
5640.970632566175,-2278.0,-348.0,184.0499968,4,100.0,False,0,6942.552000000001,38.0
5648.367499999999,-2296.0389699656475,-266.75958734895926,191.0,4,100.0,False,0,6942.691000000001,38.0
5663.353089080304,-2308.0,-150.0,205.91428205714286,4,100.0,False,0,6942.952,38.0
5664.4675,-2308.656725557223,-141.3257687979128,207.0,4,100.0,False,0,6942.9710000000005,38.0
5681.111944444444,-2315.110964049275,-6.297329477672326,214.0,5,100.0,False,0,6943.251,38.0
5688.5781583962425,-2312.0,62.0,218.5374976,5,99.6218752,False,0,6943.372,38.0
5701.200833333332,-2298.317653321795,185.36580644943137,226.0,5,99.0,False,0,6943.571000000001,38.0
5702.550521207704,-2297.0,197.0,226.47727127272728,5,99.04772712727272,False,0,6943.592000000001,38.0
5716.886469561203,-2270.0,334.0,231.47727127272728,5,99.54772712727272,False,0,6943.812000000001,38.0
5727.458815087414,-2191.0,550.0,235.1136349090909,5,99.9113634909091,False,0,6943.972000000001,38.0
5730.045277777777,-2174.5356699340264,591.9236750813293,236.0,5,100.0,False,0,6944.011,38.0
5740.711944444443,-2132.8230014945484,684.8076149731519,240.0,6,100.0,False,0,6944.171,38.0
5757.045277777776,-2088.2884787634985,742.5753976447356,245.0,6,100.0,False,0,6944.411,38.0
5757.11412633804,-2088.0,743.0,245.01749888,6,100.0,False,0,6944.412,38.0
5768.211291372098,-2033.0,826.0,247.81749888,6,100.0,False,0,6944.572,38.0
5782.35241340219,-1956.0,936.0,251.33499776,6,100.0,False,0,6944.773,38.0
5785.045277777776,-1940.5433261041464,957.5101631098739,252.0,6,100.0,False,0,6944.811000000001,38.0
5796.59532088358,-1872.0,1052.0,256.0499968,6,100.0,False,0,6944.973000000001,38.0
5799.323055555555,-1855.6885452256406,1074.5116283663476,257.0,6,100.0,False,0,6945.011,38.0
5809.581901285101,-1795.0,1158.0,259.35684922339567,6,100.0,False,0,6945.153,38.0
5814.9691677871615,-1764.4511331916037,1199.252430650756,260.5850631927139,6,100.0,False,0,6945.227000000001,38.0
0.21485045009997777,-1769.2738746207658,1193.1755409506623,260.5850631927139,6,100.0,False,0,6945.227,39.0
2.0525000000000038,-1758.8962218896813,1207.0277380616108,261.0,6,100.0,False,0,6945.2519999999995,39.0
6.560706367827416,-1730.0,1245.0,262.5250048,6,100.0,False,0,6945.313,39.0
27.613040847104834,-1551.0,1473.0,269.5250048,6,100.0,False,0,6945.593,39.0
29.052500000000002,-1539.1332212828268,1488.0522316012189,270.0,7,100.0,False,0,6945.612,39.0
41.230277777777786,-1447.0066679983406,1605.0874609021319,274.0,7,100.0,False,0,6945.772,39.0
55.233293390042306,-1363.0,1713.0,276.8861074243488,7,100.0,False,0,6945.9529999999995,39.0
75.49666666666667,-1284.3945204946501,1818.0512267698573,281.0,7,100.0,False,0,6946.211,39.0
88.28530113350865,-1233.0,1889.0,283.0249984,7,100.0,False,0,6946.373,39.0
100.83000000000001,-1166.0517280816707,1981.6058276735826,285.0,7,100.0,False,0,6946.531,39.0
105.7787064029217,-1131.0,2030.0,286.1625024,7,100.0,False,0,6946.593,39.0
113.63000000000001,-1062.7018607594678,2124.140001696205,288.0,7,100.0,False,0,6946.691,39.0
123.37127169298446,-980.0,2238.0,289.0083328,7,100.0,False,0,6946.812,39.0
142.73000000000002,-902.4066734370512,2344.5237843964583,291.0,7,100.0,False,0,6947.0509999999995,39.0
149.30980959211945,-875.0,2382.0,291.80999936,7,100.0,False,0,6947.132,39.0
159.0077777777778,-819.7351092771052,2457.5385552080415,293.0,7,100.0,False,0,6947.251,39.0
167.28712121935445,-769.0,2527.0,294.00999936,7,100.0,False,0,6947.352,39.0
185.4573108087566,-664.0,2673.0,296.20999936,7,100.0,False,0,6947.572,39.0
192.0077777777778,-615.1951287331102,2743.228427764453,297.0,7,100.0,False,0,6947.651,39.0
210.39224268145273,-476.0,2947.0,298.8416661333333,7,100.0,False,0,6947.872,39.0
222.0077777777778,-437.3998719405092,3004.1717841796767,300.0,7,100.0,False,0,6948.0109999999995,39.0
230.475561159506,-411.0,3044.0,301.2624992,7,100.0,False,0,6948.112,39.0
235.43000000000004,-388.81560158587797,3077.5803983615765,302.0,7,100.0,False,0,6948.171,39.0
248.97203021828824,-309.0,3198.0,302.5031248,7,100.0,False,0,6948.331999999999,39.0
262.36333333333334,-218.06423748961294,3332.926833896924,303.0,7,100.0,False,0,6948.491,39.0
279.26246641943453,-110.0,3490.0,301.5642861714286,7,100.0,False,0,6948.692,39.0
285.7744444444445,-77.91346478074186,3535.24822837688,301.0,7,100.0,False,0,6948.771,39.0
300.27189979116895,-12.0,3625.0,292.515628,7,43.43751999999999,False,0,6948.952,39.0
311.1966666666667,53.86466720735361,3713.455729981565,286.0,7,0.0,True,0,6949.090999999999,39.0
315.9758632371735,84.0,3753.0,283.7125024,7,0.0,True,0,6949.152,39.0
323.6411111111112,131.86384481076945,3814.0140436055035,280.0,7,0.0,True,0,6949.251,39.0
334.14383807041776,199.0,3896.0,271.9428608,7,0.0,True,0,6949.392,39.0
344.17444444444453,265.8143840795366,3973.9750186649276,264.0,6,0.0,True,0,6949.531,39.0
349.9439262562262,305.0,4018.0,260.35500288,6,0.0,True,0,6949.612,39.0
358.34111111111116,364.07450755333235,4081.4511251922395,255.0,6,0.0,True,0,6949.731,39.0
361.2206165850709,388.0,4105.0,254.31666773333333,6,0.0,True,0,6949.772,39.0
375.0744444444445,539.9856731219828,4237.252991284286,251.0,6,0.0,True,0,6949.971,39.0
382.00010374083286,618.0,4297.0,248.4750016,6,0.0,True,0,6950.072,39.0
386.0522222222223,659.3620664625263,4325.756875283063,247.0,6,0.0,True,0,6950.131,39.0
402.518888888889,800.3095522184959,4400.330489213714,247.0,6,0.0,True,0,6950.371,39.0
410.28233111546643,871.0,4427.0,238.59722666666667,6,0.0,True,0,6950.492,39.0
424.718888888889,1023.3451916314543,4470.468232840412,222.0,6,0.0,True,0,6950.731,39.0
434.1855555555557,1115.8686655953143,4491.01532853896,213.0,6,0.0,True,0,6950.891,39.0
438.84629180073404,1151.0,4498.0,210.10714514285715,6,0.0,True,0,6950.972,39.0
449.9744444444446,1206.9437033290299,4505.94284668241,203.0,5,0.0,True,0,6951.171,39.0
455.5986630667917,1242.0,4509.0,199.93999616,5,0.0,True,0,6951.273,39.0
460.91888888888906,1289.3551514252513,4512.973946022242,197.0,5,0.0,True,0,6951.371,39.0
465.2796383142731,1336.0,4516.0,194.7506265936162,5,0.0,True,0,6951.4529999999995,39.0
481.63722222222236,1536.8073930478224,4518.205301642787,186.0,4,0.0,True,0,6951.772,39.0
482.6980438844697,1548.0,4518.0,185.36999424,4,0.0,True,0,6951.793,39.0
491.63722222222236,1626.0965618825423,4514.932715957383,180.0,4,0.0,True,0,6951.972,39.0
498.4289219194589,1684.0,4511.0,176.0343696,4,0.0,True,0,6952.113,39.0
506.83722222222235,1769.8696701364277,4504.03997941353,171.0,4,0.0,True,0,6952.2919999999995,39.0
507.8196308058679,1780.0,4503.0,170.6499968,4,0.0,True,0,6952.313,39.0
517.1028035330677,1873.0,4491.0,167.31666346666665,4,0.0,True,0,6952.513,39.0
517.9705555555556,1881.511247427063,4489.807146425564,167.0,4,0.0,True,0,6952.532,39.0
528.6591666666667,1987.5012055162033,4474.749177581934,161.0,4,0.0,True,0,6952.771,39.0
530.5063836060771,2008.0,4472.0,160.16000256,4,0.0,True,0,6952.813,39.0
537.381388888889,2091.1304701682025,4461.479365392898,157.0,4,0.0,True,0,6952.971,39.0
540.0444852644556,2121.0,4458.0,156.1142838857143,4,0.0,True,0,6953.032999999999,39.0
549.281388888889,2201.990433389708,4450.252422159446,153.0,4,0.0,True,0,6953.251,39.0
552.7270455805611,2231.0,4448.0,152.31666773333333,4,0.0,True,0,6953.333,39.0
562.6760860283291,2330.0,4442.0,150.32500053333334,4,0.0,True,0,6953.572,39.0
564.281388888889,2349.9074715717925,4441.383015786735,150.0,4,0.0,False,0,6953.611,39.0
570.8147222222223,2439.653270917693,4440.116114957549,147.0,4,0.0,False,0,6953.771,39.0
573.2890351225082,2469.0,4440.0,146.56428617142856,4,0.2178569142857143,False,0,6953.831999999999,39.0
582.0925,2539.2942961946137,4440.974013522685,145.0,3,1.0,False,0,6954.0509999999995,39.0
587.6754538667216,2582.0,4443.0,143.4892864,3,1.5035712,False,0,6954.192,39.0
593.1369444444443,2635.658542379223,4446.31833537101,142.0,3,2.0,False,0,6954.331,39.0
593.9605230237781,2644.0,4447.0,141.95961550769232,3,2.4644216615384615,False,0,6954.352,39.0
602.5642806414988,2729.0,4457.0,141.53653858461539,3,7.329806276923077,False,0,6954.572,39.0
633.5813888888888,2994.228872820013,4519.138387145678,140.0,3,25.0,False,0,6955.371,39.0
636.7265014565421,3023.0,4529.0,140.0,3,27.0249984,False,0,6955.452,39.0
639.803611111111,3051.877136211616,4539.369521454989,140.0,3,29.0,False,0,6955.531,39.0
641.4076822148095,3067.0,4545.0,140.2928566857143,3,29.43928502857143,False,0,6955.572,39.0
650.8480555555553,3154.5689587666648,4580.549804723421,142.0,3,32.0,False,0,6955.811,39.0
654.0771644546635,3182.0,4593.0,142.67499946666666,3,33.68749866666667,False,0,6955.892,39.0
660.4480555555554,3238.5176172787224,4621.7372288494425,144.0,3,37.0,False,0,6956.0509999999995,39.0
660.4881959100085,3239.0,4622.0,144.0062496,3,37.0,False,0,6956.052,39.0
666.8924999999998,3336.5346019066546,4676.99899072971,145.0,3,37.0,False,0,6956.211,39.0
668.5584936163821,3359.0,4690.0,145.5124992,3,37.5124992,False,0,6956.2519999999995,39.0
673.4258333333331,3405.462242545873,4717.7519643113465,147.0,3,39.0,False,0,6956.371,39.0
685.014722222222,3451.3100945232663,4751.909175452989,149.0,4,40.0,False,0,6956.651,39.0
686.7435181128352,3462.0,4760.0,149.640624,4,40.0,False,0,6956.692,39.0
694.4386643719276,3522.0,4805.0,152.453124,4,40.0,False,0,6956.872,39.0
698.7036111111108,3552.571192283277,4828.6420839831235,154.0,4,40.0,False,0,6956.971,39.0
701.3365652969353,3576.0,4848.0,154.5083328,4,39.7458336,False,0,6957.032,39.0
709.1036111111108,3674.935965898013,4934.825164959205,156.0,4,39.0,False,0,6957.211,39.0
710.8979186020284,3693.0,4951.0,156.3843744,4,39.1281248,False,0,6957.2519999999995,39.0
723.2369444444441,3740.2268925157937,4996.184607857384,159.0,4,40.0,False,0,6957.531,39.0
724.1704586158735,3744.0,5000.0,159.10499968,4,39.94750016,False,0,6957.552,39.0
737.6129517320315,3839.0,5095.0,160.60999936,4,39.19500032,False,0,6957.853,39.0
741.125833333333,3872.6545041349536,5128.975771960339,161.0,4,39.0,False,0,6957.931,39.0
748.3702777777775,3940.3169641791396,5197.316524921664,163.0,4,39.0,False,0,6958.090999999999,39.0
748.460975018841,3941.0,5198.0,163.0,4,38.823140545761895,False,0,6958.093,39.0
762.0761226309074,4013.0,5268.0,163.0,4,12.292501811156725,False,0,6958.393,39.0
768.3377777777774,4057.3435976789565,5310.745167972491,163.0,4,0.0,False,0,6958.532,39.0
772.8555017895719,4091.0,5343.0,161.48499712,4,0.0,False,0,6958.633,39.0
777.2266666666663,4121.006563661011,5371.400550931483,160.0,4,0.0,True,0,6958.732,39.0
781.5970704909876,4156.0,5404.0,157.4749952,4,0.0,True,0,6958.833,39.0
787.493333333333,4223.898508225172,5466.482522711858,154.0,4,0.0,True,0,6958.972,39.0
793.3782674163832,4288.0,5525.0,151.6499968,4,0.0,True,0,6959.113,39.0
802.2933333333331,4325.66287709957,5558.282210656524,148.0,4,0.0,True,0,6959.331999999999,39.0
806.2928281122072,4343.0,5573.0,145.04183617289743,4,0.0,True,0,6959.433,39.0
811.6541666666664,4382.296167301956,5606.619988370506,141.0,3,0.0,True,0,6959.571,39.0
814.0297316237495,4404.0,5625.0,139.89285485714285,3,0.0,True,0,6959.633,39.0
822.2319444444441,4493.313550527584,5699.154289619772,136.0,3,0.0,True,0,6959.851,39.0
826.7342584024715,4537.0,5735.0,133.56000256,3,0.0,True,0,6959.973,39.0
829.5652777777774,4558.6861918320665,5752.684286512276,132.0,3,0.0,True,0,6960.0509999999995,39.0
837.3435208605217,4607.0,5790.0,127.26428708571429,3,0.0,True,0,6960.272,39.0
839.3652777777774,4622.317835572463,5800.779393041629,126.0,3,0.0,True,0,6960.331,39.0
846.7448986723563,4687.0,5842.0,121.58000128,3,0.0,True,0,6960.552,39.0
852.4763888888884,4737.716005056027,5866.882082042878,118.0,2,0.0,True,0,6960.731,39.0
852.5077426457422,4738.0,5867.0,117.9666688,2,0.0,True,0,6960.732,39.0
857.4319499614953,4784.0,5883.0,112.63333546666667,2,0.0,True,0,6960.892,39.0
859.8097222222218,4807.120681868819,5888.7360185459875,110.0,2,0.0,True,0,6960.971,39.0
865.1473042752217,4861.0,5897.0,106.38000128,2,0.0,True,0,6961.152,39.0
865.6986111111107,4866.714985475599,5897.545219000962,106.0,2,0.0,True,0,6961.171,39.0
870.3012647094977,4914.0,5900.0,104.17045527272727,2,0.0,True,0,6961.331999999999,39.0
876.9725446162163,4982.0,5895.0,101.44318254545455,2,0.0,True,0,6961.572,39.0
878.0430555555552,4999.015896393932,5891.707553587195,101.0,2,0.0,True,0,6961.611,39.0
881.8841228431796,5067.0,5876.0,98.3562512,2,0.0,True,0,6961.7519999999995,39.0
882.3986111111108,5074.279356951604,5874.1035275075965,98.0,2,0.0,False,0,6961.771,39.0
893.6314587296632,5139.0,5842.0,96.08636392727273,2,0.0,False,0,6962.192,39.0
894.1319444444441,5142.15540195366,5839.929407094794,96.0,2,0.0,False,0,6962.211,39.0
899.3954311354843,5187.0,5809.0,94.7437504,2,4.3968736,False,0,6962.412,39.0
902.4874999999996,5223.445924701347,5776.651682294564,94.0,2,7.0,False,0,6962.531,39.0
905.0990133659034,5251.0,5750.0,93.3687504,2,8.893748800000001,False,0,6962.632,39.0
906.6208333333329,5262.301255119543,5738.361146087042,93.0,2,10.0,False,0,6962.691,39.0
912.820833333333,5281.912378788964,5710.360112237083,93.0,2,13.0,False,0,6962.931,39.0
914.4212040298627,5288.0,5700.0,93.60999936,2,14.82999808,False,0,6962.992,39.0
918.0986111111107,5306.3606840892235,5668.787423533431,95.0,2,19.0,False,0,6963.131,39.0
918.6545092705053,5309.0,5664.0,95.0656248,2,19.0656248,False,0,6963.152,39.0
926.631944444444,5338.885108763103,5590.369918154403,96.0,2,20.0,False,0,6963.451,39.0
926.6592120539356,5339.0,5590.0,96.015624,2,20.0218736,False,0,6963.452,39.0
932.7798016054785,5366.0,5493.0,99.453124,2,24.8343736,False,0,6963.672,39.0
935.6097222222218,5373.5715516166365,5458.555726154655,101.0,2,27.0,False,0,6963.771,39.0
943.8695740988431,5381.0,5396.0,105.390624,2,29.6343744,False,0,6964.052,39.0
945.031944444444,5381.797275104162,5388.3985300631775,106.0,2,30.0,False,0,6964.090999999999,39.0
951.031944444444,5385.823185853416,5349.92695108216,108.0,2,29.0,False,0,6964.291,39.0
952.90321366225,5387.0,5336.0,108.3875008,2,27.8374976,False,0,6964.353,39.0
955.8763888888884,5388.772281044889,5311.223841887858,109.0,2,26.0,False,0,6964.451,39.0
961.4716214614982,5394.0,5251.0,109.50415556860376,2,14.908577490717338,False,0,6964.633,39.0
966.906944444444,5404.811051437006,5170.1613986473585,110.0,2,4.0,False,0,6964.812,39.0
967.5298820784731,5406.0,5162.0,109.4749952,2,3.6499968,False,0,6964.833,39.0
973.8402777777773,5414.839305949071,5108.815432060118,104.0,2,0.0,True,0,6965.052,39.0
979.3346339791009,5425.0,5075.0,98.9750016,2,0.0,True,0,6965.253,39.0
980.3736111111107,5427.993889962552,5066.385589703865,98.0,2,0.0,True,0,6965.2919999999995,39.0
985.5958333333328,5446.99667670953,5015.965667659411,94.0,2,0.0,True,0,6965.492,39.0
986.1385798607274,5449.0,5011.0,93.89499904,2,0.0,True,0,6965.513,39.0
990.2678658074144,5466.0,4974.0,93.09499904,2,0.0,True,0,6965.673,39.0
990.7624999999995,5468.932528577644,4968.773204845482,93.0,2,0.0,True,0,6965.692,39.0
996.9624999999994,5516.841392278394,4895.226203877181,93.0,1,0.0,True,0,6965.932,39.0
996.9867363123764,5517.0,4895.0,92.937504,1,0.0,True,0,6965.933,39.0
1000.6513888888883,5534.292138757192,4872.237427453183,83.0,1,0.0,True,0,6966.092,39.0
1004.6731631102866,5550.0,4857.0,80.98328512832799,1,0.0,True,0,6966.273,39.0
1008.5294444444439,5577.964817248906,4829.597283609707,79.0,1,0.0,False,0,6966.451,39.0
1009.4248624935369,5585.0,4823.0,78.58000128,1,0.0,False,0,6966.4929999999995,39.0
1013.5935131252562,5618.0,4795.0,76.59000064,1,0.0,False,0,6966.692,39.0
1016.8627777777772,5647.550634781129,4775.010249789096,75.0,1,0.0,False,0,6966.851,39.0
1018.9177824542962,5666.0,4764.0,73.7375008,1,0.0,False,0,6966.952,39.0
1020.1072222222216,5676.112830925867,4758.363133573244,73.0,1,0.0,False,0,6967.0109999999995,39.0
1024.840555555555,5714.831159368022,4741.055726092589,71.0,1,0.0,False,0,6967.251,39.0
1024.8598786034936,5715.0,4741.0,70.9892864,1,0.0,False,0,6967.2519999999995,39.0
1030.1294444444438,5765.129560744063,4731.160565647127,68.0,1,0.0,False,0,6967.531,39.0
1030.5185268060989,5769.0,4731.0,67.82500053333334,1,0.0,False,0,6967.552,39.0
1031.6251533291784,5780.0,4731.0,67.32500053333334,1,0.0,False,0,6967.612,39.0
1034.529444444444,5807.225121367318,4733.645840065468,66.0,1,0.0,False,0,6967.771,39.0
1035.636742491548,5819.0,4737.0,65.7458336,1,0.2541664,False,0,6967.831999999999,39.0
1038.8627777777772,5861.8282074056215,4756.862644471184,65.0,1,1.0,False,0,6968.0109999999995,39.0
1041.729497397555,5894.0,4775.0,64.19500032,1,1.8049996799999999,False,0,6968.172,39.0
1042.4183333333328,5898.7037143969355,4777.81644704393,64.0,1,2.0,False,0,6968.211,39.0
1046.281109129054,5914.0,4790.0,63.38611128888889,1,5.069443555555555,False,0,6968.432,39.0
1048.7183333333328,5934.0446816104495,4808.347054543924,63.0,1,7.0,False,0,6968.571,39.0
1051.5627777777772,5963.41706776523,4835.720217388416,64.0,1,7.0,False,0,6968.731,39.0
1052.6609490685214,5972.0,4844.0,64.3812496,1,7.5718744000000004,False,0,6968.7919999999995,39.0
1057.4294444444438,5995.016960213738,4868.688571965873,66.0,1,10.0,False,0,6969.0509999999995,39.0
1057.8257420512887,5997.0,4871.0,66.23333262222222,1,10.11666631111111,False,0,6969.072,39.0
1064.0495331942243,6035.0,4918.0,69.78888817777778,1,11.89444408888889,False,0,6969.392,39.0
1064.4294444444438,6037.185224499128,4921.031413354078,70.0,1,12.0,False,0,6969.411,39.0
1067.694269732871,6055.0,4947.0,71.78888817777778,1,14.683332266666667,False,0,6969.572,39.0
1070.176655131748,6069.0,4967.0,73.1222215111111,1,16.683332266666667,False,0,6969.692,39.0
1071.8294444444439,6078.088880855968,4980.618203354348,74.0,1,18.0,False,0,6969.771,39.0
1076.962777777777,6103.9011550761625,5022.829366498052,77.0,1,22.0,False,0,6970.0109999999995,39.0
1076.9847288125638,6104.0,5023.0,77.0187488,1,22.031248,False,0,6970.012,39.0
1080.5183333333327,6119.7028347247215,5051.503168553659,80.0,1,27.0,False,0,6970.171,39.0
1081.4249305550052,6125.0,5062.0,80.0,1,28.0249984,False,0,6970.2119999999995,39.0
1084.0738888888884,6144.744774474408,5102.946911795734,80.0,1,31.0,False,0,6970.331,39.0
1085.9580226620772,6157.0,5129.0,82.0249984,1,32.5187488,False,0,6970.412,39.0
1091.8961111111107,6172.284825346639,5163.895435064432,88.0,1,37.0,False,0,6970.651,39.0
1094.5461896695845,6178.0,5179.0,90.8406232,1,37.0,False,0,6970.7519999999995,39.0
1100.0200007537333,6196.0,5227.0,96.4937536,1,37.0,False,0,6970.9529999999995,39.0
1100.518333333333,6197.71729563935,5231.653553888335,97.0,2,37.0,False,0,6970.971,39.0
1106.129444444444,6216.3617947494395,5283.896049088964,101.0,2,38.0,False,0,6971.171,39.0
1107.3199590408985,6220.0,5295.0,101.5249984,2,38.7874976,False,0,6971.213,39.0
1110.7072222222218,6229.619726359898,5326.5106376280855,103.0,2,41.0,False,0,6971.331,39.0
1111.9422643439416,6233.0,5338.0,103.91588524179643,2,41.26168149765613,False,0,6971.373,39.0
1118.6607411456837,6251.0,5401.0,108.7133995690267,2,42.632399876864774,False,0,6971.593,39.0
1120.5155555555552,6255.7659236036425,5418.428042629927,110.0,2,43.0,False,0,6971.652,39.0
1126.3273123302818,6270.0,5473.0,113.62000384,2,43.90500096,False,0,6971.833,39.0
1131.6285416762578,6282.0,5523.0,116.82000384,2,44.70500096,False,0,6971.9929999999995,39.0
1133.6266666666663,6286.4630389497015,5542.573367328424,118.0,2,45.0,False,0,6972.052,39.0
1137.7976433794631,6295.0,5582.0,121.5291648,2,45.0,False,0,6972.173,39.0
1141.9599999999998,6301.29387153704,5615.312622851231,125.0,2,45.0,False,0,6972.2919999999995,39.0
1144.1033916808237,6306.0,5643.0,125.7625024,2,44.2374976,False,0,6972.353,39.0
1147.6044444444442,6317.865056567444,5714.859768012046,127.0,2,43.0,False,0,6972.452,39.0
1150.5006254968762,6327.0,5778.0,128.21499904,2,42.59500032,False,0,6972.532999999999,39.0
1154.8266666666664,6333.355671981662,5849.791567645343,130.0,3,42.0,False,0,6972.652,39.0
1163.9334077821059,6331.0,5938.0,134.22806837444517,3,42.0,False,0,6972.893,39.0
1170.010833333333,6330.347856953019,5976.890342149993,137.0,3,42.0,False,0,6973.0509999999995,39.0
1173.9346527022271,6329.0,6006.0,138.02000128,3,41.48999936,False,0,6973.153,39.0
1177.7330555555552,6326.159942087393,6042.884917796403,139.0,3,41.0,False,0,6973.251,39.0
1180.9136491582265,6323.0,6076.0,140.0124992,3,39.9875008,False,0,6973.331999999999,39.0
1190.4441666666664,6310.831410928219,6170.252466922765,143.0,3,37.0,False,0,6973.571,39.0
1192.882184198512,6307.0,6194.0,143.3812496,3,36.6187504,False,0,6973.632,39.0
1196.8441666666665,6300.132770039823,6232.515987191181,144.0,3,36.0,False,0,6973.731,39.0
1200.9004952527089,6292.0,6272.0,144.50499968,3,37.00999936,False,0,6973.831999999999,39.0
1204.899722222222,6282.625499526575,6311.106300661893,145.0,3,38.0,False,0,6973.931,39.0
1208.1953707227992,6274.0,6343.0,145.67499946666666,3,38.449999644444446,False,0,6974.012,39.0
1219.699722222222,6238.101779454993,6450.806744811874,148.0,3,40.0,False,0,6974.291,39.0
1220.5741646775368,6235.0,6459.0,148.31499904,3,40.10499968,False,0,6974.312,39.0
1228.0886111111108,6206.614237481879,6528.930228185844,151.0,3,41.0,False,0,6974.491,39.0
1229.8320367914853,6200.0,6544.0,151.46590836363637,3,40.534091636363634,False,0,6974.532,39.0
1237.5928019494115,6166.0,6613.0,153.5113629090909,3,38.488637090909094,False,0,6974.7119999999995,39.0
1247.1552777777777,6089.066807510694,6747.40109440934,156.0,3,36.0,False,0,6974.931,39.0
1248.0738546139369,6084.0,6756.0,156.14999954285713,3,36.374998857142856,False,0,6974.952,39.0
1258.6053930141593,6060.0,6792.0,157.86428525714285,3,40.66071314285714,False,0,6975.192,39.0
1259.4441666666667,6056.881711163288,6796.326290529573,158.0,4,41.0,False,0,6975.211,39.0
1268.3330555555556,6004.148578285244,6869.802087821922,160.0,4,42.0,False,0,6975.411,39.0
1269.2742309600371,5998.0,6878.0,160.1968744,4,42.2624992,False,0,6975.432,39.0
1282.8219444444444,5911.4670491810875,6983.197256787346,163.0,4,46.0,False,0,6975.731,39.0
1284.6929439965425,5900.0,6996.0,163.40999936,4,46.40999936,False,0,6975.772,39.0
1291.9886111111111,5851.937786968102,7046.329659948931,165.0,4,48.0,False,0,6975.931,39.0
1292.9603351624091,5843.0,7055.0,165.2624992,4,48.0656248,False,0,6975.952,39.0
1301.3738149285755,5747.0,7144.0,167.5124992,4,48.6281248,False,0,6976.132,39.0
1307.0108333333333,5707.688791205171,7178.925448537577,169.0,4,49.0,False,0,6976.251,39.0
1316.656325268997,5667.0,7212.0,172.34999893333332,4,49.83749973333333,False,0,6976.452,39.0
1318.5441666666666,5655.225587329511,7221.694168174854,173.0,4,50.0,False,0,6976.491,39.0
1327.372794293983,5584.0,7280.0,175.2624992,4,50.0,False,0,6976.672,39.0
1330.2775,5556.187746337909,7302.065722468669,176.0,4,50.0,False,0,6976.731,39.0
1342.210833333333,5436.492343420168,7394.500994816663,179.0,4,50.0,False,0,6976.971,39.0
1343.2580667497864,5428.0,7401.0,179.1312496,4,50.1312496,False,0,6976.992,39.0
1350.210833333333,5382.714793441366,7435.482665916153,180.0,4,51.0,False,0,6977.131,39.0
1359.4220770776749,5331.0,7475.0,182.58571337142857,4,51.0,False,0,6977.312,39.0
1364.521944444444,5293.574803082964,7504.055427288967,184.0,4,51.0,False,0,6977.411,39.0
1371.8946035088127,5234.0,7551.0,186.6625024,4,51.8875008,False,0,6977.553,39.0
1372.8330555555553,5226.573025072457,7556.941034018474,187.0,4,52.0,False,0,6977.571,39.0
1385.4330555555555,5129.91380605945,7635.9815725612425,189.0,4,51.0,False,0,6977.811,39.0
1387.6606652494793,5113.0,7650.0,189.6268639607925,4,51.417909307195,False,0,6977.853,39.0
1396.153055555555,5048.408983920089,7703.662195606307,192.0,4,53.0,False,0,6978.012,39.0
1396.2066913095487,5048.0,7704.0,192.00749952,4,53.00249984,False,0,6978.013,39.0
1405.9047463934203,4975.0,7764.0,193.35750144,4,53.45250048,False,0,6978.193,39.0
1417.819722222222,4893.857757284096,7832.337954702991,195.0,5,54.0,False,0,6978.412,39.0
1420.0645515980705,4878.0,7846.0,195.61499904,5,53.79500032,False,0,6978.4529999999995,39.0
1428.8197222222218,4812.383553016093,7903.115043202012,198.0,5,53.0,False,0,6978.612,39.0
1431.093583632017,4795.0,7918.0,198.3727266909091,5,53.0,False,0,6978.653,39.0
1437.788615403515,4744.0,7961.0,199.46363578181817,5,53.0,False,0,6978.773,39.0
1446.7917664676427,4677.0,8019.0,200.91818123636364,5,53.0,False,0,6978.933,39.0
1453.508611111111,4626.299427842276,8062.62579329855,202.0,5,53.0,False,0,6979.052,39.0
1464.841944444444,4539.986118471548,8136.29973610572,204.0,5,53.0,False,0,6979.2519999999995,39.0
1466.038746424355,4531.0,8144.0,204.2625024,5,52.8687488,False,0,6979.273,39.0
1473.9974999999997,4471.460865010844,8195.16049113476,206.0,5,52.0,False,0,6979.412,39.0
1476.356290618176,4453.0,8211.0,206.30827014604188,5,51.8972432846527,False,0,6979.4529999999995,39.0
1491.430068426336,4330.0,8316.0,208.26315897533289,5,51.245613674889036,False,0,6979.713,39.0
1497.1616666666664,4292.126545916158,8348.203687315505,209.0,5,51.0,False,0,6979.811,39.0
1507.8152656949558,4215.0,8414.0,210.93928502857142,5,52.292856685714284,False,0,6979.992,39.0
1513.650555555555,4148.835137791841,8470.837661040976,212.0,5,53.0,False,0,6980.090999999999,39.0
1523.0727777777774,4036.5475021063867,8567.528179571744,212.0,5,53.0,False,0,6980.251,39.0
1523.1317515815313,4036.0,8568.0,212.00499968,5,53.0,False,0,6980.2519999999995,39.0
1534.9061111111105,3968.0513014276194,8626.66662633658,213.0,5,53.0,False,0,6980.451,39.0
1546.8918447858794,3919.0,8669.0,214.43571382857144,5,53.71785691428571,False,0,6980.652,39.0
1551.6283333333329,3887.5285157555936,8696.056474618204,215.0,5,54.0,False,0,6980.731,39.0
1562.5313225623393,3801.0,8771.0,216.5083328,5,54.7541664,False,0,6980.912,39.0
1566.0949999999996,3774.061712545281,8794.842385720985,217.0,5,55.0,False,0,6980.971,39.0
1572.2028869831474,3729.0,8835.0,217.42083306666666,5,54.158333866666666,False,0,6981.072,39.0
1580.628333333333,3665.9722219985792,8890.549742647097,218.0,5,53.0,False,0,6981.211,39.0
1585.5515355980915,3629.0,8923.0,218.20249984,5,53.0,False,0,6981.2919999999995,39.0
1649.4297104419425,3152.0,9342.0,220.80249984,5,53.0,False,0,6982.331999999999,39.0
1654.2949999999996,3115.2436144460075,9374.28249918686,221.0,5,53.0,False,0,6982.411,39.0
1659.282981199081,3078.0,9407.0,221.33749973333335,5,53.0,False,0,6982.492,39.0
1669.0949999999998,3007.420680753943,9469.032011844349,222.0,6,53.0,False,0,6982.651,39.0
1675.3657797266158,2957.0,9513.0,222.72142811428571,6,53.0,False,0,6982.7519999999995,39.0
1686.517222222222,2847.028548994608,9607.877447089451,224.0,6,53.0,False,0,6982.931,39.0
1696.5281116856772,2760.0,9683.0,224.0,6,52.42500022857143,False,0,6983.092,39.0
1703.9394444444442,2721.8990892789566,9716.4453986568,224.0,6,52.0,False,0,6983.211,39.0
1711.5010266914196,2685.0,9749.0,224.7562496,6,51.2437504,False,0,6983.331999999999,39.0
1713.939444444444,2668.9125447910415,9763.06680350449,225.0,6,51.0,False,0,6983.371,39.0
1722.751827931095,2600.0,9823.0,225.0,6,49.2375008,False,0,6983.512,39.0
1723.9394444444442,2590.7658131722187,9831.00402049291,225.0,6,49.0,False,0,6983.531,39.0
1737.75911052652,2487.0,9921.0,225.0,6,47.158333866666666,False,0,6983.7519999999995,39.0
1746.4394444444442,2420.9365087677356,9979.422464633668,225.0,6,46.0,False,0,6983.891,39.0
1752.735021783753,2372.0,10023.0,224.63928594285716,6,42.03214537142857,False,0,6983.992,39.0
1763.8616666666665,2283.3081458250294,10102.042695780832,224.0,6,35.0,False,0,6984.171,39.0
1771.4153068450767,2225.0,10154.0,223.12857234285715,6,19.750016000000002,False,0,6984.293,39.0
1781.1283333333326,2152.9455239666327,10218.212420675689,222.0,6,0.0,False,0,6984.451,39.0
1782.4709036435556,2142.0,10228.0,221.56218636805934,6,0.0,False,0,6984.473,39.0
1793.2999999999993,2043.086725820104,10316.811194687618,218.0,6,0.0,False,0,6984.652,39.0
1796.948615318845,2014.0,10343.0,216.91071085714285,6,0.0,False,0,6984.713,39.0
1809.866666666666,1944.8025103465113,10405.393972044742,213.0,6,0.0,False,0,6984.932,39.0
1814.570929725719,1917.0,10430.0,211.4812512,6,0.0,False,0,6985.013,39.0
1827.1837087717402,1822.0,10513.0,207.3562464,6,0.0,False,0,6985.233,39.0
1828.2666666666662,1815.2256923742575,10518.934802401182,207.0,6,0.0,True,0,6985.2519999999995,39.0
1839.544444444444,1760.9241952348318,10566.182130876561,203.0,6,0.0,True,0,6985.452,39.0
1846.090195660905,1674.0,10634.0,198.4625024,6,0.0,True,0,6985.572999999999,39.0
1851.3456280222722,1560.0,10721.0,194.7124928,6,0.0,True,0,6985.673,39.0
1856.522222222222,1483.2786298619458,10778.137292675428,191.0,5,0.0,True,0,6985.772,39.0
1868.9222222222215,1451.1599244780969,10792.87496736353,186.0,5,0.0,True,0,6986.012,39.0
1873.9420734584232,1431.0,10801.0,182.63332693333334,5,0.0,True,0,6986.113,39.0
1886.3222222222219,1319.8282596153028,10857.584627109125,174.0,4,0.0,True,0,6986.372,39.0
1887.3098176538742,1310.0,10862.0,173.36682858554258,4,0.0,True,0,6986.393,39.0
1895.6088888888885,1229.4460570171548,10892.844340788592,168.0,4,0.0,True,0,6986.571,39.0
1895.6552626249604,1229.0,10893.0,167.9875008,4,0.0,True,0,6986.572,39.0
1902.986666666666,1159.030836173332,10916.010898402443,166.0,4,0.0,True,0,6986.731,39.0
1904.853979024594,1142.0,10921.0,164.9750016,4,0.0,True,0,6986.772,39.0
1910.1866666666663,1095.7753786550384,10932.779692617489,162.0,4,0.0,True,0,6986.891,39.0
1914.557547597354,1049.0,10940.0,158.5281272,4,0.0,True,0,6986.992,39.0
1922.84016505668,929.0,10948.0,151.6531272,4,0.0,True,0,6987.192,39.0
1923.6088888888885,920.632390714537,10948.412610195663,151.0,3,0.0,True,0,6987.211,39.0
1933.1129590050114,853.0,10948.0,144.30555733333333,3,0.0,True,0,6987.452,39.0
1937.7088888888884,793.557181983256,10942.573078757587,141.0,3,0.0,True,0,6987.571,39.0
1945.3915654067725,680.0,10929.0,138.12857234285715,3,0.0,True,0,6987.772,39.0
1948.364444444444,653.0583446086129,10924.092367859219,137.0,3,0.0,True,0,6987.851,39.0
1954.275555555555,626.735911997152,10914.416152988084,133.0,3,0.0,True,0,6988.0109999999995,39.0
1958.612449703029,603.0,10903.0,129.9750016,3,0.0,True,0,6988.132,39.0
1961.3866666666663,581.249658566183,10892.972188724785,128.0,3,0.0,True,0,6988.211,39.0
1968.9352703419218,507.0,10857.0,124.31666773333333,3,0.0,True,0,6988.432,39.0
1973.5866666666664,467.1526915817945,10832.14509429239,122.0,3,0.0,True,0,6988.571,39.0
1976.2791678259653,446.0,10816.0,120.9875008,3,0.0,True,0,6988.652,39.0
1978.2648795526632,431.0,10803.0,120.2375008,3,0.0,True,0,6988.7119999999995,39.0
1981.5199999999998,407.6645236533074,10780.614383273916,119.0,3,0.0,False,0,6988.811,39.0
1988.7033112544923,361.0,10726.0,117.15833386666667,3,6.445831466666666,False,0,6989.032,39.0
1989.3199999999995,357.23514159844126,10720.907191334041,117.0,3,7.0,False,0,6989.0509999999995,39.0
1994.5525128387494,327.0,10676.0,117.0,3,7.670833066666667,False,0,6989.2119999999995,39.0
1997.1199999999994,313.5002644280827,10653.99260570926,117.0,3,8.0,False,0,6989.291,39.0
2000.399608224423,297.0,10625.0,117.0,3,9.00999936,False,0,6989.392,39.0
2003.6199999999994,280.88287327936536,10594.130480950844,117.0,3,10.0,False,0,6989.491,39.0
2010.8578430724874,248.0,10525.0,117.78928548571429,3,16.314283885714286,False,0,6989.7119999999995,39.0
2012.7977777777771,241.0349433355416,10509.697647530707,118.0,3,18.0,False,0,6989.771,39.0
2022.0533333333328,215.82133653657385,10430.190442412166,119.0,3,24.0,False,0,6990.0509999999995,39.0
2022.753788731015,214.0,10420.0,119.20999936,3,24.5249984,False,0,6990.072,39.0
2028.7755555555552,199.22345576992242,10314.923483741992,121.0,3,29.0,False,0,6990.251,39.0
2029.489968416152,198.0,10305.0,121.20999936,3,29.31499904,False,0,6990.272,39.0
2041.2887715228812,193.0,10235.0,124.60999936,3,34.41499904,False,0,6990.612,39.0
2042.6644444444441,192.43890071968374,10224.782942426622,125.0,3,35.0,False,0,6990.651,39.0
2048.353333333333,188.93987811289892,10169.515867063488,128.0,3,35.0,False,0,6990.811,39.0
2049.8608682515933,188.0,10154.0,128.41999872,3,33.9500032,False,0,6990.853,39.0
2055.575555555555,184.73652436578718,10094.99683277622,130.0,3,30.0,False,0,6991.0109999999995,39.0
2058.5542632770225,183.0,10063.0,130.0,3,19.792544343248288,False,0,6991.093,39.0
2064.2783333333327,179.14956727462655,9997.292249882988,130.0,3,0.0,True,0,6991.2519999999995,39.0
2067.1114909005755,176.0,9964.0,127.57000192,3,0.0,True,0,6991.333,39.0
2071.167222222222,169.1711444215845,9916.928617074775,124.0,3,0.0,True,0,6991.452,39.0
2078.967222222222,151.35321288215363,9836.388342342017,117.0,3,0.0,True,0,6991.692,39.0
2080.8757148600375,148.0,9823.0,115.16999424,3,0.0,True,0,6991.753,39.0
2085.1338888888886,142.70234942278262,9804.32567206631,111.0,2,0.0,True,0,6991.892,39.0
2089.95863549718,134.0,9784.0,108.31666773333333,2,0.0,True,0,6992.053,39.0
2092.267222222222,125.75242052926299,9765.92219279573,107.0,2,0.0,True,0,6992.132,39.0
2096.8291569720864,104.0,9721.0,103.4781264,2,0.0,True,0,6992.293,39.0
2101.1561111111105,82.14674244780826,9683.22522317063,100.0,2,0.0,True,0,6992.452,39.0
2101.182792809158,82.0,9683.0,99.9750016,2,0.0,True,0,6992.4529999999995,39.0
2106.4102905565937,50.0,9640.0,94.9750016,2,0.0,True,0,6992.653,39.0
2107.4227777777774,43.46349187600641,9632.143577887256,94.0,2,0.0,True,0,6992.692,39.0
2111.5561111111106,16.025700525639834,9601.769465390389,93.0,1,0.0,True,0,6992.852,39.0
2114.064603797281,-2.0,9584.0,90.89582933333334,1,0.0,True,0,6992.9529999999995,39.0
2117.4227777777774,-27.799340168382066,9561.24027178648,88.0,1,0.0,True,0,6993.092,39.0
2119.3457090350507,-43.0,9549.0,87.19598015807674,1,0.0,True,0,6993.172,39.0
2122.1766666666663,-65.93200629595447,9531.924650343226,86.0,1,0.0,False,0,6993.291,39.0
2124.9903658671437,-90.0,9516.0,84.70357211428572,1,0.0,False,0,6993.412,39.0
2128.632222222222,-122.79788081461756,9497.115173373291,83.0,1,0.0,False,0,6993.571,39.0
2128.6551262336643,-123.0,9497.0,82.9964288,1,0.0107136,False,0,6993.572,39.0
2130.4878048155097,-139.0,9488.0,82.71071451428571,1,0.8678564571428572,False,0,6993.652,39.0
2135.0099999999998,-179.79930433757102,9470.078455671224,82.0,1,3.0,False,0,6993.851,39.0
2135.0323706489876,-180.0,9470.0,81.9906256,1,3.0124992,False,0,6993.852,39.0
2140.305300237385,-231.0,9454.0,79.7406256,1,6.0124992,False,0,6994.092,39.0
2142.032222222222,-254.18121110180064,9450.160379764116,79.0,1,7.0,False,0,6994.171,39.0
2145.543333333333,-309.4367157633105,9444.692376707915,79.0,1,9.0,False,0,6994.331,39.0
2147.7603799964277,-335.0,9443.0,79.0,1,9.504999680000001,False,0,6994.432,39.0
2149.932222222222,-349.7506858662606,9442.69950357418,79.0,1,10.0,False,0,6994.531,39.0
2153.9009342350105,-366.0,9445.0,79.0,1,10.0,False,0,6994.7119999999995,39.0
2155.1988888888886,-374.8026660683844,9446.28588957191,79.0,1,10.0,False,0,6994.771,39.0
2160.091241599476,-425.0,9458.0,79.50227258181818,1,11.506817745454546,False,0,6994.992,39.0
2164.9766666666665,-492.499860667862,9488.766613670768,80.0,1,13.0,False,0,6995.211,39.0
2165.4465552492024,-497.0,9491.0,80.04772712727272,1,13.143181381818183,False,0,6995.232,39.0
2171.285091675489,-524.0,9508.0,80.63863621818182,1,14.915908654545454,False,0,6995.492,39.0
2174.8766666666666,-558.6081605301418,9535.698705694964,81.0,1,16.0,False,0,6995.651,39.0
2178.0781592217254,-593.0,9565.0,81.70499968,1,18.11499904,False,0,6995.7919999999995,39.0
2179.432222222222,-604.7022564209431,9575.938678280367,82.0,1,19.0,False,0,6995.851,39.0
2186.987777777778,-645.1803508347846,9624.91484398951,85.0,1,21.0,False,0,6996.171,39.0
2189.4507031311987,-656.0,9641.0,86.51499904,1,23.01999872,False,0,6996.272,39.0
2191.8766666666666,-666.8514031441891,9657.865327660234,88.0,1,25.0,False,0,6996.371,39.0
2195.7877777777776,-684.783087007223,9687.702666818464,88.0,1,25.0,False,0,6996.531,39.0
2198.300110367791,-696.0,9709.0,89.00999936,1,20.455002880000002,False,0,6996.632,39.0
2200.7877777777776,-706.8036804464557,9731.708801667519,90.0,1,16.0,False,0,6996.731,39.0
2201.8208030831915,-711.0,9741.0,90.14642834285715,1,14.242859885714285,False,0,6996.772,39.0
2207.3846262048532,-731.0,9792.0,90.93214262857143,1,4.814288457142856,False,0,6996.992,39.0
2207.8655555555556,-732.8568931048288,9797.765772273968,91.0,1,4.0,False,0,6997.0109999999995,39.0
2211.9100000000003,-749.971915026918,9857.358025051188,91.0,2,8.0,False,0,6997.171,39.0
2214.968489644263,-760.0,9895.0,90.6187504,2,6.8562512,False,0,6997.293,39.0
2219.9100000000003,-765.6573799176876,9920.418382605973,90.0,2,5.0,False,0,6997.491,39.0
2221.9648867373207,-767.0,9934.0,90.0,2,3.2987573905413816,False,0,6997.572999999999,39.0
2225.9350000000004,-770.7651058167191,9981.325257540855,90.0,2,0.0,False,0,6997.732,39.0
2229.8734375246586,-774.0,10038.0,88.79250048,2,2.0124991999999997,False,0,6997.893,39.0
2235.601666666667,-773.7153697630268,10101.810580015983,87.0,2,5.0,False,0,6998.132,39.0
2240.8287714775024,-771.0,10144.0,85.99545367272728,2,2.9909073454545454,False,0,6998.353,39.0
2245.9905555555556,-768.0411585138878,10178.108686514914,85.0,1,1.0,False,0,6998.572,39.0
2246.9600523009626,-767.0,10187.0,85.0,1,1.5124992,False,0,6998.613,39.0
2249.7683333333334,-762.7172456470319,10220.148092449963,85.0,1,3.0,False,0,6998.732,39.0
2254.88141254731,-753.0,10288.0,83.77222115555556,1,6.069447111111112,False,0,6998.9529999999995,39.0
2258.0683333333336,-748.9547715095798,10311.98148520339,83.0,1,8.0,False,0,6999.092,39.0
2263.1483744431653,-741.0,10346.0,83.0,1,13.5250048,False,0,6999.313,39.0
2264.5238888888894,-737.0899397697988,10362.203253414662,83.0,1,15.0,False,0,6999.372,39.0
2267.859051750263,-725.0,10410.0,84.5666688,1,20.875008,False,0,6999.513,39.0
2273.223888888889,-701.0260013923206,10490.423166279199,87.0,1,30.0,False,0,6999.732,39.0
2275.260900080876,-692.0,10518.0,89.00836766303125,1,32.343095606869795,False,0,6999.812,39.0
2279.398055555556,-674.7912821677622,10566.87694969041,93.0,1,37.0,False,0,6999.971,39.0
2283.620277777778,-658.8191043452014,10608.364063990093,95.0,1,41.0,False,0,7000.131,39.0
2286.3597640910552,-650.0,10631.0,97.01999872,1,42.51499904,False,0,7000.232,39.0
2289.120277777778,-642.342165239032,10650.547238914478,99.0,1,44.0,False,0,7000.331,39.0
2294.9536111111115,-626.5214539978741,10688.853761843657,105.0,1,44.0,False,0,7000.531,39.0
2296.187495022634,-622.0,10699.0,106.0249984,1,44.81999872,False,0,7000.572,39.0
2298.6298135369084,-612.0,10721.0,108.0249984,1,46.41999872,False,0,7000.652,39.0
2301.0647222222224,-602.1394851142447,10743.036535539797,110.0,2,48.0,False,0,7000.731,39.0
2304.8340795527006,-587.0,10777.0,112.2687488,2,49.5124992,False,0,7000.852,39.0
2306.0869444444447,-581.9025333497916,10788.170929919193,113.0,2,50.0,False,0,7000.891,39.0
2312.8647222222226,-553.9867200798376,10847.250062986313,122.0,2,53.0,False,0,7001.090999999999,39.0
2317.829431377468,-532.0,10891.0,125.5249984,2,55.34999893333333,False,0,7001.232,39.0
2321.398055555556,-515.2949387199156,10922.819263354195,128.0,2,57.0,False,0,7001.331,39.0
2324.3730782257044,-502.0,10948.0,130.42999808,2,57.80999936,False,0,7001.412,39.0
2328.8425,-484.5982380224453,10981.604177908564,134.0,2,59.0,False,0,7001.531,39.0
2332.7391670023935,-464.0,11021.0,137.7874976,2,60.8937488,False,0,7001.632,39.0
2335.0647222222224,-446.61867600253623,11053.791912392826,140.0,2,62.0,False,0,7001.691,39.0
2339.955747490323,-408.0,11126.0,144.23499776,2,62.60499968,False,0,7001.812,39.0
2343.2313888888893,-391.38199125960404,11156.53571067028,147.0,3,63.0,False,0,7001.891,39.0
2354.490022932804,-362.0,11206.0,154.24999822222222,3,66.62499911111111,False,0,7002.152,39.0
2358.931388888889,-341.70661222395256,11239.909426514647,157.0,3,68.0,False,0,7002.251,39.0
2364.4853321085666,-312.0,11289.0,160.93249792,3,69.20999936,False,0,7002.372,39.0
2377.820277777778,-241.27750020925248,11397.60717953184,170.0,3,72.0,False,0,7002.651,39.0
2377.8694050486565,-241.0,11398.0,170.03249792,3,72.0249984,False,0,7002.652,39.0
2383.834341621477,-207.0,11445.0,173.93249792,3,75.0249984,False,0,7002.772,39.0
2393.018916821484,-155.0,11517.0,179.78249792,3,79.5249984,False,0,7002.952,39.0
2398.153611111111,-108.08625526258348,11577.165251778864,183.0,4,82.0,False,0,7003.0509999999995,39.0
2406.626670158493,-26.0,11679.0,188.36666453333333,4,84.0124992,False,0,7003.2119999999995,39.0
2410.8869444444445,-1.3970122149785462,11708.731673528033,191.0,4,85.0,False,0,7003.291,39.0
2425.559817246802,46.0,11760.0,199.48249792000001,4,93.48249792,False,0,7003.552,39.0
2433.553611111111,98.31945754585551,11816.257879429138,204.0,4,98.0,False,0,7003.691,39.0
2437.072537725481,123.0,11842.0,205.5249984,4,98.60999936,False,0,7003.7519999999995,39.0
2445.1647222222223,177.45606709923865,11895.552853471361,209.0,5,100.0,False,0,7003.891,39.0
2447.651514829548,197.0,11914.0,210.04737852127738,5,100.0,False,0,7003.933,39.0
2468.3851905874335,401.0,12100.0,218.52618925106262,5,100.0,False,0,7004.273,39.0
2469.5588888888888,409.6063658303987,12107.651991801002,219.0,5,100.0,False,0,7004.2919999999995,39.0
2484.492222222222,476.5798114189008,12164.181235466971,224.0,5,100.0,False,0,7004.532,39.0
2494.625555555556,547.3781037495543,12214.564375692167,228.0,5,100.0,False,0,7004.692,39.0
2494.6892281726796,548.0,12215.0,228.0124992,5,100.0,False,0,7004.693,39.0
2510.0255555555555,737.2369970869936,12343.518694921588,231.0,5,100.0,False,0,7004.932,39.0
2510.0903434888705,738.0,12344.0,231.017856,5,100.0,False,0,7004.933,39.0
2528.3811111111113,913.9455808423634,12439.032325961223,236.0,5,100.0,False,0,7005.2119999999995,39.0
2533.762714242254,959.0,12460.0,237.12499911111112,5,100.0,False,0,7005.293,39.0
2552.481111111111,1110.368793824836,12525.925889583548,241.0,6,100.0,False,0,7005.572,39.0
2561.989366887753,1194.0,12558.0,241.8812512,6,98.6781232,False,0,7005.713,39.0
2574.081111111111,1312.9971795865226,12599.07513315338,243.0,6,97.0,False,0,7005.892,39.0
2592.981111111111,1502.3929557193705,12656.829806017033,243.0,6,45.0,False,0,7006.172,39.0
2593.0484665381837,1503.0,12657.0,242.9944448,6,44.9277824,False,0,7006.173,39.0
2617.081111111111,1692.5497846373191,12703.674592361078,241.0,6,19.0,False,0,7006.532,39.0
2619.7237147135447,1712.0,12708.0,240.3984963370833,6,17.095238400763765,False,0,7006.572,39.0
2643.1269444444447,1908.8656401214685,12746.498922187258,235.0,6,0.0,False,0,7006.931,39.0
2645.778313410041,1944.0,12752.0,234.2312512,6,0.0,False,0,7006.972,39.0
2653.4380555555554,2066.4287855170296,12769.89613966172,232.0,6,0.0,False,0,7007.090999999999,39.0
2659.863145713745,2161.0,12783.0,229.98000128,6,0.0,False,0,7007.192,39.0
2666.1047222222223,2219.743988413391,12790.63845051105,228.0,6,0.0,False,0,7007.291,39.0
2677.4084887971794,2287.0,12798.0,225.7375008,6,0.0,False,0,7007.472,39.0
2686.0158333333334,2365.4209209000537,12806.769188784761,224.0,6,0.0,False,0,7007.611,39.0
2697.1367300045185,2484.0,12820.0,221.28500096,6,0.0,False,0,7007.7919999999995,39.0
2698.293611111111,2495.7120843782886,12821.279123931243,221.0,6,0.0,False,0,7007.811,39.0
2705.604577128914,2568.0,12829.0,218.9833344,6,1.0083328,False,0,7007.932,39.0
2717.496365820589,2688.0,12841.0,215.65000106666668,6,2.6749994666666668,False,0,7008.132,39.0
2719.793611111111,2711.2939812848717,12843.309235748133,215.0,6,3.0,False,0,7008.171,39.0
2762.2207220582513,3141.0,12887.0,206.22500075789475,6,0.07500025263157895,False,0,7008.912,39.0
2763.2825,3151.716673189758,12888.131335225975,206.0,5,0.0,True,0,7008.931,39.0
2772.1713888888885,3241.335904585422,12897.722685701876,200.0,5,0.0,True,0,7009.090999999999,39.0
2773.3294810098278,3253.0,12899.0,199.68500096,5,0.0,True,0,7009.112,39.0
2783.115833333333,3351.4546700052397,12909.940522765515,197.0,5,0.0,False,0,7009.291,39.0
2783.170091344592,3352.0,12910.0,196.9888896,5,0.0083328,False,0,7009.2919999999995,39.0
2797.136931242879,3492.0,12925.0,194.1000007111111,5,2.1749994666666668,False,0,7009.552,39.0
2802.4158333333335,3544.281760381846,12931.05916809166,193.0,5,3.0,False,0,7009.651,39.0
2806.727549721374,3587.0,12936.0,192.19000064,5,3.80999936,False,0,7009.732,39.0
2813.026944444444,3650.17693145252,12942.908313001546,191.0,5,5.0,False,0,7009.851,39.0
2822.458210893548,3744.0,12953.0,188.7375008,5,6.1312496,False,0,7010.032,39.0
2829.6491666666666,3813.1536207092317,12961.086656985768,187.0,5,7.0,False,0,7010.171,39.0
2831.7712612972164,3838.0,12964.0,186.7437504,5,6.7437504,False,0,7010.2119999999995,39.0
2837.915833333333,3928.084344362881,12974.432874510816,186.0,5,6.0,False,0,7010.331,39.0
2843.1282124747813,4002.0,12983.0,184.90714148571428,5,4.907141485714286,False,0,7010.433,39.0
2852.1491666666666,4076.270969375093,12991.879007818843,183.0,5,3.0,False,0,7010.611,39.0
2861.3570649766857,4133.0,12999.0,182.08999936,5,0.26999808000000014,False,0,7010.793,39.0
2862.260277777778,4140.515544356971,12999.934980144651,182.0,5,0.0,False,0,7010.811,39.0
2870.2655555555557,4220.718631505539,13009.932181390075,179.0,5,0.0,False,0,7010.972,39.0
2873.2766940393813,4252.0,13014.0,178.38999808,5,0.0,False,0,7011.032999999999,39.0
2880.0988888888883,4320.14739453919,13023.310808735165,177.0,5,0.0,False,0,7011.172,39.0
2882.0998749608607,4340.0,13026.0,176.59000064,5,0.0,False,0,7011.213,39.0
2889.8211111111104,4417.281640333101,13036.081998475101,175.0,5,0.0,False,0,7011.372,39.0
2892.7752535584805,4447.0,13040.0,174.69499904,5,0.0,False,0,7011.433,39.0
2899.4877777777774,4514.554434374149,13049.244389234971,174.0,4,0.0,False,0,7011.572,39.0
2901.460488586038,4534.0,13052.0,173.7071433142857,4,0.0,False,0,7011.613,39.0
2904.341263530614,4562.0,13056.0,173.27857005714284,4,0.0,False,0,7011.673,39.0
2912.865555555555,4647.059134239291,13066.621622567189,172.0,4,0.0,False,0,7011.852,39.0
2915.7364638065537,4676.0,13070.0,171.1285686857143,4,0.0,False,0,7011.913,39.0
2925.9322222222218,4778.086420495397,13081.706118153032,168.0,4,0.0,False,0,7012.132,39.0
2931.533766921343,4834.0,13088.0,167.2437504,4,0.0,False,0,7012.253,39.0
2939.8183107150676,4917.0,13097.0,166.1187488,4,0.0,False,0,7012.433,39.0
2940.687777777777,4925.695840959595,13097.857121899538,166.0,4,0.0,False,0,7012.452,39.0
2948.9215335890453,5008.0,13105.0,164.3031232,4,1.1312512,False,0,7012.633,39.0
2955.176666666666,5071.359061894841,13109.441636109525,163.0,4,2.0,False,0,7012.772,39.0
2956.116093284126,5081.0,13110.0,162.7374976,4,1.8687488,False,0,7012.793,39.0
2966.69531601274,5188.0,13114.0,159.75,4,0.375,False,0,7013.032,39.0
2969.309999999999,5210.935617708373,13114.357034806804,159.0,4,0.0,True,0,7013.092,39.0
2977.0423085518196,5275.0,13113.0,155.25,4,0.0,True,0,7013.272,39.0
2979.576666666666,5299.068360554882,13111.214835841318,154.0,4,0.0,True,0,7013.331999999999,39.0
2984.5757684220516,5350.0,13106.0,151.89473717979152,4,0.0,True,0,7013.452,39.0
2995.869166666666,5464.599699797144,13089.074232823734,147.0,3,0.0,True,0,7013.731,39.0
2995.9089290246457,5465.0,13089.0,146.98409192727271,3,0.0,True,0,7013.732,39.0
3002.9855614035296,5536.0,13074.0,144.12045556363637,3,0.0,True,0,7013.912,39.0
3011.480218733828,5620.0,13052.0,140.62045556363637,3,0.0,True,0,7014.132,39.0
3012.980277777777,5634.166649003199,13047.96889062913,140.0,3,0.0,False,0,7014.171,39.0
3017.6241273013657,5679.0,13034.0,138.79000064,3,0.0,False,0,7014.2919999999995,39.0
3020.6469444444438,5712.742353044846,13021.628678499284,138.0,3,0.0,False,0,7014.371,39.0
3028.2580555555546,5798.666810594253,12986.144776389767,137.0,3,0.0,False,0,7014.571,39.0
3028.2958756239523,5799.0,12986.0,136.9916672,3,0.0124992,False,0,7014.572,39.0
3037.258055555555,5858.393293618537,12956.795632602314,135.0,3,3.0,False,0,7014.811,39.0
3038.779771016424,5872.0,12949.0,134.65833386666668,3,4.195831466666666,False,0,7014.852,39.0
3046.1247222222214,5965.780116398231,12892.888374127851,133.0,3,10.0,False,0,7015.0509999999995,39.0
3049.857655299652,6006.0,12868.0,133.0,3,11.082142171428572,False,0,7015.152,39.0
3056.469166666666,6038.947960876156,12845.681696226953,133.0,3,13.0,False,0,7015.331,39.0
3060.9119751430617,6059.0,12830.0,132.39500032,3,11.18500096,False,0,7015.452,39.0
3063.8024999999993,6079.381685656251,12814.208977442871,132.0,3,10.0,False,0,7015.531,39.0
3068.9440336359053,6123.0,12780.0,131.41250026666665,3,11.174999466666666,False,0,7015.672,39.0
3072.5358333333324,6151.104305799479,12756.926081364305,131.0,3,12.0,False,0,7015.771,39.0
3075.4611532950557,6173.0,12738.0,130.4937504,3,14.531248,False,0,7015.852,39.0
3078.3136111111103,6193.90453960298,12718.922609283927,130.0,3,17.0,False,0,7015.931,39.0
3087.803724295848,6260.0,12652.0,130.8156248,3,19.4468744,False,0,7016.192,39.0
3089.958055555555,6274.382515116301,12636.211571017713,131.0,3,20.0,False,0,7016.251,39.0
3094.3836254983257,6303.0,12603.0,131.3781248,3,20.7562496,False,0,7016.372,39.0
3101.691388888888,6346.46582123524,12545.39254546913,132.0,3,22.0,False,0,7016.571,39.0
3103.2032336299512,6355.0,12533.0,132.2562496,3,22.2562496,False,0,7016.612,39.0
3107.6024999999995,6379.088127682313,12496.027414557919,133.0,3,23.0,False,0,7016.731,39.0
3109.8630201579745,6391.0,12477.0,133.1906248,3,23.5718744,False,0,7016.7919999999995,39.0
3114.320677120903,6414.0,12439.0,133.5656248,3,24.6968744,False,0,7016.912,39.0
3119.5136111111105,6443.401008827662,12386.332787447182,134.0,3,26.0,False,0,7017.0509999999995,39.0
3127.1277914375128,6485.0,12306.0,135.44285622857143,3,28.88571245714286,False,0,7017.253,39.0
3130.0913888888886,6497.556182046646,12280.149132529235,136.0,3,30.0,False,0,7017.331,39.0
3137.796388888889,6522.195050845448,12224.495141057083,138.0,3,35.0,False,0,7017.532,39.0
3142.4943230882836,6538.0,12187.0,139.5124992,3,35.0,False,0,7017.653,39.0
3144.018611111111,6543.604097622514,12173.62641889566,140.0,3,35.0,False,0,7017.692,39.0
3145.6263765341378,6550.0,12158.0,140.34166613333332,3,35.341666133333334,False,0,7017.733,39.0
3157.5538472892845,6610.0,11995.0,142.84166826666666,3,37.841668266666666,False,0,7018.032999999999,39.0
3158.3186111111113,6613.074122207677,11986.102384854525,143.0,3,38.0,False,0,7018.052,39.0
3173.018611111111,6647.649711443282,11874.23693961827,147.0,3,41.0,False,0,7018.412,39.0
3174.7183974916757,6651.0,11863.0,147.7687488,3,41.5124992,False,0,7018.4529999999995,39.0
3179.6852777777776,6661.275828218686,11829.225751606897,150.0,3,43.0,False,0,7018.572,39.0
3185.6469835580883,6675.0,11783.0,151.7625024,3,43.5875008,False,0,7018.713,39.0
3189.8852777777774,6686.005721062133,11743.528543129658,153.0,3,44.0,False,0,7018.812,39.0
3196.8186111111113,6703.900157530838,11676.384234753832,156.0,3,44.0,False,0,7018.972,39.0
3196.862104857858,6704.0,11676.0,156.0062496,3,44.0031248,False,0,7018.973,39.0
3207.3523463940423,6729.0,11575.0,157.5062496,3,44.7531248,False,0,7019.213,39.0
3210.8630555555555,6743.2378146612655,11515.61571680142,158.0,3,45.0,False,0,7019.2919999999995,39.0
3215.408201477498,6762.0,11437.0,159.60682123636363,3,45.0,False,0,7019.393,39.0
3231.029722222222,6784.658074579067,11338.670071664206,165.0,4,45.0,False,0,7019.732,39.0
3235.693114265241,6792.0,11303.0,166.11111111111111,4,44.72222222222222,False,0,7019.831999999999,39.0
3247.929722222222,6824.229815303048,11144.411604024872,169.0,4,44.0,False,0,7020.092,39.0
3249.829210928374,6829.0,11120.0,169.60301488144245,4,45.00502480240409,False,0,7020.132,39.0
3257.4375,6845.01851089753,11033.93840759623,172.0,4,49.0,False,0,7020.291,39.0
3266.2354743771702,6859.0,10953.0,174.71499904,4,49.90499968,False,0,7020.472,39.0
3267.159722222222,6860.306940601243,10945.256359676652,175.0,4,50.0,False,0,7020.491,39.0
3277.944806546453,6877.0,10838.0,175.92083306666666,4,53.68333226666667,False,0,7020.7119999999995,39.0
3278.8930555555557,6879.195981385036,10822.603972071509,176.0,4,54.0,False,0,7020.731,39.0
3285.033061672783,6895.0,10709.0,181.2937472,4,60.0499968,False,0,7020.852,39.0
3287.026388888889,6899.405867254394,10676.667287222037,183.0,4,62.0,False,0,7020.891,39.0
3295.248611111111,6912.355406615214,10577.786948935152,185.0,4,71.0,False,0,7021.0509999999995,39.0
3303.7374999999997,6919.645114255371,10515.582692352125,191.0,4,75.0,False,0,7021.211,39.0
3309.202718088402,6924.0,10477.0,193.16428434285714,4,78.24642651428572,False,0,7021.312,39.0
3319.059722222222,6931.427950775107,10408.699292529198,197.0,4,84.0,False,0,7021.491,39.0
3332.629422364263,6942.0,10301.0,202.16428434285714,4,88.30357028571429,False,0,7021.732,39.0
3334.8486111111106,6943.930089264104,10279.707458525882,203.0,4,89.0,False,0,7021.771,39.0
3338.330280215492,6947.0,10245.0,203.45749952,4,89.0,False,0,7021.831999999999,39.0
3353.2505182864393,6959.0,10097.0,205.40749952,4,89.0,False,0,7022.092,39.0
3357.7374999999997,6961.960299004633,10055.726856460315,206.0,4,89.0,False,0,7022.171,39.0
3362.3029154732108,6965.0,10006.0,206.0,4,89.0,False,0,7022.2519999999995,39.0
3371.470833333333,6972.07407360445,9858.850845583764,206.0,5,89.0,False,0,7022.411,39.0
3377.7671892870967,6976.0,9762.0,216.0999936,5,93.62916373333333,False,0,7022.512,39.0
3386.804166666667,6979.468566896596,9652.441570698931,230.0,5,100.0,False,0,7022.651,39.0
3405.1597222222213,6981.734824243337,9503.40733551633,236.0,6,100.0,False,0,7022.931,39.0
3407.8685888682394,6982.0,9487.0,236.58571337142857,6,100.0,False,0,7022.972,39.0
3423.826388888888,6984.280312038684,9398.576046445185,240.0,6,100.0,False,0,7023.211,39.0
3427.9715165177963,6986.0,9354.0,241.37249856,6,100.0,False,0,7023.272,39.0
3445.9622423751775,6998.0,9064.0,247.22249856,6,100.0,False,0,7023.532,39.0
3451.4930555555547,7000.380470505705,9002.169437493678,249.0,6,100.0,False,0,7023.611,39.0
3476.9930555555547,7012.6403892657145,8859.838937145962,255.0,6,99.0,False,0,7023.971,39.0
3481.4338529061943,7021.0,8805.0,255.70294939906748,6,98.8594101201865,False,0,7024.032999999999,39.0
3495.8556016430844,7057.0,8579.0,257.9705234242937,6,98.40589531514127,False,0,7024.233,39.0
3508.843055555555,7069.0678424428215,8515.271124346147,260.0,6,98.0,False,0,7024.412,39.0
3513.2811572429273,7074.0,8494.0,260.50833493333334,6,97.83055502222223,False,0,7024.473,39.0
3533.7469144601996,7120.0,8295.0,262.84166826666666,6,97.05277724444444,False,0,7024.753,39.0
3535.1430555555553,7123.608434750364,8280.857371353934,263.0,6,97.0,False,0,7024.772,39.0
3548.493681977215,7159.0,8153.0,264.93928777142855,6,97.0,False,0,7024.9529999999995,39.0
3555.831944444444,7179.652204805204,8082.7380060158985,266.0,7,97.0,False,0,7025.052,39.0
3561.853996572033,7197.0,8026.0,266.5522722909091,7,96.07954618181819,False,0,7025.133,39.0
3582.783628048212,7265.0,7828.0,268.4613632,7,92.897728,False,0,7025.413,39.0
3588.709722222222,7292.268869084626,7757.3299801226,269.0,7,92.0,False,0,7025.492,39.0
3603.8209926317904,7365.0,7576.0,269.55833315555554,7,40.63334968888889,False,0,7025.693,39.0
3615.709722222222,7397.4946390520845,7494.977018804254,270.0,7,0.0,True,0,7025.852,39.0
3624.6704386683073,7420.0,7436.0,267.3531264,7,0.0,True,0,7025.973,39.0
3639.087499999999,7468.779436207351,7299.665951469484,263.0,7,0.0,True,0,7026.172,39.0
3639.1582509918517,7469.0,7299.0,262.9500032,7,0.0,True,0,7026.173,39.0
3661.0430555555554,7518.0,7109.0,247.0,6,0.0,False,0,7026.492,39.0
3673.198656754608,7535.0,6990.0,243.4,6,11.7,False,0,7026.672,39.0
3674.5430555555554,7536.161533201503,6977.868466736859,243.0,6,13.0,False,0,7026.692,39.0
3683.9127436906365,7538.0,6887.0,242.04328032170855,6,30.220954209245857,False,0,7026.831999999999,39.0
3697.2114657774255,7517.0,6672.0,240.67653792414936,6,54.82231736531136,False,0,7027.032,39.0
3703.809722222222,7507.927808882406,6605.168747642763,240.0,6,67.0,False,0,7027.130999999999,39.0
3717.198611111111,7493.244830075297,6543.098078436491,241.0,6,76.0,False,0,7027.331,39.0
3719.9601141769513,7489.0,6525.0,241.5124992,6,76.8968736,False,0,7027.372,39.0
3734.90969393749,7456.0,6380.0,244.2624992,6,81.7093736,False,0,7027.592,39.0
3738.9763888888892,7443.222114573409,6327.787941440976,245.0,6,83.0,False,0,7027.651,39.0
3755.838977581829,7385.0,6099.0,250.2718736,6,82.2468752,False,0,7027.892,39.0
3761.376388888889,7372.091919230919,6046.292140533981,252.0,6,82.0,False,0,7027.971,39.0
3780.7430555555557,7348.913420443789,5930.674857389861,249.0,6,0.0,True,0,7028.251,39.0
3784.8318925826547,7344.0,5899.0,246.1678601142857,6,0.0,True,0,7028.312,39.0
3799.0986111111115,7325.067296253709,5756.657486400305,236.0,5,0.0,True,0,7028.531,39.0
3799.1625709168966,7325.0,5756.0,235.964288,5,0.0035712,True,0,7028.532,39.0
3811.764271062203,7317.0,5630.0,228.82143085714284,5,0.7178569142857143,True,0,7028.732,39.0
3816.6763888888895,7316.826533260077,5582.016753872379,226.0,5,1.0,True,0,7028.811,39.0
3824.15458450444,7321.0,5508.0,224.109376,5,9.6968704,True,0,7028.932,39.0
3836.3208333333337,7342.946811485181,5379.932324622633,221.0,5,24.0,False,0,7029.130999999999,39.0
3838.8041005430077,7349.0,5355.0,220.18000128,5,27.48499456,False,0,7029.172,39.0
3848.3763888888893,7376.106030153399,5266.993069434073,217.0,5,41.0,False,0,7029.331,39.0
3859.229741599684,7415.0,5173.0,216.4972224,5,50.0499968,False,0,7029.512,39.0
3869.9763888888892,7463.075649016025,5074.555741307674,216.0,5,59.0,False,0,7029.691,39.0
3874.8602554281783,7488.0,5031.0,216.0,5,49.04375786666667,False,0,7029.772,39.0
3877.276838265425,7501.0,5010.0,216.0,5,44.127091199999995,False,0,7029.812,39.0
3898.7763888888894,7615.490893285774,4818.880384282017,216.0,5,0.0,True,0,7030.171,39.0
3898.8931735366177,7616.0,4818.0,215.9388928,5,0.0,True,0,7030.173,39.0
3909.248579621668,7657.0,4745.0,210.43888497777778,5,0.0,True,0,7030.353,39.0
3918.267984185749,7698.0,4666.0,205.5499960888889,5,0.0,True,0,7030.513,39.0
3919.2763888888894,7702.361951814872,4656.81767535348,205.0,5,0.0,True,0,7030.531,39.0
3932.712055478688,7751.0,4533.0,201.37905370638265,5,1.8104731468086817,True,0,7030.773,39.0
3936.01386238051,7760.0,4502.0,200.4812941217028,5,2.2593529391485987,True,0,7030.833,39.0
3941.4427777777782,7772.763694982464,4451.722829569888,199.0,4,3.0,False,0,7030.932,39.0
3950.221022784845,7786.0,4365.0,197.4906256,4,3.0,False,0,7031.093,39.0
3958.8650000000007,7786.190984488304,4260.130032862889,196.0,4,3.0,False,0,7031.2519999999995,39.0
3966.5394112485315,7779.0,4172.0,196.0,4,3.0,False,0,7031.393,39.0
3969.753888888889,7774.799472725031,4141.778984458764,196.0,4,3.0,False,0,7031.452,39.0
3983.987408295895,7746.0,4033.0,196.0,4,3.0,False,0,7031.713,39.0
3989.353888888889,7729.263646208696,3984.29192251346,196.0,4,3.0,False,0,7031.812,39.0
3995.8716563888834,7705.0,3922.0,195.32777813333334,4,24.511099733333335,False,0,7031.933,39.0
4004.4650968362766,7668.0,3845.0,194.43888924444445,4,52.95554417777778,False,0,7032.093,39.0
4008.753888888889,7647.745341266755,3807.9238676096684,194.0,4,67.0,False,0,7032.172,39.0
4015.3928763259764,7614.0,3752.0,197.0249984,4,72.44499712,False,0,7032.293,39.0
4019.8094444444446,7590.010578093797,3716.116442111869,199.0,4,76.0,False,0,7032.372,39.0
4034.9879517851255,7498.0,3603.0,206.83000576,4,91.66001152,False,0,7032.633,39.0
4043.2538888888894,7439.843856980841,3548.642949308835,211.0,5,100.0,False,0,7032.772,39.0
4044.5062661053043,7431.0,3541.0,211.5250048,5,100.0,False,0,7032.793,39.0
4055.2538888888894,7350.8051682237465,3479.3970378172216,216.0,5,100.0,False,0,7032.972,39.0
4057.6905247246523,7325.0,3463.0,217.0,5,99.57142857142857,False,0,7033.012,39.0
4071.3391678856783,7140.0,3359.0,222.5,5,97.21428571428571,False,0,7033.232,39.0
4072.598333333334,7126.748384768125,3351.9041170150012,223.0,5,97.0,False,0,7033.2519999999995,39.0
4094.3329095333675,7004.0,3288.0,228.96491132392399,5,24.568933923780023,False,0,7033.592,39.0
4098.09,6977.22116031374,3271.864454142603,230.0,5,12.0,False,0,7033.651,39.0
4108.178888888889,6890.285378847652,3215.4603061277694,227.0,6,4.0,False,0,7033.811,39.0
4110.7279554323895,6869.0,3200.0,225.718752,6,2.9750016,False,0,7033.852,39.0
4118.045555555555,6811.981276947707,3153.9334874735478,222.0,6,0.0,False,0,7033.971,39.0
4122.976099816699,6775.0,3121.0,220.734376,6,4.3031216,False,0,7034.052,39.0
4136.199920600896,6677.0,3026.0,217.296876,6,15.9906216,False,0,7034.272,39.0
4137.334444444444,6669.092789321423,3017.9912824297803,217.0,6,17.0,False,0,7034.291,39.0
4145.719170500081,6610.0,2956.0,214.65000106666668,6,14.062501333333334,False,0,7034.432,39.0
4151.5344444444445,6559.216131557108,2899.3031656766416,213.0,5,12.0,False,0,7034.531,39.0
4160.817083863199,6478.0,2805.0,209.42222364444444,5,6.633335466666667,False,0,7034.692,39.0
4172.0344444444445,6425.168104057565,2738.3391026083864,205.0,5,0.0,True,0,7034.891,39.0
4175.427439372131,6409.0,2716.0,202.9666688,5,0.0,True,0,7034.952,39.0
4185.167777777778,6346.417292743058,2626.6297842209588,197.0,5,0.0,True,0,7035.130999999999,39.0
4191.4281811653445,6305.0,2565.0,190.51786057142857,5,0.8642852571428572,True,0,7035.2519999999995,39.0
4199.323333333334,6262.8688378847255,2497.7264335538357,182.0,4,2.0,True,0,7035.411,39.0
4202.284215530717,6246.0,2469.0,178.9500032,4,4.13499776,True,0,7035.472,39.0
4208.878888888889,6201.375477706261,2390.1066095173433,172.0,4,9.0,True,0,7035.611,39.0
4212.61108193912,6178.0,2348.0,168.4562528,4,9.5062496,True,0,7035.692,39.0
4216.212222222222,6160.289963005787,2315.7770596842784,165.0,4,10.0,True,0,7035.771,39.0
4230.064651648592,6118.0,2236.0,165.9406248,4,48.5656168,True,0,7036.072,39.0
4230.967777777778,6114.714665484257,2229.7788661022787,166.0,4,51.0,False,0,7036.090999999999,39.0
4240.805641850329,6070.0,2144.0,173.03499776,4,75.62249216,False,0,7036.2919999999995,39.0
4250.967777777778,6002.898235104072,2009.1530376189842,180.0,4,100.0,False,0,7036.491,39.0
4254.149420296844,5986.0,1975.0,182.39642605714286,4,100.0,False,0,7036.552,39.0
4265.823333333334,5954.199105003225,1911.0515450483706,191.0,4,100.0,False,0,7036.771,39.0
4271.3884573943005,5939.0,1880.0,194.57000448,4,100.0,False,0,7036.873,39.0
4276.823333333334,5918.1656302015635,1837.0331122203893,198.0,4,100.0,False,0,7036.971,39.0
4286.021379010205,5877.0,1752.0,202.54205339156204,4,100.0,False,0,7037.133,39.0
4295.280833333333,5839.117462322071,1674.3014184008127,207.0,4,100.0,False,0,7037.2919999999995,39.0
4298.887067259082,5822.0,1639.0,209.13500672,4,100.0,False,0,7037.353,39.0
4307.169722222222,5774.690692152876,1540.7972380433969,214.0,5,100.0,False,0,7037.492,39.0
4310.800074552294,5755.0,1500.0,214.3812512,5,100.0,False,0,7037.553,39.0
4326.369722222222,5696.534689253698,1380.3495892939454,216.0,5,100.0,False,0,7037.812,39.0
4335.224017356051,5665.0,1313.0,221.2875072,5,100.0,False,0,7037.9529999999995,39.0
4340.3773068405735,5644.0,1267.0,224.2875072,5,100.0,False,0,7038.032999999999,39.0
4352.036388888889,5596.517412566768,1167.3885644526022,231.0,5,100.0,False,0,7038.2119999999995,39.0
4356.0363427880175,5578.0,1129.0,232.5250048,5,100.0,False,0,7038.273,39.0
4370.5475,5497.17631456489,960.2864432544798,238.0,6,100.0,False,0,7038.492,39.0
4378.7147433942755,5455.0,872.0,240.6468736,6,100.0,False,0,7038.613,39.0
4392.325277777777,5402.169697598745,761.3452715719473,245.0,6,100.0,False,0,7038.812,39.0
4403.3475,5365.326474445188,684.4532822897944,248.0,6,100.0,False,0,7038.972,39.0
4406.183416099934,5355.0,663.0,248.5124992,6,100.0,False,0,7039.013,39.0
4414.458611111111,5322.982094345079,596.6899692374076,250.0,6,100.0,False,0,7039.132,39.0
4427.252817443657,5270.0,487.0,253.77083733333333,6,100.0,False,0,7039.313,39.0
4431.458611111111,5252.163313789299,449.8987811817656,255.0,6,100.0,False,0,7039.372,39.0
4445.791944444445,5190.226467648089,320.89842230132035,258.0,6,100.0,False,0,7039.572,39.0
4447.22880884058,5184.0,308.0,258.1,6,100.0,False,0,7039.592,39.0
4458.739786555479,5134.0,205.0,258.9,6,100.0,False,0,7039.7519999999995,39.0
4460.180833333334,5127.6864736051375,192.0594620010903,259.0,6,100.0,False,0,7039.772,39.0
4468.837573221263,5090.0,115.0,259.5,6,100.0,False,0,7039.892,39.0
4477.514166666667,5054.149736564575,41.606575313627744,260.0,6,100.0,False,0,7040.012,39.0
4481.860629772678,5033.0,-2.0,260.25,6,100.0,False,0,7040.072,39.0
4494.914166666667,4947.00396848487,-180.82521917672028,261.0,6,100.0,False,0,7040.2519999999995,39.0
4505.059140696528,4888.0,-304.0,261.0,6,100.0,False,0,7040.392,39.0
4506.441666666667,4882.238948114966,-316.0395780276301,261.0,6,100.0,False,0,7040.411,39.0
4521.108333333334,4849.872279629867,-383.84740803896796,264.0,7,100.0,False,0,7040.611,39.0
4528.573979114029,4831.0,-423.0,264.8416661333333,7,100.0,False,0,7040.7119999999995,39.0
4546.398698755537,4754.0,-582.0,266.8416661333333,7,100.0,False,0,7040.952,39.0
4547.808333333333,4747.592928343974,-595.2650876333611,267.0,7,100.0,False,0,7040.971,39.0
4562.641666666667,4683.304492353874,-728.3742092270156,267.0,7,100.0,False,0,7041.171,39.0
4562.716000720594,4683.0,-729.0,267.0062496,7,100.0,False,0,7041.172,39.0
4579.132857364353,4618.0,-862.0,268.3812496,7,100.0,False,0,7041.392,39.0
4586.552777777778,4586.522345850214,-927.6311574645555,269.0,7,100.0,False,0,7041.491,39.0
4592.636132860933,4560.0,-983.0,269.6749994666667,7,100.0,False,0,7041.572,39.0
4604.619444444445,4507.576226945411,-1091.204414580682,271.0,7,100.0,False,0,7041.731,39.0
4607.721465631234,4494.0,-1119.0,271.40999936,7,100.0,False,0,7041.772,39.0
4619.7861111111115,4441.201365546838,-1226.496357068288,273.0,7,100.0,False,0,7041.931,39.0
4624.419443394977,4421.0,-1268.0,273.1906248,7,100.0,False,0,7041.992,39.0
4636.585002992023,4368.0,-1378.0,273.6906248,7,100.0,False,0,7042.152,39.0
4644.141666666667,4334.285824000578,-1446.4447652466602,274.0,7,100.0,False,0,7042.251,39.0
4656.48371012877,4280.0,-1555.0,275.60999936,7,100.0,False,0,7042.412,39.0
4659.475000000001,4267.575975444655,-1579.9437782114435,276.0,7,100.0,False,0,7042.451,39.0
4674.808333333335,4198.4456504197215,-1719.1050358113257,276.0,7,100.0,False,0,7042.651,39.0
4674.885074468987,4198.0,-1720.0,276.0031248,7,100.0,False,0,7042.652,39.0
4691.800034686033,4081.0,-1954.0,276.6906248,7,100.0,False,0,7042.872,39.0
4699.430555555557,4032.4847158598054,-2049.8789937105576,277.0,7,100.0,False,0,7042.971,39.0
4711.7861111111115,3965.8683942680686,-2179.570825003697,278.0,7,100.0,False,0,7043.130999999999,39.0
4725.875322665525,3906.0,-2295.0,278.6500004571429,7,100.0,False,0,7043.313,39.0
4733.486111111111,3880.467047537497,-2344.0071464189673,279.0,7,100.0,False,0,7043.411,39.0
4755.492276093005,3818.0,-2464.0,280.75700889859365,7,100.0,False,0,7043.693,39.0
4758.541944444444,3807.6490823044032,-2484.1263439982727,281.0,7,100.0,False,0,7043.732,39.0
4775.838421204641,3722.0,-2648.0,281.55250048,7,100.0,False,0,7043.9529999999995,39.0
4788.383864514869,3610.0,-2855.0,281.95250048,7,100.0,False,0,7044.113,39.0
4789.875277777778,3599.1564178315016,-2874.994637936108,282.0,7,100.0,False,0,7044.132,39.0
4808.741944444444,3539.138966256392,-2985.6926941435136,283.0,7,100.0,False,0,7044.372,39.0
4824.571535421428,3487.0,-3075.0,283.45681803636364,7,100.0,False,0,7044.573,39.0
4843.453055555555,3342.602082485858,-3318.0305955149474,284.0,7,100.0,False,0,7044.812,39.0
4843.532261503504,3342.0,-3319.0,284.0031248,7,100.0,False,0,7044.813,39.0
4868.786388888889,3185.086772092624,-3548.744423239496,285.0,7,100.0,False,0,7045.132,39.0
4873.561720714675,3164.0,-3577.0,283.093744,7,75.9811744,False,0,7045.193,39.0
4881.230833333333,3136.2243606089432,-3613.0425209530467,280.0,7,37.0,True,0,7045.2919999999995,39.0
4897.7807712581025,3077.0,-3682.0,269.87082453333335,7,2.9291370666666694,True,0,7045.513,39.0
4899.164166666667,3069.457413154649,-3690.45569574317,269.0,7,0.0,True,0,7045.532,39.0
4914.79545941888,2959.0,-3808.0,256.3714176,7,0.0,True,0,7045.753,39.0
4918.841944444444,2928.6183207532094,-3835.7199902562616,253.0,6,0.0,True,0,7045.812,39.0
4926.994281508385,2867.0,-3886.0,244.6812544,6,0.0,True,0,7045.933,39.0
4929.597500000001,2847.106757158533,-3901.2027947054644,242.0,6,0.0,True,0,7045.972,39.0
4937.621583653543,2780.0,-3947.0,238.9750016,6,0.0,True,0,7046.093,39.0
4940.175277777778,2753.666937117728,-3962.1760817691356,238.0,5,0.0,True,0,7046.132,39.0
4958.064166666667,2526.063603027737,-4067.00888453794,230.0,5,6.0,False,0,7046.412,39.0
4960.610301347841,2501.0,-4077.0,229.6,5,7.4,False,0,7046.452,39.0
4970.730833333334,2432.093807142799,-4100.194117155087,228.0,5,13.0,False,0,7046.612,39.0
4982.8975,2368.265178486132,-4108.046166047175,219.0,5,29.0,False,0,7046.812,39.0
4984.104420382743,2359.0,-4109.0,218.75,5,30.625,False,0,7046.831999999999,39.0
4992.541944444445,2279.044079981745,-4116.615868384026,217.0,5,42.0,False,0,7046.972,39.0
4998.552061476293,2217.0,-4117.0,216.7722096004068,5,45.644646393491186,False,0,7047.072,39.0
5000.952009558016,2193.0,-4115.0,216.68109344056953,5,47.10250495088766,False,0,7047.112,39.0
5018.881944444444,2015.2012527430343,-4087.062844549636,216.0,5,58.0,False,0,7047.411,39.0
5020.1447177967275,2003.0,-4084.0,216.09545425454544,5,58.763634036363634,False,0,7047.432,39.0
5034.6170591268165,1867.0,-4037.0,217.18636334545454,5,67.49090676363636,False,0,7047.672,39.0
5045.5263888888885,1770.506194950502,-3988.278445795008,218.0,5,74.0,False,0,7047.851,39.0
5045.587716707801,1770.0,-3988.0,218.0113629090909,5,74.0136354909091,False,0,7047.852,39.0
5056.697258548295,1677.0,-3929.0,220.05681745454547,5,76.46818094545455,False,0,7048.032,39.0
5072.781944444444,1491.4895966661027,-3765.46308649535,223.0,5,80.0,False,0,7048.291,39.0
5072.843842534652,1491.0,-3765.0,223.0,5,80.0999936,False,0,7048.2919999999995,39.0
5085.170833333333,1446.73784461904,-3717.542394378394,223.0,5,100.0,False,0,7048.491,39.0
5091.507952723808,1426.0,-3690.0,224.4027768888889,5,100.0,False,0,7048.592,39.0
5102.939800340194,1357.0,-3601.0,226.9027768888889,5,100.0,False,0,7048.772,39.0
5107.970833333333,1327.8883252038295,-3558.8532860774476,228.0,5,100.0,False,0,7048.851,39.0
5116.958200914645,1281.0,-3483.0,228.8812496,5,100.0,False,0,7048.992,39.0
5128.415277777778,1224.437784707196,-3382.8609558571293,230.0,6,100.0,False,0,7049.171,39.0
5129.765819525024,1218.0,-3371.0,230.1968744,6,100.0,False,0,7049.192,39.0
5141.396640571009,1164.0,-3269.0,231.8843744,6,100.0,False,0,7049.372,39.0
5149.126388888889,1128.0454650200527,-3201.0747812858344,233.0,6,100.0,False,0,7049.491,39.0
5157.012784755379,1091.0,-3132.0,234.20999936,6,100.0,False,0,7049.612,39.0
5162.1819444444445,1066.547953657304,-3087.132447184976,235.0,6,100.0,False,0,7049.691,39.0
5176.810512822151,995.0,-2962.0,236.51363723636365,6,100.0,False,0,7049.913,39.0
5188.747053227297,932.0,-2863.0,237.74090821818183,6,100.0,False,0,7050.093,39.0
5191.270833333333,919.058136137187,-2843.411316430181,238.0,6,100.0,False,0,7050.130999999999,39.0
5204.709088578452,842.0,-2732.0,239.00748081914907,6,100.0,False,0,7050.333,39.0
5218.0041666666675,725.626465395108,-2572.1139316184617,240.0,6,100.0,False,0,7050.532,39.0
5219.411552947212,716.0,-2559.0,240.21000192,6,100.0,False,0,7050.553,39.0
5231.448611111111,670.966747507334,-2498.2749909833656,242.0,6,100.0,False,0,7050.732,39.0
5239.642098500614,635.0,-2450.0,243.5124992,6,100.0,False,0,7050.853,39.0
5242.293055555556,616.8943239426089,-2425.5766056791904,244.0,6,100.0,False,0,7050.892,39.0
5258.7606462790645,473.0,-2231.0,245.72142811428571,6,100.0,False,0,7051.133,39.0
5261.426388888888,456.4868498889606,-2208.6872011977093,246.0,6,100.0,False,0,7051.172,39.0
5272.359722222222,416.7061488663021,-2155.09797532889,246.0,6,100.0,False,0,7051.331999999999,39.0
5282.053838013311,381.0,-2108.0,247.00714422857143,6,100.0,False,0,7051.473,39.0
5291.648611111112,325.33649041443005,-2035.2670517443514,248.0,6,100.0,False,0,7051.612,39.0
5298.627234971407,280.0,-1977.0,248.25250048,6,100.0,False,0,7051.713,39.0
5319.315277777778,150.156936009589,-1816.2761002114064,249.0,6,100.0,False,0,7052.012,39.0
5320.769409951166,141.0,-1805.0,249.05250048,6,100.0,False,0,7052.032999999999,39.0
5324.924756304419,115.0,-1773.0,249.20249984,6,100.0,False,0,7052.093,39.0
5347.093055555556,-23.837952015053382,-1612.1139953837896,250.0,6,100.0,False,0,7052.412,39.0
5348.562391221265,-39.0,-1595.0,250.0750006857143,6,93.09993691428572,False,0,7052.433,39.0
5361.178987933115,-190.0,-1425.0,250.7178569142857,6,33.95716388571428,False,0,7052.613,39.0
5366.615277777778,-231.05488879242256,-1378.9400711404028,251.0,6,8.0,True,0,7052.692,39.0
5379.907452747027,-283.0,-1321.0,237.875,6,3.0,True,0,7052.892,39.0
5387.059722222222,-332.28301695828674,-1265.6248909204514,230.0,6,0.0,True,0,7053.012,39.0
5395.326388888889,-411.7716203705579,-1176.5883878094937,186.0,6,0.0,True,0,7053.172,39.0
5398.189157509703,-436.0,-1150.0,181.3125,6,0.0,True,0,7053.232,39.0
5409.6375,-505.12848675944724,-1079.7257503718113,161.0,5,0.0,True,0,7053.492,39.0
5413.035523249695,-526.0,-1062.0,156.6,5,0.0,True,0,7053.572,39.0
5417.970833333333,-562.6297531391272,-1033.4409527220575,150.0,3,0.0,True,0,7053.692,39.0
5424.033585802978,-616.0,-996.0,141.9799511611106,3,0.0,True,0,7053.852,39.0
5428.950685290476,-661.0,-969.0,134.96240842708235,3,0.0,True,0,7053.992,39.0
5432.379166666667,-693.4366489539425,-953.3248646184785,130.0,2,0.0,True,0,7054.090999999999,39.0
5434.47619248296,-713.0,-945.0,128.78000128,2,0.0,True,0,7054.152,39.0
5441.9444560213215,-782.0,-923.0,124.38000128,2,0.0,True,0,7054.372,39.0
5445.934722222222,-828.3889427872905,-916.2551154983012,122.0,2,0.0,True,0,7054.491,39.0
5452.545833333334,-908.6631164265633,-912.0035674552066,119.0,2,0.0,True,0,7054.691,39.0
5452.578286259133,-909.0,-912.0,118.9750016,2,0.0,True,0,7054.692,39.0
5457.656944444445,-953.7329878926308,-913.6281212452857,115.0,2,0.0,False,0,7054.851,39.0
5464.532970941249,-1001.0,-924.0,114.01339314285714,2,8.484818971428572,False,0,7055.072,39.0
5489.36193587804,-1205.0,-1044.0,110.35267885714286,2,39.96696182857143,False,0,7055.892,39.0
5491.8791666666675,-1224.5716964350145,-1059.3280242395497,110.0,2,43.0,False,0,7055.971,39.0
5495.79375387517,-1255.0,-1083.0,114.23499776,2,49.0499968,False,0,7056.092,39.0
5498.3791666666675,-1275.9050150757048,-1097.9713796075293,117.0,2,53.0,False,0,7056.171,39.0
5501.710898893666,-1303.0,-1116.0,118.2624992,2,47.3187536,False,0,7056.272,39.0
5503.668055555556,-1318.4746206929376,-1125.6146534622571,119.0,2,44.0,False,0,7056.331,39.0
5509.745964203088,-1373.0,-1151.0,119.5687504,2,25.7999872,False,0,7056.513,39.0
5514.334722222223,-1436.3218782095662,-1165.924630053711,120.0,2,12.0,False,0,7056.651,39.0
5517.688587587484,-1479.0,-1173.0,118.97999872,2,9.449996800000001,False,0,7056.753,39.0
5520.890277777778,-1505.946701865465,-1175.657117269055,118.0,2,7.0,False,0,7056.851,39.0
5528.105335290509,-1550.0,-1167.0,117.30841067831241,2,7.691589321687591,False,0,7057.073,39.0
5531.322777777777,-1586.7383622638151,-1156.8154344040672,117.0,2,8.0,False,0,7057.172,39.0
5539.122777777778,-1695.6286427996401,-1123.133118158587,117.0,2,13.0,False,0,7057.412,39.0
5539.155023621738,-1696.0,-1123.0,116.99500032,2,13.00999936,False,0,7057.413,39.0
5545.567222222222,-1752.6947518220172,-1098.5668268099967,116.0,2,15.0,False,0,7057.612,39.0
5552.30799999616,-1791.0,-1076.0,119.51749888,2,32.08499456,False,0,7057.813,39.0
5559.233888888888,-1825.95913714282,-1053.7011507519444,123.0,2,49.0,False,0,7058.012,39.0
5567.146990149543,-1870.0,-1020.0,127.52045847272727,2,55.027277963636365,False,0,7058.233,39.0
5575.367222222221,-1928.7008068091839,-965.3182933011682,132.0,2,61.0,False,0,7058.452,39.0
5575.405956439931,-1929.0,-965.0,132.0464256,2,61.0249984,False,0,7058.4529999999995,39.0
5583.373749121911,-1991.0,-893.0,141.3321398857143,2,66.0249984,False,0,7058.653,39.0
5586.644999999999,-2012.5133826063834,-867.1345964587903,145.0,3,68.0,False,0,7058.732,39.0
5596.978333333333,-2066.354520275575,-800.2201513961587,155.0,3,71.0,False,0,7058.972,39.0
5601.441091063987,-2090.0,-768.0,157.5250048,3,74.60714971428571,False,0,7059.073,39.0
5607.767193992369,-2125.0,-717.0,161.0249984,3,79.60714057142857,False,0,7059.213,39.0
5609.578333333333,-2134.5172224657467,-702.0912080496414,162.0,3,81.0,False,0,7059.2519999999995,39.0
5618.224024863966,-2176.0,-629.0,169.2,3,89.55,False,0,7059.432,39.0
5629.35611111111,-2221.233510428,-525.6798047661221,178.0,4,100.0,False,0,7059.652,39.0
5630.3941247232,-2225.0,-516.0,178.8,4,100.0,False,0,7059.672,39.0
5642.096547929639,-2262.0,-408.0,187.6,4,100.0,False,0,7059.892,39.0
5650.911666666666,-2282.6271447714867,-325.1301325768941,194.0,4,100.0,False,0,7060.052,39.0
5653.153459521458,-2287.0,-304.0,195.71428571428572,4,100.0,False,0,7060.092,39.0
5656.544658681549,-2293.0,-272.0,198.28571428571428,4,100.0,False,0,7060.152,39.0
5666.933888888888,-2306.9168293094276,-170.6506981568536,206.0,5,100.0,False,0,7060.331999999999,39.0
5675.250300328178,-2313.0,-89.0,211.01791999588932,5,100.0,False,0,7060.472,39.0
5683.673888888888,-2314.5224222435777,-7.439628539176039,216.0,5,100.0,False,0,7060.611,39.0
5686.183021241877,-2314.0,17.0,217.5374976,5,100.0,False,0,7060.652,39.0
5693.540555555554,-2309.825266521282,89.31324681053947,222.0,5,100.0,False,0,7060.771,39.0
5702.440052259895,-2300.0,177.0,226.22999808,5,100.0,False,0,7060.912,39.0
5706.207222222221,-2294.407907126765,214.09444740050645,228.0,5,100.0,False,0,7060.971,39.0
5715.290443458887,-2278.0,301.0,230.6437488,5,100.0,False,0,7061.112,39.0
5724.434136571457,-2254.0,388.0,233.2687488,5,100.0,False,0,7061.2519999999995,39.0
5727.007222222221,-2241.4735469432967,421.53442180672573,234.0,5,100.0,False,0,7061.291,39.0
5740.340555555555,-2146.8301417946373,637.4310934636126,240.0,6,100.0,False,0,7061.491,39.0
5741.743482578206,-2138.0,656.0,240.1312496,6,100.0,False,0,7061.512,39.0
5751.051666666666,-2091.3204487906314,745.9467702862055,241.0,6,100.0,False,0,7061.651,39.0
5761.940555555555,-2058.023286458747,793.0086317368684,245.0,6,100.0,False,0,7061.811,39.0
5768.903903472746,-2039.0,819.0,247.01999872,6,100.0,False,0,7061.912,39.0
5775.773888888889,-2019.250016050957,846.6480935689416,249.0,6,100.0,False,0,7062.0109999999995,39.0
5775.84340254631,-2019.0,847.0,249.01499904,6,100.0,False,0,7062.012,39.0
5789.773888888888,-1943.695819655366,953.1382223760131,252.0,6,100.0,False,0,7062.211,39.0
5795.559913704771,-1905.0,1007.0,254.0249984,6,100.0,False,0,7062.2919999999995,39.0
5815.873888888888,-1761.4839857409997,1202.3518465575678,261.0,6,100.0,False,0,7062.571,39.0
5815.946756699728,-1761.0,1203.0,261.0062496,6,100.0,False,0,7062.572,39.0
5817.841028439175,-1748.5581920414916,1219.6331309057323,261.16875039999996,6,100.0,False,0,7062.598,39.0
-0.003956889476915637,-1750.793435013022,1216.5596402008296,261.16875039999996,6,100.0,False,0,7062.598,40.0
9.686944444444443,-1698.0309212580303,1285.964416718391,262.0,7,100.0,False,0,7062.731,40.0
24.46472222222222,-1616.897518177844,1390.5340833892371,266.0,7,100.0,False,0,7062.931,40.0
27.51977039822505,-1600.0,1412.0,266.81999872,7,100.0,False,0,7062.972,40.0
39.46472222222222,-1530.616537629678,1499.2774235024813,270.0,7,100.0,False,0,7063.131,40.0
42.65548993784496,-1507.0,1529.0,271.0499968,7,100.0,False,0,7063.173,40.0
57.86472222222223,-1367.3180073229796,1706.2969652271365,276.0,7,100.0,False,0,7063.371,40.0
58.01909474565389,-1366.0,1708.0,276.029848845325,7,100.0,False,0,7063.373,40.0
73.44222222222223,-1259.4798385891802,1850.138244706815,279.0,7,100.0,False,0,7063.572,40.0
89.10888888888888,-1186.4861239785455,1953.1493520015797,282.0,7,100.0,False,0,7063.772,40.0
92.35288863156836,-1173.0,1972.0,282.61499904,7,100.0,False,0,7063.813,40.0
113.16511012210724,-1089.0,2088.0,286.51500288,7,100.0,False,0,7064.073,40.0
121.1088888888889,-1045.2236816631666,2148.419924792737,288.0,7,100.0,False,0,7064.172,40.0
130.80373020034628,-986.0,2230.0,288.60499968,7,100.0,False,0,7064.293,40.0
137.16444444444446,-948.116637594059,2281.8864544727367,289.0,7,100.0,False,0,7064.372,40.0
150.2598674494009,-872.0,2386.0,292.21999872,7,100.0,False,0,7064.533,40.0
153.44222222222223,-853.4943679634978,2411.474339590367,293.0,7,100.0,False,0,7064.572,40.0
169.77555555555557,-757.8557125348727,2543.7192397561466,294.0,7,100.0,False,0,7064.772,40.0
173.12927552092327,-738.0,2571.0,294.2562496,7,100.0,False,0,7064.813,40.0
182.88666666666668,-680.1565063034602,2650.20029705937,295.0,7,100.0,False,0,7064.932,40.0
186.26324321537143,-661.0,2677.0,295.4392850285714,7,100.0,False,0,7064.973,40.0
196.19125404955935,-605.0,2758.0,296.7249993142857,7,100.0,False,0,7065.093,40.0
206.06444444444443,-529.7647086000287,2868.388769170609,298.0,7,100.0,False,0,7065.2119999999995,40.0
219.35333333333332,-413.6200216086741,3039.666612768141,299.0,7,100.0,False,0,7065.372,40.0
224.4282251271247,-381.0,3088.0,299.2541674666667,7,100.0,False,0,7065.433,40.0
239.3533333333333,-328.05347431019385,3167.4804422249645,300.0,7,100.0,False,0,7065.612,40.0
252.7311111111111,-289.33934509861615,3226.486337671531,301.0,7,100.0,False,0,7065.772,40.0
252.8146515212348,-289.0,3227.0,300.9958336,7,100.0,False,0,7065.773,40.0
272.7311111111111,-178.8296122461131,3391.9637487592454,300.0,7,100.0,False,0,7066.012,40.0
277.71302800952793,-149.0,3435.0,299.57142857142856,7,100.0,False,0,7066.072,40.0
282.6874078652977,-120.0,3476.0,299.14285714285717,7,100.0,False,0,7066.132,40.0
295.90888888888884,-47.42181047785166,3577.803365911217,298.0,7,100.0,False,0,7066.292,40.0
300.84867593764244,-13.0,3624.0,297.4,7,100.0,False,0,7066.352,40.0
312.3533333333333,93.9436906756283,3762.359626159765,296.0,7,100.0,False,0,7066.492,40.0
323.8653801403715,199.0,3895.0,296.0,7,100.0,False,0,7066.632,40.0
325.50888888888886,210.65691367865904,3909.5214430732817,296.0,7,100.0,False,0,7066.652,40.0
341.8977777777777,281.3478631237031,3994.0990275185645,295.0,7,100.0,False,0,7066.852,40.0
358.122316025985,356.0,4072.0,292.5,7,100.0,False,0,7067.052,40.0
361.3644444444444,380.0638161423775,4097.041912402895,292.0,7,100.0,False,0,7067.092,40.0
364.60875674972255,407.0,4124.0,292.0,7,100.0,False,0,7067.132,40.0
374.34222222222223,504.01018662157236,4208.944929308613,292.0,7,100.0,False,0,7067.252,40.0
387.1947222222222,655.6011316255006,4319.993020725742,291.0,7,100.0,False,0,7067.411,40.0
392.1229069399094,710.0,4354.0,291.0,7,100.0,False,0,7067.472,40.0
400.12805555555553,792.4801987982167,4398.005798032667,291.0,7,100.0,False,0,7067.571,40.0
413.06138888888887,909.9710007517687,4441.621932952176,291.0,7,100.0,False,0,7067.731,40.0
424.2377170759405,992.0,4467.0,287.8666680888889,7,100.0,False,0,7067.872,40.0
441.3613888888889,1081.5667345846982,4491.067903830805,283.0,7,100.0,False,0,7068.091,40.0
450.8755631444006,1162.0,4501.0,283.0,7,100.0,False,0,7068.2119999999995,40.0
453.9391666666666,1197.75148686455,4504.160954676092,283.0,7,100.0,False,0,7068.251,40.0
472.7668376002397,1461.0,4520.0,281.2785718857143,7,100.0,False,0,7068.492,40.0
475.79472222222216,1490.5570880872795,4520.951803688733,281.0,7,100.0,False,0,7068.531,40.0
495.9500319461273,1616.0,4516.0,278.2035721142857,7,100.0,False,0,7068.792,40.0
497.4169444444444,1627.9052068900319,4515.153301512805,278.0,7,100.0,False,0,7068.811,40.0
514.4874790242955,1801.0,4501.0,278.0,7,100.0,False,0,7069.032,40.0
515.9502777777777,1816.0071419705796,4499.356767634571,278.0,7,100.0,False,0,7069.051,40.0
529.8292218765685,1954.0,4481.0,276.7071433142857,7,100.0,False,0,7069.232,40.0
537.4169444444443,2029.2145030503516,4470.278146113933,276.0,7,100.0,False,0,7069.331,40.0
545.1749699525886,2106.0,4460.0,276.3156248,7,100.0,False,0,7069.432,40.0
559.1112562311688,2242.0,4446.0,276.8812496,7,100.0,False,0,7069.613,40.0
562.0391666666666,2269.704038215443,4443.998274280624,277.0,7,100.0,False,0,7069.651,40.0
574.5273685386612,2387.0,4439.0,277.0,7,100.0,False,0,7069.813,40.0
586.6613888888888,2510.1471250512295,4438.505954826335,277.0,7,100.0,False,0,7069.971,40.0
594.4423488788871,2593.0,4442.0,275.91103041390016,7,100.0,False,0,7070.073,40.0
608.0486111111111,2742.2060401921804,4457.570408813066,274.0,7,100.0,False,0,7070.252,40.0
618.7868729408038,2863.0,4481.0,274.0,7,100.0,False,0,7070.393,40.0
623.2708333333334,2914.36526061336,4494.301243797734,274.0,7,100.0,False,0,7070.452,40.0
644.4263888888889,3144.86353325533,4574.598541094041,272.0,7,100.0,False,0,7070.732,40.0
647.5159349514295,3170.0,4585.0,271.82916693333334,7,100.0,False,0,7070.773,40.0
662.4930555555557,3256.7583290538187,4627.606336069078,271.0,7,100.0,False,0,7070.972,40.0
668.5795069646996,3291.0,4647.0,270.77500017777777,7,100.0,False,0,7071.053,40.0
689.4930555555557,3453.4303737466025,4748.968596379698,270.0,7,100.0,False,0,7071.332,40.0
694.0525192438372,3505.0,4789.0,269.6187488,7,100.0,False,0,7071.393,40.0
701.4486111111112,3603.727261242564,4871.739001794442,269.0,7,100.0,False,0,7071.492,40.0
710.4981877157045,3711.0,4966.0,269.0,7,100.0,False,0,7071.613,40.0
722.3708333333334,3755.280291266031,5007.653762683682,269.0,7,100.0,False,0,7071.772,40.0
729.8746252613514,3776.0,5030.0,267.7374976,7,100.0,False,0,7071.873,40.0
740.1041666666667,3840.4028207914926,5096.057569328539,266.0,7,100.0,False,0,7072.012,40.0
750.2910407626141,3923.0,5179.0,262.8666624,7,100.0,False,0,7072.153,40.0
763.1217582152678,4017.0,5271.0,258.8666680888889,7,100.0,False,0,7072.333,40.0
765.9041666666667,4036.1563654775186,5289.682563737439,258.0,7,100.0,False,0,7072.372,40.0
778.794140417046,4130.0,5380.0,253.4749952,7,35.357074285714276,False,0,7072.553,40.0
785.426388888889,4198.267031405205,5443.216971853386,251.0,7,0.0,True,0,7072.652,40.0
796.2420784954626,4331.0,5563.0,227.375,7,0.0,True,0,7072.832,40.0
804.0041666666668,4406.754697882041,5628.750505757939,209.0,7,0.0,True,0,7072.972,40.0
816.6708333333335,4489.605975123857,5696.580837754412,190.0,5,0.0,True,0,7073.2119999999995,40.0
817.6735252042812,4495.0,5701.0,188.5,5,0.0,True,0,7073.232,40.0
826.3930555555556,4533.886945433197,5733.135851522026,175.0,4,0.0,True,0,7073.412,40.0
834.9408960988569,4577.0,5767.0,170.5,4,0.0,True,0,7073.592,40.0
837.6597222222223,4597.113000295818,5782.1108249483905,169.0,3,0.0,True,0,7073.652,40.0
842.8140606507687,4641.0,5814.0,160.42857142857142,3,0.0,True,0,7073.772,40.0
849.2486111111111,4692.880752146346,5847.019195789878,149.0,3,0.0,True,0,7073.932,40.0
851.5881127160878,4717.0,5858.0,145.98744850545313,3,0.0,True,0,7073.992,40.0
858.343888888889,4813.40409707439,5888.510111535283,137.0,2,0.0,True,0,7074.171,40.0
861.3000641228261,4852.0,5898.0,134.7218768,2,0.0,True,0,7074.252,40.0
869.7216666666667,4911.702391297098,5903.709239177345,128.0,2,0.0,True,0,7074.491,40.0
874.5555881303194,4945.0,5900.0,125.3562512,2,0.0,True,0,7074.632,40.0
879.9342910654109,5000.0,5894.0,122.3562512,2,0.0,True,0,7074.792,40.0
880.5661111111111,5006.516952545506,5892.89708064896,122.0,2,0.0,True,0,7074.811,40.0
886.5074546771957,5064.0,5878.0,118.38000128,2,0.0,True,0,7074.992,40.0
887.1216666666667,5069.571701821917,5876.128015283999,118.0,2,0.0,True,0,7075.0109999999995,40.0
894.1296183928661,5134.0,5846.0,114.31666773333333,2,0.0,True,0,7075.232,40.0
894.7216666666667,5140.521996619387,5841.8826809924885,114.0,2,0.0,False,0,7075.251,40.0
900.8898077302566,5213.0,5789.0,111.4875008,2,0.0,False,0,7075.452,40.0
906.8327777777778,5251.734067204995,5753.879472530258,109.0,2,0.0,False,0,7075.651,40.0
913.250247159541,5276.0,5719.0,106.69791733333334,2,11.049996799999999,False,0,7075.872,40.0
919.5690554983427,5309.0,5665.0,104.40625066666666,2,22.0499968,False,0,7076.092,40.0
920.6994444444445,5314.096874735617,5654.723287089464,104.0,2,24.0,False,0,7076.131,40.0
925.3661111111111,5331.795669220908,5611.551976115048,105.0,2,29.0,False,0,7076.291,40.0
925.4246346453135,5332.0,5611.0,105.0124992,2,29.0874944,False,0,7076.293,40.0
930.0772222222222,5347.091311660177,5566.375730530352,106.0,2,36.0,False,0,7076.451,40.0
930.7353199834073,5349.0,5560.0,106.39146144147165,2,36.78292288294329,False,0,7076.473,40.0
938.7413888888889,5367.937220520642,5482.306299876061,111.0,2,46.0,False,0,7076.732,40.0
938.7734105575564,5368.0,5482.0,111.0333312,2,46.0291648,False,0,7076.733,40.0
944.6828111157814,5378.0,5426.0,117.03333973333334,2,51.27917226666666,False,0,7076.913,40.0
946.6747222222223,5380.572996305069,5407.023346305483,119.0,2,53.0,False,0,7076.972,40.0
955.0717446118491,5388.0,5326.0,124.42249856,2,62.63999744,False,0,7077.213,40.0
956.5127554570284,5389.0,5312.0,125.32249856,2,64.23999744,False,0,7077.253,40.0
960.8969444444444,5392.844247720999,5267.926308984485,128.0,2,69.0,False,0,7077.372,40.0
964.7321073938447,5397.0,5229.0,131.7875072,2,72.7875072,False,0,7077.473,40.0
970.0302777777778,5403.767665446759,5175.03486716599,137.0,2,78.0,False,0,7077.612,40.0
975.1966573921807,5413.0,5122.0,132.8874944,2,32.1749376,False,0,7077.753,40.0
978.6969444444444,5421.59456804661,5087.116202076164,130.0,2,0.0,True,0,7077.852,40.0
984.1657882754928,5439.0,5034.0,125.08055751111111,2,0.0,True,0,7078.013,40.0
989.3595860102914,5460.0,4985.0,120.19166862222222,2,0.0,True,0,7078.173,40.0
990.5969444444445,5465.684622260713,4973.857833236638,119.0,2,0.0,True,0,7078.2119999999995,40.0
992.5099142016186,5475.0,4957.0,116.7124928,2,0.0,True,0,7078.273,40.0
997.9302777777777,5505.088757229493,4910.394999326118,110.0,2,0.0,True,0,7078.452,40.0
1002.4777716381682,5534.0,4873.0,105.17000192,2,0.0,True,0,7078.613,40.0
1007.2735575887424,5570.0,4835.0,99.76999424,2,0.0,True,0,7078.793,40.0
1008.8191666666667,5586.537814396166,4820.844041031538,98.0,1,0.0,True,0,7078.852,40.0
1012.9525,5638.831369757538,4780.842502111109,93.0,1,0.0,True,0,7079.012,40.0
1014.5083832689531,5652.0,4771.0,92.38999808,1,0.0,True,0,7079.073,40.0
1018.0080555555555,5663.512120711124,4762.677379172117,91.0,1,0.0,True,0,7079.2119999999995,40.0
1019.9873075035675,5673.0,4759.0,90.0,1,0.0,True,0,7079.292,40.0
1021.963611111111,5691.847190187779,4752.242191938431,89.0,1,0.0,True,0,7079.372,40.0
1025.9191666666666,5749.362585045012,4733.88637114864,89.0,1,0.0,False,0,7079.532,40.0
1027.326773793964,5769.0,4730.0,86.9,1,1.2,False,0,7079.592,40.0
1030.474722222222,5806.751612962852,4729.407022527881,82.0,1,4.0,False,0,7079.732,40.0
1035.8080555555553,5849.096391693275,4746.955644133296,80.0,1,6.0,False,0,7079.972,40.0
1037.1266209675953,5857.0,4751.0,79.78571428571429,1,6.642857142857143,False,0,7080.032,40.0
1041.9524999999996,5879.925370319612,4764.331637607367,79.0,1,9.0,False,0,7080.252,40.0
1043.290083965049,5888.0,4770.0,79.6,1,12.3,False,0,7080.312,40.0
1046.4524999999996,5912.819679854875,4788.692454184785,81.0,1,20.0,False,0,7080.452,40.0
1048.2840649947448,5928.0,4801.0,81.8,1,23.2,False,0,7080.532,40.0
1051.0636111111107,5949.55901583267,4819.992642800463,83.0,1,28.0,False,0,7080.652,40.0
1053.8837140529413,5970.0,4840.0,84.5,1,29.5,False,0,7080.772,40.0
1054.8413888888886,5976.639815596074,4846.978416823175,85.0,1,30.0,False,0,7080.812,40.0
1058.2798947755314,5999.0,4872.0,87.3430956068698,1,37.029286820609386,False,0,7080.952,40.0
1060.7499999999998,6013.643024222199,4889.159572574731,89.0,1,42.0,False,0,7081.051,40.0
1065.3117894373736,6043.0,4928.0,90.80999936,1,47.42999808,False,0,7081.232,40.0
1065.8055555555552,6046.844787362575,4933.615467297275,91.0,1,48.0,False,0,7081.251,40.0
1071.2499999999998,6094.435842665765,5007.627125903056,98.0,1,53.0,False,0,7081.451,40.0
1074.1960274917249,6112.0,5036.0,101.7874976,1,55.94583146666667,False,0,7081.552,40.0
1078.383333333333,6122.1227884491445,5053.387986329249,107.0,1,60.0,False,0,7081.691,40.0
1082.0433842887815,6129.0,5068.0,109.0166656,1,61.5124992,False,0,7081.812,40.0
1085.7833333333328,6143.07106557493,5097.837327075653,111.0,2,63.0,False,0,7081.931,40.0
1091.9474207568735,6170.0,5157.0,121.85999616,2,64.80999936,False,0,7082.112,40.0
1092.6166666666663,6172.423552182022,5162.699285426899,123.0,2,65.0,False,0,7082.131,40.0
1097.690727530398,6190.0,5208.0,128.63999744,2,72.75499648,False,0,7082.272,40.0
1099.8944444444442,6199.519763133104,5235.484846873779,131.0,2,76.0,False,0,7082.331,40.0
1106.1166666666663,6229.648606420397,5327.427059083694,140.0,2,79.0,False,0,7082.491,40.0
1107.7388630220787,6236.0,5347.0,141.281248,2,80.7937472,False,0,7082.532,40.0
1112.5611111111107,6249.872885699588,5389.855547372437,145.0,3,86.0,False,0,7082.651,40.0
1124.46143411791,6266.0,5454.0,162.1937584,3,97.4625056,False,0,7082.913,40.0
1127.3166666666662,6269.685412244459,5475.22284626803,166.0,3,100.0,False,0,7082.971,40.0
1180.0183333333327,6322.431227121136,6063.157808494693,206.0,5,100.0,False,0,7083.892,40.0
1184.7546080992727,6321.0,6104.0,208.0249984,5,100.0,False,0,7083.973,40.0
1189.351666666666,6318.268726401022,6139.790780157433,210.0,5,100.0,False,0,7084.052,40.0
1201.0183333333325,6305.068808856798,6218.570176265154,210.0,5,100.0,False,0,7084.252,40.0
1207.1823986806498,6294.0,6267.0,215.47084373333334,5,100.0,False,0,7084.353,40.0
1215.884999999999,6273.598541246625,6348.1232107216065,223.0,5,100.0,False,0,7084.492,40.0
1222.2262113453696,6255.0,6410.0,224.578128,5,100.0,False,0,7084.593,40.0
1232.350245735938,6219.0,6504.0,227.078128,5,100.0,False,0,7084.753,40.0
1236.1516666666657,6203.690207035831,6538.819392593143,228.0,5,100.0,False,0,7084.812,40.0
1246.7302156248295,6157.0,6634.0,232.82999808,5,100.0,False,0,7084.973,40.0
1258.8286180607406,6098.0,6737.0,238.23000576,5,100.0,False,0,7085.153,40.0
1262.8183333333325,6076.688996358182,6770.37724786485,240.0,6,100.0,False,0,7085.2119999999995,40.0
1272.3981436985841,6022.0,6849.0,243.5250048,6,100.0,False,0,7085.353,40.0
1276.4294444444436,5997.842336959531,6880.978879376673,245.0,6,100.0,False,0,7085.412,40.0
1284.7433991013802,5946.0,6945.0,246.37499927272728,6,100.0,False,0,7085.533,40.0
1298.6272198046388,5853.0,7047.0,248.64772654545453,6,100.0,False,0,7085.733,40.0
1306.9849999999992,5792.120077417824,7104.863469275053,250.0,6,100.0,False,0,7085.852,40.0
1309.8110615925275,5771.0,7124.0,251.0,6,100.0,False,0,7085.892,40.0
1324.0827702930014,5662.0,7218.0,256.0,6,100.0,False,0,7086.092,40.0
1326.973888888888,5639.65721378729,7236.42618477163,257.0,6,100.0,False,0,7086.132,40.0
1343.087411589256,5515.0,7335.0,262.5,6,100.0,False,0,7086.352,40.0
1347.5072222222216,5481.148886259165,7360.806079519478,264.0,6,100.0,False,0,7086.412,40.0
1362.2849999999994,5364.38364022235,7448.599106027373,266.0,7,100.0,False,0,7086.612,40.0
1365.2668571759252,5338.0,7469.0,266.7142857142857,7,100.0,False,0,7086.652,40.0
1380.3271233077903,5197.0,7581.0,270.2857142857143,7,100.0,False,0,7086.852,40.0
1383.3627777777772,5172.2033479176225,7601.052857522202,271.0,7,100.0,False,0,7086.892,40.0
1404.8067993376794,5033.0,7716.0,275.375,7,100.0,False,0,7087.172,40.0
1407.8961111111105,5013.930498425123,7731.825881729813,276.0,7,100.0,False,0,7087.2119999999995,40.0
1424.9915126830224,4886.0,7839.0,279.14285714285717,7,100.0,False,0,7087.432,40.0
1429.673888888888,4832.15733202396,7884.881099407541,280.0,7,100.0,False,0,7087.492,40.0
1439.0573830002972,4720.0,7981.0,281.2060297628849,7,100.0,False,0,7087.612,40.0
1445.2622222222215,4669.6842066740855,8024.39939535326,282.0,7,100.0,False,0,7087.691,40.0
1465.962562766832,4577.0,8105.0,284.89999928888886,7,100.0,False,0,7087.952,40.0
1473.8622222222214,4521.560403757601,8152.12553214718,286.0,7,100.0,False,0,7088.051,40.0
1483.5384839047001,4444.0,8218.0,287.5124992,7,100.0,False,0,7088.172,40.0
1486.6622222222213,4419.746830943681,8238.731783774037,288.0,7,100.0,False,0,7088.211,40.0
1499.5825575372885,4323.0,8322.0,288.80499968,7,100.0,False,0,7088.372,40.0
1502.7177777777767,4300.088762732451,8341.79391902666,289.0,7,100.0,False,0,7088.411,40.0
1514.0726787304732,4213.0,8417.0,289.8812496,7,100.0,False,0,7088.552,40.0
1515.6066666666657,4199.530039559728,8428.578508993149,290.0,7,100.0,False,0,7088.571,40.0
1535.0733333333326,4000.1249130865135,8599.131734365556,292.0,7,100.0,False,0,7088.811,40.0
1541.6759428538726,3942.0,8649.0,292.80999936,7,100.0,False,0,7088.892,40.0
1551.4066666666658,3875.0647269105066,8706.831159120737,294.0,7,100.0,False,0,7089.0109999999995,40.0
1571.139999999999,3776.7845078468727,8793.20357050616,296.0,7,100.0,False,0,7089.251,40.0
1576.1679745726924,3744.0,8822.0,296.21785691428573,7,100.0,False,0,7089.312,40.0
1582.8501601853075,3695.0,8865.0,296.5071433142857,7,100.0,False,0,7089.393,40.0
1594.239999999999,3613.94514006841,8936.274399891483,297.0,7,100.0,False,0,7089.531,40.0
1602.6588023772065,3546.0,8996.0,297.0,7,100.0,False,0,7089.633,40.0
1610.739999999999,3466.959122617763,9065.360979378054,297.0,7,100.0,False,0,7089.731,40.0
1627.3540632305474,3286.0,9224.0,296.28113908182524,7,100.0,False,0,7089.933,40.0
1633.8444444444438,3222.6709612202017,9279.535145755352,296.0,7,100.0,False,0,7090.012,40.0
1650.288888888888,3084.3943772027897,9400.850178749419,296.0,7,100.0,False,0,7090.2119999999995,40.0
1663.6124833439494,3001.0,9474.0,297.14999954285713,7,100.0,False,0,7090.373,40.0
1673.4666666666656,2956.5459728234086,9512.961590016494,298.0,7,100.0,False,0,7090.492,40.0
1691.694378178325,2876.0,9583.0,297.3861105777778,7,100.0,False,0,7090.713,40.0
1703.1666666666658,2790.904871389352,9656.453793465647,297.0,7,100.0,False,0,7090.852,40.0
1708.2130143673562,2751.0,9691.0,297.2541674666667,7,100.0,False,0,7090.913,40.0
1721.4627044677611,2651.0,9778.0,297.92083413333336,7,100.0,False,0,7091.073,40.0
1723.0333333333324,2639.9695000509455,9787.585573029774,298.0,7,100.0,False,0,7091.092,40.0
1741.2647828633021,2502.0,9908.0,297.07916586666664,7,100.0,False,0,7091.313,40.0
1742.8333333333326,2485.0375930787486,9923.002881081098,297.0,7,100.0,False,0,7091.332,40.0
1761.1172094722253,2258.0,10125.0,297.55250048,7,100.0,False,0,7091.553,40.0
1775.9444444444437,2177.5904130484314,10196.0327067331,298.0,7,100.0,False,0,7091.732,40.0
1787.6167755425563,2134.0,10235.0,298.0,7,100.0,False,0,7091.873,40.0
1789.1888888888882,2126.0169839877512,10242.229075087735,298.0,7,100.0,False,0,7091.892,40.0
1802.4333333333327,2038.939969059197,10321.631038512494,298.0,7,100.0,False,0,7092.052,40.0
1812.4961560877166,1950.0,10401.0,298.0,7,100.0,False,0,7092.173,40.0
1818.9888888888881,1881.3470260720298,10460.993417972886,298.0,7,100.0,False,0,7092.252,40.0
1833.412327490308,1715.0,10602.0,288.4472120888889,7,49.722168888888895,False,0,7092.433,40.0
1846.888888888888,1589.5905090606507,10698.667485892509,279.0,7,0.0,True,0,7092.612,40.0
1859.4843524134808,1496.0,10763.0,262.35,7,0.0,True,0,7092.792,40.0
1873.777777777777,1412.0408978249775,10814.933203129021,242.0,6,0.0,True,0,7093.012,40.0
1887.1260611120513,1324.0,10857.0,226.6,6,0.0,True,0,7093.232,40.0
1890.6341360531471,1293.0,10870.0,222.4,6,0.0,True,0,7093.292,40.0
1897.5555555555545,1226.9274559721314,10894.971742772483,214.0,5,0.0,True,0,7093.412,40.0
1907.6798704810249,1126.0,10926.0,203.2,5,0.0,True,0,7093.592,40.0
1908.7777777777767,1115.363490480022,10928.660003031699,202.0,5,0.0,True,0,7093.612,40.0
1917.3443643864637,1033.0,10944.0,194.66666666666666,5,0.0,True,0,7093.772,40.0
1921.51111111111,991.3110153693328,10947.47306897159,191.0,4,0.0,True,0,7093.852,40.0
1925.6124094513098,949.0,10949.0,187.4,4,0.0,True,0,7093.932,40.0
1931.6222222222211,884.4626029936911,10949.302465654679,182.0,4,0.0,True,0,7094.052,40.0
1937.4296261154414,823.0,10948.0,177.26881828959006,4,0.0,True,0,7094.172,40.0
1944.8747222222212,749.4886370311106,10943.072631852761,171.0,3,0.0,True,0,7094.331,40.0
1944.9209272216901,749.0,10943.0,170.9750016,3,0.0027776000000000003,True,0,7094.332,40.0
1961.0747222222212,560.4127633450569,10886.17098619704,162.0,3,1.0,False,0,7094.691,40.0
1961.1188214634958,560.0,10886.0,161.9833344,3,1.0194432,False,0,7094.692,40.0
1975.8664068816338,462.0,10829.0,156.31666773333333,3,7.630554311111111,False,0,7095.032,40.0
1976.6747222222211,456.84231986543443,10825.090748691011,156.0,3,8.0,False,0,7095.051,40.0
1988.461593390565,372.0,10744.0,152.0972231111111,3,20.488886044444445,False,0,7095.332,40.0
1991.774722222221,345.1633954716275,10706.352646242292,151.0,3,24.0,False,0,7095.411,40.0
1996.0305886747335,313.0,10657.0,151.50499968,3,30.56499584,False,0,7095.512,40.0
2000.2191666666654,289.2713731686451,10620.188964232057,152.0,3,37.0,False,0,7095.611,40.0
2008.7191666666656,261.75147261077365,10572.02645979239,153.0,3,44.0,False,0,7095.811,40.0
2014.792015098905,241.0,10510.0,154.1833344,3,52.875008,False,0,7095.9529999999995,40.0
2019.052499999999,223.36099597310516,10446.177848960484,155.0,3,59.0,False,0,7096.051,40.0
2024.478472588513,204.0,10368.0,158.03914341105045,3,66.38077685540826,False,0,7096.173,40.0
2031.697499999999,195.90111296510898,10318.908613385256,162.0,3,76.0,False,0,7096.332,40.0
2038.175838813365,195.0,10285.0,164.82000384,3,83.0500096,False,0,7096.473,40.0
2040.919722222221,193.86716932180462,10263.31667028167,166.0,3,86.0,False,0,7096.532,40.0
2048.4752777777767,189.0346189619843,10180.638691888147,170.0,3,91.0,False,0,7096.692,40.0
2048.522956565337,189.0,10180.0,170.0071424,3,90.8964352,False,0,7096.693,40.0
2059.0820616709434,181.0,10026.0,171.5785728,3,68.1106944,False,0,7096.913,40.0
2061.8530555555544,179.2906727413554,9998.248823073554,172.0,3,62.0,True,0,7096.972,40.0
2072.703974019035,172.0,9933.0,163.9666688,3,20.494455466666665,True,0,7097.213,40.0
2077.8530555555544,164.62862613361455,9884.591865184078,160.0,3,0.0,True,0,7097.332,40.0
2081.2957129292913,156.0,9847.0,155.9500032,3,0.0,True,0,7097.413,40.0
2084.60861111111,143.6357867438291,9809.129431030455,152.0,3,0.0,True,0,7097.492,40.0
2091.141944444443,108.68391300054031,9731.382108871318,147.0,3,0.0,True,0,7097.652,40.0
2095.735355632969,87.0,9689.0,140.4458368,3,0.0,True,0,7097.773,40.0
2100.075277777776,73.45197333934864,9665.952597820069,134.0,2,0.0,True,0,7097.892,40.0
2106.600183364195,53.0,9642.0,130.22916266666667,2,0.0,True,0,7098.073,40.0
2108.675277777776,41.184544446203226,9628.460746548766,129.0,2,0.0,True,0,7098.132,40.0
2113.4974731412312,6.0,9590.0,124.8874944,2,0.0,True,0,7098.273,40.0
2116.8086111111093,-19.303132931092772,9566.323945000844,122.0,2,0.0,True,0,7098.372,40.0
2120.8066866457702,-51.0,9541.0,119.9833344,2,0.0,True,0,7098.493,40.0
2124.675277777776,-83.7489241818879,9518.81236052648,118.0,2,0.0,True,0,7098.612,40.0
2127.9009861821814,-112.0,9502.0,116.48499712,2,0.0,True,0,7098.713,40.0
2134.127049842111,-168.0,9474.0,113.48499712,2,0.0,True,0,7098.913,40.0
2137.1197222222204,-196.98131061030057,9462.809849802372,112.0,2,0.0,False,0,7099.012,40.0
2138.9334859973133,-215.0,9457.0,110.4749952,2,0.0,False,0,7099.073,40.0
2145.286388888887,-279.17251034301376,9443.672968038481,105.0,2,0.0,False,0,7099.292,40.0
2145.8584359311094,-285.0,9443.0,104.78571428571429,2,0.14285714285714285,False,0,7099.312,40.0
2152.654186999655,-354.0,9442.0,102.21428571428571,2,1.8571428571428572,False,0,7099.552,40.0
2153.21972222222,-359.5665729384025,9442.553547952315,102.0,2,2.0,False,0,7099.572,40.0
2157.753055555553,-402.9629512111212,9450.542677174317,102.0,2,16.0,False,0,7099.732,40.0
2159.459159413746,-419.0,9455.0,102.21428571428571,2,17.714285714285715,False,0,7099.792,40.0
2165.764166666664,-477.0,9478.0,103.0,2,24.0,False,0,7100.012,40.0
2172.210446182296,-532.0,9512.0,105.35714285714286,2,37.35714285714286,False,0,7100.232,40.0
2174.0086111111086,-546.4988220769376,9522.60827323898,106.0,2,41.0,False,0,7100.292,40.0
2175.218722791238,-556.0,9530.0,106.83333333333333,2,41.333333333333336,False,0,7100.332,40.0
2181.4086111111083,-601.0,9571.0,111.0,2,43.0,False,0,7100.532,40.0
2187.189732790877,-638.0,9614.0,114.85714285714286,2,46.214285714285715,False,0,7100.7119999999995,40.0
2190.508611111108,-658.265356866541,9643.116755302266,117.0,2,48.0,False,0,7100.812,40.0
2199.5390063479376,-706.0,9728.0,123.51628968159764,2,52.56140277711835,False,0,7101.072,40.0
2204.5844444444415,-723.656210367732,9768.298775357012,127.0,2,55.0,False,0,7101.211,40.0
2209.847876931798,-738.0,9807.0,130.5249984,2,57.5636352,False,0,7101.352,40.0
2221.4511111111083,-764.1237824919424,9906.803562768217,138.0,2,63.0,False,0,7101.651,40.0
2223.0819664534883,-767.0,9931.0,139.7937472,2,63.5124992,False,0,7101.692,40.0
2227.895555555553,-774.1432249528792,10017.641599736668,145.0,3,65.0,False,0,7101.811,40.0
2229.5976747406344,-776.0,10044.0,146.31785508571429,3,66.0249984,False,0,7101.852,40.0
2239.8733333333307,-779.4719971271891,10110.547000492328,154.0,3,72.0,False,0,7102.091,40.0
2246.8955555555526,-771.7666804471951,10161.288688114046,158.0,3,83.0,False,0,7102.251,40.0
2247.83586073632,-770.0,10173.0,158.69999786666668,3,82.91250026666667,False,0,7102.272,40.0
2257.962222222219,-744.2359395867841,10336.7113223154,166.0,3,82.0,False,0,7102.491,40.0
2258.0574954329595,-744.0,10338.0,166.0999936,3,82.0499968,False,0,7102.493,40.0
2267.739999999997,-722.7551650968514,10426.474736330903,176.0,3,87.0,False,0,7102.691,40.0
2272.91233295557,-710.0,10467.0,180.23237158038083,3,92.50208305449509,False,0,7102.793,40.0
2280.191666666664,-688.2043685965293,10534.27675826853,186.0,4,100.0,False,0,7102.932,40.0
2282.398520371921,-681.0,10555.0,187.63999744,4,100.0,False,0,7102.973,40.0
2302.636111111108,-606.2295868442833,10736.485963963798,202.0,5,100.0,False,0,7103.332,40.0
2302.693578503612,-606.0,10737.0,202.03499776,5,100.0,False,0,7103.333,40.0
2306.148519325506,-592.0,10768.0,204.13500672,5,100.0,False,0,7103.393,40.0
2314.247222222219,-556.9229352420599,10841.576467193547,209.0,5,100.0,False,0,7103.532,40.0
2323.9224926554284,-515.0,10925.0,214.7499977142857,5,100.0,False,0,7103.693,40.0
2331.2805555555524,-485.88113548704666,10981.497010822086,219.0,5,100.0,False,0,7103.812,40.0
2340.2247375576744,-441.0,11065.0,224.53929325714284,5,100.0,False,0,7103.9529999999995,40.0
2349.1694444444415,-373.1818522527668,11187.184794362625,230.0,5,100.0,False,0,7104.092,40.0
2351.8109760723005,-354.0,11221.0,230.7687488,5,100.0,False,0,7104.133,40.0
2359.5249999999974,-307.66153871372876,11300.068553956557,233.0,6,100.0,False,0,7104.252,40.0
2378.347222222219,-224.70315754413164,11422.450564742298,242.0,6,100.0,False,0,7104.532,40.0
2379.791528737534,-217.0,11433.0,242.58333866666666,6,100.0,False,0,7104.553,40.0
2403.547222222219,-62.88526831960909,11634.569923298277,252.0,6,100.0,False,0,7104.892,40.0
2410.6798347223526,-21.0,11686.0,253.8937536,6,100.0,False,0,7104.993,40.0
2414.8805555555523,0.7793072418537292,11711.745519963006,255.0,6,100.0,False,0,7105.052,40.0
2432.2805555555524,84.57408144083075,11802.556940058555,261.0,6,100.0,False,0,7105.292,40.0
2432.353212646745,85.0,11803.0,261.0062496,6,100.0,False,0,7105.293,40.0
2443.9249999999965,164.37460553503453,11883.68517304343,262.0,6,100.0,False,0,7105.452,40.0
2445.4698561018085,177.0,11896.0,262.5250048,6,100.0,False,0,7105.473,40.0
2467.9249999999965,393.93563439596426,12094.705604900371,270.0,7,100.0,False,0,7105.772,40.0
2469.444339812527,407.0,12106.0,270.3,7,100.0,False,0,7105.792,40.0
2498.591666666663,594.9273918863953,12249.765983494099,276.0,7,100.0,False,0,7106.172,40.0
2503.23836071674,626.0,12271.0,276.9,7,100.0,False,0,7106.232,40.0
2514.091666666663,706.4143273030319,12324.835121175522,279.0,7,100.0,False,0,7106.372,40.0
2520.2644987379113,754.0,12355.0,278.5,7,100.0,False,0,7106.452,40.0
2526.4472222222184,801.1156859806583,12383.093149530958,278.0,7,100.0,False,0,7106.532,40.0
2538.9361111111075,898.6793820683772,12434.941560189787,281.0,7,100.0,False,0,7106.692,40.0
2548.3892711652966,1005.0,12482.0,283.25,7,100.0,False,0,7106.812,40.0
2551.5583333333293,1048.6359402196406,12499.987703249904,284.0,7,100.0,False,0,7106.852,40.0
2565.937042520652,1256.0,12581.0,286.25,7,100.0,False,0,7107.032,40.0
2577.158333333329,1340.1390926767194,12612.108319462925,288.0,7,100.0,False,0,7107.172,40.0
2589.9583333333294,1396.302262381198,12627.495985954763,288.0,7,100.0,False,0,7107.332,40.0
2594.7778343236237,1440.0,12639.0,288.75,7,100.0,False,0,7107.392,40.0
2602.847222222218,1543.0990658510932,12666.072627316444,290.0,7,100.0,False,0,7107.492,40.0
2612.601884574637,1675.0,12700.0,291.8,7,100.0,False,0,7107.612,40.0
2619.124999999996,1738.2103725694465,12715.25108022987,293.0,7,100.0,False,0,7107.692,40.0
2638.643333333329,1865.250756923958,12738.634247350952,294.0,7,100.0,False,0,7107.931,40.0
2642.004563507401,1898.0,12744.0,294.3416661333333,7,100.0,False,0,7107.972,40.0
2656.8103748291255,2090.0,12774.0,295.8416661333333,7,100.0,False,0,7108.152,40.0
2658.3766666666625,2112.9043486153214,12777.16133555933,296.0,7,100.0,False,0,7108.171,40.0
2671.5766666666623,2316.3778611027424,12801.673642881946,297.0,7,100.0,False,0,7108.331,40.0
2679.8849675178335,2418.0,12813.0,296.6843752,7,100.0,False,0,7108.432,40.0
2697.8877777777734,2511.640460338967,12823.272255615215,296.0,7,100.0,False,0,7108.651,40.0
2711.132222222218,2621.96711474773,12834.376844122595,298.0,7,100.0,False,0,7108.811,40.0
2712.87609061298,2648.0,12837.0,298.14999954285713,7,100.0,False,0,7108.832,40.0
2726.2015856767703,2896.0,12862.0,299.2928566857143,7,100.0,False,0,7108.992,40.0
2734.4655555555514,2997.410903355756,12872.230780540152,300.0,7,100.0,False,0,7109.091,40.0
2759.715934312235,3112.0,12884.0,300.75311764638286,7,100.0,False,0,7109.393,40.0
2767.9936111111065,3179.6340885895575,12891.04275959861,301.0,7,100.0,False,0,7109.492,40.0
2779.7773109508034,3311.0,12905.0,301.0,7,100.0,False,0,7109.633,40.0
2788.060277777773,3425.7278533173403,12917.578141519029,301.0,7,100.0,False,0,7109.732,40.0
2803.242023186257,3627.0,12940.0,301.7541674666667,7,100.0,False,0,7109.913,40.0
2808.1936111111067,3666.8447820957954,12944.449273048314,302.0,7,100.0,False,0,7109.972,40.0
2825.0572373701243,3760.0,12955.0,302.0,7,100.0,False,0,7110.173,40.0
2838.3936111111066,3906.9146760633157,12971.90350818207,302.0,7,100.0,False,0,7110.332,40.0
2853.5736084736077,4110.0,12996.0,302.0,7,100.0,False,0,7110.513,40.0
2871.949166666662,4314.260019819608,13022.392023192178,302.0,7,100.0,False,0,7110.732,40.0
2887.138260585147,4443.0,13040.0,302.0,7,100.0,False,0,7110.913,40.0
2888.72694444444,4454.162965242559,13041.54340309005,302.0,7,100.0,False,0,7110.932,40.0
2902.060277777773,4535.4222335296345,13052.797571806163,300.0,7,100.0,False,0,7111.092,40.0
2908.811552445685,4592.0,13060.0,300.0,7,100.0,False,0,7111.173,40.0
2915.3936111111066,4665.545418467822,13068.932989891187,300.0,7,100.0,False,0,7111.252,40.0
2933.7468785800406,4923.0,13097.0,298.89499904,7,93.36999424,False,0,7111.473,40.0
2948.5047222222174,5101.680041380171,13109.73972403524,298.0,7,88.0,False,0,7111.652,40.0
2969.7643558820414,5297.0,13113.0,293.33928228571426,7,43.25710994285714,False,0,7111.913,40.0
2971.293611111106,5307.931370751749,13112.694580581965,293.0,7,40.0,False,0,7111.932,40.0
2987.23805555555,5399.421423984904,13104.607478750795,287.0,7,38.0,False,0,7112.132,40.0
2996.799694984312,5468.0,13091.0,284.9833344,7,36.9916672,False,0,7112.253,40.0
3006.104722222217,5559.697504173432,13069.4182387685,283.0,7,36.0,False,0,7112.372,40.0
3012.2801581981403,5621.0,13054.0,281.0,7,38.44444444444444,False,0,7112.452,40.0
3033.504722222217,5812.836355808675,12983.57163956393,274.0,7,47.0,False,0,7112.732,40.0
3035.0097375868554,5834.0,12972.0,273.6666666666667,7,47.666666666666664,False,0,7112.752,40.0
3047.012874943745,6028.0,12856.0,271.0,7,53.0,False,0,7112.912,40.0
3051.504722222217,6073.720678479754,12827.128190859685,270.0,7,55.0,False,0,7112.972,40.0
3070.9364159919896,6135.0,12773.0,269.27777777777777,7,65.83333333333333,False,0,7113.232,40.0
3078.404722222217,6187.495942904864,12725.388653143664,269.0,7,70.0,False,0,7113.332,40.0
3084.379321649637,6234.0,12682.0,269.0,7,71.33333333333333,False,0,7113.412,40.0
3096.33805555555,6309.477674877092,12602.066212212518,269.0,7,74.0,False,0,7113.572,40.0
3106.8298199407673,6373.0,12511.0,269.7,7,92.2,False,0,7113.7119999999995,40.0
3111.33805555555,6403.722670292378,12458.688185924206,270.0,7,100.0,False,0,7113.772,40.0
3129.4523059783155,6523.0,12228.0,271.2,7,100.0,False,0,7114.012,40.0
3141.560277777772,6557.093053000383,12155.096795935364,272.0,7,100.0,False,0,7114.172,40.0
3156.6978565895097,6589.0,12059.0,272.55555555555554,7,100.0,False,0,7114.372,40.0
3168.8602777777724,6645.0519320250405,11888.582682591608,273.0,7,100.0,False,0,7114.532,40.0
3170.3864495051403,6651.0,11870.0,273.21505371410956,7,100.0,False,0,7114.552,40.0
3190.2502777777727,6690.370380096677,11729.724357551782,276.0,7,100.0,False,0,7114.811,40.0
3193.405553361449,6696.0,11707.0,276.22777742222223,7,100.0,False,0,7114.852,40.0
3218.050277777773,6757.6758066210205,11456.988237043954,278.0,7,100.0,False,0,7115.171,40.0
3222.78750925746,6769.0,11409.0,278.45749952,7,100.0,False,0,7115.232,40.0
3249.272499999995,6820.8466067136205,11165.793717844175,281.0,7,100.0,False,0,7115.571,40.0
3249.351043423151,6821.0,11165.0,281.00749952,7,100.0,False,0,7115.572,40.0
3266.7714238883814,6855.0,10978.0,282.66500096,7,100.0,False,0,7115.793,40.0
3280.8280555555507,6876.507742876493,10838.970102999334,284.0,7,100.0,False,0,7115.971,40.0
3282.563771185485,6879.0,10822.0,284.0,7,100.0,False,0,7115.993,40.0
3293.5291666666617,6894.515599702313,10713.81209509728,284.0,7,100.0,False,0,7116.132,40.0
3298.3487162777224,6901.0,10666.0,284.30500096,7,100.0,False,0,7116.193,40.0
3306.265591398563,6911.0,10588.0,284.80499968,7,100.0,False,0,7116.293,40.0
3309.362499999995,6914.634794870746,10558.658415226795,285.0,7,100.0,False,0,7116.332,40.0
3322.1180555555507,6928.392443702225,10439.212665896213,287.0,7,100.0,False,0,7116.492,40.0
3326.991730124597,6934.0,10382.0,287.15250048,7,100.0,False,0,7116.553,40.0
3352.598539454091,6964.0,10016.0,287.95250048,7,100.0,False,0,7116.873,40.0
3354.1180555555507,6965.028702875068,10002.105223135708,288.0,7,100.0,False,0,7116.892,40.0
3376.5180555555507,6970.977577936705,9888.578340878325,288.0,7,100.0,False,0,7117.172,40.0
3376.598301509541,6971.0,9888.0,288.0071424,7,100.0,False,0,7117.173,40.0
3395.925003038408,6978.0,9695.0,289.7214281142857,7,100.0,False,0,7117.413,40.0
3399.0736111111064,6978.869856050347,9662.773816969535,290.0,7,100.0,False,0,7117.452,40.0
3408.8521012586616,6981.0,9566.0,290.60499968,7,100.0,False,0,7117.573,40.0
3415.2402777777734,6982.394707945228,9502.600670329091,291.0,7,100.0,False,0,7117.652,40.0
3428.1736111111063,6985.526513530057,9373.074512251867,291.0,7,100.0,False,0,7117.812,40.0
3429.868176081733,6986.0,9356.0,290.8687488,7,100.0,False,0,7117.833,40.0
3441.0624999999955,6989.462224265343,9244.004312083587,290.0,7,100.0,False,0,7117.972,40.0
3442.7505863541783,6990.0,9228.0,289.89499904,7,100.0,False,0,7117.993,40.0
3457.1180555555507,6995.253076505673,9099.8603619198,289.0,7,100.0,False,0,7118.172,40.0
3462.015551034996,6999.0,9046.0,289.0,7,100.0,False,0,7118.233,40.0
3479.5958333333283,7022.09654674695,8801.377977479293,289.0,7,100.0,False,0,7118.452,40.0
3482.880951402634,7026.0,8766.0,288.79500032,7,100.0,False,0,7118.493,40.0
3495.5958333333283,7036.961688428682,8687.133572765808,288.0,7,100.0,False,0,7118.652,40.0
3503.646727031178,7046.0,8640.0,287.5409082181818,7,100.0,False,0,7118.753,40.0
3525.7966006737756,7090.0,8421.0,286.27272727272725,7,100.0,False,0,7119.032,40.0
3530.5513888888836,7099.610363926532,8376.875004744648,286.0,7,100.0,False,0,7119.092,40.0
3543.2180555555506,7126.413737662002,8266.270158116102,285.0,7,100.0,False,0,7119.252,40.0
3549.541522135377,7148.0,8190.0,284.8,7,100.0,False,0,7119.332,40.0
3566.8968238658854,7227.0,7933.0,284.25,7,100.0,False,0,7119.552,40.0
3574.773611111106,7243.589252695373,7882.815886064946,284.0,7,100.0,False,0,7119.652,40.0
3585.7900654951845,7259.0,7844.0,283.5625,7,100.0,False,0,7119.792,40.0
3599.929166666662,7308.617800874543,7713.813515825221,283.0,7,100.0,False,0,7119.972,40.0
3603.066263348051,7321.0,7682.0,282.8333333333333,7,100.0,False,0,7120.012,40.0
3618.7291666666615,7381.23126179599,7533.56932220563,282.0,7,100.0,False,0,7120.2119999999995,40.0
3629.6749305086605,7421.0,7433.0,281.3,7,90.9,False,0,7120.352,40.0
3634.340277777773,7437.300320513957,7389.348962995453,281.0,7,87.0,False,0,7120.412,40.0
3643.6021058106166,7468.0,7301.0,279.3333333333333,7,76.33333333333333,False,0,7120.532,40.0
3657.3626735622047,7506.0,7169.0,276.8333333333333,7,60.33333333333333,False,0,7120.7119999999995,40.0
3661.9402777777727,7515.263261965393,7129.104914459196,276.0,7,55.0,False,0,7120.772,40.0
3675.654361027103,7533.0,7015.0,274.7142857142857,7,55.0,False,0,7120.952,40.0
3683.251388888884,7537.730327833991,6943.531595997484,274.0,7,55.0,False,0,7121.052,40.0
3690.8280423156098,7538.0,6868.0,273.373040878136,7,57.507836487456004,False,0,7121.152,40.0
3702.9098422165744,7528.0,6745.0,272.3699062831536,7,61.520374867385605,False,0,7121.312,40.0
3707.353611111106,7522.092101667834,6699.87200612053,272.0,7,63.0,False,0,7121.371,40.0
3722.447229752062,7495.0,6548.0,271.49750016,7,71.03999744000001,False,0,7121.572,40.0
3734.50468332682,7468.0,6429.0,271.09750016,7,77.43999744,False,0,7121.732,40.0
3737.464722222217,7461.082092328712,6400.192571039372,271.0,7,79.0,False,0,7121.771,40.0
3746.700871830256,7439.0,6311.0,272.20999936,7,76.88250112,False,0,7121.892,40.0
3760.516114307082,7405.0,6179.0,274.00999936,7,73.73250112,False,0,7122.072,40.0
3768.0202777777727,7387.633429220448,6110.470407976429,275.0,7,72.0,False,0,7122.171,40.0
3777.152427090771,7367.0,6016.0,271.4416704,7,57.2583488,False,0,7122.293,40.0
3785.8869444444395,7346.622997888511,5895.405525074695,268.0,7,43.0,False,0,7122.411,40.0
3799.197191429717,7321.0,5713.0,263.4499968,7,29.349990400000003,False,0,7122.593,40.0
3800.4980555555503,7319.442977536983,5700.591910913684,263.0,7,28.0,True,0,7122.611,40.0
3811.9916666666613,7313.475859928911,5634.7355859850595,257.0,6,27.0,True,0,7122.772,40.0
3820.461873111496,7316.0,5588.0,253.9750016,6,27.0,True,0,7122.893,40.0
3828.724999999995,7323.026970060486,5516.61910416703,251.0,6,27.0,True,0,7123.012,40.0
3839.7916666666615,7338.399541299457,5400.936301251723,249.0,6,31.0,False,0,7123.172,40.0
3842.5760029831026,7343.0,5375.0,247.74722417777778,6,31.683332266666667,False,0,7123.213,40.0
3857.1171713566628,7388.0,5233.0,241.02499413333334,6,35.3500032,False,0,7123.433,40.0
3863.5916666666617,7444.159452326036,5116.30818074106,238.0,6,37.0,False,0,7123.532,40.0
3867.580679837757,7477.0,5051.0,237.34642651428572,6,38.08928914285714,False,0,7123.593,40.0
3881.8694444444395,7522.922696351081,4968.221900248432,235.0,6,42.0,False,0,7123.812,40.0
3889.7045558728933,7545.0,4935.0,232.9833344,6,20.825011200000002,False,0,7123.933,40.0
3897.2694444444396,7584.798372309854,4870.331528285597,231.0,6,0.0,True,0,7124.052,40.0
3901.056976522352,7606.0,4835.0,228.5218672,6,0.0,True,0,7124.113,40.0
3916.6472222222174,7675.064259901951,4712.01431814098,218.0,5,0.0,True,0,7124.372,40.0
3921.4783987221736,7695.0,4672.0,216.84285805714285,5,0.5785709714285714,True,0,7124.4529999999995,40.0
3923.8603431296324,7705.0,4651.0,216.2714294857143,5,0.8642852571428572,True,0,7124.493,40.0
3933.291666666662,7740.066730721805,4565.416275448601,214.0,5,2.0,False,0,7124.652,40.0
3939.2460753753267,7758.0,4510.0,213.08181643636362,5,4.754550690909091,False,0,7124.753,40.0
3948.6181620213856,7779.0,4421.0,211.62727098181819,5,9.118187054545455,False,0,7124.913,40.0
3958.9583333333285,7789.647750948942,4319.68520054524,210.0,5,14.0,False,0,7125.092,40.0
3962.4420330068688,7790.0,4285.0,208.8562464,5,14.0,False,0,7125.153,40.0
3971.4951788792737,7783.0,4194.0,205.8562464,5,14.0,False,0,7125.313,40.0
3977.0916666666617,7773.239835070215,4137.694148073762,204.0,5,14.0,False,0,7125.412,40.0
3986.217003484771,7751.0,4049.0,204.0,5,14.0,False,0,7125.573,40.0
3992.9583333333285,7731.646768383406,3988.053206729743,204.0,5,14.0,False,0,7125.692,40.0
3996.3504949153494,7717.0,3952.0,204.0,5,23.333333333333336,False,0,7125.752,40.0
4011.066956133309,7613.0,3750.0,204.0,5,63.77777777777778,False,0,7126.012,40.0
4013.3583333333286,7598.05203520198,3724.2050233281984,204.0,5,70.0,False,0,7126.052,40.0
4027.291666666662,7528.360048493853,3623.457233298872,209.0,5,72.0,False,0,7126.292,40.0
4041.4914610366905,7440.0,3548.0,212.75,5,80.25,False,0,7126.532,40.0
4046.313888888884,7397.784775837927,3517.5162204274425,214.0,5,83.0,False,0,7126.612,40.0
4066.0472222222174,7214.0,3398.0,222.0,5,100.0,False,0,7126.932,40.0
4076.0472222222174,7167.578071751893,3372.0621129037745,225.0,5,100.0,False,0,7127.092,40.0
4082.4524184616944,7135.0,3356.0,228.5,5,100.0,False,0,7127.192,40.0
4088.9361111111066,7087.901905365164,3333.033896141578,232.0,5,100.0,False,0,7127.292,40.0
4099.380555555551,6986.0,3277.0,235.0,5,100.0,False,0,7127.452,40.0
4115.559860161005,6805.0,3149.0,241.0,5,100.0,False,0,7127.692,40.0
4123.780555555551,6745.15726163623,3099.4627967510505,244.0,6,100.0,False,0,7127.812,40.0
4143.07805555555,6656.412997858003,3004.443897079933,249.0,6,100.0,False,0,7128.091,40.0
4143.148071157148,6656.0,3004.0,249.01749888,6,100.0,False,0,7128.092,40.0
4158.728330176855,6551.0,2891.0,252.86749888,6,100.0,False,0,7128.312,40.0
4165.8759283698755,6505.0,2838.0,254.61749888,6,100.0,False,0,7128.412,40.0
4171.5224999999955,6465.872981021226,2790.0249050843568,256.0,6,100.0,False,0,7128.491,40.0
4184.471351760637,6371.0,2664.0,257.5083328,6,100.0,False,0,7128.672,40.0
4188.722499999995,6341.961237315562,2622.0576230324587,258.0,6,100.0,False,0,7128.731,40.0
4207.862101889879,6231.0,2445.0,261.93000192,6,100.0,False,0,7128.993,40.0
4218.055833333329,6190.278571927476,2372.8704381449797,264.0,6,100.0,False,0,7129.131,40.0
4227.110895610258,6155.0,2307.0,266.42785892230336,6,100.0,False,0,7129.253,40.0
4233.019166666662,6128.037098506953,2256.2868979253417,268.0,7,100.0,False,0,7129.332,40.0
4243.682746324515,6078.0,2161.0,270.937504,7,100.0,False,0,7129.473,40.0
4251.219166666663,6048.404593603266,2102.967407506214,273.0,7,100.0,False,0,7129.572,40.0
4263.441388888885,5999.404221720051,2003.2639826606778,275.0,7,100.0,False,0,7129.732,40.0
4268.130441487692,5970.0,1943.0,275.91500288,7,100.0,False,0,7129.793,40.0
4278.885833333329,5885.4099427924275,1769.3839115949186,278.0,7,100.0,False,0,7129.932,40.0
4280.5195480111,5875.0,1748.0,278.3500032,7,100.0,False,0,7129.9529999999995,40.0
4297.685833333328,5828.809439727211,1652.7460553177127,282.0,7,100.0,False,0,7130.172,40.0
4304.086237088269,5814.0,1622.0,282.84374933333334,7,100.0,False,0,7130.253,40.0
4328.005505356099,5711.0,1408.0,285.968752,7,100.0,False,0,7130.553,40.0
4335.952499999996,5678.3142438456525,1339.3308064338387,287.0,7,100.0,False,0,7130.652,40.0
4350.541791400628,5615.0,1206.0,289.01111324444446,7,100.0,False,0,7130.833,40.0
4365.052499999996,5529.1831667040915,1026.9277513784305,291.0,7,100.0,False,0,7131.012,40.0
4368.388649843899,5512.0,991.0,291.4392850285714,7,100.0,False,0,7131.053,40.0
4387.919166666663,5447.533911666188,854.815620960455,294.0,7,100.0,False,0,7131.292,40.0
4396.205738219345,5421.0,799.0,294.5611121777778,7,100.0,False,0,7131.393,40.0
4414.306907942092,5343.0,637.0,295.7833329777778,7,100.0,False,0,7131.613,40.0
4417.519166666663,5326.698518144799,603.4034297356561,296.0,7,100.0,False,0,7131.652,40.0
4434.0883251330815,5235.0,415.0,296.6281248,7,100.0,False,0,7131.853,40.0
4443.919166666663,5180.113032099898,301.8155528508934,297.0,7,100.0,False,0,7131.972,40.0
4462.220268834382,5084.0,103.0,297.7892864,7,100.0,False,0,7132.193,40.0
4467.096944444441,5061.312887069707,56.07443747014126,298.0,7,100.0,False,0,7132.252,40.0
4480.296944444441,5006.355117535287,-57.56622518029339,297.0,7,100.0,False,0,7132.412,40.0
4496.852499999996,4947.797054865845,-178.7634264412893,298.0,7,100.0,False,0,7132.612,40.0
4503.472331401735,4926.0,-224.0,298.0,7,100.0,False,0,7132.692,40.0
4516.719166666664,4885.119136010073,-309.0730674935286,298.0,7,100.0,False,0,7132.852,40.0
4530.008055555552,4840.0,-403.0,299.0,7,100.0,False,0,7133.012,40.0
4548.217691295366,4761.0,-567.0,298.0833333333333,7,100.0,False,0,7133.232,40.0
4549.874722222218,4753.536385399516,-582.464724388544,298.0,7,100.0,False,0,7133.252,40.0
4573.130277777774,4650.0,-797.0,299.0,7,100.0,False,0,7133.532,40.0
4581.437259372251,4614.0,-872.0,299.0,7,100.0,False,0,7133.632,40.0
4589.741388888885,4573.1454920177885,-956.3609598081142,299.0,7,100.0,False,0,7133.732,40.0
4606.352499999996,4483.0,-1141.0,299.0,7,100.0,False,0,7133.932,40.0
4626.352499999996,4384.397749225205,-1342.7466753583667,300.0,7,100.0,False,0,7134.172,40.0
4643.020209459991,4315.0,-1484.0,300.0,7,100.0,False,0,7134.372,40.0
4656.352499999996,4269.974837592636,-1574.6990168466573,300.0,7,100.0,False,0,7134.532,40.0
4673.019840632804,4211.0,-1693.0,300.0,7,100.0,False,0,7134.732,40.0
4676.269166666663,4196.687745661257,-1721.8185412354517,300.0,7,100.0,False,0,7134.771,40.0
4692.93583333333,4114.991999351068,-1886.1006900741277,300.0,7,100.0,False,0,7134.971,40.0
4694.688868776631,4107.0,-1902.0,300.05833315555554,7,100.0,False,0,7134.992,40.0
4713.094213768112,4031.0,-2051.0,300.6694442666667,7,100.0,False,0,7135.2119999999995,40.0
4723.035833333331,3987.1320437851355,-2136.645383471689,301.0,7,100.0,False,0,7135.331,40.0
4739.702499999998,3910.7325836608825,-2285.576603272178,300.0,7,100.0,False,0,7135.531,40.0
4739.869387440943,3910.0,-2287.0,300.00999936,7,100.0,False,0,7135.533,40.0
4756.424722222219,3836.0098531875437,-2429.880311555463,301.0,7,100.0,False,0,7135.731,40.0
4758.265492101816,3826.0,-2449.0,301.0,7,100.0,False,0,7135.753,40.0
4779.919444444442,3686.903706157039,-2712.2339146487025,301.0,7,100.0,False,0,7136.012,40.0
4781.670780474864,3678.0,-2729.0,300.89499904,7,100.0,False,0,7136.033,40.0
4796.586111111109,3628.6693736484117,-2821.3674069905355,300.0,7,100.0,False,0,7136.2119999999995,40.0
4808.373875089085,3591.0,-2890.0,300.8812512,7,100.0,False,0,7136.353,40.0
4809.963888888887,3584.213576635399,-2902.2739578882342,301.0,7,100.0,False,0,7136.372,40.0
4818.418182015978,3542.0,-2978.0,301.0,7,100.0,False,0,7136.473,40.0
4823.341666666664,3513.630363514769,-3027.9107373818138,301.0,7,100.0,False,0,7136.532,40.0
4843.208333333332,3383.041348481517,-3251.307719914977,298.0,7,100.0,False,0,7136.772,40.0
4849.9019742210685,3349.0,-3308.0,297.4937504,7,100.0,False,0,7136.853,40.0
4856.408333333332,3323.426499171413,-3349.5818795592513,297.0,7,100.0,False,0,7136.932,40.0
4869.4749999999985,3278.3582481537346,-3417.4828663702433,294.0,7,100.0,False,0,7137.092,40.0
4869.556564668345,3278.0,-3418.0,293.99000064,7,99.98000128,False,0,7137.093,40.0
4885.697222222221,3186.3976966236746,-3545.9434388817886,292.0,7,96.0,False,0,7137.292,40.0
4893.630409809055,3136.0,-3612.0,286.5291562666667,7,55.5999232,False,0,7137.393,40.0
4899.788909923565,3097.0,-3660.0,282.1958229333333,7,23.599923200000006,False,0,7137.473,40.0
4904.297222222221,3065.273025958404,-3696.3219886646434,279.0,7,0.0,True,0,7137.532,40.0
4928.030555555554,2859.633548444004,-3892.505584235783,267.0,6,0.0,True,0,7137.852,40.0
4928.101141227648,2859.0,-3893.0,266.9277824,6,0.0,True,0,7137.853,40.0
4952.130555555555,2653.477147226233,-4016.7567831736055,241.0,6,0.0,True,0,7138.2119999999995,40.0
4952.19627428421,2653.0,-4017.0,240.9750016,6,0.0333312,True,0,7138.213,40.0
4967.797222222221,2556.480518226037,-4062.868117676595,235.0,5,8.0,False,0,7138.452,40.0
4977.886111111109,2478.2616068670304,-4085.4944793584964,227.0,5,8.0,False,0,7138.612,40.0
4980.458843283291,2452.0,-4091.0,226.59000064,5,12.30499328,False,0,7138.653,40.0
4990.386111111109,2328.629038062884,-4110.81587733628,225.0,5,29.0,False,0,7138.812,40.0
4995.29647465551,2271.0,-4117.0,223.0,5,35.666666666666664,False,0,7138.892,40.0
5004.986111111109,2187.4840930205787,-4118.007074380874,219.0,5,49.0,False,0,7139.052,40.0
5014.630555555554,2114.0,-4107.0,217.0,5,53.0,False,0,7139.2119999999995,40.0
5029.1638888888865,1972.0,-4075.0,218.0,5,61.0,False,0,7139.452,40.0
5041.3305555555535,1860.1435538498706,-4034.371612695374,219.0,5,72.0,False,0,7139.652,40.0
5042.550299685942,1847.0,-4028.0,219.07142857142858,5,72.14285714285714,False,0,7139.672,40.0
5055.996792972169,1688.0,-3937.0,219.85714285714286,5,73.71428571428571,False,0,7139.892,40.0
5058.441666666665,1667.3715066461145,-3923.7590321968983,220.0,5,74.0,False,0,7139.932,40.0
5070.663888888887,1604.8785992395929,-3874.638165534132,220.0,5,77.0,False,0,7140.132,40.0
5073.113210658787,1591.0,-3862.0,220.22222222222223,5,77.0,False,0,7140.172,40.0
5086.639615355647,1494.0,-3768.0,221.44444444444446,5,77.0,False,0,7140.392,40.0
5092.863888888887,1451.0524162854742,-3720.59854938269,222.0,5,77.0,False,0,7140.492,40.0
5104.219545012584,1382.0,-3635.0,225.0,5,88.5,False,0,7140.672,40.0
5115.663888888887,1321.072846838776,-3547.749374152245,228.0,5,100.0,False,0,7140.852,40.0
5118.204631092932,1304.0,-3520.0,228.16666666666666,5,100.0,False,0,7140.892,40.0
5130.930555555554,1202.0,-3342.0,229.0,6,100.0,False,0,7141.092,40.0
5146.39722222222,1151.4914964802526,-3245.0600915336645,232.0,6,100.0,False,0,7141.332,40.0
5161.93222222222,1094.472353437873,-3136.845692976315,234.0,6,100.0,False,0,7141.571,40.0
5161.997451973711,1094.0,-3136.0,234.00499968,6,100.0,False,0,7141.572,40.0
5171.149141824055,1017.0,-3000.0,234.70499968,6,100.0,False,0,7141.7119999999995,40.0
5188.154444444443,934.7276365869404,-2862.385829984592,236.0,6,100.0,False,0,7141.971,40.0
5204.084745787766,876.0,-2779.0,236.86428525714285,6,100.0,False,0,7142.213,40.0
5206.587777777776,862.5597345508556,-2759.956528411721,237.0,6,100.0,False,0,7142.251,40.0
5214.624610784605,815.0,-2693.0,237.0,6,100.0,False,0,7142.373,40.0
5219.820277777775,785.574266639204,-2652.5024534895674,237.0,6,100.0,False,0,7142.452,40.0
5230.371852718528,725.0,-2571.0,237.0,6,100.0,False,0,7142.613,40.0
5236.936076956604,681.0,-2512.0,237.0,6,100.0,False,0,7142.713,40.0
5243.520277777775,630.9135865725956,-2444.3337047659447,237.0,6,100.0,False,0,7142.812,40.0
5254.414019950305,546.0,-2329.0,240.57777635555556,6,100.0,False,0,7142.973,40.0
5268.020277777775,461.89427400607553,-2214.8172805814006,245.0,6,100.0,False,0,7143.172,40.0
5278.909166666664,401.60977725178213,-2134.1975533244745,245.0,6,100.0,False,0,7143.332,40.0
5284.417805041688,367.0,-2089.0,245.0,6,100.0,False,0,7143.413,40.0
5297.964722222219,269.9647955975332,-1965.0361697858225,245.0,6,100.0,False,0,7143.612,40.0
5314.443285016256,155.0,-1822.0,245.60249984,6,100.0,False,0,7143.853,40.0
5325.298055555553,98.67042977539701,-1754.3252061815929,246.0,6,100.0,False,0,7144.012,40.0
5338.853611111109,38.66950798325225,-1684.7075203619881,244.0,6,100.0,False,0,7144.2119999999995,40.0
5340.262456014048,32.0,-1677.0,243.4749952,6,100.0,False,0,7144.233,40.0
5349.520277777775,-14.14095004426269,-1623.7916202648776,240.0,6,100.0,False,0,7144.372,40.0
5357.5328930579835,-64.0,-1567.0,238.70357211428572,6,100.0,False,0,7144.493,40.0
5367.953611111108,-151.24640008585493,-1468.9487936631333,237.0,6,100.0,False,0,7144.652,40.0
5374.4623364252175,-209.0,-1404.0,231.9499904,6,91.7937344,False,0,7144.753,40.0
5378.131388888886,-240.88358552192693,-1367.965593719454,229.0,6,87.0,False,0,7144.812,40.0
5387.375833333331,-319.14246595009047,-1279.0761158370617,208.0,6,0.0,True,0,7144.972,40.0
5390.65727384448,-344.0,-1251.0,201.28997888,6,0.0,True,0,7145.033,40.0
5397.709166666664,-389.27987952971523,-1200.4634508900322,186.0,6,0.0,True,0,7145.172,40.0
5407.0980555555525,-440.9565797210695,-1145.2512356775305,169.0,4,0.0,True,0,7145.372,40.0
5408.043571797276,-447.0,-1139.0,167.8624896,4,0.0,True,0,7145.393,40.0
5417.498055555552,-516.0,-1071.0,156.0,3,0.0,True,0,7145.612,40.0
5423.942499999997,-566.5429980190532,-1029.2666292567865,145.0,3,0.0,True,0,7145.772,40.0
5427.732973646549,-598.0,-1007.0,140.625,3,0.0,True,0,7145.872,40.0
5434.180918238281,-655.0,-973.0,132.75,3,0.0,True,0,7146.052,40.0
5435.5869444444415,-667.7180519528285,-966.2526367875962,131.0,2,0.0,True,0,7146.092,40.0
5441.8167112063475,-725.0,-940.0,125.75,2,0.0,True,0,7146.272,40.0
5443.853611111108,-744.0021505040413,-933.3254163425992,124.0,2,0.0,True,0,7146.332,40.0
5447.864153093285,-782.0,-923.0,121.66666666666667,2,0.0,True,0,7146.452,40.0
5453.686890548344,-840.0,-914.0,118.16666666666667,2,0.0,True,0,7146.632,40.0
5455.553611111108,-860.0380175143661,-912.6864389153227,117.0,2,0.0,True,0,7146.692,40.0
5459.759370245563,-906.0,-912.0,112.8,2,0.35000000000000003,True,0,7146.832,40.0
5465.504963104486,-965.0,-916.0,106.8,2,0.85,True,0,7147.032,40.0
5467.220277777775,-986.4160925923869,-921.2460602848553,105.0,2,1.0,False,0,7147.092,40.0
5473.511458916402,-1067.0,-950.0,103.16666666666667,2,10.166666666666668,False,0,7147.312,40.0
5474.0869444444415,-1071.9067706423364,-952.0035095127071,103.0,2,11.0,False,0,7147.332,40.0
5481.059541307452,-1108.0,-972.0,104.2,2,24.799999999999997,False,0,7147.572,40.0
5485.7536111111085,-1144.8732030768979,-998.6309957094842,105.0,2,34.0,False,0,7147.732,40.0
5489.289193909729,-1176.0,-1022.0,106.125,2,41.125,False,0,7147.852,40.0
5495.353611111108,-1225.0,-1060.0,108.0,2,53.0,False,0,7148.052,40.0
5501.207384563661,-1272.0,-1096.0,114.45161142328627,2,53.0,False,0,7148.232,40.0
5504.498611111108,-1297.9620485583935,-1113.6407575049998,118.0,2,53.0,False,0,7148.331,40.0
5507.864694452424,-1327.0,-1130.0,118.50499968,2,42.39500672,False,0,7148.432,40.0
5517.831944444441,-1434.8168036942282,-1168.4194638727658,120.0,3,11.0,False,0,7148.731,40.0
5518.560759004641,-1442.0,-1170.0,119.8624992,3,11.0,False,0,7148.753,40.0
5523.120833333331,-1481.7161906643357,-1175.054865235215,119.0,3,11.0,False,0,7148.891,40.0
5529.764999999997,-1533.7901289251624,-1170.0760228617073,119.0,3,11.0,False,0,7149.092,40.0
5530.459999050142,-1540.0,-1169.0,119.0,3,11.0,False,0,7149.113,40.0
5539.061260105053,-1626.0,-1148.0,119.0,3,11.0,False,0,7149.373,40.0
5540.342777777774,-1638.7718460705005,-1143.9020094457298,119.0,3,11.0,False,0,7149.412,40.0
5544.949092724419,-1683.0,-1128.0,118.5593744,3,12.3218768,False,0,7149.553,40.0
5550.831666666663,-1737.6409582290546,-1105.1824190873385,118.0,3,14.0,False,0,7149.732,40.0
5550.865001426616,-1738.0,-1105.0,118.0142848,3,14.0,False,0,7149.733,40.0
5559.673447601423,-1843.0,-1042.0,121.72857417142858,3,14.0,False,0,7149.993,40.0
5560.320555555552,-1848.6912798531464,-1038.2190387006085,122.0,3,14.0,False,0,7150.012,40.0
5567.264999999997,-1884.715037178706,-1010.3565559744802,125.0,3,43.0,False,0,7150.2119999999995,40.0
5571.112189292119,-1903.0,-992.0,133.8375168,3,54.3625216,False,0,7150.313,40.0
5573.442777777775,-1916.6063827322148,-977.7620127767026,139.0,3,61.0,False,0,7150.372,40.0
5579.972937925004,-1961.0,-929.0,144.63499776,3,64.21999872,False,0,7150.533,40.0
5581.553888888886,-1971.9716065039233,-916.2269470255417,146.0,3,65.0,False,0,7150.572,40.0
5588.042777777775,-2017.0149793990388,-860.8319884751496,146.0,3,72.0,False,0,7150.732,40.0
5592.37740796868,-2045.0,-825.0,152.312512,3,72.0,False,0,7150.833,40.0
5594.976111111108,-2061.1072271809435,-804.0300645052301,156.0,3,72.0,False,0,7150.892,40.0
5604.031666666664,-2114.151708932384,-732.5361951342006,163.0,3,77.0,False,0,7151.092,40.0
5610.7261289486205,-2148.0,-680.0,168.53929325714284,3,79.51786057142857,False,0,7151.233,40.0
5617.564999999998,-2177.7220413999567,-625.8374861393854,174.0,3,82.0,False,0,7151.372,40.0
5627.828855016392,-2216.0,-540.0,180.85227054545456,3,90.22272465454546,False,0,7151.573,40.0
5636.338451957285,-2244.0,-464.0,186.306816,3,96.7681792,False,0,7151.733,40.0
5640.664999999997,-2256.152749675046,-429.17265869575346,189.0,4,100.0,False,0,7151.812,40.0
5653.199317972176,-2286.0,-309.0,199.43612017777778,4,100.0,False,0,7152.033,40.0
5661.264999999998,-2304.59651226511,-170.93342607422917,206.0,4,100.0,False,0,7152.172,40.0
5665.934925397885,-2312.0,-105.0,208.0,4,100.0,False,0,7152.252,40.0
5675.398333333331,-2314.966047048763,-54.65204629573527,212.0,5,100.0,False,0,7152.412,40.0
5681.461255152195,-2314.0,-34.0,216.375,5,100.0,False,0,7152.512,40.0
5685.131666666664,-2313.7462064505507,-13.929735859864024,219.0,5,100.0,False,0,7152.572,40.0
5694.998333333331,-2313.4175888927393,68.3987564648915,222.0,5,100.0,False,0,7152.732,40.0
5703.80947898066,-2299.0,186.0,225.5,5,100.0,False,0,7152.872,40.0
5712.809444444442,-2267.5599080528596,340.60054431709347,229.0,5,100.0,False,0,7153.012,40.0
5714.111192836572,-2263.0,360.0,229.64285714285714,5,100.0,False,0,7153.032,40.0
5731.320555555553,-2211.458860881509,510.0279776999825,238.0,6,100.0,False,0,7153.292,40.0
5736.661167980228,-2190.0,553.0,239.2,6,100.0,False,0,7153.372,40.0
5744.709444444442,-2148.5107760393985,632.6039275160294,241.0,6,100.0,False,0,7153.492,40.0
5758.287166168904,-2072.0,770.0,244.33333333333334,6,100.0,False,0,7153.692,40.0
5761.042777777775,-2059.299623115761,790.6085779272304,245.0,6,100.0,False,0,7153.732,40.0
5777.842777777774,-1988.0,891.0,252.0,6,100.0,False,0,7153.972,40.0
5789.1316666666635,-1915.8681004265077,990.9249090619061,254.0,6,100.0,False,0,7154.132,40.0
5800.622752328189,-1837.0,1100.0,257.5,6,100.0,False,0,7154.292,40.0
5812.331666666663,-1768.3755169299754,1193.3707614719165,261.0,6,100.0,False,0,7154.452,40.0
5816.033211477785,-1749.0704165870616,1219.2712405914647,262.3888924444444,6,100.0,False,0,7154.502,40.0
0.10915522840046482,-1762.7063721667148,1201.8023949945816,262.3888924444444,6,100.0,False,0,7154.502,41.0
11.369213430364642,-1697.0,1288.0,266.55555555555554,6,100.0,False,0,7154.652,41.0
23.474999999999994,-1615.3020547659744,1392.3854332484805,271.0,7,100.0,False,0,7154.812000000001,41.0
31.0909570827397,-1558.0,1465.0,272.56739780466,7,100.0,False,0,7154.912,41.0
47.93166666666666,-1416.9738651494063,1643.5832225924692,276.0,7,100.0,False,0,7155.131,41.0
59.00306766093985,-1344.0,1737.0,279.0428598857143,7,100.0,False,0,7155.273,41.0
69.865,-1303.374003558903,1790.7855176694545,282.0,7,100.0,False,0,7155.411,41.0
87.52035612034086,-1237.0,1884.0,285.45794660843796,7,100.0,False,0,7155.633000000001,41.0
95.45583333333332,-1171.4076440874412,1974.7401566263854,287.0,7,100.0,False,0,7155.732,41.0
108.3447222222222,-1058.5040906324436,2130.307109683149,290.0,7,100.0,False,0,7155.892000000001,41.0
108.42538339882827,-1058.0,2131.0,290.0062496,7,100.0,False,0,7155.893,41.0
121.27805555555554,-1011.3173915685786,2194.7985740089503,291.0,7,100.0,False,0,7156.052000000001,41.0
131.15332309907683,-981.0,2236.0,293.0166656,7,100.0,False,0,7156.173000000001,41.0
140.9447222222222,-928.8457634842086,2307.268332519999,295.0,7,100.0,False,0,7156.292,41.0
149.30796473899346,-875.0,2381.0,296.14772945454547,7,100.0,False,0,7156.393,41.0
177.61138888888885,-681.5572806917393,2648.214810207847,300.0,7,100.0,False,0,7156.732,41.0
177.69493079303726,-681.0,2649.0,300.0062496,7,100.0,False,0,7156.733,41.0
190.98916666666665,-594.8051206136583,2772.01390652627,301.0,7,100.0,False,0,7156.892000000001,41.0
209.6177592252096,-490.0,2925.0,302.65750144,7,100.0,False,0,7157.113,41.0
224.76694444444442,-425.5288137178228,3020.578368914011,304.0,7,100.0,False,0,7157.292,41.0
236.70683264837467,-377.0,3094.0,304.8812512,7,100.0,False,0,7157.433,41.0
238.3225,-370.0245275972458,3104.6552033492385,305.0,7,100.0,False,0,7157.452,41.0
255.43361111111108,-286.34250786257155,3232.7916883735656,308.0,7,100.0,False,0,7157.652,41.0
262.3713023438418,-236.0,3307.0,308.0,7,100.0,False,0,7157.733,41.0
272.5447222222222,-139.615676380953,3445.821059742429,308.0,7,100.0,False,0,7157.852000000001,41.0
279.44506868551514,-80.0,3531.0,307.19000064,7,100.0,False,0,7157.933,41.0
289.5447222222222,-24.45158566538913,3610.1043452955882,306.0,7,100.0,False,0,7158.052000000001,41.0
309.85677884088045,39.0,3695.0,303.9916672,7,100.0,False,0,7158.293000000001,41.0
319.84472222222223,98.10281816409281,3770.7348774387415,303.0,7,100.0,False,0,7158.412,41.0
326.6343503166314,143.0,3827.0,302.59500032,7,100.0,False,0,7158.493,41.0
346.6207653376214,272.0,3981.0,301.4,7,100.0,False,0,7158.732,41.0
353.28916666666663,313.7811221875585,4029.250165215558,301.0,7,100.0,False,0,7158.812000000001,41.0
369.9002777777778,444.0,4159.0,299.0,7,100.0,False,0,7159.012000000001,41.0
386.4002777777778,648.0,4318.0,297.0,7,100.0,False,0,7159.212,41.0
402.9002777777778,729.6732170348039,4374.422420814325,297.0,7,100.0,False,0,7159.412,41.0
412.76623408870273,791.0,4396.0,296.5,7,100.0,False,0,7159.532,41.0
422.6336111111111,906.9093388936876,4433.207098274259,296.0,7,100.0,False,0,7159.652,41.0
437.45008277693637,1104.0,4492.0,296.0,7,100.0,False,0,7159.832,41.0
439.0780555555555,1119.7664749564294,4496.140634765004,296.0,7,100.0,False,0,7159.852000000001,41.0
461.4002777777778,1265.8526264877523,4513.6446262840855,287.0,7,100.0,False,0,7160.1320000000005,41.0
462.9779795391188,1281.0,4514.0,286.6666666666667,7,100.0,False,0,7160.152,41.0
480.26694444444445,1517.286847214706,4517.394475313437,283.0,7,100.0,False,0,7160.372,41.0
488.10776552703476,1614.0,4517.0,282.5833333333333,7,100.0,False,0,7160.472000000001,41.0
499.06694444444446,1702.617348145056,4513.321096695756,282.0,7,100.0,False,0,7160.612,41.0
511.5558333333333,1776.5145399106564,4504.218562777396,281.0,7,100.0,False,0,7160.772000000001,41.0
514.6711863788778,1802.0,4501.0,280.875,7,100.0,False,0,7160.812000000001,41.0
527.1069558572153,1926.0,4485.0,280.375,7,100.0,False,0,7160.972000000001,41.0
536.4447222222221,2014.259484365923,4472.025824035763,280.0,7,100.0,False,0,7161.092000000001,41.0
550.4939586561843,2157.0,4454.0,280.9,7,100.0,False,0,7161.272000000001,41.0
552.0558333333332,2176.3781144854156,4452.32131057892,281.0,7,100.0,False,0,7161.292,41.0
567.6669444444443,2386.8783755626014,4439.719041487365,281.0,7,100.0,False,0,7161.492,41.0
569.2260210062706,2404.0,4439.0,280.9166666666667,7,100.0,False,0,7161.512000000001,41.0
586.3336111111109,2528.034276449335,4438.158853459092,280.0,7,100.0,False,0,7161.732,41.0
592.6015960869771,2575.0,4441.0,279.32217644929165,7,100.0,False,0,7161.813,41.0
604.789722222222,2693.875330216741,4451.275783274679,278.0,7,100.0,False,0,7161.9710000000005,41.0
608.0257259632718,2726.0,4455.0,277.86915925117194,7,100.0,False,0,7162.013000000001,41.0
626.4914098568071,2907.0,4491.0,277.1214955507032,7,100.0,False,0,7162.253000000001,41.0
629.4888888888887,2943.331878065739,4502.233820603623,277.0,7,100.0,False,0,7162.292,41.0
649.5220590384976,3208.0,4603.0,276.27499946666666,7,100.0,False,0,7162.553000000001,41.0
657.0888888888887,3273.8834665341037,4633.232116382502,276.0,7,100.0,False,0,7162.652,41.0
679.9505805422579,3394.0,4711.0,274.1187488,7,100.0,False,0,7162.953,41.0
693.4888888888887,3499.9018914941744,4785.804868918156,273.0,7,100.0,False,0,7163.1320000000005,41.0
696.5872166701058,3531.0,4810.0,272.8535716571429,7,100.0,False,0,7163.173000000001,41.0
708.6718916184731,3671.0,4928.0,272.28214308571427,7,100.0,False,0,7163.3330000000005,41.0
714.6444444444442,3733.5527491659177,4985.489732150867,272.0,7,100.0,False,0,7163.412,41.0
732.7777777777775,3879.3393822090247,5134.702771606527,272.0,7,100.0,False,0,7163.652,41.0
735.849898772332,3898.0,5154.0,271.359376,7,100.0,False,0,7163.693,41.0
756.5111111111108,3986.0291535065,5241.55432644306,267.0,7,100.0,False,0,7163.972000000001,41.0
763.9037665725943,4025.0,5279.0,264.05416106666667,7,100.0,False,0,7164.073,41.0
773.8444444444442,4096.539015550231,5347.635571763643,260.0,7,100.0,False,0,7164.212,41.0
779.4013528909944,4140.0,5389.0,250.3812576,7,49.37504,False,0,7164.293000000001,41.0
784.5555555555552,4179.868903653074,5426.549268989807,241.0,7,0.0,True,0,7164.372,41.0
789.4714361045936,4219.0,5463.0,234.11500544,7,0.0,True,0,7164.453,41.0
827.8888888888886,4600.893418899679,5786.607835267945,156.0,3,0.0,True,0,7165.372,41.0
831.232893554106,4629.0,5806.0,153.0,3,0.0,True,0,7165.452,41.0
834.5555555555552,4656.304859791346,5823.908721081643,150.0,3,0.0,True,0,7165.532,41.0
840.0659095882633,4703.0,5851.0,143.0,3,0.0,True,0,7165.6720000000005,41.0
842.333333333333,4723.067618125037,5860.567645791192,140.0,2,0.0,True,0,7165.732,41.0
844.5531128130425,4743.0,5869.0,137.64285714285714,2,0.0,True,0,7165.792,41.0
852.3666666666663,4815.377300450868,5891.18606341935,129.0,2,0.0,True,0,7166.012000000001,41.0
854.4494381790751,4838.0,5895.0,127.5,2,0.0,True,0,7166.072,41.0
860.5666666666664,4912.789107876006,5900.871703938477,123.0,2,0.0,True,0,7166.252,41.0
861.2301405909258,4920.0,5901.0,122.4,2,0.0,True,0,7166.272000000001,41.0
867.0666666666664,4969.866924731656,5897.57614484693,117.0,2,0.0,True,0,7166.452,41.0
868.9729156070254,4986.0,5895.0,115.8,2,0.0,True,0,7166.512000000001,41.0
873.3444444444442,5028.861871949004,5886.66124050674,113.0,2,0.0,True,0,7166.652,41.0
876.3909839193461,5059.0,5879.0,110.5,2,0.0,True,0,7166.752,41.0
878.1888888888886,5075.3687738095105,5873.810565195585,109.0,2,0.0,False,0,7166.812000000001,41.0
884.5917181268744,5134.0,5845.0,106.0,2,0.0,False,0,7167.032,41.0
890.7777777777775,5211.369597161499,5789.437035466724,103.0,2,0.0,False,0,7167.252,41.0
891.3334144020122,5217.0,5785.0,102.83333333333333,2,1.0416666666666667,False,0,7167.272000000001,41.0
902.8637049224341,5272.0,5724.0,99.33333333333333,2,22.916666666666668,False,0,7167.692,41.0
903.9777777777775,5278.204389965308,5715.665918748991,99.0,2,25.0,False,0,7167.732,41.0
905.6586395406122,5288.0,5702.0,99.75,2,26.0,False,0,7167.792,41.0
910.7777777777775,5312.624647423551,5657.356257616862,102.0,2,29.0,False,0,7167.972000000001,41.0
913.678693401678,5324.0,5632.0,103.25,2,31.5,False,0,7168.072,41.0
917.7777777777775,5337.936825281858,5596.807213047462,105.0,2,35.0,False,0,7168.212,41.0
920.1475991505421,5346.0,5571.0,105.5062496,2,36.5187488,False,0,7168.293000000001,41.0
922.4888888888886,5354.3732913528975,5539.287496264122,106.0,2,38.0,False,0,7168.372,41.0
927.4462718231003,5370.0,5471.0,109.5218736,2,41.0187488,False,0,7168.533,41.0
932.5333333333331,5377.247216525321,5433.0821613326225,113.0,2,44.0,False,0,7168.692,41.0
938.4951355027135,5381.0,5399.0,117.5250048,2,49.81786331428572,False,0,7168.8730000000005,41.0
941.8666666666664,5383.974737272276,5369.811745731381,120.0,2,53.0,False,0,7168.972000000001,41.0
945.4031763010588,5388.0,5330.0,122.80556088888889,2,57.76945351111111,False,0,7169.073,41.0
954.8666666666664,5402.905781215036,5187.124690926189,130.0,2,70.0,False,0,7169.332,41.0
956.4054214192079,5405.0,5169.0,131.22999808,2,55.6500224,False,0,7169.3730000000005,41.0
962.422222222222,5411.318115463024,5123.004696846353,136.0,2,0.0,True,0,7169.532,41.0
968.3333333333331,5417.816266684084,5098.034289553313,133.0,2,0.0,True,0,7169.692,41.0
971.1335333525237,5424.0,5077.0,128.14000384,2,0.0,True,0,7169.773,41.0
973.7818350024945,5432.0,5051.0,123.34000384000001,2,0.0,True,0,7169.853,41.0
975.0555555555554,5436.3002625477675,5038.522209616986,121.0,2,0.0,True,0,7169.892000000001,41.0
981.4452320237974,5462.0,4980.0,115.25714468571428,2,0.0,True,0,7170.093000000001,41.0
983.8444444444443,5473.787289907052,4958.39555845462,113.0,2,0.0,True,0,7170.1720000000005,41.0
986.8036945462155,5490.0,4932.0,108.45499136,2,0.0,True,0,7170.273,41.0
989.622222222222,5506.796142619618,4907.841293748473,104.0,1,0.0,True,0,7170.372,41.0
993.5565388232008,5532.0,4876.0,101.17999616,1,0.0,True,0,7170.513000000001,41.0
995.1777777777776,5542.875318095849,4863.401997553462,100.0,1,0.0,True,0,7170.572,41.0
998.459446290617,5566.0,4839.0,98.18500096,1,0.0,True,0,7170.693,41.0
1000.5666666666665,5581.945702060421,4824.228350596391,97.0,1,0.0,True,0,7170.772000000001,41.0
1004.7656486454797,5615.0,4797.0,94.31666773333333,1,0.0,True,0,7170.933,41.0
1006.7666666666665,5630.2955013671335,4785.064968282365,93.0,1,0.0,True,0,7171.012000000001,41.0
1010.2279358600889,5661.0,4765.0,90.53249664,1,0.0,True,0,7171.153,41.0
1014.9471574290039,5722.0,4738.0,87.03249664,1,0.0,True,0,7171.353,41.0
1016.3222222222221,5737.099355356746,4732.746055072132,86.0,1,0.0,True,0,7171.412,41.0
1020.011111111111,5766.75956143052,4726.331125072477,83.0,1,0.0,False,0,7171.572,41.0
1024.511111111111,5796.35778771591,4730.274595710165,81.0,1,0.0,False,0,7171.772000000001,41.0
1025.8861382226783,5808.0,4733.0,81.0,1,1.5250047999999998,False,0,7171.8330000000005,41.0
1028.1111111111109,5829.0,4739.0,81.0,1,4.0,False,0,7171.932000000001,41.0
1031.6241904665235,5862.0,4754.0,80.0,1,10.0,False,0,7172.092000000001,41.0
1035.133333333333,5896.608449961306,4776.71011403817,79.0,1,16.0,False,0,7172.252,41.0
1038.733333333333,5928.616995199725,4801.322751362311,81.0,1,20.0,False,0,7172.412,41.0
1039.1876714452178,5932.0,4804.0,81.16666666666667,1,20.75,False,0,7172.432000000001,41.0
1044.2666666666662,5960.321429379706,4827.796602042067,83.0,1,29.0,False,0,7172.652,41.0
1048.6178738309186,5992.0,4864.0,85.8125,1,34.625,False,0,7172.832,41.0
1052.0888888888885,6031.2472917125,4913.391668464072,88.0,1,39.0,False,0,7172.972000000001,41.0
1053.589990677044,6045.0,4931.0,89.125,1,40.875,False,0,7173.032,41.0
1056.133333333333,6058.3561796152435,4948.348585626758,91.0,1,44.0,False,0,7173.1320000000005,41.0
1060.3999999999996,6065.505186658033,4959.402521657182,96.0,1,45.0,False,0,7173.292,41.0
1061.5052246368004,6069.0,4965.0,97.11111111111111,1,46.333333333333336,False,0,7173.332,41.0
1068.4908238906933,6104.0,5022.0,103.77777777777777,1,54.333333333333336,False,0,7173.572,41.0
1070.9999999999995,6115.766270139671,5042.817509949784,106.0,1,57.0,False,0,7173.652,41.0
1073.609280208123,6127.0,5064.0,109.75,1,58.5,False,0,7173.732,41.0
1080.411704358971,6154.0,5121.0,119.125,1,62.25,False,0,7173.932000000001,41.0
1081.755555555555,6159.32990671929,5133.067472714181,121.0,2,63.0,False,0,7173.972000000001,41.0
1087.1333333333328,6180.421423072941,5183.47397603903,121.0,2,70.0,False,0,7174.1320000000005,41.0
1087.8398987936448,6183.0,5190.0,122.05,2,70.4,False,0,7174.152,41.0
1095.4819221624466,6208.0,5258.0,132.55,2,74.4,False,0,7174.352000000001,41.0
1102.9111111111106,6229.412088626229,5323.721035091191,142.0,2,78.0,False,0,7174.532,41.0
1104.5994996192835,6234.0,5339.0,143.7,2,78.9,False,0,7174.572,41.0
1112.3675056295465,6254.0,5411.0,151.35,2,82.95,False,0,7174.752,41.0
1120.577777777777,6274.002994006318,5488.398085571818,159.0,3,87.0,False,0,7174.932000000001,41.0
1130.3933209739407,6294.0,5575.0,169.60832995555555,3,94.25833102222222,False,0,7175.133000000001,41.0
1138.377777777777,6307.886153623606,5650.313500225601,178.0,4,100.0,False,0,7175.292,41.0
1138.4280013695388,6308.0,5651.0,178.0249984,4,100.0,False,0,7175.293000000001,41.0
1146.5101204346583,6328.0,5785.0,182.0249984,4,100.0,False,0,7175.453,41.0
1148.5444444444438,6330.401747964528,5809.983453804283,183.0,4,100.0,False,0,7175.492,41.0
1155.0822073951456,6332.0,5866.0,190.86499584,4,100.0,False,0,7175.613,41.0
1159.433333333333,6332.796086677433,5901.737965341887,196.0,4,100.0,False,0,7175.692,41.0
1168.3222222222219,6331.674364026597,5988.489672950401,200.0,4,100.0,False,0,7175.852000000001,41.0
1170.6630903543096,6329.0,6020.0,202.0499968,4,100.0,False,0,7175.893,41.0
1177.5666666666664,6314.99991036432,6135.291260626576,208.0,5,100.0,False,0,7176.012000000001,41.0
1183.4058451576052,6302.0,6226.0,208.0,5,100.0,False,0,7176.113,41.0
1189.1222222222218,6293.01836292755,6281.562592595192,208.0,5,100.0,False,0,7176.212,41.0
1204.2297831533629,6273.0,6349.0,208.0,5,100.0,False,0,7176.473,41.0
1207.6111111111106,6264.443735791703,6374.977043042413,208.0,5,100.0,False,0,7176.532,41.0
1220.3238061877885,6220.0,6501.0,208.0,5,100.0,False,0,7176.753000000001,41.0
1221.4777777777772,6215.6493673699515,6511.56283970887,208.0,5,100.0,False,0,7176.772000000001,41.0
1226.5550685141552,6196.0,6556.0,214.52499484444445,5,100.0,False,0,7176.853,41.0
1245.1777777777772,6109.341060461681,6718.429887964867,237.0,6,100.0,False,0,7177.1320000000005,41.0
1245.2437673194622,6109.0,6719.0,237.0,6,100.0,False,0,7177.133000000001,41.0
1255.7111111111105,6052.378663954444,6807.45015876928,237.0,6,100.0,False,0,7177.292,41.0
1255.7783340622293,6052.0,6808.0,237.0281232,6,100.0,False,0,7177.293000000001,41.0
1268.3002591014942,5980.0,6905.0,242.0906304,6,100.0,False,0,7177.473,41.0
1277.5777777777773,5924.293459883007,6972.436054306147,246.0,6,100.0,False,0,7177.612,41.0
1287.2542196760091,5845.0,7055.0,223.46000896,6,100.0,False,0,7177.773,41.0
1289.6888888888884,5820.475804032998,7078.255626808565,218.0,6,100.0,False,0,7177.812000000001,41.0
1302.1330805782811,5693.0,7192.0,236.55251968,6,100.0,False,0,7177.993,41.0
1318.4666666666662,5570.348072756529,7292.987151957881,259.0,6,100.0,False,0,7178.212,41.0
1334.7752614764902,5464.0,7374.0,264.5250048,6,100.0,False,0,7178.433,41.0
1339.1555555555549,5434.241580810751,7396.512462359367,266.0,6,100.0,False,0,7178.492,41.0
1360.2333333333327,5285.148267604484,7510.21098050501,271.0,7,100.0,False,0,7178.772000000001,41.0
1361.7515071727616,5274.0,7519.0,271.2857142857143,7,100.0,False,0,7178.792,41.0
1370.889227699324,5203.0,7576.0,273.0,7,100.0,False,0,7178.912,41.0
1381.6222222222216,5092.8753339263685,7666.610979212461,275.0,7,100.0,False,0,7179.052000000001,41.0
1395.5601148123767,4932.0,7801.0,278.6,7,100.0,False,0,7179.232,41.0
1397.1222222222216,4915.24478662319,7815.106013791914,279.0,7,100.0,False,0,7179.252,41.0
1422.4555555555548,4687.920029394929,8008.8834579660615,285.0,7,100.0,False,0,7179.572,41.0
1425.6446344695314,4668.0,8026.0,285.42857142857144,7,100.0,False,0,7179.612,41.0
1444.855555555555,4584.0424631889455,8098.463390881761,288.0,7,100.0,False,0,7179.852000000001,41.0
1449.68657558524,4559.0,8120.0,288.9,7,100.0,False,0,7179.912,41.0
1461.0222222222214,4482.620418867384,8185.450160201404,291.0,7,100.0,False,0,7180.052000000001,41.0
1479.0932083573182,4337.0,8310.0,293.1666666666667,7,100.0,False,0,7180.272000000001,41.0
1570.7924519060077,3658.0,8898.0,303.8030303030303,7,100.0,False,0,7181.352000000001,41.0
1572.4888888888881,3639.94477245242,8913.881668755032,304.0,7,100.0,False,0,7181.372,41.0
1586.0444444444438,3487.19096660687,9048.435951482918,305.0,7,100.0,False,0,7181.532,41.0
1592.90594509397,3416.0,9111.0,305.0,7,100.0,False,0,7181.613,41.0
1613.240277777777,3253.1173937873705,9252.965631415003,305.0,7,100.0,False,0,7181.853,41.0
1626.795880795364,3167.0,9328.0,305.0,7,100.0,False,0,7182.013000000001,41.0
1633.4888888888881,3127.2961028962445,9362.858121263473,305.0,7,100.0,False,0,7182.092000000001,41.0
1647.0444444444438,3052.4940352159533,9429.09029736124,305.0,7,100.0,False,0,7182.252,41.0
1660.5999999999995,2977.2025684270284,9495.387465564701,305.0,7,100.0,False,0,7182.412,41.0
1664.073634169573,2957.0,9513.0,305.0,7,100.0,False,0,7182.453,41.0
1682.712586896732,2816.0,9635.0,305.0,7,100.0,False,0,7182.673000000001,41.0
1684.3222222222219,2795.734519799202,9652.567502462285,305.0,7,100.0,False,0,7182.692,41.0
1694.5731127365661,2650.0,9779.0,305.0,7,100.0,False,0,7182.813,41.0
1697.8777777777775,2613.0046106864033,9811.068174199516,305.0,7,100.0,False,0,7182.852000000001,41.0
1731.7666666666662,2445.6957098395646,9957.378868715423,305.0,7,100.0,False,0,7183.252,41.0
1731.8511921871432,2445.0,9958.0,304.99500032,7,100.0,False,0,7183.253000000001,41.0
1748.655555555555,2267.633971348704,10116.649974318336,304.0,7,100.0,False,0,7183.452,41.0
1752.1189323567096,2237.0,10144.0,304.0,7,100.0,False,0,7183.493,41.0
1765.544444444444,2163.363684216645,10209.327852593653,304.0,7,100.0,False,0,7183.652,41.0
1774.0424882472612,2121.0,10247.0,303.49499904,7,100.0,False,0,7183.753000000001,41.0
1782.3777777777775,2064.8536765748227,10297.31437145098,303.0,7,100.0,False,0,7183.852000000001,41.0
1805.944444444444,1868.620208514139,10472.458424981067,303.0,7,100.0,False,0,7184.1320000000005,41.0
1806.0269581950229,1868.0,10473.0,302.93500416,7,99.500032,False,0,7184.133000000001,41.0
1822.055555555555,1759.87135472307,10565.113144551879,290.0,7,0.0,True,0,7184.332,41.0
1831.2903411007915,1696.0,10617.0,277.1437568,7,0.0,True,0,7184.453,41.0
1834.1888888888884,1674.2097200780113,10634.346730096451,273.0,7,0.0,True,0,7184.492,41.0
1851.1888888888886,1533.5670514092656,10739.621137593973,255.0,6,0.0,True,0,7184.732,41.0
1851.2561910261168,1533.0,10740.0,254.92000512,6,0.0,True,0,7184.733,41.0
1857.829044441881,1475.0,10776.0,246.91998464,6,0.0,True,0,7184.8330000000005,41.0
1875.9666666666662,1239.7427174146173,10889.902352184396,223.0,5,0.0,True,0,7185.1320000000005,41.0
1877.1301292718167,1228.0,10895.0,221.5,5,0.0,True,0,7185.152,41.0
1889.633333333333,1154.7850433710423,10920.971108816977,205.0,5,0.0,True,0,7185.372,41.0
1895.2283761975395,1120.0,10928.0,202.0,5,0.0,True,0,7185.472000000001,41.0
1900.6888888888884,1070.1894999075027,10937.397630907617,199.0,4,0.0,True,0,7185.572,41.0
1904.893396657765,1026.0,10944.0,193.4,4,0.0,True,0,7185.652,41.0
1910.9666666666662,961.3942458433505,10948.770114877725,185.0,4,0.0,True,0,7185.772000000001,41.0
1918.7300871718553,878.0,10949.0,179.54545454545453,4,0.0,True,0,7185.932000000001,41.0
1928.965750269429,769.0,10945.0,172.04545454545453,4,0.0,True,0,7186.152,41.0
1931.744444444444,741.7428493658697,10942.08954364331,170.0,3,0.0,True,0,7186.212,41.0
1940.9666666666662,656.0,10924.0,166.0,3,0.0,True,0,7186.412,41.0
1949.996874860493,571.0,10891.0,162.66666666666666,3,0.8333333333333334,True,0,7186.612,41.0
1951.7666666666662,556.3928912747919,10884.719736323139,162.0,3,1.0,False,0,7186.652,41.0
1956.993289417103,507.0,10858.0,159.33333333333334,3,1.3333333333333335,False,0,7186.772000000001,41.0
1962.9524060023448,412.0,10789.0,156.22222222222223,3,1.7222222222222223,False,0,7186.912,41.0
1967.166666666666,369.25003425377406,10754.036925960723,154.0,3,2.0,False,0,7187.012000000001,41.0
1979.6679711133181,343.0,10704.0,150.25,3,23.5625,False,0,7187.312000000001,41.0
1980.4999999999993,339.8260516542313,10698.326997015169,150.0,3,25.0,False,0,7187.332,41.0
1987.166666666666,303.86563322438957,10639.525016365305,150.0,3,34.0,False,0,7187.492,41.0
1990.5138155537038,286.0,10608.0,150.33333333333334,3,36.666666666666664,False,0,7187.572,41.0
1997.2333333333324,257.0,10547.0,151.0,3,42.0,False,0,7187.732,41.0
2003.9888888888881,231.69100658013033,10483.962205870177,152.0,3,44.0,False,0,7187.892000000001,41.0
2004.8414734516791,229.0,10476.0,152.25,3,44.75,False,0,7187.912,41.0
2015.2738174890644,206.0,10379.0,155.2625024,3,53.7875072,False,0,7188.153,41.0
2017.855555555555,202.26661424992523,10354.549557253471,156.0,3,56.0,False,0,7188.212,41.0
2022.2931489652406,197.0,10308.0,157.51500288,3,57.51500288,False,0,7188.313,41.0
2026.688888888888,192.55975667811887,10249.562218128694,159.0,3,59.0,False,0,7188.412,41.0
2037.6677777777772,185.0,10097.0,164.0,3,62.0,False,0,7188.653,41.0
2045.0436111111105,183.00974522756263,10045.708448639742,167.0,3,63.0,False,0,7188.812000000001,41.0
2053.1514278787954,178.0,9995.0,162.4749952,3,22.274956800000005,False,0,7188.993,41.0
2057.488055555555,171.1448442028231,9947.954135013068,160.0,3,0.0,True,0,7189.092000000001,41.0
2064.376944444444,155.4692875251178,9854.398104835089,155.0,3,0.0,True,0,7189.252,41.0
2067.740740257393,148.0,9818.0,151.4562528,3,0.0,True,0,7189.3330000000005,41.0
2070.9547222222213,141.34567757366037,9791.999291632645,148.0,3,0.0,True,0,7189.412,41.0
2078.8436111111105,125.15504401248876,9758.258250771054,142.0,3,0.0,True,0,7189.612,41.0
2082.580478227573,112.0,9734.0,136.9499904,3,0.0,True,0,7189.713000000001,41.0
2085.483309433806,98.0,9708.0,132.9499904,3,0.0,True,0,7189.793000000001,41.0
2086.176944444444,93.8764318501582,9701.216654034428,132.0,2,0.0,True,0,7189.812000000001,41.0
2094.9769444444437,21.818309233080537,9607.464480159373,132.0,2,0.0,True,0,7190.052000000001,41.0
2096.4424188055996,11.0,9595.0,130.9750016,2,0.0,True,0,7190.093000000001,41.0
2104.699166666666,-31.76369293487293,9554.052329170368,125.0,2,0.0,True,0,7190.332,41.0
2108.7386504453766,-56.0,9537.0,122.58000128,2,0.0,True,0,7190.453,41.0
2115.215276995539,-112.0,9501.0,118.58000128,2,0.0,True,0,7190.653,41.0
2117.699166666666,-134.87706421821295,9488.846503816221,117.0,2,0.0,False,0,7190.732,41.0
2122.62919331012,-181.0,9469.0,113.42222364444444,2,0.0,False,0,7190.893,41.0
2127.4274212463024,-227.0,9454.0,109.86666808888889,2,0.0,False,0,7191.053000000001,41.0
2128.599166666666,-238.2262994665327,9451.191969840831,109.0,2,0.0,False,0,7191.092000000001,41.0
2133.3991666666657,-284.73083862537203,9443.406376528274,108.0,2,0.0,False,0,7191.252,41.0
2135.7911290959933,-310.0,9442.0,106.9875008,2,0.0,False,0,7191.3330000000005,41.0
2140.3991666666657,-364.15330794301224,9444.396821421573,105.0,2,0.0,False,0,7191.492,41.0
2144.399908390932,-411.0,9452.0,102.88499712,2,3.5250048,False,0,7191.633000000001,41.0
2146.065833333332,-428.71871537596076,9456.649650813892,102.0,2,5.0,False,0,7191.692,41.0
2151.732499999999,-480.9177017269753,9478.812346103263,102.0,2,13.0,False,0,7191.892000000001,41.0
2156.3448389413898,-520.0,9503.0,103.6,2,19.4,False,0,7192.052000000001,41.0
2157.510277777777,-529.8142967128584,9509.898572676453,104.0,2,21.0,False,0,7192.092000000001,41.0
2168.210277777777,-617.0,9589.0,107.0,2,38.0,False,0,7192.452,41.0
2174.3213888888877,-661.2527536318199,9648.806498059721,110.0,2,41.0,False,0,7192.652,41.0
2179.38791281104,-688.0,9691.0,113.33333333333333,2,43.0,False,0,7192.812000000001,41.0
2181.988055555554,-696.8002907648031,9706.337618579737,115.0,2,44.0,False,0,7192.892000000001,41.0
2190.774776564506,-716.0,9751.0,121.5,2,54.214285714285715,False,0,7193.152,41.0
2191.4769444444432,-718.1501647863823,9756.429289825188,122.0,2,55.0,False,0,7193.1720000000005,41.0
2197.241476803146,-738.0,9809.0,126.5,2,56.5,False,0,7193.332,41.0
2203.121388888888,-754.2631512390158,9864.099308940084,131.0,2,58.0,False,0,7193.492,41.0
2209.032499999999,-766.0,9921.0,133.0,2,65.0,False,0,7193.652,41.0
2216.169601027388,-774.0,9989.0,140.36363636363637,2,69.0909090909091,False,0,7193.832,41.0
2227.4880555555546,-775.0,10095.0,151.0,3,75.0,False,0,7194.092000000001,41.0
2270.4213888888876,-693.7341446192297,10522.237702412442,184.0,4,100.0,False,0,7194.932000000001,41.0
2272.597511755372,-680.0,10558.0,186.03726471046548,4,100.0,False,0,7194.973,41.0
2279.008055555554,-633.98273903154,10671.301750490036,192.0,4,100.0,False,0,7195.093000000001,41.0
2282.271885736924,-615.0,10717.0,194.00000853333333,4,100.0,False,0,7195.153,41.0
2292.3413888888876,-591.8515058408495,10772.019456773938,200.0,5,100.0,False,0,7195.3330000000005,41.0
2299.326056029168,-578.0,10800.0,206.02510298909377,5,100.0,False,0,7195.453,41.0
2306.415833333332,-549.9549008765075,10855.809520902403,212.0,5,100.0,False,0,7195.572,41.0
2314.956776771052,-509.0,10936.0,215.916672,5,100.0,False,0,7195.713000000001,41.0
2321.116975070836,-481.0,10989.0,218.69444266666667,5,100.0,False,0,7195.813,41.0
2328.615833333332,-432.07021982712683,11078.44773720812,222.0,5,100.0,False,0,7195.932000000001,41.0
2343.0419538414712,-334.0,11254.0,230.03637061818182,5,100.0,False,0,7196.153,41.0
2357.704722222221,-302.3526407626489,11306.0609760756,238.0,6,100.0,False,0,7196.372,41.0
2360.4604402459154,-293.0,11320.0,238.87857005714287,6,100.0,False,0,7196.4130000000005,41.0
2373.9986703551667,-218.0,11431.0,243.16428434285714,6,100.0,False,0,7196.613,41.0
2376.6824999999985,-203.21493436722704,11452.342562732612,244.0,6,100.0,False,0,7196.652,41.0
2392.2026117932014,-111.0,11575.0,250.906256,6,100.0,False,0,7196.8730000000005,41.0
2399.2602777777765,-43.35098904805787,11655.875829404598,254.0,6,100.0,False,0,7196.972000000001,41.0
2410.8257289374205,73.0,11790.0,258.0249984,6,100.0,False,0,7197.133000000001,41.0
2413.6491666666657,93.4323818692335,11812.979847538174,259.0,6,100.0,False,0,7197.1720000000005,41.0
2428.2602777777765,151.8481543452256,11873.830559575681,263.0,6,100.0,False,0,7197.372,41.0
2438.633647430086,196.0,11915.0,264.51071634285717,6,100.0,False,0,7197.513000000001,41.0
2448.9491666666654,263.7417266970241,11978.632931571141,266.0,7,100.0,False,0,7197.652,41.0
2462.575759053834,371.0,12075.0,269.16750336,7,100.0,False,0,7197.8330000000005,41.0
2467.1381802213696,406.0,12104.0,270.21749888,7,100.0,False,0,7197.893,41.0
2479.2824999999984,497.9783071900532,12178.608400944458,273.0,7,100.0,False,0,7198.052000000001,41.0
2482.4263103398985,525.0,12199.0,274.0249984,7,100.0,False,0,7198.093000000001,41.0
2491.59361111111,615.4881685955718,12262.866911729336,277.0,7,100.0,False,0,7198.212,41.0
2508.803174907121,794.0,12377.0,280.05555555555554,7,100.0,False,0,7198.432000000001,41.0
2519.79361111111,878.3779880282904,12424.20053248382,282.0,7,100.0,False,0,7198.572,41.0
2532.3269444444427,957.3970424651291,12460.529808555773,282.0,7,100.0,False,0,7198.732,41.0
2540.241141421776,1020.0,12488.0,283.5625,7,100.0,False,0,7198.832,41.0
2546.6273173351547,1078.0,12513.0,284.8125,7,100.0,False,0,7198.912,41.0
2557.8380555555536,1181.9836604386273,12554.219630352049,287.0,7,100.0,False,0,7199.052000000001,41.0
2564.251618217735,1242.0,12576.0,287.8,7,100.0,False,0,7199.1320000000005,41.0
2573.8936111111093,1332.967110273686,12606.519239039317,289.0,7,100.0,False,0,7199.252,41.0
2578.7313778640328,1379.0,12621.0,289.6,7,100.0,False,0,7199.312000000001,41.0
2590.0602777777763,1488.0414034316582,12653.0823301971,291.0,7,100.0,False,0,7199.452,41.0
2603.0708980635077,1614.0,12686.0,292.6,7,100.0,False,0,7199.612,41.0
2606.3380555555536,1645.4394202366075,12693.450218755868,293.0,7,100.0,False,0,7199.652,41.0
2622.77326140727,1805.0,12727.0,294.8181818181818,7,100.0,False,0,7199.852000000001,41.0
2642.638055555554,2013.0,12763.0,297.0,7,100.0,False,0,7200.092000000001,41.0
2657.5747257918492,2175.0,12785.0,298.0,7,100.0,False,0,7200.272000000001,41.0
2672.538055555554,2323.3135923502928,12802.660948849378,299.0,7,100.0,False,0,7200.452,41.0
2677.530518445864,2372.0,12808.0,299.125,7,100.0,False,0,7200.512000000001,41.0
2694.188947287844,2537.0,12825.0,299.5416666666667,7,100.0,False,0,7200.712,41.0
2707.5315143251514,2670.0,12839.0,299.875,7,100.0,False,0,7200.872,41.0
2712.5380555555535,2719.7316153722077,12844.176614733262,300.0,7,100.0,False,0,7200.932000000001,41.0
2719.216056000924,2786.0,12851.0,300.22222222222223,7,100.0,False,0,7201.012000000001,41.0
2736.015724656527,2953.0,12868.0,300.7805553777778,7,100.0,False,0,7201.213000000001,41.0
2742.6380555555534,3018.5267773609535,12874.670405297416,301.0,7,100.0,False,0,7201.292,41.0
2759.5446590779575,3186.0,12892.0,301.9115644678914,7,100.0,False,0,7201.493,41.0
2776.3926330922313,3353.0,12910.0,302.8185940779819,7,100.0,False,0,7201.693,41.0
2779.7555555555537,3384.0256788790666,12913.293154549257,303.0,7,100.0,False,0,7201.733,41.0
2791.507945657654,3503.0,12926.0,302.64999936,7,100.0,False,0,7201.8730000000005,41.0
2809.952483757666,3787.0,12958.0,302.1,7,100.0,False,0,7202.093000000001,41.0
2813.3111111111093,3825.1811454483704,12962.30118744799,302.0,7,100.0,False,0,7202.133000000001,41.0
2836.793611111109,3962.380487929728,12977.863607780027,303.0,7,100.0,False,0,7202.412,41.0
2840.2548003752054,3988.0,12981.0,303.20499968,7,100.0,False,0,7202.453,41.0
2853.682499999998,4119.158708903969,12997.44859757605,304.0,7,100.0,False,0,7202.612,41.0
2857.1358492834333,4155.0,13002.0,303.77222257777777,7,100.0,False,0,7202.653,41.0
2877.269755399248,4356.0,13028.0,302.43888924444445,7,100.0,False,0,7202.893,41.0
2883.882499999998,4421.310427343745,13036.714306100072,302.0,7,100.0,False,0,7202.972000000001,41.0
2892.3307430683612,4505.0,13048.0,301.3687488,7,100.0,False,0,7203.073,41.0
2897.260277777776,4554.148585996141,13054.630901636145,301.0,7,100.0,False,0,7203.1320000000005,41.0
2907.353224083888,4655.0,13068.0,300.39500032,7,100.0,False,0,7203.253000000001,41.0
2913.9269444444426,4720.251389470432,13076.197851023833,300.0,7,100.0,False,0,7203.332,41.0
2920.6518190342476,4787.0,13084.0,299.39250048,7,91.29250688,False,0,7203.4130000000005,41.0
2940.465071399115,4985.0,13103.0,297.59250048,7,65.49250688000001,False,0,7203.653,41.0
2946.9269444444426,5049.052256707437,13108.310263968146,297.0,7,57.0,True,0,7203.732,41.0
2958.3731560346696,5167.0,13114.0,292.593744,7,41.1374784,True,0,7203.8730000000005,41.0
2959.9047222222207,5184.02598157064,13113.999855288546,292.0,7,39.0,True,0,7203.892000000001,41.0
2975.8491666666655,5377.6288834071665,13102.820802487344,287.0,7,27.0,False,0,7204.092000000001,41.0
2985.3238279541238,5481.0,13089.0,284.3531264,7,28.5124992,False,0,7204.213000000001,41.0
3000.7380555555537,5608.464240520291,13057.656201508502,280.0,7,31.0,False,0,7204.412,41.0
3003.91385783872,5634.0,13050.0,279.59000064,7,33.66499584,False,0,7204.453,41.0
3016.1824999999985,5741.578036274295,13014.802952520899,278.0,7,44.0,False,0,7204.612,41.0
3020.8284455513403,5791.0,12993.0,276.4749952,7,47.812512,False,0,7204.673000000001,41.0
3034.315833333332,5968.310609313938,12892.687331414649,272.0,7,59.0,False,0,7204.852000000001,41.0
3041.913700961041,6063.0,12830.0,271.6392850285714,7,64.0500096,False,0,7204.953,41.0
3055.39361111111,6189.162572716004,12729.663127311538,271.0,7,73.0,False,0,7205.1320000000005,41.0
3067.4824999999987,6262.387847350465,12652.91897643112,272.0,7,84.0,False,0,7205.292,41.0
3076.549197500302,6304.0,12606.0,272.0,7,93.6,False,0,7205.412,41.0
3082.59361111111,6325.825003675956,12579.885364519028,272.0,7,100.0,False,0,7205.492,41.0
3097.704722222221,6375.0,12509.0,272.0,7,100.0,False,0,7205.692,41.0
3115.8380555555545,6465.871955692285,12348.831109017772,272.0,7,100.0,False,0,7205.932000000001,41.0
3117.358323499135,6473.0,12335.0,272.3,7,100.0,False,0,7205.952,41.0
3128.0501371599676,6519.0,12237.0,274.4,7,100.0,False,0,7206.092000000001,41.0
3131.1158333333324,6532.7503157374495,12203.714797290497,275.0,7,100.0,False,0,7206.1320000000005,41.0
3149.5824999999986,6619.780963394294,11963.003596572566,277.0,7,100.0,False,0,7206.372,41.0
3155.7568669927055,6640.0,11903.0,277.4,7,100.0,False,0,7206.452,41.0
3165.0269444444434,6657.864994298519,11846.356521531958,278.0,7,100.0,False,0,7206.572,41.0
3174.2965583949526,6671.0,11799.0,278.0,7,100.0,False,0,7206.692,41.0
3186.6491666666657,6697.06313399437,11702.475148940142,278.0,7,100.0,False,0,7206.852000000001,41.0
3200.543430781157,6737.0,11544.0,278.0,7,100.0,False,0,7207.032,41.0
3202.0936111111096,6742.053976079238,11522.820110480272,278.0,7,100.0,False,0,7207.052000000001,41.0
3217.697873731736,6793.0,11301.0,280.0,7,100.0,False,0,7207.252,41.0
3233.4269444444435,6818.465893723958,11181.462047904484,282.0,7,100.0,False,0,7207.452,41.0
3246.0491666666653,6833.453131155058,11098.347719851832,284.0,7,100.0,False,0,7207.612,41.0
3247.626893759666,6836.0,11084.0,284.0,7,100.0,False,0,7207.6320000000005,41.0
3260.3265958599204,6860.0,10946.0,284.0,7,100.0,False,0,7207.793000000001,41.0
3261.826944444443,6862.67148807917,10929.863620121714,284.0,7,100.0,False,0,7207.812000000001,41.0
3274.4936111111097,6882.120269351085,10803.725430299122,285.0,7,100.0,False,0,7207.972000000001,41.0
3280.9509964688605,6891.0,10742.0,286.0082982262701,7,100.0,False,0,7208.053000000001,41.0
3293.77361111111,6907.836476685168,10618.39821164613,288.0,7,100.0,False,0,7208.213000000001,41.0
3298.5873579474232,6914.0,10568.0,288.1875008,7,100.0,False,0,7208.273,41.0
3319.4624999999987,6939.0,10329.0,289.0,7,100.0,False,0,7208.533,41.0
3332.3069444444436,6950.210829322337,10210.287146100578,289.0,7,100.0,False,0,7208.693,41.0
3348.3533153771027,6961.0,10073.0,289.0,7,100.0,False,0,7208.893,41.0
3356.3831124926246,6966.0,9993.0,289.0,7,100.0,False,0,7208.993,41.0
3361.126666666665,6968.711523730784,9940.956435746626,289.0,7,100.0,False,0,7209.052000000001,41.0
3380.4599999999987,6977.507879971592,9707.05469886325,290.0,7,100.0,False,0,7209.292,41.0
3385.3770230065675,6979.0,9655.0,290.0,7,100.0,False,0,7209.353,41.0
3399.793333333332,6981.502576257828,9529.887516665232,290.0,7,100.0,False,0,7209.532,41.0
3415.8488888888874,6983.979614724296,9398.751341116382,289.0,7,100.0,False,0,7209.732,41.0
3415.929218894304,6984.0,9398.0,289.0,7,100.0,False,0,7209.733,41.0
3428.8007883258065,6988.0,9270.0,289.0,7,100.0,False,0,7209.893,41.0
3441.5377777777762,6992.95098648372,9142.901496393988,289.0,7,100.0,False,0,7210.052000000001,41.0
3441.6174316930533,6993.0,9142.0,288.9785728,7,99.64288,False,0,7210.053000000001,41.0
3463.5488888888876,7014.917897632566,8856.857097390332,283.0,7,0.0,True,0,7210.332,41.0
3463.6259036763586,7015.0,8856.0,282.9607168,7,0.0,True,0,7210.3330000000005,41.0
3484.704444444443,7035.984950794556,8693.558100712093,272.0,7,0.0,True,0,7210.612,41.0
3493.743779790757,7047.0,8631.0,270.109376,7,4.9156224,True,0,7210.733,41.0
3508.437777777777,7074.125990313055,8492.596319260128,267.0,6,13.0,False,0,7210.932000000001,41.0
3509.965963460055,7079.0,8471.0,266.4749952,6,13.99750912,False,0,7210.953,41.0
3524.3015755160286,7137.0,8231.0,261.4749952,6,23.49750912,False,0,7211.153,41.0
3536.9933333333324,7150.768153134435,8177.159749509191,257.0,6,32.0,False,0,7211.332,41.0
3542.738984299336,7160.0,8149.0,256.4214290285714,6,35.47142582857143,False,0,7211.4130000000005,41.0
3556.826666666666,7219.057439888455,7965.369054039311,255.0,6,44.0,False,0,7211.612,41.0
3565.2641045644614,7261.0,7840.0,253.5,6,46.25,False,0,7211.732,41.0
3568.0711111111104,7273.8504090765055,7803.268600878861,253.0,6,47.0,False,0,7211.772000000001,41.0
3584.87111111111,7339.113747136876,7635.293686907059,252.0,6,46.0,False,0,7212.012000000001,41.0
3598.7044444444437,7379.0,7541.0,249.0,6,42.0,True,0,7212.212,41.0
3618.4024463860183,7423.0,7430.0,238.77272727272728,6,13.363636363636363,True,0,7212.512000000001,41.0
3627.3044444444436,7451.5469591529945,7348.604543748646,234.0,6,0.0,True,0,7212.652,41.0
3637.3401722763183,7484.0,7248.0,229.55555555555554,6,1.3333333333333333,True,0,7212.812000000001,41.0
3649.7044444444437,7510.560402340921,7144.2720217921515,224.0,6,3.0,False,0,7213.012000000001,41.0
3650.9318010960683,7513.0,7133.0,223.5,6,4.25,False,0,7213.032,41.0
3658.2642091402545,7527.0,7060.0,220.5,6,11.75,False,0,7213.152,41.0
3659.4822222222215,7528.82138118487,7047.795813451721,220.0,5,13.0,False,0,7213.1720000000005,41.0
3672.810704369657,7538.0,6920.0,218.16666666666666,5,25.833333333333336,False,0,7213.392000000001,41.0
3674.0155555555543,7538.14619164507,6909.165207160519,218.0,5,27.0,False,0,7213.412,41.0
3687.191032391663,7530.0,6775.0,216.5,5,40.0,False,0,7213.6320000000005,41.0
3696.7203316291884,7508.0,6619.0,215.4090909090909,5,49.45454545454545,False,0,7213.792,41.0
3700.2933333333326,7501.375543716073,6576.492647069456,215.0,5,53.0,False,0,7213.852000000001,41.0
3712.237777777777,7488.368538093623,6513.312977048524,215.0,5,60.0,False,0,7214.052000000001,41.0
3719.5208105193315,7473.0,6453.0,216.875,5,62.625,False,0,7214.1720000000005,41.0
3731.7933333333326,7428.459849404633,6274.148695307784,220.0,5,67.0,False,0,7214.372,41.0
3735.53578384691,7417.0,6228.0,220.3812512,5,67.7625024,False,0,7214.433,41.0
3741.615555555555,7404.222645943322,6176.591387416704,221.0,5,69.0,False,0,7214.532,41.0
3755.2459738426737,7388.0,6108.0,221.0,5,21.49527636042893,False,0,7214.753000000001,41.0
3761.3213888888886,7376.191384663936,6054.822767673824,221.0,5,0.0,True,0,7214.853,41.0
3770.8325,7355.0,5955.0,214.0,5,0.0,True,0,7215.013000000001,41.0
3781.263923879621,7337.0,5852.0,210.4999950222222,5,6.500009244444445,True,0,7215.193,41.0
3791.5325,7322.567089537582,5713.103824164827,207.0,5,13.0,False,0,7215.3730000000005,41.0
3796.0808977633296,7318.0,5659.0,206.14285714285714,5,15.857142857142858,False,0,7215.453,41.0
3807.3991666666666,7313.044596327886,5578.931064151622,204.0,5,23.0,False,0,7215.653,41.0
3816.320833333333,7321.894018060413,5505.641785924809,202.0,5,22.0,False,0,7215.812000000001,41.0
3816.3766729766567,7322.0,5505.0,201.9916672,5,22.0499968,False,0,7215.813,41.0
3829.6541666666662,7361.803314097158,5312.745786288785,200.0,5,34.0,False,0,7216.052000000001,41.0
3829.7097117411436,7362.0,5312.0,200.0,5,34.03499776,False,0,7216.053000000001,41.0
3840.7652777777776,7403.623802587781,5191.63148131788,200.0,5,41.0,False,0,7216.252,41.0
3851.820833333333,7446.033689866669,5109.95712221976,199.0,5,47.0,False,0,7216.452,41.0
3854.1076219018955,7454.0,5095.0,199.2795450181818,5,48.49090676363636,False,0,7216.493,41.0
3873.257046479814,7521.0,4976.0,201.5977285818182,5,60.85455243636363,False,0,7216.8330000000005,41.0
3876.509722222222,7537.684172572628,4948.110528840705,202.0,5,63.0,False,0,7216.892000000001,41.0
3885.2143210910053,7587.0,4867.0,198.37750144,5,37.64251008,False,0,7217.053000000001,41.0
3897.9541666666664,7646.410767208777,4765.787563366363,193.0,5,0.0,True,0,7217.292,41.0
3899.0845305748135,7653.0,4753.0,193.0,5,0.0,True,0,7217.313,41.0
3906.5319444444444,7705.306285663227,4645.313036716768,193.0,4,0.0,True,0,7217.452,41.0
3910.7061294577106,7730.0,4592.0,189.7093776,4,0.0,True,0,7217.533,41.0
3922.5319444444444,7750.293239874134,4535.95156734663,180.0,4,0.0,False,0,7217.772000000001,41.0
3924.5724545941484,7753.0,4526.0,180.0,4,2.0499967999999997,False,0,7217.813,41.0
3932.5319444444444,7770.904378836033,4464.404682428805,180.0,4,10.0,False,0,7217.972000000001,41.0
3937.5866293953213,7781.0,4401.0,180.0,4,10.0,False,0,7218.073,41.0
3947.533382529904,7787.0,4235.0,180.0,4,10.0,False,0,7218.272000000001,41.0
3952.5319444444444,7785.441954731632,4177.020785901998,180.0,4,10.0,False,0,7218.372,41.0
3960.5319444444444,7777.4164716046935,4133.951197018566,180.0,4,10.0,False,0,7218.532,41.0
3968.5319444444444,7762.710208090244,4091.3876204381336,180.0,4,10.0,False,0,7218.692,41.0
3970.530337689901,7758.0,4076.0,179.71428571428572,4,10.0,False,0,7218.732,41.0
3978.492306156878,7735.0,4000.0,178.57142857142858,4,10.0,False,0,7218.892000000001,41.0
3982.376388888889,7720.957761710834,3961.9513242083176,178.0,4,10.0,False,0,7218.972000000001,41.0
3988.040927849796,7698.0,3908.0,174.45454545454547,4,11.09090909090909,False,0,7219.092000000001,41.0
4002.5430555555554,7628.946099539853,3776.2194632011765,165.0,4,14.0,False,0,7219.412,41.0
4003.4476282840033,7623.0,3767.0,164.83333333333334,4,14.916666666666666,False,0,7219.432000000001,41.0
4012.504393257189,7555.0,3671.0,163.16666666666666,4,24.083333333333336,False,0,7219.6320000000005,41.0
4013.4097222222226,7548.73197724619,3662.759300845434,163.0,4,25.0,False,0,7219.652,41.0
4022.465277777778,7497.146012613067,3601.19464127186,163.0,4,35.0,False,0,7219.852000000001,41.0
4029.754166666667,7456.278641011156,3563.2314339428403,164.0,4,40.0,False,0,7220.012000000001,41.0
4032.497571518912,7437.0,3547.0,164.375,4,42.25,False,0,7220.072,41.0
4035.2476729073655,7416.0,3530.0,164.75,4,44.5,False,0,7220.1320000000005,41.0
4037.0875,7402.44543569418,3519.2699563848028,165.0,4,46.0,False,0,7220.1720000000005,41.0
4049.204734002782,7301.0,3450.0,167.78571428571428,4,52.5,False,0,7220.432000000001,41.0
4050.1541666666667,7288.481513512666,3442.609314445941,168.0,4,53.0,False,0,7220.452,41.0
4057.8539247962217,7176.0,3379.0,171.2,4,55.4,False,0,7220.612,41.0
4069.709722222222,7098.836241699439,3338.572234978136,176.0,4,59.0,False,0,7220.852000000001,41.0
4077.8283783473285,7053.0,3315.0,180.0249984,4,59.67083306666667,False,0,7221.013000000001,41.0
4081.8430555555556,7018.480006192433,3296.286612337876,182.0,4,60.0,False,0,7221.092000000001,41.0
4082.912503960621,7009.0,3291.0,182.2625024,4,59.6062464,False,0,7221.113,41.0
4090.020833333333,6948.4285958023975,3255.216441646664,184.0,4,57.0,False,0,7221.252,41.0
4097.306724275587,6890.0,3216.0,185.3177590664691,4,54.364481867061805,False,0,7221.393,41.0
4106.695,6818.428158543816,3159.4365188046777,187.0,4,51.0,False,0,7221.573,41.0
4109.837711648939,6795.0,3139.0,187.60000256,4,51.90000384,False,0,7221.633000000001,41.0
4117.195,6740.852927193251,3088.4012689830993,189.0,4,54.0,False,0,7221.773,41.0
4120.357733761715,6718.0,3066.0,189.3750016,4,54.7500032,False,0,7221.8330000000005,41.0
4132.027928136149,6636.0,2982.0,190.75,4,57.5,False,0,7222.053000000001,41.0
4134.172777777777,6621.175446093108,2966.4866274102515,191.0,4,58.0,False,0,7222.093000000001,41.0
4137.405134843752,6599.0,2943.0,192.20000512,4,57.69999872,False,0,7222.153,41.0
4145.006111111111,6547.916810457473,2886.5933358227812,195.0,5,57.0,False,0,7222.293000000001,41.0
4151.565742365277,6505.0,2837.0,196.5094333546935,5,60.77358338673373,False,0,7222.4130000000005,41.0
4153.706944444444,6491.246951852099,2820.7306982930872,197.0,5,62.0,False,0,7222.452,41.0
4160.380564226142,6449.0,2769.0,198.5124992,5,65.5291648,False,0,7222.573,41.0
4167.040277777777,6407.567395328289,2714.1414585193193,200.0,5,69.0,False,0,7222.692,41.0
4178.540277777777,6341.306265750911,2619.450642146015,207.0,5,74.0,False,0,7222.892000000001,41.0
4178.598486841215,6341.0,2619.0,207.0166656,5,74.0055552,False,0,7222.893,41.0
4189.17503898544,6284.0,2531.0,210.01666986666666,5,75.00555662222222,False,0,7223.073,41.0
4199.840277777777,6199.656647513384,2387.020929912941,213.0,5,76.0,False,0,7223.252,41.0
4202.297462085517,6183.0,2358.0,213.81999872,5,76.20499968,False,0,7223.293000000001,41.0
4211.895833333333,6140.740434228057,2282.8899684814296,217.0,5,77.0,False,0,7223.452,41.0
4221.718055555555,6119.05537972469,2240.653622622402,221.0,5,78.0,False,0,7223.612,41.0
4226.740548022225,6102.0,2207.0,222.34999893333332,5,77.66250026666667,False,0,7223.693,41.0
4236.718055555555,6057.292040564322,2118.578324056479,225.0,5,77.0,False,0,7223.852000000001,41.0
4236.781473223746,6057.0,2118.0,225.0249984,5,77.035712,False,0,7223.853,41.0
4254.7625,5977.283183979805,1958.5804645908488,232.0,5,87.0,False,0,7224.1320000000005,41.0
4254.827613259154,5977.0,1958.0,232.01999872,5,87.0,False,0,7224.133000000001,41.0
4258.741123981959,5960.0,1923.0,233.22000384,5,87.0,False,0,7224.193,41.0
4267.873611111111,5920.22896302427,1841.7491946242596,236.0,5,87.0,False,0,7224.332,41.0
4274.591945942089,5891.0,1782.0,238.5250048,5,87.0,False,0,7224.433,41.0
4278.540277777777,5873.809627884195,1746.6164702221536,240.0,5,87.0,False,0,7224.492,41.0
4285.331378686859,5844.0,1685.0,241.8937536,5,91.4187584,False,0,7224.593000000001,41.0
4289.340277777778,5826.207706254634,1648.207996206839,243.0,5,94.0,False,0,7224.652,41.0
4304.608822249076,5761.0,1513.0,249.41666666666666,5,99.5,False,0,7224.872,41.0
4306.006944444444,5755.664984805021,1501.862816166623,250.0,6,100.0,False,0,7224.892000000001,41.0
4321.453844140716,5689.0,1362.0,252.75,6,97.25,False,0,7225.112,41.0
4322.87361111111,5679.396144651728,1341.887528263712,253.0,6,97.0,False,0,7225.1320000000005,41.0
4334.353248464166,5591.0,1157.0,256.1111111111111,6,95.22222222222223,False,0,7225.292,41.0
4348.87361111111,5539.735760081939,1050.0787503293768,260.0,6,93.0,False,0,7225.492,41.0
4363.429166666666,5514.59626241273,997.6391152127333,262.0,6,90.0,False,0,7225.692,41.0
4364.893490017467,5510.0,988.0,262.375,6,89.125,False,0,7225.712,41.0
4375.206944444443,5467.39783794594,898.5065077663875,265.0,6,83.0,False,0,7225.852000000001,41.0
4382.6554942897965,5434.0,828.0,266.5625,6,82.6875,False,0,7225.952,41.0
4388.663613790755,5409.0,775.0,267.8125,6,82.4375,False,0,7226.032,41.0
4399.206944444444,5364.157809767782,681.1872600054431,270.0,6,82.0,False,0,7226.1720000000005,41.0
4405.236731308441,5338.0,627.0,270.57142857142856,6,81.42857142857143,False,0,7226.252,41.0
4420.3625,5271.871158158751,490.9458281417669,272.0,7,80.0,False,0,7226.452,41.0
4424.93084276191,5252.0,450.0,272.6666666666667,7,81.16666666666667,False,0,7226.512000000001,41.0
4444.879187092084,5166.0,272.0,275.55555555555554,7,86.22222222222223,False,0,7226.772000000001,41.0
4447.962500000001,5152.691789638073,244.54319446943802,276.0,7,87.0,False,0,7226.812000000001,41.0
4460.3180555555555,5099.0,134.0,278.0,7,91.0,False,0,7226.972000000001,41.0
4471.125710580155,5052.0,37.0,278.0,7,93.625,False,0,7227.112,41.0
4472.67361111111,5045.711646398952,23.993039665002858,278.0,7,94.0,False,0,7227.1320000000005,41.0
4488.229166666666,4984.470839755799,-103.07610022041925,280.0,7,96.0,False,0,7227.332,41.0
4492.915698915929,4958.0,-158.0,280.375,7,96.75,False,0,7227.392000000001,41.0
4510.2350780406,4835.0,-413.0,281.7562496,7,99.5124992,False,0,7227.613,41.0
4513.295833333334,4820.567556190364,-442.9075929954315,282.0,7,100.0,False,0,7227.652,41.0
4529.018055555555,4790.82491139235,-504.49861462339203,283.0,7,100.0,False,0,7227.852000000001,41.0
4536.997713182488,4767.0,-554.0,283.55955794961693,7,100.0,False,0,7227.953,41.0
4557.597222222223,4641.949547156085,-813.8479214837165,285.0,7,100.0,False,0,7228.213000000001,41.0
4560.755974192918,4624.0,-851.0,284.8333333333333,7,99.83333333333333,False,0,7228.253000000001,41.0
4593.761670574572,4500.0,-1106.0,283.0833322666667,7,98.08333226666667,False,0,7228.673000000001,41.0
4595.330555555556,4493.681413176437,-1119.2065039698282,283.0,7,98.0,False,0,7228.693,41.0
4606.310502134155,4446.0,-1219.0,282.64999936,7,96.59999744,False,0,7228.8330000000005,41.0
4625.101797664497,4363.0,-1388.0,282.04999936,7,94.19999744,False,0,7229.073,41.0
4626.663888888889,4356.023199132378,-1401.9990974790662,282.0,7,94.0,False,0,7229.093000000001,41.0
4634.465164187101,4321.0,-1472.0,281.5815889990724,7,90.23430099165162,False,0,7229.193,41.0
4645.319166666667,4272.322101535593,-1569.2982377236258,281.0,7,85.0,False,0,7229.332,41.0
4646.964723540784,4265.0,-1584.0,281.0,7,84.4749952,False,0,7229.353,41.0
4667.174722222223,4175.3055946166005,-1765.314580880924,281.0,7,78.0,False,0,7229.612,41.0
4668.772547617476,4168.0,-1780.0,280.40499456,7,76.72248832,False,0,7229.633000000001,41.0
4687.893410021914,4077.0,-1961.0,273.03833514666667,7,60.90583722666667,False,0,7229.893,41.0
4749.508055555557,3776.5022596171298,-2543.4865874950433,247.0,6,5.0,False,0,7230.812000000001,41.0
4753.622217007007,3760.0,-2575.0,245.69285302857142,6,4.346426514285715,False,0,7230.8730000000005,41.0
4768.252500000001,3702.285598857001,-2684.4944007104364,241.0,6,2.0,True,0,7231.092000000001,41.0
4774.692802733466,3660.0,-2763.0,236.20249088,6,1.49499904,True,0,7231.193,41.0
4784.492873280323,3569.0,-2930.0,228.60249088,6,0.6949990399999999,True,0,7231.353,41.0
4792.9191666666675,3510.8952168113246,-3034.193835649797,222.0,5,0.0,True,0,7231.492,41.0
4805.030277777779,3464.214176504685,-3113.484771287793,218.0,5,10.0,False,0,7231.692,41.0
4809.84254333899,3448.0,-3141.0,217.2,5,15.2,False,0,7231.772000000001,41.0
4817.030277777779,3424.9173608384517,-3180.5122114599644,216.0,5,23.0,False,0,7231.892000000001,41.0
4831.363611111112,3374.4018519132096,-3266.1080369752417,215.0,5,40.0,False,0,7232.1320000000005,41.0
4832.557775476758,3369.0,-3275.0,215.0,5,40.5,False,0,7232.152,41.0
4838.529849461688,3338.0,-3325.0,215.0,5,43.0,False,0,7232.252,41.0
4840.919166666668,3322.4299401382814,-3349.0412614890065,215.0,5,44.0,False,0,7232.292,41.0
4856.448496844402,3197.0,-3532.0,215.0,5,45.857142857142854,False,0,7232.552000000001,41.0
4857.64138888889,3189.0374228813193,-3543.171062875339,215.0,5,46.0,False,0,7232.572,41.0
4874.285833333334,3115.3501718009898,-3638.322835262461,214.0,5,40.0,False,0,7232.852000000001,41.0
4884.878158332998,3063.0,-3697.0,212.07142857142858,5,14.285714285714288,False,0,7233.032,41.0
4890.696944444446,3024.0,-3740.0,211.0,5,0.0,True,0,7233.1320000000005,41.0
4901.0118324912,2952.0,-3813.0,206.5,5,0.0,True,0,7233.312000000001,41.0
4902.14138888889,2943.8563554356847,-3820.611246589366,206.0,5,0.0,True,0,7233.332,41.0
4911.0518993863425,2877.0,-3878.0,201.2,5,0.0,True,0,7233.492,41.0
4913.252500000001,2859.646892336267,-3891.3552433926952,200.0,5,0.0,False,0,7233.532,41.0
4921.963611111112,2788.0,-3941.0,196.0,5,0.0,False,0,7233.692,41.0
4938.94138888889,2638.1407473957915,-4024.0210995984553,191.0,5,3.0,False,0,7234.012000000001,41.0
4941.076719323168,2618.0,-4033.0,190.31666773333333,5,3.0,False,0,7234.053000000001,41.0
4946.247863868013,2569.0,-4053.0,188.6499968,5,3.0,False,0,7234.153,41.0
4957.44138888889,2477.998272881945,-4083.5286913048935,185.0,4,3.0,False,0,7234.372,41.0
4958.509392656958,2468.0,-4086.0,184.686564198707,4,3.4179144017239884,False,0,7234.393,41.0
4967.603055555556,2365.8100835894156,-4105.525152582335,182.0,4,7.0,False,0,7234.573,41.0
4972.569000993765,2311.0,-4113.0,179.99999488,4,10.00000768,False,0,7234.673000000001,41.0
4977.491944444445,2264.807218631895,-4117.041822302214,178.0,4,13.0,False,0,7234.773,41.0
4990.21095210962,2154.0,-4111.0,176.3749984,4,15.4375024,False,0,7235.033,41.0
4993.136388888889,2119.7261282751188,-4106.045239302236,176.0,4,16.0,False,0,7235.093000000001,41.0
5000.914166666667,2015.9733117877956,-4086.347590663061,175.0,4,20.0,False,0,7235.253000000001,41.0
5002.843838575061,1991.0,-4080.0,174.625,4,20.625,False,0,7235.293000000001,41.0
5016.203055555556,1840.2468347006843,-4023.0089518679365,172.0,4,25.0,False,0,7235.573,41.0
5020.955248920425,1804.0,-4006.0,171.64285622857142,4,25.35714377142857,False,0,7235.673000000001,41.0
5029.503055555556,1765.2700792575993,-3985.2240921168323,171.0,4,26.0,False,0,7235.853,41.0
5033.302875237815,1746.0,-3973.0,171.0,4,27.006288903128993,False,0,7235.933,41.0
5037.055555555557,1720.9182159161262,-3956.513400601338,171.0,4,28.0,False,0,7236.012000000001,41.0
5046.555555555556,1638.223075669961,-3898.9217914865194,171.0,4,28.0,False,0,7236.212,41.0
5049.451958875498,1614.0,-3880.0,171.0,4,28.0,False,0,7236.273,41.0
5056.055555555556,1563.3423039079685,-3835.939157917576,171.0,4,28.0,False,0,7236.412,41.0
5059.912415244793,1536.0,-3810.0,171.0,4,28.0,False,0,7236.493,41.0
5067.455555555556,1485.126423606444,-3757.9424565948216,171.0,4,28.0,False,0,7236.652,41.0
5070.314043905548,1464.0,-3734.0,169.8562464,4,28.0,False,0,7236.713000000001,41.0
5074.922222222222,1426.0232623970128,-3687.990699466503,168.0,4,28.0,False,0,7236.812000000001,41.0
5080.547300007199,1382.0,-3632.0,168.0,4,28.0,False,0,7236.933,41.0
5082.388888888889,1370.7612011137855,-3617.420141969547,168.0,4,28.0,False,0,7236.972000000001,41.0
5096.243503096175,1311.0,-3530.0,175.0249984,4,50.47999488,False,0,7237.253000000001,41.0
5102.166666666667,1273.3151888669054,-3466.5248834108193,178.0,4,60.0,False,0,7237.372,41.0
5110.077777777778,1214.4983133850474,-3363.393104057979,178.0,4,60.0,False,0,7237.532,41.0
5112.131906692901,1201.0,-3339.0,179.0249984,4,60.40999936,False,0,7237.573,41.0
5120.2444444444445,1155.7021028919087,-3253.9527012141193,183.0,4,62.0,False,0,7237.732,41.0
5127.633127314859,1123.0,-3191.0,186.5250048,4,64.6437536,False,0,7237.8730000000005,41.0
5137.222222222222,1089.2775439823886,-3127.674675014002,191.0,4,68.0,False,0,7238.052000000001,41.0
5153.697018138714,1035.0,-3031.0,197.5625,4,73.625,False,0,7238.352000000001,41.0
5154.822222222222,1030.3945165956054,-3022.956425239082,198.0,4,74.0,False,0,7238.372,41.0
5165.1208003585925,978.0,-2935.0,203.0625,4,74.0,False,0,7238.552000000001,41.0
5173.222222222222,911.3010157435085,-2833.186189582457,207.0,5,74.0,False,0,7238.692,41.0
5177.848296339274,877.0,-2782.0,208.0,5,74.5,False,0,7238.772000000001,41.0
5182.51111111111,852.7625353537192,-2746.242143247304,209.0,5,75.0,False,0,7238.852000000001,41.0
5195.708100076357,809.0,-2685.0,214.5,5,79.125,False,0,7239.072,41.0
5201.799999999999,775.943184676808,-2639.627697374332,217.0,5,81.0,False,0,7239.1720000000005,41.0
5205.466585808278,752.0,-2607.0,218.2,5,80.4,False,0,7239.232,41.0
5214.077777777778,685.540832920767,-2517.324522573353,221.0,5,79.0,False,0,7239.372,41.0
5226.608027069823,590.0,-2389.0,223.72727272727272,5,74.0,False,0,7239.572,41.0
5241.822222222222,524.1750783615825,-2299.417717628583,227.0,5,68.0,False,0,7239.812000000001,41.0
5250.67834066589,485.0,-2247.0,227.58333333333334,5,63.916666666666664,False,0,7239.952,41.0
5257.022222222222,448.71603832486096,-2199.2655232118186,228.0,5,61.0,False,0,7240.052000000001,41.0
5268.52224135958,376.0,-2102.0,229.5,5,65.0,False,0,7240.232,41.0
5271.091741142262,361.0,-2081.0,229.83333333333334,5,65.88888888888889,False,0,7240.272000000001,41.0
5280.122222222222,305.6743688562823,-2007.6990433466153,231.0,5,69.0,False,0,7240.412,41.0
5293.116457011815,226.0,-1908.0,233.5,5,68.16666666666667,False,0,7240.612,41.0
5295.722222222223,211.47150333463028,-1889.6606573726967,234.0,5,68.0,False,0,7240.652,41.0
5306.226115592932,148.0,-1813.0,234.80499968,5,55.12000512,False,0,7240.813,41.0
5308.777777777777,127.02870798544917,-1790.0454041650385,235.0,5,52.0,False,0,7240.852000000001,41.0
5319.266666666667,90.02977068026885,-1732.1535544563023,236.0,6,57.0,False,0,7241.012000000001,41.0
5321.9469274091625,153.0,-1772.0,235.59204030791332,6,45.373148775529955,False,0,7241.053000000001,41.0
5328.459345730421,401.0,-1938.0,234.597012568203,6,17.01485819378569,False,0,7241.153,41.0
5332.331666666667,449.4899743153332,-1953.6945808255907,234.0,6,0.0,False,0,7241.213000000001,41.0
5342.506756178615,273.0,-1749.0,230.0,6,7.428571428571429,False,0,7241.3730000000005,41.0
5349.987222222223,188.03626152716004,-1649.443916237673,227.0,6,13.0,False,0,7241.493,41.0
5362.15388888889,176.6638867781232,-1616.344843037914,219.0,6,0.0,True,0,7241.693,41.0
5371.6023287967155,158.0,-1576.0,214.55555555555554,6,0.4444444444444445,True,0,7241.853,41.0
5380.795420914008,105.0,-1497.0,210.11111111111111,6,0.888888888888889,True,0,7242.013000000001,41.0
5383.05388888889,91.75476074386937,-1477.5820051625967,209.0,5,1.0,True,0,7242.053000000001,41.0
5387.523061081239,67.0,-1441.0,204.0,5,1.0,True,0,7242.133000000001,41.0
5391.8983333333335,44.181113625318886,-1406.557801189452,199.0,5,1.0,True,0,7242.213000000001,41.0
5404.3064203621625,-29.0,-1296.0,187.0,5,1.0,True,0,7242.453,41.0
5406.287222222222,-45.94088545161672,-1271.569967837562,185.0,4,1.0,True,0,7242.493,41.0
5414.92475663493,-126.0,-1158.0,176.53603981722085,4,1.0,True,0,7242.673000000001,41.0
5421.351111111111,-157.8699458267732,-1112.0080677134454,170.0,3,1.0,True,0,7242.812000000001,41.0
5431.951111111111,-195.68294139524235,-1061.3997767719316,159.0,3,0.0,True,0,7243.052000000001,41.0
5431.99292226992,-196.0,-1061.0,158.9500032,3,0.0,True,0,7243.053000000001,41.0
5440.629266537475,-284.0,-952.0,147.9499904,3,0.0,True,0,7243.273,41.0
5449.951111111111,-327.96861734347607,-901.3711656881536,135.0,2,0.0,True,0,7243.532,41.0
5453.536680797107,-344.0,-884.0,130.45499136,2,0.0,True,0,7243.633000000001,41.0
5456.951111111111,-366.11844158263494,-859.5399863781148,126.0,2,0.0,True,0,7243.732,41.0
5460.261423417566,-391.0,-832.0,120.3187392,2,0.0,True,0,7243.8330000000005,41.0
5462.15111111111,-404.6068517538032,-817.0857990637883,117.0,2,0.0,True,0,7243.892000000001,41.0
5467.173333333332,-438.6128620519106,-780.1656088649177,113.0,2,0.0,True,0,7244.052000000001,41.0
5468.410782733555,-447.0,-771.0,111.4625024,2,0.0,True,0,7244.093000000001,41.0
5471.33102155122,-467.0,-749.0,107.7124928,2,0.0,True,0,7244.193,41.0
5474.106666666666,-485.882228187467,-728.1679997867151,104.0,1,0.0,True,0,7244.292,41.0
5478.393352508031,-515.0,-696.0,96.75500288,1,0.0,True,0,7244.453,41.0
5479.384444444443,-521.8793225089662,-688.4018312624455,95.0,1,0.0,True,0,7244.492,41.0
5484.173620957966,-557.0,-650.0,87.85714285714286,1,0.7142857142857143,True,0,7244.692,41.0
5485.995555555554,-571.7728337822417,-634.3647774810618,85.0,1,1.0,True,0,7244.772000000001,41.0
5490.382630575499,-602.0,-603.0,81.81818181818181,1,6.0,True,0,7244.972000000001,41.0
5494.6626711262315,-632.0,-571.0,78.63636363636364,1,11.0,True,0,7245.1720000000005,41.0
5495.528888888887,-657.843957091537,-543.5363428993336,78.0,1,12.0,False,0,7245.212,41.0
5497.709799930459,-745.0,-451.0,78.3125,1,17.625,False,0,7245.312000000001,41.0
5502.55111111111,-907.8164730701174,-278.37104990970676,79.0,1,30.0,False,0,7245.532,41.0
5504.307825071459,-945.0,-239.0,79.0,1,31.0,False,0,7245.612,41.0
5506.062222222221,-967.3475496451297,-215.37373997077503,79.0,1,32.0,False,0,7245.692,41.0
5507.814918925113,-981.0,-201.0,79.0,1,32.0,False,0,7245.772000000001,41.0
5511.328888888887,-1000.6422368224453,-180.53327076770404,79.0,1,32.0,False,0,7245.932000000001,41.0
5515.326952522442,-1020.0,-160.0,79.75,1,35.0,False,0,7246.112,41.0
5516.66222222222,-1028.2880762658283,-150.9389120132672,80.0,1,36.0,False,0,7246.1720000000005,41.0
5520.218284684125,-1053.0,-124.0,80.0,1,36.0,False,0,7246.332,41.0
5521.995555555553,-1064.994704363342,-111.52337145154088,80.0,1,36.0,False,0,7246.412,41.0
5524.217510892543,-1081.0,-95.0,80.0,1,35.54545454545455,False,0,7246.512000000001,41.0
5530.440162629177,-1135.0,-37.0,80.0,1,34.27272727272727,False,0,7246.792,41.0
5531.773333333331,-1143.3706122311955,-28.002596913110626,80.0,1,34.0,False,0,7246.852000000001,41.0
5537.106666666665,-1169.0,-1.0,80.0,1,37.0,False,0,7247.092000000001,41.0
5541.551111111109,-1203.0104559934673,34.06061605153094,80.0,1,39.0,False,0,7247.292,41.0
5545.091772910904,-1230.0,62.0,79.4968752,1,39.0,False,0,7247.453,41.0
5548.573333333331,-1248.9546835413628,82.03618051949115,79.0,1,39.0,False,0,7247.612,41.0
5550.789101399845,-1263.0,97.0,79.0,1,39.0,False,0,7247.713000000001,41.0
5552.984166666664,-1281.6962560762734,116.868610195576,79.0,1,39.0,False,0,7247.813,41.0
5556.495277777775,-1319.5692444565157,157.04663314259716,79.0,1,39.0,False,0,7247.973,41.0
5559.1295302224735,-1345.0,184.0,79.0,1,39.5,False,0,7248.093000000001,41.0
5561.761944444442,-1365.8041937107755,206.0279350930369,79.0,1,40.0,False,0,7248.213000000001,41.0
5565.273055555553,-1388.0506937095224,229.57053930769857,79.0,1,40.0,False,0,7248.3730000000005,41.0
5566.602120573703,-1396.0,238.0,79.25000106666667,1,39.74999893333333,False,0,7248.433,41.0
5570.606388888887,-1418.9932613995074,262.4472520657134,80.0,1,39.0,False,0,7248.613,41.0
5574.117499999998,-1440.4552967165216,285.3407386609923,79.0,1,38.0,False,0,7248.773,41.0
5576.310273964111,-1457.0,303.0,79.0,1,38.0,False,0,7248.8730000000005,41.0
5581.1397222222195,-1502.238710886905,351.3122551468423,79.0,1,38.0,False,0,7249.093000000001,41.0
5585.528071231508,-1540.0,394.0,79.0,1,36.125,False,0,7249.293000000001,41.0
5587.283796302183,-1551.0,408.0,79.0,1,35.375,False,0,7249.3730000000005,41.0
5588.161944444442,-1556.0537764238386,415.05153885038163,79.0,1,35.0,False,0,7249.4130000000005,41.0
5592.990795900067,-1580.0,456.0,79.0,1,36.84100583337082,False,0,7249.633000000001,41.0
5593.406666666665,-1581.8125030120505,459.66372005765146,79.0,1,37.0,False,0,7249.652,41.0
5599.0921915312365,-1603.0,512.0,78.77499983448276,1,37.675000496551725,False,0,7249.9130000000005,41.0
5618.539999999998,-1622.4795373301156,723.9080755234248,78.0,1,40.0,False,0,7250.812000000001,41.0
5621.633311600881,-1614.0,760.0,78.70500096,1,40.70500096,False,0,7250.953,41.0
5622.928888888887,-1609.3581346173733,775.2650062597563,79.0,1,41.0,False,0,7251.012000000001,41.0
5627.3177777777755,-1589.788935767123,826.3262672133933,79.0,1,42.0,False,0,7251.212,41.0
5629.071564288363,-1582.0,844.0,79.0,1,42.888888888888886,False,0,7251.292,41.0
5635.217777777775,-1557.5668429482198,889.6402581308746,79.0,1,46.0,False,0,7251.572,41.0
5636.23296490052,-1553.9737906091516,894.7252512026328,79.11500032,1,45.88499968,False,0,7251.618,41.0
0.012745525449666173,-1556.9772067677904,886.9930231160554,79.11500032,1,45.88499968,False,0,7251.618,42.0
2.101588392372093,-1547.0,903.0,79.35,1,45.65,False,0,7251.712,42.0
6.101611616613338,-1525.0,937.0,79.8,1,45.2,False,0,7251.892000000001,42.0
7.8794444444444425,-1514.9488666423572,951.5540962027076,80.0,1,45.0,False,0,7251.972000000001,42.0
9.657304797302208,-1505.0,966.0,80.0,1,45.4,False,0,7252.052000000001,42.0
12.323888888888888,-1490.490154152131,988.4995273594005,80.0,1,46.0,False,0,7252.1720000000005,42.0
14.989802057950678,-1476.0,1011.0,80.0,1,46.0,False,0,7252.292,42.0
17.65722222222222,-1461.0596956037846,1032.533962624915,80.0,1,46.0,False,0,7252.412,42.0
19.437555239975133,-1451.0,1047.0,80.0,1,45.5,False,0,7252.492,42.0
22.998129525392084,-1431.0,1077.0,80.0,1,44.5,False,0,7252.652,42.0
24.76833333333333,-1421.247138590203,1091.869080678152,80.0,1,44.0,False,0,7252.732,42.0
29.59795302528718,-1395.0,1132.0,79.21428571428571,1,43.214285714285715,False,0,7252.952,42.0
30.91277777777777,-1387.7983305863886,1142.8651157832192,79.0,1,43.0,False,0,7253.012000000001,42.0
35.30082977546576,-1363.0,1179.0,79.0,1,38.833333333333336,False,0,7253.212,42.0
36.179444444444435,-1357.7044072604363,1186.2631746759785,79.0,1,38.0,False,0,7253.252,42.0
36.61887895625494,-1355.0,1190.0,79.0,1,37.888888888888886,False,0,7253.272000000001,42.0
44.079444444444434,-1305.319443871213,1264.8362662818113,79.0,1,36.0,False,0,7253.612,42.0
44.950194558358675,-1300.0,1273.0,78.875,1,35.25,False,0,7253.652,42.0
51.01277777777777,-1268.1584983076805,1321.2503013456167,78.0,1,30.0,False,0,7253.932000000001,42.0
53.20335246938555,-1257.0,1338.0,78.0,1,28.7374976,False,0,7254.033,42.0
54.47944444444444,-1250.2708927942426,1348.0868921086742,78.0,1,28.0,False,0,7254.092000000001,42.0
57.079873387565584,-1235.0,1371.0,77.49792544343248,1,13.94191241610952,False,0,7254.213000000001,42.0
59.63416666666666,-1215.8116535177196,1399.9279426672797,77.0,1,0.0,False,0,7254.3330000000005,42.0
62.57922775653283,-1195.0,1431.0,75.8333312,1,0.0,False,0,7254.473,42.0
64.63416666666666,-1186.32506144817,1443.3244610121967,75.0,1,0.0,True,0,7254.573,42.0
67.02501423826945,-1178.0,1455.0,73.36363636363636,1,0.0,True,0,7254.693,42.0
72.3301983699338,-1147.0,1502.0,69.54545454545455,1,0.0,True,0,7254.973,42.0
73.0675,-1142.5586739283733,1508.6323565977507,69.0,1,0.0,True,0,7255.013000000001,42.0
75.95638888888888,-1125.912244035852,1533.1429324008413,65.0,1,0.0,True,0,7255.173000000001,42.0
76.65315716900565,-1122.0,1539.0,64.0,1,0.0,True,0,7255.213000000001,42.0
78.66749999999999,-1110.7731075382897,1556.1753710402072,61.0,1,0.0,True,0,7255.3330000000005,42.0
79.62537387996561,-1105.0,1565.0,59.66666097777778,1,0.0,True,0,7255.393,42.0
83.9675,-1073.822665504702,1611.342900908734,53.0,1,0.0,True,0,7255.693,42.0
84.23634491278288,-1072.0,1614.0,52.54999424,1,0.0,True,0,7255.713000000001,42.0
88.85638888888889,-1046.135255322947,1651.2760451684248,44.0,1,0.0,True,0,7256.093000000001,42.0
89.07011130953941,-1045.0,1653.0,43.44861458468338,1,0.0,True,0,7256.113,42.0
91.56324620961861,-1031.0,1675.0,36.28070299256894,1,0.0,True,0,7256.3730000000005,42.0
92.51388888888889,-1024.7068015166415,1684.2792856194592,33.0,1,0.0,True,0,7256.492,42.0
94.06735223870486,-1013.0,1701.0,25.636113066666667,1,0.0,True,0,7256.733,42.0
94.71388888888889,-1008.515953005086,1708.0228124497937,22.0,1,0.0,True,0,7256.852000000001,42.0
95.12364138533827,-1006.0,1712.0,19.468752000000002,1,0.0,True,0,7256.933,42.0
95.46944444444445,-1003.9784174520006,1715.0624529668532,17.0,1,0.0,True,0,7257.012000000001,42.0
96.04691004056177,-1000.0,1721.0,9.253573485714284,1,0.0,True,0,7257.253000000001,42.0
96.09166666666667,-999.556870873525,1721.8627268298246,8.0,1,0.0,True,0,7257.292,42.0
96.15652781892564,-998.0,1725.0,4.37999616,1,0.0,True,0,7257.473,42.0
96.10308363457536,-997.0,1725.0,1.17999616,1,0.0,True,0,7257.633000000001,42.0
96.09166666666667,-996.913269394934,1724.963325017911,0.0,1,0.0,True,0,7257.692,42.0
96.08320250324061,-997.0,1725.0,0.0,1,0.0,True,0,7257.793000000001,42.0
96.09166666666667,-997.0199364839115,1725.0084303596159,0.0,1,0.0,True,0,7258.012000000001,42.0
96.09210478767461,-997.0,1725.0,0.0,1,0.0,True,0,7258.1320000000005,42.0
96.09166666666667,-996.9963702338838,1724.998465113818,0.0,1,0.0,False,0,7258.212,42.0
96.09160956832896,-997.0,1725.0,0.0,1,0.0,False,0,7258.352000000001,42.0
96.09166666666667,-997.0005313773509,1725.0002246987074,0.0,1,0.0,False,0,7258.412,42.0
96.09171535970795,-997.0,1725.0,0.0,1,0.0,False,0,7258.552000000001,42.0
96.09166666666667,-997.0,1725.0,0.0,1,0.0,False,0,7258.772000000001,42.0
96.09166016404865,-997.0,1725.0,0.0,1,0.0,False,0,7258.992,42.0
96.09166666666667,-996.9999953115964,1724.999998017457,0.0,1,0.0,False,0,7259.1720000000005,42.0
96.09166672421371,-997.0,1725.0,0.0,1,0.0,False,0,7259.352000000001,42.0
96.09166666666667,-997.0000000553897,1725.000000023422,0.0,1,0.0,False,0,7259.372,42.0
96.09166660246896,-997.0,1725.0,0.0,1,0.0,False,0,7259.412,42.0
96.09166666666667,-996.9999999711595,1724.9999999878048,0.0,1,0.0,False,0,7259.532,42.0
96.09166669788655,-997.0,1725.0,0.0,1,0.0,False,0,7259.612,42.0
96.09166667275079,-997.0,1725.0,0.0,1,0.0,False,0,7259.832,42.0
96.09166666666667,-996.9999999981148,1724.9999999992028,0.0,1,0.0,False,0,7259.892000000001,42.0
96.09166666666667,-996.9999999998641,1724.9999999999422,0.0,1,0.0,False,0,7260.092000000001,42.0
96.09166666694041,-997.0,1725.0,0.0,1,0.0,False,0,7260.112,42.0
96.09166666725635,-997.0,1725.0,0.0,1,0.0,False,0,7260.272000000001,42.0
96.09166666666667,-996.999999999915,1724.999999999964,0.0,1,0.0,False,0,7260.412,42.0
96.09166666657467,-997.0,1725.0,0.0,1,0.0,False,0,7260.633000000001,42.0
96.09166666666667,-997.0000000000098,1725.000000000004,0.0,1,0.0,False,0,7260.772000000001,42.0
96.09166666666943,-997.0,1725.0,0.0,1,0.0,False,0,7260.933,42.0
96.09166666666667,-996.9999999999993,1724.9999999999995,0.0,1,0.0,False,0,7260.973,42.0
96.09166666666667,-997.0,1725.0,0.0,1,0.0,False,0,7261.133000000001,42.0
96.09166666666667,-997.0000000000001,1724.9999999999998,0.0,1,0.0,False,0,7261.4130000000005,42.0
96.09166666666658,-997.0,1725.0,0.0,1,0.0,False,0,7261.453,42.0
96.09166666666667,-997.0,1725.0,0.0,1,0.0,False,0,7261.733,42.0
96.09166666666667,-997.0,1725.0,0.0,1,0.0,False,0,7261.793000000001,42.0
96.09166666666667,-997.0,1725.0,0.0,1,0.0,False,0,7261.973,42.0
96.09166666666667,-996.9999999999999,1725.0,0.0,1,0.0,False,0,7262.133000000001,42.0
96.09166666666668,-997.0,1725.0,0.0,1,0.0625008,False,0,7262.153,42.0
96.09166666666667,-997.0,1725.0,0.0,1,1.0,False,0,7262.453,42.0
96.09166666666668,-997.0,1725.0,0.0,1,0.3124992,False,0,7262.673000000001,42.0
96.09166666666667,-997.0000000000001,1724.9999999999998,0.0,1,0.0,False,0,7262.773,42.0
96.09166666666665,-997.0,1725.0,0.0,1,0.18808853906687617,False,0,7262.8330000000005,42.0
96.09166666666665,-997.0,1725.0,0.0,1,0.9404394853036769,False,0,7263.073,42.0
96.09166666666667,-996.9999999999999,1725.0,0.0,1,1.0,False,0,7263.092000000001,42.0
96.09166666666667,-997.0,1725.0,0.0,1,1.0,False,0,7263.292,42.0
96.09166666666668,-997.0,1725.0,0.0,1,1.0,False,0,7263.313,42.0
96.09166666666667,-996.9999999999997,1724.9999999999995,0.0,1,1.0,False,0,7263.492,42.0
96.09166666666668,-997.0,1725.0,0.0,1,1.0,False,0,7263.493,42.0
96.09166666666667,-997.0,1725.0,0.0,1,1.0,False,0,7263.652,42.0
96.0916666666667,-997.0,1725.0,0.0,1,1.0,False,0,7263.893,42.0
96.09166666666667,-997.0000000000001,1725.0000000000002,0.0,1,1.0,False,0,7263.932000000001,42.0
96.09166666666667,-997.0000000000001,1725.0000000000002,0.0,1,1.0,False,0,7264.092000000001,42.0
96.09166666666668,-997.0,1725.0,0.0,1,1.3156256,False,0,7264.193,42.0
96.09166666666665,-997.0,1725.0,0.0,1,1.8781248,False,0,7264.3730000000005,42.0
96.09166666666667,-997.0,1725.0,0.0,1,2.0,False,0,7264.412,42.0
96.09166666666665,-997.0,1725.0,0.0,1,2.0,False,0,7264.592000000001,42.0
96.09166666666667,-997.0,1725.0,0.0,1,2.0,False,0,7264.772000000001,42.0
96.09166666666667,-997.0,1725.0,0.0,1,2.0,False,0,7264.852000000001,42.0
96.09166666666667,-997.0,1725.0,0.0,1,2.0,False,0,7264.932000000001,42.0
96.09166666666668,-997.0,1725.0,0.0,1,2.0,False,0,7265.072,42.0
96.09166666666667,-997.0,1725.0,0.0,1,2.0,False,0,7265.1320000000005,42.0
96.09166666666665,-997.0,1725.0,0.0,1,2.0,False,0,7265.332,42.0
96.09166666666667,-996.9999999999999,1725.0,0.0,1,2.0,False,0,7265.452,42.0
96.09166666666667,-997.0,1725.0,0.0,1,2.0,False,0,7265.532,42.0
96.09166666666667,-997.0000000000002,1725.0000000000005,0.0,1,2.0,False,0,7265.692,42.0
96.09166666666668,-997.0,1725.0,0.0,1,1.375,False,0,7265.892000000001,42.0
96.09166666666667,-997.0,1725.0000000000002,0.0,1,1.0,False,0,7266.012000000001,42.0
96.09166666666667,-997.0,1725.0,0.0,1,1.0,False,0,7266.832,42.0
96.09166666666667,-996.9999999999999,1725.0,0.0,1,1.0,False,0,7266.892000000001,42.0
96.09166666666667,-996.9999999999999,1725.0,0.0,1,1.0,False,0,7267.052000000001,42.0
96.09166666666665,-997.0,1725.0,0.0,1,1.0,False,0,7267.113,42.0
96.09166666666667,-996.9999999999998,1724.9999999999998,0.0,1,1.0,False,0,7267.3730000000005,42.0
96.09166666666664,-997.0,1725.0,0.0,1,1.0,False,0,7267.4130000000005,42.0
96.09166666666667,-996.9999999999998,1724.9999999999998,0.0,1,1.0,False,0,7267.653,42.0
96.0916666666667,-997.0,1725.0,0.0,1,1.0,False,0,7267.753000000001,42.0
96.09166666666667,-997.0000000000001,1725.0,0.0,1,1.0,False,0,7267.933,42.0
96.09166666666667,-997.0,1725.0,0.0,1,1.0,False,0,7267.973,42.0
96.0916666666667,-997.0,1725.0,0.0,1,1.0,False,0,7268.253000000001,42.0
96.09166666666667,-996.9999999999999,1725.0,0.0,1,1.0,False,0,7268.3730000000005,42.0
96.09166666666667,-997.0,1725.0,0.0,1,1.0,False,0,7268.553000000001,42.0
96.09166666666667,-997.0,1725.0,0.0,1,1.0,False,0,7268.573,42.0
96.09166666666682,-997.0,1725.0,0.0,1,1.0,False,0,7268.733,42.0
96.09166666666667,-997.0,1725.0,0.0,1,1.0,False,0,7268.813,42.0
96.09166666666547,-997.0,1725.0,0.0,1,1.0,False,0,7269.013000000001,42.0
96.09166666666667,-997.0,1725.0000000000002,0.0,1,1.0,False,0,7269.093000000001,42.0
96.09166666666667,-996.9999999999999,1725.0000000000005,0.0,1,5.0,False,0,7269.3330000000005,42.0
96.09166666665996,-997.0,1725.0,0.0,1,6.4,False,0,7269.3730000000005,42.0
96.09166666664572,-997.0,1725.0,0.0,1,10.600000000000001,False,0,7269.493,42.0
96.09166666666667,-996.9999999999991,1725.0000000000025,0.0,1,12.0,False,0,7269.533,42.0
96.0916666669016,-997.0,1725.0,0.0,1,15.440859425752677,False,0,7269.693,42.0
96.09166666666667,-997.0000000000236,1724.9999999999225,0.0,1,18.0,False,0,7269.812000000001,42.0
96.09166666666667,-997.0000000000176,1724.9999999999427,0.0,1,20.0,False,0,7270.052000000001,42.0
96.09166666731649,-997.0,1725.0,0.0,1,20.0,False,0,7270.073,42.0
96.09166667745393,-997.0,1725.0,0.0,1,20.0,False,0,7270.3330000000005,42.0
96.09166666666667,-997.0000000005134,1724.9999999983413,0.0,1,20.0,False,0,7270.412,42.0
96.0916666384934,-997.0,1725.0,0.0,1,19.63928502857143,False,0,7270.513000000001,42.0
96.09166666666667,-996.9999999912027,1725.0000000284115,0.0,1,19.0,False,0,7270.692,42.0
96.09166686890111,-997.0,1725.0,0.0,1,18.56785737142857,False,0,7270.813,42.0
96.09166666666667,-997.0000000483026,1724.9999998440053,0.0,1,18.0,False,0,7270.972000000001,42.0
96.09166666666667,-997.0000000577144,1724.9999998136102,0.0,1,17.0,False,0,7271.1720000000005,42.0
96.09166925091664,-997.0,1725.0,0.0,1,16.625,False,0,7271.232,42.0
96.0916791946003,-997.0,1725.0,0.0,1,15.625,False,0,7271.392000000001,42.0
96.09166666666667,-997.0000003842462,1724.9999987590625,0.0,1,15.0,False,0,7271.492,42.0
96.0916617221931,-997.0,1725.0,0.0,1,14.875,False,0,7271.512000000001,42.0
96.09166666666667,-996.9999907533577,1725.0000298623972,0.0,1,14.0,False,0,7271.652,42.0
96.09195776428959,-997.0,1725.0,0.0,1,13.416666666666666,False,0,7271.792,42.0
96.09166666666667,-997.0000362748539,1724.9998828489215,0.0,1,13.0,False,0,7271.892000000001,42.0
96.09002950870203,-997.0,1725.0,0.0,1,22.75,False,0,7272.072,42.0
96.09166666666667,-996.999889770384,1725.0003559909137,0.0,1,26.0,False,0,7272.1320000000005,42.0
96.10031607918404,-997.0,1725.0,0.0,1,25.1,False,0,7272.252,42.0
96.10700299520762,-997.0,1725.0,0.0,1,23.45,False,0,7272.472000000001,42.0
96.09166666666667,-996.9963719197667,1725.0117170289022,0.0,1,23.0,False,0,7272.532,42.0
96.03574989319497,-997.0,1725.0,0.0,1,22.333333333333332,False,0,7272.652,42.0
96.03032100628768,-997.0,1725.0,0.0,1,21.22222222222222,False,0,7272.852000000001,42.0
96.09166666666667,-996.9270082059641,1725.235729891671,0.0,1,21.0,False,0,7272.892000000001,42.0
96.71956803532461,-995.0,1729.0,10.0,1,26.0,False,0,7273.092000000001,42.0
96.89166666666667,-993.8948889704171,1730.6563826623346,12.0,1,27.0,False,0,7273.1320000000005,42.0
97.69166666666666,-988.0,1739.0,18.0,1,27.0,False,0,7273.292,42.0
98.625,-983.6771563857199,1745.0468645639858,21.0,1,28.0,False,0,7273.452,42.0
100.125,-978.582912465489,1752.468625895498,27.0,1,25.0,False,0,7273.652,42.0
101.00397414159076,-973.0,1761.0,30.156256,1,25.0,False,0,7273.753000000001,42.0
101.54722222222222,-968.6863309908974,1767.6502679783225,32.0,1,25.0,False,0,7273.812000000001,42.0
102.9255422729664,-958.0,1784.0,34.80597486359399,1,25.0,False,0,7273.953,42.0
103.55722222222222,-955.2466054141387,1787.9563719036364,36.0,1,25.0,False,0,7274.013000000001,42.0
105.38894575469831,-950.0,1795.0,40.0,1,24.333333333333332,False,0,7274.173000000001,42.0
106.35722222222225,-945.0324256960297,1802.4213188964309,42.0,1,24.0,False,0,7274.253000000001,42.0
108.4016666666667,-930.1804298972141,1825.4287168391404,46.0,1,28.0,False,0,7274.4130000000005,42.0
110.48847136703431,-918.0,1844.0,50.2777856,1,25.2777728,False,0,7274.553000000001,42.0
114.10166666666669,-904.3635132326043,1863.5074324562715,57.0,1,21.0,False,0,7274.773,42.0
116.38303426343543,-893.0,1880.0,58.7500032,1,23.6250048,False,0,7274.9130000000005,42.0
116.72388888888891,-890.9245039687613,1883.0808695297826,59.0,1,24.0,False,0,7274.933,42.0
119.6127777777778,-870.9607400566487,1913.1886086654931,65.0,1,25.0,False,0,7275.093000000001,42.0
121.09332439086279,-862.0,1927.0,66.0,1,26.5,False,0,7275.173000000001,42.0
122.59055555555557,-854.8653510149381,1938.2680653145376,67.0,1,28.0,False,0,7275.253000000001,42.0
126.07180883644304,-841.0,1960.0,69.70000384,1,29.80000256,False,0,7275.433,42.0
126.47944444444444,-839.0413803707535,1962.8703637230708,70.0,1,30.0,False,0,7275.453,42.0
131.2395146607305,-813.0,2000.0,77.33334186666667,1,35.500006400000004,False,0,7275.673000000001,42.0
131.6794444444444,-810.5817509122072,2003.5769330652997,78.0,1,36.0,False,0,7275.693,42.0
135.19055555555553,-791.6446408085601,2032.7485415737735,79.0,1,44.0,False,0,7275.853,42.0
137.82358893775955,-777.0,2055.0,79.0,1,44.5,False,0,7275.973,42.0
140.45722222222224,-761.6984454077092,2077.187472891261,79.0,1,45.0,False,0,7276.093000000001,42.0
141.335017984336,-757.0,2084.0,79.0,1,44.7492163512544,False,0,7276.133000000001,42.0
147.4575,-723.207352203451,2134.6880997450726,79.0,1,43.0,False,0,7276.412,42.0
147.47944833636754,-723.0,2135.0,79.0,1,43.0,False,0,7276.4130000000005,42.0
150.55258307950626,-689.0,2186.0,79.0,1,43.0,False,0,7276.553000000001,42.0
151.8463888888889,-677.05935084329,2203.7812161111465,79.0,1,43.0,False,0,7276.612,42.0
155.35750000000002,-656.6742118821516,2233.567700886437,79.0,1,43.0,False,0,7276.772000000001,42.0
159.80194444444444,-642.3004096156316,2254.1309769022146,80.0,1,43.0,False,0,7276.972000000001,42.0
160.70896528172747,-639.0,2259.0,79.88611128888888,1,42.88611128888889,False,0,7277.013000000001,42.0
167.70194444444442,-609.0800994084256,2304.3883067423244,79.0,1,42.0,False,0,7277.332,42.0
169.9165993262548,-598.0,2321.0,79.0,1,42.72142994285714,False,0,7277.433,42.0
173.8463888888889,-577.1121125789281,2351.8346808428955,79.0,1,44.0,False,0,7277.612,42.0
173.86834315542902,-577.0,2352.0,79.0,1,44.00249984,False,0,7277.613,42.0
179.5545151514463,-546.0,2398.0,79.0,1,44.65,False,0,7277.872,42.0
182.62416666666664,-518.9415241940608,2438.5370920264304,79.0,1,45.0,False,0,7278.012000000001,42.0
183.5003789180795,-512.0,2449.0,79.0,1,45.0,False,0,7278.052000000001,42.0
187.01305555555558,-493.31816853978614,2477.5972246779775,79.0,1,45.0,False,0,7278.212,42.0
192.34638888888887,-475.4114389418416,2503.7493036277265,80.0,1,45.0,False,0,7278.452,42.0
193.229177130463,-470.0,2511.0,79.875,1,45.0,False,0,7278.492,42.0
193.66940006389152,-467.0,2515.0,79.8125,1,45.0,False,0,7278.512000000001,42.0
199.3686111111111,-418.0,2588.0,79.0,1,45.0,False,0,7278.772000000001,42.0
204.7019444444444,-392.5741606433471,2625.9189269169647,80.0,1,44.0,False,0,7279.012000000001,42.0
209.1463888888889,-378.91663792202837,2645.425758470903,80.0,1,44.0,False,0,7279.212,42.0
210.48161259215806,-373.0,2654.0,80.0,1,44.3,False,0,7279.272000000001,42.0
213.59083333333334,-356.05319400274345,2678.7536953044682,80.0,1,45.0,False,0,7279.412,42.0
215.35134121213332,-346.0,2694.0,79.6,1,45.0,False,0,7279.492,42.0
217.97972222222222,-331.79198216196824,2716.595030009318,79.0,1,45.0,False,0,7279.612,42.0
218.8565660119083,-327.0,2724.0,79.0,1,45.0,False,0,7279.652,42.0
222.3678006826773,-307.0,2753.0,79.0,1,45.0,False,0,7279.812000000001,42.0
224.1241666666667,-296.9739657114704,2767.4365125993463,79.0,1,45.0,False,0,7279.892000000001,42.0
228.53732259632443,-272.0,2804.0,79.0,1,46.00499968,False,0,7280.093000000001,42.0
232.48563880544216,-250.0,2837.0,79.0,1,46.90500096,False,0,7280.273,42.0
232.90194444444444,-247.7754444489828,2840.316051633541,79.0,1,47.0,False,0,7280.292,42.0
237.29083333333332,-223.15208289465525,2876.773274001992,79.0,1,48.0,False,0,7280.492,42.0
237.31293278730294,-223.0,2877.0,79.00621078507758,1,48.0,False,0,7280.493,42.0
240.86861111111114,-195.22990279568484,2918.6359518347463,80.0,1,48.0,False,0,7280.653,42.0
241.7580385429664,-189.0,2928.0,80.0,1,47.75,False,0,7280.693,42.0
244.4241666666667,-174.45711894171427,2949.8753537059874,80.0,1,47.0,False,0,7280.813,42.0
248.86861111111114,-158.2899416658248,2973.9064805538274,80.0,1,49.0,False,0,7281.013000000001,42.0
250.20155930254379,-152.0,2983.0,80.0,1,49.30000128,False,0,7281.073,42.0
253.31305555555556,-134.22478888088676,3008.433140503046,80.0,1,50.0,False,0,7281.213000000001,42.0
254.20339357705535,-129.0,3016.0,80.0,1,50.0,False,0,7281.253000000001,42.0
259.5352777777778,-99.38462125966825,3060.352395907397,80.0,1,50.0,False,0,7281.493,42.0
259.97538290270813,-97.0,3064.0,79.89999872,1,50.0,False,0,7281.513000000001,42.0
263.4826379800152,-78.0,3093.0,79.09999872,1,50.0,False,0,7281.673000000001,42.0
263.9241666666667,-75.55766765344325,3096.6020067217137,79.0,1,50.0,False,0,7281.693,42.0
267.4797222222222,-55.49285339883028,3125.3683258366104,80.0,1,50.0,False,0,7281.853,42.0
267.92171903045767,-53.0,3129.0,79.89999872,1,49.89999872,False,0,7281.8730000000005,42.0
271.8686111111111,-31.0,3162.0,79.0,1,49.0,False,0,7282.053000000001,42.0
276.25750000000005,-7.15762907514829,3198.1287258099687,79.0,1,49.0,False,0,7282.253000000001,42.0
277.5743698266707,0.0,3209.0,79.0,1,49.0,False,0,7282.313,42.0
280.6463888888889,16.825031414128887,3234.6044895604573,79.0,1,49.0,False,0,7282.453,42.0
282.840651144881,29.0,3253.0,79.0,1,49.3125008,False,0,7282.553000000001,42.0
287.66861111111115,56.0,3293.0,79.0,1,50.0,False,0,7282.773,42.0
291.1812465263121,76.0,3322.0,79.0,1,50.0,False,0,7282.933,42.0
296.4244444444444,119.1260809150863,3385.703895656561,79.0,1,50.0,False,0,7283.1720000000005,42.0
297.76037315236573,128.0,3399.0,79.0,1,49.8093744,False,0,7283.233,42.0
303.44666666666666,147.59339405524327,3429.314976612724,79.0,1,49.0,False,0,7283.492,42.0
304.8000552438004,152.0,3436.0,79.25416746666667,1,49.254167466666665,False,0,7283.553000000001,42.0
308.78,169.44363850966636,3461.6530376074043,80.0,1,50.0,False,0,7283.732,42.0
310.99915106536645,184.0,3483.0,79.57916586666667,1,50.0,False,0,7283.8330000000005,42.0
314.0466666666667,210.54750545804058,3522.1496944509404,79.0,1,50.0,False,0,7283.972000000001,42.0
315.8391384326259,224.0,3542.0,79.33749973333333,1,50.33749973333333,False,0,7284.053000000001,42.0
319.38000000000005,238.04239084023902,3562.6460521056274,80.0,1,51.0,False,0,7284.212,42.0
323.83159437841954,256.0,3589.0,80.0,1,52.42857142857143,False,0,7284.412,42.0
325.6022222222223,272.1804029713901,3612.8365236193795,80.0,1,53.0,False,0,7284.492,42.0
328.2419992502983,298.0,3651.0,79.57142857142857,1,53.857142857142854,False,0,7284.612,42.0
331.7466666666667,314.26740969190683,3675.582226579201,79.0,1,55.0,False,0,7284.772000000001,42.0
336.1341918676151,325.0,3692.0,79.0,1,55.0,False,0,7284.972000000001,42.0
339.6466666666667,344.4105894751835,3720.222025569794,79.0,1,55.0,False,0,7285.1320000000005,42.0
340.0857137604563,347.0,3724.0,79.0,1,55.0,False,0,7285.152,42.0
344.0355555555555,369.5656955520179,3757.3801008544974,79.0,1,55.0,False,0,7285.332,42.0
345.78834939289794,379.0,3772.0,79.0,1,55.2,False,0,7285.412,42.0
349.28951893410044,397.0,3801.0,79.0,1,55.6,False,0,7285.572,42.0
352.8133333333333,416.2506094424091,3829.6244768349447,79.0,1,56.0,False,0,7285.732,42.0
355.9249701962601,433.0,3854.0,79.5,1,55.5,False,0,7285.872,42.0
359.0355555555555,448.7662919561185,3877.7946188018145,80.0,1,55.0,False,0,7286.012000000001,42.0
360.8002299573502,461.0,3895.0,79.75,1,54.75,False,0,7286.092000000001,42.0
366.05777777777774,512.0,3961.0,79.0,1,54.0,False,0,7286.332,42.0
369.5688888888889,526.9153254319742,3979.543639297673,79.0,1,53.0,False,0,7286.492,42.0
373.1244444444444,540.4652367550985,3990.318178651609,80.0,1,51.0,False,0,7286.652,42.0
373.59154281124387,544.0,3993.0,80.07500068571429,1,49.9499904,False,0,7286.673000000001,42.0
379.4244444444444,610.9751234118845,4042.4495514681453,81.0,1,37.0,False,0,7286.932000000001,42.0
379.91701664104687,616.0,4046.0,81.42857540913566,1,37.047619489903965,False,0,7286.953,42.0
390.44944444444445,684.297725235358,4085.3391076913513,90.0,1,38.0,False,0,7287.3730000000005,42.0
390.97429211771055,688.0,4087.0,90.5000064,1,38.7500096,False,0,7287.393,42.0
396.8494444444443,736.4514205608799,4107.521123235727,96.0,1,47.0,False,0,7287.613,42.0
399.017370188964,755.0,4115.0,97.0,1,48.25,False,0,7287.693,42.0
404.5740742033306,808.0,4133.0,99.5,1,51.375,False,0,7287.893,42.0
405.73833333333323,824.4957043056778,4136.879655613585,100.0,1,52.0,False,0,7287.933,42.0
410.5827777777778,904.3307182900476,4152.409467739131,109.0,2,55.0,False,0,7288.093000000001,42.0
411.20602471438957,913.0,4154.0,109.5000064,2,54.07141668571428,False,0,7288.113,42.0
419.605,982.091058450252,4165.4846855761225,116.0,2,42.0,False,0,7288.3730000000005,42.0
427.7383333333332,1030.90792077075,4169.541466442479,122.0,2,59.0,False,0,7288.613,42.0
428.4365622974171,1037.0,4170.0,122.7500096,2,60.1250144,False,0,7288.633000000001,42.0
429.84325169795306,1050.0,4171.0,124.2500096,2,62.3750144,False,0,7288.673000000001,42.0
433.4272222222222,1084.1098237095885,4174.713065343255,128.0,2,68.0,False,0,7288.773,42.0
440.8716666666665,1156.0,4185.0,134.0,2,75.0,False,0,7288.973,42.0
448.42722222222216,1230.0231340095686,4194.022272978042,136.0,2,85.0,False,0,7289.173000000001,42.0
449.1913250692717,1238.0,4195.0,136.3333376,2,86.250016,False,0,7289.193,42.0
457.7605555555556,1331.944637669202,4206.969337654404,140.0,3,100.0,False,0,7289.4130000000005,42.0
459.36700098757893,1348.0,4209.0,141.4,3,100.0,False,0,7289.453,42.0
465.9272222222221,1406.384859706795,4216.198368663356,147.0,3,100.0,False,0,7289.613,42.0
468.4195022391275,1429.0,4219.0,147.94044269533438,3,100.0,False,0,7289.673000000001,42.0
479.3961111111111,1539.0543726205995,4232.893602302177,152.0,3,100.0,False,0,7289.932000000001,42.0
480.3070864396956,1548.0,4234.0,152.7000064,3,100.0,False,0,7289.953,42.0
490.06277777777785,1639.390169060459,4244.967789351728,160.0,3,100.0,False,0,7290.1720000000005,42.0
494.79314512035177,1689.0,4251.0,164.62917546666665,3,100.0,False,0,7290.273,42.0
501.4627777777776,1769.260672659931,4260.981140172124,171.0,3,100.0,False,0,7290.412,42.0
504.40233473787947,1802.0,4265.0,172.01666986666666,3,100.0,False,0,7290.473,42.0
513.1294444444444,1876.07211543477,4273.597782610038,175.0,4,100.0,False,0,7290.652,42.0
518.1912984702441,1918.0,4278.0,177.5250048,4,100.0,False,0,7290.753000000001,42.0
528.4178343939616,2018.0,4288.0,182.5,4,100.0,False,0,7290.952,42.0
531.5294444444444,2048.7200891855414,4291.2526016264865,184.0,4,100.0,False,0,7291.012000000001,42.0
537.7845054129514,2110.0,4298.0,187.0,4,100.0,False,0,7291.1320000000005,42.0
539.8850000000001,2130.6961402278057,4300.301180068322,188.0,4,100.0,False,0,7291.1720000000005,42.0
550.5285128173011,2236.0,4312.0,191.33333333333334,4,100.0,False,0,7291.372,42.0
552.6849999999998,2257.277737285742,4314.308290333577,192.0,4,100.0,False,0,7291.412,42.0
569.0967325235497,2418.0,4333.0,196.6875,4,100.0,False,0,7291.712,42.0
570.196111111111,2428.6908966359506,4334.558839593146,197.0,4,100.0,False,0,7291.732,42.0
578.9933700331286,2514.0,4349.0,198.0,4,100.0,False,0,7291.892000000001,42.0
587.8849999999999,2599.2495132561357,4368.138604460681,199.0,4,100.0,False,0,7292.052000000001,42.0
589.0094458963507,2610.0,4371.0,199.6,4,100.0,False,0,7292.072,42.0
598.1182356601877,2697.0,4397.0,204.4,4,100.0,False,0,7292.232,42.0
599.2738888888889,2707.9653167766605,4400.29194871202,205.0,5,100.0,False,0,7292.252,42.0
609.853858586584,2813.0,4435.0,210.14285714285714,5,100.0,False,0,7292.432000000001,42.0
615.8405555555556,2885.589777502298,4468.313175323547,213.0,5,100.0,False,0,7292.532,42.0
623.107660461847,2985.0,4516.0,216.0,5,100.0,False,0,7292.652,42.0
630.4405555555558,3093.9985203430283,4562.433098959478,219.0,5,100.0,False,0,7292.772000000001,42.0
641.5195308129906,3233.0,4618.0,221.25,5,100.0,False,0,7292.952,42.0
645.2405555555555,3257.527359709714,4628.5854574783025,222.0,5,100.0,False,0,7293.012000000001,42.0
655.2405555555557,3287.658862148288,4645.828448880899,225.0,5,100.0,False,0,7293.1720000000005,42.0
657.7577383944187,3299.0,4653.0,225.5,5,100.0,False,0,7293.212,42.0
670.4405555555554,3395.266313995676,4713.578098020215,228.0,5,100.0,False,0,7293.412,42.0
679.4677407426661,3475.0,4768.0,229.7625024,5,100.0,False,0,7293.553000000001,42.0
685.8405555555555,3528.1327913808914,4808.562976802364,231.0,5,100.0,False,0,7293.652,42.0
687.1954946851785,3541.0,4819.0,231.26087205401126,5,100.0,False,0,7293.673000000001,42.0
696.2608333333334,3648.2928479984334,4910.926602524301,233.0,5,100.0,False,0,7293.813,42.0
702.7811736192621,3718.0,4973.0,233.9375024,5,100.0,False,0,7293.9130000000005,42.0
717.2386111111111,3787.8779245544833,5040.876778800751,236.0,6,100.0,False,0,7294.133000000001,42.0
725.1685474530016,3821.0,5076.0,237.8,6,100.0,False,0,7294.253000000001,42.0
730.5163888888891,3852.493806641749,5108.604370336889,239.0,6,100.0,False,0,7294.3330000000005,42.0
741.4369094471533,3934.0,5191.0,241.0,6,100.0,False,0,7294.493,42.0
757.6275,4078.4089314574894,5330.85055488764,244.0,6,100.0,True,0,7294.733,42.0
761.4495512318208,4108.0,5359.0,240.12498346666666,6,87.49994666666666,True,0,7294.793000000001,42.0
775.8323261167861,4193.0,5438.0,224.62498346666666,6,37.499946666666666,True,0,7295.033,42.0
786.0274999999999,4271.585616901959,5509.299681887808,213.0,6,0.0,True,0,7295.213000000001,42.0
793.6827914522157,4334.0,5565.0,198.1249728,6,0.0,True,0,7295.353,42.0
794.7386111111113,4342.203532995089,5572.223420893687,196.0,6,0.0,True,0,7295.3730000000005,42.0
806.6052777777777,4438.0,5654.0,178.0,4,0.0,True,0,7295.613,42.0
813.9386111111112,4521.485628000736,5722.296103609069,165.0,4,0.0,True,0,7295.773,42.0
816.5671371536698,4547.0,5743.0,162.59998976,4,0.0,True,0,7295.8330000000005,42.0
826.4784728619089,4602.0,5786.0,152.99998976,4,0.0,True,0,7296.073,42.0
830.4941666666667,4628.897752493043,5804.702086761099,149.0,3,0.0,True,0,7296.173000000001,42.0
839.1905615046905,4702.0,5850.0,142.58332586666666,3,0.0,True,0,7296.393,42.0
839.9608333333334,4708.5647888609865,5853.447465708374,142.0,3,0.0,True,0,7296.4130000000005,42.0
842.9996796850269,4736.0,5866.0,139.4193554306855,3,0.0,True,0,7296.493,42.0
850.2683333333333,4834.100652196778,5889.649985504874,133.0,2,0.0,True,0,7296.692,42.0
856.525967161584,4918.0,5901.0,128.02249472,2,0.0,True,0,7296.8730000000005,42.0
863.8238888888889,4963.105119804092,5900.906786199584,122.0,2,0.0,False,0,7297.092000000001,42.0
868.4767332372578,4992.0,5895.0,119.17999616,2,0.0,False,0,7297.233,42.0
870.3794444444445,5009.494776160514,5891.530966865397,118.0,2,0.0,True,0,7297.292,42.0
873.5492843342936,5043.0,5884.0,115.1593696,2,0.0,True,0,7297.393,42.0
878.3255792132097,5090.0,5868.0,110.6875,2,0.0,True,0,7297.552000000001,42.0
880.0683333333334,5105.4138825607315,5861.727954109479,109.0,2,0.0,True,0,7297.612,42.0
887.7860529204268,5177.0,5818.0,102.58333333333333,2,0.0,True,0,7297.892000000001,42.0
892.0629927528912,5236.0,5767.0,98.91666666666667,2,0.0,True,0,7298.052000000001,42.0
893.135,5247.327494963889,5756.57494872537,98.0,1,0.0,True,0,7298.092000000001,42.0
899.5350000000001,5275.400390171197,5724.218245521132,96.0,1,0.0,False,0,7298.332,42.0
903.6159516862218,5288.0,5701.0,93.14285714285714,1,0.0,False,0,7298.492,42.0
906.6127777777779,5303.054247796328,5674.379028071276,91.0,1,0.0,False,0,7298.612,42.0
907.6074875726764,5308.0,5665.0,90.83333333333333,1,2.0,False,0,7298.652,42.0
910.0867674611081,5319.0,5642.0,90.41666666666667,1,7.0,False,0,7298.752,42.0
912.6127777777779,5328.811202682601,5620.099580756947,90.0,1,12.0,False,0,7298.852000000001,42.0
939.9628184340071,5383.0,5378.0,104.6875,1,56.0625,False,0,7299.792,42.0
940.6127777777779,5383.908281896488,5368.612839755271,105.0,1,57.0,False,0,7299.812000000001,42.0
948.6547572052783,5394.0,5253.0,115.71110826666667,1,61.68610986666667,False,0,7300.053000000001,42.0
952.7127777777779,5397.4236200940595,5217.389124190732,121.0,2,64.0,False,0,7300.1720000000005,42.0
959.6919444444445,5402.024821355306,5183.697407523678,125.0,2,76.0,False,0,7300.3730000000005,42.0
962.5863682354748,5405.0,5165.0,126.71428571428571,2,54.285714285714285,False,0,7300.453,42.0
969.8808333333332,5417.850234513642,5098.220972587891,131.0,2,0.0,True,0,7300.653,42.0
971.2705615949815,5423.0,5081.0,129.16666666666666,2,0.0,True,0,7300.693,42.0
977.8808333333333,5460.699325855729,4984.547749447093,120.0,2,0.0,True,0,7300.893,42.0
978.5208641924396,5464.0,4977.0,119.29999104,2,0.0,True,0,7300.9130000000005,42.0
984.1586111111111,5483.583136866324,4938.447317222297,113.0,2,0.0,True,0,7301.093000000001,42.0
989.0474999999999,5499.0,4918.0,110.0,2,0.0,True,0,7301.253000000001,42.0
995.9141666666666,5541.822815381495,4864.3980577689745,103.0,1,0.0,True,0,7301.493,42.0
996.4782054154344,5547.0,4859.0,102.7499968,1,0.0,True,0,7301.513000000001,42.0
1000.4030555555554,5591.126437603534,4817.871067974998,101.0,1,0.0,True,0,7301.653,42.0
1003.6753580005769,5625.0,4789.0,98.6,1,0.0,True,0,7301.773,42.0
1005.7919444444443,5638.863949002804,4777.973008090684,97.0,1,0.0,True,0,7301.853,42.0
1010.8242515495295,5660.0,4766.0,92.55555555555556,1,0.0,True,0,7302.053000000001,42.0
1014.6919444444443,5692.804740952071,4749.363576366366,89.0,1,0.0,True,0,7302.213000000001,42.0
1017.5517991724372,5721.0,4738.0,86.6,1,0.0,True,0,7302.3330000000005,42.0
1019.4141666666666,5738.830706223521,4733.339772346824,85.0,1,0.0,False,0,7302.4130000000005,42.0
1022.567371769945,5769.0,4730.0,81.4999936,1,0.0,False,0,7302.553000000001,42.0
1023.0141666666665,5773.326103637145,4729.903759824636,81.0,1,0.0,False,0,7302.573,42.0
1025.2476471417265,5795.0,4731.0,80.64285622857143,1,0.7142875428571429,False,0,7302.673000000001,42.0
1029.2363888888888,5833.614590479481,4741.043730849143,80.0,1,2.0,False,0,7302.853,42.0
1030.9782310874123,5850.0,4748.0,79.2,1,3.6,False,0,7302.933,42.0
1033.5697222222223,5873.260909084965,4760.6752522770075,78.0,1,6.0,False,0,7303.053000000001,42.0
1036.595531285271,5899.0,4778.0,78.0,1,11.60001024,False,0,7303.193,42.0
1037.9030555555555,5909.796232894219,4785.935594713632,78.0,1,14.0,False,0,7303.253000000001,42.0
1042.7852891553407,5948.0,4818.0,79.84100583337083,1,19.523017500112466,False,0,7303.473,42.0
1043.2141666666666,5951.173392898873,4821.034141790082,80.0,1,20.0,False,0,7303.492,42.0
1047.3603933190868,5980.0,4851.0,82.01111324444445,1,26.033339733333335,False,0,7303.673000000001,42.0
1051.6141666666667,6007.801359435696,4882.750974325155,84.0,1,32.0,False,0,7303.852000000001,42.0
1051.6384835379865,6008.0,4883.0,84.0218736,1,32.0249984,False,0,7303.853,42.0
1057.6511365739473,6064.0,4958.0,89.2718736,1,38.0249984,False,0,7304.093000000001,42.0
1059.7030555555557,6074.693542421785,4973.017168016058,91.0,1,40.0,False,0,7304.1720000000005,42.0
1066.1612471306928,6089.0,4997.0,96.25,1,48.25,False,0,7304.412,42.0
1068.414166666667,6097.592354626337,5012.016980360022,98.0,1,51.0,False,0,7304.492,42.0
1074.9004320142533,6129.0,5069.0,105.07142857142857,1,58.07142857142857,False,0,7304.712,42.0
1076.7363888888892,6137.0,5085.0,107.0,1,60.0,False,0,7304.772000000001,42.0
1083.0697222222225,6159.744013573416,5132.655502577287,114.0,1,63.0,False,0,7304.972000000001,42.0
1085.7203962352273,6172.0,5163.0,116.25,1,62.75,False,0,7305.052000000001,42.0
1091.9069766908954,6207.0,5257.0,121.3125,1,62.1875,False,0,7305.232,42.0
1094.0030555555559,6214.85112026281,5278.664922593975,123.0,2,62.0,False,0,7305.292,42.0
1099.691944444445,6223.987695213004,5305.699664207283,128.0,2,73.0,False,0,7305.452,42.0
1103.4184333609253,6230.0,5326.0,132.5,2,77.5,False,0,7305.552000000001,42.0
1107.3030555555558,6238.781250496579,5356.262748436893,137.0,2,82.0,False,0,7305.652,42.0
1117.297374563071,6266.0,5455.0,149.0,2,92.28571428571429,False,0,7305.892000000001,42.0
1119.0475000000004,6270.2354728792725,5471.811155216777,151.0,3,94.0,False,0,7305.932000000001,42.0
1126.2799385494325,6286.0,5539.0,160.33333333333334,3,98.0,False,0,7306.092000000001,42.0
1130.0475000000004,6293.288344917063,5572.679549715436,165.0,3,100.0,False,0,7306.1720000000005,42.0
1135.8979493207953,6304.0,5629.0,170.1,3,98.2,False,0,7306.292,42.0
1150.2697222222225,6327.943883194446,5800.481219351344,182.0,4,94.0,False,0,7306.572,42.0
1150.3220326505648,6328.0,5801.0,182.04499712,4,94.02999808,False,0,7306.573,42.0
1152.419643224731,6330.0,5821.0,183.84499712,4,95.22999808,False,0,7306.613,42.0
1160.8808333333338,6333.021102110503,5902.232731517672,191.0,4,100.0,False,0,7306.772000000001,42.0
1166.3980663211573,6332.0,5956.0,194.3527043592244,4,100.0,False,0,7306.8730000000005,42.0
1174.2027777777782,6327.86407565144,6032.897199212963,199.0,4,100.0,False,0,7307.013000000001,42.0
1175.3285994653465,6327.0,6044.0,199.5833408,4,100.0,False,0,7307.033,42.0
1187.9361111111114,6312.68292022904,6167.301544246417,206.0,4,100.0,False,0,7307.253000000001,42.0
1190.2910862656302,6309.0,6190.0,207.5,4,100.0,False,0,7307.293000000001,42.0
1202.2694444444448,6285.1500003158735,6304.6630708701305,215.0,5,100.0,False,0,7307.493,42.0
1205.8583955634251,6276.0,6339.0,215.0,5,100.0,False,0,7307.553000000001,42.0
1211.8250000000003,6258.575191376895,6395.90479122392,215.0,5,100.0,False,0,7307.653,42.0
1216.5916345260855,6243.0,6441.0,215.0,5,100.0,False,0,7307.733,42.0
1226.1583333333338,6207.8927331843715,6529.924163847927,215.0,5,100.0,False,0,7307.893,42.0
1227.3645090215723,6203.0,6541.0,215.5000064,5,100.0,False,0,7307.9130000000005,42.0
1240.891666666667,6141.0,6663.0,221.0,5,100.0,False,0,7308.133000000001,42.0
1253.8916666666673,6073.771476588446,6773.49835970373,234.0,5,100.0,False,0,7308.3330000000005,42.0
1255.2135927336694,6067.0,6784.0,234.40000512,5,100.0,False,0,7308.353,42.0
1269.9383313913102,5982.0,6902.0,238.8,5,100.0,False,0,7308.573,42.0
1280.780555555556,5873.410377563463,7023.10688819612,242.0,6,100.0,False,0,7308.733,42.0
1284.8640342522779,5837.0,7062.0,242.937504,6,100.0,False,0,7308.793000000001,42.0
1302.7361111111115,5752.89710599933,7143.7157995319485,247.0,6,100.0,False,0,7309.053000000001,42.0
1311.1513127084622,5693.0,7192.0,250.0,6,100.0,False,0,7309.173000000001,42.0
1325.4027777777783,5523.036665498986,7327.660061074194,255.0,6,100.0,False,0,7309.3730000000005,42.0
1329.7249211295998,5482.0,7360.0,256.5000064,6,100.0,False,0,7309.433,42.0
1339.8472222222224,5430.476966196899,7399.198102310345,260.0,6,100.0,False,0,7309.573,42.0
1349.9142163120016,5389.0,7430.0,260.0,6,100.0,False,0,7309.713000000001,42.0
1360.0694444444448,5309.025207334994,7492.144775382663,260.0,6,100.0,False,0,7309.853,42.0
1363.0148751279487,5285.0,7511.0,261.1142059295009,6,100.0,False,0,7309.893,42.0
1386.994444444445,5105.894062726015,7655.044648615235,270.0,6,100.0,False,0,7310.212,42.0
1390.0869908023694,5077.0,7679.0,270.40999936,6,100.0,False,0,7310.253000000001,42.0
1402.1055555555558,4950.163550337376,7785.285630352789,272.0,7,100.0,False,0,7310.412,42.0
1405.2290813864165,4922.0,7809.0,272.81999872,7,100.0,False,0,7310.453,42.0
1417.4388888888893,4847.940230199684,7871.643736614892,276.0,7,100.0,False,0,7310.612,42.0
1428.2845353069636,4794.0,7918.0,278.625,7,100.0,False,0,7310.752,42.0
1429.8388888888896,4784.768184009316,7925.981289845377,279.0,7,100.0,False,0,7310.772000000001,42.0
1446.9998525218687,4653.0,8040.0,280.57142857142856,7,100.0,False,0,7310.992,42.0
1451.6944444444448,4604.127790298086,8081.945761117434,281.0,7,100.0,False,0,7311.052000000001,42.0
1470.5611111111116,4390.025844375629,8264.853785714422,283.0,7,100.0,False,0,7311.292,42.0
1472.1481075401248,4377.0,8276.0,283.35714285714283,7,100.0,False,0,7311.312000000001,42.0
1492.9611111111117,4285.417492666218,8354.830379491286,288.0,7,100.0,False,0,7311.572,42.0
1500.9793674731877,4244.0,8390.0,288.5,7,100.0,False,0,7311.6720000000005,42.0
1509.0166666666676,4184.40790640908,8440.277236842077,289.0,7,100.0,False,0,7311.772000000001,42.0
1513.8592518183268,4146.0,8473.0,289.5625,7,100.0,False,0,7311.832,42.0
1530.0924148440438,4024.0,8579.0,291.4375,7,100.0,False,0,7312.032,42.0
1534.9722222222226,3987.01455887305,8610.469088638101,292.0,7,100.0,False,0,7312.092000000001,42.0
1543.1097351024864,3925.0,8663.0,292.3125,7,100.0,False,0,7312.192,42.0
1561.016666666667,3791.1279746923433,8780.267257929867,293.0,7,100.0,False,0,7312.412,42.0
1562.6432292016302,3779.0,8791.0,293.0,7,100.0,False,0,7312.432000000001,42.0
1578.9166330731014,3657.0,8899.0,293.0,7,100.0,False,0,7312.6320000000005,42.0
1580.5500000000006,3644.6049096864917,8909.917208069126,293.0,7,100.0,False,0,7312.652,42.0
1598.5807240002378,3510.0,9028.0,294.8333333333333,7,100.0,False,0,7312.872,42.0
1600.2166666666674,3498.763697570752,9037.895686299038,295.0,7,100.0,False,0,7312.892000000001,42.0
1616.586909152307,3375.0,9147.0,293.8833336888889,7,100.0,False,0,7313.093000000001,42.0
1629.5166666666673,3206.717519846699,9293.960747187644,293.0,7,100.0,False,0,7313.252,42.0
1634.486362571307,3154.0,9340.0,293.1900317886668,7,100.0,False,0,7313.313,42.0
1655.7316666666673,3074.6281065923467,9409.926415843296,294.0,7,100.0,False,0,7313.573,42.0
1659.0107752751562,3062.0,9421.0,294.1818181818182,7,100.0,False,0,7313.613,42.0
1688.618641366255,2833.0,9620.0,295.8181818181818,7,100.0,False,0,7313.973,42.0
1691.9094444444454,2800.1357347820503,9648.440442432331,296.0,7,100.0,False,0,7314.013000000001,42.0
1706.7109194946604,2647.0,9781.0,296.0,7,100.0,False,0,7314.193,42.0
1721.5094444444453,2510.6650697796954,9900.083296992676,296.0,7,100.0,False,0,7314.3730000000005,42.0
1734.6686607010784,2412.0,9987.0,296.0,7,100.0,False,0,7314.533,42.0
1757.687222222223,2295.246373787469,10091.167892284553,296.0,7,100.0,False,0,7314.813,42.0
1769.166288034959,2215.0,10163.0,295.1249984,7,98.2499968,False,0,7314.953,42.0
1770.7983333333339,2200.6530850378385,10175.822757704802,295.0,7,98.0,True,0,7314.973,42.0
1788.4960846660204,2025.0,10333.0,288.7142784,7,20.999910400000005,True,0,7315.193,42.0
1793.1205555555562,1991.0218174434212,10363.771604206064,287.0,7,0.0,True,0,7315.253000000001,42.0
1816.0604128463585,1857.0,10483.0,260.3333333333333,7,0.0,True,0,7315.573,42.0
1818.8205555555562,1824.8885539794653,10510.007402703874,257.0,7,0.0,True,0,7315.613,42.0
1828.3744110893629,1699.0,10615.0,248.249984,7,0.0,True,0,7315.753000000001,42.0
1834.9538888888897,1637.4770878916079,10666.393351198123,242.0,6,0.0,True,0,7315.853,42.0
1854.2427777777789,1547.0108303318148,10732.403411007572,217.0,5,0.0,True,0,7316.173000000001,42.0
1857.6788409428318,1514.0,10752.0,214.49998933333333,5,0.0,True,0,7316.233,42.0
1868.815737377909,1363.0,10837.0,206.166656,5,0.0,True,0,7316.433,42.0
1880.509444444445,1229.554266485376,10893.249495086204,197.0,5,0.0,True,0,7316.653,42.0
1886.643550767917,1177.0,10911.0,191.31754975954544,5,0.0,True,0,7316.773,42.0
1898.4594444444456,1110.188609192285,10931.965039313438,180.0,4,0.0,True,0,7317.012000000001,42.0
1906.232505012745,1056.0,10940.0,174.36500224,4,0.0,True,0,7317.173000000001,42.0
1908.0705555555562,1038.3823493416785,10941.632435999547,173.0,4,0.0,True,0,7317.212,42.0
1920.6381534775066,886.0,10949.0,164.0909090909091,4,0.0,True,0,7317.492,42.0
1927.50388888889,820.7175655861693,10948.527195789178,159.0,3,0.0,True,0,7317.652,42.0
1934.2263709337421,763.0,10944.0,153.0,3,0.0,True,0,7317.812000000001,42.0
1937.5038888888898,731.6001303413884,10940.040137757196,150.0,3,0.0,True,0,7317.892000000001,42.0
1941.5045309905775,692.0,10933.0,147.22222222222223,3,0.0,True,0,7317.992,42.0
1950.747317417317,602.0,10903.0,140.55555555555554,3,0.0,True,0,7318.232,42.0
1951.5038888888898,593.8467973032668,10899.47742579291,140.0,3,0.0,True,0,7318.252,42.0
1958.9483333333344,508.5498603709955,10857.82955846593,134.0,3,0.0,True,0,7318.452,42.0
1960.4002739368539,494.0,10850.0,132.75,3,0.0,True,0,7318.492,42.0
1964.6816666666675,458.34798895758036,10829.211395790742,129.0,2,0.0,True,0,7318.612,42.0
1970.237222222223,427.8907075316016,10806.361260428414,125.0,2,0.0,True,0,7318.772000000001,42.0
1976.2083481453512,389.0,10762.0,121.0625,2,0.0,True,0,7318.952,42.0
1980.726111111112,350.57421850166895,10710.407277899852,118.0,2,0.0,True,0,7319.092000000001,42.0
1982.0078176419056,341.0,10697.0,117.33333333333333,2,0.0,True,0,7319.1320000000005,42.0
1988.326111111112,311.07710038296796,10651.719284842964,114.0,2,0.0,True,0,7319.332,42.0
1991.9969938704473,297.0,10626.0,111.0,2,0.0,True,0,7319.452,42.0
1994.3816666666676,286.1476166680627,10604.764856908638,109.0,2,0.0,True,0,7319.532,42.0
1996.7396573108952,275.0,10582.0,107.20000142222223,2,0.22499982222222223,True,0,7319.613,42.0
2002.882147770674,249.0,10524.0,102.31110684444444,2,0.8361116444444445,True,0,7319.8330000000005,42.0
2004.4816666666675,242.88709272757782,10509.074597449919,101.0,1,1.0,True,0,7319.892000000001,42.0
2010.8413888888897,222.0,10449.0,95.0,1,0.0,True,0,7320.133000000001,42.0
2016.974722222223,209.0,10387.0,92.0,1,0.0,True,0,7320.3730000000005,42.0
2021.9191666666675,201.59987811758646,10336.99600549285,89.0,1,0.0,True,0,7320.573,42.0
2022.409733692246,201.0,10332.0,88.8749984,1,0.0,True,0,7320.593000000001,42.0
2025.8302777777785,197.49541881502574,10296.832107239195,88.0,1,0.0,False,0,7320.733,42.0
2027.7708929722983,196.0,10277.0,87.6,1,0.0,False,0,7320.813,42.0
2030.663611111112,194.29788948400633,10247.872801404214,87.0,1,0.0,False,0,7320.933,42.0
2031.143894012557,194.0,10243.0,86.9166656,1,0.2500032,False,0,7320.953,42.0
2036.3969444444456,190.25365264268396,10189.518796081102,86.0,1,3.0,False,0,7321.173000000001,42.0
2036.8725888248339,190.0,10185.0,85.92857051428571,1,3.1428589714285713,False,0,7321.193,42.0
2041.606504041489,188.0,10138.0,85.2142848,1,4.571430400000001,False,0,7321.393,42.0
2043.0080555555564,186.80898488821026,10117.368827982702,85.0,1,5.0,False,0,7321.453,42.0
2046.6920123335808,183.0,10058.0,83.66666666666667,1,2.7777777777777777,False,0,7321.613,42.0
2051.2080555555563,181.53160041488997,10027.794789531976,82.0,1,0.0,False,0,7321.813,42.0
2054.326976414849,180.0,10008.0,80.94999808,1,0.0,False,0,7321.953,42.0
2059.985833333334,172.2115716475239,9933.950189544385,79.0,1,0.0,True,0,7322.213000000001,42.0
2060.8339739816715,171.0,9924.0,78.25,1,0.0,True,0,7322.253000000001,42.0
2063.363611111112,167.77593585483567,9900.91139954358,76.0,1,0.0,False,0,7322.3730000000005,42.0
2068.0819855119944,161.0,9870.0,76.7857152,1,0.0,False,0,7322.593000000001,42.0
2069.352500000001,158.13658154491492,9859.161954605022,77.0,1,0.0,False,0,7322.653,42.0
2073.4819501867078,146.0,9818.0,74.85714285714286,1,2.857142857142857,False,0,7322.853,42.0
2075.1080555555563,140.59831502412237,9802.097525506557,74.0,1,4.0,False,0,7322.933,42.0
2076.726315624826,135.0,9787.0,73.66666666666667,1,5.0,False,0,7323.013000000001,42.0
2079.974722222223,123.14597189125453,9759.412881165908,73.0,1,7.0,False,0,7323.173000000001,42.0
2081.6324194729264,115.0,9743.0,73.66666666666667,1,8.777777777777779,False,0,7323.253000000001,42.0
2085.86595339815,87.0,9692.0,75.33333333333333,1,13.222222222222221,False,0,7323.453,42.0
2087.574722222223,76.17479239257949,9674.85328187206,76.0,1,15.0,False,0,7323.533,42.0
2092.308583707632,60.0,9654.0,77.37931167311615,1,15.689655836558076,False,0,7323.753000000001,42.0
2094.4863888888895,67.23589019285006,9666.12400120846,78.0,1,16.0,False,0,7323.852000000001,42.0
2099.93047251052,97.0,9712.0,80.66666666666667,1,15.333333333333334,False,0,7324.092000000001,42.0
2102.6863888888893,93.9000962265888,9706.782708897557,82.0,1,15.0,False,0,7324.212,42.0
2109.121376986989,54.0,9647.0,82.7,1,13.6,False,0,7324.492,42.0
2111.9086111111114,37.008262136934164,9625.338567434199,83.0,1,13.0,False,0,7324.612,42.0
2113.782139761546,25.0,9612.0,83.33333333333333,1,12.166666666666666,False,0,7324.692,42.0
2115.6679664661297,12.0,9599.0,83.66666666666667,1,11.333333333333334,False,0,7324.772000000001,42.0
2123.241944444445,-42.22389656674237,9549.561742452308,85.0,1,8.0,False,0,7325.092000000001,42.0
2123.7115948114106,-47.0,9546.0,84.9,1,7.2,False,0,7325.112,42.0
2127.4460052514387,-89.0,9517.0,84.1,1,0.7999999999999998,False,0,7325.272000000001,42.0
2127.9086111111114,-93.24268815486734,9514.166466258597,84.0,1,0.0,False,0,7325.292,42.0
2134.2909870278836,-137.0,9490.0,82.44444444444444,1,8.555555555555555,False,0,7325.572,42.0
2136.1086111111113,-159.81027128295085,9480.504625184709,82.0,1,11.0,False,0,7325.652,42.0
2139.7530555555554,-215.21260959624757,9458.92728155187,82.0,1,12.0,False,0,7325.812000000001,42.0
2140.663623227931,-226.0,9455.0,82.0,1,12.166666666666666,False,0,7325.852000000001,42.0
2145.219722222222,-256.1415817377537,9446.302188066455,82.0,1,13.0,False,0,7326.052000000001,42.0
2149.3805658993565,-279.0,9445.0,82.5656256,1,14.6968768,False,0,7326.233,42.0
2152.5975,-310.0273444385416,9443.156736043771,83.0,1,16.0,False,0,7326.372,42.0
2153.0848132108936,-315.0,9443.0,83.06542117192198,1,16.0,False,0,7326.393,42.0
2157.2759530353583,-357.0,9444.0,83.62616814976562,1,16.0,False,0,7326.573,42.0
2160.0874999999996,-384.0876249736468,9447.356932533627,84.0,1,16.0,False,0,7326.693,42.0
2161.9705113462696,-402.0,9451.0,84.4,1,16.4,False,0,7326.773,42.0
2164.809722222222,-428.96849073303446,9458.760208908156,85.0,1,17.0,False,0,7326.893,42.0
2169.587499999999,-473.0,9477.0,86.0,1,18.0,False,0,7327.093000000001,42.0
2174.9041144971397,-518.0,9503.0,86.7857152,1,18.0,False,0,7327.313,42.0
2176.354166666666,-529.9762915082641,9511.146462438286,87.0,1,18.0,False,0,7327.3730000000005,42.0
2180.2097400007938,-561.0,9535.0,87.0,1,16.857142857142858,False,0,7327.533,42.0
2183.120833333333,-582.5851713875733,9554.765269017738,87.0,1,16.0,False,0,7327.653,42.0
2184.590319450916,-593.0,9565.0,87.3750016,1,16.7500032,False,0,7327.713000000001,42.0
2189.0461223952275,-623.0,9597.0,88.5,1,19.0,False,0,7327.893,42.0
2191.0319444444444,-635.3982566052618,9612.678838563974,89.0,1,20.0,False,0,7327.973,42.0
2195.0078188868397,-658.0,9645.0,89.66666666666667,1,22.0,False,0,7328.133000000001,42.0
2197.0319444444444,-667.9697313513591,9659.976571443975,90.0,1,23.0,False,0,7328.213000000001,42.0
2201.1963805867317,-689.0,9697.0,92.22222222222223,1,28.333333333333332,False,0,7328.3730000000005,42.0
2206.5319444444444,-724.8984638045715,9776.134515118165,95.0,1,35.0,False,0,7328.573,42.0
2207.6022971486477,-730.0,9788.0,95.5,1,36.0,False,0,7328.613,42.0
2210.8430555555556,-737.7809598850713,9807.307245630822,97.0,1,39.0,False,0,7328.733,42.0
2215.334065606738,-742.0,9824.0,100.33333333333333,1,41.666666666666664,False,0,7328.893,42.0
2217.6430555555557,-747.6365110254173,9844.128615959937,102.0,1,43.0,False,0,7328.973,42.0
2219.988959319129,-754.0,9868.0,103.66666666666667,1,43.666666666666664,False,0,7329.053000000001,42.0
2224.776388888889,-763.8104897180192,9914.082893182807,107.0,1,45.0,False,0,7329.213000000001,42.0
2228.4298411762243,-769.0,9949.0,109.0,1,44.5,False,0,7329.3330000000005,42.0
2232.1763888888886,-772.5914568082442,9985.448957127193,111.0,2,44.0,False,0,7329.453,42.0
2238.0462944647616,-775.0,10043.0,115.5000064,2,47.60000512,False,0,7329.633000000001,42.0
2244.2116004929157,-774.0,10103.0,120.0,2,51.2,False,0,7329.813,42.0
2245.6208333333334,-773.4146232490116,10115.928403863138,121.0,2,52.0,False,0,7329.853,42.0
2247.761382731178,-772.0,10137.0,123.00000853333333,2,53.000004266666664,False,0,7329.9130000000005,42.0
2258.9208333333336,-752.2274506704925,10294.831450571866,133.0,2,58.0,False,0,7330.213000000001,42.0
2259.689301937424,-751.0,10303.0,133.64516940039124,2,58.21505646679708,False,0,7330.233,42.0
2269.9258333333332,-739.2599169024611,10360.85388044496,142.0,2,61.0,False,0,7330.492,42.0
2274.0371661809772,-732.0,10387.0,144.8125,2,61.3125,False,0,7330.592000000001,42.0
2281.636393373719,-712.0,10458.0,149.875,2,61.875,False,0,7330.772000000001,42.0
2283.3480555555557,-707.044843094925,10474.40645642173,151.0,3,62.0,False,0,7330.812000000001,42.0
2291.1713763565376,-683.0,10547.0,156.25,3,67.25,False,0,7330.992,42.0
2293.881388888889,-674.0297406895866,10571.498502111404,158.0,3,69.0,False,0,7331.052000000001,42.0
2298.5491760936784,-658.0,10613.0,161.86363636363637,3,70.36363636363636,False,0,7331.152,42.0
2310.3552204168263,-615.0,10716.0,171.13636363636363,3,73.63636363636364,False,0,7331.392000000001,42.0
2315.2702777777777,-596.07872988843,10758.354179115451,175.0,3,75.0,False,0,7331.492,42.0
2319.1710601645436,-579.0,10795.0,176.0,3,69.5,False,0,7331.572,42.0
2323.136944444445,-559.0106682648825,10836.466848592268,177.0,4,64.0,False,0,7331.652,42.0
2335.910579373522,-493.0,10968.0,189.0,4,82.0,False,0,7331.892000000001,42.0
2340.2925,-475.6444334038763,11001.509008653913,193.0,4,88.0,False,0,7331.972000000001,42.0
2352.4505153663745,-432.0,11082.0,198.5,4,94.28571428571429,False,0,7332.192,42.0
2355.8480555555557,-416.6561512950097,11109.495867123675,200.0,4,96.0,False,0,7332.252,42.0
2369.8770042485203,-348.0,11231.0,209.42857142857142,4,99.42857142857143,False,0,7332.492,42.0
2372.2591666666667,-338.27548273741587,11248.175837908902,211.0,5,100.0,False,0,7332.532,42.0
2381.903611111111,-286.0,11332.0,217.0,5,100.0,False,0,7332.692,42.0
2390.6577120940597,-187.0,11473.0,221.93500672,5,100.0,False,0,7332.8330000000005,42.0
2394.3480555555557,-157.39161229131818,11514.812832607095,224.0,5,100.0,False,0,7332.892000000001,42.0
2406.9036111111113,-125.30768737891707,11558.94963034163,226.0,5,100.0,False,0,7333.092000000001,42.0
2413.376978808186,-104.0,11585.0,229.763983806801,5,98.1180080965995,False,0,7333.193,42.0
2417.279166666667,-84.23272745654067,11609.084121010657,232.0,5,97.0,False,0,7333.253000000001,42.0
2429.241564017875,-4.0,11705.0,238.00000853333333,5,93.99999573333334,False,0,7333.433,42.0
2433.2791666666667,23.384275905930124,11736.205207454319,240.0,5,93.0,False,0,7333.493,42.0
2449.586635393978,132.0,11852.0,244.0,5,97.0,False,0,7333.733,42.0
2457.8791666666666,186.29413865526104,11905.680550195892,246.0,6,99.0,False,0,7333.853,42.0
2464.875124911336,241.0,11957.0,248.5000064,6,99.3125008,False,0,7333.953,42.0
2480.456944444445,397.0568576919249,12096.537941564107,254.0,6,100.0,False,0,7334.173000000001,42.0
2481.8776768241787,408.0,12106.0,254.21428845714286,6,100.0,False,0,7334.193,42.0
2497.566161366274,485.0,12168.0,256.57142857142856,6,100.0,False,0,7334.4130000000005,42.0
2500.445833333333,500.7537104395205,12180.21794138758,257.0,6,100.0,False,0,7334.453,42.0
2520.8697739238737,672.0,12302.0,261.6666666666667,6,100.0,False,0,7334.733,42.0
2526.7458333333334,748.4379582966719,12347.178499320293,263.0,6,100.0,False,0,7334.813,42.0
2538.523611111112,911.6158044072041,12436.825463150739,265.0,6,100.0,False,0,7334.973,42.0
2541.4776947225705,940.0,12452.0,265.3333333333333,6,100.0,False,0,7335.013000000001,42.0
2556.323611111112,1003.8311248052198,12482.710614777998,267.0,7,100.0,False,0,7335.213000000001,42.0
2562.305891452411,1036.0,12495.0,267.72727272727275,7,100.0,False,0,7335.293000000001,42.0
2587.93636680187,1315.0,12601.0,270.81818414545455,7,100.0,False,0,7335.633000000001,42.0
2589.445833333334,1329.1864463547577,12606.020226521985,271.0,7,100.0,False,0,7335.653,42.0
2601.5347222222226,1418.1644307903236,12634.781116015545,272.0,7,100.0,False,0,7335.813,42.0
2613.712500000001,1519.0,12661.0,274.0,7,100.0,False,0,7335.973,42.0
2632.045833333334,1752.9421715928386,12716.4683267668,275.0,7,100.0,False,0,7336.213000000001,42.0
2635.1313715008864,1787.0,12724.0,275.6,7,100.0,False,0,7336.253000000001,42.0
2663.2680555555567,2008.0,12762.0,281.0,7,100.0,False,0,7336.613,42.0
2672.6890336933284,2113.0,12777.0,281.75,7,100.0,False,0,7336.733,42.0
2686.8470549720346,2253.0,12795.0,282.8750016,7,100.0,False,0,7336.9130000000005,42.0
2688.4236111111118,2268.3770756660474,12796.813436003773,283.0,7,100.0,False,0,7336.933,42.0
2708.904828809696,2473.0,12819.0,284.44289703524953,7,100.0,False,0,7337.192,42.0
2716.844444444446,2551.7290362760323,12827.372693260757,285.0,7,100.0,False,0,7337.292,42.0
2727.989532386133,2662.0,12839.0,285.7,7,100.0,False,0,7337.432000000001,42.0
2747.1386164463925,2851.0,12858.0,286.9,7,100.0,False,0,7337.6720000000005,42.0
2748.733333333334,2865.87992289852,12859.401091685957,287.0,7,100.0,False,0,7337.692,42.0
2763.07953644081,3010.0,12873.0,287.0,7,100.0,False,0,7337.872,42.0
2767.866666666667,3077.4139444216607,12880.067918378276,287.0,7,100.0,False,0,7337.932000000001,42.0
2782.2563519566584,3296.0,12904.0,287.6405695409126,7,100.0,False,0,7338.112,42.0
2790.3466666666673,3366.4597904107422,12911.553748032615,288.0,7,100.0,False,0,7338.213000000001,42.0
2806.321944444445,3444.150743202485,12919.682563354541,289.0,7,100.0,False,0,7338.412,42.0
2807.9313003288175,3456.0,12921.0,289.125,7,100.0,False,0,7338.432000000001,42.0
2819.2108333333335,3564.237752773889,12933.309445179166,290.0,7,100.0,False,0,7338.572,42.0
2825.654557280819,3632.0,12941.0,290.0,7,99.42857142857143,False,0,7338.652,42.0
2840.15343266915,3776.0,12957.0,290.0,7,98.14285714285714,False,0,7338.832,42.0
2841.766388888889,3791.7334560169106,12958.728809335444,290.0,7,98.0,False,0,7338.852000000001,42.0
2854.686642652044,3920.0,12973.0,290.57142857142856,7,99.14285714285714,False,0,7339.012000000001,42.0
2864.3997222222224,4026.8048102265684,12985.79787796561,291.0,7,100.0,False,0,7339.1320000000005,42.0
2882.337822926231,4225.0,13011.0,291.6906256,7,97.9281232,False,0,7339.353,42.0
2890.3552777777786,4298.388336075463,13020.643820581594,292.0,7,97.0,False,0,7339.452,42.0
2908.158715587419,4450.0,13041.0,289.9954628202032,7,91.98865705050805,False,0,7339.673000000001,42.0
2920.9048611280714,4578.0,13058.0,288.54421544405847,7,88.3605386101462,False,0,7339.8330000000005,42.0
2925.635277777779,4622.098700092155,13063.864073383496,288.0,7,87.0,True,0,7339.893,42.0
2942.713412927541,4790.0,13084.0,279.7499904,7,7.2499071999999956,True,0,7340.113,42.0
2944.2352777777783,4810.471242088206,13086.037894026682,279.0,7,0.0,True,0,7340.133000000001,42.0
2960.584867343919,5053.0,13108.0,267.9999872,7,0.0,True,0,7340.353,42.0
2962.035277777778,5067.448249956869,13109.330759194083,267.0,7,0.0,True,0,7340.3730000000005,42.0
2978.981718674473,5168.0,13114.0,258.0,7,0.0,True,0,7340.613,42.0
2990.0352777777784,5315.332349165675,13106.006477139603,252.0,6,0.0,True,0,7340.773,42.0
2999.6563236140028,5463.0,13091.0,248.4999936,6,0.0,True,0,7340.9130000000005,42.0
3003.757500000001,5517.677594491066,13082.079689123779,247.0,6,0.0,False,0,7340.973,42.0
3022.657500000001,5706.561064792053,13025.635386575614,243.0,6,9.0,False,0,7341.253000000001,42.0
3030.5945331629882,5759.0,13006.0,240.0,6,7.0,False,0,7341.3730000000005,42.0
3038.457500000001,5795.56789966119,12992.12558108046,237.0,6,5.0,False,0,7341.493,42.0
3048.8575000000005,5843.686266633927,12968.073279906406,234.0,6,5.0,False,0,7341.653,42.0
3051.42867128254,5864.0,12956.0,233.16666666666666,6,6.5,False,0,7341.693,42.0
3064.124166666668,6016.255427124137,12858.644464560053,229.0,6,14.0,False,0,7341.893,42.0
3071.670752684434,6107.0,12795.0,226.75,6,22.25,False,0,7342.013000000001,42.0
3074.168611111112,6132.3046152980305,12775.779223079291,226.0,6,25.0,False,0,7342.053000000001,42.0
3093.8130555555563,6262.892640380535,12651.775722490464,221.0,6,27.0,False,0,7342.3730000000005,42.0
3095.0284086986317,6269.0,12645.0,220.69999616,6,25.79998464,False,0,7342.393,42.0
3105.9241666666676,6317.503098491485,12587.59975335523,218.0,6,15.0,False,0,7342.573,42.0
3119.138411115983,6371.0,12513.0,216.16666453333335,6,3.9999871999999996,False,0,7342.793000000001,42.0
3120.324166666667,6376.193983111962,12505.124199430215,216.0,6,3.0,False,0,7342.813,42.0
3134.2942800548226,6449.0,12379.0,211.63636363636363,6,5.7272727272727275,False,0,7343.053000000001,42.0
3145.74638888889,6532.317247264593,12201.489483139903,208.0,5,8.0,False,0,7343.253000000001,42.0
3146.8896583542373,6538.0,12189.0,207.78571154285714,5,9.071442285714285,False,0,7343.273,42.0
3161.6908333333345,6564.0,12125.0,205.0,5,23.0,False,0,7343.533,42.0
3174.0406040301923,6606.0,12008.0,202.2499968,5,29.416674133333334,False,0,7343.753000000001,42.0
3175.1575000000007,6609.812536905581,11996.699829413848,202.0,5,30.0,False,0,7343.773,42.0
3185.144945959618,6640.0,11901.0,201.1005024802404,5,37.195980158076736,False,0,7343.952,42.0
3186.268333333334,6643.13296404078,11890.712879204759,201.0,5,38.0,False,0,7343.972000000001,42.0
3234.130352556957,6761.0,11442.0,209.2,5,64.24000000000001,False,0,7344.792,42.0
3244.879444444445,6794.95400410081,11289.139837665916,211.0,5,70.0,False,0,7344.972000000001,42.0
3252.0688923920807,6816.0,11189.0,214.0,5,71.8,False,0,7345.092000000001,42.0
3256.879444444445,6828.0464618513815,11128.165918380899,216.0,5,73.0,False,0,7345.1720000000005,42.0
3266.568333333334,6847.440786886829,11021.11723890298,218.0,5,77.0,False,0,7345.332,42.0
3275.1787267963723,6860.0,10948.0,220.33333333333334,5,79.33333333333333,False,0,7345.472000000001,42.0
3281.368333333334,6866.604035257347,10908.478513615304,222.0,5,81.0,False,0,7345.572,42.0
3297.5326230231503,6881.0,10814.0,223.85714285714286,5,81.92857142857143,False,0,7345.832,42.0
3298.7905555555562,6882.572894385868,10803.190538305938,224.0,5,82.0,False,0,7345.852000000001,42.0
3309.0188924206745,6897.0,10701.0,228.0249984,5,92.34999588571429,False,0,7346.013000000001,42.0
3316.757222222223,6906.790719685088,10624.262856867404,231.0,5,100.0,False,0,7346.1320000000005,42.0
3324.823411473677,6916.0,10546.0,234.7733872796191,5,100.0,False,0,7346.253000000001,42.0
3339.934597882767,6932.0,10399.0,241.63410303655425,5,100.0,False,0,7346.473,42.0
3349.6255555555567,6941.480226428305,10303.880224789933,246.0,6,100.0,False,0,7346.613,42.0
3352.3966497361585,6944.0,10277.0,246.45454545454547,6,100.0,False,0,7346.653,42.0
3378.8882414310315,6964.0,10015.0,250.7727301818182,6,100.0,False,0,7347.033,42.0
3380.303333333334,6964.997477132032,9998.660940106525,251.0,6,100.0,False,0,7347.053000000001,42.0
3394.5744151054837,6974.0,9832.0,256.0,6,100.0,False,0,7347.253000000001,42.0
3397.436666666667,6975.140160180237,9805.08460616284,257.0,6,100.0,False,0,7347.293000000001,42.0
3410.329299268492,6978.0,9703.0,257.90000128,6,100.0,False,0,7347.473,42.0
3411.7700000000004,6978.27551361202,9690.561112373229,258.0,6,100.0,False,0,7347.493,42.0
3435.1193937202643,6983.0,9457.0,262.44444444444446,6,100.0,False,0,7347.813,42.0
3438.0700000000006,6983.692661240562,9427.344118635676,263.0,6,100.0,False,0,7347.853,42.0
3449.934688942617,6987.0,9310.0,265.22222222222223,6,100.0,False,0,7348.013000000001,42.0
3464.870000000001,6993.0,9163.0,268.0,7,100.0,False,0,7348.213000000001,42.0
3476.8700000000003,6998.0,9049.0,270.0,7,100.0,False,0,7348.3730000000005,42.0
3488.9322196497137,7007.0,8933.0,271.14285714285717,7,100.0,False,0,7348.533,42.0
3498.025555555556,7014.983729951578,8850.989031445104,272.0,7,100.0,False,0,7348.653,42.0
3508.6885082004546,7030.0,8739.0,273.3125024,7,99.1249984,False,0,7348.793000000001,42.0
3522.4700000000007,7065.805324238252,8534.161765667175,275.0,7,98.0,False,0,7348.973,42.0
3527.077717972161,7079.0,8468.0,275.3750016,7,96.6874944,False,0,7349.033,42.0
3547.0922222222225,7132.977451560694,8247.629383212732,277.0,7,91.0,False,0,7349.293000000001,42.0
3553.2465746896382,7146.0,8199.0,277.0,7,89.4,False,0,7349.3730000000005,42.0
3562.4811111111117,7161.097110778464,8141.720519117644,277.0,7,87.0,False,0,7349.493,42.0
3587.189965865029,7213.0,7977.0,277.8888888888889,7,80.77777777777777,False,0,7349.813,42.0
3590.2811111111114,7227.06127151418,7937.586675555762,278.0,7,80.0,False,0,7349.853,42.0
3607.2807511372152,7319.0,7688.0,276.99999883636366,7,75.99999534545455,False,0,7350.073,42.0
3624.0144444444445,7366.848960130201,7569.988361472528,276.0,7,72.0,True,0,7350.293000000001,42.0
3641.5949709768256,7411.0,7460.0,268.3781311886096,7,32.801817541420675,True,0,7350.532,42.0
3655.9638888888894,7478.0,7268.0,262.0,7,0.0,False,0,7350.732,42.0
3678.5416666666665,7526.570872513654,7066.856938337722,254.0,6,21.0,False,0,7351.052000000001,42.0
3684.120343305586,7532.0,7028.0,252.4,6,26.6,False,0,7351.1320000000005,42.0
3692.4305555555557,7537.994479087829,6971.976975781168,250.0,6,35.0,False,0,7351.252,42.0
3702.015255270172,7539.0,6895.0,247.66666666666666,6,39.666666666666664,False,0,7351.392000000001,42.0
3708.8305555555553,7533.705905758927,6820.972441634669,246.0,6,43.0,False,0,7351.492,42.0
3725.1638888888892,7508.066053138123,6620.231897488401,245.0,6,46.0,False,0,7351.732,42.0
3726.517442273779,7506.0,6607.0,244.75,6,46.5,False,0,7351.752,42.0
3735.963888888889,7492.5190585350965,6533.1979716963815,243.0,6,50.0,False,0,7351.892000000001,42.0
3746.7638888888887,7472.0,6447.0,243.0,6,58.0,False,0,7352.052000000001,42.0
3765.663888888889,7413.0,6211.0,243.0,6,64.0,False,0,7352.332,42.0
3781.797222222222,7385.757582179521,6099.653655285205,242.0,6,30.0,True,0,7352.572,42.0
3787.135026572938,7377.0,6060.0,239.16500224,6,17.8500096,True,0,7352.653,42.0
3794.8527777777776,7361.357761505082,5985.651584243539,235.0,6,0.0,True,0,7352.772000000001,42.0
3803.8005456513806,7343.0,5888.0,230.31949445828897,6,0.0,True,0,7352.9130000000005,42.0
3810.0491666666667,7333.496070382892,5824.088564886819,227.0,6,0.0,True,0,7353.013000000001,42.0
3817.4677913967225,7325.0,5752.0,224.375,6,0.75,True,0,7353.133000000001,42.0
3829.604722222223,7317.0,5631.0,220.0,5,2.0,False,0,7353.3330000000005,42.0
3843.7133762004037,7329.0,5446.0,214.54545454545453,5,10.727272727272727,False,0,7353.573,42.0
3855.2713888888893,7346.080028029436,5358.937509293954,210.0,5,18.0,False,0,7353.773,42.0
3862.1871896119337,7362.0,5311.0,209.0,5,25.666666666666664,False,0,7353.893,42.0
3875.971388888889,7411.0,5181.0,207.0,5,41.0,False,0,7354.133000000001,42.0
3890.8461092447287,7480.0,5046.0,206.07142765714286,5,46.57143405714286,False,0,7354.393,42.0
3891.9936111111115,7485.540668894292,5036.276542635941,206.0,5,47.0,False,0,7354.4130000000005,42.0
3903.4906920493736,7546.0,4935.0,206.0,5,52.0,False,0,7354.613,42.0
3908.015833333334,7577.427523516716,4882.525613172156,206.0,5,54.0,True,0,7354.693,42.0
3915.7616529973147,7634.0,4787.0,201.624992,5,30.3749568,True,0,7354.8330000000005,42.0
3925.438055555556,7681.770324638186,4702.403073316909,196.0,5,0.0,True,0,7355.013000000001,42.0
3934.8530088338707,7714.0,4631.0,188.79998976,5,0.0,True,0,7355.193,42.0
3935.8825000000006,7717.462456906313,4621.933829567526,188.0,5,0.0,True,0,7355.213000000001,42.0
3944.015833333334,7744.308773141363,4541.248664068056,183.0,4,0.0,True,0,7355.3730000000005,42.0
3952.060277777779,7767.97855845166,4455.460268575852,181.0,4,0.0,True,0,7355.533,42.0
3959.0299384054747,7781.0,4405.0,179.8333312,4,1.7500031999999999,True,0,7355.673000000001,42.0
3963.993611111112,7785.60832504704,4384.70787168634,179.0,4,3.0,False,0,7355.773,42.0
3969.9559054520014,7787.0,4356.0,179.0,4,3.0,False,0,7355.893,42.0
3975.926944444445,7785.188366391991,4294.762770354073,179.0,4,3.0,False,0,7356.013000000001,42.0
3986.8734849957405,7775.0,4151.0,179.0,4,3.0,False,0,7356.233,42.0
3987.8602777777787,7773.767702470331,4140.9376682894635,179.0,4,3.0,False,0,7356.253000000001,42.0
4001.5491666666676,7749.386267300901,4042.132781619548,176.0,4,3.0,False,0,7356.533,42.0
4003.5163290237037,7744.0,4027.0,176.0,4,3.0,False,0,7356.573,42.0
4015.238055555556,7700.871710485505,3916.6977465699097,176.0,4,3.0,False,0,7356.813,42.0
4018.9581320830093,7685.0,3881.0,171.0,4,6.0,False,0,7356.893,42.0
4021.702692468519,7673.0,3856.0,167.249984,4,8.250009599999998,False,0,7356.953,42.0
4022.615833333334,7668.847043764981,3847.7480462780327,166.0,4,9.0,False,0,7356.973,42.0
4030.755466897844,7628.0,3775.0,164.72142811428571,4,24.982148571428574,False,0,7357.152,42.0
4035.3713888888897,7602.92880203917,3736.223710599831,164.0,4,34.0,False,0,7357.253000000001,42.0
4041.7915980392136,7566.0,3685.0,165.74477021060548,4,42.14226098282551,False,0,7357.392000000001,42.0
4046.4583333333335,7537.453243961951,3648.863821698206,167.0,4,48.0,False,0,7357.492,42.0
4051.164785559241,7507.0,3614.0,168.13636363636363,4,51.18181818181818,False,0,7357.592000000001,42.0
4059.737732085272,7447.0,3556.0,170.1818181818182,4,56.90909090909091,False,0,7357.772000000001,42.0
4067.4805555555554,7388.900002845117,3508.540734909612,172.0,4,62.0,False,0,7357.932000000001,42.0
4071.3967400854253,7356.0,3485.0,174.0,4,64.8,False,0,7358.012000000001,42.0
4077.313888888889,7300.072035328192,3448.9809787188933,177.0,4,69.0,False,0,7358.1320000000005,42.0
4087.313888888889,7200.9676123269855,3391.9353837742137,180.0,4,76.0,False,0,7358.332,42.0
4088.342790192232,7192.0,3387.0,180.85714285714286,4,76.5,False,0,7358.352000000001,42.0
4102.247222222222,7088.0,3333.0,192.0,4,83.0,False,0,7358.612,42.0
4111.136111111111,7023.026286773556,3300.706844030454,200.0,4,86.0,False,0,7358.772000000001,42.0
4121.299512504928,6927.0,3241.0,203.21428571428572,4,83.42857142857143,False,0,7358.952,42.0
4127.080555555555,6853.546354907491,3185.894884486034,205.0,4,82.0,False,0,7359.052000000001,42.0
4131.85740363845,6796.0,3140.0,207.7843728,4,82.7593744,False,0,7359.133000000001,42.0
4146.280555555556,6689.6718993084905,3041.8201212788185,216.0,5,85.0,False,0,7359.372,42.0
4156.074722222223,6634.70036608495,2981.4359025271233,219.0,5,98.0,False,0,7359.533,42.0
4157.312260277913,6627.0,2973.0,219.54546152727272,5,98.09091025454545,False,0,7359.553000000001,42.0
4179.109812056872,6476.0,2803.0,228.8181818181818,5,99.63636363636364,False,0,7359.893,42.0
4184.308055555556,6441.072287607248,2758.9714649798275,231.0,5,100.0,False,0,7359.973,42.0
4199.974722222222,6343.965308745839,2623.2801866494838,235.0,5,100.0,False,0,7360.213000000001,42.0
4209.338663699202,6298.0,2554.0,238.1111168,5,100.0,False,0,7360.353,42.0
4224.274722222222,6242.516631165045,2463.417977999843,243.0,6,100.0,False,0,7360.573,42.0
4229.698969955805,6221.0,2426.0,244.0,6,100.0,False,0,7360.653,42.0
4235.163611111111,6196.815006043809,2383.1425986897334,245.0,6,100.0,False,0,7360.733,42.0
4251.963611111112,6114.645365660316,2231.829288245818,252.0,6,100.0,False,0,7360.973,42.0
4253.367730450837,6108.0,2219.0,252.1250016,6,100.0,False,0,7360.993,42.0
4261.794699854201,6070.0,2144.0,252.8750016,6,100.0,False,0,7361.113,42.0
4263.208055555557,6064.244721090837,2132.596104729123,253.0,6,100.0,False,0,7361.133000000001,42.0
4274.630277777778,6018.150416648025,2040.895624413026,257.0,6,100.0,False,0,7361.293000000001,42.0
4277.511470114248,6000.0,2004.0,257.6666666666667,6,96.66666666666667,False,0,7361.3330000000005,42.0
4289.117634623705,5905.0,1809.0,260.3333333333333,6,83.33333333333333,False,0,7361.493,42.0
4292.030277777779,5887.438794732532,1772.9674875663977,261.0,6,80.0,False,0,7361.533,42.0
4303.719166666668,5856.942891130808,1710.9663642503501,263.0,6,82.0,False,0,7361.693,42.0
4315.503042388882,5834.0,1664.0,264.5,6,85.5,False,0,7361.853,42.0
4327.363611111112,5784.215833235955,1560.6625197673593,266.0,6,89.0,False,0,7362.013000000001,42.0
4333.313456215494,5757.0,1504.0,267.0,6,90.5,False,0,7362.093000000001,42.0
4339.274722222223,5731.494675356245,1450.8063522585394,268.0,7,92.0,False,0,7362.173000000001,42.0
4351.230277777779,5681.424307540369,1346.1529442726023,269.0,7,91.0,False,0,7362.3330000000005,42.0
4354.22891209945,5667.0,1316.0,269.2857142857143,7,92.0,False,0,7362.3730000000005,42.0
4372.308055555556,5569.713112938328,1112.6132549125173,271.0,7,98.0,False,0,7362.613,42.0
4375.335122868283,5557.0,1086.0,271.4,7,98.4,False,0,7362.653,42.0
4387.474722222222,5522.66806915719,1013.9506978585445,273.0,7,100.0,False,0,7362.813,42.0
4393.554426404511,5506.0,979.0,273.25,7,99.5,False,0,7362.893,42.0
4411.830277777778,5433.563896796609,827.6452681933913,274.0,7,98.0,False,0,7363.133000000001,42.0
4419.463638887013,5394.0,745.0,274.3571437714286,7,97.64285622857143,False,0,7363.233,42.0
4433.219166666667,5311.706233008561,573.0174263056558,275.0,7,97.0,False,0,7363.4130000000005,42.0
4439.33170208723,5282.0,511.0,275.0,7,96.33333333333333,False,0,7363.493,42.0
4457.588028692094,5229.0,401.0,275.0,7,94.34166613333333,False,0,7363.732,42.0
4469.885833333334,5178.29612191439,296.4062922311505,275.0,7,93.0,False,0,7363.893,42.0
4480.50388232603,5129.0,195.0,275.0,7,95.6062512,False,0,7364.032,42.0
4482.108055555555,5121.868577044688,180.36281237406254,275.0,7,96.0,False,0,7364.053000000001,42.0
4489.670593627106,5089.0,113.0,275.0,7,96.45102528276625,False,0,7364.152,42.0
4511.05944826865,4996.0,-78.0,275.0,7,97.72665152048816,False,0,7364.432000000001,42.0
4515.642777777777,4976.201240133197,-119.30153576387492,275.0,7,98.0,False,0,7364.492,42.0
4526.337225541887,4930.0,-216.0,275.0,7,98.0,False,0,7364.6320000000005,42.0
4530.920555555555,4909.997389114995,-257.4201579350235,275.0,7,98.0,False,0,7364.692,42.0
4540.087198403164,4870.0,-340.0,275.0,7,99.2,False,0,7364.812000000001,42.0
4546.198333333334,4843.812910523804,-394.6372047212677,275.0,7,100.0,False,0,7364.892000000001,42.0
4555.365139932588,4804.0,-478.0,275.0,7,100.0,False,0,7365.012000000001,42.0
4561.476111111112,4775.929776892753,-536.3740153627516,275.0,7,100.0,False,0,7365.092000000001,42.0
4579.809444444445,4683.386896644088,-727.6412966761865,275.0,7,100.0,False,0,7365.332,42.0
4581.337798418325,4675.0,-745.0,275.0,7,100.0,False,0,7365.352000000001,42.0
4607.309444444445,4531.483936207585,-1042.5904158501626,275.0,7,100.0,False,0,7365.692,42.0
4608.909367653918,4525.0,-1056.0,274.9124992,7,99.8249984,False,0,7365.713000000001,42.0
4625.5761111111115,4481.948531503729,-1144.4096298992933,274.0,7,98.0,False,0,7365.932000000001,42.0
4639.397430522411,4431.0,-1248.0,274.9004987543877,7,98.0,False,0,7366.113,42.0
4640.930277777778,4422.191857364303,-1265.9311781500644,275.0,7,98.0,False,0,7366.133000000001,42.0
4656.319166666667,4316.0,-1482.0,277.0,7,100.0,False,0,7366.3330000000005,42.0
4685.6608318603485,4192.0,-1731.0,277.95000064,7,100.0,False,0,7366.713000000001,42.0
4687.208055555555,4185.007156067004,-1744.9938076808626,278.0,7,100.0,False,0,7366.733,42.0
4702.708055555555,4104.5756087070495,-1906.1208798681864,279.0,7,100.0,False,0,7366.933,42.0
4713.620799379421,4053.0,-2009.0,279.8750016,7,100.0,False,0,7367.073,42.0
4727.685833333333,4004.890431282756,-2103.8085434981745,281.0,7,100.0,False,0,7367.253000000001,42.0
4743.296944444443,3961.9453691324543,-2186.7218722253074,281.0,7,100.0,False,0,7367.453,42.0
4749.568429388392,3939.0,-2231.0,281.5,7,100.0,False,0,7367.533,42.0
4768.452499999999,3853.0,-2397.0,283.0,7,100.0,False,0,7367.773,42.0
4785.739609329088,3773.0,-2551.0,283.0,7,95.2857088,False,0,7367.993,42.0
4790.46361111111,3750.8202475333615,-2593.3620293390113,283.0,7,94.0,False,0,7368.053000000001,42.0
4798.353361668366,3714.0,-2663.0,283.3571437714286,7,92.21428114285715,False,0,7368.153,42.0
4812.5525,3646.0,-2788.0,284.0,7,89.0,False,0,7368.3330000000005,42.0
4834.402450155808,3501.0,-3050.0,280.8888888888889,7,26.77777777777778,False,0,7368.613,42.0
4840.5525,3478.1319027078766,-3090.37583313167,280.0,7,9.0,True,0,7368.693,42.0
4852.685869579448,3447.0,-3143.0,273.6,7,1.7999999999999998,True,0,7368.853,42.0
4855.663611111111,3435.310222620191,-3162.7480110599854,272.0,7,0.0,True,0,7368.893,42.0
4874.397186624538,3332.0,-3335.0,260.6249888,7,0.0,True,0,7369.153,42.0
4878.596944444444,3309.4791938175276,-3370.6079706728697,258.0,7,0.0,True,0,7369.213000000001,42.0
4889.5996494573765,3246.0,-3464.0,250.57142857142858,7,0.0,True,0,7369.3730000000005,42.0
4897.652499999999,3179.1797214532367,-3554.1945264631745,245.0,6,0.0,True,0,7369.493,42.0
4904.226874553644,3124.0,-3626.0,241.38887964444444,6,0.0,True,0,7369.593000000001,42.0
4920.852499999999,3032.0902704260516,-3735.4711309578997,232.0,5,0.0,True,0,7369.853,42.0
4932.117771310348,2971.0,-3795.0,225.69999104,5,0.0,True,0,7370.033,42.0
4933.352499999999,2962.772422006134,-3802.666454338355,225.0,5,0.0,True,0,7370.053000000001,42.0
4941.8845033149755,2900.0,-3859.0,219.7499904,5,0.0,True,0,7370.193,42.0
4943.085833333333,2891.0913335591204,-3866.535989614454,219.0,5,0.0,True,0,7370.213000000001,42.0
4952.493857795958,2816.0,-3923.0,213.0374976,5,0.0,True,0,7370.372,42.0
4952.552499999999,2815.431438252732,-3923.3716885420404,213.0,5,0.0,True,0,7370.3730000000005,42.0
4968.808055555554,2623.649888868741,-4029.7154772405643,209.0,5,4.0,False,0,7370.653,42.0
4969.903273591916,2613.0,-4035.0,208.71356696649102,5,4.763821422690597,False,0,7370.6720000000005,42.0
4980.195277777776,2542.2718372392956,-4066.1041785288617,206.0,5,12.0,False,0,7370.852000000001,42.0
4991.266032060599,2478.0,-4083.0,200.16666666666666,5,17.0,False,0,7371.052000000001,42.0
4993.461944444443,2460.044474013665,-4087.285362208422,199.0,5,18.0,False,0,7371.092000000001,42.0
5002.217499999999,2374.104257168393,-4105.944108355381,197.0,4,21.0,False,0,7371.252,42.0
5005.464546948516,2341.0,-4111.0,196.0,4,23.0,False,0,7371.312000000001,42.0
5015.084166666666,2244.7360521115193,-4116.787576822488,193.0,4,29.0,False,0,7371.492,42.0
5020.373950295779,2192.0,-4115.0,191.5,4,27.0,False,0,7371.592000000001,42.0
5025.639722222221,2139.199107053276,-4110.159955414764,190.0,4,25.0,False,0,7371.692,42.0
5034.039722222221,2055.321837352303,-4096.246268879388,189.0,4,28.0,False,0,7371.852000000001,42.0
5035.086868780622,2045.0,-4094.0,188.9400599362276,4,28.05994006377239,False,0,7371.872,42.0
5085.758055555554,1596.4984731229376,-3864.3176830076654,186.0,4,31.0,False,0,7372.853,42.0
5086.783220459708,1589.0,-3858.0,185.7499968,4,28.1249632,False,0,7372.8730000000005,42.0
5093.935833333332,1538.4306618038822,-3812.2182816599766,184.0,4,8.0,False,0,7373.013000000001,42.0
5096.969160429593,1517.0,-3791.0,183.2499968,4,6.749994666666667,False,0,7373.073,42.0
5106.0025,1452.563517903719,-3720.869907388619,181.0,4,3.0,False,0,7373.253000000001,42.0
5108.019006802161,1439.0,-3705.0,181.0,4,3.0,False,0,7373.293000000001,42.0
5116.058055555554,1388.931965012135,-3642.398858450113,181.0,4,3.0,False,0,7373.453,42.0
5120.946393841653,1360.0,-3603.0,177.99999232,4,10.000017920000001,False,0,7373.553000000001,42.0
5125.780277777777,1332.308554212938,-3562.843897317867,175.0,4,17.0,False,0,7373.653,42.0
5129.653487960189,1311.0,-3530.0,174.5,4,15.5,False,0,7373.733,42.0
5133.513611111111,1290.406725256552,-3496.3896581341933,174.0,4,14.0,False,0,7373.813,42.0
5138.294353521243,1266.0,-3455.0,173.16666453333335,4,23.166690133333333,False,0,7373.9130000000005,42.0
5144.980277777778,1234.2726459360335,-3400.440193056282,172.0,4,36.0,False,0,7374.053000000001,42.0
5147.878371499578,1218.0,-3371.0,172.7500032,4,34.8749952,False,0,7374.113,42.0
5160.624722222222,1127.0,-3198.0,176.0,4,30.0,False,0,7374.3730000000005,42.0
5184.624722222222,1036.0,-3033.0,180.0,4,52.0,False,0,7374.853,42.0
5196.964965423837,985.0,-2946.0,184.0,4,54.666666666666664,False,0,7375.093000000001,42.0
5203.224722222222,953.1356243673997,-2895.736203943549,186.0,4,56.0,False,0,7375.213000000001,42.0
5211.669166666667,905.9789176301241,-2824.811773444383,190.0,4,64.0,False,0,7375.3730000000005,42.0
5212.735241637061,900.0,-2816.0,190.40000512,4,64.70000896,False,0,7375.393,42.0
5222.446944444445,845.4455064556612,-2737.3183841232208,194.0,4,71.0,False,0,7375.573,42.0
5227.93836510206,814.0,-2693.0,196.14286262857144,4,73.85715017142857,False,0,7375.673000000001,42.0
5236.872424403796,762.0,-2621.0,199.57143405714285,4,78.42857874285714,False,0,7375.8330000000005,42.0
5238.0025000000005,755.554554074863,-2612.22937251345,200.0,4,79.0,False,0,7375.853,42.0
5247.158055555556,701.0,-2539.0,206.0,4,81.0,False,0,7376.013000000001,42.0
5258.935833333334,607.394208537885,-2413.19498125729,212.0,5,85.0,False,0,7376.213000000001,42.0
5262.530945620569,582.0,-2379.0,213.875008,5,86.875008,False,0,7376.273,42.0
5268.580277777778,547.2927955003038,-2332.1955196067856,217.0,5,90.0,False,0,7376.3730000000005,42.0
5283.380277777778,486.5546327132085,-2249.617658995011,222.0,5,93.0,False,0,7376.613,42.0
5284.632435374564,481.0,-2242.0,222.625008,5,93.8750112,False,0,7376.633000000001,42.0
5293.469166666667,438.62600243505307,-2183.7062619228127,227.0,5,100.0,False,0,7376.773,42.0
5298.493700247724,413.0,-2149.0,227.9875008,5,100.0,False,0,7376.852000000001,42.0
5304.8876804823785,379.0,-2104.0,229.2375008,5,100.0,False,0,7376.952,42.0
5308.8025,356.05063552740893,-2074.193365849972,230.0,5,100.0,False,0,7377.013000000001,42.0
5320.357936333116,284.0,-1982.0,232.2375008,5,100.0,False,0,7377.192,42.0
5324.3358333333335,261.55766169730697,-1953.2957215545543,233.0,6,100.0,False,0,7377.253000000001,42.0
5337.558055555555,186.12903537949796,-1858.5743094432266,238.0,6,92.0,False,0,7377.453,42.0
5341.51366422944,153.0,-1819.0,238.74058637908985,6,89.77824086273048,False,0,7377.512000000001,42.0
5353.557777777778,25.764732986442006,-1670.6556563379681,241.0,6,83.0,True,0,7377.692,42.0
5354.865095920705,14.0,-1657.0,239.92857142857142,6,77.07142857142857,True,0,7377.712,42.0
5371.135555555556,-64.94663569535437,-1565.4176431380251,226.0,6,0.0,True,0,7377.972000000001,42.0
5378.098225082879,-116.0,-1508.0,217.9,6,0.0,True,0,7378.092000000001,42.0
5390.076244110125,-269.0,-1337.0,203.05,6,0.0,True,0,7378.312000000001,42.0
5393.246666666667,-298.24194839333325,-1304.1083219199284,199.0,5,0.0,True,0,7378.372,42.0
5403.524444444444,-336.78820585054484,-1259.4846926929845,185.0,4,0.0,True,0,7378.572,42.0
5411.295914137569,-364.0,-1229.0,176.42857142857142,4,0.0,True,0,7378.732,42.0
5416.746666666667,-399.869169192447,-1190.1334231145934,170.0,3,0.0,True,0,7378.852000000001,42.0
5421.8468914821915,-440.0,-1147.0,160.9250048,3,0.0,True,0,7378.973,42.0
5426.60307529317,-475.0,-1110.0,151.9250048,3,0.0,True,0,7379.093000000001,42.0
5429.724444444445,-497.72841674494595,-1087.96562000235,146.0,3,0.0,True,0,7379.1720000000005,42.0
5433.718420811386,-527.0,-1062.0,143.49067746213265,3,0.0,True,0,7379.273,42.0
5436.075000000001,-544.5180101070181,-1047.5599072623897,142.0,3,0.0,True,0,7379.3330000000005,42.0
5439.952704862983,-574.0,-1025.0,139.4999936,3,0.0,True,0,7379.433,42.0
5442.208333333334,-591.9213696151903,-1012.2648145076811,138.0,2,0.0,True,0,7379.493,42.0
5449.263888888889,-652.828574020337,-974.3634276815532,127.0,2,0.0,True,0,7379.693,42.0
5449.949600786348,-659.0,-971.0,126.57142308571429,2,0.0,True,0,7379.713000000001,42.0
5456.688559358977,-721.0,-942.0,122.2857088,2,0.0,True,0,7379.9130000000005,42.0
5458.675,-739.2726239269838,-935.1792932826054,121.0,2,0.0,True,0,7379.973,42.0
5463.919444444445,-787.4568877558564,-921.4404658702448,118.0,2,0.0,True,0,7380.133000000001,42.0
5465.892054283706,-806.0,-918.0,118.0,2,0.0,True,0,7380.193,42.0
5469.16388888889,-837.6998270073858,-914.3290635038056,118.0,2,0.0,True,0,7380.293000000001,42.0
5471.089971109839,-857.0,-913.0,116.83332835555555,2,0.0,True,0,7380.353,42.0
5478.495830198718,-934.0,-913.0,112.1666616888889,2,0.0,True,0,7380.593000000001,42.0
5480.26388888889,-952.2436965025529,-914.8285416558906,111.0,2,0.0,True,0,7380.653,42.0
5485.360906647167,-1004.0,-925.0,106.04999296,2,2.2500032,True,0,7380.8330000000005,42.0
5490.279269258164,-1052.0,-942.0,101.1,2,4.5,True,0,7381.013000000001,42.0
5491.375000000001,-1062.2679810206441,-946.7608465350114,100.0,2,5.0,False,0,7381.053000000001,42.0
5497.421504328181,-1116.0,-978.0,99.2142848,2,10.5000064,False,0,7381.273,42.0
5499.075000000001,-1129.6451374884737,-987.1766075719826,99.0,2,12.0,False,0,7381.3330000000005,42.0
5502.386725297985,-1157.0,-1007.0,99.42857142857143,2,12.857142857142858,False,0,7381.453,42.0
5506.852777777778,-1197.6312912150916,-1038.6809180299458,100.0,2,14.0,False,0,7381.613,42.0
5508.557490856438,-1212.0,-1050.0,100.60000256,2,15.20000512,False,0,7381.673000000001,42.0
5514.929898473739,-1258.0,-1085.0,102.8,2,19.6,False,0,7381.893,42.0
5518.408333333334,-1285.42450850589,-1103.7869947110707,104.0,2,22.0,False,0,7382.013000000001,42.0
5525.275,-1345.9446554375788,-1139.2964429148185,103.0,2,0.0,True,0,7382.253000000001,42.0
5526.394613451241,-1356.0,-1144.0,102.33333333333333,2,0.0,True,0,7382.293000000001,42.0
5530.792784944198,-1396.0,-1159.0,99.66666666666667,2,0.0,True,0,7382.453,42.0
5531.875,-1406.1028776508765,-1161.8563135228337,99.0,2,0.0,False,0,7382.493,42.0
5535.613003386943,-1442.0,-1169.0,96.3749952,2,0.0,False,0,7382.633000000001,42.0
5536.141666666666,-1447.206752234914,-1169.6355166002545,96.0,2,0.0,False,0,7382.653,42.0
5542.408333333334,-1509.9902760636612,-1170.3747655735037,94.0,2,1.0,False,0,7382.893,42.0
5542.927402420322,-1515.0,-1170.0,93.94444373333333,2,1.2777813333333334,False,0,7382.9130000000005,42.0
5547.586814493905,-1562.0,-1163.0,93.44444444444444,2,3.7777777777777777,False,0,7383.093000000001,42.0
5551.708333333333,-1620.9788665617311,-1148.009813288846,93.0,2,6.0,False,0,7383.253000000001,42.0
5552.222104766349,-1628.0,-1146.0,92.94999936,2,6.60000768,False,0,7383.273,42.0
5561.930555555556,-1719.690846846411,-1111.4446779219056,92.0,2,18.0,False,0,7383.653,42.0
5563.939775582734,-1734.0,-1105.0,92.0,2,19.58000128,False,0,7383.732,42.0
5567.041666666667,-1754.6522757519408,-1095.5757936007353,92.0,2,22.0,False,0,7383.853,42.0
5571.263888888889,-1785.4099361875742,-1078.890661819939,95.0,2,22.0,False,0,7384.013000000001,42.0
5571.773942200137,-1790.0,-1076.0,95.3562512,2,22.8312528,False,0,7384.032,42.0
5575.6194444444445,-1830.5054536665173,-1048.3220505223792,98.0,2,29.0,False,0,7384.173000000001,42.0
5579.530822880171,-1870.0,-1019.0,101.05015753225679,2,35.53605185483599,False,0,7384.312000000001,42.0
5584.92361111111,-1903.697361520522,-990.6869369804684,105.0,2,44.0,False,0,7384.492,42.0
5590.855960941588,-1933.0,-960.0,117.6,2,53.9,False,0,7384.6720000000005,42.0
5591.534722222222,-1936.928659756638,-955.6244782371003,119.0,2,55.0,False,0,7384.692,42.0
5598.479166666666,-1981.5154684738675,-903.5056392296397,125.0,2,58.0,False,0,7384.892000000001,42.0
5599.191444179656,-1986.0,-898.0,125.58333333333333,2,58.333333333333336,False,0,7384.912,42.0
5604.275836316226,-2017.0,-859.0,129.66666666666666,2,60.666666666666664,False,0,7385.052000000001,42.0
5607.279166666666,-2035.6269302523033,-836.0931586289289,132.0,2,62.0,False,0,7385.1320000000005,42.0
5612.725290033424,-2069.0,-795.0,137.83333333333334,2,63.166666666666664,False,0,7385.272000000001,42.0
5616.7458333333325,-2091.9042614268155,-764.995117924317,142.0,2,64.0,False,0,7385.372,42.0
5619.2461576167225,-2106.0,-745.0,143.7156304,2,63.8093744,False,0,7385.433,42.0
5630.168055555556,-2168.325535883976,-640.8245140087399,151.0,3,63.0,False,0,7385.692,42.0
5634.483339744532,-2188.0,-603.0,153.50932253786735,3,65.50932253786735,False,0,7385.793000000001,42.0
5637.1,-2197.5432795360002,-583.0745865204971,155.0,3,67.0,False,0,7385.853,42.0
5648.099999999999,-2225.5304617540633,-512.6556631596163,165.0,3,72.0,False,0,7386.093000000001,42.0
5649.039845041853,-2228.0,-506.0,165.5833408,3,71.9166656,False,0,7386.113,42.0
5659.566666666667,-2258.8154954172373,-417.77652363246847,172.0,3,71.0,False,0,7386.3330000000005,42.0
5663.496327534106,-2271.0,-371.0,175.0,3,71.5,False,0,7386.4130000000005,42.0
5667.477777777777,-2283.4880195001424,-313.8587140179358,178.0,4,72.0,False,0,7386.493,42.0
5672.520819813282,-2297.0,-245.0,180.5000064,4,71.49999872,False,0,7386.593000000001,42.0
5677.644444444443,-2304.783028696425,-202.0646878097096,183.0,4,71.0,False,0,7386.693,42.0
5688.153776700948,-2309.0,-132.0,187.44444444444446,4,71.0,False,0,7386.893,42.0
5696.744444444444,-2310.403270911735,1.0475837262513559,191.0,4,71.0,False,0,7387.053000000001,42.0
5702.170759912814,-2310.0,81.0,193.08333866666666,4,65.16665173333334,False,0,7387.153,42.0
5709.811111111111,-2307.2097451766526,152.0438045629429,196.0,4,57.0,False,0,7387.293000000001,42.0
5725.110417848806,-2291.0,233.0,196.7,4,46.5,False,0,7387.573,42.0
5731.699999999999,-2277.9252665115805,294.5256959963708,197.0,5,42.0,False,0,7387.693,42.0
5737.214346671067,-2265.0,350.0,198.2500032,5,53.8750304,False,0,7387.793000000001,42.0
5740.544444444445,-2256.670921128959,381.45482914507323,199.0,5,61.0,False,0,7387.853,42.0
5746.142997491407,-2239.0,436.0,200.8750048,5,64.7500096,False,0,7387.953,42.0
5749.522222222222,-2223.6811801830286,474.45745941588507,202.0,5,67.0,False,0,7388.013000000001,42.0
5757.447751066534,-2181.0,569.0,203.50000274285713,5,70.00000548571428,False,0,7388.153,42.0
5765.466666666666,-2145.1790020623675,641.2834101014041,205.0,5,73.0,False,0,7388.293000000001,42.0
5771.27466264025,-2116.0,693.0,208.125008,5,75.5000064,False,0,7388.393,42.0
5774.799999999999,-2094.4621876307674,728.6258250948478,210.0,5,77.0,False,0,7388.453,42.0
5784.355555555555,-2029.0372663968044,830.7633775603053,215.0,5,82.0,False,0,7388.613,42.0
5786.76762685768,-2015.0,852.0,215.66666666666666,5,83.16666666666667,False,0,7388.653,42.0
5798.955555555555,-1964.5551950422273,924.1057655909032,219.0,5,89.0,False,0,7388.853,42.0
5808.887775796762,-1922.0,982.0,222.42857142857142,5,95.28571428571429,False,0,7389.013000000001,42.0
5816.4555555555535,-1876.2543523011202,1045.461829004507,225.0,5,100.0,False,0,7389.133000000001,42.0
5824.131819082277,-1826.0,1115.0,228.0,5,100.0,False,0,7389.253000000001,42.0
5833.683095452075,-1768.2619000681407,1193.3985118617684,231.6750016,5,100.0,False,0,7389.400000000001,42.0
0.5706038683296508,-1779.6824201800569,1178.733764454579,231.6750016,5,100.0,False,0,7389.4,43.0
4.023611111111109,-1755.2168849950842,1211.1684510854977,233.0,5,100.0,False,0,7389.4529999999995,43.0
6.635730142663429,-1734.0,1239.0,233.66666666666666,5,100.0,False,0,7389.4929999999995,43.0
19.823611111111106,-1606.5117099498914,1403.539526332543,237.0,6,100.0,False,0,7389.692999999999,43.0
21.16253138263109,-1596.0,1417.0,237.5625072,6,100.0,False,0,7389.713,43.0
41.69027777777777,-1512.3575756949133,1522.114618546432,246.0,6,100.0,False,0,7390.013,43.0
47.20626216909406,-1486.0,1555.0,247.7555569777778,6,100.0,False,0,7390.092,43.0
54.249295869171846,-1443.0,1609.0,249.9777792,6,100.0,False,0,7390.192,43.0
67.09027777777777,-1372.214478043217,1700.1328306156518,254.0,6,100.0,False,0,7390.373,43.0
75.57092832147826,-1315.0,1777.0,256.2312512,6,100.0,False,0,7390.491999999999,43.0
78.51249999999999,-1290.8432193703525,1809.9659922211217,257.0,6,100.0,False,0,7390.532999999999,43.0
91.50815236506322,-1179.0,1964.0,260.729168,6,100.0,False,0,7390.7119999999995,43.0
95.97916666666666,-1152.8081853754406,1999.9692777633259,262.0,6,100.0,False,0,7390.772999999999,43.0
115.14725146839743,-1084.0,2094.0,265.6072425881239,6,98.55710296475044,False,0,7391.031999999999,43.0
122.60499999999999,-1042.5909976550333,2151.375047356586,267.0,6,98.0,False,0,7391.132,43.0
128.58850106846702,-1006.0,2202.0,267.8,6,98.4,False,0,7391.2119999999995,43.0
149.6773476634052,-882.0,2372.0,270.6,6,99.8,False,0,7391.491999999999,43.0
152.7161111111111,-864.863163273038,2395.582447039033,271.0,7,100.0,False,0,7391.531999999999,43.0
164.94143003974366,-793.0,2495.0,273.85714285714283,7,100.0,False,0,7391.692,43.0
174.18277777777774,-725.7961444639838,2588.472893877686,276.0,7,100.0,False,0,7391.812,43.0
189.79531662182006,-614.0,2745.0,278.5124992,7,100.0,False,0,7392.013,43.0
199.07166666666666,-572.7734105408279,2803.8027525909806,280.0,7,100.0,False,0,7392.132,43.0
211.62442982652598,-525.0,2874.0,280.5729536393916,7,100.0,False,0,7392.293,43.0
221.00527777777774,-474.043842145878,2949.6695170452635,281.0,7,100.0,False,0,7392.413,43.0
225.70943085036086,-447.0,2990.0,281.3750016,7,100.0,False,0,7392.473,43.0
246.1608333333333,-333.8677313676328,3159.944134648956,283.0,7,100.0,False,0,7392.732999999999,43.0
254.0237941898232,-290.0,3226.0,283.0,7,100.0,False,0,7392.833,43.0
265.0275,-228.23185703571093,3318.758700975656,283.0,7,100.0,False,0,7392.973,43.0
266.5995346785582,-220.0,3331.0,283.0,7,100.0,False,0,7392.9929999999995,43.0
280.7497222222222,-149.26333262294278,3433.646467406049,283.0,7,100.0,False,0,7393.173,43.0
285.4683845431099,-112.0,3486.0,283.0,7,100.0,False,0,7393.232999999999,43.0
298.05351268841616,26.0,3677.0,283.0,7,100.0,False,0,7393.393,43.0
305.90527777777777,96.46409161206165,3771.306183854177,283.0,7,100.0,False,0,7393.4929999999995,43.0
327.8386111111111,207.4838430930205,3905.294661319024,282.0,7,94.0,False,0,7393.772999999999,43.0
334.11725191541143,232.0,3934.0,282.0,7,78.85714285714286,False,0,7393.853,43.0
349.7719444444444,290.9662536292741,4003.167646097802,282.0,7,41.0,True,0,7394.053,43.0
354.4192607561653,314.0,4028.0,280.4999936,7,28.699947520000002,True,0,7394.112999999999,43.0
365.1608333333333,383.2851488019244,4098.039325463045,277.0,7,0.0,False,0,7394.253,43.0
381.7328922315597,510.0,4216.0,273.3333290666667,7,0.6111118222222223,False,0,7394.473,43.0
392.2608333333333,582.4369464344622,4274.570020771483,271.0,7,1.0,False,0,7394.612999999999,43.0
396.7990963921525,628.0,4304.0,271.0,7,3.1000089600000003,False,0,7394.673,43.0
408.9736962288766,795.0,4397.0,271.0,7,8.700008960000002,False,0,7394.833,43.0
422.37194444444447,890.4194510243531,4442.161303244444,271.0,7,15.0,False,0,7395.013,43.0
433.84295052039494,960.0,4458.0,260.6,7,17.4,False,0,7395.173,43.0
436.7052777777777,987.3770993332162,4463.825804449588,258.0,7,18.0,False,0,7395.213,43.0
448.1719444444444,1131.185302393108,4493.16151149567,258.0,7,27.0,False,0,7395.373,43.0
455.1462642882502,1212.0,4507.0,252.9999872,7,30.125008,False,0,7395.473,43.0
459.28305555555556,1250.8550888056525,4512.043376393054,250.0,7,32.0,False,0,7395.532999999999,43.0
472.97105484478755,1351.0,4517.0,247.5,7,41.375,False,0,7395.732999999999,43.0
481.14972222222224,1420.410580381027,4519.108878266231,246.0,7,47.0,False,0,7395.853,43.0
493.40900973607694,1557.0,4518.0,245.35714194285714,7,54.07143862857143,False,0,7396.032999999999,43.0
500.2052777777777,1659.4192022951868,4512.019681372954,245.0,7,58.0,False,0,7396.133,43.0
511.04808032340384,1828.0,4498.0,244.55555555555554,7,60.666666666666664,False,0,7396.293,43.0
524.6052777777777,1960.2501077861561,4481.801904153769,244.0,7,64.0,False,0,7396.4929999999995,43.0
539.5438961014403,2058.0,4466.0,245.21666702222223,7,64.0,False,0,7396.7119999999995,43.0
549.2052777777777,2128.5737405710443,4456.856478911208,246.0,7,64.0,False,0,7396.853,43.0
560.1830555555555,2218.787281086846,4447.807138579482,247.0,7,64.0,False,0,7397.013,43.0
568.2796992959619,2301.0,4443.0,245.21499904,7,43.1749888,False,0,7397.132,43.0
573.738611111111,2364.9223611314487,4440.739157952967,244.0,7,29.0,False,0,7397.213,43.0
582.9931918986466,2476.0,4439.0,240.5249984,7,20.65999616,False,0,7397.352,43.0
587.0163888888889,2517.399224287313,4439.2248625795055,239.0,6,17.0,False,0,7397.413,43.0
605.1521881292317,2671.0,4449.0,234.017856,6,18.9928576,False,0,7397.692,43.0
605.2163888888888,2671.574524925043,4449.066160045903,234.0,6,19.0,False,0,7397.692999999999,43.0
621.6951082485689,2829.0,4474.0,229.35842285684924,6,23.641577143150762,False,0,7397.951999999999,43.0
622.9638888888887,2840.8621476496323,4476.563531245541,229.0,6,24.0,False,0,7397.972,43.0
635.6551616929432,2957.0,4507.0,228.375,6,30.875,False,0,7398.172,43.0
638.1860810324886,2981.0,4514.0,228.25,6,32.25,False,0,7398.2119999999995,43.0
643.2305555555554,3026.633989392907,4527.934460653546,228.0,6,35.0,False,0,7398.2919999999995,43.0
659.5446742395868,3180.0,4590.0,225.8249984,6,44.425006933333336,False,0,7398.553,43.0
665.7305555555555,3261.234281493914,4633.164558479744,225.0,6,48.0,False,0,7398.652,43.0
672.0595354222343,3339.0,4677.0,225.6312512,6,48.0,False,0,7398.753,43.0
675.775,3372.5199297463096,4696.594824782493,226.0,6,48.0,False,0,7398.812,43.0
692.4187749992345,3461.0,4757.0,228.89196939913032,6,63.905831695216705,False,0,7399.072999999999,43.0
698.8388888888888,3506.6470641742508,4791.000815720439,230.0,6,70.0,False,0,7399.173,43.0
705.2675329759301,3563.0,4836.0,230.83333546666665,6,70.41666773333333,False,0,7399.272999999999,43.0
714.3055555555555,3660.4576318301397,4922.021878190253,232.0,6,71.0,False,0,7399.413,43.0
723.4247677242496,3756.0,5011.0,234.10000384,6,71.70000128,False,0,7399.553,43.0
727.3611111111111,3789.143695115742,5042.720377107521,235.0,6,72.0,False,0,7399.612999999999,43.0
748.5166666666667,3904.9361121108964,5161.43348741269,238.0,6,41.0,True,0,7399.933,43.0
753.7434471136382,3933.0,5190.0,235.6,6,24.6,True,0,7400.013,43.0
761.4055555555556,3978.7902711773954,5235.51310666186,232.0,6,0.0,True,0,7400.133,43.0
777.7775997549888,4097.0,5349.0,218.0,6,0.0,True,0,7400.413,43.0
798.8055555555555,4267.43115135715,5505.949103981902,198.0,5,0.0,True,0,7400.812999999999,43.0
802.9219666667216,4300.0,5535.0,194.0,5,0.0,True,0,7400.893,43.0
812.0360398368147,4371.0,5597.0,184.9999872,5,0.0,True,0,7401.072999999999,43.0
814.9833333333333,4394.537331501579,5617.036483998836,182.0,4,0.0,True,0,7401.133,43.0
822.5833333333334,4454.436025316991,5667.403370025929,171.0,4,0.0,True,0,7401.293,43.0
823.5027578362459,4461.0,5673.0,169.9999872,4,0.0,True,0,7401.312999999999,43.0
831.5277777777778,4513.655289388737,5718.227748846648,161.0,3,0.0,True,0,7401.4929999999995,43.0
835.0370092906912,4553.0,5748.0,158.5,3,0.0,True,0,7401.572999999999,43.0
838.4611111111112,4609.824252764904,5788.656907203767,156.0,3,0.0,True,0,7401.652999999999,43.0
842.5339892562183,4684.0,5840.0,151.27776568888888,3,0.0,True,0,7401.753,43.0
852.3611111111112,4758.445203230864,5883.208120307237,139.0,2,0.0,True,0,7402.013,43.0
859.638888888889,4790.822856173218,5885.617874994527,131.0,2,0.0,True,0,7402.213,43.0
860.3350650061093,4797.0,5887.0,130.22221226666667,2,0.0,True,0,7402.232999999999,43.0
862.3814429610436,4818.0,5892.0,127.88888888888889,2,0.0,True,0,7402.293,43.0
871.338888888889,4912.0,5901.0,117.0,2,0.0,True,0,7402.572999999999,43.0
877.5611111111111,4991.588089311732,5893.323602525076,112.0,2,0.0,True,0,7402.772999999999,43.0
880.021657518354,5019.0,5889.0,111.0,2,0.0,True,0,7402.853,43.0
882.45,5041.111615405793,5884.597119198045,110.0,2,0.0,True,0,7402.933,43.0
887.1611111111112,5073.52278788787,5874.325320980774,106.0,2,0.0,True,0,7403.093,43.0
889.4421905098228,5092.0,5866.0,104.5,2,0.0,True,0,7403.173,43.0
896.0500000000001,5160.048049484125,5828.34093173283,100.0,2,0.0,True,0,7403.413,43.0
897.1059903941981,5170.0,5822.0,99.5124992,2,0.7312512,True,0,7403.451999999999,43.0
904.5833333333334,5222.721639174241,5779.753922316784,96.0,2,6.0,False,0,7403.732999999999,43.0
907.1578926289806,5239.0,5763.0,95.17499946666666,2,5.724999822222222,False,0,7403.831999999999,43.0
911.7848129678865,5269.0,5728.0,93.67499946666666,2,5.224999822222222,False,0,7404.012,43.0
913.8833333333333,5280.9247183106145,5711.347075049747,93.0,2,5.0,False,0,7404.093,43.0
919.1038884047464,5307.0,5666.0,93.99500032,2,12.4625024,False,0,7404.2919999999995,43.0
924.4122737557393,5333.0,5608.0,94.99500032,2,19.962502399999998,False,0,7404.491999999999,43.0
924.4388888888889,5333.120219065315,5607.685947014225,95.0,2,20.0,False,0,7404.4929999999995,43.0
929.7455555555555,5354.302125971795,5541.1628923115895,96.0,2,25.0,False,0,7404.692,43.0
934.0566666666666,5367.0,5488.0,97.0,2,32.0,False,0,7404.852,43.0
948.120471467828,5384.0,5363.0,109.48542186666667,2,49.2875072,False,0,7405.312999999999,43.0
948.7233333333332,5384.426851584326,5358.870623801954,110.0,2,50.0,False,0,7405.331999999999,43.0
955.1999999999998,5388.487403228342,5318.596029988307,116.0,2,55.0,False,0,7405.532999999999,43.0
958.5986542363106,5391.0,5292.0,119.21429394285714,2,56.07143131428572,False,0,7405.633,43.0
964.2192123378336,5396.0,5238.0,124.35715108571429,2,57.785717028571426,False,0,7405.793,43.0
964.9222222222221,5396.598104387955,5231.822708120444,125.0,2,58.0,False,0,7405.812999999999,43.0
974.7222222222222,5404.971966036606,5163.600072675018,126.0,2,0.0,True,0,7406.093,43.0
976.8006106977298,5408.0,5147.0,124.8749952,2,0.0,True,0,7406.152999999999,43.0
980.1888888888889,5414.479690746664,5115.393234100678,123.0,2,0.0,True,0,7406.253,43.0
982.7593199805985,5421.0,5089.0,120.375,2,0.0,True,0,7406.333,43.0
996.1477679950392,5477.0,4954.0,104.625,2,0.0,True,0,7406.812999999999,43.0
998.3222222222221,5485.237778169979,4938.223632515379,102.0,1,0.0,True,0,7406.893,43.0
1003.7666666666667,5510.869170493624,4900.019353044074,98.0,1,0.0,True,0,7407.093,43.0
1005.8718527855801,5535.0,4873.0,96.0,1,0.0,True,0,7407.173,43.0
1008.4306699992611,5575.0,4831.0,93.4999936,1,0.0,True,0,7407.272999999999,43.0
1008.9333333333333,5581.827342737863,4823.970388184784,93.0,1,0.0,True,0,7407.293,43.0
1015.6999999999999,5618.028222290005,4791.812545379503,87.0,1,0.0,True,0,7407.572999999999,43.0
1018.5125152973455,5632.0,4784.0,85.66666666666667,1,0.0,True,0,7407.692999999999,43.0
1022.6481903889146,5668.0,4762.0,83.66666382222222,1,0.0,True,0,7407.873,43.0
1024.0,5679.972979515026,4755.339805064735,83.0,1,0.0,False,0,7407.933,43.0
1028.4104229208997,5720.0,4739.0,80.14285714285714,1,1.4285714285714286,False,0,7408.133,43.0
1030.1444444444444,5739.441793908143,4734.942379703041,79.0,1,2.0,False,0,7408.213,43.0
1034.4215494854411,5790.0,4731.0,77.88888888888889,1,5.333333333333334,False,0,7408.413,43.0
1037.8444444444444,5818.55718681345,4734.265862574979,77.0,1,8.0,False,0,7408.572999999999,43.0
1041.3111111111111,5843.441336354673,4744.20302641003,78.0,1,13.0,False,0,7408.732999999999,43.0
1041.7467507533515,5847.0,4746.0,78.10000128,1,13.5000064,False,0,7408.753,43.0
1045.7,5883.2146919342385,4767.455382813699,79.0,1,18.0,False,0,7408.933,43.0
1048.39453561834,5904.0,4781.0,80.5,1,21.5,False,0,7409.053,43.0
1051.1666666666667,5918.288013269245,4791.00197342601,82.0,1,25.0,False,0,7409.173,43.0
1053.0724237355334,5940.0,4811.0,83.27272727272727,1,27.545454545454547,False,0,7409.253,43.0
1055.024316567052,5977.0,4847.0,84.54545454545455,1,30.09090909090909,False,0,7409.333,43.0
1062.0444444444445,6035.860369645707,4912.618016650539,89.0,1,39.0,False,0,7409.612999999999,43.0
1066.088888888889,6041.568294625885,4925.471785495749,91.0,1,42.0,False,0,7409.772999999999,43.0
1068.1760760920693,6047.0,4934.0,93.0,1,44.5,False,0,7409.853,43.0
1070.3111111111111,6054.15020063013,4943.929101225347,95.0,1,47.0,False,0,7409.933,43.0
1075.8378125219576,6081.0,4983.0,99.9750016,1,47.99500032,False,0,7410.132,43.0
1075.8666666666666,6081.176834313421,4983.295880976431,100.0,1,48.0,False,0,7410.133,43.0
1084.3444444444444,6139.907290792202,5092.071035695774,109.0,2,51.0,False,0,7410.413,43.0
1085.5608682465925,6146.0,5104.0,109.9750016,2,52.67143131428571,False,0,7410.451999999999,43.0
1093.3666666666666,6164.706987555273,5144.441527832533,116.0,2,63.0,False,0,7410.692999999999,43.0
1096.8752506179067,6173.0,5165.0,120.9500032,2,65.4750016,False,0,7410.7919999999995,43.0
1104.4945371951862,6199.0,5231.0,130.9500032,2,70.4750016,False,0,7410.991999999999,43.0
1108.4777777777776,6211.118925819877,5266.6395275325185,136.0,2,73.0,False,0,7411.093,43.0
1110.8360800846885,6218.0,5288.0,138.66834374485427,2,74.4824131915857,False,0,7411.152,43.0
1116.4930555555554,6234.79414352292,5341.359223086798,145.0,3,78.0,False,0,7411.2919999999995,43.0
1119.730699801313,6244.0,5372.0,146.2,3,78.8,False,0,7411.371999999999,43.0
1124.7152777777776,6256.637222225254,5416.731102830954,148.0,3,80.0,False,0,7411.491999999999,43.0
1131.963773073001,6274.0,5486.0,157.77499611428573,3,79.42500022857143,False,0,7411.652999999999,43.0
1137.548611111111,6289.581774442184,5554.843978887791,165.0,3,79.0,False,0,7411.772,43.0
1143.2952217928453,6305.0,5630.0,168.88928365714287,3,87.64285257142858,False,0,7411.893,43.0
1151.0819444444444,6320.156003380515,5720.4809335704595,174.0,3,99.0,False,0,7412.052,43.0
1162.6495575867496,6331.0,5837.0,184.40721310266383,3,99.61218900603905,False,0,7412.272999999999,43.0
1168.0582193457717,6332.0,5889.0,189.11634315636002,3,99.88919665625647,False,0,7412.373,43.0
1170.235,6332.206540630623,5909.114004679107,191.0,4,100.0,False,0,7412.413,43.0
1182.3521938561917,6328.0,6030.0,197.2857216,4,92.9285632,False,0,7412.633,43.0
1185.7127777777775,6322.682111637016,6076.618769223811,199.0,4,91.0,False,0,7412.692999999999,43.0
1194.7794444444442,6301.2213212912575,6220.754745247951,204.0,4,88.0,False,0,7412.853,43.0
1198.1824970103112,6294.0,6264.0,204.0,4,88.0,False,0,7412.913,43.0
1208.3794444444443,6278.366552258307,6341.316563080701,204.0,5,88.0,False,0,7413.093,43.0
1220.9304234924064,6255.0,6407.0,206.3571456,5,84.8571392,False,0,7413.312999999999,43.0
1224.4794444444442,6244.069521977455,6437.060690036299,207.0,5,84.0,False,0,7413.373,43.0
1230.5685682661651,6223.0,6493.0,213.07144411428573,5,80.78570605714286,False,0,7413.473,43.0
1241.9016666666664,6179.918103991217,6589.810836769722,224.0,5,75.0,False,0,7413.652999999999,43.0
1244.4402371329602,6166.0,6616.0,225.0,5,76.33333333333333,False,0,7413.692999999999,43.0
1257.2349999999997,6067.932735091892,6780.288420929556,230.0,5,83.0,False,0,7413.893,43.0
1262.4092459136557,6033.0,6835.0,231.6,5,83.8,False,0,7413.973,43.0
1270.235,5996.669176364954,6887.953460746892,234.0,5,85.0,False,0,7414.093,43.0
1284.7969281818027,5943.0,6949.0,237.928576,5,96.785728,False,0,7414.312999999999,43.0
1288.8238888888886,5918.8958845168145,6975.778568419719,239.0,6,100.0,False,0,7414.373,43.0
1298.3192519863976,5853.0,7047.0,242.1111168,6,100.0,False,0,7414.513,43.0
1312.1271342415257,5753.0,7140.0,246.55556124444445,6,100.0,False,0,7414.713,43.0
1313.5238888888887,5738.919880657191,7152.075257488179,247.0,6,100.0,False,0,7414.732999999999,43.0
1326.2257692645533,5591.0,7275.0,251.5000064,6,100.0,False,0,7414.913,43.0
1339.1238888888888,5499.947104785196,7347.433264291989,256.0,6,100.0,False,0,7415.093,43.0
1355.1020828178741,5420.0,7407.0,260.7142912,6,100.0,False,0,7415.312999999999,43.0
1359.5016666666663,5389.165094781065,7430.388870854331,262.0,6,100.0,False,0,7415.373,43.0
1369.8382511734185,5304.0,7496.0,264.5000045714286,6,100.0,False,0,7415.513,43.0
1380.268333333333,5205.375818274584,7574.410614951505,267.0,6,100.0,False,0,7415.652999999999,43.0
1392.2967446177774,5095.0,7664.0,269.85714285714283,6,100.0,False,0,7415.812999999999,43.0
1401.4238888888885,5028.390538899992,7718.94999346351,272.0,6,100.0,False,0,7415.933,43.0
1416.8773132788642,4924.0,7807.0,277.0,6,100.0,False,0,7416.133,43.0
1423.1238888888884,4872.414527310867,7850.924906137739,279.0,6,100.0,False,0,7416.213,43.0
1440.4605517112789,4723.0,7979.0,282.0000034909091,6,100.0,False,0,7416.433,43.0
1457.9572222222218,4613.908364954334,8073.476619720906,285.0,7,100.0,False,0,7416.652999999999,43.0
1459.4724118930828,4604.0,8082.0,285.28500096,7,100.0,False,0,7416.672,43.0
1473.9572222222218,4496.840621211906,8173.384745855296,288.0,7,100.0,False,0,7416.853,43.0
1485.1919520034587,4409.0,8248.0,289.7375008,7,100.0,False,0,7416.991999999999,43.0
1501.5127986445318,4286.0,8353.0,292.2375008,7,100.0,False,0,7417.192,43.0
1506.5127777777775,4248.569961523641,8385.371407671504,293.0,7,100.0,False,0,7417.253,43.0
1516.2944660520618,4175.0,8449.0,294.19000064,7,100.0,False,0,7417.371999999999,43.0
1529.5000346274237,4075.0,8534.0,295.79000064,7,100.0,False,0,7417.531999999999,43.0
1539.5127777777775,4001.8748680566673,8597.559985877702,297.0,7,100.0,False,0,7417.652999999999,43.0
1542.7442529449556,3975.0,8621.0,297.39000064,7,100.0,False,0,7417.692,43.0
1556.1238888888886,3836.3597098147243,8741.4644500088,299.0,7,100.0,False,0,7417.853,43.0
1567.7715593811927,3723.0,8840.0,300.548746955098,7,100.0,False,0,7417.991999999999,43.0
1586.339722222222,3625.78463717224,8925.449176682348,303.0,7,100.0,False,0,7418.2119999999995,43.0
1606.6730555555553,3502.863081967237,9034.24067389258,305.0,7,100.0,False,0,7418.451999999999,43.0
1606.7580363075845,3502.0,9035.0,305.0082982262701,7,100.0,False,0,7418.4529999999995,43.0
1627.2249999999997,3265.0,9243.0,307.0,7,100.0,False,0,7418.692999999999,43.0
1647.8149865287728,3188.0,9310.0,308.2,7,100.0,False,0,7418.933,43.0
1661.5583333333332,3086.809109498373,9398.659931034965,309.0,7,100.0,False,0,7419.093,43.0
1664.991680141593,3059.0,9423.0,309.0,7,100.0,False,0,7419.133,43.0
1678.7249999999997,2954.0233616542223,9514.604258272568,309.0,8,100.0,False,0,7419.293,43.0
1690.7670361673918,2865.0,9592.0,309.35000064,8,100.0,False,0,7419.433,43.0
1713.169444444444,2695.950414249293,9738.7202906139,310.0,8,100.0,False,0,7419.692999999999,43.0
1714.8922925066458,2683.0,9750.0,310.0,8,100.0,False,0,7419.713,43.0
1728.6715241891698,2580.0,9840.0,310.0,8,100.0,False,0,7419.873,43.0
1737.2805555555553,2515.491394930743,9896.515006734073,310.0,8,100.0,False,0,7419.973,43.0
1745.8873855249803,2450.0,9954.0,310.0,8,100.0,False,0,7420.072999999999,43.0
1757.9472222222219,2355.7111716952927,10036.999470837442,310.0,8,100.0,False,0,7420.213,43.0
1764.853603579978,2304.0,10083.0,310.0,8,100.0,False,0,7420.293,43.0
1778.6138888888886,2202.0,10175.0,310.0,8,100.0,False,0,7420.4529999999995,43.0
1798.7102286705087,1995.0,10360.0,301.42857142857144,8,14.285714285714278,False,0,7420.692999999999,43.0
1801.9472222222216,1970.6069149403859,10381.798009821414,300.0,8,0.0,True,0,7420.732999999999,43.0
1822.0223258477006,1877.0,10465.0,279.68748,8,0.0,True,0,7420.9929999999995,43.0
1826.3916666666662,1848.4608241049123,10489.836734039061,275.0,8,0.0,True,0,7421.053,43.0
1838.8996724289555,1741.0,10581.0,254.7499712,8,0.0,True,0,7421.232999999999,43.0
1842.9249999999997,1701.993050240998,10612.500017414215,248.0,7,0.0,True,0,7421.293,43.0
1855.8694444444443,1570.023054745388,10713.460531133978,233.0,6,0.0,True,0,7421.4929999999995,43.0
1859.544467889575,1537.0,10737.0,229.37498453333333,6,0.0,True,0,7421.553,43.0
1876.5237592060303,1413.0,10811.0,211.25,6,0.0,True,0,7421.853,43.0
1883.0694444444441,1355.3536089561412,10840.8139849922,204.0,5,0.0,True,0,7421.973,43.0
1889.5707883577243,1293.0,10870.0,198.0,5,0.0,True,0,7422.093,43.0
1893.847222222222,1251.2731679799524,10886.786379018742,194.0,4,0.0,True,0,7422.173,43.0
1903.2203328828075,1161.0,10917.0,187.99999146666667,4,0.0,True,0,7422.353,43.0
1906.2472222222216,1134.0373882434942,10924.873442988737,186.0,4,0.0,True,0,7422.413,43.0
1915.9662261858057,1036.0,10943.0,177.42857142857142,4,0.0,True,0,7422.612999999999,43.0
1919.7805555555549,977.5522963678345,10946.576009545804,174.0,4,0.0,True,0,7422.692999999999,43.0
1925.470143588975,890.0,10949.0,171.0,4,0.0,True,0,7422.812999999999,43.0
1927.3361111111105,869.2118754581142,10949.393127698802,170.0,4,0.0,True,0,7422.853,43.0
1938.9328694668045,797.0,10947.0,162.8055537777778,4,0.0,True,0,7423.112,43.0
1943.3361111111105,757.4136160111693,10943.668074201316,160.0,3,0.0,True,0,7423.213,43.0
1947.623356262454,712.0,10937.0,157.87857005714287,3,0.0,True,0,7423.312,43.0
1955.3138888888884,623.6899353366592,10911.084645192832,154.0,3,0.0,True,0,7423.4929999999995,43.0
1960.1875137688357,569.0,10889.0,150.17499794285715,3,0.0,True,0,7423.612,43.0
1966.591666666666,505.81066138792187,10857.015582261614,145.0,3,0.0,True,0,7423.772999999999,43.0
1974.3694444444438,443.9825282464936,10815.213346655833,140.0,3,0.0,True,0,7423.973,43.0
1976.658110987357,429.0,10803.0,139.6312496,3,0.0,True,0,7424.031999999999,43.0
1980.5472222222215,406.77528688440896,10782.260336678608,139.0,3,0.0,False,0,7424.133,43.0
1987.207346133444,373.0,10743.0,135.16428434285714,3,0.0,False,0,7424.312,43.0
1990.891666666666,352.9319797936469,10716.909746005229,133.0,3,0.0,False,0,7424.413,43.0
1997.3607165170342,313.0,10655.0,130.31499904,3,0.0,False,0,7424.592,43.0
1998.1138888888884,307.6839838064009,10645.397176980634,130.0,3,0.0,False,0,7424.612999999999,43.0
2005.1894444444438,257.19576909045907,10545.401785978751,128.0,3,1.0,False,0,7424.812,43.0
2005.224734652512,257.0,10545.0,127.99000064,3,1.00499968,False,0,7424.812999999999,43.0
2012.1894444444438,233.9890910078653,10495.795429959478,126.0,3,2.0,False,0,7425.012,43.0
2018.3922265888666,224.0,10461.0,124.06761316842434,3,4.576515775434198,False,0,7425.192999999999,43.0
2021.790277777777,216.7354461959232,10429.707198264608,123.0,3,6.0,False,0,7425.293,43.0
2024.5033590523853,211.0,10402.0,122.5,3,10.5,False,0,7425.373,43.0
2027.2124999999992,206.04295389576833,10374.487629118548,122.0,3,15.0,False,0,7425.4529999999995,43.0
2030.5945609708997,201.0,10341.0,122.0,3,17.14286262857143,False,0,7425.553,43.0
2036.701388888888,195.3204761163619,10285.134457512615,122.0,3,21.0,False,0,7425.732999999999,43.0
2041.5105258520375,192.0,10230.0,123.40000256,3,30.800017920000002,False,0,7425.873,43.0
2043.590277777777,190.45241273476398,10199.846546699107,124.0,3,35.0,False,0,7425.933,43.0
2050.6148242452255,185.0,10089.0,126.5,3,45.0,False,0,7426.133,43.0
2054.9680555555547,181.84596409290845,10039.252532811697,128.0,3,51.0,False,0,7426.253,43.0
2060.9680555555547,177.8348665328796,9993.051358691895,135.0,3,53.0,False,0,7426.413,43.0
2065.5268719155724,175.0,9962.0,136.5,3,47.0,False,0,7426.532999999999,43.0
2067.0569444444436,174.08914075897476,9951.897186904202,137.0,3,45.0,False,0,7426.572999999999,43.0
2076.3358155701007,165.0,9886.0,137.66666666666666,3,15.0,False,0,7426.812999999999,43.0
2080.856944444444,152.92475021703024,9839.363990383328,138.0,3,0.0,True,0,7426.933,43.0
2085.9315107879697,139.0,9793.0,134.1818112,3,0.0,True,0,7427.072999999999,43.0
2095.580454404541,127.0,9769.0,126.54544756363636,3,0.0,True,0,7427.353,43.0
2096.256944444444,124.74401273033192,9764.136359457838,126.0,3,0.0,True,0,7427.373,43.0
2099.6173670206717,109.0,9731.0,124.24999552,3,0.0,True,0,7427.473,43.0
2108.8318569575085,39.0,9626.0,119.34999552,3,0.0,True,0,7427.753,43.0
2109.479166666666,34.79035629365184,9620.510472526068,119.0,2,0.0,True,0,7427.772999999999,43.0
2115.868055555555,4.316683805581489,9586.713938516325,115.0,2,0.0,True,0,7427.973,43.0
2120.236571432705,-18.0,9568.0,112.89999616,2,0.0,True,0,7428.112999999999,43.0
2122.0902777777774,-30.004286920271873,9558.335651216183,112.0,2,0.0,False,0,7428.173,43.0
2126.979166666666,-69.2469720528474,9528.435130689273,110.0,2,0.0,False,0,7428.333,43.0
2129.365271926541,-93.0,9513.0,108.4,2,0.0,False,0,7428.413,43.0
2132.868055555555,-133.68534569934116,9490.126325715557,106.0,2,0.0,False,0,7428.532999999999,43.0
2134.5885786130184,-155.0,9480.0,104.99999573333334,2,0.0,False,0,7428.593,43.0
2139.668055555555,-219.50377211857415,9457.888914385183,102.0,2,0.0,False,0,7428.772999999999,43.0
2145.8539238132053,-284.0,9444.0,101.2142848,2,0.7857152000000001,False,0,7428.9929999999995,43.0
2147.5236111111103,-295.34701763129283,9441.880995033234,101.0,2,1.0,False,0,7429.053,43.0
2155.177147234127,-338.0,9442.0,98.9,2,0.29999999999999993,False,0,7429.333,43.0
2158.412499999999,-375.8260819524543,9447.691200535952,98.0,2,0.0,False,0,7429.4529999999995,43.0
2162.6987548965462,-432.0,9459.0,96.85714285714286,2,0.0,False,0,7429.612999999999,43.0
2165.8791666666657,-462.5454159932484,9468.710457481,96.0,2,0.0,False,0,7429.732999999999,43.0
2173.190277777777,-509.63485375935824,9497.043335868151,94.0,2,7.0,False,0,7430.013,43.0
2174.2118972166268,-517.0,9502.0,94.19500032,2,9.34000384,False,0,7430.052,43.0
2178.4680555555547,-551.0346245339044,9525.790888262314,95.0,2,19.0,False,0,7430.213,43.0
2179.5154520141914,-560.0,9533.0,95.58500096,2,20.56000256,False,0,7430.2519999999995,43.0
2183.912499999999,-598.727382924233,9569.136427935355,98.0,2,27.0,False,0,7430.413,43.0
2185.553082056044,-611.0,9582.0,99.1062512,2,29.5812528,False,0,7430.472,43.0
2188.401388888888,-627.6965265159711,9601.37730531105,101.0,2,34.0,False,0,7430.572999999999,43.0
2193.0010041450014,-649.0,9631.0,103.65000106666666,2,38.63750186666667,False,0,7430.732,43.0
2195.401388888888,-661.4718461852783,9649.52552501879,105.0,2,41.0,False,0,7430.812999999999,43.0
2200.215333461893,-687.0,9691.0,108.9750016,2,43.9812512,False,0,7430.972,43.0
2200.2458333333325,-687.1497156027324,9691.270210775714,109.0,2,44.0,False,0,7430.973,43.0
2205.179166666666,-709.1581260640932,9735.416425513142,111.0,2,46.0,False,0,7431.133,43.0
2206.418190702221,-714.0,9746.0,111.9750016,2,47.3406272,False,0,7431.172,43.0
2215.0787555229676,-743.0,9824.0,118.5000064,2,56.3125088,False,0,7431.433,43.0
2215.756944444444,-745.2515173284166,9832.582935578303,119.0,2,57.0,False,0,7431.4529999999995,43.0
2224.761848728984,-772.0,9968.0,124.59140207222318,2,63.52330241759371,False,0,7431.713,43.0
2225.444444444444,-773.1380985855684,9976.557823005627,125.0,2,64.0,False,0,7431.732,43.0
2232.9261111111105,-776.5834765616929,10046.745068196473,134.0,2,62.0,False,0,7431.933,43.0
2239.2553771716853,-775.0,10090.0,140.66666666666666,2,67.33333333333333,False,0,7432.093,43.0
2242.5261111111104,-774.3731286788429,10110.67700310294,144.0,3,70.0,False,0,7432.173,43.0
2250.9705555555547,-771.4915236866243,10166.648909210075,152.0,3,74.0,False,0,7432.373,43.0
2255.3287137973975,-765.0,10214.0,155.50000896,3,75.50000384,False,0,7432.473,43.0
2259.803888888888,-754.2474327716641,10277.772102802457,159.0,3,77.0,False,0,7432.572999999999,43.0
2266.3122989700537,-736.0,10372.0,163.8125088,3,80.9375072,False,0,7432.713,43.0
2274.9149999999995,-715.9036452293444,10451.104963186457,170.0,3,86.0,False,0,7432.893,43.0
2281.6572279879497,-698.0,10505.0,173.5000064,3,98.2500224,False,0,7433.032999999999,43.0
2282.6483333333326,-694.9906779868616,10513.641199927666,174.0,4,100.0,False,0,7433.053,43.0
2295.1149999999993,-651.8387772832137,10629.528084069658,187.0,4,100.0,False,0,7433.293,43.0
2296.1654101361655,-648.0,10639.0,187.3750048,4,100.0,False,0,7433.312999999999,43.0
2300.3644569307116,-632.0,10677.0,188.8750048,4,100.0,False,0,7433.393,43.0
2303.5594444444437,-617.6032732590909,10709.724656442997,190.0,4,100.0,False,0,7433.4529999999995,43.0
2312.359444444444,-568.9842674864407,10815.542870711779,198.0,4,100.0,False,0,7433.612999999999,43.0
2319.1726383168148,-535.0,10887.0,202.5,4,100.0,False,0,7433.732999999999,43.0
2326.159444444444,-507.4430025027159,10942.679930718026,207.0,5,100.0,False,0,7433.853,43.0
2340.6261111111103,-458.1733491947449,11034.571196607258,217.0,5,91.0,False,0,7434.093,43.0
2341.8548680664585,-453.0,11044.0,217.60000768,5,91.90001152,False,0,7434.112999999999,43.0
2353.0149999999994,-400.0,11140.0,223.0,5,100.0,False,0,7434.293,43.0
2359.2243000717644,-370.0,11194.0,223.83333546666665,5,100.0,False,0,7434.393,43.0
2368.0149999999994,-325.00662943944644,11269.621974182734,225.0,5,100.0,False,0,7434.532999999999,43.0
2378.370555555555,-269.23161300797125,11356.191032891405,233.0,5,100.0,False,0,7434.692999999999,43.0
2379.6788902971757,-262.0,11367.0,233.416672,5,99.4999936,False,0,7434.713,43.0
2394.2372222222216,-178.77799852688545,11485.586355419602,238.0,6,94.0,False,0,7434.933,43.0
2396.9217201686815,-163.0,11507.0,239.25,6,92.75,False,0,7434.973,43.0
2405.0372222222213,-114.54213316386968,11570.868550835177,243.0,6,89.0,False,0,7435.093,43.0
2407.7572299821068,-98.0,11592.0,243.5,6,84.0,False,0,7435.133,43.0
2421.4372222222214,-12.051749909682712,11696.359460852034,246.0,6,59.0,False,0,7435.333,43.0
2424.179727522397,6.0,11717.0,246.2,6,58.4,False,0,7435.373,43.0
2429.668831264757,43.0,11758.0,246.6,6,57.2,False,0,7435.4529999999995,43.0
2435.159444444444,80.74651943298994,11798.258840473036,247.0,6,56.0,False,0,7435.532999999999,43.0
2444.767720974258,148.0,11867.0,247.0,6,56.0,False,0,7435.673,43.0
2454.370555555555,216.13736892162692,11934.049155961235,247.0,6,56.0,False,0,7435.812999999999,43.0
2457.1123148500574,236.0,11953.0,247.0,6,55.25,False,0,7435.853,43.0
2465.348333333333,296.94142681375337,12009.415144085153,247.0,6,53.0,False,0,7435.973,43.0
2470.871724715418,338.0,12046.0,247.8,6,54.6,False,0,7436.053,43.0
2479.1816666666664,399.48829565050136,12098.627071263227,249.0,6,57.0,False,0,7436.173,43.0
2486.094202077342,454.0,12143.0,249.0,6,59.08333866666667,False,0,7436.272999999999,43.0
2495.781666666666,539.6914084111484,12209.270808030007,249.0,6,62.0,False,0,7436.413,43.0
2509.7261111111106,676.5446440725079,12305.427994398888,251.0,6,64.0,False,0,7436.612999999999,43.0
2511.0584539256724,690.0,12314.0,251.15833386666668,6,64.05277795555556,False,0,7436.632,43.0
2535.1261111111107,931.5087592061277,12446.25737667457,254.0,6,65.0,False,0,7436.973,43.0
2540.697987980969,974.0,12467.0,254.0,6,65.9875008,False,0,7437.052,43.0
2546.4149999999995,1009.3773275350643,12483.516913516909,254.0,6,67.0,False,0,7437.133,43.0
2559.10598360051,1079.0,12513.0,255.1187504,6,70.9156264,False,0,7437.312,43.0
2569.170555555555,1158.7221009829377,12545.368247594624,256.0,6,74.0,False,0,7437.4529999999995,43.0
2577.719924461891,1252.0,12579.0,258.2312512,6,72.5124992,False,0,7437.571999999999,43.0
2580.6816666666664,1290.9856749788876,12591.793525925817,259.0,6,72.0,False,0,7437.612999999999,43.0
2599.6105717421456,1557.0,12671.0,261.69791733333335,6,76.8562512,False,0,7437.871999999999,43.0
2615.881666666666,1643.2004265645514,12693.10652721353,264.0,6,81.0,False,0,7438.093,43.0
2623.234136883666,1685.0,12702.0,264.62893217451784,6,84.14466087258933,False,0,7438.192999999999,43.0
2627.5858333333326,1719.949935654469,12709.5337019574,265.0,7,86.0,False,0,7438.2519999999995,43.0
2639.5548188803073,1844.0,12735.0,267.4029848845325,7,88.4029848845325,False,0,7438.413,43.0
2642.549166666666,1877.4243543154394,12741.010364080701,268.0,7,89.0,False,0,7438.4529999999995,43.0
2654.593611111111,2016.1590250829886,12762.883890282992,271.0,7,91.0,False,0,7438.612999999999,43.0
2659.1202328908166,2065.0,12770.0,271.3750016,7,93.2500096,False,0,7438.673,43.0
2666.6824999999994,2140.214244711991,12780.461675702056,272.0,7,97.0,False,0,7438.772999999999,43.0
2672.764374714604,2199.0,12788.0,272.85714285714283,7,97.85714285714286,False,0,7438.853,43.0
2685.0026215448434,2321.0,12802.0,274.57142857142856,7,99.57142857142857,False,0,7439.013,43.0
2688.0713888888886,2351.54693521706,12805.430785159251,275.0,7,100.0,False,0,7439.053,43.0
2700.3825,2473.1312741780484,12819.027906555259,277.0,7,100.0,False,0,7439.213,43.0
2705.0188357494067,2519.0,12824.0,277.7500032,7,100.0,False,0,7439.272999999999,43.0
2712.7825,2596.0166238117476,12832.09915372282,279.0,7,100.0,False,0,7439.373,43.0
2720.6116984359446,2673.0,12840.0,280.6666709333333,7,100.0,False,0,7439.473,43.0
2731.6491666666666,2782.0,12851.0,283.0,7,100.0,False,0,7439.612999999999,43.0
2750.6491666666666,2999.3762452821784,12872.06182239583,285.0,7,100.0,False,0,7439.853,43.0
2755.409510654994,3049.0,12877.0,285.3750016,7,100.0,False,0,7439.913,43.0
2763.3602777777774,3122.1271838474795,12884.552382516435,286.0,7,100.0,False,0,7440.013,43.0
2779.360277777778,3255.0,12899.0,288.0,7,100.0,False,0,7440.213,43.0
2795.415833333333,3413.831371339583,12916.223959042352,289.0,7,100.0,False,0,7440.413,43.0
2797.0258179299317,3430.0,12918.0,289.1250016,7,100.0,False,0,7440.433,43.0
2811.5574395292183,3574.0,12934.0,290.25,7,100.0,False,0,7440.612999999999,43.0
2821.2825,3670.6181805108495,12944.616069755906,291.0,7,100.0,False,0,7440.732999999999,43.0
2834.292106249096,3800.0,12959.0,291.8888888888889,7,100.0,False,0,7440.893,43.0
2850.5824999999995,3961.0,12978.0,293.0,7,100.0,False,0,7441.093,43.0
2866.8538052035265,4122.0,12998.0,293.0,7,100.0,False,0,7441.293,43.0
2873.3713888888883,4186.728760823185,13005.924202696919,293.0,7,100.0,False,0,7441.373,43.0
2883.166489628483,4284.0,13018.0,293.42857142857144,7,98.71428571428571,False,0,7441.4929999999995,43.0
2896.238055555555,4413.415795078711,13035.33585598283,294.0,7,97.0,False,0,7441.652999999999,43.0
2901.134551117794,4462.0,13042.0,293.6249984,7,95.124992,False,0,7441.713,43.0
2909.260277777777,4543.1341604009085,13053.16134210156,293.0,7,92.0,False,0,7441.812999999999,43.0
2918.8853721358773,4640.0,13066.0,290.0,7,78.71428571428571,False,0,7441.933,43.0
2931.5047222222215,4767.0,13081.0,286.0,7,61.0,True,0,7442.093,43.0
2949.971388888888,4954.0,13100.0,277.0,7,0.0,True,0,7442.333,43.0
2964.8602777777774,5103.0378097080165,13111.31442376639,268.0,7,0.0,True,0,7442.532999999999,43.0
2966.316345026735,5118.0,13112.0,267.1428461714286,7,0.0,True,0,7442.553,43.0
2983.369328191388,5296.0,13112.0,256.8571318857143,7,0.0,True,0,7442.793,43.0
2984.771388888888,5309.707731922347,13111.19813606832,256.0,6,0.0,True,0,7442.812999999999,43.0
3001.3703746854444,5461.0,13092.0,250.7718736,6,4.4812512,True,0,7443.052,43.0
3006.904722222221,5512.309728424938,13081.92987990998,249.0,6,6.0,False,0,7443.133,43.0
3020.277396307816,5648.0,13045.0,243.31428388571427,6,6.0,False,0,7443.331999999999,43.0
3025.6491666666657,5711.52381023304,13021.752122964881,241.0,6,6.0,False,0,7443.413,43.0
3038.695325360114,5866.0,12955.0,236.0249984,6,0.02999808000000037,False,0,7443.612,43.0
3038.760277777777,5866.638284698472,12954.69523158693,236.0,6,0.0,False,0,7443.612999999999,43.0
3049.0713888888877,5948.347787870857,12911.18742746987,232.0,6,0.0,False,0,7443.772999999999,43.0
3061.7380555555546,6023.342318026324,12858.109414724291,228.0,6,10.0,False,0,7443.973,43.0
3064.1878505485756,6041.0,12845.0,227.44285622857143,6,8.746426514285714,False,0,7444.012,43.0
3075.4082225562147,6131.0,12776.0,224.87142765714285,6,2.9607122285714285,False,0,7444.192,43.0
3079.160277777777,6158.299753255008,12753.664559183459,224.0,5,1.0,False,0,7444.253,43.0
3087.6014072301946,6222.0,12693.0,220.5249984,5,9.4392896,False,0,7444.392,43.0
3096.038055555555,6313.743483523969,12586.11831419902,217.0,5,18.0,False,0,7444.532999999999,43.0
3100.781299601023,6360.0,12529.0,215.57142857142858,5,18.571428571428573,False,0,7444.612999999999,43.0
3112.5269444444434,6417.533913291196,12450.041564194042,212.0,5,20.0,False,0,7444.812999999999,43.0
3126.5269444444434,6448.0,12382.0,210.0,5,40.0,False,0,7445.053,43.0
3137.0922830924055,6497.0,12282.0,211.50000213333334,5,55.000021333333336,False,0,7445.232999999999,43.0
3147.8269444444436,6537.172602936961,12192.864133288844,213.0,5,70.0,False,0,7445.413,43.0
3150.247841236342,6549.0,12163.0,214.0,5,71.5,False,0,7445.4529999999995,43.0
3158.8224061867445,6600.0,12027.0,217.5000064,5,76.7500096,False,0,7445.593,43.0
3172.6047222222214,6645.952118091046,11893.643337123394,223.0,5,85.0,False,0,7445.812999999999,43.0
3190.668325494112,6674.0,11787.0,229.41666666666666,5,92.0,False,0,7446.093,43.0
3201.1681984428096,6701.0,11688.0,233.08333333333334,5,96.0,False,0,7446.253,43.0
3203.8047222222217,6707.4506494261,11663.74555286417,234.0,5,97.0,False,0,7446.293,43.0
3211.7430598869155,6727.0,11587.0,237.0,5,98.8,False,0,7446.413,43.0
3217.0824999999995,6743.184511667989,11519.74938635059,239.0,5,100.0,False,0,7446.4929999999995,43.0
3230.6495582451143,6785.0,11339.0,243.28571428571428,5,100.0,False,0,7446.692999999999,43.0
3236.1380555555547,6795.012998291536,11294.214695961291,245.0,6,100.0,False,0,7446.772999999999,43.0
3249.971388888888,6810.7188002317425,11216.667387689842,249.0,6,100.0,False,0,7446.973,43.0
3251.362582971043,6813.0,11205.0,249.2500032,6,100.0,False,0,7446.9929999999995,43.0
3266.7713888888884,6847.057841362868,11026.71304856714,252.0,6,100.0,False,0,7447.213,43.0
3269.6003110149786,6853.0,10993.0,252.8,6,100.0,False,0,7447.253,43.0
3280.99361111111,6872.711641178434,10868.17764154176,256.0,6,100.0,False,0,7447.413,43.0
3289.5940988632847,6885.0,10782.0,257.2857142857143,6,100.0,False,0,7447.532999999999,43.0
3301.1380555555547,6899.928724290337,10673.735707969216,259.0,6,100.0,False,0,7447.692999999999,43.0
3315.7056077355332,6917.0,10539.0,261.5,6,100.0,False,0,7447.893,43.0
3324.5158333333325,6926.8504756082475,10452.248844356698,263.0,6,100.0,False,0,7448.013,43.0
3327.4637531675608,6930.0,10423.0,263.5,6,100.0,False,0,7448.053,43.0
3348.249166666666,6949.730601709295,10217.829344470678,267.0,7,100.0,False,0,7448.333,43.0
3349.74307197607,6951.0,10203.0,267.2222250666667,7,100.0,False,0,7448.353,43.0
3357.2303876420638,6957.0,10129.0,268.3333333333333,7,100.0,False,0,7448.4529999999995,43.0
3375.349166666666,6968.0,9949.0,271.0,7,100.0,False,0,7448.692999999999,43.0
3392.190687421932,6977.0,9722.0,273.7500032,7,100.0,False,0,7448.913,43.0
3406.0158333333325,6980.161667933606,9605.458502347808,276.0,7,100.0,False,0,7449.093,43.0
3418.2824999999993,6981.706742944176,9520.259126461451,276.0,7,100.0,False,0,7449.253,43.0
3419.8218977823367,6982.0,9507.0,276.1875024,7,100.0,False,0,7449.272999999999,43.0
3432.2046272097004,6985.0,9385.0,277.6875024,7,100.0,False,0,7449.433,43.0
3443.0824999999995,6987.979640526568,9275.91385072709,279.0,7,100.0,False,0,7449.572999999999,43.0
3449.222234535926,6990.0,9215.0,279.32916693333334,7,100.0,False,0,7449.652,43.0
3461.7491666666656,6995.338498106582,9092.595704456258,280.0,7,100.0,False,0,7449.812999999999,43.0
3464.789963966088,6997.0,9064.0,280.1218752,7,100.0,False,0,7449.852,43.0
3478.8512611345095,7007.0,8936.0,280.6843752,7,100.0,False,0,7450.031999999999,43.0
3486.7269444444432,7014.618057668509,8859.89352555872,281.0,7,100.0,False,0,7450.133,43.0
3497.534208473224,7028.0,8751.0,280.30499968,7,100.0,False,0,7450.272,43.0
3502.282499999999,7035.139935952706,8703.10725882352,280.0,7,100.0,False,0,7450.333,43.0
3517.8156741295206,7062.0,8551.0,280.99500032,7,100.0,False,0,7450.531999999999,43.0
3517.89361111111,7062.136778970253,8550.280750427508,281.0,7,100.0,False,0,7450.532999999999,43.0
3533.4491666666654,7093.508746866039,8402.285181672569,280.0,7,100.0,False,0,7450.732999999999,43.0
3534.92689296758,7098.0,8384.0,280.0,7,100.0,False,0,7450.7519999999995,43.0
3552.1158333333324,7168.557887465124,8120.379890300834,280.0,7,100.0,False,0,7450.973,43.0
3555.142656530428,7179.0,8083.0,279.83749973333335,7,100.0,False,0,7451.012,43.0
3570.7158333333327,7209.334725385122,7981.539431650178,279.0,7,100.0,False,0,7451.213,43.0
3584.6658394802585,7237.0,7906.0,279.0,7,98.19999744,False,0,7451.393,43.0
3586.2158333333323,7241.89081477788,7892.4686595727435,279.0,7,98.0,False,0,7451.413,43.0
3590.8656162823563,7258.0,7848.0,278.8124992,7,92.9374784,False,0,7451.473,43.0
3610.9269444444435,7328.088043625878,7664.714497903591,278.0,7,71.0,False,0,7451.732999999999,43.0
3613.978771213463,7339.0,7638.0,277.0,7,60.85714285714286,False,0,7451.772999999999,43.0
3627.5608089597386,7392.0,7509.0,272.4999936,7,15.214220800000007,False,0,7451.9529999999995,43.0
3632.0047222222215,7414.461467774405,7448.443056359288,271.0,7,0.0,True,0,7452.013,43.0
3645.062522486578,7483.0,7251.0,263.9285613714286,7,0.0,True,0,7452.192999999999,43.0
3652.2269444444437,7502.893368332985,7189.1776386128995,260.0,7,0.0,False,0,7452.293,43.0
3669.2936111111103,7515.331455955954,7123.379235782859,256.0,6,19.0,False,0,7452.532999999999,43.0
3670.6992998082633,7517.0,7114.0,255.5714230857143,6,19.785724342857144,False,0,7452.553,43.0
3684.6021882607374,7537.0,6978.0,251.2857088,6,27.642867199999998,False,0,7452.753,43.0
3688.738055555554,7538.4547007557885,6926.194639249854,250.0,6,30.0,False,0,7452.812999999999,43.0
3699.7158333333323,7530.756045256818,6778.061229175837,247.0,6,44.0,False,0,7452.973,43.0
3702.4536772720617,7528.0,6746.0,246.8,6,45.6,False,0,7453.013,43.0
3713.3824999999993,7515.437820812573,6644.835059472671,246.0,6,52.0,False,0,7453.173,43.0
3724.271388888888,7499.701843850547,6569.960153031472,245.0,6,61.0,False,0,7453.333,43.0
3729.7103288872318,7490.0,6527.0,245.0,6,62.0,False,0,7453.413,43.0
3740.6047222222214,7466.693756772679,6427.558687284112,245.0,6,64.0,False,0,7453.572999999999,43.0
3746.07798278259,7452.0,6367.0,245.66666666666666,6,65.0,False,0,7453.652999999999,43.0
3757.0713888888877,7416.802978025065,6225.31911025209,247.0,6,67.0,False,0,7453.812999999999,43.0
3759.827020706155,7409.0,6194.0,247.25,6,65.75,False,0,7453.853,43.0
3768.0936111111096,7390.76940560729,6120.4771420840825,248.0,6,62.0,False,0,7453.973,43.0
3780.3891041694783,7371.0,6034.0,245.7499968,6,40.999970133333335,False,0,7454.152999999999,43.0
3784.4269444444435,7363.915111758256,5999.40377042983,245.0,6,34.0,False,0,7454.213,43.0
3804.0557301540357,7330.0,5798.0,237.4999936,6,17.636349672727274,False,0,7454.513,43.0
3806.6257760299927,7327.0,5772.0,236.4999936,6,15.45453149090909,False,0,7454.553,43.0
3813.0269444444434,7319.6303651671415,5713.957681428896,234.0,6,10.0,False,0,7454.652999999999,43.0
3828.2269444444432,7315.787808229882,5565.201014084765,228.0,6,11.0,False,0,7454.893,43.0
3829.478248208442,7318.0,5546.0,227.6249952,6,11.1875024,False,0,7454.913,43.0
3840.6219094211033,7349.0,5354.0,224.25,6,12.875,False,0,7455.093,43.0
3847.960277777777,7357.2890159368035,5305.301545946226,222.0,6,14.0,False,0,7455.213,43.0
3857.6525400086803,7374.0,5272.0,220.0,6,20.4,False,0,7455.373,43.0
3872.071388888887,7470.807709256582,5065.225434807786,217.0,6,30.0,False,0,7455.612999999999,43.0
3874.4728174445963,7484.0,5038.0,216.75,6,31.25,False,0,7455.652999999999,43.0
3881.671388888888,7509.088142984456,4990.145807667801,216.0,6,35.0,False,0,7455.772999999999,43.0
3892.3912050469253,7534.0,4954.0,214.19999744,6,35.0,False,0,7455.9529999999995,43.0
3893.5602777777763,7538.60782710135,4946.718708100645,214.0,6,35.0,False,0,7455.973,43.0
3909.304704331254,7626.0,4801.0,204.69999786666668,6,7.874993777777778,False,0,7456.2519999999995,43.0
3913.760277777777,7646.284562613986,4764.990003361806,202.0,5,0.0,True,0,7456.333,43.0
3924.5670425009257,7686.0,4690.0,196.19583146666668,5,0.0,True,0,7456.531999999999,43.0
3926.7602777777765,7694.4275303122295,4673.805889658638,195.0,5,0.0,True,0,7456.572999999999,43.0
3934.100010983423,7726.0,4603.0,192.29722097777778,5,0.3861112888888889,True,0,7456.7119999999995,43.0
3942.407034670702,7769.0,4465.0,189.18610986666667,5,0.8305557333333334,True,0,7456.871999999999,43.0
3945.5602777777767,7779.674920856244,4426.135131766188,188.0,4,1.0,False,0,7456.933,43.0
3961.9577580792775,7788.0,4335.0,185.60749952,4,2.59500032,False,0,7457.2519999999995,43.0
3966.1158333333324,7788.890618945568,4298.23320443101,185.0,4,3.0,False,0,7457.333,43.0
3971.2006838406905,7788.0,4244.0,185.0,4,3.0,False,0,7457.432,43.0
3980.5047222222206,7771.467232187221,4131.018682791897,185.0,4,3.0,False,0,7457.612999999999,43.0
3987.7074538058955,7748.0,4041.0,185.0,4,3.0,False,0,7457.753,43.0
3994.8936111111097,7717.038223480797,3955.4393882296354,185.0,4,3.0,False,0,7457.893,43.0
4008.9735611701535,7653.0,3818.0,181.01423759881274,4,3.0,False,0,7458.173,43.0
4009.0216666666656,7652.839245095132,3817.662382117364,181.0,4,3.0,False,0,7458.174,43.0
4018.354999999999,7631.575525555325,3773.234669809899,168.0,4,30.0,False,0,7458.374,43.0
4025.7749999999987,7602.019606310959,3732.534024396186,168.0,4,30.0,False,0,7458.532999999999,43.0
4027.646584134659,7588.0,3715.0,168.2,4,32.9,False,0,7458.572999999999,43.0
4037.9698804542545,7487.0,3594.0,169.30000128,4,48.850018559999995,False,0,7458.793,43.0
4044.663888888888,7462.922653740021,3568.2967589468835,170.0,4,59.0,False,0,7458.933,43.0
4049.529430344146,7446.0,3555.0,172.91667413333334,4,63.16667733333333,False,0,7459.032999999999,43.0
4056.4638888888876,7395.818935475568,3514.6412948259454,177.0,4,69.0,False,0,7459.173,43.0
4060.4941512596365,7362.0,3489.0,179.0,4,70.75,False,0,7459.253,43.0
4072.9083333333324,7261.313309909619,3424.833069003948,185.0,4,76.0,False,0,7459.4929999999995,43.0
4077.170290686588,7222.0,3403.0,187.85714285714286,4,80.57142857142857,False,0,7459.572999999999,43.0
4088.074999999999,7109.178608522005,3344.189795632164,195.0,4,92.0,False,0,7459.772999999999,43.0
4090.2913777620533,7089.0,3334.0,196.4,4,93.6,False,0,7459.812999999999,43.0
4099.297222222221,7024.443492360987,3302.3020324858167,202.0,4,100.0,False,0,7459.973,43.0
4107.426948884885,6962.0,3264.0,205.85000704,4,100.0,False,0,7460.112999999999,43.0
4122.963888888888,6789.592961739246,3132.360308046187,213.0,5,100.0,False,0,7460.373,43.0
4126.57574793294,6760.0,3108.0,214.25000533333332,5,100.0,False,0,7460.433,43.0
4137.49722222222,6715.221827101638,3066.0422843992296,218.0,5,100.0,False,0,7460.612999999999,43.0
4143.661966906702,6690.0,3039.0,220.5000064,5,100.0,False,0,7460.713,43.0
4149.886111111109,6650.565626128368,2997.725196867681,223.0,5,100.0,False,0,7460.812999999999,43.0
4157.416635343746,6595.0,2939.0,225.4,5,100.0,False,0,7460.933,43.0
4162.49722222222,6560.434286417214,2901.094302509813,227.0,5,100.0,False,0,7461.013,43.0
4168.934669265457,6519.0,2854.0,229.2222279111111,5,100.0,False,0,7461.112999999999,43.0
4182.042709579538,6437.0,2754.0,233.66667235555556,5,100.0,False,0,7461.312999999999,43.0
4185.99722222222,6411.9508636058235,2720.4540461642537,235.0,5,100.0,False,0,7461.373,43.0
4192.6031740800845,6371.0,2663.0,236.42857508571427,5,100.0,False,0,7461.473,43.0
4204.58611111111,6305.697381829347,2565.775348492562,239.0,6,100.0,False,0,7461.652999999999,43.0
4209.977411412692,6276.0,2518.0,240.27272727272728,6,100.0,False,0,7461.732999999999,43.0
4231.8910260685625,6151.0,2299.0,245.36363636363637,6,100.0,False,0,7462.053,43.0
4234.6527777777765,6139.168234929748,2277.428671820444,246.0,6,100.0,False,0,7462.093,43.0
4248.541666666665,6094.670026201116,2193.1818145767,250.0,6,100.0,False,0,7462.293,43.0
4256.990153609662,6055.0,2114.0,252.4,6,100.0,False,0,7462.413,43.0
4262.6527777777765,6018.054918920341,2039.4811002428676,254.0,6,100.0,False,0,7462.4929999999995,43.0
4274.030555555554,5936.710075330466,1874.624529592883,256.0,6,100.0,False,0,7462.652999999999,43.0
4275.464589359529,5929.0,1859.0,256.3333376,6,100.0,False,0,7462.673,43.0
4300.230555555554,5863.644105039149,1725.6831454440476,262.0,6,100.0,False,0,7463.013,43.0
4301.625286817553,5859.0,1716.0,262.2035721142857,6,100.0,False,0,7463.031999999999,43.0
4314.870119429507,5802.0,1597.0,264.13214354285714,6,100.0,False,0,7463.2119999999995,43.0
4320.841666666665,5775.708399653056,1542.7370586148452,265.0,6,100.0,False,0,7463.293,43.0
4329.623648194967,5738.0,1465.0,265.59500032,6,100.0,False,0,7463.411999999999,43.0
4335.619444444444,5712.3814744851,1411.4440841068279,266.0,7,100.0,False,0,7463.4929999999995,43.0
4350.443168378918,5649.0,1278.0,267.3568186181818,7,100.0,False,0,7463.692,43.0
4362.427639149005,5597.0,1170.0,268.4477277090909,7,100.0,False,0,7463.852,43.0
4368.497222222221,5571.158466424646,1115.757749441275,269.0,7,100.0,False,0,7463.933,43.0
4375.917528977006,5540.0,1050.0,269.3535716571429,7,100.0,False,0,7464.031999999999,43.0
4389.497222222221,5483.363814850679,930.9051371479201,270.0,7,100.0,False,0,7464.213,43.0
4392.427447683055,5471.0,905.0,270.19500032,7,100.0,False,0,7464.2519999999995,43.0
4404.552777777777,5419.005026094928,796.3959999603319,271.0,7,100.0,False,0,7464.413,43.0
4410.609265382716,5393.0,742.0,271.8,7,100.0,False,0,7464.4929999999995,43.0
4419.719444444443,5354.064521989882,660.3062179524065,273.0,7,100.0,False,0,7464.612999999999,43.0
4422.756981123259,5341.0,633.0,273.12461051736693,7,100.0,False,0,7464.652999999999,43.0
4444.074517358079,5248.0,441.0,273.99688413893534,7,100.0,False,0,7464.933,43.0
4444.15111111111,5247.666558381307,440.31580911359663,274.0,7,100.0,False,0,7464.933999999999,43.0
4457.91500314452,5188.0,318.0,276.2375008,7,100.0,False,0,7465.112999999999,43.0
4462.617777777777,5167.6247729057,276.0788800708268,277.0,7,100.0,False,0,7465.174,43.0
4473.342136660387,5121.0,180.0,277.4357371400048,7,100.0,False,0,7465.312999999999,43.0
4485.704619976682,5067.0,69.0,277.9373048400079,7,100.0,False,0,7465.473,43.0
4487.251666666666,5060.318125103028,55.20670911609504,278.0,7,100.0,False,0,7465.4929999999995,43.0
4498.092270167686,5014.0,-41.0,278.5833344,7,100.0,False,0,7465.633,43.0
4505.851666666666,4981.009439730851,-110.26343318994357,279.0,7,100.0,False,0,7465.732999999999,43.0
4512.070849984519,4954.0,-167.0,279.4,7,100.0,False,0,7465.812999999999,43.0
4521.407222222221,4911.58895761132,-255.55505835668947,280.0,7,100.0,False,0,7465.933,43.0
4540.051325173315,4826.0,-433.0,280.0,7,100.0,False,0,7466.173,43.0
4552.5183333333325,4775.407444561822,-537.5190055904833,280.0,7,100.0,False,0,7466.333,43.0
4565.051666666665,4724.0382159165065,-643.4788399167888,282.0,7,100.0,False,0,7466.4929999999995,43.0
4566.623425313555,4717.0,-658.0,282.14285897142855,7,100.0,False,0,7466.513,43.0
4587.140555555555,4617.373689330278,-863.7330234865747,284.0,7,100.0,False,0,7466.772999999999,43.0
4588.722150671548,4610.0,-879.0,284.05000064,7,100.0,False,0,7466.793,43.0
4601.385835418025,4555.0,-993.0,284.45000064,7,100.0,False,0,7466.9529999999995,43.0
4617.224251188593,4486.0,-1135.0,284.95000064,7,100.0,False,0,7467.152999999999,43.0
4618.807222222221,4475.993759795162,-1155.545213329888,285.0,7,100.0,False,0,7467.173,43.0
4631.473888888889,4378.941827274132,-1354.612691032072,285.0,7,100.0,False,0,7467.333,43.0
4633.060226611158,4368.0,-1377.0,285.10000128,7,100.0,False,0,7467.353,43.0
4647.3627777777765,4294.6827276314925,-1526.1812727196982,286.0,7,100.0,False,0,7467.532999999999,43.0
4663.251666666665,4247.9625892165795,-1619.89066027343,286.0,7,100.0,False,0,7467.732999999999,43.0
4668.029398952695,4234.0,-1648.0,286.3750016,7,100.0,False,0,7467.793,43.0
4676.007222222221,4210.4308393076835,-1695.582724146634,287.0,7,100.0,False,0,7467.893,43.0
4690.406574450593,4163.0,-1791.0,287.90000128,7,100.0,False,0,7468.072999999999,43.0
4692.007222222221,4156.862411781385,-1803.2391842317425,288.0,7,100.0,False,0,7468.093,43.0
4711.207222222221,4070.7115552936975,-1973.6518364072058,288.0,7,100.0,False,0,7468.333,43.0
4719.199549972026,4033.0,-2048.0,288.0,7,100.0,False,0,7468.433,43.0
4727.2072222222205,3995.879707764699,-2121.140047402853,288.0,7,100.0,False,0,7468.532999999999,43.0
4732.029079849335,3975.0,-2162.0,288.50000213333334,7,100.0,False,0,7468.593,43.0
4746.540555555554,3917.1539846438027,-2273.104713824315,290.0,7,100.0,False,0,7468.772999999999,43.0
4751.3746885506225,3888.0,-2329.0,290.0,7,100.0,False,0,7468.833,43.0
4765.8641812304895,3771.0,-2554.0,290.0,7,100.0,False,0,7469.013,43.0
4775.540555555554,3726.5042087732586,-2639.421654999838,290.0,7,100.0,False,0,7469.133,43.0
4791.707222222221,3698.4810641866557,-2691.599405349574,291.0,7,100.0,False,0,7469.333,43.0
4794.859379618049,3689.0,-2709.0,291.0,7,100.0,False,0,7469.371999999999,43.0
4811.107222222221,3613.943208643087,-2846.42245859697,291.0,7,100.0,False,0,7469.572999999999,43.0
4820.750988911278,3565.0,-2936.0,291.3718752,7,100.0,False,0,7469.692,43.0
4825.6210055466745,3542.0,-2978.0,291.5593752,7,100.0,False,0,7469.7519999999995,43.0
4837.062777777776,3485.6921625972536,-3077.622459579295,292.0,7,100.0,False,0,7469.893,43.0
4848.326050652535,3429.0,-3175.0,291.30499968,7,100.0,False,0,7470.031999999999,43.0
4853.229444444443,3404.594198028456,-3216.475433341696,291.0,7,100.0,False,0,7470.093,43.0
4862.6896633877,3354.0,-3300.0,287.69444266666665,7,66.94442666666667,False,0,7470.2119999999995,43.0
4881.329444444444,3220.2564733746935,-3501.3014385108536,281.0,7,0.0,True,0,7470.4529999999995,43.0
4884.262771058822,3198.0,-3532.0,277.5874944,7,0.0,True,0,7470.491999999999,43.0
4893.19611111111,3130.839816217717,-3618.652126772938,267.0,7,0.0,True,0,7470.612999999999,43.0
4904.573888888889,3050.6533874555325,-3712.192749393581,256.0,6,0.0,True,0,7470.772999999999,43.0
4907.294010417101,3034.0,-3731.0,254.46785462857142,6,0.0,True,0,7470.812,43.0
4923.629444444445,2956.8174544802996,-3812.5784944529896,245.0,6,0.0,True,0,7471.053,43.0
4936.368978900469,2887.0,-3871.0,235.52369531035038,6,0.0,True,0,7471.253,43.0
4947.502397329717,2796.0,-3937.0,226.99500895999572,6,0.0,True,0,7471.433,43.0
4948.803333333333,2784.4559925937524,-3944.432323338019,226.0,5,0.0,True,0,7471.454,43.0
4957.413227916868,2706.0,-3990.0,223.21999872,5,0.0,True,0,7471.593,43.0
4961.136666666667,2671.999787086612,-4007.7256808940174,222.0,5,0.0,True,0,7471.6539999999995,43.0
4969.418245212589,2598.0,-4042.0,216.20833066666665,5,0.0,True,0,7471.793,43.0
4975.27,2549.5771912211735,-4060.508108307826,212.0,5,0.0,True,0,7471.893999999999,43.0
4978.627185686851,2521.0,-4070.0,209.28451370136665,5,0.0,True,0,7471.9529999999995,43.0
4988.614166666667,2425.3726420826883,-4096.41609712355,201.0,4,0.0,True,0,7472.133,43.0
4994.024655983416,2371.0,-4107.0,196.6249888,4,0.0,True,0,7472.232999999999,43.0
4997.236388888889,2338.936540910441,-4111.381213066141,194.0,4,0.0,True,0,7472.293,43.0
5005.680833333334,2255.3675412372572,-4116.0834053539265,190.0,4,0.0,True,0,7472.4529999999995,43.0
5010.808935903391,2204.0,-4115.0,186.49999104,4,0.0,True,0,7472.553,43.0
5015.847500000001,2153.126295954806,-4111.125205013826,183.0,4,0.0,True,0,7472.652999999999,43.0
5016.848864284033,2143.0,-4110.0,182.4999936,4,0.0,True,0,7472.673,43.0
5024.764641767114,2063.0,-4097.0,178.4999936,4,0.0,True,0,7472.833,43.0
5025.736388888889,2053.2787395800715,-4094.9667495145486,178.0,4,0.0,True,0,7472.853,43.0
5038.968228877309,1924.0,-4058.0,171.0,4,1.75,True,0,7473.133,43.0
5040.8475,1906.2298179987843,-4051.476624825781,170.0,4,2.0,False,0,7473.173,43.0
5048.358611111112,1836.7972113068204,-4022.2032091410583,169.0,4,5.0,False,0,7473.333,43.0
5050.205812826512,1820.0,-4014.0,168.0,4,7.4,False,0,7473.373,43.0
5057.469722222222,1755.3695968886886,-3978.0696820483736,164.0,3,17.0,False,0,7473.532999999999,43.0
5059.27111972519,1740.0,-3969.0,163.6,3,21.4,False,0,7473.572999999999,43.0
5061.964734968609,1717.0,-3955.0,162.99999744,3,28.00002816,False,0,7473.633,43.0
5066.469722222222,1670.7860049783337,-3922.3808833885837,162.0,3,39.0,False,0,7473.732999999999,43.0
5075.624629186402,1573.0,-3844.0,164.0,3,50.0,False,0,7473.933,43.0
5084.9141666666665,1525.414606194273,-3800.536447870664,166.0,3,61.0,False,0,7474.133,43.0
5090.524392360658,1500.0,-3773.0,167.71428571428572,3,64.42857142857143,False,0,7474.253,43.0
5098.136388888889,1451.7554013529857,-3718.869852425924,170.0,3,69.0,False,0,7474.413,43.0
5105.026179652985,1406.0,-3664.0,174.375008,3,73.8125088,False,0,7474.553,43.0
5113.114538576869,1359.0,-3601.0,179.375008,3,79.3125088,False,0,7474.713,43.0
5114.136388888889,1353.2658988121573,-3592.869111915058,180.0,4,80.0,False,0,7474.732999999999,43.0
5128.713423037022,1275.0,-3472.0,187.0,4,89.625,False,0,7475.013,43.0
5130.847500000001,1264.369133350691,-3453.914997006205,188.0,4,91.0,False,0,7475.053,43.0
5138.429187668113,1228.0,-3389.0,191.5000064,4,94.15000576,False,0,7475.192999999999,43.0
5151.731228729585,1167.0,-3274.0,197.5000064,4,99.55000576,False,0,7475.433,43.0
5152.8475,1162.2519095145406,-3264.9543091799997,198.0,4,100.0,False,0,7475.4529999999995,43.0
5161.825277777777,1122.8536420419553,-3190.4793042236165,202.0,4,100.0,False,0,7475.612999999999,43.0
5164.089861436068,1109.0,-3165.0,202.54545454545453,4,100.0,False,0,7475.652999999999,43.0
5176.706798225726,1010.0,-2987.0,205.54545803636364,4,100.0,False,0,7475.873,43.0
5187.2475,966.7549370081059,-2913.318308432662,208.0,5,100.0,False,0,7476.053,43.0
5199.138066619087,936.0,-2869.0,210.84285805714285,5,100.0,False,0,7476.2519999999995,43.0
5233.576500035439,743.0,-2596.0,218.84285805714285,5,100.0,False,0,7476.812,43.0
5238.580833333333,713.0515136650325,-2555.3937825378034,220.0,5,100.0,False,0,7476.893,43.0
5249.640681003773,648.0,-2468.0,221.2204549818182,5,100.0,False,0,7477.071999999999,43.0
5265.773983479047,553.0,-2338.0,222.99318225454545,5,100.0,False,0,7477.331999999999,43.0
5265.83638888889,552.6275311469419,-2337.4956821163214,223.0,5,100.0,False,0,7477.333,43.0
5277.115319623259,486.0,-2248.0,224.92857417142858,5,100.0,False,0,7477.513,43.0
5283.4141666666665,452.5698897359116,-2202.691805464102,226.0,5,100.0,False,0,7477.612999999999,43.0
5290.999770450802,414.0,-2151.0,226.85409194311154,5,100.0,False,0,7477.732999999999,43.0
5301.1473348123,359.0,-2080.0,227.99288120059362,5,100.0,False,0,7477.893,43.0
5301.2108333333335,358.62935214310403,-2079.5180810538823,228.0,5,100.0,False,0,7477.893999999999,43.0
5311.3886111111115,296.75616328942067,-1997.9761717055922,229.0,5,100.0,False,0,7478.054,43.0
5312.60266355474,290.0,-1989.0,229.15833386666668,5,100.0,False,0,7478.072999999999,43.0
5322.881998402092,230.0,-1914.0,230.4916672,5,100.0,False,0,7478.232999999999,43.0
5334.588611111111,85.64266821820313,-1766.3417145121186,232.0,6,100.0,False,0,7478.414,43.0
5342.306918143564,103.0,-1760.0,232.59499904,6,95.24000768,False,0,7478.532999999999,43.0
5347.533055555556,215.6350926171021,-1837.6178279018288,233.0,6,92.0,False,0,7478.614,43.0
5350.033413357221,271.0,-1876.0,232.3887173750274,6,80.7523997005039,False,0,7478.652999999999,43.0
5363.965863802284,407.0,-1949.0,228.94043542496428,6,17.304011819342534,False,0,7478.873,43.0
5367.736388888889,408.04485084638645,-1937.9146671652315,228.0,6,0.0,False,0,7478.933,43.0
5380.180833333334,329.4665727883548,-1827.45148429381,224.0,6,0.0,True,0,7479.133,43.0
5386.21566253174,282.0,-1762.0,220.74999168,6,0.0,True,0,7479.232999999999,43.0
5396.74091081122,209.0,-1652.0,214.9,6,0.0,True,0,7479.413,43.0
5403.625277777778,173.45757657018623,-1598.3477687747325,211.0,6,0.0,True,0,7479.532999999999,43.0
5412.647500000001,132.0,-1537.0,203.0,6,0.0,True,0,7479.692999999999,43.0
5422.376206774743,76.0,-1454.0,194.89998848,6,0.0,True,0,7479.873,43.0
5423.425277777778,69.95916977934473,-1444.9512293795651,194.0,6,0.0,True,0,7479.893,43.0
5438.45583016124,-16.0,-1315.0,180.8749888,6,0.0,True,0,7480.192999999999,43.0
5439.425277777778,-22.280980322880954,-1305.6979508176078,180.0,4,0.0,True,0,7480.213,43.0
5447.025277777778,-75.0875231494311,-1228.6668712877638,171.0,4,0.0,True,0,7480.373,43.0
5449.752423622653,-93.0,-1203.0,168.40907985454547,4,0.0,True,0,7480.433,43.0
5463.197255062646,-167.0,-1101.0,154.59089803636363,4,0.0,True,0,7480.753,43.0
5465.603055555555,-181.7061504356301,-1081.0233076747447,152.0,3,0.0,True,0,7480.812999999999,43.0
5469.553843459718,-207.0,-1047.0,145.1249824,3,0.0,True,0,7480.913,43.0
5471.869722222222,-221.74730642963166,-1027.663426769657,141.0,3,0.0,True,0,7480.973,43.0
5479.203055555555,-269.2385806478831,-968.5936261538316,132.0,2,0.0,True,0,7481.173,43.0
5479.89906590261,-274.0,-963.0,131.062488,2,0.0,True,0,7481.192999999999,43.0
5485.212663902488,-312.0,-920.0,123.562488,2,0.0,True,0,7481.353,43.0
5489.603055555555,-343.32626850156566,-884.6349715904445,117.0,2,0.0,True,0,7481.4929999999995,43.0
5494.402030162234,-377.0,-847.0,109.0,2,0.0,True,0,7481.652999999999,43.0
5495.5475,-385.1566069880094,-838.1053085996961,107.0,2,0.0,True,0,7481.692999999999,43.0
5501.397195364914,-428.0,-792.0,99.29999104,2,0.55000064,True,0,7481.913,43.0
5505.880833333333,-460.0,-756.0,93.0,1,1.0,True,0,7482.093,43.0
5510.769722222221,-494.0,-718.0,88.0,1,1.0,True,0,7482.293,43.0
5514.547499999999,-539.0,-670.0,85.0,1,3.0,True,0,7482.4529999999995,43.0
5520.536388888888,-776.7794785522093,-417.7873149252195,77.0,1,4.0,True,0,7482.732999999999,43.0
5524.065990475213,-898.0,-289.0,72.5249984,1,5.4916672,True,0,7482.911999999999,43.0
5525.269722222221,-915.0635204192622,-270.75110900254026,71.0,1,6.0,False,0,7482.973,43.0
5529.304463555831,-919.0,-266.0,72.99000064,1,14.95500288,False,0,7483.172,43.0
5529.325277777777,-919.0423650227305,-265.95307587439555,73.0,1,15.0,False,0,7483.173,43.0
5536.6621225538875,-968.0,-214.0,77.70833422222222,1,23.4750016,False,0,7483.512,43.0
5537.125277777777,-972.475947595533,-209.2899738851978,78.0,1,24.0,False,0,7483.532999999999,43.0
5540.645962795816,-1007.0,-173.0,79.13571474285715,1,25.135714742857143,False,0,7483.692,43.0
5543.3475,-1025.3265969052363,-153.6177633310329,80.0,1,26.0,False,0,7483.812999999999,43.0
5547.8475,-1045.1733550690544,-132.3545932693736,81.0,1,28.0,False,0,7484.013,43.0
5549.189251625619,-1053.0,-124.0,80.8124992,1,28.5625024,False,0,7484.072999999999,43.0
5554.958611111111,-1098.2149864680316,-75.99323249446317,80.0,1,31.0,False,0,7484.333,43.0
5555.402475840287,-1102.0,-72.0,80.0,1,31.248965643977577,False,0,7484.353,43.0
5560.314166666667,-1144.1857402777994,-27.758699093900393,80.0,1,34.0,False,0,7484.574,43.0
5562.962966581328,-1163.0,-8.0,80.0,1,34.99166506666667,False,0,7484.692999999999,43.0
5565.6475,-1177.295703747836,7.151097390985639,80.0,1,36.0,False,0,7484.813999999999,43.0
5570.018978241603,-1196.0,27.0,79.3781256,1,36.6218744,False,0,7485.013,43.0
5572.669722222222,-1209.482451428316,40.991104862492506,79.0,1,37.0,False,0,7485.134,43.0
5576.180833333333,-1233.6191702577112,66.01320599965759,79.0,1,37.0,False,0,7485.294,43.0
5578.35356288421,-1260.0,94.0,79.0,1,37.0,False,0,7485.393,43.0
5583.18111111111,-1337.0,176.0,79.0,1,37.0,False,0,7485.612999999999,43.0
5585.814428871053,-1356.0,195.0,79.0,1,37.0,False,0,7485.732999999999,43.0
5587.569999999999,-1367.2994206015742,207.10553308222438,79.0,1,37.0,False,0,7485.812999999999,43.0
5589.325572589688,-1380.0,221.0,79.0,1,37.0,False,0,7485.893,43.0
5591.9588888888875,-1403.055029308356,245.41774149908275,79.0,1,37.0,False,0,7486.013,43.0
5595.469999999998,-1434.9932165008927,278.6593329941227,79.0,1,37.0,False,0,7486.173,43.0
5596.3479606661895,-1441.0,285.0,79.0,1,36.5,False,0,7486.213,43.0
5598.981111111109,-1453.85529962775,298.89526867256325,79.0,1,35.0,False,0,7486.333,43.0
5601.609585302026,-1465.0,311.0,79.0,1,35.0,False,0,7486.4529999999995,43.0
5608.193827599411,-1510.0,359.0,79.0,1,35.0,False,0,7486.753,43.0
5608.6366666666645,-1513.5716117469906,363.0610434644808,79.0,1,35.0,False,0,7486.772999999999,43.0
5613.08502697177,-1549.0,406.0,79.83333333333333,1,31.666666666666668,False,0,7486.973,43.0
5613.9699999999975,-1554.5231557699467,413.5587833400549,80.0,1,31.0,False,0,7487.013,43.0
5617.04402824443,-1570.0,438.0,79.1249984,1,30.1249984,False,0,7487.152999999999,43.0
5617.4811111111085,-1572.0444291931071,441.66366049501096,79.0,1,30.0,False,0,7487.173,43.0
5621.829970851508,-1591.0,481.0,78.58333333333333,1,30.833333333333332,False,0,7487.373,43.0
5627.881111111108,-1611.8880370566835,537.978977301439,78.0,1,32.0,False,0,7487.652999999999,43.0
5628.313404325172,-1613.0,542.0,78.0,1,32.0,False,0,7487.673,43.0
5629.61036017412,-1616.0,554.0,78.0,1,32.0,False,0,7487.732999999999,43.0
5633.081111111108,-1621.931914998056,587.0184464422857,78.0,1,32.0,False,0,7487.893,43.0
5633.95501429258,-1623.0,597.0,78.125,1,32.0,False,0,7487.933,43.0
5640.103333333331,-1626.0808708053949,683.0862359736371,79.0,1,32.0,False,0,7488.213,43.0
5640.539213137857,-1626.0,688.0,78.9374992,1,32.0,False,0,7488.232999999999,43.0
5647.036666666664,-1620.001390151444,730.9828830737133,78.0,1,32.0,False,0,7488.532999999999,43.0
5648.78253272736,-1617.0,743.0,78.22222222222223,1,31.77777777777778,False,0,7488.612999999999,43.0
5654.497160026707,-1602.0,798.0,78.94444515555556,1,31.055554844444444,False,0,7488.873,43.0
5654.936666666664,-1600.254555955692,802.7320833515621,79.0,1,31.0,False,0,7488.893,43.0
5658.010427676554,-1584.0,839.0,79.0,1,32.3125024,False,0,7489.032999999999,43.0
5661.958888888887,-1549.3007352810519,899.5173502626958,79.0,1,34.0,False,0,7489.213,43.0
5662.375746306354,-1546.0,905.0,79.0,1,34.0,False,0,7489.232,43.0
5663.253390855323,-1539.6476146197258,915.4440964104966,79.0,1,34.0,False,0,7489.272,43.0
-0.0078085556025368485,-1543.2256676911707,908.8829859134444,79.0,1,34.0,False,0,7489.272,44.0
3.9719444444444427,-1528.9351184694256,929.5938340754673,79.0,1,34.0,False,0,7489.4529999999995,44.0
6.614110109931828,-1518.0,946.0,79.59500032,1,34.59500032,False,0,7489.572,44.0
8.416388888888887,-1509.8575569221218,958.4337851090077,80.0,1,35.0,False,0,7489.653,44.0
12.86083333333333,-1485.0335440422018,996.436069342543,80.0,1,32.0,False,0,7489.853,44.0
13.282904473282322,-1482.0,1001.0,80.0,1,32.20357211428571,False,0,7489.872,44.0
18.615820810754084,-1437.0,1068.0,80.0,1,34.77500068571429,False,0,7490.112,44.0
19.083055555555553,-1433.3564242191553,1073.4488142078524,80.0,1,35.0,False,0,7490.133,44.0
22.638611111111107,-1409.1407509665205,1109.9849706123457,80.0,1,35.0,False,0,7490.293,44.0
26.14972222222222,-1391.1150839308832,1137.358842138151,79.0,1,34.0,False,0,7490.4529999999995,44.0
27.4427330519713,-1386.0,1145.0,79.0,1,33.7541664,False,0,7490.512,44.0
34.04888102274948,-1366.0,1174.0,79.0,1,32.5,False,0,7490.813,44.0
36.683055555555555,-1351.6551045004683,1195.3940950090705,79.0,1,32.0,False,0,7490.933,44.0
39.75540033010856,-1332.0,1225.0,79.0,1,31.003557577640375,False,0,7491.073,44.0
42.849444444444444,-1313.526650553776,1253.0299084279154,79.0,1,30.0,False,0,7491.214,44.0
45.02214150316658,-1301.0,1272.0,79.0,1,29.50499968,False,0,7491.313,44.0
47.23833333333333,-1288.3716826679597,1290.9849870810926,79.0,1,29.0,False,0,7491.414,44.0
48.97105381863179,-1279.0,1305.0,79.0,1,28.435715657142858,False,0,7491.4929999999995,44.0
53.382777777777775,-1256.16385006647,1338.8920206853804,79.0,1,27.0,False,0,7491.6939999999995,44.0
54.24096001150812,-1250.0,1348.0,79.0,1,22.93752,False,0,7491.733,44.0
58.649444444444434,-1210.6151502481575,1406.135273386641,79.0,1,2.0,False,0,7491.934,44.0
59.06059893651179,-1208.0,1410.0,78.7624992,1,2.0,False,0,7491.9529999999995,44.0
62.07166666666666,-1198.9596627774454,1423.4306012080378,77.0,1,2.0,True,0,7492.094,44.0
64.13497475904465,-1194.0,1431.0,75.75861913998394,1,1.379309569991967,True,0,7492.193,44.0
68.54027777777777,-1169.0,1469.0,73.0,1,0.0,True,0,7492.413,44.0
74.4331863133956,-1134.0,1521.0,66.77777777777777,1,0.0,True,0,7492.733,44.0
75.14027777777777,-1129.95810344785,1527.0804353565068,66.0,1,0.0,True,0,7492.773,44.0
77.23074802640687,-1118.0,1545.0,63.857142857142854,1,0.0,True,0,7492.893,44.0
79.88472222222222,-1102.0,1568.0,61.0,0,0.0,True,0,7493.053,44.0
84.53554247954344,-1075.0,1609.0,53.0,0,0.0,True,0,7493.373,44.0
85.08472222222223,-1071.8930097932812,1613.7030475568224,52.0,0,0.0,True,0,7493.413,44.0
86.70818468195682,-1063.0,1627.0,49.5,0,0.0,True,0,7493.533,44.0
88.21805555555557,-1055.082150921782,1638.6148925081422,47.0,0,0.0,True,0,7493.653,44.0
88.9013432983684,-1050.0,1646.0,44.9374912,0,0.0,True,0,7493.713,44.0
90.69154024067547,-1030.0,1675.0,38.75,0,0.0,True,0,7493.893,44.0
91.41805555555555,-1024.647225157282,1682.7911306268168,36.0,0,0.0,True,0,7493.973,44.0
93.08472222222223,-1021.2706863032278,1687.957839386415,30.0,0,0.0,True,0,7494.173,44.0
93.52941495029377,-1020.0,1690.0,28.4999936,0,0.0,True,0,7494.233,44.0
94.47361111111111,-1015.217249040031,1697.64179682976,25.0,0,0.0,True,0,7494.373,44.0
95.52816384587274,-1008.0,1709.0,21.249994666666666,0,0.0,True,0,7494.553,44.0
95.80694444444444,-1006.1482222179093,1711.8218343848766,20.0,0,0.0,True,0,7494.613,44.0
96.10767762163537,-1004.0,1715.0,17.555555555555557,0,0.0,True,0,7494.693,44.0
96.70694444444445,-997.9830481432228,1723.3726657384836,9.0,0,0.0,True,0,7494.973,44.0
96.81060065080149,-997.0,1725.0,8.142853485714285,0,0.0,True,0,7495.033,44.0
97.04681128008117,-995.0,1729.0,5.8571392,0,0.0,True,0,7495.193,44.0
97.09583333333333,-994.6001117293845,1729.842891776821,5.0,0,0.0,True,0,7495.253,44.0
97.09583333333333,-994.7998636900601,1729.4218509575985,0.0,0,0.0,True,0,7495.4929999999995,44.0
97.08804802425288,-995.0,1729.0,0.0,0,0.0,True,0,7495.613,44.0
97.09371077689097,-995.0,1729.0,0.0,0,0.0,True,0,7495.772,44.0
97.09583333333333,-994.9891214646582,1729.0229299748385,0.0,0,0.0,True,0,7495.853,44.0
97.09583333333333,-994.9995268572743,1729.000997298851,0.0,0,0.0,False,0,7496.133,44.0
97.09578375421225,-995.0,1729.0,0.0,0,0.0,False,0,7496.152,44.0
97.09580891190943,-995.0,1729.0,0.0,0,0.0,False,0,7496.332,44.0
97.09583333333333,-994.999885264817,1729.0002418409076,0.0,0,0.0,False,0,7496.373,44.0
97.0958380443722,-995.0,1729.0,0.0,0,0.0,False,0,7496.532,44.0
97.09583333333333,-995.0000252131556,1728.9999468552523,0.0,0,0.0,False,0,7496.573,44.0
97.09583141326341,-995.0,1729.0,0.0,0,0.0,False,0,7496.812,44.0
97.09583333333333,-994.9999967982865,1729.0000067486296,0.0,0,0.0,False,0,7496.893,44.0
97.09583450169451,-995.0,1729.0,0.0,0,0.0,False,0,7496.992,44.0
97.09583333333333,-995.0,1729.0,0.0,0,0.0,False,0,7497.293,44.0
97.09583332323443,-995.0,1729.0,0.0,0,0.0,False,0,7497.473,44.0
97.09583333333333,-995.0000000119544,1728.9999999748022,0.0,0,0.0,False,0,7497.4929999999995,44.0
97.09583333683184,-995.0,1729.0,0.0,0,0.0,False,0,7497.813,44.0
97.09583333333333,-994.9999999968555,1729.000000006628,0.0,0,0.0,False,0,7497.854,44.0
97.09583333227886,-995.0,1729.0,0.0,0,0.0,False,0,7498.073,44.0
97.09583333333333,-995.0000000010521,1728.999999997782,0.0,0,0.0,False,0,7498.134,44.0
97.09583333333578,-995.0,1729.0,0.0,0,0.0,False,0,7498.533,44.0
97.09583333333333,-994.999999999997,1729.0000000000066,0.0,0,0.0,False,0,7498.534,44.0
97.09583333329277,-995.0,1729.0,0.0,0,0.0,False,0,7498.853,44.0
97.09583333333333,-995.0000000000027,1728.9999999999472,0.0,0,0.0,False,0,7498.934,44.0
97.09583333334338,-995.0,1729.0,0.0,0,0.0,False,0,7499.133,44.0
97.09583333333333,-995.0000000001909,1729.0000000000452,0.0,0,0.0,False,0,7499.253,44.0
97.09583333333333,-995.0000000001198,1729.0000000000214,0.0,0,0.0,False,0,7499.4529999999995,44.0
97.09583333333183,-995.0,1729.0,0.0,0,0.0,False,0,7499.473,44.0
97.09583333333333,-994.9999999985461,1728.9999999997478,0.0,0,0.0,False,0,7499.613,44.0
97.09583333333333,-994.9999999986221,1728.999999999763,0.0,0,0.0,False,0,7499.813,44.0
97.09583333320765,-995.0,1729.0,0.0,0,0.0,False,0,7499.853,44.0
97.09583333285441,-995.0,1729.0,0.0,0,0.0,False,0,7500.013,44.0
97.09583333333333,-994.9999999908576,1728.9999999984273,0.0,0,0.0,False,0,7500.053,44.0
97.09583333333333,-995.0,1729.0,0.0,0,0.0,False,0,7500.253,44.0
97.09583333333333,-995.0000002173808,1729.0000000373905,0.0,0,0.0,False,0,7500.4529999999995,44.0
97.09583335847206,-995.0,1729.0,0.0,0,0.0,False,0,7500.4929999999995,44.0
97.09583333333333,-994.999998005012,1728.9999996568538,0.0,0,0.0,False,0,7500.733,44.0
97.09583306616103,-995.0,1729.0,0.0,0,0.21428662857142858,False,0,7500.793,44.0
97.09583333333333,-995.0,1729.0,0.0,0,1.0,False,0,7501.013,44.0
97.0958374282398,-995.0,1729.0,0.0,0,4.5,False,0,7501.293,44.0
97.09583333333333,-995.0000747722581,1729.0000128611302,0.0,1,5.0,False,0,7501.333,44.0
97.09583333333333,-995.000156315408,1729.0000268868807,0.0,1,1.0,False,0,7501.533,44.0
97.09584687725861,-995.0,1729.0,0.0,1,0.9166656,False,0,7501.553,44.0
97.09589985222924,-995.0,1729.0,0.0,1,0.0833322666666666,False,0,7501.753,44.0
97.09583333333333,-995.0010340543488,1729.0001778615217,0.0,1,0.0,False,0,7501.773,44.0
97.09384430614742,-995.0,1729.0,0.0,1,0.6,False,0,7502.013,44.0
97.09583333333333,-994.9094773421715,1728.9844297374852,0.0,1,1.0,False,0,7502.173,44.0
97.09837520420609,-995.0,1729.0,0.0,1,11.037502933333334,False,0,7502.392,44.0
97.09583333333333,-995.0488758365074,1729.008406841152,0.0,1,12.0,False,0,7502.413,44.0
97.09583333333333,-995.8740356389617,1729.1503376576884,0.0,1,25.0,False,0,7502.613,44.0
97.6064251592594,-995.0,1729.0,5.755556977777778,1,37.23055857777778,False,0,7502.872,44.0
97.77574760251582,-994.0,1729.0,7.088890311111111,1,40.063891911111114,False,0,7502.932,44.0
97.89583333333333,-993.1782748453078,1729.6500631546453,8.0,1,42.0,False,0,7502.973,44.0
98.48042948511252,-989.0,1737.0,11.580001280000001,1,44.685000959999996,False,0,7503.152,44.0
98.56249999999999,-988.5757787343125,1737.799765412488,12.0,1,45.0,False,0,7503.173,44.0
99.50694444444443,-985.5521742313753,1743.399330001458,17.0,1,39.0,False,0,7503.373,44.0
100.79508683938923,-981.0,1750.0,20.91071542857143,1,40.56428617142857,False,0,7503.592,44.0
101.21805555555554,-978.9419704985033,1752.7025699604765,22.0,1,41.0,False,0,7503.653,44.0
102.48159364749247,-972.0,1762.0,26.57142857142857,1,41.57142857142857,False,0,7503.813,44.0
103.55138888888887,-965.4780834570232,1771.7652141351473,30.0,1,42.0,False,0,7503.933,44.0
105.11565479320271,-955.0,1788.0,33.98576240118726,1,43.138789257482074,False,0,7504.093,44.0
106.43944444444443,-945.6784874996254,1802.1480922350631,37.0,1,44.0,False,0,7504.214,44.0
109.19224087576784,-929.0,1827.0,44.03928777142857,1,38.5249984,False,0,7504.433,44.0
110.0172222222222,-925.5001846048149,1832.1137881667494,46.0,1,37.0,False,0,7504.494,44.0
114.68965065565475,-910.0,1855.0,52.37999616,1,34.60750144,False,0,7504.813,44.0
116.0172222222222,-903.8037832092457,1864.7951537437557,54.0,1,34.0,False,0,7504.894,44.0
119.18963592097424,-887.0,1891.0,59.9666688,1,36.9833344,False,0,7505.073,44.0
122.6172222222222,-868.3148562360398,1917.5840031045223,66.0,1,40.0,False,0,7505.254,44.0
124.14603995946166,-860.0,1930.0,67.9749952,1,38.81500288,False,0,7505.333,44.0
126.56166666666662,-847.2459297462804,1950.440182057098,71.0,1,37.0,False,0,7505.454,44.0
127.37178149284274,-843.0,1957.0,72.16999424,1,38.55999232,False,0,7505.4929999999995,44.0
130.83944444444447,-824.5376147295449,1983.2737599345905,77.0,1,45.0,False,0,7505.6539999999995,44.0
131.690517031894,-820.0,1990.0,77.32635848812063,1,46.46861319654282,False,0,7505.693,44.0
134.32537205028984,-806.0,2012.0,78.33054339524826,1,50.98744527861713,False,0,7505.813,44.0
136.08416666666662,-796.3670137526196,2026.8225102825074,79.0,1,54.0,False,0,7505.893,44.0
140.47305555555556,-771.7329595813022,2063.1077040203145,79.0,1,54.0,False,0,7506.093,44.0
141.34981380452726,-767.0,2070.0,79.0,1,53.75,False,0,7506.133,44.0
143.98416666666668,-753.1192789343276,2090.145548394154,79.0,1,53.0,False,0,7506.253,44.0
145.30950934568878,-745.0,2102.0,79.1875008,1,53.0,False,0,7506.313,44.0
150.65034420294083,-703.0,2164.0,79.9375008,1,53.0,False,0,7506.553,44.0
151.0952777777777,-699.6772422421947,2168.926440920972,80.0,1,53.0,False,0,7506.573,44.0
155.53972222222222,-670.7810974004219,2211.9169371297776,80.0,1,53.0,False,0,7506.773,44.0
158.20846020930543,-656.0,2234.0,80.0,1,53.75,False,0,7506.893,44.0
159.0952777777778,-651.3778464020829,2240.9172610815613,80.0,1,54.0,False,0,7506.933,44.0
167.87305555555554,-612.0,2300.0,79.0,1,55.0,False,0,7507.333,44.0
172.26194444444442,-594.7092396648559,2325.7752685746905,79.0,1,55.0,False,0,7507.533,44.0
176.2062395362909,-575.0,2355.0,79.0,1,55.0,False,0,7507.713,44.0
177.52861111111113,-566.5611579928398,2367.4927699872896,79.0,1,55.0,False,0,7507.773,44.0
181.97305555555556,-534.1631003459191,2415.3463637940363,80.0,1,55.0,False,0,7507.973,44.0
182.41813687749556,-531.0,2420.0,80.0,1,55.1250016,False,0,7507.9929999999995,44.0
185.52861111111113,-509.8107348244292,2451.061420760903,80.0,1,56.0,False,0,7508.133,44.0
189.9340192670855,-484.0,2489.0,79.58333333333333,1,56.0,False,0,7508.333,44.0
196.06194444444446,-460.5881879252814,2524.8564692675127,79.0,1,56.0,False,0,7508.613,44.0
200.88816161223605,-438.0,2559.0,79.0,1,55.44999936,False,0,7508.833,44.0
204.8397222222222,-410.69608384881866,2599.072824384318,79.0,1,55.0,False,0,7509.013,44.0
205.25675343836528,-408.0,2603.0,79.0,1,55.0,False,0,7509.032,44.0
213.15649912768484,-368.0,2661.0,79.0,1,55.0,False,0,7509.392,44.0
214.4952777777778,-360.7639354155544,2671.7905253875133,79.0,1,55.0,False,0,7509.4529999999995,44.0
217.10740341591543,-346.0,2694.0,79.0,1,55.850000457142855,False,0,7509.572,44.0
220.6397222222222,-326.35690700078425,2723.492097098787,79.0,1,57.0,False,0,7509.733,44.0
221.0562020233368,-324.0,2727.0,79.0,1,56.8812496,False,0,7509.7519999999995,44.0
225.4377860443385,-299.0,2764.0,79.0,1,55.6312496,False,0,7509.952,44.0
227.66194444444443,-287.5629902531464,2781.362586564324,79.0,1,55.0,False,0,7510.053,44.0
230.74355155514326,-270.0,2808.0,79.4343752,1,55.8687504,False,0,7510.192,44.0
234.77305555555554,-237.228091067829,2856.1269179396722,80.0,1,57.0,False,0,7510.373,44.0
236.55156880452927,-225.0,2874.0,80.0,1,57.0,False,0,7510.4529999999995,44.0
239.21749999999997,-213.33503295822732,2891.129025810559,80.0,1,57.0,False,0,7510.573,44.0
243.66191505791852,-198.0,2914.0,80.0,1,56.00497607484873,False,0,7510.773,44.0
243.68416666666664,-197.87594309096642,2914.185133532545,80.0,1,56.0,False,0,7510.774,44.0
249.9063888888889,-151.51714908090705,2983.271691280412,80.0,1,56.0,False,0,7511.054,44.0
250.3250431395794,-149.0,2987.0,79.8812496,1,56.1187504,False,0,7511.073,44.0
253.41750000000002,-135.80907965888082,3006.3609992554293,79.0,1,57.0,False,0,7511.214,44.0
256.9004142592674,-124.0,3024.0,79.0,1,56.3375008,False,0,7511.373,44.0
258.68416666666667,-115.35114779089551,3037.355164597976,79.0,1,56.0,False,0,7511.454,44.0
262.21489112012097,-95.0,3068.0,79.6624992,1,56.6624992,False,0,7511.613,44.0
264.01750000000004,-84.41367222707026,3082.620964876147,80.0,1,57.0,False,0,7511.6939999999995,44.0
264.44002312437846,-82.0,3086.0,80.0,1,57.0,False,0,7511.713,44.0
267.5730555555556,-65.2939677524793,3110.8943352535543,80.0,1,57.0,False,0,7511.854,44.0
269.3284014315425,-56.0,3125.0,80.0,1,57.0,False,0,7511.933,44.0
273.77304991113954,-31.0,3162.0,80.0,1,57.0,False,0,7512.133,44.0
273.79527777777776,-30.87222398720291,3162.191125528042,80.0,1,57.0,False,0,7512.134,44.0
278.6620219114859,-4.0,3203.0,80.0,1,57.0,False,0,7512.353,44.0
279.1286111111111,-1.8653669198633742,3206.2274158319756,80.0,1,57.0,False,0,7512.374,44.0
284.43972222222226,19.489843935964558,3238.0092124073044,80.0,1,57.0,False,0,7512.613,44.0
286.6656458057446,40.0,3269.0,80.0,1,57.0,False,0,7512.713,44.0
288.8929583306237,69.0,3313.0,80.0,1,57.0,False,0,7512.813,44.0
291.5508333333334,95.01963691052995,3352.047263306037,80.0,1,57.0,False,0,7512.933,44.0
296.81750000000005,115.5397071618285,3381.0368254035,79.0,1,57.0,False,0,7513.173,44.0
299.4494241684541,124.0,3393.0,79.0,1,57.0,False,0,7513.293,44.0
303.8397222222223,140.6038988179904,3417.3440819491593,79.0,1,57.0,False,0,7513.4929999999995,44.0
307.7904618215468,158.0,3444.0,79.0,1,57.0,False,0,7513.673,44.0
309.10638888888894,164.2724007145276,3453.8916867889693,79.0,1,57.0,False,0,7513.733,44.0
310.85985252829136,174.0,3469.0,79.0,1,57.44444444444444,False,0,7513.813,44.0
316.1243653896195,215.0,3529.0,79.0,1,58.77777777777778,False,0,7514.053,44.0
317.00638888888903,220.65399160515574,3537.22475764922,79.0,1,59.0,False,0,7514.093,44.0
325.8945005967543,257.0,3591.0,79.9090909090909,1,59.90909090909091,False,0,7514.4929999999995,44.0
326.78416666666675,261.5120949438272,3597.7633434849477,80.0,1,60.0,False,0,7514.533,44.0
329.8949089459611,279.0,3624.0,80.0,1,60.500000914285714,False,0,7514.673,44.0
333.006388888889,296.21542775655286,3649.8068899552113,80.0,1,61.0,False,0,7514.813,44.0
333.89654412205954,301.0,3657.0,80.0,1,61.0,False,0,7514.853,44.0
339.67631601279885,333.0,3705.0,80.0,1,61.0,False,0,7515.113,44.0
340.1175000000001,335.9859117607829,3709.3836650700127,80.0,1,61.0,False,0,7515.133,44.0
343.62861111111124,362.1541706368265,3747.4320087256638,79.0,1,61.0,False,0,7515.293,44.0
344.5045871395078,368.0,3756.0,79.0,1,61.0,False,0,7515.333,44.0
349.77305555555563,392.7243769014935,3793.4918101970984,79.0,1,61.0,False,0,7515.573,44.0
353.30831860962417,408.0,3817.0,79.66250026666667,1,61.66250026666667,False,0,7515.732,44.0
355.106388888889,417.4148226587264,3831.253768754058,80.0,1,62.0,False,0,7515.813,44.0
359.0449515763835,440.0,3865.0,79.5027776,1,61.0055552,False,0,7515.992,44.0
363.006388888889,462.7754232705491,3897.668032841034,79.0,1,60.0,False,0,7516.173,44.0
363.42263956962,466.0,3902.0,79.0,1,59.80999936,False,0,7516.192,44.0
368.24794453715725,512.0,3961.0,79.0,1,57.60999936,False,0,7516.412,44.0
371.78416666666675,530.0193346672089,3983.1817402623615,79.0,1,56.0,False,0,7516.573,44.0
375.29527777777787,541.5192130306557,3992.8967500686767,79.0,1,50.0,False,0,7516.733,44.0
377.0142514862471,555.0,4003.0,79.0,1,48.0249984,False,0,7516.812,44.0
379.68416666666684,586.0685595225187,4025.758754660694,79.0,1,45.0,False,0,7516.933,44.0
381.5288040795428,606.0,4040.0,81.0,1,40.0,False,0,7517.013,44.0
385.35083333333347,631.2370598201262,4056.688746084323,85.0,1,30.0,False,0,7517.173,44.0
389.22594261221633,654.0,4069.0,86.991699658065,1,32.65559954408667,False,0,7517.333,44.0
391.2419444444446,671.071981792103,4077.88984706696,88.0,1,34.0,False,0,7517.414,44.0
393.2583066936746,689.0,4087.0,90.468744,1,36.9624928,False,0,7517.4929999999995,44.0
395.3752777777779,706.3761831294058,4095.5105596803946,93.0,1,40.0,False,0,7517.574,44.0
399.11827496751084,741.0,4110.0,95.31666773333333,1,41.158333866666666,False,0,7517.713,44.0
401.8419444444446,778.2956829994433,4122.576359378217,97.0,1,42.0,False,0,7517.814,44.0
406.63478091652513,851.0,4144.0,97.0,1,49.16000256,False,0,7517.9929999999995,44.0
407.23083333333346,857.7477443187254,4145.798469233656,97.0,1,50.0,False,0,7518.014,44.0
412.0752777777779,895.6656547509308,4154.23940852435,109.0,1,53.0,False,0,7518.174,44.0
421.16886407817736,949.0,4159.0,116.8468696,1,57.359372,False,0,7518.4529999999995,44.0
422.5641666666668,961.41229257955,4160.283216813944,118.0,2,58.0,False,0,7518.494,44.0
426.6986113557102,1002.0,4165.0,121.718744,2,63.9499904,False,0,7518.613,44.0
430.9889943610532,1043.0,4171.0,125.468744,2,69.9499904,False,0,7518.733,44.0
433.9419444444446,1070.5456597235964,4174.699053904449,128.0,2,74.0,False,0,7518.814,44.0
439.89750000000015,1126.706071452824,4181.245384951228,134.0,2,78.0,False,0,7518.974,44.0
442.12217581351615,1150.0,4184.0,135.1062512,2,80.5812528,False,0,7519.033,44.0
445.9863888888889,1193.6316667533356,4189.297390982703,137.0,2,85.0,False,0,7519.134,44.0
453.10903804561855,1272.0,4199.0,142.24268391044063,2,96.23432266522993,False,0,7519.313,44.0
455.54638888888894,1294.116541612663,4201.716860920452,144.0,3,100.0,False,0,7519.373,44.0
463.8241666666667,1361.0,4210.0,149.0,3,100.0,False,0,7519.573,44.0
475.1552557567227,1469.0,4224.0,154.77778346666668,3,100.0,False,0,7519.833,44.0
479.5241666666668,1512.4605230241489,4229.423380169985,157.0,3,100.0,False,0,7519.933,44.0
486.4593030527589,1582.0,4238.0,157.0,3,100.0,False,0,7520.093,44.0
488.246388888889,1599.2410679607692,4240.1749543657315,157.0,3,100.0,False,0,7520.133,44.0
494.77377917391874,1661.0,4248.0,164.0000128,3,98.49999725714285,False,0,7520.273,44.0
501.5463888888889,1730.5851986306461,4256.4766418683075,171.0,3,97.0,False,0,7520.413,44.0
509.36335279148295,1812.0,4266.0,175.0,3,99.4,False,0,7520.573,44.0
511.3241666666668,1831.0894051934051,4268.165140865523,176.0,4,100.0,False,0,7520.613,44.0
522.183807180786,1930.0,4279.0,177.83333546666665,4,100.0,False,0,7520.833,44.0
523.1908333333334,1938.9549969651816,4279.969529887699,178.0,4,100.0,False,0,7520.853,44.0
533.4925951889678,2041.0,4291.0,183.0,4,100.0,False,0,7521.053,44.0
539.7241666666667,2135.203855459816,4301.226104312382,186.0,4,100.0,False,0,7521.173,44.0
547.9908333333334,2257.0,4314.0,186.0,4,100.0,False,0,7521.333,44.0
558.435277777778,2308.5349869589977,4317.459939805625,188.0,4,100.0,False,0,7521.533,44.0
565.7534550662884,2361.0,4325.0,188.0,4,100.0,False,0,7521.673,44.0
577.2352777777779,2541.576899157288,4355.890679987393,188.0,4,100.0,False,0,7521.893,44.0
578.2779765414298,2554.0,4358.0,188.0,4,100.0,False,0,7521.913,44.0
591.8575000000002,2612.4782728390155,4369.063115020324,188.0,4,100.0,False,0,7522.173,44.0
597.0836788134906,2665.0,4387.0,190.4750016,4,100.0,False,0,7522.272,44.0
602.5797222222221,2763.7094067354938,4420.627751973899,193.0,4,100.0,False,0,7522.373,44.0
609.4349211585525,2894.0,4467.0,199.76136727272728,4,97.83636247272727,False,0,7522.492,44.0
629.2241666666664,3081.1686776134725,4551.9253614267445,218.0,5,92.0,False,0,7522.813,44.0
630.3983381785806,3091.0,4556.0,218.19000064,5,92.19000064,False,0,7522.832,44.0
635.3342018278088,3136.0,4574.0,218.99000064,5,92.99000064,False,0,7522.912,44.0
651.3504827639615,3354.0,4686.0,221.59000064,5,95.59000064,False,0,7523.172,44.0
653.8908333333334,3385.0318844473577,4704.30301766034,222.0,5,96.0,False,0,7523.213,44.0
673.8908333333334,3552.2190888384807,4826.28121752329,225.0,5,100.0,False,0,7523.533,44.0
682.7326701665249,3597.0,4864.0,226.1666688,5,100.0,False,0,7523.673,44.0
696.6908333333333,3647.6028898333684,4908.027641584932,228.0,5,100.0,False,0,7523.893,44.0
700.4972852303744,3668.0,4927.0,228.24896351949795,5,100.0,False,0,7523.9529999999995,44.0
712.021111111111,3755.52716068091,5010.752229233265,229.0,5,100.0,False,0,7524.134,44.0
713.2408399899286,3765.0,5020.0,229.31666773333333,5,100.0,False,0,7524.153,44.0
727.554444444444,3866.6535221713402,5122.004831838403,233.0,6,100.0,False,0,7524.374,44.0
734.0033192110069,3911.0,5167.0,233.6187504,6,100.0,False,0,7524.473,44.0
747.0701430596905,4003.0,5259.0,234.8687504,6,100.0,False,0,7524.673,44.0
748.4433333333329,4012.836037457473,5268.53867174159,235.0,6,100.0,False,0,7524.6939999999995,44.0
758.777137027249,4088.0,5340.0,232.61500288,6,78.53502592,False,0,7524.853,44.0
761.332222222222,4107.36788506179,5358.475543945196,232.0,6,73.0,True,0,7524.894,44.0
767.2302543313724,4153.0,5402.0,224.07999488,6,54.932488320000004,True,0,7524.9929999999995,44.0
782.4337626786553,4276.0,5514.0,201.67999488,6,3.832488319999996,True,0,7525.273,44.0
783.5544444444441,4287.906923418909,5524.449758472973,200.0,6,0.0,True,0,7525.294,44.0
793.072241701578,4397.0,5619.0,192.7281224,6,0.0,True,0,7525.473,44.0
800.1766666666664,4452.39955997995,5666.31632453553,187.0,4,0.0,True,0,7525.614,44.0
812.6954351352801,4516.0,5718.0,164.26019005002036,4,0.0,True,0,7525.893,44.0
814.4430555555554,4528.658399815435,5728.16034624,161.0,3,0.0,True,0,7525.933,44.0
821.3763888888885,4584.0,5772.0,156.0,3,0.0,True,0,7526.093,44.0
830.0343181197013,4642.0,5814.0,142.249984,3,0.0,True,0,7526.313,44.0
830.7763888888886,4646.573661683335,5817.071610661052,141.0,3,0.0,True,0,7526.333,44.0
839.8759468206534,4705.0,5851.0,129.44443306666668,3,0.0,True,0,7526.593,44.0
843.2763888888886,4734.0682888153615,5864.028440242501,125.0,2,0.0,True,0,7526.693,44.0
848.7115344331085,4785.0,5883.0,122.33333333333333,2,0.0,True,0,7526.853,44.0
851.3430555555553,4809.014213851502,5889.833751239696,121.0,2,0.0,True,0,7526.933,44.0
857.5652777777774,4872.0,5899.0,112.0,2,0.0,True,0,7527.133,44.0
862.3652777777775,4938.108898372112,5898.343629567997,108.0,2,0.0,True,0,7527.293,44.0
865.2796628807542,4975.0,5896.0,106.21428114285715,2,0.0,True,0,7527.393,44.0
870.3763888888886,5016.510493138047,5890.303908621037,103.0,2,0.0,True,0,7527.573,44.0
874.7886093583055,5047.0,5882.0,101.0,2,0.4,True,0,7527.733,44.0
878.5754128081526,5083.0,5870.0,99.2499968,2,0.75000064,True,0,7527.873,44.0
881.2652777777774,5114.338964063971,5854.78323912705,98.0,2,1.0,False,0,7527.973,44.0
885.531944444444,5166.92811297599,5823.220443220527,96.0,2,3.0,False,0,7528.133,44.0
887.1005676334604,5181.0,5814.0,95.35714011428571,2,4.071433142857143,False,0,7528.193,44.0
892.7652777777773,5207.765992866799,5791.961624545948,93.0,2,8.0,False,0,7528.413,44.0
893.8061472791976,5213.0,5787.0,93.25,2,9.625,False,0,7528.4529999999995,44.0
900.6761693353588,5261.0,5739.0,94.8750016,2,20.1875104,False,0,7528.713,44.0
901.2097222222218,5264.525397217038,5734.685822457278,95.0,2,21.0,False,0,7528.733,44.0
906.5986111111107,5294.7404431185305,5688.880867519705,97.0,2,29.0,False,0,7528.933,44.0
909.3372828405688,5307.0,5667.0,98.8562512,2,30.2375008,False,0,7529.032,44.0
911.043055555555,5313.7904350408535,5654.24800827404,100.0,2,31.0,False,0,7529.093,44.0
914.9671245590963,5330.0,5616.0,101.7375008,2,38.52917013333333,False,0,7529.232,44.0
917.9097222222217,5346.386508369145,5564.940650864483,103.0,2,44.0,False,0,7529.333,44.0
919.6820572882348,5355.0,5538.0,104.9666688,2,45.7208352,False,0,7529.392,44.0
925.3097222222218,5368.055540291388,5507.313289138314,111.0,2,51.0,False,0,7529.573,44.0
934.3752580232455,5377.0,5433.0,116.9785728,2,60.964287999999996,False,0,7529.852,44.0
934.4097222222218,5377.091159264419,5432.142459333384,117.0,2,61.0,False,0,7529.853,44.0
937.1881713177786,5385.0,5357.0,120.703128,2,63.7156272,False,0,7529.932,44.0
946.1430555555552,5393.547522373665,5256.5243506059,132.0,2,72.0,False,0,7530.173,44.0
955.9777125125952,5401.0,5202.0,133.17913896962656,2,29.550997093443442,False,0,7530.433,44.0
962.522867667964,5422.0,5085.0,133.99546398383427,2,0.16329658196610808,False,0,7530.613,44.0
962.558055555555,5422.131852049939,5084.400580386234,134.0,2,0.0,True,0,7530.614,44.0
975.7802777777772,5476.513694128788,4953.258848579733,119.0,2,0.0,True,0,7531.014,44.0
978.2916828671141,5484.0,4941.0,116.63000576,2,0.0,True,0,7531.093,44.0
982.058055555555,5492.099556584391,4926.722195598137,113.0,2,0.0,True,0,7531.214,44.0
987.9469444444441,5513.044692349013,4898.173354114184,106.0,2,0.0,True,0,7531.414,44.0
989.0625919145435,5523.0,4887.0,105.187504,2,0.0,True,0,7531.4529999999995,44.0
994.1025457158313,5585.0,4821.0,101.43749866666667,2,0.0,True,0,7531.633,44.0
994.6802777777773,5590.633958446021,4815.239355537934,101.0,1,0.0,True,0,7531.6539999999995,44.0
1000.0691666666662,5615.638974461507,4793.294808089339,97.0,1,0.0,True,0,7531.854,44.0
1003.6679278766136,5631.0,4785.0,94.21999872,1,0.0,True,0,7531.9929999999995,44.0
1005.2358333333327,5641.893983753063,4778.5497515429715,93.0,1,0.0,True,0,7532.054,44.0
1010.3220822048808,5687.0,4752.0,92.00500096,1,0.0,True,0,7532.253,44.0
1010.3469444444439,5687.210960583057,4751.8872831139415,92.0,1,0.0,True,0,7532.254,44.0
1016.0569535313622,5739.0,4734.0,86.0250048,1,0.0,True,0,7532.4929999999995,44.0
1016.0802777777773,5739.299176831999,4733.967200775218,86.0,1,0.0,False,0,7532.494,44.0
1020.6683333333327,5808.086397810514,4733.658125360165,83.0,1,1.0,False,0,7532.693,44.0
1021.1258611478554,5813.0,4734.0,82.94999936,1,1.5500070400000001,False,0,7532.713,44.0
1026.583245924286,5839.0,4743.0,82.34999936,1,8.15000704,False,0,7532.9529999999995,44.0
1029.7794444444437,5866.2810527930105,4756.648567223719,82.0,1,12.0,False,0,7533.093,44.0
1032.079324435914,5888.0,4769.0,82.50000128,1,16.00001024,False,0,7533.193,44.0
1034.3905555555548,5906.662129187177,4782.512419044499,83.0,1,20.0,False,0,7533.293,44.0
1035.7814637393778,5918.0,4792.0,83.3750016,1,22.6250112,False,0,7533.353,44.0
1038.1238888888881,5938.978493513602,4811.058340547615,84.0,1,27.0,False,0,7533.4529999999995,44.0
1044.9683333333326,5998.0,4871.0,88.0,1,39.0,False,0,7533.733,44.0
1048.9683333333326,6016.485659423429,4892.517774056484,90.0,1,43.0,False,0,7533.893,44.0
1051.507586030104,6027.0,4906.0,91.66667093333334,1,47.16667733333333,False,0,7533.9929999999995,44.0
1055.234999999999,6045.129925355717,4929.894897062648,94.0,1,53.0,False,0,7534.133,44.0
1058.7328155757561,6068.0,4964.0,99.18181818181819,1,54.09090909090909,False,0,7534.253,44.0
1065.1082054101262,6120.0,5050.0,107.81818181818181,1,55.90909090909091,False,0,7534.4529999999995,44.0
1069.0461111111103,6136.835059526147,5079.995943453785,113.0,1,57.0,False,0,7534.573,44.0
1077.112777777777,6151.0,5114.0,121.0,2,65.0,False,0,7534.813,44.0
1084.2650454662523,6179.0,5179.0,128.5,2,74.16666666666667,False,0,7535.013,44.0
1085.7794444444437,6184.574623479568,5193.004872699737,130.0,2,76.0,False,0,7535.053,44.0
1098.0771595412748,6222.0,5301.0,146.8750144,2,84.4375072,False,0,7535.353,44.0
1098.9349999999993,6224.524178634685,5308.79990766968,148.0,2,85.0,False,0,7535.373,44.0
1104.9940141722313,6242.0,5365.0,154.9500032,2,95.4250048,False,0,7535.512,44.0
1107.712777777777,6249.05397811868,5390.139585359064,158.0,3,100.0,False,0,7535.573,44.0
1112.207932952564,6260.0,5432.0,161.53571657142857,3,100.0,False,0,7535.672,44.0
1120.7303809631896,6280.0,5513.0,167.964288,3,100.0,False,0,7535.852,44.0
1120.779444444444,6280.106208230707,5513.450777724335,168.0,3,100.0,False,0,7535.853,44.0
1132.9794444444437,6304.010579071363,5625.605733538597,183.0,4,100.0,False,0,7536.093,44.0
1134.985421687501,6308.0,5648.0,183.9750016,4,100.0,False,0,7536.132,44.0
1141.290555555555,6320.951018938471,5728.182562278693,187.0,4,100.0,False,0,7536.253,44.0
1147.8297018983556,6330.0,5827.0,193.3218784,4,100.0,False,0,7536.372,44.0
1157.039406599076,6331.0,5982.0,201.8218784,4,100.0,False,0,7536.532,44.0
1159.4238888888885,6330.523642966052,6012.701252357262,204.0,4,100.0,False,0,7536.573,44.0
1171.1461111111105,6326.168536144104,6088.750148378197,211.0,5,100.0,False,0,7536.773,44.0
1181.7016662606627,6315.0,6151.0,212.3466346868981,5,100.0,False,0,7536.9529999999995,44.0
1194.983333333333,6289.487793547678,6286.743246158555,214.0,5,100.0,False,0,7537.174,44.0
1196.1629145341685,6287.0,6298.0,214.8204573090909,5,100.0,False,0,7537.193,44.0
1206.3350227921528,6260.0,6393.0,221.7295482181818,5,100.0,False,0,7537.353,44.0
1220.7649442207128,6178.0,6595.0,231.22953716363637,5,100.0,False,0,7537.573,44.0
1223.4611111111105,6165.911478213846,6622.146867639075,233.0,5,100.0,False,0,7537.614,44.0
1243.2141729738282,6107.0,6722.0,237.671876,5,100.0,False,0,7537.913,44.0
1244.616666666666,6100.811750752984,6731.270808439659,238.0,6,100.0,False,0,7537.934,44.0
1255.3722222222218,6040.761729108521,6821.020792932615,242.0,6,100.0,False,0,7538.094,44.0
1260.7013646255728,6009.0,6866.0,242.65833173333334,6,100.0,False,0,7538.173,44.0
1271.6388888888882,5946.530245378576,6946.612668665414,244.0,6,100.0,False,0,7538.334,44.0
1281.2560116378136,5877.0,7022.0,247.4750016,6,100.0,False,0,7538.473,44.0
1288.305555555555,5808.398498670589,7089.015021444926,250.0,6,100.0,False,0,7538.574,44.0
1293.8362862648005,5756.0,7138.0,250.9874976,6,100.0,False,0,7538.653,44.0
1305.1722222222218,5678.782181779186,7205.1220321860865,253.0,6,100.0,False,0,7538.814,44.0
1317.9243286715682,5603.0,7265.0,255.9833344,6,100.0,False,0,7538.9929999999995,44.0
1322.3055555555547,5569.920676454316,7291.603861237292,257.0,6,100.0,False,0,7539.054,44.0
1329.4540362592975,5513.0,7337.0,258.98000128,6,100.0,False,0,7539.153,44.0
1336.805555555555,5459.287448809679,7377.891631695504,261.0,6,100.0,False,0,7539.254,44.0
1351.4879125059322,5338.0,7469.0,265.1631792440603,6,100.0,False,0,7539.4529999999995,44.0
1354.4649999999992,5304.058090336983,7495.6511627654745,266.0,6,100.0,False,0,7539.4929999999995,44.0
1367.9568748628064,5140.0,7627.0,268.50000355555557,6,100.0,False,0,7539.673,44.0
1381.5649999999998,5059.755061413256,7692.366342676305,271.0,7,100.0,False,0,7539.853,44.0
1393.7427777777773,5009.372287660111,7735.059744846489,274.0,7,100.0,False,0,7540.013,44.0
1395.276680305261,5000.0,7743.0,274.2916704,7,100.0,False,0,7540.033,44.0
1417.060341755268,4822.0,7894.0,278.37500373333336,7,100.0,False,0,7540.313,44.0
1431.2094444444438,4726.135554716405,7976.117276172429,281.0,7,100.0,False,0,7540.4929999999995,44.0
1443.8144549873716,4644.0,8047.0,282.7142857142857,7,100.0,False,0,7540.653,44.0
1453.2983333333327,4573.447798439399,8107.990006671076,284.0,7,100.0,False,0,7540.773,44.0
1461.2279217862979,4513.0,8160.0,285.00000256,7,100.0,False,0,7540.873,44.0
1467.5925334068083,4465.0,8201.0,285.80000256,7,100.0,False,0,7540.9529999999995,44.0
1469.1872222222219,4452.2734292875775,8211.86389608344,286.0,7,100.0,False,0,7540.973,44.0
1494.8761111111107,4221.738702682688,8408.75341211727,289.0,7,100.0,False,0,7541.293,44.0
1498.104111475312,4198.0,8429.0,289.4,7,100.0,False,0,7541.333,44.0
1511.042777777777,4122.260041952316,8493.49466613799,291.0,7,100.0,False,0,7541.4929999999995,44.0
1519.1427978909637,4075.0,8534.0,291.4166677333333,7,100.0,False,0,7541.593,44.0
1530.509444444444,3994.517685119423,8603.579667026403,292.0,7,100.0,False,0,7541.733,44.0
1546.8301207248837,3866.0,8715.0,293.1111111111111,7,100.0,False,0,7541.933,44.0
1551.7366100917814,3829.0,8747.0,293.4444458666667,7,100.0,False,0,7541.9929999999995,44.0
1559.9094444444438,3769.313926879746,8799.337595359259,294.0,7,100.0,False,0,7542.093,44.0
1569.6281520401958,3694.0,8866.0,294.0,7,100.0,False,0,7542.2119999999995,44.0
1572.9761111111109,3664.760191954972,8891.795916619038,294.0,7,100.0,False,0,7542.253,44.0
1595.8427777777777,3448.7324305833104,9081.689312150831,294.0,7,100.0,False,0,7542.533,44.0
1597.3945612356717,3437.0,9092.0,294.0,7,100.0,False,0,7542.552,44.0
1621.976111111111,3299.704016377387,9212.535886191174,294.0,7,100.0,False,0,7542.853,44.0
1623.5272280522518,3290.0,9221.0,294.0,7,100.0,False,0,7542.872,44.0
1638.3094444444441,3180.7075721897972,9316.105341053722,294.0,7,100.0,False,0,7543.053,44.0
1643.138442456369,3142.0,9350.0,294.2458336,7,100.0,False,0,7543.112,44.0
1657.9761111111109,3019.9990102937522,9457.816264961664,295.0,7,100.0,False,0,7543.293,44.0
1664.5321738699963,2964.0,9507.0,295.0,7,100.0,False,0,7543.373,44.0
1671.0872222222217,2906.5336924511994,9557.002650724851,295.0,7,100.0,False,0,7543.4529999999995,44.0
1687.558055555555,2762.649795431942,9680.750459595687,295.0,7,100.0,False,0,7543.6539999999995,44.0
1694.0320728521838,2716.0,9721.0,295.0,7,100.0,False,0,7543.733,44.0
1713.7802777777772,2611.1053298548945,9812.746173328473,295.0,7,100.0,False,0,7543.974,44.0
1723.5289082073327,2537.0,9878.0,295.0,7,100.0,False,0,7544.093,44.0
1726.8913888888885,2503.7897965211996,9907.215730185722,295.0,7,100.0,False,0,7544.134,44.0
1744.8961527235779,2295.0,10091.0,295.78214308571427,7,100.0,False,0,7544.353,44.0
1749.9136111111109,2247.871518922353,10132.691544625146,296.0,7,100.0,False,0,7544.414,44.0
1766.358055555555,2139.391756876886,10229.598282326644,296.0,7,100.0,False,0,7544.614,44.0
1779.5136111111108,2066.9759652448824,10294.901733426264,296.0,7,100.0,False,0,7544.774,44.0
1781.0719033146772,2058.0,10303.0,295.7964278857143,7,100.0,False,0,7544.793,44.0
1802.302499999999,1926.715518439346,10421.409983923282,293.0,7,100.0,False,0,7545.054,44.0
1814.937659843684,1841.0,10497.0,286.375008,7,38.3875744,False,0,7545.213,44.0
1821.169166666666,1795.9867070405971,10535.870377679934,283.0,7,7.0,True,0,7545.294,44.0
1827.068147267487,1745.0,10578.0,277.0750144,7,5.2718792,True,0,7545.373,44.0
1844.1913888888882,1539.489172466031,10733.977444968405,259.0,7,0.0,True,0,7545.614,44.0
1845.5091105045108,1527.0,10743.0,257.5749952,7,0.0,True,0,7545.633,44.0
1857.746944444444,1458.2021474793744,10788.213328039636,244.0,7,0.0,True,0,7545.814,44.0
1866.456297261303,1413.0,10811.0,233.93313761326579,7,0.0,True,0,7545.9529999999995,44.0
1878.3009493997652,1302.0,10866.0,219.44845020084244,7,0.0,True,0,7546.153,44.0
1879.4863888888885,1290.4172466109983,10871.113033459087,218.0,5,0.0,True,0,7546.173,44.0
1888.9086111111105,1200.5255570385134,10905.19007515112,212.0,5,0.0,True,0,7546.333,44.0
1895.6142488559617,1136.0,10924.0,205.57142857142858,5,0.0,True,0,7546.4529999999995,44.0
1904.2308333333328,1052.9744338251924,10941.126895318477,197.0,4,0.0,True,0,7546.613,44.0
1906.3818322659731,1032.0,10944.0,195.75,4,0.0,True,0,7546.653,44.0
1912.764166666666,967.6344419730203,10949.254784436564,192.0,4,0.0,True,0,7546.773,44.0
1917.8641242932788,914.0,10950.0,186.58331946666667,4,0.0,True,0,7546.873,44.0
1920.8280358096233,882.0,10949.0,183.33333333333334,4,0.0,True,0,7546.933,44.0
1924.6974999999993,835.1817615943157,10946.534864642706,179.0,4,0.0,True,0,7547.013,44.0
1935.7671424829023,693.0,10933.0,169.0,4,0.0,True,0,7547.253,44.0
1941.0974999999992,651.687639181532,10923.88890525934,164.0,3,0.0,True,0,7547.373,44.0
1948.0556494769758,608.0,10906.0,157.6,3,0.0,True,0,7547.533,44.0
1949.764166666666,593.8437715558305,10899.727207554917,156.0,3,0.0,True,0,7547.573,44.0
1958.0974999999992,513.0,10861.0,150.0,3,0.0,True,0,7547.773,44.0
1966.0419444444437,446.0,10817.0,143.0,3,0.0,True,0,7547.973,44.0
1976.6197222222215,347.41011045161775,10705.69687111169,136.0,3,0.0,True,0,7548.253,44.0
1979.543708440744,328.0,10680.0,133.6,3,0.0,True,0,7548.333,44.0
1983.8419444444437,311.0593069978885,10654.663101537782,130.0,2,0.0,True,0,7548.4529999999995,44.0
1990.058578058886,296.0,10624.0,124.59999232,2,0.0,True,0,7548.633,44.0
1990.7308333333326,293.40211507623417,10618.915841783093,124.0,2,0.0,True,0,7548.653,44.0
1996.5850123906237,265.0,10563.0,118.7791648,2,0.0,True,0,7548.832,44.0
1998.5308333333326,256.3993105184536,10544.264955200422,117.0,2,0.0,True,0,7548.893,44.0
2002.2700955167038,242.0,10509.0,114.520832,2,0.0,True,0,7549.012,44.0
2005.997499999999,229.74586857434082,10472.957788984155,112.0,2,0.0,True,0,7549.133,44.0
2025.9824372395924,196.0,10273.0,106.63157894736842,2,17.894736842105264,True,0,7549.813,44.0
2028.375277777777,194.08588956235354,10251.414768024937,106.0,2,20.0,False,0,7549.893,44.0
2036.3216675441988,189.0,10171.0,109.2418969016354,2,31.670828845887435,False,0,7550.153,44.0
2040.7394444444435,185.7026269267,10105.765399440039,111.0,2,38.0,False,0,7550.294,44.0
2043.2479434411268,184.0,10072.0,112.64582933333334,2,40.633326933333336,False,0,7550.373,44.0
2048.472777777777,181.38256449287064,10024.110676179409,116.0,2,46.0,False,0,7550.534,44.0
2057.363802500939,176.0,9967.0,121.29772858181818,2,46.0,False,0,7550.793,44.0
2063.008230910811,169.0,9913.0,124.57045585454546,2,46.0,False,0,7550.9529999999995,44.0
2063.750555555555,167.9293340534901,9905.961780306403,125.0,2,46.0,False,0,7550.974,44.0
2070.8061111111106,154.11685723466795,9840.032921350916,127.0,2,41.0,False,0,7551.174,44.0
2071.4678762218027,152.0,9833.0,126.73611022222222,2,38.83610382222222,False,0,7551.193,44.0
2076.9613347874565,134.0,9781.0,124.513888,2,20.6138816,False,0,7551.353,44.0
2083.0061111111104,142.55750522569812,9802.613409996264,122.0,2,0.0,True,0,7551.534,44.0
2083.630264821527,141.0,9800.0,121.72291573333334,2,0.15833386666666668,True,0,7551.553,44.0
2090.0806023185423,91.0,9700.0,118.80624906666667,2,1.8250005333333335,True,0,7551.753,44.0
2098.3394444444434,69.39670547269215,9663.668656848897,115.0,2,4.0,False,0,7552.014,44.0
2099.575869864595,64.0,9658.0,114.80500096,2,5.169994239999999,False,0,7552.053,44.0
2104.672777777777,24.326495318842483,9615.201943644211,114.0,2,10.0,False,0,7552.214,44.0
2110.8920715000277,-35.0,9554.0,113.00500096,2,10.99499904,False,0,7552.413,44.0
2117.1172222222212,-69.50124394665069,9528.2245866133,112.0,2,12.0,False,0,7552.614,44.0
2120.177148769933,-86.0,9518.0,111.3812496,2,12.6187504,False,0,7552.713,44.0
2122.0505555555546,-97.86267077097074,9510.245661139918,111.0,2,13.0,False,0,7552.774,44.0
2128.0624212920907,-156.0,9479.0,109.33704806883908,2,6.348192275356314,False,0,7552.973,44.0
2132.8205555555546,-237.42451692792804,9452.579735919557,108.0,2,1.0,False,0,7553.133,44.0
2133.412432863169,-246.0,9450.0,107.8333312,2,1.5833408,False,0,7553.153,44.0
2139.887222222221,-291.8622768743513,9437.226032030429,106.0,2,8.0,False,0,7553.373,44.0
2145.151380996212,-321.0,9441.0,105.24999893333333,2,5.7499968,False,0,7553.553,44.0
2146.887222222221,-338.78825397093567,9443.911322955582,105.0,2,5.0,False,0,7553.613,44.0
2151.4649999999992,-403.1799349923992,9455.246846627118,103.0,2,8.0,False,0,7553.773,44.0
2154.8926840619656,-443.0,9463.0,103.0,2,12.2,False,0,7553.893,44.0
2157.187222222221,-460.6981806528093,9467.000689364593,103.0,2,15.0,False,0,7553.973,44.0
2161.8094444444437,-479.64739617762916,9474.793765953136,104.0,2,21.0,False,0,7554.133,44.0
2165.29467089114,-510.0,9497.0,104.6,2,25.8,False,0,7554.253,44.0
2167.642777777777,-542.6724272609686,9522.169804395886,105.0,2,29.0,False,0,7554.333,44.0
2170.6194714712124,-585.0,9555.0,106.2500032,2,31.083338666666666,False,0,7554.433,44.0
2174.842777777777,-618.719918302278,9580.208875550541,108.0,2,34.0,False,0,7554.573,44.0
2180.9538888888883,-626.2440307726354,9587.611432843816,110.0,2,37.0,False,0,7554.773,44.0
2185.9985391952937,-656.0,9639.0,112.5,2,39.5,False,0,7554.933,44.0
2189.8712436933633,-695.0,9705.0,114.375,2,41.375,False,0,7555.053,44.0
2191.1761111111105,-704.7035663574813,9721.38424156909,115.0,2,42.0,False,0,7555.093,44.0
2202.5479732000367,-729.0,9784.0,120.65000106666666,2,49.53333475555556,False,0,7555.432,44.0
2203.2761111111104,-731.9358064593205,9794.069206606218,121.0,2,50.0,False,0,7555.4529999999995,44.0
2208.8880504819167,-760.0,9891.0,125.63750186666667,2,52.65000106666667,False,0,7555.612,44.0
2211.809444444444,-769.9813719574495,9930.957871262413,128.0,2,54.0,False,0,7555.693,44.0
2219.198333333333,-777.7800259646204,9990.9308728509,133.0,2,59.0,False,0,7555.893,44.0
2226.0453762969923,-776.0,10047.0,137.4750016,2,60.79000064,False,0,7556.072,44.0
2226.865,-775.5665052475628,10055.073225231798,138.0,2,61.0,False,0,7556.093,44.0
2236.5316666666668,-767.3379811732501,10168.809739562043,145.0,3,69.0,False,0,7556.333,44.0
2245.1796259452817,-760.0,10249.0,152.22222222222223,3,70.66666666666667,False,0,7556.533,44.0
2252.331666666667,-755.7544294612857,10282.376794166612,158.0,3,72.0,False,0,7556.693,44.0
2258.6542805281997,-747.0,10323.0,161.48548077505265,3,76.06639423756144,False,0,7556.833,44.0
2263.3105555555558,-734.6434958671013,10375.831393148497,164.0,3,79.0,False,0,7556.934,44.0
2266.084529801241,-726.0,10410.0,166.9500032,3,80.1062512,False,0,7556.993,44.0
2270.955,-709.8252809183784,10467.42098366511,172.0,3,82.0,False,0,7557.094,44.0
2276.9611178443347,-687.0,10537.0,176.95832533333333,3,86.4624928,False,0,7557.213,44.0
2295.386714277286,-602.0,10747.0,191.12500266666666,3,99.2125024,False,0,7557.553,44.0
2296.5550000000003,-597.808064980014,10756.629726291503,192.0,4,100.0,False,0,7557.574,44.0
2314.7185395799406,-545.0,10867.0,204.9593672,4,100.0,False,0,7557.893,44.0
2314.777222222222,-544.7749654910585,10867.43723234902,205.0,4,100.0,False,0,7557.894,44.0
2325.469588052902,-497.0,10959.0,212.03214537142858,4,100.0,False,0,7558.073,44.0
2331.577222222222,-468.340903795705,11013.62819272092,216.0,5,100.0,False,0,7558.174,44.0
2341.3105555555553,-423.06590945092563,11099.249313125125,219.0,5,100.0,False,0,7558.334,44.0
2344.975053910216,-407.0,11129.0,220.89643062857144,5,100.0,False,0,7558.393,44.0
2355.1298819425665,-358.0,11215.0,226.03928777142858,5,100.0,False,0,7558.553,44.0
2359.043888888889,-327.33641414783375,11264.435367529368,228.0,5,100.0,False,0,7558.614,44.0
2368.03306931652,-248.0,11388.0,232.17000192,5,100.0,False,0,7558.753,44.0
2372.043888888889,-224.06731587258727,11424.171731193313,234.0,5,100.0,False,0,7558.814,44.0
2389.6181471171376,-171.0,11496.0,241.91389084444444,5,100.0,False,0,7559.073,44.0
2396.543888888889,-142.5272397846539,11534.253255553152,245.0,6,100.0,False,0,7559.174,44.0
2407.5216666666665,-77.02172121037893,11619.511663733296,247.0,6,100.0,False,0,7559.334,44.0
2413.0213204071642,-27.0,11678.0,248.9749952,6,100.0,False,0,7559.413,44.0
2425.773289887379,115.0,11834.0,253.4750016,6,100.0,False,0,7559.593,44.0
2427.277222222222,127.99456507538915,11847.94266683832,254.0,6,100.0,False,0,7559.614,44.0
2451.937154808284,238.0,11955.0,261.5543230151254,6,100.0,False,0,7559.9529999999995,44.0
2453.404444444444,246.69440990963753,11962.887147542458,262.0,6,100.0,False,0,7559.973,44.0
2468.1266666666666,357.6219266096556,12063.159704998527,265.0,6,100.0,False,0,7560.173,44.0
2471.0838769251786,379.0,12082.0,265.5,6,100.0,False,0,7560.213,44.0
2479.993333333334,436.3690834196978,12131.007542148978,267.0,6,100.0,False,0,7560.333,44.0
2487.4837090474502,506.0,12184.0,268.562504,6,100.0,False,0,7560.433,44.0
2499.5933963322277,678.0,12306.0,271.062504,6,100.0,False,0,7560.593,44.0
2504.1711111111113,722.7381112739192,12337.100926793017,272.0,7,100.0,False,0,7560.653,44.0
2525.774001728677,821.0,12392.0,277.25,7,100.0,False,0,7560.933,44.0
2528.882222222222,847.2705340286361,12404.52584180528,278.0,7,100.0,False,0,7560.973,44.0
2550.737777777778,1102.0,12523.0,281.0,7,100.0,False,0,7561.253,44.0
2566.404444444445,1222.4365566990314,12571.682215609902,282.0,7,100.0,False,0,7561.4529999999995,44.0
2580.6075244216368,1323.0,12604.0,283.35000192,7,100.0,False,0,7561.633,44.0
2598.071111111112,1490.0,12653.0,285.0,7,100.0,False,0,7561.853,44.0
2617.2044444444446,1675.8667734152389,12701.015084289491,287.0,7,100.0,False,0,7562.093,44.0
2618.7267309467784,1691.0,12704.0,287.1781256,7,100.0,False,0,7562.112,44.0
2620.3305562073424,1707.0,12707.0,287.3656256,7,100.0,False,0,7562.132,44.0
2642.982222222223,1924.4186900701475,12748.176206773149,290.0,7,100.0,False,0,7562.413,44.0
2646.1339512469376,1960.0,12754.0,290.2437504,7,100.0,False,0,7562.452,44.0
2655.915555555556,2082.570491455023,12772.223864762907,291.0,7,100.0,False,0,7562.573,44.0
2660.6823547252475,2139.0,12780.0,291.0,7,100.0,False,0,7562.632,44.0
2673.6141027276803,2267.0,12796.0,291.0,7,100.0,False,0,7562.792,44.0
2675.3155555555554,2283.6442967346934,12797.94094452549,291.0,7,100.0,False,0,7562.813,44.0
2689.946292025494,2428.0,12814.0,292.1250016,7,100.0,False,0,7562.993,44.0
2701.3600000000006,2526.4937490739358,12824.5566316541,293.0,7,100.0,False,0,7563.133,44.0
2720.956691569249,2736.0,12846.0,293.5442174501366,7,100.0,False,0,7563.373,44.0
2734.0270125971792,2955.0,12868.0,293.90702908356104,7,100.0,False,0,7563.533,44.0
2737.375000000001,2998.686140464417,12872.360630971289,294.0,7,100.0,False,0,7563.574,44.0
2750.4416666666675,3095.071809758138,12881.830462868325,294.0,7,100.0,False,0,7563.734,44.0
2766.7463064393773,3191.0,12892.0,294.4814511483871,7,100.0,False,0,7563.933,44.0
2774.965170378621,3272.0,12901.0,294.7233872516129,7,100.0,False,0,7564.033,44.0
2847.7028565566598,3991.0,12981.0,296.8524195096774,7,100.0,False,0,7564.913,44.0
2852.7416666666672,4059.0077336751056,12989.399744808348,297.0,7,100.0,False,0,7564.974,44.0
2869.170044776496,4269.0,13016.0,297.0,7,100.0,False,0,7565.173,44.0
2882.441666666667,4354.069437492995,13027.532167948377,297.0,7,100.0,False,0,7565.334,44.0
2890.590440729101,4416.0,13036.0,296.6464283428571,7,100.0,False,0,7565.433,44.0
2905.4638888888894,4615.641311685623,13062.437634293596,296.0,7,100.0,False,0,7565.614,44.0
2915.221681975669,4758.0,13080.0,294.81000192,7,100.0,False,0,7565.733,44.0
2921.797222222223,4843.424063773407,13089.535404567781,294.0,7,100.0,False,0,7565.814,44.0
2943.96388888889,5065.414398699113,13108.960809346696,285.0,7,0.0,True,0,7566.094,44.0
2950.1589649423386,5106.0,13112.0,283.42000384,7,0.0,True,0,7566.173,44.0
2959.575000000001,5148.954993792045,13114.935654503437,281.0,7,0.0,True,0,7566.294,44.0
2968.6662926648055,5196.0,13115.0,275.76100841580893,7,0.0,True,0,7566.413,44.0
2971.676666666667,5218.899592754769,13114.2191639892,274.0,6,0.0,True,0,7566.4529999999995,44.0
2983.4988888888893,5345.689108204372,13106.966438542378,266.0,6,0.0,True,0,7566.613,44.0
2995.12655741727,5493.0,13086.0,262.0,6,0.0,True,0,7566.773,44.0
2997.9988888888893,5529.494462788183,13077.912642154555,261.0,6,0.0,False,0,7566.813,44.0
3020.487777777779,5791.725813986395,12990.217114757459,253.0,6,28.0,False,0,7567.133,44.0
3023.260523495389,5813.0,12982.0,252.28571428571428,6,30.142857142857142,False,0,7567.173,44.0
3039.7766666666676,5886.35898809368,12947.945113945416,248.0,6,43.0,False,0,7567.413,44.0
3045.248322725309,5922.0,12924.0,247.33333333333334,6,50.0,False,0,7567.493,44.0
3056.176666666667,6037.948937511974,12841.117643785285,246.0,6,64.0,False,0,7567.653,44.0
3068.52701655083,6177.0,12736.0,247.00000142222223,6,69.50000782222222,False,0,7567.833,44.0
3080.9766666666674,6251.325759202849,12670.101036110336,248.0,6,75.0,False,0,7568.013,44.0
3096.3766344839005,6309.0,12598.0,250.5000029090909,6,80.00000581818182,False,0,7568.233,44.0
3109.073489894444,6382.0,12497.0,252.54545454545453,6,84.0909090909091,False,0,7568.413,44.0
3111.8988888888894,6400.969758269746,12465.607499093825,253.0,6,85.0,False,0,7568.4529999999995,44.0
3124.5610514216332,6485.0,12309.0,254.27857188571429,6,94.58928914285714,False,0,7568.632,44.0
3131.732222222223,6514.195910047814,12249.552640792142,255.0,6,100.0,False,0,7568.733,44.0
3145.9394771358084,6549.0,12164.0,256.8656256,6,100.0,False,0,7568.932,44.0
3154.6655555555567,6577.314696111476,12088.867641412837,258.0,6,100.0,False,0,7569.053,44.0
3166.237243104315,6618.0,11974.0,261.9750016,6,100.0,False,0,7569.2119999999995,44.0
3166.310000000001,6618.240014818879,11973.280453987461,262.0,6,100.0,False,0,7569.213,44.0
3177.954444444445,6653.8968875649425,11859.339007096507,262.0,7,100.0,False,0,7569.373,44.0
3183.760055388946,6669.0,11807.0,263.234376,7,100.0,False,0,7569.452,44.0
3195.719493157883,6699.0,11694.0,265.75,7,100.0,False,0,7569.613,44.0
3201.687777777779,6723.409132794459,11598.182089045473,267.0,7,100.0,False,0,7569.693,44.0
3209.163122685285,6757.0,11464.0,267.74813123281496,7,100.0,False,0,7569.793,44.0
3231.762777777779,6813.314125609803,11214.965708387645,270.0,7,100.0,False,0,7570.094,44.0
3248.3034508890023,6839.0,11071.0,271.8250005333333,7,100.0,False,0,7570.313,44.0
3249.8961111111116,6841.726706753738,11055.049618196856,272.0,7,100.0,False,0,7570.334,44.0
3272.7077366635976,6881.0,10814.0,274.24250048,7,100.0,False,0,7570.633,44.0
3280.4516666666677,6890.351729930592,10750.818262566645,275.0,7,100.0,False,0,7570.734,44.0
3295.840555555557,6901.921014292071,10659.484833888484,277.0,7,100.0,False,0,7570.934,44.0
3311.298658247375,6917.0,10539.0,278.8656232,7,100.0,False,0,7571.133,44.0
3314.416317462264,6921.0,10508.0,279.2406232,7,100.0,False,0,7571.173,44.0
3320.729444444445,6928.183703182636,10447.79080287747,280.0,7,100.0,False,0,7571.254,44.0
3336.244614387287,6943.0,10291.0,280.7107136,7,100.0,False,0,7571.4529999999995,44.0
3342.585000000001,6950.183612669804,10204.20750179397,281.0,7,100.0,False,0,7571.534,44.0
3356.6764183814294,6965.0,10010.0,282.4916672,7,100.0,False,0,7571.713,44.0
3370.985000000001,6969.904005408257,9917.535858772419,284.0,7,100.0,False,0,7571.894,44.0
3377.232344659137,6971.0,9884.0,284.2194439111111,7,100.0,False,0,7571.973,44.0
3399.485000000001,6976.754269887789,9702.895666704251,285.0,7,100.0,False,0,7572.254,44.0
3407.3502127953307,6980.0,9583.0,285.41250026666665,7,100.0,False,0,7572.353,44.0
3418.551666666667,6985.456736287369,9366.994527838671,286.0,7,100.0,False,0,7572.494,44.0
3420.058079510586,6986.0,9345.0,285.90499968,7,100.0,False,0,7572.513,44.0
3434.3850000000007,6987.8061452977245,9271.655646344685,285.0,7,100.0,False,0,7572.6939999999995,44.0
3442.2254211149766,6990.0,9235.0,285.0,7,100.0,False,0,7572.793,44.0
3456.5516666666676,7000.913555204026,9049.059011788622,285.0,7,100.0,False,0,7572.974,44.0
3469.0950000000016,7012.0,8880.0,284.0,7,100.0,False,0,7573.133,44.0
3491.1903247479895,7028.0,8755.0,284.0,7,100.0,False,0,7573.413,44.0
3500.6505555555564,7041.5091901749765,8672.28157541927,284.0,7,100.0,False,0,7573.533,44.0
3513.246273792286,7065.0,8538.0,283.6363636363636,7,100.0,False,0,7573.693,44.0
3528.962097402794,7098.0,8384.0,283.1818181818182,7,100.0,False,0,7573.893,44.0
3535.239444444445,7112.833120481764,8323.059010604786,283.0,7,100.0,False,0,7573.973,44.0
3546.2124346043147,7141.0,8216.0,282.4166656,7,100.0,False,0,7574.113,44.0
3554.0394444444455,7162.57257455584,8139.318588080732,282.0,7,100.0,False,0,7574.213,44.0
3560.294053654183,7180.0,8080.0,281.75,7,100.0,False,0,7574.293,44.0
3579.0172222222227,7235.653895312451,7908.54319871499,281.0,7,100.0,False,0,7574.533,44.0
3582.131009041317,7249.0,7872.0,280.8333333333333,7,100.0,False,0,7574.573,44.0
3597.68388888889,7335.209602825932,7649.589413186098,280.0,7,100.0,False,0,7574.773,44.0
3602.3529406456255,7357.0,7595.0,279.74999893333336,7,98.4999936,False,0,7574.833,44.0
3616.2838888888896,7394.750623744971,7504.160919261198,279.0,7,94.0,False,0,7575.013,44.0
3628.417222222223,7421.343732590684,7434.253966864735,273.0,7,0.0,True,0,7575.173,44.0
3629.859561304334,7426.0,7421.0,273.0,7,0.0,True,0,7575.192,44.0
3640.550555555557,7470.088871395346,7290.799175999896,273.0,7,0.0,False,0,7575.333,44.0
3647.8998353710394,7499.0,7196.0,269.03999744,7,9.900006399999999,False,0,7575.432,44.0
3655.272777777778,7518.87685732564,7116.070273423997,265.0,7,20.0,False,0,7575.533,44.0
3672.3706776024283,7537.0,6974.0,259.0249984,7,40.1656304,False,0,7575.772,44.0
3678.117222222223,7539.025772920253,6930.1887986298725,257.0,6,47.0,False,0,7575.853,44.0
3692.28388888889,7536.2672937752495,6827.682902042709,255.0,6,58.0,False,0,7576.053,44.0
3705.02722775828,7524.0,6720.0,255.0,6,65.07143862857143,False,0,7576.233,44.0
3712.1172222222235,7513.117573101883,6649.791731145872,255.0,6,69.0,False,0,7576.333,44.0
3719.220162657598,7500.0,6577.0,255.49751323620626,6,72.98010588965009,False,0,7576.433,44.0
3726.4105555555566,7485.162789532762,6505.765946383581,256.0,6,77.0,False,0,7576.534,44.0
3734.9079574333937,7466.0,6423.0,256.8499986285714,6,78.69999725714285,False,0,7576.653,44.0
3746.477222222223,7438.126893729435,6310.023767681015,258.0,6,81.0,False,0,7576.814,44.0
3750.748354881026,7428.0,6270.0,258.4916672,6,78.0499968,False,0,7576.873,44.0
3762.3167100839123,7400.0,6158.0,259.8250005333333,6,70.0499968,False,0,7577.033,44.0
3763.810555555556,7395.640949646514,6139.473902764433,260.0,6,69.0,True,0,7577.054,44.0
3778.9833479783747,7346.0,5911.0,252.33499776,6,31.22248896,True,0,7577.273,44.0
3791.14388888889,7325.407755598555,5782.636450996672,246.0,6,0.0,True,0,7577.454,44.0
3806.878893132179,7319.0,5675.0,237.0375072,6,0.9958325333333333,True,0,7577.693,44.0
3806.94388888889,7318.980781841967,5674.550308680897,237.0,6,1.0,True,0,7577.6939999999995,44.0
3819.7772222222234,7317.162309417093,5582.120785593725,231.0,5,5.0,False,0,7577.894,44.0
3822.234466795169,7318.0,5562.0,230.12250432,5,7.437488,False,0,7577.933,44.0
3844.4438888888903,7351.742614404084,5342.595921604618,222.0,5,30.0,False,0,7578.294,44.0
3845.6061603659687,7355.0,5331.0,221.90499968,5,30.76000256,False,0,7578.313,44.0
3856.619485330655,7392.0,5226.0,221.00500096,5,37.95999232,False,0,7578.493,44.0
3868.827441801434,7444.0,5113.0,220.00500096,5,45.95999232,False,0,7578.693,44.0
3868.8883333333342,7444.384036038154,5112.276277822771,220.0,5,46.0,False,0,7578.6939999999995,44.0
3880.9994444444455,7541.126041863204,4942.399492675086,218.0,5,49.0,False,0,7578.894,44.0
3882.1361386002663,7549.0,4929.0,217.5249984,5,45.6749888,False,0,7578.913,44.0
3897.4105555555566,7608.170593534871,4832.397794951412,211.0,5,0.0,True,0,7579.174,44.0
3904.1080100462104,7630.0,4795.0,206.9093816,5,0.0,True,0,7579.293,44.0
3915.188333333334,7680.235925694408,4701.70910677041,200.0,5,0.0,True,0,7579.494,44.0
3918.442548687332,7694.0,4674.0,199.2624992,5,0.0,True,0,7579.553,44.0
3923.9883333333346,7714.153812712244,4630.1290975758975,198.0,4,0.0,False,0,7579.6539999999995,44.0
3932.544808218848,7740.0,4566.0,194.67364151187937,4,1.995815092872376,False,0,7579.813,44.0
3936.8013888888895,7752.111565229858,4533.324770519845,193.0,4,3.0,False,0,7579.893,44.0
3945.2458333333343,7774.322036455842,4465.535308731469,190.0,4,13.0,False,0,7580.053,44.0
3953.5250298019328,7786.0,4364.0,187.33333333333334,4,18.333333333333332,False,0,7580.213,44.0
3957.645833333334,7786.666664612581,4295.827650536456,186.0,4,21.0,False,0,7580.293,44.0
3963.8418315577273,7782.0,4191.0,186.0,4,24.0,False,0,7580.413,44.0
3970.0458333333336,7771.843266815085,4114.55565560523,186.0,4,27.0,False,0,7580.533,44.0
3983.479989943973,7741.0,4019.0,186.0,4,27.0,False,0,7580.793,44.0
3984.5125000000003,7738.996713392821,4012.9875405999182,186.0,4,27.0,False,0,7580.813,44.0
3992.7791666666667,7724.57596631149,3968.841967321676,186.0,4,27.0,False,0,7580.973,44.0
3997.982056017178,7709.0,3932.0,187.00000256,4,34.00001792,False,0,7581.073,44.0
4003.2236111111115,7684.809651955025,3882.336067145,188.0,4,41.0,False,0,7581.173,44.0
4011.712500000001,7633.342404397114,3786.0613764220143,191.0,4,67.0,False,0,7581.333,44.0
4016.0272938776143,7610.0,3746.0,192.66666666666666,4,68.66666666666667,False,0,7581.413,44.0
4024.7791666666676,7571.15192260963,3687.8962988529934,196.0,4,72.0,False,0,7581.573,44.0
4032.4686125760645,7533.0,3642.0,198.78000128,4,77.56000256,False,0,7581.7119999999995,44.0
4035.890277777779,7511.630446593972,3618.2216584838498,200.0,4,80.0,False,0,7581.773,44.0
4041.5222722117765,7473.0,3578.0,202.4750016,4,83.88928822857143,False,0,7581.872,44.0
4051.990277777779,7399.2404622391205,3513.5167440768946,207.0,5,91.0,False,0,7582.053,44.0
4062.426099402131,7308.0,3452.0,209.9833344,5,97.7125024,False,0,7582.232,44.0
4066.056944444445,7269.473483988125,3429.3771239508087,211.0,5,100.0,False,0,7582.293,44.0
4075.7660241762933,7159.0,3369.0,217.62500266666666,5,100.0,False,0,7582.452,44.0
4080.790277777778,7104.457011353213,3339.885342484831,221.0,5,100.0,False,0,7582.533,44.0
4093.3458333333338,6979.846991159391,3273.454679556212,226.0,5,100.0,False,0,7582.733,44.0
4098.476126856615,6938.0,3249.0,229.0,5,100.0,False,0,7582.813,44.0
4103.656944444445,6901.348455593431,3225.7463232884465,232.0,5,100.0,False,0,7582.893,44.0
4126.02361571554,6776.0,3123.0,236.7091423153592,5,100.0,False,0,7583.233,44.0
4127.422777777779,6767.25245480861,3114.7982832050147,237.0,6,100.0,False,0,7583.254,44.0
4140.867222222223,6671.0651786787475,3019.5398659788534,242.0,6,100.0,False,0,7583.454,44.0
4142.159756314984,6660.0,3008.0,242.4750016,6,100.0,False,0,7583.473,44.0
4155.937479425369,6530.0,2867.0,247.4750016,6,100.0,False,0,7583.673,44.0
4157.400555555556,6517.410698385389,2852.7759088614225,248.0,6,100.0,False,0,7583.6939999999995,44.0
4200.23388888889,6281.081679301798,2528.9124044226755,257.0,6,100.0,False,0,7584.294,44.0
4204.501745835305,6259.0,2492.0,258.18000128,6,100.0,False,0,7584.353,44.0
4214.733888888889,6203.431528318906,2396.092756253212,261.0,6,100.0,False,0,7584.494,44.0
4219.034801991366,6181.0,2356.0,261.63214354285714,6,100.0,False,0,7584.553,44.0
4232.237744387807,6119.0,2240.0,263.56071222857145,6,100.0,False,0,7584.733,44.0
4235.267222222223,6105.58637530103,2214.217976897978,264.0,6,100.0,False,0,7584.774,44.0
4250.156111111111,6040.169458383886,2085.528168131525,268.0,6,100.0,False,0,7584.974,44.0
4254.570882525363,6018.0,2041.0,268.7375008,6,100.0,False,0,7585.033,44.0
4262.156111111111,5975.847334026555,1955.5482590562247,270.0,6,100.0,False,0,7585.134,44.0
4274.1984844185245,5912.0,1825.0,272.38499712,6,100.0,False,0,7585.293,44.0
4277.322777777778,5899.667941170972,1799.6811151065565,273.0,7,100.0,False,0,7585.334,44.0
4292.59258870022,5852.0,1701.0,275.4874976,7,100.0,False,0,7585.533,44.0
4301.9450000000015,5812.503108195004,1618.7195617298105,277.0,7,100.0,False,0,7585.6539999999995,44.0
4306.520350941866,5792.0,1576.0,277.7375008,7,100.0,False,0,7585.713,44.0
4320.611666666668,5730.489655466543,1447.9879960303347,280.0,7,100.0,False,0,7585.894,44.0
4337.758537382115,5657.0,1295.0,281.8250005333333,7,100.0,False,0,7586.113,44.0
4339.411666666667,5649.880669377096,1280.1528786049844,282.0,7,100.0,False,0,7586.134,44.0
4345.646966544145,5623.0,1224.0,283.18499712,7,100.0,False,0,7586.213,44.0
4355.245000000001,5581.634153941282,1136.9782269986295,285.0,7,100.0,False,0,7586.334,44.0
4367.938785389335,5531.0,1030.0,286.4952968999906,7,100.0,False,0,7586.493,44.0
4380.765000000001,5481.0,925.0,288.0,7,100.0,False,0,7586.653,44.0
4395.208736169008,5377.0,708.0,288.64285805714286,7,100.0,False,0,7586.833,44.0
4403.242777777779,5335.017971353535,620.6794581473167,289.0,7,100.0,False,0,7586.933,44.0
4432.236469617592,5258.0,462.0,289.9,7,100.0,False,0,7587.293,44.0
4435.465000000002,5243.614348220418,432.21916173969583,290.0,7,100.0,False,0,7587.333,44.0
4451.628635568461,5160.0,259.0,290.55555555555554,7,100.0,False,0,7587.533,44.0
4464.565000000002,5112.110604661005,160.3876811041042,291.0,7,100.0,False,0,7587.693,44.0
4471.029538730141,5089.0,113.0,291.0,7,100.0,False,0,7587.773,44.0
4477.498333333336,5063.452628851563,60.672800114367675,291.0,7,100.0,False,0,7587.853,44.0
4496.965000000002,4976.427813546559,-118.19954754730743,292.0,7,100.0,False,0,7588.093,44.0
4501.841711329917,4955.0,-163.0,292.1363642181818,7,100.0,False,0,7588.153,44.0
4508.349368410663,4927.0,-222.0,292.3181824,7,100.0,False,0,7588.233,44.0
4527.811071670765,4843.0,-397.0,292.86136378181817,7,100.0,False,0,7588.472,44.0
4532.776111111113,4821.230611539322,-442.03267848594976,293.0,7,100.0,False,0,7588.533,44.0
4540.831326096063,4786.0,-515.0,293.0,7,100.0,False,0,7588.632,44.0
4553.847305283608,4730.0,-632.0,293.0,7,100.0,False,0,7588.792,44.0
4562.076111111113,4692.543119303942,-710.0194870214647,293.0,7,100.0,False,0,7588.893,44.0
4573.421185039814,4640.0,-819.0,293.69500032,7,100.0,False,0,7589.032,44.0
4578.409444444447,4617.7250031046315,-865.0596187068597,294.0,7,100.0,False,0,7589.093,44.0
4599.717544945908,4526.0,-1054.0,294.92857234285714,7,100.0,False,0,7589.353,44.0
4601.353888888892,4518.879510103884,-1068.6518102029434,295.0,7,100.0,False,0,7589.373,44.0
4620.953888888891,4433.0,-1245.0,294.0,7,100.0,False,0,7589.613,44.0
4634.052855896482,4375.0,-1363.0,294.569394628741,7,100.0,False,0,7589.773,44.0
4643.98027777778,4320.183901272621,-1473.8892323811526,295.0,7,100.0,False,0,7589.894,44.0
4652.113916336714,4277.0,-1561.0,295.3093752,7,100.0,False,0,7589.993,44.0
4670.291388888891,4212.191466480657,-1690.905133165504,296.0,7,100.0,False,0,7590.214,44.0
4683.364722458685,4156.0,-1803.0,296.0,7,100.0,False,0,7590.373,44.0
4683.446944444447,4155.546410482088,-1803.9054370369843,296.0,7,100.0,False,0,7590.374,44.0
4699.891388888891,4047.761919041556,-2018.9716849816373,296.0,7,100.0,False,0,7590.574,44.0
4704.749881941375,4023.0,-2068.0,296.1340910545455,7,100.0,False,0,7590.633,44.0
4724.5530839077155,3970.0,-2170.0,296.6795456,7,100.0,False,0,7590.873,44.0
4736.191388888891,3921.454067245659,-2264.292782539333,297.0,7,100.0,False,0,7591.014,44.0
4747.659256244275,3865.0,-2374.0,297.0,7,100.0,False,0,7591.153,44.0
4752.69138888889,3841.690743817545,-2418.982545816803,297.0,7,100.0,False,0,7591.214,44.0
4759.208561576908,3812.0,-2476.0,297.0,7,100.0,False,0,7591.293,44.0
4780.658691191377,3711.0,-2668.0,297.0,7,100.0,False,0,7591.553,44.0
4785.691388888891,3687.3005262939378,-2712.6231583477866,297.0,7,100.0,False,0,7591.614,44.0
4795.509400623274,3641.0,-2799.0,297.0,7,100.0,False,0,7591.733,44.0
4802.191388888891,3609.0434109961648,-2857.6392949483284,297.0,7,100.0,False,0,7591.814,44.0
4818.6021988736575,3529.0,-3001.0,297.0,7,100.0,False,0,7592.013,44.0
4831.891388888891,3462.7869063268736,-3115.849850296277,297.0,7,100.0,False,0,7592.174,44.0
4838.4209268629,3430.0,-3172.0,296.60500096,7,100.0,False,0,7592.253,44.0
4848.335833333335,3379.4848376016066,-3257.743046408983,296.0,7,100.0,False,0,7592.374,44.0
4851.475097719368,3363.0,-3285.0,294.0500096,7,87.81256,False,0,7592.413,44.0
4864.05705576604,3294.0,-3394.0,286.0500096,7,37.81256,False,0,7592.573,44.0
4873.224722222224,3240.4445287621493,-3473.3394482736735,280.0,7,0.0,True,0,7592.6939999999995,44.0
4879.041459950546,3205.0,-3523.0,273.7928722285714,7,0.0,True,0,7592.773,44.0
4893.291388888891,3113.4979396777007,-3639.976498423321,258.0,6,0.0,True,0,7592.974,44.0
4902.758247176496,3049.0,-3714.0,251.0499968,6,0.0,True,0,7593.113,44.0
4909.389505756351,3002.0,-3764.0,246.0500096,6,0.0,True,0,7593.213,44.0
4917.291388888891,2944.9716584507987,-3819.501225497007,240.0,5,0.0,True,0,7593.334,44.0
4926.219524985533,2878.0,-3877.0,232.13206234815075,5,0.0,True,0,7593.473,44.0
4927.493888888891,2868.101544491433,-3884.7982683097207,231.0,5,0.0,True,0,7593.493,44.0
4936.337497605359,2797.0,-3936.0,227.4999936,5,0.0,True,0,7593.633,44.0
4937.5827777777795,2786.5960356361425,-3942.8178784227835,227.0,5,0.0,True,0,7593.653,44.0
4949.743007073048,2680.0,-4004.0,219.5,5,0.0,True,0,7593.853,44.0
4952.116111111112,2658.4718993905303,-4014.6570796180604,218.0,5,0.0,False,0,7593.893,44.0
5003.645481389839,2146.0,-4111.0,199.72221724444444,5,17.407412148148147,False,0,7594.833,44.0
5011.216111111113,2069.7319242501235,-4099.710887572844,197.0,5,20.0,False,0,7594.973,44.0
5019.927222222224,1983.767567155996,-4078.785459742857,196.0,5,46.0,False,0,7595.133,44.0
5023.144059611807,1953.0,-4069.0,196.2107145142857,5,48.317859657142854,False,0,7595.192,44.0
5027.507250464718,1912.0,-4054.0,196.4964288,5,51.4607168,False,0,7595.272,44.0
5035.249444444446,1840.0559023006247,-4023.403710875025,197.0,5,57.0,False,0,7595.413,44.0
5040.746841245671,1792.0,-4000.0,198.37500088888888,5,60.02500195555555,False,0,7595.512,44.0
5054.258091649305,1679.0,-3930.0,201.70833422222222,5,67.3583352888889,False,0,7595.7519999999995,44.0
5055.449444444446,1666.8434871433376,-3920.773080435719,202.0,5,68.0,False,0,7595.773,44.0
5065.717409026484,1556.0,-3830.0,204.00000284444445,5,82.50002062222222,False,0,7595.9529999999995,44.0
5076.049444444447,1492.2080405521674,-3776.047840366407,206.0,5,97.0,False,0,7596.133,44.0
5087.662777777779,1447.0367986103004,-3722.0355836508734,208.0,5,100.0,False,0,7596.334,44.0
5092.314840099705,1411.0,-3672.0,209.9749952,5,100.0,False,0,7596.413,44.0
5101.929444444447,1311.4130538276477,-3528.9548351696344,214.0,5,100.0,False,0,7596.574,44.0
5104.2701082396,1293.0,-3502.0,214.4874976,5,100.0,False,0,7596.613,44.0
5116.396111111113,1261.0109829834685,-3450.3943507597537,217.0,5,100.0,False,0,7596.814,44.0
5121.189725401805,1250.0,-3429.0,217.78999808,5,100.0,False,0,7596.893,44.0
5128.56277777778,1217.0892546955874,-3368.297977586872,219.0,5,100.0,False,0,7597.014,44.0
5133.397487609062,1192.0,-3322.0,219.78999808,5,100.0,False,0,7597.093,44.0
5140.840555555557,1155.7068099184244,-3253.7582438556187,221.0,5,100.0,False,0,7597.214,44.0
5149.459895052316,1117.0,-3180.0,222.7375008,5,100.0,False,0,7597.353,44.0
5155.773888888892,1090.7231281498416,-3130.00645454336,224.0,5,100.0,False,0,7597.454,44.0
5167.076192236492,1033.0,-3027.0,226.2375008,5,100.0,False,0,7597.633,44.0
5176.040555555558,960.1607521907271,-2907.8730111001996,228.0,5,100.0,False,0,7597.774,44.0
5179.799213069029,934.0,-2866.0,228.42142902857142,5,100.0,False,0,7597.833,44.0
5193.929444444447,884.590455174388,-2791.383043919199,230.0,5,100.0,False,0,7598.054,44.0
5197.720955467594,870.0,-2771.0,230.7375008,5,100.0,False,0,7598.113,44.0
5204.240555555558,835.9408534294382,-2723.622658874136,232.0,6,100.0,False,0,7598.214,44.0
5213.3014821528595,779.0,-2645.0,233.44791733333332,6,100.0,False,0,7598.353,44.0
5230.471598842946,678.0,-2508.0,236.156248,6,100.0,False,0,7598.613,44.0
5235.840555555558,649.8783263380121,-2470.0549780144847,237.0,6,100.0,False,0,7598.6939999999995,44.0
5246.3968794329685,584.0,-2381.0,238.1357129142857,6,100.0,False,0,7598.853,44.0
5254.429444444448,503.87099706217026,-2272.270298013459,239.0,6,100.0,False,0,7598.974,44.0
5258.341796097914,466.0,-2221.0,239.0,6,100.0,False,0,7599.033,44.0
5265.05166666667,413.38141998944957,-2150.1731178556934,239.0,6,100.0,False,0,7599.134,44.0
5282.458404427286,320.0,-2028.0,241.77500068571428,6,100.0,False,0,7599.393,44.0
5283.873888888892,312.07743247304023,-2017.9068712886367,242.0,6,100.0,False,0,7599.414,44.0
5302.773888888892,195.32127024230053,-1872.5233486787001,243.0,6,100.0,False,0,7599.6939999999995,44.0
5316.385000000003,119.37641901356926,-1779.9528873270885,245.0,6,100.0,False,0,7599.894,44.0
5319.052711842378,107.0,-1765.0,245.19499904,6,100.0,False,0,7599.933,44.0
5330.05166666667,64.31145620906773,-1713.9742638546268,246.0,6,100.0,False,0,7600.094,44.0
5342.020029447984,0.0,-1640.0,241.51480281285225,6,59.22548011683868,False,0,7600.273,44.0
5354.952247726367,-123.0,-1501.0,236.50341109944176,6,13.667373631288697,False,0,7600.473,44.0
5358.708611111114,-154.8151199775796,-1465.2072340760558,235.0,6,0.0,True,0,7600.533,44.0
5368.397500000004,-224.8126303674177,-1386.5718097632973,218.0,6,0.0,True,0,7600.693,44.0
5370.70939976096,-243.0,-1366.0,214.66666666666666,6,0.0,True,0,7600.733,44.0
5381.5975000000035,-340.0,-1256.0,198.0,5,0.0,True,0,7600.933,44.0
5389.5975000000035,-409.40376608086547,-1179.6922190959478,180.0,4,0.0,True,0,7601.093,44.0
5401.730833333337,-506.0,-1081.0,156.0,3,0.0,True,0,7601.373,44.0
5408.4419444444475,-546.7494332728459,-1045.035705788075,151.0,3,0.0,True,0,7601.533,44.0
5416.900502268063,-595.0,-1010.0,141.4187472,3,0.0,True,0,7601.7519999999995,44.0
5420.619722222225,-619.0789145065461,-994.4087002754977,137.0,2,0.0,True,0,7601.853,44.0
5427.786388888892,-671.0651275359885,-964.7814428856385,129.0,2,0.0,True,0,7602.053,44.0
5430.515132925335,-694.0,-954.0,126.23499776,2,0.0,True,0,7602.132,44.0
5434.531415552003,-731.0,-939.0,122.03499776,2,0.0,True,0,7602.2519999999995,44.0
5434.56416666667,-731.3064906748278,-938.8874249929411,122.0,2,0.0,True,0,7602.253,44.0
5441.505332693341,-797.0,-920.0,115.8124928,2,0.0,True,0,7602.473,44.0
5444.608611111114,-827.3982476718209,-915.2666682698956,113.0,2,0.0,True,0,7602.573,44.0
5447.1035353011075,-852.0,-913.0,112.43060537125896,2,0.0,True,0,7602.653,44.0
5452.650389499783,-907.0,-912.0,111.14946563452882,2,0.0,True,0,7602.833,44.0
5453.272777777781,-913.1372849106442,-912.1666402836239,111.0,2,0.0,True,0,7602.854,44.0
5460.514891258836,-985.0,-920.0,103.08610915555556,2,0.7194446222222223,True,0,7603.113,44.0
5463.272777777781,-1013.7593613368296,-927.5070315539159,100.0,2,1.0,False,0,7603.214,44.0
5464.890728251628,-1030.0,-933.0,99.78928548571429,2,3.317859657142857,False,0,7603.273,44.0
5469.846470551129,-1075.0,-954.0,99.14642925714286,2,10.389278171428572,False,0,7603.4529999999995,44.0
5470.972777777781,-1084.8761385560504,-959.4505565660594,99.0,2,12.0,False,0,7603.494,44.0
5475.372777777781,-1122.8425965136253,-982.8096281380743,99.0,2,25.0,False,0,7603.6539999999995,44.0
5476.460937472374,-1132.0,-989.0,99.55714011428572,2,27.507130514285713,False,0,7603.693,44.0
5483.354319594967,-1188.0,-1031.0,102.98571154285715,2,42.93570194285714,False,0,7603.933,44.0
5483.383888888892,-1188.2353770491154,-1031.1858740991001,103.0,2,43.0,False,0,7603.934,44.0
5488.228333333336,-1226.3770563557691,-1061.7570257530224,109.0,2,51.0,False,0,7604.094,44.0
5490.094658748912,-1241.0,-1073.0,111.06500224,2,49.22999808,False,0,7604.153,44.0
5494.6727777777805,-1277.5455894648612,-1099.1142176702294,116.0,2,45.0,False,0,7604.294,44.0
5495.938988010049,-1288.0,-1106.0,116.13928502857142,2,44.16428982857143,False,0,7604.333,44.0
5501.777224500719,-1338.0,-1135.0,116.78214308571428,2,40.30714148571428,False,0,7604.513,44.0
5503.772777777781,-1355.5561652169076,-1143.3143445518772,117.0,2,39.0,False,0,7604.574,44.0
5510.350773720044,-1415.0,-1164.0,118.98999808,2,25.070013439999997,False,0,7604.773,44.0
5510.383888888891,-1415.3075613589967,-1164.0751655061167,119.0,2,25.0,False,0,7604.774,44.0
5518.285431254939,-1491.0,-1173.0,119.0,2,20.654548945454547,False,0,7605.013,44.0
5523.572501228553,-1543.0,-1168.0,119.0,2,17.745458036363637,False,0,7605.173,44.0
5524.928333333336,-1556.286996570068,-1165.7135813246114,119.0,3,17.0,False,0,7605.214,44.0
5530.849736590544,-1616.0,-1151.0,119.0,3,17.0,False,0,7605.393,44.0
5532.861666666669,-1638.4825205268326,-1143.8407472269541,119.0,3,17.0,False,0,7605.454,44.0
5538.150555555558,-1701.1766798262042,-1120.4250152573939,119.0,3,17.0,False,0,7605.614,44.0
5540.150834956918,-1723.0,-1111.0,120.229168,3,22.9000064,False,0,7605.673,44.0
5546.417222222224,-1783.095932775926,-1080.2792926016105,124.0,3,41.0,False,0,7605.854,44.0
5554.649472505576,-1847.0,-1039.0,124.0,3,41.995832533333335,False,0,7606.093,44.0
5554.6838888888915,-1847.2316403381387,-1038.8358264020894,124.0,3,42.0,False,0,7606.094,44.0
5561.6838888888915,-1888.7045796253994,-1006.2107781480393,126.0,3,46.0,False,0,7606.294,44.0
5565.434049629361,-1913.0,-982.0,130.9500032,3,52.05000391111111,False,0,7606.393,44.0
5576.083888888891,-1997.0068211984521,-885.1856548165139,144.0,3,68.0,False,0,7606.6539999999995,44.0
5577.703759861305,-2008.0,-872.0,145.7062416,3,68.4874976,False,0,7606.693,44.0
5582.795000000002,-2036.2197450167528,-837.6155701715418,151.0,3,70.0,False,0,7606.814,44.0
5589.773333333334,-2067.5476763547113,-797.7872680614852,158.0,3,75.0,False,0,7606.973,44.0
5590.671440062969,-2072.0,-792.0,158.70000896,3,75.30000384,False,0,7606.993,44.0
5598.940000000001,-2118.082999839232,-728.3987890384835,165.0,3,78.0,False,0,7607.173,44.0
5599.878246474187,-2124.0,-719.0,165.70000896,3,78.60000768,False,0,7607.193,44.0
5608.495555555557,-2183.7377629685657,-610.8707872824991,172.0,3,84.0,False,0,7607.373,44.0
5612.426765850776,-2208.0,-560.0,174.57142857142858,3,86.85714285714286,False,0,7607.4529999999995,44.0
5622.573333333335,-2252.191952667771,-443.6679588821737,181.0,4,94.0,False,0,7607.653,44.0
5635.440000000001,-2282.113003665539,-328.1897735841854,193.0,4,100.0,False,0,7607.893,44.0
5636.533528370492,-2284.0,-320.0,193.5833408,4,100.0,False,0,7607.913,44.0
5648.773333333335,-2298.747105862271,-244.44144416326733,200.0,4,100.0,False,0,7608.133,44.0
5660.330905682415,-2307.0,-163.0,206.8406272,4,100.0,False,0,7608.332,44.0
5667.528888888891,-2311.5126776840543,-92.2370083927994,211.0,5,100.0,False,0,7608.4529999999995,44.0
5673.4875449783885,-2314.0,-33.0,214.46500224,5,100.0,False,0,7608.552,44.0
5679.640000000002,-2314.5488160833806,21.368642833331304,218.0,5,100.0,False,0,7608.653,44.0
5683.272654919461,-2312.0,62.0,219.4750016,5,100.0,False,0,7608.7119999999995,44.0
5695.803821743639,-2286.0,261.0,224.4750016,5,100.0,False,0,7608.912,44.0
5697.140000000002,-2283.231350931882,278.9990862269886,225.0,5,100.0,False,0,7608.933,44.0
5712.673333333335,-2258.9633029547426,401.79388416295194,233.0,5,100.0,False,0,7609.173,44.0
5728.606173179656,-2203.0,524.0,237.35373960109297,5,100.0,False,0,7609.413,44.0
5740.767328173708,-2125.0,679.0,240.6190489459016,5,100.0,False,0,7609.593,44.0
5742.195833333335,-2117.3294460272605,693.47286580491,241.0,6,100.0,False,0,7609.614,44.0
5759.982081303696,-2047.0,807.0,245.70909207272726,6,100.0,False,0,7609.873,44.0
5772.629166666668,-1975.9601913537958,907.7230775638699,249.0,6,100.0,False,0,7610.054,44.0
5779.631048657231,-1934.0,966.0,251.4750016,6,100.0,False,0,7610.153,44.0
5791.03980353656,-1869.0,1055.0,255.4750016,6,100.0,False,0,7610.313,44.0
5792.54027777778,-1860.5795810664674,1066.4866398203937,256.0,6,100.0,False,0,7610.334,44.0
5804.006944444446,-1796.870829361048,1153.2792221916066,258.0,6,100.0,False,0,7610.494,44.0
5810.806715253088,-1759.8105525068613,1203.6720903486566,259.5666645333333,6,100.0,False,0,7610.588,44.0
0.044472042285777835,-1760.563248453761,1202.809650056222,259.5666645333333,6,100.0,False,0,7610.588,45.0
1.8609629096315434,-1750.0,1217.0,259.9833301333333,6,100.0,False,0,7610.612999999999,45.0
10.73,-1697.3373654999034,1287.200903852537,262.0,6,100.0,False,0,7610.7339999999995,45.0
13.615860280450274,-1680.0,1310.0,262.8666624,6,100.0,False,0,7610.773,45.0
34.63949603676876,-1552.0,1473.0,269.0888846222222,6,100.0,False,0,7611.053,45.0
37.730000000000004,-1532.7873264329837,1496.7624519534395,270.0,7,100.0,False,0,7611.094,45.0
48.22248044760205,-1467.0,1578.0,271.7375008,7,100.0,False,0,7611.233,45.0
49.81888888888889,-1457.0215557196716,1590.571949184855,272.0,7,100.0,False,0,7611.254,45.0
69.8060942236879,-1337.0,1747.0,277.55000137142855,7,100.0,False,0,7611.513,45.0
71.4411111111111,-1328.1086321418707,1758.8446742247158,278.0,7,100.0,False,0,7611.534,45.0
82.29939795609701,-1263.0,1847.0,279.7375008,7,100.0,False,0,7611.673,45.0
96.42914232841727,-1125.0,2038.0,281.9874976,7,100.0,False,0,7611.853,45.0
96.50777777777776,-1124.324342893023,2038.9354927158668,282.0,7,100.0,False,0,7611.853999999999,45.0
112.28555555555553,-1035.0778357162217,2161.9010057192268,284.0,7,100.0,False,0,7612.054,45.0
133.05585867746532,-966.0,2256.0,288.046876,7,100.0,False,0,7612.313,45.0
137.97444444444443,-939.4473727642808,2292.4793306905117,289.0,7,100.0,False,0,7612.374,45.0
147.58038010135576,-881.0,2373.0,290.18999808,7,100.0,False,0,7612.4929999999995,45.0
154.1411111111111,-842.0563952020736,2426.830866563101,291.0,7,100.0,False,0,7612.574,45.0
160.56538389900157,-805.0,2478.0,291.7406232,7,100.0,False,0,7612.652999999999,45.0
180.27444444444444,-692.894764462939,2632.4929227420407,294.0,7,100.0,False,0,7612.893999999999,45.0
183.46858441593633,-672.0,2662.0,294.2437488,7,100.0,False,0,7612.933,45.0
193.38555555555556,-600.7385936173894,2764.211480515165,295.0,7,100.0,False,0,7613.054,45.0
198.22666554845725,-569.0,2810.0,295.2458336,7,100.0,False,0,7613.112999999999,45.0
213.11888888888888,-501.13238825234214,2907.869769272805,296.0,7,100.0,False,0,7613.294,45.0
234.61210229863443,-384.0,3083.0,297.94736983933586,7,100.0,False,0,7613.553,45.0
246.25805555555553,-260.71397672553417,3270.184023950708,299.0,7,100.0,False,0,7613.692999999999,45.0
247.9209394302626,-247.0,3291.0,299.0,7,100.0,False,0,7613.713,45.0
259.5469444444444,-201.15679650543126,3360.248600323418,299.0,7,100.0,False,0,7613.853,45.0
271.11771487660985,-182.0,3387.0,297.8333312,7,100.0,False,0,7613.9929999999995,45.0
279.3469444444444,-147.25822863497572,3435.9933406857376,297.0,7,100.0,False,0,7614.093,45.0
300.60814592052867,-9.0,3629.0,295.3749984,7,100.0,False,0,7614.353,45.0
316.9148135997498,89.0,3759.0,294.1249984,7,100.0,False,0,7614.553,45.0
318.54694444444436,98.98012015209999,3771.8711091549008,294.0,7,100.0,False,0,7614.572999999999,45.0
331.613611111111,180.0,3874.0,294.0,7,100.0,False,0,7614.733,45.0
344.6802777777777,257.7649013973947,3966.5844162237813,294.0,7,100.0,False,0,7614.893,45.0
351.0996795208378,308.0,4021.0,293.15357074285714,7,98.0249984,False,0,7614.972,45.0
367.2333731323884,479.0,4190.0,291.0107136,7,93.0249984,False,0,7615.172,45.0
367.313611111111,479.8272439642131,4190.748120412309,291.0,7,93.0,False,0,7615.173,45.0
380.113611111111,598.3028155703123,4286.377173155527,288.0,7,89.0,False,0,7615.333,45.0
392.91361111111104,698.2915334138216,4347.931330925025,288.0,7,89.0,False,0,7615.4929999999995,45.0
396.03516121239215,722.0,4361.0,288.0,7,89.0,False,0,7615.532,45.0
412.11361111111097,840.3144592049448,4416.704459678396,288.0,7,89.0,False,0,7615.733,45.0
428.0024999999999,955.0219444020134,4456.425807063211,286.0,7,90.0,False,0,7615.933,45.0
434.27365997132944,1002.0,4470.0,284.6694392005565,7,91.66320099930438,False,0,7616.013,45.0
458.923249154665,1233.0,4510.0,279.3471960027825,7,98.31600499652191,False,0,7616.333,45.0
465.14638888888874,1330.1060451572423,4515.294190325237,278.0,7,100.0,False,0,7616.414,45.0
475.8398510822291,1499.0,4520.0,277.6138887111111,7,100.0,False,0,7616.553,45.0
492.8463888888888,1615.8340491586441,4518.236409865916,277.0,7,100.0,False,0,7616.773999999999,45.0
501.9830598641634,1669.0,4513.0,276.6281256,7,100.0,False,0,7616.893,45.0
517.3797222222221,1815.4913738095443,4497.7942335349735,276.0,7,100.0,False,0,7617.094,45.0
527.9999073259784,1929.0,4484.0,275.30499968,7,100.0,False,0,7617.233,45.0
532.6574999999999,1976.2446350562857,4477.370915310396,275.0,7,100.0,False,0,7617.294,45.0
544.7992508398492,2095.0,4461.0,275.0,7,100.0,False,0,7617.4529999999995,45.0
547.8587375298877,2125.0,4458.0,275.0,7,100.0,False,0,7617.4929999999995,45.0
547.9352777777776,2125.7509962956037,4457.926970497803,275.0,7,100.0,False,0,7617.494,45.0
570.8619026123501,2352.0,4440.0,275.9343752,7,100.0,False,0,7617.793,45.0
572.4686111111109,2368.067057525307,4439.483687876322,276.0,7,100.0,False,0,7617.813999999999,45.0
584.6034707414532,2490.0,4439.0,275.2772736,7,100.0,False,0,7617.973,45.0
596.7685801171883,2611.0,4443.0,274.55000087272725,7,100.0,False,0,7618.133,45.0
605.9574999999999,2701.113332417906,4451.605390607537,274.0,7,100.0,False,0,7618.254,45.0
618.0908333333332,2819.0222998589834,4471.077081825952,273.0,7,100.0,False,0,7618.414,45.0
619.5284182141924,2833.0,4474.0,272.9136360727273,7,100.0,False,0,7618.433,45.0
636.1135053701079,2994.0,4517.0,271.9136372363636,7,100.0,False,0,7618.652999999999,45.0
648.1344760605632,3108.0,4558.0,271.18636450909094,7,100.0,False,0,7618.813,45.0
651.2130555555555,3136.3377483509403,4569.824548568042,271.0,7,100.0,False,0,7618.853999999999,45.0
661.6445035616521,3230.0,4614.0,270.42083306666666,7,100.0,False,0,7618.9929999999995,45.0
669.2130555555555,3296.8032540837758,4650.169391993137,270.0,7,100.0,False,0,7619.094,45.0
682.5947860313432,3412.0,4722.0,269.2541664,7,100.0,False,0,7619.273,45.0
687.1463888888889,3449.949566516292,4748.429372007668,269.0,7,100.0,False,0,7619.334,45.0
694.524476923333,3510.0,4793.0,268.72499982222223,7,100.0,False,0,7619.433,45.0
700.4784713704996,3557.0,4830.0,268.5027776,7,100.0,False,0,7619.513,45.0
713.9463888888888,3659.0632774671662,4917.618391834724,268.0,7,100.0,False,0,7619.6939999999995,45.0
718.3388484532763,3693.0,4949.0,268.0,7,100.0,False,0,7619.753,45.0
728.8352777777776,3777.6164122803552,5031.461990670585,268.0,7,100.0,False,0,7619.893999999999,45.0
740.7019444444443,3873.3701682542746,5129.013077147078,267.0,7,100.0,False,0,7620.054,45.0
745.0285745937573,3905.0,5161.0,265.66917084832284,7,100.0,False,0,7620.112999999999,45.0
767.9045011657826,4050.0,5304.0,258.4511222621942,7,100.0,False,0,7620.433,45.0
769.2969444444443,4059.0791306320175,5312.708966537054,258.0,7,100.0,True,0,7620.4529999999995,45.0
782.9080555555554,4158.947022547035,5406.8232049172875,245.0,7,0.0,True,0,7620.652999999999,45.0
784.2226213067003,4171.0,5418.0,243.4166464,7,0.0,True,0,7620.673,45.0
796.7883302535168,4301.0,5537.0,227.58331306666668,7,0.0,True,0,7620.873,45.0
797.9747222222221,4311.10329846701,5546.059837052481,226.0,7,0.0,True,0,7620.893,45.0
813.2047863945699,4396.0,5618.0,199.55555555555554,7,0.0,True,0,7621.173,45.0
817.174722222222,4422.053678313893,5639.720926477563,192.0,4,0.0,True,0,7621.253,45.0
830.7769004979257,4543.0,5740.0,170.9340864,4,0.0,True,0,7621.552,45.0
836.8524999999998,4603.572947382001,5787.675160095283,161.0,3,0.0,True,0,7621.692999999999,45.0
838.5190054859806,4619.0,5799.0,159.37499733333334,3,0.0,True,0,7621.732,45.0
845.2523650304483,4675.0,5835.0,152.70833066666665,3,0.0,True,0,7621.892,45.0
846.9191666666666,4689.247479027731,5843.019538631182,151.0,3,0.0,True,0,7621.933,45.0
851.5965419249004,4731.0,5864.0,145.0499968,3,0.0,True,0,7622.052,45.0
856.1858333333332,4772.039964603993,5879.997857913899,139.0,3,0.0,True,0,7622.173,45.0
862.848577520183,4834.0,5895.0,134.4999936,3,0.0,True,0,7622.353,45.0
866.4524999999999,4872.3103488255865,5899.59777344772,132.0,2,0.0,True,0,7622.4529999999995,45.0
867.1642043324363,4881.0,5900.0,131.4305980830077,2,0.0,True,0,7622.473,45.0
876.0984516596217,5013.0,5891.0,124.02847519762548,2,0.0,True,0,7622.733,45.0
876.1313888888888,5013.400897359456,5890.948740363293,124.0,2,0.0,True,0,7622.7339999999995,45.0
888.4746082483733,5098.0,5864.0,112.21136930909091,2,0.0,True,0,7623.133,45.0
889.6980555555554,5107.965086947197,5858.979601236923,111.0,2,0.0,True,0,7623.174,45.0
894.4053020180123,5152.0,5835.0,108.515628,2,0.0,True,0,7623.333,45.0
898.5077043021338,5187.0,5810.0,106.328124,2,0.0,True,0,7623.473,45.0
899.1202777777776,5191.887188614461,5806.176351019522,106.0,2,0.0,False,0,7623.494,45.0
906.0251118258998,5243.0,5759.0,104.00833493333333,2,0.0,False,0,7623.733,45.0
906.053611111111,5243.21033638092,5758.76137767939,104.0,2,0.0,False,0,7623.7339999999995,45.0
913.9091666666665,5299.057601851367,5681.785587969076,101.0,2,0.0,False,0,7624.014,45.0
914.4377417980203,5302.0,5677.0,100.93214262857143,2,0.8142884571428571,False,0,7624.032999999999,45.0
921.6869444444442,5328.542117011279,5622.673875760521,100.0,2,12.0,False,0,7624.294,45.0
925.0128451318794,5338.0,5595.0,100.59499904,2,20.9249856,False,0,7624.413,45.0
926.7032821882592,5343.0,5579.0,100.89500032,2,25.4250048,False,0,7624.473,45.0
927.2980555555553,5344.721855900896,5573.3005024064505,101.0,2,27.0,False,0,7624.494,45.0
934.2313888888887,5362.6783888570535,5506.530705747343,104.0,2,41.0,False,0,7624.7339999999995,45.0
937.8052836657176,5370.0,5472.0,107.718744,2,42.4874976,False,0,7624.853,45.0
939.0758333333331,5372.2444172099895,5459.857222416729,109.0,2,43.0,False,0,7624.893999999999,45.0
942.9032285725395,5378.0,5424.0,111.37999616,2,37.883008256,False,0,7625.013,45.0
972.7728684038848,5406.0,5160.0,127.78000128,2,2.6229972479999972,False,0,7625.833,45.0
974.9091666666665,5409.944081780084,5139.220132281027,129.0,2,0.0,True,0,7625.893999999999,45.0
983.0094518409139,5430.0,5059.0,122.02917226666666,2,0.0,True,0,7626.133,45.0
983.0424999999998,5430.1029105569505,5058.68409126257,122.0,2,0.0,True,0,7626.134,45.0
988.8301206792808,5451.0,5005.0,116.62999808000001,2,0.0,True,0,7626.313,45.0
989.4869444444442,5453.72331522276,4998.98080284395,116.0,2,0.0,True,0,7626.334,45.0
994.3313888888887,5476.152180118358,4954.958666789721,109.0,2,0.0,True,0,7626.494,45.0
994.8918697239204,5479.0,4950.0,108.5249984,2,0.0,True,0,7626.513,45.0
1000.0595288373609,5508.0,4906.0,104.0250048,2,0.0,True,0,7626.692999999999,45.0
1001.1980555555554,5515.201013419306,4896.682504785325,103.0,1,0.0,True,0,7626.7339999999995,45.0
1004.4190517602794,5537.0,4871.0,100.5603673339192,1,0.0,True,0,7626.853,45.0
1011.128081207346,5586.0,4821.0,95.23006362681598,1,0.0,True,0,7627.112999999999,45.0
1012.6608333333331,5598.069072870179,4810.563108343597,94.0,1,0.0,True,0,7627.173,45.0
1016.2273861358203,5627.0,4788.0,92.2499968,1,0.0,True,0,7627.313,45.0
1018.7274999999997,5647.4961967402205,4773.739195316681,91.0,1,0.0,True,0,7627.413,45.0
1020.1966333008313,5660.0,4766.0,89.4999936,1,0.0,True,0,7627.473,45.0
1022.5941666666664,5681.526472451187,4754.537888897058,87.0,1,0.0,True,0,7627.572999999999,45.0
1026.2997802669177,5716.0,4740.0,84.77777777777777,1,0.4444444444444445,True,0,7627.733,45.0
1030.7941666666663,5758.546791278056,4730.016769764602,82.0,1,1.0,False,0,7627.933,45.0
1031.241668084579,5764.0,4730.0,81.85714102857143,1,1.5000064,False,0,7627.9529999999995,45.0
1036.113736847518,5836.0,4742.0,80.29285668571428,1,6.9750016,False,0,7628.172,45.0
1037.0163888888885,5847.70515196545,4745.7013495645815,80.0,1,8.0,False,0,7628.213,45.0
1044.9163888888886,5912.184592538759,4787.041084788071,79.0,1,14.0,False,0,7628.572999999999,45.0
1045.8026119986575,5917.0,4791.0,79.58500096,1,15.560002560000001,False,0,7628.612,45.0
1052.4229882669722,5949.0,4819.0,83.8,1,26.8,False,0,7628.893,45.0
1054.3608333333332,5961.74749862972,4831.884826304422,85.0,1,30.0,False,0,7628.973,45.0
1056.8100858553225,5979.0,4850.0,86.99005294482505,1,35.47264559826888,False,0,7629.072999999999,45.0
1059.3299999999997,5995.34203608198,4867.686446984785,89.0,1,41.0,False,0,7629.174,45.0
1064.4899393611065,6028.0,4907.0,93.14582933333334,1,45.9749952,False,0,7629.373,45.0
1065.5966666666664,6035.734446419312,4917.423393370279,94.0,1,47.0,False,0,7629.414,45.0
1072.369018588644,6081.0,4983.0,100.7218696,1,54.468744,False,0,7629.652999999999,45.0
1074.752222222222,6090.885512877327,4997.953472978937,103.0,1,57.0,False,0,7629.7339999999995,45.0
1079.5966666666664,6107.957314946299,5028.01915695288,109.0,1,58.0,False,0,7629.893999999999,45.0
1080.1962477270624,6111.0,5034.0,109.7125024,1,58.2375008,False,0,7629.913,45.0
1088.9276005259958,6167.0,5151.0,119.4624928,1,61.4874976,False,0,7630.173,45.0
1090.3522222222218,6173.8534502110415,5166.0382994838965,121.0,2,62.0,False,0,7630.214,45.0
1098.9522222222217,6194.831348309884,5217.867371462776,129.0,2,73.0,False,0,7630.454,45.0
1106.0093486309945,6209.0,5261.0,137.50250304,2,79.7125024,False,0,7630.633,45.0
1115.3530249823248,6236.0,5345.0,147.95249088,2,87.9624928,False,0,7630.853,45.0
1115.396666666666,6236.121464679561,5345.404679068654,148.0,3,88.0,False,0,7630.853999999999,45.0
1126.15008497886,6263.0,5444.0,161.94165546666667,3,99.9499904,False,0,7631.093,45.0
1126.1966666666663,6263.1107451626285,5444.435609771388,162.0,3,100.0,False,0,7631.094,45.0
1134.7337873141462,6283.0,5525.0,170.9500032,3,100.0,False,0,7631.273,45.0
1135.7522222222217,6285.294638044294,5534.387684000709,172.0,3,100.0,False,0,7631.294,45.0
1139.605979774126,6294.0,5572.0,174.468744,3,100.0,False,0,7631.373,45.0
1143.6188888888883,6303.633467623373,5623.082415909201,177.0,4,100.0,False,0,7631.454,45.0
1155.9656887501744,6329.0,5806.0,185.9624928,4,100.0,False,0,7631.692999999999,45.0
1156.0188888888883,6329.056859796055,5806.6200224230515,186.0,4,100.0,False,0,7631.6939999999995,45.0
1164.6354264835486,6333.0,5891.0,192.4593672,4,100.0,False,0,7631.853,45.0
1173.707777777777,6331.462448469788,5979.635005921775,199.0,4,100.0,False,0,7632.014,45.0
1181.8312582325566,6326.0,6060.0,207.34000384,4,100.0,False,0,7632.152999999999,45.0
1185.4299999999994,6322.285666115531,6095.415437484899,211.0,5,100.0,False,0,7632.214,45.0
1194.8288540739359,6309.0,6189.0,212.9874976,5,100.0,False,0,7632.373,45.0
1196.0229559264485,6307.0,6201.0,213.2375008,5,100.0,False,0,7632.393,45.0
1199.696666666666,6300.945079843481,6235.9095847023245,214.0,5,100.0,False,0,7632.454,45.0
1208.2465625564382,6282.0,6318.0,218.4678592,5,100.0,False,0,7632.593,45.0
1217.0411111111105,6242.205930135016,6435.326034128555,223.0,5,100.0,False,0,7632.7339999999995,45.0
1226.9791001573728,6191.0,6567.0,225.38499712,5,100.0,False,0,7632.893,45.0
1229.596666666666,6180.457294909977,6592.383049979847,226.0,5,100.0,False,0,7632.933999999999,45.0
1245.4633333333325,6136.321916438764,6679.30161295654,238.0,6,100.0,False,0,7633.174,45.0
1254.7926643790518,6096.0,6740.0,240.171876,6,100.0,False,0,7633.313,45.0
1267.0633333333324,6012.300363693033,6860.844037624453,243.0,6,100.0,False,0,7633.494,45.0
1272.4834338543728,5970.0,6916.0,244.69285302857142,6,100.0,False,0,7633.572999999999,45.0
1286.4299999999992,5855.308815975931,7042.448075109182,249.0,6,100.0,False,0,7633.773999999999,45.0
1301.8232458727248,5747.0,7145.0,252.43260495003182,6,100.0,False,0,7633.9929999999995,45.0
1308.9372222222214,5713.914749587518,7174.906668163505,254.0,6,100.0,False,0,7634.093,45.0
1320.4446159366,5660.0,7220.0,257.42857142857144,6,100.0,False,0,7634.253,45.0
1329.1594444444438,5593.7202447195805,7273.2628238304615,260.0,6,100.0,False,0,7634.373,45.0
1335.003179628045,5547.0,7310.0,261.3333333333333,6,100.0,False,0,7634.4529999999995,45.0
1346.7594444444437,5465.32465804927,7371.728028590784,264.0,6,100.0,False,0,7634.612999999999,45.0
1358.5116672735712,5359.0,7453.0,265.9875008,6,100.0,False,0,7634.772,45.0
1364.559444444444,5279.689462857641,7515.541795616862,267.0,7,100.0,False,0,7634.853,45.0
1373.5459665371918,5160.0,7611.0,269.6031264,7,100.0,False,0,7634.972,45.0
1388.9149999999995,5050.56501550759,7700.074976595803,274.0,7,100.0,False,0,7635.173,45.0
1407.381666666666,4984.0,7757.0,277.0,7,100.0,False,0,7635.413,45.0
1418.2262617824974,4921.0,7810.0,278.7500032,7,100.0,False,0,7635.553,45.0
1419.781666666666,4909.249414446818,7819.971289258042,279.0,7,100.0,False,0,7635.572999999999,45.0
1438.6599999999994,4723.835681889963,7978.8380154886045,282.0,7,100.0,False,0,7635.813999999999,45.0
1443.3192659622998,4684.0,8013.0,282.7375008,7,100.0,False,0,7635.873,45.0
1464.0822222222216,4561.760196856619,8117.42922965007,286.0,7,100.0,False,0,7636.134,45.0
1468.7995626038507,4533.0,8142.0,286.5531256,7,100.0,False,0,7636.192999999999,45.0
1489.7711111111105,4375.427422465551,8276.992035767236,289.0,7,100.0,False,0,7636.454,45.0
1492.921314824755,4351.0,8298.0,289.4874976,7,100.0,False,0,7636.4929999999995,45.0
1509.1561723377013,4228.0,8404.0,291.9874976,7,100.0,False,0,7636.692999999999,45.0
1509.2377777777774,4227.382172156954,8404.531114094043,292.0,7,100.0,False,0,7636.6939999999995,45.0
1558.6551612326296,3856.0,8723.0,296.99166506666666,7,100.0,False,0,7637.293,45.0
1558.7377777777772,3855.4227456056014,8723.504941927895,297.0,7,100.0,False,0,7637.294,45.0
1581.8377777777773,3688.4167991295144,8871.184400337655,297.0,7,100.0,False,0,7637.574,45.0
1585.0547306976398,3658.0,8898.0,297.0,7,100.0,False,0,7637.612999999999,45.0
1604.9377777777772,3430.6341641734466,9097.431015484464,297.0,7,100.0,False,0,7637.853999999999,45.0
1608.155312396838,3398.0,9126.0,297.0,7,100.0,False,0,7637.893,45.0
1624.7377777777774,3272.3915991706076,9235.827520143217,297.0,7,100.0,False,0,7638.094,45.0
1637.9377777777775,3194.685653653558,9303.840097391416,297.0,7,100.0,False,0,7638.254,45.0
1641.154359162183,3174.0,9322.0,297.0,7,100.0,False,0,7638.293,45.0
1651.1377777777775,3105.468231871765,9382.28879177441,297.0,7,100.0,False,0,7638.414,45.0
1674.232725160216,2926.0,9540.0,297.9964278857143,7,100.0,False,0,7638.692999999999,45.0
1674.3155555555554,2925.31711928138,9540.596382276646,298.0,7,100.0,False,0,7638.6939999999995,45.0
1704.033228772071,2676.0,9757.0,298.0,7,100.0,False,0,7639.053,45.0
1710.7377777777774,2626.4480730677046,9799.910361623393,298.0,7,100.0,False,0,7639.134,45.0
1723.982222222222,2538.8798127924415,9875.725342830936,298.0,7,100.0,False,0,7639.294,45.0
1740.454716921399,2439.0,9963.0,298.0,7,100.0,False,0,7639.4929999999995,45.0
1753.782222222222,2361.3067794105805,10031.911635225388,298.0,7,100.0,False,0,7639.6539999999995,45.0
1767.0266666666664,2273.6385343950055,10110.45406787166,298.0,7,100.0,False,0,7639.813999999999,45.0
1773.5630850202808,2215.0,10163.0,298.0,7,100.0,False,0,7639.893,45.0
1790.2044444444443,2035.2319658252793,10324.193677573068,298.0,7,100.0,False,0,7640.094,45.0
1791.7809305134572,2021.0,10337.0,297.92083306666666,7,95.88331946666666,False,0,7640.112999999999,45.0
1810.0044444444443,1919.826583064121,10428.99717803499,297.0,7,48.0,True,0,7640.334,45.0
1824.115782691413,1852.0,10488.0,284.46999552,7,5.039984640000007,True,0,7640.513,45.0
1825.7266666666667,1841.288752168964,10497.033795747377,283.0,7,0.0,True,0,7640.534,45.0
1839.0384477035068,1737.0,10584.0,268.76985795737545,7,0.0,True,0,7640.713,45.0
1843.253333333333,1705.4841440457876,10610.517754152414,264.0,7,0.0,True,0,7640.773,45.0
1851.2479216045365,1638.0,10664.0,247.8,7,0.0,True,0,7640.893,45.0
1856.4199999999998,1574.696037441286,10708.044656594326,237.0,6,0.0,True,0,7640.973,45.0
1866.5977777777775,1434.1316977038214,10798.752634518301,229.0,5,0.0,True,0,7641.133,45.0
1867.827023233051,1421.0,10807.0,227.6874832,5,0.0,True,0,7641.152999999999,45.0
1885.0866666666661,1330.1306863124885,10854.783771452856,208.0,4,0.0,True,0,7641.4529999999995,45.0
1888.3274218047095,1308.0,10863.0,204.8392822857143,4,0.0,True,0,7641.512,45.0
1900.0977777777773,1178.5687641124316,10910.507097635826,193.0,4,0.0,True,0,7641.733,45.0
1903.130717138853,1146.0,10921.0,190.26071131428571,4,0.0,True,0,7641.7919999999995,45.0
1914.0977777777773,1055.4468409882584,10940.327553330582,180.0,4,0.0,True,0,7642.013,45.0
1916.9797750027496,1031.0,10943.0,177.6428470857143,4,0.0,True,0,7642.072999999999,45.0
1927.2422222222217,925.507415427973,10949.105488378573,169.0,3,0.0,True,0,7642.293,45.0
1933.579513493612,856.0,10949.0,165.5108991336678,3,0.0,True,0,7642.433,45.0
1939.7941822745163,792.0,10946.0,162.0218110274526,3,0.0,True,0,7642.572999999999,45.0
1941.5980555555552,775.7311400990526,10945.35301445637,161.0,3,0.0,True,0,7642.614,45.0
1949.3853518563703,700.0,10935.0,157.270832,3,2.2375008,True,0,7642.793,45.0
1951.998055555555,658.3705645676004,10921.681137039728,156.0,3,3.0,True,0,7642.853999999999,45.0
1957.0278185933516,572.0,10890.0,154.01666986666666,3,4.983330133333333,True,0,7642.973,45.0
1966.998055555555,511.8844539854554,10867.740216590148,150.0,3,9.0,False,0,7643.214,45.0
1972.670311646268,484.0,10844.0,148.84166613333332,3,15.0812528,False,0,7643.353,45.0
1984.8023671150731,357.0,10723.0,146.34166826666666,3,28.2062416,False,0,7643.652999999999,45.0
1986.464722222222,343.43591184191314,10707.339938149229,146.0,3,30.0,False,0,7643.6939999999995,45.0
1996.2647222222217,297.6820686024746,10632.69446341456,147.0,3,45.0,False,0,7643.933999999999,45.0
2001.233155628817,282.0,10600.0,148.98333013333334,3,47.47916266666667,False,0,7644.053,45.0
2006.3313888888886,266.13139581659533,10567.573895278809,151.0,3,50.0,False,0,7644.174,45.0
2013.8900364390652,243.0,10516.0,152.27857188571429,3,57.03214537142857,False,0,7644.353,45.0
2018.2313888888887,230.2717811649318,10481.372289507259,153.0,3,61.0,False,0,7644.454,45.0
2027.0426687456577,208.0,10393.0,157.47749568,3,69.95499136,False,0,7644.652999999999,45.0
2036.2313888888887,193.7687957553207,10267.395860634502,162.0,3,79.0,False,0,7644.853999999999,45.0
2038.0410792808198,192.0,10246.0,162.9749952,3,80.11428022857143,False,0,7644.893,45.0
2049.375833333333,187.67169165159126,10156.56873860054,169.0,3,87.0,False,0,7645.134,45.0
2055.0151681093294,186.0,10113.0,168.6281256,3,54.6469272,False,0,7645.253,45.0
2064.3091666666664,180.37091650232267,10018.14436602217,168.0,3,0.0,True,0,7645.454,45.0
2066.0209410975513,179.0,10000.0,165.8062608,3,0.0,True,0,7645.4929999999995,45.0
2073.5484217999933,170.0,9920.0,155.6812464,3,0.0,True,0,7645.673,45.0
2077.6425,159.09043145857174,9868.053017715705,150.0,3,0.0,True,0,7645.773999999999,45.0
2083.985048528114,137.0,9788.0,144.7000064,3,0.0,True,0,7645.933,45.0
2087.1091666666666,126.75144346085557,9758.237521708723,142.0,3,0.0,True,0,7646.014,45.0
2098.6647222222223,87.96543972261053,9690.906671180031,130.0,2,0.0,True,0,7646.334,45.0
2100.0407868701295,82.0,9682.0,129.22000384,2,0.0,True,0,7646.373,45.0
2105.6647222222223,49.95349641417541,9637.703372116,126.0,2,0.0,True,0,7646.534,45.0
2106.3166116114976,44.0,9631.0,125.5249984,2,0.0,True,0,7646.553,45.0
2112.3869444444445,-30.977134431304798,9557.653601250679,121.0,2,0.0,True,0,7646.7339999999995,45.0
2113.0093314597425,-37.0,9552.0,120.59285577142857,2,0.0,True,0,7646.753,45.0
2121.331388888889,-70.17629557834817,9526.349463917863,115.0,2,0.0,True,0,7647.014,45.0
2122.557588265814,-79.0,9522.0,114.5125024,2,0.0,True,0,7647.053,45.0
2128.7980555555555,-161.99390514515852,9480.338530958374,112.0,2,0.0,False,0,7647.254,45.0
2131.780361350574,-199.0,9462.0,109.92886729013607,2,0.8284530839455737,False,0,7647.353,45.0
2135.9016666666666,-227.18223858070098,9448.817880168279,107.0,2,2.0,False,0,7647.4929999999995,45.0
2142.7783298323175,-267.0,9446.0,103.57142857142857,2,2.0,False,0,7647.733,45.0
2143.9127777777776,-282.6771500622803,9445.325393584615,103.0,2,2.0,False,0,7647.773,45.0
2148.404928813819,-357.0,9443.0,102.0062496,2,1.5031248000000001,False,0,7647.932,45.0
2152.8905555555552,-402.3040211160096,9445.799752795037,101.0,2,1.0,False,0,7648.093,45.0
2160.48548376311,-441.0,9463.0,98.0107136,2,8.9714304,False,0,7648.371999999999,45.0
2160.5127777777775,-441.1934827331325,9463.086039119744,98.0,2,9.0,False,0,7648.373,45.0
2164.9127777777776,-478.2194833825199,9479.441147582258,99.0,2,19.0,False,0,7648.532999999999,45.0
2167.14966991399,-501.0,9492.0,99.85714285714286,2,22.42857142857143,False,0,7648.612999999999,45.0
2172.846111111111,-566.0669616437692,9538.109238935642,102.0,2,31.0,False,0,7648.813,45.0
2173.4221891369616,-572.0,9543.0,102.3726751332073,2,32.242250444024315,False,0,7648.833,45.0
2177.541944444444,-607.9057670388546,9576.780839839783,105.0,2,41.0,False,0,7648.974,45.0
2186.9649036725814,-657.0,9641.0,111.32500135384615,2,46.17500110769231,False,0,7649.273,45.0
2194.2974999999997,-681.7628556212486,9680.149540503528,116.0,2,50.0,False,0,7649.494,45.0
2194.9344019500318,-684.0,9684.0,116.57000192,2,50.4750016,False,0,7649.513,45.0
2201.0752777777775,-708.142138401114,9729.16451535834,122.0,2,55.0,False,0,7649.6939999999995,45.0
2203.823698183334,-721.0,9762.0,123.9749952,2,56.57999616,False,0,7649.773,45.0
2208.1308333333327,-743.7794263306905,9833.181246492713,127.0,2,59.0,False,0,7649.893999999999,45.0
2211.015377039702,-757.0,9878.0,129.2218696,2,60.4812464,False,0,7649.973,45.0
2220.2197222222217,-776.2614762506037,9952.397694732721,136.0,2,65.0,False,0,7650.214,45.0
2231.689191615378,-776.0,10024.0,147.95713462857142,2,70.97856731428571,False,0,7650.4929999999995,45.0
2231.7308333333326,-775.9929692658467,10024.453962425818,148.0,3,71.0,False,0,7650.494,45.0
2238.441944444444,-774.049617306138,10112.01814925708,151.0,3,77.0,False,0,7650.6539999999995,45.0
2240.120609856081,-773.0,10134.0,152.55999232,3,77.9749952,False,0,7650.692999999999,45.0
2247.275277777777,-765.5096361388827,10218.383933198296,159.0,3,82.0,False,0,7650.853999999999,45.0
2259.580208572109,-743.0,10344.0,169.36000256,3,93.65500288,False,0,7651.112999999999,45.0
2266.719722222221,-725.4732229159533,10415.4351698046,175.0,4,100.0,False,0,7651.254,45.0
2278.4497309509493,-692.0,10526.0,185.45227578181817,4,100.0,False,0,7651.473,45.0
2282.877279466281,-678.0,10565.0,189.2704576,4,100.0,False,0,7651.553,45.0
2290.675277777777,-645.4622324288821,10646.058520720613,196.0,4,100.0,False,0,7651.6939999999995,45.0
2299.5641666666656,-601.5552778831975,10746.793154103412,200.0,4,100.0,False,0,7651.853999999999,45.0
2302.9199964835097,-587.0,10779.0,202.10714514285715,4,100.0,False,0,7651.913,45.0
2315.897499999999,-540.8586214671112,10874.950565038109,210.0,5,100.0,False,0,7652.134,45.0
2324.3088849071596,-509.0,10937.0,214.63333546666667,5,100.0,False,0,7652.273,45.0
2335.4963108082698,-458.0,11034.0,220.63332693333334,5,100.0,False,0,7652.4529999999995,45.0
2338.097499999999,-445.9117935137749,11056.373989976248,222.0,5,100.0,False,0,7652.494,45.0
2348.3722480779275,-398.0,11143.0,227.9624928,5,100.0,False,0,7652.652999999999,45.0
2361.666960048072,-334.0,11255.0,235.4624928,5,100.0,False,0,7652.853,45.0
2364.430833333332,-320.9969928037895,11276.465612462856,237.0,5,100.0,False,0,7652.893999999999,45.0
2373.8965380520794,-270.0,11355.0,240.82250176,5,100.0,False,0,7653.032999999999,45.0
2389.127634251027,-136.0,11543.0,246.87249472,5,100.0,False,0,7653.253,45.0
2391.986388888888,-112.29760614457261,11574.554589955238,248.0,6,100.0,False,0,7653.294,45.0
2406.0419444444433,-15.80288156612817,11693.66233461429,253.0,6,100.0,False,0,7653.494,45.0
2423.248611533738,74.0,11792.0,258.2281208,6,100.0,False,0,7653.733,45.0
2429.1530555555546,101.40686404940065,11820.912114828872,260.0,6,100.0,False,0,7653.813999999999,45.0
2448.208754109226,197.0,11916.0,264.64158140209184,6,100.0,False,0,7654.072999999999,45.0
2449.690555555555,206.8667121371504,11925.4250139461,265.0,6,100.0,False,0,7654.093,45.0
2460.106180958021,283.0,11997.0,267.6250048,6,100.0,False,0,7654.233,45.0
2461.601666666666,293.65053636481537,12006.845674409476,268.0,7,100.0,False,0,7654.253,45.0
2473.6461111111107,373.6003151937605,12079.118978183573,271.0,7,100.0,False,0,7654.413,45.0
2487.325767889537,490.0,12172.0,273.9833344,7,100.0,False,0,7654.592,45.0
2501.3461111111105,659.799602590414,12293.922133398046,277.0,7,100.0,False,0,7654.773,45.0
2502.826519404043,676.0,12305.0,277.2590917818182,7,100.0,False,0,7654.7919999999995,45.0
2535.934999999999,906.0,12435.0,283.0,7,100.0,False,0,7655.213,45.0
2551.712777777777,1013.2584603020474,12487.128269731209,284.0,7,100.0,False,0,7655.413,45.0
2567.601407494004,1181.0,12554.0,285.9900478503026,7,100.0,False,0,7655.612999999999,45.0
2567.68111111111,1182.1069135595676,12554.392660890888,286.0,7,100.0,False,0,7655.614,45.0
2581.9827796630634,1393.0,12625.0,287.4916672,7,100.0,False,0,7655.793,45.0
2586.88111111111,1439.919542682674,12640.036527595861,288.0,7,100.0,False,0,7655.853999999999,45.0
2604.5781575230403,1532.0,12665.0,290.7375008,7,100.0,False,0,7656.072999999999,45.0
2606.28111111111,1544.696121133084,12668.090867976247,291.0,7,100.0,False,0,7656.094,45.0
2625.721448980897,1737.0,12713.0,292.70714148571426,7,100.0,False,0,7656.333,45.0
2629.069999999999,1768.9861878813617,12719.922661184437,293.0,7,100.0,False,0,7656.374,45.0
2645.4588888888875,1929.2910150060504,12750.107235018599,295.0,7,100.0,False,0,7656.574,45.0
2648.660683231794,1973.0,12757.0,295.1392850285714,7,100.0,False,0,7656.612999999999,45.0
2655.2329269895704,2074.0,12772.0,295.42499931428574,7,100.0,False,0,7656.692999999999,45.0
2668.48111111111,2222.71485052272,12791.57226433518,296.0,7,100.0,False,0,7656.853999999999,45.0
2681.5973123284175,2336.0,12804.0,296.39749952,7,100.0,False,0,7657.013,45.0
2696.45673088639,2483.0,12820.0,296.84750016,7,100.0,False,0,7657.192999999999,45.0
2701.48111111111,2533.299622248749,12825.223902108215,297.0,7,100.0,False,0,7657.254,45.0
2716.1901078569567,2680.0,12840.0,296.4406248,7,100.0,False,0,7657.433,45.0
2727.792222222221,2796.1394136078625,12852.058573860739,296.0,7,100.0,False,0,7657.574,45.0
2732.6623138478626,2844.0,12857.0,296.4214290285714,7,100.0,False,0,7657.633,45.0
2747.5685959386487,2992.0,12872.0,297.70714148571426,7,100.0,False,0,7657.813,45.0
2750.969999999999,3030.6592770827315,12875.957985031619,298.0,7,100.0,False,0,7657.853999999999,45.0
2767.58111111111,3245.948173271736,12898.405440365614,299.0,7,100.0,False,0,7658.054,45.0
2770.819957004462,3289.0,12903.0,299.0,7,100.0,False,0,7658.093,45.0
2800.8033333333324,3647.053744602157,12942.472464570314,299.0,7,100.0,False,0,7658.454,45.0
2804.049198351793,3670.0,12945.0,299.19499904,7,100.0,False,0,7658.4929999999995,45.0
2817.4699999999993,3723.3795217284733,12950.732211625054,300.0,7,100.0,False,0,7658.6539999999995,45.0
2825.744071964442,3770.0,12956.0,300.49500032,7,100.0,False,0,7658.753,45.0
2834.192222222221,3854.5951715817723,12965.819457929032,301.0,7,100.0,False,0,7658.853999999999,45.0
2847.5699999999993,4040.595543358327,12987.717252332657,301.0,7,100.0,False,0,7659.014,45.0
2854.177546481521,4118.0,12997.0,301.0,7,100.0,False,0,7659.093,45.0
2867.6366666666654,4231.937195603715,13011.134130325492,301.0,7,100.0,False,0,7659.254,45.0
2884.219888231245,4350.0,13027.0,300.3781256,7,100.0,False,0,7659.4529999999995,45.0
2894.303333333332,4447.258607098649,13040.469524323236,300.0,7,100.0,False,0,7659.574,45.0
2902.565128004651,4532.0,13052.0,300.0,7,100.0,False,0,7659.673,45.0
2917.6366666666654,4681.448473407227,13071.109356259216,300.0,7,100.0,False,0,7659.853999999999,45.0
2919.2096087148825,4697.0,13073.0,299.6437488,7,100.0,False,0,7659.873,45.0
2930.8366666666657,4812.417870699161,13086.339140862481,297.0,7,100.0,False,0,7660.014,45.0
2932.400368582134,4828.0,13088.0,296.80999936,7,100.0,False,0,7660.032999999999,45.0
2947.144414527109,4976.0,13102.0,295.01000192,7,100.0,False,0,7660.213,45.0
2947.2255555555544,4976.822724334584,13102.070657221904,295.0,7,100.0,False,0,7660.214,45.0
2959.9942785331214,5106.0,13112.0,290.3625056,7,33.75008,False,0,7660.373,45.0
2966.4255555555546,5167.816441043387,13115.336644424277,288.0,7,0.0,True,0,7660.454,45.0
2978.921982078949,5295.0,13113.0,283.23000576,7,0.0,True,0,7660.612999999999,45.0
2982.0922222222216,5334.023098245351,13108.81589244694,282.0,7,0.0,False,0,7660.6539999999995,45.0
3001.5681138810287,5595.0,13061.0,272.25704501991424,7,5.683390405050025,False,0,7660.913,45.0
3006.0172222222213,5635.663315015734,13051.341234047268,270.0,7,7.0,False,0,7660.973,45.0
3020.739444444444,5720.71584582805,13022.409672594878,265.0,6,14.0,False,0,7661.173,45.0
3025.007420872487,5749.0,13010.0,263.5249984,6,19.4083392,False,0,7661.232,45.0
3046.339444444444,5941.942484287489,12912.532910383074,256.0,6,47.0,False,0,7661.532999999999,45.0
3050.503562055383,5978.0,12890.0,255.5083328,6,48.9666688,False,0,7661.592,45.0
3054.8085904918344,6013.0,12866.0,255.0,6,51.0,False,0,7661.652999999999,45.0
3063.2727777777773,6082.17064496657,12814.548382114941,254.0,6,55.0,False,0,7661.773,45.0
3074.5443811023424,6169.0,12744.0,254.0,6,64.3074742741411,False,0,7661.933,45.0
3088.7433333333324,6257.574423193931,12661.168902369674,254.0,6,76.0,False,0,7662.134,45.0
3094.3586247272206,6300.0,12609.0,254.9874976,6,78.468744,False,0,7662.213,45.0
3100.1211111111106,6352.689778980305,12536.736695834503,256.0,6,81.0,False,0,7662.294,45.0
3105.7307152189605,6402.0,12465.0,256.0,6,87.71498368,False,0,7662.373,45.0
3114.3433333333323,6452.920245872138,12384.570999543126,256.0,6,98.0,False,0,7662.494,45.0
3131.676666666666,6499.614258581369,12280.623827336167,260.0,6,100.0,False,0,7662.7339999999995,45.0
3134.512207713552,6509.0,12258.0,260.4178550857143,6,100.0,False,0,7662.773,45.0
3152.1322222222216,6580.625163700746,12081.737180355954,263.0,6,100.0,False,0,7663.014,45.0
3155.002081967615,6591.0,12054.0,263.35454370909093,6,100.0,False,0,7663.053,45.0
3172.7767867236225,6641.0,11900.0,265.53636189090906,6,100.0,False,0,7663.293,45.0
3184.765555555555,6674.03093834094,11785.985239196125,267.0,7,100.0,False,0,7663.454,45.0
3193.64754100441,6698.0,11699.0,268.18999808,7,100.0,False,0,7663.572999999999,45.0
3199.7099999999996,6713.454478792998,11640.686158114444,269.0,7,100.0,False,0,7663.6539999999995,45.0
3201.1345938976056,6717.0,11627.0,269.19000064,7,100.0,False,0,7663.673,45.0
3214.765555555555,6749.461486981618,11495.431454247135,271.0,7,100.0,False,0,7663.853999999999,45.0
3225.3386110556953,6773.0,11393.0,272.54444515555554,7,100.0,False,0,7663.9929999999995,45.0
3240.6568484111494,6805.0,11244.0,274.76666737777776,7,100.0,False,0,7664.192999999999,45.0
3242.265555555555,6808.224654695627,11228.366289842006,275.0,7,100.0,False,0,7664.214,45.0
3252.9134090383754,6829.0,11124.0,275.57916693333334,7,100.0,False,0,7664.353,45.0
3260.665555555555,6843.688798912048,11044.551259911426,276.0,7,100.0,False,0,7664.454,45.0
3276.006873998563,6872.0,10873.0,277.2437488,7,100.0,False,0,7664.652999999999,45.0
3285.376666666666,6889.089765696984,10753.924044118563,278.0,7,100.0,False,0,7664.773999999999,45.0
3294.6212800863987,6904.0,10643.0,279.18999808,7,100.0,False,0,7664.893,45.0
3300.9322222222218,6912.058300638462,10580.66428442765,280.0,7,100.0,False,0,7664.974,45.0
3324.349881515913,6933.0,10394.0,281.8687504,7,100.0,False,0,7665.273,45.0
3325.9988888888884,6934.558794183211,10378.377483776745,282.0,7,100.0,False,0,7665.294,45.0
3344.7869044272493,6953.0,10175.0,282.9958325333333,7,100.0,False,0,7665.532999999999,45.0
3344.8655555555547,6953.069779642866,10174.11007152828,283.0,7,100.0,False,0,7665.534,45.0
3360.5877777777773,6965.111913198156,9993.653830326772,283.0,7,100.0,False,0,7665.7339999999995,45.0
3377.7831775854215,6974.0,9815.0,283.0,7,100.0,False,0,7665.9529999999995,45.0
3382.5988888888887,6975.688551917974,9773.713269093509,283.0,7,100.0,False,0,7666.014,45.0
3401.6341445873168,6980.0,9625.0,285.6555534222222,7,100.0,False,0,7666.253,45.0
3411.2988888888885,6981.9327926920205,9531.664296389308,287.0,7,100.0,False,0,7666.374,45.0
3420.7895593339053,6984.0,9434.0,287.0,7,100.0,False,0,7666.4929999999995,45.0
3424.054444444444,6984.798674909717,9400.944830463546,287.0,7,100.0,False,0,7666.534,45.0
3441.4530804212673,6990.0,9227.0,286.08749973333335,7,100.0,False,0,7666.753,45.0
3443.1211111111106,6990.612015101191,9210.133713940033,286.0,7,100.0,False,0,7666.773999999999,45.0
3449.398106499172,6993.0,9148.0,286.0,7,100.0,False,0,7666.853,45.0
3468.543333333333,7003.097196537127,8977.052433163055,286.0,7,100.0,False,0,7667.094,45.0
3470.049939940901,7005.0,8958.0,285.9406248,7,100.0,False,0,7667.112999999999,45.0
3487.4656748739458,7037.0,8691.0,285.2531256,7,100.0,False,0,7667.333,45.0
3493.8766666666666,7045.702605281568,8627.480266338727,285.0,7,100.0,False,0,7667.414,45.0
3509.630833333333,7060.47575973941,8553.477418536737,285.0,7,100.0,False,0,7667.612999999999,45.0
3515.874988376932,7072.0,8504.0,284.7805553777778,7,100.0,False,0,7667.692,45.0
3537.952111237698,7142.0,8212.0,284.0027776,7,100.0,False,0,7667.972,45.0
3538.0308333333332,7142.275220182791,8210.956211037375,284.0,7,100.0,False,0,7667.973,45.0
3556.8975,7208.171854981129,7990.301161102209,283.0,7,100.0,False,0,7668.213,45.0
3569.430833333333,7245.9219763849715,7879.621603461478,282.0,7,100.0,False,0,7668.373,45.0
3570.9944486215236,7250.0,7868.0,281.9376939438092,7,100.0,False,0,7668.393,45.0
3594.4866666666667,7300.173253269707,7735.900662155278,281.0,7,100.0,False,0,7668.6939999999995,45.0
3600.670067642309,7318.0,7692.0,281.2194439111111,7,97.36667306666666,False,0,7668.773,45.0
3617.9188736543115,7383.0,7532.0,281.8305557333333,7,90.03333119999999,False,0,7668.9929999999995,45.0
3622.6866666666665,7400.6665140284895,7486.99262375688,282.0,7,88.0,False,0,7669.054,45.0
3630.4043265708633,7428.0,7415.0,280.7624992,7,78.0999936,False,0,7669.152999999999,45.0
3635.131111111111,7444.245493803353,7370.386530084594,280.0,7,72.0,False,0,7669.214,45.0
3648.826113301761,7487.0,7239.0,277.8453696,7,71.8342592,False,0,7669.393,45.0
3715.231111111111,7503.946322277445,6594.523693932968,267.0,7,71.0,False,0,7670.294,45.0
3719.586499254118,7496.0,6552.0,266.70499968,7,71.29500032,False,0,7670.353,45.0
3730.0088888888886,7473.221920267622,6449.858637754001,266.0,7,72.0,False,0,7670.494,45.0
3735.8457976622253,7459.0,6392.0,266.0,7,74.53927954285714,False,0,7670.572999999999,45.0
3750.6977777777774,7420.200909970546,6241.511279915358,266.0,7,81.0,False,0,7670.773999999999,45.0
3758.023486359519,7401.0,6162.0,266.0,7,69.2437424,False,0,7670.873,45.0
3762.5199999999995,7389.411396421203,6110.464133442883,266.0,7,62.0,False,0,7670.933999999999,45.0
3780.053333333333,7347.037380700581,5901.374894011958,263.0,7,24.0,False,0,7671.174,45.0
3785.8538254729942,7336.0,5846.0,263.0,7,22.5187536,False,0,7671.253,45.0
3791.742222222222,7326.506403614924,5798.999176216544,263.0,6,21.0,False,0,7671.334,45.0
3811.1866666666665,7311.7491208206975,5666.834976813991,250.0,6,19.0,False,0,7671.614,45.0
3816.6355970583177,7316.0,5598.0,249.34166826666666,6,18.0125024,False,0,7671.692999999999,45.0
3827.7199999999993,7334.918096166703,5418.361484695224,248.0,6,16.0,False,0,7671.853999999999,45.0
3829.0175471021694,7337.0,5402.0,247.5249984,6,16.4750016,False,0,7671.873,45.0
3841.2199999999993,7350.984688166759,5332.567833765296,243.0,6,21.0,False,0,7672.054,45.0
3847.71172135686,7364.0,5300.0,240.29999825454544,6,23.4750016,False,0,7672.152999999999,45.0
3859.191665447723,7407.0,5188.0,235.39091432727272,6,27.9749952,False,0,7672.333,45.0
3869.4533333333325,7454.361628328769,5090.1869438800495,231.0,6,32.0,False,0,7672.494,45.0
3882.2143663803104,7519.0,4979.0,230.17083413333333,6,32.0,False,0,7672.692999999999,45.0
3884.786666666666,7532.739450322977,4956.11187674706,230.0,6,32.0,False,0,7672.7339999999995,45.0
3890.870810708898,7566.0,4901.0,225.79249728,6,24.07999488,False,0,7672.833,45.0
3908.3964103209337,7657.0,4743.0,213.04250816,6,0.08001536000000087,False,0,7673.133,45.0
3908.4533333333325,7657.256506015656,4742.53635166482,213.0,5,0.0,True,0,7673.134,45.0
3924.0866666666657,7715.584526360378,4629.1761579150625,201.0,4,0.0,True,0,7673.414,45.0
3929.524451233942,7733.0,4585.0,199.1437488,4,0.0,True,0,7673.513,45.0
3939.255409256814,7762.0,4494.0,195.7687536,4,0.0,True,0,7673.692999999999,45.0
3941.419999999999,7767.435120913402,4474.495281229714,195.0,4,0.0,False,0,7673.7339999999995,45.0
3946.5618064424066,7778.0,4423.0,190.54499712,4,0.99000064,False,0,7673.833,45.0
3951.753333333332,7783.977635909594,4344.595991524365,186.0,4,2.0,False,0,7673.933999999999,45.0
3958.9258231170297,7786.0,4231.0,186.0,4,2.0,False,0,7674.072999999999,45.0
3968.2866666666655,7782.0263632875385,4161.720974703126,186.0,4,2.0,False,0,7674.254,45.0
3977.4795894523336,7769.0,4118.0,186.0,4,2.0,False,0,7674.432,45.0
3982.7016666666655,7756.765312603936,4076.2961731283394,186.0,4,2.0,False,0,7674.532999999999,45.0
3993.0349999999985,7723.4668817948095,3969.802798422265,186.0,4,2.0,False,0,7674.733,45.0
3996.096360746303,7712.0,3940.0,184.8749952,4,2.7500032,False,0,7674.793,45.0
3998.1258176092038,7704.0,3921.0,184.1249952,4,3.2500032,False,0,7674.833,45.0
4001.168333333332,7691.234541970232,3892.727677869334,183.0,4,4.0,False,0,7674.893,45.0
4009.3016666666654,7653.108417426482,3818.51310884038,183.0,4,62.0,False,0,7675.053,45.0
4014.4490417499887,7629.0,3776.0,184.65975396401345,4,66.1493849100336,False,0,7675.152999999999,45.0
4021.8202777777765,7595.478577201042,3722.0735976689457,187.0,4,72.0,False,0,7675.294,45.0
4027.088779901833,7558.0,3674.0,189.97000192,4,76.45500288,False,0,7675.393,45.0
4032.5424999999987,7499.456549860395,3607.782004390051,193.0,4,81.0,False,0,7675.494,45.0
4035.7649307058327,7465.0,3571.0,194.77000192,4,85.4250048,False,0,7675.553,45.0
4043.5980555555534,7400.6482326255655,3508.9446073660215,199.0,4,96.0,False,0,7675.6939999999995,45.0
4059.7758333333313,7315.222806824946,3456.2821292642566,208.0,4,100.0,False,0,7675.974,45.0
4063.23078418877,7292.0,3443.0,209.4750016,4,100.0,False,0,7676.032999999999,45.0
4069.198055555554,7245.8538592033765,3416.380704589721,212.0,5,100.0,False,0,7676.134,45.0
4072.7418737946655,7209.0,3396.0,214.2125024,5,100.0,False,0,7676.192999999999,45.0
4078.886944444443,7122.093764562915,3350.0106649496934,218.0,5,100.0,False,0,7676.294,45.0
4083.7330898917803,7057.0,3316.0,219.64582933333332,5,100.0,False,0,7676.373,45.0
4093.7536111111094,6984.939478681976,3277.9757979578253,223.0,5,100.0,False,0,7676.534,45.0
4103.923249264599,6938.0,3248.0,227.968744,5,100.0,False,0,7676.692999999999,45.0
4114.464722222221,6859.755205249228,3191.863416639846,233.0,5,100.0,False,0,7676.853999999999,45.0
4122.389188141553,6796.0,3141.0,236.3468696,5,100.0,False,0,7676.973,45.0
4135.975833333332,6697.605731453748,3048.0253548500677,242.0,6,100.0,False,0,7677.174,45.0
4144.0916898727955,6641.0,2989.0,244.37999616,6,100.0,False,0,7677.293,45.0
4149.642499999999,6602.037365972976,2947.1882990485283,246.0,6,100.0,False,0,7677.374,45.0
4156.45343309949,6557.0,2898.0,247.06071497142858,6,100.0,False,0,7677.473,45.0
4168.939274165527,6477.0,2804.0,248.98928365714286,6,100.0,False,0,7677.652999999999,45.0
4169.009166666666,6476.355601565853,2803.1653493606527,249.0,6,100.0,False,0,7677.6539999999995,45.0
4181.611234485494,6334.0,2610.0,251.68500096,6,100.0,False,0,7677.833,45.0
4197.342499999999,6251.556482889038,2488.0873182932783,255.0,6,100.0,False,0,7678.054,45.0
4211.675833333333,6223.446000721249,2431.1564273464915,258.0,6,100.0,False,0,7678.254,45.0
4214.500033632916,6213.0,2412.0,258.9749952,6,100.0,False,0,7678.293,45.0
4223.320277777777,6170.849104159364,2336.6566132642392,262.0,6,100.0,False,0,7678.414,45.0
4227.638316108323,6149.0,2297.0,262.7375008,6,100.0,False,0,7678.473,45.0
4240.986944444444,6087.057604750747,2178.4112292845884,265.0,6,100.0,False,0,7678.6539999999995,45.0
4248.3976703699955,6054.0,2113.0,267.4750016,6,100.0,False,0,7678.753,45.0
4258.977813623474,6007.0,2019.0,270.9749952,6,100.0,False,0,7678.893,45.0
4259.0536111111105,6006.675769474664,2018.3429928639548,271.0,7,100.0,False,0,7678.893999999999,45.0
4274.199301980063,5941.0,1883.0,273.98499712,7,100.0,False,0,7679.093,45.0
4274.275833333333,5940.604890714768,1882.1844784683328,274.0,7,100.0,False,0,7679.094,45.0
4292.687869340726,5834.0,1663.0,276.6555534222222,7,100.0,False,0,7679.333,45.0
4302.075833333333,5796.8679867887595,1586.99029420867,278.0,7,100.0,False,0,7679.454,45.0
4320.809166666666,5738.896992133172,1467.424471396936,281.0,7,100.0,False,0,7679.6939999999995,45.0
4322.302364365768,5732.0,1453.0,281.2375008,7,100.0,False,0,7679.713,45.0
4342.883052189293,5617.0,1211.0,284.4874976,7,100.0,False,0,7679.973,45.0
4346.1425,5603.227823573734,1181.9300893610207,285.0,7,100.0,False,0,7680.014,45.0
4362.086944444444,5557.360581992412,1085.0858418735363,287.0,7,100.0,False,0,7680.214,45.0
4366.813932758687,5542.0,1053.0,287.44250048,7,100.0,False,0,7680.273,45.0
4379.692697621528,5491.0,947.0,288.64250048,7,100.0,False,0,7680.433,45.0
4394.309166666666,5432.607424099651,824.4837700955505,290.0,7,100.0,False,0,7680.614,45.0
4403.926724316141,5387.0,729.0,290.3718744,7,100.0,False,0,7680.733,45.0
4420.175833333334,5291.098477692465,529.7764433355015,291.0,7,100.0,False,0,7680.933999999999,45.0
4424.862323133652,5268.0,482.0,291.0,7,100.0,False,0,7680.992,45.0
4436.261666666667,5229.421223138264,402.66600204812954,291.0,7,100.0,False,0,7681.133,45.0
4447.533616374391,5197.0,336.0,291.8687504,7,100.0,False,0,7681.272,45.0
4449.239444444444,5190.988741145361,323.56080170252244,292.0,7,100.0,False,0,7681.293,45.0
4468.772777777777,5105.7672158656105,146.67079410389226,293.0,7,100.0,False,0,7681.532999999999,45.0
4473.657497476646,5084.0,102.0,293.0,7,100.0,False,0,7681.593,45.0
4486.6796102418475,5027.0,-14.0,293.0,7,100.0,False,0,7681.753,45.0
4491.643055555555,5002.936428900951,-63.557388553085396,293.0,7,100.0,False,0,7681.813999999999,45.0
4507.920833333334,4920.664393583228,-235.0695390768687,293.0,7,100.0,False,0,7682.014,45.0
4509.469660374909,4914.0,-249.0,293.0593752,7,100.0,False,0,7682.032999999999,45.0
4534.054166666667,4829.049037249089,-426.45382397484394,294.0,7,100.0,False,0,7682.334,45.0
4540.503398020721,4794.0,-499.0,294.0,7,100.0,False,0,7682.413,45.0
4553.654166666667,4694.807924124269,-703.6247020174901,294.0,7,100.0,False,0,7682.574,45.0
4560.124949586181,4650.0,-796.0,294.4937488,7,100.0,False,0,7682.652999999999,45.0
4566.765277777778,4614.328353550937,-869.5657477681591,295.0,7,100.0,False,0,7682.7339999999995,45.0
4586.431944444444,4552.472160266147,-997.3759311495986,295.0,7,100.0,False,0,7682.974,45.0
4589.627616623592,4543.0,-1017.0,295.0,7,100.0,False,0,7683.013,45.0
4606.098611111111,4490.608353665364,-1125.7372001005285,295.0,7,100.0,False,0,7683.214,45.0
4619.12868227974,4443.0,-1224.0,295.0,7,100.0,False,0,7683.373,45.0
4635.518012906628,4371.0,-1371.0,295.0,7,100.0,False,0,7683.572999999999,45.0
4642.154166666666,4334.280706482022,-1445.2471848182859,295.0,7,100.0,False,0,7683.6539999999995,45.0
4660.098095258805,4225.0,-1665.0,295.0,7,100.0,False,0,7683.873,45.0
4661.820833333332,4215.609683523634,-1683.8548467484839,295.0,7,100.0,False,0,7683.893999999999,45.0
4684.843055555554,4111.505894968161,-1892.2791675139852,296.0,7,100.0,False,0,7684.174,45.0
4689.707596613057,4093.0,-1929.0,296.2107145142857,7,100.0,False,0,7684.233,45.0
4707.943055555555,4031.9726298202936,-2048.6979613596736,297.0,7,100.0,False,0,7684.454,45.0
4725.953348286641,3966.0,-2179.0,296.21785691428573,7,100.0,False,0,7684.673,45.0
4730.883101328566,3944.0,-2223.0,296.0035721142857,7,100.0,False,0,7684.733,45.0
4730.9652777777765,3943.628399996656,-2223.7387214695627,296.0,7,100.0,False,0,7684.7339999999995,45.0
4753.898207299004,3839.0,-2425.0,296.0,7,100.0,False,0,7685.013,45.0
4757.276388888887,3823.8199509996557,-2453.672282071148,296.0,7,100.0,False,0,7685.054,45.0
4767.095334596306,3778.0,-2540.0,296.7437488,7,100.0,False,0,7685.173,45.0
4770.476388888887,3760.2558309845526,-2573.4947903150733,297.0,7,100.0,False,0,7685.214,45.0
4793.418316530437,3625.0,-2828.0,296.1281256,7,100.0,False,0,7685.4929999999995,45.0
4796.787499999998,3607.1540137236543,-2860.930044089378,296.0,7,100.0,False,0,7685.534,45.0
4826.387499999998,3477.3812160669245,-3091.771083344475,296.0,7,100.0,False,0,7685.893999999999,45.0
4829.5958381995215,3464.0,-3115.0,296.0,7,100.0,False,0,7685.933,45.0
4846.1208333333325,3393.806400572508,-3235.447267995062,296.0,7,100.0,False,0,7686.134,45.0
4854.235165867862,3355.0,-3299.0,295.3812496,7,100.0,False,0,7686.233,45.0
4859.231944444443,3328.953685853131,-3340.3569636393104,295.0,7,100.0,False,0,7686.294,45.0
4868.978839988252,3275.0,-3423.0,293.81000192,7,100.0,False,0,7686.413,45.0
4875.509722222221,3237.7102447262814,-3477.381264788456,293.0,7,100.0,True,0,7686.494,45.0
4891.00972222222,3143.204197547601,-3604.037420230801,279.0,7,0.0,True,0,7686.6939999999995,45.0
4895.412282363852,3114.0,-3639.0,274.9964242285714,7,0.0,True,0,7686.753,45.0
4898.353037814712,3094.0,-3662.0,272.2821385142857,7,0.0,True,0,7686.793,45.0
4911.231944444443,3014.720783679628,-3755.155473323373,260.0,6,0.0,True,0,7686.974,45.0
4917.99089551709,2956.0,-3811.0,254.30749632,6,0.0,True,0,7687.072999999999,45.0
4932.382548935505,2777.0,-3949.0,241.65751104,6,0.0,True,0,7687.293,45.0
4937.565277777777,2734.5467474050965,-3978.4378241493387,237.0,5,0.0,True,0,7687.374,45.0
4950.176388888888,2679.120829032517,-4006.0640197465837,227.0,5,0.0,True,0,7687.574,45.0
4952.556667170638,2665.0,-4012.0,226.2875024,5,0.0,True,0,7687.612,45.0
4960.131944444443,2606.612034171584,-4036.1894721197614,224.0,5,0.0,True,0,7687.7339999999995,45.0
4974.314077300994,2464.0,-4088.0,216.9225538431215,5,4.355351481156001,True,0,7687.973,45.0
4983.552600836148,2378.0,-4106.0,212.1845107686243,5,7.2710702962311995,True,0,7688.133,45.0
4985.862222222221,2354.885788133446,-4109.146214507879,211.0,5,8.0,False,0,7688.173,45.0
4996.225261677738,2246.0,-4117.0,207.41790877493293,5,9.791045612533544,False,0,7688.353,45.0
4997.419722222222,2234.230078706247,-4117.073990941406,207.0,5,10.0,False,0,7688.374,45.0
5005.219559898279,2160.0,-4113.0,203.9593736,5,13.475001599999999,False,0,7688.513,45.0
5015.197499999999,2055.4988883202973,-4096.402566464849,200.0,5,18.0,False,0,7688.6939999999995,45.0
5021.722882709029,1988.0,-4080.0,198.5125024,5,28.908315733333332,False,0,7688.813,45.0
5028.330833333333,1924.7059872107434,-4059.698650121742,197.0,4,40.0,False,0,7688.933999999999,45.0
5033.717135125881,1875.0,-4040.0,196.64642834285715,4,43.88928822857143,False,0,7689.032999999999,45.0
5042.425354533358,1796.0,-4002.0,196.07499977142857,4,50.175002514285715,False,0,7689.192999999999,45.0
5043.575277777778,1785.920649922763,-3996.5604883553315,196.0,4,51.0,False,0,7689.214,45.0
5051.231285704061,1721.0,-3958.0,197.39000064,4,57.25500288,False,0,7689.353,45.0
5064.617625826431,1614.0,-3880.0,199.79000064,4,68.05500288,False,0,7689.593,45.0
5065.7975,1604.928251934795,-3872.56510829233,200.0,4,69.0,False,0,7689.614,45.0
5074.774818512839,1538.0,-3813.0,201.9874976,4,72.17999616,False,0,7689.773,45.0
5085.053426341608,1467.0,-3738.0,204.2375008,4,75.78000128,False,0,7689.9529999999995,45.0
5088.575277777778,1443.9560049777272,-3711.493804332388,205.0,5,77.0,False,0,7690.014,45.0
5096.674616544609,1394.0,-3650.0,207.9785728,5,80.9714304,False,0,7690.152999999999,45.0
5104.986388888889,1346.9335360320592,-3584.5214545314093,211.0,5,85.0,False,0,7690.294,45.0
5106.113072746954,1340.0,-3574.0,211.2375008,5,85.7125024,False,0,7690.313,45.0
5126.508266802553,1200.0,-3337.0,215.4874976,5,98.4624928,False,0,7690.652999999999,45.0
5128.9863888888885,1188.0515193734975,-3315.7031470853744,216.0,5,100.0,False,0,7690.6939999999995,45.0
5143.586388888889,1147.8773210533773,-3239.7398311537227,219.0,5,100.0,False,0,7690.933999999999,45.0
5153.448062463273,1108.0,-3164.0,221.6499968,5,100.0,False,0,7691.093,45.0
5164.761497211553,1037.0,-3033.0,224.65000106666668,5,100.0,False,0,7691.273,45.0
5166.086388888889,1029.8324884006436,-3020.202672594174,225.0,5,100.0,False,0,7691.294,45.0
5183.78500583138,959.0,-2905.0,227.5363618909091,5,100.0,False,0,7691.572999999999,45.0
5194.075277777778,905.4725815311094,-2822.666620476644,229.0,5,100.0,False,0,7691.7339999999995,45.0
5203.002914682961,853.0,-2746.0,230.3031256,5,100.0,False,0,7691.873,45.0
5209.452774992738,815.0,-2694.0,231.2406232,5,100.0,False,0,7691.973,45.0
5214.697499999999,786.2985911528059,-2655.103163351901,232.0,5,100.0,False,0,7692.054,45.0
5228.971468952479,699.0,-2537.0,234.34642925714286,5,100.0,False,0,7692.273,45.0
5232.975277777778,662.9895024855903,-2488.2231299677264,235.0,6,100.0,False,0,7692.334,45.0
5244.796747379935,550.0,-2335.0,236.91785782857144,6,100.0,False,0,7692.513,45.0
5251.4863888888885,510.87356313633063,-2281.734123770285,238.0,6,100.0,False,0,7692.614,45.0
5270.008417298722,456.0,-2207.0,238.9964278857143,6,100.0,False,0,7692.893,45.0
5270.075277777778,455.71871123289293,-2206.62269922671,239.0,6,100.0,False,0,7692.893999999999,45.0
5284.819788006552,377.0,-2102.0,241.19000064,6,100.0,False,0,7693.112999999999,45.0
5297.075277777778,302.7736955902176,-2005.575658352827,243.0,6,100.0,False,0,7693.294,45.0
5301.06904156582,278.0,-1974.0,243.29500032,6,100.0,False,0,7693.353,45.0
5310.630833333334,218.34956838267158,-1899.266893432181,244.0,6,100.0,False,0,7693.494,45.0
5313.287881394169,202.0,-1879.0,244.19499904,6,100.0,False,0,7693.532999999999,45.0
5324.241944444444,133.8641760552035,-1795.6204486741906,245.0,6,100.0,False,0,7693.6939999999995,45.0
5325.518601382959,125.0,-1785.0,244.49999831578947,6,97.49999157894737,False,0,7693.713,45.0
5371.741944444444,-296.4264692832231,-1305.3238188968235,225.0,6,0.0,True,0,7694.454,45.0
5372.760075240223,-302.0,-1299.0,223.0645285605358,6,0.0,True,0,7694.472,45.0
5386.854444444444,-355.0948894662648,-1238.4608610043158,195.0,5,0.0,True,0,7694.733,45.0
5387.872642293745,-360.0,-1233.0,192.7499712,5,0.0,True,0,7694.753,45.0
5394.721111111111,-403.6767401902615,-1184.9861543360325,177.0,5,0.0,True,0,7694.893,45.0
5401.8710098136435,-460.0,-1125.0,166.5327165411789,5,0.0,True,0,7695.053,45.0
5408.631111111111,-509.5570658788714,-1076.6523361702773,156.0,3,0.0,True,0,7695.214,45.0
5409.420513512483,-516.0,-1071.0,155.14499712,3,0.0,True,0,7695.233,45.0
5416.797777777777,-587.0641826808741,-1015.3003537604859,147.0,3,0.0,True,0,7695.414,45.0
5419.8716526338085,-616.0,-995.0,143.0500096,3,0.0,True,0,7695.4929999999995,45.0
5424.408888888888,-652.233379557165,-972.3962495060624,137.0,2,0.0,True,0,7695.614,45.0
5430.142222222222,-690.7730525015655,-954.2073532900753,129.0,2,0.0,True,0,7695.773999999999,45.0
5432.863629920525,-713.0,-945.0,127.0250048,2,0.0,True,0,7695.853,45.0
5436.205178790719,-745.0,-933.0,124.5249984,2,0.0,True,0,7695.9529999999995,45.0
5442.142222222222,-812.8009987922825,-918.4619340273471,120.0,2,0.0,True,0,7696.134,45.0
5447.342222222222,-871.8299252398026,-912.4233754601936,117.0,2,0.0,True,0,7696.294,45.0
5447.942553072959,-878.0,-912.0,116.45714102857143,2,0.0,True,0,7696.313,45.0
5455.82,-946.0623008890183,-912.6291518286567,109.0,2,0.0,False,0,7696.574,45.0
5459.907209270381,-981.0,-919.0,107.0142848,2,0.4964288,False,0,7696.713,45.0
5463.384562184994,-1014.0,-928.0,105.29999908571429,2,0.9250002285714286,False,0,7696.833,45.0
5463.986666666667,-1019.636336917132,-929.7413882693197,105.0,2,1.0,False,0,7696.853999999999,45.0
5467.925113098345,-1057.0,-944.0,103.2624992,2,6.2125024,False,0,7696.9929999999995,45.0
5470.786666666667,-1088.9793294394337,-961.667113730387,102.0,2,10.0,False,0,7697.094,45.0
5478.8464032189495,-1179.0,-1024.0,103.99285577142857,2,26.939274057142857,False,0,7697.373,45.0
5478.875555555555,-1179.2274706613139,-1024.1653431887216,104.0,2,27.0,False,0,7697.374,45.0
5487.197777777777,-1220.57908574448,-1056.0409671015395,107.0,2,41.0,False,0,7697.6539999999995,45.0
5489.051885688212,-1232.0,-1065.0,108.6593768,2,40.4468744,False,0,7697.713,45.0
5493.607498421301,-1267.0,-1092.0,112.5968696,2,39.1343768,False,0,7697.853,45.0
5497.508888888889,-1295.760115252895,-1113.1947748030518,116.0,2,38.0,False,0,7697.974,45.0
5504.276315739481,-1360.0,-1146.0,112.71499904,2,17.194993919999998,False,0,7698.192999999999,45.0
5509.09886296378,-1434.0,-1168.0,110.31499904,2,1.9949939199999989,False,0,7698.353,45.0
5509.731111111111,-1442.3211735326363,-1170.1095028125708,110.0,2,0.0,False,0,7698.374,45.0
5521.731111111111,-1529.9319168115921,-1170.9936152311427,108.0,2,5.0,False,0,7698.773999999999,45.0
5523.490004236977,-1548.0,-1167.0,108.0,2,5.0,False,0,7698.833,45.0
5528.900401289162,-1619.0,-1150.0,108.0,2,5.0,False,0,7699.013,45.0
5528.931111111111,-1619.3995103800617,-1149.886039330142,108.0,2,5.0,False,0,7699.014,45.0
5540.381416429467,-1740.0,-1103.0,114.28249664,2,32.822485119999996,False,0,7699.373,45.0
5541.708888888888,-1749.0505493672733,-1098.935690043384,115.0,2,36.0,False,0,7699.414,45.0
5550.7901111449555,-1798.0,-1072.0,117.78999808,2,45.06749376,False,0,7699.692999999999,45.0
5554.931111111111,-1831.553506270219,-1048.4760992648812,119.0,2,49.0,False,0,7699.813999999999,45.0
5562.153143096082,-1897.0,-996.0,127.29165866666666,2,55.633326933333336,False,0,7700.013,45.0
5568.331111111111,-1944.38977925899,-947.883521350227,134.0,2,61.0,False,0,7700.174,45.0
5578.830784127338,-2006.0,-874.0,142.24091112727274,2,66.29772858181818,False,0,7700.433,45.0
5586.419999999999,-2035.0734313475582,-839.1030178543656,148.0,3,70.0,False,0,7700.614,45.0
5594.975555555555,-2069.357024826891,-795.0572481900424,154.0,3,70.0,False,0,7700.813999999999,45.0
5596.647596362251,-2079.0,-782.0,155.51999488,3,71.13999616,False,0,7700.852,45.0
5603.975555555555,-2129.0561655881447,-711.8177828774433,162.0,3,76.0,False,0,7701.014,45.0
5605.742654276384,-2140.0,-695.0,163.8999936,3,77.6624944,False,0,7701.052,45.0
5611.5311111111105,-2169.0779964569774,-644.3145351816773,170.0,3,83.0,False,0,7701.174,45.0
5618.306755504656,-2196.0,-587.0,174.07113485212506,3,85.3263627726429,False,0,7701.313,45.0
5623.281944444444,-2215.023956781262,-541.8137853115053,177.0,3,87.0,False,0,7701.413,45.0
5632.445358773599,-2247.0,-456.0,182.97510747211356,3,96.70954964218451,False,0,7701.593,45.0
5635.666666666666,-2256.4972364695122,-427.28975569917924,185.0,4,100.0,False,0,7701.6539999999995,45.0
5643.285050983501,-2276.0,-356.0,192.3843784,4,100.0,False,0,7701.793,45.0
5653.622222222221,-2298.543872119103,-227.5703490501754,202.0,4,100.0,False,0,7701.974,45.0
5661.725530763251,-2310.0,-123.0,206.24722417777778,4,99.61388871111112,False,0,7702.112999999999,45.0
5674.9222222222215,-2312.4563558706495,21.625402938871012,213.0,5,99.0,False,0,7702.334,45.0
5685.918228375624,-2308.0,115.0,219.7125024,5,99.7458336,False,0,7702.513,45.0
5689.722222222222,-2306.483916573735,141.2276366332885,222.0,5,100.0,False,0,7702.574,45.0
5710.013403916413,-2280.0,289.0,228.9781208,5,100.0,False,0,7702.893,45.0
5710.077777777777,-2279.7791666800535,289.7634598875626,229.0,5,100.0,False,0,7702.893999999999,45.0
5725.677777777777,-2207.2761376704343,510.7752117223871,234.0,6,100.0,False,0,7703.134,45.0
5726.933308039788,-2202.0,525.0,234.7125024,6,100.0,False,0,7703.152999999999,45.0
5736.344444444443,-2169.991311417315,600.2241718387502,240.0,6,100.0,False,0,7703.294,45.0
5747.073069028678,-2132.0,667.0,242.38499712,6,100.0,False,0,7703.4529999999995,45.0
5749.844444444443,-2118.619122520716,689.9480256807306,243.0,6,100.0,False,0,7703.494,45.0
5760.620445381227,-2062.0,784.0,243.9937488,6,100.0,False,0,7703.652999999999,45.0
5760.688888888887,-2061.701123488024,784.4649719969256,244.0,6,100.0,False,0,7703.6539999999995,45.0
5770.309019295514,-2023.0,840.0,247.4750016,6,100.0,False,0,7703.793,45.0
5780.211111111109,-1956.2607336173812,933.0318531467252,251.0,6,100.0,False,0,7703.933999999999,45.0
5791.544444444442,-1859.5680780891846,1067.8640952521876,255.0,6,100.0,False,0,7704.094,45.0
5797.211378428783,-1825.0,1116.0,256.69285302857145,6,100.0,False,0,7704.173,45.0
5811.844444444442,-1771.5851994520071,1189.5257152952483,261.0,6,100.0,False,0,7704.374,45.0
5813.241073821237,-1766.0,1197.0,261.4156264,6,100.0,False,0,7704.393,45.0
5813.756168517376,-1763.8573491835261,1199.8591241167449,261.5687472,6,100.0,False,0,7704.4,45.0
0.040251766165501884,-1762.6888691077884,1201.4355278781593,261.5687472,6,100.0,False,0,7704.4,46.0
21.86233379944872,-1632.0,1372.0,267.9781208,6,100.0,False,0,7704.692999999999,46.0
21.93722222222222,-1631.5803745029127,1372.5316789380076,268.0,6,100.0,False,0,7704.6939999999995,46.0
36.992777777777775,-1547.3891573738356,1477.3626418687763,271.0,7,100.0,False,0,7704.893999999999,46.0
43.01752719487617,-1501.0,1536.0,272.69285302857145,7,100.0,False,0,7704.973,46.0
58.53722222222222,-1344.921121348463,1737.122220886808,277.0,7,100.0,False,0,7705.174,46.0
60.01423680723607,-1332.0,1754.0,277.2590917818182,7,100.0,False,0,7705.192999999999,46.0
93.04670650788539,-1175.0,1969.0,282.9863610181818,7,100.0,False,0,7705.612999999999,46.0
93.1261111111111,-1174.6791704081259,1969.44821261632,283.0,7,100.0,False,0,7705.614,46.0
118.62215064341297,-1054.0,2136.0,287.4305528888889,7,100.0,False,0,7705.933,46.0
121.92611111111111,-1034.993861494727,2162.015322597106,288.0,7,100.0,False,0,7705.973999999999,46.0
128.31038449192445,-997.0,2214.0,288.9874976,7,100.0,False,0,7706.053,46.0
146.17575041748756,-893.0,2357.0,291.7375008,7,100.0,False,0,7706.272999999999,46.0
147.88166666666666,-883.0381237141696,2370.743636684215,292.0,7,100.0,False,0,7706.294,46.0
167.415,-768.1243047738099,2529.448038331961,293.0,7,100.0,False,0,7706.534,46.0
168.9727075980987,-759.0,2542.0,293.2714294857143,7,100.0,False,0,7706.553,46.0
188.78165866352552,-644.0,2701.0,296.70000091428574,7,100.0,False,0,7706.793,46.0
190.51500000000001,-634.0196862945763,2715.229652726985,297.0,7,100.0,False,0,7706.813999999999,46.0
203.6178452278743,-560.0,2823.0,297.0,7,100.0,False,0,7706.973,46.0
210.315,-524.7394622413742,2874.7342984839433,297.0,7,100.0,False,0,7707.054,46.0
221.88031971220857,-457.0,2975.0,298.39000064,7,100.0,False,0,7707.192999999999,46.0
240.2351076489556,-309.0,3197.0,300.57999872,7,100.0,False,0,7707.411999999999,46.0
243.75944444444443,-287.02324828391437,3230.0729313523634,301.0,7,100.0,False,0,7707.454,46.0
260.5372222222222,-223.72423065972245,3325.5123942240443,302.0,7,100.0,False,0,7707.6539999999995,46.0
270.47597165486764,-188.0,3378.0,301.2562512,7,100.0,False,0,7707.772999999999,46.0
287.20388888888886,-104.49231825498514,3497.4692709793617,300.0,7,100.0,False,0,7707.973999999999,46.0
295.4368577859719,-43.0,3582.0,299.58749973333335,7,100.0,False,0,7708.072999999999,46.0
307.1372222222222,72.49915129424096,3736.913654963733,299.0,7,100.0,False,0,7708.214,46.0
312.0153362687292,121.0,3801.0,298.71451581935486,7,99.80967721290322,False,0,7708.272999999999,46.0
398.25585529864736,666.0,4329.0,293.5854848,7,96.3903232,False,0,7709.333,46.0
408.0594444444444,751.5763290658527,4373.073058955049,293.0,7,96.0,False,0,7709.454,46.0
422.56408650027373,883.0,4433.0,291.7214281142857,7,94.08214217142857,False,0,7709.633,46.0
430.6927777777777,949.9376817959723,4458.077947855163,291.0,7,93.0,False,0,7709.7339999999995,46.0
441.7695011451871,1071.0,4486.0,288.3937488,7,95.6062512,False,0,7709.873,46.0
455.9477556005709,1325.0,4517.0,285.0187536,7,98.9812464,False,0,7710.053,46.0
456.02611111111105,1326.2169158454888,4517.121264656897,285.0,7,99.0,False,0,7710.054,46.0
490.0490419541965,1577.0,4518.0,279.0136389818182,7,99.99772683636364,False,0,7710.4929999999995,46.0
490.1261111111111,1577.5801447327663,4517.961701596864,279.0,7,100.0,False,0,7710.494,46.0
508.5112624963325,1747.0,4507.0,277.80500096,7,100.0,False,0,7710.732999999999,46.0
520.9038888888888,1861.824310484131,4493.131769550604,277.0,7,100.0,False,0,7710.893999999999,46.0
534.7193074362381,2008.0,4473.0,277.4972224,7,100.0,False,0,7711.072999999999,46.0
548.7038888888889,2202.1443537277887,4451.109649026579,278.0,7,100.0,False,0,7711.254,46.0
554.804307426709,2283.0,4444.0,278.0,7,100.0,False,0,7711.333,46.0
567.2372222222222,2419.6727388895697,4437.398820679777,278.0,7,100.0,False,0,7711.494,46.0
579.5927777777777,2525.815221919531,4439.084987454099,278.0,7,100.0,False,0,7711.6539999999995,46.0
585.6628126863463,2574.0,4441.0,277.21000192,7,100.0,False,0,7711.732999999999,46.0
594.926111111111,2642.894705048774,4445.173384368556,276.0,7,100.0,False,0,7711.853999999999,46.0
613.1827053524106,2783.0,4464.0,275.14642925714287,7,100.0,False,0,7712.093,46.0
616.3149999999999,2811.9193372671825,4469.891767309654,275.0,7,100.0,False,0,7712.134,46.0
626.9355566599099,2917.0,4495.0,275.0,7,100.0,False,0,7712.272999999999,46.0
628.5372222222222,2932.7666929988895,4499.266798316268,275.0,7,100.0,False,0,7712.294,46.0
643.657509946806,3078.0,4546.0,274.00500096,7,100.0,False,0,7712.4929999999995,46.0
658.8705555555556,3216.7314149375206,4607.44520038522,273.0,7,100.0,False,0,7712.6939999999995,46.0
661.8208637176433,3243.0,4621.0,272.8607149714286,7,100.0,False,0,7712.732999999999,46.0
673.9169944382949,3348.0,4681.0,272.2892864,7,100.0,False,0,7712.893,46.0
680.026111111111,3397.4622003134623,4712.062311128009,272.0,7,100.0,False,0,7712.973999999999,46.0
688.9783885465478,3474.0,4766.0,271.4590917818182,7,100.0,False,0,7713.093,46.0
711.4549301392757,3706.0,4961.0,270.0954542545455,7,100.0,False,0,7713.393,46.0
713.026111111111,3716.234944909658,4970.257407241395,270.0,7,100.0,False,0,7713.414,46.0
724.9816666666666,3762.5396929755057,5015.91637225426,269.0,7,100.0,False,0,7713.574,46.0
729.373496911814,3782.0,5036.0,268.40999936,7,100.0,False,0,7713.633,46.0
739.8149999999999,3850.7519412100596,5105.879711127058,267.0,7,100.0,False,0,7713.773999999999,46.0
751.4021441790836,3940.0,5196.0,264.0375024,7,100.0,False,0,7713.932,46.0
751.5483333333333,3941.0244551558617,5197.034455550376,264.0,7,100.0,False,0,7713.933999999999,46.0
760.152249181441,4002.0,5258.0,261.64000256,7,100.0,False,0,7714.052,46.0
765.9927777777776,4059.4022868318943,5313.177206250408,260.0,7,100.0,False,0,7714.134,46.0
779.3832086904631,4215.0,5459.0,243.41668266666667,7,17.08341333333334,False,0,7714.333,46.0
781.9927777777776,4236.5717272832135,5479.054190849674,240.0,7,0.0,True,0,7714.374,46.0
801.5937078717367,4321.0,5554.0,213.16249493333333,7,0.0,True,0,7714.713,46.0
808.926111111111,4377.843742838185,5602.50445531933,202.0,6,0.0,True,0,7714.853999999999,46.0
813.8339469182481,4427.0,5644.0,193.74999466666668,6,0.0,True,0,7714.9529999999995,46.0
826.126111111111,4572.579557913153,5763.714623285469,172.0,4,0.0,True,0,7715.214,46.0
828.8770828420139,4600.0,5785.0,169.93499776,4,0.0,True,0,7715.272999999999,46.0
835.2927777777776,4650.522423787545,5821.096165150779,165.0,3,0.0,True,0,7715.414,46.0
841.9594444444442,4689.888531413047,5843.669366340502,150.0,3,0.0,True,0,7715.574,46.0
844.3291951162599,4704.0,5851.0,147.63999744,3,0.0,True,0,7715.633,46.0
849.8483333333331,4737.481415865849,5866.92315912419,142.0,3,0.0,True,0,7715.773999999999,46.0
856.5653369306062,4786.0,5884.0,136.0333312,3,0.0,True,0,7715.9529999999995,46.0
858.7816666666665,4806.097924399195,5889.049822915955,134.0,2,0.0,True,0,7716.013999999999,46.0
863.6961625565181,4856.0,5898.0,129.36666453333333,2,0.0,True,0,7716.152999999999,46.0
867.1816666666665,4891.916162648871,5900.693663417194,126.0,2,0.0,True,0,7716.254,46.0
871.8914816702023,4940.0,5900.0,122.5249984,2,0.0,True,0,7716.393,46.0
873.9038888888888,4960.393703207004,5898.560938393242,121.0,2,0.0,True,0,7716.454,46.0
879.5690618633994,5018.0,5890.0,116.5249984,2,0.0,True,0,7716.633,46.0
885.0733625046911,5073.0,5874.0,112.0250048,2,0.0,True,0,7716.812999999999,46.0
885.1038888888887,5073.293271946353,5873.892647664477,112.0,2,0.0,True,0,7716.813999999999,46.0
891.1594444444443,5128.812377900743,5848.67041427989,109.0,2,0.0,False,0,7717.013999999999,46.0
892.897134621173,5144.0,5840.0,107.770832,2,0.0,False,0,7717.072999999999,46.0
896.3562204821524,5174.0,5820.0,105.270832,2,0.0,False,0,7717.192999999999,46.0
898.0927777777775,5190.399345908407,5806.985992163755,104.0,2,0.0,False,0,7717.254,46.0
904.783745490796,5253.0,5748.0,101.61000192,2,1.7924985599999999,False,0,7717.4929999999995,46.0
909.2038888888886,5273.689650232527,5723.495272730657,100.0,2,3.0,False,0,7717.6539999999995,46.0
912.431348345345,5286.0,5704.0,99.15000137142857,2,10.649987657142859,False,0,7717.772999999999,46.0
916.8261111111109,5307.5568420952495,5665.790288305862,98.0,2,21.0,False,0,7717.933999999999,46.0
917.3547334335519,5310.0,5661.0,98.26388977777778,2,21.73889137777778,False,0,7717.9529999999995,46.0
923.6236117864808,5334.0,5605.0,101.31944177777778,2,30.294436977777778,False,0,7718.173,46.0
927.1261111111108,5345.075451378691,5572.605240552335,103.0,2,35.0,False,0,7718.294,46.0
933.553650387605,5362.0,5511.0,105.7375008,2,43.2125024,False,0,7718.513,46.0
934.1927777777776,5363.423424913477,5504.937478018619,106.0,2,44.0,False,0,7718.534,46.0
939.8575231201303,5374.0,5452.0,110.972224,2,48.4750016,False,0,7718.713,46.0
945.7927777777776,5381.37021999562,5395.462590813557,116.0,2,53.0,False,0,7718.893999999999,46.0
948.3888248467451,5384.0,5370.0,117.4812464,2,53.9874976,False,0,7718.973,46.0
951.0816666666665,5386.510721584005,5343.471757313507,119.0,2,55.0,False,0,7719.054,46.0
955.1481152380684,5390.0,5303.0,122.56999424,2,60.9499904,False,0,7719.173,46.0
958.0261111111109,5392.368963179519,5273.768481850326,125.0,2,65.0,False,0,7719.254,46.0
962.4541952666793,5396.0,5232.0,129.24999314285714,2,43.750034285714285,False,0,7719.373,46.0
968.489435161945,5402.0,5184.0,134.96427885714286,2,15.178605714285709,False,0,7719.532999999999,46.0
968.5261111111109,5402.04834049109,5183.678252692494,135.0,2,15.0,False,0,7719.534,46.0
975.5495910444454,5415.0,5113.0,127.5375072,2,2.562512,False,0,7719.732999999999,46.0
976.9261111111109,5418.477887541678,5098.889730170043,126.0,2,0.0,True,0,7719.773999999999,46.0
980.781758241902,5430.0,5060.0,121.83500672,2,0.0,True,0,7719.893,46.0
989.3705555555553,5464.368870065472,4976.618812997773,112.0,2,0.0,True,0,7720.174,46.0
990.5602717878357,5470.0,4966.0,111.2687536,2,0.0,True,0,7720.213,46.0
994.2149999999997,5488.848856662263,4934.549526841747,109.0,1,0.0,True,0,7720.334,46.0
996.5065565528876,5502.0,4915.0,106.74286262857143,1,0.0,True,0,7720.413,46.0
1000.9218150874638,5530.0,4878.0,102.20000365714286,1,0.0,True,0,7720.571999999999,46.0
1002.0705555555552,5537.736173274388,4869.092562666151,101.0,1,0.0,True,0,7720.614,46.0
1005.7989956649815,5564.0,4842.0,97.5500032,1,0.0,True,0,7720.7519999999995,46.0
1006.3816666666663,5568.268745668439,4837.81875269949,97.0,1,0.0,True,0,7720.773999999999,46.0
1011.9726416613977,5612.0,4799.0,93.34999893333334,1,0.0,True,0,7720.9929999999995,46.0
1013.9644948257148,5629.0,4787.0,92.0166656,1,0.0,True,0,7721.072999999999,46.0
1015.4816666666663,5643.842058282487,4777.745290178932,91.0,1,0.0,True,0,7721.134,46.0
1019.461944444444,5690.594519407711,4752.770306387363,89.0,1,0.0,True,0,7721.295,46.0
1022.2981440614057,5721.0,4739.0,87.23000192,1,0.0,True,0,7721.413,46.0
1024.2397222222219,5738.041466069468,4732.695872545675,86.0,1,0.0,False,0,7721.495,46.0
1031.6598685749059,5789.0,4730.0,84.00627079498015,1,4.9843230125496145,False,0,7721.812999999999,46.0
1031.6830555555553,5789.1948236024045,4730.030457880754,84.0,1,5.0,False,0,7721.813999999999,46.0
1035.3719444444441,5824.0109496895875,4737.733113166574,83.0,1,4.0,False,0,7721.973999999999,46.0
1036.7075432727033,5837.0,4742.0,82.6312496,1,5.843752,False,0,7722.032999999999,46.0
1038.935166746355,5858.0,4751.0,82.0062512,1,8.968744000000001,False,0,7722.133,46.0
1045.109423303536,5912.0,4787.0,80.2562512,1,17.718744,False,0,7722.413,46.0
1046.0386111111106,5919.447548157254,4793.096595423258,80.0,1,19.0,False,0,7722.454,46.0
1049.244962983064,5944.0,4815.0,82.31666773333333,1,23.633335466666665,False,0,7722.593,46.0
1051.6386111111108,5961.32086296298,4832.106123527006,84.0,1,27.0,False,0,7722.6939999999995,46.0
1053.0646084674731,5971.0,4842.0,85.18000128,1,29.9500032,False,0,7722.753,46.0
1056.5274999999997,5992.366003399354,4864.2712657587845,88.0,1,37.0,False,0,7722.893999999999,46.0
1059.4588258820968,6014.0,4890.0,88.99166506666667,1,42.9499904,False,0,7723.013,46.0
1062.5274999999997,6043.567536436336,4929.0762149689535,90.0,1,49.0,False,0,7723.134,46.0
1064.6251454939681,6061.0,4953.0,93.15999232,1,50.18499712,False,0,7723.213,46.0
1067.971944444444,6078.200257166381,4977.669917948542,98.0,1,52.0,False,0,7723.334,46.0
1074.4046967087374,6097.0,5010.0,105.03928777142858,1,54.34642925714286,False,0,7723.553,46.0
1076.2941666666661,6105.1279471903745,5024.4781167691,107.0,1,55.0,False,0,7723.614,46.0
1080.1106314072827,6123.0,5057.0,111.05681163636363,1,58.51590341818182,False,0,7723.732999999999,46.0
1087.6028386341648,6154.0,5121.0,118.55682036363636,1,65.01591098181818,False,0,7723.9529999999995,46.0
1091.2052777777772,6171.749464015846,5164.69813212704,122.0,2,68.0,False,0,7724.054,46.0
1100.2052777777772,6216.219794659165,5284.580099141956,135.0,2,74.0,False,0,7724.294,46.0
1101.7462236775623,6221.0,5298.0,136.81070537142858,2,74.41785508571428,False,0,7724.333,46.0
1111.7163888888883,6235.75297783946,5344.577075930645,148.0,2,77.0,False,0,7724.574,46.0
1114.2323613496092,6240.0,5360.0,150.10714514285715,2,80.37143222857142,False,0,7724.633,46.0
1124.0052777777773,6264.74170929029,5451.326379910662,158.0,3,93.0,False,0,7724.853999999999,46.0
1124.8871584049366,6267.0,5460.0,158.9500032,3,93.33250112,False,0,7724.873,46.0
1133.5968633749178,6287.0,5541.0,167.9499904,3,96.48249664,False,0,7725.053,46.0
1142.7095973559144,6304.0,5626.0,176.9500032,3,99.63250112,False,0,7725.232999999999,46.0
1143.783055555555,6306.402564497244,5640.596900554334,178.0,4,100.0,False,0,7725.254,46.0
1152.094166666666,6326.272348947455,5778.247420223618,187.0,4,100.0,False,0,7725.414,46.0
1153.1148502987653,6328.0,5793.0,187.89722524444446,4,100.0,False,0,7725.433,46.0
1171.2861875991362,6332.0,5965.0,203.00833635555554,4,100.0,False,0,7725.753,46.0
1172.494166666666,6331.3851313503155,5976.14796521879,204.0,4,100.0,False,0,7725.773999999999,46.0
1181.7386111111105,6324.531302216443,6068.193888445307,208.0,5,100.0,False,0,7725.933999999999,46.0
1185.2469908634437,6321.0,6103.0,210.13055786666666,5,100.0,False,0,7725.9929999999995,46.0
1192.5894523183042,6312.0,6173.0,214.4638912,5,100.0,False,0,7726.112999999999,46.0
1202.5374324809109,6294.0,6265.0,220.24166897777778,5,100.0,False,0,7726.272999999999,46.0
1203.8386111111104,6290.690525572164,6278.451895653962,221.0,5,100.0,False,0,7726.294,46.0
1218.7719444444438,6238.410199494266,6452.4890454202805,224.0,5,100.0,False,0,7726.534,46.0
1222.556066891213,6225.0,6490.0,226.7041696,5,100.0,False,0,7726.593,46.0
1234.4386111111103,6186.545600649646,6579.37917097735,235.0,5,100.0,False,0,7726.773999999999,46.0
1245.0179471422398,6146.0,6654.0,237.9812464,5,100.0,False,0,7726.933,46.0
1255.8608333333325,6090.804065801566,6747.880605183369,241.0,6,100.0,False,0,7727.094,46.0
1259.802832609175,6070.0,6781.0,242.4499968,6,100.0,False,0,7727.152,46.0
1269.527499999999,6019.237170324473,6855.080968015746,246.0,6,100.0,False,0,7727.294,46.0
1274.906850539929,5982.0,6902.0,247.16999808,6,100.0,False,0,7727.371999999999,46.0
1283.3608333333325,5902.261559565447,6993.350620123038,249.0,6,100.0,False,0,7727.494,46.0
1288.8498884687556,5853.0,7047.0,249.9874976,6,100.0,False,0,7727.572999999999,46.0
1294.516388888888,5814.090488249687,7087.360311911962,251.0,6,100.0,False,0,7727.6539999999995,46.0
1311.7211111111103,5730.610553365227,7159.800423357381,257.0,6,100.0,False,0,7727.8949999999995,46.0
1313.0177215740482,5722.0,7167.0,257.30000213333335,6,100.0,False,0,7727.913,46.0
1327.512821549695,5604.0,7265.0,260.63333546666667,6,100.0,False,0,7728.112999999999,46.0
1329.1211111111102,5590.860116088901,7275.580453822495,261.0,6,100.0,False,0,7728.134999999999,46.0
1343.7295977561002,5477.0,7364.0,265.14225562717843,6,100.0,False,0,7728.333,46.0
1346.7805555555547,5453.147498922809,7382.197478668669,266.0,6,100.0,False,0,7728.374,46.0
1361.7805555555547,5334.142718996553,7472.5123943432145,270.0,7,100.0,False,0,7728.574,46.0
1367.7602219531545,5287.0,7509.0,271.1285686857143,7,100.0,False,0,7728.652999999999,46.0
1383.0150910204643,5168.0,7604.0,273.98571154285713,7,100.0,False,0,7728.853,46.0
1383.0916666666658,5167.401075503819,7604.489792682449,274.0,7,100.0,False,0,7728.853999999999,46.0
1396.8533401914265,5062.0,7692.0,276.68500096,7,100.0,False,0,7729.032999999999,46.0
1398.4805555555547,5050.619217975118,7701.463492018043,277.0,7,100.0,False,0,7729.054,46.0
1409.332635798461,4972.0,7767.0,279.89583466666664,7,100.0,False,0,7729.192999999999,46.0
1417.2805555555547,4887.866020504853,7838.248020842908,282.0,7,100.0,False,0,7729.294,46.0
1428.2768202878838,4765.0,7943.0,283.7375008,7,100.0,False,0,7729.433,46.0
1442.7027777777769,4672.997564995238,8021.952702682513,286.0,7,100.0,False,0,7729.614,46.0
1460.32587771654,4595.0,8089.0,289.1285723428571,7,100.0,False,0,7729.833,46.0
1465.2583333333325,4563.415109413392,8115.874910023611,290.0,7,100.0,False,0,7729.893999999999,46.0
1478.1511946292612,4460.0,8204.0,291.58999808,7,100.0,False,0,7730.053,46.0
1481.4805555555547,4428.182742982601,8231.342544774412,292.0,7,100.0,False,0,7730.094,46.0
1494.4209705875583,4300.0,8342.0,292.9937488,7,100.0,False,0,7730.253,46.0
1494.5027777777768,4299.303735857276,8342.600982193233,293.0,7,100.0,False,0,7730.254,46.0
1520.902777777777,4138.419358337495,8480.94673597408,297.0,7,100.0,False,0,7730.574,46.0
1525.7682111626968,4101.0,8513.0,297.0,7,100.0,False,0,7730.633,46.0
1534.102777777777,4022.946167069706,8579.830580091575,297.0,7,100.0,False,0,7730.7339999999995,46.0
1545.650843736399,3912.0,8675.0,298.3031256,7,100.0,False,0,7730.873,46.0
1560.7694444444437,3818.576676976819,8756.036255203793,300.0,7,100.0,False,0,7731.054,46.0
1574.1472222222214,3739.6410797407098,8825.62951972299,301.0,7,100.0,False,0,7731.214,46.0
1577.413126544223,3712.0,8850.0,301.1218744,7,100.0,False,0,7731.253,46.0
1599.229255110266,3485.0,9050.0,301.9343752,7,100.0,False,0,7731.513,46.0
1600.9916666666659,3471.471444240926,9061.879050638887,302.0,7,100.0,False,0,7731.534,46.0
1624.3973573550231,3359.0,9160.0,302.0,7,100.0,False,0,7731.812999999999,46.0
1634.5472222222213,3288.007452774402,9222.281530799417,302.0,7,100.0,False,0,7731.933999999999,46.0
1646.20826395231,3195.0,9304.0,302.0,7,100.0,False,0,7732.072999999999,46.0
1664.6648854476034,3056.0,9426.0,302.0,7,100.0,False,0,7732.293,46.0
1671.4583333333326,2996.034503149671,9478.62347653791,302.0,7,100.0,False,0,7732.374,46.0
1686.4668867976432,2854.0,9603.0,302.0,7,100.0,False,0,7732.553,46.0
1698.302777777777,2753.8949794209084,9689.94406523095,302.0,7,100.0,False,0,7732.6939999999995,46.0
1721.7843676843406,2587.0,9834.0,302.8718744,7,100.0,False,0,7732.973,46.0
1725.2361111111104,2565.4153918929196,9852.734212293488,303.0,7,100.0,False,0,7733.013999999999,46.0
1750.4011965855339,2410.0,9989.0,303.0,7,100.0,False,0,7733.312999999999,46.0
1752.1694444444438,2396.6465636537723,10000.81571133675,303.0,7,100.0,False,0,7733.334,46.0
1769.002777777777,2252.8045868002428,10128.685416260056,303.0,7,100.0,False,0,7733.534,46.0
1775.626530261242,2200.0,10176.0,302.5062512,7,100.0,False,0,7733.612999999999,46.0
1782.4249999999993,2151.8932574246464,10219.400921647148,302.0,7,100.0,False,0,7733.6939999999995,46.0
1789.0036406265376,2107.0,10260.0,302.0,7,100.0,False,0,7733.772,46.0
1799.202777777777,2031.3621486536586,10328.16297120348,302.0,7,100.0,False,0,7733.893999999999,46.0
1808.7920777894537,1958.0,10394.0,294.77501165714284,7,57.50006857142857,False,0,7734.013,46.0
1819.7401048295237,1878.0,10465.0,286.2749961142857,7,7.499977142857134,False,0,7734.152999999999,46.0
1821.3694444444438,1865.431347456235,10475.909262894522,285.0,7,0.0,True,0,7734.174,46.0
1833.591666666666,1764.831688080595,10561.063621653353,275.0,7,0.0,True,0,7734.334,46.0
1836.458505812117,1742.0,10580.0,271.119420853945,7,0.0,True,0,7734.373,46.0
1847.829166666666,1656.8627768778442,10648.81326462376,255.0,7,0.0,True,0,7734.535,46.0
1850.3804242654685,1636.0,10665.0,251.60715428571427,7,0.0,True,0,7734.572999999999,46.0
1860.6657597888238,1541.0,10735.0,237.32144,7,0.0,True,0,7734.732999999999,46.0
1865.7180555555547,1494.9862649194627,10764.96225760029,230.0,6,0.0,True,0,7734.815,46.0
1875.0897649013427,1412.0,10812.0,221.0022865053614,6,0.0,True,0,7734.973,46.0
1888.5036479954395,1289.0,10872.0,207.33486252976948,6,0.0,True,0,7735.213,46.0
1890.7166666666658,1268.6464279793342,10880.493811209792,205.0,4,0.0,True,0,7735.254,46.0
1897.013120553604,1204.0,10903.0,197.9343864,4,0.0,True,0,7735.373,46.0
1907.249999999999,1043.149388022386,10938.657835217355,186.0,4,0.0,True,0,7735.574,46.0
1911.1510477280326,997.0,10947.0,183.531256,4,0.0,True,0,7735.652999999999,46.0
1922.598268713358,946.0,10949.0,176.031256,4,0.0,True,0,7735.893,46.0
1930.049999999999,866.5467813361518,10949.250143801766,171.0,3,0.0,True,0,7736.054,46.0
1931.8332664072352,846.0,10949.0,170.0250048,3,0.1083328,True,0,7736.093,46.0
1942.638868339004,737.0,10941.0,164.0250048,3,0.7749994666666667,True,0,7736.333,46.0
1946.249999999999,703.1994031757905,10934.888706681344,162.0,3,1.0,False,0,7736.414,46.0
1953.3014909114067,638.0,10917.0,160.0125024,3,4.9749952,False,0,7736.572999999999,46.0
1956.8499999999988,604.19266188752,10904.513661541414,159.0,3,7.0,False,0,7736.6539999999995,46.0
1962.845163224952,547.0,10879.0,157.10454458181817,3,10.475001599999999,False,0,7736.793,46.0
1973.8259177382697,453.0,10823.0,153.55909352727272,3,16.974995200000002,False,0,7737.053,46.0
1975.549999999999,440.06220985845204,10812.8521182074,153.0,3,18.0,False,0,7737.094,46.0
1982.2239717826296,394.0,10769.0,151.8642870857143,3,25.9499904,False,0,7737.253,46.0
1987.2944444444433,361.21273269240385,10729.211346005115,151.0,3,32.0,False,0,7737.374,46.0
1993.114460038832,327.0,10680.0,151.0,3,38.370836266666664,False,0,7737.513,46.0
1997.3611111111102,305.4241189941423,10644.524580407948,151.0,3,43.0,False,0,7737.614,46.0
2000.7026186446994,288.0,10612.0,151.65833173333334,3,44.31666346666667,False,0,7737.692999999999,46.0
2007.5611111111102,246.44185084881468,10523.363720088735,153.0,3,47.0,False,0,7737.853999999999,46.0
2010.9460857655206,229.0,10479.0,153.78999808,3,48.18499712,False,0,7737.933,46.0
2016.1722222222215,210.87179238947783,10418.163511888686,155.0,3,50.0,False,0,7738.054,46.0
2028.5182214312283,196.0,10298.0,158.87499733333334,3,56.9749952,False,0,7738.333,46.0
2032.1722222222215,193.36644598554273,10263.007847150859,160.0,3,59.0,False,0,7738.414,46.0
2045.0055555555546,187.4094651775143,10143.289457123516,165.0,3,60.0,False,0,7738.6939999999995,46.0
2048.6619056085324,186.0,10113.0,165.9874976,3,64.4437392,False,0,7738.772999999999,46.0
2052.427777777777,184.5908883909327,10083.988815116058,167.0,3,69.0,False,0,7738.853999999999,46.0
2059.8944444444437,181.5082625261418,10030.479310221093,168.0,3,57.0,True,0,7739.013999999999,46.0
2064.4402953848535,178.0,9992.0,165.5249984,3,33.487484800000004,True,0,7739.112999999999,46.0
2070.694444444444,170.36919611468096,9927.172785023931,162.0,3,0.0,True,0,7739.254,46.0
2076.462615582993,162.0,9870.0,155.0499968,3,0.0,True,0,7739.393,46.0
2083.6722222222215,148.95594791614678,9820.668750261819,146.0,3,0.0,True,0,7739.574,46.0
2084.4330770154384,146.0,9813.0,145.6437488,3,0.0,True,0,7739.593,46.0
2090.0277777777774,114.1212730452747,9738.014724977724,143.0,3,0.0,True,0,7739.7339999999995,46.0
2090.7540885513426,110.0,9729.0,142.26590661818182,3,0.0,True,0,7739.753,46.0
2102.6501064661006,59.0,9649.0,129.1295528727273,3,0.0,True,0,7740.093,46.0
2105.4277777777775,42.91425768576418,9629.300392339936,126.0,2,0.0,True,0,7740.174,46.0
2108.8563558689175,18.0,9602.0,124.7624992,2,0.0,True,0,7740.272999999999,46.0
2110.9388888888884,-1.0510376434610027,9584.391249603043,124.0,2,0.0,True,0,7740.334,46.0
2118.7388888888886,-90.65001741089769,9516.356794915535,117.0,2,0.0,True,0,7740.574,46.0
2120.619319206775,-107.0,9505.0,115.8937488,2,0.0,True,0,7740.633,46.0
2123.805555555555,-127.0013125410475,9492.00216959518,114.0,2,0.0,True,0,7740.7339999999995,46.0
2129.8742489549177,-156.0,9479.0,110.4590773429927,2,0.0,True,0,7740.933,46.0
2132.3136111111107,-175.27906046090249,9471.855809037423,109.0,2,0.0,False,0,7741.014999999999,46.0
2138.1469444444438,-235.18263066866524,9452.580985545876,105.0,2,0.0,False,0,7741.214999999999,46.0
2139.2388446631885,-246.0,9450.0,104.59285851428571,2,0.13571382857142858,False,0,7741.253,46.0
2144.3446376044835,-294.0,9443.0,102.66428434285714,2,0.7785718857142857,False,0,7741.433,46.0
2146.080277777777,-311.1012679526238,9441.774845707645,102.0,2,1.0,False,0,7741.495,46.0
2150.452246175451,-359.0,9443.0,100.30107703487839,2,2.132615310081076,False,0,7741.652999999999,46.0
2153.7527777777773,-402.75426582778016,9451.799927513699,99.0,2,3.0,False,0,7741.773999999999,46.0
2156.9598246307146,-442.0,9463.0,98.00833493333333,2,4.983330133333333,False,0,7741.893,46.0
2160.219444444444,-468.0741135394219,9472.602201410078,97.0,2,7.0,False,0,7742.013999999999,46.0
2165.111857487849,-497.0,9489.0,98.27857188571429,2,15.9500032,False,0,7742.192999999999,46.0
2167.919444444444,-519.5014391163144,9503.288350870984,99.0,2,21.0,False,0,7742.294,46.0
2170.1425343803676,-538.0,9516.0,99.9874976,2,24.9499904,False,0,7742.373,46.0
2174.7187158633205,-573.0,9544.0,101.9874976,2,32.9499904,False,0,7742.532999999999,46.0
2177.0749999999994,-590.0642818987759,9560.185183559559,103.0,2,37.0,False,0,7742.614,46.0
2183.0194444444437,-629.3518479910681,9603.889292202763,107.0,2,42.0,False,0,7742.813999999999,46.0
2184.2059022871126,-636.0,9612.0,107.7312464,2,42.7312464,False,0,7742.853,46.0
2192.3803540977137,-680.0,9679.0,112.6062512,2,47.6062512,False,0,7743.112999999999,46.0
2193.063888888888,-685.2799344865348,9688.897473901905,113.0,2,48.0,False,0,7743.134,46.0
2197.006308182761,-718.0,9754.0,116.96666026666666,2,50.9749952,False,0,7743.253,46.0
2201.1305555555546,-740.8708458911485,9807.17010167304,121.0,2,54.0,False,0,7743.374,46.0
2212.520341077117,-761.0,9894.0,128.08888462222222,2,62.86110577777778,False,0,7743.692999999999,46.0
2214.0305555555547,-762.852953209371,9904.48550821866,129.0,2,64.0,False,0,7743.7339999999995,46.0
2221.58611111111,-771.1052798129783,9956.367833735976,136.0,2,70.0,False,0,7743.933999999999,46.0
2227.174250443671,-775.0,9999.0,141.2125024,2,71.04250048,False,0,7744.072999999999,46.0
2235.6884237015975,-776.0,10080.0,148.7125024,2,72.54250048,False,0,7744.272999999999,46.0
2238.3638888888877,-774.0252080784336,10115.36052464599,151.0,3,73.0,False,0,7744.334,46.0
2246.417271228256,-764.0,10228.0,159.9500032,3,80.458336,False,0,7744.513,46.0
2249.2305555555545,-760.8386918735208,10254.810795877507,163.0,3,83.0,False,0,7744.574,46.0
2260.697222222221,-747.5649346303084,10322.1897003114,172.0,3,94.0,False,0,7744.813999999999,46.0
2261.643530672049,-746.0,10329.0,172.8444472888889,3,94.31666773333333,False,0,7744.833,46.0
2279.4972222222214,-693.741699643589,10520.986442127341,188.0,4,100.0,False,0,7745.174,46.0
2281.593394210168,-682.0,10553.0,189.55999232,4,100.0,False,0,7745.213,46.0
2290.330250486777,-625.0,10694.0,195.95999232,4,100.0,False,0,7745.373,46.0
2290.38611111111,-624.692369553289,10694.739531447689,196.0,4,100.0,False,0,7745.374,46.0
2313.830555555555,-557.8696990202934,10840.666681334671,211.0,5,100.0,False,0,7745.773999999999,46.0
2316.1715579374613,-548.0,10860.0,212.36499328,5,100.0,False,0,7745.812999999999,46.0
2325.9416666666657,-494.9631663259544,10963.75751622552,218.0,5,100.0,False,0,7745.973999999999,46.0
2328.357935830964,-483.0,10987.0,219.26749376,5,100.0,False,0,7746.013,46.0
2346.285243304134,-412.0,11118.0,228.36749376,5,100.0,False,0,7746.293,46.0
2351.608333333332,-379.5597625130611,11173.430335152623,231.0,5,100.0,False,0,7746.374,46.0
2368.9687043054505,-258.0,11374.0,238.77000192,5,100.0,False,0,7746.633,46.0
2378.6083333333327,-220.7267552340698,11430.029152463429,243.0,6,100.0,False,0,7746.773999999999,46.0
2390.9477258642455,-179.0,11485.0,247.4499968,6,100.0,False,0,7746.951999999999,46.0
2400.919444444444,-122.23821347064771,11560.748402255322,251.0,6,100.0,False,0,7747.094,46.0
2406.5135898302424,-87.0,11606.0,252.4812464,6,100.0,False,0,7747.173,46.0
2417.9403188951355,-14.0,11693.0,255.4812464,6,100.0,False,0,7747.333,46.0
2423.7638888888882,26.925331592033388,11738.831740215215,257.0,6,100.0,False,0,7747.414,46.0
2441.236388888888,158.65498723417113,11877.5674531848,261.0,6,100.0,False,0,7747.655,46.0
2444.0122679889,178.0,11897.0,261.7124976,6,100.0,False,0,7747.692999999999,46.0
2452.969722222221,236.2249066661805,11953.642245054169,264.0,6,100.0,False,0,7747.815,46.0
2464.6990256768327,312.0,12023.0,266.6333312,6,100.0,False,0,7747.973,46.0
2470.836388888888,356.5399987581584,12062.187338230418,268.0,6,100.0,False,0,7748.054999999999,46.0
2479.721731355218,425.0,12120.0,269.96666453333336,6,100.0,False,0,7748.173,46.0
2488.9697222222217,497.92181482815977,12177.403284656482,272.0,7,100.0,False,0,7748.295,46.0
2497.968680170746,568.0,12230.0,273.7788919706076,7,100.0,False,0,7748.413,46.0
2504.1711111111103,614.4921359782716,12264.136118017504,275.0,7,100.0,False,0,7748.494,46.0
2513.3142296084716,694.0,12317.0,276.18999808,7,100.0,False,0,7748.612999999999,46.0
2519.559999999999,768.173615360487,12359.971105078881,277.0,7,100.0,False,0,7748.6939999999995,46.0
2534.9843924316065,980.0,12470.0,278.65833173333334,7,100.0,False,0,7748.893,46.0
2547.5599999999995,1110.2990667490299,12528.09898743582,280.0,7,100.0,False,0,7749.054,46.0
2564.817081907291,1242.0,12576.0,283.1285723428571,7,100.0,False,0,7749.272999999999,46.0
2569.648888888888,1275.0373078913644,12587.502971434644,284.0,7,100.0,False,0,7749.334,46.0
2595.159999999999,1444.171957670159,12640.81628417899,287.0,7,100.0,False,0,7749.6539999999995,46.0
2599.897537200403,1485.0,12652.0,287.7375008,7,100.0,False,0,7749.713,46.0
2614.4933333333324,1629.1855323772418,12689.10930541688,290.0,7,100.0,False,0,7749.893999999999,46.0
2617.6482520047107,1657.0,12696.0,290.2437488,7,100.0,False,0,7749.933,46.0
2635.5091829422204,1831.0,12732.0,291.6187504,7,100.0,False,0,7750.152999999999,46.0
2646.931461425653,2090.0,12774.0,292.4937488,7,100.0,False,0,7750.293,46.0
2653.559999999999,2215.6136145123037,12792.595793969906,293.0,7,100.0,False,0,7750.374,46.0
2684.7219477855433,2481.0,12819.0,295.84250048,7,100.0,False,0,7750.753,46.0
2686.448888888888,2489.1301286301136,12819.780299209735,296.0,7,100.0,False,0,7750.773999999999,46.0
2706.0834099584717,2579.0,12830.0,296.0,7,100.0,False,0,7751.013,46.0
2719.337777777777,2701.804099591917,12842.818148868682,296.0,7,100.0,False,0,7751.174,46.0
2730.822390516002,2824.0,12855.0,296.6318184727273,7,100.0,False,0,7751.312999999999,46.0
2755.6772016721225,3070.0,12879.0,297.99545367272725,7,100.0,False,0,7751.612999999999,46.0
2755.759999999999,3070.949935293087,12879.10119868646,298.0,7,100.0,False,0,7751.614,46.0
2770.575213041048,3251.0,12899.0,298.0,7,100.0,False,0,7751.793,46.0
2772.3155555555545,3270.239903112385,12901.104258053008,298.0,7,100.0,False,0,7751.813999999999,46.0
2788.9266666666654,3420.079100881656,12916.756326027618,299.0,7,100.0,False,0,7752.013999999999,46.0
2803.8397866128566,3548.0,12931.0,299.63928594285716,7,100.0,False,0,7752.192999999999,46.0
2812.259999999999,3631.0179252447647,12941.103865609926,300.0,7,100.0,False,0,7752.294,46.0
2813.843757912685,3647.0,12943.0,300.0,7,100.0,False,0,7752.312999999999,46.0
2828.926666666666,3800.9348292176455,12959.7595693794,300.0,7,100.0,False,0,7752.494,46.0
2838.8376988870377,3896.0,12970.0,300.0,7,100.0,False,0,7752.612999999999,46.0
2848.926666666666,3982.966825394987,12980.085596443163,300.0,7,100.0,False,0,7752.7339999999995,46.0
2858.874525590167,4094.0,12994.0,300.7437488,7,100.0,False,0,7752.853,46.0
2862.304444444443,4146.0305562354315,13000.68723757879,301.0,7,100.0,False,0,7752.893999999999,46.0
2872.260778041718,4310.0,13022.0,301.0,7,100.0,False,0,7753.013,46.0
2879.0266666666657,4391.588734935935,13032.672969797932,301.0,7,100.0,False,0,7753.094,46.0
2905.529554541362,4558.0,13055.0,299.22777884444446,7,100.0,False,0,7753.413,46.0
2908.926666666666,4585.575668071004,13058.72190720629,299.0,7,100.0,False,0,7753.454,46.0
2920.351418555276,4706.0,13074.0,297.46666808888887,7,100.0,False,0,7753.592,46.0
2936.752665509003,4960.0,13101.0,295.23333262222224,7,100.0,False,0,7753.793,46.0
2938.426666666666,4979.931544300678,13103.059082329577,295.0,7,100.0,True,0,7753.813999999999,46.0
2961.4827757695375,5125.0,13113.0,280.8329124122354,7,25.436381117028418,True,0,7754.112999999999,46.0
2969.1699999999987,5195.230989414372,13112.094736623389,276.0,7,0.0,True,0,7754.214999999999,46.0
2984.1144444444435,5371.531214535147,13104.440334247574,269.0,6,0.0,False,0,7754.415,46.0
2988.4149094689033,5416.0,13100.0,268.0333312,6,4.3500096,False,0,7754.473,46.0
3001.7811111111105,5529.073524171761,13079.115022424932,265.0,6,18.0,False,0,7754.655,46.0
3008.8644465422085,5589.0,13063.0,262.05999616,6,26.33001088,False,0,7754.753,46.0
3016.169999999999,5658.210839373033,13042.368174828209,259.0,6,35.0,False,0,7754.855,46.0
3020.303615506339,5698.0,13029.0,258.2749984,6,40.2562616,False,0,7754.913,46.0
3037.284218454898,5853.0,12962.0,255.2749984,6,62.0062616,False,0,7755.152999999999,46.0
3038.8366666666657,5866.627849864449,12954.987579467319,255.0,6,64.0,False,0,7755.174999999999,46.0
3050.054999999999,5963.408942390681,12899.41341120895,254.0,6,70.0,False,0,7755.334,46.0
3051.398397057576,5975.0,12892.0,254.1187504,6,70.7125024,False,0,7755.353,46.0
3072.8105555555544,6157.251641084859,12754.318760735372,256.0,6,82.0,False,0,7755.6539999999995,46.0
3077.042922346235,6189.0,12726.0,257.1062512,6,83.1062512,False,0,7755.713,46.0
3084.321666666666,6238.802442272117,12677.806810138387,259.0,6,85.0,False,0,7755.813999999999,46.0
3100.2818962169154,6332.0,12569.0,260.752000512,6,88.28500096,False,0,7756.032999999999,46.0
3156.921295301401,6585.0,12071.0,266.832000512,6,99.68500096,False,0,7756.793,46.0
3158.4883333333323,6590.365470012737,12056.123611562984,267.0,7,100.0,False,0,7756.813999999999,46.0
3182.3075077505887,6662.0,11830.0,268.77222115555554,7,100.0,False,0,7757.133,46.0
3185.3883333333324,6670.204149022806,11801.654815018699,269.0,7,100.0,False,0,7757.174,46.0
3198.908307105443,6706.0,11670.0,271.68500096,7,100.0,False,0,7757.353,46.0
3200.4994444444433,6710.649566883728,11651.666800563022,272.0,7,100.0,False,0,7757.374,46.0
3215.6204725161847,6756.0,11464.0,273.4214272,7,100.0,False,0,7757.572999999999,46.0
3221.8105555555544,6770.199491252835,11403.527694208467,274.0,7,100.0,False,0,7757.6539999999995,46.0
3240.277222222221,6800.515617194292,11266.474796144928,277.0,7,100.0,False,0,7757.893999999999,46.0
3243.2861675049344,6806.0,11240.0,277.2437488,7,100.0,False,0,7757.933,46.0
3252.632777777777,6824.823370697133,11146.588233558441,278.0,7,100.0,False,0,7758.054,46.0
3257.1990621875893,6834.0,11099.0,278.29500032,7,100.0,False,0,7758.112999999999,46.0
3268.1327777777765,6854.322149585842,10986.233588436213,279.0,7,100.0,False,0,7758.254,46.0
3275.822655545392,6870.0,10887.0,279.49500032,7,100.0,False,0,7758.353,46.0
3283.688333333332,6888.9820357795625,10755.20114993608,280.0,7,100.0,False,0,7758.454,46.0
3292.9952135929925,6909.0,10609.0,281.18999808,7,100.0,False,0,7758.572999999999,46.0
3299.3549999999987,6916.723838791443,10549.947736267755,282.0,7,100.0,False,0,7758.6539999999995,46.0
3315.1327777777765,6922.933175934047,10488.21562160041,284.0,7,100.0,False,0,7758.853999999999,46.0
3318.2146002732215,6925.0,10468.0,284.1218744,7,100.0,False,0,7758.893,46.0
3335.6236916355224,6943.0,10295.0,284.8093752,7,100.0,False,0,7759.112999999999,46.0
3340.46611111111,6947.542091433509,10246.087653665149,285.0,7,100.0,False,0,7759.174,46.0
3348.342307492334,6954.0,10169.0,285.55000035555554,7,100.0,False,0,7759.272999999999,46.0
3369.16611111111,6967.562774620738,9962.85203701662,287.0,7,100.0,False,0,7759.534,46.0
3373.871026416763,6970.0,9916.0,287.0,7,100.0,False,0,7759.593,46.0
3391.408574070997,6977.0,9741.0,287.0,7,100.0,False,0,7759.812999999999,46.0
3391.4883333333323,6977.022817120566,9740.201796418542,287.0,7,100.0,False,0,7759.813999999999,46.0
3404.243888888888,6979.734497872793,9612.210778824396,287.0,7,100.0,False,0,7759.973999999999,46.0
3405.7558738465973,6980.0,9597.0,286.90499968,7,100.0,False,0,7759.9929999999995,46.0
3420.132777777777,6982.6321078933615,9452.313550489114,286.0,7,100.0,False,0,7760.174,46.0
3421.5623549472302,6983.0,9438.0,286.0,7,100.0,False,0,7760.192,46.0
3431.1752081414106,6986.0,9343.0,286.0,7,100.0,False,0,7760.312999999999,46.0
3432.8438888888877,6986.521274316014,9327.07163075656,286.0,7,100.0,False,0,7760.334,46.0
3447.066127583332,6992.0,9185.0,286.0,7,100.0,False,0,7760.513,46.0
3448.732777777777,6993.095798552446,9164.25363885212,286.0,7,100.0,False,0,7760.534,46.0
3467.6601650102525,7011.0,8895.0,285.14946668172905,7,100.0,False,0,7760.772999999999,46.0
3470.9786111111102,7014.086982983112,8857.928518277893,285.0,7,100.0,False,0,7760.815,46.0
3486.756388888888,7027.107559054605,8745.17744063674,284.0,7,100.0,False,0,7761.014999999999,46.0
3499.37861111111,7040.08782995223,8673.309933295908,284.0,7,100.0,False,0,7761.174999999999,46.0
3505.5365810168773,7049.0,8622.0,284.0,7,100.0,False,0,7761.253,46.0
3510.2688931648527,7057.0,8576.0,284.0,7,100.0,False,0,7761.312999999999,46.0
3512.0008333333326,7060.170967953672,8558.744811461362,284.0,7,100.0,False,0,7761.335,46.0
3533.934166666666,7108.471424793397,8340.642755690937,282.0,7,100.0,False,0,7761.615,46.0
3536.909197413661,7115.0,8314.0,282.0,7,100.0,False,0,7761.652999999999,46.0
3551.0106596216588,7152.0,8177.0,282.0,7,100.0,False,0,7761.833,46.0
3552.7341666666657,7159.669871451009,8151.393579037466,282.0,7,100.0,False,0,7761.855,46.0
3565.1103244655774,7226.0,7938.0,282.0,7,100.0,False,0,7762.013,46.0
3571.4558333333325,7246.351841171698,7874.121444506749,282.0,7,100.0,False,0,7762.094,46.0
3583.9891666666654,7260.3104734268145,7836.382404440769,282.0,7,100.0,False,0,7762.254,46.0
3590.166984726706,7273.0,7805.0,281.83541706666665,7,93.5812656,False,0,7762.333,46.0
3607.3295655375437,7337.0,7645.0,281.3770832,7,75.70624480000001,False,0,7762.553,46.0
3621.4558333333325,7391.007164629707,7512.540352544726,281.0,7,61.0,False,0,7762.7339999999995,46.0
3629.1936490859493,7419.0,7440.0,281.0,7,55.4312464,False,0,7762.833,46.0
3646.43361111111,7476.348093004365,7273.064105717391,281.0,7,43.0,False,0,7763.054,46.0
3651.0051905517603,7488.0,7235.0,279.81999872,7,43.0,False,0,7763.112999999999,46.0
3661.822499999999,7508.125442597409,7158.778969307609,277.0,7,43.0,False,0,7763.254,46.0
3664.7668847608566,7513.0,7136.0,275.6071497142857,7,42.0250048,False,0,7763.293,46.0
3679.579933632263,7535.0,6995.0,268.4642925714286,7,37.0250048,False,0,7763.4929999999995,46.0
3682.5891666666657,7537.261210768402,6965.236583216683,267.0,6,36.0,False,0,7763.534,46.0
3695.670037117433,7537.0,6838.0,264.0166656,6,53.1541728,False,0,7763.713,46.0
3700.122499999999,7533.945298463385,6795.826483502728,263.0,6,59.0,False,0,7763.773999999999,46.0
3710.2758784100397,7520.0,6690.0,263.0,6,62.4750016,False,0,7763.913,46.0
3723.500277777777,7484.782722606052,6503.8734981867,263.0,6,67.0,False,0,7764.094,46.0
3726.347852332651,7478.0,6471.0,263.0,6,67.8531208,False,0,7764.133,46.0
3745.3393624475793,7447.0,6342.0,263.0,6,73.5406264,False,0,7764.393,46.0
3746.8780555555545,7443.965997946226,6330.339834893473,263.0,6,74.0,False,0,7764.414,46.0
3767.4891666666654,7392.336223838261,6127.959605569497,265.0,6,51.0,True,0,7764.6939999999995,46.0
3768.8950040357527,7389.0,6114.0,265.0,6,46.7249856,True,0,7764.713,46.0
3779.266944444443,7366.447058961902,6014.1961967758325,265.0,6,15.0,True,0,7764.853999999999,46.0
3783.4772377398444,7358.0,5973.0,260.9437456,6,15.3687504,True,0,7764.913,46.0
3790.555833333332,7344.77508373389,5902.1610088143925,254.0,6,16.0,True,0,7765.013999999999,46.0
3794.682901090097,7338.0,5862.0,253.2624992,6,17.1062512,True,0,7765.072999999999,46.0
3808.6009528711456,7322.0,5726.0,250.7624992,6,20.8562512,True,0,7765.272999999999,46.0
3812.778055555554,7320.132373443608,5672.949847072529,250.0,6,22.0,False,0,7765.334,46.0
3826.14868497799,7323.0,5489.0,243.6035776,6,24.8428544,False,0,7765.532999999999,46.0
3831.5224999999987,7326.745321585258,5439.703151953627,241.0,6,26.0,False,0,7765.614,46.0
3847.2380685555413,7350.0,5347.0,237.68055822222223,6,27.32777671111111,False,0,7765.853,46.0
3855.1224999999986,7372.931375238808,5281.326114263954,236.0,6,28.0,False,0,7765.973999999999,46.0
3865.4780555555544,7413.6389075998095,5176.91461107814,233.0,6,29.0,False,0,7766.134,46.0
3870.5592527029776,7436.0,5128.0,232.0125024,6,29.0,False,0,7766.213,46.0
3875.6808560163595,7460.0,5081.0,231.0125024,6,29.0,False,0,7766.293,46.0
3875.744722222221,7460.309353635836,5080.423944560554,231.0,6,29.0,False,0,7766.294,46.0
3885.815602910093,7512.0,4991.0,228.0187536,6,31.9812464,False,0,7766.4529999999995,46.0
3885.8780555555545,7512.334832036104,4990.439539245956,228.0,6,32.0,False,0,7766.454,46.0
3899.2299731926014,7585.0,4870.0,219.7874976,6,2.7999914666666648,False,0,7766.673,46.0
3900.4780555555544,7591.320799142985,4859.416786789866,219.0,6,0.0,False,0,7766.6939999999995,46.0
3914.3260010160648,7655.0,4749.0,209.61072182857143,6,0.0,False,0,7766.933,46.0
3916.6558333333323,7665.4485094766505,4729.759322916624,208.0,6,0.0,True,0,7766.973999999999,46.0
3923.3598340565095,7695.0,4672.0,205.0250048,6,0.0,True,0,7767.093,46.0
3932.2891666666656,7730.634289636858,4589.064627906721,201.0,4,0.0,True,0,7767.254,46.0
3935.519717838666,7742.0,4560.0,199.16769914740837,4,0.0,True,0,7767.312999999999,46.0
3941.0547222222212,7759.226524282107,4513.398380971634,196.0,4,0.0,True,0,7767.415,46.0
3951.7769444444434,7781.993007393703,4412.746631703212,193.0,4,2.0,False,0,7767.615,46.0
3953.81605050541,7784.0,4385.0,193.0,4,2.8142829714285713,False,0,7767.652999999999,46.0
3965.620228687795,7783.0,4196.0,193.0,4,7.528574171428572,False,0,7767.873,46.0
3966.7880555555544,7782.355701713745,4182.54849368659,193.0,4,8.0,False,0,7767.8949999999995,46.0
3979.3880555555543,7770.717124595019,4117.483495785973,189.0,4,9.0,False,0,7768.134999999999,46.0
3983.488064011172,7763.0,4092.0,189.0,4,9.0,False,0,7768.213,46.0
3991.923188627019,7739.0,4010.0,189.0,4,9.0,False,0,7768.373,46.0
3998.2880555555544,7711.399510909364,3938.3578371425765,189.0,4,9.0,False,0,7768.495,46.0
4008.516768642184,7659.0,3828.0,186.03000192,4,9.0,False,0,7768.692999999999,46.0
4008.621388888888,7658.5122670329965,3827.062325185876,186.0,4,9.0,False,0,7768.695,46.0
4019.234722222221,7614.372088660587,3751.7227132171183,192.0,4,72.0,False,0,7768.893999999999,46.0
4026.8682218488466,7579.0,3702.0,195.4750016,4,76.4678592,False,0,7769.032999999999,46.0
4034.7124999999987,7533.191861553028,3642.651563751341,199.0,4,81.0,False,0,7769.174,46.0
4040.2350556317974,7496.0,3601.0,200.8562512,4,86.5687536,False,0,7769.272999999999,46.0
4043.6902777777764,7471.491971543634,3577.0676142824427,202.0,4,90.0,False,0,7769.334,46.0
4044.7796867693937,7464.0,3570.0,202.79166933333335,4,90.79166933333333,False,0,7769.353,46.0
4057.82361111111,7382.156633847464,3499.80047136859,212.0,5,100.0,False,0,7769.574,46.0
4063.7764757486434,7316.0,3458.0,214.12142994285713,5,100.0,False,0,7769.673,46.0
4074.718003553663,7144.0,3362.0,217.97856731428573,5,100.0,False,0,7769.853,46.0
4074.779166666665,7143.227666352608,3361.5807402728465,218.0,5,100.0,False,0,7769.853999999999,46.0
4089.645833333332,7056.271819675291,3316.6012236074175,223.0,5,100.0,False,0,7770.094,46.0
4097.285895685256,7021.0,3297.0,228.35499135999999,5,100.0,False,0,7770.213,46.0
4102.534722222221,6983.754656122392,3275.0817169590387,232.0,5,100.0,False,0,7770.294,46.0
4112.93472222222,6892.222771109913,3217.200247686747,234.0,5,100.0,False,0,7770.454,46.0
4114.18393928708,6882.0,3210.0,234.4750016,5,100.0,False,0,7770.473,46.0
4128.902682042052,6771.0,3118.0,239.9749952,5,100.0,False,0,7770.692999999999,46.0
4131.679166666665,6748.116567093218,3096.2986311293544,241.0,6,100.0,False,0,7770.7339999999995,46.0
4143.890569528266,6645.0,2993.0,244.729168,6,100.0,False,0,7770.913,46.0
4148.079166666665,6615.706798427353,2963.1327957888466,246.0,6,100.0,False,0,7770.973999999999,46.0
4161.9124999999985,6543.39692937972,2887.5183424602965,249.0,6,100.0,False,0,7771.174,46.0
4174.485414651171,6461.0,2785.0,252.58000128,6,100.0,False,0,7771.353,46.0
4175.968055555554,6448.659160131059,2768.737395386265,253.0,6,100.0,False,0,7771.374,46.0
4188.653914327266,6331.0,2606.0,254.91785782857144,6,100.0,False,0,7771.553,46.0
4195.879166666666,6272.172140344822,2515.328429427557,256.0,6,100.0,False,0,7771.6539999999995,46.0
4213.279166666665,6167.348448185016,2329.270758960566,261.0,6,100.0,False,0,7771.893999999999,46.0
4219.052912754032,6146.0,2290.0,262.18499712,6,100.0,False,0,7771.973,46.0
4227.945833333332,6126.4956005715285,2253.982750917799,264.0,6,100.0,False,0,7772.094,46.0
4238.262939945739,6104.0,2211.0,266.78000128,6,100.0,False,0,7772.232999999999,46.0
4242.834722222221,6086.532224322622,2177.2056737276976,268.0,6,100.0,False,0,7772.294,46.0
4251.841216130781,6043.0,2092.0,269.9833301333333,6,100.0,False,0,7772.413,46.0
4278.01474852428,5909.0,1819.0,275.6500010666667,6,100.0,False,0,7772.753,46.0
4279.63472222222,5902.300887284464,1805.095531511017,276.0,7,100.0,False,0,7772.773999999999,46.0
4295.079166666665,5850.023967209245,1695.539921215107,278.0,7,100.0,False,0,7772.973999999999,46.0
4301.211622657378,5829.0,1652.0,278.9874976,7,100.0,False,0,7773.053,46.0
4307.523611111109,5805.396980148874,1603.719774455309,280.0,7,100.0,False,0,7773.134,46.0
4319.988804703354,5747.0,1484.0,281.70356937142856,7,100.0,False,0,7773.293,46.0
4329.53472222222,5683.487496665275,1351.0342710825037,283.0,7,100.0,False,0,7773.414,46.0
4338.968634867619,5625.0,1228.0,284.18999808,7,100.0,False,0,7773.532999999999,46.0
4361.4236111111095,5564.43138461189,1101.577693387965,287.0,7,100.0,False,0,7773.813999999999,46.0
4364.559536880541,5556.0,1084.0,287.38902557829834,7,100.0,False,0,7773.853,46.0
4393.675680115204,5442.0,845.0,290.9800485953195,7,100.0,False,0,7774.213,46.0
4393.837777777776,5441.330930191837,843.5890498260903,291.0,7,100.0,False,0,7774.214999999999,46.0
4408.273132479237,5376.0,706.0,291.89000064,7,100.0,False,0,7774.393,46.0
4410.059999999999,5365.03726806047,683.1139577270114,292.0,7,100.0,False,0,7774.415,46.0
4426.337777777777,5249.346354628258,443.1626370962675,293.0,7,100.0,False,0,7774.615,46.0
4427.80536642308,5242.0,428.0,293.05000035555554,7,100.0,False,0,7774.633,46.0
4450.674002794505,5192.0,326.0,293.8277781333333,7,100.0,False,0,7774.913,46.0
4455.7377777777765,5173.366859229875,287.48088685160224,294.0,7,100.0,False,0,7774.974999999999,46.0
4467.003940675861,5121.0,179.0,294.0,7,100.0,False,0,7775.112999999999,46.0
4472.07111111111,5100.062099433355,135.82458933171986,294.0,7,100.0,False,0,7775.174999999999,46.0
4494.851626325245,5000.0,-70.0,294.99641508325965,7,100.0,False,0,7775.4529999999995,46.0
4494.93361111111,4999.4588866192835,-71.11997622600995,295.0,7,100.0,False,0,7775.454,46.0
4508.04472222222,4902.285817199671,-272.7079473418495,295.0,7,100.0,False,0,7775.614,46.0
4509.601219073412,4893.0,-292.0,295.0,7,100.0,False,0,7775.633,46.0
4530.9891666666645,4836.061681406631,-410.7312952095838,295.0,7,100.0,False,0,7775.893999999999,46.0
4535.834187929844,4822.0,-440.0,295.1843752,7,100.0,False,0,7775.9529999999995,46.0
4550.639063124597,4758.0,-573.0,295.7468744,7,100.0,False,0,7776.133,46.0
4557.300277777775,4729.0397187350145,-633.3995988787527,296.0,7,100.0,False,0,7776.214,46.0
4567.08052744869,4687.0,-721.0,296.0,7,100.0,False,0,7776.333,46.0
4577.033611111109,4640.989657529655,-816.0942914861671,296.0,7,100.0,False,0,7776.454,46.0
4583.545135478588,4611.0,-878.0,296.32916586666664,7,100.0,False,0,7776.532999999999,46.0
4596.833611111108,4552.9310029836915,-998.1822149913163,297.0,7,100.0,False,0,7776.6939999999995,46.0
4600.051734327139,4539.0,-1027.0,297.0,7,100.0,False,0,7776.732999999999,46.0
4610.033611111108,4495.48964088456,-1116.8648069427252,297.0,7,100.0,False,0,7776.853999999999,46.0
4626.533611111108,4423.0658047203,-1265.44504901182,297.0,7,100.0,False,0,7777.054,46.0
4629.755630992735,4409.0,-1294.0,297.0886359272727,7,100.0,False,0,7777.093,46.0
4644.651841207009,4343.0,-1427.0,297.4977274181818,7,100.0,False,0,7777.272999999999,46.0
4662.955833333331,4248.921789160041,-1617.0240402979846,298.0,7,100.0,False,0,7777.494,46.0
4664.528451022149,4240.0,-1635.0,298.0,7,100.0,False,0,7777.513,46.0
4679.511388888886,4148.401701245903,-1818.9331999017631,298.0,7,100.0,False,0,7777.6939999999995,46.0
4691.046799433938,4085.0,-1946.0,298.4343752,7,100.0,False,0,7777.833,46.0
4706.089166666665,4027.3598908280383,-2061.5903999805023,299.0,7,100.0,False,0,7778.013999999999,46.0
4732.666944444442,3948.7250048424385,-2214.3288956162232,299.0,7,100.0,False,0,7778.334,46.0
4735.90596120736,3934.0,-2242.0,299.0,7,100.0,False,0,7778.373,46.0
4737.567055139058,3926.0,-2257.0,299.0,7,100.0,False,0,7778.393,46.0
4752.600277777777,3856.7214262231523,-2390.4799365770486,299.0,7,100.0,False,0,7778.574,46.0
4755.839462812341,3842.0,-2419.0,299.0,7,100.0,False,0,7778.612999999999,46.0
4779.095014474916,3734.0,-2625.0,299.0,7,100.0,False,0,7778.893,46.0
4782.500277777776,3717.5491580246453,-2655.739545487551,299.0,7,100.0,False,0,7778.933999999999,46.0
4794.044951255857,3663.0,-2757.0,299.0,7,100.0,False,0,7779.072999999999,46.0
4795.789166666665,3655.548085548902,-2770.8794155889746,299.0,7,100.0,False,0,7779.094,46.0
4820.623288629311,3535.0,-2990.0,299.0,7,100.0,False,0,7779.393,46.0
4822.366944444442,3519.906116212217,-3016.2911645230406,299.0,7,100.0,False,0,7779.414,46.0
4833.905663099377,3410.0,-3206.0,299.0,7,100.0,False,0,7779.553,46.0
4855.589166666665,3341.333334398594,-3322.0721873153743,299.0,7,100.0,False,0,7779.813999999999,46.0
4863.832690030067,3315.0,-3362.0,299.0,7,100.0,False,0,7779.913,46.0
4868.878055555553,3290.0992169663805,-3399.6862979862326,299.0,7,100.0,True,0,7779.973999999999,46.0
4876.962779193681,3242.0,-3471.0,294.0499968,7,38.124959999999994,True,0,7780.072999999999,46.0
4881.8113888888865,3213.215177394093,-3511.506136855889,291.0,7,0.0,True,0,7780.134,46.0
4893.80427879687,3138.0,-3609.0,277.37144502857143,7,0.0,True,0,7780.293,46.0
4902.578055555553,3073.798464427391,-3684.7750511343065,267.0,7,0.0,True,0,7780.414,46.0
4919.510515473236,2944.0,-3822.0,255.09959146213217,7,0.0,True,0,7780.652999999999,46.0
4919.648888888886,2943.033046615577,-3822.9227903690935,255.0,6,0.0,True,0,7780.655,46.0
4933.204444444442,2855.907839118599,-3896.391232362584,244.0,6,0.0,True,0,7780.855,46.0
4939.708587761199,2810.0,-3928.0,240.73332906666667,6,0.0,True,0,7780.9529999999995,46.0
4948.9377777777745,2732.105196049297,-3975.6130941989504,236.0,5,0.0,True,0,7781.094999999999,46.0
4956.365750922257,2664.0,-4012.0,229.51000704,5,0.58999936,True,0,7781.213,46.0
4961.314645539571,2619.0,-4033.0,225.11000704,5,0.98999936,True,0,7781.293,46.0
4961.4377777777745,2617.8803933815097,-4033.49277219332,225.0,5,1.0,False,0,7781.295,46.0
4975.89402661776,2486.0,-4082.0,219.7937528,5,4.718748,False,0,7781.532999999999,46.0
4980.815555555553,2441.495793402164,-4094.434230229762,218.0,5,6.0,False,0,7781.615,46.0
4987.860215018542,2370.0,-4107.0,215.64000256,5,5.41000064,False,0,7781.732999999999,46.0
4992.704444444442,2307.4011013214495,-4110.5646515243325,214.0,5,5.0,False,0,7781.815,46.0
5001.99333333333,2162.3616394795554,-4106.55253655267,209.0,5,6.0,False,0,7781.974999999999,46.0
5008.714325747714,2083.0,-4102.0,206.0500032,5,10.71999488,False,0,7782.093,46.0
5013.326666666664,2049.059935740983,-4099.253116091708,204.0,5,14.0,False,0,7782.174999999999,46.0
5026.493393665912,1984.0,-4079.0,199.73477029740036,5,37.885286334557975,False,0,7782.413,46.0
5028.749166666664,1961.1836612745162,-4070.031522539201,199.0,4,42.0,False,0,7782.454,46.0
5039.749166666664,1813.331183363108,-4009.438185210982,198.0,4,55.0,False,0,7782.6539999999995,46.0
5041.896052578245,1790.0,-3999.0,198.2437488,4,56.4624928,False,0,7782.692999999999,46.0
5048.593611111108,1738.2129717243852,-3972.859641312022,199.0,4,61.0,False,0,7782.813999999999,46.0
5061.046870238386,1677.0,-3928.0,203.69285851428572,4,69.60357394285714,False,0,7783.032999999999,46.0
5064.538055555552,1651.5979397908545,-3908.767599733619,205.0,4,72.0,False,0,7783.094,46.0
5071.342237138896,1596.0,-3865.0,205.7437488,4,73.4874976,False,0,7783.213,46.0
5073.693611111107,1577.7007796304006,-3849.3289292715344,206.0,4,74.0,False,0,7783.254,46.0
5081.711807160275,1519.0,-3794.0,207.26363694545455,4,78.73863854545455,False,0,7783.393,46.0
5098.113672786255,1411.0,-3672.0,209.80909149090908,4,88.2840930909091,False,0,7783.673,46.0
5099.360277777774,1403.6618411629056,-3662.8155356544576,210.0,5,89.0,False,0,7783.6939999999995,46.0
5108.875247524243,1348.0,-3587.0,212.78249664,5,93.37249472,False,0,7783.853,46.0
5123.4713888888855,1241.6377853782005,-3412.938594657765,217.0,5,100.0,False,0,7784.094,46.0
5127.055995415695,1222.0,-3379.0,217.7375008,5,100.0,False,0,7784.152999999999,46.0
5133.204722222219,1199.4520049970035,-3338.572124757689,219.0,5,100.0,False,0,7784.254,46.0
5145.386849521099,1164.0,-3270.0,220.4214272,5,100.0,False,0,7784.4529999999995,46.0
5150.393611111108,1134.3172548864986,-3214.611962669884,221.0,5,100.0,False,0,7784.534,46.0
5162.893611111108,1041.1707395613867,-3043.05702378844,225.0,5,100.0,False,0,7784.7339999999995,46.0
5165.345383673258,1028.0,-3019.0,225.4874976,5,100.0,False,0,7784.772999999999,46.0
5172.982499999996,1001.1970341434401,-2970.631721866708,227.0,5,100.0,False,0,7784.893999999999,46.0
5185.68387568477,970.0,-2921.0,228.80908916363637,5,100.0,False,0,7785.093,46.0
5201.151273170501,885.0,-2793.0,230.99090734545456,5,100.0,False,0,7785.333,46.0
5201.21583333333,884.6453432531806,-2792.479853624095,231.0,5,100.0,False,0,7785.334,46.0
5211.571388888885,827.0144005809176,-2710.433539879784,233.0,5,100.0,False,0,7785.494,46.0
5212.809728067799,818.0,-2698.0,233.2714294857143,5,100.0,False,0,7785.513,46.0
5229.938485766356,662.0,-2487.0,236.98571154285713,5,100.0,False,0,7785.772999999999,46.0
5230.004722222218,661.5751924323292,-2486.4278511729285,237.0,6,100.0,False,0,7785.773999999999,46.0
5249.855425884324,599.0,-2402.0,238.8687504,6,100.0,False,0,7786.072999999999,46.0
5251.249166666663,592.6058033785716,-2393.359217716141,239.0,6,100.0,False,0,7786.094,46.0
5261.871388888885,527.8893537181222,-2305.7460148763334,239.0,6,100.0,False,0,7786.254,46.0
5263.137435145017,520.0,-2295.0,239.19000064,6,100.0,False,0,7786.272999999999,46.0
5275.193032499348,449.0,-2198.0,240.98999808,6,100.0,False,0,7786.4529999999995,46.0
5275.260277777774,448.61233864957745,-2197.476494465611,241.0,6,100.0,False,0,7786.454,46.0
5288.686548599024,369.0,-2092.0,242.65833173333334,6,100.0,False,0,7786.652999999999,46.0
5291.460277777774,350.51972574215154,-2067.9052058748784,243.0,6,100.0,False,0,7786.6939999999995,46.0
5305.015833333329,250.70207413687393,-1939.2424441014962,244.0,6,100.0,False,0,7786.893999999999,46.0
5311.740926962503,207.0,-1884.0,244.41078875639204,6,100.0,False,0,7786.9929999999995,46.0
5321.417222222218,156.9864601283806,-1822.4929066958616,245.0,6,100.0,False,0,7787.134999999999,46.0
5336.370994626292,71.0,-1722.0,246.55714377142857,6,100.0,False,0,7787.353,46.0
5340.628333333329,32.95712658457908,-1677.9703423157416,247.0,6,100.0,False,0,7787.415,46.0
5351.467872569942,-73.0,-1556.0,245.2045469090909,6,64.09093818181819,False,0,7787.572999999999,46.0
5370.206111111106,-184.02142959177337,-1431.8751723808748,242.0,6,0.0,True,0,7787.855,46.0
5376.278849165528,-227.0,-1384.0,227.9124816,6,0.0,True,0,7787.9529999999995,46.0
5379.93944444444,-259.8551727838844,-1347.1542152580705,219.0,6,0.0,True,0,7788.014999999999,46.0
5390.512733027137,-371.0,-1222.0,197.0785856,6,0.0,True,0,7788.213,46.0
5394.561666666662,-401.2790838781581,-1188.0466413150648,188.0,5,0.0,True,0,7788.295,46.0
5409.003687321493,-462.0,-1124.0,165.03334257777777,5,0.0,True,0,7788.612999999999,46.0
5410.761666666662,-472.89449762982633,-1113.32989303245,162.0,4,0.0,True,0,7788.655,46.0
5419.352296070345,-541.0,-1050.0,146.96551143011683,4,0.0,True,0,7788.873,46.0
5423.167222222218,-571.2715726488533,-1025.8393191099476,140.0,4,0.0,True,0,7788.973999999999,46.0
5426.117251139955,-595.0,-1009.0,137.74286262857143,4,0.0,True,0,7789.053,46.0
5432.687985031891,-651.0,-975.0,132.59999817142858,4,0.0,True,0,7789.232999999999,46.0
5433.433888888884,-657.2049455113014,-971.5442258097921,132.0,2,0.0,True,0,7789.254,46.0
5440.322777777773,-716.6669786959715,-943.2711239493395,124.0,2,0.0,True,0,7789.454,46.0
5441.628289294557,-732.0,-938.0,122.83000576,2,0.0,True,0,7789.4929999999995,46.0
5446.846571453029,-805.0,-918.0,118.03000576,2,0.0,True,0,7789.652999999999,46.0
5446.878333333329,-805.3940305094286,-917.9096028910694,118.0,2,0.0,True,0,7789.6539999999995,46.0
5454.211666666662,-864.119318531464,-911.4388039309814,110.0,2,0.0,True,0,7789.893999999999,46.0
5457.117331635007,-886.0,-912.0,108.26749888,2,0.24750016,True,0,7789.9929999999995,46.0
5463.946258844798,-956.0,-915.0,104.06749888,2,0.8475001600000001,True,0,7790.232999999999,46.0
5465.656111111106,-973.4034489634824,-917.9557027930384,103.0,2,1.0,False,0,7790.294,46.0
5470.072962863795,-1015.0,-929.0,100.0187536,2,4.9749952,False,0,7790.4529999999995,46.0
5470.10055555555,-1015.2410230182311,-929.0703320091873,100.0,2,5.0,False,0,7790.454,46.0
5475.60055555555,-1062.0661678390704,-945.834625619576,99.0,2,17.0,False,0,7790.6539999999995,46.0
5477.243387400722,-1082.0,-957.0,99.7375008,2,19.9500032,False,0,7790.713,46.0
5480.089444444439,-1126.4960959438872,-985.7443693737446,101.0,2,25.0,False,0,7790.813999999999,46.0
5482.348348455017,-1159.0,-1008.0,102.12856868571428,2,29.796416914285714,False,0,7790.893,46.0
5488.256111111106,-1195.7581033570889,-1035.6695890748213,105.0,2,42.0,False,0,7791.094,46.0
5495.7227777777725,-1229.9475382991873,-1063.8862436675777,112.0,2,61.0,False,0,7791.334,46.0
5496.335927217098,-1237.0,-1069.0,112.38863767272727,2,59.70454109090909,False,0,7791.353,46.0
5501.632926017739,-1313.0,-1122.0,115.66136494545455,2,48.79545018181818,False,0,7791.513,46.0
5510.511666666662,-1391.9465932129388,-1162.1478408150206,121.0,3,31.0,False,0,7791.773999999999,46.0
5517.200406534347,-1435.0,-1169.0,121.0,3,16.0750144,False,0,7791.973,46.0
5517.233888888884,-1435.2367753486117,-1169.0256777573645,121.0,3,16.0,False,0,7791.973999999999,46.0
5525.233888888884,-1497.9479669538894,-1172.4739079762805,120.0,3,3.0,False,0,7792.214,46.0
5530.4930777771315,-1546.0,-1168.0,119.43214354285715,3,4.703569371428571,False,0,7792.373,46.0
5534.48944444444,-1585.727725006036,-1159.6202882785583,119.0,3,6.0,False,0,7792.494,46.0
5535.117529404332,-1592.0,-1158.0,119.0,3,6.9500032,False,0,7792.513,46.0
5539.778333333329,-1637.9291916207915,-1144.0173055666623,119.0,3,14.0,False,0,7792.6539999999995,46.0
5540.405062958977,-1644.0,-1142.0,119.0,3,15.4250048,False,0,7792.673,46.0
5545.688088609752,-1694.0,-1124.0,119.0,3,27.4250048,False,0,7792.833,46.0
5546.3894444444395,-1700.4668102903956,-1121.3737417729787,119.0,3,29.0,False,0,7792.853999999999,46.0
5551.777400950275,-1749.0,-1099.0,121.9812464,3,37.943739199999996,False,0,7793.013,46.0
5551.811666666662,-1749.3042649213899,-1098.8441303954346,122.0,3,38.0,False,0,7793.013999999999,46.0
5563.011666666662,-1845.2972242045728,-1039.5702074587487,126.0,3,46.0,False,0,7793.334,46.0
5565.136135510458,-1862.0,-1027.0,127.25978813034321,3,47.67971750712427,False,0,7793.393,46.0
5570.25699764688,-1900.0,-995.0,130.24910718840874,3,51.66547625121167,False,0,7793.532999999999,46.0
5573.314999999995,-1921.4010664179896,-973.8376452834643,132.0,3,54.0,False,0,7793.615,46.0
5577.028530915322,-1946.0,-947.0,134.94000384,3,56.94000384,False,0,7793.713,46.0
5580.981666666662,-1970.2055996907957,-918.6702962446773,138.0,3,60.0,False,0,7793.815,46.0
5586.517133294056,-2003.0,-878.0,144.0375056,3,67.7625072,False,0,7793.9529999999995,46.0
5587.426111111106,-2008.5446851315946,-871.0371709088902,145.0,3,69.0,False,0,7793.974999999999,46.0
5597.771129309687,-2072.0,-790.0,153.32999552,3,70.78499904,False,0,7794.213,46.0
5605.092777777772,-2113.5514557714923,-734.4851180037065,159.0,3,72.0,False,0,7794.375,46.0
5605.910655964567,-2118.0,-728.0,159.52500373333334,3,72.60000426666667,False,0,7794.393,46.0
5614.17534036237,-2160.0,-659.0,164.77499626666668,3,78.59999573333333,False,0,7794.572999999999,46.0
5616.15944444444,-2168.8391462118925,-642.5182738384326,166.0,3,80.0,False,0,7794.615,46.0
5621.877275453025,-2192.0,-595.0,170.0227229090909,3,80.80454458181818,False,0,7794.732999999999,46.0
5633.023562286624,-2232.0,-496.0,177.52273163636363,3,82.30454632727273,False,0,7794.9529999999995,46.0
5638.281666666662,-2248.8742278359177,-447.57532888827245,181.0,4,83.0,False,0,7795.054999999999,46.0
5646.511539891122,-2272.0,-370.0,186.52999552,4,84.57999872,False,0,7795.213,46.0
5648.726111111107,-2277.305004051576,-348.8186240010012,188.0,4,85.0,False,0,7795.254999999999,46.0
5651.806333285913,-2284.0,-319.0,189.74000383999999,4,85.58000128,False,0,7795.312999999999,46.0
5659.503888888885,-2297.0556800967693,-242.2039707270577,194.0,4,87.0,False,0,7795.455,46.0
5665.0139008351625,-2304.0,-190.0,197.8217313298306,4,90.54875052055701,False,0,7795.553,46.0
5677.837924454837,-2313.0,-66.0,206.40110700370238,4,98.51531364629506,False,0,7795.772999999999,46.0
5680.246111111107,-2312.573404198752,-32.02440695931625,208.0,4,100.0,False,0,7795.813999999999,46.0
5692.0193959248745,-2303.0,156.0,212.9749952,4,100.0,False,0,7796.013,46.0
5692.079444444441,-2302.9472423724574,156.7380738079958,213.0,5,100.0,False,0,7796.013999999999,46.0
5704.301666666663,-2293.023066433118,245.06405777780324,220.0,5,100.0,False,0,7796.214,46.0
5716.824507339359,-2275.0,313.0,224.9749952,5,100.0,False,0,7796.413,46.0
5721.957222222219,-2262.544580668568,361.64451062687425,227.0,5,100.0,False,0,7796.494,46.0
5723.160983653769,-2259.0,374.0,227.2375008,5,100.0,False,0,7796.513,46.0
5732.1349999999975,-2224.2032448647587,472.31733871613204,229.0,5,100.0,False,0,7796.6539999999995,46.0
5745.215849688028,-2161.0,612.0,233.9749952,5,100.0,False,0,7796.853,46.0
5755.997835870619,-2110.0,706.0,237.9749952,5,100.0,False,0,7797.013,46.0
5761.4683333333305,-2082.2123629543116,751.7205042422635,240.0,6,100.0,False,0,7797.094,46.0
5777.696520020291,-1993.0,884.0,244.2678537142857,6,100.0,False,0,7797.333,46.0
5780.523888888886,-1977.1987119119487,906.461916378965,245.0,6,100.0,False,0,7797.374,46.0
5803.030221411991,-1850.0,1082.0,253.9718696,6,100.0,False,0,7797.692999999999,46.0
5803.101666666664,-1849.588043649738,1082.5672330336988,254.0,6,100.0,False,0,7797.6939999999995,46.0
5814.517300032812,-1783.0,1174.0,257.9749952,6,100.0,False,0,7797.853,46.0
5817.490555555552,-1765.4613533929985,1197.631407503099,259.0,6,100.0,False,0,7797.893999999999,46.0
5818.145158840145,-1761.5909889014963,1202.8148298364324,259.20249856,6,100.0,False,0,7797.902999999999,46.0
0.008328214438362694,-1761.5971088904787,1202.6194777786602,259.20249856,6,100.0,False,0,7797.903,47.0
11.034884956992647,-1696.0,1289.0,262.57749568,6,100.0,False,0,7798.053,47.0
22.996238732807015,-1624.0,1382.0,266.17749568,6,100.0,False,0,7798.213000000001,47.0
29.130277777777778,-1587.3235488940006,1429.4137145256454,268.0,6,100.0,False,0,7798.294,47.0
111.46361111111112,-1106.162097621262,2065.3428292022427,285.0,7,100.0,False,0,7799.334,47.0
117.79306496056898,-1068.0,2117.0,285.9874976,7,100.0,False,0,7799.4130000000005,47.0
137.1525,-953.1875083279501,2273.689805376023,289.0,7,100.0,False,0,7799.654,47.0
138.68840946514095,-945.0,2285.0,289.2375008,7,100.0,False,0,7799.673000000001,47.0
153.31555716911018,-860.0,2403.0,291.4874976,7,100.0,False,0,7799.853,47.0
163.19694444444445,-753.0863132085428,2549.700160799675,293.0,7,100.0,False,0,7799.974,47.0
168.02405415812723,-707.0,2613.0,293.5870655003592,7,100.0,False,0,7800.033,47.0
179.66777777777776,-651.7880673683735,2689.821474179734,295.0,7,100.0,False,0,7800.175,47.0
194.32220994130105,-622.0,2734.0,296.1125008,7,100.0,False,0,7800.353,47.0
206.0677777777778,-561.6639260602386,2821.2015199691255,297.0,7,100.0,False,0,7800.495,47.0
210.88094561829777,-533.0,2863.0,297.7250016,7,100.0,False,0,7800.553,47.0
219.35666666666665,-481.60725043700245,2938.922604734591,299.0,7,100.0,False,0,7800.655000000001,47.0
224.17350908337832,-454.0,2980.0,299.0,7,100.0,False,0,7800.713000000001,47.0
235.96777777777777,-395.87212856918586,3066.9608007198594,299.0,7,100.0,False,0,7800.8550000000005,47.0
249.12496364081449,-315.0,3188.0,299.3590906181818,7,100.0,False,0,7801.013,47.0
265.80739214947766,-157.0,3423.0,299.81363607272726,7,100.0,False,0,7801.213000000001,47.0
272.6344444444444,-109.26310959732926,3493.2615049796177,300.0,7,100.0,False,0,7801.295,47.0
289.24555555555554,-53.511246743259335,3572.194385431586,299.0,7,100.0,False,0,7801.495,47.0
305.6141231181336,7.0,3652.0,297.9000007111111,7,100.0,False,0,7801.693,47.0
318.7813028534485,87.0,3757.0,297.01111182222223,7,100.0,False,0,7801.853,47.0
318.94555555555553,88.04238339233777,3758.339832202897,297.0,7,100.0,False,0,7801.8550000000005,47.0
338.44834132135634,211.0,3910.0,295.01666773333335,7,100.0,False,0,7802.093,47.0
338.6122222222222,212.03317223708848,3911.2282362817277,295.0,7,100.0,False,0,7802.095,47.0
356.47844292624035,330.0,4045.0,295.0,7,97.2749984,False,0,7802.313,47.0
358.2788888888889,343.6266181575733,4059.3159331010247,295.0,7,97.0,False,0,7802.335,47.0
367.9217732459074,420.0,4136.0,294.2578627389735,7,95.51572547794697,False,0,7802.453,47.0
371.2638888888889,445.0469081975475,4159.704571240089,294.0,7,95.0,False,0,7802.494000000001,47.0
380.93472632280645,515.0,4221.0,293.1500013714286,7,93.72500205714286,False,0,7802.613,47.0
393.975,617.4551630284548,4298.265462845066,292.0,7,92.0,False,0,7802.774,47.0
398.75053528503645,657.0,4324.0,291.7892854857143,7,91.36785645714286,False,0,7802.8330000000005,47.0
416.6083333333333,813.152918660068,4405.065278195913,291.0,7,89.0,False,0,7803.054,47.0
421.35997656126403,857.0,4423.0,290.5083328,7,89.0,False,0,7803.113,47.0
435.875,996.7549829456605,4468.629032610875,289.0,7,89.0,False,0,7803.294,47.0
440.576658380401,1043.0,4480.0,287.8937488,7,91.5812528,False,0,7803.353,47.0
448.5861111111111,1122.3003222536838,4495.260804255128,286.0,7,96.0,False,0,7803.454000000001,47.0
451.6638921521456,1153.0,4500.0,285.4428598857143,7,96.55714011428572,False,0,7803.493,47.0
467.3268512399674,1311.0,4516.0,282.5857170285714,7,99.41428297142858,False,0,7803.693,47.0
470.51944444444445,1343.336779899541,4517.812080235768,282.0,7,100.0,False,0,7803.734,47.0
487.494036002244,1516.0,4520.0,279.65357074285714,7,100.0,False,0,7803.953,47.0
492.2194444444444,1564.4197481555293,4518.62825345038,279.0,7,100.0,False,0,7804.014,47.0
501.44841953445797,1656.0,4514.0,279.0,7,100.0,False,0,7804.133,47.0
507.7194444444444,1712.1896014175372,4509.90961015977,279.0,7,100.0,False,0,7804.214,47.0
523.0426968756659,1872.0,4492.0,277.7562512,7,100.0,False,0,7804.4130000000005,47.0
532.3416666666666,2034.9496094634994,4470.184975387246,277.0,7,100.0,False,0,7804.534000000001,47.0
539.9555913988803,2147.0,4455.0,277.0,7,100.0,False,0,7804.633,47.0
544.6527777777777,2183.6251486230904,4450.253888541175,277.0,7,100.0,False,0,7804.694,47.0
558.4704082822291,2223.0,4448.0,277.63928594285716,7,100.0,False,0,7804.8730000000005,47.0
566.2749999999999,2287.5923592638474,4444.334603216008,278.0,7,100.0,False,0,7804.974,47.0
577.0129476808946,2407.0,4439.0,278.0,7,100.0,False,0,7805.113,47.0
581.7194444444443,2455.7513827521034,4438.397399922468,278.0,7,100.0,False,0,7805.174,47.0
590.8857097446573,2546.0,4440.0,277.5041674666667,7,100.0,False,0,7805.293000000001,47.0
600.186111111111,2635.7706131933483,4444.6529400995505,277.0,7,100.0,False,0,7805.414000000001,47.0
612.3789572762702,2756.0,4459.0,276.20500096,7,100.0,False,0,7805.573,47.0
615.5194444444444,2788.5617718336725,4465.054429602458,276.0,7,100.0,False,0,7805.6140000000005,47.0
632.2712284718614,2958.0,4507.0,275.3156248,7,100.0,False,0,7805.8330000000005,47.0
639.9638888888888,3016.1252074684,4524.047900116427,275.0,7,100.0,False,0,7805.934,47.0
655.0547071259751,3115.0,4561.0,273.01000192,7,100.0,False,0,7806.133,47.0
655.1305555555555,3115.582147121653,4561.248762668481,273.0,7,100.0,False,0,7806.134,47.0
676.2982988254525,3304.0,4654.0,273.0,7,100.0,False,0,7806.4130000000005,47.0
679.3972222222221,3331.4245086036917,4670.332047008942,273.0,7,100.0,False,0,7806.454000000001,47.0
686.8598637672967,3395.0,4711.0,272.1749994666667,7,100.0,False,0,7806.553,47.0
697.4638888888888,3477.505288854879,4767.296225803243,271.0,7,100.0,False,0,7806.694,47.0
709.4327245350055,3578.0,4847.0,271.0,7,100.0,False,0,7806.853,47.0
724.6391666666665,3740.288668553169,4995.931088283422,271.0,7,100.0,False,0,7807.055,47.0
729.0011043394329,3778.0,5032.0,271.0,7,100.0,False,0,7807.113,47.0
739.6947222222221,3837.5585515071116,5091.161308927418,271.0,7,100.0,False,0,7807.255,47.0
753.2067922943598,3896.0,5152.0,270.0111104,7,100.0,False,0,7807.433,47.0
763.5946615277552,3971.0,5227.0,269.23333404444446,7,100.0,False,0,7807.573,47.0
766.5947222222221,3992.913650091773,5248.577015545269,269.0,7,100.0,False,0,7807.615000000001,47.0
778.71514747875,4086.0,5338.0,252.312488,7,44.374959999999994,False,0,7807.793000000001,47.0
787.8391666666665,4186.173391042805,5431.500322974423,239.0,7,0.0,True,0,7807.935,47.0
797.5327413165868,4292.0,5529.0,223.2000128,7,0.0,True,0,7808.093,47.0
800.0058333333332,4312.054985119094,5547.301109381224,219.0,7,0.0,True,0,7808.135,47.0
808.9391666666666,4357.275047646047,5587.617428076121,201.0,7,0.0,True,0,7808.295,47.0
820.3633154730203,4414.0,5634.0,180.77001088,7,0.0,True,0,7808.533,47.0
827.4947222222221,4494.8289140515135,5700.817077778876,167.0,4,0.0,True,0,7808.695000000001,47.0
830.0200183928296,4523.0,5724.0,163.51999232,4,0.0,True,0,7808.753000000001,47.0
836.1058333333333,4579.085242564286,5769.655707837955,155.0,3,0.0,True,0,7808.895,47.0
841.8067774152391,4625.0,5804.0,149.8249952,3,0.0,True,0,7809.033,47.0
845.8391666666665,4659.002632087379,5826.16321257643,146.0,3,0.0,True,0,7809.135,47.0
852.4395619539584,4717.0,5858.0,138.416035863092,3,0.0,True,0,7809.313,47.0
858.7230078714925,4776.0,5881.0,130.74687506817043,3,0.0,True,0,7809.493,47.0
860.1366666666665,4793.161116768148,5885.085291384505,129.0,2,0.0,True,0,7809.534000000001,47.0
865.5588888888888,4871.573341115225,5897.107833456672,122.0,2,0.0,True,0,7809.694,47.0
867.4771191621351,4896.0,5900.0,120.10356937142858,2,0.0,True,0,7809.753000000001,47.0
874.3477777777777,4950.201541621594,5903.504267404565,113.0,2,0.0,True,0,7809.974,47.0
880.4289282543932,4997.0,5894.0,110.01500288,2,0.0,True,0,7810.173000000001,47.0
880.4588888888889,4997.335581471222,5893.915928507902,110.0,2,0.0,True,0,7810.174,47.0
886.8557838115648,5081.0,5871.0,105.43749866666667,2,0.0,True,0,7810.393,47.0
887.4588888888889,5087.042063183857,5869.253432992895,105.0,2,0.0,False,0,7810.414000000001,47.0
894.2588888888888,5124.480093414737,5854.4595320972,102.0,2,0.0,False,0,7810.654,47.0
897.0019541734437,5151.0,5835.0,100.51499904,2,0.0,False,0,7810.753000000001,47.0
899.7588888888888,5193.002202327162,5802.536042847092,99.0,2,0.0,False,0,7810.854,47.0
901.3489848834945,5216.0,5785.0,98.5083328,2,2.458336,False,0,7810.9130000000005,47.0
909.3588888888888,5251.555291287619,5765.977417789115,96.0,2,15.0,False,0,7811.214,47.0
915.3577219483719,5283.0,5709.0,97.82500053333334,2,22.908335644444445,False,0,7811.433,47.0
918.1246245666188,5315.0,5652.0,98.65833173333333,2,26.51943751111111,False,0,7811.533,47.0
919.2588888888888,5324.509001443423,5634.636788943467,99.0,2,28.0,False,0,7811.5740000000005,47.0
927.5672161402084,5336.0,5600.0,100.49500032,2,36.97000192,False,0,7811.8730000000005,47.0
930.4811111111111,5344.383793256167,5574.697208576408,101.0,2,40.0,False,0,7811.974,47.0
932.8173089564455,5352.0,5551.0,103.76499328,2,42.76499328,False,0,7812.053,47.0
936.4811111111111,5361.527454543123,5515.136682258483,108.0,2,47.0,False,0,7812.174,47.0
942.7588888888888,5372.987306704497,5455.8787066828845,113.0,2,51.0,False,0,7812.374,47.0
944.0372344208197,5375.0,5444.0,114.1374944,2,52.3812432,False,0,7812.4130000000005,47.0
946.0431058372633,5378.0,5425.0,115.88750186666667,2,54.506252266666664,False,0,7812.473,47.0
959.6922222222222,5395.360164267433,5247.64841354132,127.0,2,68.0,False,0,7812.854,47.0
960.4005127736945,5396.0,5241.0,127.33250112,2,64.76998912,False,0,7812.8730000000005,47.0
968.7501585585419,5403.0,5184.0,131.18249664,2,27.370032640000005,False,0,7813.093,47.0
974.5811111111111,5412.937920237457,5128.750527696139,134.0,2,0.0,True,0,7813.254,47.0
981.719817152011,5432.0,5052.0,124.06802286701466,2,0.0,True,0,7813.473,47.0
983.5529159941843,5438.0,5037.0,121.34694564672228,2,0.0,True,0,7813.533,47.0
988.546111111111,5467.773440554423,4978.182163652183,114.0,2,0.0,True,0,7813.695000000001,47.0
993.4794444444444,5503.696568023261,4914.532022157554,111.0,2,0.0,True,0,7813.8550000000005,47.0
994.603005916359,5510.0,4904.0,109.5750048,2,0.0,True,0,7813.893,47.0
1000.2794444444444,5530.362070510532,4875.760347001361,102.0,1,0.0,True,0,7814.095,47.0
1002.9832709827017,5542.0,4864.0,100.36666453333333,1,0.0,True,0,7814.193,47.0
1006.8127777777777,5568.166494454774,4838.08202976742,98.0,1,0.0,True,0,7814.335,47.0
1009.845414076498,5593.0,4815.0,95.0500032,1,0.0,True,0,7814.453,47.0
1013.340207124181,5621.0,4792.0,91.5499968,1,0.0,True,0,7814.593,47.0
1013.8905555555555,5625.346796956608,4788.698748444176,91.0,1,0.0,False,0,7814.615000000001,47.0
1017.8905555555555,5657.1465018436575,4766.874220885161,90.0,1,0.0,False,0,7814.775000000001,47.0
1020.3001461175091,5680.0,4755.0,89.0812488,1,0.6125008,False,0,7814.8730000000005,47.0
1025.6238888888888,5741.56357133639,4733.116895468172,87.0,1,2.0,False,0,7815.095,47.0
1026.0478772685362,5746.0,4732.0,86.83636247272727,1,2.0818187636363636,False,0,7815.113,47.0
1034.802636458911,5817.0,4735.0,83.38181934545455,1,3.8090903272727274,False,0,7815.493,47.0
1035.7683333333332,5826.258955420551,4737.879649362131,83.0,1,4.0,False,0,7815.535,47.0
1036.643433719983,5835.0,4741.0,83.0,1,4.0,False,0,7815.573,47.0
1039.457222222222,5864.401535045429,4755.018240457332,83.0,1,4.0,False,0,7815.695000000001,47.0
1045.8664719141595,5933.0,4804.0,83.0,1,16.953396082375093,False,0,7815.973,47.0
1045.889722222222,5933.2272240353805,4804.196449112719,83.0,1,17.0,False,0,7815.974,47.0
1051.5563888888887,5982.521928122992,4853.682628481955,85.0,1,29.0,False,0,7816.214,47.0
1053.9843896081377,5998.0,4871.0,86.76785828571428,1,32.53571657142857,False,0,7816.313,47.0
1058.5563888888887,6017.245911605132,4893.779989509181,90.0,1,39.0,False,0,7816.494000000001,47.0
1064.3096218249962,6039.0,4923.0,94.56250133333333,1,46.30000213333334,False,0,7816.713000000001,47.0
1064.889722222222,6041.951978898639,4927.047031691388,95.0,1,47.0,False,0,7816.734,47.0
1068.8860076686547,6064.0,4958.0,99.42272930909091,1,48.89545541818182,False,0,7816.8730000000005,47.0
1077.5490575343313,6106.0,5026.0,108.33182021818182,1,52.71363723636364,False,0,7817.153,47.0
1078.2119444444443,6109.074369162936,5031.389372726853,109.0,2,53.0,False,0,7817.174,47.0
1083.2793640857326,6132.0,5074.0,112.9749952,2,57.542851657142855,False,0,7817.3330000000005,47.0
1087.2341666666664,6148.461973971266,5109.334344563689,116.0,2,61.0,False,0,7817.454000000001,47.0
1087.8654991441088,6151.0,5115.0,116.66500224,2,61.38000128,False,0,7817.473,47.0
1094.0318507624415,6175.0,5171.0,122.96499328,2,64.97999616,False,0,7817.653,47.0
1094.0674999999999,6175.13721552602,5171.340646478166,123.0,2,65.0,False,0,7817.654,47.0
1103.0674999999999,6209.507556278157,5263.955399089342,135.0,2,72.0,False,0,7817.894,47.0
1107.769782314792,6225.0,5310.0,139.95832533333333,2,75.96666026666666,False,0,7818.013,47.0
1112.7341666666666,6238.526318649967,5353.356016265953,145.0,3,80.0,False,0,7818.134,47.0
1124.9776088212434,6266.0,5455.0,157.95356251428572,3,85.97856731428571,False,0,7818.4130000000005,47.0
1125.0230555555554,6266.108207940581,5455.427502239579,158.0,3,86.0,False,0,7818.414000000001,47.0
1129.569549988651,6277.0,5499.0,162.9500032,3,89.96000256,False,0,7818.513,47.0
1134.3563888888887,6287.176353768133,5539.595627564391,168.0,3,94.0,False,0,7818.6140000000005,47.0
1140.2552758756083,6299.0,5599.0,174.3749897142857,3,96.54999588571428,False,0,7818.733,47.0
1148.589722222222,6317.450123710939,5735.57011564079,183.0,4,100.0,False,0,7818.894,47.0
1157.0862566429882,6332.0,5863.0,188.74165973333334,4,100.0,False,0,7819.053,47.0
1168.189722222222,6336.0759255396615,5922.898737631331,196.0,4,100.0,False,0,7819.254,47.0
1173.8012367525557,6332.0,5973.0,199.7125024,4,100.0,False,0,7819.353,47.0
1185.4923282821235,6312.0,6168.0,207.25,4,100.0,False,0,7819.554,47.0
1186.6786111111107,6309.3867223709185,6186.773080253096,208.0,5,100.0,False,0,7819.5740000000005,47.0
1206.1452777777774,6256.1626809989875,6404.605263208077,219.0,5,100.0,False,0,7819.894,47.0
1217.2569409204884,6231.0,6475.0,222.4709159837635,5,100.0,False,0,7820.073,47.0
1228.8080555555553,6213.499987134289,6519.598207685429,226.0,5,100.0,False,0,7820.255,47.0
1233.8756117475846,6201.0,6546.0,229.24999466666668,5,100.0,False,0,7820.3330000000005,47.0
1244.5413888888884,6156.924990250292,6632.572294333995,236.0,5,100.0,False,0,7820.495,47.0
1254.9856422210703,6101.0,6732.0,237.9749984,5,100.0,False,0,7820.653,47.0
1255.1191666666662,6100.27572146882,6733.191251180613,238.0,6,100.0,False,0,7820.655000000001,47.0
1272.6833015732589,6002.0,6876.0,243.73333617777777,6,100.0,False,0,7820.9130000000005,47.0
1279.719166666666,5958.729166803388,6930.552555668574,246.0,6,100.0,False,0,7821.015,47.0
1283.7283291705824,5933.0,6961.0,247.16000256,6,100.0,False,0,7821.073,47.0
1293.6080555555552,5866.758468449772,7033.0700083247,250.0,6,100.0,False,0,7821.215,47.0
1294.8732819613983,5858.0,7042.0,250.40000284444446,6,100.0,False,0,7821.233,47.0
1307.6943181417196,5766.0,7129.0,254.39999715555555,6,100.0,False,0,7821.4130000000005,47.0
1317.811278919833,5690.0,7194.0,257.5111139555556,6,100.0,False,0,7821.553,47.0
1319.4080555555552,5677.8331380777945,7204.149982468044,258.0,6,100.0,False,0,7821.575,47.0
1333.865924492998,5566.0,7295.0,261.7124976,6,100.0,False,0,7821.773,47.0
1342.8747222222219,5494.948349072128,7349.967472144659,264.0,6,100.0,False,0,7821.895,47.0
1348.681031509184,5449.0,7385.0,265.5166641777778,6,100.0,False,0,7821.973,47.0
1369.9747222222218,5281.516735624676,7513.2109346168545,271.0,7,100.0,False,0,7822.255,47.0
1372.8798465364573,5259.0,7531.0,271.7388864,7,100.0,False,0,7822.293000000001,47.0
1388.3032705222313,5141.0,7627.0,275.62777528888887,7,100.0,False,0,7822.493,47.0
1394.5106848784683,5094.0,7666.0,277.18333084444447,7,100.0,False,0,7822.573,47.0
1397.7747222222217,5069.6400953287375,7686.224628761749,278.0,7,100.0,False,0,7822.615000000001,47.0
1413.3077777777773,4957.519393431781,7779.286509803199,281.0,7,100.0,False,0,7822.814,47.0
1421.1137917372641,4903.0,7825.0,282.3750008888889,7,100.0,False,0,7822.9130000000005,47.0
1437.0333449988798,4782.0,7928.0,285.1527786666667,7,100.0,False,0,7823.113,47.0
1441.9077777777773,4729.2229987756045,7973.297726046127,286.0,7,100.0,False,0,7823.174,47.0
1457.860407487907,4540.0,8136.0,288.1321408,7,100.0,False,0,7823.3730000000005,47.0
1464.385555555555,4492.695935226537,8176.48753328628,289.0,7,100.0,False,0,7823.454000000001,47.0
1483.8522222222218,4421.9521398434,8236.539308275682,292.0,7,100.0,False,0,7823.694,47.0
1487.0366041621933,4404.0,8252.0,292.4874976,7,100.0,False,0,7823.733,47.0
1501.7949919586417,4293.0,8348.0,294.7375008,7,100.0,False,0,7823.9130000000005,47.0
1503.5188888888883,4279.9283617542005,8359.27309160192,295.0,7,100.0,False,0,7823.934,47.0
1519.963333333333,4158.65737394188,8463.315116961827,296.0,7,100.0,False,0,7824.134,47.0
1523.1856684982586,4131.0,8487.0,296.4178550857143,7,100.0,False,0,7824.173000000001,47.0
1543.1354487531794,3942.0,8649.0,298.98928365714283,7,100.0,False,0,7824.4130000000005,47.0
1543.2188888888882,3941.3675999234338,8649.544080530719,299.0,7,100.0,False,0,7824.414000000001,47.0
1559.9411111111103,3847.211619080655,8731.178421896535,301.0,7,100.0,False,0,7824.6140000000005,47.0
1563.2078649783948,3828.0,8748.0,301.09749952,7,100.0,False,0,7824.653,47.0
1586.6993814591426,3653.0,8902.0,301.79749952,7,100.0,False,0,7824.933,47.0
1593.496666666666,3603.273472861739,8945.839032172604,302.0,7,100.0,False,0,7825.014,47.0
1606.9188888888882,3507.001952816072,9030.722312093354,302.0,7,100.0,False,0,7825.174,47.0
1613.5435183051513,3451.0,9080.0,302.0,7,100.0,False,0,7825.253000000001,47.0
1623.696666666666,3351.8379843350335,9167.119703888842,302.0,7,100.0,False,0,7825.374,47.0
1630.3387512458612,3287.0,9224.0,302.2821421714286,7,100.0,False,0,7825.453,47.0
1647.2633333333329,3143.8031255984597,9349.277407898468,303.0,7,100.0,False,0,7825.654,47.0
1660.641539488145,3034.0,9445.0,303.0,7,100.0,False,0,7825.813,47.0
1664.0966666666661,3003.9832700094466,9471.131657738695,303.0,7,100.0,False,0,7825.854,47.0
1677.6077777777773,2880.1680681226553,9578.788632559601,304.0,7,100.0,False,0,7826.014,47.0
1697.7916375012921,2728.0,9711.0,304.0,7,100.0,False,0,7826.253000000001,47.0
1704.6299999999997,2699.0723535799148,9736.164064181778,304.0,7,100.0,False,0,7826.334,47.0
1719.740945708379,2651.0,9778.0,304.0,7,100.0,False,0,7826.513,47.0
1724.9811111111107,2626.570564787615,9799.221843886031,304.0,7,100.0,False,0,7826.575,47.0
1748.7033333333331,2446.720403506843,9956.47409723154,305.0,7,100.0,False,0,7826.8550000000005,47.0
1751.9275302526826,2410.0,9989.0,305.09499968,7,100.0,False,0,7826.893,47.0
1767.2126992145277,2218.0,10160.0,305.54500032,7,100.0,False,0,7827.073,47.0
1782.703333333333,2130.072911319329,10238.854956870204,306.0,7,100.0,False,0,7827.255,47.0
1792.771209782678,2088.0,10277.0,305.57857188571427,7,100.0,False,0,7827.3730000000005,47.0
1806.4255555555553,1997.6800079782013,10358.88326331964,305.0,7,100.0,False,0,7827.535,47.0
1819.2633656629334,1887.0,10457.0,294.4666752,7,34.16672,False,0,7827.693,47.0
1825.692222222222,1825.9690583552785,10509.465777942813,289.0,7,0.0,True,0,7827.775000000001,47.0
1836.1084653876721,1729.0,10591.0,275.1999872,7,0.0,True,0,7827.9130000000005,47.0
1840.6366666666663,1694.4026680006743,10619.499585266421,269.0,7,0.0,True,0,7827.975,47.0
1854.5012602516424,1603.0,10690.0,252.17001088,7,0.0,True,0,7828.173000000001,47.0
1854.6366666666663,1601.968702651225,10690.741260547922,252.0,7,0.0,True,0,7828.175,47.0
1867.6200384724002,1489.0,10767.0,236.16001024,7,0.0,True,0,7828.3730000000005,47.0
1867.7477777777776,1487.8529913130187,10767.720092288811,236.0,6,0.0,True,0,7828.375,47.0
1881.2939109074293,1367.0,10836.0,224.19165973333332,6,0.0,True,0,7828.593,47.0
1882.6144444444442,1355.0039071922442,10841.855740154002,223.0,5,0.0,True,0,7828.615000000001,47.0
1891.9477777777774,1268.2496533690967,10879.210490863736,210.0,5,0.0,True,0,7828.775000000001,47.0
1895.2141364515205,1237.0,10891.0,206.51999232,5,0.0,True,0,7828.8330000000005,47.0
1902.9477777777774,1160.9653230669358,10916.43084194798,198.0,4,0.0,True,0,7828.975,47.0
1908.0658143957162,1110.0,10930.0,193.58999424,4,0.0,True,0,7829.073,47.0
1917.0355392328677,1020.0,10945.0,185.49000576,4,0.0,True,0,7829.253000000001,47.0
1922.9477777777774,957.2849758386792,10949.035606813952,180.0,4,0.0,True,0,7829.375,47.0
1931.3919301269966,865.0,10949.0,174.54595805308827,4,0.0,True,0,7829.553,47.0
1935.1251190924675,825.0,10948.0,172.09470500818628,4,0.0,True,0,7829.633,47.0
1939.800833333333,777.6670378198439,10945.615530725881,169.0,3,0.0,True,0,7829.734,47.0
1944.3434248699791,734.0,10941.0,166.5249984,3,0.0,True,0,7829.8330000000005,47.0
1948.911944444444,691.2651252072835,10932.945744689625,164.0,3,0.0,True,0,7829.934,47.0
1954.181038813292,642.0,10919.0,160.281256,3,0.0,True,0,7830.053,47.0
1955.978611111111,624.9321877692324,10913.043776343808,159.0,3,0.0,True,0,7830.094,47.0
1964.616606836827,543.0,10877.0,156.5125024,3,0.8291658666666667,True,0,7830.293000000001,47.0
1966.3786111111108,526.9330008575182,10868.58892412229,156.0,3,1.0,False,0,7830.334,47.0
1973.178611111111,468.0627254164321,10833.32628651611,153.0,3,5.0,False,0,7830.494000000001,47.0
1975.6323636722466,449.0,10820.0,151.96749888,3,5.88500096,False,0,7830.553,47.0
1985.332630260137,380.0,10753.0,147.76749888,3,9.48500096,False,0,7830.793000000001,47.0
1989.4008333333331,342.5366752037934,10700.27941263101,146.0,3,11.0,False,0,7830.894,47.0
1993.407655699229,309.0,10649.0,146.0,3,17.187504,False,0,7830.993,47.0
2002.378611111111,277.5522800803167,10592.219153346674,146.0,3,31.0,False,0,7831.214,47.0
2006.3786693799614,267.0,10568.0,146.0,3,35.537502933333336,False,0,7831.313,47.0
2012.1119444444444,245.23585692556856,10518.53925375461,146.0,3,42.0,False,0,7831.454000000001,47.0
2017.8954402561321,224.0,10463.0,148.171876,3,45.4750016,False,0,7831.593,47.0
2025.5341666666666,207.37231614977605,10391.832604393068,151.0,3,50.0,False,0,7831.774,47.0
2026.3357426175494,206.0,10383.0,151.13571474285715,3,50.33928685714286,False,0,7831.793000000001,47.0
2037.3906682151662,192.0,10244.0,152.99285577142857,3,54.98213942857143,False,0,7832.053,47.0
2037.4341666666667,191.9687888159005,10243.562321335949,153.0,3,55.0,False,0,7832.054,47.0
2048.982867292463,188.0,10156.0,159.4750016,3,59.046876,False,0,7832.313,47.0
2051.7452777777776,186.73542849246004,10130.572383508423,161.0,3,60.0,False,0,7832.374,47.0
2058.047959765339,183.0,10065.0,162.7375008,3,53.9187472,False,0,7832.513,47.0
2058.989722222222,182.4112069507597,10055.250162613367,163.0,3,53.0,True,0,7832.534000000001,47.0
2067.7441140472265,176.0,9966.0,158.0,3,15.142857142857146,True,0,7832.734,47.0
2071.1230555555553,172.382775556609,9931.963551395786,156.0,3,0.0,True,0,7832.814,47.0
2076.815781827019,163.0,9874.0,148.1812464,3,0.0,True,0,7832.953,47.0
2077.6563888888886,161.00996952102327,9865.20877610349,147.0,3,0.0,True,0,7832.974,47.0
2088.3904969038635,122.0,9752.0,139.1775739170241,3,0.0,True,0,7833.253000000001,47.0
2089.961388888889,114.78454645386714,9737.079016022963,138.0,2,0.0,True,0,7833.295,47.0
2095.7950950211725,85.0,9686.0,134.0500032,2,0.0,True,0,7833.453,47.0
2100.150277777778,59.06903790202266,9649.629679177779,131.0,2,0.0,True,0,7833.575,47.0
2104.1935924558184,32.0,9617.0,128.4522754909091,2,0.0,True,0,7833.693,47.0
2126.266947605923,-160.0,9477.0,112.90682094545454,2,0.0,True,0,7834.4130000000005,47.0
2127.5280555555555,-171.77936247182433,9471.919234674733,112.0,2,0.0,True,0,7834.455,47.0
2131.672380033968,-211.0,9458.0,108.5499968,2,0.0,True,0,7834.593,47.0
2132.3280555555557,-217.41225841980244,9456.272159788881,108.0,2,0.0,True,0,7834.615000000001,47.0
2135.223470407367,-246.0,9450.0,106.7749984,2,0.0,True,0,7834.713000000001,47.0
2139.3280555555557,-284.12263063711805,9443.38636322143,105.0,2,0.0,False,0,7834.8550000000005,47.0
2143.7401403695967,-331.0,9442.0,101.708336,2,0.0,False,0,7835.013,47.0
2145.994722222222,-361.5332747544484,9445.021560295922,100.0,2,0.0,False,0,7835.095,47.0
2150.8506713438874,-428.0,9457.0,98.8874992,2,2.2250015999999997,False,0,7835.273,47.0
2154.7058333333334,-458.136437894222,9466.462848281055,98.0,2,4.0,False,0,7835.415,47.0
2160.0867733200976,-488.0,9484.0,98.0,2,19.674989866666667,False,0,7835.613,47.0
2161.2391666666667,-497.16836866709076,9489.341779517948,98.0,2,23.0,False,0,7835.655000000001,47.0
2164.5075579661316,-526.0,9507.0,99.4749984,2,25.2124976,False,0,7835.773,47.0
2165.683611111111,-535.8252273997322,9513.957663655914,100.0,2,26.0,False,0,7835.8150000000005,47.0
2170.1732734913567,-570.0,9542.0,101.9749984,2,31.924995199999998,False,0,7835.973,47.0
2172.550277777778,-586.2463172776198,9556.397536050154,103.0,2,35.0,False,0,7836.055,47.0
2175.4367823182542,-607.0,9578.0,104.40501943397403,2,30.08243198109087,False,0,7836.153,47.0
2180.842777777778,-656.257033878271,9643.423879954207,107.0,2,21.0,False,0,7836.334,47.0
2183.1985522071964,-674.0,9669.0,107.0,2,15.0750144,False,0,7836.4130000000005,47.0
2189.165,-695.6481803471754,9704.361066426161,107.0,2,0.0,False,0,7836.6140000000005,47.0
2193.2510414067324,-705.0,9726.0,105.84166613333333,2,0.0,False,0,7836.753000000001,47.0
2196.165,-714.3784248196055,9748.852648356095,105.0,2,0.0,False,0,7836.854,47.0
2203.3321066581843,-742.0,9823.0,101.46818094545455,2,1.7659095272727272,False,0,7837.113,47.0
2207.6899430606645,-754.0,9866.0,99.28636276363636,2,2.8568186181818183,False,0,7837.273,47.0
2208.265,-755.3277296505884,9871.665145069936,99.0,1,3.0,False,0,7837.294,47.0
2212.665,-763.7893329463424,9915.499863730842,99.0,1,7.0,False,0,7837.454000000001,47.0
2214.840666708493,-767.0,9937.0,99.0,1,7.39499904,False,0,7837.533,47.0
2218.165,-770.7541802003495,9969.367941047614,99.0,1,8.0,False,0,7837.654,47.0
2220.866557350907,-773.0,9996.0,98.50499968,1,9.98000128,False,0,7837.753000000001,47.0
2223.6094444444443,-774.6600509246223,10023.675209216173,98.0,1,12.0,False,0,7837.854,47.0
2224.666117883825,-775.0,10034.0,97.86071497142858,1,11.860714971428571,False,0,7837.893,47.0
2229.5216720349554,-774.0,10083.0,97.21785691428572,1,11.217856914285715,False,0,7838.073,47.0
2231.1538888888886,-772.8611422298537,10106.742845508856,97.0,1,11.0,False,0,7838.134,47.0
2235.371903344885,-769.0,10174.0,96.11666773333333,1,6.141672533333334,False,0,7838.293000000001,47.0
2240.6538888888886,-765.4750318924335,10210.934818285315,95.0,1,0.0,False,0,7838.494000000001,47.0
2244.293541249742,-762.0,10232.0,94.42083306666666,1,0.0,False,0,7838.633,47.0
2246.9205555555554,-758.146697021534,10256.407778279947,94.0,1,0.0,False,0,7838.734,47.0
2250.5000018869473,-752.0,10294.0,93.36818152727272,1,2.527273890909091,False,0,7838.8730000000005,47.0
2256.6118520840278,-739.0,10354.0,92.27727243636363,1,6.890910254545455,False,0,7839.113,47.0
2258.165,-732.2919071467525,10379.993003835436,92.0,1,8.0,False,0,7839.174,47.0
2263.2620409219307,-704.0,10483.0,92.0,1,10.727272727272727,False,0,7839.374,47.0
2269.4094444444445,-679.9501219459003,10554.984204425567,92.0,1,14.0,False,0,7839.6140000000005,47.0
2272.998301005572,-669.0,10583.0,92.86335477797954,1,17.453419111918155,False,0,7839.753000000001,47.0
2273.5686111111113,-667.3313599668977,10587.246235295945,93.0,1,18.0,False,0,7839.775000000001,47.0
2279.835277777778,-650.0769245507977,10630.711881290214,94.0,1,21.0,False,0,7840.015,47.0
2284.0096853682085,-637.0,10663.0,94.78999936,1,22.57999872,False,0,7840.173000000001,47.0
2290.5019444444447,-612.0305630067525,10722.518913654138,96.0,1,25.0,False,0,7840.415,47.0
2290.9910396589366,-610.0,10727.0,96.27000192,1,25.0,False,0,7840.433,47.0
2296.0019444444447,-588.9608600483158,10771.564271255616,99.0,1,25.0,False,0,7840.615000000001,47.0
2297.0711222541736,-585.0,10781.0,99.4749984,1,23.6937544,False,0,7840.653,47.0
2297.6373697728136,-583.0,10786.0,99.7250016,1,23.0062456,False,0,7840.673000000001,47.0
2304.5309434372302,-554.0,10847.0,102.7250016,1,14.7562456,False,0,7840.9130000000005,47.0
2305.1575000000003,-550.8052434413457,10853.375236507474,103.0,2,14.0,False,0,7840.935,47.0
2313.0130555555556,-507.2328806061907,10939.647885684331,101.0,2,0.0,False,0,7841.215,47.0
2313.514313120171,-505.0,10944.0,100.8874992,2,0.0,False,0,7841.233,47.0
2317.4575,-491.15675436728424,10970.521047093891,100.0,2,0.0,False,0,7841.375,47.0
2322.907856038737,-469.0,11012.0,99.17500053333333,2,0.0,False,0,7841.573,47.0
2324.0575,-461.16076940702703,11026.816305198323,99.0,2,0.0,False,0,7841.615000000001,47.0
2328.905723362164,-423.0,11099.0,98.10999936,2,2.67000192,False,0,7841.793000000001,47.0
2329.5019444444442,-419.27380196914635,11105.996540045315,98.0,2,3.0,False,0,7841.8150000000005,47.0
2340.279722222222,-385.2489963247431,11166.651051092576,97.0,2,10.0,False,0,7842.215,47.0
2341.310269686484,-381.0,11174.0,97.18999936,2,10.0,False,0,7842.253000000001,47.0
2345.6695230007667,-359.0,11212.0,97.98999936,2,10.0,False,0,7842.4130000000005,47.0
2345.7241666666664,-358.7287803543104,11212.45995689192,98.0,2,10.0,False,0,7842.415,47.0
2352.800526663291,-322.0,11272.0,98.58636392727273,2,10.586363927272727,False,0,7842.673000000001,47.0
2357.8241666666663,-278.89911549438204,11340.14918332681,99.0,2,11.0,False,0,7842.8550000000005,47.0
2358.8762651856746,-272.0,11351.0,99.1589952377586,2,11.635980951034389,False,0,7842.893,47.0
2364.4630555555555,-255.5197044402846,11376.165689750173,100.0,2,15.0,False,0,7843.094,47.0
2366.111920728183,-250.0,11384.0,100.1843752,2,14.078124,False,0,7843.153,47.0
2372.8507700400937,-211.0,11439.0,100.9343752,2,10.328123999999999,False,0,7843.393,47.0
2373.440833333333,-207.48540685217304,11443.97998277053,101.0,2,10.0,False,0,7843.414000000001,47.0
2377.906747637077,-182.0,11480.0,101.0,2,8.0125024,False,0,7843.573,47.0
2380.174166666666,-168.65727961616255,11498.357641673732,101.0,2,7.0,False,0,7843.654,47.0
2385.1551784213125,-139.0,11538.0,100.2541664,2,4.762499200000001,False,0,7843.8330000000005,47.0
2386.8408333333327,-129.4714860153629,11550.450366986308,100.0,2,4.0,False,0,7843.894,47.0
2392.3408333333327,-97.06919121884003,11591.654993801578,99.0,2,7.0,False,0,7844.094,47.0
2393.974514710517,-84.0,11608.0,99.3687504,2,9.5812528,False,0,7844.153,47.0
2396.785277777777,-57.14080277356275,11641.40553268963,100.0,2,14.0,False,0,7844.254,47.0
2398.4320598486693,-42.0,11660.0,100.29500032,2,14.88500096,False,0,7844.313,47.0
2402.3963888888884,-13.96059336778395,11693.30162180841,101.0,2,17.0,False,0,7844.454000000001,47.0
2410.4852777777774,22.780984842523402,11733.780196177953,104.0,2,22.0,False,0,7844.734,47.0
2411.630771623597,29.0,11741.0,104.41785508571428,2,22.417855085714287,False,0,7844.773,47.0
2414.587189368802,48.0,11763.0,105.4892864,2,23.4892864,False,0,7844.8730000000005,47.0
2418.8074999999994,93.87017418219274,11811.289378899133,107.0,2,25.0,False,0,7845.014,47.0
2421.2003324223338,118.0,11836.0,107.84642651428571,2,25.564284342857142,False,0,7845.093,47.0
2427.363055555555,148.4644302878662,11866.25784245412,110.0,2,27.0,False,0,7845.294,47.0
2431.6637102854747,166.0,11883.0,111.15833386666667,2,27.579166933333333,False,0,7845.433,47.0
2434.829722222222,185.62124084510145,11902.006887198479,112.0,2,28.0,False,0,7845.534000000001,47.0
2441.859078918575,238.0,11953.0,114.43333404444445,2,28.0,False,0,7845.753000000001,47.0
2446.4297222222217,268.77456980339895,11982.6308875928,116.0,2,28.0,False,0,7845.894,47.0
2447.7250962093744,280.0,11993.0,116.25,2,27.75,False,0,7845.934,47.0
2451.629722222222,324.4086961143376,12032.757086602003,117.0,2,27.0,False,0,7846.054,47.0
2455.5885385840384,369.0,12072.0,118.69394783065005,2,24.88256521168745,False,0,7846.173000000001,47.0
2461.074444444444,406.23097416470875,12104.502082509971,121.0,3,22.0,False,0,7846.335,47.0
2470.5674240642197,449.0,12139.0,122.7374992,3,17.656252000000002,False,0,7846.613,47.0
2472.0077777777774,459.74043076699587,12147.370340494399,123.0,3,17.0,False,0,7846.655000000001,47.0
2477.4391873939903,506.0,12183.0,123.6583328,3,17.6583328,False,0,7846.813,47.0
2480.274444444444,527.5194949029016,12199.215690511126,124.0,3,18.0,False,0,7846.895,47.0
2483.682582876434,556.0,12220.0,124.6125008,3,19.531252,False,0,7846.993,47.0
2491.4744444444436,646.9546877160617,12283.808431918356,126.0,3,23.0,False,0,7847.215,47.0
2492.10981859993,653.0,12288.0,126.12857234285714,3,23.128572342857144,False,0,7847.233,47.0
2501.4299999999994,705.3999416888593,12323.197973628077,128.0,3,25.0,False,0,7847.495,47.0
2503.5180787985405,718.0,12331.0,128.4833344,3,25.64444586666667,False,0,7847.553,47.0
2511.521707197918,786.0,12371.0,130.3166656,3,28.088887466666666,False,0,7847.773,47.0
2514.5299999999993,817.8805110883638,12388.17972440426,131.0,3,29.0,False,0,7847.8550000000005,47.0
2520.4411111111103,884.0492504022385,12421.973296738874,133.0,3,30.0,False,0,7848.015,47.0
2522.6062528991924,904.0,12432.0,133.7250016,3,30.3625008,False,0,7848.073,47.0
2526.4411111111103,932.471487835141,12446.153369089467,135.0,3,31.0,False,0,7848.175,47.0
2532.4313807214717,972.0,12465.0,136.1285705142857,3,33.257141028571425,False,0,7848.3330000000005,47.0
2537.096666666666,1012.6042199413783,12483.525054750487,137.0,3,35.0,False,0,7848.455,47.0
2540.8687409416852,1048.0,12499.0,137.98000128,3,35.49000064,False,0,7848.553,47.0
2544.818888888888,1084.4510921938536,12514.070714468055,139.0,3,36.0,False,0,7848.655000000001,47.0
2549.4209929798985,1127.0,12531.0,140.17999872,3,37.17999872,False,0,7848.773,47.0
2552.652222222221,1157.4382833345712,12543.030209835924,141.0,3,38.0,False,0,7848.8550000000005,47.0
2560.5954605921775,1230.0,12571.0,143.8285696,3,40.1214272,False,0,7849.053,47.0
2563.929999999999,1256.9952106231553,12580.7731089767,145.0,3,41.0,False,0,7849.135,47.0
2569.5903957864293,1315.0,12600.0,146.7250016,3,42.2937512,False,0,7849.273,47.0
2577.0901660446007,1441.0,12639.0,148.9749984,3,43.9812488,False,0,7849.453,47.0
2577.1744444444435,1442.1733704413484,12639.35676360926,149.0,3,44.0,False,0,7849.455,47.0
2589.1094444444434,1518.5740380298748,12660.937622212377,154.0,3,47.0,False,0,7849.734,47.0
2595.147728427947,1557.0,12670.0,156.08500096,3,47.69500032,False,0,7849.8730000000005,47.0
2597.8316666666656,1582.910902438224,12676.270419016653,157.0,3,48.0,False,0,7849.934,47.0
2604.987222222221,1670.93448141561,12697.587245843366,161.0,3,49.0,False,0,7850.094,47.0
2607.6522034637687,1703.0,12705.0,161.7375008,3,49.4916672,False,0,7850.153,47.0
2615.920555555554,1792.7804212190122,12724.139250420658,164.0,4,51.0,False,0,7850.334,47.0
2625.2299220449927,1883.0,12741.0,167.553568,4,51.0,False,0,7850.533,47.0
2629.0649999999987,1919.2930284545223,12747.292269579588,169.0,4,51.0,False,0,7850.6140000000005,47.0
2638.6205555555543,2007.9609075175733,12761.450711586851,172.0,4,51.0,False,0,7850.814,47.0
2647.296783460754,2088.0,12773.0,174.2375008,4,52.4916672,False,0,7850.993,47.0
2650.2872222222213,2115.597071656566,12776.745281159281,175.0,4,53.0,False,0,7851.054,47.0
2660.2316666666657,2207.563191609469,12788.380014542148,179.0,4,54.0,False,0,7851.254,47.0
2666.2680711020475,2265.0,12795.0,180.98333013333334,4,54.33055502222222,False,0,7851.3730000000005,47.0
2675.554909641237,2356.0,12805.0,183.9833344,4,54.830555733333334,False,0,7851.553,47.0
2678.7316666666657,2387.1532652211686,12808.770081479837,185.0,4,55.0,False,0,7851.6140000000005,47.0
2683.917418859834,2438.0,12815.0,187.4750016,4,55.6187504,False,0,7851.713000000001,47.0
2687.1316666666658,2469.6756568486835,12818.543284683019,189.0,4,56.0,False,0,7851.774,47.0
2697.7246180951174,2573.0,12829.0,191.4874976,4,55.17083413333334,False,0,7851.973,47.0
2699.9316666666655,2593.6578428177804,12831.125061008763,192.0,4,55.0,False,0,7852.014,47.0
2707.480854166391,2669.0,12839.0,194.78000128,4,55.0,False,0,7852.153,47.0
2710.8205555555546,2711.0373790931526,12843.374074262061,196.0,4,55.0,False,0,7852.214,47.0
2720.7581408399906,2844.0,12857.0,198.25,4,57.25,False,0,7852.394,47.0
2728.5983333333324,2907.6017879168967,12863.023773051076,200.0,5,59.0,False,0,7852.534000000001,47.0
2742.2386558148364,3012.0,12873.0,204.46728702151518,5,61.23364351075759,False,0,7852.773,47.0
2746.966666666666,3082.8093036561613,12880.538344798746,206.0,5,62.0,False,0,7852.8550000000005,47.0
2754.969575767152,3207.0,12894.0,208.5875024,5,61.1374992,False,0,7852.993,47.0
2756.255555555555,3221.1793800704504,12895.537422072965,209.0,5,61.0,False,0,7853.015,47.0
2768.088888888888,3283.132570719199,12902.2461516731,213.0,5,62.0,False,0,7853.215,47.0
2775.1560458965423,3336.0,12908.0,214.4749984,5,62.0,False,0,7853.3330000000005,47.0
2787.377777777777,3519.517687791084,12928.021988840888,217.0,5,62.0,False,0,7853.535,47.0
2793.3579520283656,3601.0,12937.0,218.40000182857142,5,62.350000457142855,False,0,7853.633,47.0
2804.5666666666657,3684.563080898858,12946.518221294671,221.0,5,63.0,False,0,7853.8150000000005,47.0
2816.940849489684,3749.0,12954.0,224.95999744,5,63.98999936,False,0,7854.013,47.0
2817.0666666666657,3749.932962697337,12954.104499168538,225.0,5,64.0,False,0,7854.015,47.0
2829.593743362865,3874.0,12968.0,227.4749984,5,60.700002133333335,False,0,7854.213000000001,47.0
2832.2666666666655,3910.400335643204,12972.221974545591,228.0,5,60.0,False,0,7854.255,47.0
2842.488888888888,4062.9873430092784,12990.31427643499,230.0,5,58.0,False,0,7854.415,47.0
2843.6411739815812,4077.0,12992.0,230.09000064,5,57.90999936,False,0,7854.433,47.0
2855.3222222222216,4168.333093362323,13003.313704194341,231.0,6,57.0,False,0,7854.615000000001,47.0
2868.1353649895796,4256.0,13015.0,232.64999893333334,6,53.700002133333335,False,0,7854.813,47.0
2870.8555555555545,4286.412750624968,13019.02162450019,233.0,6,53.0,False,0,7854.8550000000005,47.0
2881.2111111111103,4434.112843522709,13038.508371209837,233.0,6,46.0,False,0,7855.015,47.0
2887.5644156235244,4513.0,13049.0,233.0,6,40.283325866666665,False,0,7855.113,47.0
2896.744444444443,4589.770463879959,13059.429380239977,233.0,6,32.0,False,0,7855.255,47.0
2910.6417917079807,4679.0,13071.0,229.88571245714286,6,7.085699657142857,False,0,7855.473,47.0
2914.5555555555543,4715.497598277929,13075.286043024465,229.0,6,0.0,False,0,7855.535,47.0
2921.960394718896,4793.0,13084.0,227.31428754285713,6,0.0,False,0,7855.653,47.0
2932.0555555555543,4895.015267622693,13094.610742651472,225.0,6,0.0,False,0,7855.8150000000005,47.0
2935.6582631591027,4930.0,13098.0,224.5166656,6,0.0,False,0,7855.8730000000005,47.0
2946.7940469448413,5041.0,13107.0,223.01666773333332,6,0.0,False,0,7856.053,47.0
2954.255555555554,5141.543552193989,13111.367471550468,222.0,6,0.0,False,0,7856.175,47.0
2961.391123215969,5230.0,13114.0,219.0500032,6,0.0,False,0,7856.293000000001,47.0
2966.3111111111098,5268.293932489217,13114.803243889412,217.0,5,0.0,False,0,7856.375,47.0
2979.26035922307,5338.0,13108.0,214.2664566236576,5,2.0501575322567964,False,0,7856.593,47.0
2985.1852777777763,5405.39836332965,13096.35343147733,213.0,5,3.0,False,0,7856.694,47.0
2999.0116921880804,5602.0,13058.0,208.7321462857143,5,10.682136685714287,False,0,7856.933,47.0
3001.363055555554,5625.963620311198,13052.581185701336,208.0,5,12.0,False,0,7856.974,47.0
3015.029722222221,5708.051028024745,13027.04286705669,205.0,5,16.0,False,0,7857.214,47.0
3021.749039560562,5752.0,13008.0,203.5125024,5,18.2312464,False,0,7857.3330000000005,47.0
3024.051944444443,5770.606632307987,12999.697908845836,203.0,5,19.0,False,0,7857.374,47.0
3032.9142065090887,5853.0,12961.0,201.5093768,5,19.9937488,False,0,7857.533,47.0
3041.829722222221,5932.246700495369,12917.395241741007,200.0,5,21.0,False,0,7857.694,47.0
3047.308868509847,5979.0,12888.0,199.3812496,5,21.6187504,False,0,7857.793000000001,47.0
3050.6741666666653,6007.3943966717015,12868.719265139178,199.0,5,22.0,False,0,7857.854,47.0
3053.9165237263114,6034.0,12850.0,198.5083328,5,22.4916672,False,0,7857.9130000000005,47.0
3063.807499999999,6110.755649138839,12792.543494056086,197.0,5,24.0,False,0,7858.094,47.0
3065.9350105810067,6130.0,12776.0,196.8375008,5,24.3249984,False,0,7858.133,47.0
3076.8741666666656,6251.280148796229,12659.29409788197,196.0,5,26.0,False,0,7858.334,47.0
3082.231846147573,6299.0,12610.0,195.5499997090909,5,26.900000581818183,False,0,7858.433,47.0
3100.531420052577,6363.0,12523.0,194.00454632727272,5,29.990907345454545,False,0,7858.773,47.0
3100.585277777777,6363.251608000721,12522.609857771604,194.0,5,30.0,False,0,7858.774,47.0
3105.918590758167,6392.0,12478.0,194.0,5,30.412500266666665,False,0,7858.8730000000005,47.0
3113.5186111111097,6430.637157783467,12412.166598786378,194.0,5,31.0,False,0,7859.014,47.0
3116.7521733307026,6446.0,12384.0,194.0,5,31.3,False,0,7859.0740000000005,47.0
3124.2963888888876,6480.3741939587535,12316.933919252368,194.0,5,32.0,False,0,7859.214,47.0
3127.475765361553,6495.0,12286.0,194.0,5,32.0,False,0,7859.273,47.0
3145.798040996529,6578.0,12087.0,194.0,5,32.0,False,0,7859.613,47.0
3148.061388888888,6585.531735532206,12067.760416778241,194.0,5,32.0,False,0,7859.655000000001,47.0
3158.8391666666653,6610.681095075275,11999.793004335446,194.0,5,32.0,False,0,7859.8550000000005,47.0
3168.4314648508007,6640.0,11903.0,194.0,5,32.89000064,False,0,7860.033,47.0
3180.2869405881574,6693.0,11716.0,194.0,5,33.98999936,False,0,7860.253000000001,47.0
3180.394722222221,6693.3464607860915,11714.75548355106,194.0,5,34.0,False,0,7860.255,47.0
3189.016944444443,6707.970653854708,11660.560578196206,194.0,5,35.0,False,0,7860.415,47.0
3197.531454155266,6717.0,11623.0,194.0,5,36.9749984,False,0,7860.573,47.0
3197.6391666666655,6717.202352951078,11622.18445812639,194.0,5,37.0,False,0,7860.575,47.0
3206.1531837626667,6738.0,11539.0,194.0,5,40.9499968,False,0,7860.733,47.0
3206.2613888888877,6738.269971724563,11537.914538644223,194.0,5,41.0,False,0,7860.735000000001,47.0
3225.8383683822826,6783.0,11348.0,196.68499904,5,44.57999872,False,0,7861.093,47.0
3228.1502777777764,6788.899740972538,11320.31795097777,197.0,5,45.0,False,0,7861.135,47.0
3237.973502511425,6814.0,11198.0,198.4833344,5,45.7416672,False,0,7861.313,47.0
3241.4169444444433,6820.974295515449,11163.121166647463,199.0,5,46.0,False,0,7861.375,47.0
3254.7615606341597,6842.0,11051.0,201.2312488,5,49.718748,False,0,7861.613,47.0
3259.372499999999,6850.089447458391,11004.126419210785,202.0,5,51.0,False,0,7861.695000000001,47.0
3268.2493178986656,6866.0,10908.0,202.56428525714287,5,52.69285577142857,False,0,7861.853,47.0
3275.161388888888,6876.2866117983085,10842.755646934536,203.0,5,54.0,False,0,7861.975,47.0
3285.415762557303,6891.0,10740.0,206.708336,5,56.9666688,False,0,7862.153,47.0
3289.028055555554,6897.164870819849,10693.639961597231,208.0,5,58.0,False,0,7862.215,47.0
3295.9555939230213,6909.0,10602.0,209.6388871111111,5,58.32777742222222,False,0,7862.3330000000005,47.0
3310.3280555555543,6924.544393904898,10476.814134944523,213.0,5,59.0,False,0,7862.575,47.0
3320.972693845053,6933.0,10391.0,214.33500096,5,60.33500096,False,0,7862.753000000001,47.0
3323.372748640648,6935.0,10368.0,214.63500096,5,60.63500096,False,0,7862.793000000001,47.0
3334.328055555555,6945.75843399423,10253.966238745168,216.0,5,62.0,False,0,7862.975,47.0
3343.9563888888874,6955.149777001908,10151.647403152023,218.0,5,62.0,False,0,7863.134,47.0
3346.335057846555,6957.0,10128.0,218.4333312,5,62.0,False,0,7863.173000000001,47.0
3364.851469002867,6967.0,9957.0,221.76666737777776,5,62.0,False,0,7863.473,47.0
3366.1563888888872,6967.70664133691,9944.4019185324,222.0,5,62.0,False,0,7863.494000000001,47.0
3379.822256305934,6975.0,9808.0,224.34642925714286,5,62.0,False,0,7863.713000000001,47.0
3383.6563888888872,6976.282614568546,9771.209167510799,225.0,5,62.0,False,0,7863.774,47.0
3386.1151986702657,6977.0,9746.0,225.38999808,5,61.90250048,False,0,7863.813,47.0
3409.100833333332,6982.753465239818,9453.52086153877,229.0,5,61.0,False,0,7864.174,47.0
3410.3169293057795,6983.0,9443.0,229.09500032,5,60.80999936,False,0,7864.193,47.0
3425.714641572531,6986.0,9354.0,230.29500032,5,58.40999936,False,0,7864.433,47.0
3434.767499999999,6988.624681136706,9268.89784539167,231.0,6,57.0,False,0,7864.5740000000005,47.0
3441.12009099695,6991.0,9201.0,231.0,6,53.2874976,False,0,7864.673000000001,47.0
3445.0341666666654,6992.695177658798,9160.290914160001,231.0,6,51.0,False,0,7864.734,47.0
3516.9085827418908,7082.0,8457.0,231.0,6,39.41379310344828,False,0,7865.854,47.0
3519.4674999999984,7089.086399367232,8425.910661676406,231.0,6,39.0,False,0,7865.894,47.0
3532.3091666666646,7127.784490936856,8266.776489012718,230.0,6,36.0,False,0,7866.095,47.0
3536.0057872698408,7138.0,8227.0,229.7583328,6,36.7250016,False,0,7866.153,47.0
3547.575833333332,7165.147727346537,8127.952058894296,229.0,6,39.0,False,0,7866.335,47.0
3557.709166666665,7188.479576336539,8052.304691463805,228.0,6,39.0,False,0,7866.495,47.0
3560.110069703633,7195.0,8032.0,227.86428617142857,6,38.864286171428574,False,0,7866.533,47.0
3573.9782034923214,7239.0,7901.0,227.07857097142858,6,38.07857097142857,False,0,7866.753000000001,47.0
3575.3647222222207,7243.699555634623,7887.697282952221,227.0,6,38.0,False,0,7866.775000000001,47.0
3581.542536498657,7265.0,7829.0,226.72777742222223,6,35.27777422222222,False,0,7866.8730000000005,47.0
3594.112281423175,7310.0,7712.0,226.17222186666666,6,29.722218666666667,False,0,7867.073,47.0
3597.9647222222206,7324.449741354045,7675.793251231377,226.0,6,28.0,False,0,7867.135,47.0
3612.6980555555538,7381.344803334814,7535.83007812809,221.0,6,0.0,True,0,7867.375,47.0
3615.025325633118,7390.0,7514.0,220.7625008,6,0.0,True,0,7867.4130000000005,47.0
3622.475833333332,7416.878906837552,7444.596343712786,220.0,6,0.0,True,0,7867.535,47.0
3624.7759231999376,7425.0,7423.0,219.32143085714284,6,0.0,True,0,7867.573,47.0
3637.8996257925082,7469.0,7298.0,215.39285485714285,6,0.0,True,0,7867.793000000001,47.0
3639.198055555554,7472.909434324519,7285.710616230977,215.0,5,0.0,False,0,7867.8150000000005,47.0
3648.4547610577856,7498.0,7198.0,211.708336,5,1.9749983999999998,False,0,7867.973,47.0
3653.1980555555538,7509.076597515112,7151.382416166654,210.0,5,3.0,False,0,7868.055,47.0
3663.331284573522,7528.0,7052.0,206.6624976,5,11.343756,False,0,7868.233,47.0
3671.3313888888865,7536.578071480296,6976.330606818963,204.0,5,18.0,False,0,7868.375,47.0
3672.3442004887193,7537.0,6964.0,203.7749984,5,18.9000064,False,0,7868.393,47.0
3680.309166666665,7534.669660078909,6840.504666748043,202.0,4,26.0,False,0,7868.535,47.0
3682.4241934028364,7533.0,6808.0,201.43000192,4,26.9499968,False,0,7868.573,47.0
3691.36472222222,7522.6768717316645,6694.453611177883,199.0,4,31.0,False,0,7868.735000000001,47.0
3702.3091666666646,7504.756534411894,6601.289697196735,197.0,4,40.0,False,0,7868.935,47.0
3708.768804455203,7495.0,6555.0,197.0,4,41.4749984,False,0,7869.053,47.0
3711.06472222222,7491.759320209521,6539.693162013783,197.0,4,42.0,False,0,7869.095,47.0
3721.9536111111092,7475.849332187119,6466.981895168418,196.0,4,44.0,False,0,7869.295,47.0
3722.930489279754,7474.0,6459.0,195.90999936,4,44.09000064,False,0,7869.313,47.0
3732.7869444444427,7451.078166232717,6363.644596312019,195.0,4,45.0,False,0,7869.495,47.0
3734.8431671012404,7446.0,6343.0,195.0,4,44.5777792,False,0,7869.533,47.0
3746.748102003644,7417.0,6227.0,195.0,4,42.133331911111114,False,0,7869.753000000001,47.0
3752.2869444444427,7403.587462318928,6173.249907600487,195.0,5,41.0,False,0,7869.8550000000005,47.0
3760.94361111111,7383.28838250587,6089.0581078812775,196.0,5,35.0,False,0,7870.014,47.0
3761.975532437013,7381.0,6079.0,195.8812496,5,34.1687472,False,0,7870.033,47.0
3769.6102777777764,7365.009529810265,6004.775090984995,195.0,5,28.0,False,0,7870.174,47.0
3770.6370288830726,7363.0,5995.0,194.8812496,5,24.6749888,False,0,7870.193,47.0
3778.2324999999987,7349.209165933505,5924.7939134720145,194.0,5,0.0,False,0,7870.334,47.0
3785.6341194544384,7337.0,5848.0,191.91499904,5,0.0,False,0,7870.473,47.0
3788.84361111111,7331.9066804326285,5808.332943882414,191.0,5,0.0,False,0,7870.534000000001,47.0
3797.085573260047,7321.0,5703.0,187.687504,5,0.0,False,0,7870.693,47.0
3801.2436111111097,7318.290167971169,5662.668417330821,186.0,5,0.0,False,0,7870.774,47.0
3812.402420303418,7318.0,5582.0,183.65357074285714,5,2.3464292571428573,False,0,7870.993,47.0
3815.4769444444432,7318.368982472837,5557.288262958114,183.0,5,3.0,False,0,7871.054,47.0
3824.3978653783906,7327.0,5464.0,180.7624992,5,6.132501120000001,False,0,7871.233,47.0
3835.205827899919,7369.0,5292.0,178.0125024,5,9.98249664,False,0,7871.453,47.0
3835.2547222222215,7369.164520402464,5291.398231474697,178.0,4,10.0,False,0,7871.454000000001,47.0
3848.865833333333,7396.599774452903,5213.558990241901,175.0,4,17.0,False,0,7871.734,47.0
3852.685431035139,7408.0,5191.0,174.56111217777777,4,17.438887822222224,False,0,7871.813,47.0
3866.165833333333,7477.1200669887985,5053.699678777447,173.0,4,19.0,False,0,7872.094,47.0
3869.008044137477,7492.0,5026.0,172.4,4,17.5,False,0,7872.154,47.0
3883.070251979646,7557.0,4918.0,169.4,4,10.0,False,0,7872.454000000001,47.0
3884.9436111111104,7566.447466412681,4902.392629402697,169.0,4,9.0,False,0,7872.494000000001,47.0
3890.5226451968665,7596.0,4853.0,168.5062247319435,4,4.5560225874914755,False,0,7872.613,47.0
3896.190277777777,7626.552060139385,4801.838950831128,168.0,4,0.0,True,0,7872.735000000001,47.0
3900.658894847411,7650.0,4761.0,165.89999725714284,4,0.0,True,0,7872.8330000000005,47.0
3908.7902777777767,7688.709009858921,4686.429300062496,162.0,3,0.0,False,0,7873.015,47.0
3910.468183682447,7696.0,4671.0,161.472224,3,0.1055552,False,0,7873.053,47.0
3920.0649833493494,7733.0,4582.0,158.4166648888889,3,0.7166670222222222,False,0,7873.273,47.0
3924.4902777777766,7747.392492218587,4540.275033771626,157.0,3,1.0,False,0,7873.375,47.0
3930.4718673598773,7764.0,4483.0,156.1374992,3,5.312504,False,0,7873.513,47.0
3931.4236111111104,7766.322858740443,4473.758040547788,156.0,3,6.0,False,0,7873.535,47.0
3938.239274668781,7780.0,4407.0,155.60500032,3,6.39499968,False,0,7873.693,47.0
3947.699132758129,7788.0,4314.0,155.05499968,3,6.94500032,False,0,7873.9130000000005,47.0
3948.645833333332,7788.133175801344,4304.080839077299,155.0,3,7.0,False,0,7873.935,47.0
3955.534722222221,7785.240496178281,4227.14124488138,155.0,3,7.0,False,0,7874.095,47.0
3958.8936398156666,7780.0,4186.0,155.0,3,7.0,False,0,7874.173000000001,47.0
3969.312499999999,7746.47111104169,4045.4482847200725,155.0,3,7.0,False,0,7874.415,47.0
3974.3889654592604,7731.0,3992.0,155.0,3,7.0,False,0,7874.533,47.0
3977.9236111111104,7723.156906669287,3966.183411285081,155.0,3,7.0,False,0,7874.615000000001,47.0
3988.2569444444434,7702.507713451385,3916.74930052144,155.0,3,104.0,True,0,7874.8550000000005,47.0
3989.8587319330322,7696.0,3904.0,154.43000192,3,88.42005248,True,0,7874.893,47.0
3996.701388888888,7655.690901984718,3828.254654846829,152.0,3,22.0,False,0,7875.055,47.0
4003.869074636789,7612.0,3751.0,160.5583264,3,47.0166464,False,0,7875.213000000001,47.0
4007.7013888888873,7593.406610990203,3720.986786397377,165.0,3,60.0,False,0,7875.295,47.0
4017.145833333332,7554.5757460571085,3668.807311535647,170.0,3,63.0,False,0,7875.495,47.0
4020.8164388749456,7535.0,3646.0,170.0,3,63.4874992,False,0,7875.573,47.0
4024.7013888888873,7510.610794683153,3618.8224322178567,170.0,3,64.0,False,0,7875.655000000001,47.0
4031.4024538767308,7463.0,3570.0,174.14000384,3,64.69000064,False,0,7875.793000000001,47.0
4034.379274501272,7441.0,3550.0,175.93999616,3,64.98999936,False,0,7875.853,47.0
4034.479166666665,7440.254110063203,3549.3477277438224,176.0,4,65.0,False,0,7875.8550000000005,47.0
4046.7458333333316,7344.883055135753,3477.2757107698426,184.0,4,65.0,False,0,7876.095,47.0
4049.775328982417,7320.0,3461.0,185.0875024,4,65.3625008,False,0,7876.153,47.0
4061.4138738256665,7220.0,3402.0,189.2124976,4,66.7374992,False,0,7876.3730000000005,47.0
4063.6347222222207,7200.464669326522,3391.273433171322,190.0,4,67.0,False,0,7876.415,47.0
4069.857961672095,7145.0,3362.0,190.73981096129185,4,70.3291493258133,False,0,7876.533,47.0
4079.4893656935265,7058.0,3318.0,191.8683389856624,4,75.40752543548079,False,0,7876.713000000001,47.0
4080.648055555554,7047.688648513338,3312.4758088454396,192.0,4,76.0,False,0,7876.734,47.0
4088.509153305979,6981.0,3275.0,199.52917013333334,4,77.7375008,False,0,7876.8730000000005,47.0
4094.3147222222206,6939.6667373120845,3251.3333464282377,205.0,4,79.0,False,0,7876.974,47.0
4105.870277777776,6862.763953175133,3199.7785737769714,208.0,5,81.0,False,0,7877.174,47.0
4111.720030243499,6798.0,3142.0,210.82857325714286,5,83.12142994285715,False,0,7877.273,47.0
4121.383846031586,6667.0,3015.0,215.40000182857142,5,86.55000137142858,False,0,7877.433,47.0
4122.670277777776,6655.20631847072,3003.352222509432,216.0,5,87.0,False,0,7877.454000000001,47.0
4138.833533810885,6607.0,2952.0,223.2843768,5,92.6656264,False,0,7877.713000000001,47.0
4142.670277777776,6589.240962287756,2932.354203776928,225.0,5,94.0,False,0,7877.774,47.0
4152.759166666666,6518.0433988154655,2853.6253034241536,227.0,5,97.0,False,0,7877.934,47.0
4157.795145609585,6482.0,2811.0,228.57999616,5,98.18499712,False,0,7878.013,47.0
4165.592499999999,6430.655596003777,2745.317951156978,231.0,5,100.0,False,0,7878.134,47.0
4172.048326539336,6392.0,2693.0,233.12142994285713,5,100.0,False,0,7878.233,47.0
4184.025833333332,6323.751509410471,2594.742582807746,237.0,6,100.0,False,0,7878.414000000001,47.0
4185.295910923843,6315.0,2581.0,237.33250112,6,100.0,False,0,7878.433,47.0
4198.810699206742,6211.0,2408.0,240.83250112,6,100.0,False,0,7878.633,47.0
4211.1369444444435,6167.784165399189,2331.645536332174,244.0,6,100.0,False,0,7878.814,47.0
4220.668287527894,6142.0,2282.0,245.16666666666666,6,100.0,False,0,7878.954000000001,47.0
4227.536944444443,6112.652148317187,2225.905794071656,246.0,6,100.0,False,0,7879.054,47.0
4240.053659580842,6049.0,2103.0,250.4590773429927,6,100.0,False,0,7879.233,47.0
4247.284999999999,6016.266286065809,2037.4904461523001,253.0,6,100.0,False,0,7879.335,47.0
4254.2872415334405,5986.0,1976.0,254.8375024,6,100.0,False,0,7879.433,47.0
4265.819304962856,5936.0,1874.0,257.8375024,6,100.0,False,0,7879.593,47.0
4270.307222222221,5916.656515740449,1833.886540637696,259.0,6,100.0,False,0,7879.655000000001,47.0
4277.420356641616,5886.0,1770.0,260.05000137142855,6,100.0,False,0,7879.753000000001,47.0
4290.684999999999,5828.0232732858385,1650.8110202436053,262.0,6,100.0,False,0,7879.935,47.0
4297.850243338096,5797.0,1587.0,262.6125008,6,100.0,False,0,7880.033,47.0
4314.151666666666,5727.830207062041,1443.1017509485948,264.0,7,100.0,False,0,7880.255,47.0
4319.908712144823,5702.0,1389.0,264.9749984,7,100.0,False,0,7880.3330000000005,47.0
4325.973888888888,5673.380438665493,1328.9289403581524,266.0,7,100.0,False,0,7880.415,47.0
4334.718859824282,5632.0,1242.0,266.7374992,7,100.0,False,0,7880.533,47.0
4337.840555555555,5618.131522939439,1212.8975340074385,267.0,7,100.0,False,0,7880.575,47.0
4355.773888888889,5544.286095695412,1058.5108433681528,269.0,7,99.0,False,0,7880.8150000000005,47.0
4358.619727023793,5532.0,1033.0,269.18999936,7,99.18999936,False,0,7880.853,47.0
4367.616418322446,5491.0,948.0,269.78999936,7,99.78999936,False,0,7880.973,47.0
4370.773888888888,5475.631267334523,915.939457151379,270.0,7,100.0,False,0,7881.015,47.0
4385.884999999999,5396.381130903366,749.0313490804003,272.0,7,100.0,False,0,7881.215,47.0
4394.865802781731,5355.0,662.0,272.98333226666665,7,100.0,False,0,7881.3330000000005,47.0
4413.384999999999,5290.742171540106,528.6239435066738,275.0,7,100.0,False,0,7881.575,47.0
4419.358645312266,5269.0,484.0,275.32499946666667,7,100.0,False,0,7881.653,47.0
4431.785,5216.315725154747,376.2543289469989,276.0,7,100.0,False,0,7881.8150000000005,47.0
4437.7892208298545,5188.0,318.0,276.4874992,7,100.0,False,0,7881.893,47.0
4456.496111111111,5094.042979016865,122.88911765585888,278.0,7,100.0,False,0,7882.135,47.0
4459.441229348969,5081.0,96.0,278.18999936,7,99.81000064,False,0,7882.173000000001,47.0
4479.647173027315,5006.0,-57.0,279.49000064,7,98.50999936,False,0,7882.433,47.0
4487.607222222222,4973.453636551914,-124.9300596470967,280.0,7,98.0,False,0,7882.535,47.0
4501.544949768238,4912.0,-254.0,281.4833344,7,96.5166656,False,0,7882.713000000001,47.0
4506.407222222221,4890.747267439841,-298.0668618186408,282.0,7,96.0,False,0,7882.775000000001,47.0
4518.807922902015,4837.0,-409.0,282.56428525714284,7,93.74285897142857,False,0,7882.933,47.0
4528.418333333332,4795.62889146136,-495.4528102459493,283.0,7,92.0,False,0,7883.055,47.0
4534.588196908902,4769.0,-551.0,283.9749984,7,91.0250016,False,0,7883.133,47.0
4541.084999999998,4740.71909830263,-609.5223593816479,285.0,7,90.0,False,0,7883.215,47.0
4548.8481620433295,4707.0,-679.0,285.0,7,88.3621151443583,False,0,7883.313,47.0
4566.264056011758,4633.0,-832.0,285.0,7,84.68523985555612,False,0,7883.533,47.0
4569.505833333333,4619.041561312004,-861.048616984367,285.0,7,84.0,False,0,7883.5740000000005,47.0
4586.798227835258,4544.0,-1017.0,284.3916664888889,7,80.34999893333334,False,0,7883.793000000001,47.0
4597.905833333332,4496.18199489865,-1113.974090579372,284.0,7,78.0,False,0,7883.934,47.0
4600.974054556468,4481.0,-1145.0,283.80500096,7,76.83000576,False,0,7883.973,47.0
4613.628055555554,4408.004576914945,-1296.0115424709502,283.0,7,72.0,False,0,7884.134,47.0
4616.693170692627,4392.0,-1329.0,283.0,7,70.8625056,False,0,7884.173000000001,47.0
4632.494722222222,4332.709053112505,-1448.6973923654402,283.0,7,65.0,False,0,7884.374,47.0
4641.855652489583,4301.0,-1512.0,283.0,7,63.01666986666667,False,0,7884.493,47.0
4651.361388888888,4263.3177620435345,-1587.8964061995653,283.0,7,61.0,False,0,7884.6140000000005,47.0
4659.116206746112,4224.0,-1667.0,282.00999936,7,54.56499584,False,0,7884.713000000001,47.0
4666.972499999999,4172.584711726791,-1769.9848498940933,281.0,7,48.0,False,0,7884.814,47.0
4679.1630592859965,4093.0,-1929.0,276.031256,7,0.30005760000000237,False,0,7884.973,47.0
4679.239166666665,4092.6340467525324,-1929.7307960974679,276.0,7,0.0,False,0,7884.974,47.0
4697.239166666666,4044.9914409197913,-2024.4998019946256,270.0,7,0.0,True,0,7885.214,47.0
4701.609316583551,4032.0,-2050.0,267.45,7,0.0,True,0,7885.274,47.0
4725.350277777777,3912.0,-2284.0,253.0,6,0.0,True,0,7885.6140000000005,47.0
4746.482777777776,3819.9918469651743,-2460.5050455832943,237.0,6,0.0,True,0,7885.935,47.0
4751.451290530725,3800.0,-2499.0,232.125008,6,0.0,True,0,7886.013,47.0
4756.571666666665,3779.236966953004,-2539.2139664326955,227.0,6,0.0,True,0,7886.095,47.0
4763.689314261683,3747.0,-2601.0,221.1000064,6,0.0,True,0,7886.213000000001,47.0
4773.1383333333315,3691.9433671716665,-2702.96899157409,213.0,5,0.0,True,0,7886.375,47.0
4777.639130941487,3667.0,-2749.0,210.72500373333332,5,0.0,True,0,7886.453,47.0
4786.871666666665,3626.354368495221,-2824.928400327599,206.0,5,0.0,True,0,7886.615000000001,47.0
4796.7803291677255,3586.0,-2899.0,200.65999616,5,0.0,True,0,7886.793000000001,47.0
4797.982777777776,3580.2897012622507,-2909.160721361335,200.0,5,0.0,True,0,7886.8150000000005,47.0
4804.339296764874,3548.0,-2966.0,194.8375056,5,0.0,True,0,7886.933,47.0
4806.560555555554,3536.680461564013,-2986.0208147719754,193.0,5,0.0,True,0,7886.975,47.0
4819.7403923078155,3470.0,-3104.0,184.937496,5,0.0,True,0,7887.233,47.0
4822.82722222222,3454.1076592214554,-3131.1815013406467,183.0,4,0.0,True,0,7887.295,47.0
4828.638070327543,3424.0,-3182.0,178.87000448,4,0.0,True,0,7887.4130000000005,47.0
4832.604999999999,3403.37224914491,-3216.9743806313454,176.0,4,0.0,True,0,7887.495,47.0
4837.251876748712,3379.0,-3258.0,172.56999552,4,0.0,True,0,7887.593,47.0
4841.993888888887,3353.892543477611,-3299.224807419203,169.0,4,0.0,True,0,7887.695000000001,47.0
4850.070502165826,3310.0,-3369.0,163.65999616,4,0.0,True,0,7887.8730000000005,47.0
4851.049444444443,3304.4779623812556,-3377.616453424147,163.0,4,0.0,True,0,7887.895,47.0
4853.609110652136,3290.0,-3400.0,161.3083296,4,0.0,True,0,7887.953,47.0
4861.449444444443,3248.134241984492,-3461.8734019492163,156.0,3,0.0,True,0,7888.135,47.0
4866.3890192201925,3215.0,-3507.0,153.0500032,3,0.0,True,0,7888.253000000001,47.0
4873.038333333331,3154.456729137389,-3585.3185451333097,149.0,3,0.0,True,0,7888.415,47.0
4877.022775481538,3124.0,-3624.0,147.1624976,3,0.0,True,0,7888.513,47.0
4879.52722222222,3111.0977516233906,-3640.2362342072756,146.0,3,0.0,False,0,7888.575,47.0
4886.65021169933,3088.0,-3668.0,144.21999872,3,0.0,False,0,7888.753000000001,47.0
4887.52722222222,3084.241618233754,-3672.375990258447,144.0,3,0.0,False,0,7888.775000000001,47.0
4895.4716666666645,3037.0165040357597,-3726.1910492803077,143.0,3,0.0,False,0,7888.975,47.0
4900.106743203851,2998.0,-3767.0,142.01666773333332,3,0.3277774222222222,False,0,7889.093,47.0
4907.860395555541,2920.0,-3842.0,140.35000106666666,3,0.8833329777777779,False,0,7889.293000000001,47.0
4909.4716666666645,2906.3462616904253,-3854.304418155198,140.0,3,1.0,False,0,7889.335,47.0
4923.004349617399,2823.0,-3916.0,136.42000128,3,6.369998079999999,False,0,7889.693,47.0
4924.582777777775,2811.009680882571,-3923.9982257323845,136.0,3,7.0,False,0,7889.735000000001,47.0
4930.582777777775,2759.3323245349593,-3957.5861251406013,135.0,3,8.0,False,0,7889.895,47.0
4931.998031020436,2747.0,-3965.0,134.72759954635708,3,8.681001134107266,False,0,7889.933,47.0
4935.70039397159,2715.0,-3983.0,134.0107519975336,3,10.47312000616602,False,0,7890.033,47.0
4940.890277777775,2668.8194868439705,-4007.3172259704543,133.0,3,13.0,False,0,7890.174,47.0
4943.057523387796,2649.0,-4017.0,132.70499968,3,13.29500032,False,0,7890.233,47.0
4948.223611111108,2600.6262619286044,-4038.5341610825985,132.0,3,14.0,False,0,7890.374,47.0
4951.107122217115,2575.0,-4049.0,131.7805560888889,3,14.877775644444444,False,0,7890.453,47.0
4959.105748674432,2510.0,-4072.0,131.16944426666666,3,17.322222933333332,False,0,7890.673000000001,47.0
4961.323611111108,2489.5898931929505,-4078.0682794416703,131.0,3,18.0,False,0,7890.734,47.0
4967.109218229653,2433.0,-4093.0,131.0,3,19.4906232,False,0,7890.893,47.0
4972.931676969675,2377.0,-4104.0,131.0,3,20.9906232,False,0,7891.053,47.0
4972.968055555552,2376.583502771699,-4104.056152883171,131.0,3,21.0,False,0,7891.054,47.0
4980.245833333331,2272.572795556667,-4112.214531425575,131.0,3,22.0,False,0,7891.254,47.0
4983.864958651382,2225.0,-4114.0,131.35357165714285,3,22.353571657142858,False,0,7891.353,47.0
4990.512499999997,2166.3305181423557,-4113.415736478118,132.0,3,23.0,False,0,7891.534000000001,47.0
5000.819857704266,2100.0,-4103.0,132.9964278857143,3,24.992855771428573,False,0,7891.813,47.0
5000.856944444442,2099.6744915675476,-4102.942578178635,133.0,3,25.0,False,0,7891.814,47.0
5005.313637837209,2057.0,-4095.0,133.375,3,25.375,False,0,7891.934,47.0
5012.021498317473,1992.0,-4079.0,133.9375,3,25.9375,False,0,7892.1140000000005,47.0
5012.768055555553,1984.7695669902494,-4076.907357637867,134.0,3,26.0,False,0,7892.134,47.0
5018.751614540527,1927.0,-4058.0,134.6639005912433,3,27.991701773729933,False,0,7892.294,47.0
5021.805555555553,1898.2813519895672,-4047.143090280165,135.0,3,29.0,False,0,7892.375,47.0
5029.371074137897,1831.0,-4018.0,136.8562488,3,32.7124976,False,0,7892.573,47.0
5034.07222222222,1791.6763926131907,-3998.3697726041396,138.0,3,35.0,False,0,7892.695000000001,47.0
5035.539207054508,1777.0,-3990.0,138.2374992,3,35.2374992,False,0,7892.733,47.0
5044.861647981759,1660.0,-3914.0,139.7374992,3,36.7374992,False,0,7892.973,47.0
5046.516666666665,1643.8057923979868,-3902.772865030868,140.0,3,37.0,False,0,7893.015,47.0
5059.405555555554,1577.4243579873175,-3848.4704418456286,145.0,3,46.0,False,0,7893.335,47.0
5063.449692381031,1555.0,-3827.0,146.7500022857143,3,47.05000137142857,False,0,7893.433,47.0
5070.987741942908,1502.0,-3775.0,149.96428342857143,3,48.97857005714286,False,0,7893.613,47.0
5071.072222222221,1501.4052646794664,-3774.3867691926343,150.0,3,49.0,False,0,7893.615000000001,47.0
5078.653061318218,1451.0,-3719.0,151.9777792,3,49.9888896,False,0,7893.793000000001,47.0
5083.807795804976,1419.0,-3680.0,153.31111253333333,3,50.655556266666665,False,0,7893.9130000000005,47.0
5086.472222222221,1400.6798488481,-3656.159309541932,154.0,3,51.0,False,0,7893.975,47.0
5095.138888888888,1334.394793432966,-3564.0305427928665,156.0,3,51.0,False,0,7894.175,47.0
5099.5498911627255,1308.0,-3525.0,158.4500032,3,49.492305723076925,False,0,7894.273,47.0
5114.679986642593,1252.0,-3430.0,166.4500032,3,44.5692288,False,0,7894.593,47.0
5119.549999999998,1228.797442495763,-3389.4966066716634,169.0,4,43.0,False,0,7894.695000000001,47.0
5122.316800944876,1215.0,-3365.0,169.62142994285713,4,43.82857325714286,False,0,7894.753000000001,47.0
5132.927777777776,1165.0515499979929,-3271.476670215005,172.0,4,47.0,False,0,7894.975,47.0
5134.758011609079,1157.0,-3256.0,172.40714148571428,4,47.407141485714284,False,0,7895.013,47.0
5144.475667646907,1112.0,-3170.0,174.54999862857142,4,49.54999862857143,False,0,7895.213000000001,47.0
5146.538888888887,1098.9483343449406,-3146.0339117499825,175.0,4,50.0,False,0,7895.255,47.0
5155.371954826445,1036.0,-3033.0,177.9666688,4,49.2583328,False,0,7895.433,47.0
5158.472222222221,1018.6215471727511,-3002.192203647415,179.0,4,49.0,False,0,7895.495,47.0
5168.5277777777765,982.710639399081,-2940.2315107185905,181.0,4,42.0,False,0,7895.695000000001,47.0
5178.5372235923605,942.0,-2878.0,181.98999936,4,39.030001920000004,False,0,7895.893,47.0
5178.638888888888,941.4605921470627,-2877.202444794865,182.0,4,39.0,False,0,7895.895,47.0
5181.592915869385,925.0,-2853.0,182.58000128,4,39.0,False,0,7895.953,47.0
5188.8611111111095,884.3100281542754,-2793.3639667894104,184.0,4,39.0,False,0,7896.095,47.0
5194.917195613041,850.0,-2744.0,184.58999936,4,39.58999936,False,0,7896.213000000001,47.0
5199.138888888888,825.5462465664349,-2709.6607128463975,185.0,4,40.0,False,0,7896.295,47.0
5203.167802794262,802.0,-2677.0,185.55714194285713,4,41.67142582857143,False,0,7896.3730000000005,47.0
5213.6833333333325,740.4870710971845,-2592.5400793611902,187.0,4,46.0,False,0,7896.575,47.0
5219.905708288722,704.0,-2543.0,188.4796219225837,4,49.329149325813304,False,0,7896.693,47.0
5230.554638006336,641.0,-2458.0,190.9874584100397,4,54.97178142258931,False,0,7896.893,47.0
5230.6080555555545,640.681342759603,-2457.567329194018,191.0,4,55.0,False,0,7896.894,47.0
5241.268316835432,578.0,-2372.0,192.65833173333334,4,55.0,False,0,7897.093,47.0
5243.474722222221,566.0262485346564,-2355.770407275294,193.0,4,55.0,False,0,7897.134,47.0
5250.985828733623,520.0,-2294.0,194.39000064,4,53.60999936,False,0,7897.273,47.0
5254.308055555555,489.5504846825928,-2253.3582620914444,195.0,4,53.0,False,0,7897.334,47.0
5261.953073161298,412.0,-2150.0,196.9857152,4,53.4964288,False,0,7897.473,47.0
5269.785833333333,362.8312982230004,-2084.4115521814924,199.0,5,54.0,False,0,7897.6140000000005,47.0
5274.195977064537,339.0,-2053.0,199.7406232,5,54.2468744,False,0,7897.693,47.0
5284.300757998653,278.0,-1974.0,201.4281256,5,54.8093752,False,0,7897.8730000000005,47.0
5287.74138888889,257.5840337554255,-1947.732371481396,202.0,5,55.0,False,0,7897.934,47.0
5294.477491608767,215.0,-1894.0,203.4874976,5,54.2562512,False,0,7898.053,47.0
5296.808055555556,197.54832862080937,-1872.649699480505,204.0,5,54.0,False,0,7898.094,47.0
5308.196944444445,94.76020603840458,-1750.7590098178734,205.0,5,39.0,False,0,7898.294,47.0
5313.734520724857,47.0,-1695.0,202.87857005714287,5,25.21070537142857,False,0,7898.393,47.0
5323.674722222223,-24.216433335504252,-1612.8142090897152,199.0,5,0.0,True,0,7898.5740000000005,47.0
5332.325427942733,-75.0,-1555.0,195.58362911513262,5,0.0,True,0,7898.734,47.0
5338.739444444444,-108.69851425207754,-1516.939279979435,193.0,4,0.0,True,0,7898.8550000000005,47.0
5353.050555555556,-184.02084743213106,-1432.6079673053946,184.0,4,0.0,True,0,7899.135,47.0
5356.913612243993,-213.0,-1400.0,181.562504,4,0.0,True,0,7899.213000000001,47.0
5366.5528490345,-297.0,-1305.0,175.312504,4,0.0,True,0,7899.4130000000005,47.0
5368.517222222223,-310.1292949647428,-1289.9681893035527,174.0,4,0.0,True,0,7899.455,47.0
5381.039444444445,-374.6697569129752,-1216.8478871158286,161.0,3,0.0,True,0,7899.735000000001,47.0
5381.807361229772,-382.0,-1209.0,159.7624912,3,0.0,True,0,7899.753000000001,47.0
5387.706111111112,-455.44561465722103,-1131.4459631399156,150.0,3,0.0,True,0,7899.895,47.0
5389.238698528973,-473.0,-1113.0,148.29000576,3,0.0,True,0,7899.933,47.0
5395.539444444445,-519.7884307781575,-1063.9682279454685,141.0,3,0.0,True,0,7900.095,47.0
5405.495,-554.800722328508,-1038.3310819617968,128.0,2,0.0,True,0,7900.375,47.0
5406.790302523345,-566.0,-1031.0,126.9312536,2,0.0,True,0,7900.4130000000005,47.0
5414.729133070644,-661.0,-970.0,120.1812536,2,0.0,True,0,7900.653,47.0
5416.072777777778,-673.3890404659637,-962.6374619895245,119.0,2,0.0,True,0,7900.695000000001,47.0
5424.645971495339,-724.0,-941.0,111.05714651428572,2,0.0,True,0,7900.973,47.0
5424.706111111112,-724.4502554658795,-940.8475130886642,111.0,2,0.0,True,0,7900.975,47.0
5431.715325298643,-791.0,-921.0,106.04166933333333,2,0.0,True,0,7901.213000000001,47.0
5431.772777777778,-791.5755722669921,-920.881039368797,106.0,2,0.0,True,0,7901.215,47.0
5436.306111111111,-836.4219559650857,-915.1911883888984,102.0,2,0.0,True,0,7901.375,47.0
5437.943365521666,-853.0,-914.0,101.6374992,2,0.0,True,0,7901.433,47.0
5440.795,-883.181172123254,-912.3037558162597,101.0,2,0.0,False,0,7901.535,47.0
5442.3756611429035,-900.0,-912.0,99.9124976,2,0.0,False,0,7901.593,47.0
5447.111366817093,-948.0,-915.0,96.5375024,2,0.0,False,0,7901.773,47.0
5449.239444444444,-968.2537907233223,-917.5522415857833,95.0,2,0.0,False,0,7901.8550000000005,47.0
5453.838913053908,-1013.0,-928.0,93.21999872,2,5.34000384,False,0,7902.033,47.0
5454.406111111111,-1019.1940013962648,-930.1752293233827,93.0,2,6.0,False,0,7902.055,47.0
5460.5538979622515,-1089.0,-962.0,93.0,2,15.916661333333334,False,0,7902.293000000001,47.0
5460.606111111111,-1089.4973549700155,-962.2604410950846,93.0,2,16.0,False,0,7902.295,47.0
5465.8838888888895,-1128.2613273372274,-985.4640743635459,95.0,2,25.0,False,0,7902.495,47.0
5470.105663128948,-1156.0,-1006.0,95.9874992,2,33.3937432,False,0,7902.653,47.0
5474.506111111112,-1190.5822071096165,-1033.236074480237,97.0,2,42.0,False,0,7902.8150000000005,47.0
5475.553267161959,-1199.0,-1040.0,97.56999808,2,43.51999488,False,0,7902.853,47.0
5480.061666666667,-1234.9755663276892,-1068.9156085449983,100.0,2,50.0,False,0,7903.015,47.0
5480.563472881549,-1239.0,-1072.0,100.07500053333334,2,48.6499904,False,0,7903.033,47.0
5485.599640013613,-1280.0,-1101.0,100.82499946666667,2,35.150009600000004,False,0,7903.213000000001,47.0
5486.795000000001,-1289.999818444733,-1107.488528943577,101.0,2,32.0,False,0,7903.255,47.0
5490.208744434847,-1319.0,-1125.0,102.68571245714286,2,28.628575085714285,False,0,7903.3730000000005,47.0
5494.961666666668,-1360.3831349002435,-1145.896087896608,105.0,2,24.0,False,0,7903.535,47.0
5497.242021827642,-1381.0,-1154.0,105.0,2,22.22323779889016,False,0,7903.613,47.0
5504.81466429777,-1453.0,-1170.0,105.0,2,16.300681578032755,False,0,7903.8730000000005,47.0
5507.765833333335,-1482.1216662721856,-1171.6475561201569,105.0,2,14.0,False,0,7903.974,47.0
5513.61504288355,-1539.0,-1168.0,105.82916586666667,2,24.779156266666668,False,0,7904.173000000001,47.0
5514.832500000001,-1550.062674132364,-1166.2587260028768,106.0,2,27.0,False,0,7904.214,47.0
5518.396470835173,-1586.0,-1158.0,107.18999808,2,28.18999808,False,0,7904.3330000000005,47.0
5525.134852044778,-1686.0,-1127.0,109.39000064,2,30.39000064,False,0,7904.553,47.0
5527.054722222223,-1704.3687309390098,-1120.4893291832989,110.0,2,31.0,False,0,7904.6140000000005,47.0
5532.210277777778,-1726.9487029135776,-1109.8515182696542,116.0,2,42.0,False,0,7904.774,47.0
5535.507575080198,-1744.0,-1101.0,117.73250112,2,42.49500032,False,0,7904.8730000000005,47.0
5542.420104181127,-1802.0,-1070.0,121.25,2,43.5,False,0,7905.0740000000005,47.0
5545.876944444445,-1838.2612178267254,-1044.4461558565647,123.0,2,44.0,False,0,7905.174,47.0
5551.432500000001,-1894.6468727515223,-998.6143568695005,125.0,2,47.0,False,0,7905.334,47.0
5552.140282084135,-1900.0,-994.0,125.49822075404316,2,47.5693951474779,False,0,7905.354,47.0
5561.735833333334,-1941.6775307821565,-951.4306849836703,132.0,2,55.0,False,0,7905.615000000001,47.0
5563.190364717123,-1948.0,-944.0,133.1611072,2,55.6333312,False,0,7905.653,47.0
5575.953925163032,-2027.0,-848.0,142.93888497777778,2,60.966664533333336,False,0,7905.973,47.0
5576.035833333334,-2027.6209266103365,-847.2128315398872,143.0,2,61.0,False,0,7905.975,47.0
5586.035833333334,-2106.321932751509,-744.2867976455793,150.0,3,61.0,False,0,7906.215,47.0
5587.652357751783,-2116.0,-731.0,150.9499968,3,60.81000064,False,0,7906.253000000001,47.0
5594.646944444446,-2143.249647330448,-690.5109837175497,155.0,3,60.0,False,0,7906.415,47.0
5599.844458022662,-2161.0,-658.0,157.45833066666665,3,56.55833706666667,False,0,7906.533,47.0
5605.313611111112,-2185.363737069198,-609.2195355798805,160.0,3,53.0,False,0,7906.655000000001,47.0
5607.037941825545,-2193.0,-593.0,160.7124976,3,52.0500032,False,0,7906.693,47.0
5620.069166666667,-2241.0501374946602,-473.66229857207185,166.0,4,45.0,False,0,7906.975,47.0
5623.700142059251,-2252.0,-440.0,166.17727243636364,4,41.897732363636365,False,0,7907.053,47.0
5660.118634792745,-2312.0,-83.0,167.9500002909091,4,10.874994909090908,False,0,7907.8330000000005,47.0
5661.135833333334,-2312.491286261499,-72.90441535348958,168.0,4,10.0,False,0,7907.8550000000005,47.0
5668.5136111111115,-2314.039076548264,0.24184503483869646,166.0,4,7.0,False,0,7908.015,47.0
5672.105988325869,-2313.0,36.0,166.0,4,12.1187416,False,0,7908.093,47.0
5680.400884808529,-2306.0,119.0,166.0,4,23.931258399999997,False,0,7908.273,47.0
5683.269166666667,-2302.724948114199,147.6026777073927,166.0,4,28.0,False,0,7908.335,47.0
5689.67507581009,-2294.0,211.0,166.69000064,4,29.380001280000002,False,0,7908.473,47.0
5692.546944444445,-2289.30521800354,239.20551606645242,167.0,4,30.0,False,0,7908.535,47.0
5697.066800363476,-2281.0,283.0,166.3874992,4,29.3874992,False,0,7908.633,47.0
5699.924722222223,-2275.2836949312696,309.83571322715386,166.0,4,29.0,False,0,7908.695000000001,47.0
5705.377175835194,-2261.0,364.0,166.4214281142857,4,29.842856228571428,False,0,7908.813,47.0
5712.913611111112,-2226.0489607462528,461.5621283396463,167.0,4,31.0,False,0,7908.975,47.0
5721.300835410496,-2178.0,575.0,169.2250016,4,37.675004799999996,False,0,7909.153,47.0
5724.246944444445,-2161.910461019334,609.1797021689113,170.0,4,40.0,False,0,7909.215,47.0
5741.546944444445,-2078.1820008425375,756.6647808804641,173.0,4,42.0,False,0,7909.575,47.0
5743.379273435017,-2071.0,768.0,173.2374992,4,42.0,False,0,7909.613,47.0
5749.280277777779,-2050.3926487498393,799.3114906651695,174.0,4,42.0,False,0,7909.735000000001,47.0
5761.080277777779,-2006.7298431269849,862.0522390396059,177.0,4,40.0,False,0,7909.975,47.0
5761.969115043438,-2002.0,869.0,177.0562504,4,39.718748,False,0,7909.993,47.0
5764.933046568794,-1985.0,894.0,177.2437496,4,38.781252,False,0,7910.053,47.0
5775.813732927896,-1922.0,982.0,177.9312504,4,35.343748,False,0,7910.273,47.0
5776.902500000001,-1914.5080229072437,992.3370548285707,178.0,4,35.0,False,0,7910.295,47.0
5786.741944444446,-1834.6839346831925,1102.6366297749375,178.0,4,26.0,False,0,7910.494000000001,47.0
5792.584765087034,-1793.0,1160.0,177.15000137142857,4,23.0250048,False,0,7910.613,47.0
5798.050069114078,-1764.4059524271308,1198.989392457646,176.35000137142856,4,20.2250048,False,0,7910.725,47.0
-0.1283038121726104,-1776.7763794378357,1182.1488482795978,176.35000137142856,4,20.2250048,False,0,7910.725,48.0
2.267222222222225,-1767.7607294687696,1194.2908779830161,176.0,4,19.0,False,0,7910.774,48.0
8.084900546261121,-1741.0,1230.0,176.0,4,23.4624928,False,0,7910.893,48.0
10.089444444444446,-1730.1840146804288,1244.343637633632,176.0,4,25.0,False,0,7910.934,48.0
19.867222222222225,-1669.664330248481,1323.7125964086783,176.0,4,30.0,False,0,7911.134,48.0
20.795641716020754,-1664.0,1331.0,176.0,4,30.395834666666666,False,0,7911.153,48.0
30.57130824911725,-1603.0,1408.0,176.0,4,34.56250133333333,False,0,7911.353,48.0
31.60055555555556,-1595.2288606917373,1417.772655270247,176.0,4,35.0,False,0,7911.374000000001,48.0
39.467222222222226,-1525.7872029303528,1505.2100315405146,177.0,4,39.0,False,0,7911.534000000001,48.0
44.407588096970166,-1487.0,1554.0,177.625,4,40.25,False,0,7911.634,48.0
47.37833333333333,-1468.346185520064,1577.412350839447,178.0,4,41.0,False,0,7911.694,48.0
57.32277777777778,-1427.605740208495,1628.449509797991,179.0,4,44.0,False,0,7911.894,48.0
63.35898032702976,-1401.0,1663.0,180.12149555070317,4,45.121495550703166,False,0,7912.014,48.0
73.44962763748897,-1344.0,1739.0,181.98130721122635,4,46.98130721122636,False,0,7912.213000000001,48.0
73.55111111111111,-1343.416626533429,1739.7847493678416,182.0,4,47.0,False,0,7912.215,48.0
81.68444444444444,-1297.0327348220783,1802.5979106704738,183.0,4,48.0,False,0,7912.375,48.0
85.68268908138613,-1269.0,1841.0,183.7312488,4,48.4874992,False,0,7912.453,48.0
98.11373430022977,-1166.0,1983.0,185.9812488,4,49.9874992,False,0,7912.693,48.0
98.21777777777777,-1165.423006649838,1983.7904943396225,186.0,4,50.0,False,0,7912.695000000001,48.0
108.66222222222221,-1132.6378271944916,2028.0374181802833,188.0,4,54.0,False,0,7912.895,48.0
109.60825779654347,-1129.0,2033.0,188.15000106666668,4,54.100000711111115,False,0,7912.9130000000005,48.0
122.32425372946362,-1055.0,2135.0,190.15000106666668,4,55.43333404444444,False,0,7913.153,48.0
127.7622222222222,-1024.1356310144993,2177.2660981922063,191.0,4,56.0,False,0,7913.255,48.0
138.48444444444445,-961.116359153206,2263.239662385894,193.0,4,54.0,False,0,7913.455,48.0
139.45901469903183,-954.0,2273.0,193.25000177777778,4,54.050000355555554,False,0,7913.473,48.0
151.52061579049104,-858.0,2405.0,196.3055537777778,4,54.661110755555555,False,0,7913.693,48.0
158.28444444444443,-823.7708738756453,2451.70561204984,198.0,5,55.0,False,0,7913.8150000000005,48.0
169.45111111111112,-779.1641201038714,2512.488078990421,201.0,5,57.0,False,0,7914.015,48.0
170.46173346660902,-773.0,2521.0,201.2250016,5,57.2250016,False,0,7914.033,48.0
178.47333333333336,-710.62648335072,2607.5884823607453,203.0,5,59.0,False,0,7914.175,48.0
185.19721156829354,-661.0,2677.0,204.4749984,5,59.0,False,0,7914.293000000001,48.0
192.20666666666668,-628.7238824960172,2722.867833131334,206.0,5,59.0,False,0,7914.415,48.0
201.36304453582446,-595.0,2772.0,208.36999808,5,59.78999936,False,0,7914.573,48.0
203.8177777777778,-582.7232610451482,2789.871935993857,209.0,5,60.0,False,0,7914.615000000001,48.0
211.95365552389325,-536.0,2858.0,210.9714304,5,59.0142848,False,0,7914.753000000001,48.0
220.38444444444445,-488.79092820246444,2927.4880634891942,213.0,5,58.0,False,0,7914.895,48.0
230.96036844957578,-430.0,3015.0,213.7416672,5,55.7749984,False,0,7915.073,48.0
234.65111111111113,-408.8660870650523,3046.682017332091,214.0,5,55.0,False,0,7915.135,48.0
244.2066666666667,-352.45346385152635,3131.6641751983025,215.0,5,55.0,False,0,7915.295,48.0
247.6912594735127,-331.0,3164.0,215.2416672,5,52.7041616,False,0,7915.353,48.0
273.0211513953301,-163.0,3414.0,216.99166613333333,5,36.07917173333333,False,0,7915.773,48.0
273.14,-162.19517516537087,3415.154316320799,217.0,6,36.0,False,0,7915.775000000001,48.0
290.589663377374,-53.0,3568.0,211.78499776,6,9.179988479999999,False,0,7916.073,48.0
296.47333333333336,-29.546309990449043,3601.1419348566305,210.0,6,0.0,True,0,7916.175,48.0
313.3879518890801,42.0,3698.0,204.4124976,6,0.0,True,0,7916.473,48.0
314.6066666666667,52.64804381705664,3711.6984298336356,204.0,5,0.0,True,0,7916.495000000001,48.0
324.28280698263177,152.0,3838.0,199.5499968,5,0.0,True,0,7916.673000000001,48.0
340.2066666666667,220.86154921450964,3920.903957469807,192.0,5,0.0,True,0,7916.975,48.0
343.2469634430146,235.0,3937.0,190.83416865634777,5,0.0,True,0,7917.033,48.0
350.5988888888889,282.1324842752714,3990.7927615434387,188.0,5,0.0,False,0,7917.174,48.0
354.67359771422014,311.0,4023.0,186.81500288,5,0.0,False,0,7917.253000000001,48.0
360.87666666666667,353.5035161165396,4068.5922211270736,185.0,4,0.0,False,0,7917.374000000001,48.0
369.0159841379201,409.0,4124.0,184.20500096,4,0.0,False,0,7917.533,48.0
371.0988888888889,423.8859980874996,4138.003052240476,184.0,4,0.0,False,0,7917.5740000000005,48.0
382.0730705884748,506.0,4211.0,181.2624992,4,2.0531256,False,0,7917.793000000001,48.0
384.0637253203246,521.0,4224.0,180.7624992,4,2.4281256,False,0,7917.8330000000005,48.0
387.09888888888884,544.363821733811,4243.110207127687,180.0,4,3.0,False,0,7917.894,48.0
397.98990786898895,632.0,4305.0,179.3156248,4,5.0531255999999996,False,0,7918.113,48.0
403.01,672.6870309745483,4330.967962701818,179.0,4,6.0,False,0,7918.214,48.0
412.94858260813436,760.0,4379.0,179.0,4,6.0,False,0,7918.414000000001,48.0
416.9322222222222,801.289533053914,4397.602551492938,179.0,4,6.0,False,0,7918.494000000001,48.0
422.91371446018377,864.0,4423.0,179.0,4,12.70807720072634,False,0,7918.6140000000005,48.0
424.93749999999994,883.2795748921232,4430.280536996855,179.0,4,15.0,False,0,7918.655000000001,48.0
438.3075218344202,998.0,4466.0,173.7875024,4,27.1624944,False,0,7918.933,48.0
440.31527777777774,1017.0130637430627,4470.933189776214,173.0,4,29.0,False,0,7918.975,48.0
445.9689773958747,1073.0,4484.0,173.0,4,31.107140571428573,False,0,7919.093000000001,48.0
453.6741450104597,1149.0,4497.0,173.0,4,33.96428342857143,False,0,7919.253000000001,48.0
453.77083333333326,1149.9528128018358,4497.142085357663,173.0,4,34.0,False,0,7919.255,48.0
466.30910752466184,1274.0,4512.0,174.84285805714285,4,36.76428708571429,False,0,7919.513,48.0
467.3819444444444,1284.7064092679261,4512.842333526268,175.0,4,37.0,False,0,7919.535000000001,48.0
475.0981864364579,1362.0,4517.0,175.56428525714287,4,37.0,False,0,7919.693,48.0
481.07083333333327,1421.5442544625148,4518.662742182615,176.0,4,37.0,False,0,7919.8150000000005,48.0
488.83017589547524,1499.0,4519.0,176.78999936,4,39.36999808,False,0,7919.973,48.0
490.9041666666666,1519.8085019821697,4518.751261284866,177.0,4,40.0,False,0,7920.015,48.0
497.76273856803397,1588.0,4517.0,178.15000106666668,4,41.15000106666667,False,0,7920.153,48.0
508.90416666666664,1696.9739294380715,4510.8579539885595,180.0,4,43.0,False,0,7920.375,48.0
509.81085837867,1707.0,4510.0,180.15000106666668,4,43.0,False,0,7920.393,48.0
521.0375,1845.8228843087645,4494.956781822918,182.0,4,43.0,False,0,7920.615000000001,48.0
523.9872433698889,1878.0,4491.0,182.41428662857143,4,43.207143314285716,False,0,7920.673000000001,48.0
535.3486111111112,1969.928255214395,4478.326978350911,184.0,4,44.0,False,0,7920.895,48.0
539.3697169224785,1999.0,4474.0,184.58499904,4,44.38999936,False,0,7920.973,48.0
556.0215850558568,2161.0,4454.0,186.98499904,4,45.98999936,False,0,7921.293000000001,48.0
556.126388888889,2162.6884455733425,4453.85842263096,187.0,4,46.0,False,0,7921.295,48.0
565.4886143973011,2327.0,4442.0,188.6687512,4,48.781252,False,0,7921.473,48.0
573.0152777777779,2375.5034214441566,4439.358523616325,190.0,5,51.0,False,0,7921.615000000001,48.0
580.3851372777947,2401.0,4440.0,191.7250016,5,52.15000106666667,False,0,7921.753000000001,48.0
585.8819444444446,2448.006891936121,4440.239399320626,193.0,5,53.0,False,0,7921.8550000000005,48.0
593.4012113533424,2530.0,4441.0,194.53333475555556,5,53.0,False,0,7921.993,48.0
603.2841541307507,2627.0,4445.0,196.5333319111111,5,53.0,False,0,7922.173000000001,48.0
605.5819444444445,2649.3954072669294,4446.865218540895,197.0,5,53.0,False,0,7922.215,48.0
615.28664599586,2745.0,4459.0,197.0,5,53.0,False,0,7922.393,48.0
620.9041666666667,2799.9691097722703,4468.681263514448,197.0,5,53.0,False,0,7922.495000000001,48.0
632.126388888889,2908.2089752107195,4493.394465174823,202.0,5,53.0,False,0,7922.695000000001,48.0
633.1427860625282,2918.0,4496.0,202.15000106666668,5,53.07500053333333,False,0,7922.713000000001,48.0
642.2037387490348,3005.0,4522.0,203.4833344,5,53.7416672,False,0,7922.8730000000005,48.0
645.726388888889,3038.1759367630393,4533.528781854321,204.0,5,54.0,False,0,7922.935,48.0
649.0273159459697,3069.0,4545.0,204.3625008,5,54.3625008,False,0,7922.993,48.0
664.0375,3206.645312092078,4604.253374081913,206.0,5,56.0,False,0,7923.255,48.0
668.5570018067601,3246.0,4624.0,206.9749984,5,56.4874992,False,0,7923.3330000000005,48.0
677.8981469413557,3326.0,4669.0,208.9749984,5,57.4874992,False,0,7923.493,48.0
682.7041666666667,3371.8115482836242,4697.853537896824,210.0,5,58.0,False,0,7923.575000000001,48.0
694.3634052003622,3483.0,4774.0,211.97999872,5,58.98999936,False,0,7923.773,48.0
694.4819444444445,3483.9385865950608,4774.677354111458,212.0,5,59.0,False,0,7923.775000000001,48.0
708.7162315123855,3576.0,4847.0,214.3859632463618,5,59.59649081159045,False,0,7924.013,48.0
718.4219444444444,3645.211712962645,4907.622819506365,216.0,5,60.0,False,0,7924.174,48.0
730.4464615953927,3737.0,4993.0,217.10555448888888,5,58.89444551111111,False,0,7924.3730000000005,48.0
740.161029437013,3807.0,5062.0,217.99444337777777,5,58.00555662222222,False,0,7924.533,48.0
740.2219444444444,3807.430256481539,5062.4317612626355,218.0,5,58.0,False,0,7924.534000000001,48.0
749.9997222222222,3875.7788378679597,5131.695888676443,220.0,5,57.0,False,0,7924.694,48.0
751.1661487210197,3884.0,5140.0,220.0,5,52.91498624,False,0,7924.713000000001,48.0
762.2219444444445,3962.0,5218.0,220.0,5,14.0,True,0,7924.894,48.0
774.9018889346017,4052.0,5306.0,209.03914341105045,5,3.039143411050457,True,0,7925.1140000000005,48.0
778.3013888888888,4087.587573570943,5339.763687306959,206.0,5,0.0,True,0,7925.175,48.0
789.0648397352761,4215.0,5459.0,199.07000448,5,0.0,True,0,7925.3730000000005,48.0
799.6347222222222,4273.588530707924,5512.597913683393,192.0,5,0.0,True,0,7925.575000000001,48.0
807.6791666666667,4305.817236512621,5540.500665075501,181.0,4,0.0,True,0,7925.735000000001,48.0
808.5511456239498,4311.0,5545.0,179.97142125714285,4,0.0,True,0,7925.753000000001,48.0
818.6555501541135,4391.0,5614.0,167.40000731428572,4,0.0,True,0,7925.973,48.0
820.5124999999999,4405.305302499809,5625.937885555002,165.0,4,0.0,True,0,7926.015,48.0
823.0496251671243,4426.0,5643.0,161.374992,4,0.0,True,0,7926.073,48.0
827.4013888888888,4473.602497841168,5682.1662906584515,155.0,3,0.0,True,0,7926.175,48.0
835.2646165420535,4575.0,5765.0,146.90000523636363,3,0.0,True,0,7926.3730000000005,48.0
844.1458333333334,4631.55028760381,5807.967353530202,137.0,3,0.0,True,0,7926.615000000001,48.0
846.9282723813516,4649.0,5819.0,134.69545832727272,3,0.0,True,0,7926.693,48.0
856.5849784324434,4735.0,5866.0,126.42273105454545,3,0.0,True,0,7926.973,48.0
859.3013888888888,4759.264892082165,5875.692853972539,124.0,2,0.0,True,0,7927.055,48.0
861.836510873026,4784.0,5883.0,121.85500352,2,0.0,True,0,7927.133000000001,48.0
871.8569444444445,4915.825576941855,5899.697573789054,113.0,2,0.0,True,0,7927.455,48.0
872.4008819495873,4922.0,5900.0,112.5499968,2,0.0,True,0,7927.473,48.0
878.9902777777778,4977.066151923553,5898.279446577223,107.0,2,0.0,True,0,7927.695000000001,48.0
884.7199462784921,5017.0,5890.0,104.5250016,2,0.0,True,0,7927.893,48.0
888.1458333333334,5047.440381607747,5882.347537654887,103.0,2,0.0,True,0,7928.015,48.0
890.2835512779544,5071.0,5874.0,100.562504,2,0.0,True,0,7928.093000000001,48.0
892.501388888889,5100.267994126997,5860.8655508773245,98.0,2,0.0,False,0,7928.175,48.0
896.1990546236805,5149.0,5836.0,96.61999872,2,0.0,False,0,7928.313,48.0
897.8347222222222,5164.257195011585,5828.002452255931,96.0,2,0.0,False,0,7928.375,48.0
906.4748929823893,5212.0,5789.0,92.24444302222223,2,2.8166677333333334,False,0,7928.713000000001,48.0
907.0347222222223,5217.412486863579,5783.224743799997,92.0,2,3.0,False,0,7928.735000000001,48.0
911.1236111111111,5264.846719963431,5731.235721619762,92.0,2,10.0,False,0,7928.895,48.0
912.1008116518967,5274.0,5721.0,92.18999936,2,9.81000064,False,0,7928.933,48.0
916.2902777777778,5296.275287010079,5695.008406713778,93.0,2,9.0,False,0,7929.095,48.0
922.4835885709514,5309.0,5664.0,93.59499968,2,13.16499776,False,0,7929.3330000000005,48.0
926.7347222222222,5330.54970168262,5607.523554259228,94.0,2,16.0,False,0,7929.495000000001,48.0
929.8536315136746,5345.0,5571.0,94.84285622857143,2,18.9499968,False,0,7929.613,48.0
934.2013888888889,5354.464941220527,5551.7564232816985,96.0,2,23.0,False,0,7929.775000000001,48.0
941.3872694781936,5367.0,5486.0,99.58333511111111,2,28.016669155555554,False,0,7930.033,48.0
943.6697960695201,5377.0,5425.0,100.69444622222223,2,29.57222471111111,False,0,7930.113,48.0
944.3013888888889,5379.262806177887,5410.9673517202655,101.0,2,30.0,False,0,7930.135,48.0
953.7236111111112,5384.7353645981975,5360.9531705856425,106.0,2,35.0,False,0,7930.455,48.0
954.8847516359614,5385.0,5355.0,106.57142655495915,2,33.285720335122555,False,0,7930.493,48.0
962.4080089316335,5391.0,5283.0,110.18044853245938,2,22.45865440262185,False,0,7930.733,48.0
966.1369444444446,5395.881810780324,5239.852171807155,112.0,2,17.0,False,0,7930.854,48.0
970.2903076476155,5402.0,5192.0,109.68333226666667,2,10.43610808888889,False,0,7930.993,48.0
976.1233114216416,5411.0,5133.0,106.34999893333334,2,0.9916636444444471,False,0,7931.193,48.0
976.7369444444446,5412.237493616615,5127.001754909422,106.0,2,0.0,True,0,7931.214,48.0
981.9850627971839,5425.0,5077.0,104.5,2,0.0,True,0,7931.394,48.0
983.6702777777779,5429.36522317482,5061.901068089507,104.0,2,0.0,True,0,7931.454000000001,48.0
988.4367402478371,5446.0,5016.0,97.59430459087365,2,0.0,True,0,7931.634,48.0
991.0075000000002,5462.041571948149,4982.79640613764,94.0,2,0.0,True,0,7931.735000000001,48.0
992.9957065863894,5475.0,4958.0,92.0249984,2,0.0,True,0,7931.814,48.0
995.0075000000002,5486.288161542252,4937.5830298266965,90.0,2,0.0,True,0,7931.895,48.0
1000.7408333333335,5510.647026392934,4901.921020323002,86.0,1,0.0,True,0,7932.135,48.0
1003.3761566086266,5525.0,4885.0,82.62857508571429,1,0.0,True,0,7932.253000000001,48.0
1006.8075000000002,5549.605709669904,4857.990011424742,78.0,1,0.0,True,0,7932.415,48.0
1008.3968357977333,5561.0,4846.0,76.2937528,1,0.0,True,0,7932.493,48.0
1012.3132663553006,5591.0,4818.0,71.9187528,1,0.0,True,0,7932.693,48.0
1013.1186111111114,5601.645347569089,4809.46344195817,71.0,1,0.0,True,0,7932.735000000001,48.0
1015.7295554145431,5640.0,4780.0,69.2749984,1,0.0,True,0,7932.8730000000005,48.0
1019.0741666666669,5653.555197869512,4770.13120984109,67.0,1,0.0,True,0,7933.055,48.0
1020.4660555600092,5658.0,4768.0,65.70000213333333,1,0.0,True,0,7933.133000000001,48.0
1023.2741666666669,5679.45572416058,4757.265721074719,63.0,1,0.0,True,0,7933.295,48.0
1026.2414016198775,5711.0,4743.0,60.32999808,1,0.0,True,0,7933.473,48.0
1026.6075000000003,5714.601480134041,4741.639615387489,60.0,1,0.0,False,0,7933.495000000001,48.0
1029.274166666667,5739.149088256707,4734.432138479683,60.0,1,0.0,False,0,7933.655000000001,48.0
1030.2241413184847,5748.0,4733.0,59.6374992,1,0.36250079999999996,False,0,7933.713000000001,48.0
1032.7830255588979,5773.0,4732.0,58.6374992,1,1.3625007999999998,False,0,7933.8730000000005,48.0
1036.2193122664105,5807.0,4735.0,57.2625008,1,2.7374992,False,0,7934.093000000001,48.0
1036.874166666667,5813.135177143408,4736.274750529851,57.0,1,3.0,False,0,7934.135,48.0
1039.0234874795017,5834.0,4743.0,56.42499946666667,1,4.7250016,False,0,7934.273,48.0
1040.6075000000003,5853.252141835017,4751.961893137738,56.0,1,6.0,False,0,7934.375,48.0
1042.7425075613967,5879.0,4766.0,56.0,1,6.575000533333333,False,0,7934.513,48.0
1044.3408333333336,5892.173137646527,4774.278675263575,56.0,1,7.0,False,0,7934.615000000001,48.0
1047.5630555555558,5909.201818856305,4787.9222382467415,58.0,1,8.0,False,0,7934.8150000000005,48.0
1048.1814399160805,5913.0,4791.0,58.18999936,1,8.0,False,0,7934.853,48.0
1050.8408333333336,5932.262358728927,4806.384135517642,59.0,1,8.0,False,0,7935.015,48.0
1052.8209337359747,5949.0,4821.0,60.17999872,1,8.58999936,False,0,7935.133000000001,48.0
1054.2297222222226,5961.8106627229035,4833.277089766799,61.0,1,9.0,False,0,7935.215,48.0
1056.6752934535796,5983.0,4855.0,62.7250016,1,9.4312504,False,0,7935.353,48.0
1060.0075000000004,6003.061874302264,4877.640065588133,65.0,1,10.0,False,0,7935.535000000001,48.0
1064.092557927573,6023.0,4903.0,67.0437512,1,11.3625008,False,0,7935.753000000001,48.0
1066.0519444444449,6034.31700838172,4917.537597921898,68.0,1,12.0,False,0,7935.8550000000005,48.0
1068.3633483769272,6048.0,4936.0,69.76999808,1,13.17999872,False,0,7935.973,48.0
1069.9963888888892,6057.151180565488,4949.506063811319,71.0,1,14.0,False,0,7936.055,48.0
1071.9757654344007,6068.0,4966.0,72.05000137142858,1,16.4500032,False,0,7936.153,48.0
1075.2865520920168,6086.0,4993.0,73.76428708571429,1,20.450003199999998,False,0,7936.313,48.0
1075.7519444444447,6088.373918669332,4996.82408211103,74.0,1,21.0,False,0,7936.335,48.0
1080.9482406647849,6113.0,5041.0,78.24999771428571,1,25.249997714285712,False,0,7936.573,48.0
1081.896388888889,6117.609529054185,5049.52487858166,79.0,1,26.0,False,0,7936.615000000001,48.0
1086.9602253998935,6142.0,5096.0,82.89285942857143,1,29.11428754285714,False,0,7936.8330000000005,48.0
1088.4297222222224,6148.183703335624,5108.96284472833,84.0,1,30.0,False,0,7936.895,48.0
1094.1579860647205,6169.0,5157.0,86.2312488,1,24.7937528,False,0,7937.133000000001,48.0
1096.1630555555557,6175.770774955005,5173.036120666853,87.0,1,23.0,False,0,7937.215,48.0
1101.082777777778,6193.836914907693,5218.956463912004,89.0,1,21.0,False,0,7937.414000000001,48.0
1101.5533692246408,6196.0,5225.0,89.0,1,19.6937456,False,0,7937.433,48.0
1105.0383333333334,6214.408038015013,5278.929156694783,89.0,1,10.0,False,0,7937.5740000000005,48.0
1106.976324530252,6223.0,5305.0,88.80250048,1,11.38249664,False,0,7937.653,48.0
1114.8161111111112,6237.0,5352.0,88.0,1,17.0,False,0,7937.974,48.0
1118.3011325124096,6247.0,5385.0,89.4,1,21.9,False,0,7938.1140000000005,48.0
1119.8161111111112,6251.143508333133,5399.785292549179,90.0,1,24.0,False,0,7938.174,48.0
1123.4098991143069,6260.0,5434.0,91.5512468124094,1,26.32687021861411,False,0,7938.314,48.0
1129.2422222222224,6273.73649522739,5489.156689440847,94.0,1,30.0,False,0,7938.535000000001,48.0
1132.4303120830757,6281.0,5520.0,95.843748,1,28.5250016,False,0,7938.653,48.0
1137.985392838223,6293.0,5574.0,98.968748,1,26.0250016,False,0,7938.853,48.0
1138.0422222222223,6293.113319217944,5574.519798553802,99.0,2,26.0,False,0,7938.8550000000005,48.0
1143.202747556099,6303.0,5623.0,102.4611136,2,29.9555584,False,0,7939.033,48.0
1148.6422222222222,6314.749017292077,5698.505300594858,106.0,2,34.0,False,0,7939.215,48.0
1150.3999567414548,6318.0,5722.0,106.906252,2,34.7250016,False,0,7939.273,48.0
1158.508888888889,6327.161770298264,5806.349599364916,111.0,2,38.0,False,0,7939.535000000001,48.0
1159.7136253448068,6328.0,5818.0,111.7124976,2,38.0,False,0,7939.573,48.0
1166.8442652017468,6331.0,5888.0,115.8375024,2,38.0,False,0,7939.793000000001,48.0
1168.9088888888891,6331.216086414595,5908.039401174954,117.0,2,38.0,False,0,7939.8550000000005,48.0
1172.2243212034612,6331.0,5940.0,118.7818205090909,2,38.44545512727273,False,0,7939.953,48.0
1184.186666666667,6324.9871214947625,6055.905610683092,125.0,2,40.0,False,0,7940.295,48.0
1186.246706815798,6323.0,6076.0,125.65909236363636,2,40.131818472727275,False,0,7940.353,48.0
1192.6879915268435,6315.0,6139.0,127.704544,2,40.5409088,False,0,7940.533,48.0
1198.5217372325924,6306.0,6196.0,129.5227258181818,2,40.904545163636364,False,0,7940.693,48.0
1200.0755555555559,6303.336340635513,6211.068065428888,130.0,3,41.0,False,0,7940.735000000001,48.0
1207.5232718273953,6289.0,6282.0,133.7124976,3,42.8562488,False,0,7940.933,48.0
1212.1644444444446,6278.451016865251,6325.074741424394,136.0,3,44.0,False,0,7941.055,48.0
1214.3755809531049,6272.0,6348.0,136.58000128,3,44.29000064,False,0,7941.113,48.0
1219.8311111111113,6250.840458993444,6414.764274115347,138.0,3,45.0,False,0,7941.255,48.0
1223.6725337553098,6236.0,6458.0,140.4500032,3,45.0,False,0,7941.353,48.0
1226.1422222222225,6227.8486640239735,6480.450036031307,142.0,3,45.0,False,0,7941.415,48.0
1237.6533333333334,6191.599428121109,6561.778932787678,148.0,3,45.0,False,0,7941.695000000001,48.0
1238.403913971258,6188.0,6569.0,148.27000192,3,45.18000128,False,0,7941.713000000001,48.0
1246.0422222222223,6142.794986468156,6657.0366068750545,151.0,3,47.0,False,0,7941.895,48.0
1248.4986390946412,6130.0,6681.0,151.7250016,3,47.4833344,False,0,7941.953,48.0
1256.308888888889,6101.712113271261,6729.17214905211,154.0,3,49.0,False,0,7942.135,48.0
1259.7281253229214,6085.0,6754.0,155.36499776,3,49.19499968,False,0,7942.213000000001,48.0
1273.2020061904236,5983.0,6898.0,160.61500224,3,49.94500032,False,0,7942.513,48.0
1274.197777777778,5977.21740623097,6905.791529775756,161.0,4,50.0,False,0,7942.535000000001,48.0
1283.308888888889,5941.390177524672,6949.986547716466,164.0,4,51.0,False,0,7942.735000000001,48.0
1286.9316496021645,5925.0,6968.0,165.62499733333334,4,51.649998933333336,False,0,7942.813,48.0
1294.5755555555556,5877.113553627492,7019.182984132682,169.0,4,53.0,False,0,7942.975,48.0
1303.0930868611372,5814.0,7083.0,171.472224,4,52.5055552,False,0,7943.153,48.0
1308.9242724394928,5772.0,7122.0,173.13889066666667,4,52.17222186666667,False,0,7943.273,48.0
1311.9755555555555,5749.6072066495335,7141.877959616724,174.0,4,52.0,False,0,7943.335,48.0
1318.861343001182,5698.0,7186.0,176.50909323636364,4,52.940909963636365,False,0,7943.473,48.0
1330.0430458479145,5613.0,7256.0,180.5090885818182,4,54.44090821818182,False,0,7943.693,48.0
1334.2199999999998,5580.972211049479,7282.052202894205,182.0,4,55.0,False,0,7943.775000000001,48.0
1341.26432823099,5526.0,7326.0,183.7250016,4,55.0,False,0,7943.9130000000005,48.0
1342.3977777777777,5516.9787686298105,7333.039302768002,184.0,4,55.0,False,0,7943.935,48.0
1354.9452777777776,5417.454662779256,7408.405755538347,189.0,4,57.0,False,0,7944.174,48.0
1355.956370391732,5410.0,7414.0,189.296876,4,57.2375008,False,0,7944.193,48.0
1367.784689100975,5317.0,7485.0,192.734372,4,59.9874976,False,0,7944.4130000000005,48.0
1372.1897222222221,5262.886018840192,7528.081292451658,194.0,4,61.0,False,0,7944.494000000001,48.0
1378.762097503643,5181.0,7594.0,196.0,4,60.5,False,0,7944.6140000000005,48.0
1385.3897222222222,5134.490584862246,7631.6596244959055,198.0,4,60.0,False,0,7944.734,48.0
1394.378888888889,5104.999370261911,7656.0911937257615,201.0,5,57.0,False,0,7944.895,48.0
1397.7152115505341,5087.0,7671.0,202.18000128,5,58.4750016,False,0,7944.954000000001,48.0
1405.7677777777776,5025.033672874476,7722.252546958205,205.0,5,62.0,False,0,7945.095,48.0
1411.4016629568046,4982.0,7758.0,206.2250016,5,63.2250016,False,0,7945.193,48.0
1419.6344444444444,4934.662580984806,7797.850821946899,208.0,5,65.0,False,0,7945.335,48.0
1423.0293500727519,4911.0,7818.0,209.16000256,5,64.41999872,False,0,7945.393,48.0
1431.4122222222225,4828.829692176248,7888.284114179713,212.0,5,63.0,False,0,7945.535000000001,48.0
1439.6366994896666,4750.0,7956.0,214.07000192,5,65.76000256,False,0,7945.673000000001,48.0
1443.3566666666666,4725.525055943416,7977.153393615193,215.0,5,67.0,False,0,7945.735000000001,48.0
1455.3457135485767,4668.0,8027.0,217.96999808,5,65.02000128,False,0,7945.933,48.0
1455.4677777777779,4667.25366989528,8027.638841760279,218.0,5,65.0,False,0,7945.935,48.0
1465.29,4594.219132506977,8089.806425073733,221.0,5,67.0,False,0,7946.095,48.0
1468.870517759068,4566.0,8114.0,221.4833344,5,66.0333312,False,0,7946.153,48.0
1478.7967643420943,4491.0,8179.0,222.81666773333333,5,63.366664533333335,False,0,7946.313,48.0
1487.6899999999998,4427.177798835706,8233.775092075219,224.0,5,61.0,False,0,7946.455,48.0
1498.9638179628187,4339.0,8309.0,226.472224,5,60.5055552,False,0,7946.633000000001,48.0
1510.5900000000001,4226.315959723454,8405.611530657003,229.0,6,60.0,False,0,7946.8150000000005,48.0
1515.588800171523,4185.0,8441.0,229.77999872,6,60.38999936,False,0,7946.893,48.0
1523.4233333333332,4138.763728866132,8480.434660555957,231.0,6,61.0,False,0,7947.015,48.0
1531.0136257310091,4097.0,8516.0,231.49166613333333,6,61.0,False,0,7947.133000000001,48.0
1538.8899999999999,4038.773444684451,8565.773955191506,232.0,6,61.0,False,0,7947.255,48.0
1543.949759585175,3999.0,8600.0,232.9749984,6,61.4874992,False,0,7947.3330000000005,48.0
1549.2899999999997,3958.331740298593,8635.284133277986,234.0,6,62.0,False,0,7947.415,48.0
1558.3265468679801,3891.0,8694.0,235.38000128,6,63.38000128,False,0,7947.553000000001,48.0
1562.401111111111,3860.2987979026275,8720.66511772207,236.0,6,64.0,False,0,7947.615000000001,48.0
1571.4955327546368,3792.0,8780.0,236.9857152,6,64.4928576,False,0,7947.753000000001,48.0
1580.9122222222222,3724.4937874120196,8839.32673327436,238.0,6,65.0,False,0,7947.895,48.0
1591.487328854406,3642.0,8912.0,239.57999872,6,65.0,False,0,7948.053000000001,48.0
1607.6662509035555,3491.0,9044.0,241.97999872,6,65.0,False,0,7948.293000000001,48.0
1607.801111111111,3489.8823240692573,9044.977144228102,242.0,6,65.0,False,0,7948.295,48.0
1621.3011111111111,3399.197675257394,9124.422310577442,243.0,6,65.0,False,0,7948.495000000001,48.0
1634.7688777652672,3318.0,9196.0,244.09999928888888,6,60.60000284444445,False,0,7948.693,48.0
1645.8011111111111,3235.7946379301943,9268.628227288422,245.0,6,57.0,False,0,7948.8550000000005,48.0
1648.382524262921,3216.0,9286.0,244.8812504,6,56.6437512,False,0,7948.893,48.0
1667.3544791224206,3073.0,9411.0,244.0062504,6,54.0187512,False,0,7949.173000000001,48.0
1667.49,3071.9955565532764,9411.900229216668,244.0,6,54.0,False,0,7949.175,48.0
1671.4205282599582,3043.0,9438.0,244.0,6,53.5166656,False,0,7949.233,48.0
1683.7566666666664,2953.8506145905544,9516.396033736864,244.0,6,52.0,False,0,7949.415,48.0
1690.3940571684805,2900.0,9563.0,243.72777742222223,6,50.366664533333335,False,0,7949.513,48.0
1708.0566666666664,2735.368394727908,9704.932748625113,243.0,6,46.0,False,0,7949.775000000001,48.0
1709.2603346721976,2726.0,9713.0,242.63999744,6,42.8499776,False,0,7949.793000000001,48.0
1721.3344444444444,2653.648734096223,9775.309030511016,239.0,6,11.0,False,0,7949.975,48.0
1727.732308451776,2615.0,9809.0,237.03999744,6,8.30499648,False,0,7950.073,48.0
1743.0926301690315,2497.0,9913.0,232.23999744,6,1.7049964800000001,False,0,7950.313,48.0
1747.001111111111,2468.377837775381,9938.07795081505,231.0,6,0.0,True,0,7950.375,48.0
1755.616719880099,2400.0,9998.0,227.5499968,6,0.0,True,0,7950.513,48.0
1771.437769406337,2221.0,10157.0,221.0500032,6,0.0,True,0,7950.773,48.0
1771.5566666666664,2220.006969446705,10157.886844992623,221.0,6,0.0,True,0,7950.775000000001,48.0
1787.7445318026657,2140.0,10230.0,211.9097738089586,6,0.0,True,0,7951.054,48.0
1794.6099999999997,2085.2963144363275,10279.110751166392,208.0,5,0.0,True,0,7951.174,48.0
1803.721111111111,1989.9576921347445,10364.531334253694,205.0,5,0.0,True,0,7951.334000000001,48.0
1809.2807086785588,1945.0,10405.0,201.27329044404092,5,0.0,True,0,7951.434,48.0
1812.6208333333334,1924.8542205894198,10423.252343944461,199.0,5,0.0,True,0,7951.495000000001,48.0
1825.4208333333331,1873.1414160469922,10469.579159407518,192.0,5,0.0,True,0,7951.735000000001,48.0
1828.4255538580526,1849.0,10490.0,189.8249952,5,0.0,True,0,7951.793000000001,48.0
1837.6208333333332,1740.680329746884,10580.28308723599,183.0,5,0.0,True,0,7951.975,48.0
1839.4949136439523,1723.0,10595.0,181.96363985454545,5,0.0,True,0,7952.013,48.0
1850.9761658993455,1669.0,10639.0,175.41818530909092,5,0.0,True,0,7952.253000000001,48.0
1858.520833333333,1607.7491998599028,10684.491505938146,171.0,4,0.0,True,0,7952.415,48.0
1865.8541666666665,1525.8131027409902,10742.246591149793,165.0,4,0.0,True,0,7952.575000000001,48.0
1868.4572228696406,1497.0,10761.0,163.25999616000001,4,0.0,True,0,7952.633000000001,48.0
1874.6874999999995,1428.9398683171542,10801.589495410997,159.0,4,0.0,True,0,7952.775000000001,48.0
1883.8440667320401,1337.0,10849.0,154.00416373333334,4,0.0,True,0,7952.993,48.0
1894.4208333333331,1259.0990459043378,10881.785305799891,148.0,3,0.0,True,0,7953.255,48.0
1900.7763888888885,1217.9905476123909,10896.261394790956,143.0,3,0.0,True,0,7953.415,48.0
1903.036599478238,1202.0,10902.0,141.5499968,3,0.0,True,0,7953.473,48.0
1906.9541666666664,1172.2658504569854,10912.735124376903,139.0,3,0.0,True,0,7953.575000000001,48.0
1909.909808059931,1137.0,10922.0,137.70000213333333,3,0.0,True,0,7953.653,48.0
1915.8801201131212,1028.0,10942.0,135.03333546666667,3,0.0,True,0,7953.813,48.0
1915.9541666666664,1026.9639494940786,10942.170778697211,135.0,3,0.0,True,0,7953.8150000000005,48.0
1921.820833333333,990.5494674360451,10946.730538804299,132.0,3,0.0,True,0,7953.975,48.0
1926.0394231974926,977.0,10946.0,130.23000192,3,0.0,True,0,7954.093000000001,48.0
1935.820833333333,877.1149636392801,10948.31516178373,126.0,3,0.0,False,0,7954.375,48.0
1937.80870409641,852.0,10948.0,125.12999808000001,3,0.0,False,0,7954.433,48.0
1942.6541666666665,789.3416704095281,10944.98744064361,123.0,2,0.0,False,0,7954.575000000001,48.0
1946.6723839229016,744.0,10941.0,122.57857188571428,2,0.0,False,0,7954.693,48.0
1952.1430555555553,701.4527442536811,10934.461254919019,122.0,2,0.0,False,0,7954.8550000000005,48.0
1956.061233480893,673.0,10927.0,120.82000128,2,0.29499968,False,0,7954.973,48.0
1963.892184669762,598.0,10900.0,118.42000128,2,0.89499968,False,0,7955.213000000001,48.0
1965.2541666666664,582.5585865748221,10893.171419322698,118.0,2,1.0,False,0,7955.255,48.0
1973.572102516451,488.0,10845.0,116.15714194285714,2,1.0,False,0,7955.513,48.0
1974.2763888888887,482.2600135227788,10841.684590304645,116.0,2,1.0,False,0,7955.535000000001,48.0
1982.4661059777254,437.0,10808.0,114.3874992,2,5.8375024,False,0,7955.793000000001,48.0
1984.4097222222222,424.7334981902769,10796.488691699202,114.0,2,7.0,False,0,7955.8550000000005,48.0
1989.3874999999998,389.0113059456616,10760.01867865615,112.0,2,10.0,False,0,7956.015,48.0
1990.569690816923,381.0,10751.0,112.0,2,10.3562488,False,0,7956.053000000001,48.0
1994.3094815110721,357.0,10721.0,112.0,2,11.4812488,False,0,7956.173000000001,48.0
1999.3430555555553,321.5757716829658,10665.562955943515,112.0,2,13.0,False,0,7956.335,48.0
2004.2763888888887,288.9069516105301,10607.700454696169,111.0,2,14.0,False,0,7956.495000000001,48.0
2005.4475062904814,283.0,10597.0,111.0,2,14.542855314285715,False,0,7956.533,48.0
2012.909722222222,259.9687027290869,10552.02918584788,111.0,2,18.0,False,0,7956.775000000001,48.0
2015.3129809924676,253.0,10536.0,111.0,2,18.7312488,False,0,7956.853,48.0
2022.7763888888885,226.66517690001916,10467.393558450207,111.0,2,21.0,False,0,7957.095,48.0
2023.3335485559453,225.0,10462.0,111.09000064,2,21.18000128,False,0,7957.113,48.0
2028.998611111111,212.22428857664357,10407.644432341973,112.0,2,23.0,False,0,7957.295,48.0
2030.8267755327252,209.0,10389.0,112.58000128,2,23.0,False,0,7957.353,48.0
2035.3319444444444,202.02060574681275,10339.346038197973,114.0,2,23.0,False,0,7957.495000000001,48.0
2037.8008927673118,199.0,10313.0,114.0,2,22.020922370966396,False,0,7957.573,48.0
2042.9002777777775,194.9809833967838,10265.747223219216,114.0,2,20.0,False,0,7957.734,48.0
2048.660634919194,192.0,10214.0,114.44887787712764,2,15.062343351595946,False,0,7957.914000000001,48.0
2055.7099999999996,187.61303257622652,10138.985069606317,115.0,2,9.0,False,0,7958.135,48.0
2056.9360540510447,187.0,10127.0,114.5124992,2,7.5374976,False,0,7958.174,48.0
2061.2943477999293,185.0,10086.0,112.7624992,2,2.2874976,False,0,7958.314,48.0
2063.1766666666663,183.45602778873237,10062.620163695225,112.0,2,0.0,False,0,7958.375,48.0
2069.2877777777776,176.12991208587354,9971.542550972357,110.0,2,0.0,False,0,7958.575000000001,48.0
2070.440351334054,175.0,9959.0,109.72857234285715,2,0.0,False,0,7958.613,48.0
2077.6877777777777,169.59035391308637,9915.600513887252,108.0,2,0.0,False,0,7958.8550000000005,48.0
2078.2160390881804,169.0,9912.0,107.74999822222222,2,0.0,False,0,7958.8730000000005,48.0
2085.1090107109594,155.0,9844.0,104.41666488888889,2,0.0,False,0,7959.113,48.0
2087.987777777778,143.27949149229585,9809.2086093502,103.0,2,0.0,False,0,7959.215,48.0
2092.4061446019364,123.0,9759.0,101.0250016,2,0.0,False,0,7959.3730000000005,48.0
2094.6544444444444,115.0818883617693,9740.492036631806,100.0,2,0.0,False,0,7959.455,48.0
2101.0544444444445,98.62238633405187,9709.064257472648,96.0,2,0.0,False,0,7959.695000000001,48.0
2103.677774938863,88.0,9693.0,96.0,2,0.0,False,0,7959.793000000001,48.0
2107.4544444444446,66.65584748801669,9662.688539962332,96.0,2,0.0,False,0,7959.935,48.0
2108.9616948938447,57.0,9650.0,95.0333312,2,0.0,False,0,7959.993,48.0
2113.587777777778,26.095879321931765,9613.774999494746,92.0,1,0.0,False,0,7960.175,48.0
2114.544713324807,20.0,9607.0,91.62000128,1,0.0,False,0,7960.213000000001,48.0
2118.587777777778,-4.791235401614273,9580.651655665812,90.0,1,0.0,False,0,7960.375,48.0
2120.503477039655,-23.0,9565.0,89.2687512,1,0.0,False,0,7960.453,48.0
2124.846799202809,-82.0,9521.0,87.5812488,1,0.0,False,0,7960.633000000001,48.0
2126.321111111111,-96.31029686275254,9511.061655547692,87.0,1,0.0,False,0,7960.695000000001,48.0
2132.808367315898,-127.0,9495.0,84.02142994285714,1,0.0,False,0,7960.973,48.0
2132.854444444444,-127.29098211811248,9494.857262493048,84.0,1,0.0,False,0,7960.975,48.0
2138.276174371197,-177.0,9472.0,82.01666773333334,1,0.0,False,0,7961.213000000001,48.0
2138.321111111111,-177.5510398914166,9471.798943960674,82.0,1,0.0,False,0,7961.215,48.0
2142.7655555555552,-241.3369350568808,9453.06081803999,80.0,1,1.0,False,0,7961.415,48.0
2144.4832973108114,-262.0,9448.0,79.61000064,1,2.16999808,False,0,7961.493,48.0
2147.1544444444444,-283.4951208322349,9443.65036068295,79.0,1,4.0,False,0,7961.615000000001,48.0
2151.8765896712325,-309.0,9443.0,78.3187496,1,8.0875024,False,0,7961.8330000000005,48.0
2154.087777777778,-328.27001941252314,9443.413625836154,78.0,1,10.0,False,0,7961.935,48.0
2158.410799725379,-374.0,9446.0,78.4499997090909,1,11.799998836363637,False,0,7962.133000000001,48.0
2159.289018764965,-383.0,9447.0,78.5409088,1,12.1636352,False,0,7962.173000000001,48.0
2163.7433333333333,-423.7117392522659,9456.316227443072,79.0,1,14.0,False,0,7962.375,48.0
2167.2494808607375,-458.0,9471.0,79.6583328,1,14.6583328,False,0,7962.533,48.0
2169.076666666667,-478.9377056053019,9481.84339577476,80.0,1,15.0,False,0,7962.615000000001,48.0
2173.0608170226315,-524.0,9508.0,80.5562504,1,15.5562504,False,0,7962.793000000001,48.0
2176.2766666666666,-547.1377439312117,9523.51061195858,81.0,1,16.0,False,0,7962.935,48.0
2181.299708472538,-574.0,9547.0,82.81666773333333,1,16.908333866666666,False,0,7963.153,48.0
2181.81,-577.4894729822595,9550.247783651328,83.0,1,17.0,False,0,7963.175,48.0
2184.0882186147383,-594.0,9566.0,83.49000064,1,17.98000128,False,0,7963.273,48.0
2186.4766666666665,-609.6376489434631,9581.925727176396,84.0,1,19.0,False,0,7963.375,48.0
2188.7964418367974,-625.0,9600.0,84.70000091428571,1,20.05000137142857,False,0,7963.473,48.0
2193.1655555555553,-659.7041799682628,9649.286191559891,86.0,1,22.0,False,0,7963.655000000001,48.0
2196.5267503009127,-682.0,9684.0,87.38000128,1,22.0,False,0,7963.793000000001,48.0
2198.0544444444445,-688.7897286407754,9695.20287825764,88.0,1,22.0,False,0,7963.8550000000005,48.0
2204.0326056480335,-705.0,9728.0,89.98333226666666,1,22.661110755555555,False,0,7964.093000000001,48.0
2207.1544444444444,-717.0757276222495,9755.512760993359,91.0,1,23.0,False,0,7964.215,48.0
2208.159431597106,-721.0,9765.0,91.4905666453065,1,23.490566645306508,False,0,7964.254000000001,48.0
2211.2619444444445,-732.1653090252869,9794.358831683765,93.0,1,25.0,False,0,7964.374000000001,48.0
2215.3952777777777,-745.0,9834.0,93.0,1,27.0,False,0,7964.534000000001,48.0
2221.794971150681,-760.0,9895.0,95.9875526605949,1,28.991701773729933,False,0,7964.774,48.0
2221.8219444444444,-760.0510279060754,9895.259975790535,96.0,1,29.0,False,0,7964.775000000001,48.0
2227.2663888888887,-768.3793979347513,9948.006092779964,98.0,1,31.0,False,0,7964.975,48.0
2227.7923776771613,-769.0,9953.0,98.28500096,1,30.80999936,False,0,7964.994000000001,48.0
2232.2549552103937,-773.0,9996.0,100.67000192,1,29.21999872,False,0,7965.153,48.0
2232.8775,-773.3444710787915,10002.701548646204,101.0,2,29.0,False,0,7965.175,48.0
2240.888611111111,-774.0354302938946,10099.398644162946,103.0,2,30.0,False,0,7965.455,48.0
2241.4106490450104,-774.0,10105.0,103.27000192,2,30.09000064,False,0,7965.473,48.0
2246.7775,-773.5483983599836,10153.575867672605,106.0,2,31.0,False,0,7965.655000000001,48.0
2267.687694364887,-743.0,10336.0,117.9624976,2,39.9718732,False,0,7966.293000000001,48.0
2267.755277777778,-742.71737530994,10337.138951755009,118.0,2,40.0,False,0,7966.295,48.0
2274.466577433193,-712.0,10456.0,121.093748,2,41.2374992,False,0,7966.493,48.0
2278.688611111111,-699.3273154478784,10499.915068212276,123.0,2,42.0,False,0,7966.615000000001,48.0
2282.1543700930697,-690.0,10528.0,125.10000274285714,2,42.350000457142855,False,0,7966.713000000001,48.0
2288.6492999803113,-668.0,10588.0,128.95714011428572,2,42.99285668571429,False,0,7966.893,48.0
2288.7219444444445,-667.7352400147562,10588.681906653626,129.0,2,43.0,False,0,7966.895,48.0
2296.0552777777775,-639.9163783005891,10656.301221875394,132.0,2,44.0,False,0,7967.095,48.0
2298.9794301570582,-629.0,10682.0,133.29999786666667,2,45.08333155555555,False,0,7967.173000000001,48.0
2306.652769223344,-599.0,10751.0,136.6333312,2,47.86110933333333,False,0,7967.3730000000005,48.0
2309.8552777777777,-581.6133288083346,10788.617471998774,138.0,3,49.0,False,0,7967.455,48.0
2317.7185936585324,-535.0,10886.0,142.2428544,3,48.2928576,False,0,7967.653,48.0
2321.0552777777775,-520.8972126345811,10914.546106427657,144.0,3,48.0,False,0,7967.735000000001,48.0
2332.751864784448,-486.0,10981.0,150.17777493333332,3,48.77222186666667,False,0,7968.013,48.0
2336.2552777777773,-472.6564318876407,11006.24254749309,152.0,3,49.0,False,0,7968.095,48.0
2343.9085627488257,-434.0,11078.0,154.67000192,3,45.43999744,False,0,7968.273,48.0
2344.8663888888887,-427.83617824732113,11089.12536328921,155.0,3,45.0,False,0,7968.295,48.0
2356.3221430348844,-343.0,11238.0,159.60714514285715,3,46.842858057142855,False,0,7968.553000000001,48.0
2357.310833333333,-336.5607354385065,11248.92141191271,160.0,3,47.0,False,0,7968.575000000001,48.0
2366.366388888888,-288.2811485792008,11327.363648845201,163.0,3,48.0,False,0,7968.775000000001,48.0
2372.7093743174064,-261.0,11369.0,164.53333475555556,3,47.61666631111111,False,0,7968.9130000000005,48.0
2383.066388888888,-222.23227705336458,11424.85855375287,167.0,4,47.0,False,0,7969.135,48.0
2391.4833998104104,-185.0,11476.0,169.2250016,4,47.0,False,0,7969.313,48.0
2398.266388888888,-145.7108129078487,11529.453074940177,171.0,4,47.0,False,0,7969.455,48.0
2404.916272735078,-105.0,11583.0,173.07000192,4,46.30999936,False,0,7969.593000000001,48.0
2407.933055555555,-87.65334347489386,11604.711624784577,174.0,4,46.0,False,0,7969.655000000001,48.0
2414.726527750461,-43.0,11658.0,176.30000213333332,4,44.84999893333333,False,0,7969.793000000001,48.0
2419.7997222222216,7.047913476993007,11716.401554537435,178.0,4,44.0,False,0,7969.895,48.0
2423.700975907861,47.0,11762.0,178.83571291428572,4,44.27857097142857,False,0,7969.973,48.0
2433.8774999999996,129.61407994911633,11849.829420325868,181.0,4,45.0,False,0,7970.175,48.0
2446.9850765796027,203.0,11920.0,182.84285805714285,4,45.92142902857143,False,0,7970.433,48.0
2448.1108333333327,208.32538343347096,11925.162679054232,183.0,4,46.0,False,0,7970.455,48.0
2463.4986132639756,292.0,12004.0,185.7937512,4,47.8625008,False,0,7970.753000000001,48.0
2464.644166666666,302.7944247307906,12013.577158387927,186.0,4,48.0,False,0,7970.775000000001,48.0
2476.115928153521,434.0,12127.0,188.059561317204,4,48.0,False,0,7970.994000000001,48.0
2481.391666666666,480.6342196326167,12165.511366503062,189.0,4,48.0,False,0,7971.094,48.0
2500.5910684607575,590.0,12245.0,191.99169028107528,4,46.005539812616476,False,0,7971.454000000001,48.0
2500.644999999999,590.3430180554269,12245.240506662603,192.0,5,46.0,False,0,7971.455,48.0
2520.2449999999994,738.6915251377462,12345.083099955216,196.0,5,48.0,False,0,7971.8150000000005,48.0
2521.2282984997355,747.0,12350.0,196.07500053333334,5,48.07500053333333,False,0,7971.8330000000005,48.0
2532.16937981642,843.0,12402.0,196.90833386666668,5,48.908333866666666,False,0,7972.033,48.0
2533.3783333333326,853.7898958553922,12407.521433691873,197.0,5,49.0,False,0,7972.055,48.0
2543.2082423579936,942.0,12451.0,198.4833344,5,49.7416672,False,0,7972.233,48.0
2546.6449999999995,972.9190935876584,12465.612164045551,199.0,5,50.0,False,0,7972.295,48.0
2549.8640308761187,1002.0,12479.0,199.3625008,5,50.3625008,False,0,7972.353,48.0
2555.533888888888,1053.7004584755236,12501.81969380208,200.0,5,51.0,False,0,7972.455,48.0
2560.9910751410425,1104.0,12523.0,200.49000064,5,51.0,False,0,7972.553000000001,48.0
2566.700555555555,1156.9624162627679,12544.389844503034,201.0,5,51.0,False,0,7972.655000000001,48.0
2571.100962865428,1198.0,12560.0,202.16999808,5,51.0,False,0,7972.733,48.0
2578.0338888888887,1263.283048589643,12582.706742813025,204.0,5,51.0,False,0,7972.8550000000005,48.0
2585.9277154141255,1338.0,12607.0,205.7250016,5,51.0,False,0,7972.993,48.0
2587.1894444444442,1349.9158764054346,12610.859246962833,206.0,5,51.0,False,0,7973.015,48.0
2596.270548049706,1436.0,12638.0,206.78999936,5,51.0,False,0,7973.173000000001,48.0
2598.6894444444442,1459.3115998389414,12644.766338075571,207.0,5,51.0,False,0,7973.215,48.0
2610.1178076913734,1570.0,12674.0,207.6187496,5,49.1437512,False,0,7973.4130000000005,48.0
2617.1783333333333,1635.5316036936656,12690.27392151878,208.0,5,48.0,False,0,7973.535000000001,48.0
2628.6729237881823,1751.0,12716.0,208.98999936,5,48.0,False,0,7973.733,48.0
2628.789444444444,1752.3490642227948,12716.27320297368,209.0,5,48.0,False,0,7973.735000000001,48.0
2641.545944633852,1911.0,12746.0,210.21111182222222,5,49.81666773333333,False,0,7973.953,48.0
2649.889444444444,1998.2130965213007,12760.78872599948,211.0,5,51.0,False,0,7974.095,48.0
2666.260334731802,2145.0,12781.0,211.9928566857143,5,52.985713371428574,False,0,7974.3730000000005,48.0
2666.378333333333,2146.1487484612635,12781.134001972323,212.0,5,53.0,False,0,7974.375,48.0
2669.8015234664854,2180.0,12785.0,212.2071433142857,5,53.0,False,0,7974.433,48.0
2682.9449999999997,2310.8949910198057,12800.702205771619,213.0,5,53.0,False,0,7974.655000000001,48.0
2687.5889834120894,2357.0,12806.0,213.55714194285713,5,52.72142902857143,False,0,7974.733,48.0
2699.6672222222214,2476.4798802187142,12818.603968109306,215.0,5,52.0,False,0,7974.935,48.0
2701.943434359478,2499.0,12821.0,215.1583328,5,52.3166656,False,0,7974.973,48.0
2713.9469010896123,2618.0,12834.0,215.99166613333333,5,53.983332266666665,False,0,7975.173000000001,48.0
2714.067222222222,2619.1976342988246,12834.127063040163,216.0,5,54.0,False,0,7975.175,48.0
2718.7641264438653,2666.0,12839.0,216.4874992,5,54.9749984,False,0,7975.253000000001,48.0
2723.711666666666,2715.181341699982,12843.987808885322,217.0,5,56.0,False,0,7975.335,48.0
2730.8487081830517,2786.0,12851.0,217.58999936,5,54.82000128,False,0,7975.453,48.0
2735.8227777777774,2835.3916895031293,12855.817951356583,218.0,5,54.0,False,0,7975.535000000001,48.0
2751.5590126126117,2991.0,12871.0,219.07500053333334,5,52.92499946666667,False,0,7975.793000000001,48.0
2761.357369214946,3087.0,12881.0,219.7416672,5,52.2583328,False,0,7975.953,48.0
2765.156111111111,3124.7055597958583,12885.221980648466,220.0,5,52.0,False,0,7976.015,48.0
2771.162743522099,3184.0,12892.0,220.35000045714287,5,51.649999542857145,False,0,7976.113,48.0
2782.221711096161,3294.0,12904.0,220.9928566857143,5,51.00714331428571,False,0,7976.293000000001,48.0
2782.344999999999,3295.412113598383,12904.151425931055,221.0,5,51.0,False,0,7976.295,48.0
2799.5593144912114,3528.0,12929.0,222.7374992,5,52.7374992,False,0,7976.573,48.0
2802.1672222222214,3561.861798918365,12932.67906028541,223.0,6,53.0,False,0,7976.615000000001,48.0
2822.078333333332,3778.7161177514076,12956.868757732944,224.0,6,50.0,False,0,7976.935,48.0
2828.199251823971,3825.0,12962.0,224.3062504,6,49.6937496,False,0,7977.033,48.0
2842.0783333333325,3894.279296173917,12969.431188161543,225.0,6,49.0,False,0,7977.255,48.0
2850.740986580485,3974.0,12979.0,224.42083306666666,6,43.20833066666667,False,0,7977.394,48.0
2857.0116666666654,4070.688689524854,12991.045330489964,224.0,6,39.0,False,0,7977.495000000001,48.0
2866.8309049383315,4220.0,13010.0,222.67499946666666,6,21.774993066666667,False,0,7977.654,48.0
2879.1116666666653,4263.98704370313,13016.286156971431,221.0,6,0.0,False,0,7977.8550000000005,48.0
2880.262070987304,4269.0,13017.0,220.68333226666667,6,0.0,False,0,7977.874000000001,48.0
2900.6116666666653,4472.222463494115,13043.943441942167,215.0,6,0.0,False,0,7978.215,48.0
2902.8473369811536,4496.0,13047.0,214.4458352,6,0.0,False,0,7978.253000000001,48.0
2907.5337346326933,4543.0,13053.0,213.27916853333335,6,0.0,False,0,7978.3330000000005,48.0
2923.6974518588813,4707.0,13074.0,209.1958352,6,0.0,False,0,7978.613,48.0
2928.344999999999,4769.779271192347,13081.1160334127,208.0,5,0.0,True,0,7978.695000000001,48.0
2937.185092055218,4889.0,13094.0,204.44500288,5,0.0,True,0,7978.853,48.0
2950.45611111111,4981.023939326722,13103.180988452797,199.0,5,0.0,True,0,7979.095,48.0
2953.5944283137364,5011.0,13105.0,197.98499776,5,0.0,True,0,7979.153,48.0
2968.5258350044346,5219.0,13114.0,193.08499776,5,0.0,True,0,7979.433,48.0
2971.7894444444432,5247.7155540004105,13114.684592165311,192.0,5,0.0,False,0,7979.495000000001,48.0
2984.1857961066185,5307.0,13111.0,188.6944462222222,5,0.0,False,0,7979.733,48.0
2990.489444444443,5357.552327705904,13104.860380845032,187.0,4,0.0,False,0,7979.8550000000005,48.0
2998.7116666666657,5446.290531110319,13092.556805390077,185.0,4,0.0,False,0,7980.015,48.0
3003.6862651210436,5500.0,13083.0,184.14782497391303,4,2.1304375652173912,False,0,7980.113,48.0
3041.9025643233936,5865.0,12954.0,177.36521850434784,4,19.086953739130436,False,0,7980.893,48.0
3043.9449999999983,5882.999277321051,12944.413975142541,177.0,4,20.0,False,0,7980.935,48.0
3049.6860219951373,5933.0,12916.0,176.34444515555555,4,20.655554844444445,False,0,7981.053000000001,48.0
3061.4449999999983,6032.450174991513,12850.682661149152,175.0,4,22.0,False,0,7981.295,48.0
3065.2183883597695,6063.0,12828.0,174.61000064,4,22.38999936,False,0,7981.3730000000005,48.0
3070.048689063463,6101.0,12798.0,174.10999936,4,22.89000064,False,0,7981.473,48.0
3071.1116666666653,6109.290116730879,12791.321813495499,174.0,4,23.0,False,0,7981.495000000001,48.0
3080.7783333333323,6183.483464030751,12729.274746671632,174.0,4,27.0,False,0,7981.695000000001,48.0
3082.613779525235,6197.0,12717.0,174.0,4,27.37999872,False,0,7981.733,48.0
3090.4449999999993,6252.099860561084,12662.376447854102,174.0,4,29.0,False,0,7981.895,48.0
3091.318177293589,6258.0,12656.0,174.1125008,4,29.9000064,False,0,7981.9130000000005,48.0
3098.222777777777,6302.851425289913,12603.79674470315,175.0,4,37.0,False,0,7982.055,48.0
3100.0699186496327,6314.0,12590.0,175.0,4,37.37999872,False,0,7982.093000000001,48.0
3107.9449999999993,6358.724760173941,12529.947701379393,175.0,4,39.0,False,0,7982.255,48.0
3109.79664289601,6371.0,12511.0,175.18999936,4,39.37999872,False,0,7982.293000000001,48.0
3117.722777777777,6434.264216546036,12403.330485059112,176.0,4,41.0,False,0,7982.455,48.0
3120.5804193475115,6455.0,12366.0,176.4833344,4,41.0,False,0,7982.513,48.0
3129.5894444444434,6500.986393719237,12276.812728564219,178.0,4,41.0,False,0,7982.695000000001,48.0
3137.5005555555545,6523.114484277279,12224.788502293632,178.0,4,38.0,False,0,7982.8550000000005,48.0
3143.3607265523283,6539.0,12186.0,178.58999936,4,36.23000192,False,0,7982.973,48.0
3147.4449999999993,6550.201685626783,12158.250072427712,179.0,4,35.0,False,0,7983.055,48.0
3157.336316123767,6579.0,12084.0,179.7071424,4,35.0,False,0,7983.253000000001,48.0
3161.4449999999993,6592.475541959793,12047.123119790447,180.0,4,35.0,False,0,7983.335,48.0
3169.3820814802048,6619.0,11970.0,180.6583328,4,36.3166656,False,0,7983.493,48.0
3173.511666666666,6631.35381780793,11930.473497671719,181.0,4,37.0,False,0,7983.575000000001,48.0
3179.4664252200964,6648.0,11874.0,181.4214281142857,4,37.84285622857143,False,0,7983.693,48.0
3187.6672222222214,6670.466510788581,11796.01726405523,182.0,4,39.0,False,0,7983.8550000000005,48.0
3195.800555555555,6692.400093842989,11717.501085749072,183.0,4,40.0,False,0,7984.015,48.0
3196.7691602149544,6695.0,11708.0,183.09500032,4,40.19000064,False,0,7984.034000000001,48.0
3206.022777777777,6718.860098279019,11618.41972430183,184.0,4,42.0,False,0,7984.215,48.0
3206.9958994831545,6721.0,11610.0,184.0593752,4,42.1187504,False,0,7984.234,48.0
3212.1219596180767,6732.0,11565.0,184.3718752,4,42.7437504,False,0,7984.334000000001,48.0
3222.4672222222216,6770.974535108716,11400.145622471502,185.0,4,44.0,False,0,7984.535000000001,48.0
3224.484879196268,6778.0,11370.0,185.32500053333334,4,44.32500053333333,False,0,7984.5740000000005,48.0
3234.933888888888,6802.224513209098,11262.938908321528,187.0,4,46.0,False,0,7984.775000000001,48.0
3249.633888888888,6819.597901489025,11172.289143484655,189.0,5,46.0,False,0,7985.055,48.0
3251.6530945514614,6823.0,11154.0,189.4749984,5,46.1187496,False,0,7985.093000000001,48.0
3266.789444444444,6854.29831793254,10981.32253468724,193.0,5,47.0,False,0,7985.375,48.0
3268.8340657272784,6858.0,10959.0,193.18999936,5,47.18999936,False,0,7985.4130000000005,48.0
3277.4589632854936,6871.0,10874.0,193.98999936,5,47.98999936,False,0,7985.573,48.0
3277.5672222222215,6871.151184912993,10872.989843439344,194.0,5,48.0,False,0,7985.575000000001,48.0
3288.4561111111107,6886.079736061293,10772.79172622757,196.0,5,48.0,False,0,7985.775000000001,48.0
3292.7361600726144,6893.0,10723.0,196.77999872,5,48.38999936,False,0,7985.853,48.0
3299.4561111111107,6905.880859535712,10625.430066106946,198.0,5,49.0,False,0,7985.975,48.0
3305.966157049395,6917.0,10538.0,198.49166613333333,5,49.49166613333333,False,0,7986.093000000001,48.0
3312.722777777777,6923.381436198164,10484.602196526517,199.0,5,50.0,False,0,7986.215,48.0
3322.653650578107,6929.0,10428.0,200.4833344,5,50.7416672,False,0,7986.393,48.0
3326.1227777777776,6932.016573813709,10397.114921276396,201.0,5,51.0,False,0,7986.455,48.0
3333.8547644437717,6940.0,10316.0,201.69000064,5,52.38000128,False,0,7986.593000000001,48.0
3337.345,6943.559486872018,10280.812925250562,202.0,5,53.0,False,0,7986.655000000001,48.0
3345.1664961318547,6951.0,10204.0,203.4785728,5,53.4928576,False,0,7986.793000000001,48.0
3353.2894444444437,6957.284657637364,10122.653827956066,205.0,5,54.0,False,0,7986.935,48.0
3354.324430967278,6958.0,10113.0,205.20000142222221,5,54.050000355555554,False,0,7986.953,48.0
3374.189444444444,6969.591342916636,9930.038538894434,209.0,5,55.0,False,0,7987.295,48.0
3376.413842583026,6971.0,9895.0,209.28499904,5,55.18999936,False,0,7987.3330000000005,48.0
3385.8122163675216,6977.0,9720.0,210.48499904,5,55.98999936,False,0,7987.493,48.0
3397.745,6980.011826257014,9605.58717882835,212.0,5,57.0,False,0,7987.695000000001,48.0
3412.0116666666663,6980.779502843311,9540.042570160364,214.0,5,56.0,False,0,7987.935,48.0
3413.085687021179,6981.0,9531.0,214.09000064,5,56.0,False,0,7987.953,48.0
3426.258187609936,6985.0,9388.0,215.18999936,5,56.0,False,0,7988.173000000001,48.0
3436.0116666666668,6987.561917412049,9294.963750193549,216.0,5,56.0,False,0,7988.335,48.0
3444.355983665764,6990.0,9220.0,216.76666737777776,5,55.61666631111111,False,0,7988.473,48.0
3457.811666666667,6996.248406575702,9086.799078827804,218.0,5,55.0,False,0,7988.695000000001,48.0
3458.901658911252,6997.0,9075.0,218.0,5,54.7749984,False,0,7988.713000000001,48.0
3467.500555555556,7004.500135069571,8975.912987259662,218.0,5,53.0,False,0,7988.8550000000005,48.0
3477.0981444101503,7014.0,8873.0,218.4937496,5,51.5187512,False,0,7989.013,48.0
3486.967222222223,7022.558692147044,8798.065897398454,219.0,5,50.0,False,0,7989.175,48.0
3491.726046912261,7027.0,8764.0,219.17727243636364,5,49.645455127272726,False,0,7989.253000000001,48.0
3513.733765709571,7063.0,8548.0,219.99545425454545,5,48.00909149090909,False,0,7989.613,48.0
3513.8561111111117,7063.379487317861,8546.184570023826,220.0,5,48.0,False,0,7989.615000000001,48.0
3527.192071471817,7111.0,8333.0,220.0,5,47.39444408888889,False,0,7989.8330000000005,48.0
3535.8561111111117,7126.174350207618,8268.591937935113,220.0,5,47.0,False,0,7989.975,48.0
3546.6784487366167,7138.0,8226.0,219.2583328,5,47.7416672,False,0,7990.153,48.0
3550.4561111111116,7145.5044436169555,8199.06555469038,219.0,5,48.0,False,0,7990.215,48.0
3560.23388888889,7174.587039479268,8099.133133365316,220.0,5,47.0,False,0,7990.375,48.0
3561.332198171027,7179.0,8085.0,219.93571382857144,5,46.93571382857143,False,0,7990.393,48.0
3577.267222222223,7256.212507289232,7852.963637994289,219.0,5,46.0,False,0,7990.655000000001,48.0
3578.4226670295516,7260.0,7842.0,219.0,5,45.76323903067694,False,0,7990.674,48.0
3594.2420533749278,7286.0,7774.0,219.0,5,42.52336299531225,False,0,7990.934,48.0
3596.794722222223,7293.019762798904,7756.219085697508,219.0,5,42.0,False,0,7990.976000000001,48.0
3608.809538024356,7340.0,7637.0,218.3793100681008,5,20.27585238352805,False,0,7991.174,48.0
3616.1119444444444,7368.1532938442215,7568.627477782733,218.0,5,7.0,False,0,7991.295,48.0
3618.456355114082,7377.0,7547.0,217.5124992,5,5.862498133333333,False,0,7991.334000000001,48.0
3630.4452777777783,7421.2301018735,7434.143219519118,215.0,5,0.0,False,0,7991.535000000001,48.0
3631.5079026270973,7425.0,7424.0,214.67856914285716,5,0.0,False,0,7991.553000000001,48.0
3645.5070477317236,7471.0,7290.0,210.39285485714285,5,0.0,False,0,7991.793000000001,48.0
3646.778611111112,7474.67954763871,7278.095313104152,210.0,5,0.0,False,0,7991.8150000000005,48.0
3655.9786111111116,7498.4127920031815,7194.061297621372,207.0,5,6.0,False,0,7991.975,48.0
3660.4371061992188,7508.0,7155.0,206.35000106666666,5,8.599995733333333,False,0,7992.053000000001,48.0
3669.645277777778,7523.870686344488,7076.634189426733,205.0,5,14.0,False,0,7992.215,48.0
3671.795513211535,7527.0,7057.0,204.5250016,5,15.4249952,False,0,7992.253000000001,48.0
3677.4330423501683,7534.0,7002.0,203.2749984,5,19.1750048,False,0,7992.353,48.0
3678.667500000001,7535.073412941003,6989.672764161082,203.0,5,20.0,False,0,7992.375,48.0
3694.114718672766,7535.0,6837.0,200.3937512,5,27.8187464,False,0,7992.653,48.0
3696.4452777777783,7533.837608783619,6816.326375703406,200.0,5,29.0,False,0,7992.695000000001,48.0
3707.5563888888896,7522.087364242381,6710.638956329813,200.0,5,32.0,False,0,7992.895,48.0
3709.6617007422865,7517.0,6680.0,199.8416672,5,32.9499968,False,0,7992.933,48.0
3719.607516576426,7484.0,6504.0,199.09166613333332,5,37.4500032,False,0,7993.113,48.0
3720.823055555556,7480.84581307729,6487.999703696557,199.0,5,38.0,False,0,7993.135,48.0
3729.6675000000005,7468.415588039694,6430.375387338634,199.0,5,38.0,False,0,7993.295,48.0
3738.401312777334,7459.0,6396.0,199.0,5,38.0,False,0,7993.453,48.0
3738.5119444444454,7458.824834131514,6395.32547655642,199.0,5,38.0,False,0,7993.455,48.0
3752.7791988090003,7424.0,6256.0,199.0,5,24.178564571428574,False,0,7993.713000000001,48.0
3753.989722222223,7419.812930692526,6238.907943739318,199.0,5,23.0,False,0,7993.735000000001,48.0
3764.934166666667,7377.999557953437,6066.524153898168,197.0,5,0.0,False,0,7993.935,48.0
3765.914877525542,7375.0,6054.0,196.81999872,5,0.0,False,0,7993.953,48.0
3775.7675000000004,7355.857672675895,5971.941005611125,195.0,4,0.0,False,0,7994.135,48.0
3790.376523724001,7343.0,5887.0,190.57727476363635,4,4.422725236363636,False,0,7994.4130000000005,48.0
3798.745277777778,7328.048105037098,5776.692406371797,188.0,4,7.0,False,0,7994.575000000001,48.0
3801.729979159044,7324.0,5742.0,187.4727261090909,4,8.713640145454546,False,0,7994.633000000001,48.0
3812.99586193764,7319.0,5661.0,185.47272843636364,4,15.213632581818182,False,0,7994.853,48.0
3821.2341666666675,7315.447704252676,5602.728567879459,184.0,4,20.0,False,0,7995.015,48.0
3833.2663549103736,7328.0,5462.0,182.01666773333332,4,24.95833066666667,False,0,7995.253000000001,48.0
3833.3675000000007,7328.335212382377,5460.270068838112,182.0,4,25.0,False,0,7995.255,48.0
3841.355604829591,7361.0,5316.0,182.0,4,25.9874992,False,0,7995.4130000000005,48.0
3841.4563888888893,7361.333617495462,5314.630386174427,182.0,4,26.0,False,0,7995.415,48.0
3856.3599850002684,7387.0,5240.0,180.1374992,4,28.7937512,False,0,7995.713000000001,48.0
3857.4563888888897,7390.131629413025,5233.0607049527225,180.0,4,29.0,False,0,7995.735000000001,48.0
3869.3046564146603,7441.0,5120.0,179.33888924444443,4,29.661110755555555,False,0,7995.973,48.0
3875.35638888889,7469.863286612153,5065.245789380889,179.0,4,30.0,False,0,7996.095,48.0
3878.2262759590776,7484.0,5040.0,178.70999936,4,25.6499904,False,0,7996.153,48.0
3887.1022272957703,7530.0,4961.0,177.81000064,4,12.1500096,False,0,7996.3330000000005,48.0
3895.023055555556,7573.094155502235,4890.07453892117,177.0,4,0.0,False,0,7996.495000000001,48.0
3903.636708849765,7617.0,4817.0,175.0222208,4,0.0,False,0,7996.673000000001,48.0
3912.2283938348073,7653.0,4752.0,173.02222364444444,4,0.0,False,0,7996.853,48.0
3912.323055555556,7653.385349251663,4751.2872022714355,173.0,4,0.0,False,0,7996.8550000000005,48.0
3919.8341666666674,7684.069395104329,4693.550107338651,169.0,4,0.0,False,0,7997.015,48.0
3923.491481787599,7699.0,4663.0,167.87142765714285,4,0.0,False,0,7997.094,48.0
3930.8055992428413,7728.0,4596.0,165.58571337142857,4,0.0,False,0,7997.254000000001,48.0
3932.6675,7734.640698177929,4578.547587770257,165.0,4,0.0,False,0,7997.295,48.0
3943.4349588892496,7766.0,4476.0,163.2119693106385,4,4.76808183829735,False,0,7997.534000000001,48.0
3950.7125000000005,7780.657220719619,4404.69984223827,162.0,4,8.0,False,0,7997.696,48.0
3952.4226471272545,7783.0,4388.0,162.0,4,8.38000128,False,0,7997.734,48.0
3959.622754648402,7788.0,4318.0,162.0,4,9.98000128,False,0,7997.894,48.0
3959.7125000000005,7788.023689553121,4317.119489003846,162.0,3,10.0,False,0,7997.896000000001,48.0
3966.77875657937,7787.0,4247.0,161.006288903129,3,13.97484438748402,False,0,7998.054,48.0
3966.8233333333337,7786.972182371457,4246.5550909083895,161.0,3,14.0,False,0,7998.055,48.0
3977.4900000000002,7772.364049512199,4140.010534944287,160.0,3,14.0,False,0,7998.295,48.0
3980.9604894987583,7765.0,4106.0,160.0,3,14.835712914285715,False,0,7998.3730000000005,48.0
3985.414216801297,7754.0,4063.0,160.0,3,15.907144228571429,False,0,7998.473,48.0
3989.9344444444446,7740.886277999002,4019.4931389480707,160.0,3,17.0,True,0,7998.575000000001,48.0
3996.8963257196597,7717.0,3953.0,159.21000064,3,20.9499968,True,0,7998.733,48.0
3998.767777777778,7709.9851365072855,3935.5959775197807,159.0,3,22.0,False,0,7998.775000000001,48.0
4023.835236901921,7594.0,3723.0,167.07000192,3,49.79667328,False,0,7999.313,48.0
4026.7677777777785,7577.1558075301855,3699.760254615435,168.0,4,53.0,False,0,7999.375,48.0
4034.2450403712714,7531.0,3642.0,169.9749984,4,53.6583328,False,0,7999.533,48.0
4038.167777777778,7505.350686693577,3613.1183156641055,171.0,4,54.0,False,0,7999.615000000001,48.0
4045.857763519649,7452.0,3560.0,173.9624976,4,55.4812488,False,0,7999.773,48.0
4053.9011111111113,7390.540371990299,3509.7642813481652,177.0,4,57.0,False,0,7999.935,48.0
4057.82328028932,7359.0,3487.0,178.36499776,4,57.19499968,False,0,8000.013,48.0
4073.2006071190904,7229.0,3407.0,183.61500224,4,57.94500032,False,0,8000.313,48.0
4074.345555555556,7219.132251190639,3401.493143816137,184.0,4,58.0,False,0,8000.335,48.0
4075.2840740660645,7211.0,3397.0,184.31500224,4,57.86499904,False,0,8000.353,48.0
4089.013929425464,7090.0,3334.0,188.86499776,4,55.91500096,False,0,8000.613,48.0
4095.5677777777787,7039.365143579338,3309.388529290597,191.0,4,55.0,False,0,8000.735000000001,48.0
4105.24944077436,6951.0,3257.0,194.708336,4,53.5166656,False,0,8000.9130000000005,48.0
4108.634444444445,6907.187029826257,3225.5004451051054,196.0,5,53.0,False,0,8000.975,48.0
4117.265992156058,6797.0,3141.0,196.6583328,5,51.6833344,False,0,8001.133000000001,48.0
4121.767777777778,6771.989503180538,3121.0882545681607,197.0,5,51.0,False,0,8001.215,48.0
4131.621267061802,6748.0,3095.0,198.6687512,5,51.0,False,0,8001.393,48.0
4139.545555555556,6674.009173673105,3018.2386556221445,200.0,5,51.0,False,0,8001.535000000001,48.0
4149.541833970259,6568.0,2909.0,201.33500096,5,51.0,False,0,8001.713000000001,48.0
4162.101111111111,6524.675484925689,2862.0197097482096,203.0,5,51.0,False,0,8001.935,48.0
4166.536111333928,6508.0,2841.0,203.9749984,5,51.9749984,False,0,8002.013,48.0
4171.212222222222,6481.768157056685,2807.494103774971,205.0,5,53.0,False,0,8002.095,48.0
4187.312222222223,6356.658498116502,2642.4296579272673,207.0,5,53.0,False,0,8002.375,48.0
4188.357031698991,6350.0,2633.0,207.18000128,5,53.18000128,False,0,8002.393,48.0
4195.356157619487,6311.0,2575.0,208.38000128,5,54.38000128,False,0,8002.513,48.0
4207.111417564754,6250.0,2476.0,210.38000128,5,56.38000128,False,0,8002.713000000001,48.0
4210.756666666667,6231.385997498375,2443.881983155817,211.0,5,57.0,False,0,8002.775000000001,48.0
4218.877477297897,6190.0,2370.0,211.8625008,5,58.7250016,False,0,8002.9130000000005,48.0
4220.17888888889,6183.3301454349075,2357.9341993318576,212.0,5,59.0,False,0,8002.935,48.0
4234.5122222222235,6110.425444398107,2223.3346721216785,215.0,5,60.0,False,0,8003.175,48.0
4237.9880731292105,6094.0,2192.0,215.2416672,5,59.7583328,False,0,8003.233,48.0
4248.912222222223,6046.91522235232,2099.04643642762,216.0,5,59.0,False,0,8003.415,48.0
4258.436899127828,6008.0,2020.0,216.6583328,5,52.416672,False,0,8003.573,48.0
4263.37888888889,5987.384372488015,1977.9787103601684,217.0,5,49.0,False,0,8003.655000000001,48.0
4269.334378073601,5960.0,1922.0,216.75249984,5,46.27749824,False,0,8003.754000000001,48.0
4286.122087885839,5865.0,1727.0,216.05249984,5,38.57749824,False,0,8004.034000000001,48.0
4287.378888888889,5859.089006858774,1714.8441890449492,216.0,5,38.0,False,0,8004.055,48.0
4299.383055555557,5816.981463209299,1628.0770660081312,215.0,5,35.0,False,0,8004.256,48.0
4308.74883122812,5787.0,1566.0,213.68333226666667,5,35.0,False,0,8004.414000000001,48.0
4313.583055555557,5768.912959612367,1528.472529096799,213.0,5,35.0,False,0,8004.496,48.0
4320.508729086439,5736.0,1460.0,211.81999872,5,36.18000128,False,0,8004.6140000000005,48.0
4325.305277777779,5704.787453086442,1394.8884736149112,211.0,5,37.0,False,0,8004.696,48.0
4335.630485192163,5635.0,1249.0,210.11055208504857,5,37.889447914951425,False,0,8004.8730000000005,48.0
4336.913611111113,5629.242362521725,1236.9303789611706,210.0,5,38.0,False,0,8004.895,48.0
4354.299473594458,5590.0,1154.0,210.0,5,37.0687496,False,0,8005.193,48.0
4355.580277777779,5585.213304131279,1143.9385767020633,210.0,5,37.0,False,0,8005.215,48.0
4363.601053240727,5550.0,1070.0,209.42499946666666,5,34.12499733333333,False,0,8005.353,48.0
4369.513611111113,5532.539765176501,1033.1359115232226,209.0,5,32.0,False,0,8005.455,48.0
4372.8693788006585,5522.0,1011.0,208.6374992,5,33.0875024,False,0,8005.513,48.0
4378.758055555558,5496.769991132698,958.4481206218702,208.0,5,35.0,False,0,8005.615000000001,48.0
4390.258055555558,5432.696813456257,825.6622985962232,207.0,5,35.0,False,0,8005.8150000000005,48.0
4393.591956339801,5417.0,793.0,207.0,5,35.0,False,0,8005.8730000000005,48.0
4401.758055555558,5386.333298776706,728.7801912095925,207.0,5,35.0,False,0,8006.015,48.0
4417.858055555557,5328.809214455073,608.0520533507729,207.0,5,40.0,False,0,8006.295,48.0
4418.890110832411,5323.0,596.0,206.9437496,5,40.0562504,False,0,8006.313,48.0
4430.329080134946,5248.0,441.0,206.3187496,5,40.6812504,False,0,8006.513,48.0
4436.169166666668,5219.127742986238,381.4062335923814,206.0,5,41.0,False,0,8006.615000000001,48.0
4452.269166666669,5170.473551638082,281.29830475469583,207.0,5,44.0,False,0,8006.895,48.0
4454.460147701668,5163.0,266.0,207.1187496,5,44.3562488,False,0,8006.933,48.0
4470.758055555557,5096.193610052113,129.346529014227,208.0,5,47.0,False,0,8007.215,48.0
4474.117879563393,5082.0,100.0,208.1812504,5,47.0,False,0,8007.273,48.0
4479.916732767792,5057.0,48.0,208.4937496,5,47.0,False,0,8007.3730000000005,48.0
4489.335833333335,5001.908267125548,-66.04062043324399,209.0,5,47.0,False,0,8007.535000000001,48.0
4498.669166666668,4944.630693605013,-184.5391906971829,210.0,5,47.0,False,0,8007.695000000001,48.0
4502.050982702106,4931.0,-213.0,210.0,5,47.0,False,0,8007.753000000001,48.0
4508.002500000001,4916.590508661091,-243.61941261413952,210.0,5,47.0,False,0,8007.8550000000005,48.0
4516.089155032502,4901.0,-277.0,210.69000064,5,47.69000064,False,0,8007.993,48.0
4519.724722222224,4888.070195832885,-303.94548638100616,211.0,5,48.0,False,0,8008.055,48.0
4528.985095682698,4845.0,-393.0,211.0,5,48.0,False,0,8008.213000000001,48.0
4529.102500000002,4844.46437186553,-394.1074522759168,211.0,5,48.0,False,0,8008.215,48.0
4541.937127195035,4789.0,-509.0,211.90833386666668,5,48.0,False,0,8008.433,48.0
4543.235833333336,4783.488621769748,-520.4643377991499,212.0,5,48.0,False,0,8008.455,48.0
4556.132722674616,4728.0,-636.0,212.6812504,5,48.6812504,False,0,8008.673000000001,48.0
4562.169166666668,4700.514852666547,-692.6942673316815,213.0,5,49.0,False,0,8008.775000000001,48.0
4566.781961757365,4679.0,-737.0,213.0,5,49.4874992,False,0,8008.853,48.0
4571.635833333335,4656.1086901015315,-784.2233546798308,213.0,6,50.0,False,0,8008.935,48.0
4583.524722222223,4600.216978642737,-899.8320160398632,214.0,6,50.0,False,0,8009.135,48.0
4585.789735470264,4590.0,-921.0,214.18999936,6,50.0,False,0,8009.173000000001,48.0
4595.469166666668,4547.989899264831,-1008.089917802867,215.0,6,50.0,False,0,8009.335,48.0
4598.9465498632335,4533.0,-1039.0,215.3625008,6,50.0,False,0,8009.393,48.0
4605.069166666667,4506.2916840336065,-1093.7372066421763,216.0,6,50.0,False,0,8009.495000000001,48.0
4608.547548311426,4491.0,-1125.0,216.0,6,49.8187496,False,0,8009.553000000001,48.0
4618.135268580889,4449.0,-1211.0,216.0,6,49.3187496,False,0,8009.713000000001,48.0
4624.269166666668,4423.309873093734,-1264.0826553534907,216.0,6,49.0,False,0,8009.8150000000005,48.0
4632.607927213207,4386.0,-1341.0,216.76666737777776,6,49.0,False,0,8009.953,48.0
4646.069166666668,4311.248947635608,-1492.3082635733,218.0,6,49.0,False,0,8010.175,48.0
4649.581483878304,4295.0,-1525.0,218.0,6,49.0,False,0,8010.233,48.0
4660.602500000001,4259.4546082710785,-1596.147225688199,218.0,6,49.0,False,0,8010.415,48.0
4665.3979085303035,4241.0,-1633.0,218.24610616744795,6,49.49221233489592,False,0,8010.494000000001,48.0
4680.130000000001,4155.3616037780985,-1804.2279453223603,219.0,6,51.0,False,0,8010.736000000001,48.0
4684.887914725239,4132.0,-1851.0,219.2437504,6,50.5124992,False,0,8010.814,48.0
4699.685555555557,4086.7959195869353,-1941.4773194779782,220.0,6,49.0,False,0,8011.0560000000005,48.0
4700.789228621142,4083.0,-1949.0,220.09000064,6,49.09000064,False,0,8011.0740000000005,48.0
4711.963333333335,4033.8230858892643,-2045.8359296320023,221.0,6,50.0,False,0,8011.256,48.0
4720.366630372041,3994.0,-2124.0,221.0,6,50.57322240717057,False,0,8011.393,48.0
4726.635277777778,3967.3171738242395,-2176.359828432452,221.0,6,51.0,False,0,8011.495000000001,48.0
4733.9164408115485,3932.0,-2245.0,221.65555484444445,6,51.655554844444445,False,0,8011.613,48.0
4748.9352777777785,3830.740043107734,-2438.975572622737,223.0,6,53.0,False,0,8011.8550000000005,48.0
4750.056062087456,3825.0,-2450.0,223.1000007111111,6,53.050000355555554,False,0,8011.8730000000005,48.0
4770.05620364126,3771.0,-2555.0,224.87777848888888,6,53.93888924444445,False,0,8012.193,48.0
4771.4352777777785,3766.1624623419784,-2564.2803351421894,225.0,6,54.0,False,0,8012.215,48.0
4786.376722126766,3697.0,-2695.0,225.84999954285715,6,54.84999954285714,False,0,8012.453,48.0
4789.013055555556,3684.921373817129,-2717.2542234580087,226.0,6,55.0,False,0,8012.495000000001,48.0
4792.652283729558,3667.0,-2750.0,226.0,6,54.6374992,False,0,8012.553000000001,48.0
4799.057500000001,3625.298132691089,-2825.890217208617,226.0,6,54.0,False,0,8012.655000000001,48.0
4814.079946678684,3521.0,-3015.0,226.7437496,6,52.5125008,False,0,8012.893,48.0
4819.235277777778,3506.0089687728114,-3042.0425661162985,227.0,6,52.0,False,0,8012.975,48.0
4829.101166297276,3490.0,-3070.0,225.30714422857142,6,22.657166628571428,False,0,8013.133000000001,48.0
4836.6575,3460.120636012879,-3121.773568185952,224.0,6,0.0,False,0,8013.255,48.0
4849.953618123794,3384.0,-3251.0,219.45833066666665,6,0.0,False,0,8013.473,48.0
4851.2575,3376.642203118705,-3263.0321727827677,219.0,6,0.0,True,0,8013.495000000001,48.0
4861.479051732064,3320.0,-3353.0,211.87999488,6,0.0,True,0,8013.673000000001,48.0
4873.701584145647,3250.0,-3459.0,203.08000512,6,0.0,True,0,8013.893,48.0
4873.813055555555,3249.2417713728473,-3460.0696525544236,203.0,6,0.0,True,0,8013.895,48.0
4882.657499999999,3179.441412957168,-3553.860867396839,199.0,5,0.0,True,0,8014.055,48.0
4887.77761733859,3139.0,-3606.0,193.20908334545456,5,0.0,True,0,8014.153,48.0
4903.8019444444435,3049.3954895001057,-3712.573490829263,173.0,4,0.0,True,0,8014.495000000001,48.0
4906.309923645305,3036.0,-3727.0,170.6272674909091,4,0.0,True,0,8014.553000000001,48.0
4937.290833333333,2785.741839733107,-3942.169417160447,137.0,3,0.0,True,0,8015.375,48.0
4940.084164605719,2751.0,-3963.0,134.49286125714286,3,0.27857097142857146,True,0,8015.453,48.0
4947.176455698818,2656.0,-4014.0,128.06428982857142,3,0.9928566857142858,True,0,8015.653,48.0
4947.246388888888,2655.1195930425465,-4014.4350120335516,128.0,3,1.0,False,0,8015.655000000001,48.0
4956.890833333332,2555.8668081074425,-4056.882137094011,124.0,3,7.0,False,0,8015.935,48.0
4958.887756444009,2542.0,-4062.0,124.0,3,7.7250016,False,0,8015.993,48.0
4962.401944444444,2523.5213029985816,-4068.355529561416,124.0,3,9.0,False,0,8016.095,48.0
4970.55306702649,2485.0,-4079.0,123.40500032,3,11.37999872,False,0,8016.3330000000005,48.0
4976.06861111111,2432.242853322762,-4093.497462103121,123.0,3,13.0,False,0,8016.495000000001,48.0
4976.680094466551,2426.0,-4095.0,122.93571382857142,3,13.192858514285714,False,0,8016.513,48.0
4985.557499999999,2337.665312956485,-4109.652052700037,122.0,3,16.0,False,0,8016.775000000001,48.0
4988.23186737963,2313.0,-4112.0,122.0,3,16.0,False,0,8016.854,48.0
4990.979722222221,2288.948450845707,-4113.573653605727,122.0,3,16.0,False,0,8016.935,48.0
4994.354756866481,2256.0,-4114.0,122.35357165714285,3,16.353571657142858,False,0,8017.034000000001,48.0
5000.546388888888,2170.7504805089307,-4109.626693628116,123.0,3,17.0,False,0,8017.215,48.0
5003.241686534724,2137.0,-4107.0,123.0,3,17.65560236497324,False,0,8017.294000000001,48.0
5008.780555555555,2090.1477025873755,-4101.838796043643,123.0,3,19.0,False,0,8017.456,48.0
5014.952477694009,2048.0,-4093.0,124.21363723636364,3,21.427274472727273,False,0,8017.634,48.0
5021.278465548162,1988.0,-4077.0,125.44090996363636,3,23.881819927272726,False,0,8017.814,48.0
5024.180555555556,1958.8250692727063,-4068.1001563109885,126.0,3,25.0,False,0,8017.896000000001,48.0
5032.637996236061,1875.0,-4038.0,127.7819541201878,3,27.37593882691708,False,0,8018.133000000001,48.0
5038.478055555555,1823.5573090071666,-4014.673234981078,129.0,3,29.0,False,0,8018.295,48.0
5045.677953139016,1766.0,-3984.0,130.64999893333334,3,29.824999466666668,False,0,8018.493,48.0
5047.211388888889,1754.2454332371385,-3977.3144210415066,131.0,3,30.0,False,0,8018.535000000001,48.0
5053.078055555556,1706.729553188877,-3947.5595926409255,132.0,3,30.0,False,0,8018.695000000001,48.0
5054.483795664627,1692.0,-3937.0,132.37999872,3,29.81000064,False,0,8018.733,48.0
5060.5225,1613.0186616982264,-3875.67626317565,134.0,3,29.0,False,0,8018.895,48.0
5063.437384943689,1581.0,-3850.0,134.32499946666667,3,29.9749984,False,0,8018.973,48.0
5069.5225,1547.5244339140866,-3822.4168257007595,135.0,3,32.0,False,0,8019.135,48.0
5077.852638226298,1515.0,-3787.0,136.81666773333333,3,33.21111182222222,False,0,8019.353,48.0
5083.3225,1460.069779898519,-3727.3821715707786,138.0,3,34.0,False,0,8019.495000000001,48.0
5084.787684257908,1447.0,-3713.0,138.1583328,3,34.3166656,False,0,8019.533,48.0
5092.589166666668,1408.7705364757392,-3668.112145988529,139.0,3,36.0,False,0,8019.735000000001,48.0
5096.385170893579,1393.0,-3647.0,139.6125008,3,36.3062504,False,0,8019.8330000000005,48.0
5105.1225,1342.18415917638,-3576.1161369661836,141.0,3,37.0,False,0,8020.055,48.0
5105.849862818848,1338.0,-3570.0,141.51428937142856,3,37.19285851428572,False,0,8020.073,48.0
5116.627476170111,1282.0,-3482.0,148.9428534857143,3,39.97857005714286,False,0,8020.3330000000005,48.0
5116.711388888889,1281.5835076165113,-3481.301442566488,149.0,3,40.0,False,0,8020.335,48.0
5122.522964752321,1253.0,-3432.0,150.4785728,3,38.5214272,False,0,8020.473,48.0
5128.533611111111,1223.6782912335068,-3379.6911677374374,152.0,3,37.0,False,0,8020.615000000001,48.0
5129.296663667035,1220.0,-3373.0,152.1125008,3,36.8874992,False,0,8020.633000000001,48.0
5135.333611111111,1191.416354579421,-3319.9012236009044,153.0,3,36.0,False,0,8020.775000000001,48.0
5145.597555249335,1144.0,-3230.0,154.6227264,3,36.0,False,0,8021.013,48.0
5154.312940069087,1103.0,-3154.0,155.98636276363635,3,36.0,False,0,8021.213000000001,48.0
5154.400277777778,1102.5870333491375,-3153.2364638334802,156.0,3,36.0,False,0,8021.215,48.0
5161.319659660569,1070.0,-3093.0,157.57999872,3,40.73999616,False,0,8021.3730000000005,48.0
5163.178055555556,1061.4593136584676,-3077.253529213532,158.0,4,42.0,False,0,8021.415,48.0
5164.868920559585,1053.0,-3062.0,158.4749984,4,42.75999744,False,0,8021.453,48.0
5181.198190776278,936.0,-2870.0,162.9749984,4,49.95999744,False,0,8021.813,48.0
5181.289166666667,935.5338349963596,-2869.263385479027,163.0,4,50.0,False,0,8021.8150000000005,48.0
5192.222500000001,902.6531602553442,-2819.9486133434916,164.0,4,51.0,False,0,8022.055,48.0
5195.8191992049415,890.0,-2802.0,164.9749984,4,51.9749984,False,0,8022.133000000001,48.0
5199.6002777777785,871.988922799933,-2776.335835319599,166.0,4,53.0,False,0,8022.215,48.0
5206.978055555557,826.4719237431574,-2711.3838658156883,166.0,4,53.0,False,0,8022.375,48.0
5209.770172864997,810.0,-2688.0,169.48000768,4,54.4500032,False,0,8022.433,48.0
5212.740478666623,793.0,-2664.0,173.07999232,4,55.9499968,False,0,8022.493,48.0
5216.866944444446,766.1925611800139,-2626.8026767235388,178.0,4,58.0,False,0,8022.575000000001,48.0
5227.144722222224,686.8990708997054,-2519.245932120492,185.0,4,60.0,False,0,8022.775000000001,48.0
5232.252019112889,654.0,-2475.0,186.40000182857142,4,60.350000457142855,False,0,8022.8730000000005,48.0
5241.844722222224,610.0694695260247,-2416.4213713732274,189.0,4,61.0,False,0,8023.055,48.0
5250.293407726872,572.0,-2365.0,192.15999744,4,61.0,False,0,8023.213000000001,48.0
5252.566944444447,559.4072620558709,-2347.738178428396,193.0,4,61.0,False,0,8023.255,48.0
5259.026697346557,521.0,-2295.0,194.87727069090909,4,59.12272930909091,False,0,8023.3730000000005,48.0
5267.9989923886,469.0,-2225.0,197.43863738181818,4,56.56136261818182,False,0,8023.534000000001,48.0
5277.011388888891,399.99645521844116,-2133.561574607403,200.0,5,54.0,False,0,8023.695000000001,48.0
5281.433770670756,367.0,-2090.0,200.78607053884832,5,53.60696473057583,False,0,8023.774,48.0
5288.289722222225,323.88827003047965,-2033.1770031665803,202.0,5,53.0,False,0,8023.896000000001,48.0
5294.993631317162,285.0,-1983.0,203.26428708571427,5,51.73571291428571,False,0,8024.014,48.0
5304.1205635330325,228.0,-1912.0,204.9785728,5,50.0214272,False,0,8024.174,48.0
5304.234166666668,227.28168785193716,-1911.109472369212,205.0,5,50.0,False,0,8024.176,48.0
5315.511944444446,155.72600713223756,-1822.6443581936087,203.0,5,7.0,False,0,8024.376,48.0
5317.6259147850715,142.0,-1806.0,202.2874976,5,6.1687472,False,0,8024.414000000001,48.0
5328.533952144949,70.0,-1721.0,198.5562512,5,1.8156264000000002,False,0,8024.613,48.0
5333.023055555558,41.51363912880203,-1688.3911129618991,197.0,5,0.0,True,0,8024.696,48.0
5338.230780574694,5.0,-1647.0,194.5749952,5,0.0,True,0,8024.793000000001,48.0
5343.689722222225,-43.97555656031167,-1591.3301769161847,192.0,5,0.0,True,0,8024.896000000001,48.0
5355.971666666669,-169.76129782492293,-1448.2109046523601,185.0,5,0.0,True,0,8025.135,48.0
5356.875455101595,-177.0,-1440.0,184.50499648,5,0.0,True,0,8025.153,48.0
5372.424571459143,-263.0,-1343.0,175.70499648,5,0.0,True,0,8025.473,48.0
5375.305000000003,-281.0182008931123,-1322.5894084212066,174.0,4,0.0,True,0,8025.535000000001,48.0
5382.426347290946,-331.0,-1266.0,163.73000832,4,0.0,True,0,8025.693,48.0
5384.249444444447,-343.71517685827314,-1251.7187598216542,161.0,4,0.0,True,0,8025.735000000001,48.0
5391.607210642014,-395.0,-1195.0,153.87999488,4,0.0,True,0,8025.9130000000005,48.0
5397.908337053888,-440.0,-1147.0,147.47999488,4,0.0,True,0,8026.073,48.0
5400.360555555558,-456.9856784575559,-1129.135351165542,145.0,3,0.0,True,0,8026.135,48.0
5408.193888888891,-511.0118877738012,-1075.3893115167778,141.0,3,0.0,True,0,8026.335,48.0
5408.864785792661,-516.0,-1071.0,139.94999253333333,3,0.0,True,0,8026.353,48.0
5416.660555555557,-578.2347381666028,-1022.6870646181466,127.0,2,0.0,True,0,8026.575000000001,48.0
5417.957777934756,-588.0,-1015.0,126.0500032,2,0.0,True,0,8026.613,48.0
5418.638157391439,-593.0,-1011.0,125.5499968,2,0.0,True,0,8026.633000000001,48.0
5424.727222222224,-643.3513809534168,-978.8656221163757,121.0,2,0.0,True,0,8026.8150000000005,48.0
5429.805408918651,-690.0,-956.0,116.26000384,2,0.0,True,0,8026.973,48.0
5431.116111111112,-702.2340815613649,-950.5268907128986,115.0,2,0.0,True,0,8027.015,48.0
5437.0568732959455,-759.0,-929.0,110.54500288,2,0.0,True,0,8027.213000000001,48.0
5442.836285387057,-815.0,-917.0,106.04500288,2,0.0,True,0,8027.4130000000005,48.0
5442.89388888889,-815.5552017589531,-916.9228421045933,106.0,2,0.0,True,0,8027.415,48.0
5447.993718441576,-867.0,-913.0,103.32999808,2,0.0,True,0,8027.593000000001,48.0
5448.616111111112,-874.316470307645,-912.8648799070139,103.0,2,0.0,True,0,8027.615000000001,48.0
5454.171666666668,-945.7078377097615,-914.6374032675371,100.0,2,0.0,False,0,8027.8150000000005,48.0
5454.662646438266,-951.0,-915.0,99.72999808,2,0.36000256,False,0,8027.8330000000005,48.0
5459.560555555557,-989.2366845840079,-920.4588722034401,97.0,2,4.0,False,0,8028.015,48.0
5462.175874758064,-1008.0,-926.0,96.3874992,2,7.062504,False,0,8028.113,48.0
5463.827222222223,-1021.586565585138,-930.7528251747412,96.0,2,9.0,False,0,8028.175,48.0
5470.173498057145,-1081.0,-957.0,96.0,2,15.941662933333333,False,0,8028.4130000000005,48.0
5470.227222222223,-1081.4884289626364,-957.2629588226624,96.0,2,16.0,False,0,8028.415,48.0
5474.502021683833,-1119.0,-980.0,97.3166656,2,26.533324800000003,False,0,8028.573,48.0
5476.7605555555565,-1138.1324396263897,-993.1155247042433,98.0,2,32.0,False,0,8028.655000000001,48.0
5481.214342314432,-1174.0,-1020.0,101.15999744,2,39.8999936,False,0,8028.813,48.0
5482.427222222223,-1183.1079020086659,-1027.2330035918178,102.0,2,42.0,False,0,8028.8550000000005,48.0
5487.182777777778,-1220.547045684476,-1057.002792968746,107.0,2,46.0,False,0,8029.015,48.0
5487.734243927591,-1226.0,-1061.0,107.4500032,2,45.67856914285714,False,0,8029.033,48.0
5496.049444444444,-1323.8981862461483,-1127.5198044679203,114.0,2,41.0,False,0,8029.295,48.0
5496.624734624247,-1329.0,-1131.0,114.09000064,2,39.73999104,False,0,8029.313,48.0
5502.438333333333,-1358.3068512129823,-1152.262389568646,115.0,2,27.0,False,0,8029.495000000001,48.0
5508.810617198392,-1405.0,-1162.0,115.54999964444444,2,19.850004622222222,False,0,8029.693,48.0
5514.038333333333,-1495.235982865628,-1171.3419052110603,116.0,2,14.0,False,0,8029.8550000000005,48.0
5514.618600958206,-1504.0,-1172.0,116.0,2,13.63999744,False,0,8029.8730000000005,48.0
5520.482777777777,-1557.944808072099,-1172.1316582661993,116.0,2,10.0,False,0,8030.055,48.0
5528.8314289086975,-1597.0,-1156.0,116.0,2,10.92500022857143,False,0,8030.314,48.0
5529.504999999999,-1602.9860421521403,-1154.129745686127,116.0,2,11.0,False,0,8030.335,48.0
5533.954421643335,-1650.0,-1140.0,116.0,2,19.29851392589498,False,0,8030.474,48.0
5535.981666666666,-1670.607879688821,-1133.1029855607455,116.0,2,23.0,False,0,8030.536,48.0
5566.781666666665,-1886.1585266131,-1005.4382622984988,132.0,2,53.0,False,0,8031.376,48.0
5568.928448281544,-1899.0,-994.0,133.01786057142857,2,53.610716342857145,False,0,8031.433,48.0
5575.756287645758,-1946.0,-946.0,136.23214171428572,2,55.53928502857143,False,0,8031.613,48.0
5577.437222222221,-1963.7390965868383,-925.0971067034324,137.0,3,56.0,False,0,8031.656,48.0
5582.12966164526,-2017.0,-860.0,140.91086067327274,3,58.281335392742434,False,0,8031.773,48.0
5592.295833333333,-2061.629896298142,-805.0606435871823,149.0,3,63.0,False,0,8032.015,48.0
5597.408166479237,-2079.0,-782.0,153.71999488,3,65.35999744,False,0,8032.133000000001,48.0
5601.018055555554,-2096.7603094047727,-757.9709634504541,157.0,3,67.0,False,0,8032.215,48.0
5608.108306984783,-2139.0,-696.0,160.9499968,3,70.291664,False,0,8032.3730000000005,48.0
5611.884722222221,-2160.9966691518957,-657.9602919847871,163.0,3,72.0,False,0,8032.455,48.0
5621.324868588107,-2209.0,-559.0,168.93999616,3,73.48499904,False,0,8032.653,48.0
5630.226050197874,-2239.0,-477.0,174.34000384,3,74.83500096,False,0,8032.8330000000005,48.0
5631.3291666666655,-2242.5131904814307,-466.80499795997895,175.0,4,75.0,False,0,8032.8550000000005,48.0
5638.324288615839,-2264.0,-401.0,179.928576,4,76.4785728,False,0,8032.993,48.0
5645.718055555554,-2281.109012591683,-331.07368342096396,185.0,4,78.0,False,0,8033.135,48.0
5646.67395244176,-2283.0,-322.0,185.60000426666667,4,78.30000213333334,False,0,8033.153,48.0
5663.096818351371,-2307.0,-164.0,195.59999573333334,4,83.29999786666667,False,0,8033.453,48.0
5665.418055555554,-2309.1472493500432,-141.24454167807178,197.0,4,84.0,False,0,8033.495000000001,48.0
5674.193980941441,-2314.0,-54.0,199.9624976,4,84.9874992,False,0,8033.653,48.0
5674.306944444444,-2314.020224205825,-52.868666898988565,200.0,4,85.0,False,0,8033.655000000001,48.0
5683.429552552687,-2313.0,36.0,205.2666624,4,85.87777706666667,False,0,8033.813,48.0
5695.506944444443,-2307.710443428486,136.2036566852967,212.0,5,87.0,False,0,8034.015,48.0
5700.236637846271,-2297.0,199.0,214.1937464,5,89.6812456,False,0,8034.093000000001,48.0
5710.05453368891,-2258.0,376.0,218.6937464,5,95.1812456,False,0,8034.253000000001,48.0
5715.151388888888,-2241.319837139653,443.9134182716817,221.0,5,98.0,False,0,8034.335,48.0
5732.884722222221,-2200.8500040033878,543.9823951592849,228.0,5,100.0,False,0,8034.615000000001,48.0
5740.49957109706,-2160.0,615.0,231.687496,5,100.0,False,0,8034.733,48.0
5743.240277777776,-2140.4538292557672,648.9867074002033,233.0,5,100.0,False,0,8034.775000000001,48.0
5753.720088184564,-2061.0,786.0,236.9499968,5,100.0,False,0,8034.933,48.0
5764.6624999999985,-2026.1631500382252,839.8222827039577,241.0,6,100.0,False,0,8035.095,48.0
5775.445506859418,-1999.0,874.0,244.9499968,6,100.0,False,0,8035.253000000001,48.0
5778.329166666665,-1985.682729975793,892.5087578680003,246.0,6,100.0,False,0,8035.295,48.0
5789.256233477685,-1919.0,987.0,248.9624976,6,100.0,False,0,8035.453,48.0
5789.395833333332,-1918.0997732717517,988.2614642569072,249.0,6,100.0,False,0,8035.455,48.0
5804.834494429037,-1818.0,1126.0,253.90500288,6,100.0,False,0,8035.673000000001,48.0
5813.9594977802835,-1763.383484696376,1199.9349056641772,256.74,6,100.0,False,0,8035.799,48.0
