Time,Driver,DriverNumber,LapTime,LapNumber,Stint,PitOutTime,PitInTime,Sector1Time,Sector2Time,Sector3Time,Sector1SessionTime,Sector2SessionTime,Sector3SessionTime,SpeedI1,SpeedI2,SpeedFL,SpeedST,IsPersonalBest,Compound,TyreLife,FreshTyre,Team,LapStartTime,LapStartDate,TrackStatus,Position,Deleted,DeletedReason,FastF1Generated,IsAccurate
0 days 00:45:45.368000,RUS,63,NaT,1.0,1.0,NaT,NaT,NaT,0 days 00:00:24.210000,0 days 00:00:30.056000,NaT,0 days 00:45:15.396000,0 days 00:45:45.493000,250.0,284.0,282.0,309.0,False,MEDIUM,7.0,False,Mercedes,0 days 00:44:24.605000,,1,1.0,,,False,False
0 days 00:47:00.673000,RUS,63,0 days 00:01:15.305000,2.0,1.0,NaT,NaT,0 days 00:00:21.551000,0 days 00:00:23.793000,0 days 00:00:29.961000,0 days 00:46:06.947000,0 days 00:46:30.740000,0 days 00:47:00.701000,240.0,279.0,278.0,306.0,True,MEDIUM,8.0,False,Mercedes,0 days 00:45:45.368000,,1,1.0,,,False,True
0 days 00:48:15.718000,RUS,63,0 days 00:01:15.045000,3.0,1.0,NaT,NaT,0 days 00:00:21.405000,0 days 00:00:23.811000,0 days 00:00:29.829000,0 days 00:47:22.106000,0 days 00:47:45.917000,0 days 00:48:15.746000,241.0,279.0,278.0,305.0,True,MEDIUM,9.0,False,Mercedes,0 days 00:47:00.673000,,1,1.0,,,False,True
0 days 00:49:30.439000,RUS,63,0 days 00:01:14.721000,4.0,1.0,NaT,NaT,0 days 00:00:21.266000,0 days 00:00:23.606000,0 days 00:00:29.849000,0 days 00:48:37.012000,0 days 00:49:00.618000,0 days 00:49:30.467000,241.0,280.0,281.0,305.0,True,MEDIUM,10.0,False,Mercedes,0 days 00:48:15.718000,,1,1.0,,,False,True
0 days 00:50:45.595000,RUS,63,0 days 00:01:15.156000,5.0,1.0,NaT,NaT,0 days 00:00:21.370000,0 days 00:00:23.746000,0 days 00:00:30.040000,0 days 00:49:51.837000,0 days 00:50:15.583000,0 days 00:50:45.623000,241.0,279.0,289.0,320.0,False,MEDIUM,11.0,False,Mercedes,0 days 00:49:30.439000,,1,1.0,,,False,True
0 days 00:52:02.794000,RUS,63,0 days 00:01:17.199000,6.0,1.0,NaT,NaT,0 days 00:00:22.690000,0 days 00:00:24.886000,0 days 00:00:29.623000,0 days 00:51:08.313000,0 days 00:51:33.199000,0 days 00:52:02.822000,232.0,274.0,293.0,322.0,False,MEDIUM,12.0,False,Mercedes,0 days 00:50:45.595000,,1,1.0,,,False,True
0 days 00:53:17.964000,RUS,63,0 days 00:01:15.170000,7.0,1.0,NaT,NaT,0 days 00:00:21.383000,0 days 00:00:23.973000,0 days 00:00:29.814000,0 days 00:52:24.205000,0 days 00:52:48.178000,0 days 00:53:17.992000,240.0,278.0,276.0,313.0,False,MEDIUM,13.0,False,Mercedes,0 days 00:52:02.794000,,1,1.0,,,False,True
0 days 00:54:32.944000,RUS,63,0 days 00:01:14.980000,8.0,1.0,NaT,NaT,0 days 00:00:21.430000,0 days 00:00:23.786000,0 days 00:00:29.764000,0 days 00:53:39.422000,0 days 00:54:03.208000,0 days 00:54:32.972000,240.0,279.0,277.0,312.0,False,MEDIUM,14.0,False,Mercedes,0 days 00:53:17.964000,,1,1.0,,,False,True
0 days 00:55:47.680000,RUS,63,0 days 00:01:14.736000,9.0,1.0,NaT,NaT,0 days 00:00:21.374000,0 days 00:00:23.717000,0 days 00:00:29.645000,0 days 00:54:54.346000,0 days 00:55:18.063000,0 days 00:55:47.708000,240.0,279.0,278.0,314.0,False,MEDIUM,15.0,False,Mercedes,0 days 00:54:32.944000,,1,1.0,,,False,True
0 days 00:57:02.471000,RUS,63,0 days 00:01:14.791000,10.0,1.0,NaT,NaT,0 days 00:00:21.307000,0 days 00:00:23.814000,0 days 00:00:29.670000,0 days 00:56:09.015000,0 days 00:56:32.829000,0 days 00:57:02.499000,240.0,279.0,277.0,314.0,False,MEDIUM,16.0,False,Mercedes,0 days 00:55:47.680000,,1,1.0,,,False,True
0 days 00:58:17.413000,RUS,63,0 days 00:01:14.942000,11.0,1.0,NaT,NaT,0 days 00:00:21.281000,0 days 00:00:23.887000,0 days 00:00:29.774000,0 days 00:57:23.780000,0 days 00:57:47.667000,0 days 00:58:17.441000,239.0,281.0,275.0,317.0,False,MEDIUM,17.0,False,Mercedes,0 days 00:57:02.471000,,1,1.0,,,False,True
0 days 00:59:32.449000,RUS,63,0 days 00:01:15.036000,12.0,1.0,NaT,NaT,0 days 00:00:21.629000,0 days 00:00:23.804000,0 days 00:00:29.603000,0 days 00:58:39.070000,0 days 00:59:02.874000,0 days 00:59:32.477000,240.0,281.0,277.0,318.0,False,MEDIUM,18.0,False,Mercedes,0 days 00:58:17.413000,,1,1.0,,,False,True
0 days 01:00:47.258000,RUS,63,0 days 00:01:14.809000,13.0,1.0,NaT,NaT,0 days 00:00:21.371000,0 days 00:00:23.735000,0 days 00:00:29.703000,0 days 00:59:53.848000,0 days 01:00:17.583000,0 days 01:00:47.286000,240.0,280.0,276.0,317.0,False,MEDIUM,19.0,False,Mercedes,0 days 00:59:32.449000,,1,1.0,,,False,True
0 days 01:02:02.143000,RUS,63,0 days 00:01:14.885000,14.0,1.0,NaT,NaT,0 days 00:00:21.430000,0 days 00:00:23.786000,0 days 00:00:29.669000,0 days 01:01:08.716000,0 days 01:01:32.502000,0 days 01:02:02.171000,239.0,280.0,278.0,317.0,False,MEDIUM,20.0,False,Mercedes,0 days 01:00:47.258000,,1,1.0,,,False,True
0 days 01:03:16.915000,RUS,63,0 days 00:01:14.772000,15.0,1.0,NaT,NaT,0 days 00:00:21.391000,0 days 00:00:23.790000,0 days 00:00:29.591000,0 days 01:02:23.562000,0 days 01:02:47.352000,0 days 01:03:16.943000,240.0,281.0,279.0,318.0,False,MEDIUM,21.0,False,Mercedes,0 days 01:02:02.143000,,1,1.0,,,False,True
0 days 01:04:31.617000,RUS,63,0 days 00:01:14.702000,16.0,1.0,NaT,NaT,0 days 00:00:21.354000,0 days 00:00:23.708000,0 days 00:00:29.640000,0 days 01:03:38.297000,0 days 01:04:02.005000,0 days 01:04:31.645000,242.0,284.0,281.0,326.0,True,MEDIUM,22.0,False,Mercedes,0 days 01:03:16.915000,,1,1.0,,,False,True
0 days 01:05:46.664000,RUS,63,0 days 00:01:15.047000,17.0,1.0,NaT,NaT,0 days 00:00:21.407000,0 days 00:00:23.887000,0 days 00:00:29.753000,0 days 01:04:53.052000,0 days 01:05:16.939000,0 days 01:05:46.692000,242.0,286.0,279.0,333.0,False,MEDIUM,23.0,False,Mercedes,0 days 01:04:31.617000,,12,1.0,,,False,True
0 days 01:07:01.513000,RUS,63,0 days 00:01:14.849000,18.0,1.0,NaT,NaT,0 days 00:00:21.534000,0 days 00:00:23.772000,0 days 00:00:29.543000,0 days 01:06:08.226000,0 days 01:06:31.998000,0 days 01:07:01.541000,239.0,280.0,281.0,327.0,False,MEDIUM,24.0,False,Mercedes,0 days 01:05:46.664000,,1,1.0,,,False,True
0 days 01:08:16.228000,RUS,63,0 days 00:01:14.715000,19.0,1.0,NaT,NaT,0 days 00:00:21.351000,0 days 00:00:23.587000,0 days 00:00:29.777000,0 days 01:07:22.892000,0 days 01:07:46.479000,0 days 01:08:16.256000,241.0,296.0,278.0,312.0,False,MEDIUM,25.0,False,Mercedes,0 days 01:07:01.513000,,1,1.0,,,False,True
0 days 01:09:31.030000,RUS,63,0 days 00:01:14.802000,20.0,1.0,NaT,NaT,0 days 00:00:21.386000,0 days 00:00:23.747000,0 days 00:00:29.669000,0 days 01:08:37.642000,0 days 01:09:01.389000,0 days 01:09:31.058000,241.0,288.0,283.0,330.0,False,MEDIUM,26.0,False,Mercedes,0 days 01:08:16.228000,,1,1.0,,,False,True
0 days 01:10:45.771000,RUS,63,0 days 00:01:14.741000,21.0,1.0,NaT,NaT,0 days 00:00:21.290000,0 days 00:00:23.716000,0 days 00:00:29.735000,0 days 01:09:52.348000,0 days 01:10:16.064000,0 days 01:10:45.799000,241.0,281.0,280.0,316.0,False,MEDIUM,27.0,False,Mercedes,0 days 01:09:31.030000,,1,1.0,,,False,True
0 days 01:12:00.668000,RUS,63,0 days 00:01:14.897000,22.0,1.0,NaT,NaT,0 days 00:00:21.350000,0 days 00:00:23.846000,0 days 00:00:29.701000,0 days 01:11:07.149000,0 days 01:11:30.995000,0 days 01:12:00.696000,241.0,281.0,280.0,317.0,False,MEDIUM,28.0,False,Mercedes,0 days 01:10:45.771000,,1,1.0,,,False,True
0 days 01:13:15.821000,RUS,63,0 days 00:01:15.153000,23.0,1.0,NaT,NaT,0 days 00:00:21.464000,0 days 00:00:23.838000,0 days 00:00:29.851000,0 days 01:12:22.160000,0 days 01:12:45.998000,0 days 01:13:15.849000,240.0,282.0,280.0,319.0,False,MEDIUM,29.0,False,Mercedes,0 days 01:12:00.668000,,1,1.0,,,False,True
0 days 00:45:47.080000,NOR,1,NaT,1.0,1.0,NaT,NaT,NaT,0 days 00:00:24.415000,0 days 00:00:30.060000,NaT,0 days 00:45:17.162000,0 days 00:45:47.199000,250.0,291.0,294.0,321.0,False,MEDIUM,1.0,True,McLaren,0 days 00:44:24.605000,,1,3.0,,,False,False
0 days 00:47:03.048000,NOR,1,0 days 00:01:15.968000,2.0,1.0,NaT,NaT,0 days 00:00:21.943000,0 days 00:00:24.178000,0 days 00:00:29.847000,0 days 00:46:09.023000,0 days 00:46:33.201000,0 days 00:47:03.048000,239.0,284.0,283.0,312.0,True,MEDIUM,2.0,True,McLaren,0 days 00:45:47.080000,,1,3.0,,,False,True
0 days 00:48:18.573000,NOR,1,0 days 00:01:15.525000,3.0,1.0,NaT,NaT,0 days 00:00:21.726000,0 days 00:00:24.050000,0 days 00:00:29.749000,0 days 00:47:24.774000,0 days 00:47:48.824000,0 days 00:48:18.573000,240.0,283.0,283.0,312.0,True,MEDIUM,3.0,True,McLaren,0 days 00:47:03.048000,,1,3.0,,,False,True
0 days 00:49:33.601000,NOR,1,0 days 00:01:15.028000,4.0,1.0,NaT,NaT,0 days 00:00:21.368000,0 days 00:00:23.853000,0 days 00:00:29.807000,0 days 00:48:39.941000,0 days 00:49:03.794000,0 days 00:49:33.601000,240.0,282.0,269.0,322.0,True,MEDIUM,4.0,True,McLaren,0 days 00:48:18.573000,,1,3.0,,,False,True
0 days 00:50:48.619000,NOR,1,0 days 00:01:15.018000,5.0,1.0,NaT,NaT,0 days 00:00:21.454000,0 days 00:00:23.797000,0 days 00:00:29.767000,0 days 00:49:55.055000,0 days 00:50:18.852000,0 days 00:50:48.619000,240.0,283.0,281.0,310.0,True,MEDIUM,5.0,True,McLaren,0 days 00:49:33.601000,,1,3.0,,,False,True
0 days 00:52:03.864000,NOR,1,0 days 00:01:15.245000,6.0,1.0,NaT,NaT,0 days 00:00:21.638000,0 days 00:00:23.943000,0 days 00:00:29.664000,0 days 00:51:10.257000,0 days 00:51:34.200000,0 days 00:52:03.864000,240.0,280.0,286.0,313.0,False,MEDIUM,6.0,True,McLaren,0 days 00:50:48.619000,,1,2.0,,,False,True
0 days 00:53:18.747000,NOR,1,0 days 00:01:14.883000,7.0,1.0,NaT,NaT,0 days 00:00:21.443000,0 days 00:00:23.822000,0 days 00:00:29.618000,0 days 00:52:25.307000,0 days 00:52:49.129000,0 days 00:53:18.747000,240.0,284.0,290.0,327.0,True,MEDIUM,7.0,True,McLaren,0 days 00:52:03.864000,,1,2.0,,,False,True
0 days 00:54:33.516000,NOR,1,0 days 00:01:14.769000,8.0,1.0,NaT,NaT,0 days 00:00:21.440000,0 days 00:00:23.879000,0 days 00:00:29.450000,0 days 00:53:40.187000,0 days 00:54:04.066000,0 days 00:54:33.516000,241.0,287.0,291.0,336.0,True,MEDIUM,8.0,True,McLaren,0 days 00:53:18.747000,,1,2.0,,,False,True
0 days 00:55:48.318000,NOR,1,0 days 00:01:14.802000,9.0,1.0,NaT,NaT,0 days 00:00:21.453000,0 days 00:00:23.808000,0 days 00:00:29.541000,0 days 00:54:54.969000,0 days 00:55:18.777000,0 days 00:55:48.318000,240.0,285.0,283.0,329.0,False,MEDIUM,9.0,True,McLaren,0 days 00:54:33.516000,,1,2.0,,,False,True
0 days 00:57:03.226000,NOR,1,0 days 00:01:14.908000,10.0,1.0,NaT,NaT,0 days 00:00:21.444000,0 days 00:00:23.900000,0 days 00:00:29.564000,0 days 00:56:09.762000,0 days 00:56:33.662000,0 days 00:57:03.226000,240.0,285.0,283.0,329.0,False,MEDIUM,10.0,True,McLaren,0 days 00:55:48.318000,,1,2.0,,,False,True
0 days 00:58:17.822000,NOR,1,0 days 00:01:14.596000,11.0,1.0,NaT,NaT,0 days 00:00:21.392000,0 days 00:00:23.735000,0 days 00:00:29.469000,0 days 00:57:24.618000,0 days 00:57:48.353000,0 days 00:58:17.822000,239.0,287.0,287.0,331.0,True,MEDIUM,11.0,True,McLaren,0 days 00:57:03.226000,,1,2.0,,,False,True
0 days 00:59:32.847000,NOR,1,0 days 00:01:15.025000,12.0,1.0,NaT,NaT,0 days 00:00:21.671000,0 days 00:00:23.883000,0 days 00:00:29.471000,0 days 00:58:39.493000,0 days 00:59:03.376000,0 days 00:59:32.847000,240.0,289.0,289.0,334.0,False,MEDIUM,12.0,True,McLaren,0 days 00:58:17.822000,,1,2.0,,,False,True
0 days 01:00:47.697000,NOR,1,0 days 00:01:14.850000,13.0,1.0,NaT,NaT,0 days 00:00:21.576000,0 days 00:00:23.747000,0 days 00:00:29.527000,0 days 00:59:54.423000,0 days 01:00:18.170000,0 days 01:00:47.697000,239.0,289.0,283.0,332.0,False,MEDIUM,13.0,True,McLaren,0 days 00:59:32.847000,,1,2.0,,,False,True
0 days 01:02:03.057000,NOR,1,0 days 00:01:15.360000,14.0,1.0,NaT,NaT,0 days 00:00:21.466000,0 days 00:00:23.894000,0 days 00:00:30,0 days 01:01:09.163000,0 days 01:01:33.057000,0 days 01:02:03.057000,241.0,286.0,264.0,326.0,False,MEDIUM,14.0,True,McLaren,0 days 01:00:47.697000,,1,2.0,,,False,True
0 days 01:03:17.672000,NOR,1,0 days 00:01:14.615000,15.0,1.0,NaT,NaT,0 days 00:00:21.410000,0 days 00:00:23.676000,0 days 00:00:29.529000,0 days 01:02:24.467000,0 days 01:02:48.143000,0 days 01:03:17.672000,242.0,289.0,288.0,324.0,False,MEDIUM,15.0,True,McLaren,0 days 01:02:03.057000,,1,2.0,,,False,True
0 days 01:04:32.311000,NOR,1,0 days 00:01:14.639000,16.0,1.0,NaT,NaT,0 days 00:00:21.463000,0 days 00:00:23.598000,0 days 00:00:29.578000,0 days 01:03:39.135000,0 days 01:04:02.733000,0 days 01:04:32.311000,242.0,292.0,294.0,326.0,False,MEDIUM,16.0,True,McLaren,0 days 01:03:17.672000,,1,2.0,,,False,True
0 days 01:05:47.096000,NOR,1,0 days 00:01:14.785000,17.0,1.0,NaT,NaT,0 days 00:00:21.344000,0 days 00:00:23.771000,0 days 00:00:29.670000,0 days 01:04:53.655000,0 days 01:05:17.426000,0 days 01:05:47.096000,242.0,293.0,293.0,346.0,False,MEDIUM,17.0,True,McLaren,0 days 01:04:32.311000,,12,2.0,,,False,True
0 days 01:07:02.108000,NOR,1,0 days 00:01:15.012000,18.0,1.0,NaT,NaT,0 days 00:00:21.608000,0 days 00:00:23.778000,0 days 00:00:29.626000,0 days 01:06:08.704000,0 days 01:06:32.482000,0 days 01:07:02.108000,240.0,290.0,280.0,323.0,False,MEDIUM,18.0,True,McLaren,0 days 01:05:47.096000,,1,2.0,,,False,True
0 days 01:08:17.060000,NOR,1,0 days 00:01:14.952000,19.0,1.0,NaT,NaT,0 days 00:00:21.465000,0 days 00:00:23.822000,0 days 00:00:29.665000,0 days 01:07:23.573000,0 days 01:07:47.395000,0 days 01:08:17.060000,242.0,290.0,271.0,333.0,False,MEDIUM,19.0,True,McLaren,0 days 01:07:02.108000,,1,2.0,,,False,True
0 days 01:09:31.680000,NOR,1,0 days 00:01:14.620000,20.0,1.0,NaT,NaT,0 days 00:00:21.465000,0 days 00:00:23.642000,0 days 00:00:29.513000,NaT,0 days 01:09:02.167000,0 days 01:09:31.680000,243.0,292.0,293.0,326.0,False,MEDIUM,20.0,True,McLaren,0 days 01:08:17.060000,,1,2.0,,,False,True
0 days 01:10:46.437000,NOR,1,0 days 00:01:14.757000,21.0,1.0,NaT,NaT,0 days 00:00:21.382000,0 days 00:00:23.755000,0 days 00:00:29.620000,0 days 01:09:53.062000,0 days 01:10:16.817000,0 days 01:10:46.437000,242.0,290.0,290.0,321.0,False,MEDIUM,21.0,True,McLaren,0 days 01:09:31.680000,,1,2.0,,,False,True
0 days 01:12:01.439000,NOR,1,0 days 00:01:15.002000,22.0,1.0,NaT,NaT,0 days 00:00:21.459000,0 days 00:00:23.710000,0 days 00:00:29.833000,0 days 01:11:07.896000,0 days 01:11:31.606000,0 days 01:12:01.439000,241.0,292.0,282.0,344.0,False,MEDIUM,22.0,True,McLaren,0 days 01:10:46.437000,,1,2.0,,,False,True
0 days 01:13:17.093000,NOR,1,0 days 00:01:15.654000,23.0,1.0,NaT,NaT,0 days 00:00:22.230000,0 days 00:00:23.756000,0 days 00:00:29.668000,0 days 01:12:23.669000,0 days 01:12:47.425000,0 days 01:13:17.093000,237.0,287.0,288.0,337.0,False,MEDIUM,23.0,True,McLaren,0 days 01:12:01.439000,,1,2.0,,,False,True
0 days 00:45:45.906000,ANT,12,NaT,1.0,1.0,NaT,NaT,NaT,0 days 00:00:24.046000,0 days 00:00:29.969000,NaT,0 days 00:45:16.365000,0 days 00:45:46.118000,252.0,292.0,290.0,327.0,False,MEDIUM,7.0,False,Mercedes,0 days 00:44:24.605000,,1,2.0,,,False,False
0 days 00:47:01.127000,ANT,12,0 days 00:01:15.221000,2.0,1.0,NaT,NaT,0 days 00:00:21.678000,0 days 00:00:23.835000,0 days 00:00:29.708000,0 days 00:46:07.663000,0 days 00:46:31.498000,0 days 00:47:01.206000,243.0,288.0,289.0,324.0,True,MEDIUM,8.0,False,Mercedes,0 days 00:45:45.906000,,1,2.0,,,False,True
0 days 00:48:16.268000,ANT,12,0 days 00:01:15.141000,3.0,1.0,NaT,NaT,0 days 00:00:21.590000,0 days 00:00:23.951000,0 days 00:00:29.600000,0 days 00:47:22.796000,0 days 00:47:46.747000,0 days 00:48:16.347000,243.0,286.0,288.0,323.0,True,MEDIUM,9.0,False,Mercedes,0 days 00:47:01.127000,,1,2.0,,,False,True
0 days 00:49:30.874000,ANT,12,0 days 00:01:14.606000,4.0,1.0,NaT,NaT,0 days 00:00:21.372000,0 days 00:00:23.678000,0 days 00:00:29.556000,0 days 00:48:37.719000,0 days 00:49:01.397000,0 days 00:49:30.953000,244.0,288.0,286.0,327.0,True,MEDIUM,10.0,False,Mercedes,0 days 00:48:16.268000,,1,2.0,,,False,True
0 days 00:50:45.782000,ANT,12,0 days 00:01:14.908000,5.0,1.0,NaT,NaT,0 days 00:00:21.425000,0 days 00:00:23.787000,0 days 00:00:29.696000,0 days 00:49:52.378000,0 days 00:50:16.165000,0 days 00:50:45.861000,244.0,289.0,302.0,328.0,False,MEDIUM,11.0,False,Mercedes,0 days 00:49:30.874000,,1,2.0,,,False,True
0 days 00:52:04.777000,ANT,12,0 days 00:01:18.995000,6.0,1.0,NaT,NaT,0 days 00:00:22.874000,0 days 00:00:25.620000,0 days 00:00:30.501000,0 days 00:51:08.735000,0 days 00:51:34.355000,0 days 00:52:04.856000,241.0,272.0,288.0,323.0,False,MEDIUM,12.0,False,Mercedes,0 days 00:50:45.782000,,1,3.0,,,False,True
0 days 00:53:19.727000,ANT,12,0 days 00:01:14.950000,7.0,1.0,NaT,NaT,0 days 00:00:21.527000,0 days 00:00:23.763000,0 days 00:00:29.660000,0 days 00:52:26.383000,0 days 00:52:50.146000,0 days 00:53:19.806000,243.0,288.0,278.0,325.0,False,MEDIUM,13.0,False,Mercedes,0 days 00:52:04.777000,,1,3.0,,,False,True
0 days 00:54:34.592000,ANT,12,0 days 00:01:14.865000,8.0,1.0,NaT,NaT,0 days 00:00:21.389000,0 days 00:00:23.693000,0 days 00:00:29.783000,0 days 00:53:41.195000,0 days 00:54:04.888000,0 days 00:54:34.671000,245.0,288.0,285.0,326.0,False,MEDIUM,14.0,False,Mercedes,0 days 00:53:19.727000,,1,3.0,,,False,True
0 days 00:55:49.985000,ANT,12,0 days 00:01:15.393000,9.0,1.0,NaT,NaT,0 days 00:00:21.414000,0 days 00:00:23.776000,0 days 00:00:30.203000,0 days 00:54:56.085000,0 days 00:55:19.861000,0 days 00:55:50.064000,245.0,287.0,287.0,320.0,False,MEDIUM,15.0,False,Mercedes,0 days 00:54:34.592000,,1,3.0,,,False,True
0 days 00:57:04.962000,ANT,12,0 days 00:01:14.977000,10.0,1.0,NaT,NaT,0 days 00:00:21.458000,0 days 00:00:23.795000,0 days 00:00:29.724000,0 days 00:56:11.522000,0 days 00:56:35.317000,0 days 00:57:05.041000,242.0,283.0,283.0,316.0,False,MEDIUM,16.0,False,Mercedes,0 days 00:55:49.985000,,1,3.0,,,False,True
0 days 00:58:19.342000,ANT,12,0 days 00:01:14.380000,11.0,1.0,NaT,NaT,0 days 00:00:21.215000,0 days 00:00:23.663000,0 days 00:00:29.502000,0 days 00:57:26.256000,0 days 00:57:49.919000,0 days 00:58:19.421000,243.0,286.0,283.0,317.0,True,MEDIUM,17.0,False,Mercedes,0 days 00:57:04.962000,,1,3.0,,,False,True
0 days 00:59:33.875000,ANT,12,0 days 00:01:14.533000,12.0,1.0,NaT,NaT,0 days 00:00:21.377000,0 days 00:00:23.783000,0 days 00:00:29.373000,0 days 00:58:40.798000,0 days 00:59:04.581000,0 days 00:59:33.954000,243.0,287.0,285.0,321.0,False,MEDIUM,18.0,False,Mercedes,0 days 00:58:19.342000,,1,3.0,,,False,True
0 days 01:00:48.783000,ANT,12,0 days 00:01:14.908000,13.0,1.0,NaT,NaT,0 days 00:00:21.377000,0 days 00:00:23.829000,0 days 00:00:29.702000,NaT,0 days 01:00:19.160000,0 days 01:00:48.862000,244.0,289.0,286.0,321.0,False,MEDIUM,19.0,False,Mercedes,0 days 00:59:33.875000,,1,3.0,,,False,True
0 days 01:02:03.388000,ANT,12,0 days 00:01:14.605000,14.0,1.0,NaT,NaT,0 days 00:00:21.414000,0 days 00:00:23.698000,0 days 00:00:29.493000,0 days 01:01:10.276000,0 days 01:01:33.974000,0 days 01:02:03.467000,243.0,289.0,284.0,325.0,False,MEDIUM,20.0,False,Mercedes,0 days 01:00:48.783000,,1,3.0,,,False,True
0 days 01:03:18.407000,ANT,12,0 days 00:01:15.019000,15.0,1.0,NaT,NaT,0 days 00:00:21.608000,0 days 00:00:23.856000,0 days 00:00:29.555000,0 days 01:02:25.075000,0 days 01:02:48.931000,0 days 01:03:18.486000,245.0,293.0,286.0,330.0,False,MEDIUM,21.0,False,Mercedes,0 days 01:02:03.388000,,1,3.0,,,False,True
0 days 01:04:33.153000,ANT,12,0 days 00:01:14.746000,16.0,1.0,NaT,NaT,0 days 00:00:21.407000,0 days 00:00:23.670000,0 days 00:00:29.669000,0 days 01:03:39.893000,0 days 01:04:03.563000,0 days 01:04:33.232000,245.0,293.0,287.0,330.0,False,MEDIUM,22.0,False,Mercedes,0 days 01:03:18.407000,,1,3.0,,,False,True
0 days 01:05:47.580000,ANT,12,0 days 00:01:14.427000,17.0,1.0,NaT,NaT,0 days 00:00:21.419000,0 days 00:00:23.577000,0 days 00:00:29.431000,0 days 01:04:54.651000,0 days 01:05:18.228000,0 days 01:05:47.659000,245.0,291.0,289.0,332.0,False,MEDIUM,23.0,False,Mercedes,0 days 01:04:33.153000,,12,3.0,,,False,True
0 days 01:07:02.648000,ANT,12,0 days 00:01:15.068000,18.0,1.0,NaT,NaT,0 days 00:00:21.584000,0 days 00:00:23.715000,0 days 00:00:29.769000,0 days 01:06:09.243000,0 days 01:06:32.958000,0 days 01:07:02.727000,244.0,295.0,284.0,332.0,False,MEDIUM,24.0,False,Mercedes,0 days 01:05:47.580000,,1,3.0,,,False,True
0 days 01:08:17.489000,ANT,12,0 days 00:01:14.841000,19.0,1.0,NaT,NaT,0 days 00:00:21.496000,0 days 00:00:23.708000,0 days 00:00:29.637000,0 days 01:07:24.223000,0 days 01:07:47.931000,0 days 01:08:17.568000,245.0,294.0,281.0,332.0,False,MEDIUM,25.0,False,Mercedes,0 days 01:07:02.648000,,1,3.0,,,False,True
0 days 01:09:32.325000,ANT,12,0 days 00:01:14.836000,20.0,1.0,NaT,NaT,0 days 00:00:21.508000,0 days 00:00:23.753000,0 days 00:00:29.575000,0 days 01:08:39.076000,0 days 01:09:02.829000,0 days 01:09:32.404000,245.0,293.0,284.0,333.0,False,MEDIUM,26.0,False,Mercedes,0 days 01:08:17.489000,,1,3.0,,,False,True
0 days 01:10:47.225000,ANT,12,0 days 00:01:14.900000,21.0,1.0,NaT,NaT,0 days 00:00:21.548000,0 days 00:00:23.742000,0 days 00:00:29.610000,0 days 01:09:53.952000,0 days 01:10:17.694000,0 days 01:10:47.304000,247.0,291.0,286.0,327.0,False,MEDIUM,27.0,False,Mercedes,0 days 01:09:32.325000,,1,3.0,,,False,True
0 days 01:12:01.605000,ANT,12,0 days 00:01:14.380000,22.0,1.0,NaT,NaT,0 days 00:00:21.398000,0 days 00:00:23.636000,0 days 00:00:29.346000,0 days 01:11:08.702000,0 days 01:11:32.338000,0 days 01:12:01.684000,244.0,292.0,307.0,353.0,False,MEDIUM,28.0,False,Mercedes,0 days 01:10:47.225000,,1,3.0,,,False,True
0 days 01:13:17.664000,ANT,12,0 days 00:01:16.059000,23.0,1.0,NaT,NaT,0 days 00:00:22.529000,0 days 00:00:24.062000,0 days 00:00:29.468000,0 days 01:12:24.213000,0 days 01:12:48.275000,0 days 01:13:17.743000,240.0,288.0,291.0,333.0,False,MEDIUM,29.0,False,Mercedes,0 days 01:12:01.605000,,1,3.0,,,False,True
0 days 00:45:48.390000,PIA,81,NaT,1.0,1.0,NaT,NaT,NaT,0 days 00:00:24.803000,0 days 00:00:30.217000,NaT,0 days 00:45:18.318000,0 days 00:45:48.571000,251.0,299.0,296.0,340.0,False,MEDIUM,1.0,True,McLaren,0 days 00:44:24.605000,,1,5.0,,,False,False
0 days 00:47:04.554000,PIA,81,0 days 00:01:16.164000,2.0,1.0,NaT,NaT,0 days 00:00:21.943000,0 days 00:00:24.388000,0 days 00:00:29.833000,0 days 00:46:10.358000,0 days 00:46:34.746000,0 days 00:47:04.579000,244.0,292.0,293.0,328.0,True,MEDIUM,2.0,True,McLaren,0 days 00:45:48.390000,,1,5.0,,,False,True
0 days 00:48:20.083000,PIA,81,0 days 00:01:15.529000,3.0,1.0,NaT,NaT,0 days 00:00:21.769000,0 days 00:00:23.952000,0 days 00:00:29.808000,0 days 00:47:26.348000,0 days 00:47:50.300000,0 days 00:48:20.108000,244.0,293.0,292.0,328.0,True,MEDIUM,3.0,True,McLaren,0 days 00:47:04.554000,,1,5.0,,,False,True
0 days 00:49:35.210000,PIA,81,0 days 00:01:15.127000,4.0,1.0,NaT,NaT,0 days 00:00:21.572000,0 days 00:00:23.901000,0 days 00:00:29.654000,0 days 00:48:41.680000,0 days 00:49:05.581000,0 days 00:49:35.235000,241.0,292.0,289.0,328.0,True,MEDIUM,4.0,True,McLaren,0 days 00:48:20.083000,,1,5.0,,,False,True
0 days 00:50:50.312000,PIA,81,0 days 00:01:15.102000,5.0,1.0,NaT,NaT,0 days 00:00:21.556000,0 days 00:00:23.908000,0 days 00:00:29.638000,0 days 00:49:56.791000,0 days 00:50:20.699000,0 days 00:50:50.337000,241.0,292.0,293.0,330.0,True,MEDIUM,5.0,True,McLaren,0 days 00:49:35.210000,,1,5.0,,,False,True
0 days 00:52:05.907000,PIA,81,0 days 00:01:15.595000,6.0,1.0,NaT,NaT,0 days 00:00:21.836000,0 days 00:00:24.031000,0 days 00:00:29.728000,0 days 00:51:12.173000,0 days 00:51:36.204000,0 days 00:52:05.932000,242.0,292.0,291.0,331.0,False,MEDIUM,6.0,True,McLaren,0 days 00:50:50.312000,,1,5.0,,,False,True
0 days 00:53:21.106000,PIA,81,0 days 00:01:15.199000,7.0,1.0,NaT,NaT,0 days 00:00:21.684000,0 days 00:00:23.917000,0 days 00:00:29.598000,0 days 00:52:27.616000,0 days 00:52:51.533000,0 days 00:53:21.131000,244.0,292.0,288.0,328.0,False,MEDIUM,7.0,True,McLaren,0 days 00:52:05.907000,,1,5.0,,,False,True
0 days 00:54:35.958000,PIA,81,0 days 00:01:14.852000,8.0,1.0,NaT,NaT,0 days 00:00:21.566000,0 days 00:00:23.829000,0 days 00:00:29.457000,0 days 00:53:42.697000,0 days 00:54:06.526000,0 days 00:54:35.983000,245.0,292.0,293.0,331.0,True,MEDIUM,8.0,True,McLaren,0 days 00:53:21.106000,,1,5.0,,,False,True
0 days 00:55:51.068000,PIA,81,0 days 00:01:15.110000,9.0,1.0,NaT,NaT,0 days 00:00:21.735000,0 days 00:00:23.859000,0 days 00:00:29.516000,0 days 00:54:57.718000,0 days 00:55:21.577000,0 days 00:55:51.093000,243.0,292.0,292.0,328.0,False,MEDIUM,9.0,True,McLaren,0 days 00:54:35.958000,,1,5.0,,,False,True
0 days 00:57:06.403000,PIA,81,0 days 00:01:15.335000,10.0,1.0,NaT,NaT,0 days 00:00:21.673000,0 days 00:00:24.032000,0 days 00:00:29.630000,0 days 00:56:12.766000,0 days 00:56:36.798000,0 days 00:57:06.428000,241.0,291.0,296.0,328.0,False,MEDIUM,10.0,True,McLaren,0 days 00:55:51.068000,,1,5.0,,,False,True
0 days 00:58:21.436000,PIA,81,0 days 00:01:15.033000,11.0,1.0,NaT,NaT,0 days 00:00:21.468000,0 days 00:00:23.840000,0 days 00:00:29.725000,0 days 00:57:27.896000,0 days 00:57:51.736000,0 days 00:58:21.461000,243.0,293.0,293.0,329.0,False,MEDIUM,11.0,True,McLaren,0 days 00:57:06.403000,,1,5.0,,,False,True
0 days 00:59:36.325000,PIA,81,0 days 00:01:14.889000,12.0,1.0,NaT,NaT,0 days 00:00:21.417000,0 days 00:00:23.863000,0 days 00:00:29.609000,0 days 00:58:42.878000,0 days 00:59:06.741000,0 days 00:59:36.350000,244.0,292.0,287.0,326.0,False,MEDIUM,12.0,True,McLaren,0 days 00:58:21.436000,,1,5.0,,,False,True
0 days 01:00:51.404000,PIA,81,0 days 00:01:15.079000,13.0,1.0,NaT,NaT,0 days 00:00:21.549000,0 days 00:00:23.840000,0 days 00:00:29.690000,0 days 00:59:57.899000,0 days 01:00:21.739000,0 days 01:00:51.429000,243.0,290.0,291.0,323.0,False,MEDIUM,13.0,True,McLaren,0 days 00:59:36.325000,,1,5.0,,,False,True
0 days 01:02:06.250000,PIA,81,0 days 00:01:14.846000,14.0,1.0,NaT,NaT,0 days 00:00:21.503000,0 days 00:00:23.906000,0 days 00:00:29.437000,0 days 01:01:12.932000,0 days 01:01:36.838000,0 days 01:02:06.275000,243.0,291.0,297.0,328.0,True,MEDIUM,14.0,True,McLaren,0 days 01:00:51.404000,,1,5.0,,,False,True
0 days 01:03:21.432000,PIA,81,0 days 00:01:15.182000,15.0,1.0,NaT,NaT,0 days 00:00:21.427000,0 days 00:00:23.858000,0 days 00:00:29.897000,0 days 01:02:27.702000,0 days 01:02:51.560000,0 days 01:03:21.457000,245.0,294.0,289.0,342.0,False,MEDIUM,15.0,True,McLaren,0 days 01:02:06.250000,,1,5.0,,,False,True
0 days 01:04:36.544000,PIA,81,0 days 00:01:15.112000,16.0,1.0,NaT,NaT,0 days 00:00:21.671000,0 days 00:00:23.881000,0 days 00:00:29.560000,0 days 01:03:43.128000,0 days 01:04:07.009000,0 days 01:04:36.569000,241.0,288.0,281.0,325.0,False,MEDIUM,16.0,True,McLaren,0 days 01:03:21.432000,,1,5.0,,,False,True
0 days 01:05:51.337000,PIA,81,0 days 00:01:14.793000,17.0,1.0,NaT,NaT,0 days 00:00:21.446000,0 days 00:00:23.700000,0 days 00:00:29.647000,0 days 01:04:58.015000,0 days 01:05:21.715000,0 days 01:05:51.362000,243.0,294.0,285.0,332.0,True,MEDIUM,17.0,True,McLaren,0 days 01:04:36.544000,,12,5.0,,,False,True
0 days 01:07:06.386000,PIA,81,0 days 00:01:15.049000,18.0,1.0,NaT,NaT,0 days 00:00:21.502000,0 days 00:00:23.703000,0 days 00:00:29.844000,0 days 01:06:12.864000,0 days 01:06:36.567000,0 days 01:07:06.411000,244.0,294.0,282.0,341.0,False,MEDIUM,18.0,True,McLaren,0 days 01:05:51.337000,,1,5.0,,,False,True
0 days 01:08:21.759000,PIA,81,0 days 00:01:15.373000,19.0,1.0,NaT,NaT,0 days 00:00:21.696000,0 days 00:00:23.938000,0 days 00:00:29.739000,0 days 01:07:28.107000,0 days 01:07:52.045000,0 days 01:08:21.784000,241.0,292.0,279.0,326.0,False,MEDIUM,19.0,True,McLaren,0 days 01:07:06.386000,,1,5.0,,,False,True
0 days 01:09:37.104000,PIA,81,0 days 00:01:15.345000,20.0,1.0,NaT,NaT,0 days 00:00:21.628000,0 days 00:00:23.765000,0 days 00:00:29.952000,0 days 01:08:43.412000,0 days 01:09:07.177000,0 days 01:09:37.129000,242.0,293.0,274.0,346.0,False,MEDIUM,20.0,True,McLaren,0 days 01:08:21.759000,,1,5.0,,,False,True
0 days 01:10:52.437000,PIA,81,0 days 00:01:15.333000,21.0,1.0,NaT,NaT,0 days 00:00:21.631000,0 days 00:00:23.923000,0 days 00:00:29.779000,0 days 01:09:58.760000,0 days 01:10:22.683000,0 days 01:10:52.462000,245.0,296.0,288.0,332.0,False,MEDIUM,21.0,True,McLaren,0 days 01:09:37.104000,,1,5.0,,,False,True
0 days 01:12:09.387000,PIA,81,0 days 00:01:16.950000,22.0,1.0,NaT,NaT,0 days 00:00:22.133000,0 days 00:00:23.967000,0 days 00:00:30.850000,0 days 01:11:14.595000,0 days 01:11:38.562000,0 days 01:12:09.412000,244.0,295.0,283.0,337.0,False,MEDIUM,22.0,True,McLaren,0 days 01:10:52.437000,,1,4.0,,,False,True
0 days 01:13:25.618000,PIA,81,0 days 00:01:16.231000,23.0,1.0,NaT,NaT,0 days 00:00:21.887000,0 days 00:00:24,0 days 00:00:30.344000,0 days 01:12:31.299000,0 days 01:12:55.299000,0 days 01:13:25.643000,238.0,281.0,267.0,313.0,False,MEDIUM,23.0,True,McLaren,0 days 01:12:09.387000,,1,4.0,,,False,True
0 days 00:45:48.900000,LEC,16,NaT,1.0,1.0,NaT,NaT,NaT,0 days 00:00:24.921000,0 days 00:00:30.312000,NaT,0 days 00:45:18.740000,0 days 00:45:49.118000,247.0,294.0,302.0,325.0,False,MEDIUM,1.0,True,Ferrari,0 days 00:44:24.605000,,1,6.0,,,False,False
0 days 00:47:05.129000,LEC,16,0 days 00:01:16.229000,2.0,1.0,NaT,NaT,0 days 00:00:22.136000,0 days 00:00:24.401000,0 days 00:00:29.692000,0 days 00:46:11.085000,0 days 00:46:35.486000,0 days 00:47:05.178000,241.0,289.0,294.0,334.0,True,MEDIUM,2.0,True,Ferrari,0 days 00:45:48.900000,,1,6.0,,,False,True
0 days 00:48:20.802000,LEC,16,0 days 00:01:15.673000,3.0,1.0,NaT,NaT,0 days 00:00:22.017000,0 days 00:00:24.033000,0 days 00:00:29.623000,0 days 00:47:27.195000,0 days 00:47:51.228000,0 days 00:48:20.851000,239.0,286.0,291.0,331.0,True,MEDIUM,3.0,True,Ferrari,0 days 00:47:05.129000,,1,6.0,,,False,True
0 days 00:49:36.062000,LEC,16,0 days 00:01:15.260000,4.0,1.0,NaT,NaT,0 days 00:00:21.618000,0 days 00:00:23.973000,0 days 00:00:29.669000,0 days 00:48:42.469000,0 days 00:49:06.442000,0 days 00:49:36.111000,239.0,287.0,290.0,330.0,True,MEDIUM,4.0,True,Ferrari,0 days 00:48:20.802000,,1,6.0,,,False,True
0 days 00:50:50.913000,LEC,16,0 days 00:01:14.851000,5.0,1.0,NaT,NaT,0 days 00:00:21.546000,0 days 00:00:23.825000,0 days 00:00:29.480000,0 days 00:49:57.657000,0 days 00:50:21.482000,0 days 00:50:50.962000,241.0,287.0,291.0,330.0,True,MEDIUM,5.0,True,Ferrari,0 days 00:49:36.062000,,1,6.0,,,False,True
0 days 00:52:06.208000,LEC,16,0 days 00:01:15.295000,6.0,1.0,NaT,NaT,0 days 00:00:21.812000,0 days 00:00:24.031000,0 days 00:00:29.452000,0 days 00:51:12.774000,0 days 00:51:36.805000,0 days 00:52:06.257000,240.0,290.0,309.0,331.0,False,MEDIUM,6.0,True,Ferrari,0 days 00:50:50.913000,,1,6.0,,,False,True
0 days 00:53:22.419000,LEC,16,0 days 00:01:16.211000,7.0,1.0,NaT,NaT,0 days 00:00:21.871000,0 days 00:00:24.226000,0 days 00:00:30.114000,0 days 00:52:28.128000,0 days 00:52:52.354000,0 days 00:53:22.468000,239.0,284.0,288.0,318.0,False,MEDIUM,7.0,True,Ferrari,0 days 00:52:06.208000,,1,6.0,,,False,True
0 days 00:54:37.228000,LEC,16,0 days 00:01:14.809000,8.0,1.0,NaT,NaT,0 days 00:00:21.442000,0 days 00:00:23.585000,0 days 00:00:29.782000,0 days 00:53:43.910000,0 days 00:54:07.495000,0 days 00:54:37.277000,244.0,290.0,291.0,318.0,True,MEDIUM,8.0,True,Ferrari,0 days 00:53:22.419000,,1,6.0,,,False,True
0 days 00:55:52.668000,LEC,16,0 days 00:01:15.440000,9.0,1.0,NaT,NaT,0 days 00:00:21.536000,0 days 00:00:23.715000,0 days 00:00:30.189000,0 days 00:54:58.813000,0 days 00:55:22.528000,0 days 00:55:52.717000,240.0,287.0,284.0,316.0,False,MEDIUM,9.0,True,Ferrari,0 days 00:54:37.228000,,1,6.0,,,False,True
0 days 00:57:07.630000,LEC,16,0 days 00:01:14.962000,10.0,1.0,NaT,NaT,0 days 00:00:21.494000,0 days 00:00:23.764000,0 days 00:00:29.704000,0 days 00:56:14.211000,0 days 00:56:37.975000,0 days 00:57:07.679000,242.0,286.0,289.0,318.0,False,MEDIUM,10.0,True,Ferrari,0 days 00:55:52.668000,,1,6.0,,,False,True
0 days 00:58:22.371000,LEC,16,0 days 00:01:14.741000,11.0,1.0,NaT,NaT,0 days 00:00:21.322000,0 days 00:00:23.749000,0 days 00:00:29.670000,0 days 00:57:29.001000,0 days 00:57:52.750000,0 days 00:58:22.420000,240.0,288.0,289.0,320.0,True,MEDIUM,11.0,True,Ferrari,0 days 00:57:07.630000,,1,6.0,,,False,True
0 days 00:59:37.247000,LEC,16,0 days 00:01:14.876000,12.0,1.0,NaT,NaT,0 days 00:00:21.574000,0 days 00:00:23.824000,0 days 00:00:29.478000,0 days 00:58:43.994000,0 days 00:59:07.818000,0 days 00:59:37.296000,239.0,286.0,292.0,329.0,False,MEDIUM,12.0,True,Ferrari,0 days 00:58:22.371000,,1,6.0,,,False,True
0 days 01:00:52.045000,LEC,16,0 days 00:01:14.798000,13.0,1.0,NaT,NaT,0 days 00:00:21.492000,0 days 00:00:23.794000,0 days 00:00:29.512000,0 days 00:59:58.788000,0 days 01:00:22.582000,0 days 01:00:52.094000,240.0,288.0,305.0,329.0,False,MEDIUM,13.0,True,Ferrari,0 days 00:59:37.247000,,1,6.0,,,False,True
0 days 01:02:06.890000,LEC,16,0 days 00:01:14.845000,14.0,1.0,NaT,NaT,0 days 00:00:21.571000,0 days 00:00:23.828000,0 days 00:00:29.446000,0 days 01:01:13.665000,0 days 01:01:37.493000,0 days 01:02:06.939000,240.0,287.0,296.0,334.0,False,MEDIUM,14.0,True,Ferrari,0 days 01:00:52.045000,,1,6.0,,,False,True
0 days 01:03:21.793000,LEC,16,0 days 00:01:14.903000,15.0,1.0,NaT,NaT,0 days 00:00:21.422000,0 days 00:00:23.948000,0 days 00:00:29.533000,0 days 01:02:28.361000,0 days 01:02:52.309000,0 days 01:03:21.842000,241.0,285.0,306.0,332.0,False,MEDIUM,15.0,True,Ferrari,0 days 01:02:06.890000,,1,6.0,,,False,True
0 days 01:04:37.496000,LEC,16,0 days 00:01:15.703000,16.0,1.0,NaT,NaT,0 days 00:00:21.843000,0 days 00:00:24.216000,0 days 00:00:29.644000,0 days 01:03:43.685000,0 days 01:04:07.901000,0 days 01:04:37.545000,240.0,281.0,292.0,328.0,False,MEDIUM,16.0,True,Ferrari,0 days 01:03:21.793000,,1,6.0,,,False,True
0 days 01:05:52.608000,LEC,16,0 days 00:01:15.112000,17.0,1.0,NaT,NaT,0 days 00:00:21.523000,0 days 00:00:23.957000,0 days 00:00:29.632000,0 days 01:04:59.068000,0 days 01:05:23.025000,0 days 01:05:52.657000,241.0,286.0,292.0,323.0,False,MEDIUM,17.0,True,Ferrari,0 days 01:04:37.496000,,12,6.0,,,False,True
0 days 01:07:07.626000,LEC,16,0 days 00:01:15.018000,18.0,1.0,NaT,NaT,0 days 00:00:21.428000,0 days 00:00:23.750000,0 days 00:00:29.840000,0 days 01:06:14.085000,0 days 01:06:37.835000,0 days 01:07:07.675000,240.0,291.0,293.0,318.0,False,MEDIUM,18.0,True,Ferrari,0 days 01:05:52.608000,,1,6.0,,,False,True
0 days 01:08:22.943000,LEC,16,0 days 00:01:15.317000,19.0,1.0,NaT,NaT,0 days 00:00:21.559000,0 days 00:00:23.974000,0 days 00:00:29.784000,0 days 01:07:29.234000,0 days 01:07:53.208000,0 days 01:08:22.992000,238.0,286.0,292.0,318.0,False,MEDIUM,19.0,True,Ferrari,0 days 01:07:07.626000,,1,6.0,,,False,True
0 days 01:09:38.439000,LEC,16,0 days 00:01:15.496000,20.0,1.0,NaT,NaT,0 days 00:00:21.564000,0 days 00:00:23.856000,0 days 00:00:30.076000,0 days 01:08:44.556000,0 days 01:09:08.412000,0 days 01:09:38.488000,240.0,289.0,284.0,316.0,False,MEDIUM,20.0,True,Ferrari,0 days 01:08:22.943000,,1,6.0,,,False,True
0 days 01:10:53.923000,LEC,16,0 days 00:01:15.484000,21.0,1.0,NaT,NaT,0 days 00:00:21.544000,0 days 00:00:23.736000,0 days 00:00:30.204000,0 days 01:10:00.032000,0 days 01:10:23.768000,0 days 01:10:53.972000,242.0,290.0,293.0,318.0,False,MEDIUM,21.0,True,Ferrari,0 days 01:09:38.439000,,1,6.0,,,False,True
0 days 01:12:09.740000,LEC,16,0 days 00:01:15.817000,22.0,1.0,NaT,NaT,0 days 00:00:21.568000,0 days 00:00:24.043000,0 days 00:00:30.206000,0 days 01:11:15.540000,0 days 01:11:39.583000,0 days 01:12:09.789000,242.0,292.0,288.0,316.0,False,MEDIUM,22.0,True,Ferrari,0 days 01:10:53.923000,,1,5.0,,,False,True
0 days 01:13:25.750000,LEC,16,0 days 00:01:16.010000,23.0,1.0,NaT,NaT,0 days 00:00:22.003000,0 days 00:00:24.112000,0 days 00:00:29.895000,0 days 01:12:31.792000,0 days 01:12:55.904000,0 days 01:13:25.799000,240.0,289.0,303.0,323.0,False,MEDIUM,23.0,True,Ferrari,0 days 01:12:09.740000,,1,5.0,,,False,True
0 days 00:45:47.735000,HAM,44,NaT,1.0,1.0,NaT,NaT,NaT,0 days 00:00:24.550000,0 days 00:00:30.112000,NaT,0 days 00:45:17.771000,0 days 00:45:47.946000,238.0,290.0,304.0,321.0,False,MEDIUM,1.0,True,Ferrari,0 days 00:44:24.605000,,1,4.0,,,False,False
0 days 00:47:03.788000,HAM,44,0 days 00:01:16.053000,2.0,1.0,NaT,NaT,0 days 00:00:22.025000,0 days 00:00:24.192000,0 days 00:00:29.836000,0 days 00:46:09.795000,0 days 00:46:33.987000,0 days 00:47:03.823000,237.0,286.0,290.0,329.0,True,MEDIUM,2.0,True,Ferrari,0 days 00:45:47.735000,,1,4.0,,,False,True
0 days 00:48:19.193000,HAM,44,0 days 00:01:15.405000,3.0,1.0,NaT,NaT,0 days 00:00:21.843000,0 days 00:00:23.922000,0 days 00:00:29.640000,0 days 00:47:25.666000,0 days 00:47:49.588000,0 days 00:48:19.228000,236.0,286.0,308.0,325.0,True,MEDIUM,3.0,True,Ferrari,0 days 00:47:03.788000,,1,4.0,,,False,True
0 days 00:49:34.457000,HAM,44,0 days 00:01:15.264000,4.0,1.0,NaT,NaT,0 days 00:00:21.473000,0 days 00:00:24.057000,0 days 00:00:29.734000,0 days 00:48:40.701000,0 days 00:49:04.758000,0 days 00:49:34.492000,236.0,282.0,304.0,318.0,True,MEDIUM,4.0,True,Ferrari,0 days 00:48:19.193000,,1,4.0,,,False,True
0 days 00:50:49.832000,HAM,44,0 days 00:01:15.375000,5.0,1.0,NaT,NaT,0 days 00:00:21.576000,0 days 00:00:23.975000,0 days 00:00:29.824000,0 days 00:49:56.068000,0 days 00:50:20.043000,0 days 00:50:49.867000,234.0,284.0,284.0,314.0,False,MEDIUM,5.0,True,Ferrari,0 days 00:49:34.457000,,1,4.0,,,False,True
0 days 00:52:05.304000,HAM,44,0 days 00:01:15.472000,6.0,1.0,NaT,NaT,0 days 00:00:21.706000,0 days 00:00:23.911000,0 days 00:00:29.855000,0 days 00:51:11.573000,0 days 00:51:35.484000,0 days 00:52:05.339000,239.0,284.0,290.0,321.0,False,MEDIUM,6.0,True,Ferrari,0 days 00:50:49.832000,,1,4.0,,,False,True
0 days 00:53:20.395000,HAM,44,0 days 00:01:15.091000,7.0,1.0,NaT,NaT,0 days 00:00:21.702000,0 days 00:00:23.752000,0 days 00:00:29.637000,0 days 00:52:27.041000,0 days 00:52:50.793000,0 days 00:53:20.430000,238.0,287.0,291.0,328.0,True,MEDIUM,7.0,True,Ferrari,0 days 00:52:05.304000,,1,4.0,,,False,True
0 days 00:54:35.376000,HAM,44,0 days 00:01:14.981000,8.0,1.0,NaT,NaT,0 days 00:00:21.525000,0 days 00:00:23.858000,0 days 00:00:29.598000,0 days 00:53:41.955000,0 days 00:54:05.813000,0 days 00:54:35.411000,239.0,286.0,290.0,325.0,True,MEDIUM,8.0,True,Ferrari,0 days 00:53:20.395000,,1,4.0,,,False,True
0 days 00:55:50.248000,HAM,44,0 days 00:01:14.872000,9.0,1.0,NaT,NaT,0 days 00:00:21.489000,0 days 00:00:23.811000,0 days 00:00:29.572000,0 days 00:54:56.900000,0 days 00:55:20.711000,0 days 00:55:50.283000,241.0,287.0,309.0,327.0,True,MEDIUM,9.0,True,Ferrari,0 days 00:54:35.376000,,1,4.0,,,False,True
0 days 00:57:05.790000,HAM,44,0 days 00:01:15.542000,10.0,1.0,NaT,NaT,0 days 00:00:21.700000,0 days 00:00:23.938000,0 days 00:00:29.904000,0 days 00:56:11.983000,0 days 00:56:35.921000,0 days 00:57:05.825000,240.0,284.0,285.0,319.0,False,MEDIUM,10.0,True,Ferrari,0 days 00:55:50.248000,,1,4.0,,,False,True
0 days 00:58:20.724000,HAM,44,0 days 00:01:14.934000,11.0,1.0,NaT,NaT,0 days 00:00:21.498000,0 days 00:00:23.866000,0 days 00:00:29.570000,0 days 00:57:27.323000,0 days 00:57:51.189000,0 days 00:58:20.759000,240.0,287.0,293.0,325.0,False,MEDIUM,11.0,True,Ferrari,0 days 00:57:05.790000,,1,4.0,,,False,True
0 days 00:59:35.419000,HAM,44,0 days 00:01:14.695000,12.0,1.0,NaT,NaT,0 days 00:00:21.402000,0 days 00:00:23.657000,0 days 00:00:29.636000,0 days 00:58:42.161000,0 days 00:59:05.818000,0 days 00:59:35.454000,241.0,286.0,289.0,317.0,True,MEDIUM,12.0,True,Ferrari,0 days 00:58:20.724000,,1,4.0,,,False,True
0 days 01:00:50.585000,HAM,44,0 days 00:01:15.166000,13.0,1.0,NaT,NaT,0 days 00:00:21.384000,0 days 00:00:23.784000,0 days 00:00:29.998000,0 days 00:59:56.838000,0 days 01:00:20.622000,0 days 01:00:50.620000,239.0,284.0,288.0,312.0,False,MEDIUM,13.0,True,Ferrari,0 days 00:59:35.419000,,1,4.0,,,False,True
0 days 01:02:05.788000,HAM,44,0 days 00:01:15.203000,14.0,1.0,NaT,NaT,0 days 00:00:21.492000,0 days 00:00:23.801000,0 days 00:00:29.910000,0 days 01:01:12.112000,0 days 01:01:35.913000,0 days 01:02:05.823000,238.0,284.0,286.0,313.0,False,MEDIUM,14.0,True,Ferrari,0 days 01:00:50.585000,,1,4.0,,,False,True
0 days 01:03:20.818000,HAM,44,0 days 00:01:15.030000,15.0,1.0,NaT,NaT,0 days 00:00:21.459000,0 days 00:00:23.781000,0 days 00:00:29.790000,0 days 01:02:27.282000,0 days 01:02:51.063000,0 days 01:03:20.853000,238.0,284.0,287.0,314.0,False,MEDIUM,15.0,True,Ferrari,0 days 01:02:05.788000,,1,4.0,,,False,True
0 days 01:04:35.702000,HAM,44,0 days 00:01:14.884000,16.0,1.0,NaT,NaT,0 days 00:00:21.302000,0 days 00:00:23.786000,0 days 00:00:29.796000,0 days 01:03:42.155000,0 days 01:04:05.941000,0 days 01:04:35.737000,240.0,285.0,287.0,314.0,False,MEDIUM,16.0,True,Ferrari,0 days 01:03:20.818000,,1,4.0,,,False,True
0 days 01:05:50.784000,HAM,44,0 days 00:01:15.082000,17.0,1.0,NaT,NaT,0 days 00:00:21.535000,0 days 00:00:23.809000,0 days 00:00:29.738000,0 days 01:04:57.272000,0 days 01:05:21.081000,0 days 01:05:50.819000,240.0,284.0,287.0,316.0,False,MEDIUM,17.0,True,Ferrari,0 days 01:04:35.702000,,12,4.0,,,False,True
0 days 01:07:05.878000,HAM,44,0 days 00:01:15.094000,18.0,1.0,NaT,NaT,0 days 00:00:21.550000,0 days 00:00:23.717000,0 days 00:00:29.827000,0 days 01:06:12.369000,0 days 01:06:36.086000,0 days 01:07:05.913000,238.0,284.0,286.0,321.0,False,MEDIUM,18.0,True,Ferrari,0 days 01:05:50.784000,,1,4.0,,,False,True
0 days 01:08:21.186000,HAM,44,0 days 00:01:15.308000,19.0,1.0,NaT,NaT,0 days 00:00:21.484000,0 days 00:00:23.908000,0 days 00:00:29.916000,0 days 01:07:27.397000,0 days 01:07:51.305000,0 days 01:08:21.221000,238.0,281.0,280.0,313.0,False,MEDIUM,19.0,True,Ferrari,0 days 01:07:05.878000,,1,4.0,,,False,True
0 days 01:09:36.575000,HAM,44,0 days 00:01:15.389000,20.0,1.0,NaT,NaT,0 days 00:00:21.535000,0 days 00:00:23.925000,0 days 00:00:29.929000,0 days 01:08:42.756000,0 days 01:09:06.681000,0 days 01:09:36.610000,240.0,281.0,284.0,329.0,False,MEDIUM,20.0,True,Ferrari,0 days 01:08:21.186000,,1,4.0,,,False,True
0 days 01:10:52.176000,HAM,44,0 days 00:01:15.601000,21.0,1.0,NaT,NaT,0 days 00:00:21.727000,0 days 00:00:23.846000,0 days 00:00:30.028000,0 days 01:09:58.337000,0 days 01:10:22.183000,0 days 01:10:52.211000,238.0,285.0,274.0,324.0,False,MEDIUM,21.0,True,Ferrari,0 days 01:09:36.575000,,1,4.0,,,False,True
0 days 01:12:09.838000,HAM,44,0 days 00:01:17.662000,22.0,1.0,NaT,NaT,0 days 00:00:22.031000,0 days 00:00:24.045000,0 days 00:00:31.586000,0 days 01:11:14.242000,0 days 01:11:38.287000,0 days 01:12:09.873000,237.0,281.0,276.0,328.0,False,MEDIUM,22.0,True,Ferrari,0 days 01:10:52.176000,,1,6.0,,,False,True
0 days 01:13:26.366000,HAM,44,0 days 00:01:16.528000,23.0,1.0,NaT,NaT,0 days 00:00:22.406000,0 days 00:00:24.215000,0 days 00:00:29.907000,0 days 01:12:32.279000,0 days 01:12:56.494000,0 days 01:13:26.401000,237.0,284.0,282.0,350.0,False,MEDIUM,23.0,True,Ferrari,0 days 01:12:09.838000,,1,6.0,,,False,True
0 days 00:45:49.490000,VER,3,NaT,1.0,1.0,NaT,NaT,NaT,0 days 00:00:25.112000,0 days 00:00:30.363000,NaT,0 days 00:45:19.177000,0 days 00:45:49.696000,247.0,289.0,293.0,328.0,False,MEDIUM,1.0,True,Red Bull Racing,0 days 00:44:24.605000,,1,7.0,,,False,False
0 days 00:47:05.863000,VER,3,0 days 00:01:16.373000,2.0,1.0,NaT,NaT,0 days 00:00:22.284000,0 days 00:00:24.298000,0 days 00:00:29.791000,0 days 00:46:11.789000,0 days 00:46:36.087000,0 days 00:47:05.878000,243.0,287.0,295.0,324.0,True,MEDIUM,2.0,True,Red Bull Racing,0 days 00:45:49.490000,,1,7.0,,,False,True
0 days 00:48:21.700000,VER,3,0 days 00:01:15.837000,3.0,1.0,NaT,NaT,0 days 00:00:21.886000,0 days 00:00:24.187000,0 days 00:00:29.764000,0 days 00:47:27.764000,0 days 00:47:51.951000,0 days 00:48:21.715000,244.0,285.0,292.0,323.0,True,MEDIUM,3.0,True,Red Bull Racing,0 days 00:47:05.863000,,1,7.0,,,False,True
0 days 00:49:37.268000,VER,3,0 days 00:01:15.568000,4.0,1.0,NaT,NaT,0 days 00:00:21.624000,0 days 00:00:24.050000,0 days 00:00:29.894000,0 days 00:48:43.339000,0 days 00:49:07.389000,0 days 00:49:37.283000,242.0,281.0,288.0,314.0,True,MEDIUM,4.0,True,Red Bull Racing,0 days 00:48:21.700000,,1,7.0,,,False,True
0 days 00:50:52.568000,VER,3,0 days 00:01:15.300000,5.0,1.0,NaT,NaT,0 days 00:00:21.573000,0 days 00:00:23.961000,0 days 00:00:29.766000,0 days 00:49:58.856000,0 days 00:50:22.817000,0 days 00:50:52.583000,242.0,280.0,291.0,311.0,True,MEDIUM,5.0,True,Red Bull Racing,0 days 00:49:37.268000,,1,7.0,,,False,True
0 days 00:52:08.004000,VER,3,0 days 00:01:15.436000,6.0,1.0,NaT,NaT,0 days 00:00:21.560000,0 days 00:00:24.028000,0 days 00:00:29.848000,0 days 00:51:14.143000,0 days 00:51:38.171000,0 days 00:52:08.019000,242.0,280.0,289.0,311.0,False,MEDIUM,6.0,True,Red Bull Racing,0 days 00:50:52.568000,,1,7.0,,,False,True
0 days 00:53:23.299000,VER,3,0 days 00:01:15.295000,7.0,1.0,NaT,NaT,0 days 00:00:21.538000,0 days 00:00:23.963000,0 days 00:00:29.794000,0 days 00:52:29.557000,0 days 00:52:53.520000,0 days 00:53:23.314000,241.0,282.0,290.0,314.0,True,MEDIUM,7.0,True,Red Bull Racing,0 days 00:52:08.004000,,1,7.0,,,False,True
0 days 00:54:38.467000,VER,3,0 days 00:01:15.168000,8.0,1.0,NaT,NaT,0 days 00:00:21.596000,0 days 00:00:23.894000,0 days 00:00:29.678000,0 days 00:53:44.910000,0 days 00:54:08.804000,0 days 00:54:38.482000,243.0,283.0,286.0,318.0,True,MEDIUM,8.0,True,Red Bull Racing,0 days 00:53:23.299000,,1,7.0,,,False,True
0 days 00:55:53.787000,VER,3,0 days 00:01:15.320000,9.0,1.0,NaT,NaT,0 days 00:00:21.515000,0 days 00:00:23.867000,0 days 00:00:29.938000,0 days 00:54:59.997000,0 days 00:55:23.864000,0 days 00:55:53.802000,241.0,280.0,289.0,312.0,False,MEDIUM,9.0,True,Red Bull Racing,0 days 00:54:38.467000,,1,7.0,,,False,True
0 days 00:57:08.969000,VER,3,0 days 00:01:15.182000,10.0,1.0,NaT,NaT,0 days 00:00:21.464000,0 days 00:00:23.996000,0 days 00:00:29.722000,0 days 00:56:15.266000,0 days 00:56:39.262000,0 days 00:57:08.984000,243.0,281.0,291.0,313.0,False,MEDIUM,10.0,True,Red Bull Racing,0 days 00:55:53.787000,,1,7.0,,,False,True
0 days 00:58:23.943000,VER,3,0 days 00:01:14.974000,11.0,1.0,NaT,NaT,0 days 00:00:21.403000,0 days 00:00:23.908000,0 days 00:00:29.663000,0 days 00:57:30.387000,0 days 00:57:54.295000,0 days 00:58:23.958000,241.0,283.0,289.0,313.0,True,MEDIUM,11.0,True,Red Bull Racing,0 days 00:57:08.969000,,1,7.0,,,False,True
0 days 00:59:39.216000,VER,3,0 days 00:01:15.273000,12.0,1.0,NaT,NaT,0 days 00:00:21.481000,0 days 00:00:23.953000,0 days 00:00:29.839000,0 days 00:58:45.439000,0 days 00:59:09.392000,0 days 00:59:39.231000,241.0,279.0,289.0,313.0,False,MEDIUM,12.0,True,Red Bull Racing,0 days 00:58:23.943000,,1,7.0,,,False,True
0 days 01:00:54.347000,VER,3,0 days 00:01:15.131000,13.0,1.0,NaT,NaT,0 days 00:00:21.504000,0 days 00:00:23.809000,0 days 00:00:29.818000,0 days 01:00:00.735000,0 days 01:00:24.544000,0 days 01:00:54.362000,243.0,280.0,290.0,311.0,False,MEDIUM,13.0,True,Red Bull Racing,0 days 00:59:39.216000,,1,7.0,,,False,True
0 days 01:02:09.686000,VER,3,0 days 00:01:15.339000,14.0,1.0,NaT,NaT,0 days 00:00:21.370000,0 days 00:00:23.978000,0 days 00:00:29.991000,0 days 01:01:15.732000,0 days 01:01:39.710000,0 days 01:02:09.701000,243.0,268.0,287.0,309.0,False,MEDIUM,14.0,True,Red Bull Racing,0 days 01:00:54.347000,,1,7.0,,,False,True
0 days 01:03:24.840000,VER,3,0 days 00:01:15.154000,15.0,1.0,NaT,NaT,0 days 00:00:21.439000,0 days 00:00:23.875000,0 days 00:00:29.840000,0 days 01:02:31.140000,0 days 01:02:55.015000,0 days 01:03:24.855000,243.0,280.0,291.0,311.0,False,MEDIUM,15.0,True,Red Bull Racing,0 days 01:02:09.686000,,1,7.0,,,False,True
0 days 01:04:39.956000,VER,3,0 days 00:01:15.116000,16.0,1.0,NaT,NaT,0 days 00:00:21.518000,0 days 00:00:23.865000,0 days 00:00:29.733000,0 days 01:03:46.373000,0 days 01:04:10.238000,0 days 01:04:39.971000,244.0,281.0,292.0,312.0,False,MEDIUM,16.0,True,Red Bull Racing,0 days 01:03:24.840000,,1,7.0,,,False,True
0 days 01:05:55.124000,VER,3,0 days 00:01:15.168000,17.0,1.0,NaT,NaT,0 days 00:00:21.372000,0 days 00:00:23.878000,0 days 00:00:29.918000,0 days 01:05:01.343000,0 days 01:05:25.221000,0 days 01:05:55.139000,243.0,283.0,287.0,311.0,False,MEDIUM,17.0,True,Red Bull Racing,0 days 01:04:39.956000,,12,7.0,,,False,True
0 days 01:07:10.654000,VER,3,0 days 00:01:15.530000,18.0,1.0,NaT,NaT,0 days 00:00:21.445000,0 days 00:00:24.115000,0 days 00:00:29.970000,0 days 01:06:16.584000,0 days 01:06:40.699000,0 days 01:07:10.669000,224.0,279.0,288.0,307.0,False,MEDIUM,18.0,True,Red Bull Racing,0 days 01:05:55.124000,,1,7.0,,,False,True
0 days 01:08:26.466000,VER,3,0 days 00:01:15.812000,19.0,1.0,NaT,NaT,0 days 00:00:21.557000,0 days 00:00:24.271000,0 days 00:00:29.984000,0 days 01:07:32.226000,0 days 01:07:56.497000,0 days 01:08:26.481000,231.0,281.0,290.0,307.0,False,MEDIUM,19.0,True,Red Bull Racing,0 days 01:07:10.654000,,1,7.0,,,False,True
0 days 01:09:41.895000,VER,3,0 days 00:01:15.429000,20.0,1.0,NaT,NaT,0 days 00:00:21.443000,0 days 00:00:23.992000,0 days 00:00:29.994000,0 days 01:08:47.924000,0 days 01:09:11.916000,0 days 01:09:41.910000,238.0,280.0,292.0,307.0,False,MEDIUM,20.0,True,Red Bull Racing,0 days 01:08:26.466000,,1,7.0,,,False,True
0 days 01:10:57.165000,VER,3,0 days 00:01:15.270000,21.0,1.0,NaT,NaT,0 days 00:00:21.423000,0 days 00:00:23.886000,0 days 00:00:29.961000,0 days 01:10:03.333000,0 days 01:10:27.219000,0 days 01:10:57.180000,242.0,281.0,290.0,310.0,False,MEDIUM,21.0,True,Red Bull Racing,0 days 01:09:41.895000,,1,7.0,,,False,True
0 days 01:12:15.810000,VER,3,0 days 00:01:18.645000,22.0,1.0,NaT,NaT,0 days 00:00:21.450000,0 days 00:00:26.644000,0 days 00:00:30.551000,0 days 01:11:18.630000,0 days 01:11:45.274000,0 days 01:12:15.825000,244.0,274.0,286.0,306.0,False,MEDIUM,22.0,True,Red Bull Racing,0 days 01:10:57.165000,,1,7.0,,,False,True
0 days 01:13:31.756000,VER,3,0 days 00:01:15.946000,23.0,1.0,NaT,NaT,0 days 00:00:21.726000,0 days 00:00:24,0 days 00:00:30.220000,0 days 01:12:37.551000,0 days 01:13:01.551000,0 days 01:13:31.771000,243.0,281.0,280.0,308.0,False,MEDIUM,23.0,True,Red Bull Racing,0 days 01:12:15.810000,,1,7.0,,,False,True
0 days 00:45:50.466000,LIN,41,NaT,1.0,1.0,NaT,NaT,NaT,0 days 00:00:25.153000,0 days 00:00:30.523000,NaT,0 days 00:45:20.037000,0 days 00:45:50.587000,241.0,295.0,305.0,337.0,False,HARD,1.0,True,Racing Bulls,0 days 00:44:24.605000,,1,9.0,,,False,False
0 days 00:47:07.871000,LIN,41,0 days 00:01:17.405000,2.0,1.0,NaT,NaT,0 days 00:00:22.420000,0 days 00:00:24.577000,0 days 00:00:30.408000,0 days 00:46:12.937000,0 days 00:46:37.514000,0 days 00:47:07.922000,247.0,289.0,294.0,329.0,True,HARD,2.0,True,Racing Bulls,0 days 00:45:50.466000,,1,9.0,,,False,True
0 days 00:48:24.386000,LIN,41,0 days 00:01:16.515000,3.0,1.0,NaT,NaT,0 days 00:00:21.943000,0 days 00:00:24.361000,0 days 00:00:30.211000,0 days 00:47:29.865000,0 days 00:47:54.226000,0 days 00:48:24.437000,245.0,284.0,293.0,319.0,True,HARD,3.0,True,Racing Bulls,0 days 00:47:07.871000,,1,9.0,,,False,True
0 days 00:49:40.243000,LIN,41,0 days 00:01:15.857000,4.0,1.0,NaT,NaT,0 days 00:00:21.783000,0 days 00:00:24.106000,0 days 00:00:29.968000,0 days 00:48:46.220000,0 days 00:49:10.326000,0 days 00:49:40.294000,245.0,282.0,290.0,317.0,True,HARD,4.0,True,Racing Bulls,0 days 00:48:24.386000,,1,9.0,,,False,True
0 days 00:50:56.178000,LIN,41,0 days 00:01:15.935000,5.0,1.0,NaT,NaT,0 days 00:00:21.729000,0 days 00:00:24.166000,0 days 00:00:30.040000,0 days 00:50:02.023000,0 days 00:50:26.189000,0 days 00:50:56.229000,244.0,281.0,288.0,316.0,False,HARD,5.0,True,Racing Bulls,0 days 00:49:40.243000,,1,8.0,,,False,True
0 days 00:52:12.164000,LIN,41,0 days 00:01:15.986000,6.0,1.0,NaT,NaT,0 days 00:00:21.753000,0 days 00:00:24.214000,0 days 00:00:30.019000,0 days 00:51:17.982000,0 days 00:51:42.196000,0 days 00:52:12.215000,246.0,282.0,289.0,312.0,False,HARD,6.0,True,Racing Bulls,0 days 00:50:56.178000,,1,8.0,,,False,True
0 days 00:53:27.885000,LIN,41,0 days 00:01:15.721000,7.0,1.0,NaT,NaT,0 days 00:00:21.654000,0 days 00:00:24.047000,0 days 00:00:30.020000,0 days 00:52:33.869000,0 days 00:52:57.916000,0 days 00:53:27.936000,246.0,281.0,290.0,313.0,True,HARD,7.0,True,Racing Bulls,0 days 00:52:12.164000,,1,8.0,,,False,True
0 days 00:54:43.810000,LIN,41,0 days 00:01:15.925000,8.0,1.0,NaT,NaT,0 days 00:00:21.609000,0 days 00:00:24.146000,0 days 00:00:30.170000,0 days 00:53:49.545000,0 days 00:54:13.691000,0 days 00:54:43.861000,246.0,281.0,290.0,310.0,False,HARD,8.0,True,Racing Bulls,0 days 00:53:27.885000,,1,8.0,,,False,True
0 days 00:55:59.666000,LIN,41,0 days 00:01:15.856000,9.0,1.0,NaT,NaT,0 days 00:00:21.600000,0 days 00:00:24.174000,0 days 00:00:30.082000,0 days 00:55:05.461000,0 days 00:55:29.635000,0 days 00:55:59.717000,246.0,280.0,288.0,312.0,False,HARD,9.0,True,Racing Bulls,0 days 00:54:43.810000,,1,8.0,,,False,True
0 days 00:57:15.676000,LIN,41,0 days 00:01:16.010000,10.0,1.0,NaT,NaT,0 days 00:00:21.612000,0 days 00:00:24.237000,0 days 00:00:30.161000,0 days 00:56:21.329000,0 days 00:56:45.566000,0 days 00:57:15.727000,245.0,280.0,288.0,310.0,False,HARD,10.0,True,Racing Bulls,0 days 00:55:59.666000,,1,8.0,,,False,True
0 days 00:58:31.649000,LIN,41,0 days 00:01:15.973000,11.0,1.0,NaT,NaT,0 days 00:00:21.644000,0 days 00:00:24.156000,0 days 00:00:30.173000,0 days 00:57:37.371000,0 days 00:58:01.527000,0 days 00:58:31.700000,244.0,280.0,289.0,311.0,False,HARD,11.0,True,Racing Bulls,0 days 00:57:15.676000,,1,8.0,,,False,True
0 days 00:59:47.732000,LIN,41,0 days 00:01:16.083000,12.0,1.0,NaT,NaT,0 days 00:00:21.625000,0 days 00:00:24.263000,0 days 00:00:30.195000,0 days 00:58:53.325000,0 days 00:59:17.588000,0 days 00:59:47.783000,244.0,278.0,287.0,309.0,False,HARD,12.0,True,Racing Bulls,0 days 00:58:31.649000,,1,8.0,,,False,True
0 days 01:01:03.684000,LIN,41,0 days 00:01:15.952000,13.0,1.0,NaT,NaT,0 days 00:00:21.671000,0 days 00:00:24.219000,0 days 00:00:30.062000,0 days 01:00:09.454000,0 days 01:00:33.673000,0 days 01:01:03.735000,244.0,281.0,289.0,315.0,False,HARD,13.0,True,Racing Bulls,0 days 00:59:47.732000,,1,8.0,,,False,True
0 days 01:02:19.337000,LIN,41,0 days 00:01:15.653000,14.0,1.0,NaT,NaT,0 days 00:00:21.634000,0 days 00:00:24.016000,0 days 00:00:30.003000,0 days 01:01:25.369000,0 days 01:01:49.385000,0 days 01:02:19.388000,245.0,281.0,288.0,316.0,True,HARD,14.0,True,Racing Bulls,0 days 01:01:03.684000,,1,8.0,,,False,True
0 days 01:03:35.086000,LIN,41,0 days 00:01:15.749000,15.0,1.0,NaT,NaT,0 days 00:00:21.578000,0 days 00:00:24.059000,0 days 00:00:30.112000,0 days 01:02:40.966000,0 days 01:03:05.025000,0 days 01:03:35.137000,246.0,283.0,291.0,315.0,False,HARD,15.0,True,Racing Bulls,0 days 01:02:19.337000,,1,8.0,,,False,True
0 days 01:04:51.051000,LIN,41,0 days 00:01:15.965000,16.0,1.0,NaT,NaT,0 days 00:00:21.615000,0 days 00:00:24.181000,0 days 00:00:30.169000,0 days 01:03:56.752000,0 days 01:04:20.933000,0 days 01:04:51.102000,246.0,281.0,289.0,314.0,False,HARD,16.0,True,Racing Bulls,0 days 01:03:35.086000,,12,8.0,,,False,True
0 days 01:06:07.224000,LIN,41,0 days 00:01:16.173000,17.0,1.0,NaT,NaT,0 days 00:00:21.709000,0 days 00:00:24.192000,0 days 00:00:30.272000,0 days 01:05:12.811000,0 days 01:05:37.003000,0 days 01:06:07.275000,244.0,281.0,289.0,313.0,False,HARD,17.0,True,Racing Bulls,0 days 01:04:51.051000,,21,8.0,,,False,True
0 days 01:07:23.364000,LIN,41,0 days 00:01:16.140000,18.0,1.0,NaT,NaT,0 days 00:00:21.723000,0 days 00:00:24.171000,0 days 00:00:30.246000,0 days 01:06:28.998000,0 days 01:06:53.169000,0 days 01:07:23.415000,243.0,281.0,289.0,310.0,False,HARD,18.0,True,Racing Bulls,0 days 01:06:07.224000,,1,8.0,,,False,True
0 days 01:08:39.583000,LIN,41,0 days 00:01:16.219000,19.0,1.0,NaT,NaT,0 days 00:00:21.768000,0 days 00:00:24.204000,0 days 00:00:30.247000,0 days 01:07:45.183000,0 days 01:08:09.387000,0 days 01:08:39.634000,245.0,282.0,289.0,312.0,False,HARD,19.0,True,Racing Bulls,0 days 01:07:23.364000,,1,8.0,,,False,True
0 days 01:09:56.076000,LIN,41,0 days 00:01:16.493000,20.0,1.0,NaT,NaT,0 days 00:00:21.735000,0 days 00:00:24.408000,0 days 00:00:30.350000,0 days 01:09:01.369000,0 days 01:09:25.777000,0 days 01:09:56.127000,246.0,280.0,290.0,308.0,False,HARD,20.0,True,Racing Bulls,0 days 01:08:39.583000,,1,8.0,,,False,True
0 days 01:11:12.575000,LIN,41,0 days 00:01:16.499000,21.0,1.0,NaT,NaT,0 days 00:00:21.826000,0 days 00:00:24.279000,0 days 00:00:30.394000,0 days 01:10:17.953000,0 days 01:10:42.232000,0 days 01:11:12.626000,244.0,281.0,287.0,311.0,False,HARD,21.0,True,Racing Bulls,0 days 01:09:56.076000,,1,8.0,,,False,True
0 days 01:12:28.997000,LIN,41,0 days 00:01:16.422000,22.0,1.0,NaT,NaT,0 days 00:00:21.765000,0 days 00:00:24.309000,0 days 00:00:30.348000,0 days 01:11:34.391000,0 days 01:11:58.700000,0 days 01:12:29.048000,244.0,281.0,288.0,313.0,False,HARD,22.0,True,Racing Bulls,0 days 01:11:12.575000,,1,8.0,,,False,True
0 days 01:13:45.531000,LIN,41,0 days 00:01:16.534000,23.0,1.0,NaT,NaT,0 days 00:00:21.812000,0 days 00:00:24.282000,0 days 00:00:30.440000,0 days 01:12:50.860000,0 days 01:13:15.142000,0 days 01:13:45.582000,245.0,281.0,289.0,313.0,False,HARD,23.0,True,Racing Bulls,0 days 01:12:28.997000,,1,8.0,,,False,True
0 days 00:45:52.803000,COL,43,NaT,1.0,1.0,NaT,NaT,NaT,0 days 00:00:25.900000,0 days 00:00:30.695000,NaT,0 days 00:45:22.290000,0 days 00:45:52.946000,228.0,283.0,289.0,327.0,False,MEDIUM,9.0,False,Alpine,0 days 00:44:24.605000,,1,11.0,,,False,False
0 days 00:47:10.595000,COL,43,0 days 00:01:17.792000,2.0,1.0,NaT,NaT,0 days 00:00:22.461000,0 days 00:00:24.772000,0 days 00:00:30.559000,0 days 00:46:15.308000,0 days 00:46:40.080000,0 days 00:47:10.639000,241.0,287.0,287.0,325.0,True,MEDIUM,10.0,False,Alpine,0 days 00:45:52.803000,,1,11.0,,,False,True
0 days 00:48:27.210000,COL,43,0 days 00:01:16.615000,3.0,1.0,NaT,NaT,0 days 00:00:22.025000,0 days 00:00:24.404000,0 days 00:00:30.186000,0 days 00:47:32.664000,0 days 00:47:57.068000,0 days 00:48:27.254000,243.0,286.0,291.0,322.0,True,MEDIUM,11.0,False,Alpine,0 days 00:47:10.595000,,1,11.0,,,False,True
0 days 00:49:43.143000,COL,43,0 days 00:01:15.933000,4.0,1.0,NaT,NaT,0 days 00:00:21.653000,0 days 00:00:24.280000,0 days 00:00:30,0 days 00:48:48.907000,0 days 00:49:13.187000,0 days 00:49:43.187000,244.0,286.0,282.0,323.0,True,MEDIUM,12.0,False,Alpine,0 days 00:48:27.210000,,1,11.0,,,False,True
0 days 00:50:58.939000,COL,43,0 days 00:01:15.796000,5.0,1.0,NaT,NaT,0 days 00:00:21.713000,0 days 00:00:24.100000,0 days 00:00:29.983000,0 days 00:50:04.900000,0 days 00:50:29,0 days 00:50:58.983000,244.0,287.0,288.0,330.0,True,MEDIUM,13.0,False,Alpine,0 days 00:49:43.143000,,1,10.0,,,False,True
0 days 00:52:15.545000,COL,43,0 days 00:01:16.606000,6.0,1.0,NaT,NaT,0 days 00:00:22.017000,0 days 00:00:24.220000,0 days 00:00:30.369000,0 days 00:51:21,0 days 00:51:45.220000,0 days 00:52:15.589000,242.0,295.0,277.0,349.0,False,MEDIUM,14.0,False,Alpine,0 days 00:50:58.939000,,1,10.0,,,False,True
0 days 00:53:32.058000,COL,43,0 days 00:01:16.513000,7.0,1.0,NaT,NaT,0 days 00:00:22.329000,0 days 00:00:24.181000,0 days 00:00:30.003000,0 days 00:52:37.918000,0 days 00:53:02.099000,0 days 00:53:32.102000,244.0,294.0,266.0,338.0,False,MEDIUM,15.0,False,Alpine,0 days 00:52:15.545000,,1,9.0,,,False,True
0 days 00:54:48.440000,COL,43,0 days 00:01:16.382000,8.0,1.0,NaT,NaT,0 days 00:00:21.884000,0 days 00:00:24.169000,0 days 00:00:30.329000,0 days 00:53:53.986000,0 days 00:54:18.155000,0 days 00:54:48.484000,242.0,285.0,272.0,313.0,False,MEDIUM,16.0,False,Alpine,0 days 00:53:32.058000,,1,9.0,,,False,True
0 days 00:56:04.361000,COL,43,0 days 00:01:15.921000,9.0,1.0,NaT,NaT,0 days 00:00:21.679000,0 days 00:00:24.109000,0 days 00:00:30.133000,0 days 00:55:10.163000,0 days 00:55:34.272000,0 days 00:56:04.405000,242.0,284.0,274.0,312.0,False,MEDIUM,17.0,False,Alpine,0 days 00:54:48.440000,,1,9.0,,,False,True
0 days 00:57:20.066000,COL,43,0 days 00:01:15.705000,10.0,1.0,NaT,NaT,0 days 00:00:21.464000,0 days 00:00:24.175000,0 days 00:00:30.066000,0 days 00:56:25.869000,0 days 00:56:50.044000,0 days 00:57:20.110000,243.0,283.0,277.0,314.0,True,MEDIUM,18.0,False,Alpine,0 days 00:56:04.361000,,1,9.0,,,False,True
0 days 00:58:35.739000,COL,43,0 days 00:01:15.673000,11.0,1.0,NaT,NaT,0 days 00:00:21.533000,0 days 00:00:24.083000,0 days 00:00:30.057000,0 days 00:57:41.643000,0 days 00:58:05.726000,0 days 00:58:35.783000,243.0,284.0,280.0,315.0,True,MEDIUM,19.0,False,Alpine,0 days 00:57:20.066000,,1,9.0,,,False,True
0 days 00:59:51.217000,COL,43,0 days 00:01:15.478000,12.0,1.0,NaT,NaT,0 days 00:00:21.466000,0 days 00:00:24,0 days 00:00:30.012000,0 days 00:58:57.249000,0 days 00:59:21.249000,0 days 00:59:51.261000,243.0,284.0,286.0,314.0,True,MEDIUM,20.0,False,Alpine,0 days 00:58:35.739000,,1,9.0,,,False,True
0 days 01:01:06.706000,COL,43,0 days 00:01:15.489000,13.0,1.0,NaT,NaT,0 days 00:00:21.466000,0 days 00:00:24.100000,0 days 00:00:29.923000,NaT,0 days 01:00:36.827000,0 days 01:01:06.750000,242.0,285.0,283.0,317.0,False,MEDIUM,21.0,False,Alpine,0 days 00:59:51.217000,,1,9.0,,,False,True
0 days 01:02:22.335000,COL,43,0 days 00:01:15.629000,14.0,1.0,NaT,NaT,0 days 00:00:21.641000,0 days 00:00:24.019000,0 days 00:00:29.969000,0 days 01:01:28.391000,0 days 01:01:52.410000,0 days 01:02:22.379000,244.0,285.0,284.0,318.0,False,MEDIUM,22.0,False,Alpine,0 days 01:01:06.706000,,1,9.0,,,False,True
0 days 01:03:38.372000,COL,43,0 days 00:01:16.037000,15.0,1.0,NaT,NaT,0 days 00:00:21.913000,0 days 00:00:24.217000,0 days 00:00:29.907000,0 days 01:02:44.292000,0 days 01:03:08.509000,0 days 01:03:38.416000,241.0,286.0,283.0,318.0,False,MEDIUM,23.0,False,Alpine,0 days 01:02:22.335000,,1,9.0,,,False,True
0 days 01:04:54.232000,COL,43,0 days 00:01:15.860000,16.0,1.0,NaT,NaT,0 days 00:00:21.619000,0 days 00:00:24.169000,0 days 00:00:30.072000,0 days 01:04:00.035000,0 days 01:04:24.204000,0 days 01:04:54.276000,243.0,287.0,286.0,317.0,False,MEDIUM,24.0,False,Alpine,0 days 01:03:38.372000,,12,9.0,,,False,True
0 days 01:06:10.220000,COL,43,0 days 00:01:15.988000,17.0,1.0,NaT,NaT,0 days 00:00:21.707000,0 days 00:00:24.019000,0 days 00:00:30.262000,0 days 01:05:15.983000,0 days 01:05:40.002000,0 days 01:06:10.264000,243.0,284.0,287.0,315.0,False,MEDIUM,25.0,False,Alpine,0 days 01:04:54.232000,,1,9.0,,,False,True
0 days 01:07:26.736000,COL,43,0 days 00:01:16.516000,18.0,1.0,NaT,NaT,0 days 00:00:22.326000,0 days 00:00:24.119000,0 days 00:00:30.071000,0 days 01:06:32.590000,0 days 01:06:56.709000,0 days 01:07:26.780000,235.0,285.0,283.0,314.0,False,MEDIUM,26.0,False,Alpine,0 days 01:06:10.220000,,1,9.0,,,False,True
0 days 01:08:43.014000,COL,43,0 days 00:01:16.278000,19.0,1.0,NaT,NaT,0 days 00:00:21.649000,0 days 00:00:24.456000,0 days 00:00:30.173000,0 days 01:07:48.429000,0 days 01:08:12.885000,0 days 01:08:43.058000,244.0,283.0,289.0,314.0,False,MEDIUM,27.0,False,Alpine,0 days 01:07:26.736000,,1,9.0,,,False,True
0 days 01:09:59.119000,COL,43,0 days 00:01:16.105000,20.0,1.0,NaT,NaT,0 days 00:00:21.832000,0 days 00:00:24.204000,0 days 00:00:30.069000,0 days 01:09:04.890000,0 days 01:09:29.094000,0 days 01:09:59.163000,245.0,284.0,283.0,316.0,False,MEDIUM,28.0,False,Alpine,0 days 01:08:43.014000,,1,9.0,,,False,True
0 days 01:11:15.215000,COL,43,0 days 00:01:16.096000,21.0,1.0,NaT,NaT,0 days 00:00:21.799000,0 days 00:00:24.105000,0 days 00:00:30.192000,0 days 01:10:20.962000,0 days 01:10:45.067000,0 days 01:11:15.259000,243.0,282.0,289.0,317.0,False,MEDIUM,29.0,False,Alpine,0 days 01:09:59.119000,,1,9.0,,,False,True
0 days 01:12:31.334000,COL,43,0 days 00:01:16.119000,22.0,1.0,NaT,NaT,0 days 00:00:21.740000,0 days 00:00:24.223000,0 days 00:00:30.156000,0 days 01:11:36.999000,0 days 01:12:01.222000,0 days 01:12:31.378000,244.0,285.0,276.0,332.0,False,MEDIUM,30.0,False,Alpine,0 days 01:11:15.215000,,1,9.0,,,False,True
0 days 01:13:47.442000,COL,43,0 days 00:01:16.108000,23.0,1.0,NaT,NaT,0 days 00:00:21.758000,0 days 00:00:24.258000,0 days 00:00:30.092000,0 days 01:12:53.136000,0 days 01:13:17.394000,0 days 01:13:47.486000,244.0,286.0,276.0,333.0,False,MEDIUM,31.0,False,Alpine,0 days 01:12:31.334000,,1,9.0,,,False,True
0 days 00:45:51.265000,SAI,55,NaT,1.0,1.0,NaT,NaT,NaT,0 days 00:00:25.472000,0 days 00:00:30.474000,NaT,0 days 00:45:20.912000,0 days 00:45:51.391000,232.0,295.0,295.0,334.0,False,MEDIUM,1.0,True,Williams,0 days 00:44:24.605000,,1,10.0,,,False,False
0 days 00:47:08.643000,SAI,55,0 days 00:01:17.378000,2.0,1.0,NaT,NaT,0 days 00:00:22.557000,0 days 00:00:24.658000,0 days 00:00:30.163000,0 days 00:46:13.857000,0 days 00:46:38.515000,0 days 00:47:08.678000,240.0,292.0,292.0,331.0,True,MEDIUM,2.0,True,Williams,0 days 00:45:51.265000,,1,10.0,,,False,True
0 days 00:48:25.509000,SAI,55,0 days 00:01:16.866000,3.0,1.0,NaT,NaT,0 days 00:00:22.195000,0 days 00:00:24.457000,0 days 00:00:30.214000,0 days 00:47:30.873000,0 days 00:47:55.330000,0 days 00:48:25.544000,244.0,290.0,286.0,326.0,True,MEDIUM,3.0,True,Williams,0 days 00:47:08.643000,,1,10.0,,,False,True
0 days 00:49:42.015000,SAI,55,0 days 00:01:16.506000,4.0,1.0,NaT,NaT,0 days 00:00:21.972000,0 days 00:00:24.296000,0 days 00:00:30.238000,0 days 00:48:47.516000,0 days 00:49:11.812000,0 days 00:49:42.050000,242.0,289.0,277.0,324.0,True,MEDIUM,4.0,True,Williams,0 days 00:48:25.509000,,1,10.0,,,False,True
0 days 00:50:58.474000,SAI,55,0 days 00:01:16.459000,5.0,1.0,NaT,NaT,0 days 00:00:22.019000,0 days 00:00:24.279000,0 days 00:00:30.161000,0 days 00:50:04.069000,0 days 00:50:28.348000,0 days 00:50:58.509000,238.0,283.0,278.0,314.0,True,MEDIUM,5.0,True,Williams,0 days 00:49:42.015000,,1,9.0,,,False,True
0 days 00:52:15.174000,SAI,55,0 days 00:01:16.700000,6.0,1.0,NaT,NaT,0 days 00:00:21.957000,0 days 00:00:24.183000,0 days 00:00:30.560000,0 days 00:51:20.466000,0 days 00:51:44.649000,0 days 00:52:15.209000,242.0,284.0,268.0,326.0,False,MEDIUM,6.0,True,Williams,0 days 00:50:58.474000,,1,9.0,,,False,True
0 days 00:53:32.421000,SAI,55,0 days 00:01:17.247000,7.0,1.0,NaT,NaT,0 days 00:00:22.232000,0 days 00:00:24.141000,0 days 00:00:30.874000,0 days 00:52:37.441000,0 days 00:53:01.582000,0 days 00:53:32.456000,241.0,284.0,294.0,315.0,False,MEDIUM,7.0,True,Williams,0 days 00:52:15.174000,,1,10.0,,,False,True
0 days 00:54:49.237000,SAI,55,0 days 00:01:16.816000,8.0,1.0,NaT,NaT,0 days 00:00:22.311000,0 days 00:00:24.405000,0 days 00:00:30.100000,0 days 00:53:54.767000,0 days 00:54:19.172000,0 days 00:54:49.272000,241.0,288.0,282.0,323.0,False,MEDIUM,8.0,True,Williams,0 days 00:53:32.421000,,1,10.0,,,False,True
0 days 00:56:05.371000,SAI,55,0 days 00:01:16.134000,9.0,1.0,NaT,NaT,0 days 00:00:21.923000,0 days 00:00:24.154000,0 days 00:00:30.057000,0 days 00:55:11.195000,0 days 00:55:35.349000,0 days 00:56:05.406000,241.0,289.0,281.0,325.0,True,MEDIUM,9.0,True,Williams,0 days 00:54:49.237000,,1,10.0,,,False,True
0 days 00:57:21.417000,SAI,55,0 days 00:01:16.046000,10.0,1.0,NaT,NaT,0 days 00:00:21.772000,0 days 00:00:24.237000,0 days 00:00:30.037000,0 days 00:56:27.178000,0 days 00:56:51.415000,0 days 00:57:21.452000,242.0,287.0,284.0,322.0,True,MEDIUM,10.0,True,Williams,0 days 00:56:05.371000,,1,10.0,,,False,True
0 days 00:58:37.763000,SAI,55,0 days 00:01:16.346000,11.0,1.0,NaT,NaT,0 days 00:00:21.855000,0 days 00:00:24.385000,0 days 00:00:30.106000,0 days 00:57:43.307000,0 days 00:58:07.692000,0 days 00:58:37.798000,239.0,284.0,281.0,315.0,False,MEDIUM,11.0,True,Williams,0 days 00:57:21.417000,,1,10.0,,,False,True
0 days 00:59:54.193000,SAI,55,0 days 00:01:16.430000,12.0,1.0,NaT,NaT,0 days 00:00:21.828000,0 days 00:00:24.234000,0 days 00:00:30.368000,0 days 00:58:59.626000,0 days 00:59:23.860000,0 days 00:59:54.228000,240.0,285.0,285.0,313.0,False,MEDIUM,12.0,True,Williams,0 days 00:58:37.763000,,1,10.0,,,False,True
0 days 01:01:10.553000,SAI,55,0 days 00:01:16.360000,13.0,1.0,NaT,NaT,0 days 00:00:21.969000,0 days 00:00:24.203000,0 days 00:00:30.188000,0 days 01:00:16.197000,0 days 01:00:40.400000,0 days 01:01:10.588000,239.0,284.0,282.0,313.0,False,MEDIUM,13.0,True,Williams,0 days 00:59:54.193000,,1,10.0,,,False,True
0 days 01:02:26.991000,SAI,55,0 days 00:01:16.438000,14.0,1.0,NaT,NaT,0 days 00:00:21.750000,0 days 00:00:24.112000,0 days 00:00:30.576000,0 days 01:01:32.338000,0 days 01:01:56.450000,0 days 01:02:27.026000,241.0,284.0,286.0,313.0,False,MEDIUM,14.0,True,Williams,0 days 01:01:10.553000,,1,10.0,,,False,True
0 days 01:03:43.558000,SAI,55,0 days 00:01:16.567000,15.0,1.0,NaT,NaT,0 days 00:00:21.841000,0 days 00:00:24.277000,0 days 00:00:30.449000,0 days 01:02:48.867000,0 days 01:03:13.144000,0 days 01:03:43.593000,241.0,284.0,281.0,313.0,False,MEDIUM,15.0,True,Williams,0 days 01:02:26.991000,,1,10.0,,,False,True
0 days 01:04:59.637000,SAI,55,0 days 00:01:16.079000,16.0,1.0,NaT,NaT,0 days 00:00:21.769000,0 days 00:00:24.162000,0 days 00:00:30.148000,0 days 01:04:05.362000,0 days 01:04:29.524000,0 days 01:04:59.672000,241.0,283.0,276.0,313.0,False,MEDIUM,16.0,True,Williams,0 days 01:03:43.558000,,12,10.0,,,False,True
0 days 01:06:15.580000,SAI,55,0 days 00:01:15.943000,17.0,1.0,NaT,NaT,0 days 00:00:21.709000,0 days 00:00:24.119000,0 days 00:00:30.115000,0 days 01:05:21.381000,0 days 01:05:45.500000,0 days 01:06:15.615000,240.0,284.0,282.0,312.0,True,MEDIUM,17.0,True,Williams,0 days 01:04:59.637000,,1,10.0,,,False,True
0 days 01:07:31.561000,SAI,55,0 days 00:01:15.981000,18.0,1.0,NaT,NaT,0 days 00:00:21.719000,0 days 00:00:24.089000,0 days 00:00:30.173000,0 days 01:06:37.334000,0 days 01:07:01.423000,0 days 01:07:31.596000,240.0,284.0,283.0,309.0,False,MEDIUM,18.0,True,Williams,0 days 01:06:15.580000,,1,10.0,,,False,True
0 days 01:08:47.602000,SAI,55,0 days 00:01:16.041000,19.0,1.0,NaT,NaT,0 days 00:00:21.700000,0 days 00:00:24.121000,0 days 00:00:30.220000,0 days 01:07:53.296000,0 days 01:08:17.417000,0 days 01:08:47.637000,242.0,285.0,284.0,312.0,False,MEDIUM,19.0,True,Williams,0 days 01:07:31.561000,,1,10.0,,,False,True
0 days 01:10:04.045000,SAI,55,0 days 00:01:16.443000,20.0,1.0,NaT,NaT,0 days 00:00:21.740000,0 days 00:00:24.477000,0 days 00:00:30.226000,0 days 01:09:09.377000,0 days 01:09:33.854000,0 days 01:10:04.080000,241.0,282.0,286.0,313.0,False,MEDIUM,20.0,True,Williams,0 days 01:08:47.602000,,1,10.0,,,False,True
0 days 01:11:19.990000,SAI,55,0 days 00:01:15.945000,21.0,1.0,NaT,NaT,0 days 00:00:21.730000,0 days 00:00:24.114000,0 days 00:00:30.101000,0 days 01:10:25.810000,0 days 01:10:49.924000,0 days 01:11:20.025000,242.0,284.0,281.0,311.0,False,MEDIUM,21.0,True,Williams,0 days 01:10:04.045000,,1,10.0,,,False,True
0 days 01:12:36.605000,SAI,55,0 days 00:01:16.615000,22.0,1.0,NaT,NaT,0 days 00:00:21.829000,0 days 00:00:24.113000,0 days 00:00:30.673000,0 days 01:11:41.854000,0 days 01:12:05.967000,0 days 01:12:36.640000,242.0,284.0,282.0,314.0,False,MEDIUM,22.0,True,Williams,0 days 01:11:19.990000,,1,10.0,,,False,True
0 days 01:13:52.614000,SAI,55,0 days 00:01:16.009000,23.0,1.0,NaT,NaT,0 days 00:00:21.763000,0 days 00:00:24.143000,0 days 00:00:30.103000,0 days 01:12:58.403000,0 days 01:13:22.546000,0 days 01:13:52.649000,244.0,287.0,287.0,318.0,False,MEDIUM,23.0,True,Williams,0 days 01:12:36.605000,,1,10.0,,,False,True
0 days 00:45:56.796000,LAW,30,NaT,1.0,1.0,NaT,NaT,NaT,0 days 00:00:26.927000,0 days 00:00:32.241000,NaT,0 days 00:45:24.681000,0 days 00:45:56.987000,210.0,295.0,307.0,337.0,False,MEDIUM,1.0,True,Racing Bulls,0 days 00:44:24.605000,,1,17.0,,,False,False
0 days 00:47:16.207000,LAW,30,0 days 00:01:19.411000,2.0,1.0,NaT,NaT,0 days 00:00:23.262000,0 days 00:00:25.399000,0 days 00:00:30.750000,0 days 00:46:20.066000,0 days 00:46:45.465000,0 days 00:47:16.215000,237.0,288.0,290.0,334.0,True,MEDIUM,2.0,True,Racing Bulls,0 days 00:45:56.796000,,1,16.0,,,False,True
0 days 00:48:33.995000,LAW,30,0 days 00:01:17.788000,3.0,1.0,NaT,NaT,0 days 00:00:22.611000,0 days 00:00:24.925000,0 days 00:00:30.252000,0 days 00:47:38.826000,0 days 00:48:03.751000,0 days 00:48:34.003000,246.0,289.0,298.0,329.0,True,MEDIUM,3.0,True,Racing Bulls,0 days 00:47:16.207000,,1,16.0,,,False,True
0 days 00:49:51.486000,LAW,30,0 days 00:01:17.491000,4.0,1.0,NaT,NaT,0 days 00:00:22.746000,0 days 00:00:24.767000,0 days 00:00:29.978000,0 days 00:48:56.749000,0 days 00:49:21.516000,0 days 00:49:51.494000,246.0,291.0,293.0,336.0,True,MEDIUM,4.0,True,Racing Bulls,0 days 00:48:33.995000,,1,15.0,,,False,True
0 days 00:51:08.266000,LAW,30,0 days 00:01:16.780000,5.0,1.0,NaT,NaT,0 days 00:00:21.965000,0 days 00:00:24.450000,0 days 00:00:30.365000,0 days 00:50:13.459000,0 days 00:50:37.909000,0 days 00:51:08.274000,241.0,284.0,289.0,327.0,True,MEDIUM,5.0,True,Racing Bulls,0 days 00:49:51.486000,,1,14.0,,,False,True
0 days 00:52:24.523000,LAW,30,0 days 00:01:16.257000,6.0,1.0,NaT,NaT,0 days 00:00:21.849000,0 days 00:00:24.279000,0 days 00:00:30.129000,0 days 00:51:30.123000,0 days 00:51:54.402000,0 days 00:52:24.531000,246.0,289.0,299.0,332.0,True,MEDIUM,6.0,True,Racing Bulls,0 days 00:51:08.266000,,1,14.0,,,False,True
0 days 00:53:41.256000,LAW,30,0 days 00:01:16.733000,7.0,1.0,NaT,NaT,0 days 00:00:22.368000,0 days 00:00:24.457000,0 days 00:00:29.908000,0 days 00:52:46.899000,0 days 00:53:11.356000,0 days 00:53:41.264000,244.0,286.0,296.0,332.0,False,MEDIUM,7.0,True,Racing Bulls,0 days 00:52:24.523000,,1,14.0,,,False,True
0 days 00:54:57.999000,LAW,30,0 days 00:01:16.743000,8.0,1.0,NaT,NaT,0 days 00:00:22.118000,0 days 00:00:24.356000,0 days 00:00:30.269000,0 days 00:54:03.382000,0 days 00:54:27.738000,0 days 00:54:58.007000,247.0,292.0,295.0,339.0,False,MEDIUM,8.0,True,Racing Bulls,0 days 00:53:41.256000,,1,14.0,,,False,True
0 days 00:56:14.371000,LAW,30,0 days 00:01:16.372000,9.0,1.0,NaT,NaT,0 days 00:00:21.997000,0 days 00:00:24.385000,0 days 00:00:29.990000,0 days 00:55:20.004000,0 days 00:55:44.389000,0 days 00:56:14.379000,246.0,288.0,298.0,337.0,False,MEDIUM,9.0,True,Racing Bulls,0 days 00:54:57.999000,,1,14.0,,,False,True
0 days 00:57:31.342000,LAW,30,0 days 00:01:16.971000,10.0,1.0,NaT,NaT,0 days 00:00:22.154000,0 days 00:00:24.677000,0 days 00:00:30.140000,0 days 00:56:36.533000,0 days 00:57:01.210000,0 days 00:57:31.350000,246.0,290.0,297.0,339.0,False,MEDIUM,10.0,True,Racing Bulls,0 days 00:56:14.371000,,1,14.0,,,False,True
0 days 00:58:48.526000,LAW,30,0 days 00:01:17.184000,11.0,1.0,NaT,NaT,0 days 00:00:22.325000,0 days 00:00:24.687000,0 days 00:00:30.172000,0 days 00:57:53.675000,0 days 00:58:18.362000,0 days 00:58:48.534000,245.0,290.0,299.0,353.0,False,MEDIUM,11.0,True,Racing Bulls,0 days 00:57:31.342000,,1,14.0,,,False,True
0 days 01:00:06.076000,LAW,30,0 days 00:01:17.550000,12.0,1.0,NaT,NaT,0 days 00:00:22.488000,0 days 00:00:24.628000,0 days 00:00:30.434000,0 days 00:59:11.022000,0 days 00:59:35.650000,0 days 01:00:06.084000,244.0,289.0,295.0,330.0,False,MEDIUM,12.0,True,Racing Bulls,0 days 00:58:48.526000,,1,14.0,,,False,True
0 days 01:01:22.884000,LAW,30,0 days 00:01:16.808000,13.0,1.0,NaT,NaT,0 days 00:00:22.068000,0 days 00:00:24.517000,0 days 00:00:30.223000,0 days 01:00:28.152000,0 days 01:00:52.669000,0 days 01:01:22.892000,246.0,291.0,301.0,347.0,False,MEDIUM,13.0,True,Racing Bulls,0 days 01:00:06.076000,,1,14.0,,,False,True
0 days 01:02:39.498000,LAW,30,0 days 00:01:16.614000,14.0,1.0,NaT,NaT,0 days 00:00:22.067000,0 days 00:00:24.568000,0 days 00:00:29.979000,0 days 01:01:44.959000,0 days 01:02:09.527000,0 days 01:02:39.506000,244.0,286.0,295.0,328.0,False,MEDIUM,14.0,True,Racing Bulls,0 days 01:01:22.884000,,1,13.0,,,False,True
0 days 01:03:56.172000,LAW,30,0 days 00:01:16.674000,15.0,1.0,NaT,NaT,0 days 00:00:21.999000,0 days 00:00:24.534000,0 days 00:00:30.141000,0 days 01:03:01.505000,0 days 01:03:26.039000,0 days 01:03:56.180000,246.0,289.0,299.0,331.0,False,MEDIUM,15.0,True,Racing Bulls,0 days 01:02:39.498000,,1,13.0,,,False,True
0 days 01:05:13.361000,LAW,30,0 days 00:01:17.189000,16.0,1.0,NaT,NaT,0 days 00:00:22.292000,0 days 00:00:24.656000,0 days 00:00:30.241000,0 days 01:04:18.472000,0 days 01:04:43.128000,0 days 01:05:13.369000,247.0,291.0,297.0,331.0,False,MEDIUM,16.0,True,Racing Bulls,0 days 01:03:56.172000,,12,13.0,,,False,True
0 days 01:06:30.423000,LAW,30,0 days 00:01:17.062000,17.0,1.0,NaT,NaT,0 days 00:00:22.212000,0 days 00:00:24.700000,0 days 00:00:30.150000,0 days 01:05:35.581000,0 days 01:06:00.281000,0 days 01:06:30.431000,245.0,291.0,299.0,327.0,False,MEDIUM,17.0,True,Racing Bulls,0 days 01:05:13.361000,,1,13.0,,,False,True
0 days 01:07:47.938000,LAW,30,0 days 00:01:17.515000,18.0,1.0,NaT,NaT,0 days 00:00:22.492000,0 days 00:00:24.477000,0 days 00:00:30.546000,0 days 01:06:52.923000,0 days 01:07:17.400000,0 days 01:07:47.946000,244.0,290.0,299.0,335.0,False,MEDIUM,18.0,True,Racing Bulls,0 days 01:06:30.423000,,1,13.0,,,False,True
0 days 01:09:05.526000,LAW,30,0 days 00:01:17.588000,19.0,1.0,NaT,NaT,0 days 00:00:22.408000,0 days 00:00:24.691000,0 days 00:00:30.489000,0 days 01:08:10.354000,0 days 01:08:35.045000,0 days 01:09:05.534000,244.0,286.0,292.0,325.0,False,MEDIUM,19.0,True,Racing Bulls,0 days 01:07:47.938000,,1,12.0,,,False,True
0 days 01:10:22.921000,LAW,30,0 days 00:01:17.395000,20.0,1.0,NaT,NaT,0 days 00:00:22.205000,0 days 00:00:24.602000,0 days 00:00:30.588000,0 days 01:09:27.739000,0 days 01:09:52.341000,0 days 01:10:22.929000,246.0,288.0,275.0,332.0,False,MEDIUM,20.0,True,Racing Bulls,0 days 01:09:05.526000,,1,12.0,,,False,True
0 days 01:11:41.763000,LAW,30,0 days 00:01:18.842000,21.0,1.0,NaT,NaT,0 days 00:00:23.388000,0 days 00:00:25.064000,0 days 00:00:30.390000,0 days 01:10:46.317000,0 days 01:11:11.381000,0 days 01:11:41.771000,247.0,285.0,296.0,324.0,False,MEDIUM,21.0,True,Racing Bulls,0 days 01:10:22.921000,,1,12.0,,,False,True
0 days 01:12:58.874000,LAW,30,0 days 00:01:17.111000,22.0,1.0,NaT,NaT,0 days 00:00:22.143000,0 days 00:00:24.432000,0 days 00:00:30.536000,0 days 01:12:03.914000,0 days 01:12:28.346000,0 days 01:12:58.882000,244.0,284.0,290.0,324.0,False,MEDIUM,22.0,True,Racing Bulls,0 days 01:11:41.763000,,1,12.0,,,False,True
0 days 01:14:17.165000,LAW,30,0 days 00:01:18.291000,23.0,1.0,NaT,NaT,0 days 00:00:22.850000,0 days 00:00:24.758000,0 days 00:00:30.683000,0 days 01:13:21.732000,0 days 01:13:46.490000,0 days 01:14:17.173000,231.0,286.0,275.0,329.0,False,MEDIUM,23.0,True,Racing Bulls,0 days 01:12:58.874000,,1,12.0,,,False,True
0 days 00:45:56.758000,BOR,5,NaT,1.0,1.0,NaT,NaT,NaT,0 days 00:00:27.014000,0 days 00:00:32.359000,NaT,0 days 00:45:24.524000,0 days 00:45:56.909000,218.0,271.0,288.0,342.0,False,MEDIUM,8.0,False,Audi,0 days 00:44:24.605000,,1,16.0,,,False,False
0 days 00:47:16.951000,BOR,5,0 days 00:01:20.193000,2.0,1.0,NaT,NaT,0 days 00:00:24.086000,0 days 00:00:25.455000,0 days 00:00:30.652000,0 days 00:46:20.865000,0 days 00:46:46.320000,0 days 00:47:16.972000,235.0,280.0,279.0,339.0,True,MEDIUM,9.0,False,Audi,0 days 00:45:56.758000,,1,17.0,,,False,True
0 days 00:48:34.753000,BOR,5,0 days 00:01:17.802000,3.0,1.0,NaT,NaT,0 days 00:00:22.767000,0 days 00:00:24.794000,0 days 00:00:30.241000,0 days 00:47:39.739000,0 days 00:48:04.533000,0 days 00:48:34.774000,238.0,283.0,285.0,341.0,True,MEDIUM,10.0,False,Audi,0 days 00:47:16.951000,,1,17.0,,,False,True
0 days 00:49:52.495000,BOR,5,0 days 00:01:17.742000,4.0,1.0,NaT,NaT,0 days 00:00:22.628000,0 days 00:00:24.860000,0 days 00:00:30.254000,0 days 00:48:57.402000,0 days 00:49:22.262000,0 days 00:49:52.516000,236.0,281.0,288.0,341.0,True,MEDIUM,11.0,False,Audi,0 days 00:48:34.753000,,1,17.0,,,False,True
0 days 00:51:10.057000,BOR,5,0 days 00:01:17.562000,5.0,1.0,NaT,NaT,0 days 00:00:22.520000,0 days 00:00:24.710000,0 days 00:00:30.332000,0 days 00:50:15.036000,0 days 00:50:39.746000,0 days 00:51:10.078000,238.0,284.0,283.0,344.0,True,MEDIUM,12.0,False,Audi,0 days 00:49:52.495000,,1,16.0,,,False,True
0 days 00:52:27.378000,BOR,5,0 days 00:01:17.321000,6.0,1.0,NaT,NaT,0 days 00:00:22.697000,0 days 00:00:24.719000,0 days 00:00:29.905000,0 days 00:51:32.775000,0 days 00:51:57.494000,0 days 00:52:27.399000,238.0,283.0,277.0,334.0,True,MEDIUM,13.0,False,Audi,0 days 00:51:10.057000,,1,15.0,,,False,True
0 days 00:53:44.169000,BOR,5,0 days 00:01:16.791000,7.0,1.0,NaT,NaT,0 days 00:00:22.133000,0 days 00:00:24.484000,0 days 00:00:30.174000,0 days 00:52:49.532000,0 days 00:53:14.016000,0 days 00:53:44.190000,235.0,278.0,280.0,319.0,True,MEDIUM,14.0,False,Audi,0 days 00:52:27.378000,,1,15.0,,,False,True
0 days 00:55:00.321000,BOR,5,0 days 00:01:16.152000,8.0,1.0,NaT,NaT,0 days 00:00:21.765000,0 days 00:00:24.293000,0 days 00:00:30.094000,0 days 00:54:05.955000,0 days 00:54:30.248000,0 days 00:55:00.342000,241.0,279.0,281.0,317.0,True,MEDIUM,15.0,False,Audi,0 days 00:53:44.169000,,1,15.0,,,False,True
0 days 00:56:16.301000,BOR,5,0 days 00:01:15.980000,9.0,1.0,NaT,NaT,0 days 00:00:21.741000,0 days 00:00:24.225000,0 days 00:00:30.014000,0 days 00:55:22.083000,0 days 00:55:46.308000,0 days 00:56:16.322000,250.0,279.0,281.0,318.0,True,MEDIUM,16.0,False,Audi,0 days 00:55:00.321000,,1,15.0,,,False,True
0 days 00:57:32.651000,BOR,5,0 days 00:01:16.350000,10.0,1.0,NaT,NaT,0 days 00:00:21.804000,0 days 00:00:24.480000,0 days 00:00:30.066000,0 days 00:56:38.126000,0 days 00:57:02.606000,0 days 00:57:32.672000,240.0,280.0,283.0,320.0,False,MEDIUM,17.0,False,Audi,0 days 00:56:16.301000,,1,15.0,,,False,True
0 days 00:58:49.414000,BOR,5,0 days 00:01:16.763000,11.0,1.0,NaT,NaT,0 days 00:00:21.854000,0 days 00:00:24.498000,0 days 00:00:30.411000,0 days 00:57:54.526000,0 days 00:58:19.024000,0 days 00:58:49.435000,240.0,284.0,287.0,326.0,False,MEDIUM,18.0,False,Audi,0 days 00:57:32.651000,,1,15.0,,,False,True
0 days 01:00:06.957000,BOR,5,0 days 00:01:17.543000,12.0,1.0,NaT,NaT,0 days 00:00:22.142000,0 days 00:00:24.856000,0 days 00:00:30.545000,0 days 00:59:11.577000,0 days 00:59:36.433000,0 days 01:00:06.978000,244.0,282.0,293.0,313.0,False,MEDIUM,19.0,False,Audi,0 days 00:58:49.414000,,1,15.0,,,False,True
0 days 01:01:23.464000,BOR,5,0 days 00:01:16.507000,13.0,1.0,NaT,NaT,0 days 00:00:21.874000,0 days 00:00:24.430000,0 days 00:00:30.203000,0 days 01:00:28.852000,0 days 01:00:53.282000,0 days 01:01:23.485000,245.0,289.0,294.0,336.0,False,MEDIUM,20.0,False,Audi,0 days 01:00:06.957000,,1,15.0,,,False,True
0 days 01:02:40.617000,BOR,5,0 days 00:01:17.153000,14.0,1.0,NaT,NaT,0 days 00:00:22.605000,0 days 00:00:24.624000,0 days 00:00:29.924000,0 days 01:01:46.090000,0 days 01:02:10.714000,0 days 01:02:40.638000,246.0,286.0,283.0,327.0,False,MEDIUM,21.0,False,Audi,0 days 01:01:23.464000,,1,14.0,,,False,True
0 days 01:03:56.981000,BOR,5,0 days 00:01:16.364000,15.0,1.0,NaT,NaT,0 days 00:00:21.822000,0 days 00:00:24.595000,0 days 00:00:29.947000,0 days 01:03:02.460000,0 days 01:03:27.055000,0 days 01:03:57.002000,239.0,281.0,287.0,324.0,False,MEDIUM,22.0,False,Audi,0 days 01:02:40.617000,,1,14.0,,,False,True
0 days 01:05:13.947000,BOR,5,0 days 00:01:16.966000,16.0,1.0,NaT,NaT,0 days 00:00:22.109000,0 days 00:00:24.667000,0 days 00:00:30.190000,0 days 01:04:19.111000,0 days 01:04:43.778000,0 days 01:05:13.968000,240.0,286.0,289.0,333.0,False,MEDIUM,23.0,False,Audi,0 days 01:03:56.981000,,12,14.0,,,False,True
0 days 01:06:31.299000,BOR,5,0 days 00:01:17.352000,17.0,1.0,NaT,NaT,0 days 00:00:22.066000,0 days 00:00:25.012000,0 days 00:00:30.274000,0 days 01:05:36.034000,0 days 01:06:01.046000,0 days 01:06:31.320000,243.0,284.0,284.0,326.0,False,MEDIUM,24.0,False,Audi,0 days 01:05:13.947000,,1,14.0,,,False,True
0 days 01:07:48.432000,BOR,5,0 days 00:01:17.133000,18.0,1.0,NaT,NaT,0 days 00:00:22.045000,0 days 00:00:24.683000,0 days 00:00:30.405000,0 days 01:06:53.365000,0 days 01:07:18.048000,0 days 01:07:48.453000,242.0,286.0,289.0,327.0,False,MEDIUM,25.0,False,Audi,0 days 01:06:31.299000,,1,14.0,,,False,True
0 days 01:09:06.707000,BOR,5,0 days 00:01:18.275000,19.0,1.0,NaT,NaT,0 days 00:00:22.341000,0 days 00:00:25.360000,0 days 00:00:30.574000,0 days 01:08:10.794000,0 days 01:08:36.154000,0 days 01:09:06.728000,240.0,276.0,281.0,335.0,False,MEDIUM,26.0,False,Audi,0 days 01:07:48.432000,,1,13.0,,,False,True
0 days 01:10:23.873000,BOR,5,0 days 00:01:17.166000,20.0,1.0,NaT,NaT,0 days 00:00:22.304000,0 days 00:00:24.758000,0 days 00:00:30.104000,0 days 01:09:29.032000,0 days 01:09:53.790000,0 days 01:10:23.894000,238.0,278.0,284.0,334.0,False,MEDIUM,27.0,False,Audi,0 days 01:09:06.707000,,1,13.0,,,False,True
0 days 01:11:42.459000,BOR,5,0 days 00:01:18.586000,21.0,1.0,NaT,NaT,0 days 00:00:23.014000,0 days 00:00:25.136000,0 days 00:00:30.436000,0 days 01:10:46.908000,0 days 01:11:12.044000,0 days 01:11:42.480000,236.0,280.0,286.0,336.0,False,MEDIUM,28.0,False,Audi,0 days 01:10:23.873000,,1,13.0,,,False,True
0 days 01:13:00.133000,BOR,5,0 days 00:01:17.674000,22.0,1.0,NaT,NaT,0 days 00:00:22.283000,0 days 00:00:24.634000,0 days 00:00:30.757000,0 days 01:12:04.763000,0 days 01:12:29.397000,0 days 01:13:00.154000,238.0,282.0,291.0,333.0,False,MEDIUM,29.0,False,Audi,0 days 01:11:42.459000,,1,13.0,,,False,True
0 days 01:14:17.635000,BOR,5,0 days 00:01:17.502000,23.0,1.0,NaT,NaT,0 days 00:00:22.508000,0 days 00:00:24.612000,0 days 00:00:30.382000,0 days 01:13:22.662000,0 days 01:13:47.274000,0 days 01:14:17.656000,243.0,283.0,280.0,343.0,False,MEDIUM,30.0,False,Audi,0 days 01:13:00.133000,,1,13.0,,,False,True
0 days 00:45:55.100000,OCO,31,NaT,1.0,1.0,NaT,NaT,NaT,0 days 00:00:26.877000,0 days 00:00:31.464000,NaT,0 days 00:45:23.837000,0 days 00:45:55.268000,219.0,262.0,292.0,316.0,False,MEDIUM,8.0,False,Haas F1 Team,0 days 00:44:24.605000,,1,12.0,,,False,False
0 days 00:47:12.805000,OCO,31,0 days 00:01:17.705000,2.0,1.0,NaT,NaT,0 days 00:00:22.463000,0 days 00:00:24.629000,0 days 00:00:30.613000,0 days 00:46:17.597000,0 days 00:46:42.226000,0 days 00:47:12.839000,235.0,281.0,285.0,312.0,True,MEDIUM,9.0,False,Haas F1 Team,0 days 00:45:55.100000,,1,12.0,,,False,True
0 days 00:48:30.059000,OCO,31,0 days 00:01:17.254000,3.0,1.0,NaT,NaT,0 days 00:00:22.259000,0 days 00:00:24.490000,0 days 00:00:30.505000,0 days 00:47:35.098000,0 days 00:47:59.588000,0 days 00:48:30.093000,236.0,281.0,282.0,310.0,True,MEDIUM,10.0,False,Haas F1 Team,0 days 00:47:12.805000,,1,12.0,,,False,True
0 days 00:49:47.297000,OCO,31,0 days 00:01:17.238000,4.0,1.0,NaT,NaT,0 days 00:00:22.276000,0 days 00:00:24.267000,0 days 00:00:30.695000,0 days 00:48:52.369000,0 days 00:49:16.636000,0 days 00:49:47.331000,233.0,280.0,282.0,309.0,True,MEDIUM,11.0,False,Haas F1 Team,0 days 00:48:30.059000,,1,12.0,,,False,True
0 days 00:51:04.681000,OCO,31,0 days 00:01:17.384000,5.0,1.0,NaT,NaT,0 days 00:00:22.003000,0 days 00:00:24.858000,0 days 00:00:30.523000,0 days 00:50:09.334000,0 days 00:50:34.192000,0 days 00:51:04.715000,235.0,277.0,280.0,308.0,False,MEDIUM,12.0,False,Haas F1 Team,0 days 00:49:47.297000,,1,11.0,,,False,True
0 days 00:52:21.626000,OCO,31,0 days 00:01:16.945000,6.0,1.0,NaT,NaT,0 days 00:00:22.003000,0 days 00:00:24.401000,0 days 00:00:30.541000,NaT,0 days 00:51:51.119000,0 days 00:52:21.660000,235.0,278.0,285.0,305.0,True,MEDIUM,13.0,False,Haas F1 Team,0 days 00:51:04.681000,,1,11.0,,,False,True
0 days 00:53:38.895000,OCO,31,0 days 00:01:17.269000,7.0,1.0,NaT,NaT,0 days 00:00:22.044000,0 days 00:00:24.550000,0 days 00:00:30.675000,0 days 00:52:43.704000,0 days 00:53:08.254000,0 days 00:53:38.929000,234.0,277.0,266.0,314.0,False,MEDIUM,14.0,False,Haas F1 Team,0 days 00:52:21.626000,,1,11.0,,,False,True
0 days 00:54:55.921000,OCO,31,0 days 00:01:17.026000,8.0,1.0,NaT,NaT,0 days 00:00:22.095000,0 days 00:00:24.461000,0 days 00:00:30.470000,0 days 00:54:01.024000,0 days 00:54:25.485000,0 days 00:54:55.955000,236.0,276.0,279.0,315.0,False,MEDIUM,15.0,False,Haas F1 Team,0 days 00:53:38.895000,,1,11.0,,,False,True
0 days 00:56:12.770000,OCO,31,0 days 00:01:16.849000,9.0,1.0,NaT,NaT,0 days 00:00:22.038000,0 days 00:00:24.468000,0 days 00:00:30.343000,0 days 00:55:17.993000,0 days 00:55:42.461000,0 days 00:56:12.804000,234.0,277.0,277.0,314.0,True,MEDIUM,16.0,False,Haas F1 Team,0 days 00:54:55.921000,,1,11.0,,,False,True
0 days 00:57:29.966000,OCO,31,0 days 00:01:17.196000,10.0,1.0,NaT,NaT,0 days 00:00:22.088000,0 days 00:00:24.648000,0 days 00:00:30.460000,0 days 00:56:34.892000,0 days 00:56:59.540000,0 days 00:57:30,235.0,273.0,279.0,314.0,False,MEDIUM,17.0,False,Haas F1 Team,0 days 00:56:12.770000,,1,11.0,,,False,True
0 days 00:58:47.265000,OCO,31,0 days 00:01:17.299000,11.0,1.0,NaT,NaT,0 days 00:00:22.143000,0 days 00:00:24.542000,0 days 00:00:30.614000,0 days 00:57:52.143000,0 days 00:58:16.685000,0 days 00:58:47.299000,233.0,275.0,273.0,314.0,False,MEDIUM,18.0,False,Haas F1 Team,0 days 00:57:29.966000,,1,11.0,,,False,True
0 days 01:00:04.277000,OCO,31,0 days 00:01:17.012000,12.0,1.0,NaT,NaT,0 days 00:00:22.110000,0 days 00:00:24.540000,0 days 00:00:30.362000,0 days 00:59:09.409000,0 days 00:59:33.949000,0 days 01:00:04.311000,235.0,275.0,279.0,314.0,False,MEDIUM,19.0,False,Haas F1 Team,0 days 00:58:47.265000,,1,11.0,,,False,True
0 days 01:01:21.355000,OCO,31,0 days 00:01:17.078000,13.0,1.0,NaT,NaT,0 days 00:00:22.126000,0 days 00:00:24.555000,0 days 00:00:30.397000,0 days 01:00:26.437000,0 days 01:00:50.992000,0 days 01:01:21.389000,232.0,276.0,276.0,314.0,False,MEDIUM,20.0,False,Haas F1 Team,0 days 01:00:04.277000,,1,11.0,,,False,True
0 days 01:02:38.253000,OCO,31,0 days 00:01:16.898000,14.0,1.0,NaT,NaT,0 days 00:00:21.993000,0 days 00:00:24.492000,0 days 00:00:30.413000,0 days 01:01:43.382000,0 days 01:02:07.874000,0 days 01:02:38.287000,235.0,276.0,275.0,314.0,False,MEDIUM,21.0,False,Haas F1 Team,0 days 01:01:21.355000,,1,11.0,,,False,True
0 days 01:03:55.209000,OCO,31,0 days 00:01:16.956000,15.0,1.0,NaT,NaT,0 days 00:00:22.069000,0 days 00:00:24.436000,0 days 00:00:30.451000,0 days 01:03:00.356000,0 days 01:03:24.792000,0 days 01:03:55.243000,234.0,276.0,275.0,314.0,False,MEDIUM,22.0,False,Haas F1 Team,0 days 01:02:38.253000,,1,11.0,,,False,True
0 days 01:05:12.350000,OCO,31,0 days 00:01:17.141000,16.0,1.0,NaT,NaT,0 days 00:00:22.081000,0 days 00:00:24.484000,0 days 00:00:30.576000,0 days 01:04:17.324000,0 days 01:04:41.808000,0 days 01:05:12.384000,234.0,276.0,279.0,313.0,False,MEDIUM,23.0,False,Haas F1 Team,0 days 01:03:55.209000,,12,11.0,,,False,True
0 days 01:06:29.679000,OCO,31,0 days 00:01:17.329000,17.0,1.0,NaT,NaT,0 days 00:00:22.249000,0 days 00:00:24.467000,0 days 00:00:30.613000,0 days 01:05:34.633000,0 days 01:05:59.100000,0 days 01:06:29.713000,231.0,274.0,278.0,312.0,False,MEDIUM,24.0,False,Haas F1 Team,0 days 01:05:12.350000,,1,11.0,,,False,True
0 days 01:07:47.045000,OCO,31,0 days 00:01:17.366000,18.0,1.0,NaT,NaT,0 days 00:00:22.196000,0 days 00:00:24.521000,0 days 00:00:30.649000,0 days 01:06:51.909000,0 days 01:07:16.430000,0 days 01:07:47.079000,232.0,275.0,277.0,312.0,False,MEDIUM,25.0,False,Haas F1 Team,0 days 01:06:29.679000,,1,11.0,,,False,True
0 days 01:09:08.564000,OCO,31,0 days 00:01:21.519000,19.0,1.0,NaT,NaT,0 days 00:00:22.057000,0 days 00:00:28.259000,0 days 00:00:31.203000,0 days 01:08:09.136000,0 days 01:08:37.395000,0 days 01:09:08.598000,234.0,260.0,278.0,320.0,False,MEDIUM,26.0,False,Haas F1 Team,0 days 01:07:47.045000,,1,14.0,,,False,True
0 days 01:10:27.310000,OCO,31,0 days 00:01:18.746000,20.0,1.0,NaT,NaT,0 days 00:00:23.115000,0 days 00:00:24.898000,0 days 00:00:30.733000,0 days 01:09:31.713000,0 days 01:09:56.611000,0 days 01:10:27.344000,236.0,280.0,287.0,318.0,False,MEDIUM,27.0,False,Haas F1 Team,0 days 01:09:08.564000,,1,15.0,,,False,True
0 days 01:11:44.835000,OCO,31,0 days 00:01:17.525000,21.0,1.0,NaT,NaT,0 days 00:00:22.306000,0 days 00:00:24.667000,0 days 00:00:30.552000,0 days 01:10:49.650000,0 days 01:11:14.317000,0 days 01:11:44.869000,235.0,280.0,286.0,320.0,False,MEDIUM,28.0,False,Haas F1 Team,0 days 01:10:27.310000,,1,15.0,,,False,True
0 days 01:13:02.114000,OCO,31,0 days 00:01:17.279000,22.0,1.0,NaT,NaT,0 days 00:00:22.400000,0 days 00:00:24.424000,0 days 00:00:30.455000,0 days 01:12:07.269000,0 days 01:12:31.693000,0 days 01:13:02.148000,236.0,281.0,289.0,318.0,False,MEDIUM,29.0,False,Haas F1 Team,0 days 01:11:44.835000,,1,15.0,,,False,True
0 days 01:14:20.030000,OCO,31,0 days 00:01:17.916000,23.0,1.0,NaT,NaT,0 days 00:00:22.287000,0 days 00:00:24.792000,0 days 00:00:30.837000,0 days 01:13:24.435000,0 days 01:13:49.227000,0 days 01:14:20.064000,237.0,284.0,288.0,320.0,False,MEDIUM,30.0,False,Haas F1 Team,0 days 01:13:02.114000,,1,15.0,,,False,True
0 days 00:45:55.494000,PER,11,NaT,1.0,1.0,NaT,NaT,NaT,0 days 00:00:26.957000,0 days 00:00:31.978000,NaT,0 days 00:45:23.712000,0 days 00:45:55.565000,224.0,250.0,301.0,324.0,False,SOFT,1.0,True,Cadillac,0 days 00:44:24.605000,,1,13.0,,,False,False
0 days 00:47:13.639000,PER,11,0 days 00:01:18.145000,2.0,1.0,NaT,NaT,0 days 00:00:22.650000,0 days 00:00:25.056000,0 days 00:00:30.439000,0 days 00:46:18.182000,0 days 00:46:43.238000,0 days 00:47:13.677000,236.0,283.0,287.0,328.0,True,SOFT,2.0,True,Cadillac,0 days 00:45:55.494000,,1,13.0,,,False,True
0 days 00:48:31.139000,PER,11,0 days 00:01:17.500000,3.0,1.0,NaT,NaT,0 days 00:00:22.522000,0 days 00:00:24.699000,0 days 00:00:30.279000,0 days 00:47:36.199000,0 days 00:48:00.898000,0 days 00:48:31.177000,234.0,282.0,285.0,319.0,True,SOFT,3.0,True,Cadillac,0 days 00:47:13.639000,,1,13.0,,,False,True
0 days 00:49:48.018000,PER,11,0 days 00:01:16.879000,4.0,1.0,NaT,NaT,0 days 00:00:22.262000,0 days 00:00:24.468000,0 days 00:00:30.149000,0 days 00:48:53.439000,0 days 00:49:17.907000,0 days 00:49:48.056000,233.0,280.0,288.0,314.0,True,SOFT,4.0,True,Cadillac,0 days 00:48:31.139000,,1,13.0,,,False,True
0 days 00:51:05.190000,PER,11,0 days 00:01:17.172000,5.0,1.0,NaT,NaT,0 days 00:00:22.137000,0 days 00:00:24.845000,0 days 00:00:30.190000,0 days 00:50:10.193000,0 days 00:50:35.038000,0 days 00:51:05.228000,233.0,276.0,287.0,321.0,False,SOFT,5.0,True,Cadillac,0 days 00:49:48.018000,,1,12.0,,,False,True
0 days 00:52:22.072000,PER,11,0 days 00:01:16.882000,6.0,1.0,NaT,NaT,0 days 00:00:22.224000,0 days 00:00:24.456000,0 days 00:00:30.202000,0 days 00:51:27.452000,0 days 00:51:51.908000,0 days 00:52:22.110000,234.0,292.0,293.0,324.0,False,SOFT,6.0,True,Cadillac,0 days 00:51:05.190000,,1,12.0,,,False,True
0 days 00:53:39.705000,PER,11,0 days 00:01:17.633000,7.0,1.0,NaT,NaT,0 days 00:00:22.256000,0 days 00:00:24.508000,0 days 00:00:30.869000,0 days 00:52:44.366000,0 days 00:53:08.874000,0 days 00:53:39.743000,233.0,282.0,261.0,328.0,False,SOFT,7.0,True,Cadillac,0 days 00:52:22.072000,,1,12.0,,,False,True
0 days 00:54:56.715000,PER,11,0 days 00:01:17.010000,8.0,1.0,NaT,NaT,0 days 00:00:22.434000,0 days 00:00:24.537000,0 days 00:00:30.039000,0 days 00:54:02.177000,0 days 00:54:26.714000,0 days 00:54:56.753000,235.0,281.0,285.0,321.0,False,SOFT,8.0,True,Cadillac,0 days 00:53:39.705000,,1,12.0,,,False,True
0 days 00:56:13.356000,PER,11,0 days 00:01:16.641000,9.0,1.0,NaT,NaT,0 days 00:00:21.961000,0 days 00:00:24.478000,0 days 00:00:30.202000,0 days 00:55:18.714000,0 days 00:55:43.192000,0 days 00:56:13.394000,234.0,281.0,282.0,322.0,True,SOFT,9.0,True,Cadillac,0 days 00:54:56.715000,,1,12.0,,,False,True
0 days 00:57:30.505000,PER,11,0 days 00:01:17.149000,10.0,1.0,NaT,NaT,0 days 00:00:22.203000,0 days 00:00:24.563000,0 days 00:00:30.383000,0 days 00:56:35.597000,0 days 00:57:00.160000,0 days 00:57:30.543000,234.0,300.0,277.0,315.0,False,SOFT,10.0,True,Cadillac,0 days 00:56:13.356000,,1,12.0,,,False,True
0 days 00:58:47.647000,PER,11,0 days 00:01:17.142000,11.0,1.0,NaT,NaT,0 days 00:00:22.277000,0 days 00:00:24.577000,0 days 00:00:30.288000,0 days 00:57:52.820000,0 days 00:58:17.397000,0 days 00:58:47.685000,234.0,283.0,287.0,322.0,False,SOFT,11.0,True,Cadillac,0 days 00:57:30.505000,,1,12.0,,,False,True
0 days 01:00:05.028000,PER,11,0 days 00:01:17.381000,12.0,1.0,NaT,NaT,0 days 00:00:22.349000,0 days 00:00:24.685000,0 days 00:00:30.347000,0 days 00:59:10.034000,0 days 00:59:34.719000,0 days 01:00:05.066000,235.0,285.0,269.0,342.0,False,SOFT,12.0,True,Cadillac,0 days 00:58:47.647000,,1,12.0,,,False,True
0 days 01:01:22.036000,PER,11,0 days 00:01:17.008000,13.0,1.0,NaT,NaT,0 days 00:00:22.276000,0 days 00:00:24.435000,0 days 00:00:30.297000,0 days 01:00:27.342000,0 days 01:00:51.777000,0 days 01:01:22.074000,234.0,281.0,276.0,317.0,False,SOFT,13.0,True,Cadillac,0 days 01:00:05.028000,,1,12.0,,,False,True
0 days 01:02:38.842000,PER,11,0 days 00:01:16.806000,14.0,1.0,NaT,NaT,0 days 00:00:22.168000,0 days 00:00:24.485000,0 days 00:00:30.153000,0 days 01:01:44.242000,0 days 01:02:08.727000,0 days 01:02:38.880000,234.0,283.0,280.0,322.0,False,SOFT,14.0,True,Cadillac,0 days 01:01:22.036000,,1,12.0,,,False,True
0 days 01:03:55.881000,PER,11,0 days 00:01:17.039000,15.0,1.0,NaT,NaT,0 days 00:00:22.215000,0 days 00:00:24.447000,0 days 00:00:30.377000,0 days 01:03:01.095000,0 days 01:03:25.542000,0 days 01:03:55.919000,233.0,283.0,279.0,320.0,False,SOFT,15.0,True,Cadillac,0 days 01:02:38.842000,,1,12.0,,,False,True
0 days 01:05:12.993000,PER,11,0 days 00:01:17.112000,16.0,1.0,NaT,NaT,0 days 00:00:22.253000,0 days 00:00:24.568000,0 days 00:00:30.291000,0 days 01:04:18.172000,0 days 01:04:42.740000,0 days 01:05:13.031000,234.0,281.0,280.0,320.0,False,SOFT,16.0,True,Cadillac,0 days 01:03:55.881000,,12,12.0,,,False,True
0 days 01:06:29.955000,PER,11,0 days 00:01:16.962000,17.0,1.0,NaT,NaT,0 days 00:00:22.182000,0 days 00:00:24.605000,0 days 00:00:30.175000,0 days 01:05:35.213000,0 days 01:05:59.818000,0 days 01:06:29.993000,233.0,282.0,301.0,325.0,False,SOFT,17.0,True,Cadillac,0 days 01:05:12.993000,,1,12.0,,,False,True
0 days 01:07:47.594000,PER,11,0 days 00:01:17.639000,18.0,1.0,NaT,NaT,0 days 00:00:22.479000,0 days 00:00:24.626000,0 days 00:00:30.534000,0 days 01:06:52.472000,0 days 01:07:17.098000,0 days 01:07:47.632000,233.0,280.0,280.0,318.0,False,SOFT,18.0,True,Cadillac,0 days 01:06:29.955000,,1,12.0,,,False,True
0 days 01:09:05.165000,PER,11,0 days 00:01:17.571000,19.0,1.0,NaT,NaT,0 days 00:00:22.292000,0 days 00:00:24.604000,0 days 00:00:30.675000,0 days 01:08:09.924000,0 days 01:08:34.528000,0 days 01:09:05.203000,234.0,273.0,273.0,301.0,False,SOFT,19.0,True,Cadillac,0 days 01:07:47.594000,,1,11.0,,,False,True
0 days 01:10:22.784000,PER,11,0 days 00:01:17.619000,20.0,1.0,NaT,NaT,0 days 00:00:22.158000,0 days 00:00:24.562000,0 days 00:00:30.899000,0 days 01:09:27.361000,0 days 01:09:51.923000,0 days 01:10:22.822000,231.0,272.0,265.0,315.0,False,SOFT,20.0,True,Cadillac,0 days 01:09:05.165000,,1,11.0,,,False,True
0 days 01:11:40.771000,PER,11,0 days 00:01:17.987000,21.0,1.0,NaT,NaT,0 days 00:00:22.599000,0 days 00:00:24.854000,0 days 00:00:30.534000,0 days 01:10:45.421000,0 days 01:11:10.275000,0 days 01:11:40.809000,234.0,271.0,275.0,310.0,False,SOFT,21.0,True,Cadillac,0 days 01:10:22.784000,,1,11.0,,,False,True
0 days 01:12:58.507000,PER,11,0 days 00:01:17.736000,22.0,1.0,NaT,NaT,0 days 00:00:22.031000,0 days 00:00:24.933000,0 days 00:00:30.772000,0 days 01:12:02.840000,0 days 01:12:27.773000,0 days 01:12:58.545000,233.0,269.0,274.0,310.0,False,SOFT,22.0,True,Cadillac,0 days 01:11:40.771000,,1,11.0,,,False,True
0 days 01:14:16.223000,PER,11,0 days 00:01:17.716000,23.0,1.0,NaT,NaT,0 days 00:00:22.317000,0 days 00:00:24.840000,0 days 00:00:30.559000,0 days 01:13:20.862000,0 days 01:13:45.702000,0 days 01:14:16.261000,232.0,274.0,275.0,312.0,False,SOFT,23.0,True,Cadillac,0 days 01:12:58.507000,,1,11.0,,,False,True
0 days 00:45:56.351000,HUL,27,NaT,1.0,1.0,NaT,NaT,NaT,0 days 00:00:28.204000,0 days 00:00:32.050000,NaT,0 days 00:45:24.352000,0 days 00:45:56.471000,225.0,265.0,293.0,330.0,False,MEDIUM,7.0,False,Audi,0 days 00:44:24.605000,,1,15.0,,,False,False
0 days 00:47:15.484000,HUL,27,0 days 00:01:19.133000,2.0,1.0,NaT,NaT,0 days 00:00:23.312000,0 days 00:00:25.282000,0 days 00:00:30.539000,0 days 00:46:19.702000,0 days 00:46:44.984000,0 days 00:47:15.523000,242.0,288.0,290.0,335.0,True,MEDIUM,8.0,False,Audi,0 days 00:45:56.351000,,1,15.0,,,False,True
0 days 00:48:33.200000,HUL,27,0 days 00:01:17.716000,3.0,1.0,NaT,NaT,0 days 00:00:22.623000,0 days 00:00:24.680000,0 days 00:00:30.413000,0 days 00:47:38.146000,0 days 00:48:02.826000,0 days 00:48:33.239000,245.0,291.0,273.0,346.0,True,MEDIUM,9.0,False,Audi,0 days 00:47:15.484000,,1,14.0,,,False,True
0 days 00:49:50.303000,HUL,27,0 days 00:01:17.103000,4.0,1.0,NaT,NaT,0 days 00:00:22.206000,0 days 00:00:24.599000,0 days 00:00:30.298000,0 days 00:48:55.445000,0 days 00:49:20.044000,0 days 00:49:50.342000,240.0,277.0,280.0,313.0,True,MEDIUM,10.0,False,Audi,0 days 00:48:33.200000,,1,14.0,,,False,True
0 days 00:51:07.303000,HUL,27,0 days 00:01:17,5.0,1.0,NaT,NaT,0 days 00:00:22.011000,0 days 00:00:24.561000,0 days 00:00:30.428000,0 days 00:50:12.353000,0 days 00:50:36.914000,0 days 00:51:07.342000,238.0,278.0,281.0,312.0,True,MEDIUM,11.0,False,Audi,0 days 00:49:50.303000,,1,13.0,,,False,True
0 days 00:52:24.202000,HUL,27,0 days 00:01:16.899000,6.0,1.0,NaT,NaT,0 days 00:00:22,0 days 00:00:24.389000,0 days 00:00:30.510000,0 days 00:51:29.342000,0 days 00:51:53.731000,0 days 00:52:24.241000,240.0,277.0,280.0,314.0,True,MEDIUM,12.0,False,Audi,0 days 00:51:07.303000,,1,13.0,,,False,True
0 days 00:53:40.719000,HUL,27,0 days 00:01:16.517000,7.0,1.0,NaT,NaT,0 days 00:00:22.065000,0 days 00:00:24.257000,0 days 00:00:30.195000,0 days 00:52:46.306000,0 days 00:53:10.563000,0 days 00:53:40.758000,240.0,278.0,282.0,312.0,True,MEDIUM,13.0,False,Audi,0 days 00:52:24.202000,,1,13.0,,,False,True
0 days 00:54:57.391000,HUL,27,0 days 00:01:16.672000,8.0,1.0,NaT,NaT,0 days 00:00:21.983000,0 days 00:00:24.374000,0 days 00:00:30.315000,0 days 00:54:02.741000,0 days 00:54:27.115000,0 days 00:54:57.430000,242.0,284.0,283.0,331.0,False,MEDIUM,14.0,False,Audi,0 days 00:53:40.719000,,1,13.0,,,False,True
0 days 00:56:13.939000,HUL,27,0 days 00:01:16.548000,9.0,1.0,NaT,NaT,0 days 00:00:21.978000,0 days 00:00:24.356000,0 days 00:00:30.214000,0 days 00:55:19.408000,0 days 00:55:43.764000,0 days 00:56:13.978000,240.0,284.0,283.0,336.0,False,MEDIUM,15.0,False,Audi,0 days 00:54:57.391000,,1,13.0,,,False,True
0 days 00:57:30.906000,HUL,27,0 days 00:01:16.967000,10.0,1.0,NaT,NaT,0 days 00:00:22.064000,0 days 00:00:24.686000,0 days 00:00:30.217000,0 days 00:56:36.042000,0 days 00:57:00.728000,0 days 00:57:30.945000,240.0,280.0,284.0,334.0,False,MEDIUM,16.0,False,Audi,0 days 00:56:13.939000,,1,13.0,,,False,True
0 days 00:58:48.146000,HUL,27,0 days 00:01:17.240000,11.0,1.0,NaT,NaT,0 days 00:00:22.236000,0 days 00:00:24.762000,0 days 00:00:30.242000,0 days 00:57:53.181000,0 days 00:58:17.943000,0 days 00:58:48.185000,240.0,278.0,283.0,339.0,False,MEDIUM,17.0,False,Audi,0 days 00:57:30.906000,,1,13.0,,,False,True
0 days 01:00:05.352000,HUL,27,0 days 00:01:17.206000,12.0,1.0,NaT,NaT,0 days 00:00:22.292000,0 days 00:00:24.698000,0 days 00:00:30.216000,0 days 00:59:10.477000,0 days 00:59:35.175000,0 days 01:00:05.391000,241.0,283.0,283.0,336.0,False,MEDIUM,18.0,False,Audi,0 days 00:58:48.146000,,1,13.0,,,False,True
0 days 01:01:22.636000,HUL,27,0 days 00:01:17.284000,13.0,1.0,NaT,NaT,0 days 00:00:22.287000,0 days 00:00:24.499000,0 days 00:00:30.498000,0 days 01:00:27.678000,0 days 01:00:52.177000,0 days 01:01:22.675000,240.0,285.0,278.0,340.0,False,MEDIUM,19.0,False,Audi,0 days 01:00:05.352000,,1,13.0,,,False,True
0 days 01:02:41.825000,HUL,27,0 days 00:01:19.189000,14.0,1.0,NaT,NaT,0 days 00:00:23.014000,0 days 00:00:25.492000,0 days 00:00:30.683000,0 days 01:01:45.689000,0 days 01:02:11.181000,0 days 01:02:41.864000,239.0,285.0,275.0,323.0,False,MEDIUM,20.0,False,Audi,0 days 01:01:22.636000,,1,15.0,,,False,True
0 days 01:03:59.511000,HUL,27,0 days 00:01:17.686000,15.0,1.0,NaT,NaT,0 days 00:00:22.166000,0 days 00:00:24.306000,0 days 00:00:31.214000,0 days 01:03:04.030000,0 days 01:03:28.336000,0 days 01:03:59.550000,241.0,284.0,265.0,328.0,False,MEDIUM,21.0,False,Audi,0 days 01:02:41.825000,,1,16.0,,,False,True
0 days 01:05:17.671000,HUL,27,0 days 00:01:18.160000,16.0,1.0,NaT,NaT,0 days 00:00:22.797000,0 days 00:00:24.753000,0 days 00:00:30.610000,0 days 01:04:22.347000,0 days 01:04:47.100000,0 days 01:05:17.710000,242.0,285.0,285.0,324.0,False,MEDIUM,22.0,False,Audi,0 days 01:03:59.511000,,12,16.0,,,False,True
0 days 01:06:35.603000,HUL,27,0 days 00:01:17.932000,17.0,1.0,NaT,NaT,0 days 00:00:22.672000,0 days 00:00:24.781000,0 days 00:00:30.479000,0 days 01:05:40.382000,0 days 01:06:05.163000,0 days 01:06:35.642000,238.0,279.0,283.0,318.0,False,MEDIUM,23.0,False,Audi,0 days 01:05:17.671000,,1,16.0,,,False,True
0 days 01:07:51.998000,HUL,27,0 days 00:01:16.395000,18.0,1.0,NaT,NaT,0 days 00:00:21.907000,0 days 00:00:24.277000,0 days 00:00:30.211000,0 days 01:06:57.549000,0 days 01:07:21.826000,0 days 01:07:52.037000,241.0,278.0,283.0,318.0,True,MEDIUM,24.0,False,Audi,0 days 01:06:35.603000,,1,16.0,,,False,True
0 days 01:09:08.632000,HUL,27,0 days 00:01:16.634000,19.0,1.0,NaT,NaT,0 days 00:00:21.955000,0 days 00:00:24.338000,0 days 00:00:30.341000,0 days 01:08:13.992000,0 days 01:08:38.330000,0 days 01:09:08.671000,240.0,281.0,310.0,331.0,False,MEDIUM,25.0,False,Audi,0 days 01:07:51.998000,,1,15.0,,,False,True
0 days 01:10:24.929000,HUL,27,0 days 00:01:16.297000,20.0,1.0,NaT,NaT,0 days 00:00:22.079000,0 days 00:00:24.147000,0 days 00:00:30.071000,0 days 01:09:30.750000,0 days 01:09:54.897000,0 days 01:10:24.968000,241.0,282.0,280.0,330.0,True,MEDIUM,26.0,False,Audi,0 days 01:09:08.632000,,1,14.0,,,False,True
0 days 01:11:42.818000,HUL,27,0 days 00:01:17.889000,21.0,1.0,NaT,NaT,0 days 00:00:22.228000,0 days 00:00:25.183000,0 days 00:00:30.478000,0 days 01:10:47.196000,0 days 01:11:12.379000,0 days 01:11:42.857000,239.0,280.0,286.0,328.0,False,MEDIUM,27.0,False,Audi,0 days 01:10:24.929000,,1,14.0,,,False,True
0 days 01:13:00.297000,HUL,27,0 days 00:01:17.479000,22.0,1.0,NaT,NaT,0 days 00:00:22.225000,0 days 00:00:24.679000,0 days 00:00:30.575000,0 days 01:12:05.082000,0 days 01:12:29.761000,0 days 01:13:00.336000,240.0,281.0,298.0,351.0,False,MEDIUM,28.0,False,Audi,0 days 01:11:42.818000,,1,14.0,,,False,True
0 days 01:14:17.979000,HUL,27,0 days 00:01:17.682000,23.0,1.0,NaT,NaT,0 days 00:00:22.755000,0 days 00:00:24.620000,0 days 00:00:30.307000,0 days 01:13:23.091000,0 days 01:13:47.711000,0 days 01:14:18.018000,229.0,285.0,268.0,347.0,False,MEDIUM,29.0,False,Audi,0 days 01:13:00.297000,,1,14.0,,,False,True
0 days 00:46:07.136000,STR,18,NaT,1.0,1.0,0 days 00:44:43.955000,NaT,NaT,0 days 00:00:26.011000,0 days 00:00:31.561000,NaT,0 days 00:45:35.759000,0 days 00:46:07.303000,243.0,269.0,272.0,303.0,False,SOFT,1.0,True,Aston Martin,0 days 00:44:24.605000,,1,22.0,,,False,False
0 days 00:47:25.896000,STR,18,0 days 00:01:18.760000,2.0,1.0,NaT,NaT,0 days 00:00:22.707000,0 days 00:00:25.020000,0 days 00:00:31.033000,0 days 00:46:29.877000,0 days 00:46:54.897000,0 days 00:47:25.930000,241.0,271.0,274.0,302.0,True,SOFT,2.0,True,Aston Martin,0 days 00:46:07.136000,,1,22.0,,,False,True
0 days 00:48:43.910000,STR,18,0 days 00:01:18.014000,3.0,1.0,NaT,NaT,0 days 00:00:22.449000,0 days 00:00:24.669000,0 days 00:00:30.896000,0 days 00:47:48.379000,0 days 00:48:13.048000,0 days 00:48:43.944000,240.0,271.0,273.0,302.0,True,SOFT,3.0,True,Aston Martin,0 days 00:47:25.896000,,1,22.0,,,False,True
0 days 00:50:02.380000,STR,18,0 days 00:01:18.470000,4.0,1.0,NaT,NaT,0 days 00:00:22.385000,0 days 00:00:25.034000,0 days 00:00:31.051000,0 days 00:49:06.329000,0 days 00:49:31.363000,0 days 00:50:02.414000,240.0,272.0,272.0,304.0,False,SOFT,4.0,True,Aston Martin,0 days 00:48:43.910000,,1,22.0,,,False,True
0 days 00:51:21.161000,STR,18,0 days 00:01:18.781000,5.0,1.0,NaT,NaT,0 days 00:00:22.450000,0 days 00:00:24.945000,0 days 00:00:31.386000,0 days 00:50:24.864000,0 days 00:50:49.809000,0 days 00:51:21.195000,240.0,273.0,264.0,306.0,False,SOFT,5.0,True,Aston Martin,0 days 00:50:02.380000,,1,22.0,,,False,True
0 days 00:52:39.372000,STR,18,0 days 00:01:18.211000,6.0,1.0,NaT,NaT,0 days 00:00:22.476000,0 days 00:00:24.926000,0 days 00:00:30.809000,0 days 00:51:43.671000,0 days 00:52:08.597000,0 days 00:52:39.406000,237.0,268.0,277.0,304.0,False,SOFT,6.0,True,Aston Martin,0 days 00:51:21.161000,,1,21.0,,,False,True
0 days 00:53:56.859000,STR,18,0 days 00:01:17.487000,7.0,1.0,NaT,NaT,0 days 00:00:22.152000,0 days 00:00:24.667000,0 days 00:00:30.668000,0 days 00:53:01.558000,0 days 00:53:26.225000,0 days 00:53:56.893000,241.0,275.0,277.0,306.0,True,SOFT,7.0,True,Aston Martin,0 days 00:52:39.372000,,1,21.0,,,False,True
0 days 00:55:14.470000,STR,18,0 days 00:01:17.611000,8.0,1.0,NaT,NaT,0 days 00:00:22.252000,0 days 00:00:24.721000,0 days 00:00:30.638000,0 days 00:54:19.145000,0 days 00:54:43.866000,0 days 00:55:14.504000,240.0,275.0,279.0,320.0,False,SOFT,8.0,True,Aston Martin,0 days 00:53:56.859000,,1,21.0,,,False,True
0 days 00:56:32.352000,STR,18,0 days 00:01:17.882000,9.0,1.0,NaT,NaT,0 days 00:00:22.452000,0 days 00:00:24.931000,0 days 00:00:30.499000,0 days 00:55:36.956000,0 days 00:56:01.887000,0 days 00:56:32.386000,243.0,276.0,282.0,318.0,False,SOFT,9.0,True,Aston Martin,0 days 00:55:14.470000,,1,21.0,,,False,True
0 days 00:57:50.507000,STR,18,0 days 00:01:18.155000,10.0,1.0,NaT,NaT,0 days 00:00:22.150000,0 days 00:00:24.950000,0 days 00:00:31.055000,0 days 00:56:54.536000,0 days 00:57:19.486000,0 days 00:57:50.541000,243.0,278.0,262.0,336.0,False,SOFT,10.0,True,Aston Martin,0 days 00:56:32.352000,,1,20.0,,,False,True
0 days 00:59:08.950000,STR,18,0 days 00:01:18.443000,11.0,1.0,NaT,NaT,0 days 00:00:22.664000,0 days 00:00:24.837000,0 days 00:00:30.942000,0 days 00:58:13.205000,0 days 00:58:38.042000,0 days 00:59:08.984000,234.0,272.0,268.0,296.0,False,SOFT,11.0,True,Aston Martin,0 days 00:57:50.507000,,1,20.0,,,False,True
0 days 01:00:27.151000,STR,18,0 days 00:01:18.201000,12.0,1.0,NaT,NaT,0 days 00:00:22.324000,0 days 00:00:24.973000,0 days 00:00:30.904000,0 days 00:59:31.308000,0 days 00:59:56.281000,0 days 01:00:27.185000,231.0,266.0,274.0,298.0,False,SOFT,12.0,True,Aston Martin,0 days 00:59:08.950000,,1,20.0,,,False,True
0 days 01:01:44.922000,STR,18,0 days 00:01:17.771000,13.0,1.0,NaT,NaT,0 days 00:00:22.052000,0 days 00:00:24.762000,0 days 00:00:30.957000,0 days 01:00:49.237000,0 days 01:01:13.999000,0 days 01:01:44.956000,239.0,270.0,269.0,297.0,False,SOFT,13.0,True,Aston Martin,0 days 01:00:27.151000,,1,20.0,,,False,True
0 days 01:03:02.714000,STR,18,0 days 00:01:17.792000,14.0,1.0,NaT,NaT,0 days 00:00:22.128000,0 days 00:00:24.853000,0 days 00:00:30.811000,0 days 01:02:07.084000,0 days 01:02:31.937000,0 days 01:03:02.748000,237.0,265.0,274.0,299.0,False,SOFT,14.0,True,Aston Martin,0 days 01:01:44.922000,,1,19.0,,,False,True
0 days 01:04:20.170000,STR,18,0 days 00:01:17.456000,15.0,1.0,NaT,NaT,0 days 00:00:21.982000,0 days 00:00:24.597000,0 days 00:00:30.877000,0 days 01:03:24.730000,0 days 01:03:49.327000,0 days 01:04:20.204000,241.0,271.0,270.0,300.0,True,SOFT,15.0,True,Aston Martin,0 days 01:03:02.714000,,1,18.0,,,False,True
0 days 01:05:37.793000,STR,18,0 days 00:01:17.623000,16.0,1.0,NaT,NaT,0 days 00:00:22.119000,0 days 00:00:24.709000,0 days 00:00:30.795000,0 days 01:04:42.323000,0 days 01:05:07.032000,0 days 01:05:37.827000,238.0,267.0,276.0,297.0,False,SOFT,16.0,True,Aston Martin,0 days 01:04:20.170000,,12,18.0,,,False,True
0 days 01:06:54.913000,STR,18,0 days 00:01:17.120000,17.0,1.0,NaT,NaT,0 days 00:00:21.895000,0 days 00:00:24.491000,0 days 00:00:30.734000,0 days 01:05:59.722000,0 days 01:06:24.213000,0 days 01:06:54.947000,241.0,271.0,272.0,293.0,True,SOFT,17.0,True,Aston Martin,0 days 01:05:37.793000,,1,18.0,,,False,True
0 days 01:08:12.348000,STR,18,0 days 00:01:17.435000,18.0,1.0,NaT,NaT,0 days 00:00:22.032000,0 days 00:00:24.656000,0 days 00:00:30.747000,0 days 01:07:16.979000,0 days 01:07:41.635000,0 days 01:08:12.382000,239.0,267.0,272.0,294.0,False,SOFT,18.0,True,Aston Martin,0 days 01:06:54.913000,,1,17.0,,,False,True
0 days 01:09:30.170000,STR,18,0 days 00:01:17.822000,19.0,1.0,NaT,NaT,0 days 00:00:21.993000,0 days 00:00:24.722000,0 days 00:00:31.107000,0 days 01:08:34.375000,0 days 01:08:59.097000,0 days 01:09:30.204000,238.0,267.0,250.0,293.0,False,SOFT,19.0,True,Aston Martin,0 days 01:08:12.348000,,1,16.0,,,False,True
0 days 01:10:50.867000,STR,18,0 days 00:01:20.697000,20.0,1.0,NaT,NaT,0 days 00:00:25.541000,0 days 00:00:24.703000,0 days 00:00:30.453000,0 days 01:09:55.745000,0 days 01:10:20.448000,0 days 01:10:50.901000,243.0,272.0,278.0,325.0,False,SOFT,20.0,True,Aston Martin,0 days 01:09:30.170000,,1,16.0,,,False,True
0 days 01:12:10.971000,STR,18,0 days 00:01:20.104000,21.0,1.0,NaT,NaT,0 days 00:00:22.084000,0 days 00:00:26.648000,0 days 00:00:31.372000,0 days 01:11:12.985000,0 days 01:11:39.633000,0 days 01:12:11.005000,241.0,224.0,278.0,317.0,False,SOFT,21.0,True,Aston Martin,0 days 01:10:50.867000,,1,16.0,,,False,True
0 days 01:13:28.948000,STR,18,0 days 00:01:17.977000,22.0,1.0,NaT,NaT,0 days 00:00:22.367000,0 days 00:00:24.661000,0 days 00:00:30.949000,0 days 01:12:33.372000,0 days 01:12:58.033000,0 days 01:13:28.982000,244.0,277.0,269.0,312.0,False,SOFT,22.0,True,Aston Martin,0 days 01:12:10.971000,,1,16.0,,,False,True
0 days 00:46:01.729000,BOT,77,NaT,1.0,1.0,0 days 00:44:40.068000,NaT,NaT,0 days 00:00:25.860000,0 days 00:00:31.106000,NaT,0 days 00:45:30.727000,0 days 00:46:01.940000,233.0,280.0,292.0,313.0,False,SOFT,1.0,True,Cadillac,0 days 00:44:24.605000,,1,20.0,,,False,False
0 days 00:47:20.699000,BOT,77,0 days 00:01:18.970000,2.0,1.0,NaT,NaT,0 days 00:00:22.827000,0 days 00:00:25.228000,0 days 00:00:30.915000,0 days 00:46:24.591000,0 days 00:46:49.819000,0 days 00:47:20.734000,233.0,275.0,281.0,308.0,True,SOFT,2.0,True,Cadillac,0 days 00:46:01.729000,,1,20.0,,,False,True
0 days 00:48:39.952000,BOT,77,0 days 00:01:19.253000,3.0,1.0,NaT,NaT,0 days 00:00:22.503000,0 days 00:00:24.939000,0 days 00:00:31.811000,0 days 00:47:43.237000,0 days 00:48:08.176000,0 days 00:48:39.987000,233.0,277.0,272.0,306.0,False,SOFT,3.0,True,Cadillac,0 days 00:47:20.699000,,1,21.0,,,False,True
0 days 00:49:59.438000,BOT,77,0 days 00:01:19.486000,4.0,1.0,NaT,NaT,0 days 00:00:22.811000,0 days 00:00:25.214000,0 days 00:00:31.461000,0 days 00:49:02.798000,0 days 00:49:28.012000,0 days 00:49:59.473000,230.0,269.0,287.0,303.0,False,SOFT,4.0,True,Cadillac,0 days 00:48:39.952000,,1,21.0,,,False,True
0 days 00:51:18.364000,BOT,77,0 days 00:01:18.926000,5.0,1.0,NaT,NaT,0 days 00:00:23.204000,0 days 00:00:25.084000,0 days 00:00:30.638000,0 days 00:50:22.677000,0 days 00:50:47.761000,0 days 00:51:18.399000,229.0,280.0,285.0,320.0,True,SOFT,5.0,True,Cadillac,0 days 00:49:59.438000,,1,21.0,,,False,True
0 days 00:52:37.415000,BOT,77,0 days 00:01:19.051000,6.0,1.0,NaT,NaT,0 days 00:00:23.014000,0 days 00:00:25.070000,0 days 00:00:30.967000,0 days 00:51:41.413000,0 days 00:52:06.483000,0 days 00:52:37.450000,232.0,279.0,278.0,306.0,False,SOFT,6.0,True,Cadillac,0 days 00:51:18.364000,,1,20.0,,,False,True
0 days 00:53:55.657000,BOT,77,0 days 00:01:18.242000,7.0,1.0,NaT,NaT,0 days 00:00:22.715000,0 days 00:00:24.789000,0 days 00:00:30.738000,0 days 00:53:00.165000,0 days 00:53:24.954000,0 days 00:53:55.692000,230.0,278.0,275.0,303.0,True,SOFT,7.0,True,Cadillac,0 days 00:52:37.415000,,1,20.0,,,False,True
0 days 00:55:13.986000,BOT,77,0 days 00:01:18.329000,8.0,1.0,NaT,NaT,0 days 00:00:22.614000,0 days 00:00:24.904000,0 days 00:00:30.811000,0 days 00:54:18.306000,0 days 00:54:43.210000,0 days 00:55:14.021000,231.0,276.0,279.0,301.0,False,SOFT,8.0,True,Cadillac,0 days 00:53:55.657000,,1,20.0,,,False,True
0 days 00:56:31.634000,BOT,77,0 days 00:01:17.648000,9.0,1.0,NaT,NaT,0 days 00:00:22.454000,0 days 00:00:24.706000,0 days 00:00:30.488000,0 days 00:55:36.475000,0 days 00:56:01.181000,0 days 00:56:31.669000,231.0,277.0,279.0,314.0,True,SOFT,9.0,True,Cadillac,0 days 00:55:13.986000,,1,20.0,,,False,True
0 days 00:57:50.579000,BOT,77,0 days 00:01:18.945000,10.0,1.0,NaT,NaT,0 days 00:00:22.299000,0 days 00:00:25.275000,0 days 00:00:31.371000,0 days 00:56:53.968000,0 days 00:57:19.243000,0 days 00:57:50.614000,232.0,268.0,282.0,311.0,False,SOFT,10.0,True,Cadillac,0 days 00:56:31.634000,,1,21.0,,,False,True
0 days 00:59:09.480000,BOT,77,0 days 00:01:18.901000,11.0,1.0,NaT,NaT,0 days 00:00:23.259000,0 days 00:00:25.167000,0 days 00:00:30.475000,0 days 00:58:13.873000,0 days 00:58:39.040000,0 days 00:59:09.515000,233.0,278.0,287.0,319.0,False,SOFT,11.0,True,Cadillac,0 days 00:57:50.579000,,1,21.0,,,False,True
0 days 01:00:27.773000,BOT,77,0 days 00:01:18.293000,12.0,1.0,NaT,NaT,0 days 00:00:22.539000,0 days 00:00:24.873000,0 days 00:00:30.881000,0 days 00:59:32.054000,0 days 00:59:56.927000,0 days 01:00:27.808000,232.0,279.0,278.0,318.0,False,SOFT,12.0,True,Cadillac,0 days 00:59:09.480000,,1,21.0,,,False,True
0 days 01:01:45.687000,BOT,77,0 days 00:01:17.914000,13.0,1.0,NaT,NaT,0 days 00:00:22.535000,0 days 00:00:24.796000,0 days 00:00:30.583000,0 days 01:00:50.343000,0 days 01:01:15.139000,0 days 01:01:45.722000,231.0,281.0,282.0,314.0,False,SOFT,13.0,True,Cadillac,0 days 01:00:27.773000,,1,21.0,,,False,True
0 days 01:03:03.600000,BOT,77,0 days 00:01:17.913000,14.0,1.0,NaT,NaT,0 days 00:00:22.473000,0 days 00:00:24.798000,0 days 00:00:30.642000,0 days 01:02:08.195000,0 days 01:02:32.993000,0 days 01:03:03.635000,230.0,278.0,280.0,317.0,False,SOFT,14.0,True,Cadillac,0 days 01:01:45.687000,,1,20.0,,,False,True
0 days 01:04:21.293000,BOT,77,0 days 00:01:17.693000,15.0,1.0,NaT,NaT,0 days 00:00:22.457000,0 days 00:00:24.701000,0 days 00:00:30.535000,0 days 01:03:26.092000,0 days 01:03:50.793000,0 days 01:04:21.328000,231.0,279.0,281.0,313.0,False,SOFT,15.0,True,Cadillac,0 days 01:03:03.600000,,1,19.0,,,False,True
0 days 01:05:38.918000,BOT,77,0 days 00:01:17.625000,16.0,1.0,NaT,NaT,0 days 00:00:22.293000,0 days 00:00:24.723000,0 days 00:00:30.609000,0 days 01:04:43.621000,0 days 01:05:08.344000,0 days 01:05:38.953000,232.0,278.0,283.0,304.0,True,SOFT,16.0,True,Cadillac,0 days 01:04:21.293000,,12,19.0,,,False,True
0 days 01:06:56.130000,BOT,77,0 days 00:01:17.212000,17.0,1.0,NaT,NaT,0 days 00:00:22.188000,0 days 00:00:24.569000,0 days 00:00:30.455000,0 days 01:06:01.141000,0 days 01:06:25.710000,0 days 01:06:56.165000,233.0,277.0,284.0,301.0,True,SOFT,17.0,True,Cadillac,0 days 01:05:38.918000,,1,19.0,,,False,True
0 days 01:08:13.540000,BOT,77,0 days 00:01:17.410000,18.0,1.0,NaT,NaT,0 days 00:00:22.222000,0 days 00:00:24.503000,0 days 00:00:30.685000,0 days 01:07:18.387000,0 days 01:07:42.890000,0 days 01:08:13.575000,231.0,279.0,278.0,305.0,False,SOFT,18.0,True,Cadillac,0 days 01:06:56.130000,,1,18.0,,,False,True
0 days 01:09:33.315000,BOT,77,0 days 00:01:19.775000,19.0,1.0,NaT,NaT,0 days 00:00:22.355000,0 days 00:00:24.609000,0 days 00:00:32.811000,0 days 01:08:35.930000,0 days 01:09:00.539000,0 days 01:09:33.350000,231.0,278.0,287.0,225.0,False,SOFT,19.0,True,Cadillac,0 days 01:08:13.540000,,1,17.0,,,False,True
0 days 01:10:55.693000,BOT,77,0 days 00:01:22.378000,20.0,1.0,NaT,NaT,0 days 00:00:23.065000,0 days 00:00:24.769000,0 days 00:00:34.544000,0 days 01:09:56.415000,0 days 01:10:21.184000,0 days 01:10:55.728000,232.0,282.0,280.0,251.0,False,SOFT,20.0,True,Cadillac,0 days 01:09:33.315000,,1,17.0,,,False,True
0 days 01:12:16.445000,BOT,77,0 days 00:01:20.752000,21.0,1.0,NaT,NaT,0 days 00:00:24.222000,0 days 00:00:25.582000,0 days 00:00:30.948000,0 days 01:11:19.950000,0 days 01:11:45.532000,0 days 01:12:16.480000,231.0,275.0,306.0,316.0,False,SOFT,21.0,True,Cadillac,0 days 01:10:55.693000,,1,17.0,,,False,True
0 days 01:13:33.682000,BOT,77,0 days 00:01:17.237000,22.0,1.0,NaT,NaT,0 days 00:00:22.173000,0 days 00:00:24.487000,0 days 00:00:30.577000,0 days 01:12:38.653000,0 days 01:13:03.140000,0 days 01:13:33.717000,233.0,278.0,280.0,314.0,False,SOFT,22.0,True,Cadillac,0 days 01:12:16.445000,,1,17.0,,,False,True
0 days 00:45:59.059000,BEA,87,NaT,1.0,1.0,0 days 00:44:38.286000,NaT,NaT,0 days 00:00:25.286000,0 days 00:00:31.180000,NaT,0 days 00:45:27.962000,0 days 00:45:59.299000,241.0,287.0,291.0,317.0,False,MEDIUM,10.0,False,Haas F1 Team,0 days 00:44:24.605000,,1,18.0,,,False,False
0 days 00:47:17.447000,BEA,87,0 days 00:01:18.388000,2.0,1.0,NaT,NaT,0 days 00:00:22.822000,0 days 00:00:24.983000,0 days 00:00:30.583000,0 days 00:46:21.915000,0 days 00:46:46.898000,0 days 00:47:17.481000,236.0,288.0,310.0,324.0,True,MEDIUM,11.0,False,Haas F1 Team,0 days 00:45:59.059000,,1,18.0,,,False,True
0 days 00:48:35.694000,BEA,87,0 days 00:01:18.247000,3.0,1.0,NaT,NaT,0 days 00:00:22.698000,0 days 00:00:24.907000,0 days 00:00:30.642000,0 days 00:47:40.179000,0 days 00:48:05.086000,0 days 00:48:35.728000,236.0,287.0,285.0,334.0,True,MEDIUM,12.0,False,Haas F1 Team,0 days 00:47:17.447000,,1,18.0,,,False,True
0 days 00:49:52.804000,BEA,87,0 days 00:01:17.110000,4.0,1.0,NaT,NaT,0 days 00:00:22.399000,0 days 00:00:24.633000,0 days 00:00:30.078000,0 days 00:48:58.127000,0 days 00:49:22.760000,0 days 00:49:52.838000,236.0,288.0,301.0,338.0,True,MEDIUM,13.0,False,Haas F1 Team,0 days 00:48:35.694000,,1,18.0,,,False,True
0 days 00:51:12.532000,BEA,87,0 days 00:01:19.728000,5.0,1.0,NaT,NaT,0 days 00:00:22.873000,0 days 00:00:25.332000,0 days 00:00:31.523000,0 days 00:50:15.711000,0 days 00:50:41.043000,0 days 00:51:12.566000,232.0,277.0,279.0,336.0,False,MEDIUM,14.0,False,Haas F1 Team,0 days 00:49:52.804000,,1,18.0,,,False,True
0 days 00:52:30.912000,BEA,87,0 days 00:01:18.380000,6.0,1.0,NaT,NaT,0 days 00:00:22.520000,0 days 00:00:25.337000,0 days 00:00:30.523000,0 days 00:51:35.086000,0 days 00:52:00.423000,0 days 00:52:30.946000,235.0,274.0,285.0,321.0,False,MEDIUM,15.0,False,Haas F1 Team,0 days 00:51:12.532000,,1,18.0,,,False,True
0 days 00:53:48.252000,BEA,87,0 days 00:01:17.340000,7.0,1.0,NaT,NaT,0 days 00:00:22.221000,0 days 00:00:24.738000,0 days 00:00:30.381000,0 days 00:52:53.167000,0 days 00:53:17.905000,0 days 00:53:48.286000,237.0,280.0,291.0,315.0,False,MEDIUM,16.0,False,Haas F1 Team,0 days 00:52:30.912000,,1,18.0,,,False,True
0 days 00:55:05.396000,BEA,87,0 days 00:01:17.144000,8.0,1.0,NaT,NaT,0 days 00:00:22.067000,0 days 00:00:24.700000,0 days 00:00:30.377000,0 days 00:54:10.353000,0 days 00:54:35.053000,0 days 00:55:05.430000,237.0,280.0,285.0,315.0,False,MEDIUM,17.0,False,Haas F1 Team,0 days 00:53:48.252000,,1,18.0,,,False,True
0 days 00:56:22.471000,BEA,87,0 days 00:01:17.075000,9.0,1.0,NaT,NaT,0 days 00:00:22.102000,0 days 00:00:24.621000,0 days 00:00:30.352000,0 days 00:55:27.532000,0 days 00:55:52.153000,0 days 00:56:22.505000,239.0,284.0,303.0,322.0,True,MEDIUM,18.0,False,Haas F1 Team,0 days 00:55:05.396000,,1,18.0,,,False,True
0 days 00:57:39.915000,BEA,87,0 days 00:01:17.444000,10.0,1.0,NaT,NaT,0 days 00:00:22.375000,0 days 00:00:24.823000,0 days 00:00:30.246000,0 days 00:56:44.880000,0 days 00:57:09.703000,0 days 00:57:39.949000,236.0,280.0,290.0,346.0,False,MEDIUM,19.0,False,Haas F1 Team,0 days 00:56:22.471000,,1,18.0,,,False,True
0 days 00:58:58.052000,BEA,87,0 days 00:01:18.137000,11.0,1.0,NaT,NaT,0 days 00:00:22.981000,0 days 00:00:24.927000,0 days 00:00:30.229000,0 days 00:58:02.930000,0 days 00:58:27.857000,0 days 00:58:58.086000,233.0,281.0,278.0,338.0,False,MEDIUM,20.0,False,Haas F1 Team,0 days 00:57:39.915000,,1,17.0,,,False,True
0 days 01:00:15.202000,BEA,87,0 days 00:01:17.150000,12.0,1.0,NaT,NaT,0 days 00:00:22.147000,0 days 00:00:24.516000,0 days 00:00:30.487000,0 days 00:59:20.233000,0 days 00:59:44.749000,0 days 01:00:15.236000,236.0,277.0,282.0,307.0,False,MEDIUM,21.0,False,Haas F1 Team,0 days 00:58:58.052000,,1,17.0,,,False,True
0 days 01:01:32.180000,BEA,87,0 days 00:01:16.978000,13.0,1.0,NaT,NaT,0 days 00:00:22.087000,0 days 00:00:24.518000,0 days 00:00:30.373000,0 days 01:00:37.323000,0 days 01:01:01.841000,0 days 01:01:32.214000,235.0,278.0,285.0,309.0,True,MEDIUM,22.0,False,Haas F1 Team,0 days 01:00:15.202000,,1,17.0,,,False,True
0 days 01:02:49.060000,BEA,87,0 days 00:01:16.880000,14.0,1.0,NaT,NaT,0 days 00:00:21.939000,0 days 00:00:24.547000,0 days 00:00:30.394000,0 days 01:01:54.153000,0 days 01:02:18.700000,0 days 01:02:49.094000,236.0,279.0,283.0,308.0,True,MEDIUM,23.0,False,Haas F1 Team,0 days 01:01:32.180000,,1,17.0,,,False,True
0 days 01:04:05.705000,BEA,87,0 days 00:01:16.645000,15.0,1.0,NaT,NaT,0 days 00:00:21.969000,0 days 00:00:24.296000,0 days 00:00:30.380000,0 days 01:03:11.063000,0 days 01:03:35.359000,0 days 01:04:05.739000,235.0,279.0,283.0,307.0,True,MEDIUM,24.0,False,Haas F1 Team,0 days 01:02:49.060000,,1,17.0,,,False,True
0 days 01:05:22.346000,BEA,87,0 days 00:01:16.641000,16.0,1.0,NaT,NaT,0 days 00:00:21.928000,0 days 00:00:24.402000,0 days 00:00:30.311000,0 days 01:04:27.667000,0 days 01:04:52.069000,0 days 01:05:22.380000,236.0,278.0,288.0,309.0,True,MEDIUM,25.0,False,Haas F1 Team,0 days 01:04:05.705000,,12,17.0,,,False,True
0 days 01:06:39.303000,BEA,87,0 days 00:01:16.957000,17.0,1.0,NaT,NaT,0 days 00:00:22.102000,0 days 00:00:24.500000,0 days 00:00:30.355000,0 days 01:05:44.482000,0 days 01:06:08.982000,0 days 01:06:39.337000,234.0,279.0,287.0,309.0,False,MEDIUM,26.0,False,Haas F1 Team,0 days 01:05:22.346000,,1,17.0,,,False,True
0 days 01:08:27.459000,BEA,87,0 days 00:01:48.156000,18.0,1.0,NaT,0 days 01:07:50.521000,0 days 00:00:22.125000,0 days 00:00:24.537000,0 days 00:01:01.494000,0 days 01:07:01.462000,0 days 01:07:25.999000,0 days 01:08:27.493000,236.0,279.0,,308.0,False,MEDIUM,27.0,False,Haas F1 Team,0 days 01:06:39.303000,,1,19.0,,,False,False
0 days 01:09:50.082000,BEA,87,0 days 00:01:22.623000,19.0,2.0,0 days 01:08:29.093000,NaT,0 days 00:00:25.969000,0 days 00:00:25.648000,0 days 00:00:31.006000,0 days 01:08:53.462000,0 days 01:09:19.110000,0 days 01:09:50.116000,234.0,287.0,297.0,311.0,False,MEDIUM,9.0,False,Haas F1 Team,0 days 01:08:27.459000,,1,18.0,,,False,False
0 days 01:11:06.930000,BEA,87,0 days 00:01:16.848000,20.0,2.0,NaT,NaT,0 days 00:00:22.094000,0 days 00:00:24.371000,0 days 00:00:30.383000,0 days 01:10:12.210000,0 days 01:10:36.581000,0 days 01:11:06.964000,236.0,279.0,281.0,308.0,False,MEDIUM,10.0,False,Haas F1 Team,0 days 01:09:50.082000,,1,18.0,,,False,True
0 days 01:12:23.457000,BEA,87,0 days 00:01:16.527000,21.0,2.0,NaT,NaT,0 days 00:00:22.082000,0 days 00:00:24.195000,0 days 00:00:30.250000,0 days 01:11:29.046000,0 days 01:11:53.241000,0 days 01:12:23.491000,236.0,281.0,286.0,310.0,True,MEDIUM,11.0,False,Haas F1 Team,0 days 01:11:06.930000,,1,18.0,,,False,True
0 days 01:13:39.667000,BEA,87,0 days 00:01:16.210000,22.0,2.0,NaT,NaT,0 days 00:00:21.781000,0 days 00:00:24.302000,0 days 00:00:30.127000,0 days 01:12:45.272000,0 days 01:13:09.574000,0 days 01:13:39.701000,237.0,280.0,288.0,309.0,True,MEDIUM,12.0,False,Haas F1 Team,0 days 01:12:23.457000,,1,18.0,,,False,True
0 days 00:46:02.918000,ALB,23,NaT,1.0,1.0,0 days 00:44:40.974000,NaT,NaT,0 days 00:00:26.124000,0 days 00:00:31.277000,NaT,0 days 00:45:31.852000,0 days 00:46:03.034000,239.0,285.0,280.0,319.0,False,MEDIUM,1.0,True,Williams,0 days 00:44:24.605000,,1,21.0,,,False,False
0 days 00:47:21.432000,ALB,23,0 days 00:01:18.514000,2.0,1.0,NaT,NaT,0 days 00:00:22.721000,0 days 00:00:24.978000,0 days 00:00:30.815000,0 days 00:46:25.654000,0 days 00:46:50.632000,0 days 00:47:21.447000,241.0,284.0,284.0,319.0,True,MEDIUM,2.0,True,Williams,0 days 00:46:02.918000,,1,21.0,,,False,True
0 days 00:48:39.867000,ALB,23,0 days 00:01:18.435000,3.0,1.0,NaT,NaT,0 days 00:00:22.431000,0 days 00:00:24.821000,0 days 00:00:31.183000,0 days 00:47:43.878000,0 days 00:48:08.699000,0 days 00:48:39.882000,243.0,288.0,267.0,335.0,True,MEDIUM,3.0,True,Williams,0 days 00:47:21.432000,,1,20.0,,,False,True
0 days 00:49:59.378000,ALB,23,0 days 00:01:19.511000,4.0,1.0,NaT,NaT,0 days 00:00:23.177000,0 days 00:00:25.362000,0 days 00:00:30.972000,0 days 00:49:03.059000,0 days 00:49:28.421000,0 days 00:49:59.393000,240.0,283.0,290.0,330.0,False,MEDIUM,4.0,True,Williams,0 days 00:48:39.867000,,1,20.0,,,False,True
0 days 00:51:17.982000,ALB,23,0 days 00:01:18.604000,5.0,1.0,NaT,NaT,0 days 00:00:22.586000,0 days 00:00:24.986000,0 days 00:00:31.032000,0 days 00:50:21.979000,0 days 00:50:46.965000,0 days 00:51:17.997000,232.0,276.0,263.0,305.0,False,MEDIUM,5.0,True,Williams,0 days 00:49:59.378000,,1,20.0,,,False,True
0 days 00:52:35.956000,ALB,23,0 days 00:01:17.974000,6.0,1.0,NaT,NaT,0 days 00:00:22.281000,0 days 00:00:25.110000,0 days 00:00:30.583000,0 days 00:51:40.278000,0 days 00:52:05.388000,0 days 00:52:35.971000,243.0,282.0,278.0,309.0,True,MEDIUM,6.0,True,Williams,0 days 00:51:17.982000,,1,19.0,,,False,True
0 days 00:53:53.260000,ALB,23,0 days 00:01:17.304000,7.0,1.0,NaT,NaT,0 days 00:00:22.089000,0 days 00:00:24.311000,0 days 00:00:30.904000,0 days 00:52:58.060000,0 days 00:53:22.371000,0 days 00:53:53.275000,239.0,282.0,280.0,309.0,True,MEDIUM,7.0,True,Williams,0 days 00:52:35.956000,,1,19.0,,,False,True
0 days 00:55:10.079000,ALB,23,0 days 00:01:16.819000,8.0,1.0,NaT,NaT,0 days 00:00:21.957000,0 days 00:00:24.386000,0 days 00:00:30.476000,0 days 00:54:15.232000,0 days 00:54:39.618000,0 days 00:55:10.094000,240.0,282.0,279.0,311.0,True,MEDIUM,8.0,True,Williams,0 days 00:53:53.260000,,1,19.0,,,False,True
0 days 00:56:26.855000,ALB,23,0 days 00:01:16.776000,9.0,1.0,NaT,NaT,0 days 00:00:21.957000,0 days 00:00:24.464000,0 days 00:00:30.355000,NaT,0 days 00:55:56.515000,0 days 00:56:26.870000,241.0,284.0,279.0,313.0,True,MEDIUM,9.0,True,Williams,0 days 00:55:10.079000,,1,19.0,,,False,True
0 days 00:57:43.378000,ALB,23,0 days 00:01:16.523000,10.0,1.0,NaT,NaT,0 days 00:00:21.739000,0 days 00:00:24.372000,0 days 00:00:30.412000,0 days 00:56:48.609000,0 days 00:57:12.981000,0 days 00:57:43.393000,241.0,283.0,283.0,315.0,True,MEDIUM,10.0,True,Williams,0 days 00:56:26.855000,,1,19.0,,,False,True
0 days 00:59:00.212000,ALB,23,0 days 00:01:16.834000,11.0,1.0,NaT,NaT,0 days 00:00:21.954000,0 days 00:00:24.598000,0 days 00:00:30.282000,0 days 00:58:05.347000,0 days 00:58:29.945000,0 days 00:59:00.227000,239.0,283.0,284.0,316.0,False,MEDIUM,11.0,True,Williams,0 days 00:57:43.378000,,1,19.0,,,False,True
0 days 01:00:17.320000,ALB,23,0 days 00:01:17.108000,12.0,1.0,NaT,NaT,0 days 00:00:22.037000,0 days 00:00:24.496000,0 days 00:00:30.575000,0 days 00:59:22.264000,0 days 00:59:46.760000,0 days 01:00:17.335000,241.0,290.0,273.0,338.0,False,MEDIUM,12.0,True,Williams,0 days 00:59:00.212000,,1,19.0,,,False,True
0 days 01:01:34.853000,ALB,23,0 days 00:01:17.533000,13.0,1.0,NaT,NaT,0 days 00:00:22.384000,0 days 00:00:24.683000,0 days 00:00:30.466000,0 days 01:00:39.719000,0 days 01:01:04.402000,0 days 01:01:34.868000,244.0,293.0,271.0,330.0,False,MEDIUM,13.0,True,Williams,0 days 01:00:17.320000,,1,18.0,,,False,True
0 days 01:03:08.536000,ALB,23,0 days 00:01:33.683000,14.0,1.0,NaT,0 days 01:02:46.103000,0 days 00:00:22.456000,0 days 00:00:24.506000,0 days 00:00:46.721000,0 days 01:01:57.324000,0 days 01:02:21.830000,0 days 01:03:08.551000,238.0,282.0,,312.0,False,MEDIUM,14.0,True,Williams,0 days 01:01:34.853000,,1,21.0,,,False,False
0 days 01:04:29.776000,ALB,23,0 days 00:01:21.240000,15.0,2.0,0 days 01:03:10.172000,NaT,0 days 00:00:25.093000,0 days 00:00:25.004000,0 days 00:00:31.143000,0 days 01:03:33.644000,0 days 01:03:58.648000,0 days 01:04:29.791000,245.0,284.0,292.0,308.0,False,SOFT,1.0,True,Williams,0 days 01:03:08.536000,,1,20.0,,,False,False
0 days 01:05:46.665000,ALB,23,0 days 00:01:16.889000,16.0,2.0,NaT,NaT,0 days 00:00:21.730000,0 days 00:00:24.022000,0 days 00:00:31.137000,0 days 01:04:51.521000,0 days 01:05:15.543000,0 days 01:05:46.680000,238.0,280.0,216.0,305.0,False,SOFT,2.0,True,Williams,0 days 01:04:29.776000,,12,20.0,,,False,True
0 days 01:07:20.984000,ALB,23,0 days 00:01:34.319000,17.0,2.0,NaT,NaT,0 days 00:00:29.394000,0 days 00:00:28.322000,0 days 00:00:36.603000,0 days 01:06:16.074000,0 days 01:06:44.396000,0 days 01:07:20.999000,150.0,205.0,296.0,255.0,False,SOFT,3.0,True,Williams,0 days 01:05:46.665000,,1,20.0,,,False,True
0 days 01:08:36.701000,ALB,23,0 days 00:01:15.717000,18.0,2.0,NaT,NaT,0 days 00:00:21.624000,0 days 00:00:24.047000,0 days 00:00:30.046000,0 days 01:07:42.623000,0 days 01:08:06.670000,0 days 01:08:36.716000,243.0,287.0,286.0,317.0,True,SOFT,4.0,True,Williams,0 days 01:07:20.984000,,1,20.0,,,False,True
0 days 01:10:13.017000,ALB,23,0 days 00:01:36.316000,19.0,2.0,NaT,NaT,0 days 00:00:31.145000,0 days 00:00:29.515000,0 days 00:00:35.656000,0 days 01:09:07.861000,0 days 01:09:37.376000,0 days 01:10:13.032000,211.0,277.0,303.0,240.0,False,SOFT,5.0,True,Williams,0 days 01:08:36.701000,,1,20.0,,,False,True
0 days 01:11:34.712000,ALB,23,0 days 00:01:21.695000,20.0,2.0,NaT,NaT,0 days 00:00:22.197000,0 days 00:00:26.173000,0 days 00:00:33.325000,0 days 01:10:35.229000,0 days 01:11:01.402000,0 days 01:11:34.727000,247.0,273.0,304.0,278.0,False,SOFT,6.0,True,Williams,0 days 01:10:13.017000,,1,19.0,,,False,True
0 days 01:12:53.160000,ALB,23,0 days 00:01:18.448000,21.0,2.0,NaT,NaT,0 days 00:00:21.721000,0 days 00:00:24.119000,0 days 00:00:32.608000,0 days 01:11:56.448000,0 days 01:12:20.567000,0 days 01:12:53.175000,240.0,283.0,272.0,265.0,False,SOFT,7.0,True,Williams,0 days 01:11:34.712000,,1,19.0,,,False,True
0 days 01:14:09.314000,ALB,23,0 days 00:01:16.154000,22.0,2.0,NaT,NaT,0 days 00:00:21.839000,0 days 00:00:24.079000,0 days 00:00:30.236000,0 days 01:13:15.014000,0 days 01:13:39.093000,0 days 01:14:09.329000,240.0,282.0,283.0,308.0,False,SOFT,8.0,True,Williams,0 days 01:12:53.160000,,1,19.0,,,False,True
0 days 00:46:00.337000,GAS,10,NaT,1.0,1.0,0 days 00:44:39.396000,NaT,NaT,0 days 00:00:25.638000,0 days 00:00:31.092000,NaT,0 days 00:45:29.399000,0 days 00:46:00.424000,244.0,282.0,276.0,316.0,False,MEDIUM,1.0,True,Alpine,0 days 00:44:24.605000,,1,19.0,,,False,False
0 days 00:47:17.852000,GAS,10,0 days 00:01:17.515000,2.0,1.0,NaT,NaT,0 days 00:00:22.407000,0 days 00:00:24.826000,0 days 00:00:30.282000,0 days 00:46:22.798000,0 days 00:46:47.624000,0 days 00:47:17.906000,245.0,291.0,310.0,333.0,True,MEDIUM,2.0,True,Alpine,0 days 00:46:00.337000,,1,19.0,,,False,True
0 days 00:48:36.222000,GAS,10,0 days 00:01:18.370000,3.0,1.0,NaT,NaT,0 days 00:00:22.628000,0 days 00:00:24.900000,0 days 00:00:30.842000,0 days 00:47:40.534000,0 days 00:48:05.434000,0 days 00:48:36.276000,243.0,295.0,287.0,347.0,False,MEDIUM,3.0,True,Alpine,0 days 00:47:17.852000,,1,19.0,,,False,True
0 days 00:49:53.412000,GAS,10,0 days 00:01:17.190000,4.0,1.0,NaT,NaT,0 days 00:00:22.370000,0 days 00:00:24.560000,0 days 00:00:30.260000,0 days 00:48:58.646000,0 days 00:49:23.206000,0 days 00:49:53.466000,242.0,293.0,294.0,341.0,True,MEDIUM,4.0,True,Alpine,0 days 00:48:36.222000,,1,19.0,,,False,True
0 days 00:51:11.580000,GAS,10,0 days 00:01:18.168000,5.0,1.0,NaT,NaT,0 days 00:00:22.439000,0 days 00:00:25.212000,0 days 00:00:30.517000,0 days 00:50:15.905000,0 days 00:50:41.117000,0 days 00:51:11.634000,243.0,291.0,276.0,339.0,False,MEDIUM,5.0,True,Alpine,0 days 00:49:53.412000,,1,17.0,,,False,True
0 days 00:52:28.390000,GAS,10,0 days 00:01:16.810000,6.0,1.0,NaT,NaT,0 days 00:00:21.855000,0 days 00:00:24.342000,0 days 00:00:30.613000,0 days 00:51:33.489000,0 days 00:51:57.831000,0 days 00:52:28.444000,241.0,291.0,287.0,334.0,True,MEDIUM,6.0,True,Alpine,0 days 00:51:11.580000,,1,17.0,,,False,True
0 days 00:53:45.897000,GAS,10,0 days 00:01:17.507000,7.0,1.0,NaT,NaT,0 days 00:00:22.619000,0 days 00:00:24.627000,0 days 00:00:30.261000,0 days 00:52:51.063000,0 days 00:53:15.690000,0 days 00:53:45.951000,242.0,301.0,276.0,320.0,False,MEDIUM,7.0,True,Alpine,0 days 00:52:28.390000,,1,16.0,,,False,True
0 days 00:55:02.943000,GAS,10,0 days 00:01:17.046000,8.0,1.0,NaT,NaT,0 days 00:00:21.922000,0 days 00:00:24.296000,0 days 00:00:30.828000,0 days 00:54:07.873000,0 days 00:54:32.169000,0 days 00:55:02.997000,241.0,285.0,273.0,317.0,False,MEDIUM,8.0,True,Alpine,0 days 00:53:45.897000,,1,16.0,,,False,True
0 days 00:56:19.872000,GAS,10,0 days 00:01:16.929000,9.0,1.0,NaT,NaT,0 days 00:00:21.818000,0 days 00:00:24.238000,0 days 00:00:30.873000,0 days 00:55:24.815000,0 days 00:55:49.053000,0 days 00:56:19.926000,242.0,284.0,278.0,316.0,False,MEDIUM,9.0,True,Alpine,0 days 00:55:02.943000,,1,16.0,,,False,True
0 days 00:57:36.252000,GAS,10,0 days 00:01:16.380000,10.0,1.0,NaT,NaT,0 days 00:00:21.742000,0 days 00:00:24.195000,0 days 00:00:30.443000,0 days 00:56:41.668000,0 days 00:57:05.863000,0 days 00:57:36.306000,242.0,282.0,275.0,315.0,True,MEDIUM,10.0,True,Alpine,0 days 00:56:19.872000,,1,16.0,,,False,True
0 days 00:58:52.779000,GAS,10,0 days 00:01:16.527000,11.0,1.0,NaT,NaT,0 days 00:00:21.771000,0 days 00:00:24.254000,0 days 00:00:30.502000,0 days 00:57:58.077000,0 days 00:58:22.331000,0 days 00:58:52.833000,241.0,281.0,272.0,313.0,False,MEDIUM,11.0,True,Alpine,0 days 00:57:36.252000,,1,16.0,,,False,True
0 days 01:00:08.929000,GAS,10,0 days 00:01:16.150000,12.0,1.0,NaT,NaT,0 days 00:00:21.737000,0 days 00:00:24.106000,0 days 00:00:30.307000,0 days 00:59:14.570000,0 days 00:59:38.676000,0 days 01:00:08.983000,242.0,285.0,279.0,319.0,True,MEDIUM,12.0,True,Alpine,0 days 00:58:52.779000,,1,16.0,,,False,True
0 days 01:01:25.386000,GAS,10,0 days 00:01:16.457000,13.0,1.0,NaT,NaT,0 days 00:00:21.854000,0 days 00:00:24.181000,0 days 00:00:30.422000,0 days 01:00:30.837000,0 days 01:00:55.018000,0 days 01:01:25.440000,241.0,285.0,287.0,319.0,False,MEDIUM,13.0,True,Alpine,0 days 01:00:08.929000,,1,16.0,,,False,True
0 days 01:02:42.202000,GAS,10,0 days 00:01:16.816000,14.0,1.0,NaT,NaT,0 days 00:00:21.962000,0 days 00:00:24.510000,0 days 00:00:30.344000,0 days 01:01:47.402000,0 days 01:02:11.912000,0 days 01:02:42.256000,242.0,288.0,289.0,334.0,False,MEDIUM,14.0,True,Alpine,0 days 01:01:25.386000,,1,16.0,,,False,True
0 days 01:03:59.286000,GAS,10,0 days 00:01:17.084000,15.0,1.0,NaT,NaT,0 days 00:00:22.291000,0 days 00:00:24.295000,0 days 00:00:30.498000,0 days 01:03:04.547000,0 days 01:03:28.842000,0 days 01:03:59.340000,244.0,293.0,270.0,346.0,False,MEDIUM,15.0,True,Alpine,0 days 01:02:42.202000,,1,15.0,,,False,True
0 days 01:05:16.166000,GAS,10,0 days 00:01:16.880000,16.0,1.0,NaT,NaT,0 days 00:00:22.073000,0 days 00:00:24.399000,0 days 00:00:30.408000,0 days 01:04:21.413000,0 days 01:04:45.812000,0 days 01:05:16.220000,242.0,286.0,275.0,318.0,False,MEDIUM,16.0,True,Alpine,0 days 01:03:59.286000,,12,15.0,,,False,True
0 days 01:06:32.501000,GAS,10,0 days 00:01:16.335000,17.0,1.0,NaT,NaT,0 days 00:00:21.871000,0 days 00:00:24.089000,0 days 00:00:30.375000,0 days 01:05:38.091000,0 days 01:06:02.180000,0 days 01:06:32.555000,242.0,286.0,279.0,324.0,False,MEDIUM,17.0,True,Alpine,0 days 01:05:16.166000,,1,15.0,,,False,True
0 days 01:07:49.061000,GAS,10,0 days 00:01:16.560000,18.0,1.0,NaT,NaT,0 days 00:00:21.857000,0 days 00:00:24.298000,0 days 00:00:30.405000,0 days 01:06:54.412000,0 days 01:07:18.710000,0 days 01:07:49.115000,242.0,290.0,288.0,328.0,False,MEDIUM,18.0,True,Alpine,0 days 01:06:32.501000,,1,15.0,,,False,True
0 days 01:10:10.598000,GAS,10,0 days 00:02:21.537000,19.0,1.0,NaT,0 days 01:09:01.593000,0 days 00:00:22.204000,0 days 00:00:25,0 days 00:01:34.333000,0 days 01:08:11.319000,0 days 01:08:36.319000,0 days 01:10:10.652000,243.0,296.0,,313.0,False,MEDIUM,19.0,True,Alpine,0 days 01:07:49.061000,,1,19.0,,,False,False
0 days 01:11:35.652000,GAS,10,0 days 00:01:25.054000,20.0,2.0,0 days 01:10:12.209000,NaT,0 days 00:00:27.072000,0 days 00:00:26.059000,0 days 00:00:31.923000,0 days 01:10:37.724000,0 days 01:11:03.783000,0 days 01:11:35.706000,234.0,272.0,290.0,305.0,False,SOFT,9.0,False,Alpine,0 days 01:10:10.598000,,1,20.0,,,False,False
0 days 01:12:56.914000,GAS,10,0 days 00:01:21.262000,21.0,2.0,NaT,NaT,0 days 00:00:22.479000,0 days 00:00:25.333000,0 days 00:00:33.450000,0 days 01:11:58.185000,0 days 01:12:23.518000,0 days 01:12:56.968000,243.0,292.0,296.0,264.0,False,SOFT,10.0,False,Alpine,0 days 01:11:35.652000,,1,20.0,,,False,True
0 days 01:14:24.298000,GAS,10,0 days 00:01:27.384000,22.0,2.0,NaT,NaT,0 days 00:00:25.972000,0 days 00:00:29.453000,0 days 00:00:31.959000,0 days 01:13:22.940000,0 days 01:13:52.393000,0 days 01:14:24.352000,157.0,283.0,275.0,317.0,False,SOFT,11.0,False,Alpine,0 days 01:12:56.914000,,1,20.0,,,False,True
0 days 00:45:50.024000,HAD,6,NaT,1.0,1.0,NaT,NaT,NaT,0 days 00:00:25.169000,0 days 00:00:30.423000,NaT,0 days 00:45:19.724000,0 days 00:45:50.118000,247.0,288.0,291.0,330.0,False,MEDIUM,1.0,True,Red Bull Racing,0 days 00:44:24.605000,,1,8.0,,,False,False
0 days 00:47:06.713000,HAD,6,0 days 00:01:16.689000,2.0,1.0,NaT,NaT,0 days 00:00:22.338000,0 days 00:00:24.335000,0 days 00:00:30.016000,0 days 00:46:12.410000,0 days 00:46:36.745000,0 days 00:47:06.761000,245.0,289.0,295.0,324.0,True,MEDIUM,2.0,True,Red Bull Racing,0 days 00:45:50.024000,,1,8.0,,,False,True
0 days 00:48:22.521000,HAD,6,0 days 00:01:15.808000,3.0,1.0,NaT,NaT,0 days 00:00:21.708000,0 days 00:00:24.193000,0 days 00:00:29.907000,0 days 00:47:28.469000,0 days 00:47:52.662000,0 days 00:48:22.569000,248.0,288.0,297.0,326.0,True,MEDIUM,3.0,True,Red Bull Racing,0 days 00:47:06.713000,,1,8.0,,,False,True
0 days 00:49:37.954000,HAD,6,0 days 00:01:15.433000,4.0,1.0,NaT,NaT,0 days 00:00:21.491000,0 days 00:00:24.103000,0 days 00:00:29.839000,0 days 00:48:44.060000,0 days 00:49:08.163000,0 days 00:49:38.002000,246.0,288.0,294.0,328.0,True,MEDIUM,4.0,True,Red Bull Racing,0 days 00:48:22.521000,,1,8.0,,,False,True
0 days 00:51:14.984000,HAD,6,0 days 00:01:37.030000,5.0,1.0,NaT,NaT,0 days 00:00:28.468000,0 days 00:00:29.534000,0 days 00:00:39.028000,0 days 00:50:06.470000,0 days 00:50:36.004000,0 days 00:51:15.032000,129.0,239.0,232.0,250.0,False,MEDIUM,5.0,True,Red Bull Racing,0 days 00:49:37.954000,,1,19.0,,,False,True
0 days 00:52:46.343000,HAD,6,0 days 00:01:31.359000,6.0,1.0,NaT,NaT,0 days 00:00:24.950000,0 days 00:00:28.771000,0 days 00:00:37.638000,0 days 00:51:39.982000,0 days 00:52:08.753000,0 days 00:52:46.391000,219.0,241.0,241.0,269.0,False,MEDIUM,6.0,True,Red Bull Racing,0 days 00:51:14.984000,,1,22.0,,,False,True
0 days 00:56:46.330000,HAD,6,NaT,7.0,1.0,NaT,0 days 00:54:12.763000,0 days 00:00:25.031000,0 days 00:00:29.554000,NaT,0 days 00:53:11.568000,0 days 00:53:41.059000,NaT,215.0,238.0,,259.0,False,MEDIUM,7.0,True,Red Bull Racing,0 days 00:52:46.343000,,1,22.0,,,False,False
0 days 00:58:07.492000,HAD,6,0 days 00:01:21.162000,8.0,2.0,0 days 00:56:47.969000,NaT,0 days 00:00:25.343000,0 days 00:00:25.006000,0 days 00:00:30.813000,0 days 00:57:11.721000,0 days 00:57:36.727000,0 days 00:58:07.540000,241.0,279.0,282.0,305.0,False,MEDIUM,8.0,False,Red Bull Racing,0 days 00:56:46.330000,,1,22.0,,,False,False
0 days 00:59:39.941000,HAD,6,0 days 00:01:32.449000,9.0,2.0,NaT,0 days 00:59:18.031000,0 days 00:00:21.824000,0 days 00:00:24.085000,0 days 00:00:46.540000,0 days 00:58:29.364000,0 days 00:58:53.449000,0 days 00:59:39.989000,246.0,280.0,,308.0,False,MEDIUM,9.0,False,Red Bull Racing,0 days 00:58:07.492000,,1,22.0,,,False,False
0 days 01:01:01.124000,HAD,6,0 days 00:01:21.183000,10.0,3.0,0 days 00:59:41.508000,NaT,0 days 00:00:24.891000,0 days 00:00:24.698000,0 days 00:00:31.594000,0 days 01:00:04.880000,0 days 01:00:29.578000,0 days 01:01:01.172000,242.0,284.0,282.0,311.0,False,SOFT,6.0,False,Red Bull Racing,0 days 00:59:39.941000,,1,22.0,,,False,False
0 days 01:02:16.953000,HAD,6,0 days 00:01:15.829000,11.0,3.0,NaT,NaT,0 days 00:00:21.607000,0 days 00:00:23.952000,0 days 00:00:30.270000,0 days 01:01:22.779000,0 days 01:01:46.731000,0 days 01:02:17.001000,244.0,278.0,288.0,306.0,False,SOFT,7.0,False,Red Bull Racing,0 days 01:01:01.124000,,1,22.0,,,False,True
0 days 01:03:31.894000,HAD,6,0 days 00:01:14.941000,12.0,3.0,NaT,NaT,0 days 00:00:21.315000,0 days 00:00:23.753000,0 days 00:00:29.873000,0 days 01:02:38.316000,0 days 01:03:02.069000,0 days 01:03:31.942000,245.0,282.0,293.0,307.0,True,SOFT,8.0,False,Red Bull Racing,0 days 01:02:16.953000,,1,22.0,,,False,True
0 days 01:04:46.856000,HAD,6,0 days 00:01:14.962000,13.0,3.0,NaT,NaT,0 days 00:00:21.256000,0 days 00:00:23.718000,0 days 00:00:29.988000,0 days 01:03:53.198000,0 days 01:04:16.916000,0 days 01:04:46.904000,244.0,280.0,290.0,307.0,False,SOFT,9.0,False,Red Bull Racing,0 days 01:03:31.894000,,1,22.0,,,False,True
0 days 01:06:02.069000,HAD,6,0 days 00:01:15.213000,14.0,3.0,NaT,NaT,0 days 00:00:21.362000,0 days 00:00:23.765000,0 days 00:00:30.086000,0 days 01:05:08.266000,0 days 01:05:32.031000,0 days 01:06:02.117000,245.0,284.0,292.0,307.0,False,SOFT,10.0,False,Red Bull Racing,0 days 01:04:46.856000,,12,22.0,,,False,True
0 days 01:07:17.099000,HAD,6,0 days 00:01:15.030000,15.0,3.0,NaT,NaT,0 days 00:00:21.304000,0 days 00:00:23.734000,0 days 00:00:29.992000,0 days 01:06:23.421000,0 days 01:06:47.155000,0 days 01:07:17.147000,243.0,282.0,290.0,306.0,False,SOFT,11.0,False,Red Bull Racing,0 days 01:06:02.069000,,1,22.0,,,False,True
0 days 01:08:32.125000,HAD,6,0 days 00:01:15.026000,16.0,3.0,NaT,NaT,0 days 00:00:21.405000,0 days 00:00:23.670000,0 days 00:00:29.951000,0 days 01:07:38.552000,0 days 01:08:02.222000,0 days 01:08:32.173000,244.0,279.0,290.0,309.0,False,SOFT,12.0,False,Red Bull Racing,0 days 01:07:17.099000,,1,22.0,,,False,True
0 days 01:09:47.382000,HAD,6,0 days 00:01:15.257000,17.0,3.0,NaT,NaT,0 days 00:00:21.396000,0 days 00:00:23.894000,0 days 00:00:29.967000,0 days 01:08:53.569000,0 days 01:09:17.463000,0 days 01:09:47.430000,246.0,282.0,293.0,306.0,False,SOFT,13.0,False,Red Bull Racing,0 days 01:08:32.125000,,1,21.0,,,False,True
0 days 01:11:02.543000,HAD,6,0 days 00:01:15.161000,18.0,3.0,NaT,NaT,0 days 00:00:21.332000,0 days 00:00:23.729000,0 days 00:00:30.100000,0 days 01:10:08.762000,0 days 01:10:32.491000,0 days 01:11:02.591000,244.0,282.0,291.0,307.0,False,SOFT,14.0,False,Red Bull Racing,0 days 01:09:47.382000,,1,21.0,,,False,True
0 days 01:12:17.762000,HAD,6,0 days 00:01:15.219000,19.0,3.0,NaT,NaT,0 days 00:00:21.306000,0 days 00:00:23.796000,0 days 00:00:30.117000,0 days 01:11:23.897000,0 days 01:11:47.693000,0 days 01:12:17.810000,245.0,284.0,292.0,315.0,False,SOFT,15.0,False,Red Bull Racing,0 days 01:11:02.543000,,1,21.0,,,False,True
0 days 01:13:33.938000,HAD,6,0 days 00:01:16.176000,20.0,3.0,NaT,NaT,0 days 00:00:21.885000,0 days 00:00:24.057000,0 days 00:00:30.234000,0 days 01:12:39.695000,0 days 01:13:03.752000,0 days 01:13:33.986000,245.0,288.0,289.0,324.0,False,SOFT,16.0,False,Red Bull Racing,0 days 01:12:17.762000,,1,21.0,,,False,True
0 days 00:45:56.077000,ALO,14,NaT,1.0,1.0,NaT,NaT,NaT,0 days 00:00:26.849000,0 days 00:00:32.093000,NaT,0 days 00:45:24.134000,0 days 00:45:56.081000,218.0,278.0,281.0,322.0,False,MEDIUM,5.0,False,Aston Martin,0 days 00:44:24.605000,,1,14.0,,,False,False
0 days 00:47:15.038000,ALO,14,0 days 00:01:18.961000,2.0,1.0,NaT,NaT,0 days 00:00:23.147000,0 days 00:00:25.106000,0 days 00:00:30.708000,0 days 00:46:19.228000,0 days 00:46:44.334000,0 days 00:47:15.042000,239.0,272.0,277.0,318.0,True,MEDIUM,6.0,False,Aston Martin,0 days 00:45:56.077000,,1,14.0,,,False,True
0 days 00:48:33.667000,ALO,14,0 days 00:01:18.629000,3.0,1.0,NaT,NaT,0 days 00:00:22.543000,0 days 00:00:24.952000,0 days 00:00:31.134000,0 days 00:47:37.585000,0 days 00:48:02.537000,0 days 00:48:33.671000,238.0,271.0,282.0,317.0,True,MEDIUM,7.0,False,Aston Martin,0 days 00:47:15.038000,,1,15.0,,,False,True
0 days 00:49:52.109000,ALO,14,0 days 00:01:18.442000,4.0,1.0,NaT,NaT,0 days 00:00:22.687000,0 days 00:00:24.879000,0 days 00:00:30.876000,0 days 00:48:56.358000,0 days 00:49:21.237000,0 days 00:49:52.113000,239.0,273.0,281.0,317.0,True,MEDIUM,8.0,False,Aston Martin,0 days 00:48:33.667000,,1,16.0,,,False,True
0 days 00:51:09.818000,ALO,14,0 days 00:01:17.709000,5.0,1.0,NaT,NaT,0 days 00:00:22.437000,0 days 00:00:24.722000,0 days 00:00:30.550000,0 days 00:50:14.550000,0 days 00:50:39.272000,0 days 00:51:09.822000,241.0,275.0,277.0,318.0,True,MEDIUM,9.0,False,Aston Martin,0 days 00:49:52.109000,,1,15.0,,,False,True
0 days 00:52:28.064000,ALO,14,0 days 00:01:18.246000,6.0,1.0,NaT,NaT,0 days 00:00:22.305000,0 days 00:00:24.911000,0 days 00:00:31.030000,0 days 00:51:32.127000,0 days 00:51:57.038000,0 days 00:52:28.068000,238.0,270.0,275.0,303.0,False,MEDIUM,10.0,False,Aston Martin,0 days 00:51:09.818000,,1,16.0,,,False,True
0 days 00:53:46.481000,ALO,14,0 days 00:01:18.417000,7.0,1.0,NaT,NaT,0 days 00:00:22.490000,0 days 00:00:24.931000,0 days 00:00:30.996000,0 days 00:52:50.558000,0 days 00:53:15.489000,0 days 00:53:46.485000,236.0,269.0,281.0,328.0,False,MEDIUM,11.0,False,Aston Martin,0 days 00:52:28.064000,,1,17.0,,,False,True
0 days 00:55:04.024000,ALO,14,0 days 00:01:17.543000,8.0,1.0,NaT,NaT,0 days 00:00:22.405000,0 days 00:00:24.730000,0 days 00:00:30.408000,0 days 00:54:08.890000,0 days 00:54:33.620000,0 days 00:55:04.028000,242.0,274.0,277.0,318.0,True,MEDIUM,12.0,False,Aston Martin,0 days 00:53:46.481000,,1,17.0,,,False,True
0 days 00:56:22.046000,ALO,14,0 days 00:01:18.022000,9.0,1.0,NaT,NaT,0 days 00:00:22.383000,0 days 00:00:24.887000,0 days 00:00:30.752000,0 days 00:55:26.411000,0 days 00:55:51.298000,0 days 00:56:22.050000,239.0,270.0,275.0,305.0,False,MEDIUM,13.0,False,Aston Martin,0 days 00:55:04.024000,,1,17.0,,,False,True
0 days 00:57:39.719000,ALO,14,0 days 00:01:17.673000,10.0,1.0,NaT,NaT,0 days 00:00:22.235000,0 days 00:00:24.826000,0 days 00:00:30.612000,0 days 00:56:44.285000,0 days 00:57:09.111000,0 days 00:57:39.723000,243.0,271.0,268.0,313.0,False,MEDIUM,14.0,False,Aston Martin,0 days 00:56:22.046000,,1,17.0,,,False,True
0 days 00:58:58.605000,ALO,14,0 days 00:01:18.886000,11.0,1.0,NaT,NaT,0 days 00:00:22.572000,0 days 00:00:25.105000,0 days 00:00:31.209000,0 days 00:58:02.295000,0 days 00:58:27.400000,0 days 00:58:58.609000,237.0,265.0,276.0,311.0,False,MEDIUM,15.0,False,Aston Martin,0 days 00:57:39.719000,,1,18.0,,,False,True
0 days 01:00:16.854000,ALO,14,0 days 00:01:18.249000,12.0,1.0,NaT,NaT,0 days 00:00:22.652000,0 days 00:00:25.051000,0 days 00:00:30.546000,0 days 00:59:21.261000,0 days 00:59:46.312000,0 days 01:00:16.858000,240.0,270.0,273.0,328.0,False,MEDIUM,16.0,False,Aston Martin,0 days 00:58:58.605000,,1,18.0,,,False,True
0 days 01:01:35.287000,ALO,14,0 days 00:01:18.433000,13.0,1.0,NaT,NaT,0 days 00:00:22.330000,0 days 00:00:24.925000,0 days 00:00:31.178000,0 days 01:00:39.188000,0 days 01:01:04.113000,0 days 01:01:35.291000,242.0,271.0,270.0,314.0,False,MEDIUM,17.0,False,Aston Martin,0 days 01:00:16.854000,,1,19.0,,,False,True
0 days 01:02:54.546000,ALO,14,0 days 00:01:19.259000,14.0,1.0,NaT,NaT,0 days 00:00:22.912000,0 days 00:00:25.055000,0 days 00:00:31.292000,0 days 01:01:58.203000,0 days 01:02:23.258000,0 days 01:02:54.550000,240.0,271.0,267.0,319.0,False,MEDIUM,18.0,False,Aston Martin,0 days 01:01:35.287000,,1,18.0,,,False,True
0 days 01:04:31.184000,ALO,14,0 days 00:01:36.638000,15.0,1.0,NaT,0 days 01:04:08.050000,0 days 00:00:22.891000,0 days 00:00:25.429000,0 days 00:00:48.318000,0 days 01:03:17.441000,0 days 01:03:42.870000,0 days 01:04:31.188000,239.0,268.0,,311.0,False,MEDIUM,19.0,False,Aston Martin,0 days 01:02:54.546000,,1,21.0,,,False,False
0 days 01:05:58.836000,ALO,14,NaT,16.0,2.0,0 days 01:04:32.816000,0 days 01:05:58.840000,0 days 00:00:31.904000,0 days 00:00:26.364000,NaT,0 days 01:05:03.257000,0 days 01:05:29.657000,NaT,226.0,269.0,,276.0,False,HARD,8.0,False,Aston Martin,0 days 01:04:31.184000,,12,21.0,,,False,False
